! AeroDyn v15 airfoil data file
! Generated from airfoilprep.py modified by D. Kim (Mar 14th, 2022) 
! start all comment lines with ! 
! ------------------------------------------------------------------------------
"DEFAULT"       InterpOrd    ! Interpolation order to use for quasi-steady table lookup {1=linear; 3=cubic spline; "default"} [default=1]
! ------------------------------------------------------------------------------
! 0.20          RelThickness ! The non-dimensional thickness of the airfoil (thickness/chord) [only used if UAMod=7] [default=0.2] (-)
  1             NonDimArea   ! The non-dimensional area of the airfoil (area/chord^2) (set to 1.0 if unsure or unneeded)
  103           NumCoords    ! The number of coordinates in the airfoil shape file (including an extra coordinate for airfoil reference).
! ......... x-y coordinates are next if NumCoords > 0 .............
! x-y coordinate of airfoil reference
!  x/c        y/c
  0.25       0
! Airfoil: 
!  x/c        y/c
1.0012967 -0.0266513
0.9808509 -0.0216420
0.9604315 -0.0165110
0.9399222 -0.0117744
0.9192388 -0.0078603
0.8983627 -0.0051923
0.8773446 -0.0041021
0.8563021 -0.0044817
0.8353095 -0.0059886
0.8143974 -0.0084316
0.7936036 -0.0117138
0.7729420 -0.0157347
0.7524130 -0.0203991
0.7320159 -0.0256065
0.7117429 -0.0312589
0.6915708 -0.0372642
0.6714757 -0.0435358
0.6514338 -0.0499888
0.6314227 -0.0565411
0.6114228 -0.0631193
0.5914071 -0.0696493
0.5713543 -0.0760693
0.5512469 -0.0823109
0.5310709 -0.0883156
0.5108122 -0.0940245
0.4904601 -0.0993910
0.4700027 -0.1043640
0.4494390 -0.1088960
0.4287766 -0.1129456
0.4080232 -0.1164717
0.3871870 -0.1194369
0.3662758 -0.1218047
0.3452970 -0.1235337
0.3242690 -0.1245511
0.3032212 -0.1247906
0.2821814 -0.1241738
0.2611856 -0.1226575
0.2402789 -0.1202075
0.2195023 -0.1168288
0.1988955 -0.1125341
0.1784956 -0.1073427
0.1583384 -0.1012758
0.1384624 -0.0943405
0.1189151 -0.0865295
0.0997584 -0.0778095
0.0810670 -0.0681113
0.0629803 -0.0573346
0.0457097 -0.0453279
0.0295683 -0.0318228
0.0152052 -0.0164650
0.0038830 0.0012327
-0.0013000 0.0214651
0.0038944 0.0416640
0.0154515 0.0591834
0.0300946 0.0743028
0.0465360 0.0874350
0.0641522 0.0989491
0.0825856 0.1091100
0.1016120 0.1181009
0.1210946 0.1260729
0.1409288 0.1331357
0.1610320 0.1393744
0.1813548 0.1448612
0.2018561 0.1496452
0.2224976 0.1537684
0.2432547 0.1572543
0.2641071 0.1601256
0.2850360 0.1623951
0.3060227 0.1640739
0.3270472 0.1651813
0.3480903 0.1657696
0.3691397 0.1658258
0.3901856 0.1654159
0.4112181 0.1645313
0.4322275 0.1631861
0.4532047 0.1614010
0.4741401 0.1591903
0.4950283 0.1565952
0.5158695 0.1536469
0.5366668 0.1503906
0.5574223 0.1468638
0.5781398 0.1431122
0.5988202 0.1391665
0.6194671 0.1350596
0.6400850 0.1308104
0.6606774 0.1264388
0.6812478 0.1219628
0.7017973 0.1173903
0.7223278 0.1127339
0.7428422 0.1080080
0.7633420 0.1032199
0.7838298 0.0983805
0.8043077 0.0934994
0.8247783 0.0885869
0.8452430 0.0836505
0.8657044 0.0787001
0.8861645 0.0737448
0.9066239 0.0687864
0.9270822 0.0638235
0.9475319 0.0588255
0.9678588 0.0533667
0.9856281 0.0425555
! ------------------------------------------------------------------------------
"unused"        BL_file      ! The file name including the boundary layer characteristics of the profile. Unused if the aeroacoustic module is not called.
  11        	NumTabs      ! Number of airfoil tables in this file.
! ------------------------------------------------------------------------------
! data for table	1         
! ------------------------------------------------------------------------------
  0.200000  	Re           ! Reynolds number in millions
  0.000000  	UserProp     ! User property (control) setting
Flase           InclUAdata   ! Is unsteady aerodynamics data included in this table? If TRUE, then include UA coefficients below this line. Any missing coefficients will be calculated internally.
! Table of aerodynamics coefficients
  361       	NumAlf       ! Number of data lines in the following table
!Alpha      Cl          Cd          Cm/Cp
!(deg)      (-)         (-)         (-)
-180.000000	0.000000  	0.001000  	-7.400200 
-179.000000	0.049096  	0.001000  	-7.400200 
-178.000000	0.098192  	0.001000  	-7.400200 
-177.000000	0.147288  	0.001000  	-7.400200 
-176.000000	0.196384  	0.001000  	-7.400200 
-175.000000	0.245480  	0.001000  	-7.400200 
-174.000000	0.294576  	0.001000  	-7.400200 
-173.000000	0.343671  	0.001000  	-7.400200 
-172.000000	0.392767  	0.001000  	-7.400200 
-171.000000	0.441863  	0.001000  	-7.400200 
-170.000000	0.490959  	0.001638  	-7.400200 
-169.000000	0.540055  	0.003424  	-7.400200 
-168.000000	0.589151  	0.008967  	-7.400200 
-167.000000	0.638247  	0.019519  	-7.400200 
-166.000000	0.687343  	0.030820  	-7.400200 
-165.000000	0.736439  	0.042868  	-7.400200 
-164.000000	0.785535  	0.055740  	-7.400200 
-163.000000	0.834631  	0.069230  	-7.400200 
-162.000000	0.883727  	0.083607  	-7.400200 
-161.000000	0.932823  	0.098478  	-7.400200 
-160.000000	0.981919  	0.114289  	-7.400200 
-159.000000	1.031014  	0.130474  	-7.400200 
-158.000000	1.080110  	0.147637  	-7.400200 
-157.000000	1.129206  	0.165065  	-7.400200 
-156.000000	1.178302  	0.183493  	-7.400200 
-155.000000	1.227398  	0.202086  	-7.400200 
-154.000000	1.276494  	0.221684  	-7.400200 
-153.000000	1.325590  	0.241360  	-7.400200 
-152.000000	1.292327  	0.262624  	-7.400200 
-151.000000	1.259063  	0.283888  	-7.400200 
-150.000000	1.225800  	0.305152  	-7.400200 
-149.000000	1.192536  	0.326416  	-7.400200 
-148.000000	1.162769  	0.348581  	-7.400200 
-147.000000	1.136498  	0.371646  	-7.400200 
-146.000000	1.110227  	0.394710  	-7.400200 
-145.000000	1.083956  	0.417775  	-7.400200 
-144.000000	1.057685  	0.440840  	-7.400200 
-143.000000	1.035319  	0.465147  	-7.400200 
-142.000000	1.012954  	0.489455  	-7.400200 
-141.000000	0.990588  	0.513762  	-7.400200 
-140.000000	0.968222  	0.538069  	-7.400200 
-139.000000	0.946893  	0.562703  	-7.400200 
-138.000000	0.926600  	0.587665  	-7.400200 
-137.000000	0.906307  	0.612626  	-7.400200 
-136.000000	0.886014  	0.637588  	-7.400200 
-135.000000	0.865721  	0.662550  	-7.400200 
-134.000000	0.846383  	0.687562  	-7.400200 
-133.000000	0.827044  	0.712575  	-7.400200 
-132.000000	0.807705  	0.737588  	-7.400200 
-131.000000	0.788367  	0.762601  	-7.400200 
-130.000000	0.769168  	0.787338  	-7.400200 
-129.000000	0.750109  	0.811799  	-7.400200 
-128.000000	0.731050  	0.836259  	-7.400200 
-127.000000	0.711990  	0.860720  	-7.400200 
-126.000000	0.692931  	0.885181  	-7.400200 
-125.000000	0.673774  	0.908501  	-7.400200 
-124.000000	0.654617  	0.931821  	-7.400200 
-123.000000	0.635460  	0.955141  	-7.400200 
-122.000000	0.616303  	0.978460  	-7.400200 
-121.000000	0.597014  	1.000930  	-7.400200 
-120.000000	0.577593  	1.022549  	-7.400200 
-119.000000	0.558172  	1.044167  	-7.400200 
-118.000000	0.538751  	1.065786  	-7.400200 
-117.000000	0.519330  	1.087405  	-7.400200 
-116.000000	0.499636  	1.106805  	-7.400200 
-115.000000	0.479943  	1.126206  	-7.400200 
-114.000000	0.460249  	1.145606  	-7.400200 
-113.000000	0.440555  	1.165007  	-7.400200 
-112.000000	0.420781  	1.183067  	-7.400200 
-111.000000	0.400927  	1.199786  	-7.400200 
-110.000000	0.381073  	1.216506  	-7.400200 
-109.000000	0.361219  	1.233226  	-7.400200 
-108.000000	0.341365  	1.249945  	-7.400200 
-107.000000	0.321559  	1.263589  	-7.400200 
-106.000000	0.301752  	1.277232  	-7.400200 
-105.000000	0.281945  	1.290876  	-7.400200 
-104.000000	0.262138  	1.304519  	-7.400200 
-103.000000	0.242496  	1.316464  	-7.400200 
-102.000000	0.223018  	1.326712  	-7.400200 
-101.000000	0.203540  	1.336959  	-7.400200 
-100.000000	0.184062  	1.347207  	-7.400200 
-99.000000	0.164583  	1.357454  	-7.400200 
-98.000000	0.145772  	1.364070  	-7.400200 
-97.000000	0.126961  	1.370686  	-7.400200 
-96.000000	0.108150  	1.377302  	-7.400200 
-95.000000	0.089339  	1.383918  	-7.400200 
-94.000000	0.071052  	1.388646  	-7.400200 
-93.000000	0.053289  	1.391484  	-7.400200 
-92.000000	0.035526  	1.394323  	-7.400200 
-91.000000	0.017763  	1.397161  	-7.400200 
-90.000000	0.000000  	1.400000  	-7.400200 
-89.000000	-0.017763 	1.397161  	-7.400200 
-88.000000	-0.035526 	1.394323  	-7.400200 
-87.000000	-0.053289 	1.391484  	-7.400200 
-86.000000	-0.071052 	1.388646  	-7.400200 
-85.000000	-0.089339 	1.383918  	-7.400200 
-84.000000	-0.108150 	1.377302  	-7.400200 
-83.000000	-0.126961 	1.370686  	-7.400200 
-82.000000	-0.145772 	1.364070  	-7.400200 
-81.000000	-0.164583 	1.357454  	-7.400200 
-80.000000	-0.184062 	1.347207  	-7.400200 
-79.000000	-0.203540 	1.336959  	-7.400200 
-78.000000	-0.223018 	1.326712  	-7.400200 
-77.000000	-0.242496 	1.316464  	-7.400200 
-76.000000	-0.262138 	1.304519  	-7.400200 
-75.000000	-0.281945 	1.290876  	-7.400200 
-74.000000	-0.301752 	1.277232  	-7.400200 
-73.000000	-0.321559 	1.263589  	-7.400200 
-72.000000	-0.341365 	1.249945  	-7.400200 
-71.000000	-0.361219 	1.233226  	-7.400200 
-70.000000	-0.381073 	1.216506  	-7.400200 
-69.000000	-0.400927 	1.199786  	-7.400200 
-68.000000	-0.420781 	1.183067  	-7.400200 
-67.000000	-0.440555 	1.165007  	-7.400200 
-66.000000	-0.460249 	1.145606  	-7.400200 
-65.000000	-0.479943 	1.126206  	-7.400200 
-64.000000	-0.499636 	1.106805  	-7.400200 
-63.000000	-0.519330 	1.087405  	-7.400200 
-62.000000	-0.538751 	1.065786  	-7.400200 
-61.000000	-0.558172 	1.044167  	-7.400200 
-60.000000	-0.577593 	1.022549  	-7.400200 
-59.000000	-0.597014 	1.000930  	-7.400200 
-58.000000	-0.616303 	0.978460  	-7.400200 
-57.000000	-0.635460 	0.955141  	-7.400200 
-56.000000	-0.654617 	0.931821  	-7.400200 
-55.000000	-0.673774 	0.908501  	-7.400200 
-54.000000	-0.692931 	0.885181  	-7.400200 
-53.000000	-0.711990 	0.860720  	-7.400200 
-52.000000	-0.731050 	0.836259  	-7.400200 
-51.000000	-0.750109 	0.811799  	-7.400200 
-50.000000	-0.769168 	0.787338  	-7.400200 
-49.000000	-0.788367 	0.762601  	-7.400200 
-48.000000	-0.807705 	0.737588  	-7.400200 
-47.000000	-0.827044 	0.712575  	-7.400200 
-46.000000	-0.846383 	0.687562  	-7.400200 
-45.000000	-0.865721 	0.662550  	-7.400200 
-44.000000	-0.886014 	0.637588  	-7.400200 
-43.000000	-0.906307 	0.612626  	-7.400200 
-42.000000	-0.926600 	0.587665  	-7.400200 
-41.000000	-0.946893 	0.562703  	-7.400200 
-40.000000	-0.968222 	0.538069  	-7.400200 
-39.000000	-0.990588 	0.513762  	-7.400200 
-38.000000	-1.012954 	0.489455  	-7.400200 
-37.000000	-1.035319 	0.465147  	-7.400200 
-36.000000	-1.057685 	0.440840  	-7.400200 
-35.000000	-1.083956 	0.417775  	-7.400200 
-34.000000	-1.110227 	0.394710  	-7.400200 
-33.000000	-1.136498 	0.371646  	-7.400200 
-32.000000	-1.162769 	0.348581  	-7.400200 
-31.000000	-1.192536 	0.326416  	-7.400200 
-30.000000	-1.225800 	0.305152  	-7.400200 
-29.000000	-1.259063 	0.283888  	-7.400200 
-28.000000	-1.292327 	0.262624  	-7.400200 
-27.000000	-1.325590 	0.241360  	-7.400200 
-26.000000	-1.265038 	0.232644  	-7.400200 
-25.000000	-1.204485 	0.223927  	-7.400200 
-24.000000	-1.143933 	0.215211  	-7.400200 
-23.000000	-1.083381 	0.206494  	-7.400200 
-22.000000	-1.022828 	0.197778  	-7.400200 
-21.000000	-0.962276 	0.189061  	-7.400200 
-20.000000	-0.901724 	0.180345  	-7.400200 
-19.000000	-0.841171 	0.171628  	-7.400200 
-18.000000	-0.780619 	0.162912  	-7.400200 
-17.000000	-0.720066 	0.154195  	-7.400200 
-16.000000	-0.659514 	0.145479  	-7.400200 
-15.000000	-0.598962 	0.136762  	-7.400200 
-14.000000	-0.538409 	0.128046  	-7.400200 
-13.000000	-0.477857 	0.119329  	-7.400200 
-12.000000	-0.417305 	0.110613  	-6.304035 
-11.000000	-0.356752 	0.101896  	-3.746318 
-10.000000	-0.296200 	0.093180  	-1.188600 
-9.000000 	-0.155000 	0.081510  	-1.089000 
-8.000000 	-0.044600 	0.073940  	-1.011800 
-7.000000 	-0.007800 	0.066730  	-1.004600 
-6.000000 	0.002200  	0.058560  	-1.032900 
-5.000000 	0.055100  	0.051340  	-1.027400 
-4.000000 	0.149700  	0.045410  	-0.988100 
-3.000000 	0.276300  	0.040880  	-0.972900 
-2.000000 	0.421500  	0.037590  	-1.073200 
-1.000000 	0.534800  	0.038110  	-1.164100 
0.000000  	0.681100  	0.036260  	-1.275300 
1.000000  	0.825900  	0.035120  	-1.394800 
2.000000  	0.968400  	0.034430  	-1.523600 
3.000000  	1.110100  	0.033960  	-1.670000 
4.000000  	1.248500  	0.033750  	-1.840100 
5.000000  	1.373300  	0.033780  	-2.028200 
6.000000  	1.500000  	0.033840  	-2.251500 
7.000000  	1.610300  	0.034200  	-2.497500 
8.000000  	1.684800  	0.035230  	-2.739600 
9.000000  	1.762400  	0.036580  	-3.013500 
10.000000 	1.794500  	0.039780  	-3.269800 
11.000000 	1.812000  	0.045960  	-3.522900 
12.000000 	1.792700  	0.055330  	-3.712300 
13.000000 	1.781500  	0.068390  	-3.907500 
14.000000 	1.759300  	0.082420  	-4.083000 
15.000000 	1.750700  	0.096970  	-4.288800 
16.000000 	1.752100  	0.110710  	-4.516700 
17.000000 	1.755000  	0.123560  	-4.738800 
18.000000 	1.769700  	0.136000  	-5.022000 
19.000000 	1.780900  	0.148800  	-5.276500 
20.000000 	1.794200  	0.160700  	-5.546700 
21.000000 	1.817900  	0.170950  	-5.877700 
22.000000 	1.827600  	0.184290  	-6.111900 
23.000000 	1.846600  	0.195060  	-6.402300 
24.000000 	1.873200  	0.203740  	-6.751800 
25.000000 	1.880600  	0.216350  	-6.975700 
26.000000 	1.891800  	0.227950  	-7.203300 
27.000000 	1.893700  	0.241360  	-7.400200 
28.000000 	1.846181  	0.262624  	-7.400200 
29.000000 	1.798662  	0.283888  	-7.400200 
30.000000 	1.751143  	0.305152  	-7.400200 
31.000000 	1.703623  	0.326416  	-7.400200 
32.000000 	1.661099  	0.348581  	-7.400200 
33.000000 	1.623569  	0.371646  	-7.400200 
34.000000 	1.586039  	0.394710  	-7.400200 
35.000000 	1.548509  	0.417775  	-7.400200 
36.000000 	1.510979  	0.440840  	-7.400200 
37.000000 	1.479028  	0.465147  	-7.400200 
38.000000 	1.447077  	0.489455  	-7.400200 
39.000000 	1.415126  	0.513762  	-7.400200 
40.000000 	1.383175  	0.538069  	-7.400200 
41.000000 	1.352705  	0.562703  	-7.400200 
42.000000 	1.323715  	0.587665  	-7.400200 
43.000000 	1.294725  	0.612626  	-7.400200 
44.000000 	1.265735  	0.637588  	-7.400200 
45.000000 	1.236745  	0.662550  	-7.400200 
46.000000 	1.209118  	0.687562  	-7.400200 
47.000000 	1.181491  	0.712575  	-7.400200 
48.000000 	1.153865  	0.737588  	-7.400200 
49.000000 	1.126238  	0.762601  	-7.400200 
50.000000 	1.098811  	0.787338  	-7.400200 
51.000000 	1.071584  	0.811799  	-7.400200 
52.000000 	1.044356  	0.836259  	-7.400200 
53.000000 	1.017129  	0.860720  	-7.400200 
54.000000 	0.989902  	0.885181  	-7.400200 
55.000000 	0.962535  	0.908501  	-7.400200 
56.000000 	0.935168  	0.931821  	-7.400200 
57.000000 	0.907801  	0.955141  	-7.400200 
58.000000 	0.880433  	0.978460  	-7.400200 
59.000000 	0.852878  	1.000930  	-7.400200 
60.000000 	0.825133  	1.022549  	-7.400200 
61.000000 	0.797389  	1.044167  	-7.400200 
62.000000 	0.769645  	1.065786  	-7.400200 
63.000000 	0.741900  	1.087405  	-7.400200 
64.000000 	0.713766  	1.106805  	-7.400200 
65.000000 	0.685632  	1.126206  	-7.400200 
66.000000 	0.657498  	1.145606  	-7.400200 
67.000000 	0.629364  	1.165007  	-7.400200 
68.000000 	0.601116  	1.183067  	-7.400200 
69.000000 	0.572753  	1.199786  	-7.400200 
70.000000 	0.544390  	1.216506  	-7.400200 
71.000000 	0.516028  	1.233226  	-7.400200 
72.000000 	0.487665  	1.249945  	-7.400200 
73.000000 	0.459369  	1.263589  	-7.400200 
74.000000 	0.431074  	1.277232  	-7.400200 
75.000000 	0.402779  	1.290876  	-7.400200 
76.000000 	0.374483  	1.304519  	-7.400200 
77.000000 	0.346423  	1.316464  	-7.400200 
78.000000 	0.318597  	1.326712  	-7.400200 
79.000000 	0.290771  	1.336959  	-7.400200 
80.000000 	0.262945  	1.347207  	-7.400200 
81.000000 	0.235119  	1.357454  	-7.400200 
82.000000 	0.208246  	1.364070  	-7.400200 
83.000000 	0.181373  	1.370686  	-7.400200 
84.000000 	0.154501  	1.377302  	-7.400200 
85.000000 	0.127628  	1.383918  	-7.400200 
86.000000 	0.101503  	1.388646  	-7.400200 
87.000000 	0.076128  	1.391484  	-7.400200 
88.000000 	0.050752  	1.394323  	-7.400200 
89.000000 	0.025376  	1.397161  	-7.400200 
90.000000 	0.000000  	1.400000  	-7.400200 
91.000000 	-0.017763 	1.397161  	-7.400200 
92.000000 	-0.035526 	1.394323  	-7.400200 
93.000000 	-0.053289 	1.391484  	-7.400200 
94.000000 	-0.071052 	1.388646  	-7.400200 
95.000000 	-0.089339 	1.383918  	-7.400200 
96.000000 	-0.108150 	1.377302  	-7.400200 
97.000000 	-0.126961 	1.370686  	-7.400200 
98.000000 	-0.145772 	1.364070  	-7.400200 
99.000000 	-0.164583 	1.357454  	-7.400200 
100.000000	-0.184062 	1.347207  	-7.400200 
101.000000	-0.203540 	1.336959  	-7.400200 
102.000000	-0.223018 	1.326712  	-7.400200 
103.000000	-0.242496 	1.316464  	-7.400200 
104.000000	-0.262138 	1.304519  	-7.400200 
105.000000	-0.281945 	1.290876  	-7.400200 
106.000000	-0.301752 	1.277232  	-7.400200 
107.000000	-0.321559 	1.263589  	-7.400200 
108.000000	-0.341365 	1.249945  	-7.400200 
109.000000	-0.361219 	1.233226  	-7.400200 
110.000000	-0.381073 	1.216506  	-7.400200 
111.000000	-0.400927 	1.199786  	-7.400200 
112.000000	-0.420781 	1.183067  	-7.400200 
113.000000	-0.440555 	1.165007  	-7.400200 
114.000000	-0.460249 	1.145606  	-7.400200 
115.000000	-0.479943 	1.126206  	-7.400200 
116.000000	-0.499636 	1.106805  	-7.400200 
117.000000	-0.519330 	1.087405  	-7.400200 
118.000000	-0.538751 	1.065786  	-7.400200 
119.000000	-0.558172 	1.044167  	-7.400200 
120.000000	-0.577593 	1.022549  	-7.400200 
121.000000	-0.597014 	1.000930  	-7.400200 
122.000000	-0.616303 	0.978460  	-7.400200 
123.000000	-0.635460 	0.955141  	-7.400200 
124.000000	-0.654617 	0.931821  	-7.400200 
125.000000	-0.673774 	0.908501  	-7.400200 
126.000000	-0.692931 	0.885181  	-7.400200 
127.000000	-0.711990 	0.860720  	-7.400200 
128.000000	-0.731050 	0.836259  	-7.400200 
129.000000	-0.750109 	0.811799  	-7.400200 
130.000000	-0.769168 	0.787338  	-7.400200 
131.000000	-0.788367 	0.762601  	-7.400200 
132.000000	-0.807705 	0.737588  	-7.400200 
133.000000	-0.827044 	0.712575  	-7.400200 
134.000000	-0.846383 	0.687562  	-7.400200 
135.000000	-0.865721 	0.662550  	-7.400200 
136.000000	-0.886014 	0.637588  	-7.400200 
137.000000	-0.906307 	0.612626  	-7.400200 
138.000000	-0.926600 	0.587665  	-7.400200 
139.000000	-0.946893 	0.562703  	-7.400200 
140.000000	-0.968222 	0.538069  	-7.400200 
141.000000	-0.990588 	0.513762  	-7.400200 
142.000000	-1.012954 	0.489455  	-7.400200 
143.000000	-1.035319 	0.465147  	-7.400200 
144.000000	-1.057685 	0.440840  	-7.400200 
145.000000	-1.083956 	0.417775  	-7.400200 
146.000000	-1.110227 	0.394710  	-7.400200 
147.000000	-1.136498 	0.371646  	-7.400200 
148.000000	-1.162769 	0.348581  	-7.400200 
149.000000	-1.192536 	0.326416  	-7.400200 
150.000000	-1.225800 	0.305152  	-7.400200 
151.000000	-1.259063 	0.283888  	-7.400200 
152.000000	-1.292327 	0.262624  	-7.400200 
153.000000	-1.325590 	0.241360  	-7.400200 
154.000000	-1.276494 	0.221684  	-7.400200 
155.000000	-1.227398 	0.202086  	-7.400200 
156.000000	-1.178302 	0.183493  	-7.400200 
157.000000	-1.129206 	0.165065  	-7.400200 
158.000000	-1.080110 	0.147637  	-7.400200 
159.000000	-1.031014 	0.130474  	-7.400200 
160.000000	-0.981919 	0.114289  	-7.400200 
161.000000	-0.932823 	0.098478  	-7.400200 
162.000000	-0.883727 	0.083607  	-7.400200 
163.000000	-0.834631 	0.069230  	-7.400200 
164.000000	-0.785535 	0.055740  	-7.400200 
165.000000	-0.736439 	0.042868  	-7.400200 
166.000000	-0.687343 	0.030820  	-7.400200 
167.000000	-0.638247 	0.019519  	-7.400200 
168.000000	-0.589151 	0.008967  	-7.400200 
169.000000	-0.540055 	0.003424  	-7.400200 
170.000000	-0.490959 	0.001638  	-7.400200 
171.000000	-0.441863 	0.001000  	-7.400200 
172.000000	-0.392767 	0.001000  	-7.400200 
173.000000	-0.343671 	0.001000  	-7.400200 
174.000000	-0.294576 	0.001000  	-7.400200 
175.000000	-0.245480 	0.001000  	-7.400200 
176.000000	-0.196384 	0.001000  	-7.400200 
177.000000	-0.147288 	0.001000  	-7.400200 
178.000000	-0.098192 	0.001000  	-7.400200 
179.000000	-0.049096 	0.001000  	-7.400200 
180.000000	0.000000  	0.001000  	-7.400200 
! ------------------------------------------------------------------------------
! data for table	2         
! ------------------------------------------------------------------------------
  0.300000  	Re           ! Reynolds number in millions
  0.000000  	UserProp     ! User property (control) setting
Flase           InclUAdata   ! Is unsteady aerodynamics data included in this table? If TRUE, then include UA coefficients below this line. Any missing coefficients will be calculated internally.
! Table of aerodynamics coefficients
  361       	NumAlf       ! Number of data lines in the following table
!Alpha      Cl          Cd          Cm/Cp
!(deg)      (-)         (-)         (-)
-180.000000	0.000000  	0.001000  	-7.908600 
-179.000000	0.045934  	0.001000  	-7.908600 
-178.000000	0.091869  	0.001000  	-7.908600 
-177.000000	0.137803  	0.001000  	-7.908600 
-176.000000	0.183738  	0.001000  	-7.908600 
-175.000000	0.229672  	0.001000  	-7.908600 
-174.000000	0.275607  	0.001000  	-7.908600 
-173.000000	0.321541  	0.001000  	-7.908600 
-172.000000	0.367476  	0.001000  	-7.908600 
-171.000000	0.413410  	0.001000  	-7.908600 
-170.000000	0.459345  	0.001000  	-7.908600 
-169.000000	0.505279  	0.002194  	-7.908600 
-168.000000	0.551214  	0.004053  	-7.908600 
-167.000000	0.597148  	0.011314  	-7.908600 
-166.000000	0.643083  	0.022627  	-7.908600 
-165.000000	0.689017  	0.034731  	-7.908600 
-164.000000	0.734952  	0.047626  	-7.908600 
-163.000000	0.780886  	0.061171  	-7.908600 
-162.000000	0.826821  	0.075582  	-7.908600 
-161.000000	0.872755  	0.090509  	-7.908600 
-160.000000	0.918690  	0.106361  	-7.908600 
-159.000000	0.964624  	0.122603  	-7.908600 
-158.000000	1.010559  	0.139816  	-7.908600 
-157.000000	1.056493  	0.157302  	-7.908600 
-156.000000	1.102428  	0.175788  	-7.908600 
-155.000000	1.148362  	0.194441  	-7.908600 
-154.000000	1.194297  	0.214104  	-7.908600 
-153.000000	1.240231  	0.233843  	-7.908600 
-152.000000	1.286166  	0.254581  	-7.908600 
-151.000000	1.332100  	0.275320  	-7.908600 
-150.000000	1.298825  	0.297500  	-7.908600 
-149.000000	1.265551  	0.319679  	-7.908600 
-148.000000	1.232276  	0.341859  	-7.908600 
-147.000000	1.199002  	0.364039  	-7.908600 
-146.000000	1.169615  	0.387205  	-7.908600 
-145.000000	1.142388  	0.410919  	-7.908600 
-144.000000	1.115161  	0.434633  	-7.908600 
-143.000000	1.087934  	0.458347  	-7.908600 
-142.000000	1.061709  	0.482346  	-7.908600 
-141.000000	1.037990  	0.507058  	-7.908600 
-140.000000	1.014270  	0.531770  	-7.908600 
-139.000000	0.990551  	0.556482  	-7.908600 
-138.000000	0.966832  	0.581194  	-7.908600 
-137.000000	0.944924  	0.606313  	-7.908600 
-136.000000	0.923155  	0.631464  	-7.908600 
-135.000000	0.901386  	0.656614  	-7.908600 
-134.000000	0.879618  	0.681765  	-7.908600 
-133.000000	0.858410  	0.706843  	-7.908600 
-132.000000	0.837623  	0.731865  	-7.908600 
-131.000000	0.816835  	0.756887  	-7.908600 
-130.000000	0.796048  	0.781909  	-7.908600 
-129.000000	0.775344  	0.806782  	-7.908600 
-128.000000	0.754947  	0.831112  	-7.908600 
-127.000000	0.734550  	0.855442  	-7.908600 
-126.000000	0.714153  	0.879771  	-7.908600 
-125.000000	0.693756  	0.904101  	-7.908600 
-124.000000	0.673410  	0.927368  	-7.908600 
-123.000000	0.653072  	0.950458  	-7.908600 
-122.000000	0.632734  	0.973548  	-7.908600 
-121.000000	0.612396  	0.996639  	-7.908600 
-120.000000	0.592017  	1.018850  	-7.908600 
-119.000000	0.571595  	1.040184  	-7.908600 
-118.000000	0.551174  	1.061517  	-7.908600 
-117.000000	0.530753  	1.082850  	-7.908600 
-116.000000	0.510319  	1.103865  	-7.908600 
-115.000000	0.489814  	1.122965  	-7.908600 
-114.000000	0.469308  	1.142065  	-7.908600 
-113.000000	0.448803  	1.161165  	-7.908600 
-112.000000	0.428297  	1.180265  	-7.908600 
-111.000000	0.407812  	1.197278  	-7.908600 
-110.000000	0.387332  	1.213721  	-7.908600 
-109.000000	0.366852  	1.230164  	-7.908600 
-108.000000	0.346373  	1.246607  	-7.908600 
-107.000000	0.325988  	1.261757  	-7.908600 
-106.000000	0.305730  	1.275180  	-7.908600 
-105.000000	0.285472  	1.288604  	-7.908600 
-104.000000	0.265214  	1.302028  	-7.908600 
-103.000000	0.244990  	1.315216  	-7.908600 
-102.000000	0.225218  	1.325328  	-7.908600 
-101.000000	0.205446  	1.335441  	-7.908600 
-100.000000	0.185674  	1.345553  	-7.908600 
-99.000000	0.165902  	1.355666  	-7.908600 
-98.000000	0.146703  	1.363259  	-7.908600 
-97.000000	0.127734  	1.369846  	-7.908600 
-96.000000	0.108765  	1.376432  	-7.908600 
-95.000000	0.089796  	1.383018  	-7.908600 
-94.000000	0.071240  	1.388296  	-7.908600 
-93.000000	0.053430  	1.391222  	-7.908600 
-92.000000	0.035620  	1.394148  	-7.908600 
-91.000000	0.017810  	1.397074  	-7.908600 
-90.000000	0.000000  	1.400000  	-7.908600 
-89.000000	-0.017810 	1.397074  	-7.908600 
-88.000000	-0.035620 	1.394148  	-7.908600 
-87.000000	-0.053430 	1.391222  	-7.908600 
-86.000000	-0.071240 	1.388296  	-7.908600 
-85.000000	-0.089796 	1.383018  	-7.908600 
-84.000000	-0.108765 	1.376432  	-7.908600 
-83.000000	-0.127734 	1.369846  	-7.908600 
-82.000000	-0.146703 	1.363259  	-7.908600 
-81.000000	-0.165902 	1.355666  	-7.908600 
-80.000000	-0.185674 	1.345553  	-7.908600 
-79.000000	-0.205446 	1.335441  	-7.908600 
-78.000000	-0.225218 	1.325328  	-7.908600 
-77.000000	-0.244990 	1.315216  	-7.908600 
-76.000000	-0.265214 	1.302028  	-7.908600 
-75.000000	-0.285472 	1.288604  	-7.908600 
-74.000000	-0.305730 	1.275180  	-7.908600 
-73.000000	-0.325988 	1.261757  	-7.908600 
-72.000000	-0.346373 	1.246607  	-7.908600 
-71.000000	-0.366852 	1.230164  	-7.908600 
-70.000000	-0.387332 	1.213721  	-7.908600 
-69.000000	-0.407812 	1.197278  	-7.908600 
-68.000000	-0.428297 	1.180265  	-7.908600 
-67.000000	-0.448803 	1.161165  	-7.908600 
-66.000000	-0.469308 	1.142065  	-7.908600 
-65.000000	-0.489814 	1.122965  	-7.908600 
-64.000000	-0.510319 	1.103865  	-7.908600 
-63.000000	-0.530753 	1.082850  	-7.908600 
-62.000000	-0.551174 	1.061517  	-7.908600 
-61.000000	-0.571595 	1.040184  	-7.908600 
-60.000000	-0.592017 	1.018850  	-7.908600 
-59.000000	-0.612396 	0.996639  	-7.908600 
-58.000000	-0.632734 	0.973548  	-7.908600 
-57.000000	-0.653072 	0.950458  	-7.908600 
-56.000000	-0.673410 	0.927368  	-7.908600 
-55.000000	-0.693756 	0.904101  	-7.908600 
-54.000000	-0.714153 	0.879771  	-7.908600 
-53.000000	-0.734550 	0.855442  	-7.908600 
-52.000000	-0.754947 	0.831112  	-7.908600 
-51.000000	-0.775344 	0.806782  	-7.908600 
-50.000000	-0.796048 	0.781909  	-7.908600 
-49.000000	-0.816835 	0.756887  	-7.908600 
-48.000000	-0.837623 	0.731865  	-7.908600 
-47.000000	-0.858410 	0.706843  	-7.908600 
-46.000000	-0.879618 	0.681765  	-7.908600 
-45.000000	-0.901386 	0.656614  	-7.908600 
-44.000000	-0.923155 	0.631464  	-7.908600 
-43.000000	-0.944924 	0.606313  	-7.908600 
-42.000000	-0.966832 	0.581194  	-7.908600 
-41.000000	-0.990551 	0.556482  	-7.908600 
-40.000000	-1.014270 	0.531770  	-7.908600 
-39.000000	-1.037990 	0.507058  	-7.908600 
-38.000000	-1.061709 	0.482346  	-7.908600 
-37.000000	-1.087934 	0.458347  	-7.908600 
-36.000000	-1.115161 	0.434633  	-7.908600 
-35.000000	-1.142388 	0.410919  	-7.908600 
-34.000000	-1.169615 	0.387205  	-7.908600 
-33.000000	-1.199002 	0.364039  	-7.908600 
-32.000000	-1.232276 	0.341859  	-7.908600 
-31.000000	-1.265551 	0.319679  	-7.908600 
-30.000000	-1.298825 	0.297500  	-7.908600 
-29.000000	-1.332100 	0.275320  	-7.908600 
-28.000000	-1.286895 	0.264066  	-7.908600 
-27.000000	-1.241689 	0.252812  	-7.908600 
-26.000000	-1.196484 	0.241557  	-7.908600 
-25.000000	-1.151279 	0.230303  	-7.908600 
-24.000000	-1.106074 	0.219049  	-7.908600 
-23.000000	-1.060868 	0.207795  	-7.908600 
-22.000000	-1.015663 	0.196541  	-7.908600 
-21.000000	-0.970458 	0.185286  	-7.908600 
-20.000000	-0.925253 	0.174032  	-7.908600 
-19.000000	-0.880047 	0.162778  	-7.908600 
-18.000000	-0.834842 	0.151524  	-7.908600 
-17.000000	-0.789637 	0.140269  	-7.908600 
-16.000000	-0.744432 	0.129015  	-7.908600 
-15.000000	-0.699226 	0.117761  	-7.908600 
-14.000000	-0.654021 	0.106507  	-7.908600 
-13.000000	-0.608816 	0.095253  	-7.908600 
-12.000000	-0.563611 	0.083998  	-6.231153 
-11.000000	-0.518405 	0.072744  	-3.882726 
-10.000000	-0.473200 	0.061490  	-1.534300 
-9.000000 	-0.304500 	0.054920  	-1.391500 
-8.000000 	-0.258000 	0.025590  	-1.532300 
-7.000000 	-0.085500 	0.023660  	-1.399400 
-6.000000 	0.032500  	0.023940  	-1.287900 
-5.000000 	0.191900  	0.023030  	-1.166900 
-4.000000 	0.312400  	0.023330  	-1.063100 
-3.000000 	0.463000  	0.022980  	-1.070400 
-2.000000 	0.584800  	0.023480  	-1.164000 
-1.000000 	0.727300  	0.023500  	-1.274300 
0.000000  	0.849400  	0.023980  	-1.378000 
1.000000  	0.981900  	0.024200  	-1.496300 
2.000000  	1.107300  	0.024760  	-1.620500 
3.000000  	1.227700  	0.025260  	-1.760500 
4.000000  	1.354000  	0.025720  	-1.930200 
5.000000  	1.460300  	0.026450  	-2.114000 
6.000000  	1.576600  	0.027180  	-2.336300 
7.000000  	1.671100  	0.028240  	-2.578000 
8.000000  	1.764800  	0.029620  	-2.851200 
9.000000  	1.825600  	0.031970  	-3.112600 
10.000000 	1.850900  	0.036390  	-3.374000 
11.000000 	1.858300  	0.043430  	-3.618300 
12.000000 	1.854500  	0.054560  	-3.844500 
13.000000 	1.825600  	0.069060  	-4.007900 
14.000000 	1.800000  	0.084910  	-4.175700 
15.000000 	1.784500  	0.100330  	-4.369300 
16.000000 	1.775600  	0.114780  	-4.578900 
17.000000 	1.773400  	0.129430  	-4.802400 
18.000000 	1.777200  	0.142710  	-5.040400 
19.000000 	1.784000  	0.156230  	-5.297300 
20.000000 	1.793100  	0.168930  	-5.557100 
21.000000 	1.803300  	0.181850  	-5.822700 
22.000000 	1.813800  	0.194520  	-6.083800 
23.000000 	1.825800  	0.206980  	-6.343500 
24.000000 	1.836800  	0.219340  	-6.612800 
25.000000 	1.850000  	0.231400  	-6.878000 
26.000000 	1.866800  	0.241870  	-7.181900 
27.000000 	1.876100  	0.254360  	-7.387000 
28.000000 	1.878800  	0.267770  	-7.563400 
29.000000 	1.903000  	0.275320  	-7.908600 
30.000000 	1.855465  	0.297500  	-7.908600 
31.000000 	1.807930  	0.319679  	-7.908600 
32.000000 	1.760395  	0.341859  	-7.908600 
33.000000 	1.712859  	0.364039  	-7.908600 
34.000000 	1.670878  	0.387205  	-7.908600 
35.000000 	1.631983  	0.410919  	-7.908600 
36.000000 	1.593087  	0.434633  	-7.908600 
37.000000 	1.554191  	0.458347  	-7.908600 
38.000000 	1.516728  	0.482346  	-7.908600 
39.000000 	1.482843  	0.507058  	-7.908600 
40.000000 	1.448958  	0.531770  	-7.908600 
41.000000 	1.415073  	0.556482  	-7.908600 
42.000000 	1.381188  	0.581194  	-7.908600 
43.000000 	1.349891  	0.606313  	-7.908600 
44.000000 	1.318793  	0.631464  	-7.908600 
45.000000 	1.287695  	0.656614  	-7.908600 
46.000000 	1.256597  	0.681765  	-7.908600 
47.000000 	1.226300  	0.706843  	-7.908600 
48.000000 	1.196604  	0.731865  	-7.908600 
49.000000 	1.166908  	0.756887  	-7.908600 
50.000000 	1.137212  	0.781909  	-7.908600 
51.000000 	1.107635  	0.806782  	-7.908600 
52.000000 	1.078496  	0.831112  	-7.908600 
53.000000 	1.049358  	0.855442  	-7.908600 
54.000000 	1.020219  	0.879771  	-7.908600 
55.000000 	0.991080  	0.904101  	-7.908600 
56.000000 	0.962014  	0.927368  	-7.908600 
57.000000 	0.932960  	0.950458  	-7.908600 
58.000000 	0.903906  	0.973548  	-7.908600 
59.000000 	0.874852  	0.996639  	-7.908600 
60.000000 	0.845738  	1.018850  	-7.908600 
61.000000 	0.816565  	1.040184  	-7.908600 
62.000000 	0.787391  	1.061517  	-7.908600 
63.000000 	0.758218  	1.082850  	-7.908600 
64.000000 	0.729027  	1.103865  	-7.908600 
65.000000 	0.699734  	1.122965  	-7.908600 
66.000000 	0.670440  	1.142065  	-7.908600 
67.000000 	0.641147  	1.161165  	-7.908600 
68.000000 	0.611854  	1.180265  	-7.908600 
69.000000 	0.582589  	1.197278  	-7.908600 
70.000000 	0.553332  	1.213721  	-7.908600 
71.000000 	0.524075  	1.230164  	-7.908600 
72.000000 	0.494818  	1.246607  	-7.908600 
73.000000 	0.465697  	1.261757  	-7.908600 
74.000000 	0.436757  	1.275180  	-7.908600 
75.000000 	0.407817  	1.288604  	-7.908600 
76.000000 	0.378877  	1.302028  	-7.908600 
77.000000 	0.349986  	1.315216  	-7.908600 
78.000000 	0.321740  	1.325328  	-7.908600 
79.000000 	0.293494  	1.335441  	-7.908600 
80.000000 	0.265249  	1.345553  	-7.908600 
81.000000 	0.237003  	1.355666  	-7.908600 
82.000000 	0.209576  	1.363259  	-7.908600 
83.000000 	0.182477  	1.369846  	-7.908600 
84.000000 	0.155378  	1.376432  	-7.908600 
85.000000 	0.128279  	1.383018  	-7.908600 
86.000000 	0.101772  	1.388296  	-7.908600 
87.000000 	0.076329  	1.391222  	-7.908600 
88.000000 	0.050886  	1.394148  	-7.908600 
89.000000 	0.025443  	1.397074  	-7.908600 
90.000000 	0.000000  	1.400000  	-7.908600 
91.000000 	-0.017810 	1.397074  	-7.908600 
92.000000 	-0.035620 	1.394148  	-7.908600 
93.000000 	-0.053430 	1.391222  	-7.908600 
94.000000 	-0.071240 	1.388296  	-7.908600 
95.000000 	-0.089796 	1.383018  	-7.908600 
96.000000 	-0.108765 	1.376432  	-7.908600 
97.000000 	-0.127734 	1.369846  	-7.908600 
98.000000 	-0.146703 	1.363259  	-7.908600 
99.000000 	-0.165902 	1.355666  	-7.908600 
100.000000	-0.185674 	1.345553  	-7.908600 
101.000000	-0.205446 	1.335441  	-7.908600 
102.000000	-0.225218 	1.325328  	-7.908600 
103.000000	-0.244990 	1.315216  	-7.908600 
104.000000	-0.265214 	1.302028  	-7.908600 
105.000000	-0.285472 	1.288604  	-7.908600 
106.000000	-0.305730 	1.275180  	-7.908600 
107.000000	-0.325988 	1.261757  	-7.908600 
108.000000	-0.346373 	1.246607  	-7.908600 
109.000000	-0.366852 	1.230164  	-7.908600 
110.000000	-0.387332 	1.213721  	-7.908600 
111.000000	-0.407812 	1.197278  	-7.908600 
112.000000	-0.428297 	1.180265  	-7.908600 
113.000000	-0.448803 	1.161165  	-7.908600 
114.000000	-0.469308 	1.142065  	-7.908600 
115.000000	-0.489814 	1.122965  	-7.908600 
116.000000	-0.510319 	1.103865  	-7.908600 
117.000000	-0.530753 	1.082850  	-7.908600 
118.000000	-0.551174 	1.061517  	-7.908600 
119.000000	-0.571595 	1.040184  	-7.908600 
120.000000	-0.592017 	1.018850  	-7.908600 
121.000000	-0.612396 	0.996639  	-7.908600 
122.000000	-0.632734 	0.973548  	-7.908600 
123.000000	-0.653072 	0.950458  	-7.908600 
124.000000	-0.673410 	0.927368  	-7.908600 
125.000000	-0.693756 	0.904101  	-7.908600 
126.000000	-0.714153 	0.879771  	-7.908600 
127.000000	-0.734550 	0.855442  	-7.908600 
128.000000	-0.754947 	0.831112  	-7.908600 
129.000000	-0.775344 	0.806782  	-7.908600 
130.000000	-0.796048 	0.781909  	-7.908600 
131.000000	-0.816835 	0.756887  	-7.908600 
132.000000	-0.837623 	0.731865  	-7.908600 
133.000000	-0.858410 	0.706843  	-7.908600 
134.000000	-0.879618 	0.681765  	-7.908600 
135.000000	-0.901386 	0.656614  	-7.908600 
136.000000	-0.923155 	0.631464  	-7.908600 
137.000000	-0.944924 	0.606313  	-7.908600 
138.000000	-0.966832 	0.581194  	-7.908600 
139.000000	-0.990551 	0.556482  	-7.908600 
140.000000	-1.014270 	0.531770  	-7.908600 
141.000000	-1.037990 	0.507058  	-7.908600 
142.000000	-1.061709 	0.482346  	-7.908600 
143.000000	-1.087934 	0.458347  	-7.908600 
144.000000	-1.115161 	0.434633  	-7.908600 
145.000000	-1.142388 	0.410919  	-7.908600 
146.000000	-1.169615 	0.387205  	-7.908600 
147.000000	-1.199002 	0.364039  	-7.908600 
148.000000	-1.232276 	0.341859  	-7.908600 
149.000000	-1.265551 	0.319679  	-7.908600 
150.000000	-1.298825 	0.297500  	-7.908600 
151.000000	-1.332100 	0.275320  	-7.908600 
152.000000	-1.286166 	0.254581  	-7.908600 
153.000000	-1.240231 	0.233843  	-7.908600 
154.000000	-1.194297 	0.214104  	-7.908600 
155.000000	-1.148362 	0.194441  	-7.908600 
156.000000	-1.102428 	0.175788  	-7.908600 
157.000000	-1.056493 	0.157302  	-7.908600 
158.000000	-1.010559 	0.139816  	-7.908600 
159.000000	-0.964624 	0.122603  	-7.908600 
160.000000	-0.918690 	0.106361  	-7.908600 
161.000000	-0.872755 	0.090509  	-7.908600 
162.000000	-0.826821 	0.075582  	-7.908600 
163.000000	-0.780886 	0.061171  	-7.908600 
164.000000	-0.734952 	0.047626  	-7.908600 
165.000000	-0.689017 	0.034731  	-7.908600 
166.000000	-0.643083 	0.022627  	-7.908600 
167.000000	-0.597148 	0.011314  	-7.908600 
168.000000	-0.551214 	0.004053  	-7.908600 
169.000000	-0.505279 	0.002194  	-7.908600 
170.000000	-0.459345 	0.001000  	-7.908600 
171.000000	-0.413410 	0.001000  	-7.908600 
172.000000	-0.367476 	0.001000  	-7.908600 
173.000000	-0.321541 	0.001000  	-7.908600 
174.000000	-0.275607 	0.001000  	-7.908600 
175.000000	-0.229672 	0.001000  	-7.908600 
176.000000	-0.183738 	0.001000  	-7.908600 
177.000000	-0.137803 	0.001000  	-7.908600 
178.000000	-0.091869 	0.001000  	-7.908600 
179.000000	-0.045934 	0.001000  	-7.908600 
180.000000	0.000000  	0.001000  	-7.908600 
! ------------------------------------------------------------------------------
! data for table	3         
! ------------------------------------------------------------------------------
  0.400000  	Re           ! Reynolds number in millions
  0.000000  	UserProp     ! User property (control) setting
Flase           InclUAdata   ! Is unsteady aerodynamics data included in this table? If TRUE, then include UA coefficients below this line. Any missing coefficients will be calculated internally.
! Table of aerodynamics coefficients
  361       	NumAlf       ! Number of data lines in the following table
!Alpha      Cl          Cd          Cm/Cp
!(deg)      (-)         (-)         (-)
-180.000000	0.000000  	0.001000  	-7.899400 
-179.000000	0.045782  	0.001000  	-7.899400 
-178.000000	0.091565  	0.001000  	-7.899400 
-177.000000	0.137347  	0.001000  	-7.899400 
-176.000000	0.183130  	0.001000  	-7.899400 
-175.000000	0.228912  	0.001000  	-7.899400 
-174.000000	0.274694  	0.001000  	-7.899400 
-173.000000	0.320477  	0.001000  	-7.899400 
-172.000000	0.366259  	0.001000  	-7.899400 
-171.000000	0.412042  	0.001000  	-7.899400 
-170.000000	0.457824  	0.001000  	-7.899400 
-169.000000	0.503607  	0.004218  	-7.899400 
-168.000000	0.549389  	0.009224  	-7.899400 
-167.000000	0.595171  	0.017819  	-7.899400 
-166.000000	0.640954  	0.029105  	-7.899400 
-165.000000	0.686736  	0.041180  	-7.899400 
-164.000000	0.732519  	0.054044  	-7.899400 
-163.000000	0.778301  	0.067556  	-7.899400 
-162.000000	0.824083  	0.081932  	-7.899400 
-161.000000	0.869866  	0.096821  	-7.899400 
-160.000000	0.915648  	0.112635  	-7.899400 
-159.000000	0.961431  	0.128836  	-7.899400 
-158.000000	1.007213  	0.146006  	-7.899400 
-157.000000	1.052996  	0.163448  	-7.899400 
-156.000000	1.098778  	0.181887  	-7.899400 
-155.000000	1.144560  	0.200493  	-7.899400 
-154.000000	1.190343  	0.220104  	-7.899400 
-153.000000	1.236125  	0.239792  	-7.899400 
-152.000000	1.281908  	0.260476  	-7.899400 
-151.000000	1.327690  	0.281160  	-7.899400 
-150.000000	1.294614  	0.303279  	-7.899400 
-149.000000	1.261537  	0.325399  	-7.899400 
-148.000000	1.228461  	0.347518  	-7.899400 
-147.000000	1.195385  	0.369638  	-7.899400 
-146.000000	1.166170  	0.392739  	-7.899400 
-145.000000	1.139101  	0.416385  	-7.899400 
-144.000000	1.112031  	0.440031  	-7.899400 
-143.000000	1.084962  	0.463678  	-7.899400 
-142.000000	1.058887  	0.487607  	-7.899400 
-141.000000	1.035296  	0.512244  	-7.899400 
-140.000000	1.011705  	0.536881  	-7.899400 
-139.000000	0.988115  	0.561518  	-7.899400 
-138.000000	0.964524  	0.586155  	-7.899400 
-137.000000	0.942725  	0.611194  	-7.899400 
-136.000000	0.921063  	0.636263  	-7.899400 
-135.000000	0.899401  	0.661333  	-7.899400 
-134.000000	0.877739  	0.686402  	-7.899400 
-133.000000	0.856629  	0.711395  	-7.899400 
-132.000000	0.835931  	0.736330  	-7.899400 
-131.000000	0.815233  	0.761264  	-7.899400 
-130.000000	0.794536  	0.786199  	-7.899400 
-129.000000	0.773919  	0.810984  	-7.899400 
-128.000000	0.753597  	0.835221  	-7.899400 
-127.000000	0.733276  	0.859457  	-7.899400 
-126.000000	0.712954  	0.883694  	-7.899400 
-125.000000	0.692633  	0.907930  	-7.899400 
-124.000000	0.672352  	0.931100  	-7.899400 
-123.000000	0.652078  	0.954092  	-7.899400 
-122.000000	0.631803  	0.977084  	-7.899400 
-121.000000	0.611529  	1.000077  	-7.899400 
-120.000000	0.591208  	1.022188  	-7.899400 
-119.000000	0.570839  	1.043419  	-7.899400 
-118.000000	0.550471  	1.064649  	-7.899400 
-117.000000	0.530103  	1.085880  	-7.899400 
-116.000000	0.509721  	1.106791  	-7.899400 
-115.000000	0.489259  	1.125785  	-7.899400 
-114.000000	0.468797  	1.144779  	-7.899400 
-113.000000	0.448335  	1.163773  	-7.899400 
-112.000000	0.427874  	1.182766  	-7.899400 
-111.000000	0.407425  	1.199670  	-7.899400 
-110.000000	0.386980  	1.216003  	-7.899400 
-109.000000	0.366535  	1.232337  	-7.899400 
-108.000000	0.346090  	1.248670  	-7.899400 
-107.000000	0.325736  	1.263708  	-7.899400 
-106.000000	0.305505  	1.277020  	-7.899400 
-105.000000	0.285274  	1.290331  	-7.899400 
-104.000000	0.265042  	1.303643  	-7.899400 
-103.000000	0.244845  	1.316717  	-7.899400 
-102.000000	0.225092  	1.326716  	-7.899400 
-101.000000	0.205338  	1.336714  	-7.899400 
-100.000000	0.185585  	1.346712  	-7.899400 
-99.000000	0.165832  	1.356710  	-7.899400 
-98.000000	0.146646  	1.364188  	-7.899400 
-97.000000	0.127688  	1.370659  	-7.899400 
-96.000000	0.108730  	1.377129  	-7.899400 
-95.000000	0.089772  	1.383599  	-7.899400 
-94.000000	0.071226  	1.388762  	-7.899400 
-93.000000	0.053419  	1.391572  	-7.899400 
-92.000000	0.035613  	1.394381  	-7.899400 
-91.000000	0.017806  	1.397191  	-7.899400 
-90.000000	0.000000  	1.400000  	-7.899400 
-89.000000	-0.017806 	1.397191  	-7.899400 
-88.000000	-0.035613 	1.394381  	-7.899400 
-87.000000	-0.053419 	1.391572  	-7.899400 
-86.000000	-0.071226 	1.388762  	-7.899400 
-85.000000	-0.089772 	1.383599  	-7.899400 
-84.000000	-0.108730 	1.377129  	-7.899400 
-83.000000	-0.127688 	1.370659  	-7.899400 
-82.000000	-0.146646 	1.364188  	-7.899400 
-81.000000	-0.165832 	1.356710  	-7.899400 
-80.000000	-0.185585 	1.346712  	-7.899400 
-79.000000	-0.205338 	1.336714  	-7.899400 
-78.000000	-0.225092 	1.326716  	-7.899400 
-77.000000	-0.244845 	1.316717  	-7.899400 
-76.000000	-0.265042 	1.303643  	-7.899400 
-75.000000	-0.285274 	1.290331  	-7.899400 
-74.000000	-0.305505 	1.277020  	-7.899400 
-73.000000	-0.325736 	1.263708  	-7.899400 
-72.000000	-0.346090 	1.248670  	-7.899400 
-71.000000	-0.366535 	1.232337  	-7.899400 
-70.000000	-0.386980 	1.216003  	-7.899400 
-69.000000	-0.407425 	1.199670  	-7.899400 
-68.000000	-0.427874 	1.182766  	-7.899400 
-67.000000	-0.448335 	1.163773  	-7.899400 
-66.000000	-0.468797 	1.144779  	-7.899400 
-65.000000	-0.489259 	1.125785  	-7.899400 
-64.000000	-0.509721 	1.106791  	-7.899400 
-63.000000	-0.530103 	1.085880  	-7.899400 
-62.000000	-0.550471 	1.064649  	-7.899400 
-61.000000	-0.570839 	1.043419  	-7.899400 
-60.000000	-0.591208 	1.022188  	-7.899400 
-59.000000	-0.611529 	1.000077  	-7.899400 
-58.000000	-0.631803 	0.977084  	-7.899400 
-57.000000	-0.652078 	0.954092  	-7.899400 
-56.000000	-0.672352 	0.931100  	-7.899400 
-55.000000	-0.692633 	0.907930  	-7.899400 
-54.000000	-0.712954 	0.883694  	-7.899400 
-53.000000	-0.733276 	0.859457  	-7.899400 
-52.000000	-0.753597 	0.835221  	-7.899400 
-51.000000	-0.773919 	0.810984  	-7.899400 
-50.000000	-0.794536 	0.786199  	-7.899400 
-49.000000	-0.815233 	0.761264  	-7.899400 
-48.000000	-0.835931 	0.736330  	-7.899400 
-47.000000	-0.856629 	0.711395  	-7.899400 
-46.000000	-0.877739 	0.686402  	-7.899400 
-45.000000	-0.899401 	0.661333  	-7.899400 
-44.000000	-0.921063 	0.636263  	-7.899400 
-43.000000	-0.942725 	0.611194  	-7.899400 
-42.000000	-0.964524 	0.586155  	-7.899400 
-41.000000	-0.988115 	0.561518  	-7.899400 
-40.000000	-1.011705 	0.536881  	-7.899400 
-39.000000	-1.035296 	0.512244  	-7.899400 
-38.000000	-1.058887 	0.487607  	-7.899400 
-37.000000	-1.084962 	0.463678  	-7.899400 
-36.000000	-1.112031 	0.440031  	-7.899400 
-35.000000	-1.139101 	0.416385  	-7.899400 
-34.000000	-1.166170 	0.392739  	-7.899400 
-33.000000	-1.195385 	0.369638  	-7.899400 
-32.000000	-1.228461 	0.347518  	-7.899400 
-31.000000	-1.261537 	0.325399  	-7.899400 
-30.000000	-1.294614 	0.303279  	-7.899400 
-29.000000	-1.327690 	0.281160  	-7.899400 
-28.000000	-1.284480 	0.267484  	-7.899400 
-27.000000	-1.241270 	0.253808  	-7.899400 
-26.000000	-1.198060 	0.240133  	-7.899400 
-25.000000	-1.154850 	0.226457  	-7.899400 
-24.000000	-1.111640 	0.212781  	-7.899400 
-23.000000	-1.068430 	0.199105  	-7.899400 
-22.000000	-1.025220 	0.185429  	-7.899400 
-21.000000	-0.982010 	0.171754  	-7.899400 
-20.000000	-0.938800 	0.158078  	-7.899400 
-19.000000	-0.895590 	0.144402  	-7.899400 
-18.000000	-0.852380 	0.130726  	-7.899400 
-17.000000	-0.809170 	0.117051  	-7.899400 
-16.000000	-0.765960 	0.103375  	-7.899400 
-15.000000	-0.722750 	0.089699  	-7.899400 
-14.000000	-0.679540 	0.076023  	-7.899400 
-13.000000	-0.636330 	0.062347  	-7.899400 
-12.000000	-0.593120 	0.048672  	-6.297611 
-11.000000	-0.549910 	0.034996  	-4.055105 
-10.000000	-0.506700 	0.021320  	-1.812600 
-9.000000 	-0.350600 	0.021020  	-1.663000 
-8.000000 	-0.197500 	0.020410  	-1.528500 
-7.000000 	-0.059300 	0.020205  	-1.407100 
-6.000000 	0.078900  	0.020000  	-1.285700 
-5.000000 	0.211200  	0.019970  	-1.172700 
-4.000000 	0.353300  	0.019950  	-1.061400 
-3.000000 	0.483700  	0.020130  	-1.084700 
-2.000000 	0.622200  	0.020290  	-1.188100 
-1.000000 	0.749800  	0.020640  	-1.291100 
0.000000  	0.882100  	0.020850  	-1.401300 
1.000000  	1.008500  	0.021310  	-1.517100 
2.000000  	1.133900  	0.021760  	-1.642000 
3.000000  	1.258700  	0.022290  	-1.786700 
4.000000  	1.374800  	0.022890  	-1.950700 
5.000000  	1.492800  	0.023550  	-2.147400 
6.000000  	1.599500  	0.024560  	-2.363600 
7.000000  	1.704500  	0.025600  	-2.623500 
8.000000  	1.792200  	0.027320  	-2.893100 
9.000000  	1.855000  	0.029910  	-3.162500 
10.000000 	1.884500  	0.034430  	-3.438000 
11.000000 	1.887450  	0.043675  	-3.681300 
12.000000 	1.890400  	0.052920  	-3.924600 
13.000000 	1.868700  	0.067520  	-4.105800 
14.000000 	1.841300  	0.083480  	-4.276100 
15.000000 	1.816500  	0.099640  	-4.452700 
16.000000 	1.808600  	0.114410  	-4.669300 
17.000000 	1.800300  	0.129260  	-4.887000 
18.000000 	1.803000  	0.142780  	-5.126000 
19.000000 	1.805600  	0.156720  	-5.375000 
20.000000 	1.808400  	0.170400  	-5.618400 
21.000000 	1.818200  	0.183310  	-5.887900 
22.000000 	1.825100  	0.196470  	-6.140100 
23.000000 	1.832900  	0.209610  	-6.387400 
24.000000 	1.841500  	0.222420  	-6.649700 
25.000000 	1.850900  	0.235040  	-6.900500 
26.000000 	1.864900  	0.246290  	-7.193800 
27.000000 	1.873200  	0.258950  	-7.394000 
28.000000 	1.885000  	0.270150  	-7.646900 
29.000000 	1.896700  	0.281160  	-7.899400 
30.000000 	1.849448  	0.303279  	-7.899400 
31.000000 	1.802196  	0.325399  	-7.899400 
32.000000 	1.754944  	0.347518  	-7.899400 
33.000000 	1.707692  	0.369638  	-7.899400 
34.000000 	1.665957  	0.392739  	-7.899400 
35.000000 	1.627287  	0.416385  	-7.899400 
36.000000 	1.588616  	0.440031  	-7.899400 
37.000000 	1.549946  	0.463678  	-7.899400 
38.000000 	1.512695  	0.487607  	-7.899400 
39.000000 	1.478994  	0.512244  	-7.899400 
40.000000 	1.445294  	0.536881  	-7.899400 
41.000000 	1.411593  	0.561518  	-7.899400 
42.000000 	1.377892  	0.586155  	-7.899400 
43.000000 	1.346749  	0.611194  	-7.899400 
44.000000 	1.315804  	0.636263  	-7.899400 
45.000000 	1.284859  	0.661333  	-7.899400 
46.000000 	1.253913  	0.686402  	-7.899400 
47.000000 	1.223755  	0.711395  	-7.899400 
48.000000 	1.194187  	0.736330  	-7.899400 
49.000000 	1.164619  	0.761264  	-7.899400 
50.000000 	1.135051  	0.786199  	-7.899400 
51.000000 	1.105598  	0.810984  	-7.899400 
52.000000 	1.076568  	0.835221  	-7.899400 
53.000000 	1.047537  	0.859457  	-7.899400 
54.000000 	1.018506  	0.883694  	-7.899400 
55.000000 	0.989476  	0.907930  	-7.899400 
56.000000 	0.960503  	0.931100  	-7.899400 
57.000000 	0.931539  	0.954092  	-7.899400 
58.000000 	0.902576  	0.977084  	-7.899400 
59.000000 	0.873613  	1.000077  	-7.899400 
60.000000 	0.844582  	1.022188  	-7.899400 
61.000000 	0.815485  	1.043419  	-7.899400 
62.000000 	0.786387  	1.064649  	-7.899400 
63.000000 	0.757290  	1.085880  	-7.899400 
64.000000 	0.728173  	1.106791  	-7.899400 
65.000000 	0.698942  	1.125785  	-7.899400 
66.000000 	0.669710  	1.144779  	-7.899400 
67.000000 	0.640479  	1.163773  	-7.899400 
68.000000 	0.611248  	1.182766  	-7.899400 
69.000000 	0.582036  	1.199670  	-7.899400 
70.000000 	0.552828  	1.216003  	-7.899400 
71.000000 	0.523621  	1.232337  	-7.899400 
72.000000 	0.494414  	1.248670  	-7.899400 
73.000000 	0.465338  	1.263708  	-7.899400 
74.000000 	0.436436  	1.277020  	-7.899400 
75.000000 	0.407534  	1.290331  	-7.899400 
76.000000 	0.378632  	1.303643  	-7.899400 
77.000000 	0.349778  	1.316717  	-7.899400 
78.000000 	0.321559  	1.326716  	-7.899400 
79.000000 	0.293340  	1.336714  	-7.899400 
80.000000 	0.265121  	1.346712  	-7.899400 
81.000000 	0.236902  	1.356710  	-7.899400 
82.000000 	0.209495  	1.364188  	-7.899400 
83.000000 	0.182412  	1.370659  	-7.899400 
84.000000 	0.155329  	1.377129  	-7.899400 
85.000000 	0.128246  	1.383599  	-7.899400 
86.000000 	0.101751  	1.388762  	-7.899400 
87.000000 	0.076313  	1.391572  	-7.899400 
88.000000 	0.050875  	1.394381  	-7.899400 
89.000000 	0.025438  	1.397191  	-7.899400 
90.000000 	0.000000  	1.400000  	-7.899400 
91.000000 	-0.017806 	1.397191  	-7.899400 
92.000000 	-0.035613 	1.394381  	-7.899400 
93.000000 	-0.053419 	1.391572  	-7.899400 
94.000000 	-0.071226 	1.388762  	-7.899400 
95.000000 	-0.089772 	1.383599  	-7.899400 
96.000000 	-0.108730 	1.377129  	-7.899400 
97.000000 	-0.127688 	1.370659  	-7.899400 
98.000000 	-0.146646 	1.364188  	-7.899400 
99.000000 	-0.165832 	1.356710  	-7.899400 
100.000000	-0.185585 	1.346712  	-7.899400 
101.000000	-0.205338 	1.336714  	-7.899400 
102.000000	-0.225092 	1.326716  	-7.899400 
103.000000	-0.244845 	1.316717  	-7.899400 
104.000000	-0.265042 	1.303643  	-7.899400 
105.000000	-0.285274 	1.290331  	-7.899400 
106.000000	-0.305505 	1.277020  	-7.899400 
107.000000	-0.325736 	1.263708  	-7.899400 
108.000000	-0.346090 	1.248670  	-7.899400 
109.000000	-0.366535 	1.232337  	-7.899400 
110.000000	-0.386980 	1.216003  	-7.899400 
111.000000	-0.407425 	1.199670  	-7.899400 
112.000000	-0.427874 	1.182766  	-7.899400 
113.000000	-0.448335 	1.163773  	-7.899400 
114.000000	-0.468797 	1.144779  	-7.899400 
115.000000	-0.489259 	1.125785  	-7.899400 
116.000000	-0.509721 	1.106791  	-7.899400 
117.000000	-0.530103 	1.085880  	-7.899400 
118.000000	-0.550471 	1.064649  	-7.899400 
119.000000	-0.570839 	1.043419  	-7.899400 
120.000000	-0.591208 	1.022188  	-7.899400 
121.000000	-0.611529 	1.000077  	-7.899400 
122.000000	-0.631803 	0.977084  	-7.899400 
123.000000	-0.652078 	0.954092  	-7.899400 
124.000000	-0.672352 	0.931100  	-7.899400 
125.000000	-0.692633 	0.907930  	-7.899400 
126.000000	-0.712954 	0.883694  	-7.899400 
127.000000	-0.733276 	0.859457  	-7.899400 
128.000000	-0.753597 	0.835221  	-7.899400 
129.000000	-0.773919 	0.810984  	-7.899400 
130.000000	-0.794536 	0.786199  	-7.899400 
131.000000	-0.815233 	0.761264  	-7.899400 
132.000000	-0.835931 	0.736330  	-7.899400 
133.000000	-0.856629 	0.711395  	-7.899400 
134.000000	-0.877739 	0.686402  	-7.899400 
135.000000	-0.899401 	0.661333  	-7.899400 
136.000000	-0.921063 	0.636263  	-7.899400 
137.000000	-0.942725 	0.611194  	-7.899400 
138.000000	-0.964524 	0.586155  	-7.899400 
139.000000	-0.988115 	0.561518  	-7.899400 
140.000000	-1.011705 	0.536881  	-7.899400 
141.000000	-1.035296 	0.512244  	-7.899400 
142.000000	-1.058887 	0.487607  	-7.899400 
143.000000	-1.084962 	0.463678  	-7.899400 
144.000000	-1.112031 	0.440031  	-7.899400 
145.000000	-1.139101 	0.416385  	-7.899400 
146.000000	-1.166170 	0.392739  	-7.899400 
147.000000	-1.195385 	0.369638  	-7.899400 
148.000000	-1.228461 	0.347518  	-7.899400 
149.000000	-1.261537 	0.325399  	-7.899400 
150.000000	-1.294614 	0.303279  	-7.899400 
151.000000	-1.327690 	0.281160  	-7.899400 
152.000000	-1.281908 	0.260476  	-7.899400 
153.000000	-1.236125 	0.239792  	-7.899400 
154.000000	-1.190343 	0.220104  	-7.899400 
155.000000	-1.144560 	0.200493  	-7.899400 
156.000000	-1.098778 	0.181887  	-7.899400 
157.000000	-1.052996 	0.163448  	-7.899400 
158.000000	-1.007213 	0.146006  	-7.899400 
159.000000	-0.961431 	0.128836  	-7.899400 
160.000000	-0.915648 	0.112635  	-7.899400 
161.000000	-0.869866 	0.096821  	-7.899400 
162.000000	-0.824083 	0.081932  	-7.899400 
163.000000	-0.778301 	0.067556  	-7.899400 
164.000000	-0.732519 	0.054044  	-7.899400 
165.000000	-0.686736 	0.041180  	-7.899400 
166.000000	-0.640954 	0.029105  	-7.899400 
167.000000	-0.595171 	0.017819  	-7.899400 
168.000000	-0.549389 	0.009224  	-7.899400 
169.000000	-0.503607 	0.004218  	-7.899400 
170.000000	-0.457824 	0.001000  	-7.899400 
171.000000	-0.412042 	0.001000  	-7.899400 
172.000000	-0.366259 	0.001000  	-7.899400 
173.000000	-0.320477 	0.001000  	-7.899400 
174.000000	-0.274694 	0.001000  	-7.899400 
175.000000	-0.228912 	0.001000  	-7.899400 
176.000000	-0.183130 	0.001000  	-7.899400 
177.000000	-0.137347 	0.001000  	-7.899400 
178.000000	-0.091565 	0.001000  	-7.899400 
179.000000	-0.045782 	0.001000  	-7.899400 
180.000000	0.000000  	0.001000  	-7.899400 
! ------------------------------------------------------------------------------
! data for table	4         
! ------------------------------------------------------------------------------
  0.500000  	Re           ! Reynolds number in millions
  0.000000  	UserProp     ! User property (control) setting
Flase           InclUAdata   ! Is unsteady aerodynamics data included in this table? If TRUE, then include UA coefficients below this line. Any missing coefficients will be calculated internally.
! Table of aerodynamics coefficients
  361       	NumAlf       ! Number of data lines in the following table
!Alpha      Cl          Cd          Cm/Cp
!(deg)      (-)         (-)         (-)
-180.000000	0.000000  	0.001000  	-7.890100 
-179.000000	0.045696  	0.001000  	-7.890100 
-178.000000	0.091391  	0.001000  	-7.890100 
-177.000000	0.137087  	0.001000  	-7.890100 
-176.000000	0.182782  	0.001000  	-7.890100 
-175.000000	0.228478  	0.001000  	-7.890100 
-174.000000	0.274173  	0.001000  	-7.890100 
-173.000000	0.319869  	0.001000  	-7.890100 
-172.000000	0.365564  	0.001000  	-7.890100 
-171.000000	0.411260  	0.001000  	-7.890100 
-170.000000	0.456955  	0.001000  	-7.890100 
-169.000000	0.502651  	0.005282  	-7.890100 
-168.000000	0.548346  	0.011943  	-7.890100 
-167.000000	0.594042  	0.021238  	-7.890100 
-166.000000	0.639737  	0.032510  	-7.890100 
-165.000000	0.685433  	0.044570  	-7.890100 
-164.000000	0.731128  	0.057418  	-7.890100 
-163.000000	0.776824  	0.070912  	-7.890100 
-162.000000	0.822519  	0.085270  	-7.890100 
-161.000000	0.868215  	0.100140  	-7.890100 
-160.000000	0.913910  	0.115933  	-7.890100 
-159.000000	0.959606  	0.132113  	-7.890100 
-158.000000	1.005301  	0.149261  	-7.890100 
-157.000000	1.050997  	0.166679  	-7.890100 
-156.000000	1.096692  	0.185093  	-7.890100 
-155.000000	1.142388  	0.203674  	-7.890100 
-154.000000	1.188083  	0.223258  	-7.890100 
-153.000000	1.233779  	0.242920  	-7.890100 
-152.000000	1.279474  	0.263575  	-7.890100 
-151.000000	1.325170  	0.284230  	-7.890100 
-150.000000	1.292207  	0.306318  	-7.890100 
-149.000000	1.259244  	0.328405  	-7.890100 
-148.000000	1.226281  	0.350493  	-7.890100 
-147.000000	1.193318  	0.372581  	-7.890100 
-146.000000	1.164201  	0.395648  	-7.890100 
-145.000000	1.137222  	0.419258  	-7.890100 
-144.000000	1.110243  	0.442869  	-7.890100 
-143.000000	1.083264  	0.466480  	-7.890100 
-142.000000	1.057274  	0.490373  	-7.890100 
-141.000000	1.033757  	0.514971  	-7.890100 
-140.000000	1.010240  	0.539568  	-7.890100 
-139.000000	0.986723  	0.564166  	-7.890100 
-138.000000	0.963205  	0.588764  	-7.890100 
-137.000000	0.941468  	0.613760  	-7.890100 
-136.000000	0.919867  	0.638787  	-7.890100 
-135.000000	0.898267  	0.663813  	-7.890100 
-134.000000	0.876666  	0.688840  	-7.890100 
-133.000000	0.855611  	0.713788  	-7.890100 
-132.000000	0.834964  	0.738677  	-7.890100 
-131.000000	0.814318  	0.763565  	-7.890100 
-130.000000	0.793672  	0.788454  	-7.890100 
-129.000000	0.773104  	0.813193  	-7.890100 
-128.000000	0.752826  	0.837380  	-7.890100 
-127.000000	0.732548  	0.861568  	-7.890100 
-126.000000	0.712269  	0.885756  	-7.890100 
-125.000000	0.691991  	0.909943  	-7.890100 
-124.000000	0.671747  	0.933062  	-7.890100 
-123.000000	0.651509  	0.956003  	-7.890100 
-122.000000	0.631271  	0.978943  	-7.890100 
-121.000000	0.611033  	1.001884  	-7.890100 
-120.000000	0.590745  	1.023943  	-7.890100 
-119.000000	0.570407  	1.045119  	-7.890100 
-118.000000	0.550069  	1.066296  	-7.890100 
-117.000000	0.529731  	1.087473  	-7.890100 
-116.000000	0.509379  	1.108330  	-7.890100 
-115.000000	0.488942  	1.127268  	-7.890100 
-114.000000	0.468505  	1.146206  	-7.890100 
-113.000000	0.448068  	1.165143  	-7.890100 
-112.000000	0.427631  	1.184081  	-7.890100 
-111.000000	0.407204  	1.200927  	-7.890100 
-110.000000	0.386779  	1.217203  	-7.890100 
-109.000000	0.366353  	1.233479  	-7.890100 
-108.000000	0.345928  	1.249754  	-7.890100 
-107.000000	0.325593  	1.264734  	-7.890100 
-106.000000	0.305377  	1.277987  	-7.890100 
-105.000000	0.285160  	1.291239  	-7.890100 
-104.000000	0.264944  	1.304491  	-7.890100 
-103.000000	0.244762  	1.317507  	-7.890100 
-102.000000	0.225019  	1.327445  	-7.890100 
-101.000000	0.205277  	1.337383  	-7.890100 
-100.000000	0.185534  	1.347321  	-7.890100 
-99.000000	0.165792  	1.357259  	-7.890100 
-98.000000	0.146614  	1.364677  	-7.890100 
-97.000000	0.127662  	1.371086  	-7.890100 
-96.000000	0.108711  	1.377496  	-7.890100 
-95.000000	0.089759  	1.383905  	-7.890100 
-94.000000	0.071217  	1.389007  	-7.890100 
-93.000000	0.053413  	1.391755  	-7.890100 
-92.000000	0.035609  	1.394503  	-7.890100 
-91.000000	0.017804  	1.397252  	-7.890100 
-90.000000	0.000000  	1.400000  	-7.890100 
-89.000000	-0.017804 	1.397252  	-7.890100 
-88.000000	-0.035609 	1.394503  	-7.890100 
-87.000000	-0.053413 	1.391755  	-7.890100 
-86.000000	-0.071217 	1.389007  	-7.890100 
-85.000000	-0.089759 	1.383905  	-7.890100 
-84.000000	-0.108711 	1.377496  	-7.890100 
-83.000000	-0.127662 	1.371086  	-7.890100 
-82.000000	-0.146614 	1.364677  	-7.890100 
-81.000000	-0.165792 	1.357259  	-7.890100 
-80.000000	-0.185534 	1.347321  	-7.890100 
-79.000000	-0.205277 	1.337383  	-7.890100 
-78.000000	-0.225019 	1.327445  	-7.890100 
-77.000000	-0.244762 	1.317507  	-7.890100 
-76.000000	-0.264944 	1.304491  	-7.890100 
-75.000000	-0.285160 	1.291239  	-7.890100 
-74.000000	-0.305377 	1.277987  	-7.890100 
-73.000000	-0.325593 	1.264734  	-7.890100 
-72.000000	-0.345928 	1.249754  	-7.890100 
-71.000000	-0.366353 	1.233479  	-7.890100 
-70.000000	-0.386779 	1.217203  	-7.890100 
-69.000000	-0.407204 	1.200927  	-7.890100 
-68.000000	-0.427631 	1.184081  	-7.890100 
-67.000000	-0.448068 	1.165143  	-7.890100 
-66.000000	-0.468505 	1.146206  	-7.890100 
-65.000000	-0.488942 	1.127268  	-7.890100 
-64.000000	-0.509379 	1.108330  	-7.890100 
-63.000000	-0.529731 	1.087473  	-7.890100 
-62.000000	-0.550069 	1.066296  	-7.890100 
-61.000000	-0.570407 	1.045119  	-7.890100 
-60.000000	-0.590745 	1.023943  	-7.890100 
-59.000000	-0.611033 	1.001884  	-7.890100 
-58.000000	-0.631271 	0.978943  	-7.890100 
-57.000000	-0.651509 	0.956003  	-7.890100 
-56.000000	-0.671747 	0.933062  	-7.890100 
-55.000000	-0.691991 	0.909943  	-7.890100 
-54.000000	-0.712269 	0.885756  	-7.890100 
-53.000000	-0.732548 	0.861568  	-7.890100 
-52.000000	-0.752826 	0.837380  	-7.890100 
-51.000000	-0.773104 	0.813193  	-7.890100 
-50.000000	-0.793672 	0.788454  	-7.890100 
-49.000000	-0.814318 	0.763565  	-7.890100 
-48.000000	-0.834964 	0.738677  	-7.890100 
-47.000000	-0.855611 	0.713788  	-7.890100 
-46.000000	-0.876666 	0.688840  	-7.890100 
-45.000000	-0.898267 	0.663813  	-7.890100 
-44.000000	-0.919867 	0.638787  	-7.890100 
-43.000000	-0.941468 	0.613760  	-7.890100 
-42.000000	-0.963205 	0.588764  	-7.890100 
-41.000000	-0.986723 	0.564166  	-7.890100 
-40.000000	-1.010240 	0.539568  	-7.890100 
-39.000000	-1.033757 	0.514971  	-7.890100 
-38.000000	-1.057274 	0.490373  	-7.890100 
-37.000000	-1.083264 	0.466480  	-7.890100 
-36.000000	-1.110243 	0.442869  	-7.890100 
-35.000000	-1.137222 	0.419258  	-7.890100 
-34.000000	-1.164201 	0.395648  	-7.890100 
-33.000000	-1.193318 	0.372581  	-7.890100 
-32.000000	-1.226281 	0.350493  	-7.890100 
-31.000000	-1.259244 	0.328405  	-7.890100 
-30.000000	-1.292207 	0.306318  	-7.890100 
-29.000000	-1.325170 	0.284230  	-7.890100 
-28.000000	-1.280924 	0.270296  	-7.890100 
-27.000000	-1.236678 	0.256362  	-7.890100 
-26.000000	-1.192433 	0.242427  	-7.890100 
-25.000000	-1.148187 	0.228493  	-7.890100 
-24.000000	-1.103941 	0.214559  	-7.890100 
-23.000000	-1.059695 	0.200625  	-7.890100 
-22.000000	-1.015449 	0.186691  	-7.890100 
-21.000000	-0.971204 	0.172756  	-7.890100 
-20.000000	-0.926958 	0.158822  	-7.890100 
-19.000000	-0.882712 	0.144888  	-7.890100 
-18.000000	-0.838466 	0.130954  	-7.890100 
-17.000000	-0.794221 	0.117019  	-7.890100 
-16.000000	-0.749975 	0.103085  	-7.890100 
-15.000000	-0.705729 	0.089151  	-7.890100 
-14.000000	-0.661483 	0.075217  	-7.890100 
-13.000000	-0.617237 	0.061283  	-7.890100 
-12.000000	-0.572992 	0.047348  	-6.289258 
-11.000000	-0.528746 	0.033414  	-4.048079 
-10.000000	-0.484500 	0.019480  	-1.806900 
-9.000000 	-0.325600 	0.018900  	-1.660000 
-8.000000 	-0.193700 	0.018760  	-1.535500 
-7.000000 	-0.047000 	0.018530  	-1.406900 
-6.000000 	0.086600  	0.018440  	-1.289500 
-5.000000 	0.228500  	0.018430  	-1.173000 
-4.000000 	0.361600  	0.018480  	-1.064000 
-3.000000 	0.499500  	0.018620  	-1.095100 
-2.000000 	0.630400  	0.018780  	-1.194900 
-1.000000 	0.763800  	0.019000  	-1.301300 
0.000000  	0.893100  	0.019390  	-1.410200 
1.000000  	1.021400  	0.019770  	-1.527600 
2.000000  	1.147700  	0.020280  	-1.653500 
3.000000  	1.269400  	0.020760  	-1.796500 
4.000000  	1.390300  	0.021340  	-1.965600 
5.000000  	1.505500  	0.022070  	-2.161000 
6.000000  	1.616900  	0.022980  	-2.384400 
7.000000  	1.720600  	0.024210  	-2.645900 
8.000000  	1.812400  	0.025890  	-2.923500 
9.000000  	1.879400  	0.028440  	-3.206500 
10.000000 	1.911800  	0.032950  	-3.489200 
11.000000 	1.925300  	0.040070  	-3.754600 
12.000000 	1.920300  	0.051210  	-3.990900 
13.000000 	1.898600  	0.065570  	-4.175900 
14.000000 	1.873200  	0.081210  	-4.356700 
15.000000 	1.847000  	0.097760  	-4.533000 
16.000000 	1.837400  	0.112290  	-4.751200 
17.000000 	1.832350  	0.126790  	-4.979550 
18.000000 	1.827300  	0.141290  	-5.207900 
19.000000 	1.828700  	0.155020  	-5.459500 
20.000000 	1.830900  	0.168970  	-5.707800 
21.000000 	1.834200  	0.182630  	-5.958500 
22.000000 	1.837200  	0.196400  	-6.199800 
23.000000 	1.843500  	0.209770  	-6.445200 
24.000000 	1.848000  	0.223230  	-6.692900 
25.000000 	1.856500  	0.236150  	-6.941900 
26.000000 	1.865000  	0.248750  	-7.203700 
27.000000 	1.873900  	0.260970  	-7.413700 
28.000000 	1.884500  	0.272450  	-7.665900 
29.000000 	1.893100  	0.284230  	-7.890100 
30.000000 	1.846010  	0.306318  	-7.890100 
31.000000 	1.798920  	0.328405  	-7.890100 
32.000000 	1.751830  	0.350493  	-7.890100 
33.000000 	1.704740  	0.372581  	-7.890100 
34.000000 	1.663145  	0.395648  	-7.890100 
35.000000 	1.624603  	0.419258  	-7.890100 
36.000000 	1.586062  	0.442869  	-7.890100 
37.000000 	1.547520  	0.466480  	-7.890100 
38.000000 	1.510391  	0.490373  	-7.890100 
39.000000 	1.476796  	0.514971  	-7.890100 
40.000000 	1.443200  	0.539568  	-7.890100 
41.000000 	1.409604  	0.564166  	-7.890100 
42.000000 	1.376008  	0.588764  	-7.890100 
43.000000 	1.344954  	0.613760  	-7.890100 
44.000000 	1.314096  	0.638787  	-7.890100 
45.000000 	1.283238  	0.663813  	-7.890100 
46.000000 	1.252380  	0.688840  	-7.890100 
47.000000 	1.222301  	0.713788  	-7.890100 
48.000000 	1.192806  	0.738677  	-7.890100 
49.000000 	1.163311  	0.763565  	-7.890100 
50.000000 	1.133817  	0.788454  	-7.890100 
51.000000 	1.104434  	0.813193  	-7.890100 
52.000000 	1.075466  	0.837380  	-7.890100 
53.000000 	1.046497  	0.861568  	-7.890100 
54.000000 	1.017528  	0.885756  	-7.890100 
55.000000 	0.988559  	0.909943  	-7.890100 
56.000000 	0.959639  	0.933062  	-7.890100 
57.000000 	0.930728  	0.956003  	-7.890100 
58.000000 	0.901816  	0.978943  	-7.890100 
59.000000 	0.872905  	1.001884  	-7.890100 
60.000000 	0.843922  	1.023943  	-7.890100 
61.000000 	0.814868  	1.045119  	-7.890100 
62.000000 	0.785813  	1.066296  	-7.890100 
63.000000 	0.756759  	1.087473  	-7.890100 
64.000000 	0.727685  	1.108330  	-7.890100 
65.000000 	0.698489  	1.127268  	-7.890100 
66.000000 	0.669293  	1.146206  	-7.890100 
67.000000 	0.640098  	1.165143  	-7.890100 
68.000000 	0.610902  	1.184081  	-7.890100 
69.000000 	0.581719  	1.200927  	-7.890100 
70.000000 	0.552541  	1.217203  	-7.890100 
71.000000 	0.523362  	1.233479  	-7.890100 
72.000000 	0.494183  	1.249754  	-7.890100 
73.000000 	0.465133  	1.264734  	-7.890100 
74.000000 	0.436252  	1.277987  	-7.890100 
75.000000 	0.407372  	1.291239  	-7.890100 
76.000000 	0.378492  	1.304491  	-7.890100 
77.000000 	0.349660  	1.317507  	-7.890100 
78.000000 	0.321456  	1.327445  	-7.890100 
79.000000 	0.293252  	1.337383  	-7.890100 
80.000000 	0.265049  	1.347321  	-7.890100 
81.000000 	0.236845  	1.357259  	-7.890100 
82.000000 	0.209448  	1.364677  	-7.890100 
83.000000 	0.182375  	1.371086  	-7.890100 
84.000000 	0.155301  	1.377496  	-7.890100 
85.000000 	0.128227  	1.383905  	-7.890100 
86.000000 	0.101739  	1.389007  	-7.890100 
87.000000 	0.076304  	1.391755  	-7.890100 
88.000000 	0.050869  	1.394503  	-7.890100 
89.000000 	0.025435  	1.397252  	-7.890100 
90.000000 	0.000000  	1.400000  	-7.890100 
91.000000 	-0.017804 	1.397252  	-7.890100 
92.000000 	-0.035609 	1.394503  	-7.890100 
93.000000 	-0.053413 	1.391755  	-7.890100 
94.000000 	-0.071217 	1.389007  	-7.890100 
95.000000 	-0.089759 	1.383905  	-7.890100 
96.000000 	-0.108711 	1.377496  	-7.890100 
97.000000 	-0.127662 	1.371086  	-7.890100 
98.000000 	-0.146614 	1.364677  	-7.890100 
99.000000 	-0.165792 	1.357259  	-7.890100 
100.000000	-0.185534 	1.347321  	-7.890100 
101.000000	-0.205277 	1.337383  	-7.890100 
102.000000	-0.225019 	1.327445  	-7.890100 
103.000000	-0.244762 	1.317507  	-7.890100 
104.000000	-0.264944 	1.304491  	-7.890100 
105.000000	-0.285160 	1.291239  	-7.890100 
106.000000	-0.305377 	1.277987  	-7.890100 
107.000000	-0.325593 	1.264734  	-7.890100 
108.000000	-0.345928 	1.249754  	-7.890100 
109.000000	-0.366353 	1.233479  	-7.890100 
110.000000	-0.386779 	1.217203  	-7.890100 
111.000000	-0.407204 	1.200927  	-7.890100 
112.000000	-0.427631 	1.184081  	-7.890100 
113.000000	-0.448068 	1.165143  	-7.890100 
114.000000	-0.468505 	1.146206  	-7.890100 
115.000000	-0.488942 	1.127268  	-7.890100 
116.000000	-0.509379 	1.108330  	-7.890100 
117.000000	-0.529731 	1.087473  	-7.890100 
118.000000	-0.550069 	1.066296  	-7.890100 
119.000000	-0.570407 	1.045119  	-7.890100 
120.000000	-0.590745 	1.023943  	-7.890100 
121.000000	-0.611033 	1.001884  	-7.890100 
122.000000	-0.631271 	0.978943  	-7.890100 
123.000000	-0.651509 	0.956003  	-7.890100 
124.000000	-0.671747 	0.933062  	-7.890100 
125.000000	-0.691991 	0.909943  	-7.890100 
126.000000	-0.712269 	0.885756  	-7.890100 
127.000000	-0.732548 	0.861568  	-7.890100 
128.000000	-0.752826 	0.837380  	-7.890100 
129.000000	-0.773104 	0.813193  	-7.890100 
130.000000	-0.793672 	0.788454  	-7.890100 
131.000000	-0.814318 	0.763565  	-7.890100 
132.000000	-0.834964 	0.738677  	-7.890100 
133.000000	-0.855611 	0.713788  	-7.890100 
134.000000	-0.876666 	0.688840  	-7.890100 
135.000000	-0.898267 	0.663813  	-7.890100 
136.000000	-0.919867 	0.638787  	-7.890100 
137.000000	-0.941468 	0.613760  	-7.890100 
138.000000	-0.963205 	0.588764  	-7.890100 
139.000000	-0.986723 	0.564166  	-7.890100 
140.000000	-1.010240 	0.539568  	-7.890100 
141.000000	-1.033757 	0.514971  	-7.890100 
142.000000	-1.057274 	0.490373  	-7.890100 
143.000000	-1.083264 	0.466480  	-7.890100 
144.000000	-1.110243 	0.442869  	-7.890100 
145.000000	-1.137222 	0.419258  	-7.890100 
146.000000	-1.164201 	0.395648  	-7.890100 
147.000000	-1.193318 	0.372581  	-7.890100 
148.000000	-1.226281 	0.350493  	-7.890100 
149.000000	-1.259244 	0.328405  	-7.890100 
150.000000	-1.292207 	0.306318  	-7.890100 
151.000000	-1.325170 	0.284230  	-7.890100 
152.000000	-1.279474 	0.263575  	-7.890100 
153.000000	-1.233779 	0.242920  	-7.890100 
154.000000	-1.188083 	0.223258  	-7.890100 
155.000000	-1.142388 	0.203674  	-7.890100 
156.000000	-1.096692 	0.185093  	-7.890100 
157.000000	-1.050997 	0.166679  	-7.890100 
158.000000	-1.005301 	0.149261  	-7.890100 
159.000000	-0.959606 	0.132113  	-7.890100 
160.000000	-0.913910 	0.115933  	-7.890100 
161.000000	-0.868215 	0.100140  	-7.890100 
162.000000	-0.822519 	0.085270  	-7.890100 
163.000000	-0.776824 	0.070912  	-7.890100 
164.000000	-0.731128 	0.057418  	-7.890100 
165.000000	-0.685433 	0.044570  	-7.890100 
166.000000	-0.639737 	0.032510  	-7.890100 
167.000000	-0.594042 	0.021238  	-7.890100 
168.000000	-0.548346 	0.011943  	-7.890100 
169.000000	-0.502651 	0.005282  	-7.890100 
170.000000	-0.456955 	0.001000  	-7.890100 
171.000000	-0.411260 	0.001000  	-7.890100 
172.000000	-0.365564 	0.001000  	-7.890100 
173.000000	-0.319869 	0.001000  	-7.890100 
174.000000	-0.274173 	0.001000  	-7.890100 
175.000000	-0.228478 	0.001000  	-7.890100 
176.000000	-0.182782 	0.001000  	-7.890100 
177.000000	-0.137087 	0.001000  	-7.890100 
178.000000	-0.091391 	0.001000  	-7.890100 
179.000000	-0.045696 	0.001000  	-7.890100 
180.000000	0.000000  	0.001000  	-7.890100 
! ------------------------------------------------------------------------------
! data for table	5         
! ------------------------------------------------------------------------------
  0.600000  	Re           ! Reynolds number in millions
  0.000000  	UserProp     ! User property (control) setting
Flase           InclUAdata   ! Is unsteady aerodynamics data included in this table? If TRUE, then include UA coefficients below this line. Any missing coefficients will be calculated internally.
! Table of aerodynamics coefficients
  361       	NumAlf       ! Number of data lines in the following table
!Alpha      Cl          Cd          Cm/Cp
!(deg)      (-)         (-)         (-)
-180.000000	0.000000  	0.001000  	-8.001100 
-179.000000	0.046277  	0.001000  	-8.001100 
-178.000000	0.092554  	0.001000  	-8.001100 
-177.000000	0.138832  	0.001000  	-8.001100 
-176.000000	0.185109  	0.001000  	-8.001100 
-175.000000	0.231386  	0.001000  	-8.001100 
-174.000000	0.277663  	0.001000  	-8.001100 
-173.000000	0.323941  	0.001000  	-8.001100 
-172.000000	0.370218  	0.001000  	-8.001100 
-171.000000	0.416495  	0.001000  	-8.001100 
-170.000000	0.462772  	0.001000  	-8.001100 
-169.000000	0.509050  	0.002541  	-8.001100 
-168.000000	0.555327  	0.004938  	-8.001100 
-167.000000	0.601604  	0.012427  	-8.001100 
-166.000000	0.647881  	0.023736  	-8.001100 
-165.000000	0.694159  	0.035835  	-8.001100 
-164.000000	0.740436  	0.048725  	-8.001100 
-163.000000	0.786713  	0.062265  	-8.001100 
-162.000000	0.832990  	0.076670  	-8.001100 
-161.000000	0.879268  	0.091589  	-8.001100 
-160.000000	0.925545  	0.107436  	-8.001100 
-159.000000	0.971822  	0.123670  	-8.001100 
-158.000000	1.018099  	0.140876  	-8.001100 
-157.000000	1.064377  	0.158355  	-8.001100 
-156.000000	1.110654  	0.176832  	-8.001100 
-155.000000	1.156931  	0.195477  	-8.001100 
-154.000000	1.203208  	0.215131  	-8.001100 
-153.000000	1.249486  	0.234862  	-8.001100 
-152.000000	1.295763  	0.255591  	-8.001100 
-151.000000	1.342040  	0.276320  	-8.001100 
-150.000000	1.308319  	0.298489  	-8.001100 
-149.000000	1.274597  	0.320659  	-8.001100 
-148.000000	1.240876  	0.342828  	-8.001100 
-147.000000	1.207154  	0.364998  	-8.001100 
-146.000000	1.177379  	0.388153  	-8.001100 
-145.000000	1.149797  	0.411855  	-8.001100 
-144.000000	1.122215  	0.435558  	-8.001100 
-143.000000	1.094632  	0.459260  	-8.001100 
-142.000000	1.068071  	0.483247  	-8.001100 
-141.000000	1.044061  	0.507946  	-8.001100 
-140.000000	1.020052  	0.532645  	-8.001100 
-139.000000	0.996042  	0.557344  	-8.001100 
-138.000000	0.972033  	0.582043  	-8.001100 
-137.000000	0.949881  	0.607149  	-8.001100 
-136.000000	0.927871  	0.632286  	-8.001100 
-135.000000	0.905861  	0.657422  	-8.001100 
-134.000000	0.883852  	0.682559  	-8.001100 
-133.000000	0.862425  	0.707622  	-8.001100 
-132.000000	0.841436  	0.732629  	-8.001100 
-131.000000	0.820446  	0.757636  	-8.001100 
-130.000000	0.799457  	0.782643  	-8.001100 
-129.000000	0.778558  	0.807502  	-8.001100 
-128.000000	0.757991  	0.831816  	-8.001100 
-127.000000	0.737423  	0.856129  	-8.001100 
-126.000000	0.716856  	0.880443  	-8.001100 
-125.000000	0.696288  	0.904756  	-8.001100 
-124.000000	0.675795  	0.928007  	-8.001100 
-123.000000	0.655314  	0.951080  	-8.001100 
-122.000000	0.634833  	0.974154  	-8.001100 
-121.000000	0.614351  	0.997227  	-8.001100 
-120.000000	0.593840  	1.019422  	-8.001100 
-119.000000	0.573299  	1.040738  	-8.001100 
-118.000000	0.552758  	1.062053  	-8.001100 
-117.000000	0.532217  	1.083369  	-8.001100 
-116.000000	0.511668  	1.104366  	-8.001100 
-115.000000	0.491064  	1.123448  	-8.001100 
-114.000000	0.470460  	1.142530  	-8.001100 
-113.000000	0.449857  	1.161612  	-8.001100 
-112.000000	0.429253  	1.180694  	-8.001100 
-111.000000	0.408685  	1.197688  	-8.001100 
-110.000000	0.388127  	1.214112  	-8.001100 
-109.000000	0.367568  	1.230536  	-8.001100 
-108.000000	0.347010  	1.246961  	-8.001100 
-107.000000	0.326554  	1.262091  	-8.001100 
-106.000000	0.306236  	1.275495  	-8.001100 
-105.000000	0.285918  	1.288900  	-8.001100 
-104.000000	0.265600  	1.302305  	-8.001100 
-103.000000	0.245318  	1.315473  	-8.001100 
-102.000000	0.225504  	1.325566  	-8.001100 
-101.000000	0.205689  	1.335659  	-8.001100 
-100.000000	0.185875  	1.345752  	-8.001100 
-99.000000	0.166060  	1.355845  	-8.001100 
-98.000000	0.146832  	1.363419  	-8.001100 
-97.000000	0.127837  	1.369985  	-8.001100 
-96.000000	0.108843  	1.376551  	-8.001100 
-95.000000	0.089848  	1.383117  	-8.001100 
-94.000000	0.071274  	1.388376  	-8.001100 
-93.000000	0.053455  	1.391282  	-8.001100 
-92.000000	0.035637  	1.394188  	-8.001100 
-91.000000	0.017818  	1.397094  	-8.001100 
-90.000000	0.000000  	1.400000  	-8.001100 
-89.000000	-0.017818 	1.397094  	-8.001100 
-88.000000	-0.035637 	1.394188  	-8.001100 
-87.000000	-0.053455 	1.391282  	-8.001100 
-86.000000	-0.071274 	1.388376  	-8.001100 
-85.000000	-0.089848 	1.383117  	-8.001100 
-84.000000	-0.108843 	1.376551  	-8.001100 
-83.000000	-0.127837 	1.369985  	-8.001100 
-82.000000	-0.146832 	1.363419  	-8.001100 
-81.000000	-0.166060 	1.355845  	-8.001100 
-80.000000	-0.185875 	1.345752  	-8.001100 
-79.000000	-0.205689 	1.335659  	-8.001100 
-78.000000	-0.225504 	1.325566  	-8.001100 
-77.000000	-0.245318 	1.315473  	-8.001100 
-76.000000	-0.265600 	1.302305  	-8.001100 
-75.000000	-0.285918 	1.288900  	-8.001100 
-74.000000	-0.306236 	1.275495  	-8.001100 
-73.000000	-0.326554 	1.262091  	-8.001100 
-72.000000	-0.347010 	1.246961  	-8.001100 
-71.000000	-0.367568 	1.230536  	-8.001100 
-70.000000	-0.388127 	1.214112  	-8.001100 
-69.000000	-0.408685 	1.197688  	-8.001100 
-68.000000	-0.429253 	1.180694  	-8.001100 
-67.000000	-0.449857 	1.161612  	-8.001100 
-66.000000	-0.470460 	1.142530  	-8.001100 
-65.000000	-0.491064 	1.123448  	-8.001100 
-64.000000	-0.511668 	1.104366  	-8.001100 
-63.000000	-0.532217 	1.083369  	-8.001100 
-62.000000	-0.552758 	1.062053  	-8.001100 
-61.000000	-0.573299 	1.040738  	-8.001100 
-60.000000	-0.593840 	1.019422  	-8.001100 
-59.000000	-0.614351 	0.997227  	-8.001100 
-58.000000	-0.634833 	0.974154  	-8.001100 
-57.000000	-0.655314 	0.951080  	-8.001100 
-56.000000	-0.675795 	0.928007  	-8.001100 
-55.000000	-0.696288 	0.904756  	-8.001100 
-54.000000	-0.716856 	0.880443  	-8.001100 
-53.000000	-0.737423 	0.856129  	-8.001100 
-52.000000	-0.757991 	0.831816  	-8.001100 
-51.000000	-0.778558 	0.807502  	-8.001100 
-50.000000	-0.799457 	0.782643  	-8.001100 
-49.000000	-0.820446 	0.757636  	-8.001100 
-48.000000	-0.841436 	0.732629  	-8.001100 
-47.000000	-0.862425 	0.707622  	-8.001100 
-46.000000	-0.883852 	0.682559  	-8.001100 
-45.000000	-0.905861 	0.657422  	-8.001100 
-44.000000	-0.927871 	0.632286  	-8.001100 
-43.000000	-0.949881 	0.607149  	-8.001100 
-42.000000	-0.972033 	0.582043  	-8.001100 
-41.000000	-0.996042 	0.557344  	-8.001100 
-40.000000	-1.020052 	0.532645  	-8.001100 
-39.000000	-1.044061 	0.507946  	-8.001100 
-38.000000	-1.068071 	0.483247  	-8.001100 
-37.000000	-1.094632 	0.459260  	-8.001100 
-36.000000	-1.122215 	0.435558  	-8.001100 
-35.000000	-1.149797 	0.411855  	-8.001100 
-34.000000	-1.177379 	0.388153  	-8.001100 
-33.000000	-1.207154 	0.364998  	-8.001100 
-32.000000	-1.240876 	0.342828  	-8.001100 
-31.000000	-1.274597 	0.320659  	-8.001100 
-30.000000	-1.308319 	0.298489  	-8.001100 
-29.000000	-1.342040 	0.276320  	-8.001100 
-28.000000	-1.296027 	0.262735  	-8.001100 
-27.000000	-1.250015 	0.249149  	-8.001100 
-26.000000	-1.204002 	0.235564  	-8.001100 
-25.000000	-1.157989 	0.221979  	-8.001100 
-24.000000	-1.111977 	0.208394  	-8.001100 
-23.000000	-1.065964 	0.194808  	-8.001100 
-22.000000	-1.019952 	0.181223  	-8.001100 
-21.000000	-0.973939 	0.167638  	-8.001100 
-20.000000	-0.927926 	0.154053  	-8.001100 
-19.000000	-0.881914 	0.140467  	-8.001100 
-18.000000	-0.835901 	0.126882  	-8.001100 
-17.000000	-0.789888 	0.113297  	-8.001100 
-16.000000	-0.743876 	0.099712  	-8.001100 
-15.000000	-0.697863 	0.086126  	-8.001100 
-14.000000	-0.651851 	0.072541  	-8.001100 
-13.000000	-0.605838 	0.058956  	-8.001100 
-12.000000	-0.559825 	0.045371  	-6.370442 
-11.000000	-0.513813 	0.031785  	-4.087521 
-10.000000	-0.467800 	0.018200  	-1.804600 
-9.000000 	-0.323500 	0.017860  	-1.666300 
-8.000000 	-0.179800 	0.017660  	-1.533300 
-7.000000 	-0.042500 	0.017530  	-1.409700 
-6.000000 	0.098400  	0.017430  	-1.289000 
-5.000000 	0.235100  	0.017450  	-1.174300 
-4.000000 	0.371200  	0.017520  	-1.062700 
-3.000000 	0.507300  	0.017660  	-1.100100 
-2.000000 	0.640400  	0.017880  	-1.201600 
-1.000000 	0.771800  	0.018140  	-1.306900 
0.000000  	0.902200  	0.018450  	-1.418300 
1.000000  	1.030900  	0.018850  	-1.534200 
2.000000  	1.156500  	0.019300  	-1.660900 
3.000000  	1.279700  	0.019770  	-1.805800 
4.000000  	1.400100  	0.020380  	-1.976100 
5.000000  	1.517700  	0.021120  	-2.172100 
6.000000  	1.628900  	0.022090  	-2.398000 
7.000000  	1.734100  	0.023300  	-2.659400 
8.000000  	1.830400  	0.024890  	-2.948800 
9.000000  	1.901900  	0.027410  	-3.242000 
10.000000 	1.933100  	0.031890  	-3.532800 
11.000000 	1.946700  	0.038930  	-3.801500 
12.000000 	1.941700  	0.049860  	-4.033000 
13.000000 	1.926300  	0.063640  	-4.246800 
14.000000 	1.904300  	0.078890  	-4.434900 
15.000000 	1.883500  	0.094500  	-4.627000 
16.000000 	1.870600  	0.109620  	-4.836500 
17.000000 	1.862600  	0.124170  	-5.064100 
18.000000 	1.864900  	0.137590  	-5.330300 
19.000000 	1.867000  	0.150930  	-5.587200 
20.000000 	1.871200  	0.164120  	-5.844800 
21.000000 	1.875800  	0.177120  	-6.124500 
22.000000 	1.881100  	0.190010  	-6.373200 
23.000000 	1.882500  	0.203450  	-6.609400 
24.000000 	1.884900  	0.216740  	-6.834100 
25.000000 	1.889100  	0.229530  	-7.085600 
26.000000 	1.893600  	0.242120  	-7.325100 
27.000000 	1.901600  	0.253790  	-7.553300 
28.000000 	1.908400  	0.265410  	-7.774500 
29.000000 	1.917200  	0.276320  	-8.001100 
30.000000 	1.869026  	0.298489  	-8.001100 
31.000000 	1.820853  	0.320659  	-8.001100 
32.000000 	1.772679  	0.342828  	-8.001100 
33.000000 	1.724506  	0.364998  	-8.001100 
34.000000 	1.681970  	0.388153  	-8.001100 
35.000000 	1.642567  	0.411855  	-8.001100 
36.000000 	1.603164  	0.435558  	-8.001100 
37.000000 	1.563761  	0.459260  	-8.001100 
38.000000 	1.525816  	0.483247  	-8.001100 
39.000000 	1.491516  	0.507946  	-8.001100 
40.000000 	1.457217  	0.532645  	-8.001100 
41.000000 	1.422918  	0.557344  	-8.001100 
42.000000 	1.388619  	0.582043  	-8.001100 
43.000000 	1.356972  	0.607149  	-8.001100 
44.000000 	1.325530  	0.632286  	-8.001100 
45.000000 	1.294088  	0.657422  	-8.001100 
46.000000 	1.262646  	0.682559  	-8.001100 
47.000000 	1.232036  	0.707622  	-8.001100 
48.000000 	1.202051  	0.732629  	-8.001100 
49.000000 	1.172066  	0.757636  	-8.001100 
50.000000 	1.142081  	0.782643  	-8.001100 
51.000000 	1.112226  	0.807502  	-8.001100 
52.000000 	1.082844  	0.831816  	-8.001100 
53.000000 	1.053462  	0.856129  	-8.001100 
54.000000 	1.024080  	0.880443  	-8.001100 
55.000000 	0.994698  	0.904756  	-8.001100 
56.000000 	0.965421  	0.928007  	-8.001100 
57.000000 	0.936162  	0.951080  	-8.001100 
58.000000 	0.906904  	0.974154  	-8.001100 
59.000000 	0.877645  	0.997227  	-8.001100 
60.000000 	0.848343  	1.019422  	-8.001100 
61.000000 	0.818999  	1.040738  	-8.001100 
62.000000 	0.789655  	1.062053  	-8.001100 
63.000000 	0.760311  	1.083369  	-8.001100 
64.000000 	0.730954  	1.104366  	-8.001100 
65.000000 	0.701520  	1.123448  	-8.001100 
66.000000 	0.672086  	1.142530  	-8.001100 
67.000000 	0.642652  	1.161612  	-8.001100 
68.000000 	0.613219  	1.180694  	-8.001100 
69.000000 	0.583836  	1.197688  	-8.001100 
70.000000 	0.554466  	1.214112  	-8.001100 
71.000000 	0.525097  	1.230536  	-8.001100 
72.000000 	0.495728  	1.246961  	-8.001100 
73.000000 	0.466506  	1.262091  	-8.001100 
74.000000 	0.437480  	1.275495  	-8.001100 
75.000000 	0.408455  	1.288900  	-8.001100 
76.000000 	0.379429  	1.302305  	-8.001100 
77.000000 	0.350454  	1.315473  	-8.001100 
78.000000 	0.322148  	1.325566  	-8.001100 
79.000000 	0.293842  	1.335659  	-8.001100 
80.000000 	0.265535  	1.345752  	-8.001100 
81.000000 	0.237229  	1.355845  	-8.001100 
82.000000 	0.209759  	1.363419  	-8.001100 
83.000000 	0.182625  	1.369985  	-8.001100 
84.000000 	0.155490  	1.376551  	-8.001100 
85.000000 	0.128355  	1.383117  	-8.001100 
86.000000 	0.101820  	1.388376  	-8.001100 
87.000000 	0.076365  	1.391282  	-8.001100 
88.000000 	0.050910  	1.394188  	-8.001100 
89.000000 	0.025455  	1.397094  	-8.001100 
90.000000 	0.000000  	1.400000  	-8.001100 
91.000000 	-0.017818 	1.397094  	-8.001100 
92.000000 	-0.035637 	1.394188  	-8.001100 
93.000000 	-0.053455 	1.391282  	-8.001100 
94.000000 	-0.071274 	1.388376  	-8.001100 
95.000000 	-0.089848 	1.383117  	-8.001100 
96.000000 	-0.108843 	1.376551  	-8.001100 
97.000000 	-0.127837 	1.369985  	-8.001100 
98.000000 	-0.146832 	1.363419  	-8.001100 
99.000000 	-0.166060 	1.355845  	-8.001100 
100.000000	-0.185875 	1.345752  	-8.001100 
101.000000	-0.205689 	1.335659  	-8.001100 
102.000000	-0.225504 	1.325566  	-8.001100 
103.000000	-0.245318 	1.315473  	-8.001100 
104.000000	-0.265600 	1.302305  	-8.001100 
105.000000	-0.285918 	1.288900  	-8.001100 
106.000000	-0.306236 	1.275495  	-8.001100 
107.000000	-0.326554 	1.262091  	-8.001100 
108.000000	-0.347010 	1.246961  	-8.001100 
109.000000	-0.367568 	1.230536  	-8.001100 
110.000000	-0.388127 	1.214112  	-8.001100 
111.000000	-0.408685 	1.197688  	-8.001100 
112.000000	-0.429253 	1.180694  	-8.001100 
113.000000	-0.449857 	1.161612  	-8.001100 
114.000000	-0.470460 	1.142530  	-8.001100 
115.000000	-0.491064 	1.123448  	-8.001100 
116.000000	-0.511668 	1.104366  	-8.001100 
117.000000	-0.532217 	1.083369  	-8.001100 
118.000000	-0.552758 	1.062053  	-8.001100 
119.000000	-0.573299 	1.040738  	-8.001100 
120.000000	-0.593840 	1.019422  	-8.001100 
121.000000	-0.614351 	0.997227  	-8.001100 
122.000000	-0.634833 	0.974154  	-8.001100 
123.000000	-0.655314 	0.951080  	-8.001100 
124.000000	-0.675795 	0.928007  	-8.001100 
125.000000	-0.696288 	0.904756  	-8.001100 
126.000000	-0.716856 	0.880443  	-8.001100 
127.000000	-0.737423 	0.856129  	-8.001100 
128.000000	-0.757991 	0.831816  	-8.001100 
129.000000	-0.778558 	0.807502  	-8.001100 
130.000000	-0.799457 	0.782643  	-8.001100 
131.000000	-0.820446 	0.757636  	-8.001100 
132.000000	-0.841436 	0.732629  	-8.001100 
133.000000	-0.862425 	0.707622  	-8.001100 
134.000000	-0.883852 	0.682559  	-8.001100 
135.000000	-0.905861 	0.657422  	-8.001100 
136.000000	-0.927871 	0.632286  	-8.001100 
137.000000	-0.949881 	0.607149  	-8.001100 
138.000000	-0.972033 	0.582043  	-8.001100 
139.000000	-0.996042 	0.557344  	-8.001100 
140.000000	-1.020052 	0.532645  	-8.001100 
141.000000	-1.044061 	0.507946  	-8.001100 
142.000000	-1.068071 	0.483247  	-8.001100 
143.000000	-1.094632 	0.459260  	-8.001100 
144.000000	-1.122215 	0.435558  	-8.001100 
145.000000	-1.149797 	0.411855  	-8.001100 
146.000000	-1.177379 	0.388153  	-8.001100 
147.000000	-1.207154 	0.364998  	-8.001100 
148.000000	-1.240876 	0.342828  	-8.001100 
149.000000	-1.274597 	0.320659  	-8.001100 
150.000000	-1.308319 	0.298489  	-8.001100 
151.000000	-1.342040 	0.276320  	-8.001100 
152.000000	-1.295763 	0.255591  	-8.001100 
153.000000	-1.249486 	0.234862  	-8.001100 
154.000000	-1.203208 	0.215131  	-8.001100 
155.000000	-1.156931 	0.195477  	-8.001100 
156.000000	-1.110654 	0.176832  	-8.001100 
157.000000	-1.064377 	0.158355  	-8.001100 
158.000000	-1.018099 	0.140876  	-8.001100 
159.000000	-0.971822 	0.123670  	-8.001100 
160.000000	-0.925545 	0.107436  	-8.001100 
161.000000	-0.879268 	0.091589  	-8.001100 
162.000000	-0.832990 	0.076670  	-8.001100 
163.000000	-0.786713 	0.062265  	-8.001100 
164.000000	-0.740436 	0.048725  	-8.001100 
165.000000	-0.694159 	0.035835  	-8.001100 
166.000000	-0.647881 	0.023736  	-8.001100 
167.000000	-0.601604 	0.012427  	-8.001100 
168.000000	-0.555327 	0.004938  	-8.001100 
169.000000	-0.509050 	0.002541  	-8.001100 
170.000000	-0.462772 	0.001000  	-8.001100 
171.000000	-0.416495 	0.001000  	-8.001100 
172.000000	-0.370218 	0.001000  	-8.001100 
173.000000	-0.323941 	0.001000  	-8.001100 
174.000000	-0.277663 	0.001000  	-8.001100 
175.000000	-0.231386 	0.001000  	-8.001100 
176.000000	-0.185109 	0.001000  	-8.001100 
177.000000	-0.138832 	0.001000  	-8.001100 
178.000000	-0.092554 	0.001000  	-8.001100 
179.000000	-0.046277 	0.001000  	-8.001100 
180.000000	0.000000  	0.001000  	-8.001100 
! ------------------------------------------------------------------------------
! data for table	6         
! ------------------------------------------------------------------------------
  0.700000  	Re           ! Reynolds number in millions
  0.000000  	UserProp     ! User property (control) setting
Flase           InclUAdata   ! Is unsteady aerodynamics data included in this table? If TRUE, then include UA coefficients below this line. Any missing coefficients will be calculated internally.
! Table of aerodynamics coefficients
  361       	NumAlf       ! Number of data lines in the following table
!Alpha      Cl          Cd          Cm/Cp
!(deg)      (-)         (-)         (-)
-180.000000	0.000000  	0.001000  	-8.016500 
-179.000000	0.046297  	0.001000  	-8.016500 
-178.000000	0.092593  	0.001000  	-8.016500 
-177.000000	0.138890  	0.001000  	-8.016500 
-176.000000	0.185186  	0.001000  	-8.016500 
-175.000000	0.231483  	0.001000  	-8.016500 
-174.000000	0.277779  	0.001000  	-8.016500 
-173.000000	0.324076  	0.001000  	-8.016500 
-172.000000	0.370372  	0.001000  	-8.016500 
-171.000000	0.416669  	0.001000  	-8.016500 
-170.000000	0.462966  	0.001000  	-8.016500 
-169.000000	0.509262  	0.002815  	-8.016500 
-168.000000	0.555559  	0.005638  	-8.016500 
-167.000000	0.601855  	0.013307  	-8.016500 
-166.000000	0.648152  	0.024612  	-8.016500 
-165.000000	0.694448  	0.036708  	-8.016500 
-164.000000	0.740745  	0.049593  	-8.016500 
-163.000000	0.787041  	0.063128  	-8.016500 
-162.000000	0.833338  	0.077529  	-8.016500 
-161.000000	0.879634  	0.092443  	-8.016500 
-160.000000	0.925931  	0.108284  	-8.016500 
-159.000000	0.972228  	0.124514  	-8.016500 
-158.000000	1.018524  	0.141714  	-8.016500 
-157.000000	1.064821  	0.159186  	-8.016500 
-156.000000	1.111117  	0.177657  	-8.016500 
-155.000000	1.157414  	0.196296  	-8.016500 
-154.000000	1.203710  	0.215943  	-8.016500 
-153.000000	1.250007  	0.235666  	-8.016500 
-152.000000	1.296303  	0.256388  	-8.016500 
-151.000000	1.342600  	0.277110  	-8.016500 
-150.000000	1.308853  	0.299271  	-8.016500 
-149.000000	1.275107  	0.321432  	-8.016500 
-148.000000	1.241360  	0.343594  	-8.016500 
-147.000000	1.207613  	0.365755  	-8.016500 
-146.000000	1.177817  	0.388901  	-8.016500 
-145.000000	1.150214  	0.412594  	-8.016500 
-144.000000	1.122612  	0.436288  	-8.016500 
-143.000000	1.095010  	0.459981  	-8.016500 
-142.000000	1.068429  	0.483959  	-8.016500 
-141.000000	1.044404  	0.508648  	-8.016500 
-140.000000	1.020378  	0.533337  	-8.016500 
-139.000000	0.996352  	0.558026  	-8.016500 
-138.000000	0.972326  	0.582714  	-8.016500 
-137.000000	0.950160  	0.607809  	-8.016500 
-136.000000	0.928137  	0.632935  	-8.016500 
-135.000000	0.906114  	0.658061  	-8.016500 
-134.000000	0.884090  	0.683187  	-8.016500 
-133.000000	0.862652  	0.708238  	-8.016500 
-132.000000	0.841651  	0.733233  	-8.016500 
-131.000000	0.820650  	0.758228  	-8.016500 
-130.000000	0.799649  	0.783224  	-8.016500 
-129.000000	0.778739  	0.808070  	-8.016500 
-128.000000	0.758162  	0.832371  	-8.016500 
-127.000000	0.737585  	0.856672  	-8.016500 
-126.000000	0.717008  	0.880973  	-8.016500 
-125.000000	0.696431  	0.905275  	-8.016500 
-124.000000	0.675929  	0.928512  	-8.016500 
-123.000000	0.655440  	0.951572  	-8.016500 
-122.000000	0.634951  	0.974632  	-8.016500 
-121.000000	0.614462  	0.997692  	-8.016500 
-120.000000	0.593943  	1.019873  	-8.016500 
-119.000000	0.573395  	1.041175  	-8.016500 
-118.000000	0.552848  	1.062477  	-8.016500 
-117.000000	0.532300  	1.083779  	-8.016500 
-116.000000	0.511744  	1.104762  	-8.016500 
-115.000000	0.491134  	1.123829  	-8.016500 
-114.000000	0.470525  	1.142897  	-8.016500 
-113.000000	0.449916  	1.161964  	-8.016500 
-112.000000	0.429307  	1.181032  	-8.016500 
-111.000000	0.408734  	1.198011  	-8.016500 
-110.000000	0.388171  	1.214421  	-8.016500 
-109.000000	0.367608  	1.230830  	-8.016500 
-108.000000	0.347046  	1.247240  	-8.016500 
-107.000000	0.326586  	1.262355  	-8.016500 
-106.000000	0.306265  	1.275744  	-8.016500 
-105.000000	0.285943  	1.289134  	-8.016500 
-104.000000	0.265622  	1.302523  	-8.016500 
-103.000000	0.245337  	1.315676  	-8.016500 
-102.000000	0.225520  	1.325753  	-8.016500 
-101.000000	0.205703  	1.335831  	-8.016500 
-100.000000	0.185886  	1.345908  	-8.016500 
-99.000000	0.166069  	1.355986  	-8.016500 
-98.000000	0.146839  	1.363544  	-8.016500 
-97.000000	0.127843  	1.370095  	-8.016500 
-96.000000	0.108847  	1.376645  	-8.016500 
-95.000000	0.089851  	1.383196  	-8.016500 
-94.000000	0.071276  	1.388439  	-8.016500 
-93.000000	0.053457  	1.391329  	-8.016500 
-92.000000	0.035638  	1.394220  	-8.016500 
-91.000000	0.017819  	1.397110  	-8.016500 
-90.000000	0.000000  	1.400000  	-8.016500 
-89.000000	-0.017819 	1.397110  	-8.016500 
-88.000000	-0.035638 	1.394220  	-8.016500 
-87.000000	-0.053457 	1.391329  	-8.016500 
-86.000000	-0.071276 	1.388439  	-8.016500 
-85.000000	-0.089851 	1.383196  	-8.016500 
-84.000000	-0.108847 	1.376645  	-8.016500 
-83.000000	-0.127843 	1.370095  	-8.016500 
-82.000000	-0.146839 	1.363544  	-8.016500 
-81.000000	-0.166069 	1.355986  	-8.016500 
-80.000000	-0.185886 	1.345908  	-8.016500 
-79.000000	-0.205703 	1.335831  	-8.016500 
-78.000000	-0.225520 	1.325753  	-8.016500 
-77.000000	-0.245337 	1.315676  	-8.016500 
-76.000000	-0.265622 	1.302523  	-8.016500 
-75.000000	-0.285943 	1.289134  	-8.016500 
-74.000000	-0.306265 	1.275744  	-8.016500 
-73.000000	-0.326586 	1.262355  	-8.016500 
-72.000000	-0.347046 	1.247240  	-8.016500 
-71.000000	-0.367608 	1.230830  	-8.016500 
-70.000000	-0.388171 	1.214421  	-8.016500 
-69.000000	-0.408734 	1.198011  	-8.016500 
-68.000000	-0.429307 	1.181032  	-8.016500 
-67.000000	-0.449916 	1.161964  	-8.016500 
-66.000000	-0.470525 	1.142897  	-8.016500 
-65.000000	-0.491134 	1.123829  	-8.016500 
-64.000000	-0.511744 	1.104762  	-8.016500 
-63.000000	-0.532300 	1.083779  	-8.016500 
-62.000000	-0.552848 	1.062477  	-8.016500 
-61.000000	-0.573395 	1.041175  	-8.016500 
-60.000000	-0.593943 	1.019873  	-8.016500 
-59.000000	-0.614462 	0.997692  	-8.016500 
-58.000000	-0.634951 	0.974632  	-8.016500 
-57.000000	-0.655440 	0.951572  	-8.016500 
-56.000000	-0.675929 	0.928512  	-8.016500 
-55.000000	-0.696431 	0.905275  	-8.016500 
-54.000000	-0.717008 	0.880973  	-8.016500 
-53.000000	-0.737585 	0.856672  	-8.016500 
-52.000000	-0.758162 	0.832371  	-8.016500 
-51.000000	-0.778739 	0.808070  	-8.016500 
-50.000000	-0.799649 	0.783224  	-8.016500 
-49.000000	-0.820650 	0.758228  	-8.016500 
-48.000000	-0.841651 	0.733233  	-8.016500 
-47.000000	-0.862652 	0.708238  	-8.016500 
-46.000000	-0.884090 	0.683187  	-8.016500 
-45.000000	-0.906114 	0.658061  	-8.016500 
-44.000000	-0.928137 	0.632935  	-8.016500 
-43.000000	-0.950160 	0.607809  	-8.016500 
-42.000000	-0.972326 	0.582714  	-8.016500 
-41.000000	-0.996352 	0.558026  	-8.016500 
-40.000000	-1.020378 	0.533337  	-8.016500 
-39.000000	-1.044404 	0.508648  	-8.016500 
-38.000000	-1.068429 	0.483959  	-8.016500 
-37.000000	-1.095010 	0.459981  	-8.016500 
-36.000000	-1.122612 	0.436288  	-8.016500 
-35.000000	-1.150214 	0.412594  	-8.016500 
-34.000000	-1.177817 	0.388901  	-8.016500 
-33.000000	-1.207613 	0.365755  	-8.016500 
-32.000000	-1.241360 	0.343594  	-8.016500 
-31.000000	-1.275107 	0.321432  	-8.016500 
-30.000000	-1.308853 	0.299271  	-8.016500 
-29.000000	-1.342600 	0.277110  	-8.016500 
-28.000000	-1.296611 	0.263456  	-8.016500 
-27.000000	-1.250621 	0.249803  	-8.016500 
-26.000000	-1.204632 	0.236149  	-8.016500 
-25.000000	-1.158642 	0.222495  	-8.016500 
-24.000000	-1.112653 	0.208842  	-8.016500 
-23.000000	-1.066663 	0.195188  	-8.016500 
-22.000000	-1.020674 	0.181534  	-8.016500 
-21.000000	-0.974684 	0.167881  	-8.016500 
-20.000000	-0.928695 	0.154227  	-8.016500 
-19.000000	-0.882705 	0.140573  	-8.016500 
-18.000000	-0.836716 	0.126919  	-8.016500 
-17.000000	-0.790726 	0.113266  	-8.016500 
-16.000000	-0.744737 	0.099612  	-8.016500 
-15.000000	-0.698747 	0.085958  	-8.016500 
-14.000000	-0.652758 	0.072305  	-8.016500 
-13.000000	-0.606768 	0.058651  	-8.016500 
-12.000000	-0.560779 	0.044997  	-6.383000 
-11.000000	-0.514789 	0.031344  	-4.096100 
-10.000000	-0.468800 	0.017690  	-1.809200 
-9.000000 	-0.319900 	0.017280  	-1.667700 
-8.000000 	-0.180100 	0.017080  	-1.536800 
-7.000000 	-0.037000 	0.016890  	-1.410700 
-6.000000 	0.101400  	0.016870  	-1.290000 
-5.000000 	0.239400  	0.016860  	-1.175100 
-4.000000 	0.377400  	0.016930  	-1.062800 
-3.000000 	0.511800  	0.017060  	-1.103300 
-2.000000 	0.645500  	0.017240  	-1.205300 
-1.000000 	0.777900  	0.017480  	-1.311400 
0.000000  	0.908400  	0.017800  	-1.423000 
1.000000  	1.036600  	0.018150  	-1.538800 
2.000000  	1.162800  	0.018560  	-1.666100 
3.000000  	1.286300  	0.019100  	-1.811500 
4.000000  	1.408100  	0.019690  	-1.983400 
5.000000  	1.523100  	0.020525  	-2.196200 
6.000000  	1.638100  	0.021360  	-2.409000 
7.000000  	1.745100  	0.022560  	-2.674200 
8.000000  	1.841300  	0.024180  	-2.964900 
9.000000  	1.918400  	0.026570  	-3.271800 
10.000000 	1.948100  	0.031070  	-3.561300 
11.000000 	1.960100  	0.038050  	-3.829200 
12.000000 	1.959100  	0.048500  	-4.071900 
13.000000 	1.948600  	0.061620  	-4.300100 
14.000000 	1.927900  	0.076620  	-4.494400 
15.000000 	1.906900  	0.092230  	-4.690200 
16.000000 	1.890900  	0.107550  	-4.895300 
17.000000 	1.886600  	0.121630  	-5.139100 
18.000000 	1.885900  	0.135260  	-5.402300 
19.000000 	1.885500  	0.148980  	-5.656200 
20.000000 	1.890900  	0.161810  	-5.923500 
21.000000 	1.893000  	0.175210  	-6.199400 
22.000000 	1.897100  	0.188140  	-6.449000 
23.000000 	1.900300  	0.201260  	-6.697900 
24.000000 	1.901300  	0.214650  	-6.924300 
25.000000 	1.903200  	0.227830  	-7.169100 
26.000000 	1.904900  	0.240850  	-7.400100 
27.000000 	1.908300  	0.253350  	-7.602900 
28.000000 	1.912100  	0.265530  	-7.809100 
29.000000 	1.918000  	0.277110  	-8.016500 
30.000000 	1.869791  	0.299271  	-8.016500 
31.000000 	1.821581  	0.321432  	-8.016500 
32.000000 	1.773372  	0.343594  	-8.016500 
33.000000 	1.725162  	0.365755  	-8.016500 
34.000000 	1.682595  	0.388901  	-8.016500 
35.000000 	1.643164  	0.412594  	-8.016500 
36.000000 	1.603732  	0.436288  	-8.016500 
37.000000 	1.564300  	0.459981  	-8.016500 
38.000000 	1.526328  	0.483959  	-8.016500 
39.000000 	1.492005  	0.508648  	-8.016500 
40.000000 	1.457682  	0.533337  	-8.016500 
41.000000 	1.423360  	0.558026  	-8.016500 
42.000000 	1.389037  	0.582714  	-8.016500 
43.000000 	1.357371  	0.607809  	-8.016500 
44.000000 	1.325910  	0.632935  	-8.016500 
45.000000 	1.294448  	0.658061  	-8.016500 
46.000000 	1.262986  	0.683187  	-8.016500 
47.000000 	1.232359  	0.708238  	-8.016500 
48.000000 	1.202358  	0.733233  	-8.016500 
49.000000 	1.172357  	0.758228  	-8.016500 
50.000000 	1.142356  	0.783224  	-8.016500 
51.000000 	1.112484  	0.808070  	-8.016500 
52.000000 	1.083089  	0.832371  	-8.016500 
53.000000 	1.053693  	0.856672  	-8.016500 
54.000000 	1.024297  	0.880973  	-8.016500 
55.000000 	0.994901  	0.905275  	-8.016500 
56.000000 	0.965613  	0.928512  	-8.016500 
57.000000 	0.936343  	0.951572  	-8.016500 
58.000000 	0.907073  	0.974632  	-8.016500 
59.000000 	0.877802  	0.997692  	-8.016500 
60.000000 	0.848490  	1.019873  	-8.016500 
61.000000 	0.819136  	1.041175  	-8.016500 
62.000000 	0.789782  	1.062477  	-8.016500 
63.000000 	0.760429  	1.083779  	-8.016500 
64.000000 	0.731062  	1.104762  	-8.016500 
65.000000 	0.701620  	1.123829  	-8.016500 
66.000000 	0.672179  	1.142897  	-8.016500 
67.000000 	0.642737  	1.161964  	-8.016500 
68.000000 	0.613295  	1.181032  	-8.016500 
69.000000 	0.583906  	1.198011  	-8.016500 
70.000000 	0.554530  	1.214421  	-8.016500 
71.000000 	0.525155  	1.230830  	-8.016500 
72.000000 	0.495780  	1.247240  	-8.016500 
73.000000 	0.466552  	1.262355  	-8.016500 
74.000000 	0.437521  	1.275744  	-8.016500 
75.000000 	0.408491  	1.289134  	-8.016500 
76.000000 	0.379460  	1.302523  	-8.016500 
77.000000 	0.350481  	1.315676  	-8.016500 
78.000000 	0.322171  	1.325753  	-8.016500 
79.000000 	0.293861  	1.335831  	-8.016500 
80.000000 	0.265552  	1.345908  	-8.016500 
81.000000 	0.237242  	1.355986  	-8.016500 
82.000000 	0.209770  	1.363544  	-8.016500 
83.000000 	0.182633  	1.370095  	-8.016500 
84.000000 	0.155496  	1.376645  	-8.016500 
85.000000 	0.128359  	1.383196  	-8.016500 
86.000000 	0.101822  	1.388439  	-8.016500 
87.000000 	0.076367  	1.391329  	-8.016500 
88.000000 	0.050911  	1.394220  	-8.016500 
89.000000 	0.025456  	1.397110  	-8.016500 
90.000000 	0.000000  	1.400000  	-8.016500 
91.000000 	-0.017819 	1.397110  	-8.016500 
92.000000 	-0.035638 	1.394220  	-8.016500 
93.000000 	-0.053457 	1.391329  	-8.016500 
94.000000 	-0.071276 	1.388439  	-8.016500 
95.000000 	-0.089851 	1.383196  	-8.016500 
96.000000 	-0.108847 	1.376645  	-8.016500 
97.000000 	-0.127843 	1.370095  	-8.016500 
98.000000 	-0.146839 	1.363544  	-8.016500 
99.000000 	-0.166069 	1.355986  	-8.016500 
100.000000	-0.185886 	1.345908  	-8.016500 
101.000000	-0.205703 	1.335831  	-8.016500 
102.000000	-0.225520 	1.325753  	-8.016500 
103.000000	-0.245337 	1.315676  	-8.016500 
104.000000	-0.265622 	1.302523  	-8.016500 
105.000000	-0.285943 	1.289134  	-8.016500 
106.000000	-0.306265 	1.275744  	-8.016500 
107.000000	-0.326586 	1.262355  	-8.016500 
108.000000	-0.347046 	1.247240  	-8.016500 
109.000000	-0.367608 	1.230830  	-8.016500 
110.000000	-0.388171 	1.214421  	-8.016500 
111.000000	-0.408734 	1.198011  	-8.016500 
112.000000	-0.429307 	1.181032  	-8.016500 
113.000000	-0.449916 	1.161964  	-8.016500 
114.000000	-0.470525 	1.142897  	-8.016500 
115.000000	-0.491134 	1.123829  	-8.016500 
116.000000	-0.511744 	1.104762  	-8.016500 
117.000000	-0.532300 	1.083779  	-8.016500 
118.000000	-0.552848 	1.062477  	-8.016500 
119.000000	-0.573395 	1.041175  	-8.016500 
120.000000	-0.593943 	1.019873  	-8.016500 
121.000000	-0.614462 	0.997692  	-8.016500 
122.000000	-0.634951 	0.974632  	-8.016500 
123.000000	-0.655440 	0.951572  	-8.016500 
124.000000	-0.675929 	0.928512  	-8.016500 
125.000000	-0.696431 	0.905275  	-8.016500 
126.000000	-0.717008 	0.880973  	-8.016500 
127.000000	-0.737585 	0.856672  	-8.016500 
128.000000	-0.758162 	0.832371  	-8.016500 
129.000000	-0.778739 	0.808070  	-8.016500 
130.000000	-0.799649 	0.783224  	-8.016500 
131.000000	-0.820650 	0.758228  	-8.016500 
132.000000	-0.841651 	0.733233  	-8.016500 
133.000000	-0.862652 	0.708238  	-8.016500 
134.000000	-0.884090 	0.683187  	-8.016500 
135.000000	-0.906114 	0.658061  	-8.016500 
136.000000	-0.928137 	0.632935  	-8.016500 
137.000000	-0.950160 	0.607809  	-8.016500 
138.000000	-0.972326 	0.582714  	-8.016500 
139.000000	-0.996352 	0.558026  	-8.016500 
140.000000	-1.020378 	0.533337  	-8.016500 
141.000000	-1.044404 	0.508648  	-8.016500 
142.000000	-1.068429 	0.483959  	-8.016500 
143.000000	-1.095010 	0.459981  	-8.016500 
144.000000	-1.122612 	0.436288  	-8.016500 
145.000000	-1.150214 	0.412594  	-8.016500 
146.000000	-1.177817 	0.388901  	-8.016500 
147.000000	-1.207613 	0.365755  	-8.016500 
148.000000	-1.241360 	0.343594  	-8.016500 
149.000000	-1.275107 	0.321432  	-8.016500 
150.000000	-1.308853 	0.299271  	-8.016500 
151.000000	-1.342600 	0.277110  	-8.016500 
152.000000	-1.296303 	0.256388  	-8.016500 
153.000000	-1.250007 	0.235666  	-8.016500 
154.000000	-1.203710 	0.215943  	-8.016500 
155.000000	-1.157414 	0.196296  	-8.016500 
156.000000	-1.111117 	0.177657  	-8.016500 
157.000000	-1.064821 	0.159186  	-8.016500 
158.000000	-1.018524 	0.141714  	-8.016500 
159.000000	-0.972228 	0.124514  	-8.016500 
160.000000	-0.925931 	0.108284  	-8.016500 
161.000000	-0.879634 	0.092443  	-8.016500 
162.000000	-0.833338 	0.077529  	-8.016500 
163.000000	-0.787041 	0.063128  	-8.016500 
164.000000	-0.740745 	0.049593  	-8.016500 
165.000000	-0.694448 	0.036708  	-8.016500 
166.000000	-0.648152 	0.024612  	-8.016500 
167.000000	-0.601855 	0.013307  	-8.016500 
168.000000	-0.555559 	0.005638  	-8.016500 
169.000000	-0.509262 	0.002815  	-8.016500 
170.000000	-0.462966 	0.001000  	-8.016500 
171.000000	-0.416669 	0.001000  	-8.016500 
172.000000	-0.370372 	0.001000  	-8.016500 
173.000000	-0.324076 	0.001000  	-8.016500 
174.000000	-0.277779 	0.001000  	-8.016500 
175.000000	-0.231483 	0.001000  	-8.016500 
176.000000	-0.185186 	0.001000  	-8.016500 
177.000000	-0.138890 	0.001000  	-8.016500 
178.000000	-0.092593 	0.001000  	-8.016500 
179.000000	-0.046297 	0.001000  	-8.016500 
180.000000	0.000000  	0.001000  	-8.016500 
! ------------------------------------------------------------------------------
! data for table	7         
! ------------------------------------------------------------------------------
  0.800000  	Re           ! Reynolds number in millions
  0.000000  	UserProp     ! User property (control) setting
Flase           InclUAdata   ! Is unsteady aerodynamics data included in this table? If TRUE, then include UA coefficients below this line. Any missing coefficients will be calculated internally.
! Table of aerodynamics coefficients
  361       	NumAlf       ! Number of data lines in the following table
!Alpha      Cl          Cd          Cm/Cp
!(deg)      (-)         (-)         (-)
-180.000000	0.000000  	0.001000  	-8.049800 
-179.000000	0.046383  	0.001000  	-8.049800 
-178.000000	0.092767  	0.001000  	-8.049800 
-177.000000	0.139150  	0.001000  	-8.049800 
-176.000000	0.185534  	0.001000  	-8.049800 
-175.000000	0.231917  	0.001000  	-8.049800 
-174.000000	0.278301  	0.001000  	-8.049800 
-173.000000	0.324684  	0.001000  	-8.049800 
-172.000000	0.371068  	0.001000  	-8.049800 
-171.000000	0.417451  	0.001000  	-8.049800 
-170.000000	0.463834  	0.001000  	-8.049800 
-169.000000	0.510218  	0.002773  	-8.049800 
-168.000000	0.556601  	0.005531  	-8.049800 
-167.000000	0.602985  	0.013174  	-8.049800 
-166.000000	0.649368  	0.024479  	-8.049800 
-165.000000	0.695752  	0.036575  	-8.049800 
-164.000000	0.742135  	0.049461  	-8.049800 
-163.000000	0.788519  	0.062997  	-8.049800 
-162.000000	0.834902  	0.077398  	-8.049800 
-161.000000	0.881286  	0.092314  	-8.049800 
-160.000000	0.927669  	0.108155  	-8.049800 
-159.000000	0.974052  	0.124386  	-8.049800 
-158.000000	1.020436  	0.141587  	-8.049800 
-157.000000	1.066819  	0.159060  	-8.049800 
-156.000000	1.113203  	0.177532  	-8.049800 
-155.000000	1.159586  	0.196172  	-8.049800 
-154.000000	1.205970  	0.215819  	-8.049800 
-153.000000	1.252353  	0.235544  	-8.049800 
-152.000000	1.298737  	0.256267  	-8.049800 
-151.000000	1.345120  	0.276990  	-8.049800 
-150.000000	1.311260  	0.299152  	-8.049800 
-149.000000	1.277400  	0.321315  	-8.049800 
-148.000000	1.243540  	0.343477  	-8.049800 
-147.000000	1.209680  	0.365640  	-8.049800 
-146.000000	1.179785  	0.388787  	-8.049800 
-145.000000	1.152093  	0.412482  	-8.049800 
-144.000000	1.124400  	0.436177  	-8.049800 
-143.000000	1.096708  	0.459872  	-8.049800 
-142.000000	1.070042  	0.483851  	-8.049800 
-141.000000	1.045943  	0.508541  	-8.049800 
-140.000000	1.021843  	0.533232  	-8.049800 
-139.000000	0.997744  	0.557922  	-8.049800 
-138.000000	0.973645  	0.582612  	-8.049800 
-137.000000	0.951417  	0.607709  	-8.049800 
-136.000000	0.929332  	0.632836  	-8.049800 
-135.000000	0.907248  	0.657964  	-8.049800 
-134.000000	0.885164  	0.683091  	-8.049800 
-133.000000	0.863669  	0.708144  	-8.049800 
-132.000000	0.842617  	0.733141  	-8.049800 
-131.000000	0.821565  	0.758138  	-8.049800 
-130.000000	0.800513  	0.783136  	-8.049800 
-129.000000	0.779554  	0.807984  	-8.049800 
-128.000000	0.758933  	0.832287  	-8.049800 
-127.000000	0.738313  	0.856590  	-8.049800 
-126.000000	0.717693  	0.880893  	-8.049800 
-125.000000	0.697073  	0.905196  	-8.049800 
-124.000000	0.676534  	0.928435  	-8.049800 
-123.000000	0.656008  	0.951497  	-8.049800 
-122.000000	0.635483  	0.974560  	-8.049800 
-121.000000	0.614957  	0.997622  	-8.049800 
-120.000000	0.594405  	1.019805  	-8.049800 
-119.000000	0.573827  	1.041109  	-8.049800 
-118.000000	0.553249  	1.062413  	-8.049800 
-117.000000	0.532671  	1.083717  	-8.049800 
-116.000000	0.512085  	1.104702  	-8.049800 
-115.000000	0.491451  	1.123771  	-8.049800 
-114.000000	0.470817  	1.142841  	-8.049800 
-113.000000	0.450183  	1.161911  	-8.049800 
-112.000000	0.429549  	1.180981  	-8.049800 
-111.000000	0.408955  	1.197962  	-8.049800 
-110.000000	0.388373  	1.214374  	-8.049800 
-109.000000	0.367790  	1.230785  	-8.049800 
-108.000000	0.347207  	1.247197  	-8.049800 
-107.000000	0.326730  	1.262315  	-8.049800 
-106.000000	0.306393  	1.275706  	-8.049800 
-105.000000	0.286057  	1.289098  	-8.049800 
-104.000000	0.265720  	1.302490  	-8.049800 
-103.000000	0.245420  	1.315645  	-8.049800 
-102.000000	0.225592  	1.325725  	-8.049800 
-101.000000	0.205765  	1.335805  	-8.049800 
-100.000000	0.185937  	1.345885  	-8.049800 
-99.000000	0.166109  	1.355965  	-8.049800 
-98.000000	0.146871  	1.363525  	-8.049800 
-97.000000	0.127869  	1.370078  	-8.049800 
-96.000000	0.108867  	1.376631  	-8.049800 
-95.000000	0.089865  	1.383184  	-8.049800 
-94.000000	0.071284  	1.388430  	-8.049800 
-93.000000	0.053463  	1.391322  	-8.049800 
-92.000000	0.035642  	1.394215  	-8.049800 
-91.000000	0.017821  	1.397107  	-8.049800 
-90.000000	0.000000  	1.400000  	-8.049800 
-89.000000	-0.017821 	1.397107  	-8.049800 
-88.000000	-0.035642 	1.394215  	-8.049800 
-87.000000	-0.053463 	1.391322  	-8.049800 
-86.000000	-0.071284 	1.388430  	-8.049800 
-85.000000	-0.089865 	1.383184  	-8.049800 
-84.000000	-0.108867 	1.376631  	-8.049800 
-83.000000	-0.127869 	1.370078  	-8.049800 
-82.000000	-0.146871 	1.363525  	-8.049800 
-81.000000	-0.166109 	1.355965  	-8.049800 
-80.000000	-0.185937 	1.345885  	-8.049800 
-79.000000	-0.205765 	1.335805  	-8.049800 
-78.000000	-0.225592 	1.325725  	-8.049800 
-77.000000	-0.245420 	1.315645  	-8.049800 
-76.000000	-0.265720 	1.302490  	-8.049800 
-75.000000	-0.286057 	1.289098  	-8.049800 
-74.000000	-0.306393 	1.275706  	-8.049800 
-73.000000	-0.326730 	1.262315  	-8.049800 
-72.000000	-0.347207 	1.247197  	-8.049800 
-71.000000	-0.367790 	1.230785  	-8.049800 
-70.000000	-0.388373 	1.214374  	-8.049800 
-69.000000	-0.408955 	1.197962  	-8.049800 
-68.000000	-0.429549 	1.180981  	-8.049800 
-67.000000	-0.450183 	1.161911  	-8.049800 
-66.000000	-0.470817 	1.142841  	-8.049800 
-65.000000	-0.491451 	1.123771  	-8.049800 
-64.000000	-0.512085 	1.104702  	-8.049800 
-63.000000	-0.532671 	1.083717  	-8.049800 
-62.000000	-0.553249 	1.062413  	-8.049800 
-61.000000	-0.573827 	1.041109  	-8.049800 
-60.000000	-0.594405 	1.019805  	-8.049800 
-59.000000	-0.614957 	0.997622  	-8.049800 
-58.000000	-0.635483 	0.974560  	-8.049800 
-57.000000	-0.656008 	0.951497  	-8.049800 
-56.000000	-0.676534 	0.928435  	-8.049800 
-55.000000	-0.697073 	0.905196  	-8.049800 
-54.000000	-0.717693 	0.880893  	-8.049800 
-53.000000	-0.738313 	0.856590  	-8.049800 
-52.000000	-0.758933 	0.832287  	-8.049800 
-51.000000	-0.779554 	0.807984  	-8.049800 
-50.000000	-0.800513 	0.783136  	-8.049800 
-49.000000	-0.821565 	0.758138  	-8.049800 
-48.000000	-0.842617 	0.733141  	-8.049800 
-47.000000	-0.863669 	0.708144  	-8.049800 
-46.000000	-0.885164 	0.683091  	-8.049800 
-45.000000	-0.907248 	0.657964  	-8.049800 
-44.000000	-0.929332 	0.632836  	-8.049800 
-43.000000	-0.951417 	0.607709  	-8.049800 
-42.000000	-0.973645 	0.582612  	-8.049800 
-41.000000	-0.997744 	0.557922  	-8.049800 
-40.000000	-1.021843 	0.533232  	-8.049800 
-39.000000	-1.045943 	0.508541  	-8.049800 
-38.000000	-1.070042 	0.483851  	-8.049800 
-37.000000	-1.096708 	0.459872  	-8.049800 
-36.000000	-1.124400 	0.436177  	-8.049800 
-35.000000	-1.152093 	0.412482  	-8.049800 
-34.000000	-1.179785 	0.388787  	-8.049800 
-33.000000	-1.209680 	0.365640  	-8.049800 
-32.000000	-1.243540 	0.343477  	-8.049800 
-31.000000	-1.277400 	0.321315  	-8.049800 
-30.000000	-1.311260 	0.299152  	-8.049800 
-29.000000	-1.345120 	0.276990  	-8.049800 
-28.000000	-1.298951 	0.262968  	-8.049800 
-27.000000	-1.252781 	0.248946  	-8.049800 
-26.000000	-1.206612 	0.234924  	-8.049800 
-25.000000	-1.160442 	0.220902  	-8.049800 
-24.000000	-1.114273 	0.206879  	-8.049800 
-23.000000	-1.068103 	0.192857  	-8.049800 
-22.000000	-1.021934 	0.178835  	-8.049800 
-21.000000	-0.975764 	0.164813  	-8.049800 
-20.000000	-0.929595 	0.150791  	-8.049800 
-19.000000	-0.883425 	0.136769  	-8.049800 
-18.000000	-0.837256 	0.122747  	-8.049800 
-17.000000	-0.791086 	0.108725  	-8.049800 
-16.000000	-0.744917 	0.094703  	-8.049800 
-15.000000	-0.698747 	0.080681  	-8.049800 
-14.000000	-0.652578 	0.066658  	-8.049800 
-13.000000	-0.606408 	0.052636  	-8.049800 
-12.000000	-0.560239 	0.038614  	-6.394879 
-11.000000	-0.514069 	0.024592  	-4.077989 
-10.000000	-0.467900 	0.010570  	-1.761100 
-9.000000 	-0.327200 	0.010270  	-1.624900 
-8.000000 	-0.181100 	0.009950  	-1.492100 
-7.000000 	-0.041600 	0.009790  	-1.366900 
-6.000000 	0.096600  	0.009680  	-1.247600 
-5.000000 	0.234300  	0.009700  	-1.132600 
-4.000000 	0.380800  	0.016480  	-1.062900 
-3.000000 	0.516200  	0.016600  	-1.106300 
-2.000000 	0.650300  	0.016780  	-1.208700 
-1.000000 	0.782500  	0.017020  	-1.314900 
0.000000  	0.912900  	0.017300  	-1.426600 
1.000000  	1.041500  	0.017660  	-1.542700 
2.000000  	1.167900  	0.018100  	-1.670200 
3.000000  	1.292700  	0.018560  	-1.816800 
4.000000  	1.413700  	0.019180  	-1.988600 
5.000000  	1.532400  	0.019880  	-2.187100 
6.000000  	1.646200  	0.020800  	-2.418400 
7.000000  	1.753600  	0.021990  	-2.685700 
8.000000  	1.850900  	0.023600  	-2.978900 
9.000000  	1.931100  	0.025920  	-3.294600 
10.000000 	1.960200  	0.030380  	-3.584800 
11.000000 	1.973100  	0.037190  	-3.855700 
12.000000 	1.975100  	0.047100  	-4.107700 
13.000000 	1.966400  	0.060000  	-4.342600 
14.000000 	1.946700  	0.074790  	-4.541500 
15.000000 	1.926900  	0.090190  	-4.744600 
16.000000 	1.913100  	0.105130  	-4.959400 
17.000000 	1.906700  	0.119350  	-5.201900 
18.000000 	1.901300  	0.133610  	-5.455000 
19.000000 	1.905700  	0.146510  	-5.731300 
20.000000 	1.905900  	0.160080  	-5.982700 
21.000000 	1.912300  	0.172700  	-6.281700 
22.000000 	1.913700  	0.186020  	-6.526000 
23.000000 	1.914100  	0.199470  	-6.761250 
24.000000 	1.914500  	0.212920  	-6.996500 
25.000000 	1.914300  	0.226370  	-7.235900 
26.000000 	1.912400  	0.240050  	-7.451400 
27.000000 	1.915750  	0.252420  	-7.657850 
28.000000 	1.919100  	0.264790  	-7.864300 
29.000000 	1.921600  	0.276990  	-8.049800 
30.000000 	1.873229  	0.299152  	-8.049800 
31.000000 	1.824857  	0.321315  	-8.049800 
32.000000 	1.776486  	0.343477  	-8.049800 
33.000000 	1.728115  	0.365640  	-8.049800 
34.000000 	1.685408  	0.388787  	-8.049800 
35.000000 	1.645847  	0.412482  	-8.049800 
36.000000 	1.606286  	0.436177  	-8.049800 
37.000000 	1.566726  	0.459872  	-8.049800 
38.000000 	1.528632  	0.483851  	-8.049800 
39.000000 	1.494204  	0.508541  	-8.049800 
40.000000 	1.459776  	0.533232  	-8.049800 
41.000000 	1.425349  	0.557922  	-8.049800 
42.000000 	1.390921  	0.582612  	-8.049800 
43.000000 	1.359166  	0.607709  	-8.049800 
44.000000 	1.327618  	0.632836  	-8.049800 
45.000000 	1.296069  	0.657964  	-8.049800 
46.000000 	1.264520  	0.683091  	-8.049800 
47.000000 	1.233814  	0.708144  	-8.049800 
48.000000 	1.203739  	0.733141  	-8.049800 
49.000000 	1.173665  	0.758138  	-8.049800 
50.000000 	1.143590  	0.783136  	-8.049800 
51.000000 	1.113648  	0.807984  	-8.049800 
52.000000 	1.084191  	0.832287  	-8.049800 
53.000000 	1.054733  	0.856590  	-8.049800 
54.000000 	1.025276  	0.880893  	-8.049800 
55.000000 	0.995819  	0.905196  	-8.049800 
56.000000 	0.966477  	0.928435  	-8.049800 
57.000000 	0.937155  	0.951497  	-8.049800 
58.000000 	0.907833  	0.974560  	-8.049800 
59.000000 	0.878510  	0.997622  	-8.049800 
60.000000 	0.849151  	1.019805  	-8.049800 
61.000000 	0.819753  	1.041109  	-8.049800 
62.000000 	0.790356  	1.062413  	-8.049800 
63.000000 	0.760959  	1.083717  	-8.049800 
64.000000 	0.731551  	1.104702  	-8.049800 
65.000000 	0.702073  	1.123771  	-8.049800 
66.000000 	0.672596  	1.142841  	-8.049800 
67.000000 	0.643119  	1.161911  	-8.049800 
68.000000 	0.613642  	1.180981  	-8.049800 
69.000000 	0.584222  	1.197962  	-8.049800 
70.000000 	0.554818  	1.214374  	-8.049800 
71.000000 	0.525414  	1.230785  	-8.049800 
72.000000 	0.496010  	1.247197  	-8.049800 
73.000000 	0.466757  	1.262315  	-8.049800 
74.000000 	0.437705  	1.275706  	-8.049800 
75.000000 	0.408652  	1.289098  	-8.049800 
76.000000 	0.379600  	1.302490  	-8.049800 
77.000000 	0.350599  	1.315645  	-8.049800 
78.000000 	0.322274  	1.325725  	-8.049800 
79.000000 	0.293949  	1.335805  	-8.049800 
80.000000 	0.265624  	1.345885  	-8.049800 
81.000000 	0.237299  	1.355965  	-8.049800 
82.000000 	0.209816  	1.363525  	-8.049800 
83.000000 	0.182670  	1.370078  	-8.049800 
84.000000 	0.155524  	1.376631  	-8.049800 
85.000000 	0.128378  	1.383184  	-8.049800 
86.000000 	0.101835  	1.388430  	-8.049800 
87.000000 	0.076376  	1.391322  	-8.049800 
88.000000 	0.050917  	1.394215  	-8.049800 
89.000000 	0.025459  	1.397107  	-8.049800 
90.000000 	0.000000  	1.400000  	-8.049800 
91.000000 	-0.017821 	1.397107  	-8.049800 
92.000000 	-0.035642 	1.394215  	-8.049800 
93.000000 	-0.053463 	1.391322  	-8.049800 
94.000000 	-0.071284 	1.388430  	-8.049800 
95.000000 	-0.089865 	1.383184  	-8.049800 
96.000000 	-0.108867 	1.376631  	-8.049800 
97.000000 	-0.127869 	1.370078  	-8.049800 
98.000000 	-0.146871 	1.363525  	-8.049800 
99.000000 	-0.166109 	1.355965  	-8.049800 
100.000000	-0.185937 	1.345885  	-8.049800 
101.000000	-0.205765 	1.335805  	-8.049800 
102.000000	-0.225592 	1.325725  	-8.049800 
103.000000	-0.245420 	1.315645  	-8.049800 
104.000000	-0.265720 	1.302490  	-8.049800 
105.000000	-0.286057 	1.289098  	-8.049800 
106.000000	-0.306393 	1.275706  	-8.049800 
107.000000	-0.326730 	1.262315  	-8.049800 
108.000000	-0.347207 	1.247197  	-8.049800 
109.000000	-0.367790 	1.230785  	-8.049800 
110.000000	-0.388373 	1.214374  	-8.049800 
111.000000	-0.408955 	1.197962  	-8.049800 
112.000000	-0.429549 	1.180981  	-8.049800 
113.000000	-0.450183 	1.161911  	-8.049800 
114.000000	-0.470817 	1.142841  	-8.049800 
115.000000	-0.491451 	1.123771  	-8.049800 
116.000000	-0.512085 	1.104702  	-8.049800 
117.000000	-0.532671 	1.083717  	-8.049800 
118.000000	-0.553249 	1.062413  	-8.049800 
119.000000	-0.573827 	1.041109  	-8.049800 
120.000000	-0.594405 	1.019805  	-8.049800 
121.000000	-0.614957 	0.997622  	-8.049800 
122.000000	-0.635483 	0.974560  	-8.049800 
123.000000	-0.656008 	0.951497  	-8.049800 
124.000000	-0.676534 	0.928435  	-8.049800 
125.000000	-0.697073 	0.905196  	-8.049800 
126.000000	-0.717693 	0.880893  	-8.049800 
127.000000	-0.738313 	0.856590  	-8.049800 
128.000000	-0.758933 	0.832287  	-8.049800 
129.000000	-0.779554 	0.807984  	-8.049800 
130.000000	-0.800513 	0.783136  	-8.049800 
131.000000	-0.821565 	0.758138  	-8.049800 
132.000000	-0.842617 	0.733141  	-8.049800 
133.000000	-0.863669 	0.708144  	-8.049800 
134.000000	-0.885164 	0.683091  	-8.049800 
135.000000	-0.907248 	0.657964  	-8.049800 
136.000000	-0.929332 	0.632836  	-8.049800 
137.000000	-0.951417 	0.607709  	-8.049800 
138.000000	-0.973645 	0.582612  	-8.049800 
139.000000	-0.997744 	0.557922  	-8.049800 
140.000000	-1.021843 	0.533232  	-8.049800 
141.000000	-1.045943 	0.508541  	-8.049800 
142.000000	-1.070042 	0.483851  	-8.049800 
143.000000	-1.096708 	0.459872  	-8.049800 
144.000000	-1.124400 	0.436177  	-8.049800 
145.000000	-1.152093 	0.412482  	-8.049800 
146.000000	-1.179785 	0.388787  	-8.049800 
147.000000	-1.209680 	0.365640  	-8.049800 
148.000000	-1.243540 	0.343477  	-8.049800 
149.000000	-1.277400 	0.321315  	-8.049800 
150.000000	-1.311260 	0.299152  	-8.049800 
151.000000	-1.345120 	0.276990  	-8.049800 
152.000000	-1.298737 	0.256267  	-8.049800 
153.000000	-1.252353 	0.235544  	-8.049800 
154.000000	-1.205970 	0.215819  	-8.049800 
155.000000	-1.159586 	0.196172  	-8.049800 
156.000000	-1.113203 	0.177532  	-8.049800 
157.000000	-1.066819 	0.159060  	-8.049800 
158.000000	-1.020436 	0.141587  	-8.049800 
159.000000	-0.974052 	0.124386  	-8.049800 
160.000000	-0.927669 	0.108155  	-8.049800 
161.000000	-0.881286 	0.092314  	-8.049800 
162.000000	-0.834902 	0.077398  	-8.049800 
163.000000	-0.788519 	0.062997  	-8.049800 
164.000000	-0.742135 	0.049461  	-8.049800 
165.000000	-0.695752 	0.036575  	-8.049800 
166.000000	-0.649368 	0.024479  	-8.049800 
167.000000	-0.602985 	0.013174  	-8.049800 
168.000000	-0.556601 	0.005531  	-8.049800 
169.000000	-0.510218 	0.002773  	-8.049800 
170.000000	-0.463834 	0.001000  	-8.049800 
171.000000	-0.417451 	0.001000  	-8.049800 
172.000000	-0.371068 	0.001000  	-8.049800 
173.000000	-0.324684 	0.001000  	-8.049800 
174.000000	-0.278301 	0.001000  	-8.049800 
175.000000	-0.231917 	0.001000  	-8.049800 
176.000000	-0.185534 	0.001000  	-8.049800 
177.000000	-0.139150 	0.001000  	-8.049800 
178.000000	-0.092767 	0.001000  	-8.049800 
179.000000	-0.046383 	0.001000  	-8.049800 
180.000000	0.000000  	0.001000  	-8.049800 
! ------------------------------------------------------------------------------
! data for table	8         
! ------------------------------------------------------------------------------
  0.900000  	Re           ! Reynolds number in millions
  0.000000  	UserProp     ! User property (control) setting
Flase           InclUAdata   ! Is unsteady aerodynamics data included in this table? If TRUE, then include UA coefficients below this line. Any missing coefficients will be calculated internally.
! Table of aerodynamics coefficients
  361       	NumAlf       ! Number of data lines in the following table
!Alpha      Cl          Cd          Cm/Cp
!(deg)      (-)         (-)         (-)
-180.000000	0.000000  	0.001000  	-8.102400 
-179.000000	0.046533  	0.001000  	-8.102400 
-178.000000	0.093066  	0.001000  	-8.102400 
-177.000000	0.139599  	0.001000  	-8.102400 
-176.000000	0.186132  	0.001000  	-8.102400 
-175.000000	0.232666  	0.001000  	-8.102400 
-174.000000	0.279199  	0.001000  	-8.102400 
-173.000000	0.325732  	0.001000  	-8.102400 
-172.000000	0.372265  	0.001000  	-8.102400 
-171.000000	0.418798  	0.001000  	-8.102400 
-170.000000	0.465331  	0.001000  	-8.102400 
-169.000000	0.511864  	0.002489  	-8.102400 
-168.000000	0.558397  	0.004805  	-8.102400 
-167.000000	0.604930  	0.012260  	-8.102400 
-166.000000	0.651463  	0.023570  	-8.102400 
-165.000000	0.697997  	0.035670  	-8.102400 
-164.000000	0.744530  	0.048560  	-8.102400 
-163.000000	0.791063  	0.062101  	-8.102400 
-162.000000	0.837596  	0.076507  	-8.102400 
-161.000000	0.884129  	0.091427  	-8.102400 
-160.000000	0.930662  	0.107275  	-8.102400 
-159.000000	0.977195  	0.123510  	-8.102400 
-158.000000	1.023728  	0.140717  	-8.102400 
-157.000000	1.070261  	0.158197  	-8.102400 
-156.000000	1.116794  	0.176675  	-8.102400 
-155.000000	1.163328  	0.195322  	-8.102400 
-154.000000	1.209861  	0.214977  	-8.102400 
-153.000000	1.256394  	0.234709  	-8.102400 
-152.000000	1.302927  	0.255439  	-8.102400 
-151.000000	1.349460  	0.276170  	-8.102400 
-150.000000	1.315405  	0.298341  	-8.102400 
-149.000000	1.281350  	0.320512  	-8.102400 
-148.000000	1.247295  	0.342683  	-8.102400 
-147.000000	1.213240  	0.364854  	-8.102400 
-146.000000	1.183175  	0.388010  	-8.102400 
-145.000000	1.155328  	0.411715  	-8.102400 
-144.000000	1.127480  	0.435419  	-8.102400 
-143.000000	1.099633  	0.459123  	-8.102400 
-142.000000	1.072820  	0.483112  	-8.102400 
-141.000000	1.048594  	0.507813  	-8.102400 
-140.000000	1.024368  	0.532514  	-8.102400 
-139.000000	1.000142  	0.557215  	-8.102400 
-138.000000	0.975916  	0.581916  	-8.102400 
-137.000000	0.953581  	0.607023  	-8.102400 
-136.000000	0.931391  	0.632162  	-8.102400 
-135.000000	0.909202  	0.657301  	-8.102400 
-134.000000	0.887013  	0.682440  	-8.102400 
-133.000000	0.865423  	0.707505  	-8.102400 
-132.000000	0.844282  	0.732514  	-8.102400 
-131.000000	0.823142  	0.757524  	-8.102400 
-130.000000	0.802002  	0.782533  	-8.102400 
-129.000000	0.780957  	0.807394  	-8.102400 
-128.000000	0.760262  	0.831710  	-8.102400 
-127.000000	0.739568  	0.856026  	-8.102400 
-126.000000	0.718873  	0.880342  	-8.102400 
-125.000000	0.698179  	0.904658  	-8.102400 
-124.000000	0.677575  	0.927911  	-8.102400 
-123.000000	0.656987  	0.950987  	-8.102400 
-122.000000	0.636399  	0.974063  	-8.102400 
-121.000000	0.615811  	0.997139  	-8.102400 
-120.000000	0.595202  	1.019336  	-8.102400 
-119.000000	0.574571  	1.040654  	-8.102400 
-118.000000	0.553941  	1.061973  	-8.102400 
-117.000000	0.533311  	1.083291  	-8.102400 
-116.000000	0.512674  	1.104291  	-8.102400 
-115.000000	0.491997  	1.123375  	-8.102400 
-114.000000	0.471320  	1.142460  	-8.102400 
-113.000000	0.450643  	1.161545  	-8.102400 
-112.000000	0.429966  	1.180630  	-8.102400 
-111.000000	0.409336  	1.197626  	-8.102400 
-110.000000	0.388719  	1.214053  	-8.102400 
-109.000000	0.368102  	1.230480  	-8.102400 
-108.000000	0.347485  	1.246908  	-8.102400 
-107.000000	0.326977  	1.262041  	-8.102400 
-106.000000	0.306614  	1.275448  	-8.102400 
-105.000000	0.286252  	1.288856  	-8.102400 
-104.000000	0.265889  	1.302263  	-8.102400 
-103.000000	0.245563  	1.315434  	-8.102400 
-102.000000	0.225717  	1.325530  	-8.102400 
-101.000000	0.205871  	1.335626  	-8.102400 
-100.000000	0.186025  	1.345722  	-8.102400 
-99.000000	0.166179  	1.355818  	-8.102400 
-98.000000	0.146927  	1.363395  	-8.102400 
-97.000000	0.127914  	1.369964  	-8.102400 
-96.000000	0.108901  	1.376533  	-8.102400 
-95.000000	0.089888  	1.383102  	-8.102400 
-94.000000	0.071299  	1.388364  	-8.102400 
-93.000000	0.053474  	1.391273  	-8.102400 
-92.000000	0.035649  	1.394182  	-8.102400 
-91.000000	0.017825  	1.397091  	-8.102400 
-90.000000	0.000000  	1.400000  	-8.102400 
-89.000000	-0.017825 	1.397091  	-8.102400 
-88.000000	-0.035649 	1.394182  	-8.102400 
-87.000000	-0.053474 	1.391273  	-8.102400 
-86.000000	-0.071299 	1.388364  	-8.102400 
-85.000000	-0.089888 	1.383102  	-8.102400 
-84.000000	-0.108901 	1.376533  	-8.102400 
-83.000000	-0.127914 	1.369964  	-8.102400 
-82.000000	-0.146927 	1.363395  	-8.102400 
-81.000000	-0.166179 	1.355818  	-8.102400 
-80.000000	-0.186025 	1.345722  	-8.102400 
-79.000000	-0.205871 	1.335626  	-8.102400 
-78.000000	-0.225717 	1.325530  	-8.102400 
-77.000000	-0.245563 	1.315434  	-8.102400 
-76.000000	-0.265889 	1.302263  	-8.102400 
-75.000000	-0.286252 	1.288856  	-8.102400 
-74.000000	-0.306614 	1.275448  	-8.102400 
-73.000000	-0.326977 	1.262041  	-8.102400 
-72.000000	-0.347485 	1.246908  	-8.102400 
-71.000000	-0.368102 	1.230480  	-8.102400 
-70.000000	-0.388719 	1.214053  	-8.102400 
-69.000000	-0.409336 	1.197626  	-8.102400 
-68.000000	-0.429966 	1.180630  	-8.102400 
-67.000000	-0.450643 	1.161545  	-8.102400 
-66.000000	-0.471320 	1.142460  	-8.102400 
-65.000000	-0.491997 	1.123375  	-8.102400 
-64.000000	-0.512674 	1.104291  	-8.102400 
-63.000000	-0.533311 	1.083291  	-8.102400 
-62.000000	-0.553941 	1.061973  	-8.102400 
-61.000000	-0.574571 	1.040654  	-8.102400 
-60.000000	-0.595202 	1.019336  	-8.102400 
-59.000000	-0.615811 	0.997139  	-8.102400 
-58.000000	-0.636399 	0.974063  	-8.102400 
-57.000000	-0.656987 	0.950987  	-8.102400 
-56.000000	-0.677575 	0.927911  	-8.102400 
-55.000000	-0.698179 	0.904658  	-8.102400 
-54.000000	-0.718873 	0.880342  	-8.102400 
-53.000000	-0.739568 	0.856026  	-8.102400 
-52.000000	-0.760262 	0.831710  	-8.102400 
-51.000000	-0.780957 	0.807394  	-8.102400 
-50.000000	-0.802002 	0.782533  	-8.102400 
-49.000000	-0.823142 	0.757524  	-8.102400 
-48.000000	-0.844282 	0.732514  	-8.102400 
-47.000000	-0.865423 	0.707505  	-8.102400 
-46.000000	-0.887013 	0.682440  	-8.102400 
-45.000000	-0.909202 	0.657301  	-8.102400 
-44.000000	-0.931391 	0.632162  	-8.102400 
-43.000000	-0.953581 	0.607023  	-8.102400 
-42.000000	-0.975916 	0.581916  	-8.102400 
-41.000000	-1.000142 	0.557215  	-8.102400 
-40.000000	-1.024368 	0.532514  	-8.102400 
-39.000000	-1.048594 	0.507813  	-8.102400 
-38.000000	-1.072820 	0.483112  	-8.102400 
-37.000000	-1.099633 	0.459123  	-8.102400 
-36.000000	-1.127480 	0.435419  	-8.102400 
-35.000000	-1.155328 	0.411715  	-8.102400 
-34.000000	-1.183175 	0.388010  	-8.102400 
-33.000000	-1.213240 	0.364854  	-8.102400 
-32.000000	-1.247295 	0.342683  	-8.102400 
-31.000000	-1.281350 	0.320512  	-8.102400 
-30.000000	-1.315405 	0.298341  	-8.102400 
-29.000000	-1.349460 	0.276170  	-8.102400 
-28.000000	-1.303141 	0.262538  	-8.102400 
-27.000000	-1.256822 	0.248907  	-8.102400 
-26.000000	-1.210503 	0.235275  	-8.102400 
-25.000000	-1.164184 	0.221644  	-8.102400 
-24.000000	-1.117865 	0.208012  	-8.102400 
-23.000000	-1.071546 	0.194381  	-8.102400 
-22.000000	-1.025227 	0.180749  	-8.102400 
-21.000000	-0.978908 	0.167117  	-8.102400 
-20.000000	-0.932589 	0.153486  	-8.102400 
-19.000000	-0.886271 	0.139854  	-8.102400 
-18.000000	-0.839952 	0.126223  	-8.102400 
-17.000000	-0.793633 	0.112591  	-8.102400 
-16.000000	-0.747314 	0.098959  	-8.102400 
-15.000000	-0.700995 	0.085328  	-8.102400 
-14.000000	-0.654676 	0.071696  	-8.102400 
-13.000000	-0.608357 	0.058065  	-8.102400 
-12.000000	-0.562038 	0.044433  	-6.447453 
-11.000000	-0.515719 	0.030802  	-4.130526 
-10.000000	-0.469400 	0.017170  	-1.813600 
-9.000000 	-0.323300 	0.016750  	-1.674000 
-8.000000 	-0.175300 	0.016390  	-1.538300 
-7.000000 	-0.032700 	0.016180  	-1.412200 
-6.000000 	0.108400  	0.016090  	-1.290000 
-5.000000 	0.247200  	0.016110  	-1.174400 
-4.000000 	0.384600  	0.016150  	-1.062600 
-3.000000 	0.520200  	0.016270  	-1.108900 
-2.000000 	0.654100  	0.016450  	-1.211300 
-1.000000 	0.786500  	0.016670  	-1.317800 
0.000000  	0.917300  	0.016940  	-1.429800 
1.000000  	1.046300  	0.017270  	-1.546200 
2.000000  	1.173300  	0.017660  	-1.674300 
3.000000  	1.297700  	0.018150  	-1.820800 
4.000000  	1.419700  	0.018740  	-1.993900 
5.000000  	1.537700  	0.019510  	-2.192300 
6.000000  	1.652200  	0.020400  	-2.425400 
7.000000  	1.755900  	0.021755  	-2.708550 
8.000000  	1.859600  	0.023110  	-2.991700 
9.000000  	1.940500  	0.025430  	-3.311600 
10.000000 	1.970400  	0.029830  	-3.604800 
11.000000 	1.980150  	0.037830  	-3.872550 
12.000000 	1.989900  	0.045830  	-4.140300 
13.000000 	1.984100  	0.058240  	-4.385000 
14.000000 	1.967200  	0.072670  	-4.592900 
15.000000 	1.947500  	0.087910  	-4.800500 
16.000000 	1.931600  	0.103080  	-5.013500 
17.000000 	1.921100  	0.117760  	-5.247000 
18.000000 	1.920500  	0.131310  	-5.519800 
19.000000 	1.919200  	0.144950  	-5.781800 
20.000000 	1.923900  	0.157780  	-6.053300 
21.000000 	1.925200  	0.171100  	-6.337100 
22.000000 	1.929100  	0.183960  	-6.596600 
23.000000 	1.931200  	0.197030  	-6.851200 
24.000000 	1.931200  	0.210450  	-7.086100 
25.000000 	1.930800  	0.223840  	-7.330600 
26.000000 	1.928900  	0.237420  	-7.555800 
27.000000 	1.925600  	0.251090  	-7.727000 
28.000000 	1.924700  	0.264140  	-7.909300 
29.000000 	1.927800  	0.276170  	-8.102400 
30.000000 	1.879150  	0.298341  	-8.102400 
31.000000 	1.830500  	0.320512  	-8.102400 
32.000000 	1.781850  	0.342683  	-8.102400 
33.000000 	1.733200  	0.364854  	-8.102400 
34.000000 	1.690251  	0.388010  	-8.102400 
35.000000 	1.650468  	0.411715  	-8.102400 
36.000000 	1.610686  	0.435419  	-8.102400 
37.000000 	1.570904  	0.459123  	-8.102400 
38.000000 	1.532600  	0.483112  	-8.102400 
39.000000 	1.497991  	0.507813  	-8.102400 
40.000000 	1.463382  	0.532514  	-8.102400 
41.000000 	1.428774  	0.557215  	-8.102400 
42.000000 	1.394165  	0.581916  	-8.102400 
43.000000 	1.362258  	0.607023  	-8.102400 
44.000000 	1.330559  	0.632162  	-8.102400 
45.000000 	1.298860  	0.657301  	-8.102400 
46.000000 	1.267161  	0.682440  	-8.102400 
47.000000 	1.236318  	0.707505  	-8.102400 
48.000000 	1.206118  	0.732514  	-8.102400 
49.000000 	1.175917  	0.757524  	-8.102400 
50.000000 	1.145716  	0.782533  	-8.102400 
51.000000 	1.115652  	0.807394  	-8.102400 
52.000000 	1.086089  	0.831710  	-8.102400 
53.000000 	1.056525  	0.856026  	-8.102400 
54.000000 	1.026962  	0.880342  	-8.102400 
55.000000 	0.997398  	0.904658  	-8.102400 
56.000000 	0.967965  	0.927911  	-8.102400 
57.000000 	0.938553  	0.950987  	-8.102400 
58.000000 	0.909141  	0.974063  	-8.102400 
59.000000 	0.879730  	0.997139  	-8.102400 
60.000000 	0.850288  	1.019336  	-8.102400 
61.000000 	0.820816  	1.040654  	-8.102400 
62.000000 	0.791345  	1.061973  	-8.102400 
63.000000 	0.761873  	1.083291  	-8.102400 
64.000000 	0.732392  	1.104291  	-8.102400 
65.000000 	0.702853  	1.123375  	-8.102400 
66.000000 	0.673315  	1.142460  	-8.102400 
67.000000 	0.643776  	1.161545  	-8.102400 
68.000000 	0.614238  	1.180630  	-8.102400 
69.000000 	0.584766  	1.197626  	-8.102400 
70.000000 	0.555313  	1.214053  	-8.102400 
71.000000 	0.525861  	1.230480  	-8.102400 
72.000000 	0.496408  	1.246908  	-8.102400 
73.000000 	0.467111  	1.262041  	-8.102400 
74.000000 	0.438021  	1.275448  	-8.102400 
75.000000 	0.408931  	1.288856  	-8.102400 
76.000000 	0.379841  	1.302263  	-8.102400 
77.000000 	0.350804  	1.315434  	-8.102400 
78.000000 	0.322452  	1.325530  	-8.102400 
79.000000 	0.294101  	1.335626  	-8.102400 
80.000000 	0.265749  	1.345722  	-8.102400 
81.000000 	0.237398  	1.355818  	-8.102400 
82.000000 	0.209896  	1.363395  	-8.102400 
83.000000 	0.182734  	1.369964  	-8.102400 
84.000000 	0.155573  	1.376533  	-8.102400 
85.000000 	0.128411  	1.383102  	-8.102400 
86.000000 	0.101855  	1.388364  	-8.102400 
87.000000 	0.076392  	1.391273  	-8.102400 
88.000000 	0.050928  	1.394182  	-8.102400 
89.000000 	0.025464  	1.397091  	-8.102400 
90.000000 	0.000000  	1.400000  	-8.102400 
91.000000 	-0.017825 	1.397091  	-8.102400 
92.000000 	-0.035649 	1.394182  	-8.102400 
93.000000 	-0.053474 	1.391273  	-8.102400 
94.000000 	-0.071299 	1.388364  	-8.102400 
95.000000 	-0.089888 	1.383102  	-8.102400 
96.000000 	-0.108901 	1.376533  	-8.102400 
97.000000 	-0.127914 	1.369964  	-8.102400 
98.000000 	-0.146927 	1.363395  	-8.102400 
99.000000 	-0.166179 	1.355818  	-8.102400 
100.000000	-0.186025 	1.345722  	-8.102400 
101.000000	-0.205871 	1.335626  	-8.102400 
102.000000	-0.225717 	1.325530  	-8.102400 
103.000000	-0.245563 	1.315434  	-8.102400 
104.000000	-0.265889 	1.302263  	-8.102400 
105.000000	-0.286252 	1.288856  	-8.102400 
106.000000	-0.306614 	1.275448  	-8.102400 
107.000000	-0.326977 	1.262041  	-8.102400 
108.000000	-0.347485 	1.246908  	-8.102400 
109.000000	-0.368102 	1.230480  	-8.102400 
110.000000	-0.388719 	1.214053  	-8.102400 
111.000000	-0.409336 	1.197626  	-8.102400 
112.000000	-0.429966 	1.180630  	-8.102400 
113.000000	-0.450643 	1.161545  	-8.102400 
114.000000	-0.471320 	1.142460  	-8.102400 
115.000000	-0.491997 	1.123375  	-8.102400 
116.000000	-0.512674 	1.104291  	-8.102400 
117.000000	-0.533311 	1.083291  	-8.102400 
118.000000	-0.553941 	1.061973  	-8.102400 
119.000000	-0.574571 	1.040654  	-8.102400 
120.000000	-0.595202 	1.019336  	-8.102400 
121.000000	-0.615811 	0.997139  	-8.102400 
122.000000	-0.636399 	0.974063  	-8.102400 
123.000000	-0.656987 	0.950987  	-8.102400 
124.000000	-0.677575 	0.927911  	-8.102400 
125.000000	-0.698179 	0.904658  	-8.102400 
126.000000	-0.718873 	0.880342  	-8.102400 
127.000000	-0.739568 	0.856026  	-8.102400 
128.000000	-0.760262 	0.831710  	-8.102400 
129.000000	-0.780957 	0.807394  	-8.102400 
130.000000	-0.802002 	0.782533  	-8.102400 
131.000000	-0.823142 	0.757524  	-8.102400 
132.000000	-0.844282 	0.732514  	-8.102400 
133.000000	-0.865423 	0.707505  	-8.102400 
134.000000	-0.887013 	0.682440  	-8.102400 
135.000000	-0.909202 	0.657301  	-8.102400 
136.000000	-0.931391 	0.632162  	-8.102400 
137.000000	-0.953581 	0.607023  	-8.102400 
138.000000	-0.975916 	0.581916  	-8.102400 
139.000000	-1.000142 	0.557215  	-8.102400 
140.000000	-1.024368 	0.532514  	-8.102400 
141.000000	-1.048594 	0.507813  	-8.102400 
142.000000	-1.072820 	0.483112  	-8.102400 
143.000000	-1.099633 	0.459123  	-8.102400 
144.000000	-1.127480 	0.435419  	-8.102400 
145.000000	-1.155328 	0.411715  	-8.102400 
146.000000	-1.183175 	0.388010  	-8.102400 
147.000000	-1.213240 	0.364854  	-8.102400 
148.000000	-1.247295 	0.342683  	-8.102400 
149.000000	-1.281350 	0.320512  	-8.102400 
150.000000	-1.315405 	0.298341  	-8.102400 
151.000000	-1.349460 	0.276170  	-8.102400 
152.000000	-1.302927 	0.255439  	-8.102400 
153.000000	-1.256394 	0.234709  	-8.102400 
154.000000	-1.209861 	0.214977  	-8.102400 
155.000000	-1.163328 	0.195322  	-8.102400 
156.000000	-1.116794 	0.176675  	-8.102400 
157.000000	-1.070261 	0.158197  	-8.102400 
158.000000	-1.023728 	0.140717  	-8.102400 
159.000000	-0.977195 	0.123510  	-8.102400 
160.000000	-0.930662 	0.107275  	-8.102400 
161.000000	-0.884129 	0.091427  	-8.102400 
162.000000	-0.837596 	0.076507  	-8.102400 
163.000000	-0.791063 	0.062101  	-8.102400 
164.000000	-0.744530 	0.048560  	-8.102400 
165.000000	-0.697997 	0.035670  	-8.102400 
166.000000	-0.651463 	0.023570  	-8.102400 
167.000000	-0.604930 	0.012260  	-8.102400 
168.000000	-0.558397 	0.004805  	-8.102400 
169.000000	-0.511864 	0.002489  	-8.102400 
170.000000	-0.465331 	0.001000  	-8.102400 
171.000000	-0.418798 	0.001000  	-8.102400 
172.000000	-0.372265 	0.001000  	-8.102400 
173.000000	-0.325732 	0.001000  	-8.102400 
174.000000	-0.279199 	0.001000  	-8.102400 
175.000000	-0.232666 	0.001000  	-8.102400 
176.000000	-0.186132 	0.001000  	-8.102400 
177.000000	-0.139599 	0.001000  	-8.102400 
178.000000	-0.093066 	0.001000  	-8.102400 
179.000000	-0.046533 	0.001000  	-8.102400 
180.000000	0.000000  	0.001000  	-8.102400 
! ------------------------------------------------------------------------------
! data for table	9         
! ------------------------------------------------------------------------------
  1.000000  	Re           ! Reynolds number in millions
  0.000000  	UserProp     ! User property (control) setting
Flase           InclUAdata   ! Is unsteady aerodynamics data included in this table? If TRUE, then include UA coefficients below this line. Any missing coefficients will be calculated internally.
! Table of aerodynamics coefficients
  361       	NumAlf       ! Number of data lines in the following table
!Alpha      Cl          Cd          Cm/Cp
!(deg)      (-)         (-)         (-)
-180.000000	0.000000  	0.001000  	-8.108200 
-179.000000	0.046205  	0.001000  	-8.108200 
-178.000000	0.092410  	0.001000  	-8.108200 
-177.000000	0.138614  	0.001000  	-8.108200 
-176.000000	0.184819  	0.001000  	-8.108200 
-175.000000	0.231024  	0.001000  	-8.108200 
-174.000000	0.277229  	0.001000  	-8.108200 
-173.000000	0.323434  	0.001000  	-8.108200 
-172.000000	0.369639  	0.001000  	-8.108200 
-171.000000	0.415843  	0.001000  	-8.108200 
-170.000000	0.462048  	0.001000  	-8.108200 
-169.000000	0.508253  	0.005019  	-8.108200 
-168.000000	0.554458  	0.011270  	-8.108200 
-167.000000	0.600663  	0.020392  	-8.108200 
-166.000000	0.646868  	0.031667  	-8.108200 
-165.000000	0.693072  	0.043731  	-8.108200 
-164.000000	0.739277  	0.056582  	-8.108200 
-163.000000	0.785482  	0.070081  	-8.108200 
-162.000000	0.831687  	0.084443  	-8.108200 
-161.000000	0.877892  	0.099318  	-8.108200 
-160.000000	0.924097  	0.115117  	-8.108200 
-159.000000	0.970301  	0.131302  	-8.108200 
-158.000000	1.016506  	0.148455  	-8.108200 
-157.000000	1.062711  	0.165879  	-8.108200 
-156.000000	1.108916  	0.184299  	-8.108200 
-155.000000	1.155121  	0.202886  	-8.108200 
-154.000000	1.201326  	0.222478  	-8.108200 
-153.000000	1.247530  	0.242145  	-8.108200 
-152.000000	1.293735  	0.262808  	-8.108200 
-151.000000	1.339940  	0.283470  	-8.108200 
-150.000000	1.306313  	0.305566  	-8.108200 
-149.000000	1.272686  	0.327661  	-8.108200 
-148.000000	1.239059  	0.349757  	-8.108200 
-147.000000	1.205432  	0.371852  	-8.108200 
-146.000000	1.175739  	0.394927  	-8.108200 
-145.000000	1.148232  	0.418547  	-8.108200 
-144.000000	1.120725  	0.442167  	-8.108200 
-143.000000	1.093217  	0.465786  	-8.108200 
-142.000000	1.066727  	0.489688  	-8.108200 
-141.000000	1.042779  	0.514296  	-8.108200 
-140.000000	1.018831  	0.538903  	-8.108200 
-139.000000	0.994882  	0.563511  	-8.108200 
-138.000000	0.970934  	0.588118  	-8.108200 
-137.000000	0.948833  	0.613125  	-8.108200 
-136.000000	0.926875  	0.638162  	-8.108200 
-135.000000	0.904916  	0.663199  	-8.108200 
-134.000000	0.882957  	0.688237  	-8.108200 
-133.000000	0.861577  	0.713196  	-8.108200 
-132.000000	0.840630  	0.738096  	-8.108200 
-131.000000	0.819684  	0.762996  	-8.108200 
-130.000000	0.798737  	0.787896  	-8.108200 
-129.000000	0.777879  	0.812646  	-8.108200 
-128.000000	0.757348  	0.836846  	-8.108200 
-127.000000	0.736816  	0.861045  	-8.108200 
-126.000000	0.716285  	0.885245  	-8.108200 
-125.000000	0.695753  	0.909445  	-8.108200 
-124.000000	0.675291  	0.932576  	-8.108200 
-123.000000	0.654840  	0.955530  	-8.108200 
-122.000000	0.634389  	0.978483  	-8.108200 
-121.000000	0.613938  	1.001436  	-8.108200 
-120.000000	0.593455  	1.023508  	-8.108200 
-119.000000	0.572939  	1.044698  	-8.108200 
-118.000000	0.552424  	1.065889  	-8.108200 
-117.000000	0.531908  	1.087079  	-8.108200 
-116.000000	0.511383  	1.107949  	-8.108200 
-115.000000	0.490800  	1.126901  	-8.108200 
-114.000000	0.470217  	1.145852  	-8.108200 
-113.000000	0.449634  	1.164804  	-8.108200 
-112.000000	0.429051  	1.183756  	-8.108200 
-111.000000	0.408501  	1.200616  	-8.108200 
-110.000000	0.387959  	1.216906  	-8.108200 
-109.000000	0.367417  	1.233196  	-8.108200 
-108.000000	0.346875  	1.249486  	-8.108200 
-107.000000	0.326435  	1.264480  	-8.108200 
-106.000000	0.306129  	1.277747  	-8.108200 
-105.000000	0.285824  	1.291014  	-8.108200 
-104.000000	0.265518  	1.304281  	-8.108200 
-103.000000	0.245249  	1.317312  	-8.108200 
-102.000000	0.225443  	1.327265  	-8.108200 
-101.000000	0.205638  	1.337217  	-8.108200 
-100.000000	0.185832  	1.347170  	-8.108200 
-99.000000	0.166027  	1.357123  	-8.108200 
-98.000000	0.146805  	1.364556  	-8.108200 
-97.000000	0.127815  	1.370980  	-8.108200 
-96.000000	0.108826  	1.377405  	-8.108200 
-95.000000	0.089837  	1.383829  	-8.108200 
-94.000000	0.071267  	1.388946  	-8.108200 
-93.000000	0.053450  	1.391710  	-8.108200 
-92.000000	0.035633  	1.394473  	-8.108200 
-91.000000	0.017817  	1.397237  	-8.108200 
-90.000000	0.000000  	1.400000  	-8.108200 
-89.000000	-0.017817 	1.397237  	-8.108200 
-88.000000	-0.035633 	1.394473  	-8.108200 
-87.000000	-0.053450 	1.391710  	-8.108200 
-86.000000	-0.071267 	1.388946  	-8.108200 
-85.000000	-0.089837 	1.383829  	-8.108200 
-84.000000	-0.108826 	1.377405  	-8.108200 
-83.000000	-0.127815 	1.370980  	-8.108200 
-82.000000	-0.146805 	1.364556  	-8.108200 
-81.000000	-0.166027 	1.357123  	-8.108200 
-80.000000	-0.185832 	1.347170  	-8.108200 
-79.000000	-0.205638 	1.337217  	-8.108200 
-78.000000	-0.225443 	1.327265  	-8.108200 
-77.000000	-0.245249 	1.317312  	-8.108200 
-76.000000	-0.265518 	1.304281  	-8.108200 
-75.000000	-0.285824 	1.291014  	-8.108200 
-74.000000	-0.306129 	1.277747  	-8.108200 
-73.000000	-0.326435 	1.264480  	-8.108200 
-72.000000	-0.346875 	1.249486  	-8.108200 
-71.000000	-0.367417 	1.233196  	-8.108200 
-70.000000	-0.387959 	1.216906  	-8.108200 
-69.000000	-0.408501 	1.200616  	-8.108200 
-68.000000	-0.429051 	1.183756  	-8.108200 
-67.000000	-0.449634 	1.164804  	-8.108200 
-66.000000	-0.470217 	1.145852  	-8.108200 
-65.000000	-0.490800 	1.126901  	-8.108200 
-64.000000	-0.511383 	1.107949  	-8.108200 
-63.000000	-0.531908 	1.087079  	-8.108200 
-62.000000	-0.552424 	1.065889  	-8.108200 
-61.000000	-0.572939 	1.044698  	-8.108200 
-60.000000	-0.593455 	1.023508  	-8.108200 
-59.000000	-0.613938 	1.001436  	-8.108200 
-58.000000	-0.634389 	0.978483  	-8.108200 
-57.000000	-0.654840 	0.955530  	-8.108200 
-56.000000	-0.675291 	0.932576  	-8.108200 
-55.000000	-0.695753 	0.909445  	-8.108200 
-54.000000	-0.716285 	0.885245  	-8.108200 
-53.000000	-0.736816 	0.861045  	-8.108200 
-52.000000	-0.757348 	0.836846  	-8.108200 
-51.000000	-0.777879 	0.812646  	-8.108200 
-50.000000	-0.798737 	0.787896  	-8.108200 
-49.000000	-0.819684 	0.762996  	-8.108200 
-48.000000	-0.840630 	0.738096  	-8.108200 
-47.000000	-0.861577 	0.713196  	-8.108200 
-46.000000	-0.882957 	0.688237  	-8.108200 
-45.000000	-0.904916 	0.663199  	-8.108200 
-44.000000	-0.926875 	0.638162  	-8.108200 
-43.000000	-0.948833 	0.613125  	-8.108200 
-42.000000	-0.970934 	0.588118  	-8.108200 
-41.000000	-0.994882 	0.563511  	-8.108200 
-40.000000	-1.018831 	0.538903  	-8.108200 
-39.000000	-1.042779 	0.514296  	-8.108200 
-38.000000	-1.066727 	0.489688  	-8.108200 
-37.000000	-1.093217 	0.465786  	-8.108200 
-36.000000	-1.120725 	0.442167  	-8.108200 
-35.000000	-1.148232 	0.418547  	-8.108200 
-34.000000	-1.175739 	0.394927  	-8.108200 
-33.000000	-1.205432 	0.371852  	-8.108200 
-32.000000	-1.239059 	0.349757  	-8.108200 
-31.000000	-1.272686 	0.327661  	-8.108200 
-30.000000	-1.306313 	0.305566  	-8.108200 
-29.000000	-1.339940 	0.283470  	-8.108200 
-28.000000	-1.294122 	0.269444  	-8.108200 
-27.000000	-1.248304 	0.255418  	-8.108200 
-26.000000	-1.202486 	0.241393  	-8.108200 
-25.000000	-1.156668 	0.227367  	-8.108200 
-24.000000	-1.110851 	0.213341  	-8.108200 
-23.000000	-1.065033 	0.199315  	-8.108200 
-22.000000	-1.019215 	0.185289  	-8.108200 
-21.000000	-0.973397 	0.171264  	-8.108200 
-20.000000	-0.927579 	0.157238  	-8.108200 
-19.000000	-0.881761 	0.143212  	-8.108200 
-18.000000	-0.835943 	0.129186  	-8.108200 
-17.000000	-0.790125 	0.115161  	-8.108200 
-16.000000	-0.744307 	0.101135  	-8.108200 
-15.000000	-0.698489 	0.087109  	-8.108200 
-14.000000	-0.652672 	0.073083  	-8.108200 
-13.000000	-0.606854 	0.059057  	-8.108200 
-12.000000	-0.561036 	0.045032  	-6.452042 
-11.000000	-0.515218 	0.031006  	-4.133421 
-10.000000	-0.469400 	0.016980  	-1.814800 
-9.000000 	-0.322900 	0.016550  	-1.675800 
-8.000000 	-0.175500 	0.016170  	-1.540200 
-7.000000 	-0.030700 	0.015900  	-1.411300 
-6.000000 	0.111500  	0.015780  	-1.290200 
-5.000000 	0.250800  	0.015750  	-1.173200 
-4.000000 	0.388100  	0.015820  	-1.062900 
-3.000000 	0.523800  	0.015940  	-1.111600 
-2.000000 	0.657500  	0.016110  	-1.214900 
-1.000000 	0.790700  	0.016280  	-1.321500 
0.000000  	0.921400  	0.016560  	-1.432400 
1.000000  	1.050400  	0.016900  	-1.549500 
2.000000  	1.177600  	0.017280  	-1.677600 
3.000000  	1.302100  	0.017770  	-1.825000 
4.000000  	1.424300  	0.018340  	-1.997900 
5.000000  	1.542400  	0.019120  	-2.200000 
6.000000  	1.657800  	0.019950  	-2.432300 
7.000000  	1.766400  	0.021120  	-2.704600 
8.000000  	1.865700  	0.022660  	-3.000700 
9.000000  	1.945800  	0.025070  	-3.321200 
10.000000 	1.978000  	0.029320  	-3.622400 
11.000000 	1.991100  	0.035840  	-3.889600 
12.000000 	1.997400  	0.045030  	-4.153400 
13.000000 	1.996800  	0.056750  	-4.407100 
14.000000 	1.981300  	0.070970  	-4.627600 
15.000000 	1.959300  	0.086340  	-4.834900 
16.000000 	1.938500  	0.101980  	-5.041500 
17.000000 	1.927300  	0.116710  	-5.277400 
18.000000 	1.921000  	0.130970  	-5.516500 
19.000000 	1.918700  	0.144790  	-5.791900 
20.000000 	1.917400  	0.158650  	-6.042500 
21.000000 	1.917600  	0.172410  	-6.320400 
22.000000 	1.919900  	0.185900  	-6.583700 
23.000000 	1.919500  	0.199740  	-6.833500 
24.000000 	1.918900  	0.213730  	-7.069100 
25.000000 	1.918100  	0.227810  	-7.314900 
26.000000 	1.910600  	0.243170  	-7.510500 
27.000000 	1.914100  	0.256350  	-7.723100 
28.000000 	1.908600  	0.271150  	-7.858100 
29.000000 	1.914200  	0.283470  	-8.108200 
30.000000 	1.866161  	0.305566  	-8.108200 
31.000000 	1.818123  	0.327661  	-8.108200 
32.000000 	1.770084  	0.349757  	-8.108200 
33.000000 	1.722045  	0.371852  	-8.108200 
34.000000 	1.679627  	0.394927  	-8.108200 
35.000000 	1.640331  	0.418547  	-8.108200 
36.000000 	1.601035  	0.442167  	-8.108200 
37.000000 	1.561739  	0.465786  	-8.108200 
38.000000 	1.523896  	0.489688  	-8.108200 
39.000000 	1.489684  	0.514296  	-8.108200 
40.000000 	1.455472  	0.538903  	-8.108200 
41.000000 	1.421260  	0.563511  	-8.108200 
42.000000 	1.387049  	0.588118  	-8.108200 
43.000000 	1.355476  	0.613125  	-8.108200 
44.000000 	1.324107  	0.638162  	-8.108200 
45.000000 	1.292737  	0.663199  	-8.108200 
46.000000 	1.261368  	0.688237  	-8.108200 
47.000000 	1.230824  	0.713196  	-8.108200 
48.000000 	1.200900  	0.738096  	-8.108200 
49.000000 	1.170976  	0.762996  	-8.108200 
50.000000 	1.141053  	0.787896  	-8.108200 
51.000000 	1.111256  	0.812646  	-8.108200 
52.000000 	1.081925  	0.836846  	-8.108200 
53.000000 	1.052595  	0.861045  	-8.108200 
54.000000 	1.023264  	0.885245  	-8.108200 
55.000000 	0.993934  	0.909445  	-8.108200 
56.000000 	0.964702  	0.932576  	-8.108200 
57.000000 	0.935486  	0.955530  	-8.108200 
58.000000 	0.906270  	0.978483  	-8.108200 
59.000000 	0.877055  	1.001436  	-8.108200 
60.000000 	0.847793  	1.023508  	-8.108200 
61.000000 	0.818485  	1.044698  	-8.108200 
62.000000 	0.789177  	1.065889  	-8.108200 
63.000000 	0.759869  	1.087079  	-8.108200 
64.000000 	0.730547  	1.107949  	-8.108200 
65.000000 	0.701143  	1.126901  	-8.108200 
66.000000 	0.671738  	1.145852  	-8.108200 
67.000000 	0.642334  	1.164804  	-8.108200 
68.000000 	0.612930  	1.183756  	-8.108200 
69.000000 	0.583572  	1.200616  	-8.108200 
70.000000 	0.554227  	1.216906  	-8.108200 
71.000000 	0.524881  	1.233196  	-8.108200 
72.000000 	0.495536  	1.249486  	-8.108200 
73.000000 	0.466335  	1.264480  	-8.108200 
74.000000 	0.437328  	1.277747  	-8.108200 
75.000000 	0.408320  	1.291014  	-8.108200 
76.000000 	0.379312  	1.304281  	-8.108200 
77.000000 	0.350355  	1.317312  	-8.108200 
78.000000 	0.322062  	1.327265  	-8.108200 
79.000000 	0.293768  	1.337217  	-8.108200 
80.000000 	0.265475  	1.347170  	-8.108200 
81.000000 	0.237181  	1.357123  	-8.108200 
82.000000 	0.209721  	1.364556  	-8.108200 
83.000000 	0.182593  	1.370980  	-8.108200 
84.000000 	0.155466  	1.377405  	-8.108200 
85.000000 	0.128339  	1.383829  	-8.108200 
86.000000 	0.101810  	1.388946  	-8.108200 
87.000000 	0.076357  	1.391710  	-8.108200 
88.000000 	0.050905  	1.394473  	-8.108200 
89.000000 	0.025452  	1.397237  	-8.108200 
90.000000 	0.000000  	1.400000  	-8.108200 
91.000000 	-0.017817 	1.397237  	-8.108200 
92.000000 	-0.035633 	1.394473  	-8.108200 
93.000000 	-0.053450 	1.391710  	-8.108200 
94.000000 	-0.071267 	1.388946  	-8.108200 
95.000000 	-0.089837 	1.383829  	-8.108200 
96.000000 	-0.108826 	1.377405  	-8.108200 
97.000000 	-0.127815 	1.370980  	-8.108200 
98.000000 	-0.146805 	1.364556  	-8.108200 
99.000000 	-0.166027 	1.357123  	-8.108200 
100.000000	-0.185832 	1.347170  	-8.108200 
101.000000	-0.205638 	1.337217  	-8.108200 
102.000000	-0.225443 	1.327265  	-8.108200 
103.000000	-0.245249 	1.317312  	-8.108200 
104.000000	-0.265518 	1.304281  	-8.108200 
105.000000	-0.285824 	1.291014  	-8.108200 
106.000000	-0.306129 	1.277747  	-8.108200 
107.000000	-0.326435 	1.264480  	-8.108200 
108.000000	-0.346875 	1.249486  	-8.108200 
109.000000	-0.367417 	1.233196  	-8.108200 
110.000000	-0.387959 	1.216906  	-8.108200 
111.000000	-0.408501 	1.200616  	-8.108200 
112.000000	-0.429051 	1.183756  	-8.108200 
113.000000	-0.449634 	1.164804  	-8.108200 
114.000000	-0.470217 	1.145852  	-8.108200 
115.000000	-0.490800 	1.126901  	-8.108200 
116.000000	-0.511383 	1.107949  	-8.108200 
117.000000	-0.531908 	1.087079  	-8.108200 
118.000000	-0.552424 	1.065889  	-8.108200 
119.000000	-0.572939 	1.044698  	-8.108200 
120.000000	-0.593455 	1.023508  	-8.108200 
121.000000	-0.613938 	1.001436  	-8.108200 
122.000000	-0.634389 	0.978483  	-8.108200 
123.000000	-0.654840 	0.955530  	-8.108200 
124.000000	-0.675291 	0.932576  	-8.108200 
125.000000	-0.695753 	0.909445  	-8.108200 
126.000000	-0.716285 	0.885245  	-8.108200 
127.000000	-0.736816 	0.861045  	-8.108200 
128.000000	-0.757348 	0.836846  	-8.108200 
129.000000	-0.777879 	0.812646  	-8.108200 
130.000000	-0.798737 	0.787896  	-8.108200 
131.000000	-0.819684 	0.762996  	-8.108200 
132.000000	-0.840630 	0.738096  	-8.108200 
133.000000	-0.861577 	0.713196  	-8.108200 
134.000000	-0.882957 	0.688237  	-8.108200 
135.000000	-0.904916 	0.663199  	-8.108200 
136.000000	-0.926875 	0.638162  	-8.108200 
137.000000	-0.948833 	0.613125  	-8.108200 
138.000000	-0.970934 	0.588118  	-8.108200 
139.000000	-0.994882 	0.563511  	-8.108200 
140.000000	-1.018831 	0.538903  	-8.108200 
141.000000	-1.042779 	0.514296  	-8.108200 
142.000000	-1.066727 	0.489688  	-8.108200 
143.000000	-1.093217 	0.465786  	-8.108200 
144.000000	-1.120725 	0.442167  	-8.108200 
145.000000	-1.148232 	0.418547  	-8.108200 
146.000000	-1.175739 	0.394927  	-8.108200 
147.000000	-1.205432 	0.371852  	-8.108200 
148.000000	-1.239059 	0.349757  	-8.108200 
149.000000	-1.272686 	0.327661  	-8.108200 
150.000000	-1.306313 	0.305566  	-8.108200 
151.000000	-1.339940 	0.283470  	-8.108200 
152.000000	-1.293735 	0.262808  	-8.108200 
153.000000	-1.247530 	0.242145  	-8.108200 
154.000000	-1.201326 	0.222478  	-8.108200 
155.000000	-1.155121 	0.202886  	-8.108200 
156.000000	-1.108916 	0.184299  	-8.108200 
157.000000	-1.062711 	0.165879  	-8.108200 
158.000000	-1.016506 	0.148455  	-8.108200 
159.000000	-0.970301 	0.131302  	-8.108200 
160.000000	-0.924097 	0.115117  	-8.108200 
161.000000	-0.877892 	0.099318  	-8.108200 
162.000000	-0.831687 	0.084443  	-8.108200 
163.000000	-0.785482 	0.070081  	-8.108200 
164.000000	-0.739277 	0.056582  	-8.108200 
165.000000	-0.693072 	0.043731  	-8.108200 
166.000000	-0.646868 	0.031667  	-8.108200 
167.000000	-0.600663 	0.020392  	-8.108200 
168.000000	-0.554458 	0.011270  	-8.108200 
169.000000	-0.508253 	0.005019  	-8.108200 
170.000000	-0.462048 	0.001000  	-8.108200 
171.000000	-0.415843 	0.001000  	-8.108200 
172.000000	-0.369639 	0.001000  	-8.108200 
173.000000	-0.323434 	0.001000  	-8.108200 
174.000000	-0.277229 	0.001000  	-8.108200 
175.000000	-0.231024 	0.001000  	-8.108200 
176.000000	-0.184819 	0.001000  	-8.108200 
177.000000	-0.138614 	0.001000  	-8.108200 
178.000000	-0.092410 	0.001000  	-8.108200 
179.000000	-0.046205 	0.001000  	-8.108200 
180.000000	0.000000  	0.001000  	-8.108200 
! ------------------------------------------------------------------------------
! data for table	10        
! ------------------------------------------------------------------------------
  1.100000  	Re           ! Reynolds number in millions
  0.000000  	UserProp     ! User property (control) setting
Flase           InclUAdata   ! Is unsteady aerodynamics data included in this table? If TRUE, then include UA coefficients below this line. Any missing coefficients will be calculated internally.
! Table of aerodynamics coefficients
  361       	NumAlf       ! Number of data lines in the following table
!Alpha      Cl          Cd          Cm/Cp
!(deg)      (-)         (-)         (-)
-180.000000	0.000000  	0.001000  	-7.940200 
-179.000000	0.047995  	0.001000  	-7.940200 
-178.000000	0.095990  	0.001000  	-7.940200 
-177.000000	0.143985  	0.001000  	-7.940200 
-176.000000	0.191980  	0.001000  	-7.940200 
-175.000000	0.239975  	0.001000  	-7.940200 
-174.000000	0.287970  	0.001000  	-7.940200 
-173.000000	0.335965  	0.001000  	-7.940200 
-172.000000	0.383960  	0.001000  	-7.940200 
-171.000000	0.431955  	0.001000  	-7.940200 
-170.000000	0.479950  	0.001000  	-7.940200 
-169.000000	0.527945  	0.008899  	-7.940200 
-168.000000	0.575940  	0.016798  	-7.940200 
-167.000000	0.623935  	0.027683  	-7.940200 
-166.000000	0.671930  	0.038568  	-7.940200 
-165.000000	0.719925  	0.050984  	-7.940200 
-164.000000	0.767920  	0.063401  	-7.940200 
-163.000000	0.815915  	0.077290  	-7.940200 
-162.000000	0.863910  	0.091179  	-7.940200 
-161.000000	0.911905  	0.106473  	-7.940200 
-160.000000	0.959900  	0.121768  	-7.940200 
-159.000000	1.007895  	0.138394  	-7.940200 
-158.000000	1.055890  	0.155020  	-7.940200 
-157.000000	1.103885  	0.172898  	-7.940200 
-156.000000	1.151880  	0.190776  	-7.940200 
-155.000000	1.199875  	0.209820  	-7.940200 
-154.000000	1.247870  	0.228864  	-7.940200 
-153.000000	1.295865  	0.248982  	-7.940200 
-152.000000	1.343860  	0.269100  	-7.940200 
-151.000000	1.309960  	0.290723  	-7.940200 
-150.000000	1.276060  	0.312346  	-7.940200 
-149.000000	1.242161  	0.333969  	-7.940200 
-148.000000	1.208261  	0.355592  	-7.940200 
-147.000000	1.178154  	0.378160  	-7.940200 
-146.000000	1.150892  	0.401436  	-7.940200 
-145.000000	1.123631  	0.424711  	-7.940200 
-144.000000	1.096369  	0.447987  	-7.940200 
-143.000000	1.069649  	0.471420  	-7.940200 
-142.000000	1.046185  	0.495801  	-7.940200 
-141.000000	1.022720  	0.520182  	-7.940200 
-140.000000	0.999255  	0.544563  	-7.940200 
-139.000000	0.975790  	0.568944  	-7.940200 
-138.000000	0.953812  	0.593706  	-7.940200 
-137.000000	0.932430  	0.618620  	-7.940200 
-136.000000	0.911047  	0.643533  	-7.940200 
-135.000000	0.889664  	0.668447  	-7.940200 
-134.000000	0.868574  	0.693346  	-7.940200 
-133.000000	0.848215  	0.718208  	-7.940200 
-132.000000	0.827857  	0.743069  	-7.940200 
-131.000000	0.807498  	0.767931  	-7.940200 
-130.000000	0.787140  	0.792793  	-7.940200 
-129.000000	0.767108  	0.817111  	-7.940200 
-128.000000	0.747131  	0.841338  	-7.940200 
-127.000000	0.727154  	0.865566  	-7.940200 
-126.000000	0.707177  	0.889793  	-7.940200 
-125.000000	0.687208  	0.913505  	-7.940200 
-124.000000	0.667252  	0.936531  	-7.940200 
-123.000000	0.647295  	0.959557  	-7.940200 
-122.000000	0.627338  	0.982583  	-7.940200 
-121.000000	0.607381  	1.005610  	-7.940200 
-120.000000	0.587286  	1.026897  	-7.940200 
-119.000000	0.567190  	1.048184  	-7.940200 
-118.000000	0.547094  	1.069471  	-7.940200 
-117.000000	0.526998  	1.090759  	-7.940200 
-116.000000	0.506819  	1.110769  	-7.940200 
-115.000000	0.486576  	1.129822  	-7.940200 
-114.000000	0.466333  	1.148875  	-7.940200 
-113.000000	0.446091  	1.167929  	-7.940200 
-112.000000	0.425843  	1.186599  	-7.940200 
-111.000000	0.405561  	1.202977  	-7.940200 
-110.000000	0.385280  	1.219354  	-7.940200 
-109.000000	0.364999  	1.235731  	-7.940200 
-108.000000	0.344718  	1.252108  	-7.940200 
-107.000000	0.324552  	1.266304  	-7.940200 
-106.000000	0.304433  	1.279628  	-7.940200 
-105.000000	0.284313  	1.292952  	-7.940200 
-104.000000	0.264194  	1.306276  	-7.940200 
-103.000000	0.244198  	1.318640  	-7.940200 
-102.000000	0.224512  	1.328606  	-7.940200 
-101.000000	0.204825  	1.338572  	-7.940200 
-100.000000	0.185139  	1.348538  	-7.940200 
-99.000000	0.165453  	1.358504  	-7.940200 
-98.000000	0.146417  	1.365400  	-7.940200 
-97.000000	0.127491  	1.371785  	-7.940200 
-96.000000	0.108564  	1.378169  	-7.940200 
-95.000000	0.089638  	1.384553  	-7.940200 
-94.000000	0.071195  	1.389343  	-7.940200 
-93.000000	0.053396  	1.392007  	-7.940200 
-92.000000	0.035597  	1.394672  	-7.940200 
-91.000000	0.017799  	1.397336  	-7.940200 
-90.000000	0.000000  	1.400000  	-7.940200 
-89.000000	-0.017799 	1.397336  	-7.940200 
-88.000000	-0.035597 	1.394672  	-7.940200 
-87.000000	-0.053396 	1.392007  	-7.940200 
-86.000000	-0.071195 	1.389343  	-7.940200 
-85.000000	-0.089638 	1.384553  	-7.940200 
-84.000000	-0.108564 	1.378169  	-7.940200 
-83.000000	-0.127491 	1.371785  	-7.940200 
-82.000000	-0.146417 	1.365400  	-7.940200 
-81.000000	-0.165453 	1.358504  	-7.940200 
-80.000000	-0.185139 	1.348538  	-7.940200 
-79.000000	-0.204825 	1.338572  	-7.940200 
-78.000000	-0.224512 	1.328606  	-7.940200 
-77.000000	-0.244198 	1.318640  	-7.940200 
-76.000000	-0.264194 	1.306276  	-7.940200 
-75.000000	-0.284313 	1.292952  	-7.940200 
-74.000000	-0.304433 	1.279628  	-7.940200 
-73.000000	-0.324552 	1.266304  	-7.940200 
-72.000000	-0.344718 	1.252108  	-7.940200 
-71.000000	-0.364999 	1.235731  	-7.940200 
-70.000000	-0.385280 	1.219354  	-7.940200 
-69.000000	-0.405561 	1.202977  	-7.940200 
-68.000000	-0.425843 	1.186599  	-7.940200 
-67.000000	-0.446091 	1.167929  	-7.940200 
-66.000000	-0.466333 	1.148875  	-7.940200 
-65.000000	-0.486576 	1.129822  	-7.940200 
-64.000000	-0.506819 	1.110769  	-7.940200 
-63.000000	-0.526998 	1.090759  	-7.940200 
-62.000000	-0.547094 	1.069471  	-7.940200 
-61.000000	-0.567190 	1.048184  	-7.940200 
-60.000000	-0.587286 	1.026897  	-7.940200 
-59.000000	-0.607381 	1.005610  	-7.940200 
-58.000000	-0.627338 	0.982583  	-7.940200 
-57.000000	-0.647295 	0.959557  	-7.940200 
-56.000000	-0.667252 	0.936531  	-7.940200 
-55.000000	-0.687208 	0.913505  	-7.940200 
-54.000000	-0.707177 	0.889793  	-7.940200 
-53.000000	-0.727154 	0.865566  	-7.940200 
-52.000000	-0.747131 	0.841338  	-7.940200 
-51.000000	-0.767108 	0.817111  	-7.940200 
-50.000000	-0.787140 	0.792793  	-7.940200 
-49.000000	-0.807498 	0.767931  	-7.940200 
-48.000000	-0.827857 	0.743069  	-7.940200 
-47.000000	-0.848215 	0.718208  	-7.940200 
-46.000000	-0.868574 	0.693346  	-7.940200 
-45.000000	-0.889664 	0.668447  	-7.940200 
-44.000000	-0.911047 	0.643533  	-7.940200 
-43.000000	-0.932430 	0.618620  	-7.940200 
-42.000000	-0.953812 	0.593706  	-7.940200 
-41.000000	-0.975790 	0.568944  	-7.940200 
-40.000000	-0.999255 	0.544563  	-7.940200 
-39.000000	-1.022720 	0.520182  	-7.940200 
-38.000000	-1.046185 	0.495801  	-7.940200 
-37.000000	-1.069649 	0.471420  	-7.940200 
-36.000000	-1.096369 	0.447987  	-7.940200 
-35.000000	-1.123631 	0.424711  	-7.940200 
-34.000000	-1.150892 	0.401436  	-7.940200 
-33.000000	-1.178154 	0.378160  	-7.940200 
-32.000000	-1.208261 	0.355592  	-7.940200 
-31.000000	-1.242161 	0.333969  	-7.940200 
-30.000000	-1.276060 	0.312346  	-7.940200 
-29.000000	-1.309960 	0.290723  	-7.940200 
-28.000000	-1.343860 	0.269100  	-7.940200 
-27.000000	-1.295218 	0.255084  	-7.940200 
-26.000000	-1.246576 	0.241069  	-7.940200 
-25.000000	-1.197933 	0.227053  	-7.940200 
-24.000000	-1.149291 	0.213038  	-7.940200 
-23.000000	-1.100649 	0.199022  	-7.940200 
-22.000000	-1.052007 	0.185007  	-7.940200 
-21.000000	-1.003364 	0.170991  	-7.940200 
-20.000000	-0.954722 	0.156976  	-7.940200 
-19.000000	-0.906080 	0.142960  	-7.940200 
-18.000000	-0.857438 	0.128944  	-7.940200 
-17.000000	-0.808796 	0.114929  	-7.940200 
-16.000000	-0.760153 	0.100913  	-7.940200 
-15.000000	-0.711511 	0.086898  	-7.940200 
-14.000000	-0.662869 	0.072882  	-7.940200 
-13.000000	-0.614227 	0.058867  	-7.940200 
-12.000000	-0.565584 	0.044851  	-6.579156 
-11.000000	-0.516942 	0.030836  	-4.197328 
-10.000000	-0.468300 	0.016820  	-1.815500 
-9.000000 	-0.320900 	0.016380  	-1.675700 
-8.000000 	-0.172800 	0.015950  	-1.539900 
-7.000000 	-0.027700 	0.015700  	-1.410600 
-6.000000 	0.115000  	0.015550  	-1.289300 
-5.000000 	0.253800  	0.015540  	-1.172500 
-4.000000 	0.392100  	0.015560  	-1.061900 
-3.000000 	0.527400  	0.015680  	-1.113900 
-2.000000 	0.661300  	0.015870  	-1.217300 
-1.000000 	0.794100  	0.016060  	-1.323800 
0.000000  	0.924900  	0.016320  	-1.435000 
1.000000  	1.054500  	0.016620  	-1.552500 
2.000000  	1.181600  	0.017010  	-1.680600 
3.000000  	1.306300  	0.017490  	-1.828400 
4.000000  	1.428000  	0.018110  	-2.001200 
5.000000  	1.547500  	0.018790  	-2.205100 
6.000000  	1.662000  	0.019700  	-2.437100 
7.000000  	1.771500  	0.020820  	-2.711200 
8.000000  	1.870700  	0.022390  	-3.008300 
9.000000  	1.953100  	0.024690  	-3.334600 
10.000000 	1.983400  	0.029060  	-3.632700 
11.000000 	2.001300  	0.035140  	-3.910000 
12.000000 	2.011600  	0.043800  	-4.184900 
13.000000 	2.008100  	0.055660  	-4.433300 
14.000000 	1.995300  	0.069530  	-4.662600 
15.000000 	1.971700  	0.085000  	-4.867800 
16.000000 	1.955200  	0.100120  	-5.090200 
17.000000 	1.942400  	0.114940  	-5.324400 
18.000000 	1.932200  	0.129640  	-5.554700 
19.000000 	1.929700  	0.143535  	-5.817400 
20.000000 	1.927200  	0.157430  	-6.080100 
21.000000 	1.928800  	0.170910  	-6.366700 
22.000000 	1.930700  	0.184370  	-6.632000 
23.000000 	1.928600  	0.198460  	-6.878100 
24.000000 	1.929800  	0.212070  	-7.126500 
25.000000 	1.929800  	0.225940  	-7.381500 
26.000000 	1.924000  	0.240860  	-7.594200 
27.000000 	1.923800  	0.254650  	-7.789400 
28.000000 	1.919800  	0.269100  	-7.940200 
29.000000 	1.871372  	0.290723  	-7.940200 
30.000000 	1.822943  	0.312346  	-7.940200 
31.000000 	1.774515  	0.333969  	-7.940200 
32.000000 	1.726087  	0.355592  	-7.940200 
33.000000 	1.683077  	0.378160  	-7.940200 
34.000000 	1.644132  	0.401436  	-7.940200 
35.000000 	1.605187  	0.424711  	-7.940200 
36.000000 	1.566241  	0.447987  	-7.940200 
37.000000 	1.528071  	0.471420  	-7.940200 
38.000000 	1.494549  	0.495801  	-7.940200 
39.000000 	1.461028  	0.520182  	-7.940200 
40.000000 	1.427507  	0.544563  	-7.940200 
41.000000 	1.393986  	0.568944  	-7.940200 
42.000000 	1.362589  	0.593706  	-7.940200 
43.000000 	1.332042  	0.618620  	-7.940200 
44.000000 	1.301495  	0.643533  	-7.940200 
45.000000 	1.270949  	0.668447  	-7.940200 
46.000000 	1.240820  	0.693346  	-7.940200 
47.000000 	1.211736  	0.718208  	-7.940200 
48.000000 	1.182652  	0.743069  	-7.940200 
49.000000 	1.153569  	0.767931  	-7.940200 
50.000000 	1.124485  	0.792793  	-7.940200 
51.000000 	1.095868  	0.817111  	-7.940200 
52.000000 	1.067330  	0.841338  	-7.940200 
53.000000 	1.038791  	0.865566  	-7.940200 
54.000000 	1.010252  	0.889793  	-7.940200 
55.000000 	0.981726  	0.913505  	-7.940200 
56.000000 	0.953216  	0.936531  	-7.940200 
57.000000 	0.924707  	0.959557  	-7.940200 
58.000000 	0.896197  	0.982583  	-7.940200 
59.000000 	0.867688  	1.005610  	-7.940200 
60.000000 	0.838979  	1.026897  	-7.940200 
61.000000 	0.810271  	1.048184  	-7.940200 
62.000000 	0.781563  	1.069471  	-7.940200 
63.000000 	0.752855  	1.090759  	-7.940200 
64.000000 	0.724027  	1.110769  	-7.940200 
65.000000 	0.695109  	1.129822  	-7.940200 
66.000000 	0.666191  	1.148875  	-7.940200 
67.000000 	0.637272  	1.167929  	-7.940200 
68.000000 	0.608346  	1.186599  	-7.940200 
69.000000 	0.579373  	1.202977  	-7.940200 
70.000000 	0.550400  	1.219354  	-7.940200 
71.000000 	0.521427  	1.235731  	-7.940200 
72.000000 	0.492455  	1.252108  	-7.940200 
73.000000 	0.463646  	1.266304  	-7.940200 
74.000000 	0.434904  	1.279628  	-7.940200 
75.000000 	0.406162  	1.292952  	-7.940200 
76.000000 	0.377420  	1.306276  	-7.940200 
77.000000 	0.348855  	1.318640  	-7.940200 
78.000000 	0.320731  	1.328606  	-7.940200 
79.000000 	0.292608  	1.338572  	-7.940200 
80.000000 	0.264484  	1.348538  	-7.940200 
81.000000 	0.236361  	1.358504  	-7.940200 
82.000000 	0.209168  	1.365400  	-7.940200 
83.000000 	0.182130  	1.371785  	-7.940200 
84.000000 	0.155092  	1.378169  	-7.940200 
85.000000 	0.128054  	1.384553  	-7.940200 
86.000000 	0.101707  	1.389343  	-7.940200 
87.000000 	0.076280  	1.392007  	-7.940200 
88.000000 	0.050853  	1.394672  	-7.940200 
89.000000 	0.025427  	1.397336  	-7.940200 
90.000000 	0.000000  	1.400000  	-7.940200 
91.000000 	-0.017799 	1.397336  	-7.940200 
92.000000 	-0.035597 	1.394672  	-7.940200 
93.000000 	-0.053396 	1.392007  	-7.940200 
94.000000 	-0.071195 	1.389343  	-7.940200 
95.000000 	-0.089638 	1.384553  	-7.940200 
96.000000 	-0.108564 	1.378169  	-7.940200 
97.000000 	-0.127491 	1.371785  	-7.940200 
98.000000 	-0.146417 	1.365400  	-7.940200 
99.000000 	-0.165453 	1.358504  	-7.940200 
100.000000	-0.185139 	1.348538  	-7.940200 
101.000000	-0.204825 	1.338572  	-7.940200 
102.000000	-0.224512 	1.328606  	-7.940200 
103.000000	-0.244198 	1.318640  	-7.940200 
104.000000	-0.264194 	1.306276  	-7.940200 
105.000000	-0.284313 	1.292952  	-7.940200 
106.000000	-0.304433 	1.279628  	-7.940200 
107.000000	-0.324552 	1.266304  	-7.940200 
108.000000	-0.344718 	1.252108  	-7.940200 
109.000000	-0.364999 	1.235731  	-7.940200 
110.000000	-0.385280 	1.219354  	-7.940200 
111.000000	-0.405561 	1.202977  	-7.940200 
112.000000	-0.425843 	1.186599  	-7.940200 
113.000000	-0.446091 	1.167929  	-7.940200 
114.000000	-0.466333 	1.148875  	-7.940200 
115.000000	-0.486576 	1.129822  	-7.940200 
116.000000	-0.506819 	1.110769  	-7.940200 
117.000000	-0.526998 	1.090759  	-7.940200 
118.000000	-0.547094 	1.069471  	-7.940200 
119.000000	-0.567190 	1.048184  	-7.940200 
120.000000	-0.587286 	1.026897  	-7.940200 
121.000000	-0.607381 	1.005610  	-7.940200 
122.000000	-0.627338 	0.982583  	-7.940200 
123.000000	-0.647295 	0.959557  	-7.940200 
124.000000	-0.667252 	0.936531  	-7.940200 
125.000000	-0.687208 	0.913505  	-7.940200 
126.000000	-0.707177 	0.889793  	-7.940200 
127.000000	-0.727154 	0.865566  	-7.940200 
128.000000	-0.747131 	0.841338  	-7.940200 
129.000000	-0.767108 	0.817111  	-7.940200 
130.000000	-0.787140 	0.792793  	-7.940200 
131.000000	-0.807498 	0.767931  	-7.940200 
132.000000	-0.827857 	0.743069  	-7.940200 
133.000000	-0.848215 	0.718208  	-7.940200 
134.000000	-0.868574 	0.693346  	-7.940200 
135.000000	-0.889664 	0.668447  	-7.940200 
136.000000	-0.911047 	0.643533  	-7.940200 
137.000000	-0.932430 	0.618620  	-7.940200 
138.000000	-0.953812 	0.593706  	-7.940200 
139.000000	-0.975790 	0.568944  	-7.940200 
140.000000	-0.999255 	0.544563  	-7.940200 
141.000000	-1.022720 	0.520182  	-7.940200 
142.000000	-1.046185 	0.495801  	-7.940200 
143.000000	-1.069649 	0.471420  	-7.940200 
144.000000	-1.096369 	0.447987  	-7.940200 
145.000000	-1.123631 	0.424711  	-7.940200 
146.000000	-1.150892 	0.401436  	-7.940200 
147.000000	-1.178154 	0.378160  	-7.940200 
148.000000	-1.208261 	0.355592  	-7.940200 
149.000000	-1.242161 	0.333969  	-7.940200 
150.000000	-1.276060 	0.312346  	-7.940200 
151.000000	-1.309960 	0.290723  	-7.940200 
152.000000	-1.343860 	0.269100  	-7.940200 
153.000000	-1.295865 	0.248982  	-7.940200 
154.000000	-1.247870 	0.228864  	-7.940200 
155.000000	-1.199875 	0.209820  	-7.940200 
156.000000	-1.151880 	0.190776  	-7.940200 
157.000000	-1.103885 	0.172898  	-7.940200 
158.000000	-1.055890 	0.155020  	-7.940200 
159.000000	-1.007895 	0.138394  	-7.940200 
160.000000	-0.959900 	0.121768  	-7.940200 
161.000000	-0.911905 	0.106473  	-7.940200 
162.000000	-0.863910 	0.091179  	-7.940200 
163.000000	-0.815915 	0.077290  	-7.940200 
164.000000	-0.767920 	0.063401  	-7.940200 
165.000000	-0.719925 	0.050984  	-7.940200 
166.000000	-0.671930 	0.038568  	-7.940200 
167.000000	-0.623935 	0.027683  	-7.940200 
168.000000	-0.575940 	0.016798  	-7.940200 
169.000000	-0.527945 	0.008899  	-7.940200 
170.000000	-0.479950 	0.001000  	-7.940200 
171.000000	-0.431955 	0.001000  	-7.940200 
172.000000	-0.383960 	0.001000  	-7.940200 
173.000000	-0.335965 	0.001000  	-7.940200 
174.000000	-0.287970 	0.001000  	-7.940200 
175.000000	-0.239975 	0.001000  	-7.940200 
176.000000	-0.191980 	0.001000  	-7.940200 
177.000000	-0.143985 	0.001000  	-7.940200 
178.000000	-0.095990 	0.001000  	-7.940200 
179.000000	-0.047995 	0.001000  	-7.940200 
180.000000	0.000000  	0.001000  	-7.940200 
! ------------------------------------------------------------------------------
! data for table	11        
! ------------------------------------------------------------------------------
  1.200000  	Re           ! Reynolds number in millions
  0.000000  	UserProp     ! User property (control) setting
Flase           InclUAdata   ! Is unsteady aerodynamics data included in this table? If TRUE, then include UA coefficients below this line. Any missing coefficients will be calculated internally.
! Table of aerodynamics coefficients
  361       	NumAlf       ! Number of data lines in the following table
!Alpha      Cl          Cd          Cm/Cp
!(deg)      (-)         (-)         (-)
-180.000000	0.000000  	0.001000  	-8.194600 
-179.000000	0.046451  	0.001000  	-8.194600 
-178.000000	0.092902  	0.001000  	-8.194600 
-177.000000	0.139353  	0.001000  	-8.194600 
-176.000000	0.185804  	0.001000  	-8.194600 
-175.000000	0.232255  	0.001000  	-8.194600 
-174.000000	0.278706  	0.001000  	-8.194600 
-173.000000	0.325157  	0.001000  	-8.194600 
-172.000000	0.371608  	0.001000  	-8.194600 
-171.000000	0.418059  	0.001000  	-8.194600 
-170.000000	0.464510  	0.001000  	-8.194600 
-169.000000	0.510961  	0.004436  	-8.194600 
-168.000000	0.557412  	0.009782  	-8.194600 
-167.000000	0.603863  	0.018521  	-8.194600 
-166.000000	0.650314  	0.029804  	-8.194600 
-165.000000	0.696766  	0.041876  	-8.194600 
-164.000000	0.743217  	0.054736  	-8.194600 
-163.000000	0.789668  	0.068245  	-8.194600 
-162.000000	0.836119  	0.082617  	-8.194600 
-161.000000	0.882570  	0.097502  	-8.194600 
-160.000000	0.929021  	0.113312  	-8.194600 
-159.000000	0.975472  	0.129509  	-8.194600 
-158.000000	1.021923  	0.146674  	-8.194600 
-157.000000	1.068374  	0.164111  	-8.194600 
-156.000000	1.114825  	0.182545  	-8.194600 
-155.000000	1.161276  	0.201145  	-8.194600 
-154.000000	1.207727  	0.220751  	-8.194600 
-153.000000	1.254178  	0.240434  	-8.194600 
-152.000000	1.300629  	0.261112  	-8.194600 
-151.000000	1.347080  	0.281790  	-8.194600 
-150.000000	1.313132  	0.303903  	-8.194600 
-149.000000	1.279184  	0.326016  	-8.194600 
-148.000000	1.245236  	0.348129  	-8.194600 
-147.000000	1.211288  	0.370242  	-8.194600 
-146.000000	1.181316  	0.393336  	-8.194600 
-145.000000	1.153554  	0.416975  	-8.194600 
-144.000000	1.125791  	0.440614  	-8.194600 
-143.000000	1.098029  	0.464253  	-8.194600 
-142.000000	1.071297  	0.488175  	-8.194600 
-141.000000	1.047140  	0.512804  	-8.194600 
-140.000000	1.022983  	0.537433  	-8.194600 
-139.000000	0.998827  	0.562062  	-8.194600 
-138.000000	0.974670  	0.586691  	-8.194600 
-137.000000	0.952394  	0.611721  	-8.194600 
-136.000000	0.930262  	0.636781  	-8.194600 
-135.000000	0.908130  	0.661842  	-8.194600 
-134.000000	0.885999  	0.686903  	-8.194600 
-133.000000	0.864461  	0.711886  	-8.194600 
-132.000000	0.843369  	0.736811  	-8.194600 
-131.000000	0.822277  	0.761736  	-8.194600 
-130.000000	0.801185  	0.786662  	-8.194600 
-129.000000	0.780187  	0.811437  	-8.194600 
-128.000000	0.759534  	0.835664  	-8.194600 
-127.000000	0.738880  	0.859890  	-8.194600 
-126.000000	0.718226  	0.884117  	-8.194600 
-125.000000	0.697572  	0.908343  	-8.194600 
-124.000000	0.677004  	0.931503  	-8.194600 
-123.000000	0.656450  	0.954484  	-8.194600 
-122.000000	0.635897  	0.977466  	-8.194600 
-121.000000	0.615343  	1.000447  	-8.194600 
-120.000000	0.594765  	1.022548  	-8.194600 
-119.000000	0.574163  	1.043768  	-8.194600 
-118.000000	0.553562  	1.064987  	-8.194600 
-117.000000	0.532960  	1.086207  	-8.194600 
-116.000000	0.512351  	1.107107  	-8.194600 
-115.000000	0.491698  	1.126089  	-8.194600 
-114.000000	0.471044  	1.145072  	-8.194600 
-113.000000	0.450391  	1.164054  	-8.194600 
-112.000000	0.429737  	1.183036  	-8.194600 
-111.000000	0.409127  	1.199928  	-8.194600 
-110.000000	0.388529  	1.216249  	-8.194600 
-109.000000	0.367931  	1.232571  	-8.194600 
-108.000000	0.347333  	1.248893  	-8.194600 
-107.000000	0.326842  	1.263919  	-8.194600 
-106.000000	0.306493  	1.277218  	-8.194600 
-105.000000	0.286145  	1.290518  	-8.194600 
-104.000000	0.265796  	1.303817  	-8.194600 
-103.000000	0.245484  	1.316880  	-8.194600 
-102.000000	0.225648  	1.326865  	-8.194600 
-101.000000	0.205812  	1.336851  	-8.194600 
-100.000000	0.185977  	1.346837  	-8.194600 
-99.000000	0.166141  	1.356823  	-8.194600 
-98.000000	0.146897  	1.364289  	-8.194600 
-97.000000	0.127889  	1.370746  	-8.194600 
-96.000000	0.108882  	1.377204  	-8.194600 
-95.000000	0.089875  	1.383662  	-8.194600 
-94.000000	0.071291  	1.388812  	-8.194600 
-93.000000	0.053468  	1.391609  	-8.194600 
-92.000000	0.035645  	1.394406  	-8.194600 
-91.000000	0.017823  	1.397203  	-8.194600 
-90.000000	0.000000  	1.400000  	-8.194600 
-89.000000	-0.017823 	1.397203  	-8.194600 
-88.000000	-0.035645 	1.394406  	-8.194600 
-87.000000	-0.053468 	1.391609  	-8.194600 
-86.000000	-0.071291 	1.388812  	-8.194600 
-85.000000	-0.089875 	1.383662  	-8.194600 
-84.000000	-0.108882 	1.377204  	-8.194600 
-83.000000	-0.127889 	1.370746  	-8.194600 
-82.000000	-0.146897 	1.364289  	-8.194600 
-81.000000	-0.166141 	1.356823  	-8.194600 
-80.000000	-0.185977 	1.346837  	-8.194600 
-79.000000	-0.205812 	1.336851  	-8.194600 
-78.000000	-0.225648 	1.326865  	-8.194600 
-77.000000	-0.245484 	1.316880  	-8.194600 
-76.000000	-0.265796 	1.303817  	-8.194600 
-75.000000	-0.286145 	1.290518  	-8.194600 
-74.000000	-0.306493 	1.277218  	-8.194600 
-73.000000	-0.326842 	1.263919  	-8.194600 
-72.000000	-0.347333 	1.248893  	-8.194600 
-71.000000	-0.367931 	1.232571  	-8.194600 
-70.000000	-0.388529 	1.216249  	-8.194600 
-69.000000	-0.409127 	1.199928  	-8.194600 
-68.000000	-0.429737 	1.183036  	-8.194600 
-67.000000	-0.450391 	1.164054  	-8.194600 
-66.000000	-0.471044 	1.145072  	-8.194600 
-65.000000	-0.491698 	1.126089  	-8.194600 
-64.000000	-0.512351 	1.107107  	-8.194600 
-63.000000	-0.532960 	1.086207  	-8.194600 
-62.000000	-0.553562 	1.064987  	-8.194600 
-61.000000	-0.574163 	1.043768  	-8.194600 
-60.000000	-0.594765 	1.022548  	-8.194600 
-59.000000	-0.615343 	1.000447  	-8.194600 
-58.000000	-0.635897 	0.977466  	-8.194600 
-57.000000	-0.656450 	0.954484  	-8.194600 
-56.000000	-0.677004 	0.931503  	-8.194600 
-55.000000	-0.697572 	0.908343  	-8.194600 
-54.000000	-0.718226 	0.884117  	-8.194600 
-53.000000	-0.738880 	0.859890  	-8.194600 
-52.000000	-0.759534 	0.835664  	-8.194600 
-51.000000	-0.780187 	0.811437  	-8.194600 
-50.000000	-0.801185 	0.786662  	-8.194600 
-49.000000	-0.822277 	0.761736  	-8.194600 
-48.000000	-0.843369 	0.736811  	-8.194600 
-47.000000	-0.864461 	0.711886  	-8.194600 
-46.000000	-0.885999 	0.686903  	-8.194600 
-45.000000	-0.908130 	0.661842  	-8.194600 
-44.000000	-0.930262 	0.636781  	-8.194600 
-43.000000	-0.952394 	0.611721  	-8.194600 
-42.000000	-0.974670 	0.586691  	-8.194600 
-41.000000	-0.998827 	0.562062  	-8.194600 
-40.000000	-1.022983 	0.537433  	-8.194600 
-39.000000	-1.047140 	0.512804  	-8.194600 
-38.000000	-1.071297 	0.488175  	-8.194600 
-37.000000	-1.098029 	0.464253  	-8.194600 
-36.000000	-1.125791 	0.440614  	-8.194600 
-35.000000	-1.153554 	0.416975  	-8.194600 
-34.000000	-1.181316 	0.393336  	-8.194600 
-33.000000	-1.211288 	0.370242  	-8.194600 
-32.000000	-1.245236 	0.348129  	-8.194600 
-31.000000	-1.279184 	0.326016  	-8.194600 
-30.000000	-1.313132 	0.303903  	-8.194600 
-29.000000	-1.347080 	0.281790  	-8.194600 
-28.000000	-1.300713 	0.267836  	-8.194600 
-27.000000	-1.254345 	0.253882  	-8.194600 
-26.000000	-1.207978 	0.239927  	-8.194600 
-25.000000	-1.161611 	0.225973  	-8.194600 
-24.000000	-1.115243 	0.212019  	-8.194600 
-23.000000	-1.068876 	0.198065  	-8.194600 
-22.000000	-1.022508 	0.184111  	-8.194600 
-21.000000	-0.976141 	0.170156  	-8.194600 
-20.000000	-0.929774 	0.156202  	-8.194600 
-19.000000	-0.883406 	0.142248  	-8.194600 
-18.000000	-0.837039 	0.128294  	-8.194600 
-17.000000	-0.790672 	0.114339  	-8.194600 
-16.000000	-0.744304 	0.100385  	-8.194600 
-15.000000	-0.697937 	0.086431  	-8.194600 
-14.000000	-0.651569 	0.072477  	-8.194600 
-13.000000	-0.605202 	0.058523  	-8.194600 
-12.000000	-0.558835 	0.044568  	-6.515837 
-11.000000	-0.512467 	0.030614  	-4.165568 
-10.000000	-0.466100 	0.016660  	-1.815300 
-9.000000 	-0.317500 	0.016180  	-1.674300 
-8.000000 	-0.169800 	0.015760  	-1.539200 
-7.000000 	-0.024800 	0.015530  	-1.409800 
-6.000000 	0.118300  	0.015370  	-1.288500 
-5.000000 	0.257000  	0.015360  	-1.171600 
-4.000000 	0.395500  	0.015360  	-1.060900 
-3.000000 	0.530400  	0.015480  	-1.115800 
-2.000000 	0.665300  	0.015630  	-1.219900 
-1.000000 	0.797200  	0.015870  	-1.325800 
0.000000  	0.928100  	0.016120  	-1.437200 
1.000000  	1.057800  	0.016410  	-1.554900 
2.000000  	1.184500  	0.016810  	-1.682800 
3.000000  	1.309600  	0.017300  	-1.831000 
4.000000  	1.432400  	0.017840  	-2.005000 
5.000000  	1.551700  	0.018530  	-2.209300 
6.000000  	1.666700  	0.019430  	-2.442300 
7.000000  	1.775100  	0.020620  	-2.715900 
8.000000  	1.876000  	0.022110  	-3.016100 
9.000000  	1.956300  	0.024540  	-3.340700 
10.000000 	1.989600  	0.028750  	-3.644600 
11.000000 	2.006900  	0.034770  	-3.921400 
12.000000 	2.018600  	0.043220  	-4.200800 
13.000000 	2.020500  	0.054440  	-4.461800 
14.000000 	2.005400  	0.068470  	-4.688000 
15.000000 	1.987500  	0.083280  	-4.909300 
16.000000 	1.967200  	0.098780  	-5.125500 
17.000000 	1.951600  	0.113880  	-5.353300 
18.000000 	1.944200  	0.128200  	-5.595100 
19.000000 	1.941200  	0.141980  	-5.874200 
20.000000 	1.941400  	0.155520  	-6.134300 
21.000000 	1.943400  	0.168830  	-6.426900 
22.000000 	1.942900  	0.182610  	-6.685900 
23.000000 	1.942700  	0.196330  	-6.945800 
24.000000 	1.941000  	0.210300  	-7.184400 
25.000000 	1.938100  	0.224620  	-7.429600 
26.000000 	1.937800  	0.238430  	-7.679800 
27.000000 	1.928800  	0.253880  	-7.823800 
28.000000 	1.929900  	0.267250  	-8.013400 
29.000000 	1.924400  	0.281790  	-8.194600 
30.000000 	1.875903  	0.303903  	-8.194600 
31.000000 	1.827406  	0.326016  	-8.194600 
32.000000 	1.778908  	0.348129  	-8.194600 
33.000000 	1.730411  	0.370242  	-8.194600 
34.000000 	1.687595  	0.393336  	-8.194600 
35.000000 	1.647934  	0.416975  	-8.194600 
36.000000 	1.608273  	0.440614  	-8.194600 
37.000000 	1.568613  	0.464253  	-8.194600 
38.000000 	1.530424  	0.488175  	-8.194600 
39.000000 	1.495914  	0.512804  	-8.194600 
40.000000 	1.461405  	0.537433  	-8.194600 
41.000000 	1.426896  	0.562062  	-8.194600 
42.000000 	1.392386  	0.586691  	-8.194600 
43.000000 	1.360563  	0.611721  	-8.194600 
44.000000 	1.328946  	0.636781  	-8.194600 
45.000000 	1.297329  	0.661842  	-8.194600 
46.000000 	1.265713  	0.686903  	-8.194600 
47.000000 	1.234945  	0.711886  	-8.194600 
48.000000 	1.204813  	0.736811  	-8.194600 
49.000000 	1.174682  	0.761736  	-8.194600 
50.000000 	1.144551  	0.786662  	-8.194600 
51.000000 	1.114553  	0.811437  	-8.194600 
52.000000 	1.085048  	0.835664  	-8.194600 
53.000000 	1.055543  	0.859890  	-8.194600 
54.000000 	1.026037  	0.884117  	-8.194600 
55.000000 	0.996532  	0.908343  	-8.194600 
56.000000 	0.967149  	0.931503  	-8.194600 
57.000000 	0.937786  	0.954484  	-8.194600 
58.000000 	0.908424  	0.977466  	-8.194600 
59.000000 	0.879061  	1.000447  	-8.194600 
60.000000 	0.849664  	1.022548  	-8.194600 
61.000000 	0.820233  	1.043768  	-8.194600 
62.000000 	0.790803  	1.064987  	-8.194600 
63.000000 	0.761372  	1.086207  	-8.194600 
64.000000 	0.731930  	1.107107  	-8.194600 
65.000000 	0.702425  	1.126089  	-8.194600 
66.000000 	0.672921  	1.145072  	-8.194600 
67.000000 	0.643416  	1.164054  	-8.194600 
68.000000 	0.613911  	1.183036  	-8.194600 
69.000000 	0.584468  	1.199928  	-8.194600 
70.000000 	0.555042  	1.216249  	-8.194600 
71.000000 	0.525616  	1.232571  	-8.194600 
72.000000 	0.496190  	1.248893  	-8.194600 
73.000000 	0.466917  	1.263919  	-8.194600 
74.000000 	0.437847  	1.277218  	-8.194600 
75.000000 	0.408778  	1.290518  	-8.194600 
76.000000 	0.379709  	1.303817  	-8.194600 
77.000000 	0.350692  	1.316880  	-8.194600 
78.000000 	0.322355  	1.326865  	-8.194600 
79.000000 	0.294018  	1.336851  	-8.194600 
80.000000 	0.265681  	1.346837  	-8.194600 
81.000000 	0.237344  	1.356823  	-8.194600 
82.000000 	0.209852  	1.364289  	-8.194600 
83.000000 	0.182699  	1.370746  	-8.194600 
84.000000 	0.155546  	1.377204  	-8.194600 
85.000000 	0.128393  	1.383662  	-8.194600 
86.000000 	0.101844  	1.388812  	-8.194600 
87.000000 	0.076383  	1.391609  	-8.194600 
88.000000 	0.050922  	1.394406  	-8.194600 
89.000000 	0.025461  	1.397203  	-8.194600 
90.000000 	0.000000  	1.400000  	-8.194600 
91.000000 	-0.017823 	1.397203  	-8.194600 
92.000000 	-0.035645 	1.394406  	-8.194600 
93.000000 	-0.053468 	1.391609  	-8.194600 
94.000000 	-0.071291 	1.388812  	-8.194600 
95.000000 	-0.089875 	1.383662  	-8.194600 
96.000000 	-0.108882 	1.377204  	-8.194600 
97.000000 	-0.127889 	1.370746  	-8.194600 
98.000000 	-0.146897 	1.364289  	-8.194600 
99.000000 	-0.166141 	1.356823  	-8.194600 
100.000000	-0.185977 	1.346837  	-8.194600 
101.000000	-0.205812 	1.336851  	-8.194600 
102.000000	-0.225648 	1.326865  	-8.194600 
103.000000	-0.245484 	1.316880  	-8.194600 
104.000000	-0.265796 	1.303817  	-8.194600 
105.000000	-0.286145 	1.290518  	-8.194600 
106.000000	-0.306493 	1.277218  	-8.194600 
107.000000	-0.326842 	1.263919  	-8.194600 
108.000000	-0.347333 	1.248893  	-8.194600 
109.000000	-0.367931 	1.232571  	-8.194600 
110.000000	-0.388529 	1.216249  	-8.194600 
111.000000	-0.409127 	1.199928  	-8.194600 
112.000000	-0.429737 	1.183036  	-8.194600 
113.000000	-0.450391 	1.164054  	-8.194600 
114.000000	-0.471044 	1.145072  	-8.194600 
115.000000	-0.491698 	1.126089  	-8.194600 
116.000000	-0.512351 	1.107107  	-8.194600 
117.000000	-0.532960 	1.086207  	-8.194600 
118.000000	-0.553562 	1.064987  	-8.194600 
119.000000	-0.574163 	1.043768  	-8.194600 
120.000000	-0.594765 	1.022548  	-8.194600 
121.000000	-0.615343 	1.000447  	-8.194600 
122.000000	-0.635897 	0.977466  	-8.194600 
123.000000	-0.656450 	0.954484  	-8.194600 
124.000000	-0.677004 	0.931503  	-8.194600 
125.000000	-0.697572 	0.908343  	-8.194600 
126.000000	-0.718226 	0.884117  	-8.194600 
127.000000	-0.738880 	0.859890  	-8.194600 
128.000000	-0.759534 	0.835664  	-8.194600 
129.000000	-0.780187 	0.811437  	-8.194600 
130.000000	-0.801185 	0.786662  	-8.194600 
131.000000	-0.822277 	0.761736  	-8.194600 
132.000000	-0.843369 	0.736811  	-8.194600 
133.000000	-0.864461 	0.711886  	-8.194600 
134.000000	-0.885999 	0.686903  	-8.194600 
135.000000	-0.908130 	0.661842  	-8.194600 
136.000000	-0.930262 	0.636781  	-8.194600 
137.000000	-0.952394 	0.611721  	-8.194600 
138.000000	-0.974670 	0.586691  	-8.194600 
139.000000	-0.998827 	0.562062  	-8.194600 
140.000000	-1.022983 	0.537433  	-8.194600 
141.000000	-1.047140 	0.512804  	-8.194600 
142.000000	-1.071297 	0.488175  	-8.194600 
143.000000	-1.098029 	0.464253  	-8.194600 
144.000000	-1.125791 	0.440614  	-8.194600 
145.000000	-1.153554 	0.416975  	-8.194600 
146.000000	-1.181316 	0.393336  	-8.194600 
147.000000	-1.211288 	0.370242  	-8.194600 
148.000000	-1.245236 	0.348129  	-8.194600 
149.000000	-1.279184 	0.326016  	-8.194600 
150.000000	-1.313132 	0.303903  	-8.194600 
151.000000	-1.347080 	0.281790  	-8.194600 
152.000000	-1.300629 	0.261112  	-8.194600 
153.000000	-1.254178 	0.240434  	-8.194600 
154.000000	-1.207727 	0.220751  	-8.194600 
155.000000	-1.161276 	0.201145  	-8.194600 
156.000000	-1.114825 	0.182545  	-8.194600 
157.000000	-1.068374 	0.164111  	-8.194600 
158.000000	-1.021923 	0.146674  	-8.194600 
159.000000	-0.975472 	0.129509  	-8.194600 
160.000000	-0.929021 	0.113312  	-8.194600 
161.000000	-0.882570 	0.097502  	-8.194600 
162.000000	-0.836119 	0.082617  	-8.194600 
163.000000	-0.789668 	0.068245  	-8.194600 
164.000000	-0.743217 	0.054736  	-8.194600 
165.000000	-0.696766 	0.041876  	-8.194600 
166.000000	-0.650314 	0.029804  	-8.194600 
167.000000	-0.603863 	0.018521  	-8.194600 
168.000000	-0.557412 	0.009782  	-8.194600 
169.000000	-0.510961 	0.004436  	-8.194600 
170.000000	-0.464510 	0.001000  	-8.194600 
171.000000	-0.418059 	0.001000  	-8.194600 
172.000000	-0.371608 	0.001000  	-8.194600 
173.000000	-0.325157 	0.001000  	-8.194600 
174.000000	-0.278706 	0.001000  	-8.194600 
175.000000	-0.232255 	0.001000  	-8.194600 
176.000000	-0.185804 	0.001000  	-8.194600 
177.000000	-0.139353 	0.001000  	-8.194600 
178.000000	-0.092902 	0.001000  	-8.194600 
179.000000	-0.046451 	0.001000  	-8.194600 
180.000000	0.000000  	0.001000  	-8.194600 
