! AeroDyn v15 airfoil data file
! Generated from airfoilprep.py modified by D. Kim (Mar 14th, 2022) 
! start all comment lines with ! 
! ------------------------------------------------------------------------------
"DEFAULT"       InterpOrd    ! Interpolation order to use for quasi-steady table lookup {1=linear; 3=cubic spline; "default"} [default=1]
! ------------------------------------------------------------------------------
! 0.20          RelThickness ! The non-dimensional thickness of the airfoil (thickness/chord) [only used if UAMod=7] [default=0.2] (-)
  1             NonDimArea   ! The non-dimensional area of the airfoil (area/chord^2) (set to 1.0 if unsure or unneeded)
  103           NumCoords    ! The number of coordinates in the airfoil shape file (including an extra coordinate for airfoil reference).
! ......... x-y coordinates are next if NumCoords > 0 .............
! x-y coordinate of airfoil reference
!  x/c        y/c
  0.25       0
! Airfoil: 
!  x/c        y/c
1.0013383 -0.0000002
0.9810012 0.0055445
0.9606969 0.0112240
0.9402849 0.0164798
0.9196629 0.0208470
0.8988046 0.0238527
0.8777679 0.0251065
0.8566980 0.0247130
0.8356888 0.0230574
0.8147779 0.0203601
0.7940116 0.0167372
0.7734072 0.0122962
0.7529642 0.0071468
0.7326804 0.0014066
0.7125478 -0.0048223
0.6925369 -0.0114346
0.6726192 -0.0183376
0.6527676 -0.0254429
0.6329543 -0.0326591
0.6131563 -0.0399085
0.5933438 -0.0471177
0.5734882 -0.0542123
0.5535707 -0.0611256
0.5335730 -0.0677918
0.5134788 -0.0741501
0.4932726 -0.0801433
0.4729403 -0.0857175
0.4524795 -0.0908185
0.4318978 -0.0953990
0.4112035 -0.0994115
0.3904053 -0.1028111
0.3695122 -0.1055564
0.3485330 -0.1076059
0.3274855 -0.1088993
0.3064040 -0.1093741
0.2853257 -0.1090159
0.2642891 -0.1077577
0.2433332 -0.1055684
0.2224907 -0.1024525
0.2017994 -0.0984280
0.1813025 -0.0935081
0.1610326 -0.0877239
0.1410254 -0.0810840
0.1213251 -0.0735854
0.1019890 -0.0651964
0.0830846 -0.0558550
0.0647429 -0.0454594
0.0471654 -0.0338523
0.0306527 -0.0207566
0.0158475 -0.0057836
0.0040597 0.0116401
-0.0013431 0.0318221
0.0042981 0.0519051
0.0164567 0.0690463
0.0316272 0.0836795
0.0485077 0.0962916
0.0664874 0.1072857
0.0852250 0.1169384
0.1045039 0.1254476
0.1241984 0.1329629
0.1442092 0.1396014
0.1644582 0.1454550
0.1849024 0.1505914
0.2055023 0.1550713
0.2262239 0.1589340
0.2470455 0.1622071
0.2679491 0.1649151
0.2889200 0.1670630
0.3099417 0.1686621
0.3309979 0.1697188
0.3520714 0.1702297
0.3731487 0.1702157
0.3942190 0.1696483
0.4152710 0.1685591
0.4362930 0.1669657
0.4572724 0.1648777
0.4781988 0.1623286
0.4990659 0.1593587
0.5198748 0.1560065
0.5406298 0.1523221
0.5613352 0.1483529
0.5819943 0.1441417
0.6026103 0.1397294
0.6231854 0.1351421
0.6437273 0.1304089
0.6642386 0.1255436
0.6847230 0.1205649
0.7051830 0.1154853
0.7256207 0.1103167
0.7460392 0.1050744
0.7664400 0.0997643
0.7868269 0.0944011
0.8072029 0.0889959
0.8275693 0.0835546
0.8479296 0.0780902
0.8682861 0.0726118
0.8886406 0.0671266
0.9089950 0.0616407
0.9293471 0.0561464
0.9496871 0.0506066
0.9697618 0.0442207
0.9856677 0.0308886
! ------------------------------------------------------------------------------
"unused"        BL_file      ! The file name including the boundary layer characteristics of the profile. Unused if the aeroacoustic module is not called.
  11        	NumTabs      ! Number of airfoil tables in this file.
! ------------------------------------------------------------------------------
! data for table	1         
! ------------------------------------------------------------------------------
  0.200000  	Re           ! Reynolds number in millions
  0.000000  	UserProp     ! User property (control) setting
Flase           InclUAdata   ! Is unsteady aerodynamics data included in this table? If TRUE, then include UA coefficients below this line. Any missing coefficients will be calculated internally.
! Table of aerodynamics coefficients
  361       	NumAlf       ! Number of data lines in the following table
!Alpha      Cl          Cd          Cm/Cp
!(deg)      (-)         (-)         (-)
-180.000000	0.000000  	0.001000  	-6.684400 
-179.000000	0.045029  	0.001000  	-6.684400 
-178.000000	0.090058  	0.001000  	-6.684400 
-177.000000	0.135087  	0.001000  	-6.684400 
-176.000000	0.180115  	0.001000  	-6.684400 
-175.000000	0.225144  	0.001000  	-6.684400 
-174.000000	0.270173  	0.001000  	-6.684400 
-173.000000	0.315202  	0.001000  	-6.684400 
-172.000000	0.360231  	0.001000  	-6.684400 
-171.000000	0.405260  	0.001000  	-6.684400 
-170.000000	0.450288  	0.001000  	-6.684400 
-169.000000	0.495317  	0.001000  	-6.684400 
-168.000000	0.540346  	0.008370  	-6.684400 
-167.000000	0.585375  	0.016968  	-6.684400 
-166.000000	0.630404  	0.028616  	-6.684400 
-165.000000	0.675433  	0.040465  	-6.684400 
-164.000000	0.720462  	0.053518  	-6.684400 
-163.000000	0.765490  	0.066958  	-6.684400 
-162.000000	0.810519  	0.081362  	-6.684400 
-161.000000	0.855548  	0.096321  	-6.684400 
-160.000000	0.900577  	0.112017  	-6.684400 
-159.000000	0.945606  	0.128415  	-6.684400 
-158.000000	0.990635  	0.145339  	-6.684400 
-157.000000	1.035663  	0.163089  	-6.684400 
-156.000000	1.080692  	0.181169  	-6.684400 
-155.000000	1.125721  	0.200177  	-6.684400 
-154.000000	1.170750  	0.219340  	-6.684400 
-153.000000	1.144278  	0.240168  	-6.684400 
-152.000000	1.117806  	0.260996  	-6.684400 
-151.000000	1.091335  	0.281824  	-6.684400 
-150.000000	1.064863  	0.302652  	-6.684400 
-149.000000	1.040938  	0.324313  	-6.684400 
-148.000000	1.020408  	0.347085  	-6.684400 
-147.000000	0.999877  	0.369858  	-6.684400 
-146.000000	0.979347  	0.392630  	-6.684400 
-145.000000	0.958817  	0.415402  	-6.684400 
-144.000000	0.940904  	0.439353  	-6.684400 
-143.000000	0.923427  	0.463500  	-6.684400 
-142.000000	0.905950  	0.487648  	-6.684400 
-141.000000	0.888473  	0.511795  	-6.684400 
-140.000000	0.871387  	0.536164  	-6.684400 
-139.000000	0.855277  	0.561084  	-6.684400 
-138.000000	0.839167  	0.586005  	-6.684400 
-137.000000	0.823057  	0.610925  	-6.684400 
-136.000000	0.806947  	0.635846  	-6.684400 
-135.000000	0.791089  	0.660875  	-6.684400 
-134.000000	0.775333  	0.685948  	-6.684400 
-133.000000	0.759576  	0.711020  	-6.684400 
-132.000000	0.743819  	0.736093  	-6.684400 
-131.000000	0.728027  	0.761098  	-6.684400 
-130.000000	0.712023  	0.785699  	-6.684400 
-129.000000	0.696020  	0.810300  	-6.684400 
-128.000000	0.680017  	0.834901  	-6.684400 
-127.000000	0.664014  	0.859502  	-6.684400 
-126.000000	0.647685  	0.883485  	-6.684400 
-125.000000	0.631113  	0.907003  	-6.684400 
-124.000000	0.614541  	0.930522  	-6.684400 
-123.000000	0.597969  	0.954040  	-6.684400 
-122.000000	0.581397  	0.977559  	-6.684400 
-121.000000	0.564132  	0.999413  	-6.684400 
-120.000000	0.546867  	1.021266  	-6.684400 
-119.000000	0.529602  	1.043120  	-6.684400 
-118.000000	0.512337  	1.064974  	-6.684400 
-117.000000	0.494786  	1.085883  	-6.684400 
-116.000000	0.476853  	1.105532  	-6.684400 
-115.000000	0.458920  	1.125182  	-6.684400 
-114.000000	0.440986  	1.144831  	-6.684400 
-113.000000	0.423053  	1.164481  	-6.684400 
-112.000000	0.404668  	1.181828  	-6.684400 
-111.000000	0.386206  	1.198790  	-6.684400 
-110.000000	0.367745  	1.215753  	-6.684400 
-109.000000	0.349284  	1.232716  	-6.684400 
-108.000000	0.330739  	1.248792  	-6.684400 
-107.000000	0.311981  	1.262654  	-6.684400 
-106.000000	0.293223  	1.276516  	-6.684400 
-105.000000	0.274466  	1.290379  	-6.684400 
-104.000000	0.255708  	1.304241  	-6.684400 
-103.000000	0.236955  	1.315649  	-6.684400 
-102.000000	0.218204  	1.326076  	-6.684400 
-101.000000	0.199453  	1.336503  	-6.684400 
-100.000000	0.180701  	1.346929  	-6.684400 
-99.000000	0.162002  	1.356830  	-6.684400 
-98.000000	0.143615  	1.363575  	-6.684400 
-97.000000	0.125227  	1.370320  	-6.684400 
-96.000000	0.106840  	1.377064  	-6.684400 
-95.000000	0.088453  	1.383809  	-6.684400 
-94.000000	0.070501  	1.388362  	-6.684400 
-93.000000	0.052876  	1.391272  	-6.684400 
-92.000000	0.035251  	1.394181  	-6.684400 
-91.000000	0.017625  	1.397091  	-6.684400 
-90.000000	0.000000  	1.400000  	-6.684400 
-89.000000	-0.017625 	1.397091  	-6.684400 
-88.000000	-0.035251 	1.394181  	-6.684400 
-87.000000	-0.052876 	1.391272  	-6.684400 
-86.000000	-0.070501 	1.388362  	-6.684400 
-85.000000	-0.088453 	1.383809  	-6.684400 
-84.000000	-0.106840 	1.377064  	-6.684400 
-83.000000	-0.125227 	1.370320  	-6.684400 
-82.000000	-0.143615 	1.363575  	-6.684400 
-81.000000	-0.162002 	1.356830  	-6.684400 
-80.000000	-0.180701 	1.346929  	-6.684400 
-79.000000	-0.199453 	1.336503  	-6.684400 
-78.000000	-0.218204 	1.326076  	-6.684400 
-77.000000	-0.236955 	1.315649  	-6.684400 
-76.000000	-0.255708 	1.304241  	-6.684400 
-75.000000	-0.274466 	1.290379  	-6.684400 
-74.000000	-0.293223 	1.276516  	-6.684400 
-73.000000	-0.311981 	1.262654  	-6.684400 
-72.000000	-0.330739 	1.248792  	-6.684400 
-71.000000	-0.349284 	1.232716  	-6.684400 
-70.000000	-0.367745 	1.215753  	-6.684400 
-69.000000	-0.386206 	1.198790  	-6.684400 
-68.000000	-0.404668 	1.181828  	-6.684400 
-67.000000	-0.423053 	1.164481  	-6.684400 
-66.000000	-0.440986 	1.144831  	-6.684400 
-65.000000	-0.458920 	1.125182  	-6.684400 
-64.000000	-0.476853 	1.105532  	-6.684400 
-63.000000	-0.494786 	1.085883  	-6.684400 
-62.000000	-0.512337 	1.064974  	-6.684400 
-61.000000	-0.529602 	1.043120  	-6.684400 
-60.000000	-0.546867 	1.021266  	-6.684400 
-59.000000	-0.564132 	0.999413  	-6.684400 
-58.000000	-0.581397 	0.977559  	-6.684400 
-57.000000	-0.597969 	0.954040  	-6.684400 
-56.000000	-0.614541 	0.930522  	-6.684400 
-55.000000	-0.631113 	0.907003  	-6.684400 
-54.000000	-0.647685 	0.883485  	-6.684400 
-53.000000	-0.664014 	0.859502  	-6.684400 
-52.000000	-0.680017 	0.834901  	-6.684400 
-51.000000	-0.696020 	0.810300  	-6.684400 
-50.000000	-0.712023 	0.785699  	-6.684400 
-49.000000	-0.728027 	0.761098  	-6.684400 
-48.000000	-0.743819 	0.736093  	-6.684400 
-47.000000	-0.759576 	0.711020  	-6.684400 
-46.000000	-0.775333 	0.685948  	-6.684400 
-45.000000	-0.791089 	0.660875  	-6.684400 
-44.000000	-0.806947 	0.635846  	-6.684400 
-43.000000	-0.823057 	0.610925  	-6.684400 
-42.000000	-0.839167 	0.586005  	-6.684400 
-41.000000	-0.855277 	0.561084  	-6.684400 
-40.000000	-0.871387 	0.536164  	-6.684400 
-39.000000	-0.888473 	0.511795  	-6.684400 
-38.000000	-0.905950 	0.487648  	-6.684400 
-37.000000	-0.923427 	0.463500  	-6.684400 
-36.000000	-0.940904 	0.439353  	-6.684400 
-35.000000	-0.958817 	0.415402  	-6.684400 
-34.000000	-0.979347 	0.392630  	-6.684400 
-33.000000	-0.999877 	0.369858  	-6.684400 
-32.000000	-1.020408 	0.347085  	-6.684400 
-31.000000	-1.040938 	0.324313  	-6.684400 
-30.000000	-1.064863 	0.302652  	-6.684400 
-29.000000	-1.091335 	0.281824  	-6.684400 
-28.000000	-1.117806 	0.260996  	-6.684400 
-27.000000	-1.144278 	0.240168  	-6.684400 
-26.000000	-1.170750 	0.219340  	-6.684400 
-25.000000	-1.099872 	0.210888  	-6.684400 
-24.000000	-1.028994 	0.202435  	-6.684400 
-23.000000	-0.958116 	0.193982  	-6.684400 
-22.000000	-0.887238 	0.185530  	-6.684400 
-21.000000	-0.816359 	0.177077  	-6.684400 
-20.000000	-0.745481 	0.168625  	-6.684400 
-19.000000	-0.674603 	0.160173  	-6.684400 
-18.000000	-0.603725 	0.151720  	-6.684400 
-17.000000	-0.532847 	0.143267  	-6.684400 
-16.000000	-0.461969 	0.134815  	-6.684400 
-15.000000	-0.391091 	0.126362  	-6.684400 
-14.000000	-0.320213 	0.117910  	-6.684400 
-13.000000	-0.249334 	0.109457  	-6.684400 
-12.000000	-0.178456 	0.101005  	-5.969600 
-11.000000	-0.107578 	0.092552  	-3.467800 
-10.000000	-0.036700 	0.084100  	-0.966000 
-9.000000 	0.114600  	0.084210  	-0.813400 
-8.000000 	0.186600  	0.079440  	-0.863300 
-7.000000 	0.249600  	0.074600  	-0.909000 
-6.000000 	0.292600  	0.068625  	-0.942750 
-5.000000 	0.335600  	0.062650  	-0.976500 
-4.000000 	0.366100  	0.055680  	-1.003000 
-3.000000 	0.361400  	0.048940  	-1.011900 
-2.000000 	0.461900  	0.048510  	-1.085700 
-1.000000 	0.513200  	0.044770  	-1.130400 
0.000000  	0.591400  	0.041210  	-1.193300 
1.000000  	0.698300  	0.038410  	-1.280400 
2.000000  	0.817900  	0.036330  	-1.385900 
3.000000  	0.949200  	0.034880  	-1.518600 
4.000000  	1.087500  	0.033750  	-1.685900 
5.000000  	1.170100  	0.034100  	-1.839000 
6.000000  	1.289400  	0.033260  	-2.046700 
7.000000  	1.408500  	0.032470  	-2.298800 
8.000000  	1.507300  	0.031890  	-2.570400 
9.000000  	1.548800  	0.032590  	-2.782200 
10.000000 	1.546800  	0.036280  	-2.978300 
11.000000 	1.568900  	0.042350  	-3.227300 
12.000000 	1.560900  	0.051830  	-3.416300 
13.000000 	1.549800  	0.063420  	-3.593600 
14.000000 	1.557200  	0.076080  	-3.821300 
15.000000 	1.544900  	0.088010  	-3.996500 
16.000000 	1.559600  	0.100550  	-4.252000 
17.000000 	1.562400  	0.111980  	-4.482500 
18.000000 	1.580200  	0.123930  	-4.744600 
19.000000 	1.593600  	0.135070  	-5.021300 
20.000000 	1.616100  	0.145310  	-5.316400 
21.000000 	1.629000  	0.158280  	-5.566700 
22.000000 	1.652000  	0.167000  	-5.915500 
23.000000 	1.659500  	0.180080  	-6.098400 
24.000000 	1.670300  	0.192370  	-6.363600 
25.000000 	1.672800  	0.205240  	-6.519500 
26.000000 	1.672500  	0.219340  	-6.684400 
27.000000 	1.634683  	0.240168  	-6.684400 
28.000000 	1.596866  	0.260996  	-6.684400 
29.000000 	1.559050  	0.281824  	-6.684400 
30.000000 	1.521233  	0.302652  	-6.684400 
31.000000 	1.487054  	0.324313  	-6.684400 
32.000000 	1.457725  	0.347085  	-6.684400 
33.000000 	1.428396  	0.369858  	-6.684400 
34.000000 	1.399068  	0.392630  	-6.684400 
35.000000 	1.369739  	0.415402  	-6.684400 
36.000000 	1.344149  	0.439353  	-6.684400 
37.000000 	1.319182  	0.463500  	-6.684400 
38.000000 	1.294215  	0.487648  	-6.684400 
39.000000 	1.269248  	0.511795  	-6.684400 
40.000000 	1.244839  	0.536164  	-6.684400 
41.000000 	1.221824  	0.561084  	-6.684400 
42.000000 	1.198810  	0.586005  	-6.684400 
43.000000 	1.175796  	0.610925  	-6.684400 
44.000000 	1.152782  	0.635846  	-6.684400 
45.000000 	1.130128  	0.660875  	-6.684400 
46.000000 	1.107618  	0.685948  	-6.684400 
47.000000 	1.085108  	0.711020  	-6.684400 
48.000000 	1.062598  	0.736093  	-6.684400 
49.000000 	1.040038  	0.761098  	-6.684400 
50.000000 	1.017176  	0.785699  	-6.684400 
51.000000 	0.994315  	0.810300  	-6.684400 
52.000000 	0.971453  	0.834901  	-6.684400 
53.000000 	0.948591  	0.859502  	-6.684400 
54.000000 	0.925265  	0.883485  	-6.684400 
55.000000 	0.901590  	0.907003  	-6.684400 
56.000000 	0.877916  	0.930522  	-6.684400 
57.000000 	0.854242  	0.954040  	-6.684400 
58.000000 	0.830567  	0.977559  	-6.684400 
59.000000 	0.805903  	0.999413  	-6.684400 
60.000000 	0.781239  	1.021266  	-6.684400 
61.000000 	0.756575  	1.043120  	-6.684400 
62.000000 	0.731910  	1.064974  	-6.684400 
63.000000 	0.706837  	1.085883  	-6.684400 
64.000000 	0.681218  	1.105532  	-6.684400 
65.000000 	0.655599  	1.125182  	-6.684400 
66.000000 	0.629981  	1.144831  	-6.684400 
67.000000 	0.604362  	1.164481  	-6.684400 
68.000000 	0.578096  	1.181828  	-6.684400 
69.000000 	0.551723  	1.198790  	-6.684400 
70.000000 	0.525351  	1.215753  	-6.684400 
71.000000 	0.498978  	1.232716  	-6.684400 
72.000000 	0.472484  	1.248792  	-6.684400 
73.000000 	0.445687  	1.262654  	-6.684400 
74.000000 	0.418891  	1.276516  	-6.684400 
75.000000 	0.392094  	1.290379  	-6.684400 
76.000000 	0.365297  	1.304241  	-6.684400 
77.000000 	0.338507  	1.315649  	-6.684400 
78.000000 	0.311720  	1.326076  	-6.684400 
79.000000 	0.284932  	1.336503  	-6.684400 
80.000000 	0.258145  	1.346929  	-6.684400 
81.000000 	0.231431  	1.356830  	-6.684400 
82.000000 	0.205164  	1.363575  	-6.684400 
83.000000 	0.178896  	1.370320  	-6.684400 
84.000000 	0.152629  	1.377064  	-6.684400 
85.000000 	0.126361  	1.383809  	-6.684400 
86.000000 	0.100716  	1.388362  	-6.684400 
87.000000 	0.075537  	1.391272  	-6.684400 
88.000000 	0.050358  	1.394181  	-6.684400 
89.000000 	0.025179  	1.397091  	-6.684400 
90.000000 	0.000000  	1.400000  	-6.684400 
91.000000 	-0.017625 	1.397091  	-6.684400 
92.000000 	-0.035251 	1.394181  	-6.684400 
93.000000 	-0.052876 	1.391272  	-6.684400 
94.000000 	-0.070501 	1.388362  	-6.684400 
95.000000 	-0.088453 	1.383809  	-6.684400 
96.000000 	-0.106840 	1.377064  	-6.684400 
97.000000 	-0.125227 	1.370320  	-6.684400 
98.000000 	-0.143615 	1.363575  	-6.684400 
99.000000 	-0.162002 	1.356830  	-6.684400 
100.000000	-0.180701 	1.346929  	-6.684400 
101.000000	-0.199453 	1.336503  	-6.684400 
102.000000	-0.218204 	1.326076  	-6.684400 
103.000000	-0.236955 	1.315649  	-6.684400 
104.000000	-0.255708 	1.304241  	-6.684400 
105.000000	-0.274466 	1.290379  	-6.684400 
106.000000	-0.293223 	1.276516  	-6.684400 
107.000000	-0.311981 	1.262654  	-6.684400 
108.000000	-0.330739 	1.248792  	-6.684400 
109.000000	-0.349284 	1.232716  	-6.684400 
110.000000	-0.367745 	1.215753  	-6.684400 
111.000000	-0.386206 	1.198790  	-6.684400 
112.000000	-0.404668 	1.181828  	-6.684400 
113.000000	-0.423053 	1.164481  	-6.684400 
114.000000	-0.440986 	1.144831  	-6.684400 
115.000000	-0.458920 	1.125182  	-6.684400 
116.000000	-0.476853 	1.105532  	-6.684400 
117.000000	-0.494786 	1.085883  	-6.684400 
118.000000	-0.512337 	1.064974  	-6.684400 
119.000000	-0.529602 	1.043120  	-6.684400 
120.000000	-0.546867 	1.021266  	-6.684400 
121.000000	-0.564132 	0.999413  	-6.684400 
122.000000	-0.581397 	0.977559  	-6.684400 
123.000000	-0.597969 	0.954040  	-6.684400 
124.000000	-0.614541 	0.930522  	-6.684400 
125.000000	-0.631113 	0.907003  	-6.684400 
126.000000	-0.647685 	0.883485  	-6.684400 
127.000000	-0.664014 	0.859502  	-6.684400 
128.000000	-0.680017 	0.834901  	-6.684400 
129.000000	-0.696020 	0.810300  	-6.684400 
130.000000	-0.712023 	0.785699  	-6.684400 
131.000000	-0.728027 	0.761098  	-6.684400 
132.000000	-0.743819 	0.736093  	-6.684400 
133.000000	-0.759576 	0.711020  	-6.684400 
134.000000	-0.775333 	0.685948  	-6.684400 
135.000000	-0.791089 	0.660875  	-6.684400 
136.000000	-0.806947 	0.635846  	-6.684400 
137.000000	-0.823057 	0.610925  	-6.684400 
138.000000	-0.839167 	0.586005  	-6.684400 
139.000000	-0.855277 	0.561084  	-6.684400 
140.000000	-0.871387 	0.536164  	-6.684400 
141.000000	-0.888473 	0.511795  	-6.684400 
142.000000	-0.905950 	0.487648  	-6.684400 
143.000000	-0.923427 	0.463500  	-6.684400 
144.000000	-0.940904 	0.439353  	-6.684400 
145.000000	-0.958817 	0.415402  	-6.684400 
146.000000	-0.979347 	0.392630  	-6.684400 
147.000000	-0.999877 	0.369858  	-6.684400 
148.000000	-1.020408 	0.347085  	-6.684400 
149.000000	-1.040938 	0.324313  	-6.684400 
150.000000	-1.064863 	0.302652  	-6.684400 
151.000000	-1.091335 	0.281824  	-6.684400 
152.000000	-1.117806 	0.260996  	-6.684400 
153.000000	-1.144278 	0.240168  	-6.684400 
154.000000	-1.170750 	0.219340  	-6.684400 
155.000000	-1.125721 	0.200177  	-6.684400 
156.000000	-1.080692 	0.181169  	-6.684400 
157.000000	-1.035663 	0.163089  	-6.684400 
158.000000	-0.990635 	0.145339  	-6.684400 
159.000000	-0.945606 	0.128415  	-6.684400 
160.000000	-0.900577 	0.112017  	-6.684400 
161.000000	-0.855548 	0.096321  	-6.684400 
162.000000	-0.810519 	0.081362  	-6.684400 
163.000000	-0.765490 	0.066958  	-6.684400 
164.000000	-0.720462 	0.053518  	-6.684400 
165.000000	-0.675433 	0.040465  	-6.684400 
166.000000	-0.630404 	0.028616  	-6.684400 
167.000000	-0.585375 	0.016968  	-6.684400 
168.000000	-0.540346 	0.008370  	-6.684400 
169.000000	-0.495317 	0.001000  	-6.684400 
170.000000	-0.450288 	0.001000  	-6.684400 
171.000000	-0.405260 	0.001000  	-6.684400 
172.000000	-0.360231 	0.001000  	-6.684400 
173.000000	-0.315202 	0.001000  	-6.684400 
174.000000	-0.270173 	0.001000  	-6.684400 
175.000000	-0.225144 	0.001000  	-6.684400 
176.000000	-0.180115 	0.001000  	-6.684400 
177.000000	-0.135087 	0.001000  	-6.684400 
178.000000	-0.090058 	0.001000  	-6.684400 
179.000000	-0.045029 	0.001000  	-6.684400 
180.000000	0.000000  	0.001000  	-6.684400 
! ------------------------------------------------------------------------------
! data for table	2         
! ------------------------------------------------------------------------------
  0.300000  	Re           ! Reynolds number in millions
  0.000000  	UserProp     ! User property (control) setting
Flase           InclUAdata   ! Is unsteady aerodynamics data included in this table? If TRUE, then include UA coefficients below this line. Any missing coefficients will be calculated internally.
! Table of aerodynamics coefficients
  361       	NumAlf       ! Number of data lines in the following table
!Alpha      Cl          Cd          Cm/Cp
!(deg)      (-)         (-)         (-)
-180.000000	0.000000  	0.001000  	-7.543600 
-179.000000	0.041846  	0.001000  	-7.543600 
-178.000000	0.083691  	0.001000  	-7.543600 
-177.000000	0.125537  	0.001000  	-7.543600 
-176.000000	0.167382  	0.001000  	-7.543600 
-175.000000	0.209228  	0.001000  	-7.543600 
-174.000000	0.251073  	0.001000  	-7.543600 
-173.000000	0.292919  	0.001000  	-7.543600 
-172.000000	0.334764  	0.001000  	-7.543600 
-171.000000	0.376610  	0.001000  	-7.543600 
-170.000000	0.418455  	0.001000  	-7.543600 
-169.000000	0.460301  	0.001000  	-7.543600 
-168.000000	0.502146  	0.001000  	-7.543600 
-167.000000	0.543992  	0.002431  	-7.543600 
-166.000000	0.585837  	0.004936  	-7.543600 
-165.000000	0.627683  	0.012690  	-7.543600 
-164.000000	0.669528  	0.025692  	-7.543600 
-163.000000	0.711374  	0.039349  	-7.543600 
-162.000000	0.753219  	0.053881  	-7.543600 
-161.000000	0.795065  	0.068933  	-7.543600 
-160.000000	0.836910  	0.084920  	-7.543600 
-159.000000	0.878756  	0.101299  	-7.543600 
-158.000000	0.920601  	0.118660  	-7.543600 
-157.000000	0.962447  	0.136296  	-7.543600 
-156.000000	1.004292  	0.154943  	-7.543600 
-155.000000	1.046138  	0.173759  	-7.543600 
-154.000000	1.087983  	0.193595  	-7.543600 
-153.000000	1.129829  	0.213509  	-7.543600 
-152.000000	1.171674  	0.234435  	-7.543600 
-151.000000	1.213520  	0.255360  	-7.543600 
-150.000000	1.185576  	0.277746  	-7.543600 
-149.000000	1.157632  	0.300132  	-7.543600 
-148.000000	1.129688  	0.322518  	-7.543600 
-147.000000	1.101744  	0.344904  	-7.543600 
-146.000000	1.076986  	0.368292  	-7.543600 
-145.000000	1.053999  	0.392238  	-7.543600 
-144.000000	1.031012  	0.416183  	-7.543600 
-143.000000	1.008025  	0.440129  	-7.543600 
-142.000000	0.985817  	0.464366  	-7.543600 
-141.000000	0.965558  	0.489333  	-7.543600 
-140.000000	0.945300  	0.514300  	-7.543600 
-139.000000	0.925041  	0.539268  	-7.543600 
-138.000000	0.904782  	0.564235  	-7.543600 
-137.000000	0.885790  	0.589630  	-7.543600 
-136.000000	0.866896  	0.615059  	-7.543600 
-135.000000	0.848002  	0.640488  	-7.543600 
-134.000000	0.829107  	0.665916  	-7.543600 
-133.000000	0.810509  	0.691283  	-7.543600 
-132.000000	0.792134  	0.716604  	-7.543600 
-131.000000	0.773758  	0.741925  	-7.543600 
-130.000000	0.755383  	0.767246  	-7.543600 
-129.000000	0.737009  	0.792422  	-7.543600 
-128.000000	0.718645  	0.817070  	-7.543600 
-127.000000	0.700280  	0.841717  	-7.543600 
-126.000000	0.681915  	0.866365  	-7.543600 
-125.000000	0.663550  	0.891012  	-7.543600 
-124.000000	0.644959  	0.914612  	-7.543600 
-123.000000	0.626331  	0.938038  	-7.543600 
-122.000000	0.607702  	0.961463  	-7.543600 
-121.000000	0.589074  	0.984888  	-7.543600 
-120.000000	0.570262  	1.007443  	-7.543600 
-119.000000	0.551267  	1.029127  	-7.543600 
-118.000000	0.532272  	1.050811  	-7.543600 
-117.000000	0.513277  	1.072494  	-7.543600 
-116.000000	0.494234  	1.093861  	-7.543600 
-115.000000	0.474900  	1.113325  	-7.543600 
-114.000000	0.455566  	1.132789  	-7.543600 
-113.000000	0.436232  	1.152254  	-7.543600 
-112.000000	0.416899  	1.171718  	-7.543600 
-111.000000	0.397400  	1.189103  	-7.543600 
-110.000000	0.377857  	1.205921  	-7.543600 
-109.000000	0.358314  	1.222739  	-7.543600 
-108.000000	0.338771  	1.239558  	-7.543600 
-107.000000	0.319228  	1.255086  	-7.543600 
-106.000000	0.299686  	1.268894  	-7.543600 
-105.000000	0.280144  	1.282702  	-7.543600 
-104.000000	0.260602  	1.296510  	-7.543600 
-103.000000	0.241080  	1.310082  	-7.543600 
-102.000000	0.221813  	1.320586  	-7.543600 
-101.000000	0.202546  	1.331089  	-7.543600 
-100.000000	0.183279  	1.341593  	-7.543600 
-99.000000	0.164012  	1.352097  	-7.543600 
-98.000000	0.145173  	1.360084  	-7.543600 
-97.000000	0.126504  	1.367066  	-7.543600 
-96.000000	0.107836  	1.374048  	-7.543600 
-95.000000	0.089167  	1.381029  	-7.543600 
-94.000000	0.070841  	1.386705  	-7.543600 
-93.000000	0.053131  	1.390029  	-7.543600 
-92.000000	0.035421  	1.393352  	-7.543600 
-91.000000	0.017710  	1.396676  	-7.543600 
-90.000000	0.000000  	1.400000  	-7.543600 
-89.000000	-0.017710 	1.396676  	-7.543600 
-88.000000	-0.035421 	1.393352  	-7.543600 
-87.000000	-0.053131 	1.390029  	-7.543600 
-86.000000	-0.070841 	1.386705  	-7.543600 
-85.000000	-0.089167 	1.381029  	-7.543600 
-84.000000	-0.107836 	1.374048  	-7.543600 
-83.000000	-0.126504 	1.367066  	-7.543600 
-82.000000	-0.145173 	1.360084  	-7.543600 
-81.000000	-0.164012 	1.352097  	-7.543600 
-80.000000	-0.183279 	1.341593  	-7.543600 
-79.000000	-0.202546 	1.331089  	-7.543600 
-78.000000	-0.221813 	1.320586  	-7.543600 
-77.000000	-0.241080 	1.310082  	-7.543600 
-76.000000	-0.260602 	1.296510  	-7.543600 
-75.000000	-0.280144 	1.282702  	-7.543600 
-74.000000	-0.299686 	1.268894  	-7.543600 
-73.000000	-0.319228 	1.255086  	-7.543600 
-72.000000	-0.338771 	1.239558  	-7.543600 
-71.000000	-0.358314 	1.222739  	-7.543600 
-70.000000	-0.377857 	1.205921  	-7.543600 
-69.000000	-0.397400 	1.189103  	-7.543600 
-68.000000	-0.416899 	1.171718  	-7.543600 
-67.000000	-0.436232 	1.152254  	-7.543600 
-66.000000	-0.455566 	1.132789  	-7.543600 
-65.000000	-0.474900 	1.113325  	-7.543600 
-64.000000	-0.494234 	1.093861  	-7.543600 
-63.000000	-0.513277 	1.072494  	-7.543600 
-62.000000	-0.532272 	1.050811  	-7.543600 
-61.000000	-0.551267 	1.029127  	-7.543600 
-60.000000	-0.570262 	1.007443  	-7.543600 
-59.000000	-0.589074 	0.984888  	-7.543600 
-58.000000	-0.607702 	0.961463  	-7.543600 
-57.000000	-0.626331 	0.938038  	-7.543600 
-56.000000	-0.644959 	0.914612  	-7.543600 
-55.000000	-0.663550 	0.891012  	-7.543600 
-54.000000	-0.681915 	0.866365  	-7.543600 
-53.000000	-0.700280 	0.841717  	-7.543600 
-52.000000	-0.718645 	0.817070  	-7.543600 
-51.000000	-0.737009 	0.792422  	-7.543600 
-50.000000	-0.755383 	0.767246  	-7.543600 
-49.000000	-0.773758 	0.741925  	-7.543600 
-48.000000	-0.792134 	0.716604  	-7.543600 
-47.000000	-0.810509 	0.691283  	-7.543600 
-46.000000	-0.829107 	0.665916  	-7.543600 
-45.000000	-0.848002 	0.640488  	-7.543600 
-44.000000	-0.866896 	0.615059  	-7.543600 
-43.000000	-0.885790 	0.589630  	-7.543600 
-42.000000	-0.904782 	0.564235  	-7.543600 
-41.000000	-0.925041 	0.539268  	-7.543600 
-40.000000	-0.945300 	0.514300  	-7.543600 
-39.000000	-0.965558 	0.489333  	-7.543600 
-38.000000	-0.985817 	0.464366  	-7.543600 
-37.000000	-1.008025 	0.440129  	-7.543600 
-36.000000	-1.031012 	0.416183  	-7.543600 
-35.000000	-1.053999 	0.392238  	-7.543600 
-34.000000	-1.076986 	0.368292  	-7.543600 
-33.000000	-1.101744 	0.344904  	-7.543600 
-32.000000	-1.129688 	0.322518  	-7.543600 
-31.000000	-1.157632 	0.300132  	-7.543600 
-30.000000	-1.185576 	0.277746  	-7.543600 
-29.000000	-1.213520 	0.255360  	-7.543600 
-28.000000	-1.170019 	0.244587  	-7.543600 
-27.000000	-1.126518 	0.233813  	-7.543600 
-26.000000	-1.083017 	0.223040  	-7.543600 
-25.000000	-1.039516 	0.212267  	-7.543600 
-24.000000	-0.996015 	0.201493  	-7.543600 
-23.000000	-0.952514 	0.190720  	-7.543600 
-22.000000	-0.909013 	0.179947  	-7.543600 
-21.000000	-0.865512 	0.169173  	-7.543600 
-20.000000	-0.822011 	0.158400  	-7.543600 
-19.000000	-0.778510 	0.147627  	-7.543600 
-18.000000	-0.735010 	0.136853  	-7.543600 
-17.000000	-0.691509 	0.126080  	-7.543600 
-16.000000	-0.648008 	0.115307  	-7.543600 
-15.000000	-0.604507 	0.104533  	-7.543600 
-14.000000	-0.561006 	0.093760  	-7.543600 
-13.000000	-0.517505 	0.082987  	-7.543600 
-12.000000	-0.474004 	0.072213  	-7.543600 
-11.000000	-0.430503 	0.061440  	-7.543600 
-10.000000	-0.387002 	0.050667  	-5.533500 
-9.000000 	-0.343501 	0.039893  	-3.523400 
-8.000000 	-0.300000 	0.029120  	-1.513300 
-7.000000 	-0.173400 	0.031710  	-1.370300 
-6.000000 	-0.048500 	0.034090  	-1.234200 
-5.000000 	0.069300  	0.035530  	-1.112300 
-4.000000 	0.228500  	0.021900  	-1.098400 
-3.000000 	0.388100  	0.020830  	-1.021100 
-2.000000 	0.492700  	0.021760  	-1.096100 
-1.000000 	0.641200  	0.021280  	-1.198500 
0.000000  	0.788100  	0.021030  	-1.307400 
1.000000  	0.898800  	0.021770  	-1.402900 
2.000000  	1.028500  	0.021970  	-1.523800 
3.000000  	1.162000  	0.022000  	-1.676700 
4.000000  	1.293300  	0.022060  	-1.862200 
5.000000  	1.378100  	0.022790  	-2.032700 
6.000000  	1.485900  	0.022910  	-2.260400 
7.000000  	1.572800  	0.023300  	-2.503600 
8.000000  	1.604700  	0.024640  	-2.703600 
9.000000  	1.652300  	0.027020  	-2.958700 
10.000000 	1.667400  	0.031800  	-3.197300 
11.000000 	1.663800  	0.040200  	-3.406400 
12.000000 	1.648700  	0.052240  	-3.594500 
13.000000 	1.623500  	0.065440  	-3.746900 
14.000000 	1.610800  	0.079010  	-3.942100 
15.000000 	1.606100  	0.091960  	-4.150600 
16.000000 	1.607200  	0.104690  	-4.366900 
17.000000 	1.610100  	0.117210  	-4.619800 
18.000000 	1.619600  	0.129450  	-4.850500 
19.000000 	1.626800  	0.141370  	-5.143400 
20.000000 	1.640300  	0.153280  	-5.407000 
21.000000 	1.647500  	0.165180  	-5.663200 
22.000000 	1.660500  	0.176960  	-5.903900 
23.000000 	1.671000  	0.188410  	-6.185700 
24.000000 	1.687000  	0.199090  	-6.459900 
25.000000 	1.703300  	0.209690  	-6.746200 
26.000000 	1.715700  	0.220270  	-6.998400 
27.000000 	1.723500  	0.231930  	-7.227400 
28.000000 	1.725500  	0.244690  	-7.384200 
29.000000 	1.733600  	0.255360  	-7.543600 
30.000000 	1.693680  	0.277746  	-7.543600 
31.000000 	1.653760  	0.300132  	-7.543600 
32.000000 	1.613840  	0.322518  	-7.543600 
33.000000 	1.573920  	0.344904  	-7.543600 
34.000000 	1.538552  	0.368292  	-7.543600 
35.000000 	1.505713  	0.392238  	-7.543600 
36.000000 	1.472874  	0.416183  	-7.543600 
37.000000 	1.440035  	0.440129  	-7.543600 
38.000000 	1.408310  	0.464366  	-7.543600 
39.000000 	1.379369  	0.489333  	-7.543600 
40.000000 	1.350428  	0.514300  	-7.543600 
41.000000 	1.321487  	0.539268  	-7.543600 
42.000000 	1.292546  	0.564235  	-7.543600 
43.000000 	1.265415  	0.589630  	-7.543600 
44.000000 	1.238423  	0.615059  	-7.543600 
45.000000 	1.211431  	0.640488  	-7.543600 
46.000000 	1.184439  	0.665916  	-7.543600 
47.000000 	1.157870  	0.691283  	-7.543600 
48.000000 	1.131620  	0.716604  	-7.543600 
49.000000 	1.105369  	0.741925  	-7.543600 
50.000000 	1.079118  	0.767246  	-7.543600 
51.000000 	1.052871  	0.792422  	-7.543600 
52.000000 	1.026635  	0.817070  	-7.543600 
53.000000 	1.000400  	0.841717  	-7.543600 
54.000000 	0.974164  	0.866365  	-7.543600 
55.000000 	0.947928  	0.891012  	-7.543600 
56.000000 	0.921370  	0.914612  	-7.543600 
57.000000 	0.894758  	0.938038  	-7.543600 
58.000000 	0.868146  	0.961463  	-7.543600 
59.000000 	0.841534  	0.984888  	-7.543600 
60.000000 	0.814660  	1.007443  	-7.543600 
61.000000 	0.787525  	1.029127  	-7.543600 
62.000000 	0.760389  	1.050811  	-7.543600 
63.000000 	0.733253  	1.072494  	-7.543600 
64.000000 	0.706048  	1.093861  	-7.543600 
65.000000 	0.678429  	1.113325  	-7.543600 
66.000000 	0.650809  	1.132789  	-7.543600 
67.000000 	0.623189  	1.152254  	-7.543600 
68.000000 	0.595569  	1.171718  	-7.543600 
69.000000 	0.567715  	1.189103  	-7.543600 
70.000000 	0.539796  	1.205921  	-7.543600 
71.000000 	0.511877  	1.222739  	-7.543600 
72.000000 	0.483958  	1.239558  	-7.543600 
73.000000 	0.456040  	1.255086  	-7.543600 
74.000000 	0.428123  	1.268894  	-7.543600 
75.000000 	0.400206  	1.282702  	-7.543600 
76.000000 	0.372289  	1.296510  	-7.543600 
77.000000 	0.344400  	1.310082  	-7.543600 
78.000000 	0.316876  	1.320586  	-7.543600 
79.000000 	0.289352  	1.331089  	-7.543600 
80.000000 	0.261828  	1.341593  	-7.543600 
81.000000 	0.234303  	1.352097  	-7.543600 
82.000000 	0.207390  	1.360084  	-7.543600 
83.000000 	0.180721  	1.367066  	-7.543600 
84.000000 	0.154051  	1.374048  	-7.543600 
85.000000 	0.127382  	1.381029  	-7.543600 
86.000000 	0.101201  	1.386705  	-7.543600 
87.000000 	0.075901  	1.390029  	-7.543600 
88.000000 	0.050601  	1.393352  	-7.543600 
89.000000 	0.025300  	1.396676  	-7.543600 
90.000000 	0.000000  	1.400000  	-7.543600 
91.000000 	-0.017710 	1.396676  	-7.543600 
92.000000 	-0.035421 	1.393352  	-7.543600 
93.000000 	-0.053131 	1.390029  	-7.543600 
94.000000 	-0.070841 	1.386705  	-7.543600 
95.000000 	-0.089167 	1.381029  	-7.543600 
96.000000 	-0.107836 	1.374048  	-7.543600 
97.000000 	-0.126504 	1.367066  	-7.543600 
98.000000 	-0.145173 	1.360084  	-7.543600 
99.000000 	-0.164012 	1.352097  	-7.543600 
100.000000	-0.183279 	1.341593  	-7.543600 
101.000000	-0.202546 	1.331089  	-7.543600 
102.000000	-0.221813 	1.320586  	-7.543600 
103.000000	-0.241080 	1.310082  	-7.543600 
104.000000	-0.260602 	1.296510  	-7.543600 
105.000000	-0.280144 	1.282702  	-7.543600 
106.000000	-0.299686 	1.268894  	-7.543600 
107.000000	-0.319228 	1.255086  	-7.543600 
108.000000	-0.338771 	1.239558  	-7.543600 
109.000000	-0.358314 	1.222739  	-7.543600 
110.000000	-0.377857 	1.205921  	-7.543600 
111.000000	-0.397400 	1.189103  	-7.543600 
112.000000	-0.416899 	1.171718  	-7.543600 
113.000000	-0.436232 	1.152254  	-7.543600 
114.000000	-0.455566 	1.132789  	-7.543600 
115.000000	-0.474900 	1.113325  	-7.543600 
116.000000	-0.494234 	1.093861  	-7.543600 
117.000000	-0.513277 	1.072494  	-7.543600 
118.000000	-0.532272 	1.050811  	-7.543600 
119.000000	-0.551267 	1.029127  	-7.543600 
120.000000	-0.570262 	1.007443  	-7.543600 
121.000000	-0.589074 	0.984888  	-7.543600 
122.000000	-0.607702 	0.961463  	-7.543600 
123.000000	-0.626331 	0.938038  	-7.543600 
124.000000	-0.644959 	0.914612  	-7.543600 
125.000000	-0.663550 	0.891012  	-7.543600 
126.000000	-0.681915 	0.866365  	-7.543600 
127.000000	-0.700280 	0.841717  	-7.543600 
128.000000	-0.718645 	0.817070  	-7.543600 
129.000000	-0.737009 	0.792422  	-7.543600 
130.000000	-0.755383 	0.767246  	-7.543600 
131.000000	-0.773758 	0.741925  	-7.543600 
132.000000	-0.792134 	0.716604  	-7.543600 
133.000000	-0.810509 	0.691283  	-7.543600 
134.000000	-0.829107 	0.665916  	-7.543600 
135.000000	-0.848002 	0.640488  	-7.543600 
136.000000	-0.866896 	0.615059  	-7.543600 
137.000000	-0.885790 	0.589630  	-7.543600 
138.000000	-0.904782 	0.564235  	-7.543600 
139.000000	-0.925041 	0.539268  	-7.543600 
140.000000	-0.945300 	0.514300  	-7.543600 
141.000000	-0.965558 	0.489333  	-7.543600 
142.000000	-0.985817 	0.464366  	-7.543600 
143.000000	-1.008025 	0.440129  	-7.543600 
144.000000	-1.031012 	0.416183  	-7.543600 
145.000000	-1.053999 	0.392238  	-7.543600 
146.000000	-1.076986 	0.368292  	-7.543600 
147.000000	-1.101744 	0.344904  	-7.543600 
148.000000	-1.129688 	0.322518  	-7.543600 
149.000000	-1.157632 	0.300132  	-7.543600 
150.000000	-1.185576 	0.277746  	-7.543600 
151.000000	-1.213520 	0.255360  	-7.543600 
152.000000	-1.171674 	0.234435  	-7.543600 
153.000000	-1.129829 	0.213509  	-7.543600 
154.000000	-1.087983 	0.193595  	-7.543600 
155.000000	-1.046138 	0.173759  	-7.543600 
156.000000	-1.004292 	0.154943  	-7.543600 
157.000000	-0.962447 	0.136296  	-7.543600 
158.000000	-0.920601 	0.118660  	-7.543600 
159.000000	-0.878756 	0.101299  	-7.543600 
160.000000	-0.836910 	0.084920  	-7.543600 
161.000000	-0.795065 	0.068933  	-7.543600 
162.000000	-0.753219 	0.053881  	-7.543600 
163.000000	-0.711374 	0.039349  	-7.543600 
164.000000	-0.669528 	0.025692  	-7.543600 
165.000000	-0.627683 	0.012690  	-7.543600 
166.000000	-0.585837 	0.004936  	-7.543600 
167.000000	-0.543992 	0.002431  	-7.543600 
168.000000	-0.502146 	0.001000  	-7.543600 
169.000000	-0.460301 	0.001000  	-7.543600 
170.000000	-0.418455 	0.001000  	-7.543600 
171.000000	-0.376610 	0.001000  	-7.543600 
172.000000	-0.334764 	0.001000  	-7.543600 
173.000000	-0.292919 	0.001000  	-7.543600 
174.000000	-0.251073 	0.001000  	-7.543600 
175.000000	-0.209228 	0.001000  	-7.543600 
176.000000	-0.167382 	0.001000  	-7.543600 
177.000000	-0.125537 	0.001000  	-7.543600 
178.000000	-0.083691 	0.001000  	-7.543600 
179.000000	-0.041846 	0.001000  	-7.543600 
180.000000	0.000000  	0.001000  	-7.543600 
! ------------------------------------------------------------------------------
! data for table	3         
! ------------------------------------------------------------------------------
  0.400000  	Re           ! Reynolds number in millions
  0.000000  	UserProp     ! User property (control) setting
Flase           InclUAdata   ! Is unsteady aerodynamics data included in this table? If TRUE, then include UA coefficients below this line. Any missing coefficients will be calculated internally.
! Table of aerodynamics coefficients
  361       	NumAlf       ! Number of data lines in the following table
!Alpha      Cl          Cd          Cm/Cp
!(deg)      (-)         (-)         (-)
-180.000000	0.000000  	0.001000  	-7.750000 
-179.000000	0.042249  	0.001000  	-7.750000 
-178.000000	0.084497  	0.001000  	-7.750000 
-177.000000	0.126746  	0.001000  	-7.750000 
-176.000000	0.168994  	0.001000  	-7.750000 
-175.000000	0.211243  	0.001000  	-7.750000 
-174.000000	0.253492  	0.001000  	-7.750000 
-173.000000	0.295740  	0.001000  	-7.750000 
-172.000000	0.337989  	0.001000  	-7.750000 
-171.000000	0.380238  	0.001000  	-7.750000 
-170.000000	0.422486  	0.001000  	-7.750000 
-169.000000	0.464735  	0.001000  	-7.750000 
-168.000000	0.506983  	0.001000  	-7.750000 
-167.000000	0.549232  	0.001967  	-7.750000 
-166.000000	0.591481  	0.003660  	-7.750000 
-165.000000	0.633729  	0.011011  	-7.750000 
-164.000000	0.675978  	0.024022  	-7.750000 
-163.000000	0.718227  	0.037688  	-7.750000 
-162.000000	0.760475  	0.052228  	-7.750000 
-161.000000	0.802724  	0.067289  	-7.750000 
-160.000000	0.844972  	0.083287  	-7.750000 
-159.000000	0.887221  	0.099677  	-7.750000 
-158.000000	0.929470  	0.117049  	-7.750000 
-157.000000	0.971718  	0.134697  	-7.750000 
-156.000000	1.013967  	0.153355  	-7.750000 
-155.000000	1.056216  	0.172184  	-7.750000 
-154.000000	1.098464  	0.192033  	-7.750000 
-153.000000	1.140713  	0.211961  	-7.750000 
-152.000000	1.182961  	0.232900  	-7.750000 
-151.000000	1.225210  	0.253840  	-7.750000 
-150.000000	1.196740  	0.276242  	-7.750000 
-149.000000	1.168271  	0.298643  	-7.750000 
-148.000000	1.139801  	0.321045  	-7.750000 
-147.000000	1.111332  	0.343446  	-7.750000 
-146.000000	1.086118  	0.366852  	-7.750000 
-145.000000	1.062713  	0.390815  	-7.750000 
-144.000000	1.039308  	0.414778  	-7.750000 
-143.000000	1.015902  	0.438741  	-7.750000 
-142.000000	0.993299  	0.462997  	-7.750000 
-141.000000	0.972699  	0.487983  	-7.750000 
-140.000000	0.952099  	0.512970  	-7.750000 
-139.000000	0.931499  	0.537957  	-7.750000 
-138.000000	0.910899  	0.562943  	-7.750000 
-137.000000	0.891620  	0.588360  	-7.750000 
-136.000000	0.872442  	0.613810  	-7.750000 
-135.000000	0.853265  	0.639260  	-7.750000 
-134.000000	0.834087  	0.664709  	-7.750000 
-133.000000	0.815232  	0.690099  	-7.750000 
-132.000000	0.796618  	0.715442  	-7.750000 
-131.000000	0.778005  	0.740786  	-7.750000 
-130.000000	0.759392  	0.766129  	-7.750000 
-129.000000	0.740789  	0.791329  	-7.750000 
-128.000000	0.722223  	0.816000  	-7.750000 
-127.000000	0.703658  	0.840672  	-7.750000 
-126.000000	0.685093  	0.865344  	-7.750000 
-125.000000	0.666528  	0.890015  	-7.750000 
-124.000000	0.647764  	0.913641  	-7.750000 
-123.000000	0.628967  	0.937092  	-7.750000 
-122.000000	0.610170  	0.960543  	-7.750000 
-121.000000	0.591373  	0.983993  	-7.750000 
-120.000000	0.572407  	1.006574  	-7.750000 
-119.000000	0.553271  	1.028285  	-7.750000 
-118.000000	0.534136  	1.049995  	-7.750000 
-117.000000	0.515000  	1.071706  	-7.750000 
-116.000000	0.495820  	1.093099  	-7.750000 
-115.000000	0.476370  	1.112591  	-7.750000 
-114.000000	0.456921  	1.132083  	-7.750000 
-113.000000	0.437472  	1.151575  	-7.750000 
-112.000000	0.418022  	1.171067  	-7.750000 
-111.000000	0.398427  	1.188480  	-7.750000 
-110.000000	0.378791  	1.205327  	-7.750000 
-109.000000	0.359156  	1.222174  	-7.750000 
-108.000000	0.339520  	1.239021  	-7.750000 
-107.000000	0.319895  	1.254578  	-7.750000 
-106.000000	0.300282  	1.268415  	-7.750000 
-105.000000	0.280669  	1.282252  	-7.750000 
-104.000000	0.261057  	1.296090  	-7.750000 
-103.000000	0.241465  	1.309691  	-7.750000 
-102.000000	0.222149  	1.320225  	-7.750000 
-101.000000	0.202832  	1.330758  	-7.750000 
-100.000000	0.183515  	1.341291  	-7.750000 
-99.000000	0.164199  	1.351825  	-7.750000 
-98.000000	0.145324  	1.359843  	-7.750000 
-97.000000	0.126626  	1.366854  	-7.750000 
-96.000000	0.107927  	1.373866  	-7.750000 
-95.000000	0.089229  	1.380878  	-7.750000 
-94.000000	0.070880  	1.386584  	-7.750000 
-93.000000	0.053160  	1.389938  	-7.750000 
-92.000000	0.035440  	1.393292  	-7.750000 
-91.000000	0.017720  	1.396646  	-7.750000 
-90.000000	0.000000  	1.400000  	-7.750000 
-89.000000	-0.017720 	1.396646  	-7.750000 
-88.000000	-0.035440 	1.393292  	-7.750000 
-87.000000	-0.053160 	1.389938  	-7.750000 
-86.000000	-0.070880 	1.386584  	-7.750000 
-85.000000	-0.089229 	1.380878  	-7.750000 
-84.000000	-0.107927 	1.373866  	-7.750000 
-83.000000	-0.126626 	1.366854  	-7.750000 
-82.000000	-0.145324 	1.359843  	-7.750000 
-81.000000	-0.164199 	1.351825  	-7.750000 
-80.000000	-0.183515 	1.341291  	-7.750000 
-79.000000	-0.202832 	1.330758  	-7.750000 
-78.000000	-0.222149 	1.320225  	-7.750000 
-77.000000	-0.241465 	1.309691  	-7.750000 
-76.000000	-0.261057 	1.296090  	-7.750000 
-75.000000	-0.280669 	1.282252  	-7.750000 
-74.000000	-0.300282 	1.268415  	-7.750000 
-73.000000	-0.319895 	1.254578  	-7.750000 
-72.000000	-0.339520 	1.239021  	-7.750000 
-71.000000	-0.359156 	1.222174  	-7.750000 
-70.000000	-0.378791 	1.205327  	-7.750000 
-69.000000	-0.398427 	1.188480  	-7.750000 
-68.000000	-0.418022 	1.171067  	-7.750000 
-67.000000	-0.437472 	1.151575  	-7.750000 
-66.000000	-0.456921 	1.132083  	-7.750000 
-65.000000	-0.476370 	1.112591  	-7.750000 
-64.000000	-0.495820 	1.093099  	-7.750000 
-63.000000	-0.515000 	1.071706  	-7.750000 
-62.000000	-0.534136 	1.049995  	-7.750000 
-61.000000	-0.553271 	1.028285  	-7.750000 
-60.000000	-0.572407 	1.006574  	-7.750000 
-59.000000	-0.591373 	0.983993  	-7.750000 
-58.000000	-0.610170 	0.960543  	-7.750000 
-57.000000	-0.628967 	0.937092  	-7.750000 
-56.000000	-0.647764 	0.913641  	-7.750000 
-55.000000	-0.666528 	0.890015  	-7.750000 
-54.000000	-0.685093 	0.865344  	-7.750000 
-53.000000	-0.703658 	0.840672  	-7.750000 
-52.000000	-0.722223 	0.816000  	-7.750000 
-51.000000	-0.740789 	0.791329  	-7.750000 
-50.000000	-0.759392 	0.766129  	-7.750000 
-49.000000	-0.778005 	0.740786  	-7.750000 
-48.000000	-0.796618 	0.715442  	-7.750000 
-47.000000	-0.815232 	0.690099  	-7.750000 
-46.000000	-0.834087 	0.664709  	-7.750000 
-45.000000	-0.853265 	0.639260  	-7.750000 
-44.000000	-0.872442 	0.613810  	-7.750000 
-43.000000	-0.891620 	0.588360  	-7.750000 
-42.000000	-0.910899 	0.562943  	-7.750000 
-41.000000	-0.931499 	0.537957  	-7.750000 
-40.000000	-0.952099 	0.512970  	-7.750000 
-39.000000	-0.972699 	0.487983  	-7.750000 
-38.000000	-0.993299 	0.462997  	-7.750000 
-37.000000	-1.015902 	0.438741  	-7.750000 
-36.000000	-1.039308 	0.414778  	-7.750000 
-35.000000	-1.062713 	0.390815  	-7.750000 
-34.000000	-1.086118 	0.366852  	-7.750000 
-33.000000	-1.111332 	0.343446  	-7.750000 
-32.000000	-1.139801 	0.321045  	-7.750000 
-31.000000	-1.168271 	0.298643  	-7.750000 
-30.000000	-1.196740 	0.276242  	-7.750000 
-29.000000	-1.225210 	0.253840  	-7.750000 
-28.000000	-1.190094 	0.241622  	-7.750000 
-27.000000	-1.154977 	0.229404  	-7.750000 
-26.000000	-1.119861 	0.217186  	-7.750000 
-25.000000	-1.084745 	0.204968  	-7.750000 
-24.000000	-1.049628 	0.192751  	-7.750000 
-23.000000	-1.014512 	0.180533  	-7.750000 
-22.000000	-0.979396 	0.168315  	-7.750000 
-21.000000	-0.944279 	0.156097  	-7.750000 
-20.000000	-0.909163 	0.143879  	-7.750000 
-19.000000	-0.874047 	0.131661  	-7.750000 
-18.000000	-0.838931 	0.119443  	-7.750000 
-17.000000	-0.803814 	0.107225  	-7.750000 
-16.000000	-0.768698 	0.095007  	-7.750000 
-15.000000	-0.733582 	0.082789  	-7.750000 
-14.000000	-0.698465 	0.070572  	-7.750000 
-13.000000	-0.663349 	0.058354  	-7.750000 
-12.000000	-0.628233 	0.046136  	-6.190553 
-11.000000	-0.593116 	0.033918  	-4.007326 
-10.000000	-0.558000 	0.021700  	-1.824100 
-9.000000 	-0.417700 	0.019720  	-1.697000 
-8.000000 	-0.254200 	0.017900  	-1.558500 
-7.000000 	-0.128800 	0.017880  	-1.439600 
-6.000000 	0.021000  	0.017190  	-1.316300 
-5.000000 	0.179200  	0.016620  	-1.193200 
-4.000000 	0.301000  	0.016810  	-1.088200 
-3.000000 	0.444500  	0.016610  	-1.054900 
-2.000000 	0.583500  	0.016680  	-1.149100 
-1.000000 	0.708000  	0.016980  	-1.240300 
0.000000  	0.845200  	0.017110  	-1.345100 
1.000000  	0.971600  	0.017530  	-1.452000 
2.000000  	1.093850  	0.017825  	-1.587250 
3.000000  	1.216100  	0.018120  	-1.722500 
4.000000  	1.321700  	0.018540  	-1.890500 
5.000000  	1.424700  	0.018890  	-2.081900 
6.000000  	1.524400  	0.019430  	-2.306600 
7.000000  	1.594400  	0.020340  	-2.534300 
8.000000  	1.649400  	0.021900  	-2.765200 
9.000000  	1.691900  	0.024780  	-3.024800 
10.000000 	1.709900  	0.030070  	-3.275700 
11.000000 	1.701200  	0.039250  	-3.484600 
12.000000 	1.684000  	0.051490  	-3.674500 
13.000000 	1.661700  	0.064820  	-3.833300 
14.000000 	1.648200  	0.078630  	-4.016900 
15.000000 	1.642100  	0.091720  	-4.230750 
16.000000 	1.636000  	0.104810  	-4.444600 
17.000000 	1.639900  	0.117180  	-4.697200 
18.000000 	1.644900  	0.129390  	-4.945100 
19.000000 	1.650700  	0.141870  	-5.202700 
20.000000 	1.657100  	0.153980  	-5.465000 
21.000000 	1.664100  	0.166440  	-5.728600 
22.000000 	1.670100  	0.178610  	-5.962300 
23.000000 	1.678000  	0.190780  	-6.204900 
24.000000 	1.687600  	0.202090  	-6.461900 
25.000000 	1.699200  	0.213340  	-6.725700 
26.000000 	1.708700  	0.224530  	-6.968000 
27.000000 	1.719900  	0.235330  	-7.225600 
28.000000 	1.730100  	0.245910  	-7.453700 
29.000000 	1.750300  	0.253840  	-7.750000 
30.000000 	1.709629  	0.276242  	-7.750000 
31.000000 	1.668959  	0.298643  	-7.750000 
32.000000 	1.628288  	0.321045  	-7.750000 
33.000000 	1.587617  	0.343446  	-7.750000 
34.000000 	1.551597  	0.366852  	-7.750000 
35.000000 	1.518161  	0.390815  	-7.750000 
36.000000 	1.484725  	0.414778  	-7.750000 
37.000000 	1.451289  	0.438741  	-7.750000 
38.000000 	1.418998  	0.462997  	-7.750000 
39.000000 	1.389570  	0.487983  	-7.750000 
40.000000 	1.360141  	0.512970  	-7.750000 
41.000000 	1.330713  	0.537957  	-7.750000 
42.000000 	1.301285  	0.562943  	-7.750000 
43.000000 	1.273743  	0.588360  	-7.750000 
44.000000 	1.246346  	0.613810  	-7.750000 
45.000000 	1.218949  	0.639260  	-7.750000 
46.000000 	1.191552  	0.664709  	-7.750000 
47.000000 	1.164616  	0.690099  	-7.750000 
48.000000 	1.138026  	0.715442  	-7.750000 
49.000000 	1.111436  	0.740786  	-7.750000 
50.000000 	1.084845  	0.766129  	-7.750000 
51.000000 	1.058269  	0.791329  	-7.750000 
52.000000 	1.031748  	0.816000  	-7.750000 
53.000000 	1.005226  	0.840672  	-7.750000 
54.000000 	0.978704  	0.865344  	-7.750000 
55.000000 	0.952183  	0.890015  	-7.750000 
56.000000 	0.925377  	0.913641  	-7.750000 
57.000000 	0.898524  	0.937092  	-7.750000 
58.000000 	0.871671  	0.960543  	-7.750000 
59.000000 	0.844819  	0.983993  	-7.750000 
60.000000 	0.817724  	1.006574  	-7.750000 
61.000000 	0.790387  	1.028285  	-7.750000 
62.000000 	0.763051  	1.049995  	-7.750000 
63.000000 	0.735714  	1.071706  	-7.750000 
64.000000 	0.708314  	1.093099  	-7.750000 
65.000000 	0.680529  	1.112591  	-7.750000 
66.000000 	0.652744  	1.132083  	-7.750000 
67.000000 	0.624959  	1.151575  	-7.750000 
68.000000 	0.597175  	1.171067  	-7.750000 
69.000000 	0.569181  	1.188480  	-7.750000 
70.000000 	0.541130  	1.205327  	-7.750000 
71.000000 	0.513080  	1.222174  	-7.750000 
72.000000 	0.485029  	1.239021  	-7.750000 
73.000000 	0.456992  	1.254578  	-7.750000 
74.000000 	0.428974  	1.268415  	-7.750000 
75.000000 	0.400956  	1.282252  	-7.750000 
76.000000 	0.372938  	1.296090  	-7.750000 
77.000000 	0.344951  	1.309691  	-7.750000 
78.000000 	0.317355  	1.320225  	-7.750000 
79.000000 	0.289760  	1.330758  	-7.750000 
80.000000 	0.262165  	1.341291  	-7.750000 
81.000000 	0.234570  	1.351825  	-7.750000 
82.000000 	0.207605  	1.359843  	-7.750000 
83.000000 	0.180894  	1.366854  	-7.750000 
84.000000 	0.154182  	1.373866  	-7.750000 
85.000000 	0.127470  	1.380878  	-7.750000 
86.000000 	0.101258  	1.386584  	-7.750000 
87.000000 	0.075943  	1.389938  	-7.750000 
88.000000 	0.050629  	1.393292  	-7.750000 
89.000000 	0.025314  	1.396646  	-7.750000 
90.000000 	0.000000  	1.400000  	-7.750000 
91.000000 	-0.017720 	1.396646  	-7.750000 
92.000000 	-0.035440 	1.393292  	-7.750000 
93.000000 	-0.053160 	1.389938  	-7.750000 
94.000000 	-0.070880 	1.386584  	-7.750000 
95.000000 	-0.089229 	1.380878  	-7.750000 
96.000000 	-0.107927 	1.373866  	-7.750000 
97.000000 	-0.126626 	1.366854  	-7.750000 
98.000000 	-0.145324 	1.359843  	-7.750000 
99.000000 	-0.164199 	1.351825  	-7.750000 
100.000000	-0.183515 	1.341291  	-7.750000 
101.000000	-0.202832 	1.330758  	-7.750000 
102.000000	-0.222149 	1.320225  	-7.750000 
103.000000	-0.241465 	1.309691  	-7.750000 
104.000000	-0.261057 	1.296090  	-7.750000 
105.000000	-0.280669 	1.282252  	-7.750000 
106.000000	-0.300282 	1.268415  	-7.750000 
107.000000	-0.319895 	1.254578  	-7.750000 
108.000000	-0.339520 	1.239021  	-7.750000 
109.000000	-0.359156 	1.222174  	-7.750000 
110.000000	-0.378791 	1.205327  	-7.750000 
111.000000	-0.398427 	1.188480  	-7.750000 
112.000000	-0.418022 	1.171067  	-7.750000 
113.000000	-0.437472 	1.151575  	-7.750000 
114.000000	-0.456921 	1.132083  	-7.750000 
115.000000	-0.476370 	1.112591  	-7.750000 
116.000000	-0.495820 	1.093099  	-7.750000 
117.000000	-0.515000 	1.071706  	-7.750000 
118.000000	-0.534136 	1.049995  	-7.750000 
119.000000	-0.553271 	1.028285  	-7.750000 
120.000000	-0.572407 	1.006574  	-7.750000 
121.000000	-0.591373 	0.983993  	-7.750000 
122.000000	-0.610170 	0.960543  	-7.750000 
123.000000	-0.628967 	0.937092  	-7.750000 
124.000000	-0.647764 	0.913641  	-7.750000 
125.000000	-0.666528 	0.890015  	-7.750000 
126.000000	-0.685093 	0.865344  	-7.750000 
127.000000	-0.703658 	0.840672  	-7.750000 
128.000000	-0.722223 	0.816000  	-7.750000 
129.000000	-0.740789 	0.791329  	-7.750000 
130.000000	-0.759392 	0.766129  	-7.750000 
131.000000	-0.778005 	0.740786  	-7.750000 
132.000000	-0.796618 	0.715442  	-7.750000 
133.000000	-0.815232 	0.690099  	-7.750000 
134.000000	-0.834087 	0.664709  	-7.750000 
135.000000	-0.853265 	0.639260  	-7.750000 
136.000000	-0.872442 	0.613810  	-7.750000 
137.000000	-0.891620 	0.588360  	-7.750000 
138.000000	-0.910899 	0.562943  	-7.750000 
139.000000	-0.931499 	0.537957  	-7.750000 
140.000000	-0.952099 	0.512970  	-7.750000 
141.000000	-0.972699 	0.487983  	-7.750000 
142.000000	-0.993299 	0.462997  	-7.750000 
143.000000	-1.015902 	0.438741  	-7.750000 
144.000000	-1.039308 	0.414778  	-7.750000 
145.000000	-1.062713 	0.390815  	-7.750000 
146.000000	-1.086118 	0.366852  	-7.750000 
147.000000	-1.111332 	0.343446  	-7.750000 
148.000000	-1.139801 	0.321045  	-7.750000 
149.000000	-1.168271 	0.298643  	-7.750000 
150.000000	-1.196740 	0.276242  	-7.750000 
151.000000	-1.225210 	0.253840  	-7.750000 
152.000000	-1.182961 	0.232900  	-7.750000 
153.000000	-1.140713 	0.211961  	-7.750000 
154.000000	-1.098464 	0.192033  	-7.750000 
155.000000	-1.056216 	0.172184  	-7.750000 
156.000000	-1.013967 	0.153355  	-7.750000 
157.000000	-0.971718 	0.134697  	-7.750000 
158.000000	-0.929470 	0.117049  	-7.750000 
159.000000	-0.887221 	0.099677  	-7.750000 
160.000000	-0.844972 	0.083287  	-7.750000 
161.000000	-0.802724 	0.067289  	-7.750000 
162.000000	-0.760475 	0.052228  	-7.750000 
163.000000	-0.718227 	0.037688  	-7.750000 
164.000000	-0.675978 	0.024022  	-7.750000 
165.000000	-0.633729 	0.011011  	-7.750000 
166.000000	-0.591481 	0.003660  	-7.750000 
167.000000	-0.549232 	0.001967  	-7.750000 
168.000000	-0.506983 	0.001000  	-7.750000 
169.000000	-0.464735 	0.001000  	-7.750000 
170.000000	-0.422486 	0.001000  	-7.750000 
171.000000	-0.380238 	0.001000  	-7.750000 
172.000000	-0.337989 	0.001000  	-7.750000 
173.000000	-0.295740 	0.001000  	-7.750000 
174.000000	-0.253492 	0.001000  	-7.750000 
175.000000	-0.211243 	0.001000  	-7.750000 
176.000000	-0.168994 	0.001000  	-7.750000 
177.000000	-0.126746 	0.001000  	-7.750000 
178.000000	-0.084497 	0.001000  	-7.750000 
179.000000	-0.042249 	0.001000  	-7.750000 
180.000000	0.000000  	0.001000  	-7.750000 
! ------------------------------------------------------------------------------
! data for table	4         
! ------------------------------------------------------------------------------
  0.500000  	Re           ! Reynolds number in millions
  0.000000  	UserProp     ! User property (control) setting
Flase           InclUAdata   ! Is unsteady aerodynamics data included in this table? If TRUE, then include UA coefficients below this line. Any missing coefficients will be calculated internally.
! Table of aerodynamics coefficients
  361       	NumAlf       ! Number of data lines in the following table
!Alpha      Cl          Cd          Cm/Cp
!(deg)      (-)         (-)         (-)
-180.000000	0.000000  	0.001000  	-7.664300 
-179.000000	0.041952  	0.001000  	-7.664300 
-178.000000	0.083903  	0.001000  	-7.664300 
-177.000000	0.125855  	0.001000  	-7.664300 
-176.000000	0.167807  	0.001000  	-7.664300 
-175.000000	0.209759  	0.001000  	-7.664300 
-174.000000	0.251710  	0.001000  	-7.664300 
-173.000000	0.293662  	0.001000  	-7.664300 
-172.000000	0.335614  	0.001000  	-7.664300 
-171.000000	0.377566  	0.001000  	-7.664300 
-170.000000	0.419517  	0.001000  	-7.664300 
-169.000000	0.461469  	0.001000  	-7.664300 
-168.000000	0.503421  	0.001000  	-7.664300 
-167.000000	0.545372  	0.003561  	-7.664300 
-166.000000	0.587324  	0.008043  	-7.664300 
-165.000000	0.629276  	0.016776  	-7.664300 
-164.000000	0.671228  	0.029758  	-7.664300 
-163.000000	0.713179  	0.043395  	-7.664300 
-162.000000	0.755131  	0.057904  	-7.664300 
-161.000000	0.797083  	0.072932  	-7.664300 
-160.000000	0.839034  	0.088894  	-7.664300 
-159.000000	0.880986  	0.105248  	-7.664300 
-158.000000	0.922938  	0.122582  	-7.664300 
-157.000000	0.964890  	0.140190  	-7.664300 
-156.000000	1.006841  	0.158807  	-7.664300 
-155.000000	1.048793  	0.177593  	-7.664300 
-154.000000	1.090745  	0.197397  	-7.664300 
-153.000000	1.132697  	0.217279  	-7.664300 
-152.000000	1.174648  	0.238169  	-7.664300 
-151.000000	1.216600  	0.259060  	-7.664300 
-150.000000	1.188518  	0.281408  	-7.664300 
-149.000000	1.160435  	0.303755  	-7.664300 
-148.000000	1.132353  	0.326103  	-7.664300 
-147.000000	1.104270  	0.348451  	-7.664300 
-146.000000	1.079392  	0.371798  	-7.664300 
-145.000000	1.056295  	0.395701  	-7.664300 
-144.000000	1.033198  	0.419603  	-7.664300 
-143.000000	1.010100  	0.443506  	-7.664300 
-142.000000	0.987788  	0.467699  	-7.664300 
-141.000000	0.967440  	0.492619  	-7.664300 
-140.000000	0.947091  	0.517539  	-7.664300 
-139.000000	0.926743  	0.542459  	-7.664300 
-138.000000	0.906394  	0.567378  	-7.664300 
-137.000000	0.887326  	0.592723  	-7.664300 
-136.000000	0.868357  	0.618100  	-7.664300 
-135.000000	0.849388  	0.643477  	-7.664300 
-134.000000	0.830419  	0.668854  	-7.664300 
-133.000000	0.811753  	0.694168  	-7.664300 
-132.000000	0.793315  	0.719433  	-7.664300 
-131.000000	0.774877  	0.744698  	-7.664300 
-130.000000	0.756439  	0.769964  	-7.664300 
-129.000000	0.738005  	0.795084  	-7.664300 
-128.000000	0.719587  	0.819673  	-7.664300 
-127.000000	0.701170  	0.844261  	-7.664300 
-126.000000	0.682752  	0.868850  	-7.664300 
-125.000000	0.664335  	0.893438  	-7.664300 
-124.000000	0.645698  	0.916977  	-7.664300 
-123.000000	0.627025  	0.940340  	-7.664300 
-122.000000	0.608352  	0.963703  	-7.664300 
-121.000000	0.589680  	0.987066  	-7.664300 
-120.000000	0.570827  	1.009557  	-7.664300 
-119.000000	0.551795  	1.031176  	-7.664300 
-118.000000	0.532763  	1.052795  	-7.664300 
-117.000000	0.513731  	1.074414  	-7.664300 
-116.000000	0.494652  	1.095716  	-7.664300 
-115.000000	0.475287  	1.115112  	-7.664300 
-114.000000	0.455923  	1.134509  	-7.664300 
-113.000000	0.436559  	1.153906  	-7.664300 
-112.000000	0.417195  	1.173302  	-7.664300 
-111.000000	0.397671  	1.190618  	-7.664300 
-110.000000	0.378103  	1.207367  	-7.664300 
-109.000000	0.358536  	1.224116  	-7.664300 
-108.000000	0.338968  	1.240864  	-7.664300 
-107.000000	0.319404  	1.256322  	-7.664300 
-106.000000	0.299843  	1.270059  	-7.664300 
-105.000000	0.280283  	1.283796  	-7.664300 
-104.000000	0.260722  	1.297533  	-7.664300 
-103.000000	0.241182  	1.311034  	-7.664300 
-102.000000	0.221902  	1.321465  	-7.664300 
-101.000000	0.202622  	1.331896  	-7.664300 
-100.000000	0.183341  	1.342327  	-7.664300 
-99.000000	0.164061  	1.352758  	-7.664300 
-98.000000	0.145213  	1.360673  	-7.664300 
-97.000000	0.126536  	1.367581  	-7.664300 
-96.000000	0.107860  	1.374490  	-7.664300 
-95.000000	0.089184  	1.381398  	-7.664300 
-94.000000	0.070851  	1.387000  	-7.664300 
-93.000000	0.053139  	1.390250  	-7.664300 
-92.000000	0.035426  	1.393500  	-7.664300 
-91.000000	0.017713  	1.396750  	-7.664300 
-90.000000	0.000000  	1.400000  	-7.664300 
-89.000000	-0.017713 	1.396750  	-7.664300 
-88.000000	-0.035426 	1.393500  	-7.664300 
-87.000000	-0.053139 	1.390250  	-7.664300 
-86.000000	-0.070851 	1.387000  	-7.664300 
-85.000000	-0.089184 	1.381398  	-7.664300 
-84.000000	-0.107860 	1.374490  	-7.664300 
-83.000000	-0.126536 	1.367581  	-7.664300 
-82.000000	-0.145213 	1.360673  	-7.664300 
-81.000000	-0.164061 	1.352758  	-7.664300 
-80.000000	-0.183341 	1.342327  	-7.664300 
-79.000000	-0.202622 	1.331896  	-7.664300 
-78.000000	-0.221902 	1.321465  	-7.664300 
-77.000000	-0.241182 	1.311034  	-7.664300 
-76.000000	-0.260722 	1.297533  	-7.664300 
-75.000000	-0.280283 	1.283796  	-7.664300 
-74.000000	-0.299843 	1.270059  	-7.664300 
-73.000000	-0.319404 	1.256322  	-7.664300 
-72.000000	-0.338968 	1.240864  	-7.664300 
-71.000000	-0.358536 	1.224116  	-7.664300 
-70.000000	-0.378103 	1.207367  	-7.664300 
-69.000000	-0.397671 	1.190618  	-7.664300 
-68.000000	-0.417195 	1.173302  	-7.664300 
-67.000000	-0.436559 	1.153906  	-7.664300 
-66.000000	-0.455923 	1.134509  	-7.664300 
-65.000000	-0.475287 	1.115112  	-7.664300 
-64.000000	-0.494652 	1.095716  	-7.664300 
-63.000000	-0.513731 	1.074414  	-7.664300 
-62.000000	-0.532763 	1.052795  	-7.664300 
-61.000000	-0.551795 	1.031176  	-7.664300 
-60.000000	-0.570827 	1.009557  	-7.664300 
-59.000000	-0.589680 	0.987066  	-7.664300 
-58.000000	-0.608352 	0.963703  	-7.664300 
-57.000000	-0.627025 	0.940340  	-7.664300 
-56.000000	-0.645698 	0.916977  	-7.664300 
-55.000000	-0.664335 	0.893438  	-7.664300 
-54.000000	-0.682752 	0.868850  	-7.664300 
-53.000000	-0.701170 	0.844261  	-7.664300 
-52.000000	-0.719587 	0.819673  	-7.664300 
-51.000000	-0.738005 	0.795084  	-7.664300 
-50.000000	-0.756439 	0.769964  	-7.664300 
-49.000000	-0.774877 	0.744698  	-7.664300 
-48.000000	-0.793315 	0.719433  	-7.664300 
-47.000000	-0.811753 	0.694168  	-7.664300 
-46.000000	-0.830419 	0.668854  	-7.664300 
-45.000000	-0.849388 	0.643477  	-7.664300 
-44.000000	-0.868357 	0.618100  	-7.664300 
-43.000000	-0.887326 	0.592723  	-7.664300 
-42.000000	-0.906394 	0.567378  	-7.664300 
-41.000000	-0.926743 	0.542459  	-7.664300 
-40.000000	-0.947091 	0.517539  	-7.664300 
-39.000000	-0.967440 	0.492619  	-7.664300 
-38.000000	-0.987788 	0.467699  	-7.664300 
-37.000000	-1.010100 	0.443506  	-7.664300 
-36.000000	-1.033198 	0.419603  	-7.664300 
-35.000000	-1.056295 	0.395701  	-7.664300 
-34.000000	-1.079392 	0.371798  	-7.664300 
-33.000000	-1.104270 	0.348451  	-7.664300 
-32.000000	-1.132353 	0.326103  	-7.664300 
-31.000000	-1.160435 	0.303755  	-7.664300 
-30.000000	-1.188518 	0.281408  	-7.664300 
-29.000000	-1.216600 	0.259060  	-7.664300 
-28.000000	-1.181221 	0.246358  	-7.664300 
-27.000000	-1.145842 	0.233656  	-7.664300 
-26.000000	-1.110463 	0.220954  	-7.664300 
-25.000000	-1.075084 	0.208252  	-7.664300 
-24.000000	-1.039705 	0.195549  	-7.664300 
-23.000000	-1.004326 	0.182847  	-7.664300 
-22.000000	-0.968947 	0.170145  	-7.664300 
-21.000000	-0.933568 	0.157443  	-7.664300 
-20.000000	-0.898189 	0.144741  	-7.664300 
-19.000000	-0.862811 	0.132039  	-7.664300 
-18.000000	-0.827432 	0.119337  	-7.664300 
-17.000000	-0.792053 	0.106635  	-7.664300 
-16.000000	-0.756674 	0.093933  	-7.664300 
-15.000000	-0.721295 	0.081231  	-7.664300 
-14.000000	-0.685916 	0.068528  	-7.664300 
-13.000000	-0.650537 	0.055826  	-7.664300 
-12.000000	-0.615158 	0.043124  	-6.131405 
-11.000000	-0.579779 	0.030422  	-3.985353 
-10.000000	-0.544400 	0.017720  	-1.839300 
-9.000000 	-0.382100 	0.016300  	-1.694100 
-8.000000 	-0.255600 	0.016130  	-1.569500 
-7.000000 	-0.100900 	0.015320  	-1.438000 
-6.000000 	0.046100  	0.015010  	-1.313100 
-5.000000 	0.182100  	0.014870  	-1.199600 
-4.000000 	0.327300  	0.014660  	-1.085600 
-3.000000 	0.460600  	0.014770  	-1.065900 
-2.000000 	0.595000  	0.014840  	-1.158300 
-1.000000 	0.731800  	0.015010  	-1.256600 
0.000000  	0.858000  	0.015330  	-1.355600 
1.000000  	0.983800  	0.015540  	-1.462300 
2.000000  	1.108200  	0.015830  	-1.583600 
3.000000  	1.220700  	0.016180  	-1.728000 
4.000000  	1.334200  	0.016600  	-1.903400 
5.000000  	1.437700  	0.017060  	-2.097100 
6.000000  	1.530200  	0.017720  	-2.315100 
7.000000  	1.613100  	0.018700  	-2.561900 
8.000000  	1.668200  	0.020520  	-2.794500 
9.000000  	1.716000  	0.023520  	-3.069300 
10.000000 	1.721500  	0.030875  	-3.304550 
11.000000 	1.727000  	0.038230  	-3.539800 
12.000000 	1.710300  	0.050190  	-3.734600 
13.000000 	1.690500  	0.063680  	-3.901700 
14.000000 	1.677900  	0.076820  	-4.092000 
15.000000 	1.670200  	0.090020  	-4.318800 
16.000000 	1.664400  	0.103270  	-4.527900 
17.000000 	1.665500  	0.115790  	-4.778200 
18.000000 	1.670300  	0.128130  	-5.031700 
19.000000 	1.672400  	0.140740  	-5.285600 
20.000000 	1.679000  	0.153040  	-5.552900 
21.000000 	1.680800  	0.165850  	-5.806500 
22.000000 	1.686800  	0.178260  	-6.041700 
23.000000 	1.689400  	0.191000  	-6.268900 
24.000000 	1.694300  	0.203410  	-6.500900 
25.000000 	1.700900  	0.215360  	-6.741900 
26.000000 	1.709600  	0.226840  	-6.980700 
27.000000 	1.719800  	0.237650  	-7.237300 
28.000000 	1.731400  	0.247970  	-7.483700 
29.000000 	1.738000  	0.259060  	-7.664300 
30.000000 	1.697882  	0.281408  	-7.664300 
31.000000 	1.657764  	0.303755  	-7.664300 
32.000000 	1.617647  	0.326103  	-7.664300 
33.000000 	1.577529  	0.348451  	-7.664300 
34.000000 	1.541989  	0.371798  	-7.664300 
35.000000 	1.508993  	0.395701  	-7.664300 
36.000000 	1.475997  	0.419603  	-7.664300 
37.000000 	1.443000  	0.443506  	-7.664300 
38.000000 	1.411126  	0.467699  	-7.664300 
39.000000 	1.382057  	0.492619  	-7.664300 
40.000000 	1.352987  	0.517539  	-7.664300 
41.000000 	1.323918  	0.542459  	-7.664300 
42.000000 	1.294849  	0.567378  	-7.664300 
43.000000 	1.267609  	0.592723  	-7.664300 
44.000000 	1.240511  	0.618100  	-7.664300 
45.000000 	1.213412  	0.643477  	-7.664300 
46.000000 	1.186313  	0.668854  	-7.664300 
47.000000 	1.159648  	0.694168  	-7.664300 
48.000000 	1.133308  	0.719433  	-7.664300 
49.000000 	1.106967  	0.744698  	-7.664300 
50.000000 	1.080627  	0.769964  	-7.664300 
51.000000 	1.054293  	0.795084  	-7.664300 
52.000000 	1.027982  	0.819673  	-7.664300 
53.000000 	1.001671  	0.844261  	-7.664300 
54.000000 	0.975360  	0.868850  	-7.664300 
55.000000 	0.949049  	0.893438  	-7.664300 
56.000000 	0.922426  	0.916977  	-7.664300 
57.000000 	0.895750  	0.940340  	-7.664300 
58.000000 	0.869075  	0.963703  	-7.664300 
59.000000 	0.842399  	0.987066  	-7.664300 
60.000000 	0.815467  	1.009557  	-7.664300 
61.000000 	0.788279  	1.031176  	-7.664300 
62.000000 	0.761090  	1.052795  	-7.664300 
63.000000 	0.733902  	1.074414  	-7.664300 
64.000000 	0.706645  	1.095716  	-7.664300 
65.000000 	0.678982  	1.115112  	-7.664300 
66.000000 	0.651319  	1.134509  	-7.664300 
67.000000 	0.623656  	1.153906  	-7.664300 
68.000000 	0.595992  	1.173302  	-7.664300 
69.000000 	0.568101  	1.190618  	-7.664300 
70.000000 	0.540148  	1.207367  	-7.664300 
71.000000 	0.512194  	1.224116  	-7.664300 
72.000000 	0.484241  	1.240864  	-7.664300 
73.000000 	0.456291  	1.256322  	-7.664300 
74.000000 	0.428348  	1.270059  	-7.664300 
75.000000 	0.400404  	1.283796  	-7.664300 
76.000000 	0.372460  	1.297533  	-7.664300 
77.000000 	0.344545  	1.311034  	-7.664300 
78.000000 	0.317002  	1.321465  	-7.664300 
79.000000 	0.289459  	1.331896  	-7.664300 
80.000000 	0.261916  	1.342327  	-7.664300 
81.000000 	0.234374  	1.352758  	-7.664300 
82.000000 	0.207447  	1.360673  	-7.664300 
83.000000 	0.180766  	1.367581  	-7.664300 
84.000000 	0.154086  	1.374490  	-7.664300 
85.000000 	0.127405  	1.381398  	-7.664300 
86.000000 	0.101216  	1.387000  	-7.664300 
87.000000 	0.075912  	1.390250  	-7.664300 
88.000000 	0.050608  	1.393500  	-7.664300 
89.000000 	0.025304  	1.396750  	-7.664300 
90.000000 	0.000000  	1.400000  	-7.664300 
91.000000 	-0.017713 	1.396750  	-7.664300 
92.000000 	-0.035426 	1.393500  	-7.664300 
93.000000 	-0.053139 	1.390250  	-7.664300 
94.000000 	-0.070851 	1.387000  	-7.664300 
95.000000 	-0.089184 	1.381398  	-7.664300 
96.000000 	-0.107860 	1.374490  	-7.664300 
97.000000 	-0.126536 	1.367581  	-7.664300 
98.000000 	-0.145213 	1.360673  	-7.664300 
99.000000 	-0.164061 	1.352758  	-7.664300 
100.000000	-0.183341 	1.342327  	-7.664300 
101.000000	-0.202622 	1.331896  	-7.664300 
102.000000	-0.221902 	1.321465  	-7.664300 
103.000000	-0.241182 	1.311034  	-7.664300 
104.000000	-0.260722 	1.297533  	-7.664300 
105.000000	-0.280283 	1.283796  	-7.664300 
106.000000	-0.299843 	1.270059  	-7.664300 
107.000000	-0.319404 	1.256322  	-7.664300 
108.000000	-0.338968 	1.240864  	-7.664300 
109.000000	-0.358536 	1.224116  	-7.664300 
110.000000	-0.378103 	1.207367  	-7.664300 
111.000000	-0.397671 	1.190618  	-7.664300 
112.000000	-0.417195 	1.173302  	-7.664300 
113.000000	-0.436559 	1.153906  	-7.664300 
114.000000	-0.455923 	1.134509  	-7.664300 
115.000000	-0.475287 	1.115112  	-7.664300 
116.000000	-0.494652 	1.095716  	-7.664300 
117.000000	-0.513731 	1.074414  	-7.664300 
118.000000	-0.532763 	1.052795  	-7.664300 
119.000000	-0.551795 	1.031176  	-7.664300 
120.000000	-0.570827 	1.009557  	-7.664300 
121.000000	-0.589680 	0.987066  	-7.664300 
122.000000	-0.608352 	0.963703  	-7.664300 
123.000000	-0.627025 	0.940340  	-7.664300 
124.000000	-0.645698 	0.916977  	-7.664300 
125.000000	-0.664335 	0.893438  	-7.664300 
126.000000	-0.682752 	0.868850  	-7.664300 
127.000000	-0.701170 	0.844261  	-7.664300 
128.000000	-0.719587 	0.819673  	-7.664300 
129.000000	-0.738005 	0.795084  	-7.664300 
130.000000	-0.756439 	0.769964  	-7.664300 
131.000000	-0.774877 	0.744698  	-7.664300 
132.000000	-0.793315 	0.719433  	-7.664300 
133.000000	-0.811753 	0.694168  	-7.664300 
134.000000	-0.830419 	0.668854  	-7.664300 
135.000000	-0.849388 	0.643477  	-7.664300 
136.000000	-0.868357 	0.618100  	-7.664300 
137.000000	-0.887326 	0.592723  	-7.664300 
138.000000	-0.906394 	0.567378  	-7.664300 
139.000000	-0.926743 	0.542459  	-7.664300 
140.000000	-0.947091 	0.517539  	-7.664300 
141.000000	-0.967440 	0.492619  	-7.664300 
142.000000	-0.987788 	0.467699  	-7.664300 
143.000000	-1.010100 	0.443506  	-7.664300 
144.000000	-1.033198 	0.419603  	-7.664300 
145.000000	-1.056295 	0.395701  	-7.664300 
146.000000	-1.079392 	0.371798  	-7.664300 
147.000000	-1.104270 	0.348451  	-7.664300 
148.000000	-1.132353 	0.326103  	-7.664300 
149.000000	-1.160435 	0.303755  	-7.664300 
150.000000	-1.188518 	0.281408  	-7.664300 
151.000000	-1.216600 	0.259060  	-7.664300 
152.000000	-1.174648 	0.238169  	-7.664300 
153.000000	-1.132697 	0.217279  	-7.664300 
154.000000	-1.090745 	0.197397  	-7.664300 
155.000000	-1.048793 	0.177593  	-7.664300 
156.000000	-1.006841 	0.158807  	-7.664300 
157.000000	-0.964890 	0.140190  	-7.664300 
158.000000	-0.922938 	0.122582  	-7.664300 
159.000000	-0.880986 	0.105248  	-7.664300 
160.000000	-0.839034 	0.088894  	-7.664300 
161.000000	-0.797083 	0.072932  	-7.664300 
162.000000	-0.755131 	0.057904  	-7.664300 
163.000000	-0.713179 	0.043395  	-7.664300 
164.000000	-0.671228 	0.029758  	-7.664300 
165.000000	-0.629276 	0.016776  	-7.664300 
166.000000	-0.587324 	0.008043  	-7.664300 
167.000000	-0.545372 	0.003561  	-7.664300 
168.000000	-0.503421 	0.001000  	-7.664300 
169.000000	-0.461469 	0.001000  	-7.664300 
170.000000	-0.419517 	0.001000  	-7.664300 
171.000000	-0.377566 	0.001000  	-7.664300 
172.000000	-0.335614 	0.001000  	-7.664300 
173.000000	-0.293662 	0.001000  	-7.664300 
174.000000	-0.251710 	0.001000  	-7.664300 
175.000000	-0.209759 	0.001000  	-7.664300 
176.000000	-0.167807 	0.001000  	-7.664300 
177.000000	-0.125855 	0.001000  	-7.664300 
178.000000	-0.083903 	0.001000  	-7.664300 
179.000000	-0.041952 	0.001000  	-7.664300 
180.000000	0.000000  	0.001000  	-7.664300 
! ------------------------------------------------------------------------------
! data for table	5         
! ------------------------------------------------------------------------------
  0.600000  	Re           ! Reynolds number in millions
  0.000000  	UserProp     ! User property (control) setting
Flase           InclUAdata   ! Is unsteady aerodynamics data included in this table? If TRUE, then include UA coefficients below this line. Any missing coefficients will be calculated internally.
! Table of aerodynamics coefficients
  361       	NumAlf       ! Number of data lines in the following table
!Alpha      Cl          Cd          Cm/Cp
!(deg)      (-)         (-)         (-)
-180.000000	0.000000  	0.001000  	-7.661800 
-179.000000	0.041920  	0.001000  	-7.661800 
-178.000000	0.083841  	0.001000  	-7.661800 
-177.000000	0.125761  	0.001000  	-7.661800 
-176.000000	0.167681  	0.001000  	-7.661800 
-175.000000	0.209602  	0.001000  	-7.661800 
-174.000000	0.251522  	0.001000  	-7.661800 
-173.000000	0.293442  	0.001000  	-7.661800 
-172.000000	0.335363  	0.001000  	-7.661800 
-171.000000	0.377283  	0.001000  	-7.661800 
-170.000000	0.419203  	0.001000  	-7.661800 
-169.000000	0.461124  	0.001000  	-7.661800 
-168.000000	0.503044  	0.001000  	-7.661800 
-167.000000	0.544964  	0.004099  	-7.661800 
-166.000000	0.586885  	0.009521  	-7.661800 
-165.000000	0.628805  	0.018719  	-7.661800 
-164.000000	0.670726  	0.031692  	-7.661800 
-163.000000	0.712646  	0.045319  	-7.661800 
-162.000000	0.754566  	0.059817  	-7.661800 
-161.000000	0.796487  	0.074835  	-7.661800 
-160.000000	0.838407  	0.090785  	-7.661800 
-159.000000	0.880327  	0.107127  	-7.661800 
-158.000000	0.922248  	0.124447  	-7.661800 
-157.000000	0.964168  	0.142043  	-7.661800 
-156.000000	1.006088  	0.160645  	-7.661800 
-155.000000	1.048009  	0.179416  	-7.661800 
-154.000000	1.089929  	0.199205  	-7.661800 
-153.000000	1.131849  	0.219072  	-7.661800 
-152.000000	1.173770  	0.239946  	-7.661800 
-151.000000	1.215690  	0.260820  	-7.661800 
-150.000000	1.187648  	0.283149  	-7.661800 
-149.000000	1.159607  	0.305479  	-7.661800 
-148.000000	1.131565  	0.327808  	-7.661800 
-147.000000	1.103524  	0.350138  	-7.661800 
-146.000000	1.078682  	0.373466  	-7.661800 
-145.000000	1.055617  	0.397348  	-7.661800 
-144.000000	1.032552  	0.421230  	-7.661800 
-143.000000	1.009487  	0.445112  	-7.661800 
-142.000000	0.987206  	0.469285  	-7.661800 
-141.000000	0.966884  	0.494182  	-7.661800 
-140.000000	0.946562  	0.519079  	-7.661800 
-139.000000	0.926240  	0.543976  	-7.661800 
-138.000000	0.905918  	0.568874  	-7.661800 
-137.000000	0.886873  	0.594194  	-7.661800 
-136.000000	0.867926  	0.619547  	-7.661800 
-135.000000	0.848979  	0.644899  	-7.661800 
-134.000000	0.830032  	0.670252  	-7.661800 
-133.000000	0.811386  	0.695540  	-7.661800 
-132.000000	0.792966  	0.720779  	-7.661800 
-131.000000	0.774547  	0.746018  	-7.661800 
-130.000000	0.756127  	0.771257  	-7.661800 
-129.000000	0.737711  	0.796351  	-7.661800 
-128.000000	0.719309  	0.820911  	-7.661800 
-127.000000	0.700907  	0.845472  	-7.661800 
-126.000000	0.682505  	0.870032  	-7.661800 
-125.000000	0.664103  	0.894593  	-7.661800 
-124.000000	0.645480  	0.918101  	-7.661800 
-123.000000	0.626820  	0.941435  	-7.661800 
-122.000000	0.608160  	0.964769  	-7.661800 
-121.000000	0.589501  	0.988103  	-7.661800 
-120.000000	0.570660  	1.010563  	-7.661800 
-119.000000	0.551639  	1.032151  	-7.661800 
-118.000000	0.532618  	1.053739  	-7.661800 
-117.000000	0.513597  	1.075327  	-7.661800 
-116.000000	0.494528  	1.096598  	-7.661800 
-115.000000	0.475173  	1.115962  	-7.661800 
-114.000000	0.455818  	1.135327  	-7.661800 
-113.000000	0.436462  	1.154691  	-7.661800 
-112.000000	0.417107  	1.174056  	-7.661800 
-111.000000	0.397591  	1.191339  	-7.661800 
-110.000000	0.378031  	1.208055  	-7.661800 
-109.000000	0.358470  	1.224770  	-7.661800 
-108.000000	0.338910  	1.241486  	-7.661800 
-107.000000	0.319352  	1.256911  	-7.661800 
-106.000000	0.299797  	1.270614  	-7.661800 
-105.000000	0.280242  	1.284317  	-7.661800 
-104.000000	0.260687  	1.298019  	-7.661800 
-103.000000	0.241152  	1.311486  	-7.661800 
-102.000000	0.221875  	1.321883  	-7.661800 
-101.000000	0.202599  	1.332280  	-7.661800 
-100.000000	0.183323  	1.342676  	-7.661800 
-99.000000	0.164047  	1.353073  	-7.661800 
-98.000000	0.145201  	1.360953  	-7.661800 
-97.000000	0.126527  	1.367826  	-7.661800 
-96.000000	0.107853  	1.374700  	-7.661800 
-95.000000	0.089179  	1.381573  	-7.661800 
-94.000000	0.070848  	1.387140  	-7.661800 
-93.000000	0.053136  	1.390355  	-7.661800 
-92.000000	0.035424  	1.393570  	-7.661800 
-91.000000	0.017712  	1.396785  	-7.661800 
-90.000000	0.000000  	1.400000  	-7.661800 
-89.000000	-0.017712 	1.396785  	-7.661800 
-88.000000	-0.035424 	1.393570  	-7.661800 
-87.000000	-0.053136 	1.390355  	-7.661800 
-86.000000	-0.070848 	1.387140  	-7.661800 
-85.000000	-0.089179 	1.381573  	-7.661800 
-84.000000	-0.107853 	1.374700  	-7.661800 
-83.000000	-0.126527 	1.367826  	-7.661800 
-82.000000	-0.145201 	1.360953  	-7.661800 
-81.000000	-0.164047 	1.353073  	-7.661800 
-80.000000	-0.183323 	1.342676  	-7.661800 
-79.000000	-0.202599 	1.332280  	-7.661800 
-78.000000	-0.221875 	1.321883  	-7.661800 
-77.000000	-0.241152 	1.311486  	-7.661800 
-76.000000	-0.260687 	1.298019  	-7.661800 
-75.000000	-0.280242 	1.284317  	-7.661800 
-74.000000	-0.299797 	1.270614  	-7.661800 
-73.000000	-0.319352 	1.256911  	-7.661800 
-72.000000	-0.338910 	1.241486  	-7.661800 
-71.000000	-0.358470 	1.224770  	-7.661800 
-70.000000	-0.378031 	1.208055  	-7.661800 
-69.000000	-0.397591 	1.191339  	-7.661800 
-68.000000	-0.417107 	1.174056  	-7.661800 
-67.000000	-0.436462 	1.154691  	-7.661800 
-66.000000	-0.455818 	1.135327  	-7.661800 
-65.000000	-0.475173 	1.115962  	-7.661800 
-64.000000	-0.494528 	1.096598  	-7.661800 
-63.000000	-0.513597 	1.075327  	-7.661800 
-62.000000	-0.532618 	1.053739  	-7.661800 
-61.000000	-0.551639 	1.032151  	-7.661800 
-60.000000	-0.570660 	1.010563  	-7.661800 
-59.000000	-0.589501 	0.988103  	-7.661800 
-58.000000	-0.608160 	0.964769  	-7.661800 
-57.000000	-0.626820 	0.941435  	-7.661800 
-56.000000	-0.645480 	0.918101  	-7.661800 
-55.000000	-0.664103 	0.894593  	-7.661800 
-54.000000	-0.682505 	0.870032  	-7.661800 
-53.000000	-0.700907 	0.845472  	-7.661800 
-52.000000	-0.719309 	0.820911  	-7.661800 
-51.000000	-0.737711 	0.796351  	-7.661800 
-50.000000	-0.756127 	0.771257  	-7.661800 
-49.000000	-0.774547 	0.746018  	-7.661800 
-48.000000	-0.792966 	0.720779  	-7.661800 
-47.000000	-0.811386 	0.695540  	-7.661800 
-46.000000	-0.830032 	0.670252  	-7.661800 
-45.000000	-0.848979 	0.644899  	-7.661800 
-44.000000	-0.867926 	0.619547  	-7.661800 
-43.000000	-0.886873 	0.594194  	-7.661800 
-42.000000	-0.905918 	0.568874  	-7.661800 
-41.000000	-0.926240 	0.543976  	-7.661800 
-40.000000	-0.946562 	0.519079  	-7.661800 
-39.000000	-0.966884 	0.494182  	-7.661800 
-38.000000	-0.987206 	0.469285  	-7.661800 
-37.000000	-1.009487 	0.445112  	-7.661800 
-36.000000	-1.032552 	0.421230  	-7.661800 
-35.000000	-1.055617 	0.397348  	-7.661800 
-34.000000	-1.078682 	0.373466  	-7.661800 
-33.000000	-1.103524 	0.350138  	-7.661800 
-32.000000	-1.131565 	0.327808  	-7.661800 
-31.000000	-1.159607 	0.305479  	-7.661800 
-30.000000	-1.187648 	0.283149  	-7.661800 
-29.000000	-1.215690 	0.260820  	-7.661800 
-28.000000	-1.180217 	0.247954  	-7.661800 
-27.000000	-1.144744 	0.235087  	-7.661800 
-26.000000	-1.109271 	0.222221  	-7.661800 
-25.000000	-1.073797 	0.209355  	-7.661800 
-24.000000	-1.038324 	0.196488  	-7.661800 
-23.000000	-1.002851 	0.183622  	-7.661800 
-22.000000	-0.967378 	0.170756  	-7.661800 
-21.000000	-0.931905 	0.157889  	-7.661800 
-20.000000	-0.896432 	0.145023  	-7.661800 
-19.000000	-0.860958 	0.132157  	-7.661800 
-18.000000	-0.825485 	0.119291  	-7.661800 
-17.000000	-0.790012 	0.106424  	-7.661800 
-16.000000	-0.754539 	0.093558  	-7.661800 
-15.000000	-0.719066 	0.080692  	-7.661800 
-14.000000	-0.683593 	0.067825  	-7.661800 
-13.000000	-0.648119 	0.054959  	-7.661800 
-12.000000	-0.612646 	0.042093  	-6.131247 
-11.000000	-0.577173 	0.029226  	-3.988474 
-10.000000	-0.541700 	0.016360  	-1.845700 
-9.000000 	-0.400600 	0.015640  	-1.710400 
-8.000000 	-0.244700 	0.014730  	-1.570900 
-7.000000 	-0.098800 	0.014280  	-1.442500 
-6.000000 	0.045800  	0.013920  	-1.318900 
-5.000000 	0.195300  	0.013620  	-1.198700 
-4.000000 	0.329600  	0.013620  	-1.089000 
-3.000000 	0.467300  	0.013610  	-1.071100 
-2.000000 	0.605400  	0.013740  	-1.166100 
-1.000000 	0.732600  	0.013850  	-1.259200 
0.000000  	0.862100  	0.014010  	-1.359800 
1.000000  	0.989100  	0.014320  	-1.467100 
2.000000  	1.108700  	0.014620  	-1.585000 
3.000000  	1.226100  	0.014920  	-1.733300 
4.000000  	1.337900  	0.015360  	-1.908000 
5.000000  	1.442500  	0.015920  	-2.103400 
6.000000  	1.541600  	0.016590  	-2.329800 
7.000000  	1.622200  	0.017690  	-2.575700 
8.000000  	1.684400  	0.019580  	-2.819600 
9.000000  	1.728400  	0.022800  	-3.092700 
10.000000 	1.745900  	0.028270  	-3.348500 
11.000000 	1.742200  	0.037430  	-3.573200 
12.000000 	1.733000  	0.048850  	-3.786600 
13.000000 	1.716300  	0.061710  	-3.965000 
14.000000 	1.705400  	0.074810  	-4.163300 
15.000000 	1.694900  	0.088100  	-4.389300 
16.000000 	1.689100  	0.101260  	-4.602100 
17.000000 	1.690400  	0.113730  	-4.857600 
18.000000 	1.692000  	0.126240  	-5.107900 
19.000000 	1.693800  	0.139000  	-5.367300 
20.000000 	1.699100  	0.151160  	-5.636500 
21.000000 	1.700800  	0.164090  	-5.897300 
22.000000 	1.702400  	0.176950  	-6.119200 
23.000000 	1.704800  	0.189750  	-6.352000 
24.000000 	1.706500  	0.202600  	-6.573000 
25.000000 	1.708800  	0.215300  	-6.794000 
26.000000 	1.714200  	0.227350  	-7.018700 
27.000000 	1.721800  	0.238680  	-7.261200 
28.000000 	1.727400  	0.250350  	-7.462400 
29.000000 	1.736700  	0.260820  	-7.661800 
30.000000 	1.696641  	0.283149  	-7.661800 
31.000000 	1.656581  	0.305479  	-7.661800 
32.000000 	1.616522  	0.327808  	-7.661800 
33.000000 	1.576463  	0.350138  	-7.661800 
34.000000 	1.540974  	0.373466  	-7.661800 
35.000000 	1.508024  	0.397348  	-7.661800 
36.000000 	1.475074  	0.421230  	-7.661800 
37.000000 	1.442124  	0.445112  	-7.661800 
38.000000 	1.410294  	0.469285  	-7.661800 
39.000000 	1.381263  	0.494182  	-7.661800 
40.000000 	1.352231  	0.519079  	-7.661800 
41.000000 	1.323200  	0.543976  	-7.661800 
42.000000 	1.294168  	0.568874  	-7.661800 
43.000000 	1.266961  	0.594194  	-7.661800 
44.000000 	1.239894  	0.619547  	-7.661800 
45.000000 	1.212827  	0.644899  	-7.661800 
46.000000 	1.185759  	0.670252  	-7.661800 
47.000000 	1.159123  	0.695540  	-7.661800 
48.000000 	1.132809  	0.720779  	-7.661800 
49.000000 	1.106495  	0.746018  	-7.661800 
50.000000 	1.080181  	0.771257  	-7.661800 
51.000000 	1.053873  	0.796351  	-7.661800 
52.000000 	1.027584  	0.820911  	-7.661800 
53.000000 	1.001295  	0.845472  	-7.661800 
54.000000 	0.975007  	0.870032  	-7.661800 
55.000000 	0.948718  	0.894593  	-7.661800 
56.000000 	0.922114  	0.918101  	-7.661800 
57.000000 	0.895457  	0.941435  	-7.661800 
58.000000 	0.868800  	0.964769  	-7.661800 
59.000000 	0.842144  	0.988103  	-7.661800 
60.000000 	0.815229  	1.010563  	-7.661800 
61.000000 	0.788056  	1.032151  	-7.661800 
62.000000 	0.760883  	1.053739  	-7.661800 
63.000000 	0.733710  	1.075327  	-7.661800 
64.000000 	0.706469  	1.096598  	-7.661800 
65.000000 	0.678819  	1.115962  	-7.661800 
66.000000 	0.651168  	1.135327  	-7.661800 
67.000000 	0.623518  	1.154691  	-7.661800 
68.000000 	0.595867  	1.174056  	-7.661800 
69.000000 	0.567987  	1.191339  	-7.661800 
70.000000 	0.540044  	1.208055  	-7.661800 
71.000000 	0.512100  	1.224770  	-7.661800 
72.000000 	0.484157  	1.241486  	-7.661800 
73.000000 	0.456217  	1.256911  	-7.661800 
74.000000 	0.428281  	1.270614  	-7.661800 
75.000000 	0.400345  	1.284317  	-7.661800 
76.000000 	0.372410  	1.298019  	-7.661800 
77.000000 	0.344502  	1.311486  	-7.661800 
78.000000 	0.316965  	1.321883  	-7.661800 
79.000000 	0.289428  	1.332280  	-7.661800 
80.000000 	0.261890  	1.342676  	-7.661800 
81.000000 	0.234353  	1.353073  	-7.661800 
82.000000 	0.207430  	1.360953  	-7.661800 
83.000000 	0.180753  	1.367826  	-7.661800 
84.000000 	0.154075  	1.374700  	-7.661800 
85.000000 	0.127398  	1.381573  	-7.661800 
86.000000 	0.101212  	1.387140  	-7.661800 
87.000000 	0.075909  	1.390355  	-7.661800 
88.000000 	0.050606  	1.393570  	-7.661800 
89.000000 	0.025303  	1.396785  	-7.661800 
90.000000 	0.000000  	1.400000  	-7.661800 
91.000000 	-0.017712 	1.396785  	-7.661800 
92.000000 	-0.035424 	1.393570  	-7.661800 
93.000000 	-0.053136 	1.390355  	-7.661800 
94.000000 	-0.070848 	1.387140  	-7.661800 
95.000000 	-0.089179 	1.381573  	-7.661800 
96.000000 	-0.107853 	1.374700  	-7.661800 
97.000000 	-0.126527 	1.367826  	-7.661800 
98.000000 	-0.145201 	1.360953  	-7.661800 
99.000000 	-0.164047 	1.353073  	-7.661800 
100.000000	-0.183323 	1.342676  	-7.661800 
101.000000	-0.202599 	1.332280  	-7.661800 
102.000000	-0.221875 	1.321883  	-7.661800 
103.000000	-0.241152 	1.311486  	-7.661800 
104.000000	-0.260687 	1.298019  	-7.661800 
105.000000	-0.280242 	1.284317  	-7.661800 
106.000000	-0.299797 	1.270614  	-7.661800 
107.000000	-0.319352 	1.256911  	-7.661800 
108.000000	-0.338910 	1.241486  	-7.661800 
109.000000	-0.358470 	1.224770  	-7.661800 
110.000000	-0.378031 	1.208055  	-7.661800 
111.000000	-0.397591 	1.191339  	-7.661800 
112.000000	-0.417107 	1.174056  	-7.661800 
113.000000	-0.436462 	1.154691  	-7.661800 
114.000000	-0.455818 	1.135327  	-7.661800 
115.000000	-0.475173 	1.115962  	-7.661800 
116.000000	-0.494528 	1.096598  	-7.661800 
117.000000	-0.513597 	1.075327  	-7.661800 
118.000000	-0.532618 	1.053739  	-7.661800 
119.000000	-0.551639 	1.032151  	-7.661800 
120.000000	-0.570660 	1.010563  	-7.661800 
121.000000	-0.589501 	0.988103  	-7.661800 
122.000000	-0.608160 	0.964769  	-7.661800 
123.000000	-0.626820 	0.941435  	-7.661800 
124.000000	-0.645480 	0.918101  	-7.661800 
125.000000	-0.664103 	0.894593  	-7.661800 
126.000000	-0.682505 	0.870032  	-7.661800 
127.000000	-0.700907 	0.845472  	-7.661800 
128.000000	-0.719309 	0.820911  	-7.661800 
129.000000	-0.737711 	0.796351  	-7.661800 
130.000000	-0.756127 	0.771257  	-7.661800 
131.000000	-0.774547 	0.746018  	-7.661800 
132.000000	-0.792966 	0.720779  	-7.661800 
133.000000	-0.811386 	0.695540  	-7.661800 
134.000000	-0.830032 	0.670252  	-7.661800 
135.000000	-0.848979 	0.644899  	-7.661800 
136.000000	-0.867926 	0.619547  	-7.661800 
137.000000	-0.886873 	0.594194  	-7.661800 
138.000000	-0.905918 	0.568874  	-7.661800 
139.000000	-0.926240 	0.543976  	-7.661800 
140.000000	-0.946562 	0.519079  	-7.661800 
141.000000	-0.966884 	0.494182  	-7.661800 
142.000000	-0.987206 	0.469285  	-7.661800 
143.000000	-1.009487 	0.445112  	-7.661800 
144.000000	-1.032552 	0.421230  	-7.661800 
145.000000	-1.055617 	0.397348  	-7.661800 
146.000000	-1.078682 	0.373466  	-7.661800 
147.000000	-1.103524 	0.350138  	-7.661800 
148.000000	-1.131565 	0.327808  	-7.661800 
149.000000	-1.159607 	0.305479  	-7.661800 
150.000000	-1.187648 	0.283149  	-7.661800 
151.000000	-1.215690 	0.260820  	-7.661800 
152.000000	-1.173770 	0.239946  	-7.661800 
153.000000	-1.131849 	0.219072  	-7.661800 
154.000000	-1.089929 	0.199205  	-7.661800 
155.000000	-1.048009 	0.179416  	-7.661800 
156.000000	-1.006088 	0.160645  	-7.661800 
157.000000	-0.964168 	0.142043  	-7.661800 
158.000000	-0.922248 	0.124447  	-7.661800 
159.000000	-0.880327 	0.107127  	-7.661800 
160.000000	-0.838407 	0.090785  	-7.661800 
161.000000	-0.796487 	0.074835  	-7.661800 
162.000000	-0.754566 	0.059817  	-7.661800 
163.000000	-0.712646 	0.045319  	-7.661800 
164.000000	-0.670726 	0.031692  	-7.661800 
165.000000	-0.628805 	0.018719  	-7.661800 
166.000000	-0.586885 	0.009521  	-7.661800 
167.000000	-0.544964 	0.004099  	-7.661800 
168.000000	-0.503044 	0.001000  	-7.661800 
169.000000	-0.461124 	0.001000  	-7.661800 
170.000000	-0.419203 	0.001000  	-7.661800 
171.000000	-0.377283 	0.001000  	-7.661800 
172.000000	-0.335363 	0.001000  	-7.661800 
173.000000	-0.293442 	0.001000  	-7.661800 
174.000000	-0.251522 	0.001000  	-7.661800 
175.000000	-0.209602 	0.001000  	-7.661800 
176.000000	-0.167681 	0.001000  	-7.661800 
177.000000	-0.125761 	0.001000  	-7.661800 
178.000000	-0.083841 	0.001000  	-7.661800 
179.000000	-0.041920 	0.001000  	-7.661800 
180.000000	0.000000  	0.001000  	-7.661800 
! ------------------------------------------------------------------------------
! data for table	6         
! ------------------------------------------------------------------------------
  0.700000  	Re           ! Reynolds number in millions
  0.000000  	UserProp     ! User property (control) setting
Flase           InclUAdata   ! Is unsteady aerodynamics data included in this table? If TRUE, then include UA coefficients below this line. Any missing coefficients will be calculated internally.
! Table of aerodynamics coefficients
  361       	NumAlf       ! Number of data lines in the following table
!Alpha      Cl          Cd          Cm/Cp
!(deg)      (-)         (-)         (-)
-180.000000	0.000000  	0.001000  	-7.675700 
-179.000000	0.041935  	0.001000  	-7.675700 
-178.000000	0.083870  	0.001000  	-7.675700 
-177.000000	0.125804  	0.001000  	-7.675700 
-176.000000	0.167739  	0.001000  	-7.675700 
-175.000000	0.209674  	0.001000  	-7.675700 
-174.000000	0.251609  	0.001000  	-7.675700 
-173.000000	0.293544  	0.001000  	-7.675700 
-172.000000	0.335479  	0.001000  	-7.675700 
-171.000000	0.377413  	0.001000  	-7.675700 
-170.000000	0.419348  	0.001000  	-7.675700 
-169.000000	0.461283  	0.001000  	-7.675700 
-168.000000	0.503218  	0.001000  	-7.675700 
-167.000000	0.545153  	0.004370  	-7.675700 
-166.000000	0.587088  	0.010269  	-7.675700 
-165.000000	0.629022  	0.019702  	-7.675700 
-164.000000	0.670957  	0.032670  	-7.675700 
-163.000000	0.712892  	0.046292  	-7.675700 
-162.000000	0.754827  	0.060785  	-7.675700 
-161.000000	0.796762  	0.075797  	-7.675700 
-160.000000	0.838697  	0.091741  	-7.675700 
-159.000000	0.880631  	0.108077  	-7.675700 
-158.000000	0.922566  	0.125391  	-7.675700 
-157.000000	0.964501  	0.142979  	-7.675700 
-156.000000	1.006436  	0.161574  	-7.675700 
-155.000000	1.048371  	0.180339  	-7.675700 
-154.000000	1.090306  	0.200120  	-7.675700 
-153.000000	1.132240  	0.219978  	-7.675700 
-152.000000	1.174175  	0.240844  	-7.675700 
-151.000000	1.216110  	0.261710  	-7.675700 
-150.000000	1.188050  	0.284030  	-7.675700 
-149.000000	1.159989  	0.306351  	-7.675700 
-148.000000	1.131929  	0.328671  	-7.675700 
-147.000000	1.103868  	0.350991  	-7.675700 
-146.000000	1.079010  	0.374309  	-7.675700 
-145.000000	1.055930  	0.398181  	-7.675700 
-144.000000	1.032850  	0.422053  	-7.675700 
-143.000000	1.009770  	0.445925  	-7.675700 
-142.000000	0.987475  	0.470086  	-7.675700 
-141.000000	0.967140  	0.494972  	-7.675700 
-140.000000	0.946806  	0.519858  	-7.675700 
-139.000000	0.926472  	0.544744  	-7.675700 
-138.000000	0.906138  	0.569630  	-7.675700 
-137.000000	0.887082  	0.594938  	-7.675700 
-136.000000	0.868125  	0.620278  	-7.675700 
-135.000000	0.849168  	0.645618  	-7.675700 
-134.000000	0.830210  	0.670958  	-7.675700 
-133.000000	0.811556  	0.696233  	-7.675700 
-132.000000	0.793127  	0.721459  	-7.675700 
-131.000000	0.774699  	0.746685  	-7.675700 
-130.000000	0.756271  	0.771911  	-7.675700 
-129.000000	0.737847  	0.796991  	-7.675700 
-128.000000	0.719437  	0.821537  	-7.675700 
-127.000000	0.701028  	0.846083  	-7.675700 
-126.000000	0.682619  	0.870630  	-7.675700 
-125.000000	0.664210  	0.895176  	-7.675700 
-124.000000	0.645581  	0.918670  	-7.675700 
-123.000000	0.626915  	0.941989  	-7.675700 
-122.000000	0.608249  	0.965308  	-7.675700 
-121.000000	0.589583  	0.988626  	-7.675700 
-120.000000	0.570737  	1.011072  	-7.675700 
-119.000000	0.551711  	1.032644  	-7.675700 
-118.000000	0.532685  	1.054217  	-7.675700 
-117.000000	0.513659  	1.075789  	-7.675700 
-116.000000	0.494585  	1.097044  	-7.675700 
-115.000000	0.475226  	1.116392  	-7.675700 
-114.000000	0.455866  	1.135740  	-7.675700 
-113.000000	0.436507  	1.155089  	-7.675700 
-112.000000	0.417148  	1.174437  	-7.675700 
-111.000000	0.397628  	1.191704  	-7.675700 
-110.000000	0.378064  	1.208403  	-7.675700 
-109.000000	0.358501  	1.225102  	-7.675700 
-108.000000	0.338937  	1.241800  	-7.675700 
-107.000000	0.319376  	1.257208  	-7.675700 
-106.000000	0.299818  	1.270894  	-7.675700 
-105.000000	0.280261  	1.284580  	-7.675700 
-104.000000	0.260703  	1.298266  	-7.675700 
-103.000000	0.241165  	1.311715  	-7.675700 
-102.000000	0.221887  	1.322094  	-7.675700 
-101.000000	0.202610  	1.332474  	-7.675700 
-100.000000	0.183332  	1.342853  	-7.675700 
-99.000000	0.164054  	1.353232  	-7.675700 
-98.000000	0.145206  	1.361095  	-7.675700 
-97.000000	0.126531  	1.367950  	-7.675700 
-96.000000	0.107856  	1.374806  	-7.675700 
-95.000000	0.089181  	1.381662  	-7.675700 
-94.000000	0.070850  	1.387211  	-7.675700 
-93.000000	0.053137  	1.390408  	-7.675700 
-92.000000	0.035425  	1.393606  	-7.675700 
-91.000000	0.017712  	1.396803  	-7.675700 
-90.000000	0.000000  	1.400000  	-7.675700 
-89.000000	-0.017712 	1.396803  	-7.675700 
-88.000000	-0.035425 	1.393606  	-7.675700 
-87.000000	-0.053137 	1.390408  	-7.675700 
-86.000000	-0.070850 	1.387211  	-7.675700 
-85.000000	-0.089181 	1.381662  	-7.675700 
-84.000000	-0.107856 	1.374806  	-7.675700 
-83.000000	-0.126531 	1.367950  	-7.675700 
-82.000000	-0.145206 	1.361095  	-7.675700 
-81.000000	-0.164054 	1.353232  	-7.675700 
-80.000000	-0.183332 	1.342853  	-7.675700 
-79.000000	-0.202610 	1.332474  	-7.675700 
-78.000000	-0.221887 	1.322094  	-7.675700 
-77.000000	-0.241165 	1.311715  	-7.675700 
-76.000000	-0.260703 	1.298266  	-7.675700 
-75.000000	-0.280261 	1.284580  	-7.675700 
-74.000000	-0.299818 	1.270894  	-7.675700 
-73.000000	-0.319376 	1.257208  	-7.675700 
-72.000000	-0.338937 	1.241800  	-7.675700 
-71.000000	-0.358501 	1.225102  	-7.675700 
-70.000000	-0.378064 	1.208403  	-7.675700 
-69.000000	-0.397628 	1.191704  	-7.675700 
-68.000000	-0.417148 	1.174437  	-7.675700 
-67.000000	-0.436507 	1.155089  	-7.675700 
-66.000000	-0.455866 	1.135740  	-7.675700 
-65.000000	-0.475226 	1.116392  	-7.675700 
-64.000000	-0.494585 	1.097044  	-7.675700 
-63.000000	-0.513659 	1.075789  	-7.675700 
-62.000000	-0.532685 	1.054217  	-7.675700 
-61.000000	-0.551711 	1.032644  	-7.675700 
-60.000000	-0.570737 	1.011072  	-7.675700 
-59.000000	-0.589583 	0.988626  	-7.675700 
-58.000000	-0.608249 	0.965308  	-7.675700 
-57.000000	-0.626915 	0.941989  	-7.675700 
-56.000000	-0.645581 	0.918670  	-7.675700 
-55.000000	-0.664210 	0.895176  	-7.675700 
-54.000000	-0.682619 	0.870630  	-7.675700 
-53.000000	-0.701028 	0.846083  	-7.675700 
-52.000000	-0.719437 	0.821537  	-7.675700 
-51.000000	-0.737847 	0.796991  	-7.675700 
-50.000000	-0.756271 	0.771911  	-7.675700 
-49.000000	-0.774699 	0.746685  	-7.675700 
-48.000000	-0.793127 	0.721459  	-7.675700 
-47.000000	-0.811556 	0.696233  	-7.675700 
-46.000000	-0.830210 	0.670958  	-7.675700 
-45.000000	-0.849168 	0.645618  	-7.675700 
-44.000000	-0.868125 	0.620278  	-7.675700 
-43.000000	-0.887082 	0.594938  	-7.675700 
-42.000000	-0.906138 	0.569630  	-7.675700 
-41.000000	-0.926472 	0.544744  	-7.675700 
-40.000000	-0.946806 	0.519858  	-7.675700 
-39.000000	-0.967140 	0.494972  	-7.675700 
-38.000000	-0.987475 	0.470086  	-7.675700 
-37.000000	-1.009770 	0.445925  	-7.675700 
-36.000000	-1.032850 	0.422053  	-7.675700 
-35.000000	-1.055930 	0.398181  	-7.675700 
-34.000000	-1.079010 	0.374309  	-7.675700 
-33.000000	-1.103868 	0.350991  	-7.675700 
-32.000000	-1.131929 	0.328671  	-7.675700 
-31.000000	-1.159989 	0.306351  	-7.675700 
-30.000000	-1.188050 	0.284030  	-7.675700 
-29.000000	-1.216110 	0.261710  	-7.675700 
-28.000000	-1.181125 	0.248773  	-7.675700 
-27.000000	-1.146141 	0.235836  	-7.675700 
-26.000000	-1.111156 	0.222899  	-7.675700 
-25.000000	-1.076171 	0.209963  	-7.675700 
-24.000000	-1.041186 	0.197026  	-7.675700 
-23.000000	-1.006202 	0.184089  	-7.675700 
-22.000000	-0.971217 	0.171152  	-7.675700 
-21.000000	-0.936232 	0.158215  	-7.675700 
-20.000000	-0.901247 	0.145278  	-7.675700 
-19.000000	-0.866263 	0.132342  	-7.675700 
-18.000000	-0.831278 	0.119405  	-7.675700 
-17.000000	-0.796293 	0.106468  	-7.675700 
-16.000000	-0.761308 	0.093531  	-7.675700 
-15.000000	-0.726324 	0.080594  	-7.675700 
-14.000000	-0.691339 	0.067657  	-7.675700 
-13.000000	-0.656354 	0.054721  	-7.675700 
-12.000000	-0.621369 	0.041784  	-6.144068 
-11.000000	-0.586385 	0.028847  	-3.999784 
-10.000000	-0.551400 	0.015910  	-1.855500 
-9.000000 	-0.396700 	0.014770  	-1.713200 
-8.000000 	-0.249400 	0.014160  	-1.577000 
-7.000000 	-0.101600 	0.013660  	-1.448000 
-6.000000 	0.053400  	0.013140  	-1.319100 
-5.000000 	0.192500  	0.013010  	-1.202900 
-4.000000 	0.332600  	0.012840  	-1.091100 
-3.000000 	0.472200  	0.012810  	-1.074900 
-2.000000 	0.603900  	0.012890  	-1.166700 
-1.000000 	0.736400  	0.013020  	-1.262700 
0.000000  	0.866400  	0.013280  	-1.363600 
1.000000  	0.990600  	0.013520  	-1.469300 
2.000000  	1.112400  	0.013770  	-1.588400 
3.000000  	1.229700  	0.014160  	-1.736900 
4.000000  	1.341800  	0.014570  	-1.912300 
5.000000  	1.450400  	0.015060  	-2.112400 
6.000000  	1.548400  	0.015860  	-2.338800 
7.000000  	1.631700  	0.016960  	-2.589800 
8.000000  	1.695500  	0.018970  	-2.836800 
9.000000  	1.738100  	0.022280  	-3.110800 
10.000000 	1.756600  	0.027710  	-3.371200 
11.000000 	1.756600  	0.036530  	-3.604900 
12.000000 	1.752400  	0.047410  	-3.831300 
13.000000 	1.739300  	0.059890  	-4.021700 
14.000000 	1.728750  	0.072980  	-4.238750 
15.000000 	1.718200  	0.086070  	-4.455800 
16.000000 	1.713600  	0.098910  	-4.675600 
17.000000 	1.712100  	0.111600  	-4.928000 
18.000000 	1.710800  	0.124440  	-5.173800 
19.000000 	1.715500  	0.136610  	-5.451100 
20.000000 	1.717000  	0.149350  	-5.710300 
21.000000 	1.720600  	0.161780  	-5.987200 
22.000000 	1.720300  	0.174970  	-6.205800 
23.000000 	1.717000  	0.188530  	-6.419100 
24.000000 	1.716800  	0.201680  	-6.634500 
25.000000 	1.717300  	0.214660  	-6.850800 
26.000000 	1.721800  	0.226870  	-7.074200 
27.000000 	1.726200  	0.238860  	-7.295900 
28.000000 	1.730100  	0.250740  	-7.490200 
29.000000 	1.737300  	0.261710  	-7.675700 
30.000000 	1.697214  	0.284030  	-7.675700 
31.000000 	1.657127  	0.306351  	-7.675700 
32.000000 	1.617041  	0.328671  	-7.675700 
33.000000 	1.576955  	0.350991  	-7.675700 
34.000000 	1.541442  	0.374309  	-7.675700 
35.000000 	1.508471  	0.398181  	-7.675700 
36.000000 	1.475500  	0.422053  	-7.675700 
37.000000 	1.442529  	0.445925  	-7.675700 
38.000000 	1.410678  	0.470086  	-7.675700 
39.000000 	1.381629  	0.494972  	-7.675700 
40.000000 	1.352580  	0.519858  	-7.675700 
41.000000 	1.323531  	0.544744  	-7.675700 
42.000000 	1.294482  	0.569630  	-7.675700 
43.000000 	1.267260  	0.594938  	-7.675700 
44.000000 	1.240178  	0.620278  	-7.675700 
45.000000 	1.213097  	0.645618  	-7.675700 
46.000000 	1.186015  	0.670958  	-7.675700 
47.000000 	1.159365  	0.696233  	-7.675700 
48.000000 	1.133039  	0.721459  	-7.675700 
49.000000 	1.106713  	0.746685  	-7.675700 
50.000000 	1.080387  	0.771911  	-7.675700 
51.000000 	1.054067  	0.796991  	-7.675700 
52.000000 	1.027768  	0.821537  	-7.675700 
53.000000 	1.001469  	0.846083  	-7.675700 
54.000000 	0.975170  	0.870630  	-7.675700 
55.000000 	0.948871  	0.895176  	-7.675700 
56.000000 	0.922258  	0.918670  	-7.675700 
57.000000 	0.895593  	0.941989  	-7.675700 
58.000000 	0.868927  	0.965308  	-7.675700 
59.000000 	0.842262  	0.988626  	-7.675700 
60.000000 	0.815339  	1.011072  	-7.675700 
61.000000 	0.788159  	1.032644  	-7.675700 
62.000000 	0.760979  	1.054217  	-7.675700 
63.000000 	0.733799  	1.075789  	-7.675700 
64.000000 	0.706550  	1.097044  	-7.675700 
65.000000 	0.678894  	1.116392  	-7.675700 
66.000000 	0.651238  	1.135740  	-7.675700 
67.000000 	0.623581  	1.155089  	-7.675700 
68.000000 	0.595925  	1.174437  	-7.675700 
69.000000 	0.568040  	1.191704  	-7.675700 
70.000000 	0.540092  	1.208403  	-7.675700 
71.000000 	0.512144  	1.225102  	-7.675700 
72.000000 	0.484196  	1.241800  	-7.675700 
73.000000 	0.456251  	1.257208  	-7.675700 
74.000000 	0.428312  	1.270894  	-7.675700 
75.000000 	0.400372  	1.284580  	-7.675700 
76.000000 	0.372433  	1.298266  	-7.675700 
77.000000 	0.344522  	1.311715  	-7.675700 
78.000000 	0.316982  	1.322094  	-7.675700 
79.000000 	0.289442  	1.332474  	-7.675700 
80.000000 	0.261902  	1.342853  	-7.675700 
81.000000 	0.234362  	1.353232  	-7.675700 
82.000000 	0.207438  	1.361095  	-7.675700 
83.000000 	0.180759  	1.367950  	-7.675700 
84.000000 	0.154080  	1.374806  	-7.675700 
85.000000 	0.127401  	1.381662  	-7.675700 
86.000000 	0.101214  	1.387211  	-7.675700 
87.000000 	0.075910  	1.390408  	-7.675700 
88.000000 	0.050607  	1.393606  	-7.675700 
89.000000 	0.025303  	1.396803  	-7.675700 
90.000000 	0.000000  	1.400000  	-7.675700 
91.000000 	-0.017712 	1.396803  	-7.675700 
92.000000 	-0.035425 	1.393606  	-7.675700 
93.000000 	-0.053137 	1.390408  	-7.675700 
94.000000 	-0.070850 	1.387211  	-7.675700 
95.000000 	-0.089181 	1.381662  	-7.675700 
96.000000 	-0.107856 	1.374806  	-7.675700 
97.000000 	-0.126531 	1.367950  	-7.675700 
98.000000 	-0.145206 	1.361095  	-7.675700 
99.000000 	-0.164054 	1.353232  	-7.675700 
100.000000	-0.183332 	1.342853  	-7.675700 
101.000000	-0.202610 	1.332474  	-7.675700 
102.000000	-0.221887 	1.322094  	-7.675700 
103.000000	-0.241165 	1.311715  	-7.675700 
104.000000	-0.260703 	1.298266  	-7.675700 
105.000000	-0.280261 	1.284580  	-7.675700 
106.000000	-0.299818 	1.270894  	-7.675700 
107.000000	-0.319376 	1.257208  	-7.675700 
108.000000	-0.338937 	1.241800  	-7.675700 
109.000000	-0.358501 	1.225102  	-7.675700 
110.000000	-0.378064 	1.208403  	-7.675700 
111.000000	-0.397628 	1.191704  	-7.675700 
112.000000	-0.417148 	1.174437  	-7.675700 
113.000000	-0.436507 	1.155089  	-7.675700 
114.000000	-0.455866 	1.135740  	-7.675700 
115.000000	-0.475226 	1.116392  	-7.675700 
116.000000	-0.494585 	1.097044  	-7.675700 
117.000000	-0.513659 	1.075789  	-7.675700 
118.000000	-0.532685 	1.054217  	-7.675700 
119.000000	-0.551711 	1.032644  	-7.675700 
120.000000	-0.570737 	1.011072  	-7.675700 
121.000000	-0.589583 	0.988626  	-7.675700 
122.000000	-0.608249 	0.965308  	-7.675700 
123.000000	-0.626915 	0.941989  	-7.675700 
124.000000	-0.645581 	0.918670  	-7.675700 
125.000000	-0.664210 	0.895176  	-7.675700 
126.000000	-0.682619 	0.870630  	-7.675700 
127.000000	-0.701028 	0.846083  	-7.675700 
128.000000	-0.719437 	0.821537  	-7.675700 
129.000000	-0.737847 	0.796991  	-7.675700 
130.000000	-0.756271 	0.771911  	-7.675700 
131.000000	-0.774699 	0.746685  	-7.675700 
132.000000	-0.793127 	0.721459  	-7.675700 
133.000000	-0.811556 	0.696233  	-7.675700 
134.000000	-0.830210 	0.670958  	-7.675700 
135.000000	-0.849168 	0.645618  	-7.675700 
136.000000	-0.868125 	0.620278  	-7.675700 
137.000000	-0.887082 	0.594938  	-7.675700 
138.000000	-0.906138 	0.569630  	-7.675700 
139.000000	-0.926472 	0.544744  	-7.675700 
140.000000	-0.946806 	0.519858  	-7.675700 
141.000000	-0.967140 	0.494972  	-7.675700 
142.000000	-0.987475 	0.470086  	-7.675700 
143.000000	-1.009770 	0.445925  	-7.675700 
144.000000	-1.032850 	0.422053  	-7.675700 
145.000000	-1.055930 	0.398181  	-7.675700 
146.000000	-1.079010 	0.374309  	-7.675700 
147.000000	-1.103868 	0.350991  	-7.675700 
148.000000	-1.131929 	0.328671  	-7.675700 
149.000000	-1.159989 	0.306351  	-7.675700 
150.000000	-1.188050 	0.284030  	-7.675700 
151.000000	-1.216110 	0.261710  	-7.675700 
152.000000	-1.174175 	0.240844  	-7.675700 
153.000000	-1.132240 	0.219978  	-7.675700 
154.000000	-1.090306 	0.200120  	-7.675700 
155.000000	-1.048371 	0.180339  	-7.675700 
156.000000	-1.006436 	0.161574  	-7.675700 
157.000000	-0.964501 	0.142979  	-7.675700 
158.000000	-0.922566 	0.125391  	-7.675700 
159.000000	-0.880631 	0.108077  	-7.675700 
160.000000	-0.838697 	0.091741  	-7.675700 
161.000000	-0.796762 	0.075797  	-7.675700 
162.000000	-0.754827 	0.060785  	-7.675700 
163.000000	-0.712892 	0.046292  	-7.675700 
164.000000	-0.670957 	0.032670  	-7.675700 
165.000000	-0.629022 	0.019702  	-7.675700 
166.000000	-0.587088 	0.010269  	-7.675700 
167.000000	-0.545153 	0.004370  	-7.675700 
168.000000	-0.503218 	0.001000  	-7.675700 
169.000000	-0.461283 	0.001000  	-7.675700 
170.000000	-0.419348 	0.001000  	-7.675700 
171.000000	-0.377413 	0.001000  	-7.675700 
172.000000	-0.335479 	0.001000  	-7.675700 
173.000000	-0.293544 	0.001000  	-7.675700 
174.000000	-0.251609 	0.001000  	-7.675700 
175.000000	-0.209674 	0.001000  	-7.675700 
176.000000	-0.167739 	0.001000  	-7.675700 
177.000000	-0.125804 	0.001000  	-7.675700 
178.000000	-0.083870 	0.001000  	-7.675700 
179.000000	-0.041935 	0.001000  	-7.675700 
180.000000	0.000000  	0.001000  	-7.675700 
! ------------------------------------------------------------------------------
! data for table	7         
! ------------------------------------------------------------------------------
  0.800000  	Re           ! Reynolds number in millions
  0.000000  	UserProp     ! User property (control) setting
Flase           InclUAdata   ! Is unsteady aerodynamics data included in this table? If TRUE, then include UA coefficients below this line. Any missing coefficients will be calculated internally.
! Table of aerodynamics coefficients
  361       	NumAlf       ! Number of data lines in the following table
!Alpha      Cl          Cd          Cm/Cp
!(deg)      (-)         (-)         (-)
-180.000000	0.000000  	0.001000  	-7.531200 
-179.000000	0.043370  	0.001000  	-7.531200 
-178.000000	0.086740  	0.001000  	-7.531200 
-177.000000	0.130110  	0.001000  	-7.531200 
-176.000000	0.173480  	0.001000  	-7.531200 
-175.000000	0.216850  	0.001000  	-7.531200 
-174.000000	0.260220  	0.001000  	-7.531200 
-173.000000	0.303590  	0.001000  	-7.531200 
-172.000000	0.346960  	0.001000  	-7.531200 
-171.000000	0.390330  	0.001000  	-7.531200 
-170.000000	0.433700  	0.001000  	-7.531200 
-169.000000	0.477070  	0.001000  	-7.531200 
-168.000000	0.520440  	0.001000  	-7.531200 
-167.000000	0.563810  	0.009586  	-7.531200 
-166.000000	0.607180  	0.018171  	-7.531200 
-165.000000	0.650550  	0.030683  	-7.531200 
-164.000000	0.693920  	0.043195  	-7.531200 
-163.000000	0.737290  	0.057191  	-7.531200 
-162.000000	0.780660  	0.071187  	-7.531200 
-161.000000	0.824030  	0.086601  	-7.531200 
-160.000000	0.867400  	0.102015  	-7.531200 
-159.000000	0.910770  	0.118772  	-7.531200 
-158.000000	0.954140  	0.135530  	-7.531200 
-157.000000	0.997510  	0.153551  	-7.531200 
-156.000000	1.040880  	0.171573  	-7.531200 
-155.000000	1.084250  	0.190772  	-7.531200 
-154.000000	1.127620  	0.209971  	-7.531200 
-153.000000	1.170990  	0.230255  	-7.531200 
-152.000000	1.214360  	0.250540  	-7.531200 
-151.000000	1.186307  	0.272348  	-7.531200 
-150.000000	1.158254  	0.294155  	-7.531200 
-149.000000	1.130201  	0.315963  	-7.531200 
-148.000000	1.102148  	0.337771  	-7.531200 
-147.000000	1.077175  	0.360536  	-7.531200 
-146.000000	1.054513  	0.384021  	-7.531200 
-145.000000	1.031852  	0.407505  	-7.531200 
-144.000000	1.009190  	0.430989  	-7.531200 
-143.000000	0.986946  	0.454634  	-7.531200 
-142.000000	0.967206  	0.479246  	-7.531200 
-141.000000	0.947467  	0.503859  	-7.531200 
-140.000000	0.927728  	0.528471  	-7.531200 
-139.000000	0.907989  	0.553083  	-7.531200 
-138.000000	0.889274  	0.578091  	-7.531200 
-137.000000	0.870968  	0.603257  	-7.531200 
-136.000000	0.852662  	0.628423  	-7.531200 
-135.000000	0.834356  	0.653589  	-7.531200 
-134.000000	0.816198  	0.678746  	-7.531200 
-133.000000	0.798410  	0.703880  	-7.531200 
-132.000000	0.780623  	0.729014  	-7.531200 
-131.000000	0.762835  	0.754149  	-7.531200 
-130.000000	0.745047  	0.779283  	-7.531200 
-129.000000	0.727234  	0.803888  	-7.531200 
-128.000000	0.709417  	0.828406  	-7.531200 
-127.000000	0.691599  	0.852924  	-7.531200 
-126.000000	0.673782  	0.877442  	-7.531200 
-125.000000	0.655824  	0.901452  	-7.531200 
-124.000000	0.637680  	0.924784  	-7.531200 
-123.000000	0.619536  	0.948117  	-7.531200 
-122.000000	0.601392  	0.971450  	-7.531200 
-121.000000	0.583248  	0.994783  	-7.531200 
-120.000000	0.564662  	1.016392  	-7.531200 
-119.000000	0.546076  	1.038001  	-7.531200 
-118.000000	0.527490  	1.059609  	-7.531200 
-117.000000	0.508905  	1.081218  	-7.531200 
-116.000000	0.490080  	1.101558  	-7.531200 
-115.000000	0.471076  	1.120945  	-7.531200 
-114.000000	0.452072  	1.140332  	-7.531200 
-113.000000	0.433068  	1.159719  	-7.531200 
-112.000000	0.414023  	1.178726  	-7.531200 
-111.000000	0.394731  	1.195448  	-7.531200 
-110.000000	0.375439  	1.212170  	-7.531200 
-109.000000	0.356148  	1.228892  	-7.531200 
-108.000000	0.336856  	1.245614  	-7.531200 
-107.000000	0.317513  	1.260161  	-7.531200 
-106.000000	0.298150  	1.273838  	-7.531200 
-105.000000	0.278786  	1.287515  	-7.531200 
-104.000000	0.259422  	1.301192  	-7.531200 
-103.000000	0.240119  	1.313912  	-7.531200 
-102.000000	0.220965  	1.324238  	-7.531200 
-101.000000	0.201812  	1.334564  	-7.531200 
-100.000000	0.182659  	1.344890  	-7.531200 
-99.000000	0.163505  	1.355216  	-7.531200 
-98.000000	0.144818  	1.362476  	-7.531200 
-97.000000	0.126209  	1.369225  	-7.531200 
-96.000000	0.107600  	1.375973  	-7.531200 
-95.000000	0.088990  	1.382722  	-7.531200 
-94.000000	0.070773  	1.387877  	-7.531200 
-93.000000	0.053080  	1.390908  	-7.531200 
-92.000000	0.035387  	1.393939  	-7.531200 
-91.000000	0.017693  	1.396969  	-7.531200 
-90.000000	0.000000  	1.400000  	-7.531200 
-89.000000	-0.017693 	1.396969  	-7.531200 
-88.000000	-0.035387 	1.393939  	-7.531200 
-87.000000	-0.053080 	1.390908  	-7.531200 
-86.000000	-0.070773 	1.387877  	-7.531200 
-85.000000	-0.088990 	1.382722  	-7.531200 
-84.000000	-0.107600 	1.375973  	-7.531200 
-83.000000	-0.126209 	1.369225  	-7.531200 
-82.000000	-0.144818 	1.362476  	-7.531200 
-81.000000	-0.163505 	1.355216  	-7.531200 
-80.000000	-0.182659 	1.344890  	-7.531200 
-79.000000	-0.201812 	1.334564  	-7.531200 
-78.000000	-0.220965 	1.324238  	-7.531200 
-77.000000	-0.240119 	1.313912  	-7.531200 
-76.000000	-0.259422 	1.301192  	-7.531200 
-75.000000	-0.278786 	1.287515  	-7.531200 
-74.000000	-0.298150 	1.273838  	-7.531200 
-73.000000	-0.317513 	1.260161  	-7.531200 
-72.000000	-0.336856 	1.245614  	-7.531200 
-71.000000	-0.356148 	1.228892  	-7.531200 
-70.000000	-0.375439 	1.212170  	-7.531200 
-69.000000	-0.394731 	1.195448  	-7.531200 
-68.000000	-0.414023 	1.178726  	-7.531200 
-67.000000	-0.433068 	1.159719  	-7.531200 
-66.000000	-0.452072 	1.140332  	-7.531200 
-65.000000	-0.471076 	1.120945  	-7.531200 
-64.000000	-0.490080 	1.101558  	-7.531200 
-63.000000	-0.508905 	1.081218  	-7.531200 
-62.000000	-0.527490 	1.059609  	-7.531200 
-61.000000	-0.546076 	1.038001  	-7.531200 
-60.000000	-0.564662 	1.016392  	-7.531200 
-59.000000	-0.583248 	0.994783  	-7.531200 
-58.000000	-0.601392 	0.971450  	-7.531200 
-57.000000	-0.619536 	0.948117  	-7.531200 
-56.000000	-0.637680 	0.924784  	-7.531200 
-55.000000	-0.655824 	0.901452  	-7.531200 
-54.000000	-0.673782 	0.877442  	-7.531200 
-53.000000	-0.691599 	0.852924  	-7.531200 
-52.000000	-0.709417 	0.828406  	-7.531200 
-51.000000	-0.727234 	0.803888  	-7.531200 
-50.000000	-0.745047 	0.779283  	-7.531200 
-49.000000	-0.762835 	0.754149  	-7.531200 
-48.000000	-0.780623 	0.729014  	-7.531200 
-47.000000	-0.798410 	0.703880  	-7.531200 
-46.000000	-0.816198 	0.678746  	-7.531200 
-45.000000	-0.834356 	0.653589  	-7.531200 
-44.000000	-0.852662 	0.628423  	-7.531200 
-43.000000	-0.870968 	0.603257  	-7.531200 
-42.000000	-0.889274 	0.578091  	-7.531200 
-41.000000	-0.907989 	0.553083  	-7.531200 
-40.000000	-0.927728 	0.528471  	-7.531200 
-39.000000	-0.947467 	0.503859  	-7.531200 
-38.000000	-0.967206 	0.479246  	-7.531200 
-37.000000	-0.986946 	0.454634  	-7.531200 
-36.000000	-1.009190 	0.430989  	-7.531200 
-35.000000	-1.031852 	0.407505  	-7.531200 
-34.000000	-1.054513 	0.384021  	-7.531200 
-33.000000	-1.077175 	0.360536  	-7.531200 
-32.000000	-1.102148 	0.337771  	-7.531200 
-31.000000	-1.130201 	0.315963  	-7.531200 
-30.000000	-1.158254 	0.294155  	-7.531200 
-29.000000	-1.186307 	0.272348  	-7.531200 
-28.000000	-1.214360 	0.250540  	-7.531200 
-27.000000	-1.177540 	0.237475  	-7.531200 
-26.000000	-1.140720 	0.224410  	-7.531200 
-25.000000	-1.103900 	0.211345  	-7.531200 
-24.000000	-1.067080 	0.198280  	-7.531200 
-23.000000	-1.030260 	0.185215  	-7.531200 
-22.000000	-0.993440 	0.172150  	-7.531200 
-21.000000	-0.956620 	0.159085  	-7.531200 
-20.000000	-0.919800 	0.146020  	-7.531200 
-19.000000	-0.882980 	0.132955  	-7.531200 
-18.000000	-0.846160 	0.119890  	-7.531200 
-17.000000	-0.809340 	0.106825  	-7.531200 
-16.000000	-0.772520 	0.093760  	-7.531200 
-15.000000	-0.735700 	0.080695  	-7.531200 
-14.000000	-0.698880 	0.067630  	-7.531200 
-13.000000	-0.662060 	0.054565  	-7.531200 
-12.000000	-0.625240 	0.041500  	-6.270756 
-11.000000	-0.588420 	0.028435  	-4.064978 
-10.000000	-0.551600 	0.015370  	-1.859200 
-9.000000 	-0.401100 	0.014450  	-1.718200 
-8.000000 	-0.253000 	0.013770  	-1.581700 
-7.000000 	-0.098000 	0.013070  	-1.449000 
-6.000000 	0.047600  	0.012720  	-1.324400 
-5.000000 	0.192000  	0.012430  	-1.205700 
-4.000000 	0.337900  	0.012270  	-1.090700 
-3.000000 	0.472300  	0.012290  	-1.075800 
-2.000000 	0.606800  	0.012330  	-1.169300 
-1.000000 	0.739400  	0.012430  	-1.265500 
0.000000  	0.867400  	0.012610  	-1.365200 
1.000000  	0.993500  	0.012850  	-1.471900 
2.000000  	1.115800  	0.013160  	-1.591300 
3.000000  	1.233300  	0.013480  	-1.740100 
4.000000  	1.347600  	0.013900  	-1.918000 
5.000000  	1.454800  	0.014530  	-2.117600 
6.000000  	1.556600  	0.015250  	-2.349300 
7.000000  	1.639400  	0.016470  	-2.601100 
8.000000  	1.703900  	0.018500  	-2.850000 
9.000000  	1.747300  	0.021840  	-3.127600 
10.000000 	1.764600  	0.027240  	-3.388300 
11.000000 	1.769400  	0.035670  	-3.633000 
12.000000 	1.769500  	0.046050  	-3.871200 
13.000000 	1.760000  	0.058100  	-4.072900 
14.000000 	1.748900  	0.070930  	-4.278400 
15.000000 	1.739500  	0.083960  	-4.517300 
16.000000 	1.733000  	0.097030  	-4.733900 
17.000000 	1.728000  	0.110040  	-4.980300 
18.000000 	1.730700  	0.122330  	-5.242900 
19.000000 	1.732000  	0.134840  	-5.514100 
20.000000 	1.735100  	0.147220  	-5.785000 
21.000000 	1.734700  	0.160210  	-6.051100 
22.000000 	1.738000  	0.172670  	-6.291200 
23.000000 	1.736900  	0.185860  	-6.523900 
24.000000 	1.734800  	0.199180  	-6.737100 
25.000000 	1.732000  	0.212700  	-6.940800 
26.000000 	1.729300  	0.226090  	-7.128900 
27.000000 	1.731700  	0.238480  	-7.340500 
28.000000 	1.734800  	0.250540  	-7.531200 
29.000000 	1.694724  	0.272348  	-7.531200 
30.000000 	1.654648  	0.294155  	-7.531200 
31.000000 	1.614572  	0.315963  	-7.531200 
32.000000 	1.574497  	0.337771  	-7.531200 
33.000000 	1.538822  	0.360536  	-7.531200 
34.000000 	1.506448  	0.384021  	-7.531200 
35.000000 	1.474074  	0.407505  	-7.531200 
36.000000 	1.441700  	0.430989  	-7.531200 
37.000000 	1.409922  	0.454634  	-7.531200 
38.000000 	1.381723  	0.479246  	-7.531200 
39.000000 	1.353525  	0.503859  	-7.531200 
40.000000 	1.325326  	0.528471  	-7.531200 
41.000000 	1.297127  	0.553083  	-7.531200 
42.000000 	1.270391  	0.578091  	-7.531200 
43.000000 	1.244239  	0.603257  	-7.531200 
44.000000 	1.218088  	0.628423  	-7.531200 
45.000000 	1.191937  	0.653589  	-7.531200 
46.000000 	1.165997  	0.678746  	-7.531200 
47.000000 	1.140586  	0.703880  	-7.531200 
48.000000 	1.115175  	0.729014  	-7.531200 
49.000000 	1.089764  	0.754149  	-7.531200 
50.000000 	1.064353  	0.779283  	-7.531200 
51.000000 	1.038906  	0.803888  	-7.531200 
52.000000 	1.013452  	0.828406  	-7.531200 
53.000000 	0.987999  	0.852924  	-7.531200 
54.000000 	0.962546  	0.877442  	-7.531200 
55.000000 	0.936892  	0.901452  	-7.531200 
56.000000 	0.910972  	0.924784  	-7.531200 
57.000000 	0.885051  	0.948117  	-7.531200 
58.000000 	0.859131  	0.971450  	-7.531200 
59.000000 	0.833211  	0.994783  	-7.531200 
60.000000 	0.806660  	1.016392  	-7.531200 
61.000000 	0.780109  	1.038001  	-7.531200 
62.000000 	0.753558  	1.059609  	-7.531200 
63.000000 	0.727007  	1.081218  	-7.531200 
64.000000 	0.700114  	1.101558  	-7.531200 
65.000000 	0.672966  	1.120945  	-7.531200 
66.000000 	0.645817  	1.140332  	-7.531200 
67.000000 	0.618668  	1.159719  	-7.531200 
68.000000 	0.591461  	1.178726  	-7.531200 
69.000000 	0.563902  	1.195448  	-7.531200 
70.000000 	0.536342  	1.212170  	-7.531200 
71.000000 	0.508783  	1.228892  	-7.531200 
72.000000 	0.481223  	1.245614  	-7.531200 
73.000000 	0.453590  	1.260161  	-7.531200 
74.000000 	0.425928  	1.273838  	-7.531200 
75.000000 	0.398266  	1.287515  	-7.531200 
76.000000 	0.370603  	1.301192  	-7.531200 
77.000000 	0.343027  	1.313912  	-7.531200 
78.000000 	0.315665  	1.324238  	-7.531200 
79.000000 	0.288303  	1.334564  	-7.531200 
80.000000 	0.260941  	1.344890  	-7.531200 
81.000000 	0.233579  	1.355216  	-7.531200 
82.000000 	0.206883  	1.362476  	-7.531200 
83.000000 	0.180298  	1.369225  	-7.531200 
84.000000 	0.153714  	1.375973  	-7.531200 
85.000000 	0.127129  	1.382722  	-7.531200 
86.000000 	0.101105  	1.387877  	-7.531200 
87.000000 	0.075829  	1.390908  	-7.531200 
88.000000 	0.050552  	1.393939  	-7.531200 
89.000000 	0.025276  	1.396969  	-7.531200 
90.000000 	0.000000  	1.400000  	-7.531200 
91.000000 	-0.017693 	1.396969  	-7.531200 
92.000000 	-0.035387 	1.393939  	-7.531200 
93.000000 	-0.053080 	1.390908  	-7.531200 
94.000000 	-0.070773 	1.387877  	-7.531200 
95.000000 	-0.088990 	1.382722  	-7.531200 
96.000000 	-0.107600 	1.375973  	-7.531200 
97.000000 	-0.126209 	1.369225  	-7.531200 
98.000000 	-0.144818 	1.362476  	-7.531200 
99.000000 	-0.163505 	1.355216  	-7.531200 
100.000000	-0.182659 	1.344890  	-7.531200 
101.000000	-0.201812 	1.334564  	-7.531200 
102.000000	-0.220965 	1.324238  	-7.531200 
103.000000	-0.240119 	1.313912  	-7.531200 
104.000000	-0.259422 	1.301192  	-7.531200 
105.000000	-0.278786 	1.287515  	-7.531200 
106.000000	-0.298150 	1.273838  	-7.531200 
107.000000	-0.317513 	1.260161  	-7.531200 
108.000000	-0.336856 	1.245614  	-7.531200 
109.000000	-0.356148 	1.228892  	-7.531200 
110.000000	-0.375439 	1.212170  	-7.531200 
111.000000	-0.394731 	1.195448  	-7.531200 
112.000000	-0.414023 	1.178726  	-7.531200 
113.000000	-0.433068 	1.159719  	-7.531200 
114.000000	-0.452072 	1.140332  	-7.531200 
115.000000	-0.471076 	1.120945  	-7.531200 
116.000000	-0.490080 	1.101558  	-7.531200 
117.000000	-0.508905 	1.081218  	-7.531200 
118.000000	-0.527490 	1.059609  	-7.531200 
119.000000	-0.546076 	1.038001  	-7.531200 
120.000000	-0.564662 	1.016392  	-7.531200 
121.000000	-0.583248 	0.994783  	-7.531200 
122.000000	-0.601392 	0.971450  	-7.531200 
123.000000	-0.619536 	0.948117  	-7.531200 
124.000000	-0.637680 	0.924784  	-7.531200 
125.000000	-0.655824 	0.901452  	-7.531200 
126.000000	-0.673782 	0.877442  	-7.531200 
127.000000	-0.691599 	0.852924  	-7.531200 
128.000000	-0.709417 	0.828406  	-7.531200 
129.000000	-0.727234 	0.803888  	-7.531200 
130.000000	-0.745047 	0.779283  	-7.531200 
131.000000	-0.762835 	0.754149  	-7.531200 
132.000000	-0.780623 	0.729014  	-7.531200 
133.000000	-0.798410 	0.703880  	-7.531200 
134.000000	-0.816198 	0.678746  	-7.531200 
135.000000	-0.834356 	0.653589  	-7.531200 
136.000000	-0.852662 	0.628423  	-7.531200 
137.000000	-0.870968 	0.603257  	-7.531200 
138.000000	-0.889274 	0.578091  	-7.531200 
139.000000	-0.907989 	0.553083  	-7.531200 
140.000000	-0.927728 	0.528471  	-7.531200 
141.000000	-0.947467 	0.503859  	-7.531200 
142.000000	-0.967206 	0.479246  	-7.531200 
143.000000	-0.986946 	0.454634  	-7.531200 
144.000000	-1.009190 	0.430989  	-7.531200 
145.000000	-1.031852 	0.407505  	-7.531200 
146.000000	-1.054513 	0.384021  	-7.531200 
147.000000	-1.077175 	0.360536  	-7.531200 
148.000000	-1.102148 	0.337771  	-7.531200 
149.000000	-1.130201 	0.315963  	-7.531200 
150.000000	-1.158254 	0.294155  	-7.531200 
151.000000	-1.186307 	0.272348  	-7.531200 
152.000000	-1.214360 	0.250540  	-7.531200 
153.000000	-1.170990 	0.230255  	-7.531200 
154.000000	-1.127620 	0.209971  	-7.531200 
155.000000	-1.084250 	0.190772  	-7.531200 
156.000000	-1.040880 	0.171573  	-7.531200 
157.000000	-0.997510 	0.153551  	-7.531200 
158.000000	-0.954140 	0.135530  	-7.531200 
159.000000	-0.910770 	0.118772  	-7.531200 
160.000000	-0.867400 	0.102015  	-7.531200 
161.000000	-0.824030 	0.086601  	-7.531200 
162.000000	-0.780660 	0.071187  	-7.531200 
163.000000	-0.737290 	0.057191  	-7.531200 
164.000000	-0.693920 	0.043195  	-7.531200 
165.000000	-0.650550 	0.030683  	-7.531200 
166.000000	-0.607180 	0.018171  	-7.531200 
167.000000	-0.563810 	0.009586  	-7.531200 
168.000000	-0.520440 	0.001000  	-7.531200 
169.000000	-0.477070 	0.001000  	-7.531200 
170.000000	-0.433700 	0.001000  	-7.531200 
171.000000	-0.390330 	0.001000  	-7.531200 
172.000000	-0.346960 	0.001000  	-7.531200 
173.000000	-0.303590 	0.001000  	-7.531200 
174.000000	-0.260220 	0.001000  	-7.531200 
175.000000	-0.216850 	0.001000  	-7.531200 
176.000000	-0.173480 	0.001000  	-7.531200 
177.000000	-0.130110 	0.001000  	-7.531200 
178.000000	-0.086740 	0.001000  	-7.531200 
179.000000	-0.043370 	0.001000  	-7.531200 
180.000000	0.000000  	0.001000  	-7.531200 
! ------------------------------------------------------------------------------
! data for table	8         
! ------------------------------------------------------------------------------
  0.900000  	Re           ! Reynolds number in millions
  0.000000  	UserProp     ! User property (control) setting
Flase           InclUAdata   ! Is unsteady aerodynamics data included in this table? If TRUE, then include UA coefficients below this line. Any missing coefficients will be calculated internally.
! Table of aerodynamics coefficients
  361       	NumAlf       ! Number of data lines in the following table
!Alpha      Cl          Cd          Cm/Cp
!(deg)      (-)         (-)         (-)
-180.000000	0.000000  	0.001000  	-7.663400 
-179.000000	0.041725  	0.001000  	-7.663400 
-178.000000	0.083450  	0.001000  	-7.663400 
-177.000000	0.125174  	0.001000  	-7.663400 
-176.000000	0.166899  	0.001000  	-7.663400 
-175.000000	0.208624  	0.001000  	-7.663400 
-174.000000	0.250349  	0.001000  	-7.663400 
-173.000000	0.292074  	0.001000  	-7.663400 
-172.000000	0.333799  	0.001000  	-7.663400 
-171.000000	0.375523  	0.001000  	-7.663400 
-170.000000	0.417248  	0.001000  	-7.663400 
-169.000000	0.458973  	0.001000  	-7.663400 
-168.000000	0.500698  	0.001000  	-7.663400 
-167.000000	0.542423  	0.005888  	-7.663400 
-166.000000	0.584148  	0.014442  	-7.663400 
-165.000000	0.625872  	0.025190  	-7.663400 
-164.000000	0.667597  	0.038132  	-7.663400 
-163.000000	0.709322  	0.051725  	-7.663400 
-162.000000	0.751047  	0.066189  	-7.663400 
-161.000000	0.792772  	0.081169  	-7.663400 
-160.000000	0.834497  	0.097080  	-7.663400 
-159.000000	0.876221  	0.113381  	-7.663400 
-158.000000	0.917946  	0.130659  	-7.663400 
-157.000000	0.959671  	0.148210  	-7.663400 
-156.000000	1.001396  	0.166765  	-7.663400 
-155.000000	1.043121  	0.185489  	-7.663400 
-154.000000	1.084846  	0.205226  	-7.663400 
-153.000000	1.126570  	0.225041  	-7.663400 
-152.000000	1.168295  	0.245861  	-7.663400 
-151.000000	1.210020  	0.266680  	-7.663400 
-150.000000	1.182233  	0.288949  	-7.663400 
-149.000000	1.154447  	0.311218  	-7.663400 
-148.000000	1.126660  	0.333487  	-7.663400 
-147.000000	1.098873  	0.355756  	-7.663400 
-146.000000	1.074252  	0.379018  	-7.663400 
-145.000000	1.051390  	0.402833  	-7.663400 
-144.000000	1.028528  	0.426647  	-7.663400 
-143.000000	1.005666  	0.450461  	-7.663400 
-142.000000	0.983577  	0.474563  	-7.663400 
-141.000000	0.963420  	0.499386  	-7.663400 
-140.000000	0.943264  	0.524208  	-7.663400 
-139.000000	0.923107  	0.549030  	-7.663400 
-138.000000	0.902951  	0.573853  	-7.663400 
-137.000000	0.884045  	0.599092  	-7.663400 
-136.000000	0.865236  	0.624363  	-7.663400 
-135.000000	0.846426  	0.649634  	-7.663400 
-134.000000	0.827616  	0.674905  	-7.663400 
-133.000000	0.809095  	0.700108  	-7.663400 
-132.000000	0.790791  	0.725259  	-7.663400 
-131.000000	0.772487  	0.750410  	-7.663400 
-130.000000	0.754182  	0.775562  	-7.663400 
-129.000000	0.735878  	0.800566  	-7.663400 
-128.000000	0.717573  	0.825034  	-7.663400 
-127.000000	0.699268  	0.849501  	-7.663400 
-126.000000	0.680963  	0.873968  	-7.663400 
-125.000000	0.662658  	0.898435  	-7.663400 
-124.000000	0.644119  	0.921846  	-7.663400 
-123.000000	0.625541  	0.945082  	-7.663400 
-122.000000	0.606963  	0.968317  	-7.663400 
-121.000000	0.588385  	0.991552  	-7.663400 
-120.000000	0.569620  	1.013912  	-7.663400 
-119.000000	0.550667  	1.035397  	-7.663400 
-118.000000	0.531714  	1.056883  	-7.663400 
-117.000000	0.512761  	1.078368  	-7.663400 
-116.000000	0.493759  	1.099534  	-7.663400 
-115.000000	0.474460  	1.118792  	-7.663400 
-114.000000	0.455161  	1.138050  	-7.663400 
-113.000000	0.435861  	1.157308  	-7.663400 
-112.000000	0.416562  	1.176565  	-7.663400 
-111.000000	0.397093  	1.193739  	-7.663400 
-110.000000	0.377577  	1.210345  	-7.663400 
-109.000000	0.358062  	1.226950  	-7.663400 
-108.000000	0.338547  	1.243556  	-7.663400 
-107.000000	0.319029  	1.258869  	-7.663400 
-106.000000	0.299508  	1.272459  	-7.663400 
-105.000000	0.279987  	1.286049  	-7.663400 
-104.000000	0.260466  	1.299640  	-7.663400 
-103.000000	0.240965  	1.312993  	-7.663400 
-102.000000	0.221713  	1.323275  	-7.663400 
-101.000000	0.202461  	1.333557  	-7.663400 
-100.000000	0.183209  	1.343839  	-7.663400 
-99.000000	0.163957  	1.354121  	-7.663400 
-98.000000	0.145128  	1.361885  	-7.663400 
-97.000000	0.126468  	1.368642  	-7.663400 
-96.000000	0.107808  	1.375400  	-7.663400 
-95.000000	0.089149  	1.382157  	-7.663400 
-94.000000	0.070829  	1.387607  	-7.663400 
-93.000000	0.053122  	1.390706  	-7.663400 
-92.000000	0.035415  	1.393804  	-7.663400 
-91.000000	0.017707  	1.396902  	-7.663400 
-90.000000	0.000000  	1.400000  	-7.663400 
-89.000000	-0.017707 	1.396902  	-7.663400 
-88.000000	-0.035415 	1.393804  	-7.663400 
-87.000000	-0.053122 	1.390706  	-7.663400 
-86.000000	-0.070829 	1.387607  	-7.663400 
-85.000000	-0.089149 	1.382157  	-7.663400 
-84.000000	-0.107808 	1.375400  	-7.663400 
-83.000000	-0.126468 	1.368642  	-7.663400 
-82.000000	-0.145128 	1.361885  	-7.663400 
-81.000000	-0.163957 	1.354121  	-7.663400 
-80.000000	-0.183209 	1.343839  	-7.663400 
-79.000000	-0.202461 	1.333557  	-7.663400 
-78.000000	-0.221713 	1.323275  	-7.663400 
-77.000000	-0.240965 	1.312993  	-7.663400 
-76.000000	-0.260466 	1.299640  	-7.663400 
-75.000000	-0.279987 	1.286049  	-7.663400 
-74.000000	-0.299508 	1.272459  	-7.663400 
-73.000000	-0.319029 	1.258869  	-7.663400 
-72.000000	-0.338547 	1.243556  	-7.663400 
-71.000000	-0.358062 	1.226950  	-7.663400 
-70.000000	-0.377577 	1.210345  	-7.663400 
-69.000000	-0.397093 	1.193739  	-7.663400 
-68.000000	-0.416562 	1.176565  	-7.663400 
-67.000000	-0.435861 	1.157308  	-7.663400 
-66.000000	-0.455161 	1.138050  	-7.663400 
-65.000000	-0.474460 	1.118792  	-7.663400 
-64.000000	-0.493759 	1.099534  	-7.663400 
-63.000000	-0.512761 	1.078368  	-7.663400 
-62.000000	-0.531714 	1.056883  	-7.663400 
-61.000000	-0.550667 	1.035397  	-7.663400 
-60.000000	-0.569620 	1.013912  	-7.663400 
-59.000000	-0.588385 	0.991552  	-7.663400 
-58.000000	-0.606963 	0.968317  	-7.663400 
-57.000000	-0.625541 	0.945082  	-7.663400 
-56.000000	-0.644119 	0.921846  	-7.663400 
-55.000000	-0.662658 	0.898435  	-7.663400 
-54.000000	-0.680963 	0.873968  	-7.663400 
-53.000000	-0.699268 	0.849501  	-7.663400 
-52.000000	-0.717573 	0.825034  	-7.663400 
-51.000000	-0.735878 	0.800566  	-7.663400 
-50.000000	-0.754182 	0.775562  	-7.663400 
-49.000000	-0.772487 	0.750410  	-7.663400 
-48.000000	-0.790791 	0.725259  	-7.663400 
-47.000000	-0.809095 	0.700108  	-7.663400 
-46.000000	-0.827616 	0.674905  	-7.663400 
-45.000000	-0.846426 	0.649634  	-7.663400 
-44.000000	-0.865236 	0.624363  	-7.663400 
-43.000000	-0.884045 	0.599092  	-7.663400 
-42.000000	-0.902951 	0.573853  	-7.663400 
-41.000000	-0.923107 	0.549030  	-7.663400 
-40.000000	-0.943264 	0.524208  	-7.663400 
-39.000000	-0.963420 	0.499386  	-7.663400 
-38.000000	-0.983577 	0.474563  	-7.663400 
-37.000000	-1.005666 	0.450461  	-7.663400 
-36.000000	-1.028528 	0.426647  	-7.663400 
-35.000000	-1.051390 	0.402833  	-7.663400 
-34.000000	-1.074252 	0.379018  	-7.663400 
-33.000000	-1.098873 	0.355756  	-7.663400 
-32.000000	-1.126660 	0.333487  	-7.663400 
-31.000000	-1.154447 	0.311218  	-7.663400 
-30.000000	-1.182233 	0.288949  	-7.663400 
-29.000000	-1.210020 	0.266680  	-7.663400 
-28.000000	-1.175656 	0.253447  	-7.663400 
-27.000000	-1.141292 	0.240215  	-7.663400 
-26.000000	-1.106927 	0.226982  	-7.663400 
-25.000000	-1.072563 	0.213749  	-7.663400 
-24.000000	-1.038199 	0.200517  	-7.663400 
-23.000000	-1.003835 	0.187284  	-7.663400 
-22.000000	-0.969471 	0.174052  	-7.663400 
-21.000000	-0.935106 	0.160819  	-7.663400 
-20.000000	-0.900742 	0.147586  	-7.663400 
-19.000000	-0.866378 	0.134354  	-7.663400 
-18.000000	-0.832014 	0.121121  	-7.663400 
-17.000000	-0.797649 	0.107888  	-7.663400 
-16.000000	-0.763285 	0.094656  	-7.663400 
-15.000000	-0.728921 	0.081423  	-7.663400 
-14.000000	-0.694557 	0.068191  	-7.663400 
-13.000000	-0.660193 	0.054958  	-7.663400 
-12.000000	-0.625828 	0.041725  	-6.137347 
-11.000000	-0.591464 	0.028493  	-4.000874 
-10.000000	-0.557100 	0.015260  	-1.864400 
-9.000000 	-0.406800 	0.014290  	-1.721700 
-8.000000 	-0.251400 	0.013410  	-1.582000 
-7.000000 	-0.103600 	0.012870  	-1.453500 
-6.000000 	0.050600  	0.012320  	-1.324900 
-5.000000 	0.192500  	0.012100  	-1.207800 
-4.000000 	0.335800  	0.011870  	-1.094000 
-3.000000 	0.474400  	0.011800  	-1.077500 
-2.000000 	0.609000  	0.011850  	-1.171100 
-1.000000 	0.741800  	0.012040  	-1.267500 
0.000000  	0.869900  	0.012120  	-1.367500 
1.000000  	0.996500  	0.012340  	-1.474900 
2.000000  	1.118500  	0.012640  	-1.596500 
3.000000  	1.237500  	0.012970  	-1.743200 
4.000000  	1.352400  	0.013430  	-1.919800 
5.000000  	1.461600  	0.013990  	-2.123900 
6.000000  	1.564200  	0.014780  	-2.358200 
7.000000  	1.647700  	0.016020  	-2.609800 
8.000000  	1.709900  	0.018180  	-2.861100 
9.000000  	1.753300  	0.021480  	-3.148300 
10.000000 	1.771500  	0.026780  	-3.404200 
11.000000 	1.781100  	0.034720  	-3.657000 
12.000000 	1.783200  	0.044830  	-3.890400 
13.000000 	1.776200  	0.056550  	-4.112900 
14.000000 	1.764600  	0.069270  	-4.330200 
15.000000 	1.753000  	0.082510  	-4.543100 
16.000000 	1.747800  	0.095320  	-4.787200 
17.000000 	1.741100  	0.108440  	-5.029800 
18.000000 	1.739900  	0.121170  	-5.298100 
19.000000 	1.739400  	0.133860  	-5.550300 
20.000000 	1.738900  	0.146770  	-5.803700 
21.000000 	1.738600  	0.159820  	-6.063200 
22.000000 	1.738700  	0.172820  	-6.312500 
23.000000 	1.736300  	0.186440  	-6.557700 
24.000000 	1.730600  	0.200710  	-6.748900 
25.000000 	1.730300  	0.214010  	-6.967800 
26.000000 	1.729000  	0.227480  	-7.152500 
27.000000 	1.722900  	0.241830  	-7.306100 
28.000000 	1.728000  	0.253920  	-7.525900 
29.000000 	1.728600  	0.266680  	-7.663400 
30.000000 	1.688905  	0.288949  	-7.663400 
31.000000 	1.649210  	0.311218  	-7.663400 
32.000000 	1.609514  	0.333487  	-7.663400 
33.000000 	1.569819  	0.355756  	-7.663400 
34.000000 	1.534646  	0.379018  	-7.663400 
35.000000 	1.501986  	0.402833  	-7.663400 
36.000000 	1.469326  	0.426647  	-7.663400 
37.000000 	1.436666  	0.450461  	-7.663400 
38.000000 	1.405110  	0.474563  	-7.663400 
39.000000 	1.376315  	0.499386  	-7.663400 
40.000000 	1.347520  	0.524208  	-7.663400 
41.000000 	1.318725  	0.549030  	-7.663400 
42.000000 	1.289930  	0.573853  	-7.663400 
43.000000 	1.262922  	0.599092  	-7.663400 
44.000000 	1.236051  	0.624363  	-7.663400 
45.000000 	1.209180  	0.649634  	-7.663400 
46.000000 	1.182309  	0.674905  	-7.663400 
47.000000 	1.155851  	0.700108  	-7.663400 
48.000000 	1.129702  	0.725259  	-7.663400 
49.000000 	1.103553  	0.750410  	-7.663400 
50.000000 	1.077403  	0.775562  	-7.663400 
51.000000 	1.051254  	0.800566  	-7.663400 
52.000000 	1.025104  	0.825034  	-7.663400 
53.000000 	0.998954  	0.849501  	-7.663400 
54.000000 	0.972805  	0.873968  	-7.663400 
55.000000 	0.946655  	0.898435  	-7.663400 
56.000000 	0.920171  	0.921846  	-7.663400 
57.000000 	0.893631  	0.945082  	-7.663400 
58.000000 	0.867091  	0.968317  	-7.663400 
59.000000 	0.840551  	0.991552  	-7.663400 
60.000000 	0.813743  	1.013912  	-7.663400 
61.000000 	0.786667  	1.035397  	-7.663400 
62.000000 	0.759592  	1.056883  	-7.663400 
63.000000 	0.732516  	1.078368  	-7.663400 
64.000000 	0.705370  	1.099534  	-7.663400 
65.000000 	0.677800  	1.118792  	-7.663400 
66.000000 	0.650229  	1.138050  	-7.663400 
67.000000 	0.622659  	1.157308  	-7.663400 
68.000000 	0.595089  	1.176565  	-7.663400 
69.000000 	0.567276  	1.193739  	-7.663400 
70.000000 	0.539396  	1.210345  	-7.663400 
71.000000 	0.511517  	1.226950  	-7.663400 
72.000000 	0.483638  	1.243556  	-7.663400 
73.000000 	0.455755  	1.258869  	-7.663400 
74.000000 	0.427868  	1.272459  	-7.663400 
75.000000 	0.399982  	1.286049  	-7.663400 
76.000000 	0.372095  	1.299640  	-7.663400 
77.000000 	0.344235  	1.312993  	-7.663400 
78.000000 	0.316732  	1.323275  	-7.663400 
79.000000 	0.289229  	1.333557  	-7.663400 
80.000000 	0.261727  	1.343839  	-7.663400 
81.000000 	0.234224  	1.354121  	-7.663400 
82.000000 	0.207325  	1.361885  	-7.663400 
83.000000 	0.180669  	1.368642  	-7.663400 
84.000000 	0.154012  	1.375400  	-7.663400 
85.000000 	0.127355  	1.382157  	-7.663400 
86.000000 	0.101185  	1.387607  	-7.663400 
87.000000 	0.075888  	1.390706  	-7.663400 
88.000000 	0.050592  	1.393804  	-7.663400 
89.000000 	0.025296  	1.396902  	-7.663400 
90.000000 	0.000000  	1.400000  	-7.663400 
91.000000 	-0.017707 	1.396902  	-7.663400 
92.000000 	-0.035415 	1.393804  	-7.663400 
93.000000 	-0.053122 	1.390706  	-7.663400 
94.000000 	-0.070829 	1.387607  	-7.663400 
95.000000 	-0.089149 	1.382157  	-7.663400 
96.000000 	-0.107808 	1.375400  	-7.663400 
97.000000 	-0.126468 	1.368642  	-7.663400 
98.000000 	-0.145128 	1.361885  	-7.663400 
99.000000 	-0.163957 	1.354121  	-7.663400 
100.000000	-0.183209 	1.343839  	-7.663400 
101.000000	-0.202461 	1.333557  	-7.663400 
102.000000	-0.221713 	1.323275  	-7.663400 
103.000000	-0.240965 	1.312993  	-7.663400 
104.000000	-0.260466 	1.299640  	-7.663400 
105.000000	-0.279987 	1.286049  	-7.663400 
106.000000	-0.299508 	1.272459  	-7.663400 
107.000000	-0.319029 	1.258869  	-7.663400 
108.000000	-0.338547 	1.243556  	-7.663400 
109.000000	-0.358062 	1.226950  	-7.663400 
110.000000	-0.377577 	1.210345  	-7.663400 
111.000000	-0.397093 	1.193739  	-7.663400 
112.000000	-0.416562 	1.176565  	-7.663400 
113.000000	-0.435861 	1.157308  	-7.663400 
114.000000	-0.455161 	1.138050  	-7.663400 
115.000000	-0.474460 	1.118792  	-7.663400 
116.000000	-0.493759 	1.099534  	-7.663400 
117.000000	-0.512761 	1.078368  	-7.663400 
118.000000	-0.531714 	1.056883  	-7.663400 
119.000000	-0.550667 	1.035397  	-7.663400 
120.000000	-0.569620 	1.013912  	-7.663400 
121.000000	-0.588385 	0.991552  	-7.663400 
122.000000	-0.606963 	0.968317  	-7.663400 
123.000000	-0.625541 	0.945082  	-7.663400 
124.000000	-0.644119 	0.921846  	-7.663400 
125.000000	-0.662658 	0.898435  	-7.663400 
126.000000	-0.680963 	0.873968  	-7.663400 
127.000000	-0.699268 	0.849501  	-7.663400 
128.000000	-0.717573 	0.825034  	-7.663400 
129.000000	-0.735878 	0.800566  	-7.663400 
130.000000	-0.754182 	0.775562  	-7.663400 
131.000000	-0.772487 	0.750410  	-7.663400 
132.000000	-0.790791 	0.725259  	-7.663400 
133.000000	-0.809095 	0.700108  	-7.663400 
134.000000	-0.827616 	0.674905  	-7.663400 
135.000000	-0.846426 	0.649634  	-7.663400 
136.000000	-0.865236 	0.624363  	-7.663400 
137.000000	-0.884045 	0.599092  	-7.663400 
138.000000	-0.902951 	0.573853  	-7.663400 
139.000000	-0.923107 	0.549030  	-7.663400 
140.000000	-0.943264 	0.524208  	-7.663400 
141.000000	-0.963420 	0.499386  	-7.663400 
142.000000	-0.983577 	0.474563  	-7.663400 
143.000000	-1.005666 	0.450461  	-7.663400 
144.000000	-1.028528 	0.426647  	-7.663400 
145.000000	-1.051390 	0.402833  	-7.663400 
146.000000	-1.074252 	0.379018  	-7.663400 
147.000000	-1.098873 	0.355756  	-7.663400 
148.000000	-1.126660 	0.333487  	-7.663400 
149.000000	-1.154447 	0.311218  	-7.663400 
150.000000	-1.182233 	0.288949  	-7.663400 
151.000000	-1.210020 	0.266680  	-7.663400 
152.000000	-1.168295 	0.245861  	-7.663400 
153.000000	-1.126570 	0.225041  	-7.663400 
154.000000	-1.084846 	0.205226  	-7.663400 
155.000000	-1.043121 	0.185489  	-7.663400 
156.000000	-1.001396 	0.166765  	-7.663400 
157.000000	-0.959671 	0.148210  	-7.663400 
158.000000	-0.917946 	0.130659  	-7.663400 
159.000000	-0.876221 	0.113381  	-7.663400 
160.000000	-0.834497 	0.097080  	-7.663400 
161.000000	-0.792772 	0.081169  	-7.663400 
162.000000	-0.751047 	0.066189  	-7.663400 
163.000000	-0.709322 	0.051725  	-7.663400 
164.000000	-0.667597 	0.038132  	-7.663400 
165.000000	-0.625872 	0.025190  	-7.663400 
166.000000	-0.584148 	0.014442  	-7.663400 
167.000000	-0.542423 	0.005888  	-7.663400 
168.000000	-0.500698 	0.001000  	-7.663400 
169.000000	-0.458973 	0.001000  	-7.663400 
170.000000	-0.417248 	0.001000  	-7.663400 
171.000000	-0.375523 	0.001000  	-7.663400 
172.000000	-0.333799 	0.001000  	-7.663400 
173.000000	-0.292074 	0.001000  	-7.663400 
174.000000	-0.250349 	0.001000  	-7.663400 
175.000000	-0.208624 	0.001000  	-7.663400 
176.000000	-0.166899 	0.001000  	-7.663400 
177.000000	-0.125174 	0.001000  	-7.663400 
178.000000	-0.083450 	0.001000  	-7.663400 
179.000000	-0.041725 	0.001000  	-7.663400 
180.000000	0.000000  	0.001000  	-7.663400 
! ------------------------------------------------------------------------------
! data for table	9         
! ------------------------------------------------------------------------------
  1.000000  	Re           ! Reynolds number in millions
  0.000000  	UserProp     ! User property (control) setting
Flase           InclUAdata   ! Is unsteady aerodynamics data included in this table? If TRUE, then include UA coefficients below this line. Any missing coefficients will be calculated internally.
! Table of aerodynamics coefficients
  361       	NumAlf       ! Number of data lines in the following table
!Alpha      Cl          Cd          Cm/Cp
!(deg)      (-)         (-)         (-)
-180.000000	0.000000  	0.001000  	-7.711600 
-179.000000	0.041858  	0.001000  	-7.711600 
-178.000000	0.083715  	0.001000  	-7.711600 
-177.000000	0.125573  	0.001000  	-7.711600 
-176.000000	0.167430  	0.001000  	-7.711600 
-175.000000	0.209288  	0.001000  	-7.711600 
-174.000000	0.251146  	0.001000  	-7.711600 
-173.000000	0.293003  	0.001000  	-7.711600 
-172.000000	0.334861  	0.001000  	-7.711600 
-171.000000	0.376718  	0.001000  	-7.711600 
-170.000000	0.418576  	0.001000  	-7.711600 
-169.000000	0.460433  	0.001000  	-7.711600 
-168.000000	0.502291  	0.001000  	-7.711600 
-167.000000	0.544149  	0.005674  	-7.711600 
-166.000000	0.586006  	0.013855  	-7.711600 
-165.000000	0.627864  	0.024417  	-7.711600 
-164.000000	0.669721  	0.037362  	-7.711600 
-163.000000	0.711579  	0.050960  	-7.711600 
-162.000000	0.753437  	0.065428  	-7.711600 
-161.000000	0.795294  	0.080412  	-7.711600 
-160.000000	0.837152  	0.096328  	-7.711600 
-159.000000	0.879009  	0.112634  	-7.711600 
-158.000000	0.920867  	0.129917  	-7.711600 
-157.000000	0.962724  	0.147473  	-7.711600 
-156.000000	1.004582  	0.166034  	-7.711600 
-155.000000	1.046440  	0.184763  	-7.711600 
-154.000000	1.088297  	0.204507  	-7.711600 
-153.000000	1.130155  	0.224328  	-7.711600 
-152.000000	1.172012  	0.245154  	-7.711600 
-151.000000	1.213870  	0.265980  	-7.711600 
-150.000000	1.185910  	0.288256  	-7.711600 
-149.000000	1.157951  	0.310532  	-7.711600 
-148.000000	1.129991  	0.332809  	-7.711600 
-147.000000	1.102031  	0.355085  	-7.711600 
-146.000000	1.077260  	0.378355  	-7.711600 
-145.000000	1.054260  	0.402177  	-7.711600 
-144.000000	1.031260  	0.426000  	-7.711600 
-143.000000	1.008261  	0.449822  	-7.711600 
-142.000000	0.986041  	0.473933  	-7.711600 
-141.000000	0.965772  	0.498764  	-7.711600 
-140.000000	0.945503  	0.523595  	-7.711600 
-139.000000	0.925234  	0.548427  	-7.711600 
-138.000000	0.904966  	0.573258  	-7.711600 
-137.000000	0.885965  	0.598507  	-7.711600 
-136.000000	0.867062  	0.623787  	-7.711600 
-135.000000	0.848159  	0.649068  	-7.711600 
-134.000000	0.829256  	0.674349  	-7.711600 
-133.000000	0.810651  	0.699562  	-7.711600 
-132.000000	0.792268  	0.724724  	-7.711600 
-131.000000	0.773885  	0.749886  	-7.711600 
-130.000000	0.755503  	0.775047  	-7.711600 
-129.000000	0.737123  	0.800063  	-7.711600 
-128.000000	0.718752  	0.824541  	-7.711600 
-127.000000	0.700381  	0.849019  	-7.711600 
-126.000000	0.682010  	0.873498  	-7.711600 
-125.000000	0.663639  	0.897976  	-7.711600 
-124.000000	0.645043  	0.921399  	-7.711600 
-123.000000	0.626410  	0.944646  	-7.711600 
-122.000000	0.607776  	0.967893  	-7.711600 
-121.000000	0.589143  	0.991140  	-7.711600 
-120.000000	0.570326  	1.013512  	-7.711600 
-119.000000	0.551327  	1.035010  	-7.711600 
-118.000000	0.532328  	1.056507  	-7.711600 
-117.000000	0.513329  	1.078004  	-7.711600 
-116.000000	0.494281  	1.099184  	-7.711600 
-115.000000	0.474944  	1.118454  	-7.711600 
-114.000000	0.455607  	1.137725  	-7.711600 
-113.000000	0.436269  	1.156995  	-7.711600 
-112.000000	0.416932  	1.176266  	-7.711600 
-111.000000	0.397431  	1.193453  	-7.711600 
-110.000000	0.377885  	1.210071  	-7.711600 
-109.000000	0.358339  	1.226690  	-7.711600 
-108.000000	0.338793  	1.243309  	-7.711600 
-107.000000	0.319248  	1.258635  	-7.711600 
-106.000000	0.299704  	1.272239  	-7.711600 
-105.000000	0.280160  	1.285842  	-7.711600 
-104.000000	0.260616  	1.299446  	-7.711600 
-103.000000	0.241092  	1.312813  	-7.711600 
-102.000000	0.221823  	1.323109  	-7.711600 
-101.000000	0.202555  	1.333405  	-7.711600 
-100.000000	0.183286  	1.343700  	-7.711600 
-99.000000	0.164018  	1.353996  	-7.711600 
-98.000000	0.145177  	1.361774  	-7.711600 
-97.000000	0.126508  	1.368545  	-7.711600 
-96.000000	0.107839  	1.375316  	-7.711600 
-95.000000	0.089169  	1.382087  	-7.711600 
-94.000000	0.070842  	1.387552  	-7.711600 
-93.000000	0.053132  	1.390664  	-7.711600 
-92.000000	0.035421  	1.393776  	-7.711600 
-91.000000	0.017711  	1.396888  	-7.711600 
-90.000000	0.000000  	1.400000  	-7.711600 
-89.000000	-0.017711 	1.396888  	-7.711600 
-88.000000	-0.035421 	1.393776  	-7.711600 
-87.000000	-0.053132 	1.390664  	-7.711600 
-86.000000	-0.070842 	1.387552  	-7.711600 
-85.000000	-0.089169 	1.382087  	-7.711600 
-84.000000	-0.107839 	1.375316  	-7.711600 
-83.000000	-0.126508 	1.368545  	-7.711600 
-82.000000	-0.145177 	1.361774  	-7.711600 
-81.000000	-0.164018 	1.353996  	-7.711600 
-80.000000	-0.183286 	1.343700  	-7.711600 
-79.000000	-0.202555 	1.333405  	-7.711600 
-78.000000	-0.221823 	1.323109  	-7.711600 
-77.000000	-0.241092 	1.312813  	-7.711600 
-76.000000	-0.260616 	1.299446  	-7.711600 
-75.000000	-0.280160 	1.285842  	-7.711600 
-74.000000	-0.299704 	1.272239  	-7.711600 
-73.000000	-0.319248 	1.258635  	-7.711600 
-72.000000	-0.338793 	1.243309  	-7.711600 
-71.000000	-0.358339 	1.226690  	-7.711600 
-70.000000	-0.377885 	1.210071  	-7.711600 
-69.000000	-0.397431 	1.193453  	-7.711600 
-68.000000	-0.416932 	1.176266  	-7.711600 
-67.000000	-0.436269 	1.156995  	-7.711600 
-66.000000	-0.455607 	1.137725  	-7.711600 
-65.000000	-0.474944 	1.118454  	-7.711600 
-64.000000	-0.494281 	1.099184  	-7.711600 
-63.000000	-0.513329 	1.078004  	-7.711600 
-62.000000	-0.532328 	1.056507  	-7.711600 
-61.000000	-0.551327 	1.035010  	-7.711600 
-60.000000	-0.570326 	1.013512  	-7.711600 
-59.000000	-0.589143 	0.991140  	-7.711600 
-58.000000	-0.607776 	0.967893  	-7.711600 
-57.000000	-0.626410 	0.944646  	-7.711600 
-56.000000	-0.645043 	0.921399  	-7.711600 
-55.000000	-0.663639 	0.897976  	-7.711600 
-54.000000	-0.682010 	0.873498  	-7.711600 
-53.000000	-0.700381 	0.849019  	-7.711600 
-52.000000	-0.718752 	0.824541  	-7.711600 
-51.000000	-0.737123 	0.800063  	-7.711600 
-50.000000	-0.755503 	0.775047  	-7.711600 
-49.000000	-0.773885 	0.749886  	-7.711600 
-48.000000	-0.792268 	0.724724  	-7.711600 
-47.000000	-0.810651 	0.699562  	-7.711600 
-46.000000	-0.829256 	0.674349  	-7.711600 
-45.000000	-0.848159 	0.649068  	-7.711600 
-44.000000	-0.867062 	0.623787  	-7.711600 
-43.000000	-0.885965 	0.598507  	-7.711600 
-42.000000	-0.904966 	0.573258  	-7.711600 
-41.000000	-0.925234 	0.548427  	-7.711600 
-40.000000	-0.945503 	0.523595  	-7.711600 
-39.000000	-0.965772 	0.498764  	-7.711600 
-38.000000	-0.986041 	0.473933  	-7.711600 
-37.000000	-1.008261 	0.449822  	-7.711600 
-36.000000	-1.031260 	0.426000  	-7.711600 
-35.000000	-1.054260 	0.402177  	-7.711600 
-34.000000	-1.077260 	0.378355  	-7.711600 
-33.000000	-1.102031 	0.355085  	-7.711600 
-32.000000	-1.129991 	0.332809  	-7.711600 
-31.000000	-1.157951 	0.310532  	-7.711600 
-30.000000	-1.185910 	0.288256  	-7.711600 
-29.000000	-1.213870 	0.265980  	-7.711600 
-28.000000	-1.179403 	0.252774  	-7.711600 
-27.000000	-1.144936 	0.239568  	-7.711600 
-26.000000	-1.110469 	0.226363  	-7.711600 
-25.000000	-1.076003 	0.213157  	-7.711600 
-24.000000	-1.041536 	0.199951  	-7.711600 
-23.000000	-1.007069 	0.186745  	-7.711600 
-22.000000	-0.972602 	0.173539  	-7.711600 
-21.000000	-0.938135 	0.160334  	-7.711600 
-20.000000	-0.903668 	0.147128  	-7.711600 
-19.000000	-0.869202 	0.133922  	-7.711600 
-18.000000	-0.834735 	0.120716  	-7.711600 
-17.000000	-0.800268 	0.107511  	-7.711600 
-16.000000	-0.765801 	0.094305  	-7.711600 
-15.000000	-0.731334 	0.081099  	-7.711600 
-14.000000	-0.696867 	0.067893  	-7.711600 
-13.000000	-0.662401 	0.054687  	-7.711600 
-12.000000	-0.627934 	0.041482  	-6.173626 
-11.000000	-0.593467 	0.028276  	-4.020463 
-10.000000	-0.559000 	0.015070  	-1.867300 
-9.000000 	-0.403500 	0.013920  	-1.721400 
-8.000000 	-0.253400 	0.013210  	-1.584400 
-7.000000 	-0.102500 	0.012580  	-1.454400 
-6.000000 	0.047700  	0.012090  	-1.327700 
-5.000000 	0.193700  	0.011750  	-1.208500 
-4.000000 	0.339100  	0.011560  	-1.093400 
-3.000000 	0.476600  	0.011470  	-1.079300 
-2.000000 	0.611900  	0.011470  	-1.173300 
-1.000000 	0.744100  	0.011600  	-1.269400 
0.000000  	0.873000  	0.011810  	-1.369800 
1.000000  	0.999300  	0.011980  	-1.477300 
2.000000  	1.122000  	0.012230  	-1.599400 
3.000000  	1.241700  	0.012580  	-1.746800 
4.000000  	1.356800  	0.013040  	-1.923900 
5.000000  	1.467100  	0.013620  	-2.129900 
6.000000  	1.569300  	0.014450  	-2.364400 
7.000000  	1.655600  	0.015680  	-2.620600 
8.000000  	1.716200  	0.017890  	-2.870400 
9.000000  	1.758100  	0.021260  	-3.157900 
10.000000 	1.778600  	0.026360  	-3.418600 
11.000000 	1.789400  	0.034130  	-3.675600 
12.000000 	1.795000  	0.043860  	-3.917700 
13.000000 	1.787500  	0.055560  	-4.141300 
14.000000 	1.780500  	0.067780  	-4.371700 
15.000000 	1.769900  	0.080820  	-4.590700 
16.000000 	1.761100  	0.093980  	-4.827800 
17.000000 	1.756700  	0.106770  	-5.080100 
18.000000 	1.754400  	0.119530  	-5.349500 
19.000000 	1.750800  	0.132610  	-5.593000 
20.000000 	1.754400  	0.144840  	-5.867100 
21.000000 	1.756300  	0.157440  	-6.141000 
22.000000 	1.754000  	0.170740  	-6.384400 
23.000000 	1.752000  	0.184150  	-6.638700 
24.000000 	1.748600  	0.197940  	-6.848900 
25.000000 	1.739700  	0.212690  	-7.025600 
26.000000 	1.738800  	0.225940  	-7.220800 
27.000000 	1.734300  	0.239950  	-7.389900 
28.000000 	1.733300  	0.253230  	-7.571600 
29.000000 	1.734100  	0.265980  	-7.711600 
30.000000 	1.694158  	0.288256  	-7.711600 
31.000000 	1.654215  	0.310532  	-7.711600 
32.000000 	1.614273  	0.332809  	-7.711600 
33.000000 	1.574330  	0.355085  	-7.711600 
34.000000 	1.538943  	0.378355  	-7.711600 
35.000000 	1.506086  	0.402177  	-7.711600 
36.000000 	1.473229  	0.426000  	-7.711600 
37.000000 	1.440372  	0.449822  	-7.711600 
38.000000 	1.408630  	0.473933  	-7.711600 
39.000000 	1.379674  	0.498764  	-7.711600 
40.000000 	1.350719  	0.523595  	-7.711600 
41.000000 	1.321763  	0.548427  	-7.711600 
42.000000 	1.292808  	0.573258  	-7.711600 
43.000000 	1.265664  	0.598507  	-7.711600 
44.000000 	1.238660  	0.623787  	-7.711600 
45.000000 	1.211656  	0.649068  	-7.711600 
46.000000 	1.184652  	0.674349  	-7.711600 
47.000000 	1.158072  	0.699562  	-7.711600 
48.000000 	1.131811  	0.724724  	-7.711600 
49.000000 	1.105551  	0.749886  	-7.711600 
50.000000 	1.079290  	0.775047  	-7.711600 
51.000000 	1.053032  	0.800063  	-7.711600 
52.000000 	1.026788  	0.824541  	-7.711600 
53.000000 	1.000544  	0.849019  	-7.711600 
54.000000 	0.974300  	0.873498  	-7.711600 
55.000000 	0.948056  	0.897976  	-7.711600 
56.000000 	0.921490  	0.921399  	-7.711600 
57.000000 	0.894871  	0.944646  	-7.711600 
58.000000 	0.868252  	0.967893  	-7.711600 
59.000000 	0.841632  	0.991140  	-7.711600 
60.000000 	0.814752  	1.013512  	-7.711600 
61.000000 	0.787610  	1.035010  	-7.711600 
62.000000 	0.760469  	1.056507  	-7.711600 
63.000000 	0.733327  	1.078004  	-7.711600 
64.000000 	0.706116  	1.099184  	-7.711600 
65.000000 	0.678492  	1.118454  	-7.711600 
66.000000 	0.650867  	1.137725  	-7.711600 
67.000000 	0.623242  	1.156995  	-7.711600 
68.000000 	0.595617  	1.176266  	-7.711600 
69.000000 	0.567759  	1.193453  	-7.711600 
70.000000 	0.539836  	1.210071  	-7.711600 
71.000000 	0.511913  	1.226690  	-7.711600 
72.000000 	0.483991  	1.243309  	-7.711600 
73.000000 	0.456069  	1.258635  	-7.711600 
74.000000 	0.428149  	1.272239  	-7.711600 
75.000000 	0.400229  	1.285842  	-7.711600 
76.000000 	0.372308  	1.299446  	-7.711600 
77.000000 	0.344416  	1.312813  	-7.711600 
78.000000 	0.316890  	1.323109  	-7.711600 
79.000000 	0.289364  	1.333405  	-7.711600 
80.000000 	0.261838  	1.343700  	-7.711600 
81.000000 	0.234311  	1.353996  	-7.711600 
82.000000 	0.207396  	1.361774  	-7.711600 
83.000000 	0.180726  	1.368545  	-7.711600 
84.000000 	0.154055  	1.375316  	-7.711600 
85.000000 	0.127384  	1.382087  	-7.711600 
86.000000 	0.101203  	1.387552  	-7.711600 
87.000000 	0.075902  	1.390664  	-7.711600 
88.000000 	0.050602  	1.393776  	-7.711600 
89.000000 	0.025301  	1.396888  	-7.711600 
90.000000 	0.000000  	1.400000  	-7.711600 
91.000000 	-0.017711 	1.396888  	-7.711600 
92.000000 	-0.035421 	1.393776  	-7.711600 
93.000000 	-0.053132 	1.390664  	-7.711600 
94.000000 	-0.070842 	1.387552  	-7.711600 
95.000000 	-0.089169 	1.382087  	-7.711600 
96.000000 	-0.107839 	1.375316  	-7.711600 
97.000000 	-0.126508 	1.368545  	-7.711600 
98.000000 	-0.145177 	1.361774  	-7.711600 
99.000000 	-0.164018 	1.353996  	-7.711600 
100.000000	-0.183286 	1.343700  	-7.711600 
101.000000	-0.202555 	1.333405  	-7.711600 
102.000000	-0.221823 	1.323109  	-7.711600 
103.000000	-0.241092 	1.312813  	-7.711600 
104.000000	-0.260616 	1.299446  	-7.711600 
105.000000	-0.280160 	1.285842  	-7.711600 
106.000000	-0.299704 	1.272239  	-7.711600 
107.000000	-0.319248 	1.258635  	-7.711600 
108.000000	-0.338793 	1.243309  	-7.711600 
109.000000	-0.358339 	1.226690  	-7.711600 
110.000000	-0.377885 	1.210071  	-7.711600 
111.000000	-0.397431 	1.193453  	-7.711600 
112.000000	-0.416932 	1.176266  	-7.711600 
113.000000	-0.436269 	1.156995  	-7.711600 
114.000000	-0.455607 	1.137725  	-7.711600 
115.000000	-0.474944 	1.118454  	-7.711600 
116.000000	-0.494281 	1.099184  	-7.711600 
117.000000	-0.513329 	1.078004  	-7.711600 
118.000000	-0.532328 	1.056507  	-7.711600 
119.000000	-0.551327 	1.035010  	-7.711600 
120.000000	-0.570326 	1.013512  	-7.711600 
121.000000	-0.589143 	0.991140  	-7.711600 
122.000000	-0.607776 	0.967893  	-7.711600 
123.000000	-0.626410 	0.944646  	-7.711600 
124.000000	-0.645043 	0.921399  	-7.711600 
125.000000	-0.663639 	0.897976  	-7.711600 
126.000000	-0.682010 	0.873498  	-7.711600 
127.000000	-0.700381 	0.849019  	-7.711600 
128.000000	-0.718752 	0.824541  	-7.711600 
129.000000	-0.737123 	0.800063  	-7.711600 
130.000000	-0.755503 	0.775047  	-7.711600 
131.000000	-0.773885 	0.749886  	-7.711600 
132.000000	-0.792268 	0.724724  	-7.711600 
133.000000	-0.810651 	0.699562  	-7.711600 
134.000000	-0.829256 	0.674349  	-7.711600 
135.000000	-0.848159 	0.649068  	-7.711600 
136.000000	-0.867062 	0.623787  	-7.711600 
137.000000	-0.885965 	0.598507  	-7.711600 
138.000000	-0.904966 	0.573258  	-7.711600 
139.000000	-0.925234 	0.548427  	-7.711600 
140.000000	-0.945503 	0.523595  	-7.711600 
141.000000	-0.965772 	0.498764  	-7.711600 
142.000000	-0.986041 	0.473933  	-7.711600 
143.000000	-1.008261 	0.449822  	-7.711600 
144.000000	-1.031260 	0.426000  	-7.711600 
145.000000	-1.054260 	0.402177  	-7.711600 
146.000000	-1.077260 	0.378355  	-7.711600 
147.000000	-1.102031 	0.355085  	-7.711600 
148.000000	-1.129991 	0.332809  	-7.711600 
149.000000	-1.157951 	0.310532  	-7.711600 
150.000000	-1.185910 	0.288256  	-7.711600 
151.000000	-1.213870 	0.265980  	-7.711600 
152.000000	-1.172012 	0.245154  	-7.711600 
153.000000	-1.130155 	0.224328  	-7.711600 
154.000000	-1.088297 	0.204507  	-7.711600 
155.000000	-1.046440 	0.184763  	-7.711600 
156.000000	-1.004582 	0.166034  	-7.711600 
157.000000	-0.962724 	0.147473  	-7.711600 
158.000000	-0.920867 	0.129917  	-7.711600 
159.000000	-0.879009 	0.112634  	-7.711600 
160.000000	-0.837152 	0.096328  	-7.711600 
161.000000	-0.795294 	0.080412  	-7.711600 
162.000000	-0.753437 	0.065428  	-7.711600 
163.000000	-0.711579 	0.050960  	-7.711600 
164.000000	-0.669721 	0.037362  	-7.711600 
165.000000	-0.627864 	0.024417  	-7.711600 
166.000000	-0.586006 	0.013855  	-7.711600 
167.000000	-0.544149 	0.005674  	-7.711600 
168.000000	-0.502291 	0.001000  	-7.711600 
169.000000	-0.460433 	0.001000  	-7.711600 
170.000000	-0.418576 	0.001000  	-7.711600 
171.000000	-0.376718 	0.001000  	-7.711600 
172.000000	-0.334861 	0.001000  	-7.711600 
173.000000	-0.293003 	0.001000  	-7.711600 
174.000000	-0.251146 	0.001000  	-7.711600 
175.000000	-0.209288 	0.001000  	-7.711600 
176.000000	-0.167430 	0.001000  	-7.711600 
177.000000	-0.125573 	0.001000  	-7.711600 
178.000000	-0.083715 	0.001000  	-7.711600 
179.000000	-0.041858 	0.001000  	-7.711600 
180.000000	0.000000  	0.001000  	-7.711600 
! ------------------------------------------------------------------------------
! data for table	10        
! ------------------------------------------------------------------------------
  1.100000  	Re           ! Reynolds number in millions
  0.000000  	UserProp     ! User property (control) setting
Flase           InclUAdata   ! Is unsteady aerodynamics data included in this table? If TRUE, then include UA coefficients below this line. Any missing coefficients will be calculated internally.
! Table of aerodynamics coefficients
  361       	NumAlf       ! Number of data lines in the following table
!Alpha      Cl          Cd          Cm/Cp
!(deg)      (-)         (-)         (-)
-180.000000	0.000000  	0.001000  	-7.765700 
-179.000000	0.042007  	0.001000  	-7.765700 
-178.000000	0.084014  	0.001000  	-7.765700 
-177.000000	0.126022  	0.001000  	-7.765700 
-176.000000	0.168029  	0.001000  	-7.765700 
-175.000000	0.210036  	0.001000  	-7.765700 
-174.000000	0.252043  	0.001000  	-7.765700 
-173.000000	0.294051  	0.001000  	-7.765700 
-172.000000	0.336058  	0.001000  	-7.765700 
-171.000000	0.378065  	0.001000  	-7.765700 
-170.000000	0.420072  	0.001000  	-7.765700 
-169.000000	0.462080  	0.001000  	-7.765700 
-168.000000	0.504087  	0.001000  	-7.765700 
-167.000000	0.546094  	0.005369  	-7.765700 
-166.000000	0.588101  	0.013015  	-7.765700 
-165.000000	0.630109  	0.023313  	-7.765700 
-164.000000	0.672116  	0.036263  	-7.765700 
-163.000000	0.714123  	0.049867  	-7.765700 
-162.000000	0.756130  	0.064340  	-7.765700 
-161.000000	0.798138  	0.079331  	-7.765700 
-160.000000	0.840145  	0.095254  	-7.765700 
-159.000000	0.882152  	0.111567  	-7.765700 
-158.000000	0.924159  	0.128857  	-7.765700 
-157.000000	0.966167  	0.146421  	-7.765700 
-156.000000	1.008174  	0.164989  	-7.765700 
-155.000000	1.050181  	0.183727  	-7.765700 
-154.000000	1.092188  	0.203480  	-7.765700 
-153.000000	1.134196  	0.223309  	-7.765700 
-152.000000	1.176203  	0.244145  	-7.765700 
-151.000000	1.218210  	0.264980  	-7.765700 
-150.000000	1.190055  	0.287267  	-7.765700 
-149.000000	1.161900  	0.309553  	-7.765700 
-148.000000	1.133745  	0.331840  	-7.765700 
-147.000000	1.105591  	0.354126  	-7.765700 
-146.000000	1.080650  	0.377407  	-7.765700 
-145.000000	1.057495  	0.401241  	-7.765700 
-144.000000	1.034340  	0.425075  	-7.765700 
-143.000000	1.011185  	0.448909  	-7.765700 
-142.000000	0.988819  	0.473032  	-7.765700 
-141.000000	0.968423  	0.497876  	-7.765700 
-140.000000	0.948028  	0.522720  	-7.765700 
-139.000000	0.927632  	0.547564  	-7.765700 
-138.000000	0.907237  	0.572408  	-7.765700 
-137.000000	0.888129  	0.597671  	-7.765700 
-136.000000	0.869121  	0.622966  	-7.765700 
-135.000000	0.850113  	0.648260  	-7.765700 
-134.000000	0.831105  	0.673555  	-7.765700 
-133.000000	0.812404  	0.698782  	-7.765700 
-132.000000	0.793933  	0.723959  	-7.765700 
-131.000000	0.775462  	0.749136  	-7.765700 
-130.000000	0.756991  	0.774313  	-7.765700 
-129.000000	0.738526  	0.799343  	-7.765700 
-128.000000	0.720080  	0.823838  	-7.765700 
-127.000000	0.701635  	0.848332  	-7.765700 
-126.000000	0.683190  	0.872826  	-7.765700 
-125.000000	0.664745  	0.897320  	-7.765700 
-124.000000	0.646084  	0.920760  	-7.765700 
-123.000000	0.627388  	0.944024  	-7.765700 
-122.000000	0.608692  	0.967288  	-7.765700 
-121.000000	0.589996  	0.990551  	-7.765700 
-120.000000	0.571123  	1.012941  	-7.765700 
-119.000000	0.552071  	1.034456  	-7.765700 
-118.000000	0.533020  	1.055971  	-7.765700 
-117.000000	0.513968  	1.077486  	-7.765700 
-116.000000	0.494870  	1.098682  	-7.765700 
-115.000000	0.475490  	1.117971  	-7.765700 
-114.000000	0.456110  	1.137260  	-7.765700 
-113.000000	0.436730  	1.156549  	-7.765700 
-112.000000	0.417349  	1.175837  	-7.765700 
-111.000000	0.397812  	1.193043  	-7.765700 
-110.000000	0.378232  	1.209680  	-7.765700 
-109.000000	0.358652  	1.226318  	-7.765700 
-108.000000	0.339072  	1.242955  	-7.765700 
-107.000000	0.319496  	1.258301  	-7.765700 
-106.000000	0.299925  	1.271924  	-7.765700 
-105.000000	0.280355  	1.285547  	-7.765700 
-104.000000	0.260785  	1.299170  	-7.765700 
-103.000000	0.241235  	1.312556  	-7.765700 
-102.000000	0.221948  	1.322871  	-7.765700 
-101.000000	0.202661  	1.333187  	-7.765700 
-100.000000	0.183374  	1.343502  	-7.765700 
-99.000000	0.164087  	1.353817  	-7.765700 
-98.000000	0.145233  	1.361615  	-7.765700 
-97.000000	0.126553  	1.368406  	-7.765700 
-96.000000	0.107873  	1.375197  	-7.765700 
-95.000000	0.089192  	1.381988  	-7.765700 
-94.000000	0.070857  	1.387472  	-7.765700 
-93.000000	0.053143  	1.390604  	-7.765700 
-92.000000	0.035428  	1.393736  	-7.765700 
-91.000000	0.017714  	1.396868  	-7.765700 
-90.000000	0.000000  	1.400000  	-7.765700 
-89.000000	-0.017714 	1.396868  	-7.765700 
-88.000000	-0.035428 	1.393736  	-7.765700 
-87.000000	-0.053143 	1.390604  	-7.765700 
-86.000000	-0.070857 	1.387472  	-7.765700 
-85.000000	-0.089192 	1.381988  	-7.765700 
-84.000000	-0.107873 	1.375197  	-7.765700 
-83.000000	-0.126553 	1.368406  	-7.765700 
-82.000000	-0.145233 	1.361615  	-7.765700 
-81.000000	-0.164087 	1.353817  	-7.765700 
-80.000000	-0.183374 	1.343502  	-7.765700 
-79.000000	-0.202661 	1.333187  	-7.765700 
-78.000000	-0.221948 	1.322871  	-7.765700 
-77.000000	-0.241235 	1.312556  	-7.765700 
-76.000000	-0.260785 	1.299170  	-7.765700 
-75.000000	-0.280355 	1.285547  	-7.765700 
-74.000000	-0.299925 	1.271924  	-7.765700 
-73.000000	-0.319496 	1.258301  	-7.765700 
-72.000000	-0.339072 	1.242955  	-7.765700 
-71.000000	-0.358652 	1.226318  	-7.765700 
-70.000000	-0.378232 	1.209680  	-7.765700 
-69.000000	-0.397812 	1.193043  	-7.765700 
-68.000000	-0.417349 	1.175837  	-7.765700 
-67.000000	-0.436730 	1.156549  	-7.765700 
-66.000000	-0.456110 	1.137260  	-7.765700 
-65.000000	-0.475490 	1.117971  	-7.765700 
-64.000000	-0.494870 	1.098682  	-7.765700 
-63.000000	-0.513968 	1.077486  	-7.765700 
-62.000000	-0.533020 	1.055971  	-7.765700 
-61.000000	-0.552071 	1.034456  	-7.765700 
-60.000000	-0.571123 	1.012941  	-7.765700 
-59.000000	-0.589996 	0.990551  	-7.765700 
-58.000000	-0.608692 	0.967288  	-7.765700 
-57.000000	-0.627388 	0.944024  	-7.765700 
-56.000000	-0.646084 	0.920760  	-7.765700 
-55.000000	-0.664745 	0.897320  	-7.765700 
-54.000000	-0.683190 	0.872826  	-7.765700 
-53.000000	-0.701635 	0.848332  	-7.765700 
-52.000000	-0.720080 	0.823838  	-7.765700 
-51.000000	-0.738526 	0.799343  	-7.765700 
-50.000000	-0.756991 	0.774313  	-7.765700 
-49.000000	-0.775462 	0.749136  	-7.765700 
-48.000000	-0.793933 	0.723959  	-7.765700 
-47.000000	-0.812404 	0.698782  	-7.765700 
-46.000000	-0.831105 	0.673555  	-7.765700 
-45.000000	-0.850113 	0.648260  	-7.765700 
-44.000000	-0.869121 	0.622966  	-7.765700 
-43.000000	-0.888129 	0.597671  	-7.765700 
-42.000000	-0.907237 	0.572408  	-7.765700 
-41.000000	-0.927632 	0.547564  	-7.765700 
-40.000000	-0.948028 	0.522720  	-7.765700 
-39.000000	-0.968423 	0.497876  	-7.765700 
-38.000000	-0.988819 	0.473032  	-7.765700 
-37.000000	-1.011185 	0.448909  	-7.765700 
-36.000000	-1.034340 	0.425075  	-7.765700 
-35.000000	-1.057495 	0.401241  	-7.765700 
-34.000000	-1.080650 	0.377407  	-7.765700 
-33.000000	-1.105591 	0.354126  	-7.765700 
-32.000000	-1.133745 	0.331840  	-7.765700 
-31.000000	-1.161900 	0.309553  	-7.765700 
-30.000000	-1.190055 	0.287267  	-7.765700 
-29.000000	-1.218210 	0.264980  	-7.765700 
-28.000000	-1.183509 	0.251817  	-7.765700 
-27.000000	-1.148809 	0.238654  	-7.765700 
-26.000000	-1.114108 	0.225491  	-7.765700 
-25.000000	-1.079408 	0.212327  	-7.765700 
-24.000000	-1.044707 	0.199164  	-7.765700 
-23.000000	-1.010007 	0.186001  	-7.765700 
-22.000000	-0.975306 	0.172838  	-7.765700 
-21.000000	-0.940606 	0.159675  	-7.765700 
-20.000000	-0.905905 	0.146512  	-7.765700 
-19.000000	-0.871205 	0.133348  	-7.765700 
-18.000000	-0.836504 	0.120185  	-7.765700 
-17.000000	-0.801804 	0.107022  	-7.765700 
-16.000000	-0.767103 	0.093859  	-7.765700 
-15.000000	-0.732403 	0.080696  	-7.765700 
-14.000000	-0.697702 	0.067533  	-7.765700 
-13.000000	-0.663002 	0.054369  	-7.765700 
-12.000000	-0.628301 	0.041206  	-6.213858 
-11.000000	-0.593601 	0.028043  	-4.041279 
-10.000000	-0.558900 	0.014880  	-1.868700 
-9.000000 	-0.403900 	0.013760  	-1.722700 
-8.000000 	-0.252500 	0.013010  	-1.585200 
-7.000000 	-0.098900 	0.012330  	-1.453400 
-6.000000 	0.048700  	0.011870  	-1.328200 
-5.000000 	0.195500  	0.011500  	-1.208600 
-4.000000 	0.340200  	0.011260  	-1.093800 
-3.000000 	0.479600  	0.011190  	-1.081300 
-2.000000 	0.614600  	0.011200  	-1.175300 
-1.000000 	0.747200  	0.011260  	-1.271700 
0.000000  	0.876100  	0.011450  	-1.372100 
1.000000  	1.001900  	0.011710  	-1.479300 
2.000000  	1.124900  	0.011950  	-1.601700 
3.000000  	1.244600  	0.012310  	-1.749400 
4.000000  	1.360800  	0.012750  	-1.927600 
5.000000  	1.473200  	0.013280  	-2.136600 
6.000000  	1.576000  	0.014110  	-2.372800 
7.000000  	1.660400  	0.015480  	-2.627100 
8.000000  	1.721100  	0.017680  	-2.877600 
9.000000  	1.761200  	0.021120  	-3.164200 
10.000000 	1.783700  	0.026070  	-3.429100 
11.000000 	1.798800  	0.033420  	-3.696400 
12.000000 	1.806700  	0.042880  	-3.944600 
13.000000 	1.803800  	0.054020  	-4.181900 
14.000000 	1.793100  	0.066610  	-4.404400 
15.000000 	1.783600  	0.079440  	-4.629100 
16.000000 	1.775000  	0.092480  	-4.870200 
17.000000 	1.770100  	0.105330  	-5.123200 
18.000000 	1.765400  	0.118320  	-5.388500 
19.000000 	1.767300  	0.130580  	-5.654700 
20.000000 	1.767600  	0.143210  	-5.920900 
21.000000 	1.767100  	0.156080  	-6.188400 
22.000000 	1.764450  	0.169450  	-6.438950 
23.000000 	1.761800  	0.182820  	-6.689500 
24.000000 	1.760200  	0.196180  	-6.914400 
25.000000 	1.754400  	0.210340  	-7.114200 
26.000000 	1.745100  	0.225070  	-7.264800 
27.000000 	1.744700  	0.238220  	-7.466100 
28.000000 	1.738200  	0.252500  	-7.612000 
29.000000 	1.740300  	0.264980  	-7.765700 
30.000000 	1.700079  	0.287267  	-7.765700 
31.000000 	1.659858  	0.309553  	-7.765700 
32.000000 	1.619636  	0.331840  	-7.765700 
33.000000 	1.579415  	0.354126  	-7.765700 
34.000000 	1.543786  	0.377407  	-7.765700 
35.000000 	1.510707  	0.401241  	-7.765700 
36.000000 	1.477629  	0.425075  	-7.765700 
37.000000 	1.444550  	0.448909  	-7.765700 
38.000000 	1.412598  	0.473032  	-7.765700 
39.000000 	1.383462  	0.497876  	-7.765700 
40.000000 	1.354325  	0.522720  	-7.765700 
41.000000 	1.325189  	0.547564  	-7.765700 
42.000000 	1.296052  	0.572408  	-7.765700 
43.000000 	1.268756  	0.597671  	-7.765700 
44.000000 	1.241602  	0.622966  	-7.765700 
45.000000 	1.214447  	0.648260  	-7.765700 
46.000000 	1.187293  	0.673555  	-7.765700 
47.000000 	1.160577  	0.698782  	-7.765700 
48.000000 	1.134190  	0.723959  	-7.765700 
49.000000 	1.107803  	0.749136  	-7.765700 
50.000000 	1.081416  	0.774313  	-7.765700 
51.000000 	1.055037  	0.799343  	-7.765700 
52.000000 	1.028686  	0.823838  	-7.765700 
53.000000 	1.002336  	0.848332  	-7.765700 
54.000000 	0.975986  	0.872826  	-7.765700 
55.000000 	0.949635  	0.897320  	-7.765700 
56.000000 	0.922978  	0.920760  	-7.765700 
57.000000 	0.896269  	0.944024  	-7.765700 
58.000000 	0.869560  	0.967288  	-7.765700 
59.000000 	0.842852  	0.990551  	-7.765700 
60.000000 	0.815889  	1.012941  	-7.765700 
61.000000 	0.788673  	1.034456  	-7.765700 
62.000000 	0.761457  	1.055971  	-7.765700 
63.000000 	0.734241  	1.077486  	-7.765700 
64.000000 	0.706957  	1.098682  	-7.765700 
65.000000 	0.679271  	1.117971  	-7.765700 
66.000000 	0.651585  	1.137260  	-7.765700 
67.000000 	0.623899  	1.156549  	-7.765700 
68.000000 	0.596213  	1.175837  	-7.765700 
69.000000 	0.568303  	1.193043  	-7.765700 
70.000000 	0.540331  	1.209680  	-7.765700 
71.000000 	0.512360  	1.226318  	-7.765700 
72.000000 	0.484388  	1.242955  	-7.765700 
73.000000 	0.456422  	1.258301  	-7.765700 
74.000000 	0.428465  	1.271924  	-7.765700 
75.000000 	0.400507  	1.285547  	-7.765700 
76.000000 	0.372550  	1.299170  	-7.765700 
77.000000 	0.344621  	1.312556  	-7.765700 
78.000000 	0.317068  	1.322871  	-7.765700 
79.000000 	0.289516  	1.333187  	-7.765700 
80.000000 	0.261963  	1.343502  	-7.765700 
81.000000 	0.234410  	1.353817  	-7.765700 
82.000000 	0.207476  	1.361615  	-7.765700 
83.000000 	0.180790  	1.368406  	-7.765700 
84.000000 	0.154104  	1.375197  	-7.765700 
85.000000 	0.127417  	1.381988  	-7.765700 
86.000000 	0.101224  	1.387472  	-7.765700 
87.000000 	0.075918  	1.390604  	-7.765700 
88.000000 	0.050612  	1.393736  	-7.765700 
89.000000 	0.025306  	1.396868  	-7.765700 
90.000000 	0.000000  	1.400000  	-7.765700 
91.000000 	-0.017714 	1.396868  	-7.765700 
92.000000 	-0.035428 	1.393736  	-7.765700 
93.000000 	-0.053143 	1.390604  	-7.765700 
94.000000 	-0.070857 	1.387472  	-7.765700 
95.000000 	-0.089192 	1.381988  	-7.765700 
96.000000 	-0.107873 	1.375197  	-7.765700 
97.000000 	-0.126553 	1.368406  	-7.765700 
98.000000 	-0.145233 	1.361615  	-7.765700 
99.000000 	-0.164087 	1.353817  	-7.765700 
100.000000	-0.183374 	1.343502  	-7.765700 
101.000000	-0.202661 	1.333187  	-7.765700 
102.000000	-0.221948 	1.322871  	-7.765700 
103.000000	-0.241235 	1.312556  	-7.765700 
104.000000	-0.260785 	1.299170  	-7.765700 
105.000000	-0.280355 	1.285547  	-7.765700 
106.000000	-0.299925 	1.271924  	-7.765700 
107.000000	-0.319496 	1.258301  	-7.765700 
108.000000	-0.339072 	1.242955  	-7.765700 
109.000000	-0.358652 	1.226318  	-7.765700 
110.000000	-0.378232 	1.209680  	-7.765700 
111.000000	-0.397812 	1.193043  	-7.765700 
112.000000	-0.417349 	1.175837  	-7.765700 
113.000000	-0.436730 	1.156549  	-7.765700 
114.000000	-0.456110 	1.137260  	-7.765700 
115.000000	-0.475490 	1.117971  	-7.765700 
116.000000	-0.494870 	1.098682  	-7.765700 
117.000000	-0.513968 	1.077486  	-7.765700 
118.000000	-0.533020 	1.055971  	-7.765700 
119.000000	-0.552071 	1.034456  	-7.765700 
120.000000	-0.571123 	1.012941  	-7.765700 
121.000000	-0.589996 	0.990551  	-7.765700 
122.000000	-0.608692 	0.967288  	-7.765700 
123.000000	-0.627388 	0.944024  	-7.765700 
124.000000	-0.646084 	0.920760  	-7.765700 
125.000000	-0.664745 	0.897320  	-7.765700 
126.000000	-0.683190 	0.872826  	-7.765700 
127.000000	-0.701635 	0.848332  	-7.765700 
128.000000	-0.720080 	0.823838  	-7.765700 
129.000000	-0.738526 	0.799343  	-7.765700 
130.000000	-0.756991 	0.774313  	-7.765700 
131.000000	-0.775462 	0.749136  	-7.765700 
132.000000	-0.793933 	0.723959  	-7.765700 
133.000000	-0.812404 	0.698782  	-7.765700 
134.000000	-0.831105 	0.673555  	-7.765700 
135.000000	-0.850113 	0.648260  	-7.765700 
136.000000	-0.869121 	0.622966  	-7.765700 
137.000000	-0.888129 	0.597671  	-7.765700 
138.000000	-0.907237 	0.572408  	-7.765700 
139.000000	-0.927632 	0.547564  	-7.765700 
140.000000	-0.948028 	0.522720  	-7.765700 
141.000000	-0.968423 	0.497876  	-7.765700 
142.000000	-0.988819 	0.473032  	-7.765700 
143.000000	-1.011185 	0.448909  	-7.765700 
144.000000	-1.034340 	0.425075  	-7.765700 
145.000000	-1.057495 	0.401241  	-7.765700 
146.000000	-1.080650 	0.377407  	-7.765700 
147.000000	-1.105591 	0.354126  	-7.765700 
148.000000	-1.133745 	0.331840  	-7.765700 
149.000000	-1.161900 	0.309553  	-7.765700 
150.000000	-1.190055 	0.287267  	-7.765700 
151.000000	-1.218210 	0.264980  	-7.765700 
152.000000	-1.176203 	0.244145  	-7.765700 
153.000000	-1.134196 	0.223309  	-7.765700 
154.000000	-1.092188 	0.203480  	-7.765700 
155.000000	-1.050181 	0.183727  	-7.765700 
156.000000	-1.008174 	0.164989  	-7.765700 
157.000000	-0.966167 	0.146421  	-7.765700 
158.000000	-0.924159 	0.128857  	-7.765700 
159.000000	-0.882152 	0.111567  	-7.765700 
160.000000	-0.840145 	0.095254  	-7.765700 
161.000000	-0.798138 	0.079331  	-7.765700 
162.000000	-0.756130 	0.064340  	-7.765700 
163.000000	-0.714123 	0.049867  	-7.765700 
164.000000	-0.672116 	0.036263  	-7.765700 
165.000000	-0.630109 	0.023313  	-7.765700 
166.000000	-0.588101 	0.013015  	-7.765700 
167.000000	-0.546094 	0.005369  	-7.765700 
168.000000	-0.504087 	0.001000  	-7.765700 
169.000000	-0.462080 	0.001000  	-7.765700 
170.000000	-0.420072 	0.001000  	-7.765700 
171.000000	-0.378065 	0.001000  	-7.765700 
172.000000	-0.336058 	0.001000  	-7.765700 
173.000000	-0.294051 	0.001000  	-7.765700 
174.000000	-0.252043 	0.001000  	-7.765700 
175.000000	-0.210036 	0.001000  	-7.765700 
176.000000	-0.168029 	0.001000  	-7.765700 
177.000000	-0.126022 	0.001000  	-7.765700 
178.000000	-0.084014 	0.001000  	-7.765700 
179.000000	-0.042007 	0.001000  	-7.765700 
180.000000	0.000000  	0.001000  	-7.765700 
! ------------------------------------------------------------------------------
! data for table	11        
! ------------------------------------------------------------------------------
  1.200000  	Re           ! Reynolds number in millions
  0.000000  	UserProp     ! User property (control) setting
Flase           InclUAdata   ! Is unsteady aerodynamics data included in this table? If TRUE, then include UA coefficients below this line. Any missing coefficients will be calculated internally.
! Table of aerodynamics coefficients
  361       	NumAlf       ! Number of data lines in the following table
!Alpha      Cl          Cd          Cm/Cp
!(deg)      (-)         (-)         (-)
-180.000000	0.000000  	0.001000  	-7.853600 
-179.000000	0.042215  	0.001000  	-7.853600 
-178.000000	0.084430  	0.001000  	-7.853600 
-177.000000	0.126644  	0.001000  	-7.853600 
-176.000000	0.168859  	0.001000  	-7.853600 
-175.000000	0.211074  	0.001000  	-7.853600 
-174.000000	0.253289  	0.001000  	-7.853600 
-173.000000	0.295504  	0.001000  	-7.853600 
-172.000000	0.337719  	0.001000  	-7.853600 
-171.000000	0.379933  	0.001000  	-7.853600 
-170.000000	0.422148  	0.001000  	-7.853600 
-169.000000	0.464363  	0.001000  	-7.853600 
-168.000000	0.506578  	0.001000  	-7.853600 
-167.000000	0.548793  	0.004490  	-7.853600 
-166.000000	0.591008  	0.010596  	-7.853600 
-165.000000	0.633222  	0.020133  	-7.853600 
-164.000000	0.675437  	0.033099  	-7.853600 
-163.000000	0.717652  	0.046718  	-7.853600 
-162.000000	0.759867  	0.061209  	-7.853600 
-161.000000	0.802082  	0.076218  	-7.853600 
-160.000000	0.844297  	0.092160  	-7.853600 
-159.000000	0.886511  	0.108493  	-7.853600 
-158.000000	0.928726  	0.125804  	-7.853600 
-157.000000	0.970941  	0.143390  	-7.853600 
-156.000000	1.013156  	0.161982  	-7.853600 
-155.000000	1.055371  	0.180743  	-7.853600 
-154.000000	1.097586  	0.200520  	-7.853600 
-153.000000	1.139800  	0.220375  	-7.853600 
-152.000000	1.182015  	0.241238  	-7.853600 
-151.000000	1.224230  	0.262100  	-7.853600 
-150.000000	1.195805  	0.284416  	-7.853600 
-149.000000	1.167379  	0.306733  	-7.853600 
-148.000000	1.138954  	0.329049  	-7.853600 
-147.000000	1.110528  	0.351365  	-7.853600 
-146.000000	1.085353  	0.374678  	-7.853600 
-145.000000	1.061982  	0.398546  	-7.853600 
-144.000000	1.038612  	0.422413  	-7.853600 
-143.000000	1.015242  	0.446281  	-7.853600 
-142.000000	0.992671  	0.470438  	-7.853600 
-141.000000	0.972100  	0.495319  	-7.853600 
-140.000000	0.951529  	0.520199  	-7.853600 
-139.000000	0.930958  	0.545080  	-7.853600 
-138.000000	0.910387  	0.569961  	-7.853600 
-137.000000	0.891131  	0.595264  	-7.853600 
-136.000000	0.871977  	0.620599  	-7.853600 
-135.000000	0.852823  	0.645933  	-7.853600 
-134.000000	0.833669  	0.671268  	-7.853600 
-133.000000	0.814836  	0.696537  	-7.853600 
-132.000000	0.796242  	0.721757  	-7.853600 
-131.000000	0.777649  	0.746977  	-7.853600 
-130.000000	0.759056  	0.772197  	-7.853600 
-129.000000	0.740472  	0.797271  	-7.853600 
-128.000000	0.721923  	0.821812  	-7.853600 
-127.000000	0.703375  	0.846352  	-7.853600 
-126.000000	0.684827  	0.870892  	-7.853600 
-125.000000	0.666278  	0.895432  	-7.853600 
-124.000000	0.647529  	0.918919  	-7.853600 
-123.000000	0.628746  	0.942232  	-7.853600 
-122.000000	0.609963  	0.965544  	-7.853600 
-121.000000	0.591180  	0.988856  	-7.853600 
-120.000000	0.572227  	1.011295  	-7.853600 
-119.000000	0.553103  	1.032860  	-7.853600 
-118.000000	0.533979  	1.054426  	-7.853600 
-117.000000	0.514856  	1.075991  	-7.853600 
-116.000000	0.495687  	1.097239  	-7.853600 
-115.000000	0.476247  	1.116580  	-7.853600 
-114.000000	0.456807  	1.135922  	-7.853600 
-113.000000	0.437368  	1.155263  	-7.853600 
-112.000000	0.417928  	1.174604  	-7.853600 
-111.000000	0.398341  	1.191863  	-7.853600 
-110.000000	0.378713  	1.208555  	-7.853600 
-109.000000	0.359085  	1.225247  	-7.853600 
-108.000000	0.339458  	1.241938  	-7.853600 
-107.000000	0.319839  	1.257338  	-7.853600 
-106.000000	0.300232  	1.271017  	-7.853600 
-105.000000	0.280625  	1.284695  	-7.853600 
-104.000000	0.261019  	1.298373  	-7.853600 
-103.000000	0.241433  	1.311815  	-7.853600 
-102.000000	0.222121  	1.322187  	-7.853600 
-101.000000	0.202808  	1.332559  	-7.853600 
-100.000000	0.183496  	1.342930  	-7.853600 
-99.000000	0.164183  	1.353302  	-7.853600 
-98.000000	0.145311  	1.361157  	-7.853600 
-97.000000	0.126615  	1.368005  	-7.853600 
-96.000000	0.107920  	1.374853  	-7.853600 
-95.000000	0.089224  	1.381701  	-7.853600 
-94.000000	0.070877  	1.387242  	-7.853600 
-93.000000	0.053158  	1.390432  	-7.853600 
-92.000000	0.035439  	1.393621  	-7.853600 
-91.000000	0.017719  	1.396811  	-7.853600 
-90.000000	0.000000  	1.400000  	-7.853600 
-89.000000	-0.017719 	1.396811  	-7.853600 
-88.000000	-0.035439 	1.393621  	-7.853600 
-87.000000	-0.053158 	1.390432  	-7.853600 
-86.000000	-0.070877 	1.387242  	-7.853600 
-85.000000	-0.089224 	1.381701  	-7.853600 
-84.000000	-0.107920 	1.374853  	-7.853600 
-83.000000	-0.126615 	1.368005  	-7.853600 
-82.000000	-0.145311 	1.361157  	-7.853600 
-81.000000	-0.164183 	1.353302  	-7.853600 
-80.000000	-0.183496 	1.342930  	-7.853600 
-79.000000	-0.202808 	1.332559  	-7.853600 
-78.000000	-0.222121 	1.322187  	-7.853600 
-77.000000	-0.241433 	1.311815  	-7.853600 
-76.000000	-0.261019 	1.298373  	-7.853600 
-75.000000	-0.280625 	1.284695  	-7.853600 
-74.000000	-0.300232 	1.271017  	-7.853600 
-73.000000	-0.319839 	1.257338  	-7.853600 
-72.000000	-0.339458 	1.241938  	-7.853600 
-71.000000	-0.359085 	1.225247  	-7.853600 
-70.000000	-0.378713 	1.208555  	-7.853600 
-69.000000	-0.398341 	1.191863  	-7.853600 
-68.000000	-0.417928 	1.174604  	-7.853600 
-67.000000	-0.437368 	1.155263  	-7.853600 
-66.000000	-0.456807 	1.135922  	-7.853600 
-65.000000	-0.476247 	1.116580  	-7.853600 
-64.000000	-0.495687 	1.097239  	-7.853600 
-63.000000	-0.514856 	1.075991  	-7.853600 
-62.000000	-0.533979 	1.054426  	-7.853600 
-61.000000	-0.553103 	1.032860  	-7.853600 
-60.000000	-0.572227 	1.011295  	-7.853600 
-59.000000	-0.591180 	0.988856  	-7.853600 
-58.000000	-0.609963 	0.965544  	-7.853600 
-57.000000	-0.628746 	0.942232  	-7.853600 
-56.000000	-0.647529 	0.918919  	-7.853600 
-55.000000	-0.666278 	0.895432  	-7.853600 
-54.000000	-0.684827 	0.870892  	-7.853600 
-53.000000	-0.703375 	0.846352  	-7.853600 
-52.000000	-0.721923 	0.821812  	-7.853600 
-51.000000	-0.740472 	0.797271  	-7.853600 
-50.000000	-0.759056 	0.772197  	-7.853600 
-49.000000	-0.777649 	0.746977  	-7.853600 
-48.000000	-0.796242 	0.721757  	-7.853600 
-47.000000	-0.814836 	0.696537  	-7.853600 
-46.000000	-0.833669 	0.671268  	-7.853600 
-45.000000	-0.852823 	0.645933  	-7.853600 
-44.000000	-0.871977 	0.620599  	-7.853600 
-43.000000	-0.891131 	0.595264  	-7.853600 
-42.000000	-0.910387 	0.569961  	-7.853600 
-41.000000	-0.930958 	0.545080  	-7.853600 
-40.000000	-0.951529 	0.520199  	-7.853600 
-39.000000	-0.972100 	0.495319  	-7.853600 
-38.000000	-0.992671 	0.470438  	-7.853600 
-37.000000	-1.015242 	0.446281  	-7.853600 
-36.000000	-1.038612 	0.422413  	-7.853600 
-35.000000	-1.061982 	0.398546  	-7.853600 
-34.000000	-1.085353 	0.374678  	-7.853600 
-33.000000	-1.110528 	0.351365  	-7.853600 
-32.000000	-1.138954 	0.329049  	-7.853600 
-31.000000	-1.167379 	0.306733  	-7.853600 
-30.000000	-1.195805 	0.284416  	-7.853600 
-29.000000	-1.224230 	0.262100  	-7.853600 
-28.000000	-1.189355 	0.249077  	-7.853600 
-27.000000	-1.154479 	0.236055  	-7.853600 
-26.000000	-1.119604 	0.223032  	-7.853600 
-25.000000	-1.084729 	0.210009  	-7.853600 
-24.000000	-1.049854 	0.196987  	-7.853600 
-23.000000	-1.014978 	0.183964  	-7.853600 
-22.000000	-0.980103 	0.170942  	-7.853600 
-21.000000	-0.945228 	0.157919  	-7.853600 
-20.000000	-0.910353 	0.144896  	-7.853600 
-19.000000	-0.875477 	0.131874  	-7.853600 
-18.000000	-0.840602 	0.118851  	-7.853600 
-17.000000	-0.805727 	0.105828  	-7.853600 
-16.000000	-0.770852 	0.092806  	-7.853600 
-15.000000	-0.735976 	0.079783  	-7.853600 
-14.000000	-0.701101 	0.066761  	-7.853600 
-13.000000	-0.666226 	0.053738  	-7.853600 
-12.000000	-0.631351 	0.040715  	-6.279574 
-11.000000	-0.596475 	0.027693  	-4.075937 
-10.000000	-0.561600 	0.014670  	-1.872300 
-9.000000 	-0.408100 	0.013680  	-1.727900 
-8.000000 	-0.253300 	0.012800  	-1.587800 
-7.000000 	-0.101600 	0.012160  	-1.455200 
-6.000000 	0.048900  	0.011650  	-1.329500 
-5.000000 	0.195600  	0.011300  	-1.209600 
-4.000000 	0.339200  	0.011080  	-1.095500 
-3.000000 	0.479700  	0.010920  	-1.081600 
-2.000000 	0.615100  	0.010930  	-1.175900 
-1.000000 	0.746600  	0.011090  	-1.272500 
0.000000  	0.876200  	0.011180  	-1.372000 
1.000000  	1.002700  	0.011380  	-1.479900 
2.000000  	1.126200  	0.011650  	-1.599800 
3.000000  	1.246700  	0.011990  	-1.752300 
4.000000  	1.363000  	0.012450  	-1.930600 
5.000000  	1.474500  	0.013040  	-2.139700 
6.000000  	1.577800  	0.013890  	-2.374200 
7.000000  	1.662400  	0.015290  	-2.631500 
8.000000  	1.724200  	0.017490  	-2.881900 
9.000000  	1.766100  	0.020830  	-3.172200 
10.000000 	1.788900  	0.025670  	-3.445100 
11.000000 	1.805300  	0.032800  	-3.714000 
12.000000 	1.814100  	0.042090  	-3.964400 
13.000000 	1.813800  	0.052980  	-4.213300 
14.000000 	1.804200  	0.065310  	-4.435000 
15.000000 	1.793300  	0.078250  	-4.658000 
16.000000 	1.786800  	0.091020  	-4.918800 
17.000000 	1.780900  	0.103900  	-5.155800 
18.000000 	1.777500  	0.116650  	-5.418700 
19.000000 	1.779100  	0.128920  	-5.716200 
20.000000 	1.779000  	0.141420  	-5.958100 
21.000000 	1.778400  	0.154260  	-6.246400 
22.000000 	1.776933  	0.167327  	-6.493133 
23.000000 	1.775467  	0.180393  	-6.739867 
24.000000 	1.774000  	0.193460  	-6.986600 
25.000000 	1.769300  	0.207190  	-7.187500 
26.000000 	1.763350  	0.221105  	-7.364100 
27.000000 	1.757400  	0.235020  	-7.540700 
28.000000 	1.747400  	0.249720  	-7.686000 
29.000000 	1.748900  	0.262100  	-7.853600 
30.000000 	1.708292  	0.284416  	-7.853600 
31.000000 	1.667684  	0.306733  	-7.853600 
32.000000 	1.627077  	0.329049  	-7.853600 
33.000000 	1.586469  	0.351365  	-7.853600 
34.000000 	1.550504  	0.374678  	-7.853600 
35.000000 	1.517118  	0.398546  	-7.853600 
36.000000 	1.483732  	0.422413  	-7.853600 
37.000000 	1.450346  	0.446281  	-7.853600 
38.000000 	1.418102  	0.470438  	-7.853600 
39.000000 	1.388715  	0.495319  	-7.853600 
40.000000 	1.359327  	0.520199  	-7.853600 
41.000000 	1.329940  	0.545080  	-7.853600 
42.000000 	1.300552  	0.569961  	-7.853600 
43.000000 	1.273045  	0.595264  	-7.853600 
44.000000 	1.245682  	0.620599  	-7.853600 
45.000000 	1.218319  	0.645933  	-7.853600 
46.000000 	1.190956  	0.671268  	-7.853600 
47.000000 	1.164051  	0.696537  	-7.853600 
48.000000 	1.137489  	0.721757  	-7.853600 
49.000000 	1.110927  	0.746977  	-7.853600 
50.000000 	1.084365  	0.772197  	-7.853600 
51.000000 	1.057817  	0.797271  	-7.853600 
52.000000 	1.031319  	0.821812  	-7.853600 
53.000000 	1.004821  	0.846352  	-7.853600 
54.000000 	0.978324  	0.870892  	-7.853600 
55.000000 	0.951826  	0.895432  	-7.853600 
56.000000 	0.925041  	0.918919  	-7.853600 
57.000000 	0.898209  	0.942232  	-7.853600 
58.000000 	0.871376  	0.965544  	-7.853600 
59.000000 	0.844543  	0.988856  	-7.853600 
60.000000 	0.817467  	1.011295  	-7.853600 
61.000000 	0.790147  	1.032860  	-7.853600 
62.000000 	0.762828  	1.054426  	-7.853600 
63.000000 	0.735508  	1.075991  	-7.853600 
64.000000 	0.708124  	1.097239  	-7.853600 
65.000000 	0.680353  	1.116580  	-7.853600 
66.000000 	0.652582  	1.135922  	-7.853600 
67.000000 	0.624811  	1.155263  	-7.853600 
68.000000 	0.597040  	1.174604  	-7.853600 
69.000000 	0.569058  	1.191863  	-7.853600 
70.000000 	0.541018  	1.208555  	-7.853600 
71.000000 	0.512979  	1.225247  	-7.853600 
72.000000 	0.484939  	1.241938  	-7.853600 
73.000000 	0.456913  	1.257338  	-7.853600 
74.000000 	0.428903  	1.271017  	-7.853600 
75.000000 	0.400894  	1.284695  	-7.853600 
76.000000 	0.372884  	1.298373  	-7.853600 
77.000000 	0.344904  	1.311815  	-7.853600 
78.000000 	0.317315  	1.322187  	-7.853600 
79.000000 	0.289726  	1.332559  	-7.853600 
80.000000 	0.262137  	1.342930  	-7.853600 
81.000000 	0.234547  	1.353302  	-7.853600 
82.000000 	0.207587  	1.361157  	-7.853600 
83.000000 	0.180879  	1.368005  	-7.853600 
84.000000 	0.154171  	1.374853  	-7.853600 
85.000000 	0.127463  	1.381701  	-7.853600 
86.000000 	0.101253  	1.387242  	-7.853600 
87.000000 	0.075940  	1.390432  	-7.853600 
88.000000 	0.050626  	1.393621  	-7.853600 
89.000000 	0.025313  	1.396811  	-7.853600 
90.000000 	0.000000  	1.400000  	-7.853600 
91.000000 	-0.017719 	1.396811  	-7.853600 
92.000000 	-0.035439 	1.393621  	-7.853600 
93.000000 	-0.053158 	1.390432  	-7.853600 
94.000000 	-0.070877 	1.387242  	-7.853600 
95.000000 	-0.089224 	1.381701  	-7.853600 
96.000000 	-0.107920 	1.374853  	-7.853600 
97.000000 	-0.126615 	1.368005  	-7.853600 
98.000000 	-0.145311 	1.361157  	-7.853600 
99.000000 	-0.164183 	1.353302  	-7.853600 
100.000000	-0.183496 	1.342930  	-7.853600 
101.000000	-0.202808 	1.332559  	-7.853600 
102.000000	-0.222121 	1.322187  	-7.853600 
103.000000	-0.241433 	1.311815  	-7.853600 
104.000000	-0.261019 	1.298373  	-7.853600 
105.000000	-0.280625 	1.284695  	-7.853600 
106.000000	-0.300232 	1.271017  	-7.853600 
107.000000	-0.319839 	1.257338  	-7.853600 
108.000000	-0.339458 	1.241938  	-7.853600 
109.000000	-0.359085 	1.225247  	-7.853600 
110.000000	-0.378713 	1.208555  	-7.853600 
111.000000	-0.398341 	1.191863  	-7.853600 
112.000000	-0.417928 	1.174604  	-7.853600 
113.000000	-0.437368 	1.155263  	-7.853600 
114.000000	-0.456807 	1.135922  	-7.853600 
115.000000	-0.476247 	1.116580  	-7.853600 
116.000000	-0.495687 	1.097239  	-7.853600 
117.000000	-0.514856 	1.075991  	-7.853600 
118.000000	-0.533979 	1.054426  	-7.853600 
119.000000	-0.553103 	1.032860  	-7.853600 
120.000000	-0.572227 	1.011295  	-7.853600 
121.000000	-0.591180 	0.988856  	-7.853600 
122.000000	-0.609963 	0.965544  	-7.853600 
123.000000	-0.628746 	0.942232  	-7.853600 
124.000000	-0.647529 	0.918919  	-7.853600 
125.000000	-0.666278 	0.895432  	-7.853600 
126.000000	-0.684827 	0.870892  	-7.853600 
127.000000	-0.703375 	0.846352  	-7.853600 
128.000000	-0.721923 	0.821812  	-7.853600 
129.000000	-0.740472 	0.797271  	-7.853600 
130.000000	-0.759056 	0.772197  	-7.853600 
131.000000	-0.777649 	0.746977  	-7.853600 
132.000000	-0.796242 	0.721757  	-7.853600 
133.000000	-0.814836 	0.696537  	-7.853600 
134.000000	-0.833669 	0.671268  	-7.853600 
135.000000	-0.852823 	0.645933  	-7.853600 
136.000000	-0.871977 	0.620599  	-7.853600 
137.000000	-0.891131 	0.595264  	-7.853600 
138.000000	-0.910387 	0.569961  	-7.853600 
139.000000	-0.930958 	0.545080  	-7.853600 
140.000000	-0.951529 	0.520199  	-7.853600 
141.000000	-0.972100 	0.495319  	-7.853600 
142.000000	-0.992671 	0.470438  	-7.853600 
143.000000	-1.015242 	0.446281  	-7.853600 
144.000000	-1.038612 	0.422413  	-7.853600 
145.000000	-1.061982 	0.398546  	-7.853600 
146.000000	-1.085353 	0.374678  	-7.853600 
147.000000	-1.110528 	0.351365  	-7.853600 
148.000000	-1.138954 	0.329049  	-7.853600 
149.000000	-1.167379 	0.306733  	-7.853600 
150.000000	-1.195805 	0.284416  	-7.853600 
151.000000	-1.224230 	0.262100  	-7.853600 
152.000000	-1.182015 	0.241238  	-7.853600 
153.000000	-1.139800 	0.220375  	-7.853600 
154.000000	-1.097586 	0.200520  	-7.853600 
155.000000	-1.055371 	0.180743  	-7.853600 
156.000000	-1.013156 	0.161982  	-7.853600 
157.000000	-0.970941 	0.143390  	-7.853600 
158.000000	-0.928726 	0.125804  	-7.853600 
159.000000	-0.886511 	0.108493  	-7.853600 
160.000000	-0.844297 	0.092160  	-7.853600 
161.000000	-0.802082 	0.076218  	-7.853600 
162.000000	-0.759867 	0.061209  	-7.853600 
163.000000	-0.717652 	0.046718  	-7.853600 
164.000000	-0.675437 	0.033099  	-7.853600 
165.000000	-0.633222 	0.020133  	-7.853600 
166.000000	-0.591008 	0.010596  	-7.853600 
167.000000	-0.548793 	0.004490  	-7.853600 
168.000000	-0.506578 	0.001000  	-7.853600 
169.000000	-0.464363 	0.001000  	-7.853600 
170.000000	-0.422148 	0.001000  	-7.853600 
171.000000	-0.379933 	0.001000  	-7.853600 
172.000000	-0.337719 	0.001000  	-7.853600 
173.000000	-0.295504 	0.001000  	-7.853600 
174.000000	-0.253289 	0.001000  	-7.853600 
175.000000	-0.211074 	0.001000  	-7.853600 
176.000000	-0.168859 	0.001000  	-7.853600 
177.000000	-0.126644 	0.001000  	-7.853600 
178.000000	-0.084430 	0.001000  	-7.853600 
179.000000	-0.042215 	0.001000  	-7.853600 
180.000000	0.000000  	0.001000  	-7.853600 
