! AeroDyn v15 airfoil data file
! Generated from airfoilprep.py modified by D. Kim (Mar 14th, 2022) 
! start all comment lines with ! 
! ------------------------------------------------------------------------------
"DEFAULT"       InterpOrd    ! Interpolation order to use for quasi-steady table lookup {1=linear; 3=cubic spline; "default"} [default=1]
! ------------------------------------------------------------------------------
! 0.20          RelThickness ! The non-dimensional thickness of the airfoil (thickness/chord) [only used if UAMod=7] [default=0.2] (-)
  1             NonDimArea   ! The non-dimensional area of the airfoil (area/chord^2) (set to 1.0 if unsure or unneeded)
  103           NumCoords    ! The number of coordinates in the airfoil shape file (including an extra coordinate for airfoil reference).
! ......... x-y coordinates are next if NumCoords > 0 .............
! x-y coordinate of airfoil reference
!  x/c        y/c
  0.25       0
! Airfoil: 
!  x/c        y/c
1.0013399 -0.0000011
0.9810317 0.0052950
0.9607507 0.0107112
0.9403691 0.0157123
0.9197962 0.0198639
0.8990097 0.0227269
0.8780621 0.0239441
0.8570821 0.0236078
0.8361553 0.0220708
0.8153161 0.0195444
0.7946068 0.0161343
0.7740444 0.0119389
0.7536285 0.0070651
0.7333598 0.0016154
0.7132297 -0.0043049
0.6932130 -0.0106011
0.6732827 -0.0171805
0.6534133 -0.0239559
0.6335810 -0.0308439
0.6137641 -0.0377674
0.5939339 -0.0446522
0.5740652 -0.0514298
0.5541399 -0.0580340
0.5341421 -0.0644038
0.5140556 -0.0704771
0.4938669 -0.0762022
0.4735636 -0.0815291
0.4531427 -0.0864040
0.4326118 -0.0907835
0.4119784 -0.0946258
0.3912502 -0.0978865
0.3704358 -0.1005313
0.3495428 -0.1025194
0.3285879 -0.1038006
0.3076002 -0.1043075
0.2866127 -0.1040390
0.2656591 -0.1029195
0.2447744 -0.1009232
0.2239881 -0.0980535
0.2033362 -0.0943182
0.1828565 -0.0897297
0.1625804 -0.0843103
0.1425418 -0.0780666
0.1227819 -0.0709939
0.1033536 -0.0630609
0.0843220 -0.0541956
0.0658085 -0.0443015
0.0480089 -0.0332110
0.0312158 -0.0206276
0.0160715 -0.0061317
0.0039549 0.0109487
-0.0013306 0.0310231
0.0050175 0.0507970
0.0176762 0.0674584
0.0331987 0.0815842
0.0503175 0.0937137
0.0684574 0.1042607
0.0872963 0.1135080
0.1066346 0.1216490
0.1263552 0.1288318
0.1463662 0.1351714
0.1665961 0.1407566
0.1870040 0.1456568
0.2075540 0.1499282
0.2282160 0.1536060
0.2489689 0.1567202
0.2697973 0.1592905
0.2906874 0.1613244
0.3116241 0.1628331
0.3325918 0.1638215
0.3535745 0.1642766
0.3745595 0.1642429
0.3955373 0.1636663
0.4164982 0.1625940
0.4374309 0.1610319
0.4583241 0.1589991
0.4791670 0.1565214
0.4999533 0.1536359
0.5206861 0.1503891
0.5413687 0.1468234
0.5620052 0.1429846
0.5825994 0.1389168
0.6031527 0.1346531
0.6236692 0.1302267
0.6441542 0.1256576
0.6646110 0.1209629
0.6850426 0.1161582
0.7054516 0.1112567
0.7258397 0.1062694
0.7462095 0.1012093
0.7665636 0.0960869
0.7869037 0.0909093
0.8072335 0.0856910
0.8275550 0.0804400
0.8478705 0.0751657
0.8681825 0.0698781
0.8884924 0.0645828
0.9088022 0.0592874
0.9291096 0.0539823
0.9494055 0.0486330
0.9694742 0.0425267
0.9856694 0.0296897
! ------------------------------------------------------------------------------
"unused"        BL_file      ! The file name including the boundary layer characteristics of the profile. Unused if the aeroacoustic module is not called.
  11        	NumTabs      ! Number of airfoil tables in this file.
! ------------------------------------------------------------------------------
! data for table	1         
! ------------------------------------------------------------------------------
  0.200000  	Re           ! Reynolds number in millions
  0.000000  	UserProp     ! User property (control) setting
Flase           InclUAdata   ! Is unsteady aerodynamics data included in this table? If TRUE, then include UA coefficients below this line. Any missing coefficients will be calculated internally.
! Table of aerodynamics coefficients
  361       	NumAlf       ! Number of data lines in the following table
!Alpha      Cl          Cd          Cm/Cp
!(deg)      (-)         (-)         (-)
-180.000000	0.000000  	0.001000  	-6.871000 
-179.000000	0.046698  	0.001000  	-6.871000 
-178.000000	0.093397  	0.001000  	-6.871000 
-177.000000	0.140095  	0.001000  	-6.871000 
-176.000000	0.186794  	0.001000  	-6.871000 
-175.000000	0.233492  	0.001000  	-6.871000 
-174.000000	0.280190  	0.001000  	-6.871000 
-173.000000	0.326889  	0.001000  	-6.871000 
-172.000000	0.373587  	0.001000  	-6.871000 
-171.000000	0.420286  	0.001020  	-6.871000 
-170.000000	0.466984  	0.001300  	-6.871000 
-169.000000	0.513682  	0.004300  	-6.871000 
-168.000000	0.560381  	0.014097  	-6.871000 
-167.000000	0.607079  	0.024597  	-6.871000 
-166.000000	0.653778  	0.035800  	-6.871000 
-165.000000	0.700476  	0.047976  	-6.871000 
-164.000000	0.747174  	0.060541  	-6.871000 
-163.000000	0.793873  	0.074326  	-6.871000 
-162.000000	0.840571  	0.088386  	-6.871000 
-161.000000	0.887270  	0.103526  	-6.871000 
-160.000000	0.933968  	0.119095  	-6.871000 
-159.000000	0.980666  	0.135439  	-6.871000 
-158.000000	1.027365  	0.152433  	-6.871000 
-157.000000	1.074063  	0.169917  	-6.871000 
-156.000000	1.120762  	0.188243  	-6.871000 
-155.000000	1.167460  	0.206800  	-6.871000 
-154.000000	1.140804  	0.227088  	-6.871000 
-153.000000	1.114148  	0.247377  	-6.871000 
-152.000000	1.087492  	0.267665  	-6.871000 
-151.000000	1.060835  	0.287953  	-6.871000 
-150.000000	1.036493  	0.308983  	-6.871000 
-149.000000	1.016316  	0.331348  	-6.871000 
-148.000000	0.996139  	0.353713  	-6.871000 
-147.000000	0.975962  	0.376078  	-6.871000 
-146.000000	0.955785  	0.398443  	-6.871000 
-145.000000	0.937948  	0.421879  	-6.871000 
-144.000000	0.921046  	0.445744  	-6.871000 
-143.000000	0.904145  	0.469608  	-6.871000 
-142.000000	0.887244  	0.493473  	-6.871000 
-141.000000	0.870446  	0.517400  	-6.871000 
-140.000000	0.854985  	0.542148  	-6.871000 
-139.000000	0.839524  	0.566896  	-6.871000 
-138.000000	0.824063  	0.591644  	-6.871000 
-137.000000	0.808603  	0.616393  	-6.871000 
-136.000000	0.793291  	0.641246  	-6.871000 
-135.000000	0.778179  	0.666240  	-6.871000 
-134.000000	0.763068  	0.691234  	-6.871000 
-133.000000	0.747956  	0.716228  	-6.871000 
-132.000000	0.732844  	0.741221  	-6.871000 
-131.000000	0.717502  	0.765903  	-6.871000 
-130.000000	0.702097  	0.790500  	-6.871000 
-129.000000	0.686692  	0.815096  	-6.871000 
-128.000000	0.671287  	0.839692  	-6.871000 
-127.000000	0.655790  	0.864142  	-6.871000 
-126.000000	0.639746  	0.887709  	-6.871000 
-125.000000	0.623703  	0.911276  	-6.871000 
-124.000000	0.607659  	0.934843  	-6.871000 
-123.000000	0.591615  	0.958410  	-6.871000 
-122.000000	0.575183  	0.981160  	-6.871000 
-121.000000	0.558364  	1.003093  	-6.871000 
-120.000000	0.541545  	1.025026  	-6.871000 
-119.000000	0.524726  	1.046960  	-6.871000 
-118.000000	0.507907  	1.068893  	-6.871000 
-117.000000	0.490441  	1.088945  	-6.871000 
-116.000000	0.472867  	1.108684  	-6.871000 
-115.000000	0.455293  	1.128423  	-6.871000 
-114.000000	0.437720  	1.148162  	-6.871000 
-113.000000	0.420014  	1.167323  	-6.871000 
-112.000000	0.401828  	1.184365  	-6.871000 
-111.000000	0.383641  	1.201407  	-6.871000 
-110.000000	0.365455  	1.218449  	-6.871000 
-109.000000	0.347268  	1.235491  	-6.871000 
-108.000000	0.328867  	1.250745  	-6.871000 
-107.000000	0.310304  	1.264659  	-6.871000 
-106.000000	0.291742  	1.278573  	-6.871000 
-105.000000	0.273179  	1.292487  	-6.871000 
-104.000000	0.254617  	1.306400  	-6.871000 
-103.000000	0.235995  	1.317085  	-6.871000 
-102.000000	0.217368  	1.327522  	-6.871000 
-101.000000	0.198742  	1.337958  	-6.871000 
-100.000000	0.180115  	1.348395  	-6.871000 
-99.000000	0.161576  	1.357764  	-6.871000 
-98.000000	0.143254  	1.364466  	-6.871000 
-97.000000	0.124932  	1.371168  	-6.871000 
-96.000000	0.106610  	1.377869  	-6.871000 
-95.000000	0.088288  	1.384571  	-6.871000 
-94.000000	0.070426  	1.388769  	-6.871000 
-93.000000	0.052819  	1.391577  	-6.871000 
-92.000000	0.035213  	1.394385  	-6.871000 
-91.000000	0.017606  	1.397192  	-6.871000 
-90.000000	0.000000  	1.400000  	-6.871000 
-89.000000	-0.017606 	1.397192  	-6.871000 
-88.000000	-0.035213 	1.394385  	-6.871000 
-87.000000	-0.052819 	1.391577  	-6.871000 
-86.000000	-0.070426 	1.388769  	-6.871000 
-85.000000	-0.088288 	1.384571  	-6.871000 
-84.000000	-0.106610 	1.377869  	-6.871000 
-83.000000	-0.124932 	1.371168  	-6.871000 
-82.000000	-0.143254 	1.364466  	-6.871000 
-81.000000	-0.161576 	1.357764  	-6.871000 
-80.000000	-0.180115 	1.348395  	-6.871000 
-79.000000	-0.198742 	1.337958  	-6.871000 
-78.000000	-0.217368 	1.327522  	-6.871000 
-77.000000	-0.235995 	1.317085  	-6.871000 
-76.000000	-0.254617 	1.306400  	-6.871000 
-75.000000	-0.273179 	1.292487  	-6.871000 
-74.000000	-0.291742 	1.278573  	-6.871000 
-73.000000	-0.310304 	1.264659  	-6.871000 
-72.000000	-0.328867 	1.250745  	-6.871000 
-71.000000	-0.347268 	1.235491  	-6.871000 
-70.000000	-0.365455 	1.218449  	-6.871000 
-69.000000	-0.383641 	1.201407  	-6.871000 
-68.000000	-0.401828 	1.184365  	-6.871000 
-67.000000	-0.420014 	1.167323  	-6.871000 
-66.000000	-0.437720 	1.148162  	-6.871000 
-65.000000	-0.455293 	1.128423  	-6.871000 
-64.000000	-0.472867 	1.108684  	-6.871000 
-63.000000	-0.490441 	1.088945  	-6.871000 
-62.000000	-0.507907 	1.068893  	-6.871000 
-61.000000	-0.524726 	1.046960  	-6.871000 
-60.000000	-0.541545 	1.025026  	-6.871000 
-59.000000	-0.558364 	1.003093  	-6.871000 
-58.000000	-0.575183 	0.981160  	-6.871000 
-57.000000	-0.591615 	0.958410  	-6.871000 
-56.000000	-0.607659 	0.934843  	-6.871000 
-55.000000	-0.623703 	0.911276  	-6.871000 
-54.000000	-0.639746 	0.887709  	-6.871000 
-53.000000	-0.655790 	0.864142  	-6.871000 
-52.000000	-0.671287 	0.839692  	-6.871000 
-51.000000	-0.686692 	0.815096  	-6.871000 
-50.000000	-0.702097 	0.790500  	-6.871000 
-49.000000	-0.717502 	0.765903  	-6.871000 
-48.000000	-0.732844 	0.741221  	-6.871000 
-47.000000	-0.747956 	0.716228  	-6.871000 
-46.000000	-0.763068 	0.691234  	-6.871000 
-45.000000	-0.778179 	0.666240  	-6.871000 
-44.000000	-0.793291 	0.641246  	-6.871000 
-43.000000	-0.808603 	0.616393  	-6.871000 
-42.000000	-0.824063 	0.591644  	-6.871000 
-41.000000	-0.839524 	0.566896  	-6.871000 
-40.000000	-0.854985 	0.542148  	-6.871000 
-39.000000	-0.870446 	0.517400  	-6.871000 
-38.000000	-0.887244 	0.493473  	-6.871000 
-37.000000	-0.904145 	0.469608  	-6.871000 
-36.000000	-0.921046 	0.445744  	-6.871000 
-35.000000	-0.937948 	0.421879  	-6.871000 
-34.000000	-0.955785 	0.398443  	-6.871000 
-33.000000	-0.975962 	0.376078  	-6.871000 
-32.000000	-0.996139 	0.353713  	-6.871000 
-31.000000	-1.016316 	0.331348  	-6.871000 
-30.000000	-1.036493 	0.308983  	-6.871000 
-29.000000	-1.060835 	0.287953  	-6.871000 
-28.000000	-1.087492 	0.267665  	-6.871000 
-27.000000	-1.114148 	0.247377  	-6.871000 
-26.000000	-1.140804 	0.227088  	-6.871000 
-25.000000	-1.167460 	0.206800  	-6.871000 
-24.000000	-1.095800 	0.198431  	-6.871000 
-23.000000	-1.024140 	0.190063  	-6.871000 
-22.000000	-0.952480 	0.181694  	-6.871000 
-21.000000	-0.880820 	0.173325  	-6.871000 
-20.000000	-0.809160 	0.164956  	-6.871000 
-19.000000	-0.737500 	0.156588  	-6.871000 
-18.000000	-0.665840 	0.148219  	-6.871000 
-17.000000	-0.594180 	0.139850  	-6.871000 
-16.000000	-0.522520 	0.131481  	-6.871000 
-15.000000	-0.450860 	0.123113  	-6.871000 
-14.000000	-0.379200 	0.114744  	-6.871000 
-13.000000	-0.307540 	0.106375  	-6.871000 
-12.000000	-0.235880 	0.098006  	-6.871000 
-11.000000	-0.164220 	0.089637  	-6.130588 
-10.000000	-0.092560 	0.081269  	-3.539144 
-9.000000 	-0.020900 	0.072900  	-0.947700 
-8.000000 	0.065200  	0.069300  	-0.863900 
-7.000000 	0.124050  	0.064600  	-0.856900 
-6.000000 	0.182900  	0.059900  	-0.849900 
-5.000000 	0.227700  	0.054450  	-0.883500 
-4.000000 	0.269300  	0.049690  	-0.914900 
-3.000000 	0.325050  	0.045820  	-0.958100 
-2.000000 	0.380800  	0.041950  	-1.001300 
-1.000000 	0.480100  	0.039235  	-1.073650 
0.000000  	0.579400  	0.036520  	-1.146000 
1.000000  	0.700700  	0.034710  	-1.241500 
2.000000  	0.828400  	0.033490  	-1.353900 
3.000000  	0.960000  	0.032590  	-1.494500 
4.000000  	1.091800  	0.031870  	-1.666400 
5.000000  	1.214700  	0.031280  	-1.862900 
6.000000  	1.337500  	0.030660  	-2.098600 
7.000000  	1.448300  	0.030160  	-2.371300 
8.000000  	1.528900  	0.030080  	-2.636800 
9.000000  	1.542700  	0.031290  	-2.856700 
10.000000 	1.566100  	0.034830  	-3.111000 
11.000000 	1.574500  	0.041740  	-3.337800 
12.000000 	1.570000  	0.052230  	-3.536000 
13.000000 	1.548800  	0.063810  	-3.716900 
14.000000 	1.547600  	0.076470  	-3.934500 
15.000000 	1.547000  	0.088870  	-4.173100 
16.000000 	1.553400  	0.100700  	-4.436000 
17.000000 	1.566000  	0.113010  	-4.720800 
18.000000 	1.578800  	0.124320  	-5.005600 
19.000000 	1.595300  	0.135180  	-5.306500 
20.000000 	1.616200  	0.145980  	-5.613700 
21.000000 	1.630400  	0.158160  	-5.906000 
22.000000 	1.653700  	0.167100  	-6.233100 
23.000000 	1.663200  	0.179250  	-6.491500 
24.000000 	1.669000  	0.192210  	-6.702700 
25.000000 	1.667800  	0.206800  	-6.871000 
26.000000 	1.629720  	0.227088  	-6.871000 
27.000000 	1.591640  	0.247377  	-6.871000 
28.000000 	1.553559  	0.267665  	-6.871000 
29.000000 	1.515479  	0.287953  	-6.871000 
30.000000 	1.480705  	0.308983  	-6.871000 
31.000000 	1.451880  	0.331348  	-6.871000 
32.000000 	1.423056  	0.353713  	-6.871000 
33.000000 	1.394231  	0.376078  	-6.871000 
34.000000 	1.365407  	0.398443  	-6.871000 
35.000000 	1.339925  	0.421879  	-6.871000 
36.000000 	1.315781  	0.445744  	-6.871000 
37.000000 	1.291636  	0.469608  	-6.871000 
38.000000 	1.267492  	0.493473  	-6.871000 
39.000000 	1.243494  	0.517400  	-6.871000 
40.000000 	1.221407  	0.542148  	-6.871000 
41.000000 	1.199320  	0.566896  	-6.871000 
42.000000 	1.177233  	0.591644  	-6.871000 
43.000000 	1.155147  	0.616393  	-6.871000 
44.000000 	1.133273  	0.641246  	-6.871000 
45.000000 	1.111685  	0.666240  	-6.871000 
46.000000 	1.090097  	0.691234  	-6.871000 
47.000000 	1.068508  	0.716228  	-6.871000 
48.000000 	1.046920  	0.741221  	-6.871000 
49.000000 	1.025002  	0.765903  	-6.871000 
50.000000 	1.002995  	0.790500  	-6.871000 
51.000000 	0.980988  	0.815096  	-6.871000 
52.000000 	0.958981  	0.839692  	-6.871000 
53.000000 	0.936844  	0.864142  	-6.871000 
54.000000 	0.913924  	0.887709  	-6.871000 
55.000000 	0.891004  	0.911276  	-6.871000 
56.000000 	0.868084  	0.934843  	-6.871000 
57.000000 	0.845164  	0.958410  	-6.871000 
58.000000 	0.821690  	0.981160  	-6.871000 
59.000000 	0.797663  	1.003093  	-6.871000 
60.000000 	0.773635  	1.025026  	-6.871000 
61.000000 	0.749608  	1.046960  	-6.871000 
62.000000 	0.725581  	1.068893  	-6.871000 
63.000000 	0.700630  	1.088945  	-6.871000 
64.000000 	0.675524  	1.108684  	-6.871000 
65.000000 	0.650419  	1.128423  	-6.871000 
66.000000 	0.625314  	1.148162  	-6.871000 
67.000000 	0.600021  	1.167323  	-6.871000 
68.000000 	0.574040  	1.184365  	-6.871000 
69.000000 	0.548059  	1.201407  	-6.871000 
70.000000 	0.522078  	1.218449  	-6.871000 
71.000000 	0.496097  	1.235491  	-6.871000 
72.000000 	0.469810  	1.250745  	-6.871000 
73.000000 	0.443292  	1.264659  	-6.871000 
74.000000 	0.416774  	1.278573  	-6.871000 
75.000000 	0.390256  	1.292487  	-6.871000 
76.000000 	0.363739  	1.306400  	-6.871000 
77.000000 	0.337136  	1.317085  	-6.871000 
78.000000 	0.310526  	1.327522  	-6.871000 
79.000000 	0.283917  	1.337958  	-6.871000 
80.000000 	0.257307  	1.348395  	-6.871000 
81.000000 	0.230822  	1.357764  	-6.871000 
82.000000 	0.204648  	1.364466  	-6.871000 
83.000000 	0.178474  	1.371168  	-6.871000 
84.000000 	0.152300  	1.377869  	-6.871000 
85.000000 	0.126126  	1.384571  	-6.871000 
86.000000 	0.100608  	1.388769  	-6.871000 
87.000000 	0.075456  	1.391577  	-6.871000 
88.000000 	0.050304  	1.394385  	-6.871000 
89.000000 	0.025152  	1.397192  	-6.871000 
90.000000 	0.000000  	1.400000  	-6.871000 
91.000000 	-0.017606 	1.397192  	-6.871000 
92.000000 	-0.035213 	1.394385  	-6.871000 
93.000000 	-0.052819 	1.391577  	-6.871000 
94.000000 	-0.070426 	1.388769  	-6.871000 
95.000000 	-0.088288 	1.384571  	-6.871000 
96.000000 	-0.106610 	1.377869  	-6.871000 
97.000000 	-0.124932 	1.371168  	-6.871000 
98.000000 	-0.143254 	1.364466  	-6.871000 
99.000000 	-0.161576 	1.357764  	-6.871000 
100.000000	-0.180115 	1.348395  	-6.871000 
101.000000	-0.198742 	1.337958  	-6.871000 
102.000000	-0.217368 	1.327522  	-6.871000 
103.000000	-0.235995 	1.317085  	-6.871000 
104.000000	-0.254617 	1.306400  	-6.871000 
105.000000	-0.273179 	1.292487  	-6.871000 
106.000000	-0.291742 	1.278573  	-6.871000 
107.000000	-0.310304 	1.264659  	-6.871000 
108.000000	-0.328867 	1.250745  	-6.871000 
109.000000	-0.347268 	1.235491  	-6.871000 
110.000000	-0.365455 	1.218449  	-6.871000 
111.000000	-0.383641 	1.201407  	-6.871000 
112.000000	-0.401828 	1.184365  	-6.871000 
113.000000	-0.420014 	1.167323  	-6.871000 
114.000000	-0.437720 	1.148162  	-6.871000 
115.000000	-0.455293 	1.128423  	-6.871000 
116.000000	-0.472867 	1.108684  	-6.871000 
117.000000	-0.490441 	1.088945  	-6.871000 
118.000000	-0.507907 	1.068893  	-6.871000 
119.000000	-0.524726 	1.046960  	-6.871000 
120.000000	-0.541545 	1.025026  	-6.871000 
121.000000	-0.558364 	1.003093  	-6.871000 
122.000000	-0.575183 	0.981160  	-6.871000 
123.000000	-0.591615 	0.958410  	-6.871000 
124.000000	-0.607659 	0.934843  	-6.871000 
125.000000	-0.623703 	0.911276  	-6.871000 
126.000000	-0.639746 	0.887709  	-6.871000 
127.000000	-0.655790 	0.864142  	-6.871000 
128.000000	-0.671287 	0.839692  	-6.871000 
129.000000	-0.686692 	0.815096  	-6.871000 
130.000000	-0.702097 	0.790500  	-6.871000 
131.000000	-0.717502 	0.765903  	-6.871000 
132.000000	-0.732844 	0.741221  	-6.871000 
133.000000	-0.747956 	0.716228  	-6.871000 
134.000000	-0.763068 	0.691234  	-6.871000 
135.000000	-0.778179 	0.666240  	-6.871000 
136.000000	-0.793291 	0.641246  	-6.871000 
137.000000	-0.808603 	0.616393  	-6.871000 
138.000000	-0.824063 	0.591644  	-6.871000 
139.000000	-0.839524 	0.566896  	-6.871000 
140.000000	-0.854985 	0.542148  	-6.871000 
141.000000	-0.870446 	0.517400  	-6.871000 
142.000000	-0.887244 	0.493473  	-6.871000 
143.000000	-0.904145 	0.469608  	-6.871000 
144.000000	-0.921046 	0.445744  	-6.871000 
145.000000	-0.937948 	0.421879  	-6.871000 
146.000000	-0.955785 	0.398443  	-6.871000 
147.000000	-0.975962 	0.376078  	-6.871000 
148.000000	-0.996139 	0.353713  	-6.871000 
149.000000	-1.016316 	0.331348  	-6.871000 
150.000000	-1.036493 	0.308983  	-6.871000 
151.000000	-1.060835 	0.287953  	-6.871000 
152.000000	-1.087492 	0.267665  	-6.871000 
153.000000	-1.114148 	0.247377  	-6.871000 
154.000000	-1.140804 	0.227088  	-6.871000 
155.000000	-1.167460 	0.206800  	-6.871000 
156.000000	-1.120762 	0.188243  	-6.871000 
157.000000	-1.074063 	0.169917  	-6.871000 
158.000000	-1.027365 	0.152433  	-6.871000 
159.000000	-0.980666 	0.135439  	-6.871000 
160.000000	-0.933968 	0.119095  	-6.871000 
161.000000	-0.887270 	0.103526  	-6.871000 
162.000000	-0.840571 	0.088386  	-6.871000 
163.000000	-0.793873 	0.074326  	-6.871000 
164.000000	-0.747174 	0.060541  	-6.871000 
165.000000	-0.700476 	0.047976  	-6.871000 
166.000000	-0.653778 	0.035800  	-6.871000 
167.000000	-0.607079 	0.024597  	-6.871000 
168.000000	-0.560381 	0.014097  	-6.871000 
169.000000	-0.513682 	0.004300  	-6.871000 
170.000000	-0.466984 	0.001300  	-6.871000 
171.000000	-0.420286 	0.001020  	-6.871000 
172.000000	-0.373587 	0.001000  	-6.871000 
173.000000	-0.326889 	0.001000  	-6.871000 
174.000000	-0.280190 	0.001000  	-6.871000 
175.000000	-0.233492 	0.001000  	-6.871000 
176.000000	-0.186794 	0.001000  	-6.871000 
177.000000	-0.140095 	0.001000  	-6.871000 
178.000000	-0.093397 	0.001000  	-6.871000 
179.000000	-0.046698 	0.001000  	-6.871000 
180.000000	0.000000  	0.001000  	-6.871000 
! ------------------------------------------------------------------------------
! data for table	2         
! ------------------------------------------------------------------------------
  0.300000  	Re           ! Reynolds number in millions
  0.000000  	UserProp     ! User property (control) setting
Flase           InclUAdata   ! Is unsteady aerodynamics data included in this table? If TRUE, then include UA coefficients below this line. Any missing coefficients will be calculated internally.
! Table of aerodynamics coefficients
  361       	NumAlf       ! Number of data lines in the following table
!Alpha      Cl          Cd          Cm/Cp
!(deg)      (-)         (-)         (-)
-180.000000	0.000000  	0.001000  	-7.651500 
-179.000000	0.042575  	0.001000  	-7.651500 
-178.000000	0.085150  	0.001000  	-7.651500 
-177.000000	0.127725  	0.001000  	-7.651500 
-176.000000	0.170300  	0.001000  	-7.651500 
-175.000000	0.212875  	0.001000  	-7.651500 
-174.000000	0.255450  	0.001000  	-7.651500 
-173.000000	0.298025  	0.001000  	-7.651500 
-172.000000	0.340600  	0.001000  	-7.651500 
-171.000000	0.383175  	0.001000  	-7.651500 
-170.000000	0.425750  	0.001000  	-7.651500 
-169.000000	0.468325  	0.001000  	-7.651500 
-168.000000	0.510900  	0.001000  	-7.651500 
-167.000000	0.553475  	0.008827  	-7.651500 
-166.000000	0.596050  	0.016655  	-7.651500 
-165.000000	0.638625  	0.029174  	-7.651500 
-164.000000	0.681200  	0.041692  	-7.651500 
-163.000000	0.723775  	0.055697  	-7.651500 
-162.000000	0.766350  	0.069701  	-7.651500 
-161.000000	0.808925  	0.085123  	-7.651500 
-160.000000	0.851500  	0.100546  	-7.651500 
-159.000000	0.894075  	0.117314  	-7.651500 
-158.000000	0.936650  	0.134081  	-7.651500 
-157.000000	0.979225  	0.152113  	-7.651500 
-156.000000	1.021800  	0.170145  	-7.651500 
-155.000000	1.064375  	0.189355  	-7.651500 
-154.000000	1.106950  	0.208566  	-7.651500 
-153.000000	1.149525  	0.228863  	-7.651500 
-152.000000	1.192100  	0.249160  	-7.651500 
-151.000000	1.165052  	0.270981  	-7.651500 
-150.000000	1.138004  	0.292803  	-7.651500 
-149.000000	1.110956  	0.314624  	-7.651500 
-148.000000	1.083908  	0.336446  	-7.651500 
-147.000000	1.059818  	0.359226  	-7.651500 
-146.000000	1.037947  	0.382726  	-7.651500 
-145.000000	1.016076  	0.406225  	-7.651500 
-144.000000	0.994204  	0.429725  	-7.651500 
-143.000000	0.972729  	0.453386  	-7.651500 
-142.000000	0.953631  	0.478015  	-7.651500 
-141.000000	0.934532  	0.502645  	-7.651500 
-140.000000	0.915433  	0.527274  	-7.651500 
-139.000000	0.896335  	0.551904  	-7.651500 
-138.000000	0.878180  	0.576930  	-7.651500 
-137.000000	0.860403  	0.602115  	-7.651500 
-136.000000	0.842626  	0.627300  	-7.651500 
-135.000000	0.824849  	0.652485  	-7.651500 
-134.000000	0.807195  	0.677661  	-7.651500 
-133.000000	0.789849  	0.702815  	-7.651500 
-132.000000	0.772503  	0.727969  	-7.651500 
-131.000000	0.755158  	0.753124  	-7.651500 
-130.000000	0.737812  	0.778278  	-7.651500 
-129.000000	0.720380  	0.802905  	-7.651500 
-128.000000	0.702934  	0.827445  	-7.651500 
-127.000000	0.685488  	0.851984  	-7.651500 
-126.000000	0.668042  	0.876523  	-7.651500 
-125.000000	0.650430  	0.900555  	-7.651500 
-124.000000	0.632597  	0.923911  	-7.651500 
-123.000000	0.614765  	0.947267  	-7.651500 
-122.000000	0.596932  	0.970622  	-7.651500 
-121.000000	0.579099  	0.993978  	-7.651500 
-120.000000	0.560773  	1.015611  	-7.651500 
-119.000000	0.542447  	1.037244  	-7.651500 
-118.000000	0.524121  	1.058876  	-7.651500 
-117.000000	0.505795  	1.080509  	-7.651500 
-116.000000	0.487203  	1.100873  	-7.651500 
-115.000000	0.468412  	1.120285  	-7.651500 
-114.000000	0.449620  	1.139697  	-7.651500 
-113.000000	0.430829  	1.159109  	-7.651500 
-112.000000	0.411991  	1.178140  	-7.651500 
-111.000000	0.392869  	1.194888  	-7.651500 
-110.000000	0.373748  	1.211635  	-7.651500 
-109.000000	0.354626  	1.228383  	-7.651500 
-108.000000	0.335505  	1.245131  	-7.651500 
-107.000000	0.316303  	1.259704  	-7.651500 
-106.000000	0.297069  	1.273407  	-7.651500 
-105.000000	0.277836  	1.287111  	-7.651500 
-104.000000	0.258602  	1.300814  	-7.651500 
-103.000000	0.239418  	1.313561  	-7.651500 
-102.000000	0.220356  	1.323913  	-7.651500 
-101.000000	0.201294  	1.334266  	-7.651500 
-100.000000	0.182232  	1.344619  	-7.651500 
-99.000000	0.163171  	1.354972  	-7.651500 
-98.000000	0.144543  	1.362258  	-7.651500 
-97.000000	0.125988  	1.369034  	-7.651500 
-96.000000	0.107434  	1.375810  	-7.651500 
-95.000000	0.088879  	1.382586  	-7.651500 
-94.000000	0.070701  	1.387768  	-7.651500 
-93.000000	0.053026  	1.390826  	-7.651500 
-92.000000	0.035350  	1.393884  	-7.651500 
-91.000000	0.017675  	1.396942  	-7.651500 
-90.000000	0.000000  	1.400000  	-7.651500 
-89.000000	-0.017675 	1.396942  	-7.651500 
-88.000000	-0.035350 	1.393884  	-7.651500 
-87.000000	-0.053026 	1.390826  	-7.651500 
-86.000000	-0.070701 	1.387768  	-7.651500 
-85.000000	-0.088879 	1.382586  	-7.651500 
-84.000000	-0.107434 	1.375810  	-7.651500 
-83.000000	-0.125988 	1.369034  	-7.651500 
-82.000000	-0.144543 	1.362258  	-7.651500 
-81.000000	-0.163171 	1.354972  	-7.651500 
-80.000000	-0.182232 	1.344619  	-7.651500 
-79.000000	-0.201294 	1.334266  	-7.651500 
-78.000000	-0.220356 	1.323913  	-7.651500 
-77.000000	-0.239418 	1.313561  	-7.651500 
-76.000000	-0.258602 	1.300814  	-7.651500 
-75.000000	-0.277836 	1.287111  	-7.651500 
-74.000000	-0.297069 	1.273407  	-7.651500 
-73.000000	-0.316303 	1.259704  	-7.651500 
-72.000000	-0.335505 	1.245131  	-7.651500 
-71.000000	-0.354626 	1.228383  	-7.651500 
-70.000000	-0.373748 	1.211635  	-7.651500 
-69.000000	-0.392869 	1.194888  	-7.651500 
-68.000000	-0.411991 	1.178140  	-7.651500 
-67.000000	-0.430829 	1.159109  	-7.651500 
-66.000000	-0.449620 	1.139697  	-7.651500 
-65.000000	-0.468412 	1.120285  	-7.651500 
-64.000000	-0.487203 	1.100873  	-7.651500 
-63.000000	-0.505795 	1.080509  	-7.651500 
-62.000000	-0.524121 	1.058876  	-7.651500 
-61.000000	-0.542447 	1.037244  	-7.651500 
-60.000000	-0.560773 	1.015611  	-7.651500 
-59.000000	-0.579099 	0.993978  	-7.651500 
-58.000000	-0.596932 	0.970622  	-7.651500 
-57.000000	-0.614765 	0.947267  	-7.651500 
-56.000000	-0.632597 	0.923911  	-7.651500 
-55.000000	-0.650430 	0.900555  	-7.651500 
-54.000000	-0.668042 	0.876523  	-7.651500 
-53.000000	-0.685488 	0.851984  	-7.651500 
-52.000000	-0.702934 	0.827445  	-7.651500 
-51.000000	-0.720380 	0.802905  	-7.651500 
-50.000000	-0.737812 	0.778278  	-7.651500 
-49.000000	-0.755158 	0.753124  	-7.651500 
-48.000000	-0.772503 	0.727969  	-7.651500 
-47.000000	-0.789849 	0.702815  	-7.651500 
-46.000000	-0.807195 	0.677661  	-7.651500 
-45.000000	-0.824849 	0.652485  	-7.651500 
-44.000000	-0.842626 	0.627300  	-7.651500 
-43.000000	-0.860403 	0.602115  	-7.651500 
-42.000000	-0.878180 	0.576930  	-7.651500 
-41.000000	-0.896335 	0.551904  	-7.651500 
-40.000000	-0.915433 	0.527274  	-7.651500 
-39.000000	-0.934532 	0.502645  	-7.651500 
-38.000000	-0.953631 	0.478015  	-7.651500 
-37.000000	-0.972729 	0.453386  	-7.651500 
-36.000000	-0.994204 	0.429725  	-7.651500 
-35.000000	-1.016076 	0.406225  	-7.651500 
-34.000000	-1.037947 	0.382726  	-7.651500 
-33.000000	-1.059818 	0.359226  	-7.651500 
-32.000000	-1.083908 	0.336446  	-7.651500 
-31.000000	-1.110956 	0.314624  	-7.651500 
-30.000000	-1.138004 	0.292803  	-7.651500 
-29.000000	-1.165052 	0.270981  	-7.651500 
-28.000000	-1.192100 	0.249160  	-7.651500 
-27.000000	-1.156789 	0.236757  	-7.651500 
-26.000000	-1.121478 	0.224354  	-7.651500 
-25.000000	-1.086167 	0.211952  	-7.651500 
-24.000000	-1.050856 	0.199549  	-7.651500 
-23.000000	-1.015544 	0.187146  	-7.651500 
-22.000000	-0.980233 	0.174743  	-7.651500 
-21.000000	-0.944922 	0.162341  	-7.651500 
-20.000000	-0.909611 	0.149938  	-7.651500 
-19.000000	-0.874300 	0.137535  	-7.651500 
-18.000000	-0.838989 	0.125132  	-7.651500 
-17.000000	-0.803678 	0.112729  	-7.651500 
-16.000000	-0.768367 	0.100327  	-7.651500 
-15.000000	-0.733056 	0.087924  	-7.651500 
-14.000000	-0.697744 	0.075521  	-7.651500 
-13.000000	-0.662433 	0.063118  	-7.651500 
-12.000000	-0.627122 	0.050716  	-6.337233 
-11.000000	-0.591811 	0.038313  	-4.037267 
-10.000000	-0.556500 	0.025910  	-1.737300 
-9.000000 	-0.425000 	0.029360  	-1.575300 
-8.000000 	-0.292600 	0.032530  	-1.418200 
-7.000000 	-0.167800 	0.034710  	-1.279100 
-6.000000 	-0.021500 	0.020640  	-1.257000 
-5.000000 	0.131200  	0.019620  	-1.140000 
-4.000000 	0.237900  	0.020440  	-1.040200 
-3.000000 	0.383900  	0.019910  	-0.983000 
-2.000000 	0.529900  	0.019560  	-1.079900 
-1.000000 	0.653900  	0.019935  	-1.171100 
0.000000  	0.777900  	0.020310  	-1.262300 
1.000000  	0.913100  	0.020420  	-1.373600 
2.000000  	1.046100  	0.020630  	-1.501500 
3.000000  	1.150800  	0.021380  	-1.642900 
4.000000  	1.267600  	0.021480  	-1.819500 
5.000000  	1.385100  	0.021620  	-2.033600 
6.000000  	1.478200  	0.022080  	-2.265900 
7.000000  	1.555900  	0.022650  	-2.515100 
8.000000  	1.615500  	0.023650  	-2.782600 
9.000000  	1.652100  	0.026190  	-3.054700 
10.000000 	1.657700  	0.031290  	-3.297400 
11.000000 	1.651900  	0.040340  	-3.484900 
12.000000 	1.627500  	0.052370  	-3.664700 
13.000000 	1.613900  	0.065570  	-3.857700 
14.000000 	1.602800  	0.078470  	-4.093000 
15.000000 	1.598200  	0.091950  	-4.301400 
16.000000 	1.596800  	0.104570  	-4.583100 
17.000000 	1.602200  	0.117270  	-4.837300 
18.000000 	1.606500  	0.129770  	-5.091700 
19.000000 	1.616000  	0.142040  	-5.373700 
20.000000 	1.626500  	0.154240  	-5.671000 
21.000000 	1.636900  	0.165940  	-5.963600 
22.000000 	1.648700  	0.177990  	-6.241200 
23.000000 	1.660800  	0.189400  	-6.492500 
24.000000 	1.674300  	0.200640  	-6.830500 
25.000000 	1.686700  	0.212150  	-7.112100 
26.000000 	1.695600  	0.223860  	-7.319100 
27.000000 	1.701200  	0.236070  	-7.502400 
28.000000 	1.703000  	0.249160  	-7.651500 
29.000000 	1.664360  	0.270981  	-7.651500 
30.000000 	1.625720  	0.292803  	-7.651500 
31.000000 	1.587080  	0.314624  	-7.651500 
32.000000 	1.548439  	0.336446  	-7.651500 
33.000000 	1.514025  	0.359226  	-7.651500 
34.000000 	1.482781  	0.382726  	-7.651500 
35.000000 	1.451537  	0.406225  	-7.651500 
36.000000 	1.420292  	0.429725  	-7.651500 
37.000000 	1.389613  	0.453386  	-7.651500 
38.000000 	1.362330  	0.478015  	-7.651500 
39.000000 	1.335046  	0.502645  	-7.651500 
40.000000 	1.307762  	0.527274  	-7.651500 
41.000000 	1.280478  	0.551904  	-7.651500 
42.000000 	1.254543  	0.576930  	-7.651500 
43.000000 	1.229147  	0.602115  	-7.651500 
44.000000 	1.203751  	0.627300  	-7.651500 
45.000000 	1.178355  	0.652485  	-7.651500 
46.000000 	1.153135  	0.677661  	-7.651500 
47.000000 	1.128356  	0.702815  	-7.651500 
48.000000 	1.103576  	0.727969  	-7.651500 
49.000000 	1.078797  	0.753124  	-7.651500 
50.000000 	1.054017  	0.778278  	-7.651500 
51.000000 	1.029114  	0.802905  	-7.651500 
52.000000 	1.004191  	0.827445  	-7.651500 
53.000000 	0.979268  	0.851984  	-7.651500 
54.000000 	0.954345  	0.876523  	-7.651500 
55.000000 	0.929185  	0.900555  	-7.651500 
56.000000 	0.903710  	0.923911  	-7.651500 
57.000000 	0.878235  	0.947267  	-7.651500 
58.000000 	0.852760  	0.970622  	-7.651500 
59.000000 	0.827285  	0.993978  	-7.651500 
60.000000 	0.801104  	1.015611  	-7.651500 
61.000000 	0.774924  	1.037244  	-7.651500 
62.000000 	0.748744  	1.058876  	-7.651500 
63.000000 	0.722564  	1.080509  	-7.651500 
64.000000 	0.696004  	1.100873  	-7.651500 
65.000000 	0.669159  	1.120285  	-7.651500 
66.000000 	0.642315  	1.139697  	-7.651500 
67.000000 	0.615470  	1.159109  	-7.651500 
68.000000 	0.588558  	1.178140  	-7.651500 
69.000000 	0.561242  	1.194888  	-7.651500 
70.000000 	0.533926  	1.211635  	-7.651500 
71.000000 	0.506609  	1.228383  	-7.651500 
72.000000 	0.479293  	1.245131  	-7.651500 
73.000000 	0.451862  	1.259704  	-7.651500 
74.000000 	0.424385  	1.273407  	-7.651500 
75.000000 	0.396908  	1.287111  	-7.651500 
76.000000 	0.369432  	1.300814  	-7.651500 
77.000000 	0.342025  	1.313561  	-7.651500 
78.000000 	0.314794  	1.323913  	-7.651500 
79.000000 	0.287563  	1.334266  	-7.651500 
80.000000 	0.260332  	1.344619  	-7.651500 
81.000000 	0.233101  	1.354972  	-7.651500 
82.000000 	0.206490  	1.362258  	-7.651500 
83.000000 	0.179984  	1.369034  	-7.651500 
84.000000 	0.153477  	1.375810  	-7.651500 
85.000000 	0.126970  	1.382586  	-7.651500 
86.000000 	0.101001  	1.387768  	-7.651500 
87.000000 	0.075751  	1.390826  	-7.651500 
88.000000 	0.050501  	1.393884  	-7.651500 
89.000000 	0.025250  	1.396942  	-7.651500 
90.000000 	0.000000  	1.400000  	-7.651500 
91.000000 	-0.017675 	1.396942  	-7.651500 
92.000000 	-0.035350 	1.393884  	-7.651500 
93.000000 	-0.053026 	1.390826  	-7.651500 
94.000000 	-0.070701 	1.387768  	-7.651500 
95.000000 	-0.088879 	1.382586  	-7.651500 
96.000000 	-0.107434 	1.375810  	-7.651500 
97.000000 	-0.125988 	1.369034  	-7.651500 
98.000000 	-0.144543 	1.362258  	-7.651500 
99.000000 	-0.163171 	1.354972  	-7.651500 
100.000000	-0.182232 	1.344619  	-7.651500 
101.000000	-0.201294 	1.334266  	-7.651500 
102.000000	-0.220356 	1.323913  	-7.651500 
103.000000	-0.239418 	1.313561  	-7.651500 
104.000000	-0.258602 	1.300814  	-7.651500 
105.000000	-0.277836 	1.287111  	-7.651500 
106.000000	-0.297069 	1.273407  	-7.651500 
107.000000	-0.316303 	1.259704  	-7.651500 
108.000000	-0.335505 	1.245131  	-7.651500 
109.000000	-0.354626 	1.228383  	-7.651500 
110.000000	-0.373748 	1.211635  	-7.651500 
111.000000	-0.392869 	1.194888  	-7.651500 
112.000000	-0.411991 	1.178140  	-7.651500 
113.000000	-0.430829 	1.159109  	-7.651500 
114.000000	-0.449620 	1.139697  	-7.651500 
115.000000	-0.468412 	1.120285  	-7.651500 
116.000000	-0.487203 	1.100873  	-7.651500 
117.000000	-0.505795 	1.080509  	-7.651500 
118.000000	-0.524121 	1.058876  	-7.651500 
119.000000	-0.542447 	1.037244  	-7.651500 
120.000000	-0.560773 	1.015611  	-7.651500 
121.000000	-0.579099 	0.993978  	-7.651500 
122.000000	-0.596932 	0.970622  	-7.651500 
123.000000	-0.614765 	0.947267  	-7.651500 
124.000000	-0.632597 	0.923911  	-7.651500 
125.000000	-0.650430 	0.900555  	-7.651500 
126.000000	-0.668042 	0.876523  	-7.651500 
127.000000	-0.685488 	0.851984  	-7.651500 
128.000000	-0.702934 	0.827445  	-7.651500 
129.000000	-0.720380 	0.802905  	-7.651500 
130.000000	-0.737812 	0.778278  	-7.651500 
131.000000	-0.755158 	0.753124  	-7.651500 
132.000000	-0.772503 	0.727969  	-7.651500 
133.000000	-0.789849 	0.702815  	-7.651500 
134.000000	-0.807195 	0.677661  	-7.651500 
135.000000	-0.824849 	0.652485  	-7.651500 
136.000000	-0.842626 	0.627300  	-7.651500 
137.000000	-0.860403 	0.602115  	-7.651500 
138.000000	-0.878180 	0.576930  	-7.651500 
139.000000	-0.896335 	0.551904  	-7.651500 
140.000000	-0.915433 	0.527274  	-7.651500 
141.000000	-0.934532 	0.502645  	-7.651500 
142.000000	-0.953631 	0.478015  	-7.651500 
143.000000	-0.972729 	0.453386  	-7.651500 
144.000000	-0.994204 	0.429725  	-7.651500 
145.000000	-1.016076 	0.406225  	-7.651500 
146.000000	-1.037947 	0.382726  	-7.651500 
147.000000	-1.059818 	0.359226  	-7.651500 
148.000000	-1.083908 	0.336446  	-7.651500 
149.000000	-1.110956 	0.314624  	-7.651500 
150.000000	-1.138004 	0.292803  	-7.651500 
151.000000	-1.165052 	0.270981  	-7.651500 
152.000000	-1.192100 	0.249160  	-7.651500 
153.000000	-1.149525 	0.228863  	-7.651500 
154.000000	-1.106950 	0.208566  	-7.651500 
155.000000	-1.064375 	0.189355  	-7.651500 
156.000000	-1.021800 	0.170145  	-7.651500 
157.000000	-0.979225 	0.152113  	-7.651500 
158.000000	-0.936650 	0.134081  	-7.651500 
159.000000	-0.894075 	0.117314  	-7.651500 
160.000000	-0.851500 	0.100546  	-7.651500 
161.000000	-0.808925 	0.085123  	-7.651500 
162.000000	-0.766350 	0.069701  	-7.651500 
163.000000	-0.723775 	0.055697  	-7.651500 
164.000000	-0.681200 	0.041692  	-7.651500 
165.000000	-0.638625 	0.029174  	-7.651500 
166.000000	-0.596050 	0.016655  	-7.651500 
167.000000	-0.553475 	0.008827  	-7.651500 
168.000000	-0.510900 	0.001000  	-7.651500 
169.000000	-0.468325 	0.001000  	-7.651500 
170.000000	-0.425750 	0.001000  	-7.651500 
171.000000	-0.383175 	0.001000  	-7.651500 
172.000000	-0.340600 	0.001000  	-7.651500 
173.000000	-0.298025 	0.001000  	-7.651500 
174.000000	-0.255450 	0.001000  	-7.651500 
175.000000	-0.212875 	0.001000  	-7.651500 
176.000000	-0.170300 	0.001000  	-7.651500 
177.000000	-0.127725 	0.001000  	-7.651500 
178.000000	-0.085150 	0.001000  	-7.651500 
179.000000	-0.042575 	0.001000  	-7.651500 
180.000000	0.000000  	0.001000  	-7.651500 
! ------------------------------------------------------------------------------
! data for table	3         
! ------------------------------------------------------------------------------
  0.400000  	Re           ! Reynolds number in millions
  0.000000  	UserProp     ! User property (control) setting
Flase           InclUAdata   ! Is unsteady aerodynamics data included in this table? If TRUE, then include UA coefficients below this line. Any missing coefficients will be calculated internally.
! Table of aerodynamics coefficients
  361       	NumAlf       ! Number of data lines in the following table
!Alpha      Cl          Cd          Cm/Cp
!(deg)      (-)         (-)         (-)
-180.000000	0.000000  	0.001000  	-8.087300 
-179.000000	0.041792  	0.001000  	-8.087300 
-178.000000	0.083585  	0.001000  	-8.087300 
-177.000000	0.125377  	0.001000  	-8.087300 
-176.000000	0.167170  	0.001000  	-8.087300 
-175.000000	0.208962  	0.001000  	-8.087300 
-174.000000	0.250754  	0.001000  	-8.087300 
-173.000000	0.292547  	0.001000  	-8.087300 
-172.000000	0.334339  	0.001000  	-8.087300 
-171.000000	0.376132  	0.001000  	-8.087300 
-170.000000	0.417924  	0.001000  	-8.087300 
-169.000000	0.459717  	0.001000  	-8.087300 
-168.000000	0.501509  	0.001000  	-8.087300 
-167.000000	0.543301  	0.003751  	-8.087300 
-166.000000	0.585094  	0.008564  	-8.087300 
-165.000000	0.626886  	0.017460  	-8.087300 
-164.000000	0.668679  	0.030439  	-8.087300 
-163.000000	0.710471  	0.044072  	-8.087300 
-162.000000	0.752263  	0.058578  	-8.087300 
-161.000000	0.794056  	0.073602  	-8.087300 
-160.000000	0.835848  	0.089560  	-8.087300 
-159.000000	0.877641  	0.105910  	-8.087300 
-158.000000	0.919433  	0.123239  	-8.087300 
-157.000000	0.961226  	0.140843  	-8.087300 
-156.000000	1.003018  	0.159454  	-8.087300 
-155.000000	1.044810  	0.178235  	-8.087300 
-154.000000	1.086603  	0.198034  	-8.087300 
-153.000000	1.128395  	0.217910  	-8.087300 
-152.000000	1.170188  	0.238795  	-8.087300 
-151.000000	1.211980  	0.259680  	-8.087300 
-150.000000	1.184105  	0.282021  	-8.087300 
-149.000000	1.156230  	0.304363  	-8.087300 
-148.000000	1.128356  	0.326704  	-8.087300 
-147.000000	1.100481  	0.349045  	-8.087300 
-146.000000	1.075784  	0.372385  	-8.087300 
-145.000000	1.052851  	0.396281  	-8.087300 
-144.000000	1.029919  	0.420176  	-8.087300 
-143.000000	1.006987  	0.444072  	-8.087300 
-142.000000	0.984831  	0.468258  	-8.087300 
-141.000000	0.964618  	0.493170  	-8.087300 
-140.000000	0.944404  	0.518081  	-8.087300 
-139.000000	0.924190  	0.542993  	-8.087300 
-138.000000	0.903977  	0.567905  	-8.087300 
-137.000000	0.885023  	0.593241  	-8.087300 
-136.000000	0.866165  	0.618610  	-8.087300 
-135.000000	0.847308  	0.643978  	-8.087300 
-134.000000	0.828451  	0.669347  	-8.087300 
-133.000000	0.809887  	0.694651  	-8.087300 
-132.000000	0.791543  	0.719907  	-8.087300 
-131.000000	0.773199  	0.745163  	-8.087300 
-130.000000	0.754855  	0.770419  	-8.087300 
-129.000000	0.736512  	0.795530  	-8.087300 
-128.000000	0.718173  	0.820109  	-8.087300 
-127.000000	0.699835  	0.844688  	-8.087300 
-126.000000	0.681496  	0.869266  	-8.087300 
-125.000000	0.663158  	0.893845  	-8.087300 
-124.000000	0.644590  	0.917373  	-8.087300 
-123.000000	0.625983  	0.940726  	-8.087300 
-122.000000	0.607377  	0.964079  	-8.087300 
-121.000000	0.588771  	0.987431  	-8.087300 
-120.000000	0.569980  	1.009912  	-8.087300 
-119.000000	0.551003  	1.031520  	-8.087300 
-118.000000	0.532027  	1.053128  	-8.087300 
-117.000000	0.513050  	1.074736  	-8.087300 
-116.000000	0.494025  	1.096026  	-8.087300 
-115.000000	0.474706  	1.115412  	-8.087300 
-114.000000	0.455388  	1.134797  	-8.087300 
-113.000000	0.436069  	1.154182  	-8.087300 
-112.000000	0.416750  	1.173568  	-8.087300 
-111.000000	0.397265  	1.190872  	-8.087300 
-110.000000	0.377734  	1.207609  	-8.087300 
-109.000000	0.358203  	1.224346  	-8.087300 
-108.000000	0.338672  	1.241083  	-8.087300 
-107.000000	0.319141  	1.256530  	-8.087300 
-106.000000	0.299608  	1.270255  	-8.087300 
-105.000000	0.280075  	1.283979  	-8.087300 
-104.000000	0.260542  	1.297704  	-8.087300 
-103.000000	0.241029  	1.311193  	-8.087300 
-102.000000	0.221769  	1.321612  	-8.087300 
-101.000000	0.202509  	1.332031  	-8.087300 
-100.000000	0.183248  	1.342450  	-8.087300 
-99.000000	0.163988  	1.352869  	-8.087300 
-98.000000	0.145153  	1.360772  	-8.087300 
-97.000000	0.126488  	1.367668  	-8.087300 
-96.000000	0.107824  	1.374564  	-8.087300 
-95.000000	0.089159  	1.381460  	-8.087300 
-94.000000	0.070836  	1.387049  	-8.087300 
-93.000000	0.053127  	1.390287  	-8.087300 
-92.000000	0.035418  	1.393525  	-8.087300 
-91.000000	0.017709  	1.396762  	-8.087300 
-90.000000	0.000000  	1.400000  	-8.087300 
-89.000000	-0.017709 	1.396762  	-8.087300 
-88.000000	-0.035418 	1.393525  	-8.087300 
-87.000000	-0.053127 	1.390287  	-8.087300 
-86.000000	-0.070836 	1.387049  	-8.087300 
-85.000000	-0.089159 	1.381460  	-8.087300 
-84.000000	-0.107824 	1.374564  	-8.087300 
-83.000000	-0.126488 	1.367668  	-8.087300 
-82.000000	-0.145153 	1.360772  	-8.087300 
-81.000000	-0.163988 	1.352869  	-8.087300 
-80.000000	-0.183248 	1.342450  	-8.087300 
-79.000000	-0.202509 	1.332031  	-8.087300 
-78.000000	-0.221769 	1.321612  	-8.087300 
-77.000000	-0.241029 	1.311193  	-8.087300 
-76.000000	-0.260542 	1.297704  	-8.087300 
-75.000000	-0.280075 	1.283979  	-8.087300 
-74.000000	-0.299608 	1.270255  	-8.087300 
-73.000000	-0.319141 	1.256530  	-8.087300 
-72.000000	-0.338672 	1.241083  	-8.087300 
-71.000000	-0.358203 	1.224346  	-8.087300 
-70.000000	-0.377734 	1.207609  	-8.087300 
-69.000000	-0.397265 	1.190872  	-8.087300 
-68.000000	-0.416750 	1.173568  	-8.087300 
-67.000000	-0.436069 	1.154182  	-8.087300 
-66.000000	-0.455388 	1.134797  	-8.087300 
-65.000000	-0.474706 	1.115412  	-8.087300 
-64.000000	-0.494025 	1.096026  	-8.087300 
-63.000000	-0.513050 	1.074736  	-8.087300 
-62.000000	-0.532027 	1.053128  	-8.087300 
-61.000000	-0.551003 	1.031520  	-8.087300 
-60.000000	-0.569980 	1.009912  	-8.087300 
-59.000000	-0.588771 	0.987431  	-8.087300 
-58.000000	-0.607377 	0.964079  	-8.087300 
-57.000000	-0.625983 	0.940726  	-8.087300 
-56.000000	-0.644590 	0.917373  	-8.087300 
-55.000000	-0.663158 	0.893845  	-8.087300 
-54.000000	-0.681496 	0.869266  	-8.087300 
-53.000000	-0.699835 	0.844688  	-8.087300 
-52.000000	-0.718173 	0.820109  	-8.087300 
-51.000000	-0.736512 	0.795530  	-8.087300 
-50.000000	-0.754855 	0.770419  	-8.087300 
-49.000000	-0.773199 	0.745163  	-8.087300 
-48.000000	-0.791543 	0.719907  	-8.087300 
-47.000000	-0.809887 	0.694651  	-8.087300 
-46.000000	-0.828451 	0.669347  	-8.087300 
-45.000000	-0.847308 	0.643978  	-8.087300 
-44.000000	-0.866165 	0.618610  	-8.087300 
-43.000000	-0.885023 	0.593241  	-8.087300 
-42.000000	-0.903977 	0.567905  	-8.087300 
-41.000000	-0.924190 	0.542993  	-8.087300 
-40.000000	-0.944404 	0.518081  	-8.087300 
-39.000000	-0.964618 	0.493170  	-8.087300 
-38.000000	-0.984831 	0.468258  	-8.087300 
-37.000000	-1.006987 	0.444072  	-8.087300 
-36.000000	-1.029919 	0.420176  	-8.087300 
-35.000000	-1.052851 	0.396281  	-8.087300 
-34.000000	-1.075784 	0.372385  	-8.087300 
-33.000000	-1.100481 	0.349045  	-8.087300 
-32.000000	-1.128356 	0.326704  	-8.087300 
-31.000000	-1.156230 	0.304363  	-8.087300 
-30.000000	-1.184105 	0.282021  	-8.087300 
-29.000000	-1.211980 	0.259680  	-8.087300 
-28.000000	-1.176481 	0.246591  	-8.087300 
-27.000000	-1.140982 	0.233501  	-8.087300 
-26.000000	-1.105483 	0.220412  	-8.087300 
-25.000000	-1.069984 	0.207322  	-8.087300 
-24.000000	-1.034485 	0.194233  	-8.087300 
-23.000000	-0.998986 	0.181143  	-8.087300 
-22.000000	-0.963487 	0.168054  	-8.087300 
-21.000000	-0.927988 	0.154964  	-8.087300 
-20.000000	-0.892489 	0.141875  	-8.087300 
-19.000000	-0.856991 	0.128785  	-8.087300 
-18.000000	-0.821492 	0.115696  	-8.087300 
-17.000000	-0.785993 	0.102606  	-8.087300 
-16.000000	-0.750494 	0.089517  	-8.087300 
-15.000000	-0.714995 	0.076427  	-8.087300 
-14.000000	-0.679496 	0.063338  	-8.087300 
-13.000000	-0.643997 	0.050248  	-8.087300 
-12.000000	-0.608498 	0.037159  	-6.407037 
-11.000000	-0.572999 	0.024069  	-4.054668 
-10.000000	-0.537500 	0.010980  	-1.702300 
-9.000000 	-0.396800 	0.010070  	-1.572700 
-8.000000 	-0.247400 	0.009430  	-1.444400 
-7.000000 	-0.105100 	0.009160  	-1.321200 
-6.000000 	0.027900  	0.016230  	-1.253000 
-5.000000 	0.166000  	0.016060  	-1.139600 
-4.000000 	0.305000  	0.016000  	-1.078750 
-3.000000 	0.444000  	0.015940  	-1.017900 
-2.000000 	0.570300  	0.016160  	-1.106100 
-1.000000 	0.703300  	0.016320  	-1.199400 
0.000000  	0.836700  	0.016560  	-1.300800 
1.000000  	0.959800  	0.016940  	-1.406500 
2.000000  	1.080100  	0.017290  	-1.528200 
3.000000  	1.198400  	0.017540  	-1.683100 
4.000000  	1.313300  	0.017850  	-1.864200 
5.000000  	1.414400  	0.018330  	-2.066500 
6.000000  	1.509100  	0.018830  	-2.305400 
7.000000  	1.592800  	0.019640  	-2.567600 
8.000000  	1.640600  	0.021240  	-2.826200 
9.000000  	1.682900  	0.024230  	-3.116000 
10.000000 	1.692900  	0.029940  	-3.369600 
11.000000 	1.683000  	0.039420  	-3.551000 
12.000000 	1.670500  	0.051270  	-3.760000 
13.000000 	1.653400  	0.064310  	-3.957500 
14.000000 	1.645000  	0.077350  	-4.214000 
15.000000 	1.637500  	0.090650  	-4.417900 
16.000000 	1.634300  	0.103790  	-4.705800 
17.000000 	1.634200  	0.116790  	-4.946700 
18.000000 	1.636800  	0.129630  	-5.205600 
19.000000 	1.639400  	0.142610  	-5.468600 
20.000000 	1.645600  	0.155270  	-5.758600 
21.000000 	1.650800  	0.168020  	-6.031800 
22.000000 	1.658100  	0.180630  	-6.297300 
23.000000 	1.665400  	0.192900  	-6.527400 
24.000000 	1.676500  	0.204640  	-6.858300 
25.000000 	1.685400  	0.216530  	-7.131500 
26.000000 	1.696300  	0.227910  	-7.355300 
27.000000 	1.704800  	0.239630  	-7.565800 
28.000000 	1.711200  	0.251350  	-7.770800 
29.000000 	1.731400  	0.259680  	-8.087300 
30.000000 	1.691579  	0.282021  	-8.087300 
31.000000 	1.651758  	0.304363  	-8.087300 
32.000000 	1.611937  	0.326704  	-8.087300 
33.000000 	1.572116  	0.349045  	-8.087300 
34.000000 	1.536834  	0.372385  	-8.087300 
35.000000 	1.504073  	0.396281  	-8.087300 
36.000000 	1.471313  	0.420176  	-8.087300 
37.000000 	1.438553  	0.444072  	-8.087300 
38.000000 	1.406902  	0.468258  	-8.087300 
39.000000 	1.378025  	0.493170  	-8.087300 
40.000000 	1.349149  	0.518081  	-8.087300 
41.000000 	1.320272  	0.542993  	-8.087300 
42.000000 	1.291395  	0.567905  	-8.087300 
43.000000 	1.264318  	0.593241  	-8.087300 
44.000000 	1.237379  	0.618610  	-8.087300 
45.000000 	1.210440  	0.643978  	-8.087300 
46.000000 	1.183502  	0.669347  	-8.087300 
47.000000 	1.156982  	0.694651  	-8.087300 
48.000000 	1.130776  	0.719907  	-8.087300 
49.000000 	1.104570  	0.745163  	-8.087300 
50.000000 	1.078364  	0.770419  	-8.087300 
51.000000 	1.052159  	0.795530  	-8.087300 
52.000000 	1.025962  	0.820109  	-8.087300 
53.000000 	0.999764  	0.844688  	-8.087300 
54.000000 	0.973566  	0.869266  	-8.087300 
55.000000 	0.947368  	0.893845  	-8.087300 
56.000000 	0.920842  	0.917373  	-8.087300 
57.000000 	0.894262  	0.940726  	-8.087300 
58.000000 	0.867682  	0.964079  	-8.087300 
59.000000 	0.841101  	0.987431  	-8.087300 
60.000000 	0.814257  	1.009912  	-8.087300 
61.000000 	0.787147  	1.031520  	-8.087300 
62.000000 	0.760038  	1.053128  	-8.087300 
63.000000 	0.732929  	1.074736  	-8.087300 
64.000000 	0.705750  	1.096026  	-8.087300 
65.000000 	0.678152  	1.115412  	-8.087300 
66.000000 	0.650554  	1.134797  	-8.087300 
67.000000 	0.622956  	1.154182  	-8.087300 
68.000000 	0.595358  	1.173568  	-8.087300 
69.000000 	0.567521  	1.190872  	-8.087300 
70.000000 	0.539620  	1.207609  	-8.087300 
71.000000 	0.511719  	1.224346  	-8.087300 
72.000000 	0.483817  	1.241083  	-8.087300 
73.000000 	0.455915  	1.256530  	-8.087300 
74.000000 	0.428011  	1.270255  	-8.087300 
75.000000 	0.400107  	1.283979  	-8.087300 
76.000000 	0.372203  	1.297704  	-8.087300 
77.000000 	0.344327  	1.311193  	-8.087300 
78.000000 	0.316813  	1.321612  	-8.087300 
79.000000 	0.289298  	1.332031  	-8.087300 
80.000000 	0.261783  	1.342450  	-8.087300 
81.000000 	0.234268  	1.352869  	-8.087300 
82.000000 	0.207361  	1.360772  	-8.087300 
83.000000 	0.180698  	1.367668  	-8.087300 
84.000000 	0.154034  	1.374564  	-8.087300 
85.000000 	0.127370  	1.381460  	-8.087300 
86.000000 	0.101194  	1.387049  	-8.087300 
87.000000 	0.075896  	1.390287  	-8.087300 
88.000000 	0.050597  	1.393525  	-8.087300 
89.000000 	0.025299  	1.396762  	-8.087300 
90.000000 	0.000000  	1.400000  	-8.087300 
91.000000 	-0.017709 	1.396762  	-8.087300 
92.000000 	-0.035418 	1.393525  	-8.087300 
93.000000 	-0.053127 	1.390287  	-8.087300 
94.000000 	-0.070836 	1.387049  	-8.087300 
95.000000 	-0.089159 	1.381460  	-8.087300 
96.000000 	-0.107824 	1.374564  	-8.087300 
97.000000 	-0.126488 	1.367668  	-8.087300 
98.000000 	-0.145153 	1.360772  	-8.087300 
99.000000 	-0.163988 	1.352869  	-8.087300 
100.000000	-0.183248 	1.342450  	-8.087300 
101.000000	-0.202509 	1.332031  	-8.087300 
102.000000	-0.221769 	1.321612  	-8.087300 
103.000000	-0.241029 	1.311193  	-8.087300 
104.000000	-0.260542 	1.297704  	-8.087300 
105.000000	-0.280075 	1.283979  	-8.087300 
106.000000	-0.299608 	1.270255  	-8.087300 
107.000000	-0.319141 	1.256530  	-8.087300 
108.000000	-0.338672 	1.241083  	-8.087300 
109.000000	-0.358203 	1.224346  	-8.087300 
110.000000	-0.377734 	1.207609  	-8.087300 
111.000000	-0.397265 	1.190872  	-8.087300 
112.000000	-0.416750 	1.173568  	-8.087300 
113.000000	-0.436069 	1.154182  	-8.087300 
114.000000	-0.455388 	1.134797  	-8.087300 
115.000000	-0.474706 	1.115412  	-8.087300 
116.000000	-0.494025 	1.096026  	-8.087300 
117.000000	-0.513050 	1.074736  	-8.087300 
118.000000	-0.532027 	1.053128  	-8.087300 
119.000000	-0.551003 	1.031520  	-8.087300 
120.000000	-0.569980 	1.009912  	-8.087300 
121.000000	-0.588771 	0.987431  	-8.087300 
122.000000	-0.607377 	0.964079  	-8.087300 
123.000000	-0.625983 	0.940726  	-8.087300 
124.000000	-0.644590 	0.917373  	-8.087300 
125.000000	-0.663158 	0.893845  	-8.087300 
126.000000	-0.681496 	0.869266  	-8.087300 
127.000000	-0.699835 	0.844688  	-8.087300 
128.000000	-0.718173 	0.820109  	-8.087300 
129.000000	-0.736512 	0.795530  	-8.087300 
130.000000	-0.754855 	0.770419  	-8.087300 
131.000000	-0.773199 	0.745163  	-8.087300 
132.000000	-0.791543 	0.719907  	-8.087300 
133.000000	-0.809887 	0.694651  	-8.087300 
134.000000	-0.828451 	0.669347  	-8.087300 
135.000000	-0.847308 	0.643978  	-8.087300 
136.000000	-0.866165 	0.618610  	-8.087300 
137.000000	-0.885023 	0.593241  	-8.087300 
138.000000	-0.903977 	0.567905  	-8.087300 
139.000000	-0.924190 	0.542993  	-8.087300 
140.000000	-0.944404 	0.518081  	-8.087300 
141.000000	-0.964618 	0.493170  	-8.087300 
142.000000	-0.984831 	0.468258  	-8.087300 
143.000000	-1.006987 	0.444072  	-8.087300 
144.000000	-1.029919 	0.420176  	-8.087300 
145.000000	-1.052851 	0.396281  	-8.087300 
146.000000	-1.075784 	0.372385  	-8.087300 
147.000000	-1.100481 	0.349045  	-8.087300 
148.000000	-1.128356 	0.326704  	-8.087300 
149.000000	-1.156230 	0.304363  	-8.087300 
150.000000	-1.184105 	0.282021  	-8.087300 
151.000000	-1.211980 	0.259680  	-8.087300 
152.000000	-1.170188 	0.238795  	-8.087300 
153.000000	-1.128395 	0.217910  	-8.087300 
154.000000	-1.086603 	0.198034  	-8.087300 
155.000000	-1.044810 	0.178235  	-8.087300 
156.000000	-1.003018 	0.159454  	-8.087300 
157.000000	-0.961226 	0.140843  	-8.087300 
158.000000	-0.919433 	0.123239  	-8.087300 
159.000000	-0.877641 	0.105910  	-8.087300 
160.000000	-0.835848 	0.089560  	-8.087300 
161.000000	-0.794056 	0.073602  	-8.087300 
162.000000	-0.752263 	0.058578  	-8.087300 
163.000000	-0.710471 	0.044072  	-8.087300 
164.000000	-0.668679 	0.030439  	-8.087300 
165.000000	-0.626886 	0.017460  	-8.087300 
166.000000	-0.585094 	0.008564  	-8.087300 
167.000000	-0.543301 	0.003751  	-8.087300 
168.000000	-0.501509 	0.001000  	-8.087300 
169.000000	-0.459717 	0.001000  	-8.087300 
170.000000	-0.417924 	0.001000  	-8.087300 
171.000000	-0.376132 	0.001000  	-8.087300 
172.000000	-0.334339 	0.001000  	-8.087300 
173.000000	-0.292547 	0.001000  	-8.087300 
174.000000	-0.250754 	0.001000  	-8.087300 
175.000000	-0.208962 	0.001000  	-8.087300 
176.000000	-0.167170 	0.001000  	-8.087300 
177.000000	-0.125377 	0.001000  	-8.087300 
178.000000	-0.083585 	0.001000  	-8.087300 
179.000000	-0.041792 	0.001000  	-8.087300 
180.000000	0.000000  	0.001000  	-8.087300 
! ------------------------------------------------------------------------------
! data for table	4         
! ------------------------------------------------------------------------------
  0.500000  	Re           ! Reynolds number in millions
  0.000000  	UserProp     ! User property (control) setting
Flase           InclUAdata   ! Is unsteady aerodynamics data included in this table? If TRUE, then include UA coefficients below this line. Any missing coefficients will be calculated internally.
! Table of aerodynamics coefficients
  361       	NumAlf       ! Number of data lines in the following table
!Alpha      Cl          Cd          Cm/Cp
!(deg)      (-)         (-)         (-)
-180.000000	0.000000  	0.001000  	-7.980900 
-179.000000	0.041474  	0.001000  	-7.980900 
-178.000000	0.082948  	0.001000  	-7.980900 
-177.000000	0.124421  	0.001000  	-7.980900 
-176.000000	0.165895  	0.001000  	-7.980900 
-175.000000	0.207369  	0.001000  	-7.980900 
-174.000000	0.248843  	0.001000  	-7.980900 
-173.000000	0.290317  	0.001000  	-7.980900 
-172.000000	0.331790  	0.001000  	-7.980900 
-171.000000	0.373264  	0.001000  	-7.980900 
-170.000000	0.414738  	0.001000  	-7.980900 
-169.000000	0.456212  	0.001000  	-7.980900 
-168.000000	0.497686  	0.001000  	-7.980900 
-167.000000	0.539159  	0.004526  	-7.980900 
-166.000000	0.580633  	0.010697  	-7.980900 
-165.000000	0.622107  	0.020265  	-7.980900 
-164.000000	0.663581  	0.033230  	-7.980900 
-163.000000	0.705054  	0.046849  	-7.980900 
-162.000000	0.746528  	0.061340  	-7.980900 
-161.000000	0.788002  	0.076348  	-7.980900 
-160.000000	0.829476  	0.092289  	-7.980900 
-159.000000	0.870950  	0.108621  	-7.980900 
-158.000000	0.912423  	0.125931  	-7.980900 
-157.000000	0.953897  	0.143516  	-7.980900 
-156.000000	0.995371  	0.162107  	-7.980900 
-155.000000	1.036845  	0.180867  	-7.980900 
-154.000000	1.078319  	0.200644  	-7.980900 
-153.000000	1.119792  	0.220498  	-7.980900 
-152.000000	1.161266  	0.241359  	-7.980900 
-151.000000	1.202740  	0.262220  	-7.980900 
-150.000000	1.175281  	0.284535  	-7.980900 
-149.000000	1.147821  	0.306850  	-7.980900 
-148.000000	1.120362  	0.329165  	-7.980900 
-147.000000	1.092902  	0.351480  	-7.980900 
-146.000000	1.068566  	0.374792  	-7.980900 
-145.000000	1.045964  	0.398658  	-7.980900 
-144.000000	1.023362  	0.422524  	-7.980900 
-143.000000	1.000760  	0.446390  	-7.980900 
-142.000000	0.978918  	0.470546  	-7.980900 
-141.000000	0.958974  	0.495425  	-7.980900 
-140.000000	0.939030  	0.520305  	-7.980900 
-139.000000	0.919086  	0.545184  	-7.980900 
-138.000000	0.899142  	0.570063  	-7.980900 
-137.000000	0.880415  	0.595364  	-7.980900 
-136.000000	0.861782  	0.620697  	-7.980900 
-135.000000	0.843148  	0.646030  	-7.980900 
-134.000000	0.824515  	0.671363  	-7.980900 
-133.000000	0.806155  	0.696631  	-7.980900 
-132.000000	0.787998  	0.721849  	-7.980900 
-131.000000	0.769842  	0.747067  	-7.980900 
-130.000000	0.751686  	0.772285  	-7.980900 
-129.000000	0.733524  	0.797358  	-7.980900 
-128.000000	0.715344  	0.821896  	-7.980900 
-127.000000	0.697164  	0.846434  	-7.980900 
-126.000000	0.678984  	0.870972  	-7.980900 
-125.000000	0.660804  	0.895511  	-7.980900 
-124.000000	0.642373  	0.918996  	-7.980900 
-123.000000	0.623900  	0.942306  	-7.980900 
-122.000000	0.605427  	0.965617  	-7.980900 
-121.000000	0.586954  	0.988927  	-7.980900 
-120.000000	0.568284  	1.011363  	-7.980900 
-119.000000	0.549419  	1.032927  	-7.980900 
-118.000000	0.530554  	1.054490  	-7.980900 
-117.000000	0.511689  	1.076054  	-7.980900 
-116.000000	0.492772  	1.097299  	-7.980900 
-115.000000	0.473544  	1.116638  	-7.980900 
-114.000000	0.454317  	1.135977  	-7.980900 
-113.000000	0.435090  	1.155316  	-7.980900 
-112.000000	0.415862  	1.174655  	-7.980900 
-111.000000	0.396454  	1.191913  	-7.980900 
-110.000000	0.376996  	1.208602  	-7.980900 
-109.000000	0.357538  	1.225291  	-7.980900 
-108.000000	0.338080  	1.241981  	-7.980900 
-107.000000	0.318614  	1.257378  	-7.980900 
-106.000000	0.299137  	1.271054  	-7.980900 
-105.000000	0.279660  	1.284731  	-7.980900 
-104.000000	0.260183  	1.298407  	-7.980900 
-103.000000	0.240724  	1.311846  	-7.980900 
-102.000000	0.221504  	1.322216  	-7.980900 
-101.000000	0.202283  	1.332585  	-7.980900 
-100.000000	0.183062  	1.342954  	-7.980900 
-99.000000	0.163841  	1.353323  	-7.980900 
-98.000000	0.145034  	1.361176  	-7.980900 
-97.000000	0.126393  	1.368021  	-7.980900 
-96.000000	0.107751  	1.374867  	-7.980900 
-95.000000	0.089110  	1.381713  	-7.980900 
-94.000000	0.070805  	1.387252  	-7.980900 
-93.000000	0.053104  	1.390439  	-7.980900 
-92.000000	0.035402  	1.393626  	-7.980900 
-91.000000	0.017701  	1.396813  	-7.980900 
-90.000000	0.000000  	1.400000  	-7.980900 
-89.000000	-0.017701 	1.396813  	-7.980900 
-88.000000	-0.035402 	1.393626  	-7.980900 
-87.000000	-0.053104 	1.390439  	-7.980900 
-86.000000	-0.070805 	1.387252  	-7.980900 
-85.000000	-0.089110 	1.381713  	-7.980900 
-84.000000	-0.107751 	1.374867  	-7.980900 
-83.000000	-0.126393 	1.368021  	-7.980900 
-82.000000	-0.145034 	1.361176  	-7.980900 
-81.000000	-0.163841 	1.353323  	-7.980900 
-80.000000	-0.183062 	1.342954  	-7.980900 
-79.000000	-0.202283 	1.332585  	-7.980900 
-78.000000	-0.221504 	1.322216  	-7.980900 
-77.000000	-0.240724 	1.311846  	-7.980900 
-76.000000	-0.260183 	1.298407  	-7.980900 
-75.000000	-0.279660 	1.284731  	-7.980900 
-74.000000	-0.299137 	1.271054  	-7.980900 
-73.000000	-0.318614 	1.257378  	-7.980900 
-72.000000	-0.338080 	1.241981  	-7.980900 
-71.000000	-0.357538 	1.225291  	-7.980900 
-70.000000	-0.376996 	1.208602  	-7.980900 
-69.000000	-0.396454 	1.191913  	-7.980900 
-68.000000	-0.415862 	1.174655  	-7.980900 
-67.000000	-0.435090 	1.155316  	-7.980900 
-66.000000	-0.454317 	1.135977  	-7.980900 
-65.000000	-0.473544 	1.116638  	-7.980900 
-64.000000	-0.492772 	1.097299  	-7.980900 
-63.000000	-0.511689 	1.076054  	-7.980900 
-62.000000	-0.530554 	1.054490  	-7.980900 
-61.000000	-0.549419 	1.032927  	-7.980900 
-60.000000	-0.568284 	1.011363  	-7.980900 
-59.000000	-0.586954 	0.988927  	-7.980900 
-58.000000	-0.605427 	0.965617  	-7.980900 
-57.000000	-0.623900 	0.942306  	-7.980900 
-56.000000	-0.642373 	0.918996  	-7.980900 
-55.000000	-0.660804 	0.895511  	-7.980900 
-54.000000	-0.678984 	0.870972  	-7.980900 
-53.000000	-0.697164 	0.846434  	-7.980900 
-52.000000	-0.715344 	0.821896  	-7.980900 
-51.000000	-0.733524 	0.797358  	-7.980900 
-50.000000	-0.751686 	0.772285  	-7.980900 
-49.000000	-0.769842 	0.747067  	-7.980900 
-48.000000	-0.787998 	0.721849  	-7.980900 
-47.000000	-0.806155 	0.696631  	-7.980900 
-46.000000	-0.824515 	0.671363  	-7.980900 
-45.000000	-0.843148 	0.646030  	-7.980900 
-44.000000	-0.861782 	0.620697  	-7.980900 
-43.000000	-0.880415 	0.595364  	-7.980900 
-42.000000	-0.899142 	0.570063  	-7.980900 
-41.000000	-0.919086 	0.545184  	-7.980900 
-40.000000	-0.939030 	0.520305  	-7.980900 
-39.000000	-0.958974 	0.495425  	-7.980900 
-38.000000	-0.978918 	0.470546  	-7.980900 
-37.000000	-1.000760 	0.446390  	-7.980900 
-36.000000	-1.023362 	0.422524  	-7.980900 
-35.000000	-1.045964 	0.398658  	-7.980900 
-34.000000	-1.068566 	0.374792  	-7.980900 
-33.000000	-1.092902 	0.351480  	-7.980900 
-32.000000	-1.120362 	0.329165  	-7.980900 
-31.000000	-1.147821 	0.306850  	-7.980900 
-30.000000	-1.175281 	0.284535  	-7.980900 
-29.000000	-1.202740 	0.262220  	-7.980900 
-28.000000	-1.167217 	0.249273  	-7.980900 
-27.000000	-1.131694 	0.236326  	-7.980900 
-26.000000	-1.096171 	0.223379  	-7.980900 
-25.000000	-1.060647 	0.210433  	-7.980900 
-24.000000	-1.025124 	0.197486  	-7.980900 
-23.000000	-0.989601 	0.184539  	-7.980900 
-22.000000	-0.954078 	0.171592  	-7.980900 
-21.000000	-0.918555 	0.158645  	-7.980900 
-20.000000	-0.883032 	0.145698  	-7.980900 
-19.000000	-0.847508 	0.132752  	-7.980900 
-18.000000	-0.811985 	0.119805  	-7.980900 
-17.000000	-0.776462 	0.106858  	-7.980900 
-16.000000	-0.740939 	0.093911  	-7.980900 
-15.000000	-0.705416 	0.080964  	-7.980900 
-14.000000	-0.669893 	0.068017  	-7.980900 
-13.000000	-0.634369 	0.055071  	-7.980900 
-12.000000	-0.598846 	0.042124  	-6.347058 
-11.000000	-0.563323 	0.029177  	-4.059679 
-10.000000	-0.527800 	0.016230  	-1.772300 
-9.000000 	-0.390600 	0.015690  	-1.635800 
-8.000000 	-0.241100 	0.014950  	-1.501100 
-7.000000 	-0.090500 	0.014500  	-1.371200 
-6.000000 	0.039800  	0.014390  	-1.255600 
-5.000000 	0.179200  	0.014210  	-1.141500 
-4.000000 	0.320400  	0.014140  	-1.030700 
-3.000000 	0.449900  	0.014250  	-1.023900 
-2.000000 	0.582200  	0.014340  	-1.114300 
-1.000000 	0.715200  	0.014500  	-1.208600 
0.000000  	0.841400  	0.014810  	-1.306200 
1.000000  	0.965800  	0.015090  	-1.411600 
2.000000  	1.088400  	0.015370  	-1.535100 
3.000000  	1.204100  	0.015710  	-1.687700 
4.000000  	1.313600  	0.016060  	-1.865500 
5.000000  	1.420700  	0.016540  	-2.076200 
6.000000  	1.517200  	0.017200  	-2.318100 
7.000000  	1.600300  	0.018160  	-2.576600 
8.000000  	1.658000  	0.019910  	-2.856000 
9.000000  	1.697200  	0.023210  	-3.141300 
10.000000 	1.709600  	0.028900  	-3.389200 
11.000000 	1.705500  	0.038040  	-3.611200 
12.000000 	1.699200  	0.049250  	-3.831400 
13.000000 	1.683600  	0.062040  	-4.037200 
14.000000 	1.675500  	0.074960  	-4.277900 
15.000000 	1.666300  	0.088210  	-4.510600 
16.000000 	1.661700  	0.101520  	-4.767800 
17.000000 	1.659200  	0.114530  	-5.034900 
18.000000 	1.662900  	0.127130  	-5.307000 
19.000000 	1.663400  	0.140160  	-5.589200 
20.000000 	1.668300  	0.152760  	-5.867400 
21.000000 	1.669300  	0.165960  	-6.105200 
22.000000 	1.671400  	0.179050  	-6.367100 
23.000000 	1.676300  	0.191650  	-6.624200 
24.000000 	1.681800  	0.204040  	-6.860300 
25.000000 	1.688300  	0.216260  	-7.076500 
26.000000 	1.695700  	0.228200  	-7.340600 
27.000000 	1.702100  	0.239980  	-7.559300 
28.000000 	1.712700  	0.250670  	-7.823600 
29.000000 	1.718200  	0.262220  	-7.980900 
30.000000 	1.678972  	0.284535  	-7.980900 
31.000000 	1.639745  	0.306850  	-7.980900 
32.000000 	1.600517  	0.329165  	-7.980900 
33.000000 	1.561289  	0.351480  	-7.980900 
34.000000 	1.526522  	0.374792  	-7.980900 
35.000000 	1.494234  	0.398658  	-7.980900 
36.000000 	1.461946  	0.422524  	-7.980900 
37.000000 	1.429657  	0.446390  	-7.980900 
38.000000 	1.398454  	0.470546  	-7.980900 
39.000000 	1.369962  	0.495425  	-7.980900 
40.000000 	1.341471  	0.520305  	-7.980900 
41.000000 	1.312979  	0.545184  	-7.980900 
42.000000 	1.284488  	0.570063  	-7.980900 
43.000000 	1.257735  	0.595364  	-7.980900 
44.000000 	1.231117  	0.620697  	-7.980900 
45.000000 	1.204498  	0.646030  	-7.980900 
46.000000 	1.177879  	0.671363  	-7.980900 
47.000000 	1.151650  	0.696631  	-7.980900 
48.000000 	1.125712  	0.721849  	-7.980900 
49.000000 	1.099774  	0.747067  	-7.980900 
50.000000 	1.073837  	0.772285  	-7.980900 
51.000000 	1.047892  	0.797358  	-7.980900 
52.000000 	1.021920  	0.821896  	-7.980900 
53.000000 	0.995949  	0.846434  	-7.980900 
54.000000 	0.969977  	0.870972  	-7.980900 
55.000000 	0.944006  	0.895511  	-7.980900 
56.000000 	0.917675  	0.918996  	-7.980900 
57.000000 	0.891285  	0.942306  	-7.980900 
58.000000 	0.864895  	0.965617  	-7.980900 
59.000000 	0.838505  	0.988927  	-7.980900 
60.000000 	0.811835  	1.011363  	-7.980900 
61.000000 	0.784885  	1.032927  	-7.980900 
62.000000 	0.757934  	1.054490  	-7.980900 
63.000000 	0.730984  	1.076054  	-7.980900 
64.000000 	0.703959  	1.097299  	-7.980900 
65.000000 	0.676492  	1.116638  	-7.980900 
66.000000 	0.649024  	1.135977  	-7.980900 
67.000000 	0.621557  	1.155316  	-7.980900 
68.000000 	0.594089  	1.174655  	-7.980900 
69.000000 	0.566362  	1.191913  	-7.980900 
70.000000 	0.538565  	1.208602  	-7.980900 
71.000000 	0.510768  	1.225291  	-7.980900 
72.000000 	0.482971  	1.241981  	-7.980900 
73.000000 	0.455163  	1.257378  	-7.980900 
74.000000 	0.427338  	1.271054  	-7.980900 
75.000000 	0.399514  	1.284731  	-7.980900 
76.000000 	0.371690  	1.298407  	-7.980900 
77.000000 	0.343892  	1.311846  	-7.980900 
78.000000 	0.316434  	1.322216  	-7.980900 
79.000000 	0.288975  	1.332585  	-7.980900 
80.000000 	0.261517  	1.342954  	-7.980900 
81.000000 	0.234058  	1.353323  	-7.980900 
82.000000 	0.207191  	1.361176  	-7.980900 
83.000000 	0.180561  	1.368021  	-7.980900 
84.000000 	0.153931  	1.374867  	-7.980900 
85.000000 	0.127300  	1.381713  	-7.980900 
86.000000 	0.101150  	1.387252  	-7.980900 
87.000000 	0.075862  	1.390439  	-7.980900 
88.000000 	0.050575  	1.393626  	-7.980900 
89.000000 	0.025287  	1.396813  	-7.980900 
90.000000 	0.000000  	1.400000  	-7.980900 
91.000000 	-0.017701 	1.396813  	-7.980900 
92.000000 	-0.035402 	1.393626  	-7.980900 
93.000000 	-0.053104 	1.390439  	-7.980900 
94.000000 	-0.070805 	1.387252  	-7.980900 
95.000000 	-0.089110 	1.381713  	-7.980900 
96.000000 	-0.107751 	1.374867  	-7.980900 
97.000000 	-0.126393 	1.368021  	-7.980900 
98.000000 	-0.145034 	1.361176  	-7.980900 
99.000000 	-0.163841 	1.353323  	-7.980900 
100.000000	-0.183062 	1.342954  	-7.980900 
101.000000	-0.202283 	1.332585  	-7.980900 
102.000000	-0.221504 	1.322216  	-7.980900 
103.000000	-0.240724 	1.311846  	-7.980900 
104.000000	-0.260183 	1.298407  	-7.980900 
105.000000	-0.279660 	1.284731  	-7.980900 
106.000000	-0.299137 	1.271054  	-7.980900 
107.000000	-0.318614 	1.257378  	-7.980900 
108.000000	-0.338080 	1.241981  	-7.980900 
109.000000	-0.357538 	1.225291  	-7.980900 
110.000000	-0.376996 	1.208602  	-7.980900 
111.000000	-0.396454 	1.191913  	-7.980900 
112.000000	-0.415862 	1.174655  	-7.980900 
113.000000	-0.435090 	1.155316  	-7.980900 
114.000000	-0.454317 	1.135977  	-7.980900 
115.000000	-0.473544 	1.116638  	-7.980900 
116.000000	-0.492772 	1.097299  	-7.980900 
117.000000	-0.511689 	1.076054  	-7.980900 
118.000000	-0.530554 	1.054490  	-7.980900 
119.000000	-0.549419 	1.032927  	-7.980900 
120.000000	-0.568284 	1.011363  	-7.980900 
121.000000	-0.586954 	0.988927  	-7.980900 
122.000000	-0.605427 	0.965617  	-7.980900 
123.000000	-0.623900 	0.942306  	-7.980900 
124.000000	-0.642373 	0.918996  	-7.980900 
125.000000	-0.660804 	0.895511  	-7.980900 
126.000000	-0.678984 	0.870972  	-7.980900 
127.000000	-0.697164 	0.846434  	-7.980900 
128.000000	-0.715344 	0.821896  	-7.980900 
129.000000	-0.733524 	0.797358  	-7.980900 
130.000000	-0.751686 	0.772285  	-7.980900 
131.000000	-0.769842 	0.747067  	-7.980900 
132.000000	-0.787998 	0.721849  	-7.980900 
133.000000	-0.806155 	0.696631  	-7.980900 
134.000000	-0.824515 	0.671363  	-7.980900 
135.000000	-0.843148 	0.646030  	-7.980900 
136.000000	-0.861782 	0.620697  	-7.980900 
137.000000	-0.880415 	0.595364  	-7.980900 
138.000000	-0.899142 	0.570063  	-7.980900 
139.000000	-0.919086 	0.545184  	-7.980900 
140.000000	-0.939030 	0.520305  	-7.980900 
141.000000	-0.958974 	0.495425  	-7.980900 
142.000000	-0.978918 	0.470546  	-7.980900 
143.000000	-1.000760 	0.446390  	-7.980900 
144.000000	-1.023362 	0.422524  	-7.980900 
145.000000	-1.045964 	0.398658  	-7.980900 
146.000000	-1.068566 	0.374792  	-7.980900 
147.000000	-1.092902 	0.351480  	-7.980900 
148.000000	-1.120362 	0.329165  	-7.980900 
149.000000	-1.147821 	0.306850  	-7.980900 
150.000000	-1.175281 	0.284535  	-7.980900 
151.000000	-1.202740 	0.262220  	-7.980900 
152.000000	-1.161266 	0.241359  	-7.980900 
153.000000	-1.119792 	0.220498  	-7.980900 
154.000000	-1.078319 	0.200644  	-7.980900 
155.000000	-1.036845 	0.180867  	-7.980900 
156.000000	-0.995371 	0.162107  	-7.980900 
157.000000	-0.953897 	0.143516  	-7.980900 
158.000000	-0.912423 	0.125931  	-7.980900 
159.000000	-0.870950 	0.108621  	-7.980900 
160.000000	-0.829476 	0.092289  	-7.980900 
161.000000	-0.788002 	0.076348  	-7.980900 
162.000000	-0.746528 	0.061340  	-7.980900 
163.000000	-0.705054 	0.046849  	-7.980900 
164.000000	-0.663581 	0.033230  	-7.980900 
165.000000	-0.622107 	0.020265  	-7.980900 
166.000000	-0.580633 	0.010697  	-7.980900 
167.000000	-0.539159 	0.004526  	-7.980900 
168.000000	-0.497686 	0.001000  	-7.980900 
169.000000	-0.456212 	0.001000  	-7.980900 
170.000000	-0.414738 	0.001000  	-7.980900 
171.000000	-0.373264 	0.001000  	-7.980900 
172.000000	-0.331790 	0.001000  	-7.980900 
173.000000	-0.290317 	0.001000  	-7.980900 
174.000000	-0.248843 	0.001000  	-7.980900 
175.000000	-0.207369 	0.001000  	-7.980900 
176.000000	-0.165895 	0.001000  	-7.980900 
177.000000	-0.124421 	0.001000  	-7.980900 
178.000000	-0.082948 	0.001000  	-7.980900 
179.000000	-0.041474 	0.001000  	-7.980900 
180.000000	0.000000  	0.001000  	-7.980900 
! ------------------------------------------------------------------------------
! data for table	5         
! ------------------------------------------------------------------------------
  0.600000  	Re           ! Reynolds number in millions
  0.000000  	UserProp     ! User property (control) setting
Flase           InclUAdata   ! Is unsteady aerodynamics data included in this table? If TRUE, then include UA coefficients below this line. Any missing coefficients will be calculated internally.
! Table of aerodynamics coefficients
  361       	NumAlf       ! Number of data lines in the following table
!Alpha      Cl          Cd          Cm/Cp
!(deg)      (-)         (-)         (-)
-180.000000	0.000000  	0.001000  	-8.013800 
-179.000000	0.041445  	0.001000  	-8.013800 
-178.000000	0.082890  	0.001000  	-8.013800 
-177.000000	0.124334  	0.001000  	-8.013800 
-176.000000	0.165779  	0.001000  	-8.013800 
-175.000000	0.207224  	0.001000  	-8.013800 
-174.000000	0.248669  	0.001000  	-8.013800 
-173.000000	0.290114  	0.001000  	-8.013800 
-172.000000	0.331559  	0.001000  	-8.013800 
-171.000000	0.373003  	0.001000  	-8.013800 
-170.000000	0.414448  	0.001000  	-8.013800 
-169.000000	0.455893  	0.001000  	-8.013800 
-168.000000	0.497338  	0.001000  	-8.013800 
-167.000000	0.538783  	0.005299  	-8.013800 
-166.000000	0.580228  	0.012822  	-8.013800 
-165.000000	0.621672  	0.023059  	-8.013800 
-164.000000	0.663117  	0.036011  	-8.013800 
-163.000000	0.704562  	0.049615  	-8.013800 
-162.000000	0.746007  	0.064090  	-8.013800 
-161.000000	0.787452  	0.079083  	-8.013800 
-160.000000	0.828897  	0.095007  	-8.013800 
-159.000000	0.870341  	0.111321  	-8.013800 
-158.000000	0.911786  	0.128613  	-8.013800 
-157.000000	0.953231  	0.146179  	-8.013800 
-156.000000	0.994676  	0.164749  	-8.013800 
-155.000000	1.036121  	0.183489  	-8.013800 
-154.000000	1.077566  	0.203243  	-8.013800 
-153.000000	1.119010  	0.223075  	-8.013800 
-152.000000	1.160455  	0.243913  	-8.013800 
-151.000000	1.201900  	0.264750  	-8.013800 
-150.000000	1.174478  	0.287039  	-8.013800 
-149.000000	1.147057  	0.309328  	-8.013800 
-148.000000	1.119635  	0.331617  	-8.013800 
-147.000000	1.092213  	0.353906  	-8.013800 
-146.000000	1.067910  	0.377189  	-8.013800 
-145.000000	1.045338  	0.401026  	-8.013800 
-144.000000	1.022766  	0.424863  	-8.013800 
-143.000000	1.000194  	0.448699  	-8.013800 
-142.000000	0.978380  	0.472825  	-8.013800 
-141.000000	0.958461  	0.497672  	-8.013800 
-140.000000	0.938541  	0.522519  	-8.013800 
-139.000000	0.918622  	0.547366  	-8.013800 
-138.000000	0.898702  	0.572213  	-8.013800 
-137.000000	0.879996  	0.597479  	-8.013800 
-136.000000	0.861383  	0.622776  	-8.013800 
-135.000000	0.842770  	0.648074  	-8.013800 
-134.000000	0.824158  	0.673372  	-8.013800 
-133.000000	0.805815  	0.698603  	-8.013800 
-132.000000	0.787676  	0.723783  	-8.013800 
-131.000000	0.769537  	0.748964  	-8.013800 
-130.000000	0.751398  	0.774144  	-8.013800 
-129.000000	0.733253  	0.799178  	-8.013800 
-128.000000	0.715087  	0.823676  	-8.013800 
-127.000000	0.696921  	0.848174  	-8.013800 
-126.000000	0.678756  	0.872672  	-8.013800 
-125.000000	0.660590  	0.897170  	-8.013800 
-124.000000	0.642171  	0.920613  	-8.013800 
-123.000000	0.623710  	0.943881  	-8.013800 
-122.000000	0.605249  	0.967148  	-8.013800 
-121.000000	0.586788  	0.990416  	-8.013800 
-120.000000	0.568130  	1.012809  	-8.013800 
-119.000000	0.549275  	1.034328  	-8.013800 
-118.000000	0.530420  	1.055847  	-8.013800 
-117.000000	0.511565  	1.077366  	-8.013800 
-116.000000	0.492658  	1.098567  	-8.013800 
-115.000000	0.473439  	1.117860  	-8.013800 
-114.000000	0.454220  	1.137153  	-8.013800 
-113.000000	0.435001  	1.156446  	-8.013800 
-112.000000	0.415782  	1.175739  	-8.013800 
-111.000000	0.396380  	1.192949  	-8.013800 
-110.000000	0.376929  	1.209591  	-8.013800 
-109.000000	0.357477  	1.226232  	-8.013800 
-108.000000	0.338026  	1.242874  	-8.013800 
-107.000000	0.318566  	1.258224  	-8.013800 
-106.000000	0.299094  	1.271851  	-8.013800 
-105.000000	0.279622  	1.285479  	-8.013800 
-104.000000	0.260150  	1.299106  	-8.013800 
-103.000000	0.240697  	1.312497  	-8.013800 
-102.000000	0.221479  	1.322817  	-8.013800 
-101.000000	0.202262  	1.333136  	-8.013800 
-100.000000	0.183045  	1.343456  	-8.013800 
-99.000000	0.163827  	1.353776  	-8.013800 
-98.000000	0.145023  	1.361578  	-8.013800 
-97.000000	0.126384  	1.368374  	-8.013800 
-96.000000	0.107745  	1.375169  	-8.013800 
-95.000000	0.089106  	1.381965  	-8.013800 
-94.000000	0.070802  	1.387454  	-8.013800 
-93.000000	0.053101  	1.390590  	-8.013800 
-92.000000	0.035401  	1.393727  	-8.013800 
-91.000000	0.017700  	1.396863  	-8.013800 
-90.000000	0.000000  	1.400000  	-8.013800 
-89.000000	-0.017700 	1.396863  	-8.013800 
-88.000000	-0.035401 	1.393727  	-8.013800 
-87.000000	-0.053101 	1.390590  	-8.013800 
-86.000000	-0.070802 	1.387454  	-8.013800 
-85.000000	-0.089106 	1.381965  	-8.013800 
-84.000000	-0.107745 	1.375169  	-8.013800 
-83.000000	-0.126384 	1.368374  	-8.013800 
-82.000000	-0.145023 	1.361578  	-8.013800 
-81.000000	-0.163827 	1.353776  	-8.013800 
-80.000000	-0.183045 	1.343456  	-8.013800 
-79.000000	-0.202262 	1.333136  	-8.013800 
-78.000000	-0.221479 	1.322817  	-8.013800 
-77.000000	-0.240697 	1.312497  	-8.013800 
-76.000000	-0.260150 	1.299106  	-8.013800 
-75.000000	-0.279622 	1.285479  	-8.013800 
-74.000000	-0.299094 	1.271851  	-8.013800 
-73.000000	-0.318566 	1.258224  	-8.013800 
-72.000000	-0.338026 	1.242874  	-8.013800 
-71.000000	-0.357477 	1.226232  	-8.013800 
-70.000000	-0.376929 	1.209591  	-8.013800 
-69.000000	-0.396380 	1.192949  	-8.013800 
-68.000000	-0.415782 	1.175739  	-8.013800 
-67.000000	-0.435001 	1.156446  	-8.013800 
-66.000000	-0.454220 	1.137153  	-8.013800 
-65.000000	-0.473439 	1.117860  	-8.013800 
-64.000000	-0.492658 	1.098567  	-8.013800 
-63.000000	-0.511565 	1.077366  	-8.013800 
-62.000000	-0.530420 	1.055847  	-8.013800 
-61.000000	-0.549275 	1.034328  	-8.013800 
-60.000000	-0.568130 	1.012809  	-8.013800 
-59.000000	-0.586788 	0.990416  	-8.013800 
-58.000000	-0.605249 	0.967148  	-8.013800 
-57.000000	-0.623710 	0.943881  	-8.013800 
-56.000000	-0.642171 	0.920613  	-8.013800 
-55.000000	-0.660590 	0.897170  	-8.013800 
-54.000000	-0.678756 	0.872672  	-8.013800 
-53.000000	-0.696921 	0.848174  	-8.013800 
-52.000000	-0.715087 	0.823676  	-8.013800 
-51.000000	-0.733253 	0.799178  	-8.013800 
-50.000000	-0.751398 	0.774144  	-8.013800 
-49.000000	-0.769537 	0.748964  	-8.013800 
-48.000000	-0.787676 	0.723783  	-8.013800 
-47.000000	-0.805815 	0.698603  	-8.013800 
-46.000000	-0.824158 	0.673372  	-8.013800 
-45.000000	-0.842770 	0.648074  	-8.013800 
-44.000000	-0.861383 	0.622776  	-8.013800 
-43.000000	-0.879996 	0.597479  	-8.013800 
-42.000000	-0.898702 	0.572213  	-8.013800 
-41.000000	-0.918622 	0.547366  	-8.013800 
-40.000000	-0.938541 	0.522519  	-8.013800 
-39.000000	-0.958461 	0.497672  	-8.013800 
-38.000000	-0.978380 	0.472825  	-8.013800 
-37.000000	-1.000194 	0.448699  	-8.013800 
-36.000000	-1.022766 	0.424863  	-8.013800 
-35.000000	-1.045338 	0.401026  	-8.013800 
-34.000000	-1.067910 	0.377189  	-8.013800 
-33.000000	-1.092213 	0.353906  	-8.013800 
-32.000000	-1.119635 	0.331617  	-8.013800 
-31.000000	-1.147057 	0.309328  	-8.013800 
-30.000000	-1.174478 	0.287039  	-8.013800 
-29.000000	-1.201900 	0.264750  	-8.013800 
-28.000000	-1.166737 	0.251265  	-8.013800 
-27.000000	-1.131574 	0.237779  	-8.013800 
-26.000000	-1.096411 	0.224294  	-8.013800 
-25.000000	-1.061247 	0.210809  	-8.013800 
-24.000000	-1.026084 	0.197324  	-8.013800 
-23.000000	-0.990921 	0.183838  	-8.013800 
-22.000000	-0.955758 	0.170353  	-8.013800 
-21.000000	-0.920595 	0.156868  	-8.013800 
-20.000000	-0.885432 	0.143383  	-8.013800 
-19.000000	-0.850268 	0.129897  	-8.013800 
-18.000000	-0.815105 	0.116412  	-8.013800 
-17.000000	-0.779942 	0.102927  	-8.013800 
-16.000000	-0.744779 	0.089442  	-8.013800 
-15.000000	-0.709616 	0.075956  	-8.013800 
-14.000000	-0.674453 	0.062471  	-8.013800 
-13.000000	-0.639289 	0.048986  	-8.013800 
-12.000000	-0.604126 	0.035501  	-6.360774 
-11.000000	-0.568963 	0.022015  	-4.046537 
-10.000000	-0.533800 	0.008530  	-1.732300 
-9.000000 	-0.386300 	0.007960  	-1.594400 
-8.000000 	-0.232500 	0.007630  	-1.458300 
-7.000000 	-0.093875 	0.009003  	-1.352025 
-6.000000 	0.044750  	0.010375  	-1.245750 
-5.000000 	0.183375  	0.011747  	-1.139475 
-4.000000 	0.322000  	0.013120  	-1.033200 
-3.000000 	0.456100  	0.013140  	-1.028000 
-2.000000 	0.590200  	0.013250  	-1.120800 
-1.000000 	0.719300  	0.013480  	-1.213000 
0.000000  	0.845900  	0.013660  	-1.310900 
1.000000  	0.971300  	0.013880  	-1.416400 
2.000000  	1.091500  	0.014200  	-1.539100 
3.000000  	1.207700  	0.014540  	-1.692300 
4.000000  	1.320900  	0.014930  	-1.873500 
5.000000  	1.427800  	0.015420  	-2.083300 
6.000000  	1.526800  	0.016100  	-2.329800 
7.000000  	1.613200  	0.017210  	-2.599000 
8.000000  	1.670100  	0.019120  	-2.873700 
9.000000  	1.710800  	0.022510  	-3.164400 
10.000000 	1.722700  	0.028190  	-3.418800 
11.000000 	1.727200  	0.036700  	-3.659200 
12.000000 	1.723300  	0.047540  	-3.898900 
13.000000 	1.714900  	0.059650  	-4.119900 
14.000000 	1.703300  	0.072650  	-4.349500 
15.000000 	1.695700  	0.085790  	-4.609300 
16.000000 	1.689200  	0.099040  	-4.853300 
17.000000 	1.684900  	0.112300  	-5.131600 
18.000000 	1.685200  	0.125190  	-5.395300 
19.000000 	1.686700  	0.138040  	-5.665800 
20.000000 	1.687700  	0.151160  	-5.977100 
21.000000 	1.686000  	0.164720  	-6.203000 
22.000000 	1.688700  	0.177780  	-6.456200 
23.000000 	1.689000  	0.191090  	-6.712400 
24.000000 	1.690400  	0.204360  	-6.916300 
25.000000 	1.693600  	0.217130  	-7.121700 
26.000000 	1.698600  	0.229630  	-7.386000 
27.000000 	1.702800  	0.242020  	-7.572000 
28.000000 	1.710300  	0.253430  	-7.780400 
29.000000 	1.717000  	0.264750  	-8.013800 
30.000000 	1.677826  	0.287039  	-8.013800 
31.000000 	1.638652  	0.309328  	-8.013800 
32.000000 	1.599479  	0.331617  	-8.013800 
33.000000 	1.560305  	0.353906  	-8.013800 
34.000000 	1.525585  	0.377189  	-8.013800 
35.000000 	1.493340  	0.401026  	-8.013800 
36.000000 	1.461094  	0.424863  	-8.013800 
37.000000 	1.428849  	0.448699  	-8.013800 
38.000000 	1.397686  	0.472825  	-8.013800 
39.000000 	1.369229  	0.497672  	-8.013800 
40.000000 	1.340773  	0.522519  	-8.013800 
41.000000 	1.312316  	0.547366  	-8.013800 
42.000000 	1.283860  	0.572213  	-8.013800 
43.000000 	1.257137  	0.597479  	-8.013800 
44.000000 	1.230547  	0.622776  	-8.013800 
45.000000 	1.203958  	0.648074  	-8.013800 
46.000000 	1.177368  	0.673372  	-8.013800 
47.000000 	1.151165  	0.698603  	-8.013800 
48.000000 	1.125252  	0.723783  	-8.013800 
49.000000 	1.099339  	0.748964  	-8.013800 
50.000000 	1.073425  	0.774144  	-8.013800 
51.000000 	1.047504  	0.799178  	-8.013800 
52.000000 	1.021553  	0.823676  	-8.013800 
53.000000 	0.995602  	0.848174  	-8.013800 
54.000000 	0.969651  	0.872672  	-8.013800 
55.000000 	0.943700  	0.897170  	-8.013800 
56.000000 	0.917387  	0.920613  	-8.013800 
57.000000 	0.891015  	0.943881  	-8.013800 
58.000000 	0.864642  	0.967148  	-8.013800 
59.000000 	0.838269  	0.990416  	-8.013800 
60.000000 	0.811615  	1.012809  	-8.013800 
61.000000 	0.784679  	1.034328  	-8.013800 
62.000000 	0.757743  	1.055847  	-8.013800 
63.000000 	0.730807  	1.077366  	-8.013800 
64.000000 	0.703797  	1.098567  	-8.013800 
65.000000 	0.676341  	1.117860  	-8.013800 
66.000000 	0.648885  	1.137153  	-8.013800 
67.000000 	0.621429  	1.156446  	-8.013800 
68.000000 	0.593974  	1.175739  	-8.013800 
69.000000 	0.566257  	1.192949  	-8.013800 
70.000000 	0.538470  	1.209591  	-8.013800 
71.000000 	0.510682  	1.226232  	-8.013800 
72.000000 	0.482894  	1.242874  	-8.013800 
73.000000 	0.455094  	1.258224  	-8.013800 
74.000000 	0.427277  	1.271851  	-8.013800 
75.000000 	0.399460  	1.285479  	-8.013800 
76.000000 	0.371643  	1.299106  	-8.013800 
77.000000 	0.343853  	1.312497  	-8.013800 
78.000000 	0.316399  	1.322817  	-8.013800 
79.000000 	0.288946  	1.333136  	-8.013800 
80.000000 	0.261492  	1.343456  	-8.013800 
81.000000 	0.234039  	1.353776  	-8.013800 
82.000000 	0.207176  	1.361578  	-8.013800 
83.000000 	0.180548  	1.368374  	-8.013800 
84.000000 	0.153921  	1.375169  	-8.013800 
85.000000 	0.127294  	1.381965  	-8.013800 
86.000000 	0.101146  	1.387454  	-8.013800 
87.000000 	0.075859  	1.390590  	-8.013800 
88.000000 	0.050573  	1.393727  	-8.013800 
89.000000 	0.025286  	1.396863  	-8.013800 
90.000000 	0.000000  	1.400000  	-8.013800 
91.000000 	-0.017700 	1.396863  	-8.013800 
92.000000 	-0.035401 	1.393727  	-8.013800 
93.000000 	-0.053101 	1.390590  	-8.013800 
94.000000 	-0.070802 	1.387454  	-8.013800 
95.000000 	-0.089106 	1.381965  	-8.013800 
96.000000 	-0.107745 	1.375169  	-8.013800 
97.000000 	-0.126384 	1.368374  	-8.013800 
98.000000 	-0.145023 	1.361578  	-8.013800 
99.000000 	-0.163827 	1.353776  	-8.013800 
100.000000	-0.183045 	1.343456  	-8.013800 
101.000000	-0.202262 	1.333136  	-8.013800 
102.000000	-0.221479 	1.322817  	-8.013800 
103.000000	-0.240697 	1.312497  	-8.013800 
104.000000	-0.260150 	1.299106  	-8.013800 
105.000000	-0.279622 	1.285479  	-8.013800 
106.000000	-0.299094 	1.271851  	-8.013800 
107.000000	-0.318566 	1.258224  	-8.013800 
108.000000	-0.338026 	1.242874  	-8.013800 
109.000000	-0.357477 	1.226232  	-8.013800 
110.000000	-0.376929 	1.209591  	-8.013800 
111.000000	-0.396380 	1.192949  	-8.013800 
112.000000	-0.415782 	1.175739  	-8.013800 
113.000000	-0.435001 	1.156446  	-8.013800 
114.000000	-0.454220 	1.137153  	-8.013800 
115.000000	-0.473439 	1.117860  	-8.013800 
116.000000	-0.492658 	1.098567  	-8.013800 
117.000000	-0.511565 	1.077366  	-8.013800 
118.000000	-0.530420 	1.055847  	-8.013800 
119.000000	-0.549275 	1.034328  	-8.013800 
120.000000	-0.568130 	1.012809  	-8.013800 
121.000000	-0.586788 	0.990416  	-8.013800 
122.000000	-0.605249 	0.967148  	-8.013800 
123.000000	-0.623710 	0.943881  	-8.013800 
124.000000	-0.642171 	0.920613  	-8.013800 
125.000000	-0.660590 	0.897170  	-8.013800 
126.000000	-0.678756 	0.872672  	-8.013800 
127.000000	-0.696921 	0.848174  	-8.013800 
128.000000	-0.715087 	0.823676  	-8.013800 
129.000000	-0.733253 	0.799178  	-8.013800 
130.000000	-0.751398 	0.774144  	-8.013800 
131.000000	-0.769537 	0.748964  	-8.013800 
132.000000	-0.787676 	0.723783  	-8.013800 
133.000000	-0.805815 	0.698603  	-8.013800 
134.000000	-0.824158 	0.673372  	-8.013800 
135.000000	-0.842770 	0.648074  	-8.013800 
136.000000	-0.861383 	0.622776  	-8.013800 
137.000000	-0.879996 	0.597479  	-8.013800 
138.000000	-0.898702 	0.572213  	-8.013800 
139.000000	-0.918622 	0.547366  	-8.013800 
140.000000	-0.938541 	0.522519  	-8.013800 
141.000000	-0.958461 	0.497672  	-8.013800 
142.000000	-0.978380 	0.472825  	-8.013800 
143.000000	-1.000194 	0.448699  	-8.013800 
144.000000	-1.022766 	0.424863  	-8.013800 
145.000000	-1.045338 	0.401026  	-8.013800 
146.000000	-1.067910 	0.377189  	-8.013800 
147.000000	-1.092213 	0.353906  	-8.013800 
148.000000	-1.119635 	0.331617  	-8.013800 
149.000000	-1.147057 	0.309328  	-8.013800 
150.000000	-1.174478 	0.287039  	-8.013800 
151.000000	-1.201900 	0.264750  	-8.013800 
152.000000	-1.160455 	0.243913  	-8.013800 
153.000000	-1.119010 	0.223075  	-8.013800 
154.000000	-1.077566 	0.203243  	-8.013800 
155.000000	-1.036121 	0.183489  	-8.013800 
156.000000	-0.994676 	0.164749  	-8.013800 
157.000000	-0.953231 	0.146179  	-8.013800 
158.000000	-0.911786 	0.128613  	-8.013800 
159.000000	-0.870341 	0.111321  	-8.013800 
160.000000	-0.828897 	0.095007  	-8.013800 
161.000000	-0.787452 	0.079083  	-8.013800 
162.000000	-0.746007 	0.064090  	-8.013800 
163.000000	-0.704562 	0.049615  	-8.013800 
164.000000	-0.663117 	0.036011  	-8.013800 
165.000000	-0.621672 	0.023059  	-8.013800 
166.000000	-0.580228 	0.012822  	-8.013800 
167.000000	-0.538783 	0.005299  	-8.013800 
168.000000	-0.497338 	0.001000  	-8.013800 
169.000000	-0.455893 	0.001000  	-8.013800 
170.000000	-0.414448 	0.001000  	-8.013800 
171.000000	-0.373003 	0.001000  	-8.013800 
172.000000	-0.331559 	0.001000  	-8.013800 
173.000000	-0.290114 	0.001000  	-8.013800 
174.000000	-0.248669 	0.001000  	-8.013800 
175.000000	-0.207224 	0.001000  	-8.013800 
176.000000	-0.165779 	0.001000  	-8.013800 
177.000000	-0.124334 	0.001000  	-8.013800 
178.000000	-0.082890 	0.001000  	-8.013800 
179.000000	-0.041445 	0.001000  	-8.013800 
180.000000	0.000000  	0.001000  	-8.013800 
! ------------------------------------------------------------------------------
! data for table	6         
! ------------------------------------------------------------------------------
  0.700000  	Re           ! Reynolds number in millions
  0.000000  	UserProp     ! User property (control) setting
Flase           InclUAdata   ! Is unsteady aerodynamics data included in this table? If TRUE, then include UA coefficients below this line. Any missing coefficients will be calculated internally.
! Table of aerodynamics coefficients
  361       	NumAlf       ! Number of data lines in the following table
!Alpha      Cl          Cd          Cm/Cp
!(deg)      (-)         (-)         (-)
-180.000000	0.000000  	0.001000  	-8.010700 
-179.000000	0.041418  	0.001000  	-8.010700 
-178.000000	0.082837  	0.001000  	-8.010700 
-177.000000	0.124255  	0.001000  	-8.010700 
-176.000000	0.165673  	0.001000  	-8.010700 
-175.000000	0.207091  	0.001000  	-8.010700 
-174.000000	0.248510  	0.001000  	-8.010700 
-173.000000	0.289928  	0.001000  	-8.010700 
-172.000000	0.331346  	0.001000  	-8.010700 
-171.000000	0.372764  	0.001000  	-8.010700 
-170.000000	0.414183  	0.001000  	-8.010700 
-169.000000	0.455601  	0.001000  	-8.010700 
-168.000000	0.497019  	0.001000  	-8.010700 
-167.000000	0.538438  	0.005693  	-8.010700 
-166.000000	0.579856  	0.013905  	-8.010700 
-165.000000	0.621274  	0.024483  	-8.010700 
-164.000000	0.662692  	0.037428  	-8.010700 
-163.000000	0.704111  	0.051026  	-8.010700 
-162.000000	0.745529  	0.065493  	-8.010700 
-161.000000	0.786947  	0.080477  	-8.010700 
-160.000000	0.828366  	0.096393  	-8.010700 
-159.000000	0.869784  	0.112698  	-8.010700 
-158.000000	0.911202  	0.129980  	-8.010700 
-157.000000	0.952620  	0.147536  	-8.010700 
-156.000000	0.994039  	0.166096  	-8.010700 
-155.000000	1.035457  	0.184825  	-8.010700 
-154.000000	1.076875  	0.204569  	-8.010700 
-153.000000	1.118293  	0.224389  	-8.010700 
-152.000000	1.159712  	0.245215  	-8.010700 
-151.000000	1.201130  	0.266040  	-8.010700 
-150.000000	1.173743  	0.288316  	-8.010700 
-149.000000	1.146356  	0.310591  	-8.010700 
-148.000000	1.118969  	0.332867  	-8.010700 
-147.000000	1.091582  	0.355142  	-8.010700 
-146.000000	1.067308  	0.378412  	-8.010700 
-145.000000	1.044764  	0.402234  	-8.010700 
-144.000000	1.022219  	0.426055  	-8.010700 
-143.000000	0.999675  	0.449877  	-8.010700 
-142.000000	0.977887  	0.473987  	-8.010700 
-141.000000	0.957990  	0.498817  	-8.010700 
-140.000000	0.938093  	0.523648  	-8.010700 
-139.000000	0.918196  	0.548478  	-8.010700 
-138.000000	0.898299  	0.573309  	-8.010700 
-137.000000	0.879612  	0.598557  	-8.010700 
-136.000000	0.861018  	0.623837  	-8.010700 
-135.000000	0.842424  	0.649117  	-8.010700 
-134.000000	0.823830  	0.674397  	-8.010700 
-133.000000	0.805504  	0.699609  	-8.010700 
-132.000000	0.787381  	0.724770  	-8.010700 
-131.000000	0.769257  	0.749931  	-8.010700 
-130.000000	0.751134  	0.775092  	-8.010700 
-129.000000	0.733004  	0.800106  	-8.010700 
-128.000000	0.714851  	0.824583  	-8.010700 
-127.000000	0.696699  	0.849061  	-8.010700 
-126.000000	0.678546  	0.873538  	-8.010700 
-125.000000	0.660394  	0.898015  	-8.010700 
-124.000000	0.641986  	0.921437  	-8.010700 
-123.000000	0.623537  	0.944683  	-8.010700 
-122.000000	0.605087  	0.967929  	-8.010700 
-121.000000	0.586637  	0.991175  	-8.010700 
-120.000000	0.567989  	1.013547  	-8.010700 
-119.000000	0.549143  	1.035043  	-8.010700 
-118.000000	0.530297  	1.056539  	-8.010700 
-117.000000	0.511451  	1.078036  	-8.010700 
-116.000000	0.492553  	1.099214  	-8.010700 
-115.000000	0.473342  	1.118483  	-8.010700 
-114.000000	0.454130  	1.137753  	-8.010700 
-113.000000	0.434919  	1.157022  	-8.010700 
-112.000000	0.415707  	1.176291  	-8.010700 
-111.000000	0.396312  	1.193477  	-8.010700 
-110.000000	0.376867  	1.210095  	-8.010700 
-109.000000	0.357422  	1.226712  	-8.010700 
-108.000000	0.337977  	1.243330  	-8.010700 
-107.000000	0.318522  	1.258655  	-8.010700 
-106.000000	0.299055  	1.272258  	-8.010700 
-105.000000	0.279588  	1.285860  	-8.010700 
-104.000000	0.260120  	1.299463  	-8.010700 
-103.000000	0.240671  	1.312829  	-8.010700 
-102.000000	0.221457  	1.323123  	-8.010700 
-101.000000	0.202243  	1.333418  	-8.010700 
-100.000000	0.183029  	1.343712  	-8.010700 
-99.000000	0.163815  	1.354006  	-8.010700 
-98.000000	0.145013  	1.361783  	-8.010700 
-97.000000	0.126376  	1.368553  	-8.010700 
-96.000000	0.107739  	1.375323  	-8.010700 
-95.000000	0.089102  	1.382093  	-8.010700 
-94.000000	0.070799  	1.387556  	-8.010700 
-93.000000	0.053099  	1.390667  	-8.010700 
-92.000000	0.035400  	1.393778  	-8.010700 
-91.000000	0.017700  	1.396889  	-8.010700 
-90.000000	0.000000  	1.400000  	-8.010700 
-89.000000	-0.017700 	1.396889  	-8.010700 
-88.000000	-0.035400 	1.393778  	-8.010700 
-87.000000	-0.053099 	1.390667  	-8.010700 
-86.000000	-0.070799 	1.387556  	-8.010700 
-85.000000	-0.089102 	1.382093  	-8.010700 
-84.000000	-0.107739 	1.375323  	-8.010700 
-83.000000	-0.126376 	1.368553  	-8.010700 
-82.000000	-0.145013 	1.361783  	-8.010700 
-81.000000	-0.163815 	1.354006  	-8.010700 
-80.000000	-0.183029 	1.343712  	-8.010700 
-79.000000	-0.202243 	1.333418  	-8.010700 
-78.000000	-0.221457 	1.323123  	-8.010700 
-77.000000	-0.240671 	1.312829  	-8.010700 
-76.000000	-0.260120 	1.299463  	-8.010700 
-75.000000	-0.279588 	1.285860  	-8.010700 
-74.000000	-0.299055 	1.272258  	-8.010700 
-73.000000	-0.318522 	1.258655  	-8.010700 
-72.000000	-0.337977 	1.243330  	-8.010700 
-71.000000	-0.357422 	1.226712  	-8.010700 
-70.000000	-0.376867 	1.210095  	-8.010700 
-69.000000	-0.396312 	1.193477  	-8.010700 
-68.000000	-0.415707 	1.176291  	-8.010700 
-67.000000	-0.434919 	1.157022  	-8.010700 
-66.000000	-0.454130 	1.137753  	-8.010700 
-65.000000	-0.473342 	1.118483  	-8.010700 
-64.000000	-0.492553 	1.099214  	-8.010700 
-63.000000	-0.511451 	1.078036  	-8.010700 
-62.000000	-0.530297 	1.056539  	-8.010700 
-61.000000	-0.549143 	1.035043  	-8.010700 
-60.000000	-0.567989 	1.013547  	-8.010700 
-59.000000	-0.586637 	0.991175  	-8.010700 
-58.000000	-0.605087 	0.967929  	-8.010700 
-57.000000	-0.623537 	0.944683  	-8.010700 
-56.000000	-0.641986 	0.921437  	-8.010700 
-55.000000	-0.660394 	0.898015  	-8.010700 
-54.000000	-0.678546 	0.873538  	-8.010700 
-53.000000	-0.696699 	0.849061  	-8.010700 
-52.000000	-0.714851 	0.824583  	-8.010700 
-51.000000	-0.733004 	0.800106  	-8.010700 
-50.000000	-0.751134 	0.775092  	-8.010700 
-49.000000	-0.769257 	0.749931  	-8.010700 
-48.000000	-0.787381 	0.724770  	-8.010700 
-47.000000	-0.805504 	0.699609  	-8.010700 
-46.000000	-0.823830 	0.674397  	-8.010700 
-45.000000	-0.842424 	0.649117  	-8.010700 
-44.000000	-0.861018 	0.623837  	-8.010700 
-43.000000	-0.879612 	0.598557  	-8.010700 
-42.000000	-0.898299 	0.573309  	-8.010700 
-41.000000	-0.918196 	0.548478  	-8.010700 
-40.000000	-0.938093 	0.523648  	-8.010700 
-39.000000	-0.957990 	0.498817  	-8.010700 
-38.000000	-0.977887 	0.473987  	-8.010700 
-37.000000	-0.999675 	0.449877  	-8.010700 
-36.000000	-1.022219 	0.426055  	-8.010700 
-35.000000	-1.044764 	0.402234  	-8.010700 
-34.000000	-1.067308 	0.378412  	-8.010700 
-33.000000	-1.091582 	0.355142  	-8.010700 
-32.000000	-1.118969 	0.332867  	-8.010700 
-31.000000	-1.146356 	0.310591  	-8.010700 
-30.000000	-1.173743 	0.288316  	-8.010700 
-29.000000	-1.201130 	0.266040  	-8.010700 
-28.000000	-1.166249 	0.252812  	-8.010700 
-27.000000	-1.131369 	0.239584  	-8.010700 
-26.000000	-1.096488 	0.226356  	-8.010700 
-25.000000	-1.061608 	0.213128  	-8.010700 
-24.000000	-1.026727 	0.199901  	-8.010700 
-23.000000	-0.991847 	0.186673  	-8.010700 
-22.000000	-0.956966 	0.173445  	-8.010700 
-21.000000	-0.922086 	0.160217  	-8.010700 
-20.000000	-0.887205 	0.146989  	-8.010700 
-19.000000	-0.852325 	0.133761  	-8.010700 
-18.000000	-0.817444 	0.120533  	-8.010700 
-17.000000	-0.782564 	0.107305  	-8.010700 
-16.000000	-0.747683 	0.094077  	-8.010700 
-15.000000	-0.712803 	0.080849  	-8.010700 
-14.000000	-0.677922 	0.067622  	-8.010700 
-13.000000	-0.643042 	0.054394  	-8.010700 
-12.000000	-0.608161 	0.041166  	-6.373279 
-11.000000	-0.573281 	0.027938  	-4.080889 
-10.000000	-0.538400 	0.014710  	-1.788500 
-9.000000 	-0.381700 	0.013750  	-1.640800 
-8.000000 	-0.240900 	0.013330  	-1.509000 
-7.000000 	-0.094500 	0.012860  	-1.380600 
-6.000000 	0.053500  	0.012580  	-1.257700 
-5.000000 	0.188500  	0.012470  	-1.144900 
-4.000000 	0.324950  	0.012440  	-1.088400 
-3.000000 	0.461400  	0.012410  	-1.031900 
-2.000000 	0.591200  	0.012480  	-1.122800 
-1.000000 	0.721000  	0.012610  	-1.215300 
0.000000  	0.849400  	0.012830  	-1.314100 
1.000000  	0.973500  	0.013110  	-1.418700 
2.000000  	1.094100  	0.013370  	-1.541600 
3.000000  	1.212000  	0.013680  	-1.696300 
4.000000  	1.325200  	0.014110  	-1.878100 
5.000000  	1.433400  	0.014640  	-2.090000 
6.000000  	1.534600  	0.015380  	-2.340600 
7.000000  	1.622300  	0.016530  	-2.612300 
8.000000  	1.680300  	0.018560  	-2.892200 
9.000000  	1.719000  	0.022080  	-3.180700 
10.000000 	1.733500  	0.027580  	-3.441400 
11.000000 	1.742800  	0.035610  	-3.694200 
12.000000 	1.743900  	0.045940  	-3.950000 
13.000000 	1.736900  	0.057750  	-4.178900 
14.000000 	1.727600  	0.070490  	-4.419500 
15.000000 	1.718700  	0.083580  	-4.681600 
16.000000 	1.711300  	0.096920  	-4.926200 
17.000000 	1.706500  	0.110090  	-5.210900 
18.000000 	1.707200  	0.122820  	-5.480100 
19.000000 	1.705000  	0.136100  	-5.744600 
20.000000 	1.708800  	0.148660  	-6.075600 
21.000000 	1.708700  	0.161930  	-6.315400 
22.000000 	1.707300  	0.175470  	-6.557100 
23.000000 	1.706100  	0.189040  	-6.813600 
24.000000 	1.705500  	0.202480  	-7.013800 
25.000000 	1.705400  	0.215900  	-7.202300 
26.000000 	1.705400  	0.229160  	-7.442000 
27.000000 	1.708000  	0.241775  	-7.616950 
28.000000 	1.710600  	0.254390  	-7.791900 
29.000000 	1.715900  	0.266040  	-8.010700 
30.000000 	1.676776  	0.288316  	-8.010700 
31.000000 	1.637651  	0.310591  	-8.010700 
32.000000 	1.598527  	0.332867  	-8.010700 
33.000000 	1.559403  	0.355142  	-8.010700 
34.000000 	1.524726  	0.378412  	-8.010700 
35.000000 	1.492520  	0.402234  	-8.010700 
36.000000 	1.460314  	0.426055  	-8.010700 
37.000000 	1.428107  	0.449877  	-8.010700 
38.000000 	1.396982  	0.473987  	-8.010700 
39.000000 	1.368557  	0.498817  	-8.010700 
40.000000 	1.340133  	0.523648  	-8.010700 
41.000000 	1.311709  	0.548478  	-8.010700 
42.000000 	1.283284  	0.573309  	-8.010700 
43.000000 	1.256588  	0.598557  	-8.010700 
44.000000 	1.230025  	0.623837  	-8.010700 
45.000000 	1.203462  	0.649117  	-8.010700 
46.000000 	1.176899  	0.674397  	-8.010700 
47.000000 	1.150720  	0.699609  	-8.010700 
48.000000 	1.124830  	0.724770  	-8.010700 
49.000000 	1.098939  	0.749931  	-8.010700 
50.000000 	1.073048  	0.775092  	-8.010700 
51.000000 	1.047148  	0.800106  	-8.010700 
52.000000 	1.021216  	0.824583  	-8.010700 
53.000000 	0.995284  	0.849061  	-8.010700 
54.000000 	0.969352  	0.873538  	-8.010700 
55.000000 	0.943420  	0.898015  	-8.010700 
56.000000 	0.917123  	0.921437  	-8.010700 
57.000000 	0.890767  	0.944683  	-8.010700 
58.000000 	0.864410  	0.967929  	-8.010700 
59.000000 	0.838053  	0.991175  	-8.010700 
60.000000 	0.811413  	1.013547  	-8.010700 
61.000000 	0.784490  	1.035043  	-8.010700 
62.000000 	0.757568  	1.056539  	-8.010700 
63.000000 	0.730645  	1.078036  	-8.010700 
64.000000 	0.703647  	1.099214  	-8.010700 
65.000000 	0.676203  	1.118483  	-8.010700 
66.000000 	0.648758  	1.137753  	-8.010700 
67.000000 	0.621313  	1.157022  	-8.010700 
68.000000 	0.593868  	1.176291  	-8.010700 
69.000000 	0.566161  	1.193477  	-8.010700 
70.000000 	0.538382  	1.210095  	-8.010700 
71.000000 	0.510603  	1.226712  	-8.010700 
72.000000 	0.482824  	1.243330  	-8.010700 
73.000000 	0.455031  	1.258655  	-8.010700 
74.000000 	0.427221  	1.272258  	-8.010700 
75.000000 	0.399411  	1.285860  	-8.010700 
76.000000 	0.371601  	1.299463  	-8.010700 
77.000000 	0.343816  	1.312829  	-8.010700 
78.000000 	0.316368  	1.323123  	-8.010700 
79.000000 	0.288919  	1.333418  	-8.010700 
80.000000 	0.261470  	1.343712  	-8.010700 
81.000000 	0.234021  	1.354006  	-8.010700 
82.000000 	0.207161  	1.361783  	-8.010700 
83.000000 	0.180537  	1.368553  	-8.010700 
84.000000 	0.153913  	1.375323  	-8.010700 
85.000000 	0.127288  	1.382093  	-8.010700 
86.000000 	0.101142  	1.387556  	-8.010700 
87.000000 	0.075856  	1.390667  	-8.010700 
88.000000 	0.050571  	1.393778  	-8.010700 
89.000000 	0.025285  	1.396889  	-8.010700 
90.000000 	0.000000  	1.400000  	-8.010700 
91.000000 	-0.017700 	1.396889  	-8.010700 
92.000000 	-0.035400 	1.393778  	-8.010700 
93.000000 	-0.053099 	1.390667  	-8.010700 
94.000000 	-0.070799 	1.387556  	-8.010700 
95.000000 	-0.089102 	1.382093  	-8.010700 
96.000000 	-0.107739 	1.375323  	-8.010700 
97.000000 	-0.126376 	1.368553  	-8.010700 
98.000000 	-0.145013 	1.361783  	-8.010700 
99.000000 	-0.163815 	1.354006  	-8.010700 
100.000000	-0.183029 	1.343712  	-8.010700 
101.000000	-0.202243 	1.333418  	-8.010700 
102.000000	-0.221457 	1.323123  	-8.010700 
103.000000	-0.240671 	1.312829  	-8.010700 
104.000000	-0.260120 	1.299463  	-8.010700 
105.000000	-0.279588 	1.285860  	-8.010700 
106.000000	-0.299055 	1.272258  	-8.010700 
107.000000	-0.318522 	1.258655  	-8.010700 
108.000000	-0.337977 	1.243330  	-8.010700 
109.000000	-0.357422 	1.226712  	-8.010700 
110.000000	-0.376867 	1.210095  	-8.010700 
111.000000	-0.396312 	1.193477  	-8.010700 
112.000000	-0.415707 	1.176291  	-8.010700 
113.000000	-0.434919 	1.157022  	-8.010700 
114.000000	-0.454130 	1.137753  	-8.010700 
115.000000	-0.473342 	1.118483  	-8.010700 
116.000000	-0.492553 	1.099214  	-8.010700 
117.000000	-0.511451 	1.078036  	-8.010700 
118.000000	-0.530297 	1.056539  	-8.010700 
119.000000	-0.549143 	1.035043  	-8.010700 
120.000000	-0.567989 	1.013547  	-8.010700 
121.000000	-0.586637 	0.991175  	-8.010700 
122.000000	-0.605087 	0.967929  	-8.010700 
123.000000	-0.623537 	0.944683  	-8.010700 
124.000000	-0.641986 	0.921437  	-8.010700 
125.000000	-0.660394 	0.898015  	-8.010700 
126.000000	-0.678546 	0.873538  	-8.010700 
127.000000	-0.696699 	0.849061  	-8.010700 
128.000000	-0.714851 	0.824583  	-8.010700 
129.000000	-0.733004 	0.800106  	-8.010700 
130.000000	-0.751134 	0.775092  	-8.010700 
131.000000	-0.769257 	0.749931  	-8.010700 
132.000000	-0.787381 	0.724770  	-8.010700 
133.000000	-0.805504 	0.699609  	-8.010700 
134.000000	-0.823830 	0.674397  	-8.010700 
135.000000	-0.842424 	0.649117  	-8.010700 
136.000000	-0.861018 	0.623837  	-8.010700 
137.000000	-0.879612 	0.598557  	-8.010700 
138.000000	-0.898299 	0.573309  	-8.010700 
139.000000	-0.918196 	0.548478  	-8.010700 
140.000000	-0.938093 	0.523648  	-8.010700 
141.000000	-0.957990 	0.498817  	-8.010700 
142.000000	-0.977887 	0.473987  	-8.010700 
143.000000	-0.999675 	0.449877  	-8.010700 
144.000000	-1.022219 	0.426055  	-8.010700 
145.000000	-1.044764 	0.402234  	-8.010700 
146.000000	-1.067308 	0.378412  	-8.010700 
147.000000	-1.091582 	0.355142  	-8.010700 
148.000000	-1.118969 	0.332867  	-8.010700 
149.000000	-1.146356 	0.310591  	-8.010700 
150.000000	-1.173743 	0.288316  	-8.010700 
151.000000	-1.201130 	0.266040  	-8.010700 
152.000000	-1.159712 	0.245215  	-8.010700 
153.000000	-1.118293 	0.224389  	-8.010700 
154.000000	-1.076875 	0.204569  	-8.010700 
155.000000	-1.035457 	0.184825  	-8.010700 
156.000000	-0.994039 	0.166096  	-8.010700 
157.000000	-0.952620 	0.147536  	-8.010700 
158.000000	-0.911202 	0.129980  	-8.010700 
159.000000	-0.869784 	0.112698  	-8.010700 
160.000000	-0.828366 	0.096393  	-8.010700 
161.000000	-0.786947 	0.080477  	-8.010700 
162.000000	-0.745529 	0.065493  	-8.010700 
163.000000	-0.704111 	0.051026  	-8.010700 
164.000000	-0.662692 	0.037428  	-8.010700 
165.000000	-0.621274 	0.024483  	-8.010700 
166.000000	-0.579856 	0.013905  	-8.010700 
167.000000	-0.538438 	0.005693  	-8.010700 
168.000000	-0.497019 	0.001000  	-8.010700 
169.000000	-0.455601 	0.001000  	-8.010700 
170.000000	-0.414183 	0.001000  	-8.010700 
171.000000	-0.372764 	0.001000  	-8.010700 
172.000000	-0.331346 	0.001000  	-8.010700 
173.000000	-0.289928 	0.001000  	-8.010700 
174.000000	-0.248510 	0.001000  	-8.010700 
175.000000	-0.207091 	0.001000  	-8.010700 
176.000000	-0.165673 	0.001000  	-8.010700 
177.000000	-0.124255 	0.001000  	-8.010700 
178.000000	-0.082837 	0.001000  	-8.010700 
179.000000	-0.041418 	0.001000  	-8.010700 
180.000000	0.000000  	0.001000  	-8.010700 
! ------------------------------------------------------------------------------
! data for table	7         
! ------------------------------------------------------------------------------
  0.800000  	Re           ! Reynolds number in millions
  0.000000  	UserProp     ! User property (control) setting
Flase           InclUAdata   ! Is unsteady aerodynamics data included in this table? If TRUE, then include UA coefficients below this line. Any missing coefficients will be calculated internally.
! Table of aerodynamics coefficients
  361       	NumAlf       ! Number of data lines in the following table
!Alpha      Cl          Cd          Cm/Cp
!(deg)      (-)         (-)         (-)
-180.000000	0.000000  	0.001000  	-8.035400 
-179.000000	0.041457  	0.001000  	-8.035400 
-178.000000	0.082914  	0.001000  	-8.035400 
-177.000000	0.124371  	0.001000  	-8.035400 
-176.000000	0.165828  	0.001000  	-8.035400 
-175.000000	0.207284  	0.001000  	-8.035400 
-174.000000	0.248741  	0.001000  	-8.035400 
-173.000000	0.290198  	0.001000  	-8.035400 
-172.000000	0.331655  	0.001000  	-8.035400 
-171.000000	0.373112  	0.001000  	-8.035400 
-170.000000	0.414569  	0.001000  	-8.035400 
-169.000000	0.456026  	0.001000  	-8.035400 
-168.000000	0.497483  	0.001000  	-8.035400 
-167.000000	0.538940  	0.005803  	-8.035400 
-166.000000	0.580397  	0.014207  	-8.035400 
-165.000000	0.621853  	0.024881  	-8.035400 
-164.000000	0.663310  	0.037824  	-8.035400 
-163.000000	0.704767  	0.051419  	-8.035400 
-162.000000	0.746224  	0.065884  	-8.035400 
-161.000000	0.787681  	0.080866  	-8.035400 
-160.000000	0.829138  	0.096779  	-8.035400 
-159.000000	0.870595  	0.113083  	-8.035400 
-158.000000	0.912052  	0.130362  	-8.035400 
-157.000000	0.953509  	0.147915  	-8.035400 
-156.000000	0.994966  	0.166472  	-8.035400 
-155.000000	1.036422  	0.185198  	-8.035400 
-154.000000	1.077879  	0.204939  	-8.035400 
-153.000000	1.119336  	0.224756  	-8.035400 
-152.000000	1.160793  	0.245578  	-8.035400 
-151.000000	1.202250  	0.266400  	-8.035400 
-150.000000	1.174813  	0.288672  	-8.035400 
-149.000000	1.147375  	0.310944  	-8.035400 
-148.000000	1.119938  	0.333216  	-8.035400 
-147.000000	1.092501  	0.355487  	-8.035400 
-146.000000	1.068183  	0.378753  	-8.035400 
-145.000000	1.045599  	0.402570  	-8.035400 
-144.000000	1.023014  	0.426388  	-8.035400 
-143.000000	1.000430  	0.450206  	-8.035400 
-142.000000	0.978604  	0.474311  	-8.035400 
-141.000000	0.958674  	0.499137  	-8.035400 
-140.000000	0.938745  	0.523963  	-8.035400 
-139.000000	0.918815  	0.548789  	-8.035400 
-138.000000	0.898885  	0.573615  	-8.035400 
-137.000000	0.880170  	0.598858  	-8.035400 
-136.000000	0.861549  	0.624133  	-8.035400 
-135.000000	0.842928  	0.649408  	-8.035400 
-134.000000	0.824307  	0.674683  	-8.035400 
-133.000000	0.805957  	0.699889  	-8.035400 
-132.000000	0.787810  	0.725045  	-8.035400 
-131.000000	0.769664  	0.750200  	-8.035400 
-130.000000	0.751518  	0.775356  	-8.035400 
-129.000000	0.733366  	0.800365  	-8.035400 
-128.000000	0.715194  	0.824837  	-8.035400 
-127.000000	0.697023  	0.849308  	-8.035400 
-126.000000	0.678851  	0.873780  	-8.035400 
-125.000000	0.660679  	0.898252  	-8.035400 
-124.000000	0.642255  	0.921667  	-8.035400 
-123.000000	0.623789  	0.944907  	-8.035400 
-122.000000	0.605323  	0.968147  	-8.035400 
-121.000000	0.586857  	0.991387  	-8.035400 
-120.000000	0.568195  	1.013752  	-8.035400 
-119.000000	0.549335  	1.035242  	-8.035400 
-118.000000	0.530476  	1.056732  	-8.035400 
-117.000000	0.511616  	1.078222  	-8.035400 
-116.000000	0.492705  	1.099394  	-8.035400 
-115.000000	0.473483  	1.118657  	-8.035400 
-114.000000	0.454260  	1.137920  	-8.035400 
-113.000000	0.435038  	1.157183  	-8.035400 
-112.000000	0.415815  	1.176446  	-8.035400 
-111.000000	0.396411  	1.193625  	-8.035400 
-110.000000	0.376957  	1.210235  	-8.035400 
-109.000000	0.357503  	1.226846  	-8.035400 
-108.000000	0.338048  	1.243457  	-8.035400 
-107.000000	0.318586  	1.258775  	-8.035400 
-106.000000	0.299112  	1.272371  	-8.035400 
-105.000000	0.279638  	1.285967  	-8.035400 
-104.000000	0.260164  	1.299562  	-8.035400 
-103.000000	0.240708  	1.312921  	-8.035400 
-102.000000	0.221489  	1.323209  	-8.035400 
-101.000000	0.202271  	1.333496  	-8.035400 
-100.000000	0.183052  	1.343783  	-8.035400 
-99.000000	0.163833  	1.354071  	-8.035400 
-98.000000	0.145027  	1.361841  	-8.035400 
-97.000000	0.126387  	1.368603  	-8.035400 
-96.000000	0.107748  	1.375366  	-8.035400 
-95.000000	0.089108  	1.382129  	-8.035400 
-94.000000	0.070803  	1.387585  	-8.035400 
-93.000000	0.053102  	1.390689  	-8.035400 
-92.000000	0.035402  	1.393793  	-8.035400 
-91.000000	0.017701  	1.396896  	-8.035400 
-90.000000	0.000000  	1.400000  	-8.035400 
-89.000000	-0.017701 	1.396896  	-8.035400 
-88.000000	-0.035402 	1.393793  	-8.035400 
-87.000000	-0.053102 	1.390689  	-8.035400 
-86.000000	-0.070803 	1.387585  	-8.035400 
-85.000000	-0.089108 	1.382129  	-8.035400 
-84.000000	-0.107748 	1.375366  	-8.035400 
-83.000000	-0.126387 	1.368603  	-8.035400 
-82.000000	-0.145027 	1.361841  	-8.035400 
-81.000000	-0.163833 	1.354071  	-8.035400 
-80.000000	-0.183052 	1.343783  	-8.035400 
-79.000000	-0.202271 	1.333496  	-8.035400 
-78.000000	-0.221489 	1.323209  	-8.035400 
-77.000000	-0.240708 	1.312921  	-8.035400 
-76.000000	-0.260164 	1.299562  	-8.035400 
-75.000000	-0.279638 	1.285967  	-8.035400 
-74.000000	-0.299112 	1.272371  	-8.035400 
-73.000000	-0.318586 	1.258775  	-8.035400 
-72.000000	-0.338048 	1.243457  	-8.035400 
-71.000000	-0.357503 	1.226846  	-8.035400 
-70.000000	-0.376957 	1.210235  	-8.035400 
-69.000000	-0.396411 	1.193625  	-8.035400 
-68.000000	-0.415815 	1.176446  	-8.035400 
-67.000000	-0.435038 	1.157183  	-8.035400 
-66.000000	-0.454260 	1.137920  	-8.035400 
-65.000000	-0.473483 	1.118657  	-8.035400 
-64.000000	-0.492705 	1.099394  	-8.035400 
-63.000000	-0.511616 	1.078222  	-8.035400 
-62.000000	-0.530476 	1.056732  	-8.035400 
-61.000000	-0.549335 	1.035242  	-8.035400 
-60.000000	-0.568195 	1.013752  	-8.035400 
-59.000000	-0.586857 	0.991387  	-8.035400 
-58.000000	-0.605323 	0.968147  	-8.035400 
-57.000000	-0.623789 	0.944907  	-8.035400 
-56.000000	-0.642255 	0.921667  	-8.035400 
-55.000000	-0.660679 	0.898252  	-8.035400 
-54.000000	-0.678851 	0.873780  	-8.035400 
-53.000000	-0.697023 	0.849308  	-8.035400 
-52.000000	-0.715194 	0.824837  	-8.035400 
-51.000000	-0.733366 	0.800365  	-8.035400 
-50.000000	-0.751518 	0.775356  	-8.035400 
-49.000000	-0.769664 	0.750200  	-8.035400 
-48.000000	-0.787810 	0.725045  	-8.035400 
-47.000000	-0.805957 	0.699889  	-8.035400 
-46.000000	-0.824307 	0.674683  	-8.035400 
-45.000000	-0.842928 	0.649408  	-8.035400 
-44.000000	-0.861549 	0.624133  	-8.035400 
-43.000000	-0.880170 	0.598858  	-8.035400 
-42.000000	-0.898885 	0.573615  	-8.035400 
-41.000000	-0.918815 	0.548789  	-8.035400 
-40.000000	-0.938745 	0.523963  	-8.035400 
-39.000000	-0.958674 	0.499137  	-8.035400 
-38.000000	-0.978604 	0.474311  	-8.035400 
-37.000000	-1.000430 	0.450206  	-8.035400 
-36.000000	-1.023014 	0.426388  	-8.035400 
-35.000000	-1.045599 	0.402570  	-8.035400 
-34.000000	-1.068183 	0.378753  	-8.035400 
-33.000000	-1.092501 	0.355487  	-8.035400 
-32.000000	-1.119938 	0.333216  	-8.035400 
-31.000000	-1.147375 	0.310944  	-8.035400 
-30.000000	-1.174813 	0.288672  	-8.035400 
-29.000000	-1.202250 	0.266400  	-8.035400 
-28.000000	-1.167274 	0.253129  	-8.035400 
-27.000000	-1.132297 	0.239859  	-8.035400 
-26.000000	-1.097321 	0.226588  	-8.035400 
-25.000000	-1.062345 	0.213318  	-8.035400 
-24.000000	-1.027368 	0.200047  	-8.035400 
-23.000000	-0.992392 	0.186777  	-8.035400 
-22.000000	-0.957416 	0.173506  	-8.035400 
-21.000000	-0.922439 	0.160236  	-8.035400 
-20.000000	-0.887463 	0.146965  	-8.035400 
-19.000000	-0.852487 	0.133695  	-8.035400 
-18.000000	-0.817511 	0.120424  	-8.035400 
-17.000000	-0.782534 	0.107154  	-8.035400 
-16.000000	-0.747558 	0.093883  	-8.035400 
-15.000000	-0.712582 	0.080613  	-8.035400 
-14.000000	-0.677605 	0.067342  	-8.035400 
-13.000000	-0.642629 	0.054072  	-8.035400 
-12.000000	-0.607653 	0.040801  	-6.392032 
-11.000000	-0.572676 	0.027531  	-4.091316 
-10.000000	-0.537700 	0.014260  	-1.790600 
-9.000000 	-0.391500 	0.013560  	-1.648700 
-8.000000 	-0.242400 	0.012910  	-1.512600 
-7.000000 	-0.089000 	0.012320  	-1.380200 
-6.000000 	0.050400  	0.012070  	-1.261400 
-5.000000 	0.190200  	0.011880  	-1.146500 
-4.000000 	0.329200  	0.011820  	-1.035000 
-3.000000 	0.462000  	0.011850  	-1.033000 
-2.000000 	0.593900  	0.011940  	-1.125100 
-1.000000 	0.724500  	0.012090  	-1.218200 
0.000000  	0.851100  	0.012250  	-1.316000 
1.000000  	0.975700  	0.012460  	-1.420900 
2.000000  	1.097400  	0.012740  	-1.544500 
3.000000  	1.215100  	0.013120  	-1.699300 
4.000000  	1.329500  	0.013530  	-1.882500 
5.000000  	1.439800  	0.014040  	-2.097400 
6.000000  	1.541500  	0.014830  	-2.349900 
7.000000  	1.630700  	0.016030  	-2.624400 
8.000000  	1.687700  	0.018190  	-2.905600 
9.000000  	1.715550  	0.022595  	-3.183850 
10.000000 	1.743400  	0.027000  	-3.462100 
11.000000 	1.756500  	0.034580  	-3.724900 
12.000000 	1.760500  	0.044590  	-3.991100 
13.000000 	1.755800  	0.056090  	-4.229400 
14.000000 	1.746700  	0.068690  	-4.476400 
15.000000 	1.737100  	0.081810  	-4.739800 
16.000000 	1.730600  	0.094880  	-4.990300 
17.000000 	1.728200  	0.107730  	-5.289800 
18.000000 	1.724400  	0.120940  	-5.549200 
19.000000 	1.726000  	0.133610  	-5.833600 
20.000000 	1.726050  	0.146660  	-6.117400 
21.000000 	1.726100  	0.159710  	-6.401200 
22.000000 	1.724600  	0.173180  	-6.649300 
23.000000 	1.721400  	0.186980  	-6.903500 
24.000000 	1.717100  	0.201010  	-7.088600 
25.000000 	1.715600  	0.214580  	-7.275200 
26.000000 	1.715400  	0.227900  	-7.519700 
27.000000 	1.714200  	0.241290  	-7.679900 
28.000000 	1.714300  	0.254260  	-7.831500 
29.000000 	1.717500  	0.266400  	-8.035400 
30.000000 	1.678304  	0.288672  	-8.035400 
31.000000 	1.639108  	0.310944  	-8.035400 
32.000000 	1.599911  	0.333216  	-8.035400 
33.000000 	1.560715  	0.355487  	-8.035400 
34.000000 	1.525976  	0.378753  	-8.035400 
35.000000 	1.493712  	0.402570  	-8.035400 
36.000000 	1.461449  	0.426388  	-8.035400 
37.000000 	1.429186  	0.450206  	-8.035400 
38.000000 	1.398006  	0.474311  	-8.035400 
39.000000 	1.369535  	0.499137  	-8.035400 
40.000000 	1.341064  	0.523963  	-8.035400 
41.000000 	1.312593  	0.548789  	-8.035400 
42.000000 	1.284122  	0.573615  	-8.035400 
43.000000 	1.257386  	0.598858  	-8.035400 
44.000000 	1.230784  	0.624133  	-8.035400 
45.000000 	1.204183  	0.649408  	-8.035400 
46.000000 	1.177581  	0.674683  	-8.035400 
47.000000 	1.151367  	0.699889  	-8.035400 
48.000000 	1.125443  	0.725045  	-8.035400 
49.000000 	1.099520  	0.750200  	-8.035400 
50.000000 	1.073597  	0.775356  	-8.035400 
51.000000 	1.047666  	0.800365  	-8.035400 
52.000000 	1.021706  	0.824837  	-8.035400 
53.000000 	0.995746  	0.849308  	-8.035400 
54.000000 	0.969787  	0.873780  	-8.035400 
55.000000 	0.943827  	0.898252  	-8.035400 
56.000000 	0.917507  	0.921667  	-8.035400 
57.000000 	0.891127  	0.944907  	-8.035400 
58.000000 	0.864747  	0.968147  	-8.035400 
59.000000 	0.838367  	0.991387  	-8.035400 
60.000000 	0.811706  	1.013752  	-8.035400 
61.000000 	0.784765  	1.035242  	-8.035400 
62.000000 	0.757823  	1.056732  	-8.035400 
63.000000 	0.730881  	1.078222  	-8.035400 
64.000000 	0.703865  	1.099394  	-8.035400 
65.000000 	0.676404  	1.118657  	-8.035400 
66.000000 	0.648943  	1.137920  	-8.035400 
67.000000 	0.621482  	1.157183  	-8.035400 
68.000000 	0.594022  	1.176446  	-8.035400 
69.000000 	0.566301  	1.193625  	-8.035400 
70.000000 	0.538509  	1.210235  	-8.035400 
71.000000 	0.510718  	1.226846  	-8.035400 
72.000000 	0.482926  	1.243457  	-8.035400 
73.000000 	0.455123  	1.258775  	-8.035400 
74.000000 	0.427303  	1.272371  	-8.035400 
75.000000 	0.399483  	1.285967  	-8.035400 
76.000000 	0.371663  	1.299562  	-8.035400 
77.000000 	0.343869  	1.312921  	-8.035400 
78.000000 	0.316413  	1.323209  	-8.035400 
79.000000 	0.288958  	1.333496  	-8.035400 
80.000000 	0.261502  	1.343783  	-8.035400 
81.000000 	0.234047  	1.354071  	-8.035400 
82.000000 	0.207182  	1.361841  	-8.035400 
83.000000 	0.180554  	1.368603  	-8.035400 
84.000000 	0.153925  	1.375366  	-8.035400 
85.000000 	0.127297  	1.382129  	-8.035400 
86.000000 	0.101147  	1.387585  	-8.035400 
87.000000 	0.075860  	1.390689  	-8.035400 
88.000000 	0.050574  	1.393793  	-8.035400 
89.000000 	0.025287  	1.396896  	-8.035400 
90.000000 	0.000000  	1.400000  	-8.035400 
91.000000 	-0.017701 	1.396896  	-8.035400 
92.000000 	-0.035402 	1.393793  	-8.035400 
93.000000 	-0.053102 	1.390689  	-8.035400 
94.000000 	-0.070803 	1.387585  	-8.035400 
95.000000 	-0.089108 	1.382129  	-8.035400 
96.000000 	-0.107748 	1.375366  	-8.035400 
97.000000 	-0.126387 	1.368603  	-8.035400 
98.000000 	-0.145027 	1.361841  	-8.035400 
99.000000 	-0.163833 	1.354071  	-8.035400 
100.000000	-0.183052 	1.343783  	-8.035400 
101.000000	-0.202271 	1.333496  	-8.035400 
102.000000	-0.221489 	1.323209  	-8.035400 
103.000000	-0.240708 	1.312921  	-8.035400 
104.000000	-0.260164 	1.299562  	-8.035400 
105.000000	-0.279638 	1.285967  	-8.035400 
106.000000	-0.299112 	1.272371  	-8.035400 
107.000000	-0.318586 	1.258775  	-8.035400 
108.000000	-0.338048 	1.243457  	-8.035400 
109.000000	-0.357503 	1.226846  	-8.035400 
110.000000	-0.376957 	1.210235  	-8.035400 
111.000000	-0.396411 	1.193625  	-8.035400 
112.000000	-0.415815 	1.176446  	-8.035400 
113.000000	-0.435038 	1.157183  	-8.035400 
114.000000	-0.454260 	1.137920  	-8.035400 
115.000000	-0.473483 	1.118657  	-8.035400 
116.000000	-0.492705 	1.099394  	-8.035400 
117.000000	-0.511616 	1.078222  	-8.035400 
118.000000	-0.530476 	1.056732  	-8.035400 
119.000000	-0.549335 	1.035242  	-8.035400 
120.000000	-0.568195 	1.013752  	-8.035400 
121.000000	-0.586857 	0.991387  	-8.035400 
122.000000	-0.605323 	0.968147  	-8.035400 
123.000000	-0.623789 	0.944907  	-8.035400 
124.000000	-0.642255 	0.921667  	-8.035400 
125.000000	-0.660679 	0.898252  	-8.035400 
126.000000	-0.678851 	0.873780  	-8.035400 
127.000000	-0.697023 	0.849308  	-8.035400 
128.000000	-0.715194 	0.824837  	-8.035400 
129.000000	-0.733366 	0.800365  	-8.035400 
130.000000	-0.751518 	0.775356  	-8.035400 
131.000000	-0.769664 	0.750200  	-8.035400 
132.000000	-0.787810 	0.725045  	-8.035400 
133.000000	-0.805957 	0.699889  	-8.035400 
134.000000	-0.824307 	0.674683  	-8.035400 
135.000000	-0.842928 	0.649408  	-8.035400 
136.000000	-0.861549 	0.624133  	-8.035400 
137.000000	-0.880170 	0.598858  	-8.035400 
138.000000	-0.898885 	0.573615  	-8.035400 
139.000000	-0.918815 	0.548789  	-8.035400 
140.000000	-0.938745 	0.523963  	-8.035400 
141.000000	-0.958674 	0.499137  	-8.035400 
142.000000	-0.978604 	0.474311  	-8.035400 
143.000000	-1.000430 	0.450206  	-8.035400 
144.000000	-1.023014 	0.426388  	-8.035400 
145.000000	-1.045599 	0.402570  	-8.035400 
146.000000	-1.068183 	0.378753  	-8.035400 
147.000000	-1.092501 	0.355487  	-8.035400 
148.000000	-1.119938 	0.333216  	-8.035400 
149.000000	-1.147375 	0.310944  	-8.035400 
150.000000	-1.174813 	0.288672  	-8.035400 
151.000000	-1.202250 	0.266400  	-8.035400 
152.000000	-1.160793 	0.245578  	-8.035400 
153.000000	-1.119336 	0.224756  	-8.035400 
154.000000	-1.077879 	0.204939  	-8.035400 
155.000000	-1.036422 	0.185198  	-8.035400 
156.000000	-0.994966 	0.166472  	-8.035400 
157.000000	-0.953509 	0.147915  	-8.035400 
158.000000	-0.912052 	0.130362  	-8.035400 
159.000000	-0.870595 	0.113083  	-8.035400 
160.000000	-0.829138 	0.096779  	-8.035400 
161.000000	-0.787681 	0.080866  	-8.035400 
162.000000	-0.746224 	0.065884  	-8.035400 
163.000000	-0.704767 	0.051419  	-8.035400 
164.000000	-0.663310 	0.037824  	-8.035400 
165.000000	-0.621853 	0.024881  	-8.035400 
166.000000	-0.580397 	0.014207  	-8.035400 
167.000000	-0.538940 	0.005803  	-8.035400 
168.000000	-0.497483 	0.001000  	-8.035400 
169.000000	-0.456026 	0.001000  	-8.035400 
170.000000	-0.414569 	0.001000  	-8.035400 
171.000000	-0.373112 	0.001000  	-8.035400 
172.000000	-0.331655 	0.001000  	-8.035400 
173.000000	-0.290198 	0.001000  	-8.035400 
174.000000	-0.248741 	0.001000  	-8.035400 
175.000000	-0.207284 	0.001000  	-8.035400 
176.000000	-0.165828 	0.001000  	-8.035400 
177.000000	-0.124371 	0.001000  	-8.035400 
178.000000	-0.082914 	0.001000  	-8.035400 
179.000000	-0.041457 	0.001000  	-8.035400 
180.000000	0.000000  	0.001000  	-8.035400 
! ------------------------------------------------------------------------------
! data for table	8         
! ------------------------------------------------------------------------------
  0.900000  	Re           ! Reynolds number in millions
  0.000000  	UserProp     ! User property (control) setting
Flase           InclUAdata   ! Is unsteady aerodynamics data included in this table? If TRUE, then include UA coefficients below this line. Any missing coefficients will be calculated internally.
! Table of aerodynamics coefficients
  361       	NumAlf       ! Number of data lines in the following table
!Alpha      Cl          Cd          Cm/Cp
!(deg)      (-)         (-)         (-)
-180.000000	0.000000  	0.001000  	-8.068100 
-179.000000	0.041599  	0.001000  	-8.068100 
-178.000000	0.083199  	0.001000  	-8.068100 
-177.000000	0.124798  	0.001000  	-8.068100 
-176.000000	0.166397  	0.001000  	-8.068100 
-175.000000	0.207997  	0.001000  	-8.068100 
-174.000000	0.249596  	0.001000  	-8.068100 
-173.000000	0.291195  	0.001000  	-8.068100 
-172.000000	0.332794  	0.001000  	-8.068100 
-171.000000	0.374394  	0.001000  	-8.068100 
-170.000000	0.415993  	0.001000  	-8.068100 
-169.000000	0.457592  	0.001000  	-8.068100 
-168.000000	0.499192  	0.001000  	-8.068100 
-167.000000	0.540791  	0.005287  	-8.068100 
-166.000000	0.582390  	0.012788  	-8.068100 
-165.000000	0.623990  	0.023015  	-8.068100 
-164.000000	0.665589  	0.035967  	-8.068100 
-163.000000	0.707188  	0.049572  	-8.068100 
-162.000000	0.748788  	0.064047  	-8.068100 
-161.000000	0.790387  	0.079039  	-8.068100 
-160.000000	0.831986  	0.094964  	-8.068100 
-159.000000	0.873586  	0.111279  	-8.068100 
-158.000000	0.915185  	0.128571  	-8.068100 
-157.000000	0.956784  	0.146136  	-8.068100 
-156.000000	0.998383  	0.164707  	-8.068100 
-155.000000	1.039983  	0.183447  	-8.068100 
-154.000000	1.081582  	0.203202  	-8.068100 
-153.000000	1.123181  	0.223034  	-8.068100 
-152.000000	1.164781  	0.243872  	-8.068100 
-151.000000	1.206380  	0.264710  	-8.068100 
-150.000000	1.178757  	0.286999  	-8.068100 
-149.000000	1.151134  	0.309289  	-8.068100 
-148.000000	1.123511  	0.331578  	-8.068100 
-147.000000	1.095888  	0.353867  	-8.068100 
-146.000000	1.071409  	0.377152  	-8.068100 
-145.000000	1.048677  	0.400989  	-8.068100 
-144.000000	1.025945  	0.424826  	-8.068100 
-143.000000	1.003213  	0.448663  	-8.068100 
-142.000000	0.981247  	0.472789  	-8.068100 
-141.000000	0.961197  	0.497636  	-8.068100 
-140.000000	0.941147  	0.522484  	-8.068100 
-139.000000	0.921096  	0.547331  	-8.068100 
-138.000000	0.901046  	0.572179  	-8.068100 
-137.000000	0.882230  	0.597445  	-8.068100 
-136.000000	0.863509  	0.622744  	-8.068100 
-135.000000	0.844787  	0.648042  	-8.068100 
-134.000000	0.826066  	0.673341  	-8.068100 
-133.000000	0.807625  	0.698572  	-8.068100 
-132.000000	0.789395  	0.723753  	-8.068100 
-131.000000	0.771164  	0.748934  	-8.068100 
-130.000000	0.752934  	0.774114  	-8.068100 
-129.000000	0.734701  	0.799149  	-8.068100 
-128.000000	0.716459  	0.823648  	-8.068100 
-127.000000	0.698216  	0.848146  	-8.068100 
-126.000000	0.679974  	0.872645  	-8.068100 
-125.000000	0.661731  	0.897143  	-8.068100 
-124.000000	0.643246  	0.920587  	-8.068100 
-123.000000	0.624721  	0.943856  	-8.068100 
-122.000000	0.606195  	0.967124  	-8.068100 
-121.000000	0.587670  	0.990393  	-8.068100 
-120.000000	0.568952  	1.012787  	-8.068100 
-119.000000	0.550043  	1.034306  	-8.068100 
-118.000000	0.531134  	1.055826  	-8.068100 
-117.000000	0.512225  	1.077345  	-8.068100 
-116.000000	0.493265  	1.098547  	-8.068100 
-115.000000	0.474002  	1.117841  	-8.068100 
-114.000000	0.454739  	1.137134  	-8.068100 
-113.000000	0.435475  	1.156428  	-8.068100 
-112.000000	0.416212  	1.175722  	-8.068100 
-111.000000	0.396773  	1.192932  	-8.068100 
-110.000000	0.377287  	1.209575  	-8.068100 
-109.000000	0.357800  	1.226217  	-8.068100 
-108.000000	0.338313  	1.242860  	-8.068100 
-107.000000	0.318821  	1.258211  	-8.068100 
-106.000000	0.299322  	1.271839  	-8.068100 
-105.000000	0.279824  	1.285467  	-8.068100 
-104.000000	0.260325  	1.299095  	-8.068100 
-103.000000	0.240845  	1.312487  	-8.068100 
-102.000000	0.221608  	1.322807  	-8.068100 
-101.000000	0.202372  	1.333128  	-8.068100 
-100.000000	0.183135  	1.343448  	-8.068100 
-99.000000	0.163899  	1.353769  	-8.068100 
-98.000000	0.145081  	1.361572  	-8.068100 
-97.000000	0.126430  	1.368368  	-8.068100 
-96.000000	0.107780  	1.375164  	-8.068100 
-95.000000	0.089129  	1.381961  	-8.068100 
-94.000000	0.070817  	1.387450  	-8.068100 
-93.000000	0.053113  	1.390588  	-8.068100 
-92.000000	0.035408  	1.393725  	-8.068100 
-91.000000	0.017704  	1.396863  	-8.068100 
-90.000000	0.000000  	1.400000  	-8.068100 
-89.000000	-0.017704 	1.396863  	-8.068100 
-88.000000	-0.035408 	1.393725  	-8.068100 
-87.000000	-0.053113 	1.390588  	-8.068100 
-86.000000	-0.070817 	1.387450  	-8.068100 
-85.000000	-0.089129 	1.381961  	-8.068100 
-84.000000	-0.107780 	1.375164  	-8.068100 
-83.000000	-0.126430 	1.368368  	-8.068100 
-82.000000	-0.145081 	1.361572  	-8.068100 
-81.000000	-0.163899 	1.353769  	-8.068100 
-80.000000	-0.183135 	1.343448  	-8.068100 
-79.000000	-0.202372 	1.333128  	-8.068100 
-78.000000	-0.221608 	1.322807  	-8.068100 
-77.000000	-0.240845 	1.312487  	-8.068100 
-76.000000	-0.260325 	1.299095  	-8.068100 
-75.000000	-0.279824 	1.285467  	-8.068100 
-74.000000	-0.299322 	1.271839  	-8.068100 
-73.000000	-0.318821 	1.258211  	-8.068100 
-72.000000	-0.338313 	1.242860  	-8.068100 
-71.000000	-0.357800 	1.226217  	-8.068100 
-70.000000	-0.377287 	1.209575  	-8.068100 
-69.000000	-0.396773 	1.192932  	-8.068100 
-68.000000	-0.416212 	1.175722  	-8.068100 
-67.000000	-0.435475 	1.156428  	-8.068100 
-66.000000	-0.454739 	1.137134  	-8.068100 
-65.000000	-0.474002 	1.117841  	-8.068100 
-64.000000	-0.493265 	1.098547  	-8.068100 
-63.000000	-0.512225 	1.077345  	-8.068100 
-62.000000	-0.531134 	1.055826  	-8.068100 
-61.000000	-0.550043 	1.034306  	-8.068100 
-60.000000	-0.568952 	1.012787  	-8.068100 
-59.000000	-0.587670 	0.990393  	-8.068100 
-58.000000	-0.606195 	0.967124  	-8.068100 
-57.000000	-0.624721 	0.943856  	-8.068100 
-56.000000	-0.643246 	0.920587  	-8.068100 
-55.000000	-0.661731 	0.897143  	-8.068100 
-54.000000	-0.679974 	0.872645  	-8.068100 
-53.000000	-0.698216 	0.848146  	-8.068100 
-52.000000	-0.716459 	0.823648  	-8.068100 
-51.000000	-0.734701 	0.799149  	-8.068100 
-50.000000	-0.752934 	0.774114  	-8.068100 
-49.000000	-0.771164 	0.748934  	-8.068100 
-48.000000	-0.789395 	0.723753  	-8.068100 
-47.000000	-0.807625 	0.698572  	-8.068100 
-46.000000	-0.826066 	0.673341  	-8.068100 
-45.000000	-0.844787 	0.648042  	-8.068100 
-44.000000	-0.863509 	0.622744  	-8.068100 
-43.000000	-0.882230 	0.597445  	-8.068100 
-42.000000	-0.901046 	0.572179  	-8.068100 
-41.000000	-0.921096 	0.547331  	-8.068100 
-40.000000	-0.941147 	0.522484  	-8.068100 
-39.000000	-0.961197 	0.497636  	-8.068100 
-38.000000	-0.981247 	0.472789  	-8.068100 
-37.000000	-1.003213 	0.448663  	-8.068100 
-36.000000	-1.025945 	0.424826  	-8.068100 
-35.000000	-1.048677 	0.400989  	-8.068100 
-34.000000	-1.071409 	0.377152  	-8.068100 
-33.000000	-1.095888 	0.353867  	-8.068100 
-32.000000	-1.123511 	0.331578  	-8.068100 
-31.000000	-1.151134 	0.309289  	-8.068100 
-30.000000	-1.178757 	0.286999  	-8.068100 
-29.000000	-1.206380 	0.264710  	-8.068100 
-28.000000	-1.171592 	0.251523  	-8.068100 
-27.000000	-1.136803 	0.238335  	-8.068100 
-26.000000	-1.102015 	0.225148  	-8.068100 
-25.000000	-1.067226 	0.211961  	-8.068100 
-24.000000	-1.032438 	0.198773  	-8.068100 
-23.000000	-0.997649 	0.185586  	-8.068100 
-22.000000	-0.962861 	0.172398  	-8.068100 
-21.000000	-0.928073 	0.159211  	-8.068100 
-20.000000	-0.893284 	0.146024  	-8.068100 
-19.000000	-0.858496 	0.132836  	-8.068100 
-18.000000	-0.823707 	0.119649  	-8.068100 
-17.000000	-0.788919 	0.106462  	-8.068100 
-16.000000	-0.754131 	0.093274  	-8.068100 
-15.000000	-0.719342 	0.080087  	-8.068100 
-14.000000	-0.684554 	0.066899  	-8.068100 
-13.000000	-0.649765 	0.053712  	-8.068100 
-12.000000	-0.614977 	0.040525  	-6.417889 
-11.000000	-0.580188 	0.027337  	-4.107595 
-10.000000	-0.545400 	0.014150  	-1.797300 
-9.000000 	-0.390700 	0.013170  	-1.650400 
-8.000000 	-0.242100 	0.012570  	-1.514600 
-7.000000 	-0.095400 	0.012080  	-1.386100 
-6.000000 	0.050700  	0.011700  	-1.262700 
-5.000000 	0.192100  	0.011510  	-1.146200 
-4.000000 	0.328600  	0.011420  	-1.037100 
-3.000000 	0.463400  	0.011400  	-1.035200 
-2.000000 	0.595800  	0.011480  	-1.126400 
-1.000000 	0.725300  	0.011610  	-1.219500 
0.000000  	0.852800  	0.011790  	-1.317500 
1.000000  	0.977800  	0.012050  	-1.423200 
2.000000  	1.099200  	0.012310  	-1.545500 
3.000000  	1.218000  	0.012610  	-1.701200 
4.000000  	1.333300  	0.013040  	-1.886000 
5.000000  	1.443800  	0.013600  	-2.103400 
6.000000  	1.546700  	0.014390  	-2.357900 
7.000000  	1.635000  	0.015710  	-2.627200 
8.000000  	1.691000  	0.017950  	-2.916400 
9.000000  	1.731300  	0.021410  	-3.208300 
10.000000 	1.751900  	0.026430  	-3.479300 
11.000000 	1.766900  	0.033760  	-3.751200 
12.000000 	1.776400  	0.043120  	-4.020900 
13.000000 	1.772900  	0.054440  	-4.279600 
14.000000 	1.764500  	0.066820  	-4.542000 
15.000000 	1.756400  	0.079690  	-4.789900 
16.000000 	1.747500  	0.092970  	-5.056500 
17.000000 	1.744100  	0.105850  	-5.342200 
18.000000 	1.743100  	0.118600  	-5.617800 
19.000000 	1.743000  	0.131360  	-5.932400 
20.000000 	1.742200  	0.144390  	-6.209400 
21.000000 	1.743900  	0.157090  	-6.473000 
22.000000 	1.742600  	0.170370  	-6.747900 
23.000000 	1.738900  	0.184090  	-6.992700 
24.000000 	1.732600  	0.198260  	-7.188700 
25.000000 	1.730700  	0.211690  	-7.376000 
26.000000 	1.727300  	0.225430  	-7.593600 
27.000000 	1.721700  	0.239500  	-7.743500 
28.000000 	1.721900  	0.252380  	-7.941200 
29.000000 	1.723400  	0.264710  	-8.068100 
30.000000 	1.683939  	0.286999  	-8.068100 
31.000000 	1.644477  	0.309289  	-8.068100 
32.000000 	1.605016  	0.331578  	-8.068100 
33.000000 	1.565554  	0.353867  	-8.068100 
34.000000 	1.530584  	0.377152  	-8.068100 
35.000000 	1.498110  	0.400989  	-8.068100 
36.000000 	1.465636  	0.424826  	-8.068100 
37.000000 	1.433162  	0.448663  	-8.068100 
38.000000 	1.401782  	0.472789  	-8.068100 
39.000000 	1.373139  	0.497636  	-8.068100 
40.000000 	1.344495  	0.522484  	-8.068100 
41.000000 	1.315852  	0.547331  	-8.068100 
42.000000 	1.287209  	0.572179  	-8.068100 
43.000000 	1.260328  	0.597445  	-8.068100 
44.000000 	1.233584  	0.622744  	-8.068100 
45.000000 	1.206839  	0.648042  	-8.068100 
46.000000 	1.180094  	0.673341  	-8.068100 
47.000000 	1.153750  	0.698572  	-8.068100 
48.000000 	1.127707  	0.723753  	-8.068100 
49.000000 	1.101663  	0.748934  	-8.068100 
50.000000 	1.075620  	0.774114  	-8.068100 
51.000000 	1.049573  	0.799149  	-8.068100 
52.000000 	1.023512  	0.823648  	-8.068100 
53.000000 	0.997452  	0.848146  	-8.068100 
54.000000 	0.971391  	0.872645  	-8.068100 
55.000000 	0.945330  	0.897143  	-8.068100 
56.000000 	0.918923  	0.920587  	-8.068100 
57.000000 	0.892458  	0.943856  	-8.068100 
58.000000 	0.865993  	0.967124  	-8.068100 
59.000000 	0.839528  	0.990393  	-8.068100 
60.000000 	0.812789  	1.012787  	-8.068100 
61.000000 	0.785776  	1.034306  	-8.068100 
62.000000 	0.758763  	1.055826  	-8.068100 
63.000000 	0.731750  	1.077345  	-8.068100 
64.000000 	0.704665  	1.098547  	-8.068100 
65.000000 	0.677146  	1.117841  	-8.068100 
66.000000 	0.649627  	1.137134  	-8.068100 
67.000000 	0.622108  	1.156428  	-8.068100 
68.000000 	0.594589  	1.175722  	-8.068100 
69.000000 	0.566819  	1.192932  	-8.068100 
70.000000 	0.538981  	1.209575  	-8.068100 
71.000000 	0.511143  	1.226217  	-8.068100 
72.000000 	0.483305  	1.242860  	-8.068100 
73.000000 	0.455459  	1.258211  	-8.068100 
74.000000 	0.427603  	1.271839  	-8.068100 
75.000000 	0.399748  	1.285467  	-8.068100 
76.000000 	0.371892  	1.299095  	-8.068100 
77.000000 	0.344064  	1.312487  	-8.068100 
78.000000 	0.316583  	1.322807  	-8.068100 
79.000000 	0.289102  	1.333128  	-8.068100 
80.000000 	0.261622  	1.343448  	-8.068100 
81.000000 	0.234141  	1.353769  	-8.068100 
82.000000 	0.207258  	1.361572  	-8.068100 
83.000000 	0.180615  	1.368368  	-8.068100 
84.000000 	0.153971  	1.375164  	-8.068100 
85.000000 	0.127328  	1.381961  	-8.068100 
86.000000 	0.101167  	1.387450  	-8.068100 
87.000000 	0.075875  	1.390588  	-8.068100 
88.000000 	0.050584  	1.393725  	-8.068100 
89.000000 	0.025292  	1.396863  	-8.068100 
90.000000 	0.000000  	1.400000  	-8.068100 
91.000000 	-0.017704 	1.396863  	-8.068100 
92.000000 	-0.035408 	1.393725  	-8.068100 
93.000000 	-0.053113 	1.390588  	-8.068100 
94.000000 	-0.070817 	1.387450  	-8.068100 
95.000000 	-0.089129 	1.381961  	-8.068100 
96.000000 	-0.107780 	1.375164  	-8.068100 
97.000000 	-0.126430 	1.368368  	-8.068100 
98.000000 	-0.145081 	1.361572  	-8.068100 
99.000000 	-0.163899 	1.353769  	-8.068100 
100.000000	-0.183135 	1.343448  	-8.068100 
101.000000	-0.202372 	1.333128  	-8.068100 
102.000000	-0.221608 	1.322807  	-8.068100 
103.000000	-0.240845 	1.312487  	-8.068100 
104.000000	-0.260325 	1.299095  	-8.068100 
105.000000	-0.279824 	1.285467  	-8.068100 
106.000000	-0.299322 	1.271839  	-8.068100 
107.000000	-0.318821 	1.258211  	-8.068100 
108.000000	-0.338313 	1.242860  	-8.068100 
109.000000	-0.357800 	1.226217  	-8.068100 
110.000000	-0.377287 	1.209575  	-8.068100 
111.000000	-0.396773 	1.192932  	-8.068100 
112.000000	-0.416212 	1.175722  	-8.068100 
113.000000	-0.435475 	1.156428  	-8.068100 
114.000000	-0.454739 	1.137134  	-8.068100 
115.000000	-0.474002 	1.117841  	-8.068100 
116.000000	-0.493265 	1.098547  	-8.068100 
117.000000	-0.512225 	1.077345  	-8.068100 
118.000000	-0.531134 	1.055826  	-8.068100 
119.000000	-0.550043 	1.034306  	-8.068100 
120.000000	-0.568952 	1.012787  	-8.068100 
121.000000	-0.587670 	0.990393  	-8.068100 
122.000000	-0.606195 	0.967124  	-8.068100 
123.000000	-0.624721 	0.943856  	-8.068100 
124.000000	-0.643246 	0.920587  	-8.068100 
125.000000	-0.661731 	0.897143  	-8.068100 
126.000000	-0.679974 	0.872645  	-8.068100 
127.000000	-0.698216 	0.848146  	-8.068100 
128.000000	-0.716459 	0.823648  	-8.068100 
129.000000	-0.734701 	0.799149  	-8.068100 
130.000000	-0.752934 	0.774114  	-8.068100 
131.000000	-0.771164 	0.748934  	-8.068100 
132.000000	-0.789395 	0.723753  	-8.068100 
133.000000	-0.807625 	0.698572  	-8.068100 
134.000000	-0.826066 	0.673341  	-8.068100 
135.000000	-0.844787 	0.648042  	-8.068100 
136.000000	-0.863509 	0.622744  	-8.068100 
137.000000	-0.882230 	0.597445  	-8.068100 
138.000000	-0.901046 	0.572179  	-8.068100 
139.000000	-0.921096 	0.547331  	-8.068100 
140.000000	-0.941147 	0.522484  	-8.068100 
141.000000	-0.961197 	0.497636  	-8.068100 
142.000000	-0.981247 	0.472789  	-8.068100 
143.000000	-1.003213 	0.448663  	-8.068100 
144.000000	-1.025945 	0.424826  	-8.068100 
145.000000	-1.048677 	0.400989  	-8.068100 
146.000000	-1.071409 	0.377152  	-8.068100 
147.000000	-1.095888 	0.353867  	-8.068100 
148.000000	-1.123511 	0.331578  	-8.068100 
149.000000	-1.151134 	0.309289  	-8.068100 
150.000000	-1.178757 	0.286999  	-8.068100 
151.000000	-1.206380 	0.264710  	-8.068100 
152.000000	-1.164781 	0.243872  	-8.068100 
153.000000	-1.123181 	0.223034  	-8.068100 
154.000000	-1.081582 	0.203202  	-8.068100 
155.000000	-1.039983 	0.183447  	-8.068100 
156.000000	-0.998383 	0.164707  	-8.068100 
157.000000	-0.956784 	0.146136  	-8.068100 
158.000000	-0.915185 	0.128571  	-8.068100 
159.000000	-0.873586 	0.111279  	-8.068100 
160.000000	-0.831986 	0.094964  	-8.068100 
161.000000	-0.790387 	0.079039  	-8.068100 
162.000000	-0.748788 	0.064047  	-8.068100 
163.000000	-0.707188 	0.049572  	-8.068100 
164.000000	-0.665589 	0.035967  	-8.068100 
165.000000	-0.623990 	0.023015  	-8.068100 
166.000000	-0.582390 	0.012788  	-8.068100 
167.000000	-0.540791 	0.005287  	-8.068100 
168.000000	-0.499192 	0.001000  	-8.068100 
169.000000	-0.457592 	0.001000  	-8.068100 
170.000000	-0.415993 	0.001000  	-8.068100 
171.000000	-0.374394 	0.001000  	-8.068100 
172.000000	-0.332794 	0.001000  	-8.068100 
173.000000	-0.291195 	0.001000  	-8.068100 
174.000000	-0.249596 	0.001000  	-8.068100 
175.000000	-0.207997 	0.001000  	-8.068100 
176.000000	-0.166397 	0.001000  	-8.068100 
177.000000	-0.124798 	0.001000  	-8.068100 
178.000000	-0.083199 	0.001000  	-8.068100 
179.000000	-0.041599 	0.001000  	-8.068100 
180.000000	0.000000  	0.001000  	-8.068100 
! ------------------------------------------------------------------------------
! data for table	9         
! ------------------------------------------------------------------------------
  1.000000  	Re           ! Reynolds number in millions
  0.000000  	UserProp     ! User property (control) setting
Flase           InclUAdata   ! Is unsteady aerodynamics data included in this table? If TRUE, then include UA coefficients below this line. Any missing coefficients will be calculated internally.
! Table of aerodynamics coefficients
  361       	NumAlf       ! Number of data lines in the following table
!Alpha      Cl          Cd          Cm/Cp
!(deg)      (-)         (-)         (-)
-180.000000	0.000000  	0.001000  	-7.943700 
-179.000000	0.043150  	0.001000  	-7.943700 
-178.000000	0.086300  	0.001000  	-7.943700 
-177.000000	0.129450  	0.001000  	-7.943700 
-176.000000	0.172600  	0.001000  	-7.943700 
-175.000000	0.215750  	0.001000  	-7.943700 
-174.000000	0.258900  	0.001000  	-7.943700 
-173.000000	0.302050  	0.001000  	-7.943700 
-172.000000	0.345200  	0.001000  	-7.943700 
-171.000000	0.388350  	0.001000  	-7.943700 
-170.000000	0.431500  	0.001000  	-7.943700 
-169.000000	0.474650  	0.001000  	-7.943700 
-168.000000	0.517800  	0.001000  	-7.943700 
-167.000000	0.560950  	0.011426  	-7.943700 
-166.000000	0.604100  	0.021853  	-7.943700 
-165.000000	0.647250  	0.034347  	-7.943700 
-164.000000	0.690400  	0.046842  	-7.943700 
-163.000000	0.733550  	0.060819  	-7.943700 
-162.000000	0.776700  	0.074796  	-7.943700 
-161.000000	0.819850  	0.090188  	-7.943700 
-160.000000	0.863000  	0.105580  	-7.943700 
-159.000000	0.906150  	0.122314  	-7.943700 
-158.000000	0.949300  	0.139048  	-7.943700 
-157.000000	0.992450  	0.157043  	-7.943700 
-156.000000	1.035600  	0.175039  	-7.943700 
-155.000000	1.078750  	0.194210  	-7.943700 
-154.000000	1.121900  	0.213381  	-7.943700 
-153.000000	1.165050  	0.233635  	-7.943700 
-152.000000	1.208200  	0.253890  	-7.943700 
-151.000000	1.180425  	0.275664  	-7.943700 
-150.000000	1.152650  	0.297439  	-7.943700 
-149.000000	1.124875  	0.319213  	-7.943700 
-148.000000	1.097100  	0.340987  	-7.943700 
-147.000000	1.072372  	0.363717  	-7.943700 
-146.000000	1.049929  	0.387164  	-7.943700 
-145.000000	1.027486  	0.410610  	-7.943700 
-144.000000	1.005043  	0.434057  	-7.943700 
-143.000000	0.983012  	0.457664  	-7.943700 
-142.000000	0.963450  	0.482235  	-7.943700 
-141.000000	0.943888  	0.506805  	-7.943700 
-140.000000	0.924326  	0.531375  	-7.943700 
-139.000000	0.904764  	0.555946  	-7.943700 
-138.000000	0.886204  	0.580909  	-7.943700 
-137.000000	0.868044  	0.606030  	-7.943700 
-136.000000	0.849884  	0.631151  	-7.943700 
-135.000000	0.831725  	0.656271  	-7.943700 
-134.000000	0.813706  	0.681382  	-7.943700 
-133.000000	0.796041  	0.706466  	-7.943700 
-132.000000	0.778376  	0.731551  	-7.943700 
-131.000000	0.760710  	0.756636  	-7.943700 
-130.000000	0.743045  	0.781721  	-7.943700 
-129.000000	0.725337  	0.806275  	-7.943700 
-128.000000	0.707623  	0.830740  	-7.943700 
-127.000000	0.689908  	0.855206  	-7.943700 
-126.000000	0.672193  	0.879671  	-7.943700 
-125.000000	0.654332  	0.903627  	-7.943700 
-124.000000	0.636274  	0.926905  	-7.943700 
-123.000000	0.618216  	0.950182  	-7.943700 
-122.000000	0.600158  	0.973460  	-7.943700 
-121.000000	0.582100  	0.996737  	-7.943700 
-120.000000	0.563586  	1.018288  	-7.943700 
-119.000000	0.545072  	1.039839  	-7.943700 
-118.000000	0.526558  	1.061389  	-7.943700 
-117.000000	0.508044  	1.082940  	-7.943700 
-116.000000	0.489284  	1.103220  	-7.943700 
-115.000000	0.470339  	1.122547  	-7.943700 
-114.000000	0.451393  	1.141874  	-7.943700 
-113.000000	0.432448  	1.161201  	-7.943700 
-112.000000	0.413460  	1.180147  	-7.943700 
-111.000000	0.394216  	1.196807  	-7.943700 
-110.000000	0.374971  	1.213466  	-7.943700 
-109.000000	0.355727  	1.230126  	-7.943700 
-108.000000	0.336482  	1.246786  	-7.943700 
-107.000000	0.317178  	1.261270  	-7.943700 
-106.000000	0.297851  	1.274883  	-7.943700 
-105.000000	0.278523  	1.288496  	-7.943700 
-104.000000	0.259195  	1.302110  	-7.943700 
-103.000000	0.239925  	1.314766  	-7.943700 
-102.000000	0.220797  	1.325027  	-7.943700 
-101.000000	0.201669  	1.335288  	-7.943700 
-100.000000	0.182541  	1.345549  	-7.943700 
-99.000000	0.163413  	1.355810  	-7.943700 
-98.000000	0.144742  	1.363004  	-7.943700 
-97.000000	0.126148  	1.369687  	-7.943700 
-96.000000	0.107554  	1.376370  	-7.943700 
-95.000000	0.088959  	1.383052  	-7.943700 
-94.000000	0.070753  	1.388142  	-7.943700 
-93.000000	0.053065  	1.391106  	-7.943700 
-92.000000	0.035377  	1.394071  	-7.943700 
-91.000000	0.017688  	1.397035  	-7.943700 
-90.000000	0.000000  	1.400000  	-7.943700 
-89.000000	-0.017688 	1.397035  	-7.943700 
-88.000000	-0.035377 	1.394071  	-7.943700 
-87.000000	-0.053065 	1.391106  	-7.943700 
-86.000000	-0.070753 	1.388142  	-7.943700 
-85.000000	-0.088959 	1.383052  	-7.943700 
-84.000000	-0.107554 	1.376370  	-7.943700 
-83.000000	-0.126148 	1.369687  	-7.943700 
-82.000000	-0.144742 	1.363004  	-7.943700 
-81.000000	-0.163413 	1.355810  	-7.943700 
-80.000000	-0.182541 	1.345549  	-7.943700 
-79.000000	-0.201669 	1.335288  	-7.943700 
-78.000000	-0.220797 	1.325027  	-7.943700 
-77.000000	-0.239925 	1.314766  	-7.943700 
-76.000000	-0.259195 	1.302110  	-7.943700 
-75.000000	-0.278523 	1.288496  	-7.943700 
-74.000000	-0.297851 	1.274883  	-7.943700 
-73.000000	-0.317178 	1.261270  	-7.943700 
-72.000000	-0.336482 	1.246786  	-7.943700 
-71.000000	-0.355727 	1.230126  	-7.943700 
-70.000000	-0.374971 	1.213466  	-7.943700 
-69.000000	-0.394216 	1.196807  	-7.943700 
-68.000000	-0.413460 	1.180147  	-7.943700 
-67.000000	-0.432448 	1.161201  	-7.943700 
-66.000000	-0.451393 	1.141874  	-7.943700 
-65.000000	-0.470339 	1.122547  	-7.943700 
-64.000000	-0.489284 	1.103220  	-7.943700 
-63.000000	-0.508044 	1.082940  	-7.943700 
-62.000000	-0.526558 	1.061389  	-7.943700 
-61.000000	-0.545072 	1.039839  	-7.943700 
-60.000000	-0.563586 	1.018288  	-7.943700 
-59.000000	-0.582100 	0.996737  	-7.943700 
-58.000000	-0.600158 	0.973460  	-7.943700 
-57.000000	-0.618216 	0.950182  	-7.943700 
-56.000000	-0.636274 	0.926905  	-7.943700 
-55.000000	-0.654332 	0.903627  	-7.943700 
-54.000000	-0.672193 	0.879671  	-7.943700 
-53.000000	-0.689908 	0.855206  	-7.943700 
-52.000000	-0.707623 	0.830740  	-7.943700 
-51.000000	-0.725337 	0.806275  	-7.943700 
-50.000000	-0.743045 	0.781721  	-7.943700 
-49.000000	-0.760710 	0.756636  	-7.943700 
-48.000000	-0.778376 	0.731551  	-7.943700 
-47.000000	-0.796041 	0.706466  	-7.943700 
-46.000000	-0.813706 	0.681382  	-7.943700 
-45.000000	-0.831725 	0.656271  	-7.943700 
-44.000000	-0.849884 	0.631151  	-7.943700 
-43.000000	-0.868044 	0.606030  	-7.943700 
-42.000000	-0.886204 	0.580909  	-7.943700 
-41.000000	-0.904764 	0.555946  	-7.943700 
-40.000000	-0.924326 	0.531375  	-7.943700 
-39.000000	-0.943888 	0.506805  	-7.943700 
-38.000000	-0.963450 	0.482235  	-7.943700 
-37.000000	-0.983012 	0.457664  	-7.943700 
-36.000000	-1.005043 	0.434057  	-7.943700 
-35.000000	-1.027486 	0.410610  	-7.943700 
-34.000000	-1.049929 	0.387164  	-7.943700 
-33.000000	-1.072372 	0.363717  	-7.943700 
-32.000000	-1.097100 	0.340987  	-7.943700 
-31.000000	-1.124875 	0.319213  	-7.943700 
-30.000000	-1.152650 	0.297439  	-7.943700 
-29.000000	-1.180425 	0.275664  	-7.943700 
-28.000000	-1.208200 	0.253890  	-7.943700 
-27.000000	-1.171228 	0.240559  	-7.943700 
-26.000000	-1.134256 	0.227228  	-7.943700 
-25.000000	-1.097283 	0.213897  	-7.943700 
-24.000000	-1.060311 	0.200566  	-7.943700 
-23.000000	-1.023339 	0.187234  	-7.943700 
-22.000000	-0.986367 	0.173903  	-7.943700 
-21.000000	-0.949394 	0.160572  	-7.943700 
-20.000000	-0.912422 	0.147241  	-7.943700 
-19.000000	-0.875450 	0.133910  	-7.943700 
-18.000000	-0.838478 	0.120579  	-7.943700 
-17.000000	-0.801506 	0.107248  	-7.943700 
-16.000000	-0.764533 	0.093917  	-7.943700 
-15.000000	-0.727561 	0.080586  	-7.943700 
-14.000000	-0.690589 	0.067254  	-7.943700 
-13.000000	-0.653617 	0.053923  	-7.943700 
-12.000000	-0.616644 	0.040592  	-6.577544 
-11.000000	-0.579672 	0.027261  	-4.186772 
-10.000000	-0.542700 	0.013930  	-1.796000 
-9.000000 	-0.387400 	0.012930  	-1.650300 
-8.000000 	-0.239900 	0.012340  	-1.514000 
-7.000000 	-0.092100 	0.011810  	-1.385100 
-6.000000 	0.054900  	0.011400  	-1.261200 
-5.000000 	0.196700  	0.011170  	-1.145100 
-4.000000 	0.333800  	0.011070  	-1.035000 
-3.000000 	0.468600  	0.011090  	-1.038300 
-2.000000 	0.600600  	0.011150  	-1.130500 
-1.000000 	0.730600  	0.011220  	-1.222700 
0.000000  	0.858400  	0.011380  	-1.321500 
1.000000  	0.983500  	0.011620  	-1.426800 
2.000000  	1.105600  	0.011880  	-1.550800 
3.000000  	1.224900  	0.012220  	-1.708100 
4.000000  	1.340600  	0.012690  	-1.893000 
5.000000  	1.452000  	0.013230  	-2.114600 
6.000000  	1.555500  	0.014050  	-2.372100 
7.000000  	1.644200  	0.015410  	-2.642300 
8.000000  	1.697300  	0.017790  	-2.933600 
9.000000  	1.736800  	0.021240  	-3.219500 
10.000000 	1.761900  	0.025950  	-3.500700 
11.000000 	1.780100  	0.032920  	-3.782400 
12.000000 	1.789300  	0.042220  	-4.043200 
13.000000 	1.788700  	0.053210  	-4.333200 
14.000000 	1.781500  	0.065440  	-4.583700 
15.000000 	1.772500  	0.078330  	-4.841000 
16.000000 	1.764200  	0.091520  	-5.132600 
17.000000 	1.759000  	0.104530  	-5.400800 
18.000000 	1.757000  	0.117390  	-5.676300 
19.000000 	1.757100  	0.130100  	-5.985600 
20.000000 	1.755100  	0.143280  	-6.253100 
21.000000 	1.752300  	0.156710  	-6.529700 
22.000000 	1.751100  	0.170040  	-6.831500 
23.000000 	1.748900  	0.183580  	-7.062500 
24.000000 	1.745700  	0.197340  	-7.308500 
25.000000 	1.739600  	0.211750  	-7.464300 
26.000000 	1.731600  	0.226500  	-7.654900 
27.000000 	1.729500  	0.240100  	-7.889500 
28.000000 	1.726000  	0.253890  	-7.943700 
29.000000 	1.686321  	0.275664  	-7.943700 
30.000000 	1.646643  	0.297439  	-7.943700 
31.000000 	1.606964  	0.319213  	-7.943700 
32.000000 	1.567286  	0.340987  	-7.943700 
33.000000 	1.531960  	0.363717  	-7.943700 
34.000000 	1.499899  	0.387164  	-7.943700 
35.000000 	1.467837  	0.410610  	-7.943700 
36.000000 	1.435776  	0.434057  	-7.943700 
37.000000 	1.404302  	0.457664  	-7.943700 
38.000000 	1.376357  	0.482235  	-7.943700 
39.000000 	1.348411  	0.506805  	-7.943700 
40.000000 	1.320465  	0.531375  	-7.943700 
41.000000 	1.292520  	0.555946  	-7.943700 
42.000000 	1.266005  	0.580909  	-7.943700 
43.000000 	1.240063  	0.606030  	-7.943700 
44.000000 	1.214121  	0.631151  	-7.943700 
45.000000 	1.188178  	0.656271  	-7.943700 
46.000000 	1.162438  	0.681382  	-7.943700 
47.000000 	1.137201  	0.706466  	-7.943700 
48.000000 	1.111965  	0.731551  	-7.943700 
49.000000 	1.086729  	0.756636  	-7.943700 
50.000000 	1.061493  	0.781721  	-7.943700 
51.000000 	1.036196  	0.806275  	-7.943700 
52.000000 	1.010890  	0.830740  	-7.943700 
53.000000 	0.985583  	0.855206  	-7.943700 
54.000000 	0.960276  	0.879671  	-7.943700 
55.000000 	0.934759  	0.903627  	-7.943700 
56.000000 	0.908962  	0.926905  	-7.943700 
57.000000 	0.883165  	0.950182  	-7.943700 
58.000000 	0.857368  	0.973460  	-7.943700 
59.000000 	0.831571  	0.996737  	-7.943700 
60.000000 	0.805123  	1.018288  	-7.943700 
61.000000 	0.778674  	1.039839  	-7.943700 
62.000000 	0.752226  	1.061389  	-7.943700 
63.000000 	0.725777  	1.082940  	-7.943700 
64.000000 	0.698977  	1.103220  	-7.943700 
65.000000 	0.671912  	1.122547  	-7.943700 
66.000000 	0.644848  	1.141874  	-7.943700 
67.000000 	0.617783  	1.161201  	-7.943700 
68.000000 	0.590658  	1.180147  	-7.943700 
69.000000 	0.563166  	1.196807  	-7.943700 
70.000000 	0.535673  	1.213466  	-7.943700 
71.000000 	0.508181  	1.230126  	-7.943700 
72.000000 	0.480689  	1.246786  	-7.943700 
73.000000 	0.453112  	1.261270  	-7.943700 
74.000000 	0.425501  	1.274883  	-7.943700 
75.000000 	0.397890  	1.288496  	-7.943700 
76.000000 	0.370279  	1.302110  	-7.943700 
77.000000 	0.342750  	1.314766  	-7.943700 
78.000000 	0.315424  	1.325027  	-7.943700 
79.000000 	0.288098  	1.335288  	-7.943700 
80.000000 	0.260772  	1.345549  	-7.943700 
81.000000 	0.233447  	1.355810  	-7.943700 
82.000000 	0.206774  	1.363004  	-7.943700 
83.000000 	0.180211  	1.369687  	-7.943700 
84.000000 	0.153648  	1.376370  	-7.943700 
85.000000 	0.127085  	1.383052  	-7.943700 
86.000000 	0.101076  	1.388142  	-7.943700 
87.000000 	0.075807  	1.391106  	-7.943700 
88.000000 	0.050538  	1.394071  	-7.943700 
89.000000 	0.025269  	1.397035  	-7.943700 
90.000000 	0.000000  	1.400000  	-7.943700 
91.000000 	-0.017688 	1.397035  	-7.943700 
92.000000 	-0.035377 	1.394071  	-7.943700 
93.000000 	-0.053065 	1.391106  	-7.943700 
94.000000 	-0.070753 	1.388142  	-7.943700 
95.000000 	-0.088959 	1.383052  	-7.943700 
96.000000 	-0.107554 	1.376370  	-7.943700 
97.000000 	-0.126148 	1.369687  	-7.943700 
98.000000 	-0.144742 	1.363004  	-7.943700 
99.000000 	-0.163413 	1.355810  	-7.943700 
100.000000	-0.182541 	1.345549  	-7.943700 
101.000000	-0.201669 	1.335288  	-7.943700 
102.000000	-0.220797 	1.325027  	-7.943700 
103.000000	-0.239925 	1.314766  	-7.943700 
104.000000	-0.259195 	1.302110  	-7.943700 
105.000000	-0.278523 	1.288496  	-7.943700 
106.000000	-0.297851 	1.274883  	-7.943700 
107.000000	-0.317178 	1.261270  	-7.943700 
108.000000	-0.336482 	1.246786  	-7.943700 
109.000000	-0.355727 	1.230126  	-7.943700 
110.000000	-0.374971 	1.213466  	-7.943700 
111.000000	-0.394216 	1.196807  	-7.943700 
112.000000	-0.413460 	1.180147  	-7.943700 
113.000000	-0.432448 	1.161201  	-7.943700 
114.000000	-0.451393 	1.141874  	-7.943700 
115.000000	-0.470339 	1.122547  	-7.943700 
116.000000	-0.489284 	1.103220  	-7.943700 
117.000000	-0.508044 	1.082940  	-7.943700 
118.000000	-0.526558 	1.061389  	-7.943700 
119.000000	-0.545072 	1.039839  	-7.943700 
120.000000	-0.563586 	1.018288  	-7.943700 
121.000000	-0.582100 	0.996737  	-7.943700 
122.000000	-0.600158 	0.973460  	-7.943700 
123.000000	-0.618216 	0.950182  	-7.943700 
124.000000	-0.636274 	0.926905  	-7.943700 
125.000000	-0.654332 	0.903627  	-7.943700 
126.000000	-0.672193 	0.879671  	-7.943700 
127.000000	-0.689908 	0.855206  	-7.943700 
128.000000	-0.707623 	0.830740  	-7.943700 
129.000000	-0.725337 	0.806275  	-7.943700 
130.000000	-0.743045 	0.781721  	-7.943700 
131.000000	-0.760710 	0.756636  	-7.943700 
132.000000	-0.778376 	0.731551  	-7.943700 
133.000000	-0.796041 	0.706466  	-7.943700 
134.000000	-0.813706 	0.681382  	-7.943700 
135.000000	-0.831725 	0.656271  	-7.943700 
136.000000	-0.849884 	0.631151  	-7.943700 
137.000000	-0.868044 	0.606030  	-7.943700 
138.000000	-0.886204 	0.580909  	-7.943700 
139.000000	-0.904764 	0.555946  	-7.943700 
140.000000	-0.924326 	0.531375  	-7.943700 
141.000000	-0.943888 	0.506805  	-7.943700 
142.000000	-0.963450 	0.482235  	-7.943700 
143.000000	-0.983012 	0.457664  	-7.943700 
144.000000	-1.005043 	0.434057  	-7.943700 
145.000000	-1.027486 	0.410610  	-7.943700 
146.000000	-1.049929 	0.387164  	-7.943700 
147.000000	-1.072372 	0.363717  	-7.943700 
148.000000	-1.097100 	0.340987  	-7.943700 
149.000000	-1.124875 	0.319213  	-7.943700 
150.000000	-1.152650 	0.297439  	-7.943700 
151.000000	-1.180425 	0.275664  	-7.943700 
152.000000	-1.208200 	0.253890  	-7.943700 
153.000000	-1.165050 	0.233635  	-7.943700 
154.000000	-1.121900 	0.213381  	-7.943700 
155.000000	-1.078750 	0.194210  	-7.943700 
156.000000	-1.035600 	0.175039  	-7.943700 
157.000000	-0.992450 	0.157043  	-7.943700 
158.000000	-0.949300 	0.139048  	-7.943700 
159.000000	-0.906150 	0.122314  	-7.943700 
160.000000	-0.863000 	0.105580  	-7.943700 
161.000000	-0.819850 	0.090188  	-7.943700 
162.000000	-0.776700 	0.074796  	-7.943700 
163.000000	-0.733550 	0.060819  	-7.943700 
164.000000	-0.690400 	0.046842  	-7.943700 
165.000000	-0.647250 	0.034347  	-7.943700 
166.000000	-0.604100 	0.021853  	-7.943700 
167.000000	-0.560950 	0.011426  	-7.943700 
168.000000	-0.517800 	0.001000  	-7.943700 
169.000000	-0.474650 	0.001000  	-7.943700 
170.000000	-0.431500 	0.001000  	-7.943700 
171.000000	-0.388350 	0.001000  	-7.943700 
172.000000	-0.345200 	0.001000  	-7.943700 
173.000000	-0.302050 	0.001000  	-7.943700 
174.000000	-0.258900 	0.001000  	-7.943700 
175.000000	-0.215750 	0.001000  	-7.943700 
176.000000	-0.172600 	0.001000  	-7.943700 
177.000000	-0.129450 	0.001000  	-7.943700 
178.000000	-0.086300 	0.001000  	-7.943700 
179.000000	-0.043150 	0.001000  	-7.943700 
180.000000	0.000000  	0.001000  	-7.943700 
! ------------------------------------------------------------------------------
! data for table	10        
! ------------------------------------------------------------------------------
  1.100000  	Re           ! Reynolds number in millions
  0.000000  	UserProp     ! User property (control) setting
Flase           InclUAdata   ! Is unsteady aerodynamics data included in this table? If TRUE, then include UA coefficients below this line. Any missing coefficients will be calculated internally.
! Table of aerodynamics coefficients
  361       	NumAlf       ! Number of data lines in the following table
!Alpha      Cl          Cd          Cm/Cp
!(deg)      (-)         (-)         (-)
-180.000000	0.000000  	0.001000  	-8.150700 
-179.000000	0.041722  	0.001000  	-8.150700 
-178.000000	0.083445  	0.001000  	-8.150700 
-177.000000	0.125167  	0.001000  	-8.150700 
-176.000000	0.166890  	0.001000  	-8.150700 
-175.000000	0.208612  	0.001000  	-8.150700 
-174.000000	0.250334  	0.001000  	-8.150700 
-173.000000	0.292057  	0.001000  	-8.150700 
-172.000000	0.333779  	0.001000  	-8.150700 
-171.000000	0.375502  	0.001000  	-8.150700 
-170.000000	0.417224  	0.001000  	-8.150700 
-169.000000	0.458947  	0.001000  	-8.150700 
-168.000000	0.500669  	0.001000  	-8.150700 
-167.000000	0.542391  	0.005858  	-8.150700 
-166.000000	0.584114  	0.014358  	-8.150700 
-165.000000	0.625836  	0.025080  	-8.150700 
-164.000000	0.667559  	0.038022  	-8.150700 
-163.000000	0.709281  	0.051616  	-8.150700 
-162.000000	0.751003  	0.066080  	-8.150700 
-161.000000	0.792726  	0.081061  	-8.150700 
-160.000000	0.834448  	0.096973  	-8.150700 
-159.000000	0.876171  	0.113275  	-8.150700 
-158.000000	0.917893  	0.130553  	-8.150700 
-157.000000	0.959616  	0.148104  	-8.150700 
-156.000000	1.001338  	0.166660  	-8.150700 
-155.000000	1.043060  	0.185385  	-8.150700 
-154.000000	1.084783  	0.205123  	-8.150700 
-153.000000	1.126505  	0.224939  	-8.150700 
-152.000000	1.168228  	0.245760  	-8.150700 
-151.000000	1.209950  	0.266580  	-8.150700 
-150.000000	1.182166  	0.288850  	-8.150700 
-149.000000	1.154383  	0.311120  	-8.150700 
-148.000000	1.126599  	0.333390  	-8.150700 
-147.000000	1.098816  	0.355660  	-8.150700 
-146.000000	1.074198  	0.378923  	-8.150700 
-145.000000	1.051338  	0.402739  	-8.150700 
-144.000000	1.028479  	0.426554  	-8.150700 
-143.000000	1.005619  	0.450370  	-8.150700 
-142.000000	0.983532  	0.474473  	-8.150700 
-141.000000	0.963378  	0.499297  	-8.150700 
-140.000000	0.943223  	0.524121  	-8.150700 
-139.000000	0.923069  	0.548944  	-8.150700 
-138.000000	0.902914  	0.573768  	-8.150700 
-137.000000	0.884010  	0.599008  	-8.150700 
-136.000000	0.865202  	0.624281  	-8.150700 
-135.000000	0.846394  	0.649553  	-8.150700 
-134.000000	0.827587  	0.674825  	-8.150700 
-133.000000	0.809067  	0.700030  	-8.150700 
-132.000000	0.790764  	0.725182  	-8.150700 
-131.000000	0.772461  	0.750335  	-8.150700 
-130.000000	0.754158  	0.775488  	-8.150700 
-129.000000	0.735855  	0.800494  	-8.150700 
-128.000000	0.717552  	0.824963  	-8.150700 
-127.000000	0.699248  	0.849432  	-8.150700 
-126.000000	0.680944  	0.873901  	-8.150700 
-125.000000	0.662641  	0.898370  	-8.150700 
-124.000000	0.644103  	0.921783  	-8.150700 
-123.000000	0.625526  	0.945019  	-8.150700 
-122.000000	0.606949  	0.968256  	-8.150700 
-121.000000	0.588372  	0.991493  	-8.150700 
-120.000000	0.569607  	1.013855  	-8.150700 
-119.000000	0.550655  	1.035342  	-8.150700 
-118.000000	0.531703  	1.056829  	-8.150700 
-117.000000	0.512751  	1.078316  	-8.150700 
-116.000000	0.493750  	1.099484  	-8.150700 
-115.000000	0.474451  	1.118744  	-8.150700 
-114.000000	0.455153  	1.138003  	-8.150700 
-113.000000	0.435854  	1.157263  	-8.150700 
-112.000000	0.416555  	1.176523  	-8.150700 
-111.000000	0.397087  	1.193698  	-8.150700 
-110.000000	0.377572  	1.210306  	-8.150700 
-109.000000	0.358057  	1.226913  	-8.150700 
-108.000000	0.338542  	1.243520  	-8.150700 
-107.000000	0.319025  	1.258836  	-8.150700 
-106.000000	0.299504  	1.272428  	-8.150700 
-105.000000	0.279984  	1.286020  	-8.150700 
-104.000000	0.260463  	1.299612  	-8.150700 
-103.000000	0.240962  	1.312968  	-8.150700 
-102.000000	0.221711  	1.323252  	-8.150700 
-101.000000	0.202459  	1.333535  	-8.150700 
-100.000000	0.183207  	1.343819  	-8.150700 
-99.000000	0.163956  	1.354103  	-8.150700 
-98.000000	0.145127  	1.361869  	-8.150700 
-97.000000	0.126467  	1.368629  	-8.150700 
-96.000000	0.107808  	1.375388  	-8.150700 
-95.000000	0.089148  	1.382147  	-8.150700 
-94.000000	0.070829  	1.387600  	-8.150700 
-93.000000	0.053122  	1.390700  	-8.150700 
-92.000000	0.035414  	1.393800  	-8.150700 
-91.000000	0.017707  	1.396900  	-8.150700 
-90.000000	0.000000  	1.400000  	-8.150700 
-89.000000	-0.017707 	1.396900  	-8.150700 
-88.000000	-0.035414 	1.393800  	-8.150700 
-87.000000	-0.053122 	1.390700  	-8.150700 
-86.000000	-0.070829 	1.387600  	-8.150700 
-85.000000	-0.089148 	1.382147  	-8.150700 
-84.000000	-0.107808 	1.375388  	-8.150700 
-83.000000	-0.126467 	1.368629  	-8.150700 
-82.000000	-0.145127 	1.361869  	-8.150700 
-81.000000	-0.163956 	1.354103  	-8.150700 
-80.000000	-0.183207 	1.343819  	-8.150700 
-79.000000	-0.202459 	1.333535  	-8.150700 
-78.000000	-0.221711 	1.323252  	-8.150700 
-77.000000	-0.240962 	1.312968  	-8.150700 
-76.000000	-0.260463 	1.299612  	-8.150700 
-75.000000	-0.279984 	1.286020  	-8.150700 
-74.000000	-0.299504 	1.272428  	-8.150700 
-73.000000	-0.319025 	1.258836  	-8.150700 
-72.000000	-0.338542 	1.243520  	-8.150700 
-71.000000	-0.358057 	1.226913  	-8.150700 
-70.000000	-0.377572 	1.210306  	-8.150700 
-69.000000	-0.397087 	1.193698  	-8.150700 
-68.000000	-0.416555 	1.176523  	-8.150700 
-67.000000	-0.435854 	1.157263  	-8.150700 
-66.000000	-0.455153 	1.138003  	-8.150700 
-65.000000	-0.474451 	1.118744  	-8.150700 
-64.000000	-0.493750 	1.099484  	-8.150700 
-63.000000	-0.512751 	1.078316  	-8.150700 
-62.000000	-0.531703 	1.056829  	-8.150700 
-61.000000	-0.550655 	1.035342  	-8.150700 
-60.000000	-0.569607 	1.013855  	-8.150700 
-59.000000	-0.588372 	0.991493  	-8.150700 
-58.000000	-0.606949 	0.968256  	-8.150700 
-57.000000	-0.625526 	0.945019  	-8.150700 
-56.000000	-0.644103 	0.921783  	-8.150700 
-55.000000	-0.662641 	0.898370  	-8.150700 
-54.000000	-0.680944 	0.873901  	-8.150700 
-53.000000	-0.699248 	0.849432  	-8.150700 
-52.000000	-0.717552 	0.824963  	-8.150700 
-51.000000	-0.735855 	0.800494  	-8.150700 
-50.000000	-0.754158 	0.775488  	-8.150700 
-49.000000	-0.772461 	0.750335  	-8.150700 
-48.000000	-0.790764 	0.725182  	-8.150700 
-47.000000	-0.809067 	0.700030  	-8.150700 
-46.000000	-0.827587 	0.674825  	-8.150700 
-45.000000	-0.846394 	0.649553  	-8.150700 
-44.000000	-0.865202 	0.624281  	-8.150700 
-43.000000	-0.884010 	0.599008  	-8.150700 
-42.000000	-0.902914 	0.573768  	-8.150700 
-41.000000	-0.923069 	0.548944  	-8.150700 
-40.000000	-0.943223 	0.524121  	-8.150700 
-39.000000	-0.963378 	0.499297  	-8.150700 
-38.000000	-0.983532 	0.474473  	-8.150700 
-37.000000	-1.005619 	0.450370  	-8.150700 
-36.000000	-1.028479 	0.426554  	-8.150700 
-35.000000	-1.051338 	0.402739  	-8.150700 
-34.000000	-1.074198 	0.378923  	-8.150700 
-33.000000	-1.098816 	0.355660  	-8.150700 
-32.000000	-1.126599 	0.333390  	-8.150700 
-31.000000	-1.154383 	0.311120  	-8.150700 
-30.000000	-1.182166 	0.288850  	-8.150700 
-29.000000	-1.209950 	0.266580  	-8.150700 
-28.000000	-1.174758 	0.253271  	-8.150700 
-27.000000	-1.139566 	0.239962  	-8.150700 
-26.000000	-1.104374 	0.226653  	-8.150700 
-25.000000	-1.069182 	0.213344  	-8.150700 
-24.000000	-1.033989 	0.200035  	-8.150700 
-23.000000	-0.998797 	0.186726  	-8.150700 
-22.000000	-0.963605 	0.173417  	-8.150700 
-21.000000	-0.928413 	0.160108  	-8.150700 
-20.000000	-0.893221 	0.146799  	-8.150700 
-19.000000	-0.858029 	0.133491  	-8.150700 
-18.000000	-0.822837 	0.120182  	-8.150700 
-17.000000	-0.787645 	0.106873  	-8.150700 
-16.000000	-0.752453 	0.093564  	-8.150700 
-15.000000	-0.717261 	0.080255  	-8.150700 
-14.000000	-0.682068 	0.066946  	-8.150700 
-13.000000	-0.646876 	0.053637  	-8.150700 
-12.000000	-0.611684 	0.040328  	-6.478437 
-11.000000	-0.576492 	0.027019  	-4.137268 
-10.000000	-0.541300 	0.013710  	-1.796100 
-9.000000 	-0.389000 	0.012810  	-1.652100 
-8.000000 	-0.238900 	0.012130  	-1.514300 
-7.000000 	-0.090300 	0.011570  	-1.385000 
-6.000000 	0.056700  	0.011160  	-1.260900 
-5.000000 	0.198900  	0.010890  	-1.144800 
-4.000000 	0.336600  	0.010780  	-1.034600 
-3.000000 	0.471400  	0.010780  	-1.040200 
-2.000000 	0.603500  	0.010830  	-1.132500 
-1.000000 	0.733300  	0.010980  	-1.224600 
0.000000  	0.860900  	0.011120  	-1.323400 
1.000000  	0.986300  	0.011310  	-1.428900 
2.000000  	1.108700  	0.011580  	-1.553200 
3.000000  	1.228200  	0.011950  	-1.711000 
4.000000  	1.345500  	0.012330  	-1.897700 
5.000000  	1.456900  	0.012920  	-2.120200 
6.000000  	1.560400  	0.013790  	-2.378600 
7.000000  	1.648600  	0.015200  	-2.649000 
8.000000  	1.700900  	0.017640  	-2.940400 
9.000000  	1.740500  	0.021050  	-3.226800 
10.000000 	1.769200  	0.025520  	-3.516000 
11.000000 	1.785000  	0.033380  	-3.794050 
12.000000 	1.800800  	0.041240  	-4.072100 
13.000000 	1.801500  	0.052020  	-4.368400 
14.000000 	1.794100  	0.064220  	-4.621000 
15.000000 	1.783300  	0.077260  	-4.875400 
16.000000 	1.779100  	0.089890  	-5.183100 
17.000000 	1.772600  	0.103030  	-5.449000 
18.000000 	1.770500  	0.115810  	-5.727700 
19.000000 	1.769850  	0.128625  	-6.021550 
20.000000 	1.769200  	0.141440  	-6.315400 
21.000000 	1.768600  	0.154480  	-6.607000 
22.000000 	1.766600  	0.167850  	-6.913700 
23.000000 	1.763200  	0.181480  	-7.143500 
24.000000 	1.757050  	0.195705  	-7.341800 
25.000000 	1.750900  	0.209930  	-7.540100 
26.000000 	1.745400  	0.224160  	-7.755300 
27.000000 	1.734400  	0.239410  	-7.932900 
28.000000 	1.734200  	0.252490  	-8.017500 
29.000000 	1.728500  	0.266580  	-8.150700 
30.000000 	1.688809  	0.288850  	-8.150700 
31.000000 	1.649119  	0.311120  	-8.150700 
32.000000 	1.609428  	0.333390  	-8.150700 
33.000000 	1.569737  	0.355660  	-8.150700 
34.000000 	1.534568  	0.378923  	-8.150700 
35.000000 	1.501912  	0.402739  	-8.150700 
36.000000 	1.469255  	0.426554  	-8.150700 
37.000000 	1.436598  	0.450370  	-8.150700 
38.000000 	1.405046  	0.474473  	-8.150700 
39.000000 	1.376254  	0.499297  	-8.150700 
40.000000 	1.347462  	0.524121  	-8.150700 
41.000000 	1.318670  	0.548944  	-8.150700 
42.000000 	1.289878  	0.573768  	-8.150700 
43.000000 	1.262872  	0.599008  	-8.150700 
44.000000 	1.236003  	0.624281  	-8.150700 
45.000000 	1.209135  	0.649553  	-8.150700 
46.000000 	1.182266  	0.674825  	-8.150700 
47.000000 	1.155810  	0.700030  	-8.150700 
48.000000 	1.129663  	0.725182  	-8.150700 
49.000000 	1.103516  	0.750335  	-8.150700 
50.000000 	1.077369  	0.775488  	-8.150700 
51.000000 	1.051222  	0.800494  	-8.150700 
52.000000 	1.025074  	0.824963  	-8.150700 
53.000000 	0.998926  	0.849432  	-8.150700 
54.000000 	0.972777  	0.873901  	-8.150700 
55.000000 	0.946629  	0.898370  	-8.150700 
56.000000 	0.920147  	0.921783  	-8.150700 
57.000000 	0.893608  	0.945019  	-8.150700 
58.000000 	0.867069  	0.968256  	-8.150700 
59.000000 	0.840531  	0.991493  	-8.150700 
60.000000 	0.813725  	1.013855  	-8.150700 
61.000000 	0.786650  	1.035342  	-8.150700 
62.000000 	0.759576  	1.056829  	-8.150700 
63.000000 	0.732502  	1.078316  	-8.150700 
64.000000 	0.705357  	1.099484  	-8.150700 
65.000000 	0.677787  	1.118744  	-8.150700 
66.000000 	0.650218  	1.138003  	-8.150700 
67.000000 	0.622648  	1.157263  	-8.150700 
68.000000 	0.595079  	1.176523  	-8.150700 
69.000000 	0.567267  	1.193698  	-8.150700 
70.000000 	0.539388  	1.210306  	-8.150700 
71.000000 	0.511510  	1.226913  	-8.150700 
72.000000 	0.483632  	1.243520  	-8.150700 
73.000000 	0.455750  	1.258836  	-8.150700 
74.000000 	0.427863  	1.272428  	-8.150700 
75.000000 	0.399977  	1.286020  	-8.150700 
76.000000 	0.372091  	1.299612  	-8.150700 
77.000000 	0.344232  	1.312968  	-8.150700 
78.000000 	0.316729  	1.323252  	-8.150700 
79.000000 	0.289227  	1.333535  	-8.150700 
80.000000 	0.261725  	1.343819  	-8.150700 
81.000000 	0.234222  	1.354103  	-8.150700 
82.000000 	0.207324  	1.361869  	-8.150700 
83.000000 	0.180668  	1.368629  	-8.150700 
84.000000 	0.154011  	1.375388  	-8.150700 
85.000000 	0.127355  	1.382147  	-8.150700 
86.000000 	0.101184  	1.387600  	-8.150700 
87.000000 	0.075888  	1.390700  	-8.150700 
88.000000 	0.050592  	1.393800  	-8.150700 
89.000000 	0.025296  	1.396900  	-8.150700 
90.000000 	0.000000  	1.400000  	-8.150700 
91.000000 	-0.017707 	1.396900  	-8.150700 
92.000000 	-0.035414 	1.393800  	-8.150700 
93.000000 	-0.053122 	1.390700  	-8.150700 
94.000000 	-0.070829 	1.387600  	-8.150700 
95.000000 	-0.089148 	1.382147  	-8.150700 
96.000000 	-0.107808 	1.375388  	-8.150700 
97.000000 	-0.126467 	1.368629  	-8.150700 
98.000000 	-0.145127 	1.361869  	-8.150700 
99.000000 	-0.163956 	1.354103  	-8.150700 
100.000000	-0.183207 	1.343819  	-8.150700 
101.000000	-0.202459 	1.333535  	-8.150700 
102.000000	-0.221711 	1.323252  	-8.150700 
103.000000	-0.240962 	1.312968  	-8.150700 
104.000000	-0.260463 	1.299612  	-8.150700 
105.000000	-0.279984 	1.286020  	-8.150700 
106.000000	-0.299504 	1.272428  	-8.150700 
107.000000	-0.319025 	1.258836  	-8.150700 
108.000000	-0.338542 	1.243520  	-8.150700 
109.000000	-0.358057 	1.226913  	-8.150700 
110.000000	-0.377572 	1.210306  	-8.150700 
111.000000	-0.397087 	1.193698  	-8.150700 
112.000000	-0.416555 	1.176523  	-8.150700 
113.000000	-0.435854 	1.157263  	-8.150700 
114.000000	-0.455153 	1.138003  	-8.150700 
115.000000	-0.474451 	1.118744  	-8.150700 
116.000000	-0.493750 	1.099484  	-8.150700 
117.000000	-0.512751 	1.078316  	-8.150700 
118.000000	-0.531703 	1.056829  	-8.150700 
119.000000	-0.550655 	1.035342  	-8.150700 
120.000000	-0.569607 	1.013855  	-8.150700 
121.000000	-0.588372 	0.991493  	-8.150700 
122.000000	-0.606949 	0.968256  	-8.150700 
123.000000	-0.625526 	0.945019  	-8.150700 
124.000000	-0.644103 	0.921783  	-8.150700 
125.000000	-0.662641 	0.898370  	-8.150700 
126.000000	-0.680944 	0.873901  	-8.150700 
127.000000	-0.699248 	0.849432  	-8.150700 
128.000000	-0.717552 	0.824963  	-8.150700 
129.000000	-0.735855 	0.800494  	-8.150700 
130.000000	-0.754158 	0.775488  	-8.150700 
131.000000	-0.772461 	0.750335  	-8.150700 
132.000000	-0.790764 	0.725182  	-8.150700 
133.000000	-0.809067 	0.700030  	-8.150700 
134.000000	-0.827587 	0.674825  	-8.150700 
135.000000	-0.846394 	0.649553  	-8.150700 
136.000000	-0.865202 	0.624281  	-8.150700 
137.000000	-0.884010 	0.599008  	-8.150700 
138.000000	-0.902914 	0.573768  	-8.150700 
139.000000	-0.923069 	0.548944  	-8.150700 
140.000000	-0.943223 	0.524121  	-8.150700 
141.000000	-0.963378 	0.499297  	-8.150700 
142.000000	-0.983532 	0.474473  	-8.150700 
143.000000	-1.005619 	0.450370  	-8.150700 
144.000000	-1.028479 	0.426554  	-8.150700 
145.000000	-1.051338 	0.402739  	-8.150700 
146.000000	-1.074198 	0.378923  	-8.150700 
147.000000	-1.098816 	0.355660  	-8.150700 
148.000000	-1.126599 	0.333390  	-8.150700 
149.000000	-1.154383 	0.311120  	-8.150700 
150.000000	-1.182166 	0.288850  	-8.150700 
151.000000	-1.209950 	0.266580  	-8.150700 
152.000000	-1.168228 	0.245760  	-8.150700 
153.000000	-1.126505 	0.224939  	-8.150700 
154.000000	-1.084783 	0.205123  	-8.150700 
155.000000	-1.043060 	0.185385  	-8.150700 
156.000000	-1.001338 	0.166660  	-8.150700 
157.000000	-0.959616 	0.148104  	-8.150700 
158.000000	-0.917893 	0.130553  	-8.150700 
159.000000	-0.876171 	0.113275  	-8.150700 
160.000000	-0.834448 	0.096973  	-8.150700 
161.000000	-0.792726 	0.081061  	-8.150700 
162.000000	-0.751003 	0.066080  	-8.150700 
163.000000	-0.709281 	0.051616  	-8.150700 
164.000000	-0.667559 	0.038022  	-8.150700 
165.000000	-0.625836 	0.025080  	-8.150700 
166.000000	-0.584114 	0.014358  	-8.150700 
167.000000	-0.542391 	0.005858  	-8.150700 
168.000000	-0.500669 	0.001000  	-8.150700 
169.000000	-0.458947 	0.001000  	-8.150700 
170.000000	-0.417224 	0.001000  	-8.150700 
171.000000	-0.375502 	0.001000  	-8.150700 
172.000000	-0.333779 	0.001000  	-8.150700 
173.000000	-0.292057 	0.001000  	-8.150700 
174.000000	-0.250334 	0.001000  	-8.150700 
175.000000	-0.208612 	0.001000  	-8.150700 
176.000000	-0.166890 	0.001000  	-8.150700 
177.000000	-0.125167 	0.001000  	-8.150700 
178.000000	-0.083445 	0.001000  	-8.150700 
179.000000	-0.041722 	0.001000  	-8.150700 
180.000000	0.000000  	0.001000  	-8.150700 
! ------------------------------------------------------------------------------
! data for table	11        
! ------------------------------------------------------------------------------
  1.200000  	Re           ! Reynolds number in millions
  0.000000  	UserProp     ! User property (control) setting
Flase           InclUAdata   ! Is unsteady aerodynamics data included in this table? If TRUE, then include UA coefficients below this line. Any missing coefficients will be calculated internally.
! Table of aerodynamics coefficients
  361       	NumAlf       ! Number of data lines in the following table
!Alpha      Cl          Cd          Cm/Cp
!(deg)      (-)         (-)         (-)
-180.000000	0.000000  	0.001000  	-8.225300 
-179.000000	0.041908  	0.001000  	-8.225300 
-178.000000	0.083817  	0.001000  	-8.225300 
-177.000000	0.125725  	0.001000  	-8.225300 
-176.000000	0.167633  	0.001000  	-8.225300 
-175.000000	0.209541  	0.001000  	-8.225300 
-174.000000	0.251450  	0.001000  	-8.225300 
-173.000000	0.293358  	0.001000  	-8.225300 
-172.000000	0.335266  	0.001000  	-8.225300 
-171.000000	0.377174  	0.001000  	-8.225300 
-170.000000	0.419083  	0.001000  	-8.225300 
-169.000000	0.460991  	0.001000  	-8.225300 
-168.000000	0.502899  	0.001000  	-8.225300 
-167.000000	0.544808  	0.005424  	-8.225300 
-166.000000	0.586716  	0.013166  	-8.225300 
-165.000000	0.628624  	0.023512  	-8.225300 
-164.000000	0.670532  	0.036461  	-8.225300 
-163.000000	0.712441  	0.050064  	-8.225300 
-162.000000	0.754349  	0.064536  	-8.225300 
-161.000000	0.796257  	0.079526  	-8.225300 
-160.000000	0.838166  	0.095447  	-8.225300 
-159.000000	0.880074  	0.111759  	-8.225300 
-158.000000	0.921982  	0.129048  	-8.225300 
-157.000000	0.963890  	0.146610  	-8.225300 
-156.000000	1.005799  	0.165177  	-8.225300 
-155.000000	1.047707  	0.183914  	-8.225300 
-154.000000	1.089615  	0.203664  	-8.225300 
-153.000000	1.131523  	0.223493  	-8.225300 
-152.000000	1.173432  	0.244326  	-8.225300 
-151.000000	1.215340  	0.265160  	-8.225300 
-150.000000	1.187314  	0.287445  	-8.225300 
-149.000000	1.159288  	0.309729  	-8.225300 
-148.000000	1.131263  	0.332014  	-8.225300 
-147.000000	1.103237  	0.354299  	-8.225300 
-146.000000	1.078408  	0.377578  	-8.225300 
-145.000000	1.055356  	0.401410  	-8.225300 
-144.000000	1.032303  	0.425242  	-8.225300 
-143.000000	1.009251  	0.449074  	-8.225300 
-142.000000	0.986982  	0.473194  	-8.225300 
-141.000000	0.966670  	0.498036  	-8.225300 
-140.000000	0.946358  	0.522878  	-8.225300 
-139.000000	0.926046  	0.547719  	-8.225300 
-138.000000	0.905735  	0.572561  	-8.225300 
-137.000000	0.886698  	0.597821  	-8.225300 
-136.000000	0.867760  	0.623113  	-8.225300 
-135.000000	0.848821  	0.648406  	-8.225300 
-134.000000	0.829882  	0.673698  	-8.225300 
-133.000000	0.811245  	0.698923  	-8.225300 
-132.000000	0.792832  	0.724097  	-8.225300 
-131.000000	0.774419  	0.749271  	-8.225300 
-130.000000	0.756007  	0.774445  	-8.225300 
-129.000000	0.737598  	0.799473  	-8.225300 
-128.000000	0.719202  	0.823964  	-8.225300 
-127.000000	0.700806  	0.848456  	-8.225300 
-126.000000	0.682410  	0.872947  	-8.225300 
-125.000000	0.664014  	0.897438  	-8.225300 
-124.000000	0.645396  	0.920875  	-8.225300 
-123.000000	0.626741  	0.944136  	-8.225300 
-122.000000	0.608086  	0.967397  	-8.225300 
-121.000000	0.589432  	0.990657  	-8.225300 
-120.000000	0.570596  	1.013044  	-8.225300 
-119.000000	0.551579  	1.034555  	-8.225300 
-118.000000	0.532562  	1.056067  	-8.225300 
-117.000000	0.513546  	1.077579  	-8.225300 
-116.000000	0.494481  	1.098773  	-8.225300 
-115.000000	0.475129  	1.118058  	-8.225300 
-114.000000	0.455777  	1.137344  	-8.225300 
-113.000000	0.436425  	1.156629  	-8.225300 
-112.000000	0.417073  	1.175915  	-8.225300 
-111.000000	0.397560  	1.193117  	-8.225300 
-110.000000	0.378003  	1.209751  	-8.225300 
-109.000000	0.358445  	1.226385  	-8.225300 
-108.000000	0.338888  	1.243019  	-8.225300 
-107.000000	0.319332  	1.258361  	-8.225300 
-106.000000	0.299779  	1.271980  	-8.225300 
-105.000000	0.280226  	1.285600  	-8.225300 
-104.000000	0.260673  	1.299219  	-8.225300 
-103.000000	0.241140  	1.312602  	-8.225300 
-102.000000	0.221865  	1.322914  	-8.225300 
-101.000000	0.202591  	1.333226  	-8.225300 
-100.000000	0.183316  	1.343537  	-8.225300 
-99.000000	0.164041  	1.353849  	-8.225300 
-98.000000	0.145196  	1.361643  	-8.225300 
-97.000000	0.126523  	1.368431  	-8.225300 
-96.000000	0.107850  	1.375218  	-8.225300 
-95.000000	0.089177  	1.382006  	-8.225300 
-94.000000	0.070847  	1.387486  	-8.225300 
-93.000000	0.053135  	1.390615  	-8.225300 
-92.000000	0.035424  	1.393743  	-8.225300 
-91.000000	0.017712  	1.396872  	-8.225300 
-90.000000	0.000000  	1.400000  	-8.225300 
-89.000000	-0.017712 	1.396872  	-8.225300 
-88.000000	-0.035424 	1.393743  	-8.225300 
-87.000000	-0.053135 	1.390615  	-8.225300 
-86.000000	-0.070847 	1.387486  	-8.225300 
-85.000000	-0.089177 	1.382006  	-8.225300 
-84.000000	-0.107850 	1.375218  	-8.225300 
-83.000000	-0.126523 	1.368431  	-8.225300 
-82.000000	-0.145196 	1.361643  	-8.225300 
-81.000000	-0.164041 	1.353849  	-8.225300 
-80.000000	-0.183316 	1.343537  	-8.225300 
-79.000000	-0.202591 	1.333226  	-8.225300 
-78.000000	-0.221865 	1.322914  	-8.225300 
-77.000000	-0.241140 	1.312602  	-8.225300 
-76.000000	-0.260673 	1.299219  	-8.225300 
-75.000000	-0.280226 	1.285600  	-8.225300 
-74.000000	-0.299779 	1.271980  	-8.225300 
-73.000000	-0.319332 	1.258361  	-8.225300 
-72.000000	-0.338888 	1.243019  	-8.225300 
-71.000000	-0.358445 	1.226385  	-8.225300 
-70.000000	-0.378003 	1.209751  	-8.225300 
-69.000000	-0.397560 	1.193117  	-8.225300 
-68.000000	-0.417073 	1.175915  	-8.225300 
-67.000000	-0.436425 	1.156629  	-8.225300 
-66.000000	-0.455777 	1.137344  	-8.225300 
-65.000000	-0.475129 	1.118058  	-8.225300 
-64.000000	-0.494481 	1.098773  	-8.225300 
-63.000000	-0.513546 	1.077579  	-8.225300 
-62.000000	-0.532562 	1.056067  	-8.225300 
-61.000000	-0.551579 	1.034555  	-8.225300 
-60.000000	-0.570596 	1.013044  	-8.225300 
-59.000000	-0.589432 	0.990657  	-8.225300 
-58.000000	-0.608086 	0.967397  	-8.225300 
-57.000000	-0.626741 	0.944136  	-8.225300 
-56.000000	-0.645396 	0.920875  	-8.225300 
-55.000000	-0.664014 	0.897438  	-8.225300 
-54.000000	-0.682410 	0.872947  	-8.225300 
-53.000000	-0.700806 	0.848456  	-8.225300 
-52.000000	-0.719202 	0.823964  	-8.225300 
-51.000000	-0.737598 	0.799473  	-8.225300 
-50.000000	-0.756007 	0.774445  	-8.225300 
-49.000000	-0.774419 	0.749271  	-8.225300 
-48.000000	-0.792832 	0.724097  	-8.225300 
-47.000000	-0.811245 	0.698923  	-8.225300 
-46.000000	-0.829882 	0.673698  	-8.225300 
-45.000000	-0.848821 	0.648406  	-8.225300 
-44.000000	-0.867760 	0.623113  	-8.225300 
-43.000000	-0.886698 	0.597821  	-8.225300 
-42.000000	-0.905735 	0.572561  	-8.225300 
-41.000000	-0.926046 	0.547719  	-8.225300 
-40.000000	-0.946358 	0.522878  	-8.225300 
-39.000000	-0.966670 	0.498036  	-8.225300 
-38.000000	-0.986982 	0.473194  	-8.225300 
-37.000000	-1.009251 	0.449074  	-8.225300 
-36.000000	-1.032303 	0.425242  	-8.225300 
-35.000000	-1.055356 	0.401410  	-8.225300 
-34.000000	-1.078408 	0.377578  	-8.225300 
-33.000000	-1.103237 	0.354299  	-8.225300 
-32.000000	-1.131263 	0.332014  	-8.225300 
-31.000000	-1.159288 	0.309729  	-8.225300 
-30.000000	-1.187314 	0.287445  	-8.225300 
-29.000000	-1.215340 	0.265160  	-8.225300 
-28.000000	-1.179812 	0.251918  	-8.225300 
-27.000000	-1.144283 	0.238676  	-8.225300 
-26.000000	-1.108755 	0.225434  	-8.225300 
-25.000000	-1.073226 	0.212192  	-8.225300 
-24.000000	-1.037698 	0.198949  	-8.225300 
-23.000000	-1.002169 	0.185707  	-8.225300 
-22.000000	-0.966641 	0.172465  	-8.225300 
-21.000000	-0.931113 	0.159223  	-8.225300 
-20.000000	-0.895584 	0.145981  	-8.225300 
-19.000000	-0.860056 	0.132739  	-8.225300 
-18.000000	-0.824527 	0.119497  	-8.225300 
-17.000000	-0.788999 	0.106255  	-8.225300 
-16.000000	-0.753471 	0.093013  	-8.225300 
-15.000000	-0.717942 	0.079771  	-8.225300 
-14.000000	-0.682414 	0.066528  	-8.225300 
-13.000000	-0.646885 	0.053286  	-8.225300 
-12.000000	-0.611357 	0.040044  	-6.533405 
-11.000000	-0.575828 	0.026802  	-4.164753 
-10.000000	-0.540300 	0.013560  	-1.796100 
-9.000000 	-0.388600 	0.012745  	-1.655050 
-8.000000 	-0.236900 	0.011930  	-1.514000 
-7.000000 	-0.087300 	0.011380  	-1.384000 
-6.000000 	0.058500  	0.010970  	-1.260600 
-5.000000 	0.201400  	0.010670  	-1.144200 
-4.000000 	0.339100  	0.010570  	-1.034100 
-3.000000 	0.474200  	0.010520  	-1.042000 
-2.000000 	0.606600  	0.010550  	-1.134700 
-1.000000 	0.736200  	0.010690  	-1.226600 
0.000000  	0.863700  	0.010870  	-1.325300 
1.000000  	0.989000  	0.011080  	-1.430900 
2.000000  	1.112000  	0.011320  	-1.555600 
3.000000  	1.232500  	0.011650  	-1.714600 
4.000000  	1.349400  	0.012070  	-1.901400 
5.000000  	1.461600  	0.012650  	-2.125600 
6.000000  	1.564700  	0.013570  	-2.384200 
7.000000  	1.652100  	0.015050  	-2.654200 
8.000000  	1.703900  	0.017520  	-2.946100 
9.000000  	1.745600  	0.020810  	-3.236600 
10.000000 	1.774200  	0.025230  	-3.526600 
11.000000 	1.797100  	0.031620  	-3.821300 
12.000000 	1.810400  	0.040410  	-4.096200 
13.000000 	1.812900  	0.050980  	-4.399500 
14.000000 	1.806400  	0.063000  	-4.657300 
15.000000 	1.798100  	0.075700  	-4.922300 
16.000000 	1.789600  	0.088740  	-5.219100 
17.000000 	1.785400  	0.101570  	-5.494800 
18.000000 	1.780300  	0.114700  	-5.765000 
19.000000 	1.781300  	0.127190  	-6.086300 
20.000000 	1.781500  	0.139890  	-6.370100 
21.000000 	1.779400  	0.153050  	-6.658800 
22.000000 	1.778700  	0.166130  	-6.978100 
23.000000 	1.776200  	0.179560  	-7.217100 
24.000000 	1.770300  	0.193590  	-7.460800 
25.000000 	1.758900  	0.208710  	-7.593600 
26.000000 	1.757000  	0.222170  	-7.840400 
27.000000 	1.747400  	0.237080  	-8.036200 
28.000000 	1.741000  	0.251300  	-8.079300 
29.000000 	1.736200  	0.265160  	-8.225300 
30.000000 	1.696163  	0.287445  	-8.225300 
31.000000 	1.656126  	0.309729  	-8.225300 
32.000000 	1.616089  	0.332014  	-8.225300 
33.000000 	1.576052  	0.354299  	-8.225300 
34.000000 	1.540583  	0.377578  	-8.225300 
35.000000 	1.507651  	0.401410  	-8.225300 
36.000000 	1.474719  	0.425242  	-8.225300 
37.000000 	1.441787  	0.449074  	-8.225300 
38.000000 	1.409974  	0.473194  	-8.225300 
39.000000 	1.380957  	0.498036  	-8.225300 
40.000000 	1.351940  	0.522878  	-8.225300 
41.000000 	1.322924  	0.547719  	-8.225300 
42.000000 	1.293907  	0.572561  	-8.225300 
43.000000 	1.266712  	0.597821  	-8.225300 
44.000000 	1.239657  	0.623113  	-8.225300 
45.000000 	1.212601  	0.648406  	-8.225300 
46.000000 	1.185546  	0.673698  	-8.225300 
47.000000 	1.158921  	0.698923  	-8.225300 
48.000000 	1.132617  	0.724097  	-8.225300 
49.000000 	1.106313  	0.749271  	-8.225300 
50.000000 	1.080010  	0.774445  	-8.225300 
51.000000 	1.053711  	0.799473  	-8.225300 
52.000000 	1.027431  	0.823964  	-8.225300 
53.000000 	1.001151  	0.848456  	-8.225300 
54.000000 	0.974871  	0.872947  	-8.225300 
55.000000 	0.948591  	0.897438  	-8.225300 
56.000000 	0.921994  	0.920875  	-8.225300 
57.000000 	0.895344  	0.944136  	-8.225300 
58.000000 	0.868695  	0.967397  	-8.225300 
59.000000 	0.842045  	0.990657  	-8.225300 
60.000000 	0.815137  	1.013044  	-8.225300 
61.000000 	0.787970  	1.034555  	-8.225300 
62.000000 	0.760803  	1.056067  	-8.225300 
63.000000 	0.733636  	1.077579  	-8.225300 
64.000000 	0.706401  	1.098773  	-8.225300 
65.000000 	0.678756  	1.118058  	-8.225300 
66.000000 	0.651110  	1.137344  	-8.225300 
67.000000 	0.623465  	1.156629  	-8.225300 
68.000000 	0.595819  	1.175915  	-8.225300 
69.000000 	0.567943  	1.193117  	-8.225300 
70.000000 	0.540004  	1.209751  	-8.225300 
71.000000 	0.512064  	1.226385  	-8.225300 
72.000000 	0.484125  	1.243019  	-8.225300 
73.000000 	0.456189  	1.258361  	-8.225300 
74.000000 	0.428256  	1.271980  	-8.225300 
75.000000 	0.400323  	1.285600  	-8.225300 
76.000000 	0.372390  	1.299219  	-8.225300 
77.000000 	0.344486  	1.312602  	-8.225300 
78.000000 	0.316950  	1.322914  	-8.225300 
79.000000 	0.289415  	1.333226  	-8.225300 
80.000000 	0.261880  	1.343537  	-8.225300 
81.000000 	0.234345  	1.353849  	-8.225300 
82.000000 	0.207423  	1.361643  	-8.225300 
83.000000 	0.180747  	1.368431  	-8.225300 
84.000000 	0.154072  	1.375218  	-8.225300 
85.000000 	0.127396  	1.382006  	-8.225300 
86.000000 	0.101210  	1.387486  	-8.225300 
87.000000 	0.075908  	1.390615  	-8.225300 
88.000000 	0.050605  	1.393743  	-8.225300 
89.000000 	0.025303  	1.396872  	-8.225300 
90.000000 	0.000000  	1.400000  	-8.225300 
91.000000 	-0.017712 	1.396872  	-8.225300 
92.000000 	-0.035424 	1.393743  	-8.225300 
93.000000 	-0.053135 	1.390615  	-8.225300 
94.000000 	-0.070847 	1.387486  	-8.225300 
95.000000 	-0.089177 	1.382006  	-8.225300 
96.000000 	-0.107850 	1.375218  	-8.225300 
97.000000 	-0.126523 	1.368431  	-8.225300 
98.000000 	-0.145196 	1.361643  	-8.225300 
99.000000 	-0.164041 	1.353849  	-8.225300 
100.000000	-0.183316 	1.343537  	-8.225300 
101.000000	-0.202591 	1.333226  	-8.225300 
102.000000	-0.221865 	1.322914  	-8.225300 
103.000000	-0.241140 	1.312602  	-8.225300 
104.000000	-0.260673 	1.299219  	-8.225300 
105.000000	-0.280226 	1.285600  	-8.225300 
106.000000	-0.299779 	1.271980  	-8.225300 
107.000000	-0.319332 	1.258361  	-8.225300 
108.000000	-0.338888 	1.243019  	-8.225300 
109.000000	-0.358445 	1.226385  	-8.225300 
110.000000	-0.378003 	1.209751  	-8.225300 
111.000000	-0.397560 	1.193117  	-8.225300 
112.000000	-0.417073 	1.175915  	-8.225300 
113.000000	-0.436425 	1.156629  	-8.225300 
114.000000	-0.455777 	1.137344  	-8.225300 
115.000000	-0.475129 	1.118058  	-8.225300 
116.000000	-0.494481 	1.098773  	-8.225300 
117.000000	-0.513546 	1.077579  	-8.225300 
118.000000	-0.532562 	1.056067  	-8.225300 
119.000000	-0.551579 	1.034555  	-8.225300 
120.000000	-0.570596 	1.013044  	-8.225300 
121.000000	-0.589432 	0.990657  	-8.225300 
122.000000	-0.608086 	0.967397  	-8.225300 
123.000000	-0.626741 	0.944136  	-8.225300 
124.000000	-0.645396 	0.920875  	-8.225300 
125.000000	-0.664014 	0.897438  	-8.225300 
126.000000	-0.682410 	0.872947  	-8.225300 
127.000000	-0.700806 	0.848456  	-8.225300 
128.000000	-0.719202 	0.823964  	-8.225300 
129.000000	-0.737598 	0.799473  	-8.225300 
130.000000	-0.756007 	0.774445  	-8.225300 
131.000000	-0.774419 	0.749271  	-8.225300 
132.000000	-0.792832 	0.724097  	-8.225300 
133.000000	-0.811245 	0.698923  	-8.225300 
134.000000	-0.829882 	0.673698  	-8.225300 
135.000000	-0.848821 	0.648406  	-8.225300 
136.000000	-0.867760 	0.623113  	-8.225300 
137.000000	-0.886698 	0.597821  	-8.225300 
138.000000	-0.905735 	0.572561  	-8.225300 
139.000000	-0.926046 	0.547719  	-8.225300 
140.000000	-0.946358 	0.522878  	-8.225300 
141.000000	-0.966670 	0.498036  	-8.225300 
142.000000	-0.986982 	0.473194  	-8.225300 
143.000000	-1.009251 	0.449074  	-8.225300 
144.000000	-1.032303 	0.425242  	-8.225300 
145.000000	-1.055356 	0.401410  	-8.225300 
146.000000	-1.078408 	0.377578  	-8.225300 
147.000000	-1.103237 	0.354299  	-8.225300 
148.000000	-1.131263 	0.332014  	-8.225300 
149.000000	-1.159288 	0.309729  	-8.225300 
150.000000	-1.187314 	0.287445  	-8.225300 
151.000000	-1.215340 	0.265160  	-8.225300 
152.000000	-1.173432 	0.244326  	-8.225300 
153.000000	-1.131523 	0.223493  	-8.225300 
154.000000	-1.089615 	0.203664  	-8.225300 
155.000000	-1.047707 	0.183914  	-8.225300 
156.000000	-1.005799 	0.165177  	-8.225300 
157.000000	-0.963890 	0.146610  	-8.225300 
158.000000	-0.921982 	0.129048  	-8.225300 
159.000000	-0.880074 	0.111759  	-8.225300 
160.000000	-0.838166 	0.095447  	-8.225300 
161.000000	-0.796257 	0.079526  	-8.225300 
162.000000	-0.754349 	0.064536  	-8.225300 
163.000000	-0.712441 	0.050064  	-8.225300 
164.000000	-0.670532 	0.036461  	-8.225300 
165.000000	-0.628624 	0.023512  	-8.225300 
166.000000	-0.586716 	0.013166  	-8.225300 
167.000000	-0.544808 	0.005424  	-8.225300 
168.000000	-0.502899 	0.001000  	-8.225300 
169.000000	-0.460991 	0.001000  	-8.225300 
170.000000	-0.419083 	0.001000  	-8.225300 
171.000000	-0.377174 	0.001000  	-8.225300 
172.000000	-0.335266 	0.001000  	-8.225300 
173.000000	-0.293358 	0.001000  	-8.225300 
174.000000	-0.251450 	0.001000  	-8.225300 
175.000000	-0.209541 	0.001000  	-8.225300 
176.000000	-0.167633 	0.001000  	-8.225300 
177.000000	-0.125725 	0.001000  	-8.225300 
178.000000	-0.083817 	0.001000  	-8.225300 
179.000000	-0.041908 	0.001000  	-8.225300 
180.000000	0.000000  	0.001000  	-8.225300 
