! AeroDyn v15 airfoil data file
! Generated from airfoilprep.py modified by D. Kim (Mar 14th, 2022) 
! start all comment lines with ! 
! ------------------------------------------------------------------------------
"DEFAULT"       InterpOrd    ! Interpolation order to use for quasi-steady table lookup {1=linear; 3=cubic spline; "default"} [default=1]
! ------------------------------------------------------------------------------
! 0.20          RelThickness ! The non-dimensional thickness of the airfoil (thickness/chord) [only used if UAMod=7] [default=0.2] (-)
  1             NonDimArea   ! The non-dimensional area of the airfoil (area/chord^2) (set to 1.0 if unsure or unneeded)
  103           NumCoords    ! The number of coordinates in the airfoil shape file (including an extra coordinate for airfoil reference).
! ......... x-y coordinates are next if NumCoords > 0 .............
! x-y coordinate of airfoil reference
!  x/c        y/c
  0.25       0
! Airfoil: 
!  x/c        y/c
1.0013322 -0.0000004
0.9811070 0.0045330
0.9608966 0.0091365
0.9406005 0.0133412
0.9201634 0.0168114
0.8995767 0.0192249
0.8788861 0.0203094
0.8581644 0.0201354
0.8374735 0.0189649
0.8168414 0.0169549
0.7962992 0.0141902
0.7758611 0.0107493
0.7555292 0.0067142
0.7353062 0.0021684
0.7151878 -0.0028008
0.6951559 -0.0081107
0.6751907 -0.0136795
0.6552730 -0.0194291
0.6353857 -0.0252879
0.6155118 -0.0311843
0.5956304 -0.0370535
0.5757209 -0.0428304
0.5557715 -0.0484639
0.5357684 -0.0538941
0.5157015 -0.0590753
0.4955599 -0.0639585
0.4753353 -0.0685021
0.4550274 -0.0726695
0.4346388 -0.0764166
0.4141764 -0.0797201
0.3936450 -0.0825429
0.3730511 -0.0848602
0.3524007 -0.0866407
0.3317050 -0.0878527
0.3109824 -0.0884384
0.2902545 -0.0884035
0.2695427 -0.0876795
0.2488698 -0.0862496
0.2282573 -0.0840968
0.2077278 -0.0812221
0.1873107 -0.0776304
0.1670343 -0.0733252
0.1469269 -0.0683030
0.1270173 -0.0625543
0.1073460 -0.0560340
0.0879604 -0.0486809
0.0689636 -0.0403824
0.0505166 -0.0309612
0.0328755 -0.0200833
0.0166694 -0.0072012
0.0034683 0.0087079
-0.0010111 0.0284802
0.0076744 0.0471032
0.0217654 0.0622305
0.0382123 0.0748425
0.0559159 0.0855699
0.0744481 0.0948679
0.0935311 0.1029898
0.1129885 0.1101189
0.1327425 0.1163957
0.1527212 0.1219260
0.1728680 0.1267916
0.1931515 0.1310570
0.2135449 0.1347687
0.2340244 0.1379614
0.2545743 0.1406582
0.2751823 0.1428728
0.2958365 0.1446166
0.3165258 0.1458927
0.3372384 0.1467062
0.3579626 0.1470417
0.3786879 0.1469516
0.3994059 0.1463730
0.4201084 0.1453541
0.4407863 0.1438995
0.4614303 0.1420193
0.4820329 0.1397414
0.5025896 0.1371025
0.5231025 0.1341432
0.5435750 0.1309052
0.5640110 0.1274312
0.5844146 0.1237645
0.6047863 0.1199290
0.6251283 0.1159492
0.6454452 0.1118441
0.6657395 0.1076276
0.6860134 0.1033126
0.7062695 0.0989138
0.7265083 0.0944361
0.7467319 0.0898915
0.7669428 0.0852915
0.7871425 0.0806423
0.8073339 0.0759565
0.8275181 0.0712399
0.8476964 0.0664981
0.8678718 0.0617440
0.8880455 0.0569829
0.9082186 0.0522194
0.9283899 0.0474481
0.9485515 0.0426360
0.9685750 0.0372983
0.9856617 0.0260970
! ------------------------------------------------------------------------------
"unused"        BL_file      ! The file name including the boundary layer characteristics of the profile. Unused if the aeroacoustic module is not called.
  11        	NumTabs      ! Number of airfoil tables in this file.
! ------------------------------------------------------------------------------
! data for table	1         
! ------------------------------------------------------------------------------
  0.200000  	Re           ! Reynolds number in millions
  0.000000  	UserProp     ! User property (control) setting
Flase           InclUAdata   ! Is unsteady aerodynamics data included in this table? If TRUE, then include UA coefficients below this line. Any missing coefficients will be calculated internally.
! Table of aerodynamics coefficients
  361       	NumAlf       ! Number of data lines in the following table
!Alpha      Cl          Cd          Cm/Cp
!(deg)      (-)         (-)         (-)
-180.000000	0.000000  	0.001000  	0.000000  
-179.000000	0.048422  	0.001000  	0.040000  
-178.000000	0.096843  	0.001000  	0.080000  
-177.000000	0.145265  	0.001000  	0.120000  
-176.000000	0.193687  	0.001000  	0.160000  
-175.000000	0.242109  	0.001000  	0.200000  
-174.000000	0.290530  	0.001000  	0.240000  
-173.000000	0.338952  	0.002307  	0.280000  
-172.000000	0.387374  	0.005357  	0.320000  
-171.000000	0.435796  	0.012015  	0.360000  
-170.000000	0.484217  	0.019846  	0.397070  
-169.000000	0.532639  	0.028817  	0.416561  
-168.000000	0.581061  	0.038438  	0.435076  
-167.000000	0.629483  	0.048710  	0.452613  
-166.000000	0.677904  	0.060068  	0.470151  
-165.000000	0.726326  	0.071871  	0.487689  
-164.000000	0.774748  	0.084639  	0.505227  
-163.000000	0.823170  	0.098086  	0.522765  
-162.000000	0.871591  	0.112042  	0.540303  
-161.000000	0.920013  	0.127058  	0.557840  
-160.000000	0.968435  	0.142469  	0.569488  
-159.000000	1.016857  	0.158660  	0.566410  
-158.000000	1.065278  	0.175519  	0.560542  
-157.000000	1.113700  	0.192750  	0.553124  
-156.000000	1.088591  	0.211830  	0.545706  
-155.000000	1.063482  	0.230910  	0.538289  
-154.000000	1.038373  	0.249991  	0.530871  
-153.000000	1.013264  	0.269071  	0.523453  
-152.000000	0.989691  	0.288651  	0.516270  
-151.000000	0.971749  	0.310063  	0.509952  
-150.000000	0.953806  	0.331475  	0.503633  
-149.000000	0.935864  	0.352887  	0.497315  
-148.000000	0.917922  	0.374299  	0.490996  
-147.000000	0.901446  	0.396457  	0.485084  
-146.000000	0.886924  	0.419609  	0.479712  
-145.000000	0.872402  	0.442760  	0.474340  
-144.000000	0.857881  	0.465912  	0.468969  
-143.000000	0.843359  	0.489064  	0.463597  
-142.000000	0.829712  	0.512923  	0.459565  
-141.000000	0.816550  	0.537175  	0.456278  
-140.000000	0.803389  	0.561427  	0.452991  
-139.000000	0.790227  	0.585679  	0.449704  
-138.000000	0.777066  	0.609931  	0.446417  
-137.000000	0.764046  	0.634552  	0.445334  
-136.000000	0.751050  	0.659234  	0.444618  
-135.000000	0.738054  	0.683916  	0.443901  
-134.000000	0.725058  	0.708598  	0.443185  
-133.000000	0.712025  	0.733262  	0.442511  
-132.000000	0.698503  	0.757693  	0.442375  
-131.000000	0.684981  	0.782123  	0.442240  
-130.000000	0.671459  	0.806554  	0.442104  
-129.000000	0.657937  	0.830985  	0.441969  
-128.000000	0.644159  	0.855151  	0.442131  
-127.000000	0.629742  	0.878657  	0.443035  
-126.000000	0.615325  	0.902163  	0.443940  
-125.000000	0.600909  	0.925668  	0.444845  
-124.000000	0.586492  	0.949174  	0.445750  
-123.000000	0.571556  	0.971893  	0.446669  
-122.000000	0.556101  	0.993826  	0.447603  
-121.000000	0.540646  	1.015759  	0.448537  
-120.000000	0.525190  	1.037691  	0.449471  
-119.000000	0.509735  	1.059624  	0.450405  
-118.000000	0.493555  	1.080002  	0.451395  
-117.000000	0.477085  	1.099758  	0.452409  
-116.000000	0.460615  	1.119515  	0.453422  
-115.000000	0.444146  	1.139271  	0.454435  
-114.000000	0.427676  	1.159027  	0.455449  
-113.000000	0.410405  	1.176259  	0.456323  
-112.000000	0.393073  	1.193296  	0.457186  
-111.000000	0.375741  	1.210334  	0.458049  
-110.000000	0.358409  	1.227371  	0.458912  
-109.000000	0.340990  	1.243953  	0.459677  
-108.000000	0.323050  	1.257805  	0.459851  
-107.000000	0.305109  	1.271656  	0.460026  
-106.000000	0.287169  	1.285508  	0.460200  
-105.000000	0.269229  	1.299360  	0.460375  
-104.000000	0.251191  	1.311939  	0.460504  
-103.000000	0.232976  	1.322227  	0.460551  
-102.000000	0.214761  	1.332515  	0.460597  
-101.000000	0.196546  	1.342804  	0.460644  
-100.000000	0.178332  	1.353092  	0.460691  
-99.000000	0.160185  	1.361185  	0.459997  
-98.000000	0.142090  	1.367632  	0.458747  
-97.000000	0.123995  	1.374078  	0.457497  
-96.000000	0.105900  	1.380525  	0.456247  
-95.000000	0.087805  	1.386972  	0.454996  
-94.000000	0.070148  	1.390265  	0.453746  
-93.000000	0.052611  	1.392699  	0.452496  
-92.000000	0.035074  	1.395133  	0.451246  
-91.000000	0.017537  	1.397566  	0.449996  
-90.000000	0.000000  	1.400000  	0.448746  
-89.000000	-0.017537 	1.397566  	0.445671  
-88.000000	-0.035074 	1.395133  	0.442596  
-87.000000	-0.052611 	1.392699  	0.439521  
-86.000000	-0.070148 	1.390265  	0.436445  
-85.000000	-0.087805 	1.386972  	0.433370  
-84.000000	-0.105900 	1.380525  	0.430295  
-83.000000	-0.123995 	1.374078  	0.427220  
-82.000000	-0.142090 	1.367632  	0.424145  
-81.000000	-0.160185 	1.361185  	0.421070  
-80.000000	-0.178332 	1.353092  	0.417555  
-79.000000	-0.196546 	1.342804  	0.413452  
-78.000000	-0.214761 	1.332515  	0.409349  
-77.000000	-0.232976 	1.322227  	0.405246  
-76.000000	-0.251191 	1.311939  	0.401144  
-75.000000	-0.269229 	1.299360  	0.396976  
-74.000000	-0.287169 	1.285508  	0.392772  
-73.000000	-0.305109 	1.271656  	0.388568  
-72.000000	-0.323050 	1.257805  	0.384364  
-71.000000	-0.340990 	1.243953  	0.380160  
-70.000000	-0.358409 	1.227371  	0.375593  
-69.000000	-0.375741 	1.210334  	0.370965  
-68.000000	-0.393073 	1.193296  	0.366337  
-67.000000	-0.410405 	1.176259  	0.361710  
-66.000000	-0.427676 	1.159027  	0.357075  
-65.000000	-0.444146 	1.139271  	0.352355  
-64.000000	-0.460615 	1.119515  	0.347635  
-63.000000	-0.477085 	1.099758  	0.342915  
-62.000000	-0.493555 	1.080002  	0.338194  
-61.000000	-0.509735 	1.059624  	0.333481  
-60.000000	-0.525190 	1.037691  	0.328787  
-59.000000	-0.540646 	1.015759  	0.324092  
-58.000000	-0.556101 	0.993826  	0.319397  
-57.000000	-0.571556 	0.971893  	0.314703  
-56.000000	-0.586492 	0.949174  	0.310013  
-55.000000	-0.600909 	0.925668  	0.305327  
-54.000000	-0.615325 	0.902163  	0.300642  
-53.000000	-0.629742 	0.878657  	0.295957  
-52.000000	-0.644159 	0.855151  	0.291271  
-51.000000	-0.657937 	0.830985  	0.286729  
-50.000000	-0.671459 	0.806554  	0.282244  
-49.000000	-0.684981 	0.782123  	0.277758  
-48.000000	-0.698503 	0.757693  	0.273273  
-47.000000	-0.712025 	0.733262  	0.268788  
-46.000000	-0.725058 	0.708598  	0.264406  
-45.000000	-0.738054 	0.683916  	0.260033  
-44.000000	-0.751050 	0.659234  	0.255659  
-43.000000	-0.764046 	0.634552  	0.251285  
-42.000000	-0.777066 	0.609931  	0.246894  
-41.000000	-0.790227 	0.585679  	0.242396  
-40.000000	-0.803389 	0.561427  	0.237897  
-39.000000	-0.816550 	0.537175  	0.233399  
-38.000000	-0.829712 	0.512923  	0.228901  
-37.000000	-0.843359 	0.489064  	0.224367  
-36.000000	-0.857881 	0.465912  	0.219767  
-35.000000	-0.872402 	0.442760  	0.215168  
-34.000000	-0.886924 	0.419609  	0.210569  
-33.000000	-0.901446 	0.396457  	0.205969  
-32.000000	-0.917922 	0.374299  	0.200189  
-31.000000	-0.935864 	0.352887  	0.193523  
-30.000000	-0.953806 	0.331475  	0.186857  
-29.000000	-0.971749 	0.310063  	0.180191  
-28.000000	-0.989691 	0.288651  	0.173525  
-27.000000	-1.013264 	0.269071  	0.164974  
-26.000000	-1.038373 	0.249991  	0.155908  
-25.000000	-1.063482 	0.230910  	0.146842  
-24.000000	-1.088591 	0.211830  	0.137776  
-23.000000	-1.113700 	0.192750  	0.128710  
-22.000000	-1.065329 	0.182804  	0.119644  
-21.000000	-1.016957 	0.172857  	0.110578  
-20.000000	-0.968586 	0.162911  	0.101513  
-19.000000	-0.920214 	0.152964  	0.088528  
-18.000000	-0.871843 	0.143018  	0.075543  
-17.000000	-0.823471 	0.133071  	0.062558  
-16.000000	-0.775100 	0.123125  	0.049574  
-15.000000	-0.726729 	0.113179  	0.036589  
-14.000000	-0.678357 	0.103232  	0.023604  
-13.000000	-0.629986 	0.093286  	0.010620  
-12.000000	-0.581614 	0.083339  	-0.002365 
-11.000000	-0.533243 	0.073393  	-0.015350 
-10.000000	-0.484871 	0.063446  	-0.038925 
-9.000000 	-0.436500 	0.053500  	-0.062500 
-8.000000 	-0.225500 	0.050560  	-0.085200 
-7.000000 	-0.163500 	0.044430  	-0.089400 
-6.000000 	-0.084200 	0.041400  	-0.090200 
-5.000000 	-0.006900 	0.035070  	-0.098400 
-4.000000 	0.102900  	0.032690  	-0.103900 
-3.000000 	0.232300  	0.029300  	-0.116000 
-2.000000 	0.375400  	0.026860  	-0.128800 
-1.000000 	0.507100  	0.026240  	-0.135600 
0.000000  	0.636600  	0.025880  	-0.141900 
1.000000  	0.764000  	0.025810  	-0.147200 
2.000000  	0.890700  	0.025860  	-0.152000 
3.000000  	1.015400  	0.025940  	-0.156200 
4.000000  	1.137100  	0.025870  	-0.159600 
5.000000  	1.253200  	0.025820  	-0.161700 
6.000000  	1.365600  	0.025620  	-0.163000 
7.000000  	1.462000  	0.025550  	-0.161000 
8.000000  	1.538500  	0.025930  	-0.155400 
9.000000  	1.564800  	0.027760  	-0.141000 
10.000000 	1.562300  	0.032850  	-0.124700 
11.000000 	1.549400  	0.041690  	-0.114100 
12.000000 	1.540700  	0.052740  	-0.108900 
13.000000 	1.534000  	0.064970  	-0.106300 
14.000000 	1.527100  	0.077470  	-0.104400 
15.000000 	1.527600  	0.090180  	-0.104800 
16.000000 	1.533100  	0.102770  	-0.106600 
17.000000 	1.540300  	0.115540  	-0.110200 
18.000000 	1.546400  	0.128250  	-0.114600 
19.000000 	1.553400  	0.141200  	-0.120700 
20.000000 	1.562000  	0.154220  	-0.128300 
21.000000 	1.572100  	0.166900  	-0.136800 
22.000000 	1.582900  	0.179580  	-0.146400 
23.000000 	1.591000  	0.192750  	-0.157400 
24.000000 	1.555130  	0.211830  	-0.167131 
25.000000 	1.519260  	0.230910  	-0.176863 
26.000000 	1.483390  	0.249991  	-0.186594 
27.000000 	1.447520  	0.269071  	-0.196326 
28.000000 	1.413844  	0.288651  	-0.205516 
29.000000 	1.388212  	0.310063  	-0.212722 
30.000000 	1.362581  	0.331475  	-0.219927 
31.000000 	1.336949  	0.352887  	-0.227133 
32.000000 	1.311317  	0.374299  	-0.234339 
33.000000 	1.287779  	0.396457  	-0.240613 
34.000000 	1.267034  	0.419609  	-0.245644 
35.000000 	1.246289  	0.442760  	-0.250675 
36.000000 	1.225544  	0.465912  	-0.255706 
37.000000 	1.204799  	0.489064  	-0.260737 
38.000000 	1.185303  	0.512923  	-0.265423 
39.000000 	1.166501  	0.537175  	-0.269919 
40.000000 	1.147698  	0.561427  	-0.274415 
41.000000 	1.128896  	0.585679  	-0.278910 
42.000000 	1.110094  	0.609931  	-0.283406 
43.000000 	1.091494  	0.634552  	-0.287336 
44.000000 	1.072929  	0.659234  	-0.291171 
45.000000 	1.054363  	0.683916  	-0.295006 
46.000000 	1.035797  	0.708598  	-0.298842 
47.000000 	1.017178  	0.733262  	-0.302673 
48.000000 	0.997861  	0.757693  	-0.306455 
49.000000 	0.978544  	0.782123  	-0.310237 
50.000000 	0.959227  	0.806554  	-0.314019 
51.000000 	0.939910  	0.830985  	-0.317801 
52.000000 	0.920227  	0.855151  	-0.321555 
53.000000 	0.899632  	0.878657  	-0.325241 
54.000000 	0.879036  	0.902163  	-0.328928 
55.000000 	0.858441  	0.925668  	-0.332614 
56.000000 	0.837846  	0.949174  	-0.336300 
57.000000 	0.816508  	0.971893  	-0.339979 
58.000000 	0.794430  	0.993826  	-0.343651 
59.000000 	0.772351  	1.015759  	-0.347322 
60.000000 	0.750272  	1.037691  	-0.350994 
61.000000 	0.728193  	1.059624  	-0.354666 
62.000000 	0.705079  	1.080002  	-0.358310 
63.000000 	0.681551  	1.099758  	-0.361942 
64.000000 	0.658022  	1.119515  	-0.365575 
65.000000 	0.634494  	1.139271  	-0.369207 
66.000000 	0.610965  	1.159027  	-0.372840 
67.000000 	0.586293  	1.176259  	-0.376429 
68.000000 	0.561533  	1.193296  	-0.380016 
69.000000 	0.536773  	1.210334  	-0.383602 
70.000000 	0.512012  	1.227371  	-0.387188 
71.000000 	0.487128  	1.243953  	-0.390743 
72.000000 	0.461499  	1.257805  	-0.394117 
73.000000 	0.435870  	1.271656  	-0.397490 
74.000000 	0.410242  	1.285508  	-0.400863 
75.000000 	0.384613  	1.299360  	-0.404236 
76.000000 	0.358844  	1.311939  	-0.407590 
77.000000 	0.332823  	1.322227  	-0.410909 
78.000000 	0.306802  	1.332515  	-0.414228 
79.000000 	0.280780  	1.342804  	-0.417546 
80.000000 	0.254759  	1.353092  	-0.420865 
81.000000 	0.228836  	1.361185  	-0.423867 
82.000000 	0.202986  	1.367632  	-0.426631 
83.000000 	0.177136  	1.374078  	-0.429396 
84.000000 	0.151286  	1.380525  	-0.432160 
85.000000 	0.125436  	1.386972  	-0.434924 
86.000000 	0.100212  	1.390265  	-0.437688 
87.000000 	0.075159  	1.392699  	-0.440453 
88.000000 	0.050106  	1.395133  	-0.443217 
89.000000 	0.025053  	1.397566  	-0.445981 
90.000000 	0.000000  	1.400000  	-0.448746 
91.000000 	-0.017537 	1.397566  	-0.449996 
92.000000 	-0.035074 	1.395133  	-0.451246 
93.000000 	-0.052611 	1.392699  	-0.452496 
94.000000 	-0.070148 	1.390265  	-0.453746 
95.000000 	-0.087805 	1.386972  	-0.454996 
96.000000 	-0.105900 	1.380525  	-0.456247 
97.000000 	-0.123995 	1.374078  	-0.457497 
98.000000 	-0.142090 	1.367632  	-0.458747 
99.000000 	-0.160185 	1.361185  	-0.459997 
100.000000	-0.178332 	1.353092  	-0.460691 
101.000000	-0.196546 	1.342804  	-0.460644 
102.000000	-0.214761 	1.332515  	-0.460597 
103.000000	-0.232976 	1.322227  	-0.460551 
104.000000	-0.251191 	1.311939  	-0.460504 
105.000000	-0.269229 	1.299360  	-0.460375 
106.000000	-0.287169 	1.285508  	-0.460200 
107.000000	-0.305109 	1.271656  	-0.460026 
108.000000	-0.323050 	1.257805  	-0.459851 
109.000000	-0.340990 	1.243953  	-0.459677 
110.000000	-0.358409 	1.227371  	-0.458912 
111.000000	-0.375741 	1.210334  	-0.458049 
112.000000	-0.393073 	1.193296  	-0.457186 
113.000000	-0.410405 	1.176259  	-0.456323 
114.000000	-0.427676 	1.159027  	-0.455449 
115.000000	-0.444146 	1.139271  	-0.454435 
116.000000	-0.460615 	1.119515  	-0.453422 
117.000000	-0.477085 	1.099758  	-0.452409 
118.000000	-0.493555 	1.080002  	-0.451395 
119.000000	-0.509735 	1.059624  	-0.450405 
120.000000	-0.525190 	1.037691  	-0.449471 
121.000000	-0.540646 	1.015759  	-0.448537 
122.000000	-0.556101 	0.993826  	-0.447603 
123.000000	-0.571556 	0.971893  	-0.446669 
124.000000	-0.586492 	0.949174  	-0.445750 
125.000000	-0.600909 	0.925668  	-0.444845 
126.000000	-0.615325 	0.902163  	-0.443940 
127.000000	-0.629742 	0.878657  	-0.443035 
128.000000	-0.644159 	0.855151  	-0.442131 
129.000000	-0.657937 	0.830985  	-0.441969 
130.000000	-0.671459 	0.806554  	-0.442104 
131.000000	-0.684981 	0.782123  	-0.442240 
132.000000	-0.698503 	0.757693  	-0.442375 
133.000000	-0.712025 	0.733262  	-0.442511 
134.000000	-0.725058 	0.708598  	-0.443185 
135.000000	-0.738054 	0.683916  	-0.443901 
136.000000	-0.751050 	0.659234  	-0.444618 
137.000000	-0.764046 	0.634552  	-0.445334 
138.000000	-0.777066 	0.609931  	-0.446417 
139.000000	-0.790227 	0.585679  	-0.449704 
140.000000	-0.803389 	0.561427  	-0.452991 
141.000000	-0.816550 	0.537175  	-0.456278 
142.000000	-0.829712 	0.512923  	-0.459565 
143.000000	-0.843359 	0.489064  	-0.463597 
144.000000	-0.857881 	0.465912  	-0.468969 
145.000000	-0.872402 	0.442760  	-0.474340 
146.000000	-0.886924 	0.419609  	-0.479712 
147.000000	-0.901446 	0.396457  	-0.485084 
148.000000	-0.917922 	0.374299  	-0.490996 
149.000000	-0.935864 	0.352887  	-0.497315 
150.000000	-0.953806 	0.331475  	-0.503633 
151.000000	-0.971749 	0.310063  	-0.509952 
152.000000	-0.989691 	0.288651  	-0.516270 
153.000000	-1.013264 	0.269071  	-0.523453 
154.000000	-1.038373 	0.249991  	-0.530871 
155.000000	-1.063482 	0.230910  	-0.538289 
156.000000	-1.088591 	0.211830  	-0.545706 
157.000000	-1.113700 	0.192750  	-0.553124 
158.000000	-1.065278 	0.175519  	-0.560542 
159.000000	-1.016857 	0.158660  	-0.567031 
160.000000	-0.968435 	0.142469  	-0.571848 
161.000000	-0.920013 	0.127058  	-0.567840 
162.000000	-0.871591 	0.112042  	-0.560303 
163.000000	-0.823170 	0.098086  	-0.552765 
164.000000	-0.774748 	0.084639  	-0.545227 
165.000000	-0.726326 	0.071871  	-0.537689 
166.000000	-0.677904 	0.060068  	-0.530151 
167.000000	-0.629483 	0.048710  	-0.522613 
168.000000	-0.581061 	0.038438  	-0.515076 
169.000000	-0.532639 	0.028817  	-0.505692 
170.000000	-0.484217 	0.019846  	-0.494461 
171.000000	-0.435796 	0.012015  	-0.450000 
172.000000	-0.387374 	0.005357  	-0.400000 
173.000000	-0.338952 	0.002307  	-0.350000 
174.000000	-0.290530 	0.001000  	-0.300000 
175.000000	-0.242109 	0.001000  	-0.250000 
176.000000	-0.193687 	0.001000  	-0.200000 
177.000000	-0.145265 	0.001000  	-0.150000 
178.000000	-0.096843 	0.001000  	-0.100000 
179.000000	-0.048422 	0.001000  	-0.050000 
180.000000	0.000000  	0.001000  	0.000000  
! ------------------------------------------------------------------------------
! data for table	2         
! ------------------------------------------------------------------------------
  0.300000  	Re           ! Reynolds number in millions
  0.000000  	UserProp     ! User property (control) setting
Flase           InclUAdata   ! Is unsteady aerodynamics data included in this table? If TRUE, then include UA coefficients below this line. Any missing coefficients will be calculated internally.
! Table of aerodynamics coefficients
  361       	NumAlf       ! Number of data lines in the following table
!Alpha      Cl          Cd          Cm/Cp
!(deg)      (-)         (-)         (-)
-180.000000	0.000000  	0.001000  	0.000000  
-179.000000	0.041572  	0.001000  	0.040000  
-178.000000	0.083144  	0.001000  	0.080000  
-177.000000	0.124717  	0.001000  	0.120000  
-176.000000	0.166289  	0.001000  	0.160000  
-175.000000	0.207861  	0.001000  	0.200000  
-174.000000	0.249433  	0.001000  	0.240000  
-173.000000	0.291006  	0.001000  	0.280000  
-172.000000	0.332578  	0.001241  	0.320000  
-171.000000	0.374150  	0.002083  	0.360000  
-170.000000	0.415722  	0.005824  	0.393905  
-169.000000	0.457294  	0.014783  	0.416837  
-168.000000	0.498867  	0.024400  	0.438108  
-167.000000	0.540439  	0.034893  	0.457161  
-166.000000	0.582011  	0.046129  	0.476215  
-165.000000	0.623583  	0.058109  	0.495269  
-164.000000	0.665156  	0.070907  	0.514323  
-163.000000	0.706728  	0.084319  	0.533376  
-162.000000	0.748300  	0.098613  	0.552430  
-161.000000	0.789872  	0.113397  	0.571484  
-160.000000	0.831444  	0.129115  	0.582772  
-159.000000	0.873017  	0.145205  	0.590955  
-158.000000	0.914589  	0.162266  	0.594112  
-157.000000	0.956161  	0.179590  	0.595900  
-156.000000	0.997733  	0.197906  	0.597687  
-155.000000	1.039306  	0.216387  	0.599474  
-154.000000	1.080878  	0.235865  	0.601261  
-153.000000	1.122450  	0.255420  	0.603049  
-152.000000	1.098411  	0.276550  	0.601566  
-151.000000	1.074371  	0.297679  	0.600082  
-150.000000	1.050332  	0.318809  	0.598599  
-149.000000	1.026292  	0.339938  	0.597116  
-148.000000	1.004724  	0.361959  	0.592362  
-147.000000	0.985626  	0.384871  	0.584338  
-146.000000	0.966528  	0.407783  	0.576313  
-145.000000	0.947430  	0.430695  	0.568289  
-144.000000	0.928332  	0.453606  	0.560265  
-143.000000	0.911728  	0.477743  	0.552913  
-142.000000	0.895124  	0.501880  	0.545561  
-141.000000	0.878520  	0.526017  	0.538208  
-140.000000	0.861916  	0.550153  	0.530856  
-139.000000	0.845833  	0.574609  	0.526193  
-138.000000	0.830269  	0.599384  	0.524218  
-137.000000	0.814706  	0.624158  	0.522242  
-136.000000	0.799143  	0.648933  	0.520267  
-135.000000	0.783579  	0.673708  	0.518292  
-134.000000	0.768176  	0.698518  	0.516317  
-133.000000	0.752772  	0.723329  	0.514342  
-132.000000	0.737368  	0.748140  	0.512367  
-131.000000	0.721964  	0.772950  	0.510392  
-130.000000	0.706380  	0.797478  	0.509382  
-129.000000	0.690615  	0.821723  	0.509337  
-128.000000	0.674851  	0.845967  	0.509291  
-127.000000	0.659087  	0.870212  	0.509246  
-126.000000	0.643322  	0.894456  	0.509201  
-125.000000	0.626924  	0.917547  	0.509398  
-124.000000	0.610526  	0.940638  	0.509594  
-123.000000	0.594127  	0.963729  	0.509790  
-122.000000	0.577729  	0.986820  	0.509986  
-121.000000	0.560966  	1.009055  	0.510309  
-120.000000	0.543839  	1.030433  	0.510757  
-119.000000	0.526712  	1.051812  	0.511206  
-118.000000	0.509586  	1.073190  	0.511654  
-117.000000	0.492459  	1.094569  	0.512102  
-116.000000	0.474644  	1.113719  	0.512677  
-115.000000	0.456830  	1.132870  	0.513252  
-114.000000	0.439016  	1.152020  	0.513826  
-113.000000	0.421201  	1.171170  	0.514401  
-112.000000	0.403117  	1.188976  	0.514819  
-111.000000	0.384763  	1.205438  	0.515081  
-110.000000	0.366409  	1.221899  	0.515343  
-109.000000	0.348056  	1.238360  	0.515604  
-108.000000	0.329702  	1.254822  	0.515866  
-107.000000	0.311040  	1.268200  	0.515737  
-106.000000	0.292378  	1.281578  	0.515607  
-105.000000	0.273717  	1.294957  	0.515478  
-104.000000	0.255055  	1.308335  	0.515349  
-103.000000	0.236389  	1.320013  	0.515067  
-102.000000	0.217718  	1.329991  	0.514634  
-101.000000	0.199047  	1.339968  	0.514200  
-100.000000	0.180376  	1.349945  	0.513767  
-99.000000	0.161705  	1.359923  	0.513333  
-98.000000	0.143374  	1.366265  	0.511835  
-97.000000	0.125044  	1.372608  	0.510337  
-96.000000	0.106713  	1.378951  	0.508839  
-95.000000	0.088382  	1.385293  	0.507341  
-94.000000	0.070415  	1.389746  	0.505843  
-93.000000	0.052811  	1.392310  	0.504345  
-92.000000	0.035207  	1.394873  	0.502847  
-91.000000	0.017604  	1.397437  	0.501349  
-90.000000	0.000000  	1.400000  	0.499852  
-89.000000	-0.017604 	1.397437  	0.496391  
-88.000000	-0.035207 	1.394873  	0.492931  
-87.000000	-0.052811 	1.392310  	0.489471  
-86.000000	-0.070415 	1.389746  	0.486011  
-85.000000	-0.088382 	1.385293  	0.482551  
-84.000000	-0.106713 	1.378951  	0.479091  
-83.000000	-0.125044 	1.372608  	0.475631  
-82.000000	-0.143374 	1.366265  	0.472171  
-81.000000	-0.161705 	1.359923  	0.468711  
-80.000000	-0.180376 	1.349945  	0.464449  
-79.000000	-0.199047 	1.339968  	0.460188  
-78.000000	-0.217718 	1.329991  	0.455926  
-77.000000	-0.236389 	1.320013  	0.451664  
-76.000000	-0.255055 	1.308335  	0.447288  
-75.000000	-0.273717 	1.294957  	0.442797  
-74.000000	-0.292378 	1.281578  	0.438306  
-73.000000	-0.311040 	1.268200  	0.433815  
-72.000000	-0.329702 	1.254822  	0.429324  
-71.000000	-0.348056 	1.238360  	0.424614  
-70.000000	-0.366409 	1.221899  	0.419903  
-69.000000	-0.384763 	1.205438  	0.415192  
-68.000000	-0.403117 	1.188976  	0.410481  
-67.000000	-0.421201 	1.171170  	0.405682  
-66.000000	-0.439016 	1.152020  	0.400796  
-65.000000	-0.456830 	1.132870  	0.395909  
-64.000000	-0.474644 	1.113719  	0.391022  
-63.000000	-0.492459 	1.094569  	0.386135  
-62.000000	-0.509586 	1.073190  	0.381287  
-61.000000	-0.526712 	1.051812  	0.376439  
-60.000000	-0.543839 	1.030433  	0.371591  
-59.000000	-0.560966 	1.009055  	0.366742  
-58.000000	-0.577729 	0.986820  	0.361933  
-57.000000	-0.594127 	0.963729  	0.357162  
-56.000000	-0.610526 	0.940638  	0.352391  
-55.000000	-0.626924 	0.917547  	0.347620  
-54.000000	-0.643322 	0.894456  	0.342849  
-53.000000	-0.659087 	0.870212  	0.338105  
-52.000000	-0.674851 	0.845967  	0.333360  
-51.000000	-0.690615 	0.821723  	0.328616  
-50.000000	-0.706380 	0.797478  	0.323872  
-49.000000	-0.721964 	0.772950  	0.319236  
-48.000000	-0.737368 	0.748140  	0.314708  
-47.000000	-0.752772 	0.723329  	0.310180  
-46.000000	-0.768176 	0.698518  	0.305652  
-45.000000	-0.783579 	0.673708  	0.301124  
-44.000000	-0.799143 	0.648933  	0.296596  
-43.000000	-0.814706 	0.624158  	0.292068  
-42.000000	-0.830269 	0.599384  	0.287540  
-41.000000	-0.845833 	0.574609  	0.283012  
-40.000000	-0.861916 	0.550153  	0.278155  
-39.000000	-0.878520 	0.526017  	0.272969  
-38.000000	-0.895124 	0.501880  	0.267783  
-37.000000	-0.911728 	0.477743  	0.262597  
-36.000000	-0.928332 	0.453606  	0.257411  
-35.000000	-0.947430 	0.430695  	0.252143  
-34.000000	-0.966528 	0.407783  	0.246875  
-33.000000	-0.985626 	0.384871  	0.241606  
-32.000000	-1.004724 	0.361959  	0.236338  
-31.000000	-1.026292 	0.339938  	0.229245  
-30.000000	-1.050332 	0.318809  	0.220327  
-29.000000	-1.074371 	0.297679  	0.211409  
-28.000000	-1.098411 	0.276550  	0.202492  
-27.000000	-1.122450 	0.255420  	0.193574  
-26.000000	-1.095206 	0.241435  	0.182831  
-25.000000	-1.067962 	0.227449  	0.172089  
-24.000000	-1.040718 	0.213464  	0.161346  
-23.000000	-1.013474 	0.199479  	0.150603  
-22.000000	-0.986229 	0.185494  	0.139861  
-21.000000	-0.958985 	0.171508  	0.129118  
-20.000000	-0.931741 	0.157523  	0.118136  
-19.000000	-0.904497 	0.143538  	0.106538  
-18.000000	-0.877253 	0.129552  	0.094700  
-17.000000	-0.850009 	0.115567  	0.082863  
-16.000000	-0.822765 	0.101582  	0.071025  
-15.000000	-0.795521 	0.087596  	0.059188  
-14.000000	-0.768276 	0.073611  	0.047350  
-13.000000	-0.741032 	0.059626  	0.035513  
-12.000000	-0.713788 	0.045641  	0.004810  
-11.000000	-0.686544 	0.031655  	-0.051045 
-10.000000	-0.659300 	0.017670  	-0.106900 
-9.000000 	-0.438400 	0.017640  	-0.129500 
-8.000000 	-0.285700 	0.017420  	-0.138900 
-7.000000 	-0.154800 	0.017220  	-0.143800 
-6.000000 	-0.023400 	0.016990  	-0.148900 
-5.000000 	0.109400  	0.016840  	-0.154300 
-4.000000 	0.241900  	0.016730  	-0.159600 
-3.000000 	0.374500  	0.016780  	-0.164800 
-2.000000 	0.494900  	0.017190  	-0.166600 
-1.000000 	0.620500  	0.017530  	-0.170000 
0.000000  	0.747300  	0.017820  	-0.173900 
1.000000  	0.872900  	0.018120  	-0.177600 
2.000000  	0.995900  	0.018460  	-0.180700 
3.000000  	1.106800  	0.018890  	-0.180500 
4.000000  	1.221400  	0.019210  	-0.181600 
5.000000  	1.332300  	0.019400  	-0.182100 
6.000000  	1.435800  	0.019700  	-0.181100 
7.000000  	1.518900  	0.020340  	-0.175700 
8.000000  	1.582700  	0.021670  	-0.167100 
9.000000  	1.602500  	0.024800  	-0.151400 
10.000000 	1.605100  	0.030780  	-0.136600 
11.000000 	1.601000  	0.039720  	-0.126900 
12.000000 	1.595000  	0.051080  	-0.121600 
13.000000 	1.584200  	0.063390  	-0.117400 
14.000000 	1.579300  	0.076300  	-0.115800 
15.000000 	1.574200  	0.089500  	-0.115100 
16.000000 	1.573100  	0.102850  	-0.116200 
17.000000 	1.575500  	0.116180  	-0.119100 
18.000000 	1.574100  	0.130000  	-0.123300 
19.000000 	1.572700  	0.144440  	-0.129900 
20.000000 	1.572600  	0.158900  	-0.137900 
21.000000 	1.577300  	0.172240  	-0.146600 
22.000000 	1.584600  	0.185510  	-0.156500 
23.000000 	1.600500  	0.196770  	-0.165800 
24.000000 	1.607900  	0.209960  	-0.177500 
25.000000 	1.618800  	0.222010  	-0.189100 
26.000000 	1.618600  	0.236900  	-0.204000 
27.000000 	1.603500  	0.255420  	-0.222800 
28.000000 	1.569158  	0.276550  	-0.231651 
29.000000 	1.534816  	0.297679  	-0.240503 
30.000000 	1.500474  	0.318809  	-0.249354 
31.000000 	1.466132  	0.339938  	-0.258205 
32.000000 	1.435320  	0.361959  	-0.265675 
33.000000 	1.408037  	0.384871  	-0.271764 
34.000000 	1.380754  	0.407783  	-0.277853 
35.000000 	1.353471  	0.430695  	-0.283941 
36.000000 	1.326188  	0.453606  	-0.290030 
37.000000 	1.302468  	0.477743  	-0.295899 
38.000000 	1.278749  	0.501880  	-0.301769 
39.000000 	1.255029  	0.526017  	-0.307638 
40.000000 	1.231309  	0.550153  	-0.313508 
41.000000 	1.208332  	0.574609  	-0.318500 
42.000000 	1.186099  	0.599384  	-0.322616 
43.000000 	1.163866  	0.624158  	-0.326732 
44.000000 	1.141632  	0.648933  	-0.330848 
45.000000 	1.119399  	0.673708  	-0.334964 
46.000000 	1.097394  	0.698518  	-0.339079 
47.000000 	1.075388  	0.723329  	-0.343195 
48.000000 	1.053383  	0.748140  	-0.347311 
49.000000 	1.031377  	0.772950  	-0.351427 
50.000000 	1.009114  	0.797478  	-0.355407 
51.000000 	0.986593  	0.821723  	-0.359253 
52.000000 	0.964073  	0.845967  	-0.363098 
53.000000 	0.941553  	0.870212  	-0.366943 
54.000000 	0.919032  	0.894456  	-0.370789 
55.000000 	0.895606  	0.917547  	-0.374600 
56.000000 	0.872180  	0.940638  	-0.378412 
57.000000 	0.848753  	0.963729  	-0.382223 
58.000000 	0.825327  	0.986820  	-0.386035 
59.000000 	0.801381  	1.009055  	-0.389845 
60.000000 	0.776914  	1.030433  	-0.393655 
61.000000 	0.752446  	1.051812  	-0.397465 
62.000000 	0.727979  	1.073190  	-0.401275 
63.000000 	0.703512  	1.094569  	-0.405085 
64.000000 	0.678063  	1.113719  	-0.408895 
65.000000 	0.652614  	1.132870  	-0.412704 
66.000000 	0.627165  	1.152020  	-0.416513 
67.000000 	0.601716  	1.171170  	-0.420322 
68.000000 	0.575882  	1.188976  	-0.424099 
69.000000 	0.549662  	1.205438  	-0.427842 
70.000000 	0.523442  	1.221899  	-0.431586 
71.000000 	0.497222  	1.238360  	-0.435329 
72.000000 	0.471002  	1.254822  	-0.439073 
73.000000 	0.444343  	1.268200  	-0.442734 
74.000000 	0.417683  	1.281578  	-0.446395 
75.000000 	0.391024  	1.294957  	-0.450056 
76.000000 	0.364365  	1.308335  	-0.453717 
77.000000 	0.337699  	1.320013  	-0.457322 
78.000000 	0.311026  	1.329991  	-0.460869 
79.000000 	0.284353  	1.339968  	-0.464417 
80.000000 	0.257680  	1.349945  	-0.467964 
81.000000 	0.231008  	1.359923  	-0.471511 
82.000000 	0.204821  	1.366265  	-0.474660 
83.000000 	0.178634  	1.372608  	-0.477809 
84.000000 	0.152447  	1.378951  	-0.480958 
85.000000 	0.126260  	1.385293  	-0.484107 
86.000000 	0.100592  	1.389746  	-0.487256 
87.000000 	0.075444  	1.392310  	-0.490405 
88.000000 	0.050296  	1.394873  	-0.493554 
89.000000 	0.025148  	1.397437  	-0.496703 
90.000000 	0.000000  	1.400000  	-0.499852 
91.000000 	-0.017604 	1.397437  	-0.501349 
92.000000 	-0.035207 	1.394873  	-0.502847 
93.000000 	-0.052811 	1.392310  	-0.504345 
94.000000 	-0.070415 	1.389746  	-0.505843 
95.000000 	-0.088382 	1.385293  	-0.507341 
96.000000 	-0.106713 	1.378951  	-0.508839 
97.000000 	-0.125044 	1.372608  	-0.510337 
98.000000 	-0.143374 	1.366265  	-0.511835 
99.000000 	-0.161705 	1.359923  	-0.513333 
100.000000	-0.180376 	1.349945  	-0.513767 
101.000000	-0.199047 	1.339968  	-0.514200 
102.000000	-0.217718 	1.329991  	-0.514634 
103.000000	-0.236389 	1.320013  	-0.515067 
104.000000	-0.255055 	1.308335  	-0.515349 
105.000000	-0.273717 	1.294957  	-0.515478 
106.000000	-0.292378 	1.281578  	-0.515607 
107.000000	-0.311040 	1.268200  	-0.515737 
108.000000	-0.329702 	1.254822  	-0.515866 
109.000000	-0.348056 	1.238360  	-0.515604 
110.000000	-0.366409 	1.221899  	-0.515343 
111.000000	-0.384763 	1.205438  	-0.515081 
112.000000	-0.403117 	1.188976  	-0.514819 
113.000000	-0.421201 	1.171170  	-0.514401 
114.000000	-0.439016 	1.152020  	-0.513826 
115.000000	-0.456830 	1.132870  	-0.513252 
116.000000	-0.474644 	1.113719  	-0.512677 
117.000000	-0.492459 	1.094569  	-0.512102 
118.000000	-0.509586 	1.073190  	-0.511654 
119.000000	-0.526712 	1.051812  	-0.511206 
120.000000	-0.543839 	1.030433  	-0.510757 
121.000000	-0.560966 	1.009055  	-0.510309 
122.000000	-0.577729 	0.986820  	-0.509986 
123.000000	-0.594127 	0.963729  	-0.509790 
124.000000	-0.610526 	0.940638  	-0.509594 
125.000000	-0.626924 	0.917547  	-0.509398 
126.000000	-0.643322 	0.894456  	-0.509201 
127.000000	-0.659087 	0.870212  	-0.509246 
128.000000	-0.674851 	0.845967  	-0.509291 
129.000000	-0.690615 	0.821723  	-0.509337 
130.000000	-0.706380 	0.797478  	-0.509382 
131.000000	-0.721964 	0.772950  	-0.510392 
132.000000	-0.737368 	0.748140  	-0.512367 
133.000000	-0.752772 	0.723329  	-0.514342 
134.000000	-0.768176 	0.698518  	-0.516317 
135.000000	-0.783579 	0.673708  	-0.518292 
136.000000	-0.799143 	0.648933  	-0.520267 
137.000000	-0.814706 	0.624158  	-0.522242 
138.000000	-0.830269 	0.599384  	-0.524218 
139.000000	-0.845833 	0.574609  	-0.526193 
140.000000	-0.861916 	0.550153  	-0.530856 
141.000000	-0.878520 	0.526017  	-0.538208 
142.000000	-0.895124 	0.501880  	-0.545561 
143.000000	-0.911728 	0.477743  	-0.552913 
144.000000	-0.928332 	0.453606  	-0.560265 
145.000000	-0.947430 	0.430695  	-0.568289 
146.000000	-0.966528 	0.407783  	-0.576313 
147.000000	-0.985626 	0.384871  	-0.584338 
148.000000	-1.004724 	0.361959  	-0.592362 
149.000000	-1.026292 	0.339938  	-0.597116 
150.000000	-1.050332 	0.318809  	-0.598599 
151.000000	-1.074371 	0.297679  	-0.600082 
152.000000	-1.098411 	0.276550  	-0.601566 
153.000000	-1.122450 	0.255420  	-0.603049 
154.000000	-1.080878 	0.235865  	-0.601261 
155.000000	-1.039306 	0.216387  	-0.599474 
156.000000	-0.997733 	0.197906  	-0.597687 
157.000000	-0.956161 	0.179590  	-0.595900 
158.000000	-0.914589 	0.162266  	-0.594112 
159.000000	-0.873017 	0.145205  	-0.591748 
160.000000	-0.831444 	0.129115  	-0.587270 
161.000000	-0.789872 	0.113397  	-0.581484 
162.000000	-0.748300 	0.098613  	-0.572430 
163.000000	-0.706728 	0.084319  	-0.563376 
164.000000	-0.665156 	0.070907  	-0.554323 
165.000000	-0.623583 	0.058109  	-0.545269 
166.000000	-0.582011 	0.046129  	-0.536215 
167.000000	-0.540439 	0.034893  	-0.527161 
168.000000	-0.498867 	0.024400  	-0.518108 
169.000000	-0.457294 	0.014783  	-0.504721 
170.000000	-0.415722 	0.005824  	-0.488084 
171.000000	-0.374150 	0.002083  	-0.450000 
172.000000	-0.332578 	0.001241  	-0.400000 
173.000000	-0.291006 	0.001000  	-0.350000 
174.000000	-0.249433 	0.001000  	-0.300000 
175.000000	-0.207861 	0.001000  	-0.250000 
176.000000	-0.166289 	0.001000  	-0.200000 
177.000000	-0.124717 	0.001000  	-0.150000 
178.000000	-0.083144 	0.001000  	-0.100000 
179.000000	-0.041572 	0.001000  	-0.050000 
180.000000	0.000000  	0.001000  	0.000000  
! ------------------------------------------------------------------------------
! data for table	3         
! ------------------------------------------------------------------------------
  0.400000  	Re           ! Reynolds number in millions
  0.000000  	UserProp     ! User property (control) setting
Flase           InclUAdata   ! Is unsteady aerodynamics data included in this table? If TRUE, then include UA coefficients below this line. Any missing coefficients will be calculated internally.
! Table of aerodynamics coefficients
  361       	NumAlf       ! Number of data lines in the following table
!Alpha      Cl          Cd          Cm/Cp
!(deg)      (-)         (-)         (-)
-180.000000	0.000000  	0.001000  	0.000000  
-179.000000	0.040625  	0.001000  	0.040000  
-178.000000	0.081250  	0.001000  	0.080000  
-177.000000	0.121875  	0.001000  	0.120000  
-176.000000	0.162500  	0.001000  	0.160000  
-175.000000	0.203125  	0.001000  	0.200000  
-174.000000	0.243750  	0.001000  	0.240000  
-173.000000	0.284375  	0.001000  	0.280000  
-172.000000	0.325000  	0.001000  	0.320000  
-171.000000	0.365625  	0.001000  	0.360000  
-170.000000	0.406250  	0.001000  	0.400000  
-169.000000	0.446875  	0.008284  	0.419077  
-168.000000	0.487500  	0.015568  	0.438154  
-167.000000	0.528125  	0.026458  	0.457230  
-166.000000	0.568750  	0.037348  	0.476307  
-165.000000	0.609375  	0.049770  	0.495384  
-164.000000	0.650000  	0.062193  	0.514461  
-163.000000	0.690625  	0.076088  	0.533537  
-162.000000	0.731250  	0.089983  	0.552614  
-161.000000	0.771875  	0.105285  	0.571691  
-160.000000	0.812500  	0.120586  	0.590768  
-159.000000	0.853125  	0.137220  	0.594848  
-158.000000	0.893750  	0.153854  	0.598929  
-157.000000	0.934375  	0.171741  	0.603009  
-156.000000	0.975000  	0.189628  	0.607090  
-155.000000	1.015625  	0.208681  	0.611170  
-154.000000	1.056250  	0.227734  	0.615251  
-153.000000	1.096875  	0.247862  	0.619331  
-152.000000	1.137500  	0.267990  	0.623412  
-151.000000	1.112917  	0.289624  	0.620373  
-150.000000	1.088334  	0.311258  	0.617335  
-149.000000	1.063751  	0.332892  	0.614296  
-148.000000	1.039168  	0.354527  	0.611258  
-147.000000	1.017243  	0.377106  	0.604869  
-146.000000	0.997311  	0.400394  	0.595968  
-145.000000	0.977380  	0.423682  	0.587067  
-144.000000	0.957448  	0.446970  	0.578166  
-143.000000	0.937860  	0.470416  	0.569535  
-142.000000	0.920332  	0.494811  	0.562522  
-141.000000	0.902804  	0.519206  	0.555509  
-140.000000	0.885276  	0.543601  	0.548496  
-139.000000	0.867748  	0.567996  	0.541483  
-138.000000	0.850969  	0.592772  	0.537767  
-137.000000	0.834489  	0.617701  	0.535369  
-136.000000	0.818009  	0.642630  	0.532972  
-135.000000	0.801529  	0.667558  	0.530574  
-134.000000	0.785112  	0.692473  	0.528199  
-133.000000	0.768850  	0.717351  	0.525879  
-132.000000	0.752588  	0.742229  	0.523558  
-131.000000	0.736327  	0.767107  	0.521238  
-130.000000	0.720065  	0.791985  	0.518918  
-129.000000	0.703568  	0.816320  	0.518585  
-128.000000	0.687033  	0.840565  	0.518584  
-127.000000	0.670497  	0.864810  	0.518583  
-126.000000	0.653962  	0.889054  	0.518582  
-125.000000	0.637198  	0.912784  	0.518580  
-124.000000	0.620129  	0.935829  	0.518579  
-123.000000	0.603061  	0.958873  	0.518578  
-122.000000	0.585992  	0.981918  	0.518577  
-121.000000	0.568924  	1.004962  	0.518576  
-120.000000	0.551234  	1.026269  	0.518947  
-119.000000	0.533545  	1.047575  	0.519319  
-118.000000	0.515855  	1.068882  	0.519690  
-117.000000	0.498166  	1.090188  	0.520062  
-116.000000	0.480145  	1.110218  	0.520496  
-115.000000	0.461876  	1.129291  	0.520976  
-114.000000	0.443607  	1.148365  	0.521456  
-113.000000	0.425339  	1.167438  	0.521936  
-112.000000	0.407007  	1.186128  	0.522369  
-111.000000	0.388303  	1.202526  	0.522516  
-110.000000	0.369599  	1.218924  	0.522664  
-109.000000	0.350894  	1.235322  	0.522811  
-108.000000	0.332190  	1.251720  	0.522958  
-107.000000	0.313335  	1.265937  	0.522883  
-106.000000	0.294420  	1.279282  	0.522718  
-105.000000	0.275505  	1.292627  	0.522553  
-104.000000	0.256590  	1.305972  	0.522389  
-103.000000	0.237698  	1.318357  	0.522125  
-102.000000	0.218861  	1.328345  	0.521613  
-101.000000	0.200024  	1.338332  	0.521102  
-100.000000	0.181187  	1.348320  	0.520591  
-99.000000	0.162350  	1.358308  	0.520080  
-98.000000	0.143869  	1.365225  	0.518714  
-97.000000	0.125448  	1.371631  	0.517207  
-96.000000	0.107027  	1.378038  	0.515699  
-95.000000	0.088606  	1.384444  	0.514192  
-94.000000	0.070523  	1.389256  	0.512685  
-93.000000	0.052893  	1.391942  	0.511177  
-92.000000	0.035262  	1.394628  	0.509670  
-91.000000	0.017631  	1.397314  	0.508162  
-90.000000	0.000000  	1.400000  	0.506655  
-89.000000	-0.017631 	1.397314  	0.503112  
-88.000000	-0.035262 	1.394628  	0.499570  
-87.000000	-0.052893 	1.391942  	0.496027  
-86.000000	-0.070523 	1.389256  	0.492484  
-85.000000	-0.088606 	1.384444  	0.488942  
-84.000000	-0.107027 	1.378038  	0.485399  
-83.000000	-0.125448 	1.371631  	0.481857  
-82.000000	-0.143869 	1.365225  	0.478314  
-81.000000	-0.162350 	1.358308  	0.474666  
-80.000000	-0.181187 	1.348320  	0.470385  
-79.000000	-0.200024 	1.338332  	0.466103  
-78.000000	-0.218861 	1.328345  	0.461822  
-77.000000	-0.237698 	1.318357  	0.457540  
-76.000000	-0.256590 	1.305972  	0.453075  
-75.000000	-0.275505 	1.292627  	0.448537  
-74.000000	-0.294420 	1.279282  	0.443998  
-73.000000	-0.313335 	1.265937  	0.439460  
-72.000000	-0.332190 	1.251720  	0.434872  
-71.000000	-0.350894 	1.235322  	0.430163  
-70.000000	-0.369599 	1.218924  	0.425454  
-69.000000	-0.388303 	1.202526  	0.420745  
-68.000000	-0.407007 	1.186128  	0.416035  
-67.000000	-0.425339 	1.167438  	0.411170  
-66.000000	-0.443607 	1.148365  	0.406279  
-65.000000	-0.461876 	1.129291  	0.401387  
-64.000000	-0.480145 	1.110218  	0.396496  
-63.000000	-0.498166 	1.090188  	0.391619  
-62.000000	-0.515855 	1.068882  	0.386761  
-61.000000	-0.533545 	1.047575  	0.381903  
-60.000000	-0.551234 	1.026269  	0.377045  
-59.000000	-0.568924 	1.004962  	0.372187  
-58.000000	-0.585992 	0.981918  	0.367444  
-57.000000	-0.603061 	0.958873  	0.362700  
-56.000000	-0.620129 	0.935829  	0.357956  
-55.000000	-0.637198 	0.912784  	0.353213  
-54.000000	-0.653962 	0.889054  	0.348469  
-53.000000	-0.670497 	0.864810  	0.343726  
-52.000000	-0.687033 	0.840565  	0.338982  
-51.000000	-0.703568 	0.816320  	0.334239  
-50.000000	-0.720065 	0.791985  	0.329529  
-49.000000	-0.736327 	0.767107  	0.325026  
-48.000000	-0.752588 	0.742229  	0.320522  
-47.000000	-0.768850 	0.717351  	0.316018  
-46.000000	-0.785112 	0.692473  	0.311514  
-45.000000	-0.801529 	0.667558  	0.307016  
-44.000000	-0.818009 	0.642630  	0.302521  
-43.000000	-0.834489 	0.617701  	0.298025  
-42.000000	-0.850969 	0.592772  	0.293529  
-41.000000	-0.867748 	0.567996  	0.288855  
-40.000000	-0.885276 	0.543601  	0.283738  
-39.000000	-0.902804 	0.519206  	0.278620  
-38.000000	-0.920332 	0.494811  	0.273502  
-37.000000	-0.937860 	0.470416  	0.268384  
-36.000000	-0.957448 	0.446970  	0.263048  
-35.000000	-0.977380 	0.423682  	0.257676  
-34.000000	-0.997311 	0.400394  	0.252303  
-33.000000	-1.017243 	0.377106  	0.246931  
-32.000000	-1.039168 	0.354527  	0.240474  
-31.000000	-1.063751 	0.332892  	0.232570  
-30.000000	-1.088334 	0.311258  	0.224666  
-29.000000	-1.112917 	0.289624  	0.216762  
-28.000000	-1.137500 	0.267990  	0.208858  
-27.000000	-1.108367 	0.253914  	0.197881  
-26.000000	-1.079233 	0.239839  	0.186903  
-25.000000	-1.050100 	0.225763  	0.175925  
-24.000000	-1.020967 	0.211688  	0.164947  
-23.000000	-0.991833 	0.197612  	0.153969  
-22.000000	-0.962700 	0.183537  	0.142992  
-21.000000	-0.933567 	0.169461  	0.132014  
-20.000000	-0.904433 	0.155386  	0.120786  
-19.000000	-0.875300 	0.141310  	0.108933  
-18.000000	-0.846167 	0.127234  	0.096829  
-17.000000	-0.817033 	0.113159  	0.084725  
-16.000000	-0.787900 	0.099083  	0.072622  
-15.000000	-0.758767 	0.085008  	0.060518  
-14.000000	-0.729633 	0.070932  	0.048414  
-13.000000	-0.700500 	0.056857  	0.036311  
-12.000000	-0.671367 	0.042781  	-0.002104 
-11.000000	-0.642233 	0.028706  	-0.060252 
-10.000000	-0.613100 	0.014630  	-0.118400 
-9.000000 	-0.392300 	0.014340  	-0.142900 
-8.000000 	-0.257300 	0.014270  	-0.148400 
-7.000000 	-0.128200 	0.014210  	-0.152500 
-6.000000 	0.001400  	0.014150  	-0.156700 
-5.000000 	0.131400  	0.014100  	-0.161100 
-4.000000 	0.262300  	0.014170  	-0.165700 
-3.000000 	0.392100  	0.014240  	-0.170000 
-2.000000 	0.521300  	0.014410  	-0.174200 
-1.000000 	0.646100  	0.014700  	-0.177300 
0.000000  	0.769600  	0.015030  	-0.180100 
1.000000  	0.892600  	0.015350  	-0.182900 
2.000000  	1.013600  	0.015650  	-0.185300 
3.000000  	1.132400  	0.015970  	-0.187300 
4.000000  	1.243100  	0.016320  	-0.187400 
5.000000  	1.350100  	0.016690  	-0.186800 
6.000000  	1.450700  	0.017130  	-0.185100 
7.000000  	1.539800  	0.018040  	-0.181200 
8.000000  	1.601000  	0.019940  	-0.172100 
9.000000  	1.621700  	0.023530  	-0.156500 
10.000000 	1.634800  	0.029170  	-0.143100 
11.000000 	1.635900  	0.037640  	-0.133200 
12.000000 	1.636300  	0.048290  	-0.127600 
13.000000 	1.630700  	0.060110  	-0.123300 
14.000000 	1.624500  	0.072920  	-0.120900 
15.000000 	1.619600  	0.086030  	-0.119700 
16.000000 	1.616100  	0.099510  	-0.120200 
17.000000 	1.610600  	0.113580  	-0.122200 
18.000000 	1.608400  	0.127570  	-0.126100 
19.000000 	1.604400  	0.142300  	-0.132100 
20.000000 	1.594700  	0.158040  	-0.140200 
21.000000 	1.591900  	0.173090  	-0.149800 
22.000000 	1.590900  	0.187790  	-0.160400 
23.000000 	1.597000  	0.201030  	-0.171000 
24.000000 	1.606800  	0.213650  	-0.182200 
25.000000 	1.615900  	0.226370  	-0.194200 
26.000000 	1.635000  	0.236220  	-0.204600 
27.000000 	1.634000  	0.251010  	-0.219800 
28.000000 	1.625000  	0.267990  	-0.237600 
29.000000 	1.589881  	0.289624  	-0.245661 
30.000000 	1.554763  	0.311258  	-0.253722 
31.000000 	1.519644  	0.332892  	-0.261783 
32.000000 	1.484526  	0.354527  	-0.269844 
33.000000 	1.453204  	0.377106  	-0.276877 
34.000000 	1.424730  	0.400394  	-0.283138 
35.000000 	1.396257  	0.423682  	-0.289400 
36.000000 	1.367783  	0.446970  	-0.295661 
37.000000 	1.339800  	0.470416  	-0.301833 
38.000000 	1.314760  	0.494811  	-0.307462 
39.000000 	1.289720  	0.519206  	-0.313092 
40.000000 	1.264680  	0.543601  	-0.318721 
41.000000 	1.239640  	0.567996  	-0.324351 
42.000000 	1.215670  	0.592772  	-0.328876 
43.000000 	1.192127  	0.617701  	-0.332961 
44.000000 	1.168585  	0.642630  	-0.337045 
45.000000 	1.145042  	0.667558  	-0.341129 
46.000000 	1.121588  	0.692473  	-0.345211 
47.000000 	1.098357  	0.717351  	-0.349285 
48.000000 	1.075126  	0.742229  	-0.353359 
49.000000 	1.051895  	0.767107  	-0.357434 
50.000000 	1.028664  	0.791985  	-0.361508 
51.000000 	1.005098  	0.816320  	-0.365324 
52.000000 	0.981475  	0.840565  	-0.369096 
53.000000 	0.957853  	0.864810  	-0.372869 
54.000000 	0.934231  	0.889054  	-0.376641 
55.000000 	0.910282  	0.912784  	-0.380414 
56.000000 	0.885899  	0.935829  	-0.384186 
57.000000 	0.861515  	0.958873  	-0.387959 
58.000000 	0.837132  	0.981918  	-0.391732 
59.000000 	0.812749  	1.004962  	-0.395504 
60.000000 	0.787478  	1.026269  	-0.399300 
61.000000 	0.762207  	1.047575  	-0.403097 
62.000000 	0.736936  	1.068882  	-0.406893 
63.000000 	0.711665  	1.090188  	-0.410690 
64.000000 	0.685922  	1.110218  	-0.414490 
65.000000 	0.659823  	1.129291  	-0.418294 
66.000000 	0.633725  	1.148365  	-0.422097 
67.000000 	0.607626  	1.167438  	-0.425901 
68.000000 	0.581439  	1.186128  	-0.429697 
69.000000 	0.554719  	1.202526  	-0.433449 
70.000000 	0.527998  	1.218924  	-0.437201 
71.000000 	0.501278  	1.235322  	-0.440953 
72.000000 	0.474557  	1.251720  	-0.444705 
73.000000 	0.447622  	1.265937  	-0.448422 
74.000000 	0.420600  	1.279282  	-0.452126 
75.000000 	0.393579  	1.292627  	-0.455830 
76.000000 	0.366557  	1.305972  	-0.459534 
77.000000 	0.339568  	1.318357  	-0.463203 
78.000000 	0.312658  	1.328345  	-0.466785 
79.000000 	0.285748  	1.338332  	-0.470367 
80.000000 	0.258838  	1.348320  	-0.473948 
81.000000 	0.231928  	1.358308  	-0.477530 
82.000000 	0.205527  	1.365225  	-0.480811 
83.000000 	0.179211  	1.371631  	-0.484041 
84.000000 	0.152896  	1.378038  	-0.487272 
85.000000 	0.126580  	1.384444  	-0.490502 
86.000000 	0.100748  	1.389256  	-0.493733 
87.000000 	0.075561  	1.391942  	-0.496963 
88.000000 	0.050374  	1.394628  	-0.500194 
89.000000 	0.025187  	1.397314  	-0.503424 
90.000000 	0.000000  	1.400000  	-0.506655 
91.000000 	-0.017631 	1.397314  	-0.508162 
92.000000 	-0.035262 	1.394628  	-0.509670 
93.000000 	-0.052893 	1.391942  	-0.511177 
94.000000 	-0.070523 	1.389256  	-0.512685 
95.000000 	-0.088606 	1.384444  	-0.514192 
96.000000 	-0.107027 	1.378038  	-0.515699 
97.000000 	-0.125448 	1.371631  	-0.517207 
98.000000 	-0.143869 	1.365225  	-0.518714 
99.000000 	-0.162350 	1.358308  	-0.520080 
100.000000	-0.181187 	1.348320  	-0.520591 
101.000000	-0.200024 	1.338332  	-0.521102 
102.000000	-0.218861 	1.328345  	-0.521613 
103.000000	-0.237698 	1.318357  	-0.522125 
104.000000	-0.256590 	1.305972  	-0.522389 
105.000000	-0.275505 	1.292627  	-0.522553 
106.000000	-0.294420 	1.279282  	-0.522718 
107.000000	-0.313335 	1.265937  	-0.522883 
108.000000	-0.332190 	1.251720  	-0.522958 
109.000000	-0.350894 	1.235322  	-0.522811 
110.000000	-0.369599 	1.218924  	-0.522664 
111.000000	-0.388303 	1.202526  	-0.522516 
112.000000	-0.407007 	1.186128  	-0.522369 
113.000000	-0.425339 	1.167438  	-0.521936 
114.000000	-0.443607 	1.148365  	-0.521456 
115.000000	-0.461876 	1.129291  	-0.520976 
116.000000	-0.480145 	1.110218  	-0.520496 
117.000000	-0.498166 	1.090188  	-0.520062 
118.000000	-0.515855 	1.068882  	-0.519690 
119.000000	-0.533545 	1.047575  	-0.519319 
120.000000	-0.551234 	1.026269  	-0.518947 
121.000000	-0.568924 	1.004962  	-0.518576 
122.000000	-0.585992 	0.981918  	-0.518577 
123.000000	-0.603061 	0.958873  	-0.518578 
124.000000	-0.620129 	0.935829  	-0.518579 
125.000000	-0.637198 	0.912784  	-0.518580 
126.000000	-0.653962 	0.889054  	-0.518582 
127.000000	-0.670497 	0.864810  	-0.518583 
128.000000	-0.687033 	0.840565  	-0.518584 
129.000000	-0.703568 	0.816320  	-0.518585 
130.000000	-0.720065 	0.791985  	-0.518918 
131.000000	-0.736327 	0.767107  	-0.521238 
132.000000	-0.752588 	0.742229  	-0.523558 
133.000000	-0.768850 	0.717351  	-0.525879 
134.000000	-0.785112 	0.692473  	-0.528199 
135.000000	-0.801529 	0.667558  	-0.530574 
136.000000	-0.818009 	0.642630  	-0.532972 
137.000000	-0.834489 	0.617701  	-0.535369 
138.000000	-0.850969 	0.592772  	-0.537767 
139.000000	-0.867748 	0.567996  	-0.541483 
140.000000	-0.885276 	0.543601  	-0.548496 
141.000000	-0.902804 	0.519206  	-0.555509 
142.000000	-0.920332 	0.494811  	-0.562522 
143.000000	-0.937860 	0.470416  	-0.569535 
144.000000	-0.957448 	0.446970  	-0.578166 
145.000000	-0.977380 	0.423682  	-0.587067 
146.000000	-0.997311 	0.400394  	-0.595968 
147.000000	-1.017243 	0.377106  	-0.604869 
148.000000	-1.039168 	0.354527  	-0.611258 
149.000000	-1.063751 	0.332892  	-0.614296 
150.000000	-1.088334 	0.311258  	-0.617335 
151.000000	-1.112917 	0.289624  	-0.620373 
152.000000	-1.137500 	0.267990  	-0.623412 
153.000000	-1.096875 	0.247862  	-0.619331 
154.000000	-1.056250 	0.227734  	-0.615251 
155.000000	-1.015625 	0.208681  	-0.611170 
156.000000	-0.975000 	0.189628  	-0.607090 
157.000000	-0.934375 	0.171741  	-0.603009 
158.000000	-0.893750 	0.153854  	-0.598929 
159.000000	-0.853125 	0.137220  	-0.594848 
160.000000	-0.812500 	0.120586  	-0.590768 
161.000000	-0.771875 	0.105285  	-0.581691 
162.000000	-0.731250 	0.089983  	-0.572614 
163.000000	-0.690625 	0.076088  	-0.563537 
164.000000	-0.650000 	0.062193  	-0.554461 
165.000000	-0.609375 	0.049770  	-0.545384 
166.000000	-0.568750 	0.037348  	-0.536307 
167.000000	-0.528125 	0.026458  	-0.527230 
168.000000	-0.487500 	0.015568  	-0.518154 
169.000000	-0.446875 	0.008284  	-0.509077 
170.000000	-0.406250 	0.001000  	-0.500000 
171.000000	-0.365625 	0.001000  	-0.450000 
172.000000	-0.325000 	0.001000  	-0.400000 
173.000000	-0.284375 	0.001000  	-0.350000 
174.000000	-0.243750 	0.001000  	-0.300000 
175.000000	-0.203125 	0.001000  	-0.250000 
176.000000	-0.162500 	0.001000  	-0.200000 
177.000000	-0.121875 	0.001000  	-0.150000 
178.000000	-0.081250 	0.001000  	-0.100000 
179.000000	-0.040625 	0.001000  	-0.050000 
180.000000	0.000000  	0.001000  	0.000000  
! ------------------------------------------------------------------------------
! data for table	4         
! ------------------------------------------------------------------------------
  0.500000  	Re           ! Reynolds number in millions
  0.000000  	UserProp     ! User property (control) setting
Flase           InclUAdata   ! Is unsteady aerodynamics data included in this table? If TRUE, then include UA coefficients below this line. Any missing coefficients will be calculated internally.
! Table of aerodynamics coefficients
  361       	NumAlf       ! Number of data lines in the following table
!Alpha      Cl          Cd          Cm/Cp
!(deg)      (-)         (-)         (-)
-180.000000	0.000000  	0.001000  	0.000000  
-179.000000	0.039753  	0.001000  	0.040000  
-178.000000	0.079506  	0.001000  	0.080000  
-177.000000	0.119258  	0.001000  	0.120000  
-176.000000	0.159011  	0.001000  	0.160000  
-175.000000	0.198764  	0.001000  	0.200000  
-174.000000	0.238517  	0.001000  	0.240000  
-173.000000	0.278269  	0.001000  	0.280000  
-172.000000	0.318022  	0.001000  	0.320000  
-171.000000	0.357775  	0.001000  	0.357359  
-170.000000	0.397528  	0.001000  	0.393663  
-169.000000	0.437280  	0.003238  	0.418559  
-168.000000	0.477033  	0.006718  	0.437117  
-167.000000	0.516786  	0.014666  	0.455676  
-166.000000	0.556539  	0.025966  	0.474234  
-165.000000	0.596291  	0.038055  	0.492793  
-164.000000	0.636044  	0.050934  	0.511352  
-163.000000	0.675797  	0.064462  	0.529910  
-162.000000	0.715550  	0.078855  	0.548469  
-161.000000	0.755302  	0.093762  	0.565527  
-160.000000	0.795055  	0.109595  	0.579886  
-159.000000	0.834808  	0.125816  	0.591965  
-158.000000	0.874561  	0.143007  	0.598344  
-157.000000	0.914313  	0.160470  	0.604723  
-156.000000	0.954066  	0.178931  	0.611103  
-155.000000	0.993819  	0.197560  	0.617482  
-154.000000	1.033572  	0.217196  	0.623861  
-153.000000	1.073324  	0.236909  	0.630240  
-152.000000	1.113077  	0.257620  	0.636619  
-151.000000	1.152830  	0.278330  	0.642998  
-150.000000	1.127614  	0.300479  	0.636956  
-149.000000	1.102398  	0.322627  	0.630914  
-148.000000	1.077183  	0.344776  	0.624872  
-147.000000	1.051967  	0.366925  	0.618830  
-146.000000	1.029579  	0.390057  	0.610409  
-145.000000	1.008761  	0.413736  	0.600667  
-144.000000	0.987944  	0.437416  	0.590925  
-143.000000	0.967127  	0.461095  	0.581183  
-142.000000	0.946975  	0.485058  	0.572381  
-141.000000	0.928487  	0.509731  	0.565931  
-140.000000	0.910000  	0.534404  	0.559480  
-139.000000	0.891513  	0.559078  	0.553029  
-138.000000	0.873025  	0.583751  	0.546578  
-137.000000	0.855526  	0.608829  	0.543499  
-136.000000	0.838102  	0.633938  	0.540680  
-135.000000	0.820679  	0.659046  	0.537860  
-134.000000	0.803256  	0.684155  	0.535041  
-133.000000	0.785993  	0.709189  	0.532495  
-132.000000	0.768852  	0.734166  	0.530152  
-131.000000	0.751711  	0.759143  	0.527810  
-130.000000	0.734570  	0.784120  	0.525468  
-129.000000	0.717389  	0.808948  	0.523591  
-128.000000	0.700064  	0.833230  	0.523418  
-127.000000	0.682740  	0.857511  	0.523245  
-126.000000	0.665415  	0.881793  	0.523071  
-125.000000	0.648090  	0.906075  	0.522898  
-124.000000	0.630398  	0.929292  	0.522725  
-123.000000	0.612644  	0.952331  	0.522552  
-122.000000	0.594891  	0.975371  	0.522379  
-121.000000	0.577137  	0.998411  	0.522206  
-120.000000	0.559128  	1.020571  	0.522290  
-119.000000	0.540863  	1.041851  	0.522631  
-118.000000	0.522598  	1.063131  	0.522973  
-117.000000	0.504333  	1.084412  	0.523315  
-116.000000	0.486001  	1.105373  	0.523666  
-115.000000	0.467267  	1.124418  	0.524074  
-114.000000	0.448533  	1.143464  	0.524482  
-113.000000	0.429799  	1.162509  	0.524891  
-112.000000	0.411064  	1.181555  	0.525299  
-111.000000	0.392071  	1.198511  	0.525438  
-110.000000	0.373008  	1.214897  	0.525504  
-109.000000	0.353944  	1.231284  	0.525571  
-108.000000	0.334880  	1.247671  	0.525637  
-107.000000	0.315769  	1.262763  	0.525601  
-106.000000	0.296593  	1.276128  	0.525429  
-105.000000	0.277418  	1.289494  	0.525258  
-104.000000	0.258242  	1.302860  	0.525086  
-103.000000	0.239079  	1.315990  	0.524887  
-102.000000	0.220070  	1.326043  	0.524328  
-101.000000	0.201062  	1.336097  	0.523769  
-100.000000	0.182054  	1.346151  	0.523210  
-99.000000	0.163045  	1.356204  	0.522651  
-98.000000	0.144390  	1.363738  	0.521430  
-97.000000	0.125875  	1.370265  	0.519945  
-96.000000	0.107360  	1.376791  	0.518460  
-95.000000	0.088846  	1.383317  	0.516975  
-94.000000	0.070637  	1.388537  	0.515489  
-93.000000	0.052977  	1.391402  	0.514004  
-92.000000	0.035318  	1.394268  	0.512519  
-91.000000	0.017659  	1.397134  	0.511034  
-90.000000	0.000000  	1.400000  	0.509549  
-89.000000	-0.017659 	1.397134  	0.505929  
-88.000000	-0.035318 	1.394268  	0.502310  
-87.000000	-0.052977 	1.391402  	0.498690  
-86.000000	-0.070637 	1.388537  	0.495071  
-85.000000	-0.088846 	1.383317  	0.491451  
-84.000000	-0.107360 	1.376791  	0.487832  
-83.000000	-0.125875 	1.370265  	0.484212  
-82.000000	-0.144390 	1.363738  	0.480593  
-81.000000	-0.163045 	1.356204  	0.476780  
-80.000000	-0.182054 	1.346151  	0.472486  
-79.000000	-0.201062 	1.336097  	0.468192  
-78.000000	-0.220070 	1.326043  	0.463897  
-77.000000	-0.239079 	1.315990  	0.459603  
-76.000000	-0.258242 	1.302860  	0.455046  
-75.000000	-0.277418 	1.289494  	0.450469  
-74.000000	-0.296593 	1.276128  	0.445893  
-73.000000	-0.315769 	1.262763  	0.441316  
-72.000000	-0.334880 	1.247671  	0.436668  
-71.000000	-0.353944 	1.231284  	0.431966  
-70.000000	-0.373008 	1.214897  	0.427264  
-69.000000	-0.392071 	1.198511  	0.422562  
-68.000000	-0.411064 	1.181555  	0.417822  
-67.000000	-0.429799 	1.162509  	0.412940  
-66.000000	-0.448533 	1.143464  	0.408058  
-65.000000	-0.467267 	1.124418  	0.403176  
-64.000000	-0.486001 	1.105373  	0.398294  
-63.000000	-0.504333 	1.084412  	0.393430  
-62.000000	-0.522598 	1.063131  	0.388569  
-61.000000	-0.540863 	1.041851  	0.383708  
-60.000000	-0.559128 	1.020571  	0.378847  
-59.000000	-0.577137 	0.998411  	0.374066  
-58.000000	-0.594891 	0.975371  	0.369365  
-57.000000	-0.612644 	0.952331  	0.364664  
-56.000000	-0.630398 	0.929292  	0.359962  
-55.000000	-0.648090 	0.906075  	0.355261  
-54.000000	-0.665415 	0.881793  	0.350560  
-53.000000	-0.682740 	0.857511  	0.345859  
-52.000000	-0.700064 	0.833230  	0.341158  
-51.000000	-0.717389 	0.808948  	0.336456  
-50.000000	-0.734570 	0.784120  	0.331929  
-49.000000	-0.751711 	0.759143  	0.327450  
-48.000000	-0.768852 	0.734166  	0.322970  
-47.000000	-0.785993 	0.709189  	0.318490  
-46.000000	-0.803256 	0.684155  	0.314031  
-45.000000	-0.820679 	0.659046  	0.309600  
-44.000000	-0.838102 	0.633938  	0.305169  
-43.000000	-0.855526 	0.608829  	0.300738  
-42.000000	-0.873025 	0.583751  	0.296270  
-41.000000	-0.891513 	0.559078  	0.291313  
-40.000000	-0.910000 	0.534404  	0.286356  
-39.000000	-0.928487 	0.509731  	0.281399  
-38.000000	-0.946975 	0.485058  	0.276442  
-37.000000	-0.967127 	0.461095  	0.271145  
-36.000000	-0.987944 	0.437416  	0.265711  
-35.000000	-1.008761 	0.413736  	0.260278  
-34.000000	-1.029579 	0.390057  	0.254845  
-33.000000	-1.051967 	0.366925  	0.248944  
-32.000000	-1.077183 	0.344776  	0.242203  
-31.000000	-1.102398 	0.322627  	0.235461  
-30.000000	-1.127614 	0.300479  	0.228720  
-29.000000	-1.152830 	0.278330  	0.221978  
-28.000000	-1.122386 	0.264384  	0.210846  
-27.000000	-1.091943 	0.250438  	0.199713  
-26.000000	-1.061499 	0.236493  	0.188581  
-25.000000	-1.031055 	0.222547  	0.177448  
-24.000000	-1.000612 	0.208601  	0.166316  
-23.000000	-0.970168 	0.194655  	0.155183  
-22.000000	-0.939724 	0.180709  	0.144051  
-21.000000	-0.909281 	0.166764  	0.132918  
-20.000000	-0.878837 	0.152818  	0.121456  
-19.000000	-0.848393 	0.138872  	0.109607  
-18.000000	-0.817949 	0.124926  	0.097429  
-17.000000	-0.787506 	0.110981  	0.085250  
-16.000000	-0.757062 	0.097035  	0.073072  
-15.000000	-0.726618 	0.083089  	0.060893  
-14.000000	-0.696175 	0.069143  	0.048714  
-13.000000	-0.665731 	0.055197  	0.036536  
-12.000000	-0.635287 	0.041252  	-0.008932 
-11.000000	-0.604844 	0.027306  	-0.067716 
-10.000000	-0.574400 	0.013360  	-0.126500 
-9.000000 	-0.387800 	0.013020  	-0.144300 
-8.000000 	-0.253300 	0.012880  	-0.149900 
-7.000000 	-0.120300 	0.012730  	-0.155100 
-6.000000 	0.012200  	0.012670  	-0.160000 
-5.000000 	0.142200  	0.012670  	-0.164300 
-4.000000 	0.271000  	0.012760  	-0.168200 
-3.000000 	0.399300  	0.012840  	-0.172100 
-2.000000 	0.526800  	0.012990  	-0.175900 
-1.000000 	0.653600  	0.013210  	-0.179400 
0.000000  	0.779200  	0.013490  	-0.182800 
1.000000  	0.901300  	0.013800  	-0.185300 
2.000000  	1.020000  	0.014070  	-0.187100 
3.000000  	1.136500  	0.014360  	-0.188400 
4.000000  	1.250000  	0.014690  	-0.189300 
5.000000  	1.358700  	0.015140  	-0.189100 
6.000000  	1.459500  	0.015720  	-0.187300 
7.000000  	1.549300  	0.016820  	-0.183600 
8.000000  	1.612500  	0.019060  	-0.175200 
9.000000  	1.636200  	0.022670  	-0.159900 
10.000000 	1.653700  	0.027950  	-0.146800 
11.000000 	1.661100  	0.035880  	-0.137100 
12.000000 	1.667200  	0.045730  	-0.131200 
13.000000 	1.665700  	0.057190  	-0.126900 
14.000000 	1.660700  	0.069540  	-0.123800 
15.000000 	1.654400  	0.082780  	-0.122300 
16.000000 	1.651600  	0.095910  	-0.122100 
17.000000 	1.646400  	0.109850  	-0.123600 
18.000000 	1.639600  	0.124240  	-0.126900 
19.000000 	1.634600  	0.138850  	-0.132200 
20.000000 	1.623500  	0.154660  	-0.139800 
21.000000 	1.614300  	0.170630  	-0.149400 
22.000000 	1.606400  	0.186610  	-0.160600 
23.000000 	1.604000  	0.201550  	-0.172400 
24.000000 	1.607400  	0.215650  	-0.184600 
25.000000 	1.615500  	0.228410  	-0.196600 
26.000000 	1.625600  	0.240690  	-0.208900 
27.000000 	1.641300  	0.251100  	-0.220300 
28.000000 	1.643100  	0.265090  	-0.235300 
29.000000 	1.646900  	0.278330  	-0.250300 
30.000000 	1.610877  	0.300479  	-0.257536 
31.000000 	1.574855  	0.322627  	-0.264772 
32.000000 	1.538832  	0.344776  	-0.272009 
33.000000 	1.502810  	0.366925  	-0.279245 
34.000000 	1.470827  	0.390057  	-0.285926 
35.000000 	1.441088  	0.413736  	-0.292299 
36.000000 	1.411348  	0.437416  	-0.298672 
37.000000 	1.381609  	0.461095  	-0.305045 
38.000000 	1.352821  	0.485058  	-0.311097 
39.000000 	1.326411  	0.509731  	-0.316345 
40.000000 	1.300000  	0.534404  	-0.321593 
41.000000 	1.273589  	0.559078  	-0.326842 
42.000000 	1.247179  	0.583751  	-0.332090 
43.000000 	1.222180  	0.608829  	-0.336186 
44.000000 	1.197289  	0.633938  	-0.340193 
45.000000 	1.172399  	0.659046  	-0.344200 
46.000000 	1.147508  	0.684155  	-0.348208 
47.000000 	1.122848  	0.709189  	-0.352184 
48.000000 	1.098360  	0.734166  	-0.356138 
49.000000 	1.073873  	0.759143  	-0.360092 
50.000000 	1.049385  	0.784120  	-0.364046 
51.000000 	1.024842  	0.808948  	-0.367947 
52.000000 	1.000092  	0.833230  	-0.371658 
53.000000 	0.975342  	0.857511  	-0.375369 
54.000000 	0.950593  	0.881793  	-0.379079 
55.000000 	0.925843  	0.906075  	-0.382790 
56.000000 	0.900568  	0.929292  	-0.386501 
57.000000 	0.875206  	0.952331  	-0.390211 
58.000000 	0.849844  	0.975371  	-0.393922 
59.000000 	0.824482  	0.998411  	-0.397633 
60.000000 	0.798754  	1.020571  	-0.401374 
61.000000 	0.772662  	1.041851  	-0.405145 
62.000000 	0.746569  	1.063131  	-0.408916 
63.000000 	0.720476  	1.084412  	-0.412687 
64.000000 	0.694288  	1.105373  	-0.416459 
65.000000 	0.667525  	1.124418  	-0.420238 
66.000000 	0.640761  	1.143464  	-0.424017 
67.000000 	0.613998  	1.162509  	-0.427795 
68.000000 	0.587235  	1.181555  	-0.431574 
69.000000 	0.560102  	1.198511  	-0.435333 
70.000000 	0.532868  	1.214897  	-0.439086 
71.000000 	0.505634  	1.231284  	-0.442839 
72.000000 	0.478401  	1.247671  	-0.446593 
73.000000 	0.451098  	1.262763  	-0.450338 
74.000000 	0.423705  	1.276128  	-0.454074 
75.000000 	0.396311  	1.289494  	-0.457809 
76.000000 	0.368917  	1.302860  	-0.461544 
77.000000 	0.341541  	1.315990  	-0.465271 
78.000000 	0.314386  	1.326043  	-0.468879 
79.000000 	0.287231  	1.336097  	-0.472488 
80.000000 	0.260077  	1.346151  	-0.476097 
81.000000 	0.232922  	1.356204  	-0.479706 
82.000000 	0.206271  	1.363738  	-0.483098 
83.000000 	0.179821  	1.370265  	-0.486405 
84.000000 	0.153372  	1.376791  	-0.489711 
85.000000 	0.126922  	1.383317  	-0.493017 
86.000000 	0.100909  	1.388537  	-0.496324 
87.000000 	0.075682  	1.391402  	-0.499630 
88.000000 	0.050455  	1.394268  	-0.502936 
89.000000 	0.025227  	1.397134  	-0.506243 
90.000000 	0.000000  	1.400000  	-0.509549 
91.000000 	-0.017659 	1.397134  	-0.511034 
92.000000 	-0.035318 	1.394268  	-0.512519 
93.000000 	-0.052977 	1.391402  	-0.514004 
94.000000 	-0.070637 	1.388537  	-0.515489 
95.000000 	-0.088846 	1.383317  	-0.516975 
96.000000 	-0.107360 	1.376791  	-0.518460 
97.000000 	-0.125875 	1.370265  	-0.519945 
98.000000 	-0.144390 	1.363738  	-0.521430 
99.000000 	-0.163045 	1.356204  	-0.522651 
100.000000	-0.182054 	1.346151  	-0.523210 
101.000000	-0.201062 	1.336097  	-0.523769 
102.000000	-0.220070 	1.326043  	-0.524328 
103.000000	-0.239079 	1.315990  	-0.524887 
104.000000	-0.258242 	1.302860  	-0.525086 
105.000000	-0.277418 	1.289494  	-0.525258 
106.000000	-0.296593 	1.276128  	-0.525429 
107.000000	-0.315769 	1.262763  	-0.525601 
108.000000	-0.334880 	1.247671  	-0.525637 
109.000000	-0.353944 	1.231284  	-0.525571 
110.000000	-0.373008 	1.214897  	-0.525504 
111.000000	-0.392071 	1.198511  	-0.525438 
112.000000	-0.411064 	1.181555  	-0.525299 
113.000000	-0.429799 	1.162509  	-0.524891 
114.000000	-0.448533 	1.143464  	-0.524482 
115.000000	-0.467267 	1.124418  	-0.524074 
116.000000	-0.486001 	1.105373  	-0.523666 
117.000000	-0.504333 	1.084412  	-0.523315 
118.000000	-0.522598 	1.063131  	-0.522973 
119.000000	-0.540863 	1.041851  	-0.522631 
120.000000	-0.559128 	1.020571  	-0.522290 
121.000000	-0.577137 	0.998411  	-0.522206 
122.000000	-0.594891 	0.975371  	-0.522379 
123.000000	-0.612644 	0.952331  	-0.522552 
124.000000	-0.630398 	0.929292  	-0.522725 
125.000000	-0.648090 	0.906075  	-0.522898 
126.000000	-0.665415 	0.881793  	-0.523071 
127.000000	-0.682740 	0.857511  	-0.523245 
128.000000	-0.700064 	0.833230  	-0.523418 
129.000000	-0.717389 	0.808948  	-0.523591 
130.000000	-0.734570 	0.784120  	-0.525468 
131.000000	-0.751711 	0.759143  	-0.527810 
132.000000	-0.768852 	0.734166  	-0.530152 
133.000000	-0.785993 	0.709189  	-0.532495 
134.000000	-0.803256 	0.684155  	-0.535041 
135.000000	-0.820679 	0.659046  	-0.537860 
136.000000	-0.838102 	0.633938  	-0.540680 
137.000000	-0.855526 	0.608829  	-0.543499 
138.000000	-0.873025 	0.583751  	-0.546578 
139.000000	-0.891513 	0.559078  	-0.553029 
140.000000	-0.910000 	0.534404  	-0.559480 
141.000000	-0.928487 	0.509731  	-0.565931 
142.000000	-0.946975 	0.485058  	-0.572381 
143.000000	-0.967127 	0.461095  	-0.581183 
144.000000	-0.987944 	0.437416  	-0.590925 
145.000000	-1.008761 	0.413736  	-0.600667 
146.000000	-1.029579 	0.390057  	-0.610409 
147.000000	-1.051967 	0.366925  	-0.618830 
148.000000	-1.077183 	0.344776  	-0.624872 
149.000000	-1.102398 	0.322627  	-0.630914 
150.000000	-1.127614 	0.300479  	-0.636956 
151.000000	-1.152830 	0.278330  	-0.642998 
152.000000	-1.113077 	0.257620  	-0.636619 
153.000000	-1.073324 	0.236909  	-0.630240 
154.000000	-1.033572 	0.217196  	-0.623861 
155.000000	-0.993819 	0.197560  	-0.617482 
156.000000	-0.954066 	0.178931  	-0.611103 
157.000000	-0.914313 	0.160470  	-0.604723 
158.000000	-0.874561 	0.143007  	-0.598344 
159.000000	-0.834808 	0.125816  	-0.591965 
160.000000	-0.795055 	0.109595  	-0.584566 
161.000000	-0.755302 	0.093762  	-0.576759 
162.000000	-0.715550 	0.078855  	-0.568469 
163.000000	-0.675797 	0.064462  	-0.559910 
164.000000	-0.636044 	0.050934  	-0.551352 
165.000000	-0.596291 	0.038055  	-0.542793 
166.000000	-0.556539 	0.025966  	-0.534234 
167.000000	-0.516786 	0.014666  	-0.525676 
168.000000	-0.477033 	0.006718  	-0.517117 
169.000000	-0.437280 	0.003238  	-0.508559 
170.000000	-0.397528 	0.001000  	-0.487751 
171.000000	-0.357775 	0.001000  	-0.444896 
172.000000	-0.318022 	0.001000  	-0.400000 
173.000000	-0.278269 	0.001000  	-0.350000 
174.000000	-0.238517 	0.001000  	-0.300000 
175.000000	-0.198764 	0.001000  	-0.250000 
176.000000	-0.159011 	0.001000  	-0.200000 
177.000000	-0.119258 	0.001000  	-0.150000 
178.000000	-0.079506 	0.001000  	-0.100000 
179.000000	-0.039753 	0.001000  	-0.050000 
180.000000	0.000000  	0.001000  	0.000000  
! ------------------------------------------------------------------------------
! data for table	5         
! ------------------------------------------------------------------------------
  0.600000  	Re           ! Reynolds number in millions
  0.000000  	UserProp     ! User property (control) setting
Flase           InclUAdata   ! Is unsteady aerodynamics data included in this table? If TRUE, then include UA coefficients below this line. Any missing coefficients will be calculated internally.
! Table of aerodynamics coefficients
  361       	NumAlf       ! Number of data lines in the following table
!Alpha      Cl          Cd          Cm/Cp
!(deg)      (-)         (-)         (-)
-180.000000	0.000000  	0.001000  	0.000000  
-179.000000	0.039842  	0.001000  	0.040000  
-178.000000	0.079684  	0.001000  	0.080000  
-177.000000	0.119526  	0.001000  	0.120000  
-176.000000	0.159368  	0.001000  	0.160000  
-175.000000	0.199210  	0.001000  	0.200000  
-174.000000	0.239052  	0.001000  	0.240000  
-173.000000	0.278894  	0.001000  	0.280000  
-172.000000	0.318737  	0.001000  	0.320000  
-171.000000	0.358579  	0.001000  	0.357387  
-170.000000	0.398421  	0.001000  	0.393728  
-169.000000	0.438263  	0.003310  	0.418781  
-168.000000	0.478105  	0.006904  	0.437562  
-167.000000	0.517947  	0.014900  	0.456343  
-166.000000	0.557789  	0.026199  	0.475124  
-165.000000	0.597631  	0.038287  	0.493905  
-164.000000	0.637473  	0.051165  	0.512686  
-163.000000	0.677315  	0.064692  	0.531467  
-162.000000	0.717157  	0.079083  	0.550249  
-161.000000	0.756999  	0.093989  	0.567502  
-160.000000	0.796841  	0.109821  	0.582005  
-159.000000	0.836683  	0.126040  	0.594187  
-158.000000	0.876526  	0.143229  	0.600563  
-157.000000	0.916368  	0.160691  	0.606940  
-156.000000	0.956210  	0.179150  	0.613316  
-155.000000	0.996052  	0.197778  	0.619692  
-154.000000	1.035894  	0.217412  	0.626069  
-153.000000	1.075736  	0.237123  	0.632445  
-152.000000	1.115578  	0.257832  	0.638821  
-151.000000	1.155420  	0.278540  	0.645197  
-150.000000	1.130088  	0.300686  	0.639103  
-149.000000	1.104756  	0.322833  	0.633008  
-148.000000	1.079423  	0.344979  	0.626913  
-147.000000	1.054091  	0.367126  	0.620818  
-146.000000	1.031602  	0.390256  	0.612335  
-145.000000	1.010692  	0.413933  	0.602525  
-144.000000	0.989782  	0.437610  	0.592715  
-143.000000	0.968872  	0.461286  	0.582906  
-142.000000	0.948632  	0.485247  	0.574041  
-141.000000	0.930069  	0.509918  	0.567539  
-140.000000	0.911506  	0.534588  	0.561036  
-139.000000	0.892943  	0.559259  	0.554534  
-138.000000	0.874380  	0.583929  	0.548032  
-137.000000	0.856817  	0.609004  	0.544919  
-136.000000	0.839331  	0.634110  	0.542066  
-135.000000	0.821845  	0.659216  	0.539214  
-134.000000	0.804359  	0.684322  	0.536361  
-133.000000	0.787040  	0.709353  	0.533783  
-132.000000	0.769846  	0.734326  	0.531410  
-131.000000	0.752652  	0.759300  	0.529038  
-130.000000	0.735458  	0.784274  	0.526665  
-129.000000	0.718227  	0.809099  	0.524760  
-128.000000	0.700857  	0.833377  	0.524568  
-127.000000	0.683488  	0.857656  	0.524376  
-126.000000	0.666119  	0.881934  	0.524185  
-125.000000	0.648750  	0.906212  	0.523993  
-124.000000	0.631019  	0.929426  	0.523801  
-123.000000	0.613228  	0.952462  	0.523610  
-122.000000	0.595437  	0.975498  	0.523418  
-121.000000	0.577647  	0.998534  	0.523226  
-120.000000	0.559603  	1.020691  	0.523295  
-119.000000	0.541307  	1.041967  	0.523624  
-118.000000	0.523011  	1.063244  	0.523953  
-117.000000	0.504715  	1.084521  	0.524283  
-116.000000	0.486353  	1.105478  	0.524621  
-115.000000	0.467593  	1.124520  	0.525018  
-114.000000	0.448833  	1.143561  	0.525415  
-113.000000	0.430073  	1.162603  	0.525811  
-112.000000	0.411313  	1.181644  	0.526208  
-111.000000	0.392299  	1.198597  	0.526337  
-110.000000	0.373215  	1.214979  	0.526393  
-109.000000	0.354131  	1.231362  	0.526450  
-108.000000	0.335046  	1.247745  	0.526506  
-107.000000	0.315916  	1.262833  	0.526461  
-106.000000	0.296725  	1.276195  	0.526281  
-105.000000	0.277534  	1.289556  	0.526101  
-104.000000	0.258343  	1.302918  	0.525921  
-103.000000	0.239164  	1.316044  	0.525713  
-102.000000	0.220145  	1.326093  	0.525146  
-101.000000	0.201125  	1.336143  	0.524578  
-100.000000	0.182106  	1.346192  	0.524011  
-99.000000	0.163087  	1.356242  	0.523444  
-98.000000	0.144423  	1.363772  	0.522216  
-97.000000	0.125902  	1.370294  	0.520723  
-96.000000	0.107381  	1.376816  	0.519230  
-95.000000	0.088859  	1.383338  	0.517738  
-94.000000	0.070645  	1.388553  	0.516245  
-93.000000	0.052984  	1.391415  	0.514753  
-92.000000	0.035323  	1.394277  	0.513260  
-91.000000	0.017661  	1.397138  	0.511768  
-90.000000	0.000000  	1.400000  	0.510275  
-89.000000	-0.017661 	1.397138  	0.506651  
-88.000000	-0.035323 	1.394277  	0.503026  
-87.000000	-0.052984 	1.391415  	0.499402  
-86.000000	-0.070645 	1.388553  	0.495778  
-85.000000	-0.088859 	1.383338  	0.492153  
-84.000000	-0.107381 	1.376816  	0.488529  
-83.000000	-0.125902 	1.370294  	0.484904  
-82.000000	-0.144423 	1.363772  	0.481280  
-81.000000	-0.163087 	1.356242  	0.477463  
-80.000000	-0.182106 	1.346192  	0.473165  
-79.000000	-0.201125 	1.336143  	0.468866  
-78.000000	-0.220145 	1.326093  	0.464568  
-77.000000	-0.239164 	1.316044  	0.460269  
-76.000000	-0.258343 	1.302918  	0.455709  
-75.000000	-0.277534 	1.289556  	0.451129  
-74.000000	-0.296725 	1.276195  	0.446548  
-73.000000	-0.315916 	1.262833  	0.441968  
-72.000000	-0.335046 	1.247745  	0.437316  
-71.000000	-0.354131 	1.231362  	0.432611  
-70.000000	-0.373215 	1.214979  	0.427907  
-69.000000	-0.392299 	1.198597  	0.423202  
-68.000000	-0.411313 	1.181644  	0.418459  
-67.000000	-0.430073 	1.162603  	0.413575  
-66.000000	-0.448833 	1.143561  	0.408691  
-65.000000	-0.467593 	1.124520  	0.403807  
-64.000000	-0.486353 	1.105478  	0.398924  
-63.000000	-0.504715 	1.084521  	0.394058  
-62.000000	-0.523011 	1.063244  	0.389195  
-61.000000	-0.541307 	1.041967  	0.384332  
-60.000000	-0.559603 	1.020691  	0.379469  
-59.000000	-0.577647 	0.998534  	0.374686  
-58.000000	-0.595437 	0.975498  	0.369984  
-57.000000	-0.613228 	0.952462  	0.365281  
-56.000000	-0.631019 	0.929426  	0.360579  
-55.000000	-0.648750 	0.906212  	0.355877  
-54.000000	-0.666119 	0.881934  	0.351174  
-53.000000	-0.683488 	0.857656  	0.346472  
-52.000000	-0.700857 	0.833377  	0.341770  
-51.000000	-0.718227 	0.809099  	0.337067  
-50.000000	-0.735458 	0.784274  	0.332537  
-49.000000	-0.752652 	0.759300  	0.328054  
-48.000000	-0.769846 	0.734326  	0.323571  
-47.000000	-0.787040 	0.709353  	0.319087  
-46.000000	-0.804359 	0.684322  	0.314625  
-45.000000	-0.821845 	0.659216  	0.310190  
-44.000000	-0.839331 	0.634110  	0.305755  
-43.000000	-0.856817 	0.609004  	0.301320  
-42.000000	-0.874380 	0.583929  	0.296846  
-41.000000	-0.892943 	0.559259  	0.291878  
-40.000000	-0.911506 	0.534588  	0.286909  
-39.000000	-0.930069 	0.509918  	0.281940  
-38.000000	-0.948632 	0.485247  	0.276972  
-37.000000	-0.968872 	0.461286  	0.271657  
-36.000000	-0.989782 	0.437610  	0.266205  
-35.000000	-1.010692 	0.413933  	0.260753  
-34.000000	-1.031602 	0.390256  	0.255300  
-33.000000	-1.054091 	0.367126  	0.249384  
-32.000000	-1.079423 	0.344979  	0.242634  
-31.000000	-1.104756 	0.322833  	0.235884  
-30.000000	-1.130088 	0.300686  	0.229134  
-29.000000	-1.155420 	0.278540  	0.222384  
-28.000000	-1.123287 	0.264544  	0.211277  
-27.000000	-1.091155 	0.250548  	0.200171  
-26.000000	-1.059022 	0.236553  	0.189064  
-25.000000	-1.026889 	0.222557  	0.177958  
-24.000000	-0.994757 	0.208561  	0.166851  
-23.000000	-0.962624 	0.194565  	0.155745  
-22.000000	-0.930492 	0.180569  	0.144638  
-21.000000	-0.898359 	0.166574  	0.133531  
-20.000000	-0.866226 	0.152578  	0.122066  
-19.000000	-0.834094 	0.138582  	0.110182  
-18.000000	-0.801961 	0.124586  	0.097940  
-17.000000	-0.769828 	0.110591  	0.085697  
-16.000000	-0.737696 	0.096595  	0.073455  
-15.000000	-0.705563 	0.082599  	0.061212  
-14.000000	-0.673431 	0.068603  	0.048970  
-13.000000	-0.641298 	0.054607  	0.036727  
-12.000000	-0.609165 	0.040612  	-0.010515 
-11.000000	-0.577033 	0.026616  	-0.071758 
-10.000000	-0.544900 	0.012620  	-0.133000 
-9.000000 	-0.385300 	0.012220  	-0.145200 
-8.000000 	-0.249900 	0.012050  	-0.151000 
-7.000000 	-0.117300 	0.011890  	-0.156000 
-6.000000 	0.014400  	0.011810  	-0.160800 
-5.000000 	0.145300  	0.011750  	-0.165300 
-4.000000 	0.275300  	0.011790  	-0.169500 
-3.000000 	0.404500  	0.011910  	-0.173600 
-2.000000 	0.531700  	0.012080  	-0.177200 
-1.000000 	0.657100  	0.012260  	-0.180400 
0.000000  	0.781400  	0.012480  	-0.183400 
1.000000  	0.904100  	0.012750  	-0.186100 
2.000000  	1.023700  	0.013020  	-0.188100 
3.000000  	1.140600  	0.013310  	-0.189500 
4.000000  	1.253600  	0.013710  	-0.190200 
5.000000  	1.363000  	0.014140  	-0.190200 
6.000000  	1.467000  	0.014810  	-0.189200 
7.000000  	1.556600  	0.016140  	-0.185500 
8.000000  	1.619000  	0.018540  	-0.176900 
9.000000  	1.647000  	0.022080  	-0.162400 
10.000000 	1.668400  	0.027020  	-0.149400 
11.000000 	1.683100  	0.034140  	-0.139900 
12.000000 	1.691800  	0.043610  	-0.133700 
13.000000 	1.694500  	0.054450  	-0.129200 
14.000000 	1.691000  	0.066560  	-0.125900 
15.000000 	1.684000  	0.079640  	-0.123900 
16.000000 	1.681500  	0.092670  	-0.123400 
17.000000 	1.675700  	0.106420  	-0.124300 
18.000000 	1.667900  	0.120890  	-0.127100 
19.000000 	1.660900  	0.135520  	-0.131800 
20.000000 	1.648700  	0.151410  	-0.139000 
21.000000 	1.636300  	0.167630  	-0.148300 
22.000000 	1.623600  	0.184390  	-0.159700 
23.000000 	1.617300  	0.200110  	-0.171800 
24.000000 	1.614200  	0.215380  	-0.184800 
25.000000 	1.617500  	0.229280  	-0.197700 
26.000000 	1.624900  	0.242130  	-0.210400 
27.000000 	1.634400  	0.254360  	-0.223200 
28.000000 	1.654200  	0.263260  	-0.233800 
29.000000 	1.650600  	0.278540  	-0.250500 
30.000000 	1.614411  	0.300686  	-0.257771 
31.000000 	1.578222  	0.322833  	-0.265042 
32.000000 	1.542033  	0.344979  	-0.272313 
33.000000 	1.505845  	0.367126  	-0.279584 
34.000000 	1.473717  	0.390256  	-0.286296 
35.000000 	1.443846  	0.413933  	-0.292697 
36.000000 	1.413974  	0.437610  	-0.299099 
37.000000 	1.384103  	0.461286  	-0.305500 
38.000000 	1.355189  	0.485247  	-0.311577 
39.000000 	1.328671  	0.509918  	-0.316843 
40.000000 	1.302152  	0.534588  	-0.322110 
41.000000 	1.275633  	0.559259  	-0.327376 
42.000000 	1.249115  	0.583929  	-0.332642 
43.000000 	1.224025  	0.609004  	-0.336746 
44.000000 	1.199044  	0.634110  	-0.340760 
45.000000 	1.174064  	0.659216  	-0.344774 
46.000000 	1.149084  	0.684322  	-0.348787 
47.000000 	1.124342  	0.709353  	-0.352770 
48.000000 	1.099780  	0.734326  	-0.356730 
49.000000 	1.075217  	0.759300  	-0.360689 
50.000000 	1.050654  	0.784274  	-0.364649 
51.000000 	1.026038  	0.809099  	-0.368555 
52.000000 	1.001225  	0.833377  	-0.372268 
53.000000 	0.976412  	0.857656  	-0.375980 
54.000000 	0.951599  	0.881934  	-0.379692 
55.000000 	0.926786  	0.906212  	-0.383405 
56.000000 	0.901456  	0.929426  	-0.387117 
57.000000 	0.876040  	0.952462  	-0.390829 
58.000000 	0.850625  	0.975498  	-0.394542 
59.000000 	0.825209  	0.998534  	-0.398254 
60.000000 	0.799433  	1.020691  	-0.401997 
61.000000 	0.773296  	1.041967  	-0.405770 
62.000000 	0.747159  	1.063244  	-0.409542 
63.000000 	0.721021  	1.084521  	-0.413315 
64.000000 	0.694790  	1.105478  	-0.417089 
65.000000 	0.667990  	1.124520  	-0.420870 
66.000000 	0.641190  	1.143561  	-0.424651 
67.000000 	0.614390  	1.162603  	-0.428432 
68.000000 	0.587591  	1.181644  	-0.432213 
69.000000 	0.560427  	1.198597  	-0.435974 
70.000000 	0.533164  	1.214979  	-0.439730 
71.000000 	0.505901  	1.231362  	-0.443486 
72.000000 	0.478638  	1.247745  	-0.447242 
73.000000 	0.451309  	1.262833  	-0.450991 
74.000000 	0.423893  	1.276195  	-0.454730 
75.000000 	0.396477  	1.289556  	-0.458469 
76.000000 	0.369061  	1.302918  	-0.462208 
77.000000 	0.341663  	1.316044  	-0.465938 
78.000000 	0.314492  	1.326093  	-0.469551 
79.000000 	0.287322  	1.336143  	-0.473163 
80.000000 	0.260151  	1.346192  	-0.476776 
81.000000 	0.232981  	1.356242  	-0.480389 
82.000000 	0.206319  	1.363772  	-0.483786 
83.000000 	0.179860  	1.370294  	-0.487097 
84.000000 	0.153401  	1.376816  	-0.490408 
85.000000 	0.126942  	1.383338  	-0.493719 
86.000000 	0.100922  	1.388553  	-0.497031 
87.000000 	0.075691  	1.391415  	-0.500342 
88.000000 	0.050461  	1.394277  	-0.503653 
89.000000 	0.025230  	1.397138  	-0.506964 
90.000000 	0.000000  	1.400000  	-0.510275 
91.000000 	-0.017661 	1.397138  	-0.511768 
92.000000 	-0.035323 	1.394277  	-0.513260 
93.000000 	-0.052984 	1.391415  	-0.514753 
94.000000 	-0.070645 	1.388553  	-0.516245 
95.000000 	-0.088859 	1.383338  	-0.517738 
96.000000 	-0.107381 	1.376816  	-0.519230 
97.000000 	-0.125902 	1.370294  	-0.520723 
98.000000 	-0.144423 	1.363772  	-0.522216 
99.000000 	-0.163087 	1.356242  	-0.523444 
100.000000	-0.182106 	1.346192  	-0.524011 
101.000000	-0.201125 	1.336143  	-0.524578 
102.000000	-0.220145 	1.326093  	-0.525146 
103.000000	-0.239164 	1.316044  	-0.525713 
104.000000	-0.258343 	1.302918  	-0.525921 
105.000000	-0.277534 	1.289556  	-0.526101 
106.000000	-0.296725 	1.276195  	-0.526281 
107.000000	-0.315916 	1.262833  	-0.526461 
108.000000	-0.335046 	1.247745  	-0.526506 
109.000000	-0.354131 	1.231362  	-0.526450 
110.000000	-0.373215 	1.214979  	-0.526393 
111.000000	-0.392299 	1.198597  	-0.526337 
112.000000	-0.411313 	1.181644  	-0.526208 
113.000000	-0.430073 	1.162603  	-0.525811 
114.000000	-0.448833 	1.143561  	-0.525415 
115.000000	-0.467593 	1.124520  	-0.525018 
116.000000	-0.486353 	1.105478  	-0.524621 
117.000000	-0.504715 	1.084521  	-0.524283 
118.000000	-0.523011 	1.063244  	-0.523953 
119.000000	-0.541307 	1.041967  	-0.523624 
120.000000	-0.559603 	1.020691  	-0.523295 
121.000000	-0.577647 	0.998534  	-0.523226 
122.000000	-0.595437 	0.975498  	-0.523418 
123.000000	-0.613228 	0.952462  	-0.523610 
124.000000	-0.631019 	0.929426  	-0.523801 
125.000000	-0.648750 	0.906212  	-0.523993 
126.000000	-0.666119 	0.881934  	-0.524185 
127.000000	-0.683488 	0.857656  	-0.524376 
128.000000	-0.700857 	0.833377  	-0.524568 
129.000000	-0.718227 	0.809099  	-0.524760 
130.000000	-0.735458 	0.784274  	-0.526665 
131.000000	-0.752652 	0.759300  	-0.529038 
132.000000	-0.769846 	0.734326  	-0.531410 
133.000000	-0.787040 	0.709353  	-0.533783 
134.000000	-0.804359 	0.684322  	-0.536361 
135.000000	-0.821845 	0.659216  	-0.539214 
136.000000	-0.839331 	0.634110  	-0.542066 
137.000000	-0.856817 	0.609004  	-0.544919 
138.000000	-0.874380 	0.583929  	-0.548032 
139.000000	-0.892943 	0.559259  	-0.554534 
140.000000	-0.911506 	0.534588  	-0.561036 
141.000000	-0.930069 	0.509918  	-0.567539 
142.000000	-0.948632 	0.485247  	-0.574041 
143.000000	-0.968872 	0.461286  	-0.582906 
144.000000	-0.989782 	0.437610  	-0.592715 
145.000000	-1.010692 	0.413933  	-0.602525 
146.000000	-1.031602 	0.390256  	-0.612335 
147.000000	-1.054091 	0.367126  	-0.620818 
148.000000	-1.079423 	0.344979  	-0.626913 
149.000000	-1.104756 	0.322833  	-0.633008 
150.000000	-1.130088 	0.300686  	-0.639103 
151.000000	-1.155420 	0.278540  	-0.645197 
152.000000	-1.115578 	0.257832  	-0.638821 
153.000000	-1.075736 	0.237123  	-0.632445 
154.000000	-1.035894 	0.217412  	-0.626069 
155.000000	-0.996052 	0.197778  	-0.619692 
156.000000	-0.956210 	0.179150  	-0.613316 
157.000000	-0.916368 	0.160691  	-0.606940 
158.000000	-0.876526 	0.143229  	-0.600563 
159.000000	-0.836683 	0.126040  	-0.594187 
160.000000	-0.796841 	0.109821  	-0.586685 
161.000000	-0.756999 	0.093989  	-0.578733 
162.000000	-0.717157 	0.079083  	-0.570249 
163.000000	-0.677315 	0.064692  	-0.561467 
164.000000	-0.637473 	0.051165  	-0.552686 
165.000000	-0.597631 	0.038287  	-0.543905 
166.000000	-0.557789 	0.026199  	-0.535124 
167.000000	-0.517947 	0.014900  	-0.526343 
168.000000	-0.478105 	0.006904  	-0.517562 
169.000000	-0.438263 	0.003310  	-0.508781 
170.000000	-0.398421 	0.001000  	-0.487817 
171.000000	-0.358579 	0.001000  	-0.444924 
172.000000	-0.318737 	0.001000  	-0.400000 
173.000000	-0.278894 	0.001000  	-0.350000 
174.000000	-0.239052 	0.001000  	-0.300000 
175.000000	-0.199210 	0.001000  	-0.250000 
176.000000	-0.159368 	0.001000  	-0.200000 
177.000000	-0.119526 	0.001000  	-0.150000 
178.000000	-0.079684 	0.001000  	-0.100000 
179.000000	-0.039842 	0.001000  	-0.050000 
180.000000	0.000000  	0.001000  	0.000000  
! ------------------------------------------------------------------------------
! data for table	6         
! ------------------------------------------------------------------------------
  0.700000  	Re           ! Reynolds number in millions
  0.000000  	UserProp     ! User property (control) setting
Flase           InclUAdata   ! Is unsteady aerodynamics data included in this table? If TRUE, then include UA coefficients below this line. Any missing coefficients will be calculated internally.
! Table of aerodynamics coefficients
  361       	NumAlf       ! Number of data lines in the following table
!Alpha      Cl          Cd          Cm/Cp
!(deg)      (-)         (-)         (-)
-180.000000	0.000000  	0.001000  	0.000000  
-179.000000	0.039912  	0.001000  	0.040000  
-178.000000	0.079824  	0.001000  	0.080000  
-177.000000	0.119736  	0.001000  	0.120000  
-176.000000	0.159648  	0.001000  	0.160000  
-175.000000	0.199560  	0.001000  	0.200000  
-174.000000	0.239472  	0.001000  	0.240000  
-173.000000	0.279384  	0.001000  	0.280000  
-172.000000	0.319297  	0.001000  	0.320000  
-171.000000	0.359209  	0.001000  	0.357417  
-170.000000	0.399121  	0.001000  	0.393801  
-169.000000	0.439033  	0.003383  	0.419027  
-168.000000	0.478945  	0.007090  	0.438055  
-167.000000	0.518857  	0.015134  	0.457082  
-166.000000	0.558769  	0.026432  	0.476110  
-165.000000	0.598681  	0.038519  	0.495137  
-164.000000	0.638593  	0.051396  	0.514164  
-163.000000	0.678505  	0.064921  	0.533192  
-162.000000	0.718417  	0.079312  	0.552219  
-161.000000	0.758329  	0.094216  	0.569688  
-160.000000	0.798241  	0.110046  	0.584351  
-159.000000	0.838153  	0.126264  	0.596645  
-158.000000	0.878066  	0.143452  	0.603016  
-157.000000	0.917978  	0.160912  	0.609387  
-156.000000	0.957890  	0.179370  	0.615758  
-155.000000	0.997802  	0.197995  	0.622129  
-154.000000	1.037714  	0.217628  	0.628500  
-153.000000	1.077626  	0.237337  	0.634871  
-152.000000	1.117538  	0.258044  	0.641242  
-151.000000	1.157450  	0.278750  	0.647613  
-150.000000	1.132027  	0.300894  	0.641467  
-149.000000	1.106603  	0.323039  	0.635322  
-148.000000	1.081180  	0.345183  	0.629176  
-147.000000	1.055756  	0.367327  	0.623031  
-146.000000	1.033188  	0.390455  	0.614488  
-145.000000	1.012205  	0.414129  	0.604615  
-144.000000	0.991222  	0.437804  	0.594741  
-143.000000	0.970240  	0.461478  	0.584867  
-142.000000	0.949932  	0.485436  	0.575943  
-141.000000	0.931309  	0.510104  	0.569392  
-140.000000	0.912687  	0.534772  	0.562841  
-139.000000	0.894065  	0.559440  	0.556291  
-138.000000	0.875443  	0.584108  	0.549740  
-137.000000	0.857830  	0.609180  	0.546594  
-136.000000	0.840294  	0.634283  	0.543710  
-135.000000	0.822759  	0.659386  	0.540826  
-134.000000	0.805224  	0.684489  	0.537943  
-133.000000	0.787860  	0.709516  	0.535334  
-132.000000	0.770625  	0.734487  	0.532933  
-131.000000	0.753389  	0.759458  	0.530531  
-130.000000	0.736154  	0.784428  	0.528129  
-129.000000	0.718883  	0.809250  	0.526197  
-128.000000	0.701479  	0.833525  	0.525988  
-127.000000	0.684075  	0.857800  	0.525778  
-126.000000	0.666671  	0.882075  	0.525568  
-125.000000	0.649267  	0.906350  	0.525358  
-124.000000	0.631506  	0.929560  	0.525148  
-123.000000	0.613686  	0.952593  	0.524938  
-122.000000	0.595866  	0.975625  	0.524728  
-121.000000	0.578046  	0.998658  	0.524518  
-120.000000	0.559976  	1.020811  	0.524571  
-119.000000	0.541655  	1.042084  	0.524887  
-118.000000	0.523335  	1.063357  	0.525203  
-117.000000	0.505014  	1.084630  	0.525519  
-116.000000	0.486628  	1.105584  	0.525845  
-115.000000	0.467848  	1.124621  	0.526229  
-114.000000	0.449068  	1.143659  	0.526613  
-113.000000	0.430288  	1.162697  	0.526997  
-112.000000	0.411509  	1.181734  	0.527381  
-111.000000	0.392477  	1.198683  	0.527499  
-110.000000	0.373377  	1.215062  	0.527544  
-109.000000	0.354277  	1.231440  	0.527589  
-108.000000	0.335177  	1.247819  	0.527634  
-107.000000	0.316032  	1.262903  	0.527578  
-106.000000	0.296829  	1.276261  	0.527388  
-105.000000	0.277625  	1.289619  	0.527197  
-104.000000	0.258422  	1.302976  	0.527007  
-103.000000	0.239231  	1.316098  	0.526789  
-102.000000	0.220203  	1.326143  	0.526212  
-101.000000	0.201175  	1.336188  	0.525634  
-100.000000	0.182147  	1.346234  	0.525057  
-99.000000	0.163119  	1.356279  	0.524479  
-98.000000	0.144449  	1.363805  	0.523241  
-97.000000	0.125923  	1.370323  	0.521739  
-96.000000	0.107397  	1.376841  	0.520237  
-95.000000	0.088870  	1.383359  	0.518734  
-94.000000	0.070652  	1.388570  	0.517232  
-93.000000	0.052989  	1.391427  	0.515730  
-92.000000	0.035326  	1.394285  	0.514228  
-91.000000	0.017663  	1.397142  	0.512725  
-90.000000	0.000000  	1.400000  	0.511223  
-89.000000	-0.017663 	1.397142  	0.507592  
-88.000000	-0.035326 	1.394285  	0.503960  
-87.000000	-0.052989 	1.391427  	0.500328  
-86.000000	-0.070652 	1.388570  	0.496697  
-85.000000	-0.088870 	1.383359  	0.493065  
-84.000000	-0.107397 	1.376841  	0.489433  
-83.000000	-0.125923 	1.370323  	0.485802  
-82.000000	-0.144449 	1.363805  	0.482170  
-81.000000	-0.163119 	1.356279  	0.478346  
-80.000000	-0.182147 	1.346234  	0.474041  
-79.000000	-0.201175 	1.336188  	0.469736  
-78.000000	-0.220203 	1.326143  	0.465431  
-77.000000	-0.239231 	1.316098  	0.461127  
-76.000000	-0.258422 	1.302976  	0.456560  
-75.000000	-0.277625 	1.289619  	0.451974  
-74.000000	-0.296829 	1.276261  	0.447387  
-73.000000	-0.316032 	1.262903  	0.442800  
-72.000000	-0.335177 	1.247819  	0.438143  
-71.000000	-0.354277 	1.231440  	0.433433  
-70.000000	-0.373377 	1.215062  	0.428722  
-69.000000	-0.392477 	1.198683  	0.424012  
-68.000000	-0.411509 	1.181734  	0.419264  
-67.000000	-0.430288 	1.162697  	0.414375  
-66.000000	-0.449068 	1.143659  	0.409487  
-65.000000	-0.467848 	1.124621  	0.404598  
-64.000000	-0.486628 	1.105584  	0.399710  
-63.000000	-0.505014 	1.084630  	0.394839  
-62.000000	-0.523335 	1.063357  	0.389971  
-61.000000	-0.541655 	1.042084  	0.385104  
-60.000000	-0.559976 	1.020811  	0.380236  
-59.000000	-0.578046 	0.998658  	0.375449  
-58.000000	-0.595866 	0.975625  	0.370742  
-57.000000	-0.613686 	0.952593  	0.366035  
-56.000000	-0.631506 	0.929560  	0.361329  
-55.000000	-0.649267 	0.906350  	0.356622  
-54.000000	-0.666671 	0.882075  	0.351915  
-53.000000	-0.684075 	0.857800  	0.347208  
-52.000000	-0.701479 	0.833525  	0.342502  
-51.000000	-0.718883 	0.809250  	0.337795  
-50.000000	-0.736154 	0.784428  	0.333258  
-49.000000	-0.753389 	0.759458  	0.328767  
-48.000000	-0.770625 	0.734487  	0.324276  
-47.000000	-0.787860 	0.709516  	0.319785  
-46.000000	-0.805224 	0.684489  	0.315314  
-45.000000	-0.822759 	0.659386  	0.310870  
-44.000000	-0.840294 	0.634283  	0.306427  
-43.000000	-0.857830 	0.609180  	0.301983  
-42.000000	-0.875443 	0.584108  	0.297501  
-41.000000	-0.894065 	0.559440  	0.292515  
-40.000000	-0.912687 	0.534772  	0.287528  
-39.000000	-0.931309 	0.510104  	0.282542  
-38.000000	-0.949932 	0.485436  	0.277555  
-37.000000	-0.970240 	0.461478  	0.272218  
-36.000000	-0.991222 	0.437804  	0.266739  
-35.000000	-1.012205 	0.414129  	0.261261  
-34.000000	-1.033188 	0.390455  	0.255782  
-33.000000	-1.055756 	0.367327  	0.249841  
-32.000000	-1.081180 	0.345183  	0.243067  
-31.000000	-1.106603 	0.323039  	0.236293  
-30.000000	-1.132027 	0.300894  	0.229519  
-29.000000	-1.157450 	0.278750  	0.222745  
-28.000000	-1.124837 	0.264725  	0.211622  
-27.000000	-1.092224 	0.250701  	0.200499  
-26.000000	-1.059611 	0.236676  	0.189376  
-25.000000	-1.026997 	0.222651  	0.178253  
-24.000000	-0.994384 	0.208626  	0.167129  
-23.000000	-0.961771 	0.194602  	0.156006  
-22.000000	-0.929158 	0.180577  	0.144883  
-21.000000	-0.896545 	0.166552  	0.133760  
-20.000000	-0.863932 	0.152527  	0.122277  
-19.000000	-0.831318 	0.138503  	0.110373  
-18.000000	-0.798705 	0.124478  	0.098109  
-17.000000	-0.766092 	0.110453  	0.085846  
-16.000000	-0.733479 	0.096428  	0.073582  
-15.000000	-0.700866 	0.082404  	0.061318  
-14.000000	-0.668253 	0.068379  	0.049055  
-13.000000	-0.635639 	0.054354  	0.036791  
-12.000000	-0.603026 	0.040329  	-0.010841 
-11.000000	-0.570413 	0.026305  	-0.072621 
-10.000000	-0.537800 	0.012280  	-0.134400 
-9.000000 	-0.384100 	0.011650  	-0.145600 
-8.000000 	-0.247900 	0.011430  	-0.151700 
-7.000000 	-0.114200 	0.011270  	-0.157000 
-6.000000 	0.018300  	0.011180  	-0.161900 
-5.000000 	0.149200  	0.011150  	-0.166400 
-4.000000 	0.278200  	0.011150  	-0.170400 
-3.000000 	0.406400  	0.011220  	-0.174200 
-2.000000 	0.533300  	0.011340  	-0.177700 
-1.000000 	0.659400  	0.011510  	-0.181100 
0.000000  	0.783900  	0.011730  	-0.184100 
1.000000  	0.906400  	0.012000  	-0.186700 
2.000000  	1.025700  	0.012250  	-0.188600 
3.000000  	1.142900  	0.012600  	-0.190200 
4.000000  	1.258000  	0.012910  	-0.191300 
5.000000  	1.369000  	0.013420  	-0.191600 
6.000000  	1.472600  	0.014200  	-0.190600 
7.000000  	1.561500  	0.015680  	-0.186800 
8.000000  	1.625600  	0.018160  	-0.178600 
9.000000  	1.655800  	0.021600  	-0.164400 
10.000000 	1.681900  	0.026180  	-0.151800 
11.000000 	1.699900  	0.032830  	-0.142100 
12.000000 	1.711800  	0.041800  	-0.135600 
13.000000 	1.717200  	0.052320  	-0.131000 
14.000000 	1.714400  	0.064160  	-0.127400 
15.000000 	1.710600  	0.076770  	-0.125200 
16.000000 	1.706400  	0.089840  	-0.124300 
17.000000 	1.699400  	0.103680  	-0.124900 
18.000000 	1.692700  	0.117750  	-0.127100 
19.000000 	1.684100  	0.132490  	-0.131400 
20.000000 	1.669700  	0.148480  	-0.138100 
21.000000 	1.655300  	0.164930  	-0.147200 
22.000000 	1.644200  	0.181210  	-0.157900 
23.000000 	1.633700  	0.197610  	-0.170300 
24.000000 	1.628250  	0.213300  	-0.183950 
25.000000 	1.622800  	0.228990  	-0.197600 
26.000000 	1.625900  	0.242900  	-0.211200 
27.000000 	1.635500  	0.254940  	-0.223800 
28.000000 	1.644000  	0.267100  	-0.237200 
29.000000 	1.653500  	0.278750  	-0.250600 
30.000000 	1.617181  	0.300894  	-0.257917 
31.000000 	1.580862  	0.323039  	-0.265234 
32.000000 	1.544542  	0.345183  	-0.272551 
33.000000 	1.508223  	0.367327  	-0.279868 
34.000000 	1.475982  	0.390455  	-0.286622 
35.000000 	1.446007  	0.414129  	-0.293062 
36.000000 	1.416032  	0.437804  	-0.299503 
37.000000 	1.386057  	0.461478  	-0.305943 
38.000000 	1.357045  	0.485436  	-0.312056 
39.000000 	1.330442  	0.510104  	-0.317349 
40.000000 	1.303839  	0.534772  	-0.322643 
41.000000 	1.277236  	0.559440  	-0.327936 
42.000000 	1.250632  	0.584108  	-0.333229 
43.000000 	1.225471  	0.609180  	-0.337347 
44.000000 	1.200420  	0.634283  	-0.341374 
45.000000 	1.175370  	0.659386  	-0.345401 
46.000000 	1.150319  	0.684489  	-0.349428 
47.000000 	1.125514  	0.709516  	-0.353424 
48.000000 	1.100892  	0.734487  	-0.357395 
49.000000 	1.076271  	0.759458  	-0.361367 
50.000000 	1.051649  	0.784428  	-0.365339 
51.000000 	1.026976  	0.809250  	-0.369256 
52.000000 	1.002113  	0.833525  	-0.372975 
53.000000 	0.977250  	0.857800  	-0.376693 
54.000000 	0.952387  	0.882075  	-0.380412 
55.000000 	0.927524  	0.906350  	-0.384131 
56.000000 	0.902152  	0.929560  	-0.387850 
57.000000 	0.876694  	0.952593  	-0.391568 
58.000000 	0.851237  	0.975625  	-0.395287 
59.000000 	0.825780  	0.998658  	-0.399006 
60.000000 	0.799965  	1.020811  	-0.402754 
61.000000 	0.773793  	1.042084  	-0.406533 
62.000000 	0.747621  	1.063357  	-0.410311 
63.000000 	0.721449  	1.084630  	-0.414090 
64.000000 	0.695183  	1.105584  	-0.417869 
65.000000 	0.668355  	1.124621  	-0.421656 
66.000000 	0.641526  	1.143659  	-0.425442 
67.000000 	0.614698  	1.162697  	-0.429228 
68.000000 	0.587869  	1.181734  	-0.433014 
69.000000 	0.560682  	1.198683  	-0.436781 
70.000000 	0.533396  	1.215062  	-0.440543 
71.000000 	0.506110  	1.231440  	-0.444305 
72.000000 	0.478824  	1.247819  	-0.448068 
73.000000 	0.451474  	1.262903  	-0.451822 
74.000000 	0.424041  	1.276261  	-0.455568 
75.000000 	0.396608  	1.289619  	-0.459313 
76.000000 	0.369174  	1.302976  	-0.463058 
77.000000 	0.341759  	1.316098  	-0.466794 
78.000000 	0.314576  	1.326143  	-0.470414 
79.000000 	0.287393  	1.336188  	-0.474033 
80.000000 	0.260210  	1.346234  	-0.477652 
81.000000 	0.233027  	1.356279  	-0.481271 
82.000000 	0.206356  	1.363805  	-0.484676 
83.000000 	0.179890  	1.370323  	-0.487994 
84.000000 	0.153424  	1.376841  	-0.491313 
85.000000 	0.126957  	1.383359  	-0.494631 
86.000000 	0.100932  	1.388570  	-0.497950 
87.000000 	0.075699  	1.391427  	-0.501268 
88.000000 	0.050466  	1.394285  	-0.504586 
89.000000 	0.025233  	1.397142  	-0.507905 
90.000000 	0.000000  	1.400000  	-0.511223 
91.000000 	-0.017663 	1.397142  	-0.512725 
92.000000 	-0.035326 	1.394285  	-0.514228 
93.000000 	-0.052989 	1.391427  	-0.515730 
94.000000 	-0.070652 	1.388570  	-0.517232 
95.000000 	-0.088870 	1.383359  	-0.518734 
96.000000 	-0.107397 	1.376841  	-0.520237 
97.000000 	-0.125923 	1.370323  	-0.521739 
98.000000 	-0.144449 	1.363805  	-0.523241 
99.000000 	-0.163119 	1.356279  	-0.524479 
100.000000	-0.182147 	1.346234  	-0.525057 
101.000000	-0.201175 	1.336188  	-0.525634 
102.000000	-0.220203 	1.326143  	-0.526212 
103.000000	-0.239231 	1.316098  	-0.526789 
104.000000	-0.258422 	1.302976  	-0.527007 
105.000000	-0.277625 	1.289619  	-0.527197 
106.000000	-0.296829 	1.276261  	-0.527388 
107.000000	-0.316032 	1.262903  	-0.527578 
108.000000	-0.335177 	1.247819  	-0.527634 
109.000000	-0.354277 	1.231440  	-0.527589 
110.000000	-0.373377 	1.215062  	-0.527544 
111.000000	-0.392477 	1.198683  	-0.527499 
112.000000	-0.411509 	1.181734  	-0.527381 
113.000000	-0.430288 	1.162697  	-0.526997 
114.000000	-0.449068 	1.143659  	-0.526613 
115.000000	-0.467848 	1.124621  	-0.526229 
116.000000	-0.486628 	1.105584  	-0.525845 
117.000000	-0.505014 	1.084630  	-0.525519 
118.000000	-0.523335 	1.063357  	-0.525203 
119.000000	-0.541655 	1.042084  	-0.524887 
120.000000	-0.559976 	1.020811  	-0.524571 
121.000000	-0.578046 	0.998658  	-0.524518 
122.000000	-0.595866 	0.975625  	-0.524728 
123.000000	-0.613686 	0.952593  	-0.524938 
124.000000	-0.631506 	0.929560  	-0.525148 
125.000000	-0.649267 	0.906350  	-0.525358 
126.000000	-0.666671 	0.882075  	-0.525568 
127.000000	-0.684075 	0.857800  	-0.525778 
128.000000	-0.701479 	0.833525  	-0.525988 
129.000000	-0.718883 	0.809250  	-0.526197 
130.000000	-0.736154 	0.784428  	-0.528129 
131.000000	-0.753389 	0.759458  	-0.530531 
132.000000	-0.770625 	0.734487  	-0.532933 
133.000000	-0.787860 	0.709516  	-0.535334 
134.000000	-0.805224 	0.684489  	-0.537943 
135.000000	-0.822759 	0.659386  	-0.540826 
136.000000	-0.840294 	0.634283  	-0.543710 
137.000000	-0.857830 	0.609180  	-0.546594 
138.000000	-0.875443 	0.584108  	-0.549740 
139.000000	-0.894065 	0.559440  	-0.556291 
140.000000	-0.912687 	0.534772  	-0.562841 
141.000000	-0.931309 	0.510104  	-0.569392 
142.000000	-0.949932 	0.485436  	-0.575943 
143.000000	-0.970240 	0.461478  	-0.584867 
144.000000	-0.991222 	0.437804  	-0.594741 
145.000000	-1.012205 	0.414129  	-0.604615 
146.000000	-1.033188 	0.390455  	-0.614488 
147.000000	-1.055756 	0.367327  	-0.623031 
148.000000	-1.081180 	0.345183  	-0.629176 
149.000000	-1.106603 	0.323039  	-0.635322 
150.000000	-1.132027 	0.300894  	-0.641467 
151.000000	-1.157450 	0.278750  	-0.647613 
152.000000	-1.117538 	0.258044  	-0.641242 
153.000000	-1.077626 	0.237337  	-0.634871 
154.000000	-1.037714 	0.217628  	-0.628500 
155.000000	-0.997802 	0.197995  	-0.622129 
156.000000	-0.957890 	0.179370  	-0.615758 
157.000000	-0.917978 	0.160912  	-0.609387 
158.000000	-0.878066 	0.143452  	-0.603016 
159.000000	-0.838153 	0.126264  	-0.596645 
160.000000	-0.798241 	0.110046  	-0.589031 
161.000000	-0.758329 	0.094216  	-0.580919 
162.000000	-0.718417 	0.079312  	-0.572219 
163.000000	-0.678505 	0.064921  	-0.563192 
164.000000	-0.638593 	0.051396  	-0.554164 
165.000000	-0.598681 	0.038519  	-0.545137 
166.000000	-0.558769 	0.026432  	-0.536110 
167.000000	-0.518857 	0.015134  	-0.527082 
168.000000	-0.478945 	0.007090  	-0.518055 
169.000000	-0.439033 	0.003383  	-0.509027 
170.000000	-0.399121 	0.001000  	-0.487890 
171.000000	-0.359209 	0.001000  	-0.444954 
172.000000	-0.319297 	0.001000  	-0.400000 
173.000000	-0.279384 	0.001000  	-0.350000 
174.000000	-0.239472 	0.001000  	-0.300000 
175.000000	-0.199560 	0.001000  	-0.250000 
176.000000	-0.159648 	0.001000  	-0.200000 
177.000000	-0.119736 	0.001000  	-0.150000 
178.000000	-0.079824 	0.001000  	-0.100000 
179.000000	-0.039912 	0.001000  	-0.050000 
180.000000	0.000000  	0.001000  	0.000000  
! ------------------------------------------------------------------------------
! data for table	7         
! ------------------------------------------------------------------------------
  0.800000  	Re           ! Reynolds number in millions
  0.000000  	UserProp     ! User property (control) setting
Flase           InclUAdata   ! Is unsteady aerodynamics data included in this table? If TRUE, then include UA coefficients below this line. Any missing coefficients will be calculated internally.
! Table of aerodynamics coefficients
  361       	NumAlf       ! Number of data lines in the following table
!Alpha      Cl          Cd          Cm/Cp
!(deg)      (-)         (-)         (-)
-180.000000	0.000000  	0.001000  	0.000000  
-179.000000	0.039912  	0.001000  	0.040000  
-178.000000	0.079824  	0.001000  	0.080000  
-177.000000	0.119736  	0.001000  	0.120000  
-176.000000	0.159648  	0.001000  	0.160000  
-175.000000	0.199560  	0.001000  	0.200000  
-174.000000	0.239472  	0.001000  	0.240000  
-173.000000	0.279384  	0.001000  	0.280000  
-172.000000	0.319297  	0.001000  	0.320000  
-171.000000	0.359209  	0.001000  	0.357426  
-170.000000	0.399121  	0.001000  	0.393823  
-169.000000	0.439033  	0.003601  	0.419100  
-168.000000	0.478945  	0.007648  	0.438200  
-167.000000	0.518857  	0.015836  	0.457300  
-166.000000	0.558769  	0.027130  	0.476400  
-165.000000	0.598681  	0.039214  	0.495500  
-164.000000	0.638593  	0.052088  	0.514600  
-163.000000	0.678505  	0.065610  	0.533700  
-162.000000	0.718417  	0.079997  	0.552800  
-161.000000	0.758329  	0.094897  	0.570333  
-160.000000	0.798241  	0.110723  	0.585044  
-159.000000	0.838153  	0.126936  	0.597372  
-158.000000	0.878066  	0.144120  	0.603744  
-157.000000	0.917978  	0.161575  	0.610115  
-156.000000	0.957890  	0.180028  	0.616486  
-155.000000	0.997802  	0.198648  	0.622858  
-154.000000	1.037714  	0.218275  	0.629229  
-153.000000	1.077626  	0.237979  	0.635601  
-152.000000	1.117538  	0.258679  	0.641972  
-151.000000	1.157450  	0.279380  	0.648344  
-150.000000	1.132027  	0.301518  	0.642197  
-149.000000	1.106603  	0.323656  	0.636050  
-148.000000	1.081180  	0.345793  	0.629903  
-147.000000	1.055756  	0.367931  	0.623757  
-146.000000	1.033188  	0.391052  	0.615213  
-145.000000	1.012205  	0.414719  	0.605337  
-144.000000	0.991222  	0.438386  	0.595461  
-143.000000	0.970240  	0.462053  	0.585586  
-142.000000	0.949932  	0.486004  	0.576659  
-141.000000	0.931309  	0.510664  	0.570107  
-140.000000	0.912687  	0.535323  	0.563554  
-139.000000	0.894065  	0.559983  	0.557001  
-138.000000	0.875443  	0.584643  	0.550449  
-137.000000	0.857830  	0.609706  	0.547301  
-136.000000	0.840294  	0.634801  	0.544415  
-135.000000	0.822759  	0.659895  	0.541529  
-134.000000	0.805224  	0.684989  	0.538643  
-133.000000	0.787860  	0.710007  	0.536032  
-132.000000	0.770625  	0.734969  	0.533628  
-131.000000	0.753389  	0.759930  	0.531224  
-130.000000	0.736154  	0.784891  	0.528821  
-129.000000	0.718883  	0.809703  	0.526886  
-128.000000	0.701479  	0.833968  	0.526673  
-127.000000	0.684075  	0.858233  	0.526461  
-126.000000	0.666671  	0.882498  	0.526248  
-125.000000	0.649267  	0.906763  	0.526035  
-124.000000	0.631506  	0.929963  	0.525822  
-123.000000	0.613686  	0.952985  	0.525610  
-122.000000	0.595866  	0.976007  	0.525397  
-121.000000	0.578046  	0.999029  	0.525184  
-120.000000	0.559976  	1.021171  	0.525234  
-119.000000	0.541655  	1.042433  	0.525547  
-118.000000	0.523335  	1.063695  	0.525859  
-117.000000	0.505014  	1.084957  	0.526171  
-116.000000	0.486628  	1.105899  	0.526494  
-115.000000	0.467848  	1.124926  	0.526874  
-114.000000	0.449068  	1.143952  	0.527255  
-113.000000	0.430288  	1.162978  	0.527635  
-112.000000	0.411509  	1.182004  	0.528016  
-111.000000	0.392477  	1.198941  	0.528130  
-110.000000	0.373377  	1.215308  	0.528171  
-109.000000	0.354277  	1.231675  	0.528212  
-108.000000	0.335177  	1.248041  	0.528254  
-107.000000	0.316032  	1.263113  	0.528194  
-106.000000	0.296829  	1.276459  	0.528000  
-105.000000	0.277625  	1.289805  	0.527805  
-104.000000	0.258422  	1.303151  	0.527611  
-103.000000	0.239231  	1.316260  	0.527389  
-102.000000	0.220203  	1.326293  	0.526808  
-101.000000	0.201175  	1.336326  	0.526227  
-100.000000	0.182147  	1.346359  	0.525645  
-99.000000	0.163119  	1.356392  	0.525064  
-98.000000	0.144449  	1.363905  	0.523822  
-97.000000	0.125923  	1.370411  	0.522316  
-96.000000	0.107397  	1.376916  	0.520810  
-95.000000	0.088870  	1.383422  	0.519304  
-94.000000	0.070652  	1.388620  	0.517797  
-93.000000	0.052989  	1.391465  	0.516291  
-92.000000	0.035326  	1.394310  	0.514785  
-91.000000	0.017663  	1.397155  	0.513279  
-90.000000	0.000000  	1.400000  	0.511773  
-89.000000	-0.017663 	1.397155  	0.508144  
-88.000000	-0.035326 	1.394310  	0.504514  
-87.000000	-0.052989 	1.391465  	0.500885  
-86.000000	-0.070652 	1.388620  	0.497256  
-85.000000	-0.088870 	1.383422  	0.493626  
-84.000000	-0.107397 	1.376916  	0.489997  
-83.000000	-0.125923 	1.370411  	0.486367  
-82.000000	-0.144449 	1.363905  	0.482738  
-81.000000	-0.163119 	1.356392  	0.478916  
-80.000000	-0.182147 	1.346359  	0.474613  
-79.000000	-0.201175 	1.336326  	0.470310  
-78.000000	-0.220203 	1.326293  	0.466007  
-77.000000	-0.239231 	1.316260  	0.461704  
-76.000000	-0.258422 	1.303151  	0.457139  
-75.000000	-0.277625 	1.289805  	0.452554  
-74.000000	-0.296829 	1.276459  	0.447969  
-73.000000	-0.316032 	1.263113  	0.443384  
-72.000000	-0.335177 	1.248041  	0.438728  
-71.000000	-0.354277 	1.231675  	0.434018  
-70.000000	-0.373377 	1.215308  	0.429309  
-69.000000	-0.392477 	1.198941  	0.424600  
-68.000000	-0.411509 	1.182004  	0.419852  
-67.000000	-0.430288 	1.162978  	0.414964  
-66.000000	-0.449068 	1.143952  	0.410076  
-65.000000	-0.467848 	1.124926  	0.405188  
-64.000000	-0.486628 	1.105899  	0.400300  
-63.000000	-0.505014 	1.084957  	0.395430  
-62.000000	-0.523335 	1.063695  	0.390563  
-61.000000	-0.541655 	1.042433  	0.385696  
-60.000000	-0.559976 	1.021171  	0.380828  
-59.000000	-0.578046 	0.999029  	0.376041  
-58.000000	-0.595866 	0.976007  	0.371333  
-57.000000	-0.613686 	0.952985  	0.366626  
-56.000000	-0.631506 	0.929963  	0.361918  
-55.000000	-0.649267 	0.906763  	0.357211  
-54.000000	-0.666671 	0.882498  	0.352503  
-53.000000	-0.684075 	0.858233  	0.347796  
-52.000000	-0.701479 	0.833968  	0.343088  
-51.000000	-0.718883 	0.809703  	0.338381  
-50.000000	-0.736154 	0.784891  	0.333842  
-49.000000	-0.753389 	0.759930  	0.329349  
-48.000000	-0.770625 	0.734969  	0.324856  
-47.000000	-0.787860 	0.710007  	0.320363  
-46.000000	-0.805224 	0.684989  	0.315891  
-45.000000	-0.822759 	0.659895  	0.311445  
-44.000000	-0.840294 	0.634801  	0.306999  
-43.000000	-0.857830 	0.609706  	0.302554  
-42.000000	-0.875443 	0.584643  	0.298069  
-41.000000	-0.894065 	0.559983  	0.293080  
-40.000000	-0.912687 	0.535323  	0.288090  
-39.000000	-0.931309 	0.510664  	0.283101  
-38.000000	-0.949932 	0.486004  	0.278111  
-37.000000	-0.970240 	0.462053  	0.272769  
-36.000000	-0.991222 	0.438386  	0.267287  
-35.000000	-1.012205 	0.414719  	0.261804  
-34.000000	-1.033188 	0.391052  	0.256322  
-33.000000	-1.055756 	0.367931  	0.250377  
-32.000000	-1.081180 	0.345793  	0.243601  
-31.000000	-1.106603 	0.323656  	0.236824  
-30.000000	-1.132027 	0.301518  	0.230047  
-29.000000	-1.157450 	0.279380  	0.223271  
-28.000000	-1.124711 	0.265309  	0.212149  
-27.000000	-1.091971 	0.251238  	0.201027  
-26.000000	-1.059232 	0.237167  	0.189905  
-25.000000	-1.026492 	0.223096  	0.178784  
-24.000000	-0.993753 	0.209025  	0.167662  
-23.000000	-0.961013 	0.194954  	0.156540  
-22.000000	-0.928274 	0.180883  	0.145419  
-21.000000	-0.895534 	0.166812  	0.134297  
-20.000000	-0.862795 	0.152741  	0.122798  
-19.000000	-0.830055 	0.138669  	0.110858  
-18.000000	-0.797316 	0.124598  	0.098540  
-17.000000	-0.764576 	0.110527  	0.086223  
-16.000000	-0.731837 	0.096456  	0.073905  
-15.000000	-0.699097 	0.082385  	0.061588  
-14.000000	-0.666358 	0.068314  	0.049270  
-13.000000	-0.633618 	0.054243  	0.036953  
-12.000000	-0.600879 	0.040172  	-0.010865 
-11.000000	-0.568139 	0.026101  	-0.072882 
-10.000000	-0.535400 	0.012030  	-0.134900 
-9.000000 	-0.383400 	0.011270  	-0.145900 
-8.000000 	-0.244900 	0.011000  	-0.152600 
-7.000000 	-0.111500 	0.010830  	-0.157800 
-6.000000 	0.020400  	0.010710  	-0.162500 
-5.000000 	0.150900  	0.010660  	-0.166900 
-4.000000 	0.280400  	0.010680  	-0.171000 
-3.000000 	0.408900  	0.010760  	-0.174900 
-2.000000 	0.536000  	0.010880  	-0.178500 
-1.000000 	0.661800  	0.011040  	-0.181700 
0.000000  	0.785800  	0.011220  	-0.184600 
1.000000  	0.908100  	0.011460  	-0.187200 
2.000000  	1.028100  	0.011700  	-0.189300 
3.000000  	1.146400  	0.011980  	-0.191000 
4.000000  	1.261600  	0.012410  	-0.192200 
5.000000  	1.373200  	0.012900  	-0.192600 
6.000000  	1.477500  	0.013750  	-0.191800 
7.000000  	1.565500  	0.015400  	-0.187900 
8.000000  	1.629400  	0.017930  	-0.179600 
9.000000  	1.662800  	0.021220  	-0.165900 
10.000000 	1.692900  	0.025500  	-0.153700 
11.000000 	1.714000  	0.031700  	-0.143800 
12.000000 	1.729400  	0.040220  	-0.137300 
13.000000 	1.734900  	0.050600  	-0.132400 
14.000000 	1.735700  	0.061990  	-0.128700 
15.000000 	1.733200  	0.074290  	-0.126200 
16.000000 	1.727700  	0.087430  	-0.125000 
17.000000 	1.720500  	0.101120  	-0.125200 
18.000000 	1.713400  	0.115150  	-0.127100 
19.000000 	1.702900  	0.129980  	-0.131000 
20.000000 	1.690600  	0.145530  	-0.137200 
21.000000 	1.678200  	0.161420  	-0.145500 
22.000000 	1.663700  	0.178120  	-0.156100 
23.000000 	1.646400  	0.195640  	-0.169100 
24.000000 	1.636800  	0.212000  	-0.182600 
25.000000 	1.629700  	0.228050  	-0.196900 
26.000000 	1.629600  	0.242630  	-0.211000 
27.000000 	1.634800  	0.255940  	-0.224700 
28.000000 	1.643900  	0.267850  	-0.237800 
29.000000 	1.653500  	0.279380  	-0.251100 
30.000000 	1.617181  	0.301518  	-0.258422 
31.000000 	1.580862  	0.323656  	-0.265745 
32.000000 	1.544542  	0.345793  	-0.273067 
33.000000 	1.508223  	0.367931  	-0.280390 
34.000000 	1.475982  	0.391052  	-0.287148 
35.000000 	1.446007  	0.414719  	-0.293594 
36.000000 	1.416032  	0.438386  	-0.300039 
37.000000 	1.386057  	0.462053  	-0.306484 
38.000000 	1.357045  	0.486004  	-0.312602 
39.000000 	1.330442  	0.510664  	-0.317899 
40.000000 	1.303839  	0.535323  	-0.323196 
41.000000 	1.277236  	0.559983  	-0.328493 
42.000000 	1.250632  	0.584643  	-0.333790 
43.000000 	1.225471  	0.609706  	-0.337910 
44.000000 	1.200420  	0.634801  	-0.341940 
45.000000 	1.175370  	0.659895  	-0.345970 
46.000000 	1.150319  	0.684989  	-0.349999 
47.000000 	1.125514  	0.710007  	-0.353997 
48.000000 	1.100892  	0.734969  	-0.357971 
49.000000 	1.076271  	0.759930  	-0.361945 
50.000000 	1.051649  	0.784891  	-0.365919 
51.000000 	1.026976  	0.809703  	-0.369838 
52.000000 	1.002113  	0.833968  	-0.373558 
53.000000 	0.977250  	0.858233  	-0.377278 
54.000000 	0.952387  	0.882498  	-0.380997 
55.000000 	0.927524  	0.906763  	-0.384717 
56.000000 	0.902152  	0.929963  	-0.388437 
57.000000 	0.876694  	0.952985  	-0.392156 
58.000000 	0.851237  	0.976007  	-0.395876 
59.000000 	0.825780  	0.999029  	-0.399596 
60.000000 	0.799965  	1.021171  	-0.403345 
61.000000 	0.773793  	1.042433  	-0.407123 
62.000000 	0.747621  	1.063695  	-0.410901 
63.000000 	0.721449  	1.084957  	-0.414680 
64.000000 	0.695183  	1.105899  	-0.418459 
65.000000 	0.668355  	1.124926  	-0.422245 
66.000000 	0.641526  	1.143952  	-0.426031 
67.000000 	0.614698  	1.162978  	-0.429816 
68.000000 	0.587869  	1.182004  	-0.433602 
69.000000 	0.560682  	1.198941  	-0.437369 
70.000000 	0.533396  	1.215308  	-0.441130 
71.000000 	0.506110  	1.231675  	-0.444891 
72.000000 	0.478824  	1.248041  	-0.448652 
73.000000 	0.451474  	1.263113  	-0.452405 
74.000000 	0.424041  	1.276459  	-0.456149 
75.000000 	0.396608  	1.289805  	-0.459893 
76.000000 	0.369174  	1.303151  	-0.463637 
77.000000 	0.341759  	1.316260  	-0.467371 
78.000000 	0.314576  	1.326293  	-0.470989 
79.000000 	0.287393  	1.336326  	-0.474606 
80.000000 	0.260210  	1.346359  	-0.478224 
81.000000 	0.233027  	1.356392  	-0.481842 
82.000000 	0.206356  	1.363905  	-0.485244 
83.000000 	0.179890  	1.370411  	-0.488560 
84.000000 	0.153424  	1.376916  	-0.491876 
85.000000 	0.126957  	1.383422  	-0.495192 
86.000000 	0.100932  	1.388620  	-0.498508 
87.000000 	0.075699  	1.391465  	-0.501825 
88.000000 	0.050466  	1.394310  	-0.505141 
89.000000 	0.025233  	1.397155  	-0.508457 
90.000000 	0.000000  	1.400000  	-0.511773 
91.000000 	-0.017663 	1.397155  	-0.513279 
92.000000 	-0.035326 	1.394310  	-0.514785 
93.000000 	-0.052989 	1.391465  	-0.516291 
94.000000 	-0.070652 	1.388620  	-0.517797 
95.000000 	-0.088870 	1.383422  	-0.519304 
96.000000 	-0.107397 	1.376916  	-0.520810 
97.000000 	-0.125923 	1.370411  	-0.522316 
98.000000 	-0.144449 	1.363905  	-0.523822 
99.000000 	-0.163119 	1.356392  	-0.525064 
100.000000	-0.182147 	1.346359  	-0.525645 
101.000000	-0.201175 	1.336326  	-0.526227 
102.000000	-0.220203 	1.326293  	-0.526808 
103.000000	-0.239231 	1.316260  	-0.527389 
104.000000	-0.258422 	1.303151  	-0.527611 
105.000000	-0.277625 	1.289805  	-0.527805 
106.000000	-0.296829 	1.276459  	-0.528000 
107.000000	-0.316032 	1.263113  	-0.528194 
108.000000	-0.335177 	1.248041  	-0.528254 
109.000000	-0.354277 	1.231675  	-0.528212 
110.000000	-0.373377 	1.215308  	-0.528171 
111.000000	-0.392477 	1.198941  	-0.528130 
112.000000	-0.411509 	1.182004  	-0.528016 
113.000000	-0.430288 	1.162978  	-0.527635 
114.000000	-0.449068 	1.143952  	-0.527255 
115.000000	-0.467848 	1.124926  	-0.526874 
116.000000	-0.486628 	1.105899  	-0.526494 
117.000000	-0.505014 	1.084957  	-0.526171 
118.000000	-0.523335 	1.063695  	-0.525859 
119.000000	-0.541655 	1.042433  	-0.525547 
120.000000	-0.559976 	1.021171  	-0.525234 
121.000000	-0.578046 	0.999029  	-0.525184 
122.000000	-0.595866 	0.976007  	-0.525397 
123.000000	-0.613686 	0.952985  	-0.525610 
124.000000	-0.631506 	0.929963  	-0.525822 
125.000000	-0.649267 	0.906763  	-0.526035 
126.000000	-0.666671 	0.882498  	-0.526248 
127.000000	-0.684075 	0.858233  	-0.526461 
128.000000	-0.701479 	0.833968  	-0.526673 
129.000000	-0.718883 	0.809703  	-0.526886 
130.000000	-0.736154 	0.784891  	-0.528821 
131.000000	-0.753389 	0.759930  	-0.531224 
132.000000	-0.770625 	0.734969  	-0.533628 
133.000000	-0.787860 	0.710007  	-0.536032 
134.000000	-0.805224 	0.684989  	-0.538643 
135.000000	-0.822759 	0.659895  	-0.541529 
136.000000	-0.840294 	0.634801  	-0.544415 
137.000000	-0.857830 	0.609706  	-0.547301 
138.000000	-0.875443 	0.584643  	-0.550449 
139.000000	-0.894065 	0.559983  	-0.557001 
140.000000	-0.912687 	0.535323  	-0.563554 
141.000000	-0.931309 	0.510664  	-0.570107 
142.000000	-0.949932 	0.486004  	-0.576659 
143.000000	-0.970240 	0.462053  	-0.585586 
144.000000	-0.991222 	0.438386  	-0.595461 
145.000000	-1.012205 	0.414719  	-0.605337 
146.000000	-1.033188 	0.391052  	-0.615213 
147.000000	-1.055756 	0.367931  	-0.623757 
148.000000	-1.081180 	0.345793  	-0.629903 
149.000000	-1.106603 	0.323656  	-0.636050 
150.000000	-1.132027 	0.301518  	-0.642197 
151.000000	-1.157450 	0.279380  	-0.648344 
152.000000	-1.117538 	0.258679  	-0.641972 
153.000000	-1.077626 	0.237979  	-0.635601 
154.000000	-1.037714 	0.218275  	-0.629229 
155.000000	-0.997802 	0.198648  	-0.622858 
156.000000	-0.957890 	0.180028  	-0.616486 
157.000000	-0.917978 	0.161575  	-0.610115 
158.000000	-0.878066 	0.144120  	-0.603744 
159.000000	-0.838153 	0.126936  	-0.597372 
160.000000	-0.798241 	0.110723  	-0.589724 
161.000000	-0.758329 	0.094897  	-0.581564 
162.000000	-0.718417 	0.079997  	-0.572800 
163.000000	-0.678505 	0.065610  	-0.563700 
164.000000	-0.638593 	0.052088  	-0.554600 
165.000000	-0.598681 	0.039214  	-0.545500 
166.000000	-0.558769 	0.027130  	-0.536400 
167.000000	-0.518857 	0.015836  	-0.527300 
168.000000	-0.478945 	0.007648  	-0.518200 
169.000000	-0.439033 	0.003601  	-0.509100 
170.000000	-0.399121 	0.001000  	-0.487911 
171.000000	-0.359209 	0.001000  	-0.444963 
172.000000	-0.319297 	0.001000  	-0.400000 
173.000000	-0.279384 	0.001000  	-0.350000 
174.000000	-0.239472 	0.001000  	-0.300000 
175.000000	-0.199560 	0.001000  	-0.250000 
176.000000	-0.159648 	0.001000  	-0.200000 
177.000000	-0.119736 	0.001000  	-0.150000 
178.000000	-0.079824 	0.001000  	-0.100000 
179.000000	-0.039912 	0.001000  	-0.050000 
180.000000	0.000000  	0.001000  	0.000000  
! ------------------------------------------------------------------------------
! data for table	8         
! ------------------------------------------------------------------------------
  0.900000  	Re           ! Reynolds number in millions
  0.000000  	UserProp     ! User property (control) setting
Flase           InclUAdata   ! Is unsteady aerodynamics data included in this table? If TRUE, then include UA coefficients below this line. Any missing coefficients will be calculated internally.
! Table of aerodynamics coefficients
  361       	NumAlf       ! Number of data lines in the following table
!Alpha      Cl          Cd          Cm/Cp
!(deg)      (-)         (-)         (-)
-180.000000	0.000000  	0.001000  	0.000000  
-179.000000	0.039840  	0.001000  	0.040000  
-178.000000	0.079679  	0.001000  	0.080000  
-177.000000	0.119519  	0.001000  	0.120000  
-176.000000	0.159359  	0.001000  	0.160000  
-175.000000	0.199198  	0.001000  	0.200000  
-174.000000	0.239038  	0.001000  	0.240000  
-173.000000	0.278878  	0.001000  	0.280000  
-172.000000	0.318717  	0.001000  	0.320000  
-171.000000	0.358557  	0.001000  	0.357422  
-170.000000	0.398397  	0.001000  	0.393812  
-169.000000	0.438236  	0.004121  	0.419063  
-168.000000	0.478076  	0.008976  	0.438125  
-167.000000	0.517916  	0.017507  	0.457188  
-166.000000	0.557755  	0.028794  	0.476251  
-165.000000	0.597595  	0.040871  	0.495313  
-164.000000	0.637434  	0.053736  	0.514376  
-163.000000	0.677274  	0.067250  	0.533439  
-162.000000	0.717114  	0.081627  	0.552501  
-161.000000	0.756953  	0.096519  	0.570002  
-160.000000	0.796793  	0.112334  	0.584690  
-159.000000	0.836633  	0.128537  	0.597004  
-158.000000	0.876472  	0.145710  	0.603381  
-157.000000	0.916312  	0.163154  	0.609758  
-156.000000	0.956152  	0.181594  	0.616136  
-155.000000	0.995991  	0.200202  	0.622513  
-154.000000	1.035831  	0.219816  	0.628890  
-153.000000	1.075671  	0.239507  	0.635268  
-152.000000	1.115510  	0.260193  	0.641645  
-151.000000	1.155350  	0.280880  	0.648022  
-150.000000	1.130021  	0.303002  	0.641921  
-149.000000	1.104692  	0.325125  	0.635820  
-148.000000	1.079363  	0.347247  	0.629719  
-147.000000	1.054034  	0.369369  	0.623618  
-146.000000	1.031547  	0.392473  	0.615127  
-145.000000	1.010640  	0.416123  	0.605309  
-144.000000	0.989732  	0.439773  	0.595491  
-143.000000	0.968825  	0.463422  	0.585673  
-142.000000	0.948588  	0.487355  	0.576800  
-141.000000	0.930027  	0.511996  	0.570289  
-140.000000	0.911466  	0.536636  	0.563778  
-139.000000	0.892905  	0.561277  	0.557268  
-138.000000	0.874344  	0.585917  	0.550757  
-137.000000	0.856782  	0.610960  	0.547635  
-136.000000	0.839298  	0.636033  	0.544774  
-135.000000	0.821813  	0.661107  	0.541913  
-134.000000	0.804329  	0.686180  	0.539052  
-133.000000	0.787011  	0.711177  	0.536465  
-132.000000	0.769819  	0.736115  	0.534083  
-131.000000	0.752626  	0.761054  	0.531701  
-130.000000	0.735434  	0.785993  	0.529319  
-129.000000	0.718204  	0.810783  	0.527405  
-128.000000	0.700836  	0.835024  	0.527202  
-127.000000	0.683468  	0.859265  	0.526999  
-126.000000	0.666100  	0.883506  	0.526796  
-125.000000	0.648732  	0.907747  	0.526593  
-124.000000	0.631002  	0.930921  	0.526390  
-123.000000	0.613213  	0.953918  	0.526187  
-122.000000	0.595423  	0.976915  	0.525984  
-121.000000	0.577633  	0.999912  	0.525782  
-120.000000	0.559590  	1.022028  	0.525838  
-119.000000	0.541295  	1.043264  	0.526154  
-118.000000	0.523000  	1.064499  	0.526469  
-117.000000	0.504705  	1.085735  	0.526785  
-116.000000	0.486343  	1.106651  	0.527110  
-115.000000	0.467584  	1.125650  	0.527493  
-114.000000	0.448825  	1.144649  	0.527876  
-113.000000	0.430066  	1.163648  	0.528259  
-112.000000	0.411307  	1.182647  	0.528641  
-111.000000	0.392293  	1.199555  	0.528756  
-110.000000	0.373209  	1.215894  	0.528798  
-109.000000	0.354125  	1.232233  	0.528839  
-108.000000	0.335042  	1.248571  	0.528881  
-107.000000	0.315912  	1.263615  	0.528821  
-106.000000	0.296722  	1.276932  	0.528626  
-105.000000	0.277531  	1.290248  	0.528430  
-104.000000	0.258340  	1.303565  	0.528235  
-103.000000	0.239162  	1.316645  	0.528012  
-102.000000	0.220143  	1.326649  	0.527429  
-101.000000	0.201124  	1.336653  	0.526847  
-100.000000	0.182105  	1.346656  	0.526264  
-99.000000	0.163085  	1.356660  	0.525682  
-98.000000	0.144422  	1.364144  	0.524438  
-97.000000	0.125901  	1.370620  	0.522930  
-96.000000	0.107380  	1.377096  	0.521422  
-95.000000	0.088859  	1.383571  	0.519914  
-94.000000	0.070645  	1.388740  	0.518407  
-93.000000	0.052984  	1.391555  	0.516899  
-92.000000	0.035323  	1.394370  	0.515391  
-91.000000	0.017661  	1.397185  	0.513883  
-90.000000	0.000000  	1.400000  	0.512375  
-89.000000	-0.017661 	1.397185  	0.508758  
-88.000000	-0.035323 	1.394370  	0.505141  
-87.000000	-0.052984 	1.391555  	0.501525  
-86.000000	-0.070645 	1.388740  	0.497908  
-85.000000	-0.088859 	1.383571  	0.494291  
-84.000000	-0.107380 	1.377096  	0.490674  
-83.000000	-0.125901 	1.370620  	0.487057  
-82.000000	-0.144422 	1.364144  	0.483440  
-81.000000	-0.163085 	1.356660  	0.479630  
-80.000000	-0.182105 	1.346656  	0.475337  
-79.000000	-0.201124 	1.336653  	0.471045  
-78.000000	-0.220143 	1.326649  	0.466752  
-77.000000	-0.239162 	1.316645  	0.462459  
-76.000000	-0.258340 	1.303565  	0.457903  
-75.000000	-0.277531 	1.290248  	0.453328  
-74.000000	-0.296722 	1.276932  	0.448752  
-73.000000	-0.315912 	1.263615  	0.444176  
-72.000000	-0.335042 	1.248571  	0.439529  
-71.000000	-0.354125 	1.232233  	0.434827  
-70.000000	-0.373209 	1.215894  	0.430125  
-69.000000	-0.392293 	1.199555  	0.425424  
-68.000000	-0.411307 	1.182647  	0.420683  
-67.000000	-0.430066 	1.163648  	0.415800  
-66.000000	-0.448825 	1.144649  	0.410917  
-65.000000	-0.467584 	1.125650  	0.406035  
-64.000000	-0.486343 	1.106651  	0.401152  
-63.000000	-0.504705 	1.085735  	0.396286  
-62.000000	-0.523000 	1.064499  	0.391424  
-61.000000	-0.541295 	1.043264  	0.386561  
-60.000000	-0.559590 	1.022028  	0.381699  
-59.000000	-0.577633 	0.999912  	0.376914  
-58.000000	-0.595423 	0.976915  	0.372208  
-57.000000	-0.613213 	0.953918  	0.367502  
-56.000000	-0.631002 	0.930921  	0.362796  
-55.000000	-0.648732 	0.907747  	0.358090  
-54.000000	-0.666100 	0.883506  	0.353384  
-53.000000	-0.683468 	0.859265  	0.348678  
-52.000000	-0.700836 	0.835024  	0.343972  
-51.000000	-0.718204 	0.810783  	0.339266  
-50.000000	-0.735434 	0.785993  	0.334728  
-49.000000	-0.752626 	0.761054  	0.330237  
-48.000000	-0.769819 	0.736115  	0.325745  
-47.000000	-0.787011 	0.711177  	0.321253  
-46.000000	-0.804329 	0.686180  	0.316782  
-45.000000	-0.821813 	0.661107  	0.312337  
-44.000000	-0.839298 	0.636033  	0.307893  
-43.000000	-0.856782 	0.610960  	0.303448  
-42.000000	-0.874344 	0.585917  	0.298966  
-41.000000	-0.892905 	0.561277  	0.293983  
-40.000000	-0.911466 	0.536636  	0.289001  
-39.000000	-0.930027 	0.511996  	0.284018  
-38.000000	-0.948588 	0.487355  	0.279036  
-37.000000	-0.968825 	0.463422  	0.273705  
-36.000000	-0.989732 	0.439773  	0.268235  
-35.000000	-1.010640 	0.416123  	0.262765  
-34.000000	-1.031547 	0.392473  	0.257295  
-33.000000	-1.054034 	0.369369  	0.251364  
-32.000000	-1.079363 	0.347247  	0.244602  
-31.000000	-1.104692 	0.325125  	0.237841  
-30.000000	-1.130021 	0.303002  	0.231079  
-29.000000	-1.155350 	0.280880  	0.224318  
-28.000000	-1.122595 	0.266717  	0.213221  
-27.000000	-1.089839 	0.252554  	0.202124  
-26.000000	-1.057084 	0.238391  	0.191027  
-25.000000	-1.024329 	0.224227  	0.179931  
-24.000000	-0.991574 	0.210064  	0.168834  
-23.000000	-0.958818 	0.195901  	0.157737  
-22.000000	-0.926063 	0.181738  	0.146640  
-21.000000	-0.893308 	0.167575  	0.135543  
-20.000000	-0.860553 	0.153412  	0.124021  
-19.000000	-0.827797 	0.139248  	0.112002  
-18.000000	-0.795042 	0.125085  	0.099557  
-17.000000	-0.762287 	0.110922  	0.087113  
-16.000000	-0.729532 	0.096759  	0.074668  
-15.000000	-0.696776 	0.082596  	0.062223  
-14.000000	-0.664021 	0.068433  	0.049779  
-13.000000	-0.631266 	0.054269  	0.037334  
-12.000000	-0.598511 	0.040106  	-0.010795 
-11.000000	-0.565755 	0.025943  	-0.073197 
-10.000000	-0.533000 	0.011780  	-0.135600 
-9.000000 	-0.382300 	0.010960  	-0.146200 
-8.000000 	-0.243400 	0.010640  	-0.153000 
-7.000000 	-0.109400 	0.010450  	-0.158400 
-6.000000 	0.022700  	0.010340  	-0.163200 
-5.000000 	0.153600  	0.010280  	-0.167600 
-4.000000 	0.283100  	0.010280  	-0.171700 
-3.000000 	0.411400  	0.010350  	-0.175500 
-2.000000 	0.538200  	0.010440  	-0.179000 
-1.000000 	0.663800  	0.010590  	-0.182300 
0.000000  	0.788100  	0.010780  	-0.185200 
1.000000  	0.910500  	0.010990  	-0.187800 
2.000000  	1.031000  	0.011230  	-0.190000 
3.000000  	1.149000  	0.011600  	-0.191600 
4.000000  	1.265400  	0.011940  	-0.193100 
5.000000  	1.376800  	0.012510  	-0.193500 
6.000000  	1.481600  	0.013420  	-0.192800 
7.000000  	1.568800  	0.015190  	-0.188800 
8.000000  	1.633400  	0.017710  	-0.180600 
9.000000  	1.670300  	0.020840  	-0.167500 
10.000000 	1.702200  	0.024920  	-0.155300 
11.000000 	1.725400  	0.030820  	-0.145300 
12.000000 	1.744100  	0.038870  	-0.138700 
13.000000 	1.752300  	0.048910  	-0.133700 
14.000000 	1.754000  	0.060090  	-0.129800 
15.000000 	1.750800  	0.072390  	-0.127100 
16.000000 	1.745200  	0.085430  	-0.125600 
17.000000 	1.739400  	0.098850  	-0.125600 
18.000000 	1.730400  	0.112980  	-0.127100 
19.000000 	1.718300  	0.127960  	-0.130700 
20.000000 	1.707300  	0.143160  	-0.136400 
21.000000 	1.694000  	0.159070  	-0.144400 
22.000000 	1.678500  	0.175750  	-0.154800 
23.000000 	1.666500  	0.192160  	-0.166700 
24.000000 	1.648700  	0.209950  	-0.181100 
25.000000 	1.638200  	0.226640  	-0.195800 
26.000000 	1.635900  	0.241740  	-0.210200 
27.000000 	1.636700  	0.255930  	-0.224700 
28.000000 	1.645100  	0.268040  	-0.238000 
29.000000 	1.650500  	0.280880  	-0.252300 
30.000000 	1.614316  	0.303002  	-0.259595 
31.000000 	1.578131  	0.325125  	-0.266890 
32.000000 	1.541947  	0.347247  	-0.274186 
33.000000 	1.505763  	0.369369  	-0.281481 
34.000000 	1.473639  	0.392473  	-0.288216 
35.000000 	1.443771  	0.416123  	-0.294640 
36.000000 	1.413903  	0.439773  	-0.301063 
37.000000 	1.384035  	0.463422  	-0.307487 
38.000000 	1.355125  	0.487355  	-0.313585 
39.000000 	1.328610  	0.511996  	-0.318869 
40.000000 	1.302094  	0.536636  	-0.324152 
41.000000 	1.275578  	0.561277  	-0.329436 
42.000000 	1.249063  	0.585917  	-0.334720 
43.000000 	1.223975  	0.610960  	-0.338835 
44.000000 	1.198997  	0.636033  	-0.342861 
45.000000 	1.174019  	0.661107  	-0.346887 
46.000000 	1.149041  	0.686180  	-0.350912 
47.000000 	1.124302  	0.711177  	-0.354906 
48.000000 	1.099741  	0.736115  	-0.358876 
49.000000 	1.075181  	0.761054  	-0.362846 
50.000000 	1.050620  	0.785993  	-0.366817 
51.000000 	1.026006  	0.810783  	-0.370732 
52.000000 	1.001194  	0.835024  	-0.374450 
53.000000 	0.976383  	0.859265  	-0.378167 
54.000000 	0.951571  	0.883506  	-0.381885 
55.000000 	0.926760  	0.907747  	-0.385602 
56.000000 	0.901432  	0.930921  	-0.389319 
57.000000 	0.876018  	0.953918  	-0.393037 
58.000000 	0.850604  	0.976915  	-0.396754 
59.000000 	0.825190  	0.999912  	-0.400472 
60.000000 	0.799415  	1.022028  	-0.404217 
61.000000 	0.773279  	1.043264  	-0.407990 
62.000000 	0.747143  	1.064499  	-0.411763 
63.000000 	0.721007  	1.085735  	-0.415537 
64.000000 	0.694776  	1.106651  	-0.419311 
65.000000 	0.667977  	1.125650  	-0.423092 
66.000000 	0.641179  	1.144649  	-0.426872 
67.000000 	0.614380  	1.163648  	-0.430653 
68.000000 	0.587581  	1.182647  	-0.434433 
69.000000 	0.560418  	1.199555  	-0.438192 
70.000000 	0.533156  	1.215894  	-0.441946 
71.000000 	0.505894  	1.232233  	-0.445699 
72.000000 	0.478631  	1.248571  	-0.449452 
73.000000 	0.451303  	1.263615  	-0.453198 
74.000000 	0.423888  	1.276932  	-0.456932 
75.000000 	0.396473  	1.290248  	-0.460667 
76.000000 	0.369057  	1.303565  	-0.464401 
77.000000 	0.341660  	1.316645  	-0.468126 
78.000000 	0.314490  	1.326649  	-0.471734 
79.000000 	0.287319  	1.336653  	-0.475341 
80.000000 	0.260149  	1.346656  	-0.478948 
81.000000 	0.232979  	1.356660  	-0.482556 
82.000000 	0.206317  	1.364144  	-0.485946 
83.000000 	0.179859  	1.370620  	-0.489250 
84.000000 	0.153400  	1.377096  	-0.492553 
85.000000 	0.126942  	1.383571  	-0.495857 
86.000000 	0.100922  	1.388740  	-0.499161 
87.000000 	0.075691  	1.391555  	-0.502464 
88.000000 	0.050461  	1.394370  	-0.505768 
89.000000 	0.025230  	1.397185  	-0.509072 
90.000000 	0.000000  	1.400000  	-0.512375 
91.000000 	-0.017661 	1.397185  	-0.513883 
92.000000 	-0.035323 	1.394370  	-0.515391 
93.000000 	-0.052984 	1.391555  	-0.516899 
94.000000 	-0.070645 	1.388740  	-0.518407 
95.000000 	-0.088859 	1.383571  	-0.519914 
96.000000 	-0.107380 	1.377096  	-0.521422 
97.000000 	-0.125901 	1.370620  	-0.522930 
98.000000 	-0.144422 	1.364144  	-0.524438 
99.000000 	-0.163085 	1.356660  	-0.525682 
100.000000	-0.182105 	1.346656  	-0.526264 
101.000000	-0.201124 	1.336653  	-0.526847 
102.000000	-0.220143 	1.326649  	-0.527429 
103.000000	-0.239162 	1.316645  	-0.528012 
104.000000	-0.258340 	1.303565  	-0.528235 
105.000000	-0.277531 	1.290248  	-0.528430 
106.000000	-0.296722 	1.276932  	-0.528626 
107.000000	-0.315912 	1.263615  	-0.528821 
108.000000	-0.335042 	1.248571  	-0.528881 
109.000000	-0.354125 	1.232233  	-0.528839 
110.000000	-0.373209 	1.215894  	-0.528798 
111.000000	-0.392293 	1.199555  	-0.528756 
112.000000	-0.411307 	1.182647  	-0.528641 
113.000000	-0.430066 	1.163648  	-0.528259 
114.000000	-0.448825 	1.144649  	-0.527876 
115.000000	-0.467584 	1.125650  	-0.527493 
116.000000	-0.486343 	1.106651  	-0.527110 
117.000000	-0.504705 	1.085735  	-0.526785 
118.000000	-0.523000 	1.064499  	-0.526469 
119.000000	-0.541295 	1.043264  	-0.526154 
120.000000	-0.559590 	1.022028  	-0.525838 
121.000000	-0.577633 	0.999912  	-0.525782 
122.000000	-0.595423 	0.976915  	-0.525984 
123.000000	-0.613213 	0.953918  	-0.526187 
124.000000	-0.631002 	0.930921  	-0.526390 
125.000000	-0.648732 	0.907747  	-0.526593 
126.000000	-0.666100 	0.883506  	-0.526796 
127.000000	-0.683468 	0.859265  	-0.526999 
128.000000	-0.700836 	0.835024  	-0.527202 
129.000000	-0.718204 	0.810783  	-0.527405 
130.000000	-0.735434 	0.785993  	-0.529319 
131.000000	-0.752626 	0.761054  	-0.531701 
132.000000	-0.769819 	0.736115  	-0.534083 
133.000000	-0.787011 	0.711177  	-0.536465 
134.000000	-0.804329 	0.686180  	-0.539052 
135.000000	-0.821813 	0.661107  	-0.541913 
136.000000	-0.839298 	0.636033  	-0.544774 
137.000000	-0.856782 	0.610960  	-0.547635 
138.000000	-0.874344 	0.585917  	-0.550757 
139.000000	-0.892905 	0.561277  	-0.557268 
140.000000	-0.911466 	0.536636  	-0.563778 
141.000000	-0.930027 	0.511996  	-0.570289 
142.000000	-0.948588 	0.487355  	-0.576800 
143.000000	-0.968825 	0.463422  	-0.585673 
144.000000	-0.989732 	0.439773  	-0.595491 
145.000000	-1.010640 	0.416123  	-0.605309 
146.000000	-1.031547 	0.392473  	-0.615127 
147.000000	-1.054034 	0.369369  	-0.623618 
148.000000	-1.079363 	0.347247  	-0.629719 
149.000000	-1.104692 	0.325125  	-0.635820 
150.000000	-1.130021 	0.303002  	-0.641921 
151.000000	-1.155350 	0.280880  	-0.648022 
152.000000	-1.115510 	0.260193  	-0.641645 
153.000000	-1.075671 	0.239507  	-0.635268 
154.000000	-1.035831 	0.219816  	-0.628890 
155.000000	-0.995991 	0.200202  	-0.622513 
156.000000	-0.956152 	0.181594  	-0.616136 
157.000000	-0.916312 	0.163154  	-0.609758 
158.000000	-0.876472 	0.145710  	-0.603381 
159.000000	-0.836633 	0.128537  	-0.597004 
160.000000	-0.796793 	0.112334  	-0.589370 
161.000000	-0.756953 	0.096519  	-0.581233 
162.000000	-0.717114 	0.081627  	-0.572501 
163.000000	-0.677274 	0.067250  	-0.563439 
164.000000	-0.637434 	0.053736  	-0.554376 
165.000000	-0.597595 	0.040871  	-0.545313 
166.000000	-0.557755 	0.028794  	-0.536251 
167.000000	-0.517916 	0.017507  	-0.527188 
168.000000	-0.478076 	0.008976  	-0.518125 
169.000000	-0.438236 	0.004121  	-0.509063 
170.000000	-0.398397 	0.001000  	-0.487900 
171.000000	-0.358557 	0.001000  	-0.444958 
172.000000	-0.318717 	0.001000  	-0.400000 
173.000000	-0.278878 	0.001000  	-0.350000 
174.000000	-0.239038 	0.001000  	-0.300000 
175.000000	-0.199198 	0.001000  	-0.250000 
176.000000	-0.159359 	0.001000  	-0.200000 
177.000000	-0.119519 	0.001000  	-0.150000 
178.000000	-0.079679 	0.001000  	-0.100000 
179.000000	-0.039840 	0.001000  	-0.050000 
180.000000	0.000000  	0.001000  	0.000000  
! ------------------------------------------------------------------------------
! data for table	9         
! ------------------------------------------------------------------------------
  1.000000  	Re           ! Reynolds number in millions
  0.000000  	UserProp     ! User property (control) setting
Flase           InclUAdata   ! Is unsteady aerodynamics data included in this table? If TRUE, then include UA coefficients below this line. Any missing coefficients will be calculated internally.
! Table of aerodynamics coefficients
  361       	NumAlf       ! Number of data lines in the following table
!Alpha      Cl          Cd          Cm/Cp
!(deg)      (-)         (-)         (-)
-180.000000	0.000000  	0.001000  	0.000000  
-179.000000	0.039731  	0.001000  	0.040000  
-178.000000	0.079462  	0.001000  	0.080000  
-177.000000	0.119193  	0.001000  	0.120000  
-176.000000	0.158924  	0.001000  	0.160000  
-175.000000	0.198655  	0.001000  	0.200000  
-174.000000	0.238386  	0.001000  	0.240000  
-173.000000	0.278117  	0.001000  	0.280000  
-172.000000	0.317848  	0.001000  	0.320000  
-171.000000	0.357579  	0.001000  	0.357432  
-170.000000	0.397310  	0.001000  	0.393837  
-169.000000	0.437041  	0.005622  	0.419148  
-168.000000	0.476772  	0.012811  	0.438296  
-167.000000	0.516503  	0.022330  	0.457444  
-166.000000	0.556234  	0.033597  	0.476592  
-165.000000	0.595966  	0.045652  	0.495740  
-164.000000	0.635697  	0.058495  	0.514888  
-163.000000	0.675428  	0.071984  	0.534037  
-162.000000	0.715159  	0.086335  	0.553185  
-161.000000	0.754890  	0.101199  	0.570760  
-160.000000	0.794621  	0.116986  	0.585505  
-159.000000	0.834352  	0.133159  	0.597860  
-158.000000	0.874083  	0.150299  	0.604239  
-157.000000	0.913814  	0.167711  	0.610618  
-156.000000	0.953545  	0.186116  	0.616998  
-155.000000	0.993276  	0.204689  	0.623377  
-154.000000	1.033007  	0.224265  	0.629756  
-153.000000	1.072738  	0.243918  	0.636135  
-152.000000	1.112469  	0.264564  	0.642515  
-151.000000	1.152200  	0.285210  	0.648894  
-150.000000	1.127013  	0.307288  	0.642832  
-149.000000	1.101825  	0.329365  	0.636771  
-148.000000	1.076638  	0.351443  	0.630709  
-147.000000	1.051450  	0.373520  	0.624647  
-146.000000	1.029087  	0.396576  	0.616203  
-145.000000	1.008292  	0.420176  	0.606436  
-144.000000	0.987497  	0.443775  	0.596668  
-143.000000	0.966702  	0.467374  	0.586901  
-142.000000	0.946572  	0.491256  	0.578074  
-141.000000	0.928103  	0.515841  	0.571597  
-140.000000	0.909634  	0.540426  	0.565121  
-139.000000	0.891165  	0.565011  	0.558645  
-138.000000	0.872695  	0.589596  	0.552168  
-137.000000	0.855212  	0.614579  	0.549064  
-136.000000	0.837803  	0.639592  	0.546219  
-135.000000	0.820395  	0.664605  	0.543374  
-134.000000	0.802987  	0.689618  	0.540529  
-133.000000	0.785739  	0.714552  	0.537956  
-132.000000	0.768611  	0.739426  	0.535587  
-131.000000	0.751482  	0.764300  	0.533218  
-130.000000	0.734354  	0.789174  	0.530848  
-129.000000	0.717186  	0.813898  	0.528942  
-128.000000	0.699872  	0.838070  	0.528735  
-127.000000	0.682558  	0.862242  	0.528528  
-126.000000	0.665244  	0.886414  	0.528321  
-125.000000	0.647930  	0.910586  	0.528114  
-124.000000	0.630247  	0.933688  	0.527907  
-123.000000	0.612502  	0.956612  	0.527700  
-122.000000	0.594758  	0.979537  	0.527493  
-121.000000	0.577013  	1.002461  	0.527286  
-120.000000	0.559012  	1.024503  	0.527333  
-119.000000	0.540755  	1.045662  	0.527633  
-118.000000	0.522498  	1.066822  	0.527934  
-117.000000	0.504240  	1.087981  	0.528234  
-116.000000	0.485916  	1.108821  	0.528543  
-115.000000	0.467188  	1.127741  	0.528909  
-114.000000	0.448460  	1.146661  	0.529275  
-113.000000	0.429732  	1.165581  	0.529641  
-112.000000	0.411004  	1.184501  	0.530007  
-111.000000	0.392016  	1.201329  	0.530102  
-110.000000	0.372957  	1.217586  	0.530123  
-109.000000	0.353899  	1.233843  	0.530144  
-108.000000	0.334840  	1.250100  	0.530164  
-107.000000	0.315733  	1.265062  	0.530082  
-106.000000	0.296561  	1.278295  	0.529863  
-105.000000	0.277389  	1.291529  	0.529644  
-104.000000	0.258218  	1.304762  	0.529425  
-103.000000	0.239058  	1.317759  	0.529179  
-102.000000	0.220052  	1.327678  	0.528572  
-101.000000	0.201047  	1.337597  	0.527965  
-100.000000	0.182041  	1.347516  	0.527358  
-99.000000	0.163035  	1.357434  	0.526752  
-98.000000	0.144381  	1.364833  	0.525483  
-97.000000	0.125868  	1.371223  	0.523950  
-96.000000	0.107355  	1.377613  	0.522417  
-95.000000	0.088842  	1.384003  	0.520884  
-94.000000	0.070634  	1.389085  	0.519350  
-93.000000	0.052976  	1.391814  	0.517817  
-92.000000	0.035317  	1.394543  	0.516284  
-91.000000	0.017659  	1.397271  	0.514751  
-90.000000	0.000000  	1.400000  	0.513218  
-89.000000	-0.017659 	1.397271  	0.509617  
-88.000000	-0.035317 	1.394543  	0.506017  
-87.000000	-0.052976 	1.391814  	0.502417  
-86.000000	-0.070634 	1.389085  	0.498816  
-85.000000	-0.088842 	1.384003  	0.495216  
-84.000000	-0.107355 	1.377613  	0.491615  
-83.000000	-0.125868 	1.371223  	0.488015  
-82.000000	-0.144381 	1.364833  	0.484414  
-81.000000	-0.163035 	1.357434  	0.480620  
-80.000000	-0.182041 	1.347516  	0.476339  
-79.000000	-0.201047 	1.337597  	0.472057  
-78.000000	-0.220052 	1.327678  	0.467776  
-77.000000	-0.239058 	1.317759  	0.463495  
-76.000000	-0.258218 	1.304762  	0.458950  
-75.000000	-0.277389 	1.291529  	0.454384  
-74.000000	-0.296561 	1.278295  	0.449818  
-73.000000	-0.315733 	1.265062  	0.445252  
-72.000000	-0.334840 	1.250100  	0.440612  
-71.000000	-0.353899 	1.233843  	0.435916  
-70.000000	-0.372957 	1.217586  	0.431221  
-69.000000	-0.392016 	1.201329  	0.426525  
-68.000000	-0.411004 	1.184501  	0.421790  
-67.000000	-0.429732 	1.165581  	0.416907  
-66.000000	-0.448460 	1.146661  	0.412025  
-65.000000	-0.467188 	1.127741  	0.407143  
-64.000000	-0.485916 	1.108821  	0.402261  
-63.000000	-0.504240 	1.087981  	0.397395  
-62.000000	-0.522498 	1.066822  	0.392532  
-61.000000	-0.540755 	1.045662  	0.387669  
-60.000000	-0.559012 	1.024503  	0.382806  
-59.000000	-0.577013 	1.002461  	0.378016  
-58.000000	-0.594758 	0.979537  	0.373300  
-57.000000	-0.612502 	0.956612  	0.368585  
-56.000000	-0.630247 	0.933688  	0.363869  
-55.000000	-0.647930 	0.910586  	0.359153  
-54.000000	-0.665244 	0.886414  	0.354437  
-53.000000	-0.682558 	0.862242  	0.349721  
-52.000000	-0.699872 	0.838070  	0.345006  
-51.000000	-0.717186 	0.813898  	0.340290  
-50.000000	-0.734354 	0.789174  	0.335736  
-49.000000	-0.751482 	0.764300  	0.331227  
-48.000000	-0.768611 	0.739426  	0.326718  
-47.000000	-0.785739 	0.714552  	0.322209  
-46.000000	-0.802987 	0.689618  	0.317719  
-45.000000	-0.820395 	0.664605  	0.313255  
-44.000000	-0.837803 	0.639592  	0.308791  
-43.000000	-0.855212 	0.614579  	0.304328  
-42.000000	-0.872695 	0.589596  	0.299825  
-41.000000	-0.891165 	0.565011  	0.294821  
-40.000000	-0.909634 	0.540426  	0.289817  
-39.000000	-0.928103 	0.515841  	0.284812  
-38.000000	-0.946572 	0.491256  	0.279808  
-37.000000	-0.966702 	0.467374  	0.274454  
-36.000000	-0.987497 	0.443775  	0.268960  
-35.000000	-1.008292 	0.420176  	0.263466  
-34.000000	-1.029087 	0.396576  	0.257972  
-33.000000	-1.051450 	0.373520  	0.252019  
-32.000000	-1.076638 	0.351443  	0.245241  
-31.000000	-1.101825 	0.329365  	0.238463  
-30.000000	-1.127013 	0.307288  	0.231685  
-29.000000	-1.152200 	0.285210  	0.224907  
-28.000000	-1.119426 	0.270807  	0.213819  
-27.000000	-1.086653 	0.256405  	0.202731  
-26.000000	-1.053879 	0.242002  	0.191642  
-25.000000	-1.021105 	0.227599  	0.180554  
-24.000000	-0.988332 	0.213197  	0.169466  
-23.000000	-0.955558 	0.198794  	0.158378  
-22.000000	-0.922784 	0.184392  	0.147290  
-21.000000	-0.890011 	0.169989  	0.136202  
-20.000000	-0.857237 	0.155586  	0.124664  
-19.000000	-0.824463 	0.141184  	0.112602  
-18.000000	-0.791689 	0.126781  	0.100091  
-17.000000	-0.758916 	0.112378  	0.087579  
-16.000000	-0.726142 	0.097976  	0.075068  
-15.000000	-0.693368 	0.083573  	0.062557  
-14.000000	-0.660595 	0.069171  	0.050045  
-13.000000	-0.627821 	0.054768  	0.037534  
-12.000000	-0.595047 	0.040365  	-0.010898 
-11.000000	-0.562274 	0.025963  	-0.073699 
-10.000000	-0.529500 	0.011560  	-0.136500 
-9.000000 	-0.379500 	0.010710  	-0.146900 
-8.000000 	-0.239900 	0.010350  	-0.153900 
-7.000000 	-0.105700 	0.010150  	-0.159300 
-6.000000 	0.026500  	0.010040  	-0.164200 
-5.000000 	0.157400  	0.009960  	-0.168600 
-4.000000 	0.286800  	0.009950  	-0.172700 
-3.000000 	0.414900  	0.010010  	-0.176400 
-2.000000 	0.541900  	0.010110  	-0.179900 
-1.000000 	0.667700  	0.010240  	-0.183200 
0.000000  	0.792000  	0.010420  	-0.186200 
1.000000  	0.914800  	0.010620  	-0.188800 
2.000000  	1.035500  	0.010880  	-0.191000 
3.000000  	1.154200  	0.011230  	-0.192900 
4.000000  	1.270600  	0.011610  	-0.194300 
5.000000  	1.383100  	0.012170  	-0.195000 
6.000000  	1.486800  	0.013190  	-0.194100 
7.000000  	1.573300  	0.015050  	-0.189900 
8.000000  	1.624850  	0.017825  	-0.179400 
9.000000  	1.676400  	0.020600  	-0.168900 
10.000000 	1.710800  	0.024500  	-0.157000 
11.000000 	1.736700  	0.030080  	-0.147000 
12.000000 	1.756100  	0.037950  	-0.140100 
13.000000 	1.768500  	0.047520  	-0.135200 
14.000000 	1.770200  	0.058650  	-0.131100 
15.000000 	1.766900  	0.070880  	-0.128200 
16.000000 	1.763600  	0.083550  	-0.126600 
17.000000 	1.755100  	0.097240  	-0.126200 
18.000000 	1.744700  	0.111530  	-0.127500 
19.000000 	1.732200  	0.126460  	-0.130600 
20.000000 	1.719000  	0.142135  	-0.137000 
21.000000 	1.705800  	0.157810  	-0.143400 
22.000000 	1.686200  	0.175250  	-0.153700 
23.000000 	1.675400  	0.191560  	-0.165000 
24.000000 	1.658800  	0.209570  	-0.179750 
25.000000 	1.642200  	0.227580  	-0.194500 
26.000000 	1.636500  	0.243650  	-0.209400 
27.000000 	1.632700  	0.259280  	-0.224700 
28.000000 	1.640200  	0.272040  	-0.238300 
29.000000 	1.646000  	0.285210  	-0.252700 
30.000000 	1.610018  	0.307288  	-0.260022 
31.000000 	1.574036  	0.329365  	-0.267344 
32.000000 	1.538054  	0.351443  	-0.274666 
33.000000 	1.502072  	0.373520  	-0.281989 
34.000000 	1.470124  	0.396576  	-0.288751 
35.000000 	1.440417  	0.420176  	-0.295203 
36.000000 	1.410710  	0.443775  	-0.301655 
37.000000 	1.381003  	0.467374  	-0.308107 
38.000000 	1.352245  	0.491256  	-0.314233 
39.000000 	1.325861  	0.515841  	-0.319543 
40.000000 	1.299476  	0.540426  	-0.324853 
41.000000 	1.273092  	0.565011  	-0.330163 
42.000000 	1.246708  	0.589596  	-0.335473 
43.000000 	1.221731  	0.614579  	-0.339613 
44.000000 	1.196862  	0.639592  	-0.343663 
45.000000 	1.171993  	0.664605  	-0.347713 
46.000000 	1.147125  	0.689618  	-0.351762 
47.000000 	1.122484  	0.714552  	-0.355779 
48.000000 	1.098015  	0.739426  	-0.359772 
49.000000 	1.073546  	0.764300  	-0.363764 
50.000000 	1.049077  	0.789174  	-0.367756 
51.000000 	1.024551  	0.813898  	-0.371692 
52.000000 	0.999817  	0.838070  	-0.375423 
53.000000 	0.975082  	0.862242  	-0.379154 
54.000000 	0.950348  	0.886414  	-0.382885 
55.000000 	0.925614  	0.910586  	-0.386615 
56.000000 	0.900352  	0.933688  	-0.390346 
57.000000 	0.875003  	0.956612  	-0.394077 
58.000000 	0.849654  	0.979537  	-0.397808 
59.000000 	0.824305  	1.002461  	-0.401538 
60.000000 	0.798589  	1.024503  	-0.405292 
61.000000 	0.772507  	1.045662  	-0.409068 
62.000000 	0.746425  	1.066822  	-0.412844 
63.000000 	0.720344  	1.087981  	-0.416620 
64.000000 	0.694166  	1.108821  	-0.420397 
65.000000 	0.667411  	1.127741  	-0.424179 
66.000000 	0.640657  	1.146661  	-0.427961 
67.000000 	0.613903  	1.165581  	-0.431743 
68.000000 	0.587148  	1.184501  	-0.435525 
69.000000 	0.560023  	1.201329  	-0.439281 
70.000000 	0.532796  	1.217586  	-0.443030 
71.000000 	0.505570  	1.233843  	-0.446778 
72.000000 	0.478343  	1.250100  	-0.450527 
73.000000 	0.451047  	1.265062  	-0.454266 
74.000000 	0.423659  	1.278295  	-0.457991 
75.000000 	0.396271  	1.291529  	-0.461717 
76.000000 	0.368882  	1.304762  	-0.465442 
77.000000 	0.341511  	1.317759  	-0.469159 
78.000000 	0.314360  	1.327678  	-0.472755 
79.000000 	0.287209  	1.337597  	-0.476351 
80.000000 	0.260058  	1.347516  	-0.479947 
81.000000 	0.232908  	1.357434  	-0.483544 
82.000000 	0.206259  	1.364833  	-0.486919 
83.000000 	0.179812  	1.371223  	-0.490207 
84.000000 	0.153365  	1.377613  	-0.493494 
85.000000 	0.126918  	1.384003  	-0.496781 
86.000000 	0.100906  	1.389085  	-0.500069 
87.000000 	0.075680  	1.391814  	-0.503356 
88.000000 	0.050453  	1.394543  	-0.506643 
89.000000 	0.025227  	1.397271  	-0.509930 
90.000000 	0.000000  	1.400000  	-0.513218 
91.000000 	-0.017659 	1.397271  	-0.514751 
92.000000 	-0.035317 	1.394543  	-0.516284 
93.000000 	-0.052976 	1.391814  	-0.517817 
94.000000 	-0.070634 	1.389085  	-0.519350 
95.000000 	-0.088842 	1.384003  	-0.520884 
96.000000 	-0.107355 	1.377613  	-0.522417 
97.000000 	-0.125868 	1.371223  	-0.523950 
98.000000 	-0.144381 	1.364833  	-0.525483 
99.000000 	-0.163035 	1.357434  	-0.526752 
100.000000	-0.182041 	1.347516  	-0.527358 
101.000000	-0.201047 	1.337597  	-0.527965 
102.000000	-0.220052 	1.327678  	-0.528572 
103.000000	-0.239058 	1.317759  	-0.529179 
104.000000	-0.258218 	1.304762  	-0.529425 
105.000000	-0.277389 	1.291529  	-0.529644 
106.000000	-0.296561 	1.278295  	-0.529863 
107.000000	-0.315733 	1.265062  	-0.530082 
108.000000	-0.334840 	1.250100  	-0.530164 
109.000000	-0.353899 	1.233843  	-0.530144 
110.000000	-0.372957 	1.217586  	-0.530123 
111.000000	-0.392016 	1.201329  	-0.530102 
112.000000	-0.411004 	1.184501  	-0.530007 
113.000000	-0.429732 	1.165581  	-0.529641 
114.000000	-0.448460 	1.146661  	-0.529275 
115.000000	-0.467188 	1.127741  	-0.528909 
116.000000	-0.485916 	1.108821  	-0.528543 
117.000000	-0.504240 	1.087981  	-0.528234 
118.000000	-0.522498 	1.066822  	-0.527934 
119.000000	-0.540755 	1.045662  	-0.527633 
120.000000	-0.559012 	1.024503  	-0.527333 
121.000000	-0.577013 	1.002461  	-0.527286 
122.000000	-0.594758 	0.979537  	-0.527493 
123.000000	-0.612502 	0.956612  	-0.527700 
124.000000	-0.630247 	0.933688  	-0.527907 
125.000000	-0.647930 	0.910586  	-0.528114 
126.000000	-0.665244 	0.886414  	-0.528321 
127.000000	-0.682558 	0.862242  	-0.528528 
128.000000	-0.699872 	0.838070  	-0.528735 
129.000000	-0.717186 	0.813898  	-0.528942 
130.000000	-0.734354 	0.789174  	-0.530848 
131.000000	-0.751482 	0.764300  	-0.533218 
132.000000	-0.768611 	0.739426  	-0.535587 
133.000000	-0.785739 	0.714552  	-0.537956 
134.000000	-0.802987 	0.689618  	-0.540529 
135.000000	-0.820395 	0.664605  	-0.543374 
136.000000	-0.837803 	0.639592  	-0.546219 
137.000000	-0.855212 	0.614579  	-0.549064 
138.000000	-0.872695 	0.589596  	-0.552168 
139.000000	-0.891165 	0.565011  	-0.558645 
140.000000	-0.909634 	0.540426  	-0.565121 
141.000000	-0.928103 	0.515841  	-0.571597 
142.000000	-0.946572 	0.491256  	-0.578074 
143.000000	-0.966702 	0.467374  	-0.586901 
144.000000	-0.987497 	0.443775  	-0.596668 
145.000000	-1.008292 	0.420176  	-0.606436 
146.000000	-1.029087 	0.396576  	-0.616203 
147.000000	-1.051450 	0.373520  	-0.624647 
148.000000	-1.076638 	0.351443  	-0.630709 
149.000000	-1.101825 	0.329365  	-0.636771 
150.000000	-1.127013 	0.307288  	-0.642832 
151.000000	-1.152200 	0.285210  	-0.648894 
152.000000	-1.112469 	0.264564  	-0.642515 
153.000000	-1.072738 	0.243918  	-0.636135 
154.000000	-1.033007 	0.224265  	-0.629756 
155.000000	-0.993276 	0.204689  	-0.623377 
156.000000	-0.953545 	0.186116  	-0.616998 
157.000000	-0.913814 	0.167711  	-0.610618 
158.000000	-0.874083 	0.150299  	-0.604239 
159.000000	-0.834352 	0.133159  	-0.597860 
160.000000	-0.794621 	0.116986  	-0.590185 
161.000000	-0.754890 	0.101199  	-0.581992 
162.000000	-0.715159 	0.086335  	-0.573185 
163.000000	-0.675428 	0.071984  	-0.564037 
164.000000	-0.635697 	0.058495  	-0.554888 
165.000000	-0.595966 	0.045652  	-0.545740 
166.000000	-0.556234 	0.033597  	-0.536592 
167.000000	-0.516503 	0.022330  	-0.527444 
168.000000	-0.476772 	0.012811  	-0.518296 
169.000000	-0.437041 	0.005622  	-0.509148 
170.000000	-0.397310 	0.001000  	-0.487926 
171.000000	-0.357579 	0.001000  	-0.444969 
172.000000	-0.317848 	0.001000  	-0.400000 
173.000000	-0.278117 	0.001000  	-0.350000 
174.000000	-0.238386 	0.001000  	-0.300000 
175.000000	-0.198655 	0.001000  	-0.250000 
176.000000	-0.158924 	0.001000  	-0.200000 
177.000000	-0.119193 	0.001000  	-0.150000 
178.000000	-0.079462 	0.001000  	-0.100000 
179.000000	-0.039731 	0.001000  	-0.050000 
180.000000	0.000000  	0.001000  	0.000000  
! ------------------------------------------------------------------------------
! data for table	10        
! ------------------------------------------------------------------------------
  1.100000  	Re           ! Reynolds number in millions
  0.000000  	UserProp     ! User property (control) setting
Flase           InclUAdata   ! Is unsteady aerodynamics data included in this table? If TRUE, then include UA coefficients below this line. Any missing coefficients will be calculated internally.
! Table of aerodynamics coefficients
  361       	NumAlf       ! Number of data lines in the following table
!Alpha      Cl          Cd          Cm/Cp
!(deg)      (-)         (-)         (-)
-180.000000	0.000000  	0.001000  	0.000000  
-179.000000	0.039731  	0.001000  	0.040000  
-178.000000	0.079462  	0.001000  	0.080000  
-177.000000	0.119193  	0.001000  	0.120000  
-176.000000	0.158924  	0.001000  	0.160000  
-175.000000	0.198655  	0.001000  	0.200000  
-174.000000	0.238386  	0.001000  	0.240000  
-173.000000	0.278117  	0.001000  	0.280000  
-172.000000	0.317848  	0.001000  	0.320000  
-171.000000	0.357579  	0.001000  	0.357442  
-170.000000	0.397310  	0.001000  	0.393860  
-169.000000	0.437041  	0.005777  	0.419225  
-168.000000	0.476772  	0.013209  	0.438450  
-167.000000	0.516503  	0.022831  	0.457676  
-166.000000	0.556234  	0.034096  	0.476901  
-165.000000	0.595966  	0.046149  	0.496126  
-164.000000	0.635697  	0.058989  	0.515351  
-163.000000	0.675428  	0.072476  	0.534577  
-162.000000	0.715159  	0.086824  	0.553802  
-161.000000	0.754890  	0.101686  	0.571445  
-160.000000	0.794621  	0.117469  	0.586240  
-159.000000	0.834352  	0.133639  	0.598630  
-158.000000	0.874083  	0.150776  	0.605008  
-157.000000	0.913814  	0.168184  	0.611386  
-156.000000	0.953545  	0.186586  	0.617764  
-155.000000	0.993276  	0.205155  	0.624142  
-154.000000	1.033007  	0.224728  	0.630520  
-153.000000	1.072738  	0.244376  	0.636898  
-152.000000	1.112469  	0.265018  	0.643276  
-151.000000	1.152200  	0.285660  	0.649654  
-150.000000	1.127013  	0.307733  	0.643586  
-149.000000	1.101825  	0.329806  	0.637519  
-148.000000	1.076638  	0.351879  	0.631451  
-147.000000	1.051450  	0.373952  	0.625384  
-146.000000	1.029087  	0.397003  	0.616933  
-145.000000	1.008292  	0.420597  	0.607159  
-144.000000	0.987497  	0.444191  	0.597384  
-143.000000	0.966702  	0.467785  	0.587609  
-142.000000	0.946572  	0.491661  	0.578775  
-141.000000	0.928103  	0.516240  	0.572293  
-140.000000	0.909634  	0.540820  	0.565811  
-139.000000	0.891165  	0.565399  	0.559329  
-138.000000	0.872695  	0.589979  	0.552846  
-137.000000	0.855212  	0.614955  	0.549738  
-136.000000	0.837803  	0.639962  	0.546888  
-135.000000	0.820395  	0.664969  	0.544039  
-134.000000	0.802987  	0.689976  	0.541190  
-133.000000	0.785739  	0.714903  	0.538613  
-132.000000	0.768611  	0.739770  	0.536239  
-131.000000	0.751482  	0.764637  	0.533866  
-130.000000	0.734354  	0.789505  	0.531492  
-129.000000	0.717186  	0.814221  	0.529582  
-128.000000	0.699872  	0.838386  	0.529371  
-127.000000	0.682558  	0.862551  	0.529160  
-126.000000	0.665244  	0.886716  	0.528949  
-125.000000	0.647930  	0.910881  	0.528738  
-124.000000	0.630247  	0.933976  	0.528528  
-123.000000	0.612502  	0.956893  	0.528317  
-122.000000	0.594758  	0.979809  	0.528106  
-121.000000	0.577013  	1.002726  	0.527895  
-120.000000	0.559012  	1.024760  	0.527937  
-119.000000	0.540755  	1.045911  	0.528233  
-118.000000	0.522498  	1.067063  	0.528529  
-117.000000	0.504240  	1.088215  	0.528825  
-116.000000	0.485916  	1.109047  	0.529131  
-115.000000	0.467188  	1.127958  	0.529492  
-114.000000	0.448460  	1.146870  	0.529854  
-113.000000	0.429732  	1.165782  	0.530216  
-112.000000	0.411004  	1.184694  	0.530578  
-111.000000	0.392016  	1.201513  	0.530668  
-110.000000	0.372957  	1.217762  	0.530684  
-109.000000	0.353899  	1.234011  	0.530701  
-108.000000	0.334840  	1.250259  	0.530717  
-107.000000	0.315733  	1.265212  	0.530630  
-106.000000	0.296561  	1.278437  	0.530407  
-105.000000	0.277389  	1.291662  	0.530183  
-104.000000	0.258218  	1.304887  	0.529960  
-103.000000	0.239058  	1.317875  	0.529708  
-102.000000	0.220052  	1.327785  	0.529097  
-101.000000	0.201047  	1.337695  	0.528485  
-100.000000	0.182041  	1.347605  	0.527874  
-99.000000	0.163035  	1.357515  	0.527263  
-98.000000	0.144381  	1.364904  	0.525989  
-97.000000	0.125868  	1.371285  	0.524451  
-96.000000	0.107355  	1.377666  	0.522914  
-95.000000	0.088842  	1.384048  	0.521376  
-94.000000	0.070634  	1.389121  	0.519838  
-93.000000	0.052976  	1.391841  	0.518300  
-92.000000	0.035317  	1.394561  	0.516762  
-91.000000	0.017659  	1.397280  	0.515224  
-90.000000	0.000000  	1.400000  	0.513686  
-89.000000	-0.017659 	1.397280  	0.510085  
-88.000000	-0.035317 	1.394561  	0.506485  
-87.000000	-0.052976 	1.391841  	0.502884  
-86.000000	-0.070634 	1.389121  	0.499283  
-85.000000	-0.088842 	1.384048  	0.495683  
-84.000000	-0.107355 	1.377666  	0.492082  
-83.000000	-0.125868 	1.371285  	0.488481  
-82.000000	-0.144381 	1.364904  	0.484880  
-81.000000	-0.163035 	1.357515  	0.481085  
-80.000000	-0.182041 	1.347605  	0.476803  
-79.000000	-0.201047 	1.337695  	0.472522  
-78.000000	-0.220052 	1.327785  	0.468240  
-77.000000	-0.239058 	1.317875  	0.463958  
-76.000000	-0.258218 	1.304887  	0.459412  
-75.000000	-0.277389 	1.291662  	0.454845  
-74.000000	-0.296561 	1.278437  	0.450278  
-73.000000	-0.315733 	1.265212  	0.445712  
-72.000000	-0.334840 	1.250259  	0.441071  
-71.000000	-0.353899 	1.234011  	0.436374  
-70.000000	-0.372957 	1.217762  	0.431678  
-69.000000	-0.392016 	1.201513  	0.426981  
-68.000000	-0.411004 	1.184694  	0.422244  
-67.000000	-0.429732 	1.165782  	0.417361  
-66.000000	-0.448460 	1.146870  	0.412477  
-65.000000	-0.467188 	1.127958  	0.407594  
-64.000000	-0.485916 	1.109047  	0.402710  
-63.000000	-0.504240 	1.088215  	0.397843  
-62.000000	-0.522498 	1.067063  	0.392978  
-61.000000	-0.540755 	1.045911  	0.388114  
-60.000000	-0.559012 	1.024760  	0.383249  
-59.000000	-0.577013 	1.002726  	0.378458  
-58.000000	-0.594758 	0.979809  	0.373739  
-57.000000	-0.612502 	0.956893  	0.369021  
-56.000000	-0.630247 	0.933976  	0.364303  
-55.000000	-0.647930 	0.910881  	0.359585  
-54.000000	-0.665244 	0.886716  	0.354867  
-53.000000	-0.682558 	0.862551  	0.350149  
-52.000000	-0.699872 	0.838386  	0.345430  
-51.000000	-0.717186 	0.814221  	0.340712  
-50.000000	-0.734354 	0.789505  	0.336155  
-49.000000	-0.751482 	0.764637  	0.331642  
-48.000000	-0.768611 	0.739770  	0.327129  
-47.000000	-0.785739 	0.714903  	0.322615  
-46.000000	-0.802987 	0.689976  	0.318122  
-45.000000	-0.820395 	0.664969  	0.313654  
-44.000000	-0.837803 	0.639962  	0.309185  
-43.000000	-0.855212 	0.614955  	0.304717  
-42.000000	-0.872695 	0.589979  	0.300210  
-41.000000	-0.891165 	0.565399  	0.295200  
-40.000000	-0.909634 	0.540820  	0.290189  
-39.000000	-0.928103 	0.516240  	0.285178  
-38.000000	-0.946572 	0.491661  	0.280167  
-37.000000	-0.966702 	0.467785  	0.274805  
-36.000000	-0.987497 	0.444191  	0.269302  
-35.000000	-1.008292 	0.420597  	0.263799  
-34.000000	-1.029087 	0.397003  	0.258296  
-33.000000	-1.051450 	0.373952  	0.252335  
-32.000000	-1.076638 	0.351879  	0.245550  
-31.000000	-1.101825 	0.329806  	0.238765  
-30.000000	-1.127013 	0.307733  	0.231980  
-29.000000	-1.152200 	0.285660  	0.225195  
-28.000000	-1.119316 	0.271225  	0.214106  
-27.000000	-1.086432 	0.256789  	0.203016  
-26.000000	-1.053547 	0.242354  	0.191926  
-25.000000	-1.020663 	0.227919  	0.180837  
-24.000000	-0.987779 	0.213484  	0.169747  
-23.000000	-0.954895 	0.199048  	0.158657  
-22.000000	-0.922011 	0.184613  	0.147568  
-21.000000	-0.889126 	0.170178  	0.136478  
-20.000000	-0.856242 	0.155743  	0.124931  
-19.000000	-0.823358 	0.141307  	0.112850  
-18.000000	-0.790474 	0.126872  	0.100311  
-17.000000	-0.757589 	0.112437  	0.087772  
-16.000000	-0.724705 	0.098002  	0.075233  
-15.000000	-0.691821 	0.083566  	0.062694  
-14.000000	-0.658937 	0.069131  	0.050155  
-13.000000	-0.626053 	0.054696  	0.037617  
-12.000000	-0.593168 	0.040261  	-0.011001 
-11.000000	-0.560284 	0.025825  	-0.074051 
-10.000000	-0.527400 	0.011390  	-0.137100 
-9.000000 	-0.378400 	0.010550  	-0.147200 
-8.000000 	-0.237400 	0.010100  	-0.154600 
-7.000000 	-0.104150 	0.009935  	-0.159700 
-6.000000 	0.029100  	0.009770  	-0.164800 
-5.000000 	0.159600  	0.009720  	-0.169200 
-4.000000 	0.288800  	0.009740  	-0.173200 
-3.000000 	0.417000  	0.009770  	-0.177000 
-2.000000 	0.544000  	0.009840  	-0.180500 
-1.000000 	0.670000  	0.009950  	-0.183800 
0.000000  	0.794400  	0.010120  	-0.186800 
1.000000  	0.917100  	0.010340  	-0.189400 
2.000000  	1.037700  	0.010630  	-0.191600 
3.000000  	1.157500  	0.010900  	-0.193600 
4.000000  	1.274000  	0.011310  	-0.195100 
5.000000  	1.386300  	0.011930  	-0.195800 
6.000000  	1.489200  	0.013050  	-0.194700 
7.000000  	1.575400  	0.014930  	-0.190500 
8.000000  	1.642900  	0.017340  	-0.182900 
9.000000  	1.681800  	0.020340  	-0.170000 
10.000000 	1.718600  	0.024050  	-0.158300 
11.000000 	1.742750  	0.030515  	-0.149700 
12.000000 	1.766900  	0.036980  	-0.141100 
13.000000 	1.780400  	0.046390  	-0.136100 
14.000000 	1.781700  	0.057760  	-0.132550 
15.000000 	1.783000  	0.069130  	-0.129000 
16.000000 	1.776300  	0.082110  	-0.127100 
17.000000 	1.769600  	0.095520  	-0.126600 
18.000000 	1.758700  	0.109770  	-0.127500 
19.000000 	1.744450  	0.125050  	-0.131500 
20.000000 	1.730200  	0.140330  	-0.135500 
21.000000 	1.716500  	0.156260  	-0.142800 
22.000000 	1.705000  	0.172150  	-0.151900 
23.000000 	1.685600  	0.189850  	-0.164000 
24.000000 	1.669300  	0.207470  	-0.177600 
25.000000 	1.655400  	0.224990  	-0.192400 
26.000000 	1.642200  	0.242600  	-0.208500 
27.000000 	1.637000  	0.258590  	-0.224100 
28.000000 	1.642000  	0.272050  	-0.238200 
29.000000 	1.646000  	0.285660  	-0.252900 
30.000000 	1.610018  	0.307733  	-0.260236 
31.000000 	1.574036  	0.329806  	-0.267572 
32.000000 	1.538054  	0.351879  	-0.274907 
33.000000 	1.502072  	0.373952  	-0.282243 
34.000000 	1.470124  	0.397003  	-0.289019 
35.000000 	1.440417  	0.420597  	-0.295483 
36.000000 	1.410710  	0.444191  	-0.301948 
37.000000 	1.381003  	0.467785  	-0.308412 
38.000000 	1.352245  	0.491661  	-0.314549 
39.000000 	1.325861  	0.516240  	-0.319869 
40.000000 	1.299476  	0.540820  	-0.325188 
41.000000 	1.273092  	0.565399  	-0.330507 
42.000000 	1.246708  	0.589979  	-0.335827 
43.000000 	1.221731  	0.614955  	-0.339973 
44.000000 	1.196862  	0.639962  	-0.344029 
45.000000 	1.171993  	0.664969  	-0.348085 
46.000000 	1.147125  	0.689976  	-0.352141 
47.000000 	1.122484  	0.714903  	-0.356164 
48.000000 	1.098015  	0.739770  	-0.360162 
49.000000 	1.073546  	0.764637  	-0.364160 
50.000000 	1.049077  	0.789505  	-0.368158 
51.000000 	1.024551  	0.814221  	-0.372099 
52.000000 	0.999817  	0.838386  	-0.375833 
53.000000 	0.975082  	0.862551  	-0.379567 
54.000000 	0.950348  	0.886716  	-0.383301 
55.000000 	0.925614  	0.910881  	-0.387035 
56.000000 	0.900352  	0.933976  	-0.390770 
57.000000 	0.875003  	0.956893  	-0.394504 
58.000000 	0.849654  	0.979809  	-0.398238 
59.000000 	0.824305  	1.002726  	-0.401972 
60.000000 	0.798589  	1.024760  	-0.405728 
61.000000 	0.772507  	1.045911  	-0.409506 
62.000000 	0.746425  	1.067063  	-0.413284 
63.000000 	0.720344  	1.088215  	-0.417063 
64.000000 	0.694166  	1.109047  	-0.420842 
65.000000 	0.667411  	1.127958  	-0.424625 
66.000000 	0.640657  	1.146870  	-0.428409 
67.000000 	0.613903  	1.165782  	-0.432193 
68.000000 	0.587148  	1.184694  	-0.435977 
69.000000 	0.560023  	1.201513  	-0.439734 
70.000000 	0.532796  	1.217762  	-0.443484 
71.000000 	0.505570  	1.234011  	-0.447234 
72.000000 	0.478343  	1.250259  	-0.450984 
73.000000 	0.451047  	1.265212  	-0.454724 
74.000000 	0.423659  	1.278437  	-0.458451 
75.000000 	0.396271  	1.291662  	-0.462177 
76.000000 	0.368882  	1.304887  	-0.465904 
77.000000 	0.341511  	1.317875  	-0.469621 
78.000000 	0.314360  	1.327785  	-0.473218 
79.000000 	0.287209  	1.337695  	-0.476815 
80.000000 	0.260058  	1.347605  	-0.480412 
81.000000 	0.232908  	1.357515  	-0.484009 
82.000000 	0.206259  	1.364904  	-0.487385 
83.000000 	0.179812  	1.371285  	-0.490673 
84.000000 	0.153365  	1.377666  	-0.493960 
85.000000 	0.126918  	1.384048  	-0.497248 
86.000000 	0.100906  	1.389121  	-0.500536 
87.000000 	0.075680  	1.391841  	-0.503823 
88.000000 	0.050453  	1.394561  	-0.507111 
89.000000 	0.025227  	1.397280  	-0.510399 
90.000000 	0.000000  	1.400000  	-0.513686 
91.000000 	-0.017659 	1.397280  	-0.515224 
92.000000 	-0.035317 	1.394561  	-0.516762 
93.000000 	-0.052976 	1.391841  	-0.518300 
94.000000 	-0.070634 	1.389121  	-0.519838 
95.000000 	-0.088842 	1.384048  	-0.521376 
96.000000 	-0.107355 	1.377666  	-0.522914 
97.000000 	-0.125868 	1.371285  	-0.524451 
98.000000 	-0.144381 	1.364904  	-0.525989 
99.000000 	-0.163035 	1.357515  	-0.527263 
100.000000	-0.182041 	1.347605  	-0.527874 
101.000000	-0.201047 	1.337695  	-0.528485 
102.000000	-0.220052 	1.327785  	-0.529097 
103.000000	-0.239058 	1.317875  	-0.529708 
104.000000	-0.258218 	1.304887  	-0.529960 
105.000000	-0.277389 	1.291662  	-0.530183 
106.000000	-0.296561 	1.278437  	-0.530407 
107.000000	-0.315733 	1.265212  	-0.530630 
108.000000	-0.334840 	1.250259  	-0.530717 
109.000000	-0.353899 	1.234011  	-0.530701 
110.000000	-0.372957 	1.217762  	-0.530684 
111.000000	-0.392016 	1.201513  	-0.530668 
112.000000	-0.411004 	1.184694  	-0.530578 
113.000000	-0.429732 	1.165782  	-0.530216 
114.000000	-0.448460 	1.146870  	-0.529854 
115.000000	-0.467188 	1.127958  	-0.529492 
116.000000	-0.485916 	1.109047  	-0.529131 
117.000000	-0.504240 	1.088215  	-0.528825 
118.000000	-0.522498 	1.067063  	-0.528529 
119.000000	-0.540755 	1.045911  	-0.528233 
120.000000	-0.559012 	1.024760  	-0.527937 
121.000000	-0.577013 	1.002726  	-0.527895 
122.000000	-0.594758 	0.979809  	-0.528106 
123.000000	-0.612502 	0.956893  	-0.528317 
124.000000	-0.630247 	0.933976  	-0.528528 
125.000000	-0.647930 	0.910881  	-0.528738 
126.000000	-0.665244 	0.886716  	-0.528949 
127.000000	-0.682558 	0.862551  	-0.529160 
128.000000	-0.699872 	0.838386  	-0.529371 
129.000000	-0.717186 	0.814221  	-0.529582 
130.000000	-0.734354 	0.789505  	-0.531492 
131.000000	-0.751482 	0.764637  	-0.533866 
132.000000	-0.768611 	0.739770  	-0.536239 
133.000000	-0.785739 	0.714903  	-0.538613 
134.000000	-0.802987 	0.689976  	-0.541190 
135.000000	-0.820395 	0.664969  	-0.544039 
136.000000	-0.837803 	0.639962  	-0.546888 
137.000000	-0.855212 	0.614955  	-0.549738 
138.000000	-0.872695 	0.589979  	-0.552846 
139.000000	-0.891165 	0.565399  	-0.559329 
140.000000	-0.909634 	0.540820  	-0.565811 
141.000000	-0.928103 	0.516240  	-0.572293 
142.000000	-0.946572 	0.491661  	-0.578775 
143.000000	-0.966702 	0.467785  	-0.587609 
144.000000	-0.987497 	0.444191  	-0.597384 
145.000000	-1.008292 	0.420597  	-0.607159 
146.000000	-1.029087 	0.397003  	-0.616933 
147.000000	-1.051450 	0.373952  	-0.625384 
148.000000	-1.076638 	0.351879  	-0.631451 
149.000000	-1.101825 	0.329806  	-0.637519 
150.000000	-1.127013 	0.307733  	-0.643586 
151.000000	-1.152200 	0.285660  	-0.649654 
152.000000	-1.112469 	0.265018  	-0.643276 
153.000000	-1.072738 	0.244376  	-0.636898 
154.000000	-1.033007 	0.224728  	-0.630520 
155.000000	-0.993276 	0.205155  	-0.624142 
156.000000	-0.953545 	0.186586  	-0.617764 
157.000000	-0.913814 	0.168184  	-0.611386 
158.000000	-0.874083 	0.150776  	-0.605008 
159.000000	-0.834352 	0.133639  	-0.598630 
160.000000	-0.794621 	0.117469  	-0.590920 
161.000000	-0.754890 	0.101686  	-0.582677 
162.000000	-0.715159 	0.086824  	-0.573802 
163.000000	-0.675428 	0.072476  	-0.564577 
164.000000	-0.635697 	0.058989  	-0.555351 
165.000000	-0.595966 	0.046149  	-0.546126 
166.000000	-0.556234 	0.034096  	-0.536901 
167.000000	-0.516503 	0.022831  	-0.527676 
168.000000	-0.476772 	0.013209  	-0.518450 
169.000000	-0.437041 	0.005777  	-0.509225 
170.000000	-0.397310 	0.001000  	-0.487948 
171.000000	-0.357579 	0.001000  	-0.444978 
172.000000	-0.317848 	0.001000  	-0.400000 
173.000000	-0.278117 	0.001000  	-0.350000 
174.000000	-0.238386 	0.001000  	-0.300000 
175.000000	-0.198655 	0.001000  	-0.250000 
176.000000	-0.158924 	0.001000  	-0.200000 
177.000000	-0.119193 	0.001000  	-0.150000 
178.000000	-0.079462 	0.001000  	-0.100000 
179.000000	-0.039731 	0.001000  	-0.050000 
180.000000	0.000000  	0.001000  	0.000000  
! ------------------------------------------------------------------------------
! data for table	11        
! ------------------------------------------------------------------------------
  1.200000  	Re           ! Reynolds number in millions
  0.000000  	UserProp     ! User property (control) setting
Flase           InclUAdata   ! Is unsteady aerodynamics data included in this table? If TRUE, then include UA coefficients below this line. Any missing coefficients will be calculated internally.
! Table of aerodynamics coefficients
  361       	NumAlf       ! Number of data lines in the following table
!Alpha      Cl          Cd          Cm/Cp
!(deg)      (-)         (-)         (-)
-180.000000	0.000000  	0.001000  	0.000000  
-179.000000	0.039835  	0.001000  	0.040000  
-178.000000	0.079670  	0.001000  	0.080000  
-177.000000	0.119504  	0.001000  	0.120000  
-176.000000	0.159339  	0.001000  	0.160000  
-175.000000	0.199174  	0.001000  	0.200000  
-174.000000	0.239009  	0.001000  	0.240000  
-173.000000	0.278844  	0.001000  	0.280000  
-172.000000	0.318679  	0.001000  	0.320000  
-171.000000	0.358513  	0.001000  	0.357464  
-170.000000	0.398348  	0.001000  	0.393913  
-169.000000	0.438183  	0.005081  	0.419406  
-168.000000	0.478018  	0.011429  	0.438811  
-167.000000	0.517853  	0.020592  	0.458217  
-166.000000	0.557688  	0.031867  	0.477622  
-165.000000	0.597522  	0.043930  	0.497028  
-164.000000	0.637357  	0.056780  	0.516433  
-163.000000	0.677192  	0.070278  	0.535839  
-162.000000	0.717027  	0.084639  	0.555245  
-161.000000	0.756862  	0.099513  	0.573045  
-160.000000	0.796697  	0.115310  	0.587956  
-159.000000	0.836531  	0.131494  	0.600427  
-158.000000	0.876366  	0.148646  	0.606797  
-157.000000	0.916201  	0.166069  	0.613168  
-156.000000	0.956036  	0.184487  	0.619539  
-155.000000	0.995871  	0.203073  	0.625910  
-154.000000	1.035706  	0.222662  	0.632281  
-153.000000	1.075540  	0.242329  	0.638652  
-152.000000	1.115375  	0.262989  	0.645023  
-151.000000	1.155210  	0.283650  	0.651394  
-150.000000	1.129887  	0.305744  	0.645264  
-149.000000	1.104565  	0.327837  	0.639134  
-148.000000	1.079242  	0.349931  	0.633005  
-147.000000	1.053919  	0.372025  	0.626875  
-146.000000	1.031438  	0.395098  	0.618352  
-145.000000	1.010535  	0.418716  	0.608499  
-144.000000	0.989633  	0.442333  	0.598645  
-143.000000	0.968730  	0.465951  	0.588792  
-142.000000	0.948498  	0.489850  	0.579886  
-141.000000	0.929941  	0.514455  	0.573346  
-140.000000	0.911384  	0.539061  	0.566807  
-139.000000	0.892827  	0.563666  	0.560267  
-138.000000	0.874271  	0.588271  	0.553727  
-137.000000	0.856713  	0.613275  	0.550583  
-136.000000	0.839232  	0.638310  	0.547700  
-135.000000	0.821750  	0.663345  	0.544816  
-134.000000	0.804269  	0.688380  	0.541933  
-133.000000	0.786955  	0.713336  	0.539324  
-132.000000	0.769765  	0.738233  	0.536920  
-131.000000	0.752576  	0.763131  	0.534516  
-130.000000	0.735386  	0.788028  	0.532112  
-129.000000	0.718159  	0.812775  	0.530175  
-128.000000	0.700793  	0.836972  	0.529951  
-127.000000	0.683428  	0.861169  	0.529727  
-126.000000	0.666062  	0.885366  	0.529502  
-125.000000	0.648696  	0.909563  	0.529278  
-124.000000	0.630969  	0.932691  	0.529054  
-123.000000	0.613181  	0.955642  	0.528829  
-122.000000	0.595393  	0.978592  	0.528605  
-121.000000	0.577605  	1.001542  	0.528381  
-120.000000	0.559565  	1.023611  	0.528415  
-119.000000	0.541271  	1.044798  	0.528707  
-118.000000	0.522978  	1.065985  	0.528999  
-117.000000	0.504684  	1.087172  	0.529291  
-116.000000	0.486324  	1.108039  	0.529592  
-115.000000	0.467566  	1.126988  	0.529951  
-114.000000	0.448809  	1.145936  	0.530310  
-113.000000	0.430051  	1.164884  	0.530669  
-112.000000	0.411293  	1.183833  	0.531028  
-111.000000	0.392280  	1.200690  	0.531117  
-110.000000	0.373198  	1.216976  	0.531134  
-109.000000	0.354115  	1.233263  	0.531150  
-108.000000	0.335033  	1.249549  	0.531166  
-107.000000	0.315904  	1.264540  	0.531081  
-106.000000	0.296715  	1.277804  	0.530859  
-105.000000	0.277525  	1.291068  	0.530637  
-104.000000	0.258335  	1.304331  	0.530416  
-103.000000	0.239157  	1.317358  	0.530167  
-102.000000	0.220139  	1.327307  	0.529557  
-101.000000	0.201120  	1.337257  	0.528948  
-100.000000	0.182102  	1.347206  	0.528339  
-99.000000	0.163083  	1.357155  	0.527730  
-98.000000	0.144420  	1.364585  	0.526460  
-97.000000	0.125900  	1.371005  	0.524925  
-96.000000	0.107379  	1.377426  	0.523390  
-95.000000	0.088858  	1.383847  	0.521856  
-94.000000	0.070645  	1.388961  	0.520321  
-93.000000	0.052983  	1.391721  	0.518786  
-92.000000	0.035322  	1.394480  	0.517251  
-91.000000	0.017661  	1.397240  	0.515716  
-90.000000	0.000000  	1.400000  	0.514182  
-89.000000	-0.017661 	1.397240  	0.510565  
-88.000000	-0.035322 	1.394480  	0.506948  
-87.000000	-0.052983 	1.391721  	0.503331  
-86.000000	-0.070645 	1.388961  	0.499715  
-85.000000	-0.088858 	1.383847  	0.496098  
-84.000000	-0.107379 	1.377426  	0.492481  
-83.000000	-0.125900 	1.371005  	0.488865  
-82.000000	-0.144420 	1.364585  	0.485248  
-81.000000	-0.163083 	1.357155  	0.481437  
-80.000000	-0.182102 	1.347206  	0.477143  
-79.000000	-0.201120 	1.337257  	0.472848  
-78.000000	-0.220139 	1.327307  	0.468553  
-77.000000	-0.239157 	1.317358  	0.464259  
-76.000000	-0.258335 	1.304331  	0.459701  
-75.000000	-0.277525 	1.291068  	0.455122  
-74.000000	-0.296715 	1.277804  	0.450544  
-73.000000	-0.315904 	1.264540  	0.445966  
-72.000000	-0.335033 	1.249549  	0.441314  
-71.000000	-0.354115 	1.233263  	0.436608  
-70.000000	-0.373198 	1.216976  	0.431902  
-69.000000	-0.392280 	1.200690  	0.427196  
-68.000000	-0.411293 	1.183833  	0.422451  
-67.000000	-0.430051 	1.164884  	0.417562  
-66.000000	-0.448809 	1.145936  	0.412672  
-65.000000	-0.467566 	1.126988  	0.407782  
-64.000000	-0.486324 	1.108039  	0.402893  
-63.000000	-0.504684 	1.087172  	0.398020  
-62.000000	-0.522978 	1.065985  	0.393150  
-61.000000	-0.541271 	1.044798  	0.388280  
-60.000000	-0.559565 	1.023611  	0.383410  
-59.000000	-0.577605 	1.001542  	0.378616  
-58.000000	-0.595393 	0.978592  	0.373897  
-57.000000	-0.613181 	0.955642  	0.369178  
-56.000000	-0.630969 	0.932691  	0.364459  
-55.000000	-0.648696 	0.909563  	0.359740  
-54.000000	-0.666062 	0.885366  	0.355021  
-53.000000	-0.683428 	0.861169  	0.350302  
-52.000000	-0.700793 	0.836972  	0.345583  
-51.000000	-0.718159 	0.812775  	0.340864  
-50.000000	-0.735386 	0.788028  	0.336306  
-49.000000	-0.752576 	0.763131  	0.331792  
-48.000000	-0.769765 	0.738233  	0.327279  
-47.000000	-0.786955 	0.713336  	0.322766  
-46.000000	-0.804269 	0.688380  	0.318271  
-45.000000	-0.821750 	0.663345  	0.313803  
-44.000000	-0.839232 	0.638310  	0.309335  
-43.000000	-0.856713 	0.613275  	0.304867  
-42.000000	-0.874271 	0.588271  	0.300359  
-41.000000	-0.892827 	0.563666  	0.295341  
-40.000000	-0.911384 	0.539061  	0.290322  
-39.000000	-0.929941 	0.514455  	0.285304  
-38.000000	-0.948498 	0.489850  	0.280285  
-37.000000	-0.968730 	0.465951  	0.274910  
-36.000000	-0.989633 	0.442333  	0.269393  
-35.000000	-1.010535 	0.418716  	0.263876  
-34.000000	-1.031438 	0.395098  	0.258359  
-33.000000	-1.053919 	0.372025  	0.252383  
-32.000000	-1.079242 	0.349931  	0.245582  
-31.000000	-1.104565 	0.327837  	0.238782  
-30.000000	-1.129887 	0.305744  	0.231981  
-29.000000	-1.155210 	0.283650  	0.225180  
-28.000000	-1.122015 	0.269309  	0.214070  
-27.000000	-1.088819 	0.254969  	0.202960  
-26.000000	-1.055624 	0.240628  	0.191849  
-25.000000	-1.022429 	0.226288  	0.180739  
-24.000000	-0.989234 	0.211947  	0.169629  
-23.000000	-0.956038 	0.197607  	0.158519  
-22.000000	-0.922843 	0.183266  	0.147409  
-21.000000	-0.889648 	0.168926  	0.136298  
-20.000000	-0.856453 	0.154585  	0.124743  
-19.000000	-0.823257 	0.140245  	0.112669  
-18.000000	-0.790062 	0.125904  	0.100151  
-17.000000	-0.756867 	0.111564  	0.087632  
-16.000000	-0.723672 	0.097223  	0.075113  
-15.000000	-0.690476 	0.082883  	0.062594  
-14.000000	-0.657281 	0.068542  	0.050075  
-13.000000	-0.624086 	0.054202  	0.037556  
-12.000000	-0.590891 	0.039861  	-0.011278 
-11.000000	-0.557695 	0.025521  	-0.074639 
-10.000000	-0.524500 	0.011180  	-0.138000 
-9.000000 	-0.375500 	0.010310  	-0.148000 
-8.000000 	-0.235700 	0.009910  	-0.155100 
-7.000000 	-0.101400 	0.009700  	-0.160500 
-6.000000 	0.030800  	0.009570  	-0.165300 
-5.000000 	0.161700  	0.009490  	-0.169700 
-4.000000 	0.291000  	0.009470  	-0.173800 
-3.000000 	0.418900  	0.009510  	-0.177500 
-2.000000 	0.545700  	0.009610  	-0.180900 
-1.000000 	0.671300  	0.009740  	-0.184100 
0.000000  	0.795800  	0.009900  	-0.187100 
1.000000  	0.918700  	0.010080  	-0.189800 
2.000000  	1.039900  	0.010330  	-0.192100 
3.000000  	1.159100  	0.010670  	-0.194000 
4.000000  	1.275600  	0.011110  	-0.195500 
5.000000  	1.388100  	0.011730  	-0.196200 
6.000000  	1.490800  	0.012880  	-0.195100 
7.000000  	1.577000  	0.014800  	-0.190900 
8.000000  	1.644500  	0.017220  	-0.183300 
9.000000  	1.688900  	0.019960  	-0.171300 
10.000000 	1.724600  	0.023670  	-0.159300 
11.000000 	1.752700  	0.028840  	-0.149000 
12.000000 	1.776300  	0.036080  	-0.141900 
13.000000 	1.790100  	0.045340  	-0.136700 
14.000000 	1.794900  	0.056020  	-0.132500 
15.000000 	1.793400  	0.067880  	-0.129300 
16.000000 	1.789900  	0.080470  	-0.127400 
17.000000 	1.780200  	0.094140  	-0.126600 
18.000000 	1.770300  	0.108180  	-0.127400 
19.000000 	1.756600  	0.123090  	-0.130100 
20.000000 	1.745300  	0.138090  	-0.134900 
21.000000 	1.730800  	0.153890  	-0.141900 
22.000000 	1.721500  	0.169270  	-0.150700 
23.000000 	1.703550  	0.186650  	-0.163200 
24.000000 	1.685600  	0.204030  	-0.175700 
25.000000 	1.670600  	0.221420  	-0.190500 
26.000000 	1.653400  	0.239690  	-0.207200 
27.000000 	1.645400  	0.255990  	-0.223100 
28.000000 	1.645500  	0.270500  	-0.238200 
29.000000 	1.650300  	0.283650  	-0.252700 
30.000000 	1.614125  	0.305744  	-0.260069 
31.000000 	1.577949  	0.327837  	-0.267437 
32.000000 	1.541774  	0.349931  	-0.274806 
33.000000 	1.505599  	0.372025  	-0.282174 
34.000000 	1.473483  	0.395098  	-0.288978 
35.000000 	1.443622  	0.418716  	-0.295468 
36.000000 	1.413761  	0.442333  	-0.301958 
37.000000 	1.383901  	0.465951  	-0.308448 
38.000000 	1.354997  	0.489850  	-0.314607 
39.000000 	1.328487  	0.514455  	-0.319942 
40.000000 	1.301978  	0.539061  	-0.325276 
41.000000 	1.275468  	0.563666  	-0.330610 
42.000000 	1.248958  	0.588271  	-0.335945 
43.000000 	1.223875  	0.613275  	-0.340095 
44.000000 	1.198902  	0.638310  	-0.344154 
45.000000 	1.173929  	0.663345  	-0.348214 
46.000000 	1.148956  	0.688380  	-0.352273 
47.000000 	1.124221  	0.713336  	-0.356299 
48.000000 	1.099665  	0.738233  	-0.360300 
49.000000 	1.075108  	0.763131  	-0.364301 
50.000000 	1.050551  	0.788028  	-0.368302 
51.000000 	1.025941  	0.812775  	-0.372246 
52.000000 	1.001133  	0.836972  	-0.375981 
53.000000 	0.976325  	0.861169  	-0.379717 
54.000000 	0.951517  	0.885366  	-0.383453 
55.000000 	0.926709  	0.909563  	-0.387188 
56.000000 	0.901384  	0.932691  	-0.390924 
57.000000 	0.875973  	0.955642  	-0.394660 
58.000000 	0.850562  	0.978592  	-0.398395 
59.000000 	0.825150  	1.001542  	-0.402131 
60.000000 	0.799378  	1.023611  	-0.405891 
61.000000 	0.773244  	1.044798  	-0.409674 
62.000000 	0.747111  	1.065985  	-0.413458 
63.000000 	0.720977  	1.087172  	-0.417241 
64.000000 	0.694749  	1.108039  	-0.421026 
65.000000 	0.667952  	1.126988  	-0.424816 
66.000000 	0.641155  	1.145936  	-0.428606 
67.000000 	0.614359  	1.164884  	-0.432395 
68.000000 	0.587562  	1.183833  	-0.436185 
69.000000 	0.560401  	1.200690  	-0.439951 
70.000000 	0.533140  	1.216976  	-0.443710 
71.000000 	0.505879  	1.233263  	-0.447470 
72.000000 	0.478618  	1.249549  	-0.451229 
73.000000 	0.451292  	1.264540  	-0.454979 
74.000000 	0.423878  	1.277804  	-0.458717 
75.000000 	0.396464  	1.291068  	-0.462455 
76.000000 	0.369050  	1.304331  	-0.466193 
77.000000 	0.341653  	1.317358  	-0.469922 
78.000000 	0.314484  	1.327307  	-0.473532 
79.000000 	0.287315  	1.337257  	-0.477142 
80.000000 	0.260145  	1.347206  	-0.480752 
81.000000 	0.232976  	1.357155  	-0.484361 
82.000000 	0.206315  	1.364585  	-0.487753 
83.000000 	0.179857  	1.371005  	-0.491056 
84.000000 	0.153399  	1.377426  	-0.494360 
85.000000 	0.126940  	1.383847  	-0.497664 
86.000000 	0.100921  	1.388961  	-0.500967 
87.000000 	0.075691  	1.391721  	-0.504271 
88.000000 	0.050460  	1.394480  	-0.507574 
89.000000 	0.025230  	1.397240  	-0.510878 
90.000000 	0.000000  	1.400000  	-0.514182 
91.000000 	-0.017661 	1.397240  	-0.515716 
92.000000 	-0.035322 	1.394480  	-0.517251 
93.000000 	-0.052983 	1.391721  	-0.518786 
94.000000 	-0.070645 	1.388961  	-0.520321 
95.000000 	-0.088858 	1.383847  	-0.521856 
96.000000 	-0.107379 	1.377426  	-0.523390 
97.000000 	-0.125900 	1.371005  	-0.524925 
98.000000 	-0.144420 	1.364585  	-0.526460 
99.000000 	-0.163083 	1.357155  	-0.527730 
100.000000	-0.182102 	1.347206  	-0.528339 
101.000000	-0.201120 	1.337257  	-0.528948 
102.000000	-0.220139 	1.327307  	-0.529557 
103.000000	-0.239157 	1.317358  	-0.530167 
104.000000	-0.258335 	1.304331  	-0.530416 
105.000000	-0.277525 	1.291068  	-0.530637 
106.000000	-0.296715 	1.277804  	-0.530859 
107.000000	-0.315904 	1.264540  	-0.531081 
108.000000	-0.335033 	1.249549  	-0.531166 
109.000000	-0.354115 	1.233263  	-0.531150 
110.000000	-0.373198 	1.216976  	-0.531134 
111.000000	-0.392280 	1.200690  	-0.531117 
112.000000	-0.411293 	1.183833  	-0.531028 
113.000000	-0.430051 	1.164884  	-0.530669 
114.000000	-0.448809 	1.145936  	-0.530310 
115.000000	-0.467566 	1.126988  	-0.529951 
116.000000	-0.486324 	1.108039  	-0.529592 
117.000000	-0.504684 	1.087172  	-0.529291 
118.000000	-0.522978 	1.065985  	-0.528999 
119.000000	-0.541271 	1.044798  	-0.528707 
120.000000	-0.559565 	1.023611  	-0.528415 
121.000000	-0.577605 	1.001542  	-0.528381 
122.000000	-0.595393 	0.978592  	-0.528605 
123.000000	-0.613181 	0.955642  	-0.528829 
124.000000	-0.630969 	0.932691  	-0.529054 
125.000000	-0.648696 	0.909563  	-0.529278 
126.000000	-0.666062 	0.885366  	-0.529502 
127.000000	-0.683428 	0.861169  	-0.529727 
128.000000	-0.700793 	0.836972  	-0.529951 
129.000000	-0.718159 	0.812775  	-0.530175 
130.000000	-0.735386 	0.788028  	-0.532112 
131.000000	-0.752576 	0.763131  	-0.534516 
132.000000	-0.769765 	0.738233  	-0.536920 
133.000000	-0.786955 	0.713336  	-0.539324 
134.000000	-0.804269 	0.688380  	-0.541933 
135.000000	-0.821750 	0.663345  	-0.544816 
136.000000	-0.839232 	0.638310  	-0.547700 
137.000000	-0.856713 	0.613275  	-0.550583 
138.000000	-0.874271 	0.588271  	-0.553727 
139.000000	-0.892827 	0.563666  	-0.560267 
140.000000	-0.911384 	0.539061  	-0.566807 
141.000000	-0.929941 	0.514455  	-0.573346 
142.000000	-0.948498 	0.489850  	-0.579886 
143.000000	-0.968730 	0.465951  	-0.588792 
144.000000	-0.989633 	0.442333  	-0.598645 
145.000000	-1.010535 	0.418716  	-0.608499 
146.000000	-1.031438 	0.395098  	-0.618352 
147.000000	-1.053919 	0.372025  	-0.626875 
148.000000	-1.079242 	0.349931  	-0.633005 
149.000000	-1.104565 	0.327837  	-0.639134 
150.000000	-1.129887 	0.305744  	-0.645264 
151.000000	-1.155210 	0.283650  	-0.651394 
152.000000	-1.115375 	0.262989  	-0.645023 
153.000000	-1.075540 	0.242329  	-0.638652 
154.000000	-1.035706 	0.222662  	-0.632281 
155.000000	-0.995871 	0.203073  	-0.625910 
156.000000	-0.956036 	0.184487  	-0.619539 
157.000000	-0.916201 	0.166069  	-0.613168 
158.000000	-0.876366 	0.148646  	-0.606797 
159.000000	-0.836531 	0.131494  	-0.600427 
160.000000	-0.796697 	0.115310  	-0.592636 
161.000000	-0.756862 	0.099513  	-0.584276 
162.000000	-0.717027 	0.084639  	-0.575245 
163.000000	-0.677192 	0.070278  	-0.565839 
164.000000	-0.637357 	0.056780  	-0.556433 
165.000000	-0.597522 	0.043930  	-0.547028 
166.000000	-0.557688 	0.031867  	-0.537622 
167.000000	-0.517853 	0.020592  	-0.528217 
168.000000	-0.478018 	0.011429  	-0.518811 
169.000000	-0.438183 	0.005081  	-0.509406 
170.000000	-0.398348 	0.001000  	-0.488002 
171.000000	-0.358513 	0.001000  	-0.445001 
172.000000	-0.318679 	0.001000  	-0.400000 
173.000000	-0.278844 	0.001000  	-0.350000 
174.000000	-0.239009 	0.001000  	-0.300000 
175.000000	-0.199174 	0.001000  	-0.250000 
176.000000	-0.159339 	0.001000  	-0.200000 
177.000000	-0.119504 	0.001000  	-0.150000 
178.000000	-0.079670 	0.001000  	-0.100000 
179.000000	-0.039835 	0.001000  	-0.050000 
180.000000	0.000000  	0.001000  	0.000000  
