! AeroDyn v15 airfoil data file
! Generated from airfoilprep.py modified by D. Kim (Mar 14th, 2022) 
! start all comment lines with ! 
! ------------------------------------------------------------------------------
"DEFAULT"       InterpOrd    ! Interpolation order to use for quasi-steady table lookup {1=linear; 3=cubic spline; "default"} [default=1]
! ------------------------------------------------------------------------------
! 0.20          RelThickness ! The non-dimensional thickness of the airfoil (thickness/chord) [only used if UAMod=7] [default=0.2] (-)
  1             NonDimArea   ! The non-dimensional area of the airfoil (area/chord^2) (set to 1.0 if unsure or unneeded)
  103           NumCoords    ! The number of coordinates in the airfoil shape file (including an extra coordinate for airfoil reference).
! ......... x-y coordinates are next if NumCoords > 0 .............
! x-y coordinate of airfoil reference
!  x/c        y/c
  0.25       0
! Airfoil: 
!  x/c        y/c
1.0012826 -0.0963993
0.9802448 -0.0919972
0.9592239 -0.0874991
0.9381279 -0.0833915
0.9168926 -0.0800711
0.8955104 -0.0779239
0.8740326 -0.0771857
0.8525483 -0.0777089
0.8311090 -0.0791965
0.8097375 -0.0815075
0.7884600 -0.0845501
0.7672862 -0.0882377
0.7462151 -0.0924856
0.7252446 -0.0972017
0.7043668 -0.1022969
0.6835622 -0.1076859
0.6628106 -0.1132870
0.6420929 -0.1190224
0.6213903 -0.1248150
0.6006860 -0.1305951
0.5799592 -0.1362962
0.5591924 -0.1418552
0.5383747 -0.1472139
0.5174965 -0.1523193
0.4965484 -0.1571183
0.4755235 -0.1615693
0.4544164 -0.1656301
0.4332311 -0.1692615
0.4119718 -0.1724262
0.3906437 -0.1750938
0.3692555 -0.1772299
0.3478186 -0.1787802
0.3263428 -0.1796541
0.3048476 -0.1796972
0.2833771 -0.1787688
0.2619811 -0.1767589
0.2407161 -0.1736450
0.2196414 -0.1694291
0.1988116 -0.1641343
0.1782776 -0.1577893
0.1580866 -0.1504245
0.1382890 -0.1420593
0.1189408 -0.1326963
0.1001185 -0.1223213
0.0819182 -0.1108978
0.0644677 -0.0983541
0.0479615 -0.0845950
0.0326855 -0.0694843
0.0190874 -0.0528478
0.0079030 -0.0345256
0.0004104 -0.0144277
-0.0007380 0.0068994
0.0053969 0.0274319
0.0158804 0.0461552
0.0291026 0.0630907
0.0442140 0.0783637
0.0607038 0.0921403
0.0782347 0.1045702
0.0965691 0.1157720
0.1155524 0.1258499
0.1350575 0.1348859
0.1549819 0.1429403
0.1752584 0.1500672
0.1958279 0.1563051
0.2166377 0.1616788
0.2376482 0.1662060
0.2588223 0.1698990
0.2801217 0.1727679
0.3015147 0.1748293
0.3229704 0.1761361
0.3444543 0.1767963
0.3659482 0.1769346
0.3874400 0.1766356
0.4089222 0.1759177
0.4303865 0.1747887
0.4518267 0.1732660
0.4732371 0.1713702
0.4946119 0.1691265
0.5159511 0.1665682
0.5372565 0.1637298
0.5585300 0.1606481
0.5797735 0.1573587
0.6009884 0.1538944
0.6221766 0.1502808
0.6433427 0.1465404
0.6644890 0.1426886
0.6856179 0.1387412
0.7067309 0.1347084
0.7278299 0.1306026
0.7489160 0.1264328
0.7699915 0.1222099
0.7910580 0.1179426
0.8121178 0.1136418
0.8331719 0.1093133
0.8542227 0.1049684
0.8752715 0.1006143
0.8963200 0.0962589
0.9173684 0.0919027
0.9384141 0.0875331
0.9594456 0.0830924
0.9804243 0.0784192
1.0012820 0.0732294
! ------------------------------------------------------------------------------
"unused"        BL_file      ! The file name including the boundary layer characteristics of the profile. Unused if the aeroacoustic module is not called.
  11        	NumTabs      ! Number of airfoil tables in this file.
! ------------------------------------------------------------------------------
! data for table	1         
! ------------------------------------------------------------------------------
  0.200000  	Re           ! Reynolds number in millions
  0.000000  	UserProp     ! User property (control) setting
Flase           InclUAdata   ! Is unsteady aerodynamics data included in this table? If TRUE, then include UA coefficients below this line. Any missing coefficients will be calculated internally.
! Table of aerodynamics coefficients
  361       	NumAlf       ! Number of data lines in the following table
!Alpha      Cl          Cd          Cm/Cp
!(deg)      (-)         (-)         (-)
-180.000000	0.000000  	0.001000  	0.000000  
-179.000000	0.053412  	0.001000  	0.040000  
-178.000000	0.106825  	0.001000  	0.080000  
-177.000000	0.160237  	0.001000  	0.120000  
-176.000000	0.213650  	0.001000  	0.160000  
-175.000000	0.267062  	0.001000  	0.200000  
-174.000000	0.320474  	0.001000  	0.240000  
-173.000000	0.373887  	0.001000  	0.280000  
-172.000000	0.427299  	0.001000  	0.320000  
-171.000000	0.480712  	0.001000  	0.357968  
-170.000000	0.534124  	0.001000  	0.395123  
-169.000000	0.587537  	0.001000  	0.423501  
-168.000000	0.640949  	0.001000  	0.447002  
-167.000000	0.694361  	0.004853  	0.470504  
-166.000000	0.747774  	0.011596  	0.494005  
-165.000000	0.801186  	0.021447  	0.517506  
-164.000000	0.854599  	0.034406  	0.541007  
-163.000000	0.908011  	0.048019  	0.564508  
-162.000000	0.961423  	0.062503  	0.588009  
-161.000000	1.014836  	0.077505  	0.609485  
-160.000000	1.068248  	0.093438  	0.627314  
-159.000000	1.121661  	0.109763  	0.642065  
-158.000000	1.175073  	0.127065  	0.649118  
-157.000000	1.228486  	0.144642  	0.656171  
-156.000000	1.281898  	0.163224  	0.663224  
-155.000000	1.335310  	0.181976  	0.670277  
-154.000000	1.388723  	0.201743  	0.677330  
-153.000000	1.442135  	0.221588  	0.684383  
-152.000000	1.495548  	0.242439  	0.691436  
-151.000000	1.548960  	0.263290  	0.698489  
-150.000000	1.505937  	0.285594  	0.687713  
-149.000000	1.462913  	0.307898  	0.676937  
-148.000000	1.419890  	0.330202  	0.666161  
-147.000000	1.376867  	0.352506  	0.655385  
-146.000000	1.339014  	0.375806  	0.641195  
-145.000000	1.304034  	0.399660  	0.625108  
-144.000000	1.269053  	0.423513  	0.609021  
-143.000000	1.234073  	0.447367  	0.592935  
-142.000000	1.200502  	0.471510  	0.578228  
-141.000000	1.170453  	0.496375  	0.566970  
-140.000000	1.140405  	0.521241  	0.555713  
-139.000000	1.110356  	0.546107  	0.544456  
-138.000000	1.080308  	0.570972  	0.533198  
-137.000000	1.053067  	0.596258  	0.526889  
-136.000000	1.026042  	0.621577  	0.520961  
-135.000000	0.999017  	0.646895  	0.515033  
-134.000000	0.971992  	0.672213  	0.509104  
-133.000000	0.946011  	0.697465  	0.503619  
-132.000000	0.920813  	0.722667  	0.498467  
-131.000000	0.895615  	0.747869  	0.493314  
-130.000000	0.870417  	0.773071  	0.488161  
-129.000000	0.845452  	0.798128  	0.483764  
-128.000000	0.821338  	0.822649  	0.482137  
-127.000000	0.797225  	0.847170  	0.480510  
-126.000000	0.773112  	0.871691  	0.478883  
-125.000000	0.748998  	0.896212  	0.477255  
-124.000000	0.725441  	0.919680  	0.475628  
-123.000000	0.701977  	0.942972  	0.474001  
-122.000000	0.678513  	0.966264  	0.472374  
-121.000000	0.655049  	0.989557  	0.470747  
-120.000000	0.631802  	1.011975  	0.469806  
-119.000000	0.608772  	1.033520  	0.469550  
-118.000000	0.585742  	1.055064  	0.469294  
-117.000000	0.562712  	1.076609  	0.469038  
-116.000000	0.539736  	1.097835  	0.468808  
-115.000000	0.517088  	1.117155  	0.468730  
-114.000000	0.494440  	1.136475  	0.468652  
-113.000000	0.471792  	1.155794  	0.468574  
-112.000000	0.449144  	1.175114  	0.468496  
-111.000000	0.426853  	1.192351  	0.468405  
-110.000000	0.404660  	1.209020  	0.468311  
-109.000000	0.382468  	1.225689  	0.468217  
-108.000000	0.360275  	1.242358  	0.468123  
-107.000000	0.338350  	1.257736  	0.468024  
-106.000000	0.316782  	1.271392  	0.467919  
-105.000000	0.295214  	1.285047  	0.467814  
-104.000000	0.273647  	1.298702  	0.467709  
-103.000000	0.252141  	1.312122  	0.467581  
-102.000000	0.231445  	1.322470  	0.467163  
-101.000000	0.210750  	1.332818  	0.466745  
-100.000000	0.190054  	1.343166  	0.466327  
-99.000000	0.169358  	1.353515  	0.465908  
-98.000000	0.149502  	1.361346  	0.464956  
-97.000000	0.129983  	1.368170  	0.463790  
-96.000000	0.110464  	1.374995  	0.462624  
-95.000000	0.090945  	1.381819  	0.461459  
-94.000000	0.071971  	1.387337  	0.460293  
-93.000000	0.053978  	1.390503  	0.459127  
-92.000000	0.035985  	1.393669  	0.457961  
-91.000000	0.017993  	1.396834  	0.456795  
-90.000000	0.000000  	1.400000  	0.455629  
-89.000000	-0.017993 	1.396834  	0.452252  
-88.000000	-0.035985 	1.393669  	0.448874  
-87.000000	-0.053978 	1.390503  	0.445496  
-86.000000	-0.071971 	1.387337  	0.442119  
-85.000000	-0.090945 	1.381819  	0.438741  
-84.000000	-0.110464 	1.374995  	0.435363  
-83.000000	-0.129983 	1.368170  	0.431985  
-82.000000	-0.149502 	1.361346  	0.428608  
-81.000000	-0.169358 	1.353515  	0.425071  
-80.000000	-0.190054 	1.343166  	0.421136  
-79.000000	-0.210750 	1.332818  	0.417201  
-78.000000	-0.231445 	1.322470  	0.413267  
-77.000000	-0.252141 	1.312122  	0.409332  
-76.000000	-0.273647 	1.298702  	0.405181  
-75.000000	-0.295214 	1.285047  	0.401013  
-74.000000	-0.316782 	1.271392  	0.396845  
-73.000000	-0.338350 	1.257736  	0.392677  
-72.000000	-0.360275 	1.242358  	0.388504  
-71.000000	-0.382468 	1.225689  	0.384328  
-70.000000	-0.404660 	1.209020  	0.380152  
-69.000000	-0.426853 	1.192351  	0.375975  
-68.000000	-0.449144 	1.175114  	0.371796  
-67.000000	-0.471792 	1.155794  	0.367608  
-66.000000	-0.494440 	1.136475  	0.363419  
-65.000000	-0.517088 	1.117155  	0.359230  
-64.000000	-0.539736 	1.097835  	0.355042  
-63.000000	-0.562712 	1.076609  	0.350905  
-62.000000	-0.585742 	1.055064  	0.346778  
-61.000000	-0.608772 	1.033520  	0.342650  
-60.000000	-0.631802 	1.011975  	0.338522  
-59.000000	-0.655049 	0.989557  	0.334630  
-58.000000	-0.678513 	0.966264  	0.330973  
-57.000000	-0.701977 	0.942972  	0.327316  
-56.000000	-0.725441 	0.919680  	0.323659  
-55.000000	-0.748998 	0.896212  	0.320002  
-54.000000	-0.773112 	0.871691  	0.316346  
-53.000000	-0.797225 	0.847170  	0.312689  
-52.000000	-0.821338 	0.822649  	0.309032  
-51.000000	-0.845452 	0.798128  	0.305375  
-50.000000	-0.870417 	0.773071  	0.302089  
-49.000000	-0.895615 	0.747869  	0.298904  
-48.000000	-0.920813 	0.722667  	0.295719  
-47.000000	-0.946011 	0.697465  	0.292534  
-46.000000	-0.971992 	0.672213  	0.289394  
-45.000000	-0.999017 	0.646895  	0.286313  
-44.000000	-1.026042 	0.621577  	0.283232  
-43.000000	-1.053067 	0.596258  	0.280151  
-42.000000	-1.080308 	0.570972  	0.277029  
-41.000000	-1.110356 	0.546107  	0.273377  
-40.000000	-1.140405 	0.521241  	0.269725  
-39.000000	-1.170453 	0.496375  	0.266072  
-38.000000	-1.200502 	0.471510  	0.262420  
-37.000000	-1.234073 	0.447367  	0.258397  
-36.000000	-1.269053 	0.423513  	0.254227  
-35.000000	-1.304034 	0.399660  	0.250057  
-34.000000	-1.339014 	0.375806  	0.245886  
-33.000000	-1.376867 	0.352506  	0.240946  
-32.000000	-1.419890 	0.330202  	0.234619  
-31.000000	-1.462913 	0.307898  	0.228292  
-30.000000	-1.505937 	0.285594  	0.221965  
-29.000000	-1.548960 	0.263290  	0.215639  
-28.000000	-1.498595 	0.253445  	0.202073  
-27.000000	-1.448230 	0.243600  	0.188506  
-26.000000	-1.397866 	0.233756  	0.174940  
-25.000000	-1.347501 	0.223911  	0.161374  
-24.000000	-1.297136 	0.214066  	0.147808  
-23.000000	-1.246771 	0.204221  	0.134242  
-22.000000	-1.196407 	0.194377  	0.120676  
-21.000000	-1.146042 	0.184532  	0.107110  
-20.000000	-1.095677 	0.174687  	0.093544  
-19.000000	-1.045312 	0.164842  	0.077524  
-18.000000	-0.994948 	0.154998  	0.061503  
-17.000000	-0.944583 	0.145153  	0.045483  
-16.000000	-0.894218 	0.135308  	0.029462  
-15.000000	-0.843853 	0.125463  	0.013442  
-14.000000	-0.793489 	0.115619  	-0.002579 
-13.000000	-0.743124 	0.105774  	-0.018599 
-12.000000	-0.692759 	0.095929  	-0.034620 
-11.000000	-0.642394 	0.086084  	-0.050640 
-10.000000	-0.592030 	0.076240  	-0.052060 
-9.000000 	-0.541665 	0.066395  	-0.053480 
-8.000000 	-0.491300 	0.056550  	-0.054900 
-7.000000 	-0.386700 	0.062320  	-0.046000 
-6.000000 	-0.195600 	0.047630  	-0.091400 
-5.000000 	-0.070300 	0.047940  	-0.096300 
-4.000000 	0.100000  	0.044900  	-0.118900 
-3.000000 	0.229700  	0.045110  	-0.125100 
-2.000000 	0.385800  	0.044160  	-0.140700 
-1.000000 	0.517000  	0.044460  	-0.147300 
0.000000  	0.662700  	0.044330  	-0.158900 
1.000000  	0.797600  	0.044790  	-0.166800 
2.000000  	0.931600  	0.045360  	-0.174400 
3.000000  	1.064950  	0.046215  	-0.181800 
4.000000  	1.198300  	0.047070  	-0.189200 
5.000000  	1.326500  	0.048000  	-0.195100 
6.000000  	1.454900  	0.049240  	-0.201400 
7.000000  	1.583600  	0.050680  	-0.207900 
8.000000  	1.701000  	0.051930  	-0.210900 
9.000000  	1.817500  	0.053590  	-0.214500 
10.000000 	1.932900  	0.055490  	-0.218100 
11.000000 	2.046700  	0.057290  	-0.221300 
12.000000 	2.148400  	0.058950  	-0.221500 
13.000000 	2.224400  	0.062120  	-0.217300 
14.000000 	2.242400  	0.068640  	-0.203000 
15.000000 	2.215900  	0.079470  	-0.185600 
16.000000 	2.199800  	0.091730  	-0.176100 
17.000000 	2.195200  	0.104410  	-0.172200 
18.000000 	2.147600  	0.124270  	-0.171300 
19.000000 	2.168600  	0.135110  	-0.173400 
20.000000 	2.132800  	0.155340  	-0.179600 
21.000000 	2.154100  	0.166090  	-0.184600 
22.000000 	2.137000  	0.183550  	-0.194000 
23.000000 	2.157200  	0.194120  	-0.201000 
24.000000 	2.162000  	0.207310  	-0.210700 
25.000000 	2.161000  	0.221490  	-0.222000 
26.000000 	2.173000  	0.232470  	-0.233400 
27.000000 	2.188600  	0.243000  	-0.244500 
28.000000 	2.203000  	0.253000  	-0.255700 
29.000000 	2.212800  	0.263290  	-0.267700 
30.000000 	2.151338  	0.285594  	-0.273301 
31.000000 	2.089876  	0.307898  	-0.278901 
32.000000 	2.028415  	0.330202  	-0.284502 
33.000000 	1.966953  	0.352506  	-0.290102 
34.000000 	1.912877  	0.375806  	-0.295006 
35.000000 	1.862905  	0.399660  	-0.299523 
36.000000 	1.812933  	0.423513  	-0.304040 
37.000000 	1.762961  	0.447367  	-0.308556 
38.000000 	1.715002  	0.471510  	-0.312737 
39.000000 	1.672076  	0.496375  	-0.316078 
40.000000 	1.629150  	0.521241  	-0.319419 
41.000000 	1.586223  	0.546107  	-0.322760 
42.000000 	1.543297  	0.570972  	-0.326101 
43.000000 	1.504381  	0.596258  	-0.328238 
44.000000 	1.465774  	0.621577  	-0.330281 
45.000000 	1.427167  	0.646895  	-0.332325 
46.000000 	1.388560  	0.672213  	-0.334369 
47.000000 	1.351445  	0.697465  	-0.336430 
48.000000 	1.315448  	0.722667  	-0.338505 
49.000000 	1.279451  	0.747869  	-0.340580 
50.000000 	1.243454  	0.773071  	-0.342654 
51.000000 	1.207789  	0.798128  	-0.344760 
52.000000 	1.173341  	0.822649  	-0.346976 
53.000000 	1.138893  	0.847170  	-0.349192 
54.000000 	1.104445  	0.871691  	-0.351408 
55.000000 	1.069997  	0.896212  	-0.353624 
56.000000 	1.036345  	0.919680  	-0.355841 
57.000000 	1.002824  	0.942972  	-0.358057 
58.000000 	0.969304  	0.966264  	-0.360273 
59.000000 	0.935784  	0.989557  	-0.362489 
60.000000 	0.902574  	1.011975  	-0.364975 
61.000000 	0.869674  	1.033520  	-0.367730 
62.000000 	0.836774  	1.055064  	-0.370484 
63.000000 	0.803874  	1.076609  	-0.373239 
64.000000 	0.771052  	1.097835  	-0.376004 
65.000000 	0.738697  	1.117155  	-0.378828 
66.000000 	0.706343  	1.136475  	-0.381653 
67.000000 	0.673989  	1.155794  	-0.384477 
68.000000 	0.641634  	1.175114  	-0.387302 
69.000000 	0.609791  	1.192351  	-0.390310 
70.000000 	0.578086  	1.209020  	-0.393368 
71.000000 	0.546382  	1.225689  	-0.396426 
72.000000 	0.514678  	1.242358  	-0.399483 
73.000000 	0.483357  	1.257736  	-0.402611 
74.000000 	0.452546  	1.271392  	-0.405831 
75.000000 	0.421735  	1.285047  	-0.409051 
76.000000 	0.390924  	1.298702  	-0.412271 
77.000000 	0.360202  	1.312122  	-0.415488 
78.000000 	0.330636  	1.322470  	-0.418657 
79.000000 	0.301071  	1.332818  	-0.421826 
80.000000 	0.271505  	1.343166  	-0.424995 
81.000000 	0.241939  	1.353515  	-0.428164 
82.000000 	0.213575  	1.361346  	-0.431247 
83.000000 	0.185690  	1.368170  	-0.434295 
84.000000 	0.157806  	1.374995  	-0.437342 
85.000000 	0.129921  	1.381819  	-0.440390 
86.000000 	0.102815  	1.387337  	-0.443438 
87.000000 	0.077112  	1.390503  	-0.446486 
88.000000 	0.051408  	1.393669  	-0.449534 
89.000000 	0.025704  	1.396834  	-0.452582 
90.000000 	0.000000  	1.400000  	-0.455629 
91.000000 	-0.017993 	1.396834  	-0.456795 
92.000000 	-0.035985 	1.393669  	-0.457961 
93.000000 	-0.053978 	1.390503  	-0.459127 
94.000000 	-0.071971 	1.387337  	-0.460293 
95.000000 	-0.090945 	1.381819  	-0.461459 
96.000000 	-0.110464 	1.374995  	-0.462624 
97.000000 	-0.129983 	1.368170  	-0.463790 
98.000000 	-0.149502 	1.361346  	-0.464956 
99.000000 	-0.169358 	1.353515  	-0.465908 
100.000000	-0.190054 	1.343166  	-0.466327 
101.000000	-0.210750 	1.332818  	-0.466745 
102.000000	-0.231445 	1.322470  	-0.467163 
103.000000	-0.252141 	1.312122  	-0.467581 
104.000000	-0.273647 	1.298702  	-0.467709 
105.000000	-0.295214 	1.285047  	-0.467814 
106.000000	-0.316782 	1.271392  	-0.467919 
107.000000	-0.338350 	1.257736  	-0.468024 
108.000000	-0.360275 	1.242358  	-0.468123 
109.000000	-0.382468 	1.225689  	-0.468217 
110.000000	-0.404660 	1.209020  	-0.468311 
111.000000	-0.426853 	1.192351  	-0.468405 
112.000000	-0.449144 	1.175114  	-0.468496 
113.000000	-0.471792 	1.155794  	-0.468574 
114.000000	-0.494440 	1.136475  	-0.468652 
115.000000	-0.517088 	1.117155  	-0.468730 
116.000000	-0.539736 	1.097835  	-0.468808 
117.000000	-0.562712 	1.076609  	-0.469038 
118.000000	-0.585742 	1.055064  	-0.469294 
119.000000	-0.608772 	1.033520  	-0.469550 
120.000000	-0.631802 	1.011975  	-0.469806 
121.000000	-0.655049 	0.989557  	-0.470747 
122.000000	-0.678513 	0.966264  	-0.472374 
123.000000	-0.701977 	0.942972  	-0.474001 
124.000000	-0.725441 	0.919680  	-0.475628 
125.000000	-0.748998 	0.896212  	-0.477255 
126.000000	-0.773112 	0.871691  	-0.478883 
127.000000	-0.797225 	0.847170  	-0.480510 
128.000000	-0.821338 	0.822649  	-0.482137 
129.000000	-0.845452 	0.798128  	-0.483764 
130.000000	-0.870417 	0.773071  	-0.488161 
131.000000	-0.895615 	0.747869  	-0.493314 
132.000000	-0.920813 	0.722667  	-0.498467 
133.000000	-0.946011 	0.697465  	-0.503619 
134.000000	-0.971992 	0.672213  	-0.509104 
135.000000	-0.999017 	0.646895  	-0.515033 
136.000000	-1.026042 	0.621577  	-0.520961 
137.000000	-1.053067 	0.596258  	-0.526889 
138.000000	-1.080308 	0.570972  	-0.533198 
139.000000	-1.110356 	0.546107  	-0.544456 
140.000000	-1.140405 	0.521241  	-0.555713 
141.000000	-1.170453 	0.496375  	-0.566970 
142.000000	-1.200502 	0.471510  	-0.578228 
143.000000	-1.234073 	0.447367  	-0.592935 
144.000000	-1.269053 	0.423513  	-0.609021 
145.000000	-1.304034 	0.399660  	-0.625108 
146.000000	-1.339014 	0.375806  	-0.641195 
147.000000	-1.376867 	0.352506  	-0.655385 
148.000000	-1.419890 	0.330202  	-0.666161 
149.000000	-1.462913 	0.307898  	-0.676937 
150.000000	-1.505937 	0.285594  	-0.687713 
151.000000	-1.548960 	0.263290  	-0.698489 
152.000000	-1.495548 	0.242439  	-0.691436 
153.000000	-1.442135 	0.221588  	-0.684383 
154.000000	-1.388723 	0.201743  	-0.677330 
155.000000	-1.335310 	0.181976  	-0.670277 
156.000000	-1.281898 	0.163224  	-0.663224 
157.000000	-1.228486 	0.144642  	-0.656171 
158.000000	-1.175073 	0.127065  	-0.649118 
159.000000	-1.121661 	0.109763  	-0.642065 
160.000000	-1.068248 	0.093438  	-0.631994 
161.000000	-1.014836 	0.077505  	-0.620716 
162.000000	-0.961423 	0.062503  	-0.608009 
163.000000	-0.908011 	0.048019  	-0.594508 
164.000000	-0.854599 	0.034406  	-0.581007 
165.000000	-0.801186 	0.021447  	-0.567506 
166.000000	-0.747774 	0.011596  	-0.554005 
167.000000	-0.694361 	0.004853  	-0.540504 
168.000000	-0.640949 	0.001000  	-0.527002 
169.000000	-0.587537 	0.001000  	-0.513501 
170.000000	-0.534124 	0.001000  	-0.489212 
171.000000	-0.480712 	0.001000  	-0.445505 
172.000000	-0.427299 	0.001000  	-0.400000 
173.000000	-0.373887 	0.001000  	-0.350000 
174.000000	-0.320474 	0.001000  	-0.300000 
175.000000	-0.267062 	0.001000  	-0.250000 
176.000000	-0.213650 	0.001000  	-0.200000 
177.000000	-0.160237 	0.001000  	-0.150000 
178.000000	-0.106825 	0.001000  	-0.100000 
179.000000	-0.053412 	0.001000  	-0.050000 
180.000000	0.000000  	0.001000  	0.000000  
! ------------------------------------------------------------------------------
! data for table	2         
! ------------------------------------------------------------------------------
  0.300000  	Re           ! Reynolds number in millions
  0.000000  	UserProp     ! User property (control) setting
Flase           InclUAdata   ! Is unsteady aerodynamics data included in this table? If TRUE, then include UA coefficients below this line. Any missing coefficients will be calculated internally.
! Table of aerodynamics coefficients
  361       	NumAlf       ! Number of data lines in the following table
!Alpha      Cl          Cd          Cm/Cp
!(deg)      (-)         (-)         (-)
-180.000000	0.000000  	0.001000  	0.000000  
-179.000000	0.053207  	0.001000  	0.040000  
-178.000000	0.106414  	0.001000  	0.080000  
-177.000000	0.159622  	0.001000  	0.120000  
-176.000000	0.212829  	0.001000  	0.160000  
-175.000000	0.266036  	0.001000  	0.200000  
-174.000000	0.319243  	0.001000  	0.240000  
-173.000000	0.372451  	0.001000  	0.280000  
-172.000000	0.425658  	0.001000  	0.320000  
-171.000000	0.478865  	0.001000  	0.358281  
-170.000000	0.532072  	0.001000  	0.395875  
-169.000000	0.585280  	0.001000  	0.426044  
-168.000000	0.638487  	0.001000  	0.452088  
-167.000000	0.691694  	0.006951  	0.478132  
-166.000000	0.744901  	0.017365  	0.504176  
-165.000000	0.798109  	0.029033  	0.530220  
-164.000000	0.851316  	0.041956  	0.556264  
-163.000000	0.904523  	0.055530  	0.582308  
-162.000000	0.957730  	0.069972  	0.608352  
-161.000000	1.010938  	0.084931  	0.632044  
-160.000000	1.064145  	0.100818  	0.651504  
-159.000000	1.117352  	0.117096  	0.667389  
-158.000000	1.170559  	0.134347  	0.674337  
-157.000000	1.223767  	0.151872  	0.681286  
-156.000000	1.276974  	0.170399  	0.688235  
-155.000000	1.330181  	0.189094  	0.695183  
-154.000000	1.383388  	0.208802  	0.702132  
-153.000000	1.436596  	0.228586  	0.709080  
-152.000000	1.489803  	0.249373  	0.716029  
-151.000000	1.543010  	0.270160  	0.722978  
-150.000000	1.500254  	0.292393  	0.711996  
-149.000000	1.457498  	0.314626  	0.701014  
-148.000000	1.414743  	0.336859  	0.690032  
-147.000000	1.371987  	0.359092  	0.679051  
-146.000000	1.334366  	0.382316  	0.664636  
-145.000000	1.299599  	0.406090  	0.648313  
-144.000000	1.264831  	0.429864  	0.631990  
-143.000000	1.230063  	0.453637  	0.615667  
-142.000000	1.196694  	0.477698  	0.600741  
-141.000000	1.166819  	0.502476  	0.589306  
-140.000000	1.136944  	0.527254  	0.577872  
-139.000000	1.107069  	0.552032  	0.566437  
-138.000000	1.077195  	0.576809  	0.555002  
-137.000000	1.050100  	0.602000  	0.548576  
-136.000000	1.023219  	0.627223  	0.542535  
-135.000000	0.996338  	0.652445  	0.536494  
-134.000000	0.969458  	0.677668  	0.530453  
-133.000000	0.943608  	0.702820  	0.524857  
-132.000000	0.918531  	0.727920  	0.519596  
-131.000000	0.893454  	0.753019  	0.514335  
-130.000000	0.868377  	0.778118  	0.509075  
-129.000000	0.843528  	0.803070  	0.504574  
-128.000000	0.819517  	0.827482  	0.502859  
-127.000000	0.795505  	0.851894  	0.501145  
-126.000000	0.771494  	0.876305  	0.499431  
-125.000000	0.747482  	0.900717  	0.497716  
-124.000000	0.724014  	0.924070  	0.496002  
-123.000000	0.700635  	0.947247  	0.494288  
-122.000000	0.677257  	0.970424  	0.492573  
-121.000000	0.653879  	0.993601  	0.490859  
-120.000000	0.630710  	1.015901  	0.489828  
-119.000000	0.607752  	1.037325  	0.489480  
-118.000000	0.584793  	1.058749  	0.489132  
-117.000000	0.561835  	1.080173  	0.488785  
-116.000000	0.538929  	1.101279  	0.488462  
-115.000000	0.516340  	1.120473  	0.488291  
-114.000000	0.493750  	1.139667  	0.488121  
-113.000000	0.471161  	1.158861  	0.487950  
-112.000000	0.448572  	1.178056  	0.487779  
-111.000000	0.426331  	1.195165  	0.487590  
-110.000000	0.404185  	1.211705  	0.487397  
-109.000000	0.382039  	1.228245  	0.487203  
-108.000000	0.359893  	1.244785  	0.487009  
-107.000000	0.338010  	1.260032  	0.486808  
-106.000000	0.316479  	1.273555  	0.486598  
-105.000000	0.294947  	1.287078  	0.486388  
-104.000000	0.273415  	1.300602  	0.486178  
-103.000000	0.251945  	1.313888  	0.485946  
-102.000000	0.231275  	1.324102  	0.485421  
-101.000000	0.210604  	1.334316  	0.484895  
-100.000000	0.189933  	1.344529  	0.484370  
-99.000000	0.169263  	1.354743  	0.483845  
-98.000000	0.149425  	1.362439  	0.482782  
-97.000000	0.129921  	1.369127  	0.481503  
-96.000000	0.110417  	1.375815  	0.480225  
-95.000000	0.090913  	1.382504  	0.478946  
-94.000000	0.071951  	1.387885  	0.477668  
-93.000000	0.053963  	1.390914  	0.476390  
-92.000000	0.035975  	1.393942  	0.475111  
-91.000000	0.017988  	1.396971  	0.473833  
-90.000000	0.000000  	1.400000  	0.472554  
-89.000000	-0.017988 	1.396971  	0.469130  
-88.000000	-0.035975 	1.393942  	0.465706  
-87.000000	-0.053963 	1.390914  	0.462282  
-86.000000	-0.071951 	1.387885  	0.458857  
-85.000000	-0.090913 	1.382504  	0.455433  
-84.000000	-0.110417 	1.375815  	0.452009  
-83.000000	-0.129921 	1.369127  	0.448585  
-82.000000	-0.149425 	1.362439  	0.445161  
-81.000000	-0.169263 	1.354743  	0.441576  
-80.000000	-0.189933 	1.344529  	0.437590  
-79.000000	-0.210604 	1.334316  	0.433605  
-78.000000	-0.231275 	1.324102  	0.429619  
-77.000000	-0.251945 	1.313888  	0.425633  
-76.000000	-0.273415 	1.300602  	0.421429  
-75.000000	-0.294947 	1.287078  	0.417209  
-74.000000	-0.316479 	1.273555  	0.412988  
-73.000000	-0.338010 	1.260032  	0.408767  
-72.000000	-0.359893 	1.244785  	0.404538  
-71.000000	-0.382039 	1.228245  	0.400303  
-70.000000	-0.404185 	1.211705  	0.396067  
-69.000000	-0.426331 	1.195165  	0.391832  
-68.000000	-0.448572 	1.178056  	0.387592  
-67.000000	-0.471161 	1.158861  	0.383335  
-66.000000	-0.493750 	1.139667  	0.379079  
-65.000000	-0.516340 	1.120473  	0.374822  
-64.000000	-0.538929 	1.101279  	0.370566  
-63.000000	-0.561835 	1.080173  	0.366358  
-62.000000	-0.584793 	1.058749  	0.362159  
-61.000000	-0.607752 	1.037325  	0.357959  
-60.000000	-0.630710 	1.015901  	0.353760  
-59.000000	-0.653879 	0.993601  	0.349780  
-58.000000	-0.677257 	0.970424  	0.346021  
-57.000000	-0.700635 	0.947247  	0.342262  
-56.000000	-0.724014 	0.924070  	0.338503  
-55.000000	-0.747482 	0.900717  	0.334744  
-54.000000	-0.771494 	0.876305  	0.330985  
-53.000000	-0.795505 	0.851894  	0.327225  
-52.000000	-0.819517 	0.827482  	0.323466  
-51.000000	-0.843528 	0.803070  	0.319707  
-50.000000	-0.868377 	0.778118  	0.316269  
-49.000000	-0.893454 	0.753019  	0.312918  
-48.000000	-0.918531 	0.727920  	0.309568  
-47.000000	-0.943608 	0.702820  	0.306217  
-46.000000	-0.969458 	0.677668  	0.302905  
-45.000000	-0.996338 	0.652445  	0.299644  
-44.000000	-1.023219 	0.627223  	0.296383  
-43.000000	-1.050100 	0.602000  	0.293122  
-42.000000	-1.077195 	0.576809  	0.289814  
-41.000000	-1.107069 	0.552032  	0.285880  
-40.000000	-1.136944 	0.527254  	0.281947  
-39.000000	-1.166819 	0.502476  	0.278013  
-38.000000	-1.196694 	0.477698  	0.274080  
-37.000000	-1.230063 	0.453637  	0.269711  
-36.000000	-1.264831 	0.429864  	0.265168  
-35.000000	-1.299599 	0.406090  	0.260625  
-34.000000	-1.334366 	0.382316  	0.256082  
-33.000000	-1.371987 	0.359092  	0.250777  
-32.000000	-1.414743 	0.336859  	0.244102  
-31.000000	-1.457498 	0.314626  	0.237426  
-30.000000	-1.500254 	0.292393  	0.230751  
-29.000000	-1.543010 	0.270160  	0.224076  
-28.000000	-1.501041 	0.258243  	0.210242  
-27.000000	-1.459072 	0.246326  	0.196408  
-26.000000	-1.417103 	0.234409  	0.182574  
-25.000000	-1.375134 	0.222493  	0.168741  
-24.000000	-1.333165 	0.210576  	0.154907  
-23.000000	-1.291196 	0.198659  	0.141073  
-22.000000	-1.249227 	0.186742  	0.127239  
-21.000000	-1.207258 	0.174825  	0.113405  
-20.000000	-1.165289 	0.162908  	0.100796  
-19.000000	-1.123321 	0.150992  	0.089614  
-18.000000	-1.081352 	0.139075  	0.079657  
-17.000000	-1.039383 	0.127158  	0.069700  
-16.000000	-0.997414 	0.115241  	0.059743  
-15.000000	-0.955445 	0.103324  	0.049786  
-14.000000	-0.913476 	0.091407  	0.039829  
-13.000000	-0.871507 	0.079491  	0.029871  
-12.000000	-0.829538 	0.067574  	0.003967  
-11.000000	-0.787569 	0.055657  	-0.028317 
-10.000000	-0.745600 	0.043740  	-0.060600 
-9.000000 	-0.563500 	0.040800  	-0.082600 
-8.000000 	-0.431500 	0.040740  	-0.089900 
-7.000000 	-0.284200 	0.040230  	-0.102700 
-6.000000 	-0.146300 	0.039930  	-0.112000 
-5.000000 	-0.004700 	0.039890  	-0.122200 
-4.000000 	0.138600  	0.039820  	-0.133000 
-3.000000 	0.277200  	0.039980  	-0.141900 
-2.000000 	0.419700  	0.040100  	-0.152000 
-1.000000 	0.556700  	0.040420  	-0.160300 
0.000000  	0.695300  	0.040760  	-0.169200 
1.000000  	0.832400  	0.041280  	-0.177400 
2.000000  	0.966100  	0.041800  	-0.184700 
3.000000  	1.100500  	0.042390  	-0.192200 
4.000000  	1.233400  	0.043130  	-0.199200 
5.000000  	1.362400  	0.043980  	-0.205200 
6.000000  	1.489700  	0.044850  	-0.210700 
7.000000  	1.616400  	0.045850  	-0.216200 
8.000000  	1.739800  	0.047080  	-0.220900 
9.000000  	1.858100  	0.048220  	-0.224300 
10.000000 	1.973100  	0.049760  	-0.227300 
11.000000 	2.081900  	0.051600  	-0.228900 
12.000000 	2.180700  	0.053700  	-0.228500 
13.000000 	2.253200  	0.057380  	-0.223100 
14.000000 	2.241900  	0.066630  	-0.203200 
15.000000 	2.239500  	0.077620  	-0.191000 
16.000000 	2.233700  	0.090100  	-0.182900 
17.000000 	2.213900  	0.106130  	-0.178700 
18.000000 	2.196200  	0.122420  	-0.177900 
19.000000 	2.176200  	0.139650  	-0.180300 
20.000000 	2.165350  	0.155630  	-0.185750 
21.000000 	2.154500  	0.171610  	-0.191200 
22.000000 	2.155900  	0.185540  	-0.198400 
23.000000 	2.157100  	0.199540  	-0.207100 
24.000000 	2.160300  	0.213040  	-0.216600 
25.000000 	2.168100  	0.225300  	-0.226400 
26.000000 	2.177300  	0.236605  	-0.237000 
27.000000 	2.186500  	0.247910  	-0.247600 
28.000000 	2.195900  	0.259290  	-0.259900 
29.000000 	2.204300  	0.270160  	-0.272300 
30.000000 	2.143220  	0.292393  	-0.278504 
31.000000 	2.082141  	0.314626  	-0.284709 
32.000000 	2.021061  	0.336859  	-0.290913 
33.000000 	1.959981  	0.359092  	-0.297118 
34.000000 	1.906237  	0.382316  	-0.302586 
35.000000 	1.856569  	0.406090  	-0.307646 
36.000000 	1.806901  	0.429864  	-0.312706 
37.000000 	1.757233  	0.453637  	-0.317766 
38.000000 	1.709562  	0.477698  	-0.322452 
39.000000 	1.666884  	0.502476  	-0.326204 
40.000000 	1.624206  	0.527254  	-0.329956 
41.000000 	1.581528  	0.552032  	-0.333707 
42.000000 	1.538849  	0.576809  	-0.337459 
43.000000 	1.500143  	0.602000  	-0.339871 
44.000000 	1.461742  	0.627223  	-0.342179 
45.000000 	1.423341  	0.652445  	-0.344487 
46.000000 	1.384939  	0.677668  	-0.346796 
47.000000 	1.348011  	0.702820  	-0.349110 
48.000000 	1.312187  	0.727920  	-0.351428 
49.000000 	1.276363  	0.753019  	-0.353746 
50.000000 	1.240539  	0.778118  	-0.356064 
51.000000 	1.205041  	0.803070  	-0.358392 
52.000000 	1.170738  	0.827482  	-0.360755 
53.000000 	1.136436  	0.851894  	-0.363118 
54.000000 	1.102134  	0.876305  	-0.365481 
55.000000 	1.067832  	0.900717  	-0.367845 
56.000000 	1.034305  	0.924070  	-0.370208 
57.000000 	1.000908  	0.947247  	-0.372571 
58.000000 	0.967510  	0.970424  	-0.374934 
59.000000 	0.934112  	0.993601  	-0.377297 
60.000000 	0.901015  	1.015901  	-0.379904 
61.000000 	0.868217  	1.037325  	-0.382754 
62.000000 	0.835419  	1.058749  	-0.385605 
63.000000 	0.802621  	1.080173  	-0.388455 
64.000000 	0.769899  	1.101279  	-0.391315 
65.000000 	0.737628  	1.120473  	-0.394229 
66.000000 	0.705358  	1.139667  	-0.397143 
67.000000 	0.673087  	1.158861  	-0.400056 
68.000000 	0.640817  	1.178056  	-0.402970 
69.000000 	0.609044  	1.195165  	-0.406054 
70.000000 	0.577407  	1.211705  	-0.409184 
71.000000 	0.545770  	1.228245  	-0.412314 
72.000000 	0.514133  	1.244785  	-0.415444 
73.000000 	0.482872  	1.260032  	-0.418639 
74.000000 	0.452112  	1.273555  	-0.421919 
75.000000 	0.421353  	1.287078  	-0.425199 
76.000000 	0.390593  	1.300602  	-0.428480 
77.000000 	0.359922  	1.313888  	-0.431756 
78.000000 	0.330392  	1.324102  	-0.434982 
79.000000 	0.300863  	1.334316  	-0.438208 
80.000000 	0.271333  	1.344529  	-0.441433 
81.000000 	0.241804  	1.354743  	-0.444659 
82.000000 	0.213465  	1.362439  	-0.447792 
83.000000 	0.185602  	1.369127  	-0.450887 
84.000000 	0.157739  	1.375815  	-0.453982 
85.000000 	0.129876  	1.382504  	-0.457078 
86.000000 	0.102787  	1.387885  	-0.460173 
87.000000 	0.077090  	1.390914  	-0.463268 
88.000000 	0.051393  	1.393942  	-0.466364 
89.000000 	0.025697  	1.396971  	-0.469459 
90.000000 	0.000000  	1.400000  	-0.472554 
91.000000 	-0.017988 	1.396971  	-0.473833 
92.000000 	-0.035975 	1.393942  	-0.475111 
93.000000 	-0.053963 	1.390914  	-0.476390 
94.000000 	-0.071951 	1.387885  	-0.477668 
95.000000 	-0.090913 	1.382504  	-0.478946 
96.000000 	-0.110417 	1.375815  	-0.480225 
97.000000 	-0.129921 	1.369127  	-0.481503 
98.000000 	-0.149425 	1.362439  	-0.482782 
99.000000 	-0.169263 	1.354743  	-0.483845 
100.000000	-0.189933 	1.344529  	-0.484370 
101.000000	-0.210604 	1.334316  	-0.484895 
102.000000	-0.231275 	1.324102  	-0.485421 
103.000000	-0.251945 	1.313888  	-0.485946 
104.000000	-0.273415 	1.300602  	-0.486178 
105.000000	-0.294947 	1.287078  	-0.486388 
106.000000	-0.316479 	1.273555  	-0.486598 
107.000000	-0.338010 	1.260032  	-0.486808 
108.000000	-0.359893 	1.244785  	-0.487009 
109.000000	-0.382039 	1.228245  	-0.487203 
110.000000	-0.404185 	1.211705  	-0.487397 
111.000000	-0.426331 	1.195165  	-0.487590 
112.000000	-0.448572 	1.178056  	-0.487779 
113.000000	-0.471161 	1.158861  	-0.487950 
114.000000	-0.493750 	1.139667  	-0.488121 
115.000000	-0.516340 	1.120473  	-0.488291 
116.000000	-0.538929 	1.101279  	-0.488462 
117.000000	-0.561835 	1.080173  	-0.488785 
118.000000	-0.584793 	1.058749  	-0.489132 
119.000000	-0.607752 	1.037325  	-0.489480 
120.000000	-0.630710 	1.015901  	-0.489828 
121.000000	-0.653879 	0.993601  	-0.490859 
122.000000	-0.677257 	0.970424  	-0.492573 
123.000000	-0.700635 	0.947247  	-0.494288 
124.000000	-0.724014 	0.924070  	-0.496002 
125.000000	-0.747482 	0.900717  	-0.497716 
126.000000	-0.771494 	0.876305  	-0.499431 
127.000000	-0.795505 	0.851894  	-0.501145 
128.000000	-0.819517 	0.827482  	-0.502859 
129.000000	-0.843528 	0.803070  	-0.504574 
130.000000	-0.868377 	0.778118  	-0.509075 
131.000000	-0.893454 	0.753019  	-0.514335 
132.000000	-0.918531 	0.727920  	-0.519596 
133.000000	-0.943608 	0.702820  	-0.524857 
134.000000	-0.969458 	0.677668  	-0.530453 
135.000000	-0.996338 	0.652445  	-0.536494 
136.000000	-1.023219 	0.627223  	-0.542535 
137.000000	-1.050100 	0.602000  	-0.548576 
138.000000	-1.077195 	0.576809  	-0.555002 
139.000000	-1.107069 	0.552032  	-0.566437 
140.000000	-1.136944 	0.527254  	-0.577872 
141.000000	-1.166819 	0.502476  	-0.589306 
142.000000	-1.196694 	0.477698  	-0.600741 
143.000000	-1.230063 	0.453637  	-0.615667 
144.000000	-1.264831 	0.429864  	-0.631990 
145.000000	-1.299599 	0.406090  	-0.648313 
146.000000	-1.334366 	0.382316  	-0.664636 
147.000000	-1.371987 	0.359092  	-0.679051 
148.000000	-1.414743 	0.336859  	-0.690032 
149.000000	-1.457498 	0.314626  	-0.701014 
150.000000	-1.500254 	0.292393  	-0.711996 
151.000000	-1.543010 	0.270160  	-0.722978 
152.000000	-1.489803 	0.249373  	-0.716029 
153.000000	-1.436596 	0.228586  	-0.709080 
154.000000	-1.383388 	0.208802  	-0.702132 
155.000000	-1.330181 	0.189094  	-0.695183 
156.000000	-1.276974 	0.170399  	-0.688235 
157.000000	-1.223767 	0.151872  	-0.681286 
158.000000	-1.170559 	0.134347  	-0.674337 
159.000000	-1.117352 	0.117096  	-0.667389 
160.000000	-1.064145 	0.100818  	-0.656184 
161.000000	-1.010938 	0.084931  	-0.643276 
162.000000	-0.957730 	0.069972  	-0.628352 
163.000000	-0.904523 	0.055530  	-0.612308 
164.000000	-0.851316 	0.041956  	-0.596264 
165.000000	-0.798109 	0.029033  	-0.580220 
166.000000	-0.744901 	0.017365  	-0.564176 
167.000000	-0.691694 	0.006951  	-0.548132 
168.000000	-0.638487 	0.001000  	-0.532088 
169.000000	-0.585280 	0.001000  	-0.516044 
170.000000	-0.532072 	0.001000  	-0.489964 
171.000000	-0.478865 	0.001000  	-0.445818 
172.000000	-0.425658 	0.001000  	-0.400000 
173.000000	-0.372451 	0.001000  	-0.350000 
174.000000	-0.319243 	0.001000  	-0.300000 
175.000000	-0.266036 	0.001000  	-0.250000 
176.000000	-0.212829 	0.001000  	-0.200000 
177.000000	-0.159622 	0.001000  	-0.150000 
178.000000	-0.106414 	0.001000  	-0.100000 
179.000000	-0.053207 	0.001000  	-0.050000 
180.000000	0.000000  	0.001000  	0.000000  
! ------------------------------------------------------------------------------
! data for table	3         
! ------------------------------------------------------------------------------
  0.400000  	Re           ! Reynolds number in millions
  0.000000  	UserProp     ! User property (control) setting
Flase           InclUAdata   ! Is unsteady aerodynamics data included in this table? If TRUE, then include UA coefficients below this line. Any missing coefficients will be calculated internally.
! Table of aerodynamics coefficients
  361       	NumAlf       ! Number of data lines in the following table
!Alpha      Cl          Cd          Cm/Cp
!(deg)      (-)         (-)         (-)
-180.000000	0.000000  	0.001000  	0.000000  
-179.000000	0.053094  	0.001000  	0.040000  
-178.000000	0.106188  	0.001000  	0.080000  
-177.000000	0.159281  	0.001000  	0.120000  
-176.000000	0.212375  	0.001000  	0.160000  
-175.000000	0.265469  	0.001000  	0.200000  
-174.000000	0.318563  	0.001000  	0.240000  
-173.000000	0.371657  	0.001000  	0.280000  
-172.000000	0.424750  	0.001000  	0.320000  
-171.000000	0.477844  	0.001000  	0.358337  
-170.000000	0.530938  	0.001000  	0.396009  
-169.000000	0.584032  	0.001560  	0.426498  
-168.000000	0.637126  	0.002432  	0.452996  
-167.000000	0.690219  	0.009275  	0.479494  
-166.000000	0.743313  	0.020597  	0.505992  
-165.000000	0.796407  	0.032710  	0.532490  
-164.000000	0.849501  	0.045615  	0.558988  
-163.000000	0.902594  	0.059171  	0.585486  
-162.000000	0.955688  	0.073593  	0.611985  
-161.000000	1.008782  	0.088530  	0.636074  
-160.000000	1.061876  	0.104396  	0.655827  
-159.000000	1.114970  	0.120650  	0.671918  
-158.000000	1.168063  	0.137877  	0.678856  
-157.000000	1.221157  	0.155376  	0.685794  
-156.000000	1.274251  	0.173877  	0.692732  
-155.000000	1.327345  	0.192545  	0.699669  
-154.000000	1.380439  	0.212223  	0.706607  
-153.000000	1.433532  	0.231979  	0.713545  
-152.000000	1.486626  	0.252734  	0.720482  
-151.000000	1.539720  	0.273490  	0.727420  
-150.000000	1.497112  	0.295689  	0.716451  
-149.000000	1.454504  	0.317887  	0.705481  
-148.000000	1.411896  	0.340086  	0.694512  
-147.000000	1.369288  	0.362285  	0.683542  
-146.000000	1.331796  	0.385471  	0.669144  
-145.000000	1.297146  	0.409206  	0.652840  
-144.000000	1.262496  	0.432942  	0.636536  
-143.000000	1.227846  	0.456677  	0.620233  
-142.000000	1.194588  	0.480698  	0.605324  
-141.000000	1.164809  	0.505433  	0.593901  
-140.000000	1.135030  	0.530168  	0.582479  
-139.000000	1.105252  	0.554904  	0.571057  
-138.000000	1.075473  	0.579639  	0.559634  
-137.000000	1.048459  	0.604783  	0.553213  
-136.000000	1.021658  	0.629960  	0.547177  
-135.000000	0.994857  	0.655136  	0.541141  
-134.000000	0.968056  	0.680312  	0.535105  
-133.000000	0.942279  	0.705416  	0.529513  
-132.000000	0.917269  	0.730465  	0.524255  
-131.000000	0.892259  	0.755515  	0.518997  
-130.000000	0.867249  	0.780564  	0.513739  
-129.000000	0.842465  	0.805466  	0.509238  
-128.000000	0.818510  	0.829825  	0.507516  
-127.000000	0.794555  	0.854183  	0.505794  
-126.000000	0.770599  	0.878542  	0.504072  
-125.000000	0.746644  	0.902901  	0.502350  
-124.000000	0.723224  	0.926198  	0.500628  
-123.000000	0.699893  	0.949319  	0.498906  
-122.000000	0.676562  	0.972440  	0.497184  
-121.000000	0.653232  	0.995561  	0.495462  
-120.000000	0.630107  	1.017804  	0.494419  
-119.000000	0.607188  	1.039170  	0.494055  
-118.000000	0.584269  	1.060535  	0.493691  
-117.000000	0.561350  	1.081901  	0.493326  
-116.000000	0.538483  	1.102947  	0.492987  
-115.000000	0.515926  	1.122081  	0.492799  
-114.000000	0.493369  	1.141215  	0.492610  
-113.000000	0.470812  	1.160348  	0.492422  
-112.000000	0.448256  	1.179482  	0.492234  
-111.000000	0.426042  	1.196528  	0.492024  
-110.000000	0.403922  	1.213006  	0.491809  
-109.000000	0.381802  	1.229484  	0.491594  
-108.000000	0.359682  	1.245961  	0.491379  
-107.000000	0.337823  	1.261145  	0.491155  
-106.000000	0.316311  	1.274604  	0.490921  
-105.000000	0.294799  	1.288063  	0.490687  
-104.000000	0.273287  	1.301522  	0.490453  
-103.000000	0.251837  	1.314745  	0.490197  
-102.000000	0.231180  	1.324893  	0.489647  
-101.000000	0.210524  	1.335042  	0.489097  
-100.000000	0.189867  	1.345190  	0.488547  
-99.000000	0.169210  	1.355339  	0.487997  
-98.000000	0.149383  	1.362968  	0.486908  
-97.000000	0.129887  	1.369591  	0.485603  
-96.000000	0.110392  	1.376213  	0.484298  
-95.000000	0.090896  	1.382835  	0.482994  
-94.000000	0.071940  	1.388151  	0.481689  
-93.000000	0.053955  	1.391113  	0.480384  
-92.000000	0.035970  	1.394075  	0.479079  
-91.000000	0.017985  	1.397038  	0.477775  
-90.000000	0.000000  	1.400000  	0.476470  
-89.000000	-0.017985 	1.397038  	0.473051  
-88.000000	-0.035970 	1.394075  	0.469633  
-87.000000	-0.053955 	1.391113  	0.466214  
-86.000000	-0.071940 	1.388151  	0.462795  
-85.000000	-0.090896 	1.382835  	0.459377  
-84.000000	-0.110392 	1.376213  	0.455958  
-83.000000	-0.129887 	1.369591  	0.452540  
-82.000000	-0.149383 	1.362968  	0.449121  
-81.000000	-0.169210 	1.355339  	0.445541  
-80.000000	-0.189867 	1.345190  	0.441558  
-79.000000	-0.210524 	1.335042  	0.437574  
-78.000000	-0.231180 	1.324893  	0.433591  
-77.000000	-0.251837 	1.314745  	0.429607  
-76.000000	-0.273287 	1.301522  	0.425404  
-75.000000	-0.294799 	1.288063  	0.421184  
-74.000000	-0.316311 	1.274604  	0.416964  
-73.000000	-0.337823 	1.261145  	0.412744  
-72.000000	-0.359682 	1.245961  	0.408513  
-71.000000	-0.381802 	1.229484  	0.404276  
-70.000000	-0.403922 	1.213006  	0.400038  
-69.000000	-0.426042 	1.196528  	0.395800  
-68.000000	-0.448256 	1.179482  	0.391556  
-67.000000	-0.470812 	1.160348  	0.387293  
-66.000000	-0.493369 	1.141215  	0.383029  
-65.000000	-0.515926 	1.122081  	0.378766  
-64.000000	-0.538483 	1.102947  	0.374502  
-63.000000	-0.561350 	1.081901  	0.370287  
-62.000000	-0.584269 	1.060535  	0.366079  
-61.000000	-0.607188 	1.039170  	0.361871  
-60.000000	-0.630107 	1.017804  	0.357664  
-59.000000	-0.653232 	0.995561  	0.353671  
-58.000000	-0.676562 	0.972440  	0.349895  
-57.000000	-0.699893 	0.949319  	0.346118  
-56.000000	-0.723224 	0.926198  	0.342341  
-55.000000	-0.746644 	0.902901  	0.338565  
-54.000000	-0.770599 	0.878542  	0.334788  
-53.000000	-0.794555 	0.854183  	0.331011  
-52.000000	-0.818510 	0.829825  	0.327235  
-51.000000	-0.842465 	0.805466  	0.323458  
-50.000000	-0.867249 	0.780564  	0.319993  
-49.000000	-0.892259 	0.755515  	0.316613  
-48.000000	-0.917269 	0.730465  	0.313233  
-47.000000	-0.942279 	0.705416  	0.309852  
-46.000000	-0.968056 	0.680312  	0.306510  
-45.000000	-0.994857 	0.655136  	0.303217  
-44.000000	-1.021658 	0.629960  	0.299924  
-43.000000	-1.048459 	0.604783  	0.296631  
-42.000000	-1.075473 	0.579639  	0.293289  
-41.000000	-1.105252 	0.554904  	0.289312  
-40.000000	-1.135030 	0.530168  	0.285334  
-39.000000	-1.164809 	0.505433  	0.281357  
-38.000000	-1.194588 	0.480698  	0.277379  
-37.000000	-1.227846 	0.456677  	0.272958  
-36.000000	-1.262496 	0.432942  	0.268360  
-35.000000	-1.297146 	0.409206  	0.263762  
-34.000000	-1.331796 	0.385471  	0.259164  
-33.000000	-1.369288 	0.362285  	0.253811  
-32.000000	-1.411896 	0.340086  	0.247098  
-31.000000	-1.454504 	0.317887  	0.240385  
-30.000000	-1.497112 	0.295689  	0.233672  
-29.000000	-1.539720 	0.273490  	0.226959  
-28.000000	-1.496029 	0.261145  	0.213146  
-27.000000	-1.452339 	0.248799  	0.199333  
-26.000000	-1.408648 	0.236454  	0.185519  
-25.000000	-1.364958 	0.224109  	0.171706  
-24.000000	-1.321267 	0.211764  	0.157893  
-23.000000	-1.277577 	0.199418  	0.144080  
-22.000000	-1.233886 	0.187073  	0.130267  
-21.000000	-1.190196 	0.174728  	0.116453  
-20.000000	-1.146505 	0.162383  	0.103761  
-19.000000	-1.102815 	0.150037  	0.092376  
-18.000000	-1.059124 	0.137692  	0.082112  
-17.000000	-1.015434 	0.125347  	0.071848  
-16.000000	-0.971743 	0.113002  	0.061584  
-15.000000	-0.928053 	0.100656  	0.051320  
-14.000000	-0.884362 	0.088311  	0.041056  
-13.000000	-0.840672 	0.075966  	0.030792  
-12.000000	-0.796981 	0.063621  	0.001133  
-11.000000	-0.753291 	0.051275  	-0.036283 
-10.000000	-0.709600 	0.038930  	-0.073700 
-9.000000 	-0.555900 	0.038220  	-0.086400 
-8.000000 	-0.414200 	0.038240  	-0.096900 
-7.000000 	-0.274500 	0.038110  	-0.106800 
-6.000000 	-0.133800 	0.038230  	-0.116500 
-5.000000 	0.009800  	0.038340  	-0.127200 
-4.000000 	0.148800  	0.038490  	-0.136300 
-3.000000 	0.290500  	0.038750  	-0.146100 
-2.000000 	0.429800  	0.038950  	-0.155100 
-1.000000 	0.569700  	0.039310  	-0.164200 
0.000000  	0.706900  	0.039660  	-0.172500 
1.000000  	0.844000  	0.040100  	-0.180800 
2.000000  	0.979700  	0.040630  	-0.188500 
3.000000  	1.113400  	0.041150  	-0.195700 
4.000000  	1.245800  	0.041770  	-0.202600 
5.000000  	1.376400  	0.042510  	-0.209000 
6.000000  	1.505600  	0.043250  	-0.214900 
7.000000  	1.629100  	0.044237  	-0.219500 
8.000000  	1.752600  	0.045223  	-0.224100 
9.000000  	1.876100  	0.046210  	-0.228700 
10.000000 	1.990700  	0.047570  	-0.231400 
11.000000 	2.100500  	0.049250  	-0.233100 
12.000000 	2.196400  	0.051630  	-0.231900 
13.000000 	2.252600  	0.056410  	-0.222800 
14.000000 	2.255600  	0.065760  	-0.206200 
15.000000 	2.260200  	0.076730  	-0.195200 
16.000000 	2.252100  	0.090230  	-0.187300 
17.000000 	2.238700  	0.105630  	-0.183100 
18.000000 	2.213700  	0.123020  	-0.181800 
19.000000 	2.194400  	0.140030  	-0.183700 
20.000000 	2.179150  	0.156530  	-0.188900 
21.000000 	2.163900  	0.173030  	-0.194100 
22.000000 	2.158200  	0.188080  	-0.201600 
23.000000 	2.158100  	0.202140  	-0.210000 
24.000000 	2.161500  	0.215530  	-0.219400 
25.000000 	2.165700  	0.228450  	-0.229500 
26.000000 	2.173600  	0.240360  	-0.239900 
27.000000 	2.182200  	0.251950  	-0.250800 
28.000000 	2.190500  	0.262620  	-0.262100 
29.000000 	2.199600  	0.273490  	-0.274600 
30.000000 	2.138732  	0.295689  	-0.280885 
31.000000 	2.077863  	0.317887  	-0.287171 
32.000000 	2.016995  	0.340086  	-0.293456 
33.000000 	1.956126  	0.362285  	-0.299742 
34.000000 	1.902566  	0.385471  	-0.305288 
35.000000 	1.853066  	0.409206  	-0.310424 
36.000000 	1.803566  	0.432942  	-0.315560 
37.000000 	1.754066  	0.456677  	-0.320695 
38.000000 	1.706554  	0.480698  	-0.325453 
39.000000 	1.664013  	0.505433  	-0.329266 
40.000000 	1.621472  	0.530168  	-0.333079 
41.000000 	1.578931  	0.554904  	-0.336891 
42.000000 	1.536390  	0.579639  	-0.340704 
43.000000 	1.497799  	0.604783  	-0.343162 
44.000000 	1.459512  	0.629960  	-0.345515 
45.000000 	1.421225  	0.655136  	-0.347868 
46.000000 	1.382937  	0.680312  	-0.350221 
47.000000 	1.346112  	0.705416  	-0.352577 
48.000000 	1.310384  	0.730465  	-0.354937 
49.000000 	1.274655  	0.755515  	-0.357296 
50.000000 	1.238927  	0.780564  	-0.359655 
51.000000 	1.203521  	0.805466  	-0.362021 
52.000000 	1.169300  	0.829825  	-0.364409 
53.000000 	1.135078  	0.854183  	-0.366797 
54.000000 	1.100856  	0.878542  	-0.369185 
55.000000 	1.066635  	0.902901  	-0.371573 
56.000000 	1.033177  	0.926198  	-0.373961 
57.000000 	0.999848  	0.949319  	-0.376349 
58.000000 	0.966518  	0.972440  	-0.378737 
59.000000 	0.933188  	0.995561  	-0.381126 
60.000000 	0.900152  	1.017804  	-0.383751 
61.000000 	0.867411  	1.039170  	-0.386614 
62.000000 	0.834670  	1.060535  	-0.389477 
63.000000 	0.801928  	1.081901  	-0.392340 
64.000000 	0.769261  	1.102947  	-0.395212 
65.000000 	0.737037  	1.122081  	-0.398137 
66.000000 	0.704813  	1.141215  	-0.401061 
67.000000 	0.672589  	1.160348  	-0.403986 
68.000000 	0.640365  	1.179482  	-0.406910 
69.000000 	0.608632  	1.196528  	-0.410000 
70.000000 	0.577032  	1.213006  	-0.413135 
71.000000 	0.545432  	1.229484  	-0.416270 
72.000000 	0.513832  	1.245961  	-0.419405 
73.000000 	0.482604  	1.261145  	-0.422603 
74.000000 	0.451873  	1.274604  	-0.425884 
75.000000 	0.421142  	1.288063  	-0.429165 
76.000000 	0.390411  	1.301522  	-0.432446 
77.000000 	0.359767  	1.314745  	-0.435723 
78.000000 	0.330257  	1.324893  	-0.438948 
79.000000 	0.300748  	1.335042  	-0.442173 
80.000000 	0.271239  	1.345190  	-0.445397 
81.000000 	0.241729  	1.355339  	-0.448622 
82.000000 	0.213404  	1.362968  	-0.451751 
83.000000 	0.185553  	1.369591  	-0.454840 
84.000000 	0.157702  	1.376213  	-0.457930 
85.000000 	0.129851  	1.382835  	-0.461020 
86.000000 	0.102771  	1.388151  	-0.464110 
87.000000 	0.077078  	1.391113  	-0.467200 
88.000000 	0.051385  	1.394075  	-0.470290 
89.000000 	0.025693  	1.397038  	-0.473380 
90.000000 	0.000000  	1.400000  	-0.476470 
91.000000 	-0.017985 	1.397038  	-0.477775 
92.000000 	-0.035970 	1.394075  	-0.479079 
93.000000 	-0.053955 	1.391113  	-0.480384 
94.000000 	-0.071940 	1.388151  	-0.481689 
95.000000 	-0.090896 	1.382835  	-0.482994 
96.000000 	-0.110392 	1.376213  	-0.484298 
97.000000 	-0.129887 	1.369591  	-0.485603 
98.000000 	-0.149383 	1.362968  	-0.486908 
99.000000 	-0.169210 	1.355339  	-0.487997 
100.000000	-0.189867 	1.345190  	-0.488547 
101.000000	-0.210524 	1.335042  	-0.489097 
102.000000	-0.231180 	1.324893  	-0.489647 
103.000000	-0.251837 	1.314745  	-0.490197 
104.000000	-0.273287 	1.301522  	-0.490453 
105.000000	-0.294799 	1.288063  	-0.490687 
106.000000	-0.316311 	1.274604  	-0.490921 
107.000000	-0.337823 	1.261145  	-0.491155 
108.000000	-0.359682 	1.245961  	-0.491379 
109.000000	-0.381802 	1.229484  	-0.491594 
110.000000	-0.403922 	1.213006  	-0.491809 
111.000000	-0.426042 	1.196528  	-0.492024 
112.000000	-0.448256 	1.179482  	-0.492234 
113.000000	-0.470812 	1.160348  	-0.492422 
114.000000	-0.493369 	1.141215  	-0.492610 
115.000000	-0.515926 	1.122081  	-0.492799 
116.000000	-0.538483 	1.102947  	-0.492987 
117.000000	-0.561350 	1.081901  	-0.493326 
118.000000	-0.584269 	1.060535  	-0.493691 
119.000000	-0.607188 	1.039170  	-0.494055 
120.000000	-0.630107 	1.017804  	-0.494419 
121.000000	-0.653232 	0.995561  	-0.495462 
122.000000	-0.676562 	0.972440  	-0.497184 
123.000000	-0.699893 	0.949319  	-0.498906 
124.000000	-0.723224 	0.926198  	-0.500628 
125.000000	-0.746644 	0.902901  	-0.502350 
126.000000	-0.770599 	0.878542  	-0.504072 
127.000000	-0.794555 	0.854183  	-0.505794 
128.000000	-0.818510 	0.829825  	-0.507516 
129.000000	-0.842465 	0.805466  	-0.509238 
130.000000	-0.867249 	0.780564  	-0.513739 
131.000000	-0.892259 	0.755515  	-0.518997 
132.000000	-0.917269 	0.730465  	-0.524255 
133.000000	-0.942279 	0.705416  	-0.529513 
134.000000	-0.968056 	0.680312  	-0.535105 
135.000000	-0.994857 	0.655136  	-0.541141 
136.000000	-1.021658 	0.629960  	-0.547177 
137.000000	-1.048459 	0.604783  	-0.553213 
138.000000	-1.075473 	0.579639  	-0.559634 
139.000000	-1.105252 	0.554904  	-0.571057 
140.000000	-1.135030 	0.530168  	-0.582479 
141.000000	-1.164809 	0.505433  	-0.593901 
142.000000	-1.194588 	0.480698  	-0.605324 
143.000000	-1.227846 	0.456677  	-0.620233 
144.000000	-1.262496 	0.432942  	-0.636536 
145.000000	-1.297146 	0.409206  	-0.652840 
146.000000	-1.331796 	0.385471  	-0.669144 
147.000000	-1.369288 	0.362285  	-0.683542 
148.000000	-1.411896 	0.340086  	-0.694512 
149.000000	-1.454504 	0.317887  	-0.705481 
150.000000	-1.497112 	0.295689  	-0.716451 
151.000000	-1.539720 	0.273490  	-0.727420 
152.000000	-1.486626 	0.252734  	-0.720482 
153.000000	-1.433532 	0.231979  	-0.713545 
154.000000	-1.380439 	0.212223  	-0.706607 
155.000000	-1.327345 	0.192545  	-0.699669 
156.000000	-1.274251 	0.173877  	-0.692732 
157.000000	-1.221157 	0.155376  	-0.685794 
158.000000	-1.168063 	0.137877  	-0.678856 
159.000000	-1.114970 	0.120650  	-0.671918 
160.000000	-1.061876 	0.104396  	-0.660507 
161.000000	-1.008782 	0.088530  	-0.647305 
162.000000	-0.955688 	0.073593  	-0.631985 
163.000000	-0.902594 	0.059171  	-0.615486 
164.000000	-0.849501 	0.045615  	-0.598988 
165.000000	-0.796407 	0.032710  	-0.582490 
166.000000	-0.743313 	0.020597  	-0.565992 
167.000000	-0.690219 	0.009275  	-0.549494 
168.000000	-0.637126 	0.002432  	-0.532996 
169.000000	-0.584032 	0.001560  	-0.516498 
170.000000	-0.530938 	0.001000  	-0.490098 
171.000000	-0.477844 	0.001000  	-0.445874 
172.000000	-0.424750 	0.001000  	-0.400000 
173.000000	-0.371657 	0.001000  	-0.350000 
174.000000	-0.318563 	0.001000  	-0.300000 
175.000000	-0.265469 	0.001000  	-0.250000 
176.000000	-0.212375 	0.001000  	-0.200000 
177.000000	-0.159281 	0.001000  	-0.150000 
178.000000	-0.106188 	0.001000  	-0.100000 
179.000000	-0.053094 	0.001000  	-0.050000 
180.000000	0.000000  	0.001000  	0.000000  
! ------------------------------------------------------------------------------
! data for table	4         
! ------------------------------------------------------------------------------
  0.500000  	Re           ! Reynolds number in millions
  0.000000  	UserProp     ! User property (control) setting
Flase           InclUAdata   ! Is unsteady aerodynamics data included in this table? If TRUE, then include UA coefficients below this line. Any missing coefficients will be calculated internally.
! Table of aerodynamics coefficients
  361       	NumAlf       ! Number of data lines in the following table
!Alpha      Cl          Cd          Cm/Cp
!(deg)      (-)         (-)         (-)
-180.000000	0.000000  	0.001000  	0.000000  
-179.000000	0.053050  	0.001000  	0.040000  
-178.000000	0.106101  	0.001000  	0.080000  
-177.000000	0.159151  	0.001000  	0.120000  
-176.000000	0.212201  	0.001000  	0.160000  
-175.000000	0.265252  	0.001000  	0.200000  
-174.000000	0.318302  	0.001000  	0.240000  
-173.000000	0.371352  	0.001000  	0.280000  
-172.000000	0.424403  	0.001000  	0.320000  
-171.000000	0.477453  	0.001000  	0.358353  
-170.000000	0.530503  	0.001000  	0.396047  
-169.000000	0.583554  	0.002198  	0.426625  
-168.000000	0.636604  	0.004061  	0.453250  
-167.000000	0.689654  	0.011325  	0.479875  
-166.000000	0.742705  	0.022638  	0.506501  
-165.000000	0.795755  	0.034742  	0.533126  
-164.000000	0.848806  	0.047637  	0.559751  
-163.000000	0.901856  	0.061182  	0.586376  
-162.000000	0.954906  	0.075593  	0.613001  
-161.000000	1.007957  	0.090519  	0.637202  
-160.000000	1.061007  	0.106372  	0.657039  
-159.000000	1.114057  	0.122614  	0.673190  
-158.000000	1.167108  	0.139827  	0.680128  
-157.000000	1.220158  	0.157313  	0.687067  
-156.000000	1.273208  	0.175798  	0.694005  
-155.000000	1.326259  	0.194452  	0.700944  
-154.000000	1.379309  	0.214114  	0.707883  
-153.000000	1.432359  	0.233853  	0.714821  
-152.000000	1.485410  	0.254592  	0.721760  
-151.000000	1.538460  	0.275330  	0.728698  
-150.000000	1.495909  	0.297510  	0.717744  
-149.000000	1.453357  	0.319689  	0.706790  
-148.000000	1.410806  	0.341869  	0.695836  
-147.000000	1.368255  	0.364048  	0.684882  
-146.000000	1.330812  	0.387214  	0.670501  
-145.000000	1.296207  	0.410928  	0.654218  
-144.000000	1.261602  	0.434642  	0.637934  
-143.000000	1.226997  	0.458356  	0.621650  
-142.000000	1.193782  	0.482355  	0.606759  
-141.000000	1.164040  	0.507067  	0.595350  
-140.000000	1.134298  	0.531779  	0.583941  
-139.000000	1.104556  	0.556490  	0.572532  
-138.000000	1.074814  	0.581202  	0.561123  
-137.000000	1.047831  	0.606321  	0.554709  
-136.000000	1.021060  	0.631472  	0.548679  
-135.000000	0.994290  	0.656623  	0.542650  
-134.000000	0.967519  	0.681773  	0.536620  
-133.000000	0.941770  	0.706850  	0.531034  
-132.000000	0.916785  	0.731872  	0.525781  
-131.000000	0.891801  	0.756894  	0.520527  
-130.000000	0.866817  	0.781916  	0.515274  
-129.000000	0.842057  	0.806790  	0.510777  
-128.000000	0.818124  	0.831119  	0.509054  
-127.000000	0.794190  	0.855448  	0.507330  
-126.000000	0.770257  	0.879778  	0.505606  
-125.000000	0.746323  	0.904107  	0.503883  
-124.000000	0.722922  	0.927374  	0.502159  
-123.000000	0.699609  	0.950464  	0.500435  
-122.000000	0.676296  	0.973554  	0.498712  
-121.000000	0.652984  	0.996644  	0.496988  
-120.000000	0.629875  	1.018856  	0.495941  
-119.000000	0.606972  	1.040189  	0.495571  
-118.000000	0.584068  	1.061522  	0.495200  
-117.000000	0.561164  	1.082855  	0.494830  
-116.000000	0.538312  	1.103870  	0.494484  
-115.000000	0.515767  	1.122970  	0.494289  
-114.000000	0.493223  	1.142070  	0.494094  
-113.000000	0.470679  	1.161170  	0.493899  
-112.000000	0.448135  	1.180270  	0.493704  
-111.000000	0.425932  	1.197282  	0.493486  
-110.000000	0.403821  	1.213725  	0.493263  
-109.000000	0.381711  	1.230168  	0.493039  
-108.000000	0.359601  	1.246611  	0.492816  
-107.000000	0.337751  	1.261760  	0.492583  
-106.000000	0.316247  	1.275184  	0.492340  
-105.000000	0.294743  	1.288607  	0.492096  
-104.000000	0.273238  	1.302031  	0.491853  
-103.000000	0.251795  	1.315218  	0.491587  
-102.000000	0.231144  	1.325330  	0.491027  
-101.000000	0.210493  	1.335443  	0.490468  
-100.000000	0.189842  	1.345555  	0.489908  
-99.000000	0.169190  	1.355668  	0.489348  
-98.000000	0.149367  	1.363261  	0.488249  
-97.000000	0.129874  	1.369847  	0.486934  
-96.000000	0.110382  	1.376433  	0.485619  
-95.000000	0.090889  	1.383019  	0.484304  
-94.000000	0.071935  	1.388297  	0.482989  
-93.000000	0.053952  	1.391223  	0.481674  
-92.000000	0.035968  	1.394149  	0.480359  
-91.000000	0.017984  	1.397074  	0.479044  
-90.000000	0.000000  	1.400000  	0.477729  
-89.000000	-0.017984 	1.397074  	0.474318  
-88.000000	-0.035968 	1.394149  	0.470907  
-87.000000	-0.053952 	1.391223  	0.467496  
-86.000000	-0.071935 	1.388297  	0.464085  
-85.000000	-0.090889 	1.383019  	0.460674  
-84.000000	-0.110382 	1.376433  	0.457263  
-83.000000	-0.129874 	1.369847  	0.453852  
-82.000000	-0.149367 	1.363261  	0.450441  
-81.000000	-0.169190 	1.355668  	0.446868  
-80.000000	-0.189842 	1.345555  	0.442890  
-79.000000	-0.210493 	1.335443  	0.438912  
-78.000000	-0.231144 	1.325330  	0.434934  
-77.000000	-0.251795 	1.315218  	0.430956  
-76.000000	-0.273238 	1.302031  	0.426758  
-75.000000	-0.294743 	1.288607  	0.422543  
-74.000000	-0.316247 	1.275184  	0.418328  
-73.000000	-0.337751 	1.261760  	0.414112  
-72.000000	-0.359601 	1.246611  	0.409886  
-71.000000	-0.381711 	1.230168  	0.405651  
-70.000000	-0.403821 	1.213725  	0.401417  
-69.000000	-0.425932 	1.197282  	0.397182  
-68.000000	-0.448135 	1.180270  	0.392941  
-67.000000	-0.470679 	1.161170  	0.388679  
-66.000000	-0.493223 	1.142070  	0.384416  
-65.000000	-0.515767 	1.122970  	0.380154  
-64.000000	-0.538312 	1.103870  	0.375891  
-63.000000	-0.561164 	1.082855  	0.371676  
-62.000000	-0.584068 	1.061522  	0.367469  
-61.000000	-0.606972 	1.040189  	0.363261  
-60.000000	-0.629875 	1.018856  	0.359054  
-59.000000	-0.652984 	0.996644  	0.355060  
-58.000000	-0.676296 	0.973554  	0.351280  
-57.000000	-0.699609 	0.950464  	0.347500  
-56.000000	-0.722922 	0.927374  	0.343720  
-55.000000	-0.746323 	0.904107  	0.339940  
-54.000000	-0.770257 	0.879778  	0.336159  
-53.000000	-0.794190 	0.855448  	0.332379  
-52.000000	-0.818124 	0.831119  	0.328599  
-51.000000	-0.842057 	0.806790  	0.324819  
-50.000000	-0.866817 	0.781916  	0.321347  
-49.000000	-0.891801 	0.756894  	0.317960  
-48.000000	-0.916785 	0.731872  	0.314573  
-47.000000	-0.941770 	0.706850  	0.311186  
-46.000000	-0.967519 	0.681773  	0.307836  
-45.000000	-0.994290 	0.656623  	0.304535  
-44.000000	-1.021060 	0.631472  	0.301234  
-43.000000	-1.047831 	0.606321  	0.297934  
-42.000000	-1.074814 	0.581202  	0.294584  
-41.000000	-1.104556 	0.556490  	0.290597  
-40.000000	-1.134298 	0.531779  	0.286611  
-39.000000	-1.164040 	0.507067  	0.282624  
-38.000000	-1.193782 	0.482355  	0.278637  
-37.000000	-1.226997 	0.458356  	0.274206  
-36.000000	-1.261602 	0.434642  	0.269598  
-35.000000	-1.296207 	0.410928  	0.264989  
-34.000000	-1.330812 	0.387214  	0.260381  
-33.000000	-1.368255 	0.364048  	0.255019  
-32.000000	-1.410806 	0.341869  	0.248303  
-31.000000	-1.453357 	0.319689  	0.241586  
-30.000000	-1.495909 	0.297510  	0.234869  
-29.000000	-1.538460 	0.275330  	0.228152  
-28.000000	-1.493815 	0.262792  	0.214358  
-27.000000	-1.449169 	0.250254  	0.200563  
-26.000000	-1.404524 	0.237716  	0.186769  
-25.000000	-1.359879 	0.225178  	0.172974  
-24.000000	-1.315234 	0.212641  	0.159180  
-23.000000	-1.270588 	0.200103  	0.145385  
-22.000000	-1.225943 	0.187565  	0.131591  
-21.000000	-1.181298 	0.175027  	0.117796  
-20.000000	-1.136653 	0.162489  	0.105074  
-19.000000	-1.092007 	0.149951  	0.093602  
-18.000000	-1.047362 	0.137413  	0.083201  
-17.000000	-1.002717 	0.124875  	0.072801  
-16.000000	-0.958072 	0.112337  	0.062401  
-15.000000	-0.913426 	0.099799  	0.052001  
-14.000000	-0.868781 	0.087262  	0.041601  
-13.000000	-0.824136 	0.074724  	0.031201  
-12.000000	-0.779491 	0.062186  	-0.000068 
-11.000000	-0.734845 	0.049648  	-0.039684 
-10.000000	-0.690200 	0.037110  	-0.079300 
-9.000000 	-0.549000 	0.037070  	-0.089300 
-8.000000 	-0.411100 	0.037210  	-0.098400 
-7.000000 	-0.269000 	0.037350  	-0.108700 
-6.000000 	-0.126800 	0.037470  	-0.119000 
-5.000000 	0.014100  	0.037670  	-0.128700 
-4.000000 	0.156100  	0.037920  	-0.138500 
-3.000000 	0.296200  	0.038150  	-0.147900 
-2.000000 	0.436300  	0.038470  	-0.157000 
-1.000000 	0.575400  	0.038790  	-0.165900 
0.000000  	0.714200  	0.039140  	-0.174600 
1.000000  	0.851200  	0.039550  	-0.182700 
2.000000  	0.987000  	0.040000  	-0.190500 
3.000000  	1.121600  	0.040510  	-0.197900 
4.000000  	1.254000  	0.041120  	-0.204800 
5.000000  	1.385500  	0.041650  	-0.211200 
6.000000  	1.513350  	0.042395  	-0.216850 
7.000000  	1.641200  	0.043140  	-0.222500 
8.000000  	1.766600  	0.043940  	-0.227400 
9.000000  	1.886900  	0.045020  	-0.231300 
10.000000 	2.004600  	0.046200  	-0.234500 
11.000000 	2.115400  	0.047730  	-0.236300 
12.000000 	2.214700  	0.049970  	-0.235700 
13.000000 	2.274000  	0.054690  	-0.227000 
14.000000 	2.278800  	0.064010  	-0.210300 
15.000000 	2.288400  	0.074720  	-0.199500 
16.000000 	2.282700  	0.088090  	-0.191400 
17.000000 	2.259800  	0.104560  	-0.186100 
18.000000 	2.236600  	0.121730  	-0.184400 
19.000000 	2.210500  	0.139450  	-0.185700 
20.000000 	2.188000  	0.156950  	-0.189700 
21.000000 	2.172800  	0.173350  	-0.195600 
22.000000 	2.166800  	0.188450  	-0.202900 
23.000000 	2.165750  	0.202505  	-0.211750 
24.000000 	2.164700  	0.216560  	-0.220600 
25.000000 	2.170700  	0.229190  	-0.230500 
26.000000 	2.177600  	0.241320  	-0.240900 
27.000000 	2.185300  	0.253010  	-0.251900 
28.000000 	2.192800  	0.264360  	-0.263300 
29.000000 	2.197800  	0.275330  	-0.275700 
30.000000 	2.137012  	0.297510  	-0.281997 
31.000000 	2.076225  	0.319689  	-0.288295 
32.000000 	2.015437  	0.341869  	-0.294592 
33.000000 	1.954650  	0.364048  	-0.300890 
34.000000 	1.901160  	0.387214  	-0.306448 
35.000000 	1.851724  	0.410928  	-0.311596 
36.000000 	1.802289  	0.434642  	-0.316744 
37.000000 	1.752853  	0.458356  	-0.321892 
38.000000 	1.705402  	0.482355  	-0.326662 
39.000000 	1.662914  	0.507067  	-0.330486 
40.000000 	1.620425  	0.531779  	-0.334310 
41.000000 	1.577937  	0.556490  	-0.338134 
42.000000 	1.535448  	0.581202  	-0.341958 
43.000000 	1.496901  	0.606321  	-0.344425 
44.000000 	1.458658  	0.631472  	-0.346788 
45.000000 	1.420414  	0.656623  	-0.349151 
46.000000 	1.382171  	0.681773  	-0.351513 
47.000000 	1.345385  	0.706850  	-0.353879 
48.000000 	1.309693  	0.731872  	-0.356247 
49.000000 	1.274001  	0.756894  	-0.358616 
50.000000 	1.238309  	0.781916  	-0.360984 
51.000000 	1.202939  	0.806790  	-0.363357 
52.000000 	1.168748  	0.831119  	-0.365750 
53.000000 	1.134558  	0.855448  	-0.368143 
54.000000 	1.100367  	0.879778  	-0.370536 
55.000000 	1.066176  	0.904107  	-0.372929 
56.000000 	1.032746  	0.927374  	-0.375322 
57.000000 	0.999442  	0.950464  	-0.377715 
58.000000 	0.966138  	0.973554  	-0.380108 
59.000000 	0.932834  	0.996644  	-0.382501 
60.000000 	0.899822  	1.018856  	-0.385129 
61.000000 	0.867102  	1.040189  	-0.387993 
62.000000 	0.834383  	1.061522  	-0.390856 
63.000000 	0.801663  	1.082855  	-0.393720 
64.000000 	0.769017  	1.103870  	-0.396592 
65.000000 	0.736811  	1.122970  	-0.399516 
66.000000 	0.704605  	1.142070  	-0.402441 
67.000000 	0.672398  	1.161170  	-0.405365 
68.000000 	0.640192  	1.180270  	-0.408290 
69.000000 	0.608474  	1.197282  	-0.411378 
70.000000 	0.576888  	1.213725  	-0.414510 
71.000000 	0.545302  	1.230168  	-0.417642 
72.000000 	0.513716  	1.246611  	-0.420774 
73.000000 	0.482501  	1.261760  	-0.423969 
74.000000 	0.451781  	1.275184  	-0.427245 
75.000000 	0.421061  	1.288607  	-0.430522 
76.000000 	0.390341  	1.302031  	-0.433799 
77.000000 	0.359707  	1.315218  	-0.437071 
78.000000 	0.330206  	1.325330  	-0.440290 
79.000000 	0.300704  	1.335443  	-0.443510 
80.000000 	0.271202  	1.345555  	-0.446729 
81.000000 	0.241700  	1.355668  	-0.449948 
82.000000 	0.213381  	1.363261  	-0.453070 
83.000000 	0.185535  	1.369847  	-0.456152 
84.000000 	0.157688  	1.376433  	-0.459235 
85.000000 	0.129842  	1.383019  	-0.462317 
86.000000 	0.102765  	1.388297  	-0.465400 
87.000000 	0.077074  	1.391223  	-0.468482 
88.000000 	0.051382  	1.394149  	-0.471564 
89.000000 	0.025691  	1.397074  	-0.474647 
90.000000 	0.000000  	1.400000  	-0.477729 
91.000000 	-0.017984 	1.397074  	-0.479044 
92.000000 	-0.035968 	1.394149  	-0.480359 
93.000000 	-0.053952 	1.391223  	-0.481674 
94.000000 	-0.071935 	1.388297  	-0.482989 
95.000000 	-0.090889 	1.383019  	-0.484304 
96.000000 	-0.110382 	1.376433  	-0.485619 
97.000000 	-0.129874 	1.369847  	-0.486934 
98.000000 	-0.149367 	1.363261  	-0.488249 
99.000000 	-0.169190 	1.355668  	-0.489348 
100.000000	-0.189842 	1.345555  	-0.489908 
101.000000	-0.210493 	1.335443  	-0.490468 
102.000000	-0.231144 	1.325330  	-0.491027 
103.000000	-0.251795 	1.315218  	-0.491587 
104.000000	-0.273238 	1.302031  	-0.491853 
105.000000	-0.294743 	1.288607  	-0.492096 
106.000000	-0.316247 	1.275184  	-0.492340 
107.000000	-0.337751 	1.261760  	-0.492583 
108.000000	-0.359601 	1.246611  	-0.492816 
109.000000	-0.381711 	1.230168  	-0.493039 
110.000000	-0.403821 	1.213725  	-0.493263 
111.000000	-0.425932 	1.197282  	-0.493486 
112.000000	-0.448135 	1.180270  	-0.493704 
113.000000	-0.470679 	1.161170  	-0.493899 
114.000000	-0.493223 	1.142070  	-0.494094 
115.000000	-0.515767 	1.122970  	-0.494289 
116.000000	-0.538312 	1.103870  	-0.494484 
117.000000	-0.561164 	1.082855  	-0.494830 
118.000000	-0.584068 	1.061522  	-0.495200 
119.000000	-0.606972 	1.040189  	-0.495571 
120.000000	-0.629875 	1.018856  	-0.495941 
121.000000	-0.652984 	0.996644  	-0.496988 
122.000000	-0.676296 	0.973554  	-0.498712 
123.000000	-0.699609 	0.950464  	-0.500435 
124.000000	-0.722922 	0.927374  	-0.502159 
125.000000	-0.746323 	0.904107  	-0.503883 
126.000000	-0.770257 	0.879778  	-0.505606 
127.000000	-0.794190 	0.855448  	-0.507330 
128.000000	-0.818124 	0.831119  	-0.509054 
129.000000	-0.842057 	0.806790  	-0.510777 
130.000000	-0.866817 	0.781916  	-0.515274 
131.000000	-0.891801 	0.756894  	-0.520527 
132.000000	-0.916785 	0.731872  	-0.525781 
133.000000	-0.941770 	0.706850  	-0.531034 
134.000000	-0.967519 	0.681773  	-0.536620 
135.000000	-0.994290 	0.656623  	-0.542650 
136.000000	-1.021060 	0.631472  	-0.548679 
137.000000	-1.047831 	0.606321  	-0.554709 
138.000000	-1.074814 	0.581202  	-0.561123 
139.000000	-1.104556 	0.556490  	-0.572532 
140.000000	-1.134298 	0.531779  	-0.583941 
141.000000	-1.164040 	0.507067  	-0.595350 
142.000000	-1.193782 	0.482355  	-0.606759 
143.000000	-1.226997 	0.458356  	-0.621650 
144.000000	-1.261602 	0.434642  	-0.637934 
145.000000	-1.296207 	0.410928  	-0.654218 
146.000000	-1.330812 	0.387214  	-0.670501 
147.000000	-1.368255 	0.364048  	-0.684882 
148.000000	-1.410806 	0.341869  	-0.695836 
149.000000	-1.453357 	0.319689  	-0.706790 
150.000000	-1.495909 	0.297510  	-0.717744 
151.000000	-1.538460 	0.275330  	-0.728698 
152.000000	-1.485410 	0.254592  	-0.721760 
153.000000	-1.432359 	0.233853  	-0.714821 
154.000000	-1.379309 	0.214114  	-0.707883 
155.000000	-1.326259 	0.194452  	-0.700944 
156.000000	-1.273208 	0.175798  	-0.694005 
157.000000	-1.220158 	0.157313  	-0.687067 
158.000000	-1.167108 	0.139827  	-0.680128 
159.000000	-1.114057 	0.122614  	-0.673190 
160.000000	-1.061007 	0.106372  	-0.661718 
161.000000	-1.007957 	0.090519  	-0.648433 
162.000000	-0.954906 	0.075593  	-0.633001 
163.000000	-0.901856 	0.061182  	-0.616376 
164.000000	-0.848806 	0.047637  	-0.599751 
165.000000	-0.795755 	0.034742  	-0.583126 
166.000000	-0.742705 	0.022638  	-0.566501 
167.000000	-0.689654 	0.011325  	-0.549875 
168.000000	-0.636604 	0.004061  	-0.533250 
169.000000	-0.583554 	0.002198  	-0.516625 
170.000000	-0.530503 	0.001000  	-0.490136 
171.000000	-0.477453 	0.001000  	-0.445890 
172.000000	-0.424403 	0.001000  	-0.400000 
173.000000	-0.371352 	0.001000  	-0.350000 
174.000000	-0.318302 	0.001000  	-0.300000 
175.000000	-0.265252 	0.001000  	-0.250000 
176.000000	-0.212201 	0.001000  	-0.200000 
177.000000	-0.159151 	0.001000  	-0.150000 
178.000000	-0.106101 	0.001000  	-0.100000 
179.000000	-0.053050 	0.001000  	-0.050000 
180.000000	0.000000  	0.001000  	0.000000  
! ------------------------------------------------------------------------------
! data for table	5         
! ------------------------------------------------------------------------------
  0.600000  	Re           ! Reynolds number in millions
  0.000000  	UserProp     ! User property (control) setting
Flase           InclUAdata   ! Is unsteady aerodynamics data included in this table? If TRUE, then include UA coefficients below this line. Any missing coefficients will be calculated internally.
! Table of aerodynamics coefficients
  361       	NumAlf       ! Number of data lines in the following table
!Alpha      Cl          Cd          Cm/Cp
!(deg)      (-)         (-)         (-)
-180.000000	0.000000  	0.001000  	0.000000  
-179.000000	0.053159  	0.001000  	0.040000  
-178.000000	0.106318  	0.001000  	0.080000  
-177.000000	0.159477  	0.001000  	0.120000  
-176.000000	0.212636  	0.001000  	0.160000  
-175.000000	0.265795  	0.001000  	0.200000  
-174.000000	0.318954  	0.001000  	0.240000  
-173.000000	0.372113  	0.001000  	0.280000  
-172.000000	0.425272  	0.001000  	0.320000  
-171.000000	0.478431  	0.001000  	0.358389  
-170.000000	0.531590  	0.001000  	0.396135  
-169.000000	0.584749  	0.002427  	0.426922  
-168.000000	0.637908  	0.004646  	0.453844  
-167.000000	0.691067  	0.012060  	0.480766  
-166.000000	0.744226  	0.023370  	0.507688  
-165.000000	0.797384  	0.035471  	0.534609  
-164.000000	0.850543  	0.048363  	0.561531  
-163.000000	0.903702  	0.061904  	0.588453  
-162.000000	0.956861  	0.076311  	0.615375  
-161.000000	1.010020  	0.091233  	0.639835  
-160.000000	1.063179  	0.107081  	0.659864  
-159.000000	1.116338  	0.123318  	0.676152  
-158.000000	1.169497  	0.140527  	0.683084  
-157.000000	1.222656  	0.158007  	0.690017  
-156.000000	1.275815  	0.176487  	0.696950  
-155.000000	1.328974  	0.195135  	0.703882  
-154.000000	1.382133  	0.214792  	0.710815  
-153.000000	1.435292  	0.234525  	0.717748  
-152.000000	1.488451  	0.255258  	0.724680  
-151.000000	1.541610  	0.275990  	0.731613  
-150.000000	1.498917  	0.298163  	0.720588  
-149.000000	1.456224  	0.320336  	0.709563  
-148.000000	1.413531  	0.342508  	0.698538  
-147.000000	1.370839  	0.364681  	0.687513  
-146.000000	1.333273  	0.387840  	0.673049  
-145.000000	1.298555  	0.411546  	0.656675  
-144.000000	1.263837  	0.435253  	0.640301  
-143.000000	1.229120  	0.458959  	0.623927  
-142.000000	1.195798  	0.482950  	0.608952  
-141.000000	1.165964  	0.507653  	0.597475  
-140.000000	1.136130  	0.532356  	0.585998  
-139.000000	1.106296  	0.557060  	0.574520  
-138.000000	1.076462  	0.581763  	0.563043  
-137.000000	1.049402  	0.606873  	0.556583  
-136.000000	1.022555  	0.632014  	0.550509  
-135.000000	0.995708  	0.657156  	0.544436  
-134.000000	0.968861  	0.682297  	0.538362  
-133.000000	0.943042  	0.707365  	0.532733  
-132.000000	0.917994  	0.732377  	0.527440  
-131.000000	0.892945  	0.757389  	0.522146  
-130.000000	0.867897  	0.782401  	0.516852  
-129.000000	0.843076  	0.807264  	0.512317  
-128.000000	0.819088  	0.831583  	0.510569  
-127.000000	0.795101  	0.855902  	0.508820  
-126.000000	0.771113  	0.880221  	0.507072  
-125.000000	0.747126  	0.904540  	0.505323  
-124.000000	0.723678  	0.927796  	0.503574  
-123.000000	0.700320  	0.950875  	0.501826  
-122.000000	0.676961  	0.973954  	0.500077  
-121.000000	0.653603  	0.997033  	0.498328  
-120.000000	0.630453  	1.019233  	0.497260  
-119.000000	0.607512  	1.040555  	0.496872  
-118.000000	0.584570  	1.061876  	0.496484  
-117.000000	0.561628  	1.083198  	0.496097  
-116.000000	0.538739  	1.104200  	0.495734  
-115.000000	0.516164  	1.123288  	0.495523  
-114.000000	0.493588  	1.142376  	0.495311  
-113.000000	0.471013  	1.161464  	0.495100  
-112.000000	0.448437  	1.180552  	0.494888  
-111.000000	0.426208  	1.197552  	0.494656  
-110.000000	0.404073  	1.213983  	0.494419  
-109.000000	0.381938  	1.230413  	0.494181  
-108.000000	0.359803  	1.246844  	0.493943  
-107.000000	0.337931  	1.261980  	0.493698  
-106.000000	0.316407  	1.275391  	0.493442  
-105.000000	0.294884  	1.288802  	0.493186  
-104.000000	0.273361  	1.302213  	0.492930  
-103.000000	0.251899  	1.315388  	0.492651  
-102.000000	0.231234  	1.325487  	0.492080  
-101.000000	0.210570  	1.335587  	0.491508  
-100.000000	0.189905  	1.345686  	0.490936  
-99.000000	0.169241  	1.355786  	0.490365  
-98.000000	0.149407  	1.363366  	0.489254  
-97.000000	0.129907  	1.369939  	0.487928  
-96.000000	0.110406  	1.376512  	0.486602  
-95.000000	0.090906  	1.383084  	0.485276  
-94.000000	0.071946  	1.388350  	0.483950  
-93.000000	0.053960  	1.391262  	0.482624  
-92.000000	0.035973  	1.394175  	0.481298  
-91.000000	0.017987  	1.397087  	0.479972  
-90.000000	0.000000  	1.400000  	0.478646  
-89.000000	-0.017987 	1.397087  	0.475231  
-88.000000	-0.035973 	1.394175  	0.471816  
-87.000000	-0.053960 	1.391262  	0.468401  
-86.000000	-0.071946 	1.388350  	0.464986  
-85.000000	-0.090906 	1.383084  	0.461571  
-84.000000	-0.110406 	1.376512  	0.458156  
-83.000000	-0.129907 	1.369939  	0.454741  
-82.000000	-0.149407 	1.363366  	0.451326  
-81.000000	-0.169241 	1.355786  	0.447749  
-80.000000	-0.189905 	1.345686  	0.443768  
-79.000000	-0.210570 	1.335587  	0.439787  
-78.000000	-0.231234 	1.325487  	0.435806  
-77.000000	-0.251899 	1.315388  	0.431824  
-76.000000	-0.273361 	1.302213  	0.427623  
-75.000000	-0.294884 	1.288802  	0.423405  
-74.000000	-0.316407 	1.275391  	0.419186  
-73.000000	-0.337931 	1.261980  	0.414968  
-72.000000	-0.359803 	1.246844  	0.410739  
-71.000000	-0.381938 	1.230413  	0.406502  
-70.000000	-0.404073 	1.213983  	0.402264  
-69.000000	-0.426208 	1.197552  	0.398027  
-68.000000	-0.448437 	1.180552  	0.393784  
-67.000000	-0.471013 	1.161464  	0.389520  
-66.000000	-0.493588 	1.142376  	0.385255  
-65.000000	-0.516164 	1.123288  	0.380990  
-64.000000	-0.538739 	1.104200  	0.376726  
-63.000000	-0.561628 	1.083198  	0.372509  
-62.000000	-0.584570 	1.061876  	0.368299  
-61.000000	-0.607512 	1.040555  	0.364090  
-60.000000	-0.630453 	1.019233  	0.359881  
-59.000000	-0.653603 	0.997033  	0.355885  
-58.000000	-0.676961 	0.973954  	0.352102  
-57.000000	-0.700320 	0.950875  	0.348319  
-56.000000	-0.723678 	0.927796  	0.344537  
-55.000000	-0.747126 	0.904540  	0.340754  
-54.000000	-0.771113 	0.880221  	0.336971  
-53.000000	-0.795101 	0.855902  	0.333188  
-52.000000	-0.819088 	0.831583  	0.329406  
-51.000000	-0.843076 	0.807264  	0.325623  
-50.000000	-0.867897 	0.782401  	0.322145  
-49.000000	-0.892945 	0.757389  	0.318751  
-48.000000	-0.917994 	0.732377  	0.315356  
-47.000000	-0.943042 	0.707365  	0.311961  
-46.000000	-0.968861 	0.682297  	0.308603  
-45.000000	-0.995708 	0.657156  	0.305294  
-44.000000	-1.022555 	0.632014  	0.301984  
-43.000000	-1.049402 	0.606873  	0.298675  
-42.000000	-1.076462 	0.581763  	0.295316  
-41.000000	-1.106296 	0.557060  	0.291308  
-40.000000	-1.136130 	0.532356  	0.287300  
-39.000000	-1.165964 	0.507653  	0.283292  
-38.000000	-1.195798 	0.482950  	0.279284  
-37.000000	-1.229120 	0.458959  	0.274824  
-36.000000	-1.263837 	0.435253  	0.270183  
-35.000000	-1.298555 	0.411546  	0.265543  
-34.000000	-1.333273 	0.387840  	0.260902  
-33.000000	-1.370839 	0.364681  	0.255507  
-32.000000	-1.413531 	0.342508  	0.248756  
-31.000000	-1.456224 	0.320336  	0.242005  
-30.000000	-1.498917 	0.298163  	0.235254  
-29.000000	-1.541610 	0.275990  	0.228503  
-28.000000	-1.496599 	0.263373  	0.214668  
-27.000000	-1.451588 	0.250756  	0.200833  
-26.000000	-1.406577 	0.238139  	0.186998  
-25.000000	-1.361566 	0.225523  	0.173164  
-24.000000	-1.316555 	0.212906  	0.159329  
-23.000000	-1.271544 	0.200289  	0.145494  
-22.000000	-1.226533 	0.187672  	0.131659  
-21.000000	-1.181522 	0.175055  	0.117824  
-20.000000	-1.136511 	0.162438  	0.105074  
-19.000000	-1.091499 	0.149822  	0.093590  
-18.000000	-1.046488 	0.137205  	0.083191  
-17.000000	-1.001477 	0.124588  	0.072792  
-16.000000	-0.956466 	0.111971  	0.062393  
-15.000000	-0.911455 	0.099354  	0.051994  
-14.000000	-0.866444 	0.086737  	0.041596  
-13.000000	-0.821433 	0.074121  	0.031197  
-12.000000	-0.776422 	0.061504  	-0.000386 
-11.000000	-0.731411 	0.048887  	-0.040443 
-10.000000	-0.686400 	0.036270  	-0.080500 
-9.000000 	-0.548800 	0.036570  	-0.089600 
-8.000000 	-0.406300 	0.036730  	-0.100200 
-7.000000 	-0.265500 	0.036890  	-0.110000 
-6.000000 	-0.123400 	0.037130  	-0.120100 
-5.000000 	0.018100  	0.037370  	-0.129900 
-4.000000 	0.159600  	0.037610  	-0.139700 
-3.000000 	0.300800  	0.037880  	-0.149100 
-2.000000 	0.441000  	0.038150  	-0.158300 
-1.000000 	0.580400  	0.038470  	-0.167200 
0.000000  	0.718700  	0.038840  	-0.175800 
1.000000  	0.855900  	0.039250  	-0.184000 
2.000000  	0.991800  	0.039690  	-0.191800 
3.000000  	1.126900  	0.040100  	-0.199300 
4.000000  	1.260600  	0.040550  	-0.206400 
5.000000  	1.391700  	0.041140  	-0.212800 
6.000000  	1.522000  	0.041700  	-0.219000 
7.000000  	1.649600  	0.042370  	-0.224400 
8.000000  	1.773800  	0.043240  	-0.229200 
9.000000  	1.897900  	0.044000  	-0.233700 
10.000000 	2.015200  	0.045200  	-0.236900 
11.000000 	2.127200  	0.046660  	-0.238900 
12.000000 	2.232700  	0.048470  	-0.239500 
13.000000 	2.314200  	0.051790  	-0.235200 
14.000000 	2.314200  	0.061160  	-0.216300 
15.000000 	2.315200  	0.072520  	-0.203400 
16.000000 	2.308300  	0.085970  	-0.194500 
17.000000 	2.285400  	0.102370  	-0.188600 
18.000000 	2.257700  	0.119960  	-0.186200 
19.000000 	2.225700  	0.138480  	-0.187000 
20.000000 	2.204000  	0.155680  	-0.190500 
21.000000 	2.185300  	0.172580  	-0.196200 
22.000000 	2.174700  	0.188220  	-0.203500 
23.000000 	2.172900  	0.202460  	-0.211700 
24.000000 	2.170100  	0.216650  	-0.221100 
25.000000 	2.175200  	0.229350  	-0.230800 
26.000000 	2.183900  	0.241140  	-0.240900 
27.000000 	2.192200  	0.252740  	-0.251700 
28.000000 	2.197900  	0.264410  	-0.263500 
29.000000 	2.202300  	0.275990  	-0.275800 
30.000000 	2.141310  	0.298163  	-0.282154 
31.000000 	2.080320  	0.320336  	-0.288508 
32.000000 	2.019331  	0.342508  	-0.294862 
33.000000 	1.958341  	0.364681  	-0.301216 
34.000000 	1.904675  	0.387840  	-0.306825 
35.000000 	1.855079  	0.411546  	-0.312021 
36.000000 	1.805482  	0.435253  	-0.317216 
37.000000 	1.755885  	0.458959  	-0.322411 
38.000000 	1.708282  	0.482950  	-0.327224 
39.000000 	1.665662  	0.507653  	-0.331079 
40.000000 	1.623043  	0.532356  	-0.334933 
41.000000 	1.580423  	0.557060  	-0.338788 
42.000000 	1.537803  	0.581763  	-0.342643 
43.000000 	1.499145  	0.606873  	-0.345125 
44.000000 	1.460793  	0.632014  	-0.347500 
45.000000 	1.422440  	0.657156  	-0.349876 
46.000000 	1.384088  	0.682297  	-0.352252 
47.000000 	1.347203  	0.707365  	-0.354630 
48.000000 	1.311420  	0.732377  	-0.357009 
49.000000 	1.275636  	0.757389  	-0.359389 
50.000000 	1.239853  	0.782401  	-0.361769 
51.000000 	1.204394  	0.807264  	-0.364152 
52.000000 	1.170126  	0.831583  	-0.366548 
53.000000 	1.135858  	0.855902  	-0.368945 
54.000000 	1.101590  	0.880221  	-0.371342 
55.000000 	1.067322  	0.904540  	-0.373738 
56.000000 	1.033825  	0.927796  	-0.376135 
57.000000 	1.000456  	0.950875  	-0.378532 
58.000000 	0.967088  	0.973954  	-0.380928 
59.000000 	0.933719  	0.997033  	-0.383325 
60.000000 	0.900648  	1.019233  	-0.385956 
61.000000 	0.867874  	1.040555  	-0.388822 
62.000000 	0.835100  	1.061876  	-0.391687 
63.000000 	0.802326  	1.083198  	-0.394553 
64.000000 	0.769627  	1.104200  	-0.397428 
65.000000 	0.737377  	1.123288  	-0.400354 
66.000000 	0.705126  	1.142376  	-0.403281 
67.000000 	0.672875  	1.161464  	-0.406207 
68.000000 	0.640625  	1.180552  	-0.409134 
69.000000 	0.608869  	1.197552  	-0.412224 
70.000000 	0.577247  	1.213983  	-0.415359 
71.000000 	0.545626  	1.230413  	-0.418494 
72.000000 	0.514005  	1.246844  	-0.421629 
73.000000 	0.482758  	1.261980  	-0.424826 
74.000000 	0.452011  	1.275391  	-0.428105 
75.000000 	0.421263  	1.288802  	-0.431385 
76.000000 	0.390516  	1.302213  	-0.434664 
77.000000 	0.359856  	1.315388  	-0.437940 
78.000000 	0.330335  	1.325487  	-0.441163 
79.000000 	0.300814  	1.335587  	-0.444385 
80.000000 	0.271293  	1.345686  	-0.447608 
81.000000 	0.241772  	1.355786  	-0.450830 
82.000000 	0.213439  	1.363366  	-0.453956 
83.000000 	0.185581  	1.369939  	-0.457042 
84.000000 	0.157723  	1.376512  	-0.460128 
85.000000 	0.129865  	1.383084  	-0.463215 
86.000000 	0.102780  	1.388350  	-0.466301 
87.000000 	0.077085  	1.391262  	-0.469387 
88.000000 	0.051390  	1.394175  	-0.472474 
89.000000 	0.025695  	1.397087  	-0.475560 
90.000000 	0.000000  	1.400000  	-0.478646 
91.000000 	-0.017987 	1.397087  	-0.479972 
92.000000 	-0.035973 	1.394175  	-0.481298 
93.000000 	-0.053960 	1.391262  	-0.482624 
94.000000 	-0.071946 	1.388350  	-0.483950 
95.000000 	-0.090906 	1.383084  	-0.485276 
96.000000 	-0.110406 	1.376512  	-0.486602 
97.000000 	-0.129907 	1.369939  	-0.487928 
98.000000 	-0.149407 	1.363366  	-0.489254 
99.000000 	-0.169241 	1.355786  	-0.490365 
100.000000	-0.189905 	1.345686  	-0.490936 
101.000000	-0.210570 	1.335587  	-0.491508 
102.000000	-0.231234 	1.325487  	-0.492080 
103.000000	-0.251899 	1.315388  	-0.492651 
104.000000	-0.273361 	1.302213  	-0.492930 
105.000000	-0.294884 	1.288802  	-0.493186 
106.000000	-0.316407 	1.275391  	-0.493442 
107.000000	-0.337931 	1.261980  	-0.493698 
108.000000	-0.359803 	1.246844  	-0.493943 
109.000000	-0.381938 	1.230413  	-0.494181 
110.000000	-0.404073 	1.213983  	-0.494419 
111.000000	-0.426208 	1.197552  	-0.494656 
112.000000	-0.448437 	1.180552  	-0.494888 
113.000000	-0.471013 	1.161464  	-0.495100 
114.000000	-0.493588 	1.142376  	-0.495311 
115.000000	-0.516164 	1.123288  	-0.495523 
116.000000	-0.538739 	1.104200  	-0.495734 
117.000000	-0.561628 	1.083198  	-0.496097 
118.000000	-0.584570 	1.061876  	-0.496484 
119.000000	-0.607512 	1.040555  	-0.496872 
120.000000	-0.630453 	1.019233  	-0.497260 
121.000000	-0.653603 	0.997033  	-0.498328 
122.000000	-0.676961 	0.973954  	-0.500077 
123.000000	-0.700320 	0.950875  	-0.501826 
124.000000	-0.723678 	0.927796  	-0.503574 
125.000000	-0.747126 	0.904540  	-0.505323 
126.000000	-0.771113 	0.880221  	-0.507072 
127.000000	-0.795101 	0.855902  	-0.508820 
128.000000	-0.819088 	0.831583  	-0.510569 
129.000000	-0.843076 	0.807264  	-0.512317 
130.000000	-0.867897 	0.782401  	-0.516852 
131.000000	-0.892945 	0.757389  	-0.522146 
132.000000	-0.917994 	0.732377  	-0.527440 
133.000000	-0.943042 	0.707365  	-0.532733 
134.000000	-0.968861 	0.682297  	-0.538362 
135.000000	-0.995708 	0.657156  	-0.544436 
136.000000	-1.022555 	0.632014  	-0.550509 
137.000000	-1.049402 	0.606873  	-0.556583 
138.000000	-1.076462 	0.581763  	-0.563043 
139.000000	-1.106296 	0.557060  	-0.574520 
140.000000	-1.136130 	0.532356  	-0.585998 
141.000000	-1.165964 	0.507653  	-0.597475 
142.000000	-1.195798 	0.482950  	-0.608952 
143.000000	-1.229120 	0.458959  	-0.623927 
144.000000	-1.263837 	0.435253  	-0.640301 
145.000000	-1.298555 	0.411546  	-0.656675 
146.000000	-1.333273 	0.387840  	-0.673049 
147.000000	-1.370839 	0.364681  	-0.687513 
148.000000	-1.413531 	0.342508  	-0.698538 
149.000000	-1.456224 	0.320336  	-0.709563 
150.000000	-1.498917 	0.298163  	-0.720588 
151.000000	-1.541610 	0.275990  	-0.731613 
152.000000	-1.488451 	0.255258  	-0.724680 
153.000000	-1.435292 	0.234525  	-0.717748 
154.000000	-1.382133 	0.214792  	-0.710815 
155.000000	-1.328974 	0.195135  	-0.703882 
156.000000	-1.275815 	0.176487  	-0.696950 
157.000000	-1.222656 	0.158007  	-0.690017 
158.000000	-1.169497 	0.140527  	-0.683084 
159.000000	-1.116338 	0.123318  	-0.676152 
160.000000	-1.063179 	0.107081  	-0.664544 
161.000000	-1.010020 	0.091233  	-0.651067 
162.000000	-0.956861 	0.076311  	-0.635375 
163.000000	-0.903702 	0.061904  	-0.618453 
164.000000	-0.850543 	0.048363  	-0.601531 
165.000000	-0.797384 	0.035471  	-0.584609 
166.000000	-0.744226 	0.023370  	-0.567688 
167.000000	-0.691067 	0.012060  	-0.550766 
168.000000	-0.637908 	0.004646  	-0.533844 
169.000000	-0.584749 	0.002427  	-0.516922 
170.000000	-0.531590 	0.001000  	-0.490223 
171.000000	-0.478431 	0.001000  	-0.445926 
172.000000	-0.425272 	0.001000  	-0.400000 
173.000000	-0.372113 	0.001000  	-0.350000 
174.000000	-0.318954 	0.001000  	-0.300000 
175.000000	-0.265795 	0.001000  	-0.250000 
176.000000	-0.212636 	0.001000  	-0.200000 
177.000000	-0.159477 	0.001000  	-0.150000 
178.000000	-0.106318 	0.001000  	-0.100000 
179.000000	-0.053159 	0.001000  	-0.050000 
180.000000	0.000000  	0.001000  	0.000000  
! ------------------------------------------------------------------------------
! data for table	6         
! ------------------------------------------------------------------------------
  0.700000  	Re           ! Reynolds number in millions
  0.000000  	UserProp     ! User property (control) setting
Flase           InclUAdata   ! Is unsteady aerodynamics data included in this table? If TRUE, then include UA coefficients below this line. Any missing coefficients will be calculated internally.
! Table of aerodynamics coefficients
  361       	NumAlf       ! Number of data lines in the following table
!Alpha      Cl          Cd          Cm/Cp
!(deg)      (-)         (-)         (-)
-180.000000	0.000000  	0.001000  	0.000000  
-179.000000	0.053309  	0.001000  	0.040000  
-178.000000	0.106617  	0.001000  	0.080000  
-177.000000	0.159926  	0.001000  	0.120000  
-176.000000	0.213234  	0.001000  	0.160000  
-175.000000	0.266543  	0.001000  	0.200000  
-174.000000	0.319852  	0.001000  	0.240000  
-173.000000	0.373160  	0.001000  	0.280000  
-172.000000	0.426469  	0.001000  	0.320000  
-171.000000	0.479778  	0.001000  	0.358432  
-170.000000	0.533086  	0.001000  	0.396237  
-169.000000	0.586395  	0.002253  	0.427268  
-168.000000	0.639703  	0.004203  	0.454535  
-167.000000	0.693012  	0.011503  	0.481803  
-166.000000	0.746321  	0.022815  	0.509071  
-165.000000	0.799629  	0.034919  	0.536339  
-164.000000	0.852938  	0.047813  	0.563606  
-163.000000	0.906247  	0.061357  	0.590874  
-162.000000	0.959555  	0.075767  	0.618142  
-161.000000	1.012864  	0.090692  	0.642904  
-160.000000	1.066172  	0.106544  	0.663156  
-159.000000	1.119481  	0.122785  	0.679599  
-158.000000	1.172790  	0.139997  	0.686520  
-157.000000	1.226098  	0.157481  	0.693442  
-156.000000	1.279407  	0.175965  	0.700364  
-155.000000	1.332716  	0.194617  	0.707285  
-154.000000	1.386024  	0.214278  	0.714207  
-153.000000	1.439333  	0.234016  	0.721128  
-152.000000	1.492641  	0.254753  	0.728050  
-151.000000	1.545950  	0.275490  	0.734971  
-150.000000	1.503062  	0.297668  	0.723846  
-149.000000	1.460174  	0.319846  	0.712721  
-148.000000	1.417286  	0.342024  	0.701596  
-147.000000	1.374398  	0.364202  	0.690472  
-146.000000	1.336663  	0.387366  	0.675891  
-145.000000	1.301790  	0.411078  	0.659391  
-144.000000	1.266917  	0.434790  	0.642890  
-143.000000	1.232045  	0.458502  	0.626390  
-142.000000	1.198575  	0.482500  	0.611298  
-141.000000	1.168615  	0.507209  	0.599726  
-140.000000	1.138654  	0.531919  	0.588155  
-139.000000	1.108693  	0.556628  	0.576583  
-138.000000	1.078733  	0.581338  	0.565012  
-137.000000	1.051566  	0.606455  	0.558490  
-136.000000	1.024614  	0.631603  	0.552358  
-135.000000	0.997662  	0.656752  	0.546225  
-134.000000	0.970710  	0.681900  	0.540092  
-133.000000	0.944795  	0.706975  	0.534408  
-132.000000	0.919659  	0.731995  	0.529060  
-131.000000	0.894522  	0.757014  	0.523712  
-130.000000	0.869385  	0.782034  	0.518365  
-129.000000	0.844479  	0.806905  	0.513782  
-128.000000	0.820417  	0.831232  	0.512003  
-127.000000	0.796355  	0.855558  	0.510225  
-126.000000	0.772293  	0.879885  	0.508446  
-125.000000	0.748231  	0.904212  	0.506667  
-124.000000	0.724719  	0.927477  	0.504889  
-123.000000	0.701298  	0.950564  	0.503110  
-122.000000	0.677878  	0.973651  	0.501331  
-121.000000	0.654457  	0.996739  	0.499553  
-120.000000	0.631250  	1.018947  	0.498460  
-119.000000	0.608256  	1.040278  	0.498055  
-118.000000	0.585262  	1.061608  	0.497649  
-117.000000	0.562268  	1.082938  	0.497243  
-116.000000	0.539328  	1.103950  	0.496863  
-115.000000	0.516709  	1.123047  	0.496635  
-114.000000	0.494091  	1.142144  	0.496408  
-113.000000	0.471473  	1.161241  	0.496180  
-112.000000	0.448855  	1.180338  	0.495952  
-111.000000	0.426589  	1.197348  	0.495707  
-110.000000	0.404420  	1.213788  	0.495456  
-109.000000	0.382251  	1.230228  	0.495206  
-108.000000	0.360082  	1.246667  	0.494956  
-107.000000	0.338178  	1.261813  	0.494698  
-106.000000	0.316629  	1.275234  	0.494432  
-105.000000	0.295079  	1.288655  	0.494166  
-104.000000	0.273530  	1.302075  	0.493900  
-103.000000	0.252042  	1.315259  	0.493611  
-102.000000	0.231359  	1.325368  	0.493030  
-101.000000	0.210676  	1.335478  	0.492449  
-100.000000	0.189993  	1.345587  	0.491868  
-99.000000	0.169310  	1.355696  	0.491286  
-98.000000	0.149463  	1.363287  	0.490167  
-97.000000	0.129952  	1.369869  	0.488833  
-96.000000	0.110440  	1.376452  	0.487499  
-95.000000	0.090929  	1.383035  	0.486165  
-94.000000	0.071961  	1.388310  	0.484831  
-93.000000	0.053970  	1.391233  	0.483497  
-92.000000	0.035980  	1.394155  	0.482162  
-91.000000	0.017990  	1.397078  	0.480828  
-90.000000	0.000000  	1.400000  	0.479494  
-89.000000	-0.017990 	1.397078  	0.476067  
-88.000000	-0.035980 	1.394155  	0.472639  
-87.000000	-0.053970 	1.391233  	0.469212  
-86.000000	-0.071961 	1.388310  	0.465785  
-85.000000	-0.090929 	1.383035  	0.462357  
-84.000000	-0.110440 	1.376452  	0.458930  
-83.000000	-0.129952 	1.369869  	0.455503  
-82.000000	-0.149463 	1.363287  	0.452075  
-81.000000	-0.169310 	1.355696  	0.448487  
-80.000000	-0.189993 	1.345587  	0.444495  
-79.000000	-0.210676 	1.335478  	0.440504  
-78.000000	-0.231359 	1.325368  	0.436513  
-77.000000	-0.252042 	1.315259  	0.432521  
-76.000000	-0.273530 	1.302075  	0.428310  
-75.000000	-0.295079 	1.288655  	0.424083  
-74.000000	-0.316629 	1.275234  	0.419855  
-73.000000	-0.338178 	1.261813  	0.415628  
-72.000000	-0.360082 	1.246667  	0.411390  
-71.000000	-0.382251 	1.230228  	0.407145  
-70.000000	-0.404420 	1.213788  	0.402900  
-69.000000	-0.426589 	1.197348  	0.398655  
-68.000000	-0.448855 	1.180338  	0.394405  
-67.000000	-0.471473 	1.161241  	0.390135  
-66.000000	-0.494091 	1.142144  	0.385864  
-65.000000	-0.516709 	1.123047  	0.381594  
-64.000000	-0.539328 	1.103950  	0.377324  
-63.000000	-0.562268 	1.082938  	0.373102  
-62.000000	-0.585262 	1.061608  	0.368887  
-61.000000	-0.608256 	1.040278  	0.364672  
-60.000000	-0.631250 	1.018947  	0.360458  
-59.000000	-0.654457 	0.996739  	0.356457  
-58.000000	-0.677878 	0.973651  	0.352671  
-57.000000	-0.701298 	0.950564  	0.348884  
-56.000000	-0.724719 	0.927477  	0.345098  
-55.000000	-0.748231 	0.904212  	0.341311  
-54.000000	-0.772293 	0.879885  	0.337525  
-53.000000	-0.796355 	0.855558  	0.333738  
-52.000000	-0.820417 	0.831232  	0.329952  
-51.000000	-0.844479 	0.806905  	0.326165  
-50.000000	-0.869385 	0.782034  	0.322680  
-49.000000	-0.894522 	0.757014  	0.319276  
-48.000000	-0.919659 	0.731995  	0.315872  
-47.000000	-0.944795 	0.706975  	0.312469  
-46.000000	-0.970710 	0.681900  	0.309101  
-45.000000	-0.997662 	0.656752  	0.305782  
-44.000000	-1.024614 	0.631603  	0.302462  
-43.000000	-1.051566 	0.606455  	0.299143  
-42.000000	-1.078733 	0.581338  	0.295772  
-41.000000	-1.108693 	0.556628  	0.291738  
-40.000000	-1.138654 	0.531919  	0.287703  
-39.000000	-1.168615 	0.507209  	0.283669  
-38.000000	-1.198575 	0.482500  	0.279634  
-37.000000	-1.232045 	0.458502  	0.275136  
-36.000000	-1.266917 	0.434790  	0.270454  
-35.000000	-1.301790 	0.411078  	0.265771  
-34.000000	-1.336663 	0.387366  	0.261088  
-33.000000	-1.374398 	0.364202  	0.255651  
-32.000000	-1.417286 	0.342024  	0.248855  
-31.000000	-1.460174 	0.319846  	0.242059  
-30.000000	-1.503062 	0.297668  	0.235263  
-29.000000	-1.545950 	0.275490  	0.228468  
-28.000000	-1.500674 	0.262883  	0.214577  
-27.000000	-1.455397 	0.250275  	0.200687  
-26.000000	-1.410121 	0.237668  	0.186797  
-25.000000	-1.364845 	0.225061  	0.172907  
-24.000000	-1.319568 	0.212453  	0.159017  
-23.000000	-1.274292 	0.199846  	0.145127  
-22.000000	-1.229016 	0.187238  	0.131237  
-21.000000	-1.183739 	0.174631  	0.117347  
-20.000000	-1.138463 	0.162024  	0.104576  
-19.000000	-1.093187 	0.149416  	0.093111  
-18.000000	-1.047911 	0.136809  	0.082766  
-17.000000	-1.002634 	0.124202  	0.072420  
-16.000000	-0.957358 	0.111594  	0.062074  
-15.000000	-0.912082 	0.098987  	0.051729  
-14.000000	-0.866805 	0.086379  	0.041383  
-13.000000	-0.821529 	0.073772  	0.031037  
-12.000000	-0.776253 	0.061165  	-0.000624 
-11.000000	-0.730976 	0.048557  	-0.040812 
-10.000000	-0.685700 	0.035950  	-0.081000 
-9.000000 	-0.547300 	0.036220  	-0.090300 
-8.000000 	-0.404900 	0.036460  	-0.100700 
-7.000000 	-0.262400 	0.036680  	-0.111000 
-6.000000 	-0.120400 	0.036910  	-0.121100 
-5.000000 	0.021600  	0.037160  	-0.131000 
-4.000000 	0.163200  	0.037410  	-0.140700 
-3.000000 	0.304100  	0.037680  	-0.150100 
-2.000000 	0.444400  	0.037970  	-0.159300 
-1.000000 	0.583700  	0.038300  	-0.168200 
0.000000  	0.722600  	0.038610  	-0.176900 
1.000000  	0.859900  	0.038970  	-0.185000 
2.000000  	0.996400  	0.039350  	-0.193000 
3.000000  	1.131400  	0.039780  	-0.200500 
4.000000  	1.264700  	0.040260  	-0.207500 
5.000000  	1.397500  	0.040670  	-0.214200 
6.000000  	1.527000  	0.041280  	-0.220200 
7.000000  	1.656100  	0.041800  	-0.226000 
8.000000  	1.782000  	0.042520  	-0.231000 
9.000000  	1.904600  	0.043390  	-0.235300 
10.000000 	2.025900  	0.044230  	-0.239200 
11.000000 	2.140300  	0.045550  	-0.241600 
12.000000 	2.245700  	0.047380  	-0.242200 
13.000000 	2.334400  	0.050260  	-0.239400 
14.000000 	2.341200  	0.058950  	-0.221000 
15.000000 	2.347900  	0.069530  	-0.207900 
16.000000 	2.331500  	0.083830  	-0.197100 
17.000000 	2.309600  	0.099970  	-0.190600 
18.000000 	2.273100  	0.118640  	-0.187400 
19.000000 	2.247400  	0.136190  	-0.187800 
20.000000 	2.215900  	0.154720  	-0.191100 
21.000000 	2.199700  	0.171140  	-0.196400 
22.000000 	2.186500  	0.187150  	-0.203500 
23.000000 	2.179400  	0.202110  	-0.211800 
24.000000 	2.181700  	0.215460  	-0.220600 
25.000000 	2.187200  	0.228040  	-0.230100 
26.000000 	2.193600  	0.240150  	-0.240200 
27.000000 	2.200100  	0.252010  	-0.251100 
28.000000 	2.203700  	0.264030  	-0.263100 
29.000000 	2.208500  	0.275490  	-0.275400 
30.000000 	2.147231  	0.297668  	-0.281830 
31.000000 	2.085963  	0.319846  	-0.288261 
32.000000 	2.024694  	0.342024  	-0.294691 
33.000000 	1.963426  	0.364202  	-0.301122 
34.000000 	1.909518  	0.387366  	-0.306799 
35.000000 	1.859700  	0.411078  	-0.312058 
36.000000 	1.809882  	0.434790  	-0.317316 
37.000000 	1.760064  	0.458502  	-0.322575 
38.000000 	1.712250  	0.482500  	-0.327444 
39.000000 	1.669449  	0.507209  	-0.331340 
40.000000 	1.626649  	0.531919  	-0.335236 
41.000000 	1.583848  	0.556628  	-0.339132 
42.000000 	1.541047  	0.581338  	-0.343028 
43.000000 	1.502237  	0.606455  	-0.345528 
44.000000 	1.463734  	0.631603  	-0.347920 
45.000000 	1.425231  	0.656752  	-0.350313 
46.000000 	1.386729  	0.681900  	-0.352705 
47.000000 	1.349708  	0.706975  	-0.355099 
48.000000 	1.313798  	0.731995  	-0.357493 
49.000000 	1.277888  	0.757014  	-0.359887 
50.000000 	1.241979  	0.782034  	-0.362281 
51.000000 	1.206398  	0.806905  	-0.364677 
52.000000 	1.172024  	0.831232  	-0.367079 
53.000000 	1.137650  	0.855558  	-0.369481 
54.000000 	1.103276  	0.879885  	-0.371884 
55.000000 	1.068902  	0.904212  	-0.374286 
56.000000 	1.035313  	0.927477  	-0.376688 
57.000000 	1.001855  	0.950564  	-0.379090 
58.000000 	0.968397  	0.973651  	-0.381492 
59.000000 	0.934938  	0.996739  	-0.383895 
60.000000 	0.901785  	1.018947  	-0.386531 
61.000000 	0.868937  	1.040278  	-0.389403 
62.000000 	0.836088  	1.061608  	-0.392274 
63.000000 	0.803240  	1.082938  	-0.395146 
64.000000 	0.770468  	1.103950  	-0.398026 
65.000000 	0.738156  	1.123047  	-0.400958 
66.000000 	0.705845  	1.142144  	-0.403891 
67.000000 	0.673533  	1.161241  	-0.406823 
68.000000 	0.641221  	1.180338  	-0.409755 
69.000000 	0.609413  	1.197348  	-0.412853 
70.000000 	0.577743  	1.213788  	-0.415996 
71.000000 	0.546073  	1.230228  	-0.419138 
72.000000 	0.514402  	1.246667  	-0.422281 
73.000000 	0.483111  	1.261813  	-0.425486 
74.000000 	0.452327  	1.275234  	-0.428775 
75.000000 	0.421542  	1.288655  	-0.432064 
76.000000 	0.390757  	1.302075  	-0.435353 
77.000000 	0.360060  	1.315259  	-0.438637 
78.000000 	0.330513  	1.325368  	-0.441870 
79.000000 	0.300966  	1.335478  	-0.445103 
80.000000 	0.271418  	1.345587  	-0.448335 
81.000000 	0.241871  	1.355696  	-0.451568 
82.000000 	0.213519  	1.363287  	-0.454705 
83.000000 	0.185646  	1.369869  	-0.457804 
84.000000 	0.157772  	1.376452  	-0.460902 
85.000000 	0.129898  	1.383035  	-0.464001 
86.000000 	0.102801  	1.388310  	-0.467100 
87.000000 	0.077101  	1.391233  	-0.470198 
88.000000 	0.051400  	1.394155  	-0.473297 
89.000000 	0.025700  	1.397078  	-0.476395 
90.000000 	0.000000  	1.400000  	-0.479494 
91.000000 	-0.017990 	1.397078  	-0.480828 
92.000000 	-0.035980 	1.394155  	-0.482162 
93.000000 	-0.053970 	1.391233  	-0.483497 
94.000000 	-0.071961 	1.388310  	-0.484831 
95.000000 	-0.090929 	1.383035  	-0.486165 
96.000000 	-0.110440 	1.376452  	-0.487499 
97.000000 	-0.129952 	1.369869  	-0.488833 
98.000000 	-0.149463 	1.363287  	-0.490167 
99.000000 	-0.169310 	1.355696  	-0.491286 
100.000000	-0.189993 	1.345587  	-0.491868 
101.000000	-0.210676 	1.335478  	-0.492449 
102.000000	-0.231359 	1.325368  	-0.493030 
103.000000	-0.252042 	1.315259  	-0.493611 
104.000000	-0.273530 	1.302075  	-0.493900 
105.000000	-0.295079 	1.288655  	-0.494166 
106.000000	-0.316629 	1.275234  	-0.494432 
107.000000	-0.338178 	1.261813  	-0.494698 
108.000000	-0.360082 	1.246667  	-0.494956 
109.000000	-0.382251 	1.230228  	-0.495206 
110.000000	-0.404420 	1.213788  	-0.495456 
111.000000	-0.426589 	1.197348  	-0.495707 
112.000000	-0.448855 	1.180338  	-0.495952 
113.000000	-0.471473 	1.161241  	-0.496180 
114.000000	-0.494091 	1.142144  	-0.496408 
115.000000	-0.516709 	1.123047  	-0.496635 
116.000000	-0.539328 	1.103950  	-0.496863 
117.000000	-0.562268 	1.082938  	-0.497243 
118.000000	-0.585262 	1.061608  	-0.497649 
119.000000	-0.608256 	1.040278  	-0.498055 
120.000000	-0.631250 	1.018947  	-0.498460 
121.000000	-0.654457 	0.996739  	-0.499553 
122.000000	-0.677878 	0.973651  	-0.501331 
123.000000	-0.701298 	0.950564  	-0.503110 
124.000000	-0.724719 	0.927477  	-0.504889 
125.000000	-0.748231 	0.904212  	-0.506667 
126.000000	-0.772293 	0.879885  	-0.508446 
127.000000	-0.796355 	0.855558  	-0.510225 
128.000000	-0.820417 	0.831232  	-0.512003 
129.000000	-0.844479 	0.806905  	-0.513782 
130.000000	-0.869385 	0.782034  	-0.518365 
131.000000	-0.894522 	0.757014  	-0.523712 
132.000000	-0.919659 	0.731995  	-0.529060 
133.000000	-0.944795 	0.706975  	-0.534408 
134.000000	-0.970710 	0.681900  	-0.540092 
135.000000	-0.997662 	0.656752  	-0.546225 
136.000000	-1.024614 	0.631603  	-0.552358 
137.000000	-1.051566 	0.606455  	-0.558490 
138.000000	-1.078733 	0.581338  	-0.565012 
139.000000	-1.108693 	0.556628  	-0.576583 
140.000000	-1.138654 	0.531919  	-0.588155 
141.000000	-1.168615 	0.507209  	-0.599726 
142.000000	-1.198575 	0.482500  	-0.611298 
143.000000	-1.232045 	0.458502  	-0.626390 
144.000000	-1.266917 	0.434790  	-0.642890 
145.000000	-1.301790 	0.411078  	-0.659391 
146.000000	-1.336663 	0.387366  	-0.675891 
147.000000	-1.374398 	0.364202  	-0.690472 
148.000000	-1.417286 	0.342024  	-0.701596 
149.000000	-1.460174 	0.319846  	-0.712721 
150.000000	-1.503062 	0.297668  	-0.723846 
151.000000	-1.545950 	0.275490  	-0.734971 
152.000000	-1.492641 	0.254753  	-0.728050 
153.000000	-1.439333 	0.234016  	-0.721128 
154.000000	-1.386024 	0.214278  	-0.714207 
155.000000	-1.332716 	0.194617  	-0.707285 
156.000000	-1.279407 	0.175965  	-0.700364 
157.000000	-1.226098 	0.157481  	-0.693442 
158.000000	-1.172790 	0.139997  	-0.686520 
159.000000	-1.119481 	0.122785  	-0.679599 
160.000000	-1.066172 	0.106544  	-0.667836 
161.000000	-1.012864 	0.090692  	-0.654136 
162.000000	-0.959555 	0.075767  	-0.638142 
163.000000	-0.906247 	0.061357  	-0.620874 
164.000000	-0.852938 	0.047813  	-0.603606 
165.000000	-0.799629 	0.034919  	-0.586339 
166.000000	-0.746321 	0.022815  	-0.569071 
167.000000	-0.693012 	0.011503  	-0.551803 
168.000000	-0.639703 	0.004203  	-0.534535 
169.000000	-0.586395 	0.002253  	-0.517268 
170.000000	-0.533086 	0.001000  	-0.490325 
171.000000	-0.479778 	0.001000  	-0.445969 
172.000000	-0.426469 	0.001000  	-0.400000 
173.000000	-0.373160 	0.001000  	-0.350000 
174.000000	-0.319852 	0.001000  	-0.300000 
175.000000	-0.266543 	0.001000  	-0.250000 
176.000000	-0.213234 	0.001000  	-0.200000 
177.000000	-0.159926 	0.001000  	-0.150000 
178.000000	-0.106617 	0.001000  	-0.100000 
179.000000	-0.053309 	0.001000  	-0.050000 
180.000000	0.000000  	0.001000  	0.000000  
! ------------------------------------------------------------------------------
! data for table	7         
! ------------------------------------------------------------------------------
  0.800000  	Re           ! Reynolds number in millions
  0.000000  	UserProp     ! User property (control) setting
Flase           InclUAdata   ! Is unsteady aerodynamics data included in this table? If TRUE, then include UA coefficients below this line. Any missing coefficients will be calculated internally.
! Table of aerodynamics coefficients
  361       	NumAlf       ! Number of data lines in the following table
!Alpha      Cl          Cd          Cm/Cp
!(deg)      (-)         (-)         (-)
-180.000000	0.000000  	0.001000  	0.000000  
-179.000000	0.053449  	0.001000  	0.040000  
-178.000000	0.106897  	0.001000  	0.080000  
-177.000000	0.160346  	0.001000  	0.120000  
-176.000000	0.213794  	0.001000  	0.160000  
-175.000000	0.267243  	0.001000  	0.200000  
-174.000000	0.320692  	0.001000  	0.240000  
-173.000000	0.374140  	0.001000  	0.280000  
-172.000000	0.427589  	0.001000  	0.320000  
-171.000000	0.481038  	0.001000  	0.358470  
-170.000000	0.534486  	0.001000  	0.396327  
-169.000000	0.587935  	0.002045  	0.427574  
-168.000000	0.641383  	0.003672  	0.455147  
-167.000000	0.694832  	0.010835  	0.482721  
-166.000000	0.748281  	0.022150  	0.510295  
-165.000000	0.801729  	0.034256  	0.537868  
-164.000000	0.855178  	0.047154  	0.565442  
-163.000000	0.908627  	0.060701  	0.593016  
-162.000000	0.962075  	0.075115  	0.620590  
-161.000000	1.015524  	0.090044  	0.645618  
-160.000000	1.068972  	0.105900  	0.666067  
-159.000000	1.122421  	0.122144  	0.682647  
-158.000000	1.175870  	0.139361  	0.689558  
-157.000000	1.229318  	0.156850  	0.696468  
-156.000000	1.282767  	0.175339  	0.703379  
-155.000000	1.336216  	0.193996  	0.710289  
-154.000000	1.389664  	0.213662  	0.717200  
-153.000000	1.443113  	0.233405  	0.724110  
-152.000000	1.496561  	0.254147  	0.731021  
-151.000000	1.550010  	0.274890  	0.737931  
-150.000000	1.506940  	0.297074  	0.726712  
-149.000000	1.463869  	0.319258  	0.715492  
-148.000000	1.420799  	0.341443  	0.704273  
-147.000000	1.377728  	0.363627  	0.693054  
-146.000000	1.339834  	0.386798  	0.678362  
-145.000000	1.304816  	0.410517  	0.661743  
-144.000000	1.269798  	0.434236  	0.645123  
-143.000000	1.234780  	0.457955  	0.628503  
-142.000000	1.201174  	0.481959  	0.613300  
-141.000000	1.171095  	0.506676  	0.601640  
-140.000000	1.141016  	0.531394  	0.589979  
-139.000000	1.110936  	0.556111  	0.578319  
-138.000000	1.080857  	0.580828  	0.566658  
-137.000000	1.053591  	0.605954  	0.560079  
-136.000000	1.026540  	0.631110  	0.553891  
-135.000000	0.999490  	0.656267  	0.547703  
-134.000000	0.972439  	0.681424  	0.541515  
-133.000000	0.946435  	0.706507  	0.535778  
-132.000000	0.921216  	0.731536  	0.530380  
-131.000000	0.895997  	0.756564  	0.524982  
-130.000000	0.870778  	0.781593  	0.519583  
-129.000000	0.845791  	0.806473  	0.514955  
-128.000000	0.821660  	0.830809  	0.513148  
-127.000000	0.797528  	0.855146  	0.511342  
-126.000000	0.773397  	0.879482  	0.509535  
-125.000000	0.749266  	0.903819  	0.507729  
-124.000000	0.725693  	0.927093  	0.505922  
-123.000000	0.702214  	0.950191  	0.504116  
-122.000000	0.678735  	0.973288  	0.502309  
-121.000000	0.655255  	0.996385  	0.500503  
-120.000000	0.631994  	1.018605  	0.499388  
-119.000000	0.608952  	1.039945  	0.498966  
-118.000000	0.585909  	1.061286  	0.498544  
-117.000000	0.562866  	1.082627  	0.498122  
-116.000000	0.539879  	1.103649  	0.497726  
-115.000000	0.517220  	1.122757  	0.497483  
-114.000000	0.494562  	1.141865  	0.497241  
-113.000000	0.471903  	1.160973  	0.496998  
-112.000000	0.449245  	1.180081  	0.496755  
-111.000000	0.426946  	1.197102  	0.496498  
-110.000000	0.404744  	1.213553  	0.496236  
-109.000000	0.382543  	1.230004  	0.495974  
-108.000000	0.360342  	1.246456  	0.495713  
-107.000000	0.338409  	1.261613  	0.495445  
-106.000000	0.316835  	1.275045  	0.495170  
-105.000000	0.295262  	1.288477  	0.494895  
-104.000000	0.273688  	1.301909  	0.494620  
-103.000000	0.252176  	1.315105  	0.494322  
-102.000000	0.231476  	1.325226  	0.493732  
-101.000000	0.210775  	1.335347  	0.493143  
-100.000000	0.190075  	1.345468  	0.492553  
-99.000000	0.169374  	1.355589  	0.491963  
-98.000000	0.149516  	1.363191  	0.490837  
-97.000000	0.129994  	1.369786  	0.489495  
-96.000000	0.110472  	1.376380  	0.488154  
-95.000000	0.090950  	1.382975  	0.486813  
-94.000000	0.071974  	1.388262  	0.485471  
-93.000000	0.053981  	1.391197  	0.484130  
-92.000000	0.035987  	1.394131  	0.482789  
-91.000000	0.017994  	1.397066  	0.481447  
-90.000000	0.000000  	1.400000  	0.480106  
-89.000000	-0.017994 	1.397066  	0.476666  
-88.000000	-0.035987 	1.394131  	0.473227  
-87.000000	-0.053981 	1.391197  	0.469787  
-86.000000	-0.071974 	1.388262  	0.466347  
-85.000000	-0.090950 	1.382975  	0.462908  
-84.000000	-0.110472 	1.376380  	0.459468  
-83.000000	-0.129994 	1.369786  	0.456028  
-82.000000	-0.149516 	1.363191  	0.452589  
-81.000000	-0.169374 	1.355589  	0.448988  
-80.000000	-0.190075 	1.345468  	0.444987  
-79.000000	-0.210775 	1.335347  	0.440985  
-78.000000	-0.231476 	1.325226  	0.436983  
-77.000000	-0.252176 	1.315105  	0.432982  
-76.000000	-0.273688 	1.301909  	0.428762  
-75.000000	-0.295262 	1.288477  	0.424525  
-74.000000	-0.316835 	1.275045  	0.420288  
-73.000000	-0.338409 	1.261613  	0.416051  
-72.000000	-0.360342 	1.246456  	0.411805  
-71.000000	-0.382543 	1.230004  	0.407552  
-70.000000	-0.404744 	1.213553  	0.403299  
-69.000000	-0.426946 	1.197102  	0.399046  
-68.000000	-0.449245 	1.180081  	0.394789  
-67.000000	-0.471903 	1.160973  	0.390513  
-66.000000	-0.494562 	1.141865  	0.386237  
-65.000000	-0.517220 	1.122757  	0.381962  
-64.000000	-0.539879 	1.103649  	0.377686  
-63.000000	-0.562866 	1.082627  	0.373458  
-62.000000	-0.585909 	1.061286  	0.369238  
-61.000000	-0.608952 	1.039945  	0.365018  
-60.000000	-0.631994 	1.018605  	0.360798  
-59.000000	-0.655255 	0.996385  	0.356793  
-58.000000	-0.678735 	0.973288  	0.353002  
-57.000000	-0.702214 	0.950191  	0.349212  
-56.000000	-0.725693 	0.927093  	0.345422  
-55.000000	-0.749266 	0.903819  	0.341632  
-54.000000	-0.773397 	0.879482  	0.337841  
-53.000000	-0.797528 	0.855146  	0.334051  
-52.000000	-0.821660 	0.830809  	0.330261  
-51.000000	-0.845791 	0.806473  	0.326470  
-50.000000	-0.870778 	0.781593  	0.322977  
-49.000000	-0.895997 	0.756564  	0.319565  
-48.000000	-0.921216 	0.731536  	0.316152  
-47.000000	-0.946435 	0.706507  	0.312740  
-46.000000	-0.972439 	0.681424  	0.309363  
-45.000000	-0.999490 	0.656267  	0.306034  
-44.000000	-1.026540 	0.631110  	0.302705  
-43.000000	-1.053591 	0.605954  	0.299376  
-42.000000	-1.080857 	0.580828  	0.295995  
-41.000000	-1.110936 	0.556111  	0.291935  
-40.000000	-1.141016 	0.531394  	0.287874  
-39.000000	-1.171095 	0.506676  	0.283814  
-38.000000	-1.201174 	0.481959  	0.279754  
-37.000000	-1.234780 	0.457955  	0.275221  
-36.000000	-1.269798 	0.434236  	0.270498  
-35.000000	-1.304816 	0.410517  	0.265776  
-34.000000	-1.339834 	0.386798  	0.261053  
-33.000000	-1.377728 	0.363627  	0.255575  
-32.000000	-1.420799 	0.341443  	0.248736  
-31.000000	-1.463869 	0.319258  	0.241898  
-30.000000	-1.506940 	0.297074  	0.235059  
-29.000000	-1.550010 	0.274890  	0.228221  
-28.000000	-1.504520 	0.262305  	0.214278  
-27.000000	-1.459030 	0.249721  	0.200336  
-26.000000	-1.413540 	0.237136  	0.186394  
-25.000000	-1.368050 	0.224551  	0.172452  
-24.000000	-1.322560 	0.211966  	0.158509  
-23.000000	-1.277070 	0.199382  	0.144567  
-22.000000	-1.231580 	0.186797  	0.130625  
-21.000000	-1.186090 	0.174212  	0.116683  
-20.000000	-1.140600 	0.161627  	0.103899  
-19.000000	-1.095110 	0.149043  	0.092466  
-18.000000	-1.049620 	0.136458  	0.082192  
-17.000000	-1.004130 	0.123873  	0.071918  
-16.000000	-0.958640 	0.111288  	0.061644  
-15.000000	-0.913150 	0.098704  	0.051370  
-14.000000	-0.867660 	0.086119  	0.041096  
-13.000000	-0.822170 	0.073534  	0.030822  
-12.000000	-0.776680 	0.060949  	-0.000794 
-11.000000	-0.731190 	0.048365  	-0.040947 
-10.000000	-0.685700 	0.035780  	-0.081100 
-9.000000 	-0.545300 	0.036030  	-0.091100 
-8.000000 	-0.402800 	0.036280  	-0.101500 
-7.000000 	-0.260100 	0.036530  	-0.111800 
-6.000000 	-0.117700 	0.036770  	-0.121900 
-5.000000 	0.024300  	0.037040  	-0.131800 
-4.000000 	0.165600  	0.037300  	-0.141400 
-3.000000 	0.306900  	0.037590  	-0.151000 
-2.000000 	0.447000  	0.037860  	-0.160000 
-1.000000 	0.587100  	0.038160  	-0.169100 
0.000000  	0.725300  	0.038470  	-0.177600 
1.000000  	0.863000  	0.038820  	-0.185900 
2.000000  	0.999700  	0.039170  	-0.193800 
3.000000  	1.135200  	0.039520  	-0.201400 
4.000000  	1.268800  	0.039940  	-0.208500 
5.000000  	1.401000  	0.040390  	-0.215100 
6.000000  	1.532400  	0.040820  	-0.221400 
7.000000  	1.659800  	0.041510  	-0.226900 
8.000000  	1.788400  	0.041950  	-0.232400 
9.000000  	1.911600  	0.042780  	-0.236800 
10.000000 	2.033300  	0.043600  	-0.240800 
11.000000 	2.150600  	0.044630  	-0.243800 
12.000000 	2.260300  	0.046160  	-0.245200 
13.000000 	2.355800  	0.048600  	-0.243700 
14.000000 	2.374900  	0.056220  	-0.227000 
15.000000 	2.367300  	0.067770  	-0.210700 
16.000000 	2.356600  	0.081350  	-0.199800 
17.000000 	2.324800  	0.098530  	-0.192100 
18.000000 	2.296800  	0.116000  	-0.188700 
19.000000 	2.258700  	0.135150  	-0.188500 
20.000000 	2.235500  	0.152400  	-0.191200 
21.000000 	2.212100  	0.169840  	-0.196500 
22.000000 	2.196100  	0.186180  	-0.203500 
23.000000 	2.193800  	0.200350  	-0.211200 
24.000000 	2.190400  	0.214540  	-0.220300 
25.000000 	2.193200  	0.227520  	-0.229900 
26.000000 	2.198700  	0.239790  	-0.240000 
27.000000 	2.205900  	0.251470  	-0.250700 
28.000000 	2.210100  	0.263370  	-0.262500 
29.000000 	2.214300  	0.274890  	-0.274800 
30.000000 	2.152771  	0.297074  	-0.281304 
31.000000 	2.091241  	0.319258  	-0.287807 
32.000000 	2.029712  	0.341443  	-0.294311 
33.000000 	1.968183  	0.363627  	-0.300814 
34.000000 	1.914049  	0.386798  	-0.306556 
35.000000 	1.864023  	0.410517  	-0.311876 
36.000000 	1.813998  	0.434236  	-0.317195 
37.000000 	1.763972  	0.457955  	-0.322514 
38.000000 	1.715962  	0.481959  	-0.327438 
39.000000 	1.672992  	0.506676  	-0.331373 
40.000000 	1.630022  	0.531394  	-0.335309 
41.000000 	1.587052  	0.556111  	-0.339244 
42.000000 	1.544082  	0.580828  	-0.343180 
43.000000 	1.505129  	0.605954  	-0.345697 
44.000000 	1.466486  	0.631110  	-0.348106 
45.000000 	1.427843  	0.656267  	-0.350514 
46.000000 	1.389199  	0.681424  	-0.352923 
47.000000 	1.352050  	0.706507  	-0.355331 
48.000000 	1.316023  	0.731536  	-0.357739 
49.000000 	1.279995  	0.756564  	-0.360148 
50.000000 	1.243968  	0.781593  	-0.362556 
51.000000 	1.208273  	0.806473  	-0.364964 
52.000000 	1.173800  	0.830809  	-0.367372 
53.000000 	1.139326  	0.855146  	-0.369780 
54.000000 	1.104853  	0.879482  	-0.372188 
55.000000 	1.070379  	0.903819  	-0.374595 
56.000000 	1.036704  	0.927093  	-0.377003 
57.000000 	1.003163  	0.950191  	-0.379411 
58.000000 	0.969621  	0.973288  	-0.381819 
59.000000 	0.936079  	0.996385  	-0.384227 
60.000000 	0.902849  	1.018605  	-0.386869 
61.000000 	0.869931  	1.039945  	-0.389746 
62.000000 	0.837013  	1.061286  	-0.392624 
63.000000 	0.804095  	1.082627  	-0.395501 
64.000000 	0.771255  	1.103649  	-0.398387 
65.000000 	0.738886  	1.122757  	-0.401325 
66.000000 	0.706517  	1.141865  	-0.404264 
67.000000 	0.674148  	1.160973  	-0.407202 
68.000000 	0.641778  	1.180081  	-0.410140 
69.000000 	0.609922  	1.197102  	-0.413245 
70.000000 	0.578206  	1.213553  	-0.416396 
71.000000 	0.546490  	1.230004  	-0.419546 
72.000000 	0.514774  	1.246456  	-0.422697 
73.000000 	0.483442  	1.261613  	-0.425910 
74.000000 	0.452622  	1.275045  	-0.429208 
75.000000 	0.421802  	1.288477  	-0.432506 
76.000000 	0.390982  	1.301909  	-0.435804 
77.000000 	0.360252  	1.315105  	-0.439099 
78.000000 	0.330679  	1.325226  	-0.442341 
79.000000 	0.301107  	1.335347  	-0.445584 
80.000000 	0.271535  	1.345468  	-0.448827 
81.000000 	0.241963  	1.355589  	-0.452070 
82.000000 	0.213594  	1.363191  	-0.455218 
83.000000 	0.185706  	1.369786  	-0.458329 
84.000000 	0.157817  	1.376380  	-0.461440 
85.000000 	0.129929  	1.382975  	-0.464551 
86.000000 	0.102820  	1.388262  	-0.467662 
87.000000 	0.077115  	1.391197  	-0.470773 
88.000000 	0.051410  	1.394131  	-0.473884 
89.000000 	0.025705  	1.397066  	-0.476995 
90.000000 	0.000000  	1.400000  	-0.480106 
91.000000 	-0.017994 	1.397066  	-0.481447 
92.000000 	-0.035987 	1.394131  	-0.482789 
93.000000 	-0.053981 	1.391197  	-0.484130 
94.000000 	-0.071974 	1.388262  	-0.485471 
95.000000 	-0.090950 	1.382975  	-0.486813 
96.000000 	-0.110472 	1.376380  	-0.488154 
97.000000 	-0.129994 	1.369786  	-0.489495 
98.000000 	-0.149516 	1.363191  	-0.490837 
99.000000 	-0.169374 	1.355589  	-0.491963 
100.000000	-0.190075 	1.345468  	-0.492553 
101.000000	-0.210775 	1.335347  	-0.493143 
102.000000	-0.231476 	1.325226  	-0.493732 
103.000000	-0.252176 	1.315105  	-0.494322 
104.000000	-0.273688 	1.301909  	-0.494620 
105.000000	-0.295262 	1.288477  	-0.494895 
106.000000	-0.316835 	1.275045  	-0.495170 
107.000000	-0.338409 	1.261613  	-0.495445 
108.000000	-0.360342 	1.246456  	-0.495713 
109.000000	-0.382543 	1.230004  	-0.495974 
110.000000	-0.404744 	1.213553  	-0.496236 
111.000000	-0.426946 	1.197102  	-0.496498 
112.000000	-0.449245 	1.180081  	-0.496755 
113.000000	-0.471903 	1.160973  	-0.496998 
114.000000	-0.494562 	1.141865  	-0.497241 
115.000000	-0.517220 	1.122757  	-0.497483 
116.000000	-0.539879 	1.103649  	-0.497726 
117.000000	-0.562866 	1.082627  	-0.498122 
118.000000	-0.585909 	1.061286  	-0.498544 
119.000000	-0.608952 	1.039945  	-0.498966 
120.000000	-0.631994 	1.018605  	-0.499388 
121.000000	-0.655255 	0.996385  	-0.500503 
122.000000	-0.678735 	0.973288  	-0.502309 
123.000000	-0.702214 	0.950191  	-0.504116 
124.000000	-0.725693 	0.927093  	-0.505922 
125.000000	-0.749266 	0.903819  	-0.507729 
126.000000	-0.773397 	0.879482  	-0.509535 
127.000000	-0.797528 	0.855146  	-0.511342 
128.000000	-0.821660 	0.830809  	-0.513148 
129.000000	-0.845791 	0.806473  	-0.514955 
130.000000	-0.870778 	0.781593  	-0.519583 
131.000000	-0.895997 	0.756564  	-0.524982 
132.000000	-0.921216 	0.731536  	-0.530380 
133.000000	-0.946435 	0.706507  	-0.535778 
134.000000	-0.972439 	0.681424  	-0.541515 
135.000000	-0.999490 	0.656267  	-0.547703 
136.000000	-1.026540 	0.631110  	-0.553891 
137.000000	-1.053591 	0.605954  	-0.560079 
138.000000	-1.080857 	0.580828  	-0.566658 
139.000000	-1.110936 	0.556111  	-0.578319 
140.000000	-1.141016 	0.531394  	-0.589979 
141.000000	-1.171095 	0.506676  	-0.601640 
142.000000	-1.201174 	0.481959  	-0.613300 
143.000000	-1.234780 	0.457955  	-0.628503 
144.000000	-1.269798 	0.434236  	-0.645123 
145.000000	-1.304816 	0.410517  	-0.661743 
146.000000	-1.339834 	0.386798  	-0.678362 
147.000000	-1.377728 	0.363627  	-0.693054 
148.000000	-1.420799 	0.341443  	-0.704273 
149.000000	-1.463869 	0.319258  	-0.715492 
150.000000	-1.506940 	0.297074  	-0.726712 
151.000000	-1.550010 	0.274890  	-0.737931 
152.000000	-1.496561 	0.254147  	-0.731021 
153.000000	-1.443113 	0.233405  	-0.724110 
154.000000	-1.389664 	0.213662  	-0.717200 
155.000000	-1.336216 	0.193996  	-0.710289 
156.000000	-1.282767 	0.175339  	-0.703379 
157.000000	-1.229318 	0.156850  	-0.696468 
158.000000	-1.175870 	0.139361  	-0.689558 
159.000000	-1.122421 	0.122144  	-0.682647 
160.000000	-1.068972 	0.105900  	-0.670747 
161.000000	-1.015524 	0.090044  	-0.656850 
162.000000	-0.962075 	0.075115  	-0.640590 
163.000000	-0.908627 	0.060701  	-0.623016 
164.000000	-0.855178 	0.047154  	-0.605442 
165.000000	-0.801729 	0.034256  	-0.587868 
166.000000	-0.748281 	0.022150  	-0.570295 
167.000000	-0.694832 	0.010835  	-0.552721 
168.000000	-0.641383 	0.003672  	-0.535147 
169.000000	-0.587935 	0.002045  	-0.517574 
170.000000	-0.534486 	0.001000  	-0.490416 
171.000000	-0.481038 	0.001000  	-0.446007 
172.000000	-0.427589 	0.001000  	-0.400000 
173.000000	-0.374140 	0.001000  	-0.350000 
174.000000	-0.320692 	0.001000  	-0.300000 
175.000000	-0.267243 	0.001000  	-0.250000 
176.000000	-0.213794 	0.001000  	-0.200000 
177.000000	-0.160346 	0.001000  	-0.150000 
178.000000	-0.106897 	0.001000  	-0.100000 
179.000000	-0.053449 	0.001000  	-0.050000 
180.000000	0.000000  	0.001000  	0.000000  
! ------------------------------------------------------------------------------
! data for table	8         
! ------------------------------------------------------------------------------
  0.900000  	Re           ! Reynolds number in millions
  0.000000  	UserProp     ! User property (control) setting
Flase           InclUAdata   ! Is unsteady aerodynamics data included in this table? If TRUE, then include UA coefficients below this line. Any missing coefficients will be calculated internally.
! Table of aerodynamics coefficients
  361       	NumAlf       ! Number of data lines in the following table
!Alpha      Cl          Cd          Cm/Cp
!(deg)      (-)         (-)         (-)
-180.000000	0.000000  	0.001000  	0.000000  
-179.000000	0.053704  	0.001000  	0.040000  
-178.000000	0.107409  	0.001000  	0.080000  
-177.000000	0.161113  	0.001000  	0.120000  
-176.000000	0.214818  	0.001000  	0.160000  
-175.000000	0.268522  	0.001000  	0.200000  
-174.000000	0.322227  	0.001000  	0.240000  
-173.000000	0.375931  	0.001000  	0.280000  
-172.000000	0.429636  	0.001000  	0.320000  
-171.000000	0.483340  	0.001000  	0.358530  
-170.000000	0.537045  	0.001000  	0.396471  
-169.000000	0.590749  	0.001512  	0.428062  
-168.000000	0.644454  	0.002308  	0.456124  
-167.000000	0.698158  	0.009119  	0.484186  
-166.000000	0.751863  	0.020442  	0.512247  
-165.000000	0.805567  	0.032556  	0.540309  
-164.000000	0.859272  	0.045461  	0.568371  
-163.000000	0.912976  	0.059017  	0.596433  
-162.000000	0.966681  	0.073441  	0.624495  
-161.000000	1.020385  	0.088379  	0.649949  
-160.000000	1.074090  	0.104245  	0.670711  
-159.000000	1.127794  	0.120500  	0.687509  
-158.000000	1.181499  	0.137728  	0.694400  
-157.000000	1.235203  	0.155229  	0.701290  
-156.000000	1.288908  	0.173730  	0.708181  
-155.000000	1.342612  	0.192400  	0.715072  
-154.000000	1.396317  	0.212079  	0.721962  
-153.000000	1.450021  	0.231836  	0.728853  
-152.000000	1.503726  	0.252593  	0.735743  
-151.000000	1.557430  	0.273350  	0.742634  
-150.000000	1.514026  	0.295550  	0.731245  
-149.000000	1.470622  	0.317750  	0.719856  
-148.000000	1.427218  	0.339950  	0.708466  
-147.000000	1.383814  	0.362150  	0.697077  
-146.000000	1.345630  	0.385338  	0.682188  
-145.000000	1.310347  	0.409075  	0.665353  
-144.000000	1.275064  	0.432812  	0.648519  
-143.000000	1.239781  	0.456549  	0.631685  
-142.000000	1.205923  	0.480572  	0.616283  
-141.000000	1.175627  	0.505309  	0.604463  
-140.000000	1.145331  	0.530046  	0.592644  
-139.000000	1.115036  	0.554783  	0.580824  
-138.000000	1.084740  	0.579520  	0.569004  
-137.000000	1.057291  	0.604666  	0.562321  
-136.000000	1.030061  	0.629845  	0.556034  
-135.000000	1.002830  	0.655023  	0.549747  
-134.000000	0.975600  	0.680201  	0.543460  
-133.000000	0.949433  	0.705307  	0.537630  
-132.000000	0.924062  	0.730358  	0.532142  
-131.000000	0.898692  	0.755410  	0.526655  
-130.000000	0.873322  	0.780462  	0.521167  
-129.000000	0.848190  	0.805365  	0.516458  
-128.000000	0.823932  	0.829726  	0.514603  
-127.000000	0.799673  	0.854087  	0.512748  
-126.000000	0.775414  	0.878448  	0.510893  
-125.000000	0.751156  	0.902809  	0.509038  
-124.000000	0.727473  	0.926109  	0.507183  
-123.000000	0.703887  	0.949232  	0.505328  
-122.000000	0.680301  	0.972356  	0.503473  
-121.000000	0.656715  	0.995479  	0.501618  
-120.000000	0.633356  	1.017724  	0.500466  
-119.000000	0.610224  	1.039092  	0.500017  
-118.000000	0.587092  	1.060460  	0.499569  
-117.000000	0.563960  	1.081828  	0.499120  
-116.000000	0.540885  	1.102877  	0.498697  
-115.000000	0.518153  	1.122013  	0.498430  
-114.000000	0.495422  	1.141150  	0.498163  
-113.000000	0.472690  	1.160286  	0.497897  
-112.000000	0.449958  	1.179422  	0.497630  
-111.000000	0.427597  	1.196471  	0.497353  
-110.000000	0.405337  	1.212951  	0.497074  
-109.000000	0.383077  	1.229431  	0.496794  
-108.000000	0.360818  	1.245912  	0.496515  
-107.000000	0.338832  	1.261098  	0.496232  
-106.000000	0.317214  	1.274560  	0.495943  
-105.000000	0.295595  	1.288022  	0.495655  
-104.000000	0.273976  	1.301484  	0.495367  
-103.000000	0.252421  	1.314709  	0.495056  
-102.000000	0.231689  	1.324860  	0.494454  
-101.000000	0.210957  	1.335011  	0.493852  
-100.000000	0.190225  	1.345162  	0.493250  
-99.000000	0.169493  	1.355314  	0.492648  
-98.000000	0.149612  	1.362946  	0.491511  
-97.000000	0.130071  	1.369571  	0.490160  
-96.000000	0.110530  	1.376196  	0.488809  
-95.000000	0.090990  	1.382821  	0.487458  
-94.000000	0.071999  	1.388139  	0.486106  
-93.000000	0.053999  	1.391105  	0.484755  
-92.000000	0.036000  	1.394070  	0.483404  
-91.000000	0.018000  	1.397035  	0.482053  
-90.000000	0.000000  	1.400000  	0.480702  
-89.000000	-0.018000 	1.397035  	0.477239  
-88.000000	-0.036000 	1.394070  	0.473775  
-87.000000	-0.053999 	1.391105  	0.470312  
-86.000000	-0.071999 	1.388139  	0.466849  
-85.000000	-0.090990 	1.382821  	0.463386  
-84.000000	-0.110530 	1.376196  	0.459922  
-83.000000	-0.130071 	1.369571  	0.456459  
-82.000000	-0.149612 	1.362946  	0.452996  
-81.000000	-0.169493 	1.355314  	0.449373  
-80.000000	-0.190225 	1.345162  	0.445352  
-79.000000	-0.210957 	1.335011  	0.441331  
-78.000000	-0.231689 	1.324860  	0.437310  
-77.000000	-0.252421 	1.314709  	0.433289  
-76.000000	-0.273976 	1.301484  	0.429051  
-75.000000	-0.295595 	1.288022  	0.424797  
-74.000000	-0.317214 	1.274560  	0.420543  
-73.000000	-0.338832 	1.261098  	0.416288  
-72.000000	-0.360818 	1.245912  	0.412026  
-71.000000	-0.383077 	1.229431  	0.407759  
-70.000000	-0.405337 	1.212951  	0.403492  
-69.000000	-0.427597 	1.196471  	0.399224  
-68.000000	-0.449958 	1.179422  	0.394953  
-67.000000	-0.472690 	1.160286  	0.390667  
-66.000000	-0.495422 	1.141150  	0.386381  
-65.000000	-0.518153 	1.122013  	0.382096  
-64.000000	-0.540885 	1.102877  	0.377810  
-63.000000	-0.563960 	1.081828  	0.373572  
-62.000000	-0.587092 	1.060460  	0.369343  
-61.000000	-0.610224 	1.039092  	0.365113  
-60.000000	-0.633356 	1.017724  	0.360883  
-59.000000	-0.656715 	0.995479  	0.356871  
-58.000000	-0.680301 	0.972356  	0.353075  
-57.000000	-0.703887 	0.949232  	0.349278  
-56.000000	-0.727473 	0.926109  	0.345482  
-55.000000	-0.751156 	0.902809  	0.341686  
-54.000000	-0.775414 	0.878448  	0.337890  
-53.000000	-0.799673 	0.854087  	0.334094  
-52.000000	-0.823932 	0.829726  	0.330298  
-51.000000	-0.848190 	0.805365  	0.326502  
-50.000000	-0.873322 	0.780462  	0.322997  
-49.000000	-0.898692 	0.755410  	0.319571  
-48.000000	-0.924062 	0.730358  	0.316145  
-47.000000	-0.949433 	0.705307  	0.312719  
-46.000000	-0.975600 	0.680201  	0.309328  
-45.000000	-1.002830 	0.655023  	0.305984  
-44.000000	-1.030061 	0.629845  	0.302640  
-43.000000	-1.057291 	0.604666  	0.299295  
-42.000000	-1.084740 	0.579520  	0.295897  
-41.000000	-1.115036 	0.554783  	0.291794  
-40.000000	-1.145331 	0.530046  	0.287691  
-39.000000	-1.175627 	0.505309  	0.283588  
-38.000000	-1.205923 	0.480572  	0.279485  
-37.000000	-1.239781 	0.456549  	0.274891  
-36.000000	-1.275064 	0.432812  	0.270101  
-35.000000	-1.310347 	0.409075  	0.265311  
-34.000000	-1.345630 	0.385338  	0.260520  
-33.000000	-1.383814 	0.362150  	0.254972  
-32.000000	-1.427218 	0.339950  	0.248061  
-31.000000	-1.470622 	0.317750  	0.241149  
-30.000000	-1.514026 	0.295550  	0.234237  
-29.000000	-1.557430 	0.273350  	0.227326  
-28.000000	-1.511544 	0.260839  	0.213292  
-27.000000	-1.465658 	0.248329  	0.199259  
-26.000000	-1.419773 	0.235818  	0.185226  
-25.000000	-1.373887 	0.223308  	0.171192  
-24.000000	-1.328001 	0.210797  	0.157159  
-23.000000	-1.282115 	0.198287  	0.143126  
-22.000000	-1.236229 	0.185776  	0.129093  
-21.000000	-1.190344 	0.173266  	0.115059  
-20.000000	-1.144458 	0.160755  	0.102267  
-19.000000	-1.098572 	0.148245  	0.090923  
-18.000000	-1.052686 	0.135734  	0.080821  
-17.000000	-1.006801 	0.123224  	0.070718  
-16.000000	-0.960915 	0.110713  	0.060616  
-15.000000	-0.915029 	0.098203  	0.050513  
-14.000000	-0.869143 	0.085692  	0.040410  
-13.000000	-0.823257 	0.073182  	0.030308  
-12.000000	-0.777372 	0.060671  	-0.001190 
-11.000000	-0.731486 	0.048161  	-0.041245 
-10.000000	-0.685600 	0.035650  	-0.081300 
-9.000000 	-0.543200 	0.035940  	-0.091700 
-8.000000 	-0.400700 	0.036180  	-0.102200 
-7.000000 	-0.257900 	0.036440  	-0.112500 
-6.000000 	-0.115800 	0.036710  	-0.122500 
-5.000000 	0.026800  	0.036970  	-0.132600 
-4.000000 	0.168200  	0.037240  	-0.142200 
-3.000000 	0.309400  	0.037510  	-0.151600 
-2.000000 	0.449900  	0.037790  	-0.160800 
-1.000000 	0.589400  	0.038080  	-0.169700 
0.000000  	0.727700  	0.038400  	-0.178200 
1.000000  	0.865700  	0.038710  	-0.186600 
2.000000  	1.002100  	0.039040  	-0.194500 
3.000000  	1.137500  	0.039370  	-0.202000 
4.000000  	1.272100  	0.039680  	-0.209200 
5.000000  	1.404300  	0.040140  	-0.215900 
6.000000  	1.536300  	0.040500  	-0.222400 
7.000000  	1.665300  	0.041030  	-0.228100 
8.000000  	1.792800  	0.041560  	-0.233500 
9.000000  	1.918300  	0.042180  	-0.238300 
10.000000 	2.038900  	0.043120  	-0.242100 
11.000000 	2.158000  	0.044010  	-0.245400 
12.000000 	2.270100  	0.045350  	-0.247300 
13.000000 	2.368100  	0.047610  	-0.246300 
14.000000 	2.394500  	0.054720  	-0.230800 
15.000000 	2.393300  	0.065350  	-0.214400 
16.000000 	2.372900  	0.079740  	-0.201700 
17.000000 	2.348500  	0.095890  	-0.193800 
18.000000 	2.308600  	0.114790  	-0.189400 
19.000000 	2.278400  	0.132840  	-0.189000 
20.000000 	2.249200  	0.150840  	-0.191400 
21.000000 	2.223400  	0.168570  	-0.196500 
22.000000 	2.209200  	0.184580  	-0.203100 
23.000000 	2.200200  	0.199740  	-0.211100 
24.000000 	2.199100  	0.213530  	-0.219900 
25.000000 	2.204800  	0.226010  	-0.229000 
26.000000 	2.211300  	0.238050  	-0.238800 
27.000000 	2.217600  	0.249820  	-0.249300 
28.000000 	2.222200  	0.261590  	-0.260800 
29.000000 	2.224900  	0.273350  	-0.273300 
30.000000 	2.162894  	0.295550  	-0.279929 
31.000000 	2.100888  	0.317750  	-0.286559 
32.000000 	2.038883  	0.339950  	-0.293188 
33.000000 	1.976877  	0.362150  	-0.299818 
34.000000 	1.922329  	0.385338  	-0.305672 
35.000000 	1.871924  	0.409075  	-0.311095 
36.000000 	1.821520  	0.432812  	-0.316517 
37.000000 	1.771115  	0.456549  	-0.321940 
38.000000 	1.722746  	0.480572  	-0.326957 
39.000000 	1.679467  	0.505309  	-0.330960 
40.000000 	1.636188  	0.530046  	-0.334962 
41.000000 	1.592908  	0.554783  	-0.338964 
42.000000 	1.549629  	0.579520  	-0.342966 
43.000000 	1.510415  	0.604666  	-0.345512 
44.000000 	1.471515  	0.629845  	-0.347947 
45.000000 	1.432615  	0.655023  	-0.350381 
46.000000 	1.393714  	0.680201  	-0.352816 
47.000000 	1.356332  	0.705307  	-0.355248 
48.000000 	1.320089  	0.730358  	-0.357680 
49.000000 	1.283846  	0.755410  	-0.360111 
50.000000 	1.247603  	0.780462  	-0.362542 
51.000000 	1.211700  	0.805365  	-0.364970 
52.000000 	1.177045  	0.829726  	-0.367386 
53.000000 	1.142390  	0.854087  	-0.369803 
54.000000 	1.107735  	0.878448  	-0.372219 
55.000000 	1.073079  	0.902809  	-0.374636 
56.000000 	1.039248  	0.926109  	-0.377052 
57.000000 	1.005553  	0.949232  	-0.379469 
58.000000 	0.971859  	0.972356  	-0.381885 
59.000000 	0.938164  	0.995479  	-0.384301 
60.000000 	0.904794  	1.017724  	-0.386953 
61.000000 	0.871748  	1.039092  	-0.389841 
62.000000 	0.838703  	1.060460  	-0.392728 
63.000000 	0.805657  	1.081828  	-0.395616 
64.000000 	0.772693  	1.102877  	-0.398512 
65.000000 	0.740219  	1.122013  	-0.401461 
66.000000 	0.707745  	1.141150  	-0.404409 
67.000000 	0.675271  	1.160286  	-0.407358 
68.000000 	0.642797  	1.179422  	-0.410307 
69.000000 	0.610853  	1.196471  	-0.413425 
70.000000 	0.579053  	1.212951  	-0.416590 
71.000000 	0.547253  	1.229431  	-0.419755 
72.000000 	0.515454  	1.245912  	-0.422920 
73.000000 	0.484046  	1.261098  	-0.426150 
74.000000 	0.453162  	1.274560  	-0.429465 
75.000000 	0.422278  	1.288022  	-0.432781 
76.000000 	0.391395  	1.301484  	-0.436096 
77.000000 	0.360601  	1.314709  	-0.439408 
78.000000 	0.330984  	1.324860  	-0.442670 
79.000000 	0.301367  	1.335011  	-0.445932 
80.000000 	0.271749  	1.345162  	-0.449194 
81.000000 	0.242132  	1.355314  	-0.452456 
82.000000 	0.213731  	1.362946  	-0.455626 
83.000000 	0.185816  	1.369571  	-0.458761 
84.000000 	0.157900  	1.376196  	-0.461895 
85.000000 	0.129985  	1.382821  	-0.465030 
86.000000 	0.102856  	1.388139  	-0.468164 
87.000000 	0.077142  	1.391105  	-0.471299 
88.000000 	0.051428  	1.394070  	-0.474433 
89.000000 	0.025714  	1.397035  	-0.477567 
90.000000 	0.000000  	1.400000  	-0.480702 
91.000000 	-0.018000 	1.397035  	-0.482053 
92.000000 	-0.036000 	1.394070  	-0.483404 
93.000000 	-0.053999 	1.391105  	-0.484755 
94.000000 	-0.071999 	1.388139  	-0.486106 
95.000000 	-0.090990 	1.382821  	-0.487458 
96.000000 	-0.110530 	1.376196  	-0.488809 
97.000000 	-0.130071 	1.369571  	-0.490160 
98.000000 	-0.149612 	1.362946  	-0.491511 
99.000000 	-0.169493 	1.355314  	-0.492648 
100.000000	-0.190225 	1.345162  	-0.493250 
101.000000	-0.210957 	1.335011  	-0.493852 
102.000000	-0.231689 	1.324860  	-0.494454 
103.000000	-0.252421 	1.314709  	-0.495056 
104.000000	-0.273976 	1.301484  	-0.495367 
105.000000	-0.295595 	1.288022  	-0.495655 
106.000000	-0.317214 	1.274560  	-0.495943 
107.000000	-0.338832 	1.261098  	-0.496232 
108.000000	-0.360818 	1.245912  	-0.496515 
109.000000	-0.383077 	1.229431  	-0.496794 
110.000000	-0.405337 	1.212951  	-0.497074 
111.000000	-0.427597 	1.196471  	-0.497353 
112.000000	-0.449958 	1.179422  	-0.497630 
113.000000	-0.472690 	1.160286  	-0.497897 
114.000000	-0.495422 	1.141150  	-0.498163 
115.000000	-0.518153 	1.122013  	-0.498430 
116.000000	-0.540885 	1.102877  	-0.498697 
117.000000	-0.563960 	1.081828  	-0.499120 
118.000000	-0.587092 	1.060460  	-0.499569 
119.000000	-0.610224 	1.039092  	-0.500017 
120.000000	-0.633356 	1.017724  	-0.500466 
121.000000	-0.656715 	0.995479  	-0.501618 
122.000000	-0.680301 	0.972356  	-0.503473 
123.000000	-0.703887 	0.949232  	-0.505328 
124.000000	-0.727473 	0.926109  	-0.507183 
125.000000	-0.751156 	0.902809  	-0.509038 
126.000000	-0.775414 	0.878448  	-0.510893 
127.000000	-0.799673 	0.854087  	-0.512748 
128.000000	-0.823932 	0.829726  	-0.514603 
129.000000	-0.848190 	0.805365  	-0.516458 
130.000000	-0.873322 	0.780462  	-0.521167 
131.000000	-0.898692 	0.755410  	-0.526655 
132.000000	-0.924062 	0.730358  	-0.532142 
133.000000	-0.949433 	0.705307  	-0.537630 
134.000000	-0.975600 	0.680201  	-0.543460 
135.000000	-1.002830 	0.655023  	-0.549747 
136.000000	-1.030061 	0.629845  	-0.556034 
137.000000	-1.057291 	0.604666  	-0.562321 
138.000000	-1.084740 	0.579520  	-0.569004 
139.000000	-1.115036 	0.554783  	-0.580824 
140.000000	-1.145331 	0.530046  	-0.592644 
141.000000	-1.175627 	0.505309  	-0.604463 
142.000000	-1.205923 	0.480572  	-0.616283 
143.000000	-1.239781 	0.456549  	-0.631685 
144.000000	-1.275064 	0.432812  	-0.648519 
145.000000	-1.310347 	0.409075  	-0.665353 
146.000000	-1.345630 	0.385338  	-0.682188 
147.000000	-1.383814 	0.362150  	-0.697077 
148.000000	-1.427218 	0.339950  	-0.708466 
149.000000	-1.470622 	0.317750  	-0.719856 
150.000000	-1.514026 	0.295550  	-0.731245 
151.000000	-1.557430 	0.273350  	-0.742634 
152.000000	-1.503726 	0.252593  	-0.735743 
153.000000	-1.450021 	0.231836  	-0.728853 
154.000000	-1.396317 	0.212079  	-0.721962 
155.000000	-1.342612 	0.192400  	-0.715072 
156.000000	-1.288908 	0.173730  	-0.708181 
157.000000	-1.235203 	0.155229  	-0.701290 
158.000000	-1.181499 	0.137728  	-0.694400 
159.000000	-1.127794 	0.120500  	-0.687509 
160.000000	-1.074090 	0.104245  	-0.675390 
161.000000	-1.020385 	0.088379  	-0.661181 
162.000000	-0.966681 	0.073441  	-0.644495 
163.000000	-0.912976 	0.059017  	-0.626433 
164.000000	-0.859272 	0.045461  	-0.608371 
165.000000	-0.805567 	0.032556  	-0.590309 
166.000000	-0.751863 	0.020442  	-0.572247 
167.000000	-0.698158 	0.009119  	-0.554186 
168.000000	-0.644454 	0.002308  	-0.536124 
169.000000	-0.590749 	0.001512  	-0.518062 
170.000000	-0.537045 	0.001000  	-0.490560 
171.000000	-0.483340 	0.001000  	-0.446067 
172.000000	-0.429636 	0.001000  	-0.400000 
173.000000	-0.375931 	0.001000  	-0.350000 
174.000000	-0.322227 	0.001000  	-0.300000 
175.000000	-0.268522 	0.001000  	-0.250000 
176.000000	-0.214818 	0.001000  	-0.200000 
177.000000	-0.161113 	0.001000  	-0.150000 
178.000000	-0.107409 	0.001000  	-0.100000 
179.000000	-0.053704 	0.001000  	-0.050000 
180.000000	0.000000  	0.001000  	0.000000  
! ------------------------------------------------------------------------------
! data for table	9         
! ------------------------------------------------------------------------------
  1.000000  	Re           ! Reynolds number in millions
  0.000000  	UserProp     ! User property (control) setting
Flase           InclUAdata   ! Is unsteady aerodynamics data included in this table? If TRUE, then include UA coefficients below this line. Any missing coefficients will be calculated internally.
! Table of aerodynamics coefficients
  361       	NumAlf       ! Number of data lines in the following table
!Alpha      Cl          Cd          Cm/Cp
!(deg)      (-)         (-)         (-)
-180.000000	0.000000  	0.001000  	0.000000  
-179.000000	0.053919  	0.001000  	0.040000  
-178.000000	0.107839  	0.001000  	0.080000  
-177.000000	0.161758  	0.001000  	0.120000  
-176.000000	0.215677  	0.001000  	0.160000  
-175.000000	0.269597  	0.001000  	0.200000  
-174.000000	0.323516  	0.001000  	0.240000  
-173.000000	0.377435  	0.001000  	0.280000  
-172.000000	0.431354  	0.001000  	0.320000  
-171.000000	0.485274  	0.001000  	0.358572  
-170.000000	0.539193  	0.001000  	0.396573  
-169.000000	0.593112  	0.001000  	0.428406  
-168.000000	0.647032  	0.001000  	0.456812  
-167.000000	0.700951  	0.007342  	0.485217  
-166.000000	0.754870  	0.018440  	0.513623  
-165.000000	0.808790  	0.030446  	0.542029  
-164.000000	0.862709  	0.043362  	0.570435  
-163.000000	0.916628  	0.056929  	0.598841  
-162.000000	0.970548  	0.071364  	0.627246  
-161.000000	1.024467  	0.086314  	0.653001  
-160.000000	1.078386  	0.102193  	0.673983  
-159.000000	1.132306  	0.118462  	0.690936  
-158.000000	1.186225  	0.135704  	0.697813  
-157.000000	1.240144  	0.153219  	0.704691  
-156.000000	1.294063  	0.171736  	0.711568  
-155.000000	1.347983  	0.190421  	0.718446  
-154.000000	1.401902  	0.210117  	0.725324  
-153.000000	1.455821  	0.229890  	0.732201  
-152.000000	1.509741  	0.250665  	0.739079  
-151.000000	1.563660  	0.271440  	0.745957  
-150.000000	1.519976  	0.293660  	0.734437  
-149.000000	1.476292  	0.315880  	0.722918  
-148.000000	1.432608  	0.338099  	0.711398  
-147.000000	1.388924  	0.360319  	0.699879  
-146.000000	1.350497  	0.383529  	0.684836  
-145.000000	1.314991  	0.407288  	0.667837  
-144.000000	1.279485  	0.431047  	0.650837  
-143.000000	1.243979  	0.454806  	0.633838  
-142.000000	1.209910  	0.478851  	0.618283  
-141.000000	1.179432  	0.503613  	0.606341  
-140.000000	1.148955  	0.528374  	0.594399  
-139.000000	1.118477  	0.553136  	0.582456  
-138.000000	1.088000  	0.577897  	0.570514  
-137.000000	1.060398  	0.603070  	0.563753  
-136.000000	1.033016  	0.628275  	0.557391  
-135.000000	1.005635  	0.653480  	0.551029  
-134.000000	0.978254  	0.678684  	0.544667  
-133.000000	0.951949  	0.703818  	0.538766  
-132.000000	0.926452  	0.728898  	0.533211  
-131.000000	0.900956  	0.753978  	0.527655  
-130.000000	0.875459  	0.779058  	0.522100  
-129.000000	0.850204  	0.803991  	0.517330  
-128.000000	0.825839  	0.828382  	0.515441  
-127.000000	0.801473  	0.852774  	0.513551  
-126.000000	0.777108  	0.877165  	0.511662  
-125.000000	0.752743  	0.901556  	0.509773  
-124.000000	0.728968  	0.924888  	0.507883  
-123.000000	0.705292  	0.948044  	0.505994  
-122.000000	0.681616  	0.971199  	0.504104  
-121.000000	0.657940  	0.994354  	0.502215  
-120.000000	0.634499  	1.016633  	0.501038  
-119.000000	0.611292  	1.038034  	0.500572  
-118.000000	0.588085  	1.059436  	0.500107  
-117.000000	0.564878  	1.080837  	0.499642  
-116.000000	0.541730  	1.101920  	0.499203  
-115.000000	0.518937  	1.121091  	0.498922  
-114.000000	0.496144  	1.140262  	0.498641  
-113.000000	0.473350  	1.159433  	0.498360  
-112.000000	0.450557  	1.178604  	0.498079  
-111.000000	0.428144  	1.195689  	0.497793  
-110.000000	0.405835  	1.212205  	0.497505  
-109.000000	0.383526  	1.228721  	0.497217  
-108.000000	0.361217  	1.245237  	0.496929  
-107.000000	0.339188  	1.260460  	0.496639  
-106.000000	0.317531  	1.273958  	0.496346  
-105.000000	0.295875  	1.287457  	0.496053  
-104.000000	0.274218  	1.300956  	0.495761  
-103.000000	0.252626  	1.314218  	0.495445  
-102.000000	0.231868  	1.324406  	0.494840  
-101.000000	0.211109  	1.334595  	0.494234  
-100.000000	0.190350  	1.344783  	0.493628  
-99.000000	0.169592  	1.354972  	0.493023  
-98.000000	0.149692  	1.362642  	0.491883  
-97.000000	0.130136  	1.369305  	0.490531  
-96.000000	0.110579  	1.375968  	0.489178  
-95.000000	0.091023  	1.382631  	0.487825  
-94.000000	0.072020  	1.387987  	0.486472  
-93.000000	0.054015  	1.390990  	0.485120  
-92.000000	0.036010  	1.393994  	0.483767  
-91.000000	0.018005  	1.396997  	0.482414  
-90.000000	0.000000  	1.400000  	0.481061  
-89.000000	-0.018005 	1.396997  	0.477579  
-88.000000	-0.036010 	1.393994  	0.474097  
-87.000000	-0.054015 	1.390990  	0.470614  
-86.000000	-0.072020 	1.387987  	0.467132  
-85.000000	-0.091023 	1.382631  	0.463649  
-84.000000	-0.110579 	1.375968  	0.460167  
-83.000000	-0.130136 	1.369305  	0.456685  
-82.000000	-0.149692 	1.362642  	0.453202  
-81.000000	-0.169592 	1.354972  	0.449561  
-80.000000	-0.190350 	1.344783  	0.445525  
-79.000000	-0.211109 	1.334595  	0.441489  
-78.000000	-0.231868 	1.324406  	0.437453  
-77.000000	-0.252626 	1.314218  	0.433417  
-76.000000	-0.274218 	1.300956  	0.429165  
-75.000000	-0.295875 	1.287457  	0.424897  
-74.000000	-0.317531 	1.273958  	0.420629  
-73.000000	-0.339188 	1.260460  	0.416361  
-72.000000	-0.361217 	1.245237  	0.412087  
-71.000000	-0.383526 	1.228721  	0.407809  
-70.000000	-0.405835 	1.212205  	0.403532  
-69.000000	-0.428144 	1.195689  	0.399254  
-68.000000	-0.450557 	1.178604  	0.394973  
-67.000000	-0.473350 	1.159433  	0.390681  
-66.000000	-0.496144 	1.140262  	0.386389  
-65.000000	-0.518937 	1.121091  	0.382097  
-64.000000	-0.541730 	1.101920  	0.377805  
-63.000000	-0.564878 	1.080837  	0.373561  
-62.000000	-0.588085 	1.059436  	0.369326  
-61.000000	-0.611292 	1.038034  	0.365091  
-60.000000	-0.634499 	1.016633  	0.360856  
-59.000000	-0.657940 	0.994354  	0.356840  
-58.000000	-0.681616 	0.971199  	0.353043  
-57.000000	-0.705292 	0.948044  	0.349246  
-56.000000	-0.728968 	0.924888  	0.345449  
-55.000000	-0.752743 	0.901556  	0.341652  
-54.000000	-0.777108 	0.877165  	0.337855  
-53.000000	-0.801473 	0.852774  	0.334058  
-52.000000	-0.825839 	0.828382  	0.330261  
-51.000000	-0.850204 	0.803991  	0.326464  
-50.000000	-0.875459 	0.779058  	0.322955  
-49.000000	-0.900956 	0.753978  	0.319525  
-48.000000	-0.926452 	0.728898  	0.316096  
-47.000000	-0.951949 	0.703818  	0.312666  
-46.000000	-0.978254 	0.678684  	0.309270  
-45.000000	-1.005635 	0.653480  	0.305921  
-44.000000	-1.033016 	0.628275  	0.302572  
-43.000000	-1.060398 	0.603070  	0.299222  
-42.000000	-1.088000 	0.577897  	0.295818  
-41.000000	-1.118477 	0.553136  	0.291691  
-40.000000	-1.148955 	0.528374  	0.287565  
-39.000000	-1.179432 	0.503613  	0.283439  
-38.000000	-1.209910 	0.478851  	0.279313  
-37.000000	-1.243979 	0.454806  	0.274684  
-36.000000	-1.279485 	0.431047  	0.269854  
-35.000000	-1.314991 	0.407288  	0.265023  
-34.000000	-1.350497 	0.383529  	0.260193  
-33.000000	-1.388924 	0.360319  	0.254603  
-32.000000	-1.432608 	0.338099  	0.247646  
-31.000000	-1.476292 	0.315880  	0.240689  
-30.000000	-1.519976 	0.293660  	0.233732  
-29.000000	-1.563660 	0.271440  	0.226774  
-28.000000	-1.517399 	0.259027  	0.212676  
-27.000000	-1.471138 	0.246614  	0.198579  
-26.000000	-1.424877 	0.234201  	0.184481  
-25.000000	-1.378616 	0.221787  	0.170383  
-24.000000	-1.332355 	0.209374  	0.156285  
-23.000000	-1.286094 	0.196961  	0.142187  
-22.000000	-1.239833 	0.184548  	0.128089  
-21.000000	-1.193572 	0.172135  	0.113991  
-20.000000	-1.147311 	0.159722  	0.101191  
-19.000000	-1.101049 	0.147308  	0.089904  
-18.000000	-1.054788 	0.134895  	0.079915  
-17.000000	-1.008527 	0.122482  	0.069925  
-16.000000	-0.962266 	0.110069  	0.059936  
-15.000000	-0.916005 	0.097656  	0.049947  
-14.000000	-0.869744 	0.085243  	0.039957  
-13.000000	-0.823483 	0.072829  	0.029968  
-12.000000	-0.777222 	0.060416  	-0.001521 
-11.000000	-0.730961 	0.048003  	-0.041611 
-10.000000	-0.684700 	0.035590  	-0.081700 
-9.000000 	-0.541900 	0.035880  	-0.092300 
-8.000000 	-0.399000 	0.036140  	-0.102700 
-7.000000 	-0.255900 	0.036420  	-0.113200 
-6.000000 	-0.113300 	0.036690  	-0.123300 
-5.000000 	0.028300  	0.036960  	-0.133000 
-4.000000 	0.170700  	0.037240  	-0.142900 
-3.000000 	0.311200  	0.037500  	-0.152200 
-2.000000 	0.451800  	0.037800  	-0.161400 
-1.000000 	0.591100  	0.038060  	-0.170200 
0.000000  	0.730200  	0.038340  	-0.178900 
1.000000  	0.867800  	0.038630  	-0.187100 
2.000000  	1.004300  	0.038910  	-0.195000 
3.000000  	1.139200  	0.039250  	-0.202400 
4.000000  	1.274100  	0.039590  	-0.209800 
5.000000  	1.407900  	0.039860  	-0.216700 
6.000000  	1.539000  	0.040280  	-0.223000 
7.000000  	1.668900  	0.040680  	-0.228900 
8.000000  	1.797000  	0.041170  	-0.234400 
9.000000  	1.921500  	0.041890  	-0.239100 
10.000000 	2.046000  	0.042440  	-0.243500 
11.000000 	2.165100  	0.043370  	-0.246900 
12.000000 	2.278000  	0.044670  	-0.249000 
13.000000 	2.379400  	0.046690  	-0.248700 
14.000000 	2.424700  	0.052440  	-0.236800 
15.000000 	2.410600  	0.063750  	-0.217000 
16.000000 	2.392100  	0.077770  	-0.203700 
17.000000 	2.363700  	0.094240  	-0.195000 
18.000000 	2.327300  	0.112590  	-0.190400 
19.000000 	2.293100  	0.131090  	-0.189500 
20.000000 	2.266600  	0.148690  	-0.191600 
21.000000 	2.235100  	0.167070  	-0.196600 
22.000000 	2.222300  	0.182760  	-0.202900 
23.000000 	2.215900  	0.197410  	-0.210500 
24.000000 	2.211300  	0.211640  	-0.219400 
25.000000 	2.215000  	0.224310  	-0.228500 
26.000000 	2.221600  	0.236240  	-0.238100 
27.000000 	2.225000  	0.248420  	-0.248900 
28.000000 	2.229600  	0.260080  	-0.260300 
29.000000 	2.233800  	0.271440  	-0.272400 
30.000000 	2.171394  	0.293660  	-0.279108 
31.000000 	2.108988  	0.315880  	-0.285816 
32.000000 	2.046582  	0.338099  	-0.292524 
33.000000 	1.984177  	0.360319  	-0.299232 
34.000000 	1.929281  	0.383529  	-0.305155 
35.000000 	1.878558  	0.407288  	-0.310641 
36.000000 	1.827836  	0.431047  	-0.316126 
37.000000 	1.777113  	0.454806  	-0.321612 
38.000000 	1.728443  	0.478851  	-0.326685 
39.000000 	1.684903  	0.503613  	-0.330725 
40.000000 	1.641364  	0.528374  	-0.334765 
41.000000 	1.597825  	0.553136  	-0.338806 
42.000000 	1.554286  	0.577897  	-0.342846 
43.000000 	1.514854  	0.603070  	-0.345405 
44.000000 	1.475738  	0.628275  	-0.347850 
45.000000 	1.436621  	0.653480  	-0.350295 
46.000000 	1.397505  	0.678684  	-0.352740 
47.000000 	1.359928  	0.703818  	-0.355182 
48.000000 	1.323503  	0.728898  	-0.357622 
49.000000 	1.287079  	0.753978  	-0.360062 
50.000000 	1.250655  	0.779058  	-0.362502 
51.000000 	1.214577  	0.803991  	-0.364937 
52.000000 	1.179770  	0.828382  	-0.367355 
53.000000 	1.144962  	0.852774  	-0.369773 
54.000000 	1.110154  	0.877165  	-0.372191 
55.000000 	1.075347  	0.901556  	-0.374609 
56.000000 	1.041383  	0.924888  	-0.377027 
57.000000 	1.007560  	0.948044  	-0.379445 
58.000000 	0.973737  	0.971199  	-0.381863 
59.000000 	0.939914  	0.994354  	-0.384281 
60.000000 	0.906427  	1.016633  	-0.386936 
61.000000 	0.873274  	1.038034  	-0.389829 
62.000000 	0.840121  	1.059436  	-0.392722 
63.000000 	0.806968  	1.080837  	-0.395614 
64.000000 	0.773900  	1.101920  	-0.398516 
65.000000 	0.741338  	1.121091  	-0.401470 
66.000000 	0.708777  	1.140262  	-0.404424 
67.000000 	0.676215  	1.159433  	-0.407379 
68.000000 	0.643653  	1.178604  	-0.410333 
69.000000 	0.611635  	1.195689  	-0.413461 
70.000000 	0.579764  	1.212205  	-0.416636 
71.000000 	0.547894  	1.228721  	-0.419811 
72.000000 	0.516024  	1.245237  	-0.422986 
73.000000 	0.484554  	1.260460  	-0.426227 
74.000000 	0.453616  	1.273958  	-0.429556 
75.000000 	0.422678  	1.287457  	-0.432884 
76.000000 	0.391741  	1.300956  	-0.436213 
77.000000 	0.360895  	1.314218  	-0.439537 
78.000000 	0.331239  	1.324406  	-0.442814 
79.000000 	0.301584  	1.334595  	-0.446091 
80.000000 	0.271929  	1.344783  	-0.449368 
81.000000 	0.242274  	1.354972  	-0.452645 
82.000000 	0.213846  	1.362642  	-0.455833 
83.000000 	0.185908  	1.369305  	-0.458987 
84.000000 	0.157970  	1.375968  	-0.462140 
85.000000 	0.130032  	1.382631  	-0.465294 
86.000000 	0.102886  	1.387987  	-0.468447 
87.000000 	0.077165  	1.390990  	-0.471601 
88.000000 	0.051443  	1.393994  	-0.474754 
89.000000 	0.025722  	1.396997  	-0.477908 
90.000000 	0.000000  	1.400000  	-0.481061 
91.000000 	-0.018005 	1.396997  	-0.482414 
92.000000 	-0.036010 	1.393994  	-0.483767 
93.000000 	-0.054015 	1.390990  	-0.485120 
94.000000 	-0.072020 	1.387987  	-0.486472 
95.000000 	-0.091023 	1.382631  	-0.487825 
96.000000 	-0.110579 	1.375968  	-0.489178 
97.000000 	-0.130136 	1.369305  	-0.490531 
98.000000 	-0.149692 	1.362642  	-0.491883 
99.000000 	-0.169592 	1.354972  	-0.493023 
100.000000	-0.190350 	1.344783  	-0.493628 
101.000000	-0.211109 	1.334595  	-0.494234 
102.000000	-0.231868 	1.324406  	-0.494840 
103.000000	-0.252626 	1.314218  	-0.495445 
104.000000	-0.274218 	1.300956  	-0.495761 
105.000000	-0.295875 	1.287457  	-0.496053 
106.000000	-0.317531 	1.273958  	-0.496346 
107.000000	-0.339188 	1.260460  	-0.496639 
108.000000	-0.361217 	1.245237  	-0.496929 
109.000000	-0.383526 	1.228721  	-0.497217 
110.000000	-0.405835 	1.212205  	-0.497505 
111.000000	-0.428144 	1.195689  	-0.497793 
112.000000	-0.450557 	1.178604  	-0.498079 
113.000000	-0.473350 	1.159433  	-0.498360 
114.000000	-0.496144 	1.140262  	-0.498641 
115.000000	-0.518937 	1.121091  	-0.498922 
116.000000	-0.541730 	1.101920  	-0.499203 
117.000000	-0.564878 	1.080837  	-0.499642 
118.000000	-0.588085 	1.059436  	-0.500107 
119.000000	-0.611292 	1.038034  	-0.500572 
120.000000	-0.634499 	1.016633  	-0.501038 
121.000000	-0.657940 	0.994354  	-0.502215 
122.000000	-0.681616 	0.971199  	-0.504104 
123.000000	-0.705292 	0.948044  	-0.505994 
124.000000	-0.728968 	0.924888  	-0.507883 
125.000000	-0.752743 	0.901556  	-0.509773 
126.000000	-0.777108 	0.877165  	-0.511662 
127.000000	-0.801473 	0.852774  	-0.513551 
128.000000	-0.825839 	0.828382  	-0.515441 
129.000000	-0.850204 	0.803991  	-0.517330 
130.000000	-0.875459 	0.779058  	-0.522100 
131.000000	-0.900956 	0.753978  	-0.527655 
132.000000	-0.926452 	0.728898  	-0.533211 
133.000000	-0.951949 	0.703818  	-0.538766 
134.000000	-0.978254 	0.678684  	-0.544667 
135.000000	-1.005635 	0.653480  	-0.551029 
136.000000	-1.033016 	0.628275  	-0.557391 
137.000000	-1.060398 	0.603070  	-0.563753 
138.000000	-1.088000 	0.577897  	-0.570514 
139.000000	-1.118477 	0.553136  	-0.582456 
140.000000	-1.148955 	0.528374  	-0.594399 
141.000000	-1.179432 	0.503613  	-0.606341 
142.000000	-1.209910 	0.478851  	-0.618283 
143.000000	-1.243979 	0.454806  	-0.633838 
144.000000	-1.279485 	0.431047  	-0.650837 
145.000000	-1.314991 	0.407288  	-0.667837 
146.000000	-1.350497 	0.383529  	-0.684836 
147.000000	-1.388924 	0.360319  	-0.699879 
148.000000	-1.432608 	0.338099  	-0.711398 
149.000000	-1.476292 	0.315880  	-0.722918 
150.000000	-1.519976 	0.293660  	-0.734437 
151.000000	-1.563660 	0.271440  	-0.745957 
152.000000	-1.509741 	0.250665  	-0.739079 
153.000000	-1.455821 	0.229890  	-0.732201 
154.000000	-1.401902 	0.210117  	-0.725324 
155.000000	-1.347983 	0.190421  	-0.718446 
156.000000	-1.294063 	0.171736  	-0.711568 
157.000000	-1.240144 	0.153219  	-0.704691 
158.000000	-1.186225 	0.135704  	-0.697813 
159.000000	-1.132306 	0.118462  	-0.690936 
160.000000	-1.078386 	0.102193  	-0.678663 
161.000000	-1.024467 	0.086314  	-0.664232 
162.000000	-0.970548 	0.071364  	-0.647246 
163.000000	-0.916628 	0.056929  	-0.628841 
164.000000	-0.862709 	0.043362  	-0.610435 
165.000000	-0.808790 	0.030446  	-0.592029 
166.000000	-0.754870 	0.018440  	-0.573623 
167.000000	-0.700951 	0.007342  	-0.555217 
168.000000	-0.647032 	0.001000  	-0.536812 
169.000000	-0.593112 	0.001000  	-0.518406 
170.000000	-0.539193 	0.001000  	-0.490662 
171.000000	-0.485274 	0.001000  	-0.446109 
172.000000	-0.431354 	0.001000  	-0.400000 
173.000000	-0.377435 	0.001000  	-0.350000 
174.000000	-0.323516 	0.001000  	-0.300000 
175.000000	-0.269597 	0.001000  	-0.250000 
176.000000	-0.215677 	0.001000  	-0.200000 
177.000000	-0.161758 	0.001000  	-0.150000 
178.000000	-0.107839 	0.001000  	-0.100000 
179.000000	-0.053919 	0.001000  	-0.050000 
180.000000	0.000000  	0.001000  	0.000000  
! ------------------------------------------------------------------------------
! data for table	10        
! ------------------------------------------------------------------------------
  1.100000  	Re           ! Reynolds number in millions
  0.000000  	UserProp     ! User property (control) setting
Flase           InclUAdata   ! Is unsteady aerodynamics data included in this table? If TRUE, then include UA coefficients below this line. Any missing coefficients will be calculated internally.
! Table of aerodynamics coefficients
  361       	NumAlf       ! Number of data lines in the following table
!Alpha      Cl          Cd          Cm/Cp
!(deg)      (-)         (-)         (-)
-180.000000	0.000000  	0.001000  	0.000000  
-179.000000	0.054149  	0.001000  	0.040000  
-178.000000	0.108297  	0.001000  	0.080000  
-177.000000	0.162446  	0.001000  	0.120000  
-176.000000	0.216594  	0.001000  	0.160000  
-175.000000	0.270743  	0.001000  	0.200000  
-174.000000	0.324892  	0.001000  	0.240000  
-173.000000	0.379040  	0.001000  	0.280000  
-172.000000	0.433189  	0.001000  	0.320000  
-171.000000	0.487338  	0.001000  	0.358627  
-170.000000	0.541486  	0.001000  	0.396704  
-169.000000	0.595635  	0.001000  	0.428849  
-168.000000	0.649783  	0.001000  	0.457699  
-167.000000	0.703932  	0.006908  	0.486548  
-166.000000	0.758081  	0.017247  	0.515397  
-165.000000	0.812229  	0.028878  	0.544247  
-164.000000	0.866378  	0.041802  	0.573096  
-163.000000	0.920527  	0.055377  	0.601945  
-162.000000	0.974675  	0.069820  	0.630794  
-161.000000	1.028824  	0.084779  	0.656936  
-160.000000	1.082972  	0.100668  	0.678202  
-159.000000	1.137121  	0.116946  	0.695352  
-158.000000	1.191270  	0.134199  	0.702211  
-157.000000	1.245418  	0.151725  	0.709070  
-156.000000	1.299567  	0.170253  	0.715929  
-155.000000	1.353716  	0.188949  	0.722788  
-154.000000	1.407864  	0.208658  	0.729647  
-153.000000	1.462013  	0.228444  	0.736506  
-152.000000	1.516161  	0.249232  	0.743365  
-151.000000	1.570310  	0.270020  	0.750224  
-150.000000	1.526327  	0.292254  	0.738550  
-149.000000	1.482344  	0.314489  	0.726876  
-148.000000	1.438361  	0.336723  	0.715203  
-147.000000	1.394378  	0.358958  	0.703529  
-146.000000	1.355692  	0.382183  	0.688306  
-145.000000	1.319948  	0.405959  	0.671112  
-144.000000	1.284204  	0.429734  	0.653918  
-143.000000	1.248460  	0.453510  	0.636724  
-142.000000	1.214166  	0.477572  	0.620989  
-141.000000	1.183494  	0.502352  	0.608902  
-140.000000	1.152823  	0.527131  	0.596815  
-139.000000	1.122151  	0.551911  	0.584728  
-138.000000	1.091480  	0.576690  	0.572641  
-137.000000	1.063714  	0.601883  	0.565787  
-136.000000	1.036171  	0.627108  	0.559336  
-135.000000	1.008629  	0.652332  	0.552884  
-134.000000	0.981086  	0.677557  	0.546433  
-133.000000	0.954636  	0.702711  	0.540447  
-132.000000	0.929003  	0.727812  	0.534811  
-131.000000	0.903371  	0.752914  	0.529174  
-130.000000	0.877739  	0.778015  	0.523538  
-129.000000	0.852354  	0.802969  	0.518695  
-128.000000	0.827875  	0.827383  	0.516762  
-127.000000	0.803395  	0.851797  	0.514829  
-126.000000	0.778916  	0.876211  	0.512896  
-125.000000	0.754437  	0.900625  	0.510963  
-124.000000	0.730564  	0.923981  	0.509030  
-123.000000	0.706792  	0.947160  	0.507097  
-122.000000	0.683020  	0.970339  	0.505164  
-121.000000	0.659248  	0.993518  	0.503231  
-120.000000	0.635719  	1.015821  	0.502020  
-119.000000	0.612432  	1.037248  	0.501530  
-118.000000	0.589145  	1.058674  	0.501041  
-117.000000	0.565858  	1.080100  	0.500551  
-116.000000	0.542632  	1.101208  	0.500088  
-115.000000	0.519773  	1.120405  	0.499786  
-114.000000	0.496914  	1.139602  	0.499483  
-113.000000	0.474055  	1.158799  	0.499181  
-112.000000	0.451196  	1.177996  	0.498878  
-111.000000	0.428728  	1.195107  	0.498575  
-110.000000	0.406366  	1.211650  	0.498271  
-109.000000	0.384005  	1.228193  	0.497967  
-108.000000	0.361643  	1.244735  	0.497663  
-107.000000	0.339567  	1.259985  	0.497359  
-106.000000	0.317870  	1.273511  	0.497055  
-105.000000	0.296174  	1.287037  	0.496750  
-104.000000	0.274477  	1.300563  	0.496445  
-103.000000	0.252845  	1.313852  	0.496118  
-102.000000	0.232059  	1.324069  	0.495502  
-101.000000	0.211272  	1.334285  	0.494885  
-100.000000	0.190485  	1.344502  	0.494269  
-99.000000	0.169698  	1.354718  	0.493652  
-98.000000	0.149778  	1.362416  	0.492503  
-97.000000	0.130204  	1.369108  	0.491142  
-96.000000	0.110631  	1.375799  	0.489780  
-95.000000	0.091058  	1.382490  	0.488419  
-94.000000	0.072043  	1.387874  	0.487057  
-93.000000	0.054032  	1.390905  	0.485695  
-92.000000	0.036021  	1.393937  	0.484334  
-91.000000	0.018011  	1.396968  	0.482972  
-90.000000	0.000000  	1.400000  	0.481611  
-89.000000	-0.018011 	1.396968  	0.478107  
-88.000000	-0.036021 	1.393937  	0.474603  
-87.000000	-0.054032 	1.390905  	0.471099  
-86.000000	-0.072043 	1.387874  	0.467595  
-85.000000	-0.091058 	1.382490  	0.464091  
-84.000000	-0.110631 	1.375799  	0.460587  
-83.000000	-0.130204 	1.369108  	0.457083  
-82.000000	-0.149778 	1.362416  	0.453579  
-81.000000	-0.169698 	1.354718  	0.449918  
-80.000000	-0.190485 	1.344502  	0.445864  
-79.000000	-0.211272 	1.334285  	0.441810  
-78.000000	-0.232059 	1.324069  	0.437756  
-77.000000	-0.252845 	1.313852  	0.433702  
-76.000000	-0.274477 	1.300563  	0.429435  
-75.000000	-0.296174 	1.287037  	0.425151  
-74.000000	-0.317870 	1.273511  	0.420867  
-73.000000	-0.339567 	1.259985  	0.416582  
-72.000000	-0.361643 	1.244735  	0.412294  
-71.000000	-0.384005 	1.228193  	0.408003  
-70.000000	-0.406366 	1.211650  	0.403712  
-69.000000	-0.428728 	1.195107  	0.399421  
-68.000000	-0.451196 	1.177996  	0.395127  
-67.000000	-0.474055 	1.158799  	0.390826  
-66.000000	-0.496914 	1.139602  	0.386525  
-65.000000	-0.519773 	1.120405  	0.382223  
-64.000000	-0.542632 	1.101208  	0.377922  
-63.000000	-0.565858 	1.080100  	0.373670  
-62.000000	-0.589145 	1.058674  	0.369426  
-61.000000	-0.612432 	1.037248  	0.365181  
-60.000000	-0.635719 	1.015821  	0.360937  
-59.000000	-0.659248 	0.993518  	0.356914  
-58.000000	-0.683020 	0.970339  	0.353111  
-57.000000	-0.706792 	0.947160  	0.349309  
-56.000000	-0.730564 	0.923981  	0.345506  
-55.000000	-0.754437 	0.900625  	0.341704  
-54.000000	-0.778916 	0.876211  	0.337901  
-53.000000	-0.803395 	0.851797  	0.334099  
-52.000000	-0.827875 	0.827383  	0.330296  
-51.000000	-0.852354 	0.802969  	0.326493  
-50.000000	-0.877739 	0.778015  	0.322973  
-49.000000	-0.903371 	0.752914  	0.319531  
-48.000000	-0.929003 	0.727812  	0.316088  
-47.000000	-0.954636 	0.702711  	0.312645  
-46.000000	-0.981086 	0.677557  	0.309236  
-45.000000	-1.008629 	0.652332  	0.305872  
-44.000000	-1.036171 	0.627108  	0.302508  
-43.000000	-1.063714 	0.601883  	0.299145  
-42.000000	-1.091480 	0.576690  	0.295724  
-41.000000	-1.122151 	0.551911  	0.291557  
-40.000000	-1.152823 	0.527131  	0.287391  
-39.000000	-1.183494 	0.502352  	0.283225  
-38.000000	-1.214166 	0.477572  	0.279059  
-37.000000	-1.248460 	0.453510  	0.274374  
-36.000000	-1.284204 	0.429734  	0.269480  
-35.000000	-1.319948 	0.405959  	0.264587  
-34.000000	-1.355692 	0.382183  	0.259694  
-33.000000	-1.394378 	0.358958  	0.254040  
-32.000000	-1.438361 	0.336723  	0.247015  
-31.000000	-1.482344 	0.314489  	0.239991  
-30.000000	-1.526327 	0.292254  	0.232967  
-29.000000	-1.570310 	0.270020  	0.225943  
-28.000000	-1.523641 	0.257678  	0.211764  
-27.000000	-1.476972 	0.245337  	0.197585  
-26.000000	-1.430303 	0.232995  	0.183407  
-25.000000	-1.383634 	0.220654  	0.169228  
-24.000000	-1.336965 	0.208312  	0.155050  
-23.000000	-1.290296 	0.195971  	0.140871  
-22.000000	-1.243627 	0.183629  	0.126693  
-21.000000	-1.196958 	0.171287  	0.112514  
-20.000000	-1.150289 	0.158946  	0.099708  
-19.000000	-1.103621 	0.146604  	0.088502  
-18.000000	-1.056952 	0.134263  	0.078669  
-17.000000	-1.010283 	0.121921  	0.068835  
-16.000000	-0.963614 	0.109579  	0.059001  
-15.000000	-0.916945 	0.097238  	0.049168  
-14.000000	-0.870276 	0.084896  	0.039334  
-13.000000	-0.823607 	0.072555  	0.029501  
-12.000000	-0.776938 	0.060213  	-0.001938 
-11.000000	-0.730269 	0.047872  	-0.042019 
-10.000000	-0.683600 	0.035530  	-0.082100 
-9.000000 	-0.540100 	0.035820  	-0.092900 
-8.000000 	-0.397100 	0.036090  	-0.103400 
-7.000000 	-0.254100 	0.036370  	-0.113700 
-6.000000 	-0.111100 	0.036660  	-0.124000 
-5.000000 	0.030500  	0.036930  	-0.133700 
-4.000000 	0.172400  	0.037220  	-0.143400 
-3.000000 	0.313300  	0.037490  	-0.152800 
-2.000000 	0.453500  	0.037740  	-0.161900 
-1.000000 	0.593300  	0.038010  	-0.170800 
0.000000  	0.731900  	0.038290  	-0.179400 
1.000000  	0.869100  	0.038560  	-0.187500 
2.000000  	1.006300  	0.038840  	-0.195500 
3.000000  	1.142400  	0.039100  	-0.203200 
4.000000  	1.276900  	0.039400  	-0.210400 
5.000000  	1.410000  	0.039720  	-0.217300 
6.000000  	1.542100  	0.040020  	-0.223700 
7.000000  	1.671100  	0.040510  	-0.229500 
8.000000  	1.801000  	0.040830  	-0.235300 
9.000000  	1.926300  	0.041460  	-0.240100 
10.000000 	2.050200  	0.042080  	-0.244500 
11.000000 	2.170700  	0.042880  	-0.248100 
12.000000 	2.284700  	0.044090  	-0.250400 
13.000000 	2.386700  	0.046110  	-0.250200 
14.000000 	2.460300  	0.050000  	-0.244200 
15.000000 	2.427800  	0.062190  	-0.219700 
16.000000 	2.406100  	0.076300  	-0.205300 
17.000000 	2.378500  	0.092610  	-0.196200 
18.000000 	2.341800  	0.110890  	-0.191100 
19.000000 	2.310200  	0.128960  	-0.189900 
20.000000 	2.272200  	0.148120  	-0.191800 
21.000000 	2.250100  	0.165090  	-0.196200 
22.000000 	2.229800  	0.181880  	-0.202800 
23.000000 	2.223600  	0.196440  	-0.210200 
24.000000 	2.222300  	0.210150  	-0.218600 
25.000000 	2.226400  	0.222720  	-0.227500 
26.000000 	2.232100  	0.234780  	-0.237100 
27.000000 	2.237100  	0.246640  	-0.247500 
28.000000 	2.239600  	0.258610  	-0.259000 
29.000000 	2.243300  	0.270020  	-0.271000 
30.000000 	2.180467  	0.292254  	-0.277825 
31.000000 	2.117634  	0.314489  	-0.284650 
32.000000 	2.054801  	0.336723  	-0.291474 
33.000000 	1.991968  	0.358958  	-0.298299 
34.000000 	1.936702  	0.382183  	-0.304325 
35.000000 	1.885640  	0.405959  	-0.309907 
36.000000 	1.834577  	0.429734  	-0.315490 
37.000000 	1.783515  	0.453510  	-0.321072 
38.000000 	1.734523  	0.477572  	-0.326231 
39.000000 	1.690706  	0.502352  	-0.330334 
40.000000 	1.646890  	0.527131  	-0.334436 
41.000000 	1.603073  	0.551911  	-0.338539 
42.000000 	1.559257  	0.576690  	-0.342641 
43.000000 	1.519591  	0.601883  	-0.345227 
44.000000 	1.480245  	0.627108  	-0.347697 
45.000000 	1.440898  	0.652332  	-0.350167 
46.000000 	1.401552  	0.677557  	-0.352636 
47.000000 	1.363765  	0.702711  	-0.355101 
48.000000 	1.327148  	0.727812  	-0.357563 
49.000000 	1.290530  	0.752914  	-0.360025 
50.000000 	1.253913  	0.778015  	-0.362487 
51.000000 	1.217649  	0.802969  	-0.364941 
52.000000 	1.182678  	0.827383  	-0.367367 
53.000000 	1.147708  	0.851797  	-0.369793 
54.000000 	1.112737  	0.876211  	-0.372220 
55.000000 	1.077767  	0.900625  	-0.374646 
56.000000 	1.043662  	0.923981  	-0.377072 
57.000000 	1.009703  	0.947160  	-0.379498 
58.000000 	0.975743  	0.970339  	-0.381925 
59.000000 	0.941783  	0.993518  	-0.384351 
60.000000 	0.908169  	1.015821  	-0.387015 
61.000000 	0.874903  	1.037248  	-0.389918 
62.000000 	0.841636  	1.058674  	-0.392820 
63.000000 	0.808369  	1.080100  	-0.395722 
64.000000 	0.775189  	1.101208  	-0.398633 
65.000000 	0.742533  	1.120405  	-0.401597 
66.000000 	0.709877  	1.139602  	-0.404561 
67.000000 	0.677222  	1.158799  	-0.407525 
68.000000 	0.644566  	1.177996  	-0.410489 
69.000000 	0.612469  	1.195107  	-0.413630 
70.000000 	0.580523  	1.211650  	-0.416818 
71.000000 	0.548578  	1.228193  	-0.420007 
72.000000 	0.516633  	1.244735  	-0.423195 
73.000000 	0.485095  	1.259985  	-0.426451 
74.000000 	0.454100  	1.273511  	-0.429795 
75.000000 	0.423105  	1.287037  	-0.433139 
76.000000 	0.392110  	1.300563  	-0.436484 
77.000000 	0.361208  	1.313852  	-0.439824 
78.000000 	0.331512  	1.324069  	-0.443119 
79.000000 	0.301817  	1.334285  	-0.446413 
80.000000 	0.272121  	1.344502  	-0.449708 
81.000000 	0.242425  	1.354718  	-0.453002 
82.000000 	0.213968  	1.362416  	-0.456211 
83.000000 	0.186006  	1.369108  	-0.459386 
84.000000 	0.158045  	1.375799  	-0.462561 
85.000000 	0.130083  	1.382490  	-0.465736 
86.000000 	0.102918  	1.387874  	-0.468911 
87.000000 	0.077189  	1.390905  	-0.472086 
88.000000 	0.051459  	1.393937  	-0.475261 
89.000000 	0.025730  	1.396968  	-0.478436 
90.000000 	0.000000  	1.400000  	-0.481611 
91.000000 	-0.018011 	1.396968  	-0.482972 
92.000000 	-0.036021 	1.393937  	-0.484334 
93.000000 	-0.054032 	1.390905  	-0.485695 
94.000000 	-0.072043 	1.387874  	-0.487057 
95.000000 	-0.091058 	1.382490  	-0.488419 
96.000000 	-0.110631 	1.375799  	-0.489780 
97.000000 	-0.130204 	1.369108  	-0.491142 
98.000000 	-0.149778 	1.362416  	-0.492503 
99.000000 	-0.169698 	1.354718  	-0.493652 
100.000000	-0.190485 	1.344502  	-0.494269 
101.000000	-0.211272 	1.334285  	-0.494885 
102.000000	-0.232059 	1.324069  	-0.495502 
103.000000	-0.252845 	1.313852  	-0.496118 
104.000000	-0.274477 	1.300563  	-0.496445 
105.000000	-0.296174 	1.287037  	-0.496750 
106.000000	-0.317870 	1.273511  	-0.497055 
107.000000	-0.339567 	1.259985  	-0.497359 
108.000000	-0.361643 	1.244735  	-0.497663 
109.000000	-0.384005 	1.228193  	-0.497967 
110.000000	-0.406366 	1.211650  	-0.498271 
111.000000	-0.428728 	1.195107  	-0.498575 
112.000000	-0.451196 	1.177996  	-0.498878 
113.000000	-0.474055 	1.158799  	-0.499181 
114.000000	-0.496914 	1.139602  	-0.499483 
115.000000	-0.519773 	1.120405  	-0.499786 
116.000000	-0.542632 	1.101208  	-0.500088 
117.000000	-0.565858 	1.080100  	-0.500551 
118.000000	-0.589145 	1.058674  	-0.501041 
119.000000	-0.612432 	1.037248  	-0.501530 
120.000000	-0.635719 	1.015821  	-0.502020 
121.000000	-0.659248 	0.993518  	-0.503231 
122.000000	-0.683020 	0.970339  	-0.505164 
123.000000	-0.706792 	0.947160  	-0.507097 
124.000000	-0.730564 	0.923981  	-0.509030 
125.000000	-0.754437 	0.900625  	-0.510963 
126.000000	-0.778916 	0.876211  	-0.512896 
127.000000	-0.803395 	0.851797  	-0.514829 
128.000000	-0.827875 	0.827383  	-0.516762 
129.000000	-0.852354 	0.802969  	-0.518695 
130.000000	-0.877739 	0.778015  	-0.523538 
131.000000	-0.903371 	0.752914  	-0.529174 
132.000000	-0.929003 	0.727812  	-0.534811 
133.000000	-0.954636 	0.702711  	-0.540447 
134.000000	-0.981086 	0.677557  	-0.546433 
135.000000	-1.008629 	0.652332  	-0.552884 
136.000000	-1.036171 	0.627108  	-0.559336 
137.000000	-1.063714 	0.601883  	-0.565787 
138.000000	-1.091480 	0.576690  	-0.572641 
139.000000	-1.122151 	0.551911  	-0.584728 
140.000000	-1.152823 	0.527131  	-0.596815 
141.000000	-1.183494 	0.502352  	-0.608902 
142.000000	-1.214166 	0.477572  	-0.620989 
143.000000	-1.248460 	0.453510  	-0.636724 
144.000000	-1.284204 	0.429734  	-0.653918 
145.000000	-1.319948 	0.405959  	-0.671112 
146.000000	-1.355692 	0.382183  	-0.688306 
147.000000	-1.394378 	0.358958  	-0.703529 
148.000000	-1.438361 	0.336723  	-0.715203 
149.000000	-1.482344 	0.314489  	-0.726876 
150.000000	-1.526327 	0.292254  	-0.738550 
151.000000	-1.570310 	0.270020  	-0.750224 
152.000000	-1.516161 	0.249232  	-0.743365 
153.000000	-1.462013 	0.228444  	-0.736506 
154.000000	-1.407864 	0.208658  	-0.729647 
155.000000	-1.353716 	0.188949  	-0.722788 
156.000000	-1.299567 	0.170253  	-0.715929 
157.000000	-1.245418 	0.151725  	-0.709070 
158.000000	-1.191270 	0.134199  	-0.702211 
159.000000	-1.137121 	0.116946  	-0.695352 
160.000000	-1.082972 	0.100668  	-0.682882 
161.000000	-1.028824 	0.084779  	-0.668167 
162.000000	-0.974675 	0.069820  	-0.650794 
163.000000	-0.920527 	0.055377  	-0.631945 
164.000000	-0.866378 	0.041802  	-0.613096 
165.000000	-0.812229 	0.028878  	-0.594247 
166.000000	-0.758081 	0.017247  	-0.575397 
167.000000	-0.703932 	0.006908  	-0.556548 
168.000000	-0.649783 	0.001000  	-0.537699 
169.000000	-0.595635 	0.001000  	-0.518849 
170.000000	-0.541486 	0.001000  	-0.490793 
171.000000	-0.487338 	0.001000  	-0.446164 
172.000000	-0.433189 	0.001000  	-0.400000 
173.000000	-0.379040 	0.001000  	-0.350000 
174.000000	-0.324892 	0.001000  	-0.300000 
175.000000	-0.270743 	0.001000  	-0.250000 
176.000000	-0.216594 	0.001000  	-0.200000 
177.000000	-0.162446 	0.001000  	-0.150000 
178.000000	-0.108297 	0.001000  	-0.100000 
179.000000	-0.054149 	0.001000  	-0.050000 
180.000000	0.000000  	0.001000  	0.000000  
! ------------------------------------------------------------------------------
! data for table	11        
! ------------------------------------------------------------------------------
  1.200000  	Re           ! Reynolds number in millions
  0.000000  	UserProp     ! User property (control) setting
Flase           InclUAdata   ! Is unsteady aerodynamics data included in this table? If TRUE, then include UA coefficients below this line. Any missing coefficients will be calculated internally.
! Table of aerodynamics coefficients
  361       	NumAlf       ! Number of data lines in the following table
!Alpha      Cl          Cd          Cm/Cp
!(deg)      (-)         (-)         (-)
-180.000000	0.000000  	0.001000  	0.000000  
-179.000000	0.054320  	0.001000  	0.040000  
-178.000000	0.108640  	0.001000  	0.080000  
-177.000000	0.162960  	0.001000  	0.120000  
-176.000000	0.217280  	0.001000  	0.160000  
-175.000000	0.271600  	0.001000  	0.200000  
-174.000000	0.325920  	0.001000  	0.240000  
-173.000000	0.380240  	0.001000  	0.280000  
-172.000000	0.434560  	0.001000  	0.320000  
-171.000000	0.488880  	0.001000  	0.358668  
-170.000000	0.543200  	0.001000  	0.396804  
-169.000000	0.597520  	0.001000  	0.429188  
-168.000000	0.651840  	0.001000  	0.458376  
-167.000000	0.706160  	0.006590  	0.487564  
-166.000000	0.760480  	0.016374  	0.516753  
-165.000000	0.814800  	0.027730  	0.545941  
-164.000000	0.869120  	0.040659  	0.575129  
-163.000000	0.923440  	0.054240  	0.604317  
-162.000000	0.977760  	0.068689  	0.633505  
-161.000000	1.032080  	0.083655  	0.659942  
-160.000000	1.086400  	0.099551  	0.681425  
-159.000000	1.140720  	0.115836  	0.698727  
-158.000000	1.195040  	0.133096  	0.705571  
-157.000000	1.249360  	0.150630  	0.712416  
-156.000000	1.303680  	0.169167  	0.719261  
-155.000000	1.358000  	0.187872  	0.726106  
-154.000000	1.412320  	0.207589  	0.732951  
-153.000000	1.466640  	0.227384  	0.739796  
-152.000000	1.520960  	0.248182  	0.746640  
-151.000000	1.575280  	0.268980  	0.753485  
-150.000000	1.531074  	0.291225  	0.741696  
-149.000000	1.486867  	0.313470  	0.729906  
-148.000000	1.442661  	0.335716  	0.718117  
-147.000000	1.398454  	0.357961  	0.706327  
-146.000000	1.359574  	0.381198  	0.690970  
-145.000000	1.323652  	0.404985  	0.673629  
-144.000000	1.287731  	0.428773  	0.656289  
-143.000000	1.251810  	0.452560  	0.638949  
-142.000000	1.217347  	0.476635  	0.623079  
-141.000000	1.186530  	0.501428  	0.610883  
-140.000000	1.155714  	0.526221  	0.598688  
-139.000000	1.124897  	0.551014  	0.586493  
-138.000000	1.094080  	0.575807  	0.574297  
-137.000000	1.066192  	0.601014  	0.567373  
-136.000000	1.038529  	0.626253  	0.560855  
-135.000000	1.010866  	0.651492  	0.554336  
-134.000000	0.983203  	0.676731  	0.547818  
-133.000000	0.956643  	0.701900  	0.541769  
-132.000000	0.930910  	0.727017  	0.536071  
-131.000000	0.905177  	0.752134  	0.530374  
-130.000000	0.879444  	0.777251  	0.524676  
-129.000000	0.853961  	0.802221  	0.519779  
-128.000000	0.829396  	0.826652  	0.517813  
-127.000000	0.804832  	0.851082  	0.515847  
-126.000000	0.780267  	0.875513  	0.513882  
-125.000000	0.755703  	0.899943  	0.511916  
-124.000000	0.731756  	0.923316  	0.509950  
-123.000000	0.707913  	0.946513  	0.507985  
-122.000000	0.684069  	0.969710  	0.506019  
-121.000000	0.660226  	0.992906  	0.504053  
-120.000000	0.636630  	1.015227  	0.502816  
-119.000000	0.613284  	1.036672  	0.502309  
-118.000000	0.589937  	1.058116  	0.501801  
-117.000000	0.566590  	1.079561  	0.501293  
-116.000000	0.543306  	1.100687  	0.500812  
-115.000000	0.520398  	1.119903  	0.500494  
-114.000000	0.497490  	1.139119  	0.500175  
-113.000000	0.474582  	1.158335  	0.499856  
-112.000000	0.451674  	1.177550  	0.499537  
-111.000000	0.429164  	1.194681  	0.499221  
-110.000000	0.406764  	1.211244  	0.498905  
-109.000000	0.384363  	1.227806  	0.498589  
-108.000000	0.361962  	1.244368  	0.498274  
-107.000000	0.339850  	1.259638  	0.497959  
-106.000000	0.318123  	1.273184  	0.497645  
-105.000000	0.296397  	1.286730  	0.497332  
-104.000000	0.274670  	1.300275  	0.497018  
-103.000000	0.253009  	1.313585  	0.496682  
-102.000000	0.232201  	1.323822  	0.496057  
-101.000000	0.211393  	1.334059  	0.495432  
-100.000000	0.190585  	1.344295  	0.494808  
-99.000000	0.169777  	1.354532  	0.494183  
-98.000000	0.149842  	1.362251  	0.493027  
-97.000000	0.130256  	1.368963  	0.491659  
-96.000000	0.110670  	1.375674  	0.490290  
-95.000000	0.091084  	1.382386  	0.488922  
-94.000000	0.072059  	1.387791  	0.487554  
-93.000000	0.054045  	1.390843  	0.486185  
-92.000000	0.036030  	1.393895  	0.484817  
-91.000000	0.018015  	1.396948  	0.483449  
-90.000000	0.000000  	1.400000  	0.482081  
-89.000000	-0.018015 	1.396948  	0.478561  
-88.000000	-0.036030 	1.393895  	0.475041  
-87.000000	-0.054045 	1.390843  	0.471521  
-86.000000	-0.072059 	1.387791  	0.468001  
-85.000000	-0.091084 	1.382386  	0.464481  
-84.000000	-0.110670 	1.375674  	0.460961  
-83.000000	-0.130256 	1.368963  	0.457441  
-82.000000	-0.149842 	1.362251  	0.453921  
-81.000000	-0.169777 	1.354532  	0.450245  
-80.000000	-0.190585 	1.344295  	0.446178  
-79.000000	-0.211393 	1.334059  	0.442111  
-78.000000	-0.232201 	1.323822  	0.438044  
-77.000000	-0.253009 	1.313585  	0.433977  
-76.000000	-0.274670 	1.300275  	0.429697  
-75.000000	-0.296397 	1.286730  	0.425401  
-74.000000	-0.318123 	1.273184  	0.421105  
-73.000000	-0.339850 	1.259638  	0.416809  
-72.000000	-0.361962 	1.244368  	0.412510  
-71.000000	-0.384363 	1.227806  	0.408209  
-70.000000	-0.406764 	1.211244  	0.403907  
-69.000000	-0.429164 	1.194681  	0.399606  
-68.000000	-0.451674 	1.177550  	0.395304  
-67.000000	-0.474582 	1.158335  	0.390995  
-66.000000	-0.497490 	1.139119  	0.386687  
-65.000000	-0.520398 	1.119903  	0.382379  
-64.000000	-0.543306 	1.100687  	0.378070  
-63.000000	-0.566590 	1.079561  	0.373812  
-62.000000	-0.589937 	1.058116  	0.369561  
-61.000000	-0.613284 	1.036672  	0.365310  
-60.000000	-0.636630 	1.015227  	0.361059  
-59.000000	-0.660226 	0.992906  	0.357030  
-58.000000	-0.684069 	0.969710  	0.353224  
-57.000000	-0.707913 	0.946513  	0.349417  
-56.000000	-0.731756 	0.923316  	0.345610  
-55.000000	-0.755703 	0.899943  	0.341803  
-54.000000	-0.780267 	0.875513  	0.337996  
-53.000000	-0.804832 	0.851082  	0.334189  
-52.000000	-0.829396 	0.826652  	0.330383  
-51.000000	-0.853961 	0.802221  	0.326576  
-50.000000	-0.879444 	0.777251  	0.323047  
-49.000000	-0.905177 	0.752134  	0.319594  
-48.000000	-0.930910 	0.727017  	0.316142  
-47.000000	-0.956643 	0.701900  	0.312689  
-46.000000	-0.983203 	0.676731  	0.309270  
-45.000000	-1.010866 	0.651492  	0.305895  
-44.000000	-1.038529 	0.626253  	0.302520  
-43.000000	-1.066192 	0.601014  	0.299145  
-42.000000	-1.094080 	0.575807  	0.295712  
-41.000000	-1.124897 	0.551014  	0.291515  
-40.000000	-1.155714 	0.526221  	0.287319  
-39.000000	-1.186530 	0.501428  	0.283123  
-38.000000	-1.217347 	0.476635  	0.278926  
-37.000000	-1.251810 	0.452560  	0.274198  
-36.000000	-1.287731 	0.428773  	0.269257  
-35.000000	-1.323652 	0.404985  	0.264316  
-34.000000	-1.359574 	0.381198  	0.259375  
-33.000000	-1.398454 	0.357961  	0.253672  
-32.000000	-1.442661 	0.335716  	0.246597  
-31.000000	-1.486867 	0.313470  	0.239523  
-30.000000	-1.531074 	0.291225  	0.232448  
-29.000000	-1.575280 	0.268980  	0.225373  
-28.000000	-1.528286 	0.256692  	0.211135  
-27.000000	-1.481293 	0.244403  	0.196897  
-26.000000	-1.434299 	0.232115  	0.182658  
-25.000000	-1.387305 	0.219826  	0.168420  
-24.000000	-1.340312 	0.207538  	0.154182  
-23.000000	-1.293318 	0.195249  	0.139943  
-22.000000	-1.246324 	0.182961  	0.125705  
-21.000000	-1.199331 	0.170673  	0.111467  
-20.000000	-1.152337 	0.158384  	0.098654  
-19.000000	-1.105343 	0.146096  	0.087506  
-18.000000	-1.058349 	0.133807  	0.077783  
-17.000000	-1.011356 	0.121519  	0.068060  
-16.000000	-0.964362 	0.109231  	0.058337  
-15.000000	-0.917368 	0.096942  	0.048614  
-14.000000	-0.870375 	0.084654  	0.038891  
-13.000000	-0.823381 	0.072365  	0.029169  
-12.000000	-0.776387 	0.060077  	-0.002265 
-11.000000	-0.729394 	0.047788  	-0.042382 
-10.000000	-0.682400 	0.035500  	-0.082500 
-9.000000 	-0.538100 	0.035760  	-0.093600 
-8.000000 	-0.395100 	0.036060  	-0.104100 
-7.000000 	-0.252800 	0.036340  	-0.114100 
-6.000000 	-0.109200 	0.036640  	-0.124600 
-5.000000 	0.032400  	0.036930  	-0.134300 
-4.000000 	0.173600  	0.037190  	-0.143800 
-3.000000 	0.315200  	0.037460  	-0.153300 
-2.000000 	0.454800  	0.037690  	-0.162200 
-1.000000 	0.595000  	0.037970  	-0.171300 
0.000000  	0.733100  	0.038250  	-0.179700 
1.000000  	0.871000  	0.038510  	-0.188000 
2.000000  	1.008000  	0.038780  	-0.196000 
3.000000  	1.144000  	0.039020  	-0.203700 
4.000000  	1.279000  	0.039260  	-0.211000 
5.000000  	1.411600  	0.039610  	-0.217700 
6.000000  	1.544500  	0.039820  	-0.224300 
7.000000  	1.674400  	0.040250  	-0.230200 
8.000000  	1.804000  	0.040580  	-0.236000 
9.000000  	1.930400  	0.041080  	-0.241000 
10.000000 	2.053300  	0.041820  	-0.245200 
11.000000 	2.174900  	0.042520  	-0.249100 
12.000000 	2.289300  	0.043690  	-0.251400 
13.000000 	2.393400  	0.045570  	-0.251600 
14.000000 	2.472800  	0.049060  	-0.246800 
15.000000 	2.437800  	0.061290  	-0.221400 
16.000000 	2.422100  	0.074650  	-0.207100 
17.000000 	2.387800  	0.091580  	-0.197000 
18.000000 	2.357300  	0.109080  	-0.191900 
19.000000 	2.317100  	0.128170  	-0.190100 
20.000000 	2.287500  	0.146190  	-0.191800 
21.000000 	2.257000  	0.164270  	-0.196200 
22.000000 	2.241500  	0.180300  	-0.202300 
23.000000 	2.235900  	0.194770  	-0.209500 
24.000000 	2.232800  	0.208710  	-0.217900 
25.000000 	2.234200  	0.221680  	-0.226900 
26.000000 	2.239200  	0.233840  	-0.236500 
27.000000 	2.245200  	0.245490  	-0.246600 
28.000000 	2.247300  	0.257510  	-0.258000 
29.000000 	2.250400  	0.268980  	-0.270000 
30.000000 	2.187248  	0.291225  	-0.276913 
31.000000 	2.124096  	0.313470  	-0.283826 
32.000000 	2.060944  	0.335716  	-0.290739 
33.000000 	1.997792  	0.357961  	-0.297652 
34.000000 	1.942248  	0.381198  	-0.303756 
35.000000 	1.890932  	0.404985  	-0.309412 
36.000000 	1.839616  	0.428773  	-0.315067 
37.000000 	1.788299  	0.452560  	-0.320722 
38.000000 	1.739067  	0.476635  	-0.325947 
39.000000 	1.695043  	0.501428  	-0.330096 
40.000000 	1.651019  	0.526221  	-0.334246 
41.000000 	1.606996  	0.551014  	-0.338396 
42.000000 	1.562972  	0.575807  	-0.342545 
43.000000 	1.523132  	0.601014  	-0.345152 
44.000000 	1.483613  	0.626253  	-0.347641 
45.000000 	1.444095  	0.651492  	-0.350129 
46.000000 	1.404576  	0.676731  	-0.352617 
47.000000 	1.366633  	0.701900  	-0.355100 
48.000000 	1.329871  	0.727017  	-0.357578 
49.000000 	1.293110  	0.752134  	-0.360056 
50.000000 	1.256348  	0.777251  	-0.362535 
51.000000 	1.219944  	0.802221  	-0.365003 
52.000000 	1.184852  	0.826652  	-0.367436 
53.000000 	1.149760  	0.851082  	-0.369868 
54.000000 	1.114667  	0.875513  	-0.372301 
55.000000 	1.079575  	0.899943  	-0.374734 
56.000000 	1.045366  	0.923316  	-0.377166 
57.000000 	1.011304  	0.946513  	-0.379599 
58.000000 	0.977242  	0.969710  	-0.382032 
59.000000 	0.943179  	0.992906  	-0.384464 
60.000000 	0.909472  	1.015227  	-0.387135 
61.000000 	0.876120  	1.036672  	-0.390045 
62.000000 	0.842767  	1.058116  	-0.392954 
63.000000 	0.809415  	1.079561  	-0.395864 
64.000000 	0.776152  	1.100687  	-0.398782 
65.000000 	0.743426  	1.119903  	-0.401753 
66.000000 	0.710700  	1.139119  	-0.404724 
67.000000 	0.677974  	1.158335  	-0.407696 
68.000000 	0.645249  	1.177550  	-0.410667 
69.000000 	0.613092  	1.194681  	-0.413817 
70.000000 	0.581091  	1.211244  	-0.417015 
71.000000 	0.549090  	1.227806  	-0.420214 
72.000000 	0.517088  	1.244368  	-0.423412 
73.000000 	0.485500  	1.259638  	-0.426678 
74.000000 	0.454462  	1.273184  	-0.430034 
75.000000 	0.423424  	1.286730  	-0.433390 
76.000000 	0.392386  	1.300275  	-0.436747 
77.000000 	0.361442  	1.313585  	-0.440099 
78.000000 	0.331716  	1.323822  	-0.443407 
79.000000 	0.301990  	1.334059  	-0.446714 
80.000000 	0.272264  	1.344295  	-0.450022 
81.000000 	0.242539  	1.354532  	-0.453329 
82.000000 	0.214060  	1.362251  	-0.456553 
83.000000 	0.186080  	1.368963  	-0.459744 
84.000000 	0.158100  	1.375674  	-0.462935 
85.000000 	0.130120  	1.382386  	-0.466126 
86.000000 	0.102942  	1.387791  	-0.469317 
87.000000 	0.077207  	1.390843  	-0.472508 
88.000000 	0.051471  	1.393895  	-0.475699 
89.000000 	0.025736  	1.396948  	-0.478890 
90.000000 	0.000000  	1.400000  	-0.482081 
91.000000 	-0.018015 	1.396948  	-0.483449 
92.000000 	-0.036030 	1.393895  	-0.484817 
93.000000 	-0.054045 	1.390843  	-0.486185 
94.000000 	-0.072059 	1.387791  	-0.487554 
95.000000 	-0.091084 	1.382386  	-0.488922 
96.000000 	-0.110670 	1.375674  	-0.490290 
97.000000 	-0.130256 	1.368963  	-0.491659 
98.000000 	-0.149842 	1.362251  	-0.493027 
99.000000 	-0.169777 	1.354532  	-0.494183 
100.000000	-0.190585 	1.344295  	-0.494808 
101.000000	-0.211393 	1.334059  	-0.495432 
102.000000	-0.232201 	1.323822  	-0.496057 
103.000000	-0.253009 	1.313585  	-0.496682 
104.000000	-0.274670 	1.300275  	-0.497018 
105.000000	-0.296397 	1.286730  	-0.497332 
106.000000	-0.318123 	1.273184  	-0.497645 
107.000000	-0.339850 	1.259638  	-0.497959 
108.000000	-0.361962 	1.244368  	-0.498274 
109.000000	-0.384363 	1.227806  	-0.498589 
110.000000	-0.406764 	1.211244  	-0.498905 
111.000000	-0.429164 	1.194681  	-0.499221 
112.000000	-0.451674 	1.177550  	-0.499537 
113.000000	-0.474582 	1.158335  	-0.499856 
114.000000	-0.497490 	1.139119  	-0.500175 
115.000000	-0.520398 	1.119903  	-0.500494 
116.000000	-0.543306 	1.100687  	-0.500812 
117.000000	-0.566590 	1.079561  	-0.501293 
118.000000	-0.589937 	1.058116  	-0.501801 
119.000000	-0.613284 	1.036672  	-0.502309 
120.000000	-0.636630 	1.015227  	-0.502816 
121.000000	-0.660226 	0.992906  	-0.504053 
122.000000	-0.684069 	0.969710  	-0.506019 
123.000000	-0.707913 	0.946513  	-0.507985 
124.000000	-0.731756 	0.923316  	-0.509950 
125.000000	-0.755703 	0.899943  	-0.511916 
126.000000	-0.780267 	0.875513  	-0.513882 
127.000000	-0.804832 	0.851082  	-0.515847 
128.000000	-0.829396 	0.826652  	-0.517813 
129.000000	-0.853961 	0.802221  	-0.519779 
130.000000	-0.879444 	0.777251  	-0.524676 
131.000000	-0.905177 	0.752134  	-0.530374 
132.000000	-0.930910 	0.727017  	-0.536071 
133.000000	-0.956643 	0.701900  	-0.541769 
134.000000	-0.983203 	0.676731  	-0.547818 
135.000000	-1.010866 	0.651492  	-0.554336 
136.000000	-1.038529 	0.626253  	-0.560855 
137.000000	-1.066192 	0.601014  	-0.567373 
138.000000	-1.094080 	0.575807  	-0.574297 
139.000000	-1.124897 	0.551014  	-0.586493 
140.000000	-1.155714 	0.526221  	-0.598688 
141.000000	-1.186530 	0.501428  	-0.610883 
142.000000	-1.217347 	0.476635  	-0.623079 
143.000000	-1.251810 	0.452560  	-0.638949 
144.000000	-1.287731 	0.428773  	-0.656289 
145.000000	-1.323652 	0.404985  	-0.673629 
146.000000	-1.359574 	0.381198  	-0.690970 
147.000000	-1.398454 	0.357961  	-0.706327 
148.000000	-1.442661 	0.335716  	-0.718117 
149.000000	-1.486867 	0.313470  	-0.729906 
150.000000	-1.531074 	0.291225  	-0.741696 
151.000000	-1.575280 	0.268980  	-0.753485 
152.000000	-1.520960 	0.248182  	-0.746640 
153.000000	-1.466640 	0.227384  	-0.739796 
154.000000	-1.412320 	0.207589  	-0.732951 
155.000000	-1.358000 	0.187872  	-0.726106 
156.000000	-1.303680 	0.169167  	-0.719261 
157.000000	-1.249360 	0.150630  	-0.712416 
158.000000	-1.195040 	0.133096  	-0.705571 
159.000000	-1.140720 	0.115836  	-0.698727 
160.000000	-1.086400 	0.099551  	-0.686105 
161.000000	-1.032080 	0.083655  	-0.671173 
162.000000	-0.977760 	0.068689  	-0.653505 
163.000000	-0.923440 	0.054240  	-0.634317 
164.000000	-0.869120 	0.040659  	-0.615129 
165.000000	-0.814800 	0.027730  	-0.595941 
166.000000	-0.760480 	0.016374  	-0.576753 
167.000000	-0.706160 	0.006590  	-0.557564 
168.000000	-0.651840 	0.001000  	-0.538376 
169.000000	-0.597520 	0.001000  	-0.519188 
170.000000	-0.543200 	0.001000  	-0.490893 
171.000000	-0.488880 	0.001000  	-0.446205 
172.000000	-0.434560 	0.001000  	-0.400000 
173.000000	-0.380240 	0.001000  	-0.350000 
174.000000	-0.325920 	0.001000  	-0.300000 
175.000000	-0.271600 	0.001000  	-0.250000 
176.000000	-0.217280 	0.001000  	-0.200000 
177.000000	-0.162960 	0.001000  	-0.150000 
178.000000	-0.108640 	0.001000  	-0.100000 
179.000000	-0.054320 	0.001000  	-0.050000 
180.000000	0.000000  	0.001000  	0.000000  
