! AeroDyn v15 airfoil data file
! Generated from airfoilprep.py modified by D. Kim (Mar 14th, 2022) 
! start all comment lines with ! 
! ------------------------------------------------------------------------------
"DEFAULT"       InterpOrd    ! Interpolation order to use for quasi-steady table lookup {1=linear; 3=cubic spline; "default"} [default=1]
! ------------------------------------------------------------------------------
! 0.20          RelThickness ! The non-dimensional thickness of the airfoil (thickness/chord) [only used if UAMod=7] [default=0.2] (-)
  1             NonDimArea   ! The non-dimensional area of the airfoil (area/chord^2) (set to 1.0 if unsure or unneeded)
  103           NumCoords    ! The number of coordinates in the airfoil shape file (including an extra coordinate for airfoil reference).
! ......... x-y coordinates are next if NumCoords > 0 .............
! x-y coordinate of airfoil reference
!  x/c        y/c
  0.25       0
! Airfoil: 
!  x/c        y/c
1.0012826 -0.0963993
0.9802448 -0.0919972
0.9592239 -0.0874991
0.9381279 -0.0833915
0.9168926 -0.0800711
0.8955104 -0.0779239
0.8740326 -0.0771857
0.8525483 -0.0777089
0.8311090 -0.0791965
0.8097375 -0.0815075
0.7884600 -0.0845501
0.7672862 -0.0882377
0.7462151 -0.0924856
0.7252446 -0.0972017
0.7043668 -0.1022969
0.6835622 -0.1076859
0.6628106 -0.1132870
0.6420929 -0.1190224
0.6213903 -0.1248150
0.6006860 -0.1305951
0.5799592 -0.1362962
0.5591924 -0.1418552
0.5383747 -0.1472139
0.5174965 -0.1523193
0.4965484 -0.1571183
0.4755235 -0.1615693
0.4544164 -0.1656301
0.4332311 -0.1692615
0.4119718 -0.1724262
0.3906437 -0.1750938
0.3692555 -0.1772299
0.3478186 -0.1787802
0.3263428 -0.1796541
0.3048476 -0.1796972
0.2833771 -0.1787688
0.2619811 -0.1767589
0.2407161 -0.1736450
0.2196414 -0.1694291
0.1988116 -0.1641343
0.1782776 -0.1577893
0.1580866 -0.1504245
0.1382890 -0.1420593
0.1189408 -0.1326963
0.1001185 -0.1223213
0.0819182 -0.1108978
0.0644677 -0.0983541
0.0479615 -0.0845950
0.0326855 -0.0694843
0.0190874 -0.0528478
0.0079030 -0.0345256
0.0004104 -0.0144277
-0.0007380 0.0068994
0.0053969 0.0274319
0.0158804 0.0461552
0.0291026 0.0630907
0.0442140 0.0783637
0.0607038 0.0921403
0.0782347 0.1045702
0.0965691 0.1157720
0.1155524 0.1258499
0.1350575 0.1348859
0.1549819 0.1429403
0.1752584 0.1500672
0.1958279 0.1563051
0.2166377 0.1616788
0.2376482 0.1662060
0.2588223 0.1698990
0.2801217 0.1727679
0.3015147 0.1748293
0.3229704 0.1761361
0.3444543 0.1767963
0.3659482 0.1769346
0.3874400 0.1766356
0.4089222 0.1759177
0.4303865 0.1747887
0.4518267 0.1732660
0.4732371 0.1713702
0.4946119 0.1691265
0.5159511 0.1665682
0.5372565 0.1637298
0.5585300 0.1606481
0.5797735 0.1573587
0.6009884 0.1538944
0.6221766 0.1502808
0.6433427 0.1465404
0.6644890 0.1426886
0.6856179 0.1387412
0.7067309 0.1347084
0.7278299 0.1306026
0.7489160 0.1264328
0.7699915 0.1222099
0.7910580 0.1179426
0.8121178 0.1136418
0.8331719 0.1093133
0.8542227 0.1049684
0.8752715 0.1006143
0.8963200 0.0962589
0.9173684 0.0919027
0.9384141 0.0875331
0.9594456 0.0830924
0.9804243 0.0784192
1.0012820 0.0732294
! ------------------------------------------------------------------------------
"unused"        BL_file      ! The file name including the boundary layer characteristics of the profile. Unused if the aeroacoustic module is not called.
  11        	NumTabs      ! Number of airfoil tables in this file.
! ------------------------------------------------------------------------------
! data for table	1         
! ------------------------------------------------------------------------------
  0.200000  	Re           ! Reynolds number in millions
  0.000000  	UserProp     ! User property (control) setting
Flase           InclUAdata   ! Is unsteady aerodynamics data included in this table? If TRUE, then include UA coefficients below this line. Any missing coefficients will be calculated internally.
! Table of aerodynamics coefficients
  361       	NumAlf       ! Number of data lines in the following table
!Alpha      Cl          Cd          Cm/Cp
!(deg)      (-)         (-)         (-)
-180.000000	0.000000  	0.001000  	-7.008400 
-179.000000	0.053412  	0.001000  	-7.008400 
-178.000000	0.106825  	0.001000  	-7.008400 
-177.000000	0.160237  	0.001000  	-7.008400 
-176.000000	0.213650  	0.001000  	-7.008400 
-175.000000	0.267062  	0.001000  	-7.008400 
-174.000000	0.320474  	0.001000  	-7.008400 
-173.000000	0.373887  	0.001000  	-7.008400 
-172.000000	0.427299  	0.001000  	-7.008400 
-171.000000	0.480712  	0.001000  	-7.008400 
-170.000000	0.534124  	0.001000  	-7.008400 
-169.000000	0.587537  	0.001000  	-7.008400 
-168.000000	0.640949  	0.001000  	-7.008400 
-167.000000	0.694361  	0.004853  	-7.008400 
-166.000000	0.747774  	0.011596  	-7.008400 
-165.000000	0.801186  	0.021447  	-7.008400 
-164.000000	0.854599  	0.034406  	-7.008400 
-163.000000	0.908011  	0.048019  	-7.008400 
-162.000000	0.961423  	0.062503  	-7.008400 
-161.000000	1.014836  	0.077505  	-7.008400 
-160.000000	1.068248  	0.093438  	-7.008400 
-159.000000	1.121661  	0.109763  	-7.008400 
-158.000000	1.175073  	0.127065  	-7.008400 
-157.000000	1.228486  	0.144642  	-7.008400 
-156.000000	1.281898  	0.163224  	-7.008400 
-155.000000	1.335310  	0.181976  	-7.008400 
-154.000000	1.388723  	0.201743  	-7.008400 
-153.000000	1.442135  	0.221588  	-7.008400 
-152.000000	1.495548  	0.242439  	-7.008400 
-151.000000	1.548960  	0.263290  	-7.008400 
-150.000000	1.505937  	0.285594  	-7.008400 
-149.000000	1.462913  	0.307898  	-7.008400 
-148.000000	1.419890  	0.330202  	-7.008400 
-147.000000	1.376867  	0.352506  	-7.008400 
-146.000000	1.339014  	0.375806  	-7.008400 
-145.000000	1.304034  	0.399660  	-7.008400 
-144.000000	1.269053  	0.423513  	-7.008400 
-143.000000	1.234073  	0.447367  	-7.008400 
-142.000000	1.200502  	0.471510  	-7.008400 
-141.000000	1.170453  	0.496375  	-7.008400 
-140.000000	1.140405  	0.521241  	-7.008400 
-139.000000	1.110356  	0.546107  	-7.008400 
-138.000000	1.080308  	0.570972  	-7.008400 
-137.000000	1.053067  	0.596258  	-7.008400 
-136.000000	1.026042  	0.621577  	-7.008400 
-135.000000	0.999017  	0.646895  	-7.008400 
-134.000000	0.971992  	0.672213  	-7.008400 
-133.000000	0.946011  	0.697465  	-7.008400 
-132.000000	0.920813  	0.722667  	-7.008400 
-131.000000	0.895615  	0.747869  	-7.008400 
-130.000000	0.870417  	0.773071  	-7.008400 
-129.000000	0.845452  	0.798128  	-7.008400 
-128.000000	0.821338  	0.822649  	-7.008400 
-127.000000	0.797225  	0.847170  	-7.008400 
-126.000000	0.773112  	0.871691  	-7.008400 
-125.000000	0.748998  	0.896212  	-7.008400 
-124.000000	0.725441  	0.919680  	-7.008400 
-123.000000	0.701977  	0.942972  	-7.008400 
-122.000000	0.678513  	0.966264  	-7.008400 
-121.000000	0.655049  	0.989557  	-7.008400 
-120.000000	0.631802  	1.011975  	-7.008400 
-119.000000	0.608772  	1.033520  	-7.008400 
-118.000000	0.585742  	1.055064  	-7.008400 
-117.000000	0.562712  	1.076609  	-7.008400 
-116.000000	0.539736  	1.097835  	-7.008400 
-115.000000	0.517088  	1.117155  	-7.008400 
-114.000000	0.494440  	1.136475  	-7.008400 
-113.000000	0.471792  	1.155794  	-7.008400 
-112.000000	0.449144  	1.175114  	-7.008400 
-111.000000	0.426853  	1.192351  	-7.008400 
-110.000000	0.404660  	1.209020  	-7.008400 
-109.000000	0.382468  	1.225689  	-7.008400 
-108.000000	0.360275  	1.242358  	-7.008400 
-107.000000	0.338350  	1.257736  	-7.008400 
-106.000000	0.316782  	1.271392  	-7.008400 
-105.000000	0.295214  	1.285047  	-7.008400 
-104.000000	0.273647  	1.298702  	-7.008400 
-103.000000	0.252141  	1.312122  	-7.008400 
-102.000000	0.231445  	1.322470  	-7.008400 
-101.000000	0.210750  	1.332818  	-7.008400 
-100.000000	0.190054  	1.343166  	-7.008400 
-99.000000	0.169358  	1.353515  	-7.008400 
-98.000000	0.149502  	1.361346  	-7.008400 
-97.000000	0.129983  	1.368170  	-7.008400 
-96.000000	0.110464  	1.374995  	-7.008400 
-95.000000	0.090945  	1.381819  	-7.008400 
-94.000000	0.071971  	1.387337  	-7.008400 
-93.000000	0.053978  	1.390503  	-7.008400 
-92.000000	0.035985  	1.393669  	-7.008400 
-91.000000	0.017993  	1.396834  	-7.008400 
-90.000000	0.000000  	1.400000  	-7.008400 
-89.000000	-0.017993 	1.396834  	-7.008400 
-88.000000	-0.035985 	1.393669  	-7.008400 
-87.000000	-0.053978 	1.390503  	-7.008400 
-86.000000	-0.071971 	1.387337  	-7.008400 
-85.000000	-0.090945 	1.381819  	-7.008400 
-84.000000	-0.110464 	1.374995  	-7.008400 
-83.000000	-0.129983 	1.368170  	-7.008400 
-82.000000	-0.149502 	1.361346  	-7.008400 
-81.000000	-0.169358 	1.353515  	-7.008400 
-80.000000	-0.190054 	1.343166  	-7.008400 
-79.000000	-0.210750 	1.332818  	-7.008400 
-78.000000	-0.231445 	1.322470  	-7.008400 
-77.000000	-0.252141 	1.312122  	-7.008400 
-76.000000	-0.273647 	1.298702  	-7.008400 
-75.000000	-0.295214 	1.285047  	-7.008400 
-74.000000	-0.316782 	1.271392  	-7.008400 
-73.000000	-0.338350 	1.257736  	-7.008400 
-72.000000	-0.360275 	1.242358  	-7.008400 
-71.000000	-0.382468 	1.225689  	-7.008400 
-70.000000	-0.404660 	1.209020  	-7.008400 
-69.000000	-0.426853 	1.192351  	-7.008400 
-68.000000	-0.449144 	1.175114  	-7.008400 
-67.000000	-0.471792 	1.155794  	-7.008400 
-66.000000	-0.494440 	1.136475  	-7.008400 
-65.000000	-0.517088 	1.117155  	-7.008400 
-64.000000	-0.539736 	1.097835  	-7.008400 
-63.000000	-0.562712 	1.076609  	-7.008400 
-62.000000	-0.585742 	1.055064  	-7.008400 
-61.000000	-0.608772 	1.033520  	-7.008400 
-60.000000	-0.631802 	1.011975  	-7.008400 
-59.000000	-0.655049 	0.989557  	-7.008400 
-58.000000	-0.678513 	0.966264  	-7.008400 
-57.000000	-0.701977 	0.942972  	-7.008400 
-56.000000	-0.725441 	0.919680  	-7.008400 
-55.000000	-0.748998 	0.896212  	-7.008400 
-54.000000	-0.773112 	0.871691  	-7.008400 
-53.000000	-0.797225 	0.847170  	-7.008400 
-52.000000	-0.821338 	0.822649  	-7.008400 
-51.000000	-0.845452 	0.798128  	-7.008400 
-50.000000	-0.870417 	0.773071  	-7.008400 
-49.000000	-0.895615 	0.747869  	-7.008400 
-48.000000	-0.920813 	0.722667  	-7.008400 
-47.000000	-0.946011 	0.697465  	-7.008400 
-46.000000	-0.971992 	0.672213  	-7.008400 
-45.000000	-0.999017 	0.646895  	-7.008400 
-44.000000	-1.026042 	0.621577  	-7.008400 
-43.000000	-1.053067 	0.596258  	-7.008400 
-42.000000	-1.080308 	0.570972  	-7.008400 
-41.000000	-1.110356 	0.546107  	-7.008400 
-40.000000	-1.140405 	0.521241  	-7.008400 
-39.000000	-1.170453 	0.496375  	-7.008400 
-38.000000	-1.200502 	0.471510  	-7.008400 
-37.000000	-1.234073 	0.447367  	-7.008400 
-36.000000	-1.269053 	0.423513  	-7.008400 
-35.000000	-1.304034 	0.399660  	-7.008400 
-34.000000	-1.339014 	0.375806  	-7.008400 
-33.000000	-1.376867 	0.352506  	-7.008400 
-32.000000	-1.419890 	0.330202  	-7.008400 
-31.000000	-1.462913 	0.307898  	-7.008400 
-30.000000	-1.505937 	0.285594  	-7.008400 
-29.000000	-1.548960 	0.263290  	-7.008400 
-28.000000	-1.498595 	0.253445  	-7.008400 
-27.000000	-1.448230 	0.243600  	-7.008400 
-26.000000	-1.397866 	0.233756  	-7.008400 
-25.000000	-1.347501 	0.223911  	-7.008400 
-24.000000	-1.297136 	0.214066  	-7.008400 
-23.000000	-1.246771 	0.204221  	-7.008400 
-22.000000	-1.196407 	0.194377  	-7.008400 
-21.000000	-1.146042 	0.184532  	-7.008400 
-20.000000	-1.095677 	0.174687  	-7.008400 
-19.000000	-1.045312 	0.164842  	-7.008400 
-18.000000	-0.994948 	0.154998  	-7.008400 
-17.000000	-0.944583 	0.145153  	-7.008400 
-16.000000	-0.894218 	0.135308  	-7.008400 
-15.000000	-0.843853 	0.125463  	-7.008400 
-14.000000	-0.793489 	0.115619  	-7.008400 
-13.000000	-0.743124 	0.105774  	-7.008400 
-12.000000	-0.692759 	0.095929  	-7.008400 
-11.000000	-0.642394 	0.086084  	-7.008400 
-10.000000	-0.592030 	0.076240  	-5.265767 
-9.000000 	-0.541665 	0.066395  	-3.523133 
-8.000000 	-0.491300 	0.056550  	-1.780500 
-7.000000 	-0.386700 	0.062320  	-1.619400 
-6.000000 	-0.195600 	0.047630  	-1.558600 
-5.000000 	-0.070300 	0.047940  	-1.435000 
-4.000000 	0.100000  	0.044900  	-1.321500 
-3.000000 	0.229700  	0.045110  	-1.204200 
-2.000000 	0.385800  	0.044160  	-1.230200 
-1.000000 	0.517000  	0.044460  	-1.340600 
0.000000  	0.662700  	0.044330  	-1.464900 
1.000000  	0.797600  	0.044790  	-1.587100 
2.000000  	0.931600  	0.045360  	-1.713100 
3.000000  	1.064950  	0.046215  	-1.848950 
4.000000  	1.198300  	0.047070  	-1.984800 
5.000000  	1.326500  	0.048000  	-2.129900 
6.000000  	1.454900  	0.049240  	-2.284600 
7.000000  	1.583600  	0.050680  	-2.452600 
8.000000  	1.701000  	0.051930  	-2.629600 
9.000000  	1.817500  	0.053590  	-2.821900 
10.000000 	1.932900  	0.055490  	-3.034800 
11.000000 	2.046700  	0.057290  	-3.271900 
12.000000 	2.148400  	0.058950  	-3.523000 
13.000000 	2.224400  	0.062120  	-3.766800 
14.000000 	2.242400  	0.068640  	-3.953400 
15.000000 	2.215900  	0.079470  	-4.085900 
16.000000 	2.199800  	0.091730  	-4.234800 
17.000000 	2.195200  	0.104410  	-4.405700 
18.000000 	2.147600  	0.124270  	-4.488700 
19.000000 	2.168600  	0.135110  	-4.714800 
20.000000 	2.132800  	0.155340  	-4.843200 
21.000000 	2.154100  	0.166090  	-5.121100 
22.000000 	2.137000  	0.183550  	-5.286600 
23.000000 	2.157200  	0.194120  	-5.565800 
24.000000 	2.162000  	0.207310  	-5.791800 
25.000000 	2.161000  	0.221490  	-5.999300 
26.000000 	2.173000  	0.232470  	-6.239400 
27.000000 	2.188600  	0.243000  	-6.505000 
28.000000 	2.203000  	0.253000  	-6.767100 
29.000000 	2.212800  	0.263290  	-7.008400 
30.000000 	2.151338  	0.285594  	-7.008400 
31.000000 	2.089876  	0.307898  	-7.008400 
32.000000 	2.028415  	0.330202  	-7.008400 
33.000000 	1.966953  	0.352506  	-7.008400 
34.000000 	1.912877  	0.375806  	-7.008400 
35.000000 	1.862905  	0.399660  	-7.008400 
36.000000 	1.812933  	0.423513  	-7.008400 
37.000000 	1.762961  	0.447367  	-7.008400 
38.000000 	1.715002  	0.471510  	-7.008400 
39.000000 	1.672076  	0.496375  	-7.008400 
40.000000 	1.629150  	0.521241  	-7.008400 
41.000000 	1.586223  	0.546107  	-7.008400 
42.000000 	1.543297  	0.570972  	-7.008400 
43.000000 	1.504381  	0.596258  	-7.008400 
44.000000 	1.465774  	0.621577  	-7.008400 
45.000000 	1.427167  	0.646895  	-7.008400 
46.000000 	1.388560  	0.672213  	-7.008400 
47.000000 	1.351445  	0.697465  	-7.008400 
48.000000 	1.315448  	0.722667  	-7.008400 
49.000000 	1.279451  	0.747869  	-7.008400 
50.000000 	1.243454  	0.773071  	-7.008400 
51.000000 	1.207789  	0.798128  	-7.008400 
52.000000 	1.173341  	0.822649  	-7.008400 
53.000000 	1.138893  	0.847170  	-7.008400 
54.000000 	1.104445  	0.871691  	-7.008400 
55.000000 	1.069997  	0.896212  	-7.008400 
56.000000 	1.036345  	0.919680  	-7.008400 
57.000000 	1.002824  	0.942972  	-7.008400 
58.000000 	0.969304  	0.966264  	-7.008400 
59.000000 	0.935784  	0.989557  	-7.008400 
60.000000 	0.902574  	1.011975  	-7.008400 
61.000000 	0.869674  	1.033520  	-7.008400 
62.000000 	0.836774  	1.055064  	-7.008400 
63.000000 	0.803874  	1.076609  	-7.008400 
64.000000 	0.771052  	1.097835  	-7.008400 
65.000000 	0.738697  	1.117155  	-7.008400 
66.000000 	0.706343  	1.136475  	-7.008400 
67.000000 	0.673989  	1.155794  	-7.008400 
68.000000 	0.641634  	1.175114  	-7.008400 
69.000000 	0.609791  	1.192351  	-7.008400 
70.000000 	0.578086  	1.209020  	-7.008400 
71.000000 	0.546382  	1.225689  	-7.008400 
72.000000 	0.514678  	1.242358  	-7.008400 
73.000000 	0.483357  	1.257736  	-7.008400 
74.000000 	0.452546  	1.271392  	-7.008400 
75.000000 	0.421735  	1.285047  	-7.008400 
76.000000 	0.390924  	1.298702  	-7.008400 
77.000000 	0.360202  	1.312122  	-7.008400 
78.000000 	0.330636  	1.322470  	-7.008400 
79.000000 	0.301071  	1.332818  	-7.008400 
80.000000 	0.271505  	1.343166  	-7.008400 
81.000000 	0.241939  	1.353515  	-7.008400 
82.000000 	0.213575  	1.361346  	-7.008400 
83.000000 	0.185690  	1.368170  	-7.008400 
84.000000 	0.157806  	1.374995  	-7.008400 
85.000000 	0.129921  	1.381819  	-7.008400 
86.000000 	0.102815  	1.387337  	-7.008400 
87.000000 	0.077112  	1.390503  	-7.008400 
88.000000 	0.051408  	1.393669  	-7.008400 
89.000000 	0.025704  	1.396834  	-7.008400 
90.000000 	0.000000  	1.400000  	-7.008400 
91.000000 	-0.017993 	1.396834  	-7.008400 
92.000000 	-0.035985 	1.393669  	-7.008400 
93.000000 	-0.053978 	1.390503  	-7.008400 
94.000000 	-0.071971 	1.387337  	-7.008400 
95.000000 	-0.090945 	1.381819  	-7.008400 
96.000000 	-0.110464 	1.374995  	-7.008400 
97.000000 	-0.129983 	1.368170  	-7.008400 
98.000000 	-0.149502 	1.361346  	-7.008400 
99.000000 	-0.169358 	1.353515  	-7.008400 
100.000000	-0.190054 	1.343166  	-7.008400 
101.000000	-0.210750 	1.332818  	-7.008400 
102.000000	-0.231445 	1.322470  	-7.008400 
103.000000	-0.252141 	1.312122  	-7.008400 
104.000000	-0.273647 	1.298702  	-7.008400 
105.000000	-0.295214 	1.285047  	-7.008400 
106.000000	-0.316782 	1.271392  	-7.008400 
107.000000	-0.338350 	1.257736  	-7.008400 
108.000000	-0.360275 	1.242358  	-7.008400 
109.000000	-0.382468 	1.225689  	-7.008400 
110.000000	-0.404660 	1.209020  	-7.008400 
111.000000	-0.426853 	1.192351  	-7.008400 
112.000000	-0.449144 	1.175114  	-7.008400 
113.000000	-0.471792 	1.155794  	-7.008400 
114.000000	-0.494440 	1.136475  	-7.008400 
115.000000	-0.517088 	1.117155  	-7.008400 
116.000000	-0.539736 	1.097835  	-7.008400 
117.000000	-0.562712 	1.076609  	-7.008400 
118.000000	-0.585742 	1.055064  	-7.008400 
119.000000	-0.608772 	1.033520  	-7.008400 
120.000000	-0.631802 	1.011975  	-7.008400 
121.000000	-0.655049 	0.989557  	-7.008400 
122.000000	-0.678513 	0.966264  	-7.008400 
123.000000	-0.701977 	0.942972  	-7.008400 
124.000000	-0.725441 	0.919680  	-7.008400 
125.000000	-0.748998 	0.896212  	-7.008400 
126.000000	-0.773112 	0.871691  	-7.008400 
127.000000	-0.797225 	0.847170  	-7.008400 
128.000000	-0.821338 	0.822649  	-7.008400 
129.000000	-0.845452 	0.798128  	-7.008400 
130.000000	-0.870417 	0.773071  	-7.008400 
131.000000	-0.895615 	0.747869  	-7.008400 
132.000000	-0.920813 	0.722667  	-7.008400 
133.000000	-0.946011 	0.697465  	-7.008400 
134.000000	-0.971992 	0.672213  	-7.008400 
135.000000	-0.999017 	0.646895  	-7.008400 
136.000000	-1.026042 	0.621577  	-7.008400 
137.000000	-1.053067 	0.596258  	-7.008400 
138.000000	-1.080308 	0.570972  	-7.008400 
139.000000	-1.110356 	0.546107  	-7.008400 
140.000000	-1.140405 	0.521241  	-7.008400 
141.000000	-1.170453 	0.496375  	-7.008400 
142.000000	-1.200502 	0.471510  	-7.008400 
143.000000	-1.234073 	0.447367  	-7.008400 
144.000000	-1.269053 	0.423513  	-7.008400 
145.000000	-1.304034 	0.399660  	-7.008400 
146.000000	-1.339014 	0.375806  	-7.008400 
147.000000	-1.376867 	0.352506  	-7.008400 
148.000000	-1.419890 	0.330202  	-7.008400 
149.000000	-1.462913 	0.307898  	-7.008400 
150.000000	-1.505937 	0.285594  	-7.008400 
151.000000	-1.548960 	0.263290  	-7.008400 
152.000000	-1.495548 	0.242439  	-7.008400 
153.000000	-1.442135 	0.221588  	-7.008400 
154.000000	-1.388723 	0.201743  	-7.008400 
155.000000	-1.335310 	0.181976  	-7.008400 
156.000000	-1.281898 	0.163224  	-7.008400 
157.000000	-1.228486 	0.144642  	-7.008400 
158.000000	-1.175073 	0.127065  	-7.008400 
159.000000	-1.121661 	0.109763  	-7.008400 
160.000000	-1.068248 	0.093438  	-7.008400 
161.000000	-1.014836 	0.077505  	-7.008400 
162.000000	-0.961423 	0.062503  	-7.008400 
163.000000	-0.908011 	0.048019  	-7.008400 
164.000000	-0.854599 	0.034406  	-7.008400 
165.000000	-0.801186 	0.021447  	-7.008400 
166.000000	-0.747774 	0.011596  	-7.008400 
167.000000	-0.694361 	0.004853  	-7.008400 
168.000000	-0.640949 	0.001000  	-7.008400 
169.000000	-0.587537 	0.001000  	-7.008400 
170.000000	-0.534124 	0.001000  	-7.008400 
171.000000	-0.480712 	0.001000  	-7.008400 
172.000000	-0.427299 	0.001000  	-7.008400 
173.000000	-0.373887 	0.001000  	-7.008400 
174.000000	-0.320474 	0.001000  	-7.008400 
175.000000	-0.267062 	0.001000  	-7.008400 
176.000000	-0.213650 	0.001000  	-7.008400 
177.000000	-0.160237 	0.001000  	-7.008400 
178.000000	-0.106825 	0.001000  	-7.008400 
179.000000	-0.053412 	0.001000  	-7.008400 
180.000000	0.000000  	0.001000  	-7.008400 
! ------------------------------------------------------------------------------
! data for table	2         
! ------------------------------------------------------------------------------
  0.300000  	Re           ! Reynolds number in millions
  0.000000  	UserProp     ! User property (control) setting
Flase           InclUAdata   ! Is unsteady aerodynamics data included in this table? If TRUE, then include UA coefficients below this line. Any missing coefficients will be calculated internally.
! Table of aerodynamics coefficients
  361       	NumAlf       ! Number of data lines in the following table
!Alpha      Cl          Cd          Cm/Cp
!(deg)      (-)         (-)         (-)
-180.000000	0.000000  	0.001000  	-7.024800 
-179.000000	0.053207  	0.001000  	-7.024800 
-178.000000	0.106414  	0.001000  	-7.024800 
-177.000000	0.159622  	0.001000  	-7.024800 
-176.000000	0.212829  	0.001000  	-7.024800 
-175.000000	0.266036  	0.001000  	-7.024800 
-174.000000	0.319243  	0.001000  	-7.024800 
-173.000000	0.372451  	0.001000  	-7.024800 
-172.000000	0.425658  	0.001000  	-7.024800 
-171.000000	0.478865  	0.001000  	-7.024800 
-170.000000	0.532072  	0.001000  	-7.024800 
-169.000000	0.585280  	0.001000  	-7.024800 
-168.000000	0.638487  	0.001000  	-7.024800 
-167.000000	0.691694  	0.006951  	-7.024800 
-166.000000	0.744901  	0.017365  	-7.024800 
-165.000000	0.798109  	0.029033  	-7.024800 
-164.000000	0.851316  	0.041956  	-7.024800 
-163.000000	0.904523  	0.055530  	-7.024800 
-162.000000	0.957730  	0.069972  	-7.024800 
-161.000000	1.010938  	0.084931  	-7.024800 
-160.000000	1.064145  	0.100818  	-7.024800 
-159.000000	1.117352  	0.117096  	-7.024800 
-158.000000	1.170559  	0.134347  	-7.024800 
-157.000000	1.223767  	0.151872  	-7.024800 
-156.000000	1.276974  	0.170399  	-7.024800 
-155.000000	1.330181  	0.189094  	-7.024800 
-154.000000	1.383388  	0.208802  	-7.024800 
-153.000000	1.436596  	0.228586  	-7.024800 
-152.000000	1.489803  	0.249373  	-7.024800 
-151.000000	1.543010  	0.270160  	-7.024800 
-150.000000	1.500254  	0.292393  	-7.024800 
-149.000000	1.457498  	0.314626  	-7.024800 
-148.000000	1.414743  	0.336859  	-7.024800 
-147.000000	1.371987  	0.359092  	-7.024800 
-146.000000	1.334366  	0.382316  	-7.024800 
-145.000000	1.299599  	0.406090  	-7.024800 
-144.000000	1.264831  	0.429864  	-7.024800 
-143.000000	1.230063  	0.453637  	-7.024800 
-142.000000	1.196694  	0.477698  	-7.024800 
-141.000000	1.166819  	0.502476  	-7.024800 
-140.000000	1.136944  	0.527254  	-7.024800 
-139.000000	1.107069  	0.552032  	-7.024800 
-138.000000	1.077195  	0.576809  	-7.024800 
-137.000000	1.050100  	0.602000  	-7.024800 
-136.000000	1.023219  	0.627223  	-7.024800 
-135.000000	0.996338  	0.652445  	-7.024800 
-134.000000	0.969458  	0.677668  	-7.024800 
-133.000000	0.943608  	0.702820  	-7.024800 
-132.000000	0.918531  	0.727920  	-7.024800 
-131.000000	0.893454  	0.753019  	-7.024800 
-130.000000	0.868377  	0.778118  	-7.024800 
-129.000000	0.843528  	0.803070  	-7.024800 
-128.000000	0.819517  	0.827482  	-7.024800 
-127.000000	0.795505  	0.851894  	-7.024800 
-126.000000	0.771494  	0.876305  	-7.024800 
-125.000000	0.747482  	0.900717  	-7.024800 
-124.000000	0.724014  	0.924070  	-7.024800 
-123.000000	0.700635  	0.947247  	-7.024800 
-122.000000	0.677257  	0.970424  	-7.024800 
-121.000000	0.653879  	0.993601  	-7.024800 
-120.000000	0.630710  	1.015901  	-7.024800 
-119.000000	0.607752  	1.037325  	-7.024800 
-118.000000	0.584793  	1.058749  	-7.024800 
-117.000000	0.561835  	1.080173  	-7.024800 
-116.000000	0.538929  	1.101279  	-7.024800 
-115.000000	0.516340  	1.120473  	-7.024800 
-114.000000	0.493750  	1.139667  	-7.024800 
-113.000000	0.471161  	1.158861  	-7.024800 
-112.000000	0.448572  	1.178056  	-7.024800 
-111.000000	0.426331  	1.195165  	-7.024800 
-110.000000	0.404185  	1.211705  	-7.024800 
-109.000000	0.382039  	1.228245  	-7.024800 
-108.000000	0.359893  	1.244785  	-7.024800 
-107.000000	0.338010  	1.260032  	-7.024800 
-106.000000	0.316479  	1.273555  	-7.024800 
-105.000000	0.294947  	1.287078  	-7.024800 
-104.000000	0.273415  	1.300602  	-7.024800 
-103.000000	0.251945  	1.313888  	-7.024800 
-102.000000	0.231275  	1.324102  	-7.024800 
-101.000000	0.210604  	1.334316  	-7.024800 
-100.000000	0.189933  	1.344529  	-7.024800 
-99.000000	0.169263  	1.354743  	-7.024800 
-98.000000	0.149425  	1.362439  	-7.024800 
-97.000000	0.129921  	1.369127  	-7.024800 
-96.000000	0.110417  	1.375815  	-7.024800 
-95.000000	0.090913  	1.382504  	-7.024800 
-94.000000	0.071951  	1.387885  	-7.024800 
-93.000000	0.053963  	1.390914  	-7.024800 
-92.000000	0.035975  	1.393942  	-7.024800 
-91.000000	0.017988  	1.396971  	-7.024800 
-90.000000	0.000000  	1.400000  	-7.024800 
-89.000000	-0.017988 	1.396971  	-7.024800 
-88.000000	-0.035975 	1.393942  	-7.024800 
-87.000000	-0.053963 	1.390914  	-7.024800 
-86.000000	-0.071951 	1.387885  	-7.024800 
-85.000000	-0.090913 	1.382504  	-7.024800 
-84.000000	-0.110417 	1.375815  	-7.024800 
-83.000000	-0.129921 	1.369127  	-7.024800 
-82.000000	-0.149425 	1.362439  	-7.024800 
-81.000000	-0.169263 	1.354743  	-7.024800 
-80.000000	-0.189933 	1.344529  	-7.024800 
-79.000000	-0.210604 	1.334316  	-7.024800 
-78.000000	-0.231275 	1.324102  	-7.024800 
-77.000000	-0.251945 	1.313888  	-7.024800 
-76.000000	-0.273415 	1.300602  	-7.024800 
-75.000000	-0.294947 	1.287078  	-7.024800 
-74.000000	-0.316479 	1.273555  	-7.024800 
-73.000000	-0.338010 	1.260032  	-7.024800 
-72.000000	-0.359893 	1.244785  	-7.024800 
-71.000000	-0.382039 	1.228245  	-7.024800 
-70.000000	-0.404185 	1.211705  	-7.024800 
-69.000000	-0.426331 	1.195165  	-7.024800 
-68.000000	-0.448572 	1.178056  	-7.024800 
-67.000000	-0.471161 	1.158861  	-7.024800 
-66.000000	-0.493750 	1.139667  	-7.024800 
-65.000000	-0.516340 	1.120473  	-7.024800 
-64.000000	-0.538929 	1.101279  	-7.024800 
-63.000000	-0.561835 	1.080173  	-7.024800 
-62.000000	-0.584793 	1.058749  	-7.024800 
-61.000000	-0.607752 	1.037325  	-7.024800 
-60.000000	-0.630710 	1.015901  	-7.024800 
-59.000000	-0.653879 	0.993601  	-7.024800 
-58.000000	-0.677257 	0.970424  	-7.024800 
-57.000000	-0.700635 	0.947247  	-7.024800 
-56.000000	-0.724014 	0.924070  	-7.024800 
-55.000000	-0.747482 	0.900717  	-7.024800 
-54.000000	-0.771494 	0.876305  	-7.024800 
-53.000000	-0.795505 	0.851894  	-7.024800 
-52.000000	-0.819517 	0.827482  	-7.024800 
-51.000000	-0.843528 	0.803070  	-7.024800 
-50.000000	-0.868377 	0.778118  	-7.024800 
-49.000000	-0.893454 	0.753019  	-7.024800 
-48.000000	-0.918531 	0.727920  	-7.024800 
-47.000000	-0.943608 	0.702820  	-7.024800 
-46.000000	-0.969458 	0.677668  	-7.024800 
-45.000000	-0.996338 	0.652445  	-7.024800 
-44.000000	-1.023219 	0.627223  	-7.024800 
-43.000000	-1.050100 	0.602000  	-7.024800 
-42.000000	-1.077195 	0.576809  	-7.024800 
-41.000000	-1.107069 	0.552032  	-7.024800 
-40.000000	-1.136944 	0.527254  	-7.024800 
-39.000000	-1.166819 	0.502476  	-7.024800 
-38.000000	-1.196694 	0.477698  	-7.024800 
-37.000000	-1.230063 	0.453637  	-7.024800 
-36.000000	-1.264831 	0.429864  	-7.024800 
-35.000000	-1.299599 	0.406090  	-7.024800 
-34.000000	-1.334366 	0.382316  	-7.024800 
-33.000000	-1.371987 	0.359092  	-7.024800 
-32.000000	-1.414743 	0.336859  	-7.024800 
-31.000000	-1.457498 	0.314626  	-7.024800 
-30.000000	-1.500254 	0.292393  	-7.024800 
-29.000000	-1.543010 	0.270160  	-7.024800 
-28.000000	-1.501041 	0.258243  	-7.024800 
-27.000000	-1.459072 	0.246326  	-7.024800 
-26.000000	-1.417103 	0.234409  	-7.024800 
-25.000000	-1.375134 	0.222493  	-7.024800 
-24.000000	-1.333165 	0.210576  	-7.024800 
-23.000000	-1.291196 	0.198659  	-7.024800 
-22.000000	-1.249227 	0.186742  	-7.024800 
-21.000000	-1.207258 	0.174825  	-7.024800 
-20.000000	-1.165289 	0.162908  	-7.024800 
-19.000000	-1.123321 	0.150992  	-7.024800 
-18.000000	-1.081352 	0.139075  	-7.024800 
-17.000000	-1.039383 	0.127158  	-7.024800 
-16.000000	-0.997414 	0.115241  	-7.024800 
-15.000000	-0.955445 	0.103324  	-7.024800 
-14.000000	-0.913476 	0.091407  	-7.024800 
-13.000000	-0.871507 	0.079491  	-7.024800 
-12.000000	-0.829538 	0.067574  	-5.743905 
-11.000000	-0.787569 	0.055657  	-3.950653 
-10.000000	-0.745600 	0.043740  	-2.157400 
-9.000000 	-0.563500 	0.040800  	-1.990600 
-8.000000 	-0.431500 	0.040740  	-1.855200 
-7.000000 	-0.284200 	0.040230  	-1.721100 
-6.000000 	-0.146300 	0.039930  	-1.592600 
-5.000000 	-0.004700 	0.039890  	-1.465300 
-4.000000 	0.138600  	0.039820  	-1.344300 
-3.000000 	0.277200  	0.039980  	-1.223300 
-2.000000 	0.419700  	0.040100  	-1.256000 
-1.000000 	0.556700  	0.040420  	-1.371900 
0.000000  	0.695300  	0.040760  	-1.494700 
1.000000  	0.832400  	0.041280  	-1.619600 
2.000000  	0.966100  	0.041800  	-1.747800 
3.000000  	1.100500  	0.042390  	-1.883100 
4.000000  	1.233400  	0.043130  	-2.023900 
5.000000  	1.362400  	0.043980  	-2.170000 
6.000000  	1.489700  	0.044850  	-2.327100 
7.000000  	1.616400  	0.045850  	-2.495000 
8.000000  	1.739800  	0.047080  	-2.677900 
9.000000  	1.858100  	0.048220  	-2.876200 
10.000000 	1.973100  	0.049760  	-3.092500 
11.000000 	2.081900  	0.051600  	-3.327200 
12.000000 	2.180700  	0.053700  	-3.578200 
13.000000 	2.253200  	0.057380  	-3.822000 
14.000000 	2.241900  	0.066630  	-3.971700 
15.000000 	2.239500  	0.077620  	-4.140200 
16.000000 	2.233700  	0.090100  	-4.308100 
17.000000 	2.213900  	0.106130  	-4.452900 
18.000000 	2.196200  	0.122420  	-4.599200 
19.000000 	2.176200  	0.139650  	-4.740000 
20.000000 	2.165350  	0.155630  	-4.937050 
21.000000 	2.154500  	0.171610  	-5.134100 
22.000000 	2.155900  	0.185540  	-5.359100 
23.000000 	2.157100  	0.199540  	-5.584900 
24.000000 	2.160300  	0.213040  	-5.809500 
25.000000 	2.168100  	0.225300  	-6.054300 
26.000000 	2.177300  	0.236605  	-6.298450 
27.000000 	2.186500  	0.247910  	-6.542600 
28.000000 	2.195900  	0.259290  	-6.786100 
29.000000 	2.204300  	0.270160  	-7.024800 
30.000000 	2.143220  	0.292393  	-7.024800 
31.000000 	2.082141  	0.314626  	-7.024800 
32.000000 	2.021061  	0.336859  	-7.024800 
33.000000 	1.959981  	0.359092  	-7.024800 
34.000000 	1.906237  	0.382316  	-7.024800 
35.000000 	1.856569  	0.406090  	-7.024800 
36.000000 	1.806901  	0.429864  	-7.024800 
37.000000 	1.757233  	0.453637  	-7.024800 
38.000000 	1.709562  	0.477698  	-7.024800 
39.000000 	1.666884  	0.502476  	-7.024800 
40.000000 	1.624206  	0.527254  	-7.024800 
41.000000 	1.581528  	0.552032  	-7.024800 
42.000000 	1.538849  	0.576809  	-7.024800 
43.000000 	1.500143  	0.602000  	-7.024800 
44.000000 	1.461742  	0.627223  	-7.024800 
45.000000 	1.423341  	0.652445  	-7.024800 
46.000000 	1.384939  	0.677668  	-7.024800 
47.000000 	1.348011  	0.702820  	-7.024800 
48.000000 	1.312187  	0.727920  	-7.024800 
49.000000 	1.276363  	0.753019  	-7.024800 
50.000000 	1.240539  	0.778118  	-7.024800 
51.000000 	1.205041  	0.803070  	-7.024800 
52.000000 	1.170738  	0.827482  	-7.024800 
53.000000 	1.136436  	0.851894  	-7.024800 
54.000000 	1.102134  	0.876305  	-7.024800 
55.000000 	1.067832  	0.900717  	-7.024800 
56.000000 	1.034305  	0.924070  	-7.024800 
57.000000 	1.000908  	0.947247  	-7.024800 
58.000000 	0.967510  	0.970424  	-7.024800 
59.000000 	0.934112  	0.993601  	-7.024800 
60.000000 	0.901015  	1.015901  	-7.024800 
61.000000 	0.868217  	1.037325  	-7.024800 
62.000000 	0.835419  	1.058749  	-7.024800 
63.000000 	0.802621  	1.080173  	-7.024800 
64.000000 	0.769899  	1.101279  	-7.024800 
65.000000 	0.737628  	1.120473  	-7.024800 
66.000000 	0.705358  	1.139667  	-7.024800 
67.000000 	0.673087  	1.158861  	-7.024800 
68.000000 	0.640817  	1.178056  	-7.024800 
69.000000 	0.609044  	1.195165  	-7.024800 
70.000000 	0.577407  	1.211705  	-7.024800 
71.000000 	0.545770  	1.228245  	-7.024800 
72.000000 	0.514133  	1.244785  	-7.024800 
73.000000 	0.482872  	1.260032  	-7.024800 
74.000000 	0.452112  	1.273555  	-7.024800 
75.000000 	0.421353  	1.287078  	-7.024800 
76.000000 	0.390593  	1.300602  	-7.024800 
77.000000 	0.359922  	1.313888  	-7.024800 
78.000000 	0.330392  	1.324102  	-7.024800 
79.000000 	0.300863  	1.334316  	-7.024800 
80.000000 	0.271333  	1.344529  	-7.024800 
81.000000 	0.241804  	1.354743  	-7.024800 
82.000000 	0.213465  	1.362439  	-7.024800 
83.000000 	0.185602  	1.369127  	-7.024800 
84.000000 	0.157739  	1.375815  	-7.024800 
85.000000 	0.129876  	1.382504  	-7.024800 
86.000000 	0.102787  	1.387885  	-7.024800 
87.000000 	0.077090  	1.390914  	-7.024800 
88.000000 	0.051393  	1.393942  	-7.024800 
89.000000 	0.025697  	1.396971  	-7.024800 
90.000000 	0.000000  	1.400000  	-7.024800 
91.000000 	-0.017988 	1.396971  	-7.024800 
92.000000 	-0.035975 	1.393942  	-7.024800 
93.000000 	-0.053963 	1.390914  	-7.024800 
94.000000 	-0.071951 	1.387885  	-7.024800 
95.000000 	-0.090913 	1.382504  	-7.024800 
96.000000 	-0.110417 	1.375815  	-7.024800 
97.000000 	-0.129921 	1.369127  	-7.024800 
98.000000 	-0.149425 	1.362439  	-7.024800 
99.000000 	-0.169263 	1.354743  	-7.024800 
100.000000	-0.189933 	1.344529  	-7.024800 
101.000000	-0.210604 	1.334316  	-7.024800 
102.000000	-0.231275 	1.324102  	-7.024800 
103.000000	-0.251945 	1.313888  	-7.024800 
104.000000	-0.273415 	1.300602  	-7.024800 
105.000000	-0.294947 	1.287078  	-7.024800 
106.000000	-0.316479 	1.273555  	-7.024800 
107.000000	-0.338010 	1.260032  	-7.024800 
108.000000	-0.359893 	1.244785  	-7.024800 
109.000000	-0.382039 	1.228245  	-7.024800 
110.000000	-0.404185 	1.211705  	-7.024800 
111.000000	-0.426331 	1.195165  	-7.024800 
112.000000	-0.448572 	1.178056  	-7.024800 
113.000000	-0.471161 	1.158861  	-7.024800 
114.000000	-0.493750 	1.139667  	-7.024800 
115.000000	-0.516340 	1.120473  	-7.024800 
116.000000	-0.538929 	1.101279  	-7.024800 
117.000000	-0.561835 	1.080173  	-7.024800 
118.000000	-0.584793 	1.058749  	-7.024800 
119.000000	-0.607752 	1.037325  	-7.024800 
120.000000	-0.630710 	1.015901  	-7.024800 
121.000000	-0.653879 	0.993601  	-7.024800 
122.000000	-0.677257 	0.970424  	-7.024800 
123.000000	-0.700635 	0.947247  	-7.024800 
124.000000	-0.724014 	0.924070  	-7.024800 
125.000000	-0.747482 	0.900717  	-7.024800 
126.000000	-0.771494 	0.876305  	-7.024800 
127.000000	-0.795505 	0.851894  	-7.024800 
128.000000	-0.819517 	0.827482  	-7.024800 
129.000000	-0.843528 	0.803070  	-7.024800 
130.000000	-0.868377 	0.778118  	-7.024800 
131.000000	-0.893454 	0.753019  	-7.024800 
132.000000	-0.918531 	0.727920  	-7.024800 
133.000000	-0.943608 	0.702820  	-7.024800 
134.000000	-0.969458 	0.677668  	-7.024800 
135.000000	-0.996338 	0.652445  	-7.024800 
136.000000	-1.023219 	0.627223  	-7.024800 
137.000000	-1.050100 	0.602000  	-7.024800 
138.000000	-1.077195 	0.576809  	-7.024800 
139.000000	-1.107069 	0.552032  	-7.024800 
140.000000	-1.136944 	0.527254  	-7.024800 
141.000000	-1.166819 	0.502476  	-7.024800 
142.000000	-1.196694 	0.477698  	-7.024800 
143.000000	-1.230063 	0.453637  	-7.024800 
144.000000	-1.264831 	0.429864  	-7.024800 
145.000000	-1.299599 	0.406090  	-7.024800 
146.000000	-1.334366 	0.382316  	-7.024800 
147.000000	-1.371987 	0.359092  	-7.024800 
148.000000	-1.414743 	0.336859  	-7.024800 
149.000000	-1.457498 	0.314626  	-7.024800 
150.000000	-1.500254 	0.292393  	-7.024800 
151.000000	-1.543010 	0.270160  	-7.024800 
152.000000	-1.489803 	0.249373  	-7.024800 
153.000000	-1.436596 	0.228586  	-7.024800 
154.000000	-1.383388 	0.208802  	-7.024800 
155.000000	-1.330181 	0.189094  	-7.024800 
156.000000	-1.276974 	0.170399  	-7.024800 
157.000000	-1.223767 	0.151872  	-7.024800 
158.000000	-1.170559 	0.134347  	-7.024800 
159.000000	-1.117352 	0.117096  	-7.024800 
160.000000	-1.064145 	0.100818  	-7.024800 
161.000000	-1.010938 	0.084931  	-7.024800 
162.000000	-0.957730 	0.069972  	-7.024800 
163.000000	-0.904523 	0.055530  	-7.024800 
164.000000	-0.851316 	0.041956  	-7.024800 
165.000000	-0.798109 	0.029033  	-7.024800 
166.000000	-0.744901 	0.017365  	-7.024800 
167.000000	-0.691694 	0.006951  	-7.024800 
168.000000	-0.638487 	0.001000  	-7.024800 
169.000000	-0.585280 	0.001000  	-7.024800 
170.000000	-0.532072 	0.001000  	-7.024800 
171.000000	-0.478865 	0.001000  	-7.024800 
172.000000	-0.425658 	0.001000  	-7.024800 
173.000000	-0.372451 	0.001000  	-7.024800 
174.000000	-0.319243 	0.001000  	-7.024800 
175.000000	-0.266036 	0.001000  	-7.024800 
176.000000	-0.212829 	0.001000  	-7.024800 
177.000000	-0.159622 	0.001000  	-7.024800 
178.000000	-0.106414 	0.001000  	-7.024800 
179.000000	-0.053207 	0.001000  	-7.024800 
180.000000	0.000000  	0.001000  	-7.024800 
! ------------------------------------------------------------------------------
! data for table	3         
! ------------------------------------------------------------------------------
  0.400000  	Re           ! Reynolds number in millions
  0.000000  	UserProp     ! User property (control) setting
Flase           InclUAdata   ! Is unsteady aerodynamics data included in this table? If TRUE, then include UA coefficients below this line. Any missing coefficients will be calculated internally.
! Table of aerodynamics coefficients
  361       	NumAlf       ! Number of data lines in the following table
!Alpha      Cl          Cd          Cm/Cp
!(deg)      (-)         (-)         (-)
-180.000000	0.000000  	0.001000  	-7.028800 
-179.000000	0.053094  	0.001000  	-7.028800 
-178.000000	0.106188  	0.001000  	-7.028800 
-177.000000	0.159281  	0.001000  	-7.028800 
-176.000000	0.212375  	0.001000  	-7.028800 
-175.000000	0.265469  	0.001000  	-7.028800 
-174.000000	0.318563  	0.001000  	-7.028800 
-173.000000	0.371657  	0.001000  	-7.028800 
-172.000000	0.424750  	0.001000  	-7.028800 
-171.000000	0.477844  	0.001000  	-7.028800 
-170.000000	0.530938  	0.001000  	-7.028800 
-169.000000	0.584032  	0.001560  	-7.028800 
-168.000000	0.637126  	0.002432  	-7.028800 
-167.000000	0.690219  	0.009275  	-7.028800 
-166.000000	0.743313  	0.020597  	-7.028800 
-165.000000	0.796407  	0.032710  	-7.028800 
-164.000000	0.849501  	0.045615  	-7.028800 
-163.000000	0.902594  	0.059171  	-7.028800 
-162.000000	0.955688  	0.073593  	-7.028800 
-161.000000	1.008782  	0.088530  	-7.028800 
-160.000000	1.061876  	0.104396  	-7.028800 
-159.000000	1.114970  	0.120650  	-7.028800 
-158.000000	1.168063  	0.137877  	-7.028800 
-157.000000	1.221157  	0.155376  	-7.028800 
-156.000000	1.274251  	0.173877  	-7.028800 
-155.000000	1.327345  	0.192545  	-7.028800 
-154.000000	1.380439  	0.212223  	-7.028800 
-153.000000	1.433532  	0.231979  	-7.028800 
-152.000000	1.486626  	0.252734  	-7.028800 
-151.000000	1.539720  	0.273490  	-7.028800 
-150.000000	1.497112  	0.295689  	-7.028800 
-149.000000	1.454504  	0.317887  	-7.028800 
-148.000000	1.411896  	0.340086  	-7.028800 
-147.000000	1.369288  	0.362285  	-7.028800 
-146.000000	1.331796  	0.385471  	-7.028800 
-145.000000	1.297146  	0.409206  	-7.028800 
-144.000000	1.262496  	0.432942  	-7.028800 
-143.000000	1.227846  	0.456677  	-7.028800 
-142.000000	1.194588  	0.480698  	-7.028800 
-141.000000	1.164809  	0.505433  	-7.028800 
-140.000000	1.135030  	0.530168  	-7.028800 
-139.000000	1.105252  	0.554904  	-7.028800 
-138.000000	1.075473  	0.579639  	-7.028800 
-137.000000	1.048459  	0.604783  	-7.028800 
-136.000000	1.021658  	0.629960  	-7.028800 
-135.000000	0.994857  	0.655136  	-7.028800 
-134.000000	0.968056  	0.680312  	-7.028800 
-133.000000	0.942279  	0.705416  	-7.028800 
-132.000000	0.917269  	0.730465  	-7.028800 
-131.000000	0.892259  	0.755515  	-7.028800 
-130.000000	0.867249  	0.780564  	-7.028800 
-129.000000	0.842465  	0.805466  	-7.028800 
-128.000000	0.818510  	0.829825  	-7.028800 
-127.000000	0.794555  	0.854183  	-7.028800 
-126.000000	0.770599  	0.878542  	-7.028800 
-125.000000	0.746644  	0.902901  	-7.028800 
-124.000000	0.723224  	0.926198  	-7.028800 
-123.000000	0.699893  	0.949319  	-7.028800 
-122.000000	0.676562  	0.972440  	-7.028800 
-121.000000	0.653232  	0.995561  	-7.028800 
-120.000000	0.630107  	1.017804  	-7.028800 
-119.000000	0.607188  	1.039170  	-7.028800 
-118.000000	0.584269  	1.060535  	-7.028800 
-117.000000	0.561350  	1.081901  	-7.028800 
-116.000000	0.538483  	1.102947  	-7.028800 
-115.000000	0.515926  	1.122081  	-7.028800 
-114.000000	0.493369  	1.141215  	-7.028800 
-113.000000	0.470812  	1.160348  	-7.028800 
-112.000000	0.448256  	1.179482  	-7.028800 
-111.000000	0.426042  	1.196528  	-7.028800 
-110.000000	0.403922  	1.213006  	-7.028800 
-109.000000	0.381802  	1.229484  	-7.028800 
-108.000000	0.359682  	1.245961  	-7.028800 
-107.000000	0.337823  	1.261145  	-7.028800 
-106.000000	0.316311  	1.274604  	-7.028800 
-105.000000	0.294799  	1.288063  	-7.028800 
-104.000000	0.273287  	1.301522  	-7.028800 
-103.000000	0.251837  	1.314745  	-7.028800 
-102.000000	0.231180  	1.324893  	-7.028800 
-101.000000	0.210524  	1.335042  	-7.028800 
-100.000000	0.189867  	1.345190  	-7.028800 
-99.000000	0.169210  	1.355339  	-7.028800 
-98.000000	0.149383  	1.362968  	-7.028800 
-97.000000	0.129887  	1.369591  	-7.028800 
-96.000000	0.110392  	1.376213  	-7.028800 
-95.000000	0.090896  	1.382835  	-7.028800 
-94.000000	0.071940  	1.388151  	-7.028800 
-93.000000	0.053955  	1.391113  	-7.028800 
-92.000000	0.035970  	1.394075  	-7.028800 
-91.000000	0.017985  	1.397038  	-7.028800 
-90.000000	0.000000  	1.400000  	-7.028800 
-89.000000	-0.017985 	1.397038  	-7.028800 
-88.000000	-0.035970 	1.394075  	-7.028800 
-87.000000	-0.053955 	1.391113  	-7.028800 
-86.000000	-0.071940 	1.388151  	-7.028800 
-85.000000	-0.090896 	1.382835  	-7.028800 
-84.000000	-0.110392 	1.376213  	-7.028800 
-83.000000	-0.129887 	1.369591  	-7.028800 
-82.000000	-0.149383 	1.362968  	-7.028800 
-81.000000	-0.169210 	1.355339  	-7.028800 
-80.000000	-0.189867 	1.345190  	-7.028800 
-79.000000	-0.210524 	1.335042  	-7.028800 
-78.000000	-0.231180 	1.324893  	-7.028800 
-77.000000	-0.251837 	1.314745  	-7.028800 
-76.000000	-0.273287 	1.301522  	-7.028800 
-75.000000	-0.294799 	1.288063  	-7.028800 
-74.000000	-0.316311 	1.274604  	-7.028800 
-73.000000	-0.337823 	1.261145  	-7.028800 
-72.000000	-0.359682 	1.245961  	-7.028800 
-71.000000	-0.381802 	1.229484  	-7.028800 
-70.000000	-0.403922 	1.213006  	-7.028800 
-69.000000	-0.426042 	1.196528  	-7.028800 
-68.000000	-0.448256 	1.179482  	-7.028800 
-67.000000	-0.470812 	1.160348  	-7.028800 
-66.000000	-0.493369 	1.141215  	-7.028800 
-65.000000	-0.515926 	1.122081  	-7.028800 
-64.000000	-0.538483 	1.102947  	-7.028800 
-63.000000	-0.561350 	1.081901  	-7.028800 
-62.000000	-0.584269 	1.060535  	-7.028800 
-61.000000	-0.607188 	1.039170  	-7.028800 
-60.000000	-0.630107 	1.017804  	-7.028800 
-59.000000	-0.653232 	0.995561  	-7.028800 
-58.000000	-0.676562 	0.972440  	-7.028800 
-57.000000	-0.699893 	0.949319  	-7.028800 
-56.000000	-0.723224 	0.926198  	-7.028800 
-55.000000	-0.746644 	0.902901  	-7.028800 
-54.000000	-0.770599 	0.878542  	-7.028800 
-53.000000	-0.794555 	0.854183  	-7.028800 
-52.000000	-0.818510 	0.829825  	-7.028800 
-51.000000	-0.842465 	0.805466  	-7.028800 
-50.000000	-0.867249 	0.780564  	-7.028800 
-49.000000	-0.892259 	0.755515  	-7.028800 
-48.000000	-0.917269 	0.730465  	-7.028800 
-47.000000	-0.942279 	0.705416  	-7.028800 
-46.000000	-0.968056 	0.680312  	-7.028800 
-45.000000	-0.994857 	0.655136  	-7.028800 
-44.000000	-1.021658 	0.629960  	-7.028800 
-43.000000	-1.048459 	0.604783  	-7.028800 
-42.000000	-1.075473 	0.579639  	-7.028800 
-41.000000	-1.105252 	0.554904  	-7.028800 
-40.000000	-1.135030 	0.530168  	-7.028800 
-39.000000	-1.164809 	0.505433  	-7.028800 
-38.000000	-1.194588 	0.480698  	-7.028800 
-37.000000	-1.227846 	0.456677  	-7.028800 
-36.000000	-1.262496 	0.432942  	-7.028800 
-35.000000	-1.297146 	0.409206  	-7.028800 
-34.000000	-1.331796 	0.385471  	-7.028800 
-33.000000	-1.369288 	0.362285  	-7.028800 
-32.000000	-1.411896 	0.340086  	-7.028800 
-31.000000	-1.454504 	0.317887  	-7.028800 
-30.000000	-1.497112 	0.295689  	-7.028800 
-29.000000	-1.539720 	0.273490  	-7.028800 
-28.000000	-1.496029 	0.261145  	-7.028800 
-27.000000	-1.452339 	0.248799  	-7.028800 
-26.000000	-1.408648 	0.236454  	-7.028800 
-25.000000	-1.364958 	0.224109  	-7.028800 
-24.000000	-1.321267 	0.211764  	-7.028800 
-23.000000	-1.277577 	0.199418  	-7.028800 
-22.000000	-1.233886 	0.187073  	-7.028800 
-21.000000	-1.190196 	0.174728  	-7.028800 
-20.000000	-1.146505 	0.162383  	-7.028800 
-19.000000	-1.102815 	0.150037  	-7.028800 
-18.000000	-1.059124 	0.137692  	-7.028800 
-17.000000	-1.015434 	0.125347  	-7.028800 
-16.000000	-0.971743 	0.113002  	-7.028800 
-15.000000	-0.928053 	0.100656  	-7.028800 
-14.000000	-0.884362 	0.088311  	-7.028800 
-13.000000	-0.840672 	0.075966  	-7.028800 
-12.000000	-0.796981 	0.063621  	-5.748800 
-11.000000	-0.753291 	0.051275  	-3.956800 
-10.000000	-0.709600 	0.038930  	-2.164800 
-9.000000 	-0.555900 	0.038220  	-2.009900 
-8.000000 	-0.414200 	0.038240  	-1.869200 
-7.000000 	-0.274500 	0.038110  	-1.736900 
-6.000000 	-0.133800 	0.038230  	-1.603300 
-5.000000 	0.009800  	0.038340  	-1.476700 
-4.000000 	0.148800  	0.038490  	-1.352700 
-3.000000 	0.290500  	0.038750  	-1.232200 
-2.000000 	0.429800  	0.038950  	-1.265700 
-1.000000 	0.569700  	0.039310  	-1.384000 
0.000000  	0.706900  	0.039660  	-1.506700 
1.000000  	0.844000  	0.040100  	-1.632400 
2.000000  	0.979700  	0.040630  	-1.763000 
3.000000  	1.113400  	0.041150  	-1.898600 
4.000000  	1.245800  	0.041770  	-2.039900 
5.000000  	1.376400  	0.042510  	-2.187900 
6.000000  	1.505600  	0.043250  	-2.346500 
7.000000  	1.629100  	0.044237  	-2.531000 
8.000000  	1.752600  	0.045223  	-2.715500 
9.000000  	1.876100  	0.046210  	-2.900000 
10.000000 	1.990700  	0.047570  	-3.117700 
11.000000 	2.100500  	0.049250  	-3.355400 
12.000000 	2.196400  	0.051630  	-3.605100 
13.000000 	2.252600  	0.056410  	-3.829200 
14.000000 	2.255600  	0.065760  	-3.998600 
15.000000 	2.260200  	0.076730  	-4.179300 
16.000000 	2.252100  	0.090230  	-4.344600 
17.000000 	2.238700  	0.105630  	-4.503400 
18.000000 	2.213700  	0.123020  	-4.637400 
19.000000 	2.194400  	0.140030  	-4.783800 
20.000000 	2.179150  	0.156530  	-4.973650 
21.000000 	2.163900  	0.173030  	-5.163500 
22.000000 	2.158200  	0.188080  	-5.371400 
23.000000 	2.158100  	0.202140  	-5.595300 
24.000000 	2.161500  	0.215530  	-5.822500 
25.000000 	2.165700  	0.228450  	-6.056200 
26.000000 	2.173600  	0.240360  	-6.291100 
27.000000 	2.182200  	0.251950  	-6.541900 
28.000000 	2.190500  	0.262620  	-6.785600 
29.000000 	2.199600  	0.273490  	-7.028800 
30.000000 	2.138732  	0.295689  	-7.028800 
31.000000 	2.077863  	0.317887  	-7.028800 
32.000000 	2.016995  	0.340086  	-7.028800 
33.000000 	1.956126  	0.362285  	-7.028800 
34.000000 	1.902566  	0.385471  	-7.028800 
35.000000 	1.853066  	0.409206  	-7.028800 
36.000000 	1.803566  	0.432942  	-7.028800 
37.000000 	1.754066  	0.456677  	-7.028800 
38.000000 	1.706554  	0.480698  	-7.028800 
39.000000 	1.664013  	0.505433  	-7.028800 
40.000000 	1.621472  	0.530168  	-7.028800 
41.000000 	1.578931  	0.554904  	-7.028800 
42.000000 	1.536390  	0.579639  	-7.028800 
43.000000 	1.497799  	0.604783  	-7.028800 
44.000000 	1.459512  	0.629960  	-7.028800 
45.000000 	1.421225  	0.655136  	-7.028800 
46.000000 	1.382937  	0.680312  	-7.028800 
47.000000 	1.346112  	0.705416  	-7.028800 
48.000000 	1.310384  	0.730465  	-7.028800 
49.000000 	1.274655  	0.755515  	-7.028800 
50.000000 	1.238927  	0.780564  	-7.028800 
51.000000 	1.203521  	0.805466  	-7.028800 
52.000000 	1.169300  	0.829825  	-7.028800 
53.000000 	1.135078  	0.854183  	-7.028800 
54.000000 	1.100856  	0.878542  	-7.028800 
55.000000 	1.066635  	0.902901  	-7.028800 
56.000000 	1.033177  	0.926198  	-7.028800 
57.000000 	0.999848  	0.949319  	-7.028800 
58.000000 	0.966518  	0.972440  	-7.028800 
59.000000 	0.933188  	0.995561  	-7.028800 
60.000000 	0.900152  	1.017804  	-7.028800 
61.000000 	0.867411  	1.039170  	-7.028800 
62.000000 	0.834670  	1.060535  	-7.028800 
63.000000 	0.801928  	1.081901  	-7.028800 
64.000000 	0.769261  	1.102947  	-7.028800 
65.000000 	0.737037  	1.122081  	-7.028800 
66.000000 	0.704813  	1.141215  	-7.028800 
67.000000 	0.672589  	1.160348  	-7.028800 
68.000000 	0.640365  	1.179482  	-7.028800 
69.000000 	0.608632  	1.196528  	-7.028800 
70.000000 	0.577032  	1.213006  	-7.028800 
71.000000 	0.545432  	1.229484  	-7.028800 
72.000000 	0.513832  	1.245961  	-7.028800 
73.000000 	0.482604  	1.261145  	-7.028800 
74.000000 	0.451873  	1.274604  	-7.028800 
75.000000 	0.421142  	1.288063  	-7.028800 
76.000000 	0.390411  	1.301522  	-7.028800 
77.000000 	0.359767  	1.314745  	-7.028800 
78.000000 	0.330257  	1.324893  	-7.028800 
79.000000 	0.300748  	1.335042  	-7.028800 
80.000000 	0.271239  	1.345190  	-7.028800 
81.000000 	0.241729  	1.355339  	-7.028800 
82.000000 	0.213404  	1.362968  	-7.028800 
83.000000 	0.185553  	1.369591  	-7.028800 
84.000000 	0.157702  	1.376213  	-7.028800 
85.000000 	0.129851  	1.382835  	-7.028800 
86.000000 	0.102771  	1.388151  	-7.028800 
87.000000 	0.077078  	1.391113  	-7.028800 
88.000000 	0.051385  	1.394075  	-7.028800 
89.000000 	0.025693  	1.397038  	-7.028800 
90.000000 	0.000000  	1.400000  	-7.028800 
91.000000 	-0.017985 	1.397038  	-7.028800 
92.000000 	-0.035970 	1.394075  	-7.028800 
93.000000 	-0.053955 	1.391113  	-7.028800 
94.000000 	-0.071940 	1.388151  	-7.028800 
95.000000 	-0.090896 	1.382835  	-7.028800 
96.000000 	-0.110392 	1.376213  	-7.028800 
97.000000 	-0.129887 	1.369591  	-7.028800 
98.000000 	-0.149383 	1.362968  	-7.028800 
99.000000 	-0.169210 	1.355339  	-7.028800 
100.000000	-0.189867 	1.345190  	-7.028800 
101.000000	-0.210524 	1.335042  	-7.028800 
102.000000	-0.231180 	1.324893  	-7.028800 
103.000000	-0.251837 	1.314745  	-7.028800 
104.000000	-0.273287 	1.301522  	-7.028800 
105.000000	-0.294799 	1.288063  	-7.028800 
106.000000	-0.316311 	1.274604  	-7.028800 
107.000000	-0.337823 	1.261145  	-7.028800 
108.000000	-0.359682 	1.245961  	-7.028800 
109.000000	-0.381802 	1.229484  	-7.028800 
110.000000	-0.403922 	1.213006  	-7.028800 
111.000000	-0.426042 	1.196528  	-7.028800 
112.000000	-0.448256 	1.179482  	-7.028800 
113.000000	-0.470812 	1.160348  	-7.028800 
114.000000	-0.493369 	1.141215  	-7.028800 
115.000000	-0.515926 	1.122081  	-7.028800 
116.000000	-0.538483 	1.102947  	-7.028800 
117.000000	-0.561350 	1.081901  	-7.028800 
118.000000	-0.584269 	1.060535  	-7.028800 
119.000000	-0.607188 	1.039170  	-7.028800 
120.000000	-0.630107 	1.017804  	-7.028800 
121.000000	-0.653232 	0.995561  	-7.028800 
122.000000	-0.676562 	0.972440  	-7.028800 
123.000000	-0.699893 	0.949319  	-7.028800 
124.000000	-0.723224 	0.926198  	-7.028800 
125.000000	-0.746644 	0.902901  	-7.028800 
126.000000	-0.770599 	0.878542  	-7.028800 
127.000000	-0.794555 	0.854183  	-7.028800 
128.000000	-0.818510 	0.829825  	-7.028800 
129.000000	-0.842465 	0.805466  	-7.028800 
130.000000	-0.867249 	0.780564  	-7.028800 
131.000000	-0.892259 	0.755515  	-7.028800 
132.000000	-0.917269 	0.730465  	-7.028800 
133.000000	-0.942279 	0.705416  	-7.028800 
134.000000	-0.968056 	0.680312  	-7.028800 
135.000000	-0.994857 	0.655136  	-7.028800 
136.000000	-1.021658 	0.629960  	-7.028800 
137.000000	-1.048459 	0.604783  	-7.028800 
138.000000	-1.075473 	0.579639  	-7.028800 
139.000000	-1.105252 	0.554904  	-7.028800 
140.000000	-1.135030 	0.530168  	-7.028800 
141.000000	-1.164809 	0.505433  	-7.028800 
142.000000	-1.194588 	0.480698  	-7.028800 
143.000000	-1.227846 	0.456677  	-7.028800 
144.000000	-1.262496 	0.432942  	-7.028800 
145.000000	-1.297146 	0.409206  	-7.028800 
146.000000	-1.331796 	0.385471  	-7.028800 
147.000000	-1.369288 	0.362285  	-7.028800 
148.000000	-1.411896 	0.340086  	-7.028800 
149.000000	-1.454504 	0.317887  	-7.028800 
150.000000	-1.497112 	0.295689  	-7.028800 
151.000000	-1.539720 	0.273490  	-7.028800 
152.000000	-1.486626 	0.252734  	-7.028800 
153.000000	-1.433532 	0.231979  	-7.028800 
154.000000	-1.380439 	0.212223  	-7.028800 
155.000000	-1.327345 	0.192545  	-7.028800 
156.000000	-1.274251 	0.173877  	-7.028800 
157.000000	-1.221157 	0.155376  	-7.028800 
158.000000	-1.168063 	0.137877  	-7.028800 
159.000000	-1.114970 	0.120650  	-7.028800 
160.000000	-1.061876 	0.104396  	-7.028800 
161.000000	-1.008782 	0.088530  	-7.028800 
162.000000	-0.955688 	0.073593  	-7.028800 
163.000000	-0.902594 	0.059171  	-7.028800 
164.000000	-0.849501 	0.045615  	-7.028800 
165.000000	-0.796407 	0.032710  	-7.028800 
166.000000	-0.743313 	0.020597  	-7.028800 
167.000000	-0.690219 	0.009275  	-7.028800 
168.000000	-0.637126 	0.002432  	-7.028800 
169.000000	-0.584032 	0.001560  	-7.028800 
170.000000	-0.530938 	0.001000  	-7.028800 
171.000000	-0.477844 	0.001000  	-7.028800 
172.000000	-0.424750 	0.001000  	-7.028800 
173.000000	-0.371657 	0.001000  	-7.028800 
174.000000	-0.318563 	0.001000  	-7.028800 
175.000000	-0.265469 	0.001000  	-7.028800 
176.000000	-0.212375 	0.001000  	-7.028800 
177.000000	-0.159281 	0.001000  	-7.028800 
178.000000	-0.106188 	0.001000  	-7.028800 
179.000000	-0.053094 	0.001000  	-7.028800 
180.000000	0.000000  	0.001000  	-7.028800 
! ------------------------------------------------------------------------------
! data for table	4         
! ------------------------------------------------------------------------------
  0.500000  	Re           ! Reynolds number in millions
  0.000000  	UserProp     ! User property (control) setting
Flase           InclUAdata   ! Is unsteady aerodynamics data included in this table? If TRUE, then include UA coefficients below this line. Any missing coefficients will be calculated internally.
! Table of aerodynamics coefficients
  361       	NumAlf       ! Number of data lines in the following table
!Alpha      Cl          Cd          Cm/Cp
!(deg)      (-)         (-)         (-)
-180.000000	0.000000  	0.001000  	-7.034100 
-179.000000	0.053050  	0.001000  	-7.034100 
-178.000000	0.106101  	0.001000  	-7.034100 
-177.000000	0.159151  	0.001000  	-7.034100 
-176.000000	0.212201  	0.001000  	-7.034100 
-175.000000	0.265252  	0.001000  	-7.034100 
-174.000000	0.318302  	0.001000  	-7.034100 
-173.000000	0.371352  	0.001000  	-7.034100 
-172.000000	0.424403  	0.001000  	-7.034100 
-171.000000	0.477453  	0.001000  	-7.034100 
-170.000000	0.530503  	0.001000  	-7.034100 
-169.000000	0.583554  	0.002198  	-7.034100 
-168.000000	0.636604  	0.004061  	-7.034100 
-167.000000	0.689654  	0.011325  	-7.034100 
-166.000000	0.742705  	0.022638  	-7.034100 
-165.000000	0.795755  	0.034742  	-7.034100 
-164.000000	0.848806  	0.047637  	-7.034100 
-163.000000	0.901856  	0.061182  	-7.034100 
-162.000000	0.954906  	0.075593  	-7.034100 
-161.000000	1.007957  	0.090519  	-7.034100 
-160.000000	1.061007  	0.106372  	-7.034100 
-159.000000	1.114057  	0.122614  	-7.034100 
-158.000000	1.167108  	0.139827  	-7.034100 
-157.000000	1.220158  	0.157313  	-7.034100 
-156.000000	1.273208  	0.175798  	-7.034100 
-155.000000	1.326259  	0.194452  	-7.034100 
-154.000000	1.379309  	0.214114  	-7.034100 
-153.000000	1.432359  	0.233853  	-7.034100 
-152.000000	1.485410  	0.254592  	-7.034100 
-151.000000	1.538460  	0.275330  	-7.034100 
-150.000000	1.495909  	0.297510  	-7.034100 
-149.000000	1.453357  	0.319689  	-7.034100 
-148.000000	1.410806  	0.341869  	-7.034100 
-147.000000	1.368255  	0.364048  	-7.034100 
-146.000000	1.330812  	0.387214  	-7.034100 
-145.000000	1.296207  	0.410928  	-7.034100 
-144.000000	1.261602  	0.434642  	-7.034100 
-143.000000	1.226997  	0.458356  	-7.034100 
-142.000000	1.193782  	0.482355  	-7.034100 
-141.000000	1.164040  	0.507067  	-7.034100 
-140.000000	1.134298  	0.531779  	-7.034100 
-139.000000	1.104556  	0.556490  	-7.034100 
-138.000000	1.074814  	0.581202  	-7.034100 
-137.000000	1.047831  	0.606321  	-7.034100 
-136.000000	1.021060  	0.631472  	-7.034100 
-135.000000	0.994290  	0.656623  	-7.034100 
-134.000000	0.967519  	0.681773  	-7.034100 
-133.000000	0.941770  	0.706850  	-7.034100 
-132.000000	0.916785  	0.731872  	-7.034100 
-131.000000	0.891801  	0.756894  	-7.034100 
-130.000000	0.866817  	0.781916  	-7.034100 
-129.000000	0.842057  	0.806790  	-7.034100 
-128.000000	0.818124  	0.831119  	-7.034100 
-127.000000	0.794190  	0.855448  	-7.034100 
-126.000000	0.770257  	0.879778  	-7.034100 
-125.000000	0.746323  	0.904107  	-7.034100 
-124.000000	0.722922  	0.927374  	-7.034100 
-123.000000	0.699609  	0.950464  	-7.034100 
-122.000000	0.676296  	0.973554  	-7.034100 
-121.000000	0.652984  	0.996644  	-7.034100 
-120.000000	0.629875  	1.018856  	-7.034100 
-119.000000	0.606972  	1.040189  	-7.034100 
-118.000000	0.584068  	1.061522  	-7.034100 
-117.000000	0.561164  	1.082855  	-7.034100 
-116.000000	0.538312  	1.103870  	-7.034100 
-115.000000	0.515767  	1.122970  	-7.034100 
-114.000000	0.493223  	1.142070  	-7.034100 
-113.000000	0.470679  	1.161170  	-7.034100 
-112.000000	0.448135  	1.180270  	-7.034100 
-111.000000	0.425932  	1.197282  	-7.034100 
-110.000000	0.403821  	1.213725  	-7.034100 
-109.000000	0.381711  	1.230168  	-7.034100 
-108.000000	0.359601  	1.246611  	-7.034100 
-107.000000	0.337751  	1.261760  	-7.034100 
-106.000000	0.316247  	1.275184  	-7.034100 
-105.000000	0.294743  	1.288607  	-7.034100 
-104.000000	0.273238  	1.302031  	-7.034100 
-103.000000	0.251795  	1.315218  	-7.034100 
-102.000000	0.231144  	1.325330  	-7.034100 
-101.000000	0.210493  	1.335443  	-7.034100 
-100.000000	0.189842  	1.345555  	-7.034100 
-99.000000	0.169190  	1.355668  	-7.034100 
-98.000000	0.149367  	1.363261  	-7.034100 
-97.000000	0.129874  	1.369847  	-7.034100 
-96.000000	0.110382  	1.376433  	-7.034100 
-95.000000	0.090889  	1.383019  	-7.034100 
-94.000000	0.071935  	1.388297  	-7.034100 
-93.000000	0.053952  	1.391223  	-7.034100 
-92.000000	0.035968  	1.394149  	-7.034100 
-91.000000	0.017984  	1.397074  	-7.034100 
-90.000000	0.000000  	1.400000  	-7.034100 
-89.000000	-0.017984 	1.397074  	-7.034100 
-88.000000	-0.035968 	1.394149  	-7.034100 
-87.000000	-0.053952 	1.391223  	-7.034100 
-86.000000	-0.071935 	1.388297  	-7.034100 
-85.000000	-0.090889 	1.383019  	-7.034100 
-84.000000	-0.110382 	1.376433  	-7.034100 
-83.000000	-0.129874 	1.369847  	-7.034100 
-82.000000	-0.149367 	1.363261  	-7.034100 
-81.000000	-0.169190 	1.355668  	-7.034100 
-80.000000	-0.189842 	1.345555  	-7.034100 
-79.000000	-0.210493 	1.335443  	-7.034100 
-78.000000	-0.231144 	1.325330  	-7.034100 
-77.000000	-0.251795 	1.315218  	-7.034100 
-76.000000	-0.273238 	1.302031  	-7.034100 
-75.000000	-0.294743 	1.288607  	-7.034100 
-74.000000	-0.316247 	1.275184  	-7.034100 
-73.000000	-0.337751 	1.261760  	-7.034100 
-72.000000	-0.359601 	1.246611  	-7.034100 
-71.000000	-0.381711 	1.230168  	-7.034100 
-70.000000	-0.403821 	1.213725  	-7.034100 
-69.000000	-0.425932 	1.197282  	-7.034100 
-68.000000	-0.448135 	1.180270  	-7.034100 
-67.000000	-0.470679 	1.161170  	-7.034100 
-66.000000	-0.493223 	1.142070  	-7.034100 
-65.000000	-0.515767 	1.122970  	-7.034100 
-64.000000	-0.538312 	1.103870  	-7.034100 
-63.000000	-0.561164 	1.082855  	-7.034100 
-62.000000	-0.584068 	1.061522  	-7.034100 
-61.000000	-0.606972 	1.040189  	-7.034100 
-60.000000	-0.629875 	1.018856  	-7.034100 
-59.000000	-0.652984 	0.996644  	-7.034100 
-58.000000	-0.676296 	0.973554  	-7.034100 
-57.000000	-0.699609 	0.950464  	-7.034100 
-56.000000	-0.722922 	0.927374  	-7.034100 
-55.000000	-0.746323 	0.904107  	-7.034100 
-54.000000	-0.770257 	0.879778  	-7.034100 
-53.000000	-0.794190 	0.855448  	-7.034100 
-52.000000	-0.818124 	0.831119  	-7.034100 
-51.000000	-0.842057 	0.806790  	-7.034100 
-50.000000	-0.866817 	0.781916  	-7.034100 
-49.000000	-0.891801 	0.756894  	-7.034100 
-48.000000	-0.916785 	0.731872  	-7.034100 
-47.000000	-0.941770 	0.706850  	-7.034100 
-46.000000	-0.967519 	0.681773  	-7.034100 
-45.000000	-0.994290 	0.656623  	-7.034100 
-44.000000	-1.021060 	0.631472  	-7.034100 
-43.000000	-1.047831 	0.606321  	-7.034100 
-42.000000	-1.074814 	0.581202  	-7.034100 
-41.000000	-1.104556 	0.556490  	-7.034100 
-40.000000	-1.134298 	0.531779  	-7.034100 
-39.000000	-1.164040 	0.507067  	-7.034100 
-38.000000	-1.193782 	0.482355  	-7.034100 
-37.000000	-1.226997 	0.458356  	-7.034100 
-36.000000	-1.261602 	0.434642  	-7.034100 
-35.000000	-1.296207 	0.410928  	-7.034100 
-34.000000	-1.330812 	0.387214  	-7.034100 
-33.000000	-1.368255 	0.364048  	-7.034100 
-32.000000	-1.410806 	0.341869  	-7.034100 
-31.000000	-1.453357 	0.319689  	-7.034100 
-30.000000	-1.495909 	0.297510  	-7.034100 
-29.000000	-1.538460 	0.275330  	-7.034100 
-28.000000	-1.493815 	0.262792  	-7.034100 
-27.000000	-1.449169 	0.250254  	-7.034100 
-26.000000	-1.404524 	0.237716  	-7.034100 
-25.000000	-1.359879 	0.225178  	-7.034100 
-24.000000	-1.315234 	0.212641  	-7.034100 
-23.000000	-1.270588 	0.200103  	-7.034100 
-22.000000	-1.225943 	0.187565  	-7.034100 
-21.000000	-1.181298 	0.175027  	-7.034100 
-20.000000	-1.136653 	0.162489  	-7.034100 
-19.000000	-1.092007 	0.149951  	-7.034100 
-18.000000	-1.047362 	0.137413  	-7.034100 
-17.000000	-1.002717 	0.124875  	-7.034100 
-16.000000	-0.958072 	0.112337  	-7.034100 
-15.000000	-0.913426 	0.099799  	-7.034100 
-14.000000	-0.868781 	0.087262  	-7.034100 
-13.000000	-0.824136 	0.074724  	-7.034100 
-12.000000	-0.779491 	0.062186  	-5.752311 
-11.000000	-0.734845 	0.049648  	-3.957805 
-10.000000	-0.690200 	0.037110  	-2.163300 
-9.000000 	-0.549000 	0.037070  	-2.020500 
-8.000000 	-0.411100 	0.037210  	-1.879500 
-7.000000 	-0.269000 	0.037350  	-1.743700 
-6.000000 	-0.126800 	0.037470  	-1.610800 
-5.000000 	0.014100  	0.037670  	-1.482800 
-4.000000 	0.156100  	0.037920  	-1.356900 
-3.000000 	0.296200  	0.038150  	-1.237100 
-2.000000 	0.436300  	0.038470  	-1.271800 
-1.000000 	0.575400  	0.038790  	-1.390300 
0.000000  	0.714200  	0.039140  	-1.514100 
1.000000  	0.851200  	0.039550  	-1.640100 
2.000000  	0.987000  	0.040000  	-1.771500 
3.000000  	1.121600  	0.040510  	-1.908000 
4.000000  	1.254000  	0.041120  	-2.049900 
5.000000  	1.385500  	0.041650  	-2.199400 
6.000000  	1.513350  	0.042395  	-2.363350 
7.000000  	1.641200  	0.043140  	-2.527300 
8.000000  	1.766600  	0.043940  	-2.713100 
9.000000  	1.886900  	0.045020  	-2.914200 
10.000000 	2.004600  	0.046200  	-3.136500 
11.000000 	2.115400  	0.047730  	-3.376200 
12.000000 	2.214700  	0.049970  	-3.631600 
13.000000 	2.274000  	0.054690  	-3.861800 
14.000000 	2.278800  	0.064010  	-4.035900 
15.000000 	2.288400  	0.074720  	-4.227300 
16.000000 	2.282700  	0.088090  	-4.399600 
17.000000 	2.259800  	0.104560  	-4.544900 
18.000000 	2.236600  	0.121730  	-4.684900 
19.000000 	2.210500  	0.139450  	-4.824100 
20.000000 	2.188000  	0.156950  	-5.000900 
21.000000 	2.172800  	0.173350  	-5.189500 
22.000000 	2.166800  	0.188450  	-5.399500 
23.000000 	2.165750  	0.202505  	-5.618300 
24.000000 	2.164700  	0.216560  	-5.837100 
25.000000 	2.170700  	0.229190  	-6.078100 
26.000000 	2.177600  	0.241320  	-6.312400 
27.000000 	2.185300  	0.253010  	-6.561900 
28.000000 	2.192800  	0.264360  	-6.804200 
29.000000 	2.197800  	0.275330  	-7.034100 
30.000000 	2.137012  	0.297510  	-7.034100 
31.000000 	2.076225  	0.319689  	-7.034100 
32.000000 	2.015437  	0.341869  	-7.034100 
33.000000 	1.954650  	0.364048  	-7.034100 
34.000000 	1.901160  	0.387214  	-7.034100 
35.000000 	1.851724  	0.410928  	-7.034100 
36.000000 	1.802289  	0.434642  	-7.034100 
37.000000 	1.752853  	0.458356  	-7.034100 
38.000000 	1.705402  	0.482355  	-7.034100 
39.000000 	1.662914  	0.507067  	-7.034100 
40.000000 	1.620425  	0.531779  	-7.034100 
41.000000 	1.577937  	0.556490  	-7.034100 
42.000000 	1.535448  	0.581202  	-7.034100 
43.000000 	1.496901  	0.606321  	-7.034100 
44.000000 	1.458658  	0.631472  	-7.034100 
45.000000 	1.420414  	0.656623  	-7.034100 
46.000000 	1.382171  	0.681773  	-7.034100 
47.000000 	1.345385  	0.706850  	-7.034100 
48.000000 	1.309693  	0.731872  	-7.034100 
49.000000 	1.274001  	0.756894  	-7.034100 
50.000000 	1.238309  	0.781916  	-7.034100 
51.000000 	1.202939  	0.806790  	-7.034100 
52.000000 	1.168748  	0.831119  	-7.034100 
53.000000 	1.134558  	0.855448  	-7.034100 
54.000000 	1.100367  	0.879778  	-7.034100 
55.000000 	1.066176  	0.904107  	-7.034100 
56.000000 	1.032746  	0.927374  	-7.034100 
57.000000 	0.999442  	0.950464  	-7.034100 
58.000000 	0.966138  	0.973554  	-7.034100 
59.000000 	0.932834  	0.996644  	-7.034100 
60.000000 	0.899822  	1.018856  	-7.034100 
61.000000 	0.867102  	1.040189  	-7.034100 
62.000000 	0.834383  	1.061522  	-7.034100 
63.000000 	0.801663  	1.082855  	-7.034100 
64.000000 	0.769017  	1.103870  	-7.034100 
65.000000 	0.736811  	1.122970  	-7.034100 
66.000000 	0.704605  	1.142070  	-7.034100 
67.000000 	0.672398  	1.161170  	-7.034100 
68.000000 	0.640192  	1.180270  	-7.034100 
69.000000 	0.608474  	1.197282  	-7.034100 
70.000000 	0.576888  	1.213725  	-7.034100 
71.000000 	0.545302  	1.230168  	-7.034100 
72.000000 	0.513716  	1.246611  	-7.034100 
73.000000 	0.482501  	1.261760  	-7.034100 
74.000000 	0.451781  	1.275184  	-7.034100 
75.000000 	0.421061  	1.288607  	-7.034100 
76.000000 	0.390341  	1.302031  	-7.034100 
77.000000 	0.359707  	1.315218  	-7.034100 
78.000000 	0.330206  	1.325330  	-7.034100 
79.000000 	0.300704  	1.335443  	-7.034100 
80.000000 	0.271202  	1.345555  	-7.034100 
81.000000 	0.241700  	1.355668  	-7.034100 
82.000000 	0.213381  	1.363261  	-7.034100 
83.000000 	0.185535  	1.369847  	-7.034100 
84.000000 	0.157688  	1.376433  	-7.034100 
85.000000 	0.129842  	1.383019  	-7.034100 
86.000000 	0.102765  	1.388297  	-7.034100 
87.000000 	0.077074  	1.391223  	-7.034100 
88.000000 	0.051382  	1.394149  	-7.034100 
89.000000 	0.025691  	1.397074  	-7.034100 
90.000000 	0.000000  	1.400000  	-7.034100 
91.000000 	-0.017984 	1.397074  	-7.034100 
92.000000 	-0.035968 	1.394149  	-7.034100 
93.000000 	-0.053952 	1.391223  	-7.034100 
94.000000 	-0.071935 	1.388297  	-7.034100 
95.000000 	-0.090889 	1.383019  	-7.034100 
96.000000 	-0.110382 	1.376433  	-7.034100 
97.000000 	-0.129874 	1.369847  	-7.034100 
98.000000 	-0.149367 	1.363261  	-7.034100 
99.000000 	-0.169190 	1.355668  	-7.034100 
100.000000	-0.189842 	1.345555  	-7.034100 
101.000000	-0.210493 	1.335443  	-7.034100 
102.000000	-0.231144 	1.325330  	-7.034100 
103.000000	-0.251795 	1.315218  	-7.034100 
104.000000	-0.273238 	1.302031  	-7.034100 
105.000000	-0.294743 	1.288607  	-7.034100 
106.000000	-0.316247 	1.275184  	-7.034100 
107.000000	-0.337751 	1.261760  	-7.034100 
108.000000	-0.359601 	1.246611  	-7.034100 
109.000000	-0.381711 	1.230168  	-7.034100 
110.000000	-0.403821 	1.213725  	-7.034100 
111.000000	-0.425932 	1.197282  	-7.034100 
112.000000	-0.448135 	1.180270  	-7.034100 
113.000000	-0.470679 	1.161170  	-7.034100 
114.000000	-0.493223 	1.142070  	-7.034100 
115.000000	-0.515767 	1.122970  	-7.034100 
116.000000	-0.538312 	1.103870  	-7.034100 
117.000000	-0.561164 	1.082855  	-7.034100 
118.000000	-0.584068 	1.061522  	-7.034100 
119.000000	-0.606972 	1.040189  	-7.034100 
120.000000	-0.629875 	1.018856  	-7.034100 
121.000000	-0.652984 	0.996644  	-7.034100 
122.000000	-0.676296 	0.973554  	-7.034100 
123.000000	-0.699609 	0.950464  	-7.034100 
124.000000	-0.722922 	0.927374  	-7.034100 
125.000000	-0.746323 	0.904107  	-7.034100 
126.000000	-0.770257 	0.879778  	-7.034100 
127.000000	-0.794190 	0.855448  	-7.034100 
128.000000	-0.818124 	0.831119  	-7.034100 
129.000000	-0.842057 	0.806790  	-7.034100 
130.000000	-0.866817 	0.781916  	-7.034100 
131.000000	-0.891801 	0.756894  	-7.034100 
132.000000	-0.916785 	0.731872  	-7.034100 
133.000000	-0.941770 	0.706850  	-7.034100 
134.000000	-0.967519 	0.681773  	-7.034100 
135.000000	-0.994290 	0.656623  	-7.034100 
136.000000	-1.021060 	0.631472  	-7.034100 
137.000000	-1.047831 	0.606321  	-7.034100 
138.000000	-1.074814 	0.581202  	-7.034100 
139.000000	-1.104556 	0.556490  	-7.034100 
140.000000	-1.134298 	0.531779  	-7.034100 
141.000000	-1.164040 	0.507067  	-7.034100 
142.000000	-1.193782 	0.482355  	-7.034100 
143.000000	-1.226997 	0.458356  	-7.034100 
144.000000	-1.261602 	0.434642  	-7.034100 
145.000000	-1.296207 	0.410928  	-7.034100 
146.000000	-1.330812 	0.387214  	-7.034100 
147.000000	-1.368255 	0.364048  	-7.034100 
148.000000	-1.410806 	0.341869  	-7.034100 
149.000000	-1.453357 	0.319689  	-7.034100 
150.000000	-1.495909 	0.297510  	-7.034100 
151.000000	-1.538460 	0.275330  	-7.034100 
152.000000	-1.485410 	0.254592  	-7.034100 
153.000000	-1.432359 	0.233853  	-7.034100 
154.000000	-1.379309 	0.214114  	-7.034100 
155.000000	-1.326259 	0.194452  	-7.034100 
156.000000	-1.273208 	0.175798  	-7.034100 
157.000000	-1.220158 	0.157313  	-7.034100 
158.000000	-1.167108 	0.139827  	-7.034100 
159.000000	-1.114057 	0.122614  	-7.034100 
160.000000	-1.061007 	0.106372  	-7.034100 
161.000000	-1.007957 	0.090519  	-7.034100 
162.000000	-0.954906 	0.075593  	-7.034100 
163.000000	-0.901856 	0.061182  	-7.034100 
164.000000	-0.848806 	0.047637  	-7.034100 
165.000000	-0.795755 	0.034742  	-7.034100 
166.000000	-0.742705 	0.022638  	-7.034100 
167.000000	-0.689654 	0.011325  	-7.034100 
168.000000	-0.636604 	0.004061  	-7.034100 
169.000000	-0.583554 	0.002198  	-7.034100 
170.000000	-0.530503 	0.001000  	-7.034100 
171.000000	-0.477453 	0.001000  	-7.034100 
172.000000	-0.424403 	0.001000  	-7.034100 
173.000000	-0.371352 	0.001000  	-7.034100 
174.000000	-0.318302 	0.001000  	-7.034100 
175.000000	-0.265252 	0.001000  	-7.034100 
176.000000	-0.212201 	0.001000  	-7.034100 
177.000000	-0.159151 	0.001000  	-7.034100 
178.000000	-0.106101 	0.001000  	-7.034100 
179.000000	-0.053050 	0.001000  	-7.034100 
180.000000	0.000000  	0.001000  	-7.034100 
! ------------------------------------------------------------------------------
! data for table	5         
! ------------------------------------------------------------------------------
  0.600000  	Re           ! Reynolds number in millions
  0.000000  	UserProp     ! User property (control) setting
Flase           InclUAdata   ! Is unsteady aerodynamics data included in this table? If TRUE, then include UA coefficients below this line. Any missing coefficients will be calculated internally.
! Table of aerodynamics coefficients
  361       	NumAlf       ! Number of data lines in the following table
!Alpha      Cl          Cd          Cm/Cp
!(deg)      (-)         (-)         (-)
-180.000000	0.000000  	0.001000  	-7.061100 
-179.000000	0.053159  	0.001000  	-7.061100 
-178.000000	0.106318  	0.001000  	-7.061100 
-177.000000	0.159477  	0.001000  	-7.061100 
-176.000000	0.212636  	0.001000  	-7.061100 
-175.000000	0.265795  	0.001000  	-7.061100 
-174.000000	0.318954  	0.001000  	-7.061100 
-173.000000	0.372113  	0.001000  	-7.061100 
-172.000000	0.425272  	0.001000  	-7.061100 
-171.000000	0.478431  	0.001000  	-7.061100 
-170.000000	0.531590  	0.001000  	-7.061100 
-169.000000	0.584749  	0.002427  	-7.061100 
-168.000000	0.637908  	0.004646  	-7.061100 
-167.000000	0.691067  	0.012060  	-7.061100 
-166.000000	0.744226  	0.023370  	-7.061100 
-165.000000	0.797384  	0.035471  	-7.061100 
-164.000000	0.850543  	0.048363  	-7.061100 
-163.000000	0.903702  	0.061904  	-7.061100 
-162.000000	0.956861  	0.076311  	-7.061100 
-161.000000	1.010020  	0.091233  	-7.061100 
-160.000000	1.063179  	0.107081  	-7.061100 
-159.000000	1.116338  	0.123318  	-7.061100 
-158.000000	1.169497  	0.140527  	-7.061100 
-157.000000	1.222656  	0.158007  	-7.061100 
-156.000000	1.275815  	0.176487  	-7.061100 
-155.000000	1.328974  	0.195135  	-7.061100 
-154.000000	1.382133  	0.214792  	-7.061100 
-153.000000	1.435292  	0.234525  	-7.061100 
-152.000000	1.488451  	0.255258  	-7.061100 
-151.000000	1.541610  	0.275990  	-7.061100 
-150.000000	1.498917  	0.298163  	-7.061100 
-149.000000	1.456224  	0.320336  	-7.061100 
-148.000000	1.413531  	0.342508  	-7.061100 
-147.000000	1.370839  	0.364681  	-7.061100 
-146.000000	1.333273  	0.387840  	-7.061100 
-145.000000	1.298555  	0.411546  	-7.061100 
-144.000000	1.263837  	0.435253  	-7.061100 
-143.000000	1.229120  	0.458959  	-7.061100 
-142.000000	1.195798  	0.482950  	-7.061100 
-141.000000	1.165964  	0.507653  	-7.061100 
-140.000000	1.136130  	0.532356  	-7.061100 
-139.000000	1.106296  	0.557060  	-7.061100 
-138.000000	1.076462  	0.581763  	-7.061100 
-137.000000	1.049402  	0.606873  	-7.061100 
-136.000000	1.022555  	0.632014  	-7.061100 
-135.000000	0.995708  	0.657156  	-7.061100 
-134.000000	0.968861  	0.682297  	-7.061100 
-133.000000	0.943042  	0.707365  	-7.061100 
-132.000000	0.917994  	0.732377  	-7.061100 
-131.000000	0.892945  	0.757389  	-7.061100 
-130.000000	0.867897  	0.782401  	-7.061100 
-129.000000	0.843076  	0.807264  	-7.061100 
-128.000000	0.819088  	0.831583  	-7.061100 
-127.000000	0.795101  	0.855902  	-7.061100 
-126.000000	0.771113  	0.880221  	-7.061100 
-125.000000	0.747126  	0.904540  	-7.061100 
-124.000000	0.723678  	0.927796  	-7.061100 
-123.000000	0.700320  	0.950875  	-7.061100 
-122.000000	0.676961  	0.973954  	-7.061100 
-121.000000	0.653603  	0.997033  	-7.061100 
-120.000000	0.630453  	1.019233  	-7.061100 
-119.000000	0.607512  	1.040555  	-7.061100 
-118.000000	0.584570  	1.061876  	-7.061100 
-117.000000	0.561628  	1.083198  	-7.061100 
-116.000000	0.538739  	1.104200  	-7.061100 
-115.000000	0.516164  	1.123288  	-7.061100 
-114.000000	0.493588  	1.142376  	-7.061100 
-113.000000	0.471013  	1.161464  	-7.061100 
-112.000000	0.448437  	1.180552  	-7.061100 
-111.000000	0.426208  	1.197552  	-7.061100 
-110.000000	0.404073  	1.213983  	-7.061100 
-109.000000	0.381938  	1.230413  	-7.061100 
-108.000000	0.359803  	1.246844  	-7.061100 
-107.000000	0.337931  	1.261980  	-7.061100 
-106.000000	0.316407  	1.275391  	-7.061100 
-105.000000	0.294884  	1.288802  	-7.061100 
-104.000000	0.273361  	1.302213  	-7.061100 
-103.000000	0.251899  	1.315388  	-7.061100 
-102.000000	0.231234  	1.325487  	-7.061100 
-101.000000	0.210570  	1.335587  	-7.061100 
-100.000000	0.189905  	1.345686  	-7.061100 
-99.000000	0.169241  	1.355786  	-7.061100 
-98.000000	0.149407  	1.363366  	-7.061100 
-97.000000	0.129907  	1.369939  	-7.061100 
-96.000000	0.110406  	1.376512  	-7.061100 
-95.000000	0.090906  	1.383084  	-7.061100 
-94.000000	0.071946  	1.388350  	-7.061100 
-93.000000	0.053960  	1.391262  	-7.061100 
-92.000000	0.035973  	1.394175  	-7.061100 
-91.000000	0.017987  	1.397087  	-7.061100 
-90.000000	0.000000  	1.400000  	-7.061100 
-89.000000	-0.017987 	1.397087  	-7.061100 
-88.000000	-0.035973 	1.394175  	-7.061100 
-87.000000	-0.053960 	1.391262  	-7.061100 
-86.000000	-0.071946 	1.388350  	-7.061100 
-85.000000	-0.090906 	1.383084  	-7.061100 
-84.000000	-0.110406 	1.376512  	-7.061100 
-83.000000	-0.129907 	1.369939  	-7.061100 
-82.000000	-0.149407 	1.363366  	-7.061100 
-81.000000	-0.169241 	1.355786  	-7.061100 
-80.000000	-0.189905 	1.345686  	-7.061100 
-79.000000	-0.210570 	1.335587  	-7.061100 
-78.000000	-0.231234 	1.325487  	-7.061100 
-77.000000	-0.251899 	1.315388  	-7.061100 
-76.000000	-0.273361 	1.302213  	-7.061100 
-75.000000	-0.294884 	1.288802  	-7.061100 
-74.000000	-0.316407 	1.275391  	-7.061100 
-73.000000	-0.337931 	1.261980  	-7.061100 
-72.000000	-0.359803 	1.246844  	-7.061100 
-71.000000	-0.381938 	1.230413  	-7.061100 
-70.000000	-0.404073 	1.213983  	-7.061100 
-69.000000	-0.426208 	1.197552  	-7.061100 
-68.000000	-0.448437 	1.180552  	-7.061100 
-67.000000	-0.471013 	1.161464  	-7.061100 
-66.000000	-0.493588 	1.142376  	-7.061100 
-65.000000	-0.516164 	1.123288  	-7.061100 
-64.000000	-0.538739 	1.104200  	-7.061100 
-63.000000	-0.561628 	1.083198  	-7.061100 
-62.000000	-0.584570 	1.061876  	-7.061100 
-61.000000	-0.607512 	1.040555  	-7.061100 
-60.000000	-0.630453 	1.019233  	-7.061100 
-59.000000	-0.653603 	0.997033  	-7.061100 
-58.000000	-0.676961 	0.973954  	-7.061100 
-57.000000	-0.700320 	0.950875  	-7.061100 
-56.000000	-0.723678 	0.927796  	-7.061100 
-55.000000	-0.747126 	0.904540  	-7.061100 
-54.000000	-0.771113 	0.880221  	-7.061100 
-53.000000	-0.795101 	0.855902  	-7.061100 
-52.000000	-0.819088 	0.831583  	-7.061100 
-51.000000	-0.843076 	0.807264  	-7.061100 
-50.000000	-0.867897 	0.782401  	-7.061100 
-49.000000	-0.892945 	0.757389  	-7.061100 
-48.000000	-0.917994 	0.732377  	-7.061100 
-47.000000	-0.943042 	0.707365  	-7.061100 
-46.000000	-0.968861 	0.682297  	-7.061100 
-45.000000	-0.995708 	0.657156  	-7.061100 
-44.000000	-1.022555 	0.632014  	-7.061100 
-43.000000	-1.049402 	0.606873  	-7.061100 
-42.000000	-1.076462 	0.581763  	-7.061100 
-41.000000	-1.106296 	0.557060  	-7.061100 
-40.000000	-1.136130 	0.532356  	-7.061100 
-39.000000	-1.165964 	0.507653  	-7.061100 
-38.000000	-1.195798 	0.482950  	-7.061100 
-37.000000	-1.229120 	0.458959  	-7.061100 
-36.000000	-1.263837 	0.435253  	-7.061100 
-35.000000	-1.298555 	0.411546  	-7.061100 
-34.000000	-1.333273 	0.387840  	-7.061100 
-33.000000	-1.370839 	0.364681  	-7.061100 
-32.000000	-1.413531 	0.342508  	-7.061100 
-31.000000	-1.456224 	0.320336  	-7.061100 
-30.000000	-1.498917 	0.298163  	-7.061100 
-29.000000	-1.541610 	0.275990  	-7.061100 
-28.000000	-1.496599 	0.263373  	-7.061100 
-27.000000	-1.451588 	0.250756  	-7.061100 
-26.000000	-1.406577 	0.238139  	-7.061100 
-25.000000	-1.361566 	0.225523  	-7.061100 
-24.000000	-1.316555 	0.212906  	-7.061100 
-23.000000	-1.271544 	0.200289  	-7.061100 
-22.000000	-1.226533 	0.187672  	-7.061100 
-21.000000	-1.181522 	0.175055  	-7.061100 
-20.000000	-1.136511 	0.162438  	-7.061100 
-19.000000	-1.091499 	0.149822  	-7.061100 
-18.000000	-1.046488 	0.137205  	-7.061100 
-17.000000	-1.001477 	0.124588  	-7.061100 
-16.000000	-0.956466 	0.111971  	-7.061100 
-15.000000	-0.911455 	0.099354  	-7.061100 
-14.000000	-0.866444 	0.086737  	-7.061100 
-13.000000	-0.821433 	0.074121  	-7.061100 
-12.000000	-0.776422 	0.061504  	-5.774047 
-11.000000	-0.731411 	0.048887  	-3.972174 
-10.000000	-0.686400 	0.036270  	-2.170300 
-9.000000 	-0.548800 	0.036570  	-2.027100 
-8.000000 	-0.406300 	0.036730  	-1.885100 
-7.000000 	-0.265500 	0.036890  	-1.749000 
-6.000000 	-0.123400 	0.037130  	-1.614700 
-5.000000 	0.018100  	0.037370  	-1.487300 
-4.000000 	0.159600  	0.037610  	-1.359900 
-3.000000 	0.300800  	0.037880  	-1.239500 
-2.000000 	0.441000  	0.038150  	-1.276000 
-1.000000 	0.580400  	0.038470  	-1.395100 
0.000000  	0.718700  	0.038840  	-1.518900 
1.000000  	0.855900  	0.039250  	-1.645200 
2.000000  	0.991800  	0.039690  	-1.777100 
3.000000  	1.126900  	0.040100  	-1.914500 
4.000000  	1.260600  	0.040550  	-2.057600 
5.000000  	1.391700  	0.041140  	-2.206600 
6.000000  	1.522000  	0.041700  	-2.366300 
7.000000  	1.649600  	0.042370  	-2.537000 
8.000000  	1.773800  	0.043240  	-2.722100 
9.000000  	1.897900  	0.044000  	-2.927600 
10.000000 	2.015200  	0.045200  	-3.149900 
11.000000 	2.127200  	0.046660  	-3.392200 
12.000000 	2.232700  	0.048470  	-3.656600 
13.000000 	2.314200  	0.051790  	-3.917800 
14.000000 	2.314200  	0.061160  	-4.089200 
15.000000 	2.315200  	0.072520  	-4.271800 
16.000000 	2.308300  	0.085970  	-4.445300 
17.000000 	2.285400  	0.102370  	-4.593800 
18.000000 	2.257700  	0.119960  	-4.728800 
19.000000 	2.225700  	0.138480  	-4.861400 
20.000000 	2.204000  	0.155680  	-5.042500 
21.000000 	2.185300  	0.172580  	-5.224000 
22.000000 	2.174700  	0.188220  	-5.425100 
23.000000 	2.172900  	0.202460  	-5.647500 
24.000000 	2.170100  	0.216650  	-5.857800 
25.000000 	2.175200  	0.229350  	-6.097400 
26.000000 	2.183900  	0.241140  	-6.340900 
27.000000 	2.192200  	0.252740  	-6.594300 
28.000000 	2.197900  	0.264410  	-6.831500 
29.000000 	2.202300  	0.275990  	-7.061100 
30.000000 	2.141310  	0.298163  	-7.061100 
31.000000 	2.080320  	0.320336  	-7.061100 
32.000000 	2.019331  	0.342508  	-7.061100 
33.000000 	1.958341  	0.364681  	-7.061100 
34.000000 	1.904675  	0.387840  	-7.061100 
35.000000 	1.855079  	0.411546  	-7.061100 
36.000000 	1.805482  	0.435253  	-7.061100 
37.000000 	1.755885  	0.458959  	-7.061100 
38.000000 	1.708282  	0.482950  	-7.061100 
39.000000 	1.665662  	0.507653  	-7.061100 
40.000000 	1.623043  	0.532356  	-7.061100 
41.000000 	1.580423  	0.557060  	-7.061100 
42.000000 	1.537803  	0.581763  	-7.061100 
43.000000 	1.499145  	0.606873  	-7.061100 
44.000000 	1.460793  	0.632014  	-7.061100 
45.000000 	1.422440  	0.657156  	-7.061100 
46.000000 	1.384088  	0.682297  	-7.061100 
47.000000 	1.347203  	0.707365  	-7.061100 
48.000000 	1.311420  	0.732377  	-7.061100 
49.000000 	1.275636  	0.757389  	-7.061100 
50.000000 	1.239853  	0.782401  	-7.061100 
51.000000 	1.204394  	0.807264  	-7.061100 
52.000000 	1.170126  	0.831583  	-7.061100 
53.000000 	1.135858  	0.855902  	-7.061100 
54.000000 	1.101590  	0.880221  	-7.061100 
55.000000 	1.067322  	0.904540  	-7.061100 
56.000000 	1.033825  	0.927796  	-7.061100 
57.000000 	1.000456  	0.950875  	-7.061100 
58.000000 	0.967088  	0.973954  	-7.061100 
59.000000 	0.933719  	0.997033  	-7.061100 
60.000000 	0.900648  	1.019233  	-7.061100 
61.000000 	0.867874  	1.040555  	-7.061100 
62.000000 	0.835100  	1.061876  	-7.061100 
63.000000 	0.802326  	1.083198  	-7.061100 
64.000000 	0.769627  	1.104200  	-7.061100 
65.000000 	0.737377  	1.123288  	-7.061100 
66.000000 	0.705126  	1.142376  	-7.061100 
67.000000 	0.672875  	1.161464  	-7.061100 
68.000000 	0.640625  	1.180552  	-7.061100 
69.000000 	0.608869  	1.197552  	-7.061100 
70.000000 	0.577247  	1.213983  	-7.061100 
71.000000 	0.545626  	1.230413  	-7.061100 
72.000000 	0.514005  	1.246844  	-7.061100 
73.000000 	0.482758  	1.261980  	-7.061100 
74.000000 	0.452011  	1.275391  	-7.061100 
75.000000 	0.421263  	1.288802  	-7.061100 
76.000000 	0.390516  	1.302213  	-7.061100 
77.000000 	0.359856  	1.315388  	-7.061100 
78.000000 	0.330335  	1.325487  	-7.061100 
79.000000 	0.300814  	1.335587  	-7.061100 
80.000000 	0.271293  	1.345686  	-7.061100 
81.000000 	0.241772  	1.355786  	-7.061100 
82.000000 	0.213439  	1.363366  	-7.061100 
83.000000 	0.185581  	1.369939  	-7.061100 
84.000000 	0.157723  	1.376512  	-7.061100 
85.000000 	0.129865  	1.383084  	-7.061100 
86.000000 	0.102780  	1.388350  	-7.061100 
87.000000 	0.077085  	1.391262  	-7.061100 
88.000000 	0.051390  	1.394175  	-7.061100 
89.000000 	0.025695  	1.397087  	-7.061100 
90.000000 	0.000000  	1.400000  	-7.061100 
91.000000 	-0.017987 	1.397087  	-7.061100 
92.000000 	-0.035973 	1.394175  	-7.061100 
93.000000 	-0.053960 	1.391262  	-7.061100 
94.000000 	-0.071946 	1.388350  	-7.061100 
95.000000 	-0.090906 	1.383084  	-7.061100 
96.000000 	-0.110406 	1.376512  	-7.061100 
97.000000 	-0.129907 	1.369939  	-7.061100 
98.000000 	-0.149407 	1.363366  	-7.061100 
99.000000 	-0.169241 	1.355786  	-7.061100 
100.000000	-0.189905 	1.345686  	-7.061100 
101.000000	-0.210570 	1.335587  	-7.061100 
102.000000	-0.231234 	1.325487  	-7.061100 
103.000000	-0.251899 	1.315388  	-7.061100 
104.000000	-0.273361 	1.302213  	-7.061100 
105.000000	-0.294884 	1.288802  	-7.061100 
106.000000	-0.316407 	1.275391  	-7.061100 
107.000000	-0.337931 	1.261980  	-7.061100 
108.000000	-0.359803 	1.246844  	-7.061100 
109.000000	-0.381938 	1.230413  	-7.061100 
110.000000	-0.404073 	1.213983  	-7.061100 
111.000000	-0.426208 	1.197552  	-7.061100 
112.000000	-0.448437 	1.180552  	-7.061100 
113.000000	-0.471013 	1.161464  	-7.061100 
114.000000	-0.493588 	1.142376  	-7.061100 
115.000000	-0.516164 	1.123288  	-7.061100 
116.000000	-0.538739 	1.104200  	-7.061100 
117.000000	-0.561628 	1.083198  	-7.061100 
118.000000	-0.584570 	1.061876  	-7.061100 
119.000000	-0.607512 	1.040555  	-7.061100 
120.000000	-0.630453 	1.019233  	-7.061100 
121.000000	-0.653603 	0.997033  	-7.061100 
122.000000	-0.676961 	0.973954  	-7.061100 
123.000000	-0.700320 	0.950875  	-7.061100 
124.000000	-0.723678 	0.927796  	-7.061100 
125.000000	-0.747126 	0.904540  	-7.061100 
126.000000	-0.771113 	0.880221  	-7.061100 
127.000000	-0.795101 	0.855902  	-7.061100 
128.000000	-0.819088 	0.831583  	-7.061100 
129.000000	-0.843076 	0.807264  	-7.061100 
130.000000	-0.867897 	0.782401  	-7.061100 
131.000000	-0.892945 	0.757389  	-7.061100 
132.000000	-0.917994 	0.732377  	-7.061100 
133.000000	-0.943042 	0.707365  	-7.061100 
134.000000	-0.968861 	0.682297  	-7.061100 
135.000000	-0.995708 	0.657156  	-7.061100 
136.000000	-1.022555 	0.632014  	-7.061100 
137.000000	-1.049402 	0.606873  	-7.061100 
138.000000	-1.076462 	0.581763  	-7.061100 
139.000000	-1.106296 	0.557060  	-7.061100 
140.000000	-1.136130 	0.532356  	-7.061100 
141.000000	-1.165964 	0.507653  	-7.061100 
142.000000	-1.195798 	0.482950  	-7.061100 
143.000000	-1.229120 	0.458959  	-7.061100 
144.000000	-1.263837 	0.435253  	-7.061100 
145.000000	-1.298555 	0.411546  	-7.061100 
146.000000	-1.333273 	0.387840  	-7.061100 
147.000000	-1.370839 	0.364681  	-7.061100 
148.000000	-1.413531 	0.342508  	-7.061100 
149.000000	-1.456224 	0.320336  	-7.061100 
150.000000	-1.498917 	0.298163  	-7.061100 
151.000000	-1.541610 	0.275990  	-7.061100 
152.000000	-1.488451 	0.255258  	-7.061100 
153.000000	-1.435292 	0.234525  	-7.061100 
154.000000	-1.382133 	0.214792  	-7.061100 
155.000000	-1.328974 	0.195135  	-7.061100 
156.000000	-1.275815 	0.176487  	-7.061100 
157.000000	-1.222656 	0.158007  	-7.061100 
158.000000	-1.169497 	0.140527  	-7.061100 
159.000000	-1.116338 	0.123318  	-7.061100 
160.000000	-1.063179 	0.107081  	-7.061100 
161.000000	-1.010020 	0.091233  	-7.061100 
162.000000	-0.956861 	0.076311  	-7.061100 
163.000000	-0.903702 	0.061904  	-7.061100 
164.000000	-0.850543 	0.048363  	-7.061100 
165.000000	-0.797384 	0.035471  	-7.061100 
166.000000	-0.744226 	0.023370  	-7.061100 
167.000000	-0.691067 	0.012060  	-7.061100 
168.000000	-0.637908 	0.004646  	-7.061100 
169.000000	-0.584749 	0.002427  	-7.061100 
170.000000	-0.531590 	0.001000  	-7.061100 
171.000000	-0.478431 	0.001000  	-7.061100 
172.000000	-0.425272 	0.001000  	-7.061100 
173.000000	-0.372113 	0.001000  	-7.061100 
174.000000	-0.318954 	0.001000  	-7.061100 
175.000000	-0.265795 	0.001000  	-7.061100 
176.000000	-0.212636 	0.001000  	-7.061100 
177.000000	-0.159477 	0.001000  	-7.061100 
178.000000	-0.106318 	0.001000  	-7.061100 
179.000000	-0.053159 	0.001000  	-7.061100 
180.000000	0.000000  	0.001000  	-7.061100 
! ------------------------------------------------------------------------------
! data for table	6         
! ------------------------------------------------------------------------------
  0.700000  	Re           ! Reynolds number in millions
  0.000000  	UserProp     ! User property (control) setting
Flase           InclUAdata   ! Is unsteady aerodynamics data included in this table? If TRUE, then include UA coefficients below this line. Any missing coefficients will be calculated internally.
! Table of aerodynamics coefficients
  361       	NumAlf       ! Number of data lines in the following table
!Alpha      Cl          Cd          Cm/Cp
!(deg)      (-)         (-)         (-)
-180.000000	0.000000  	0.001000  	-7.093600 
-179.000000	0.053309  	0.001000  	-7.093600 
-178.000000	0.106617  	0.001000  	-7.093600 
-177.000000	0.159926  	0.001000  	-7.093600 
-176.000000	0.213234  	0.001000  	-7.093600 
-175.000000	0.266543  	0.001000  	-7.093600 
-174.000000	0.319852  	0.001000  	-7.093600 
-173.000000	0.373160  	0.001000  	-7.093600 
-172.000000	0.426469  	0.001000  	-7.093600 
-171.000000	0.479778  	0.001000  	-7.093600 
-170.000000	0.533086  	0.001000  	-7.093600 
-169.000000	0.586395  	0.002253  	-7.093600 
-168.000000	0.639703  	0.004203  	-7.093600 
-167.000000	0.693012  	0.011503  	-7.093600 
-166.000000	0.746321  	0.022815  	-7.093600 
-165.000000	0.799629  	0.034919  	-7.093600 
-164.000000	0.852938  	0.047813  	-7.093600 
-163.000000	0.906247  	0.061357  	-7.093600 
-162.000000	0.959555  	0.075767  	-7.093600 
-161.000000	1.012864  	0.090692  	-7.093600 
-160.000000	1.066172  	0.106544  	-7.093600 
-159.000000	1.119481  	0.122785  	-7.093600 
-158.000000	1.172790  	0.139997  	-7.093600 
-157.000000	1.226098  	0.157481  	-7.093600 
-156.000000	1.279407  	0.175965  	-7.093600 
-155.000000	1.332716  	0.194617  	-7.093600 
-154.000000	1.386024  	0.214278  	-7.093600 
-153.000000	1.439333  	0.234016  	-7.093600 
-152.000000	1.492641  	0.254753  	-7.093600 
-151.000000	1.545950  	0.275490  	-7.093600 
-150.000000	1.503062  	0.297668  	-7.093600 
-149.000000	1.460174  	0.319846  	-7.093600 
-148.000000	1.417286  	0.342024  	-7.093600 
-147.000000	1.374398  	0.364202  	-7.093600 
-146.000000	1.336663  	0.387366  	-7.093600 
-145.000000	1.301790  	0.411078  	-7.093600 
-144.000000	1.266917  	0.434790  	-7.093600 
-143.000000	1.232045  	0.458502  	-7.093600 
-142.000000	1.198575  	0.482500  	-7.093600 
-141.000000	1.168615  	0.507209  	-7.093600 
-140.000000	1.138654  	0.531919  	-7.093600 
-139.000000	1.108693  	0.556628  	-7.093600 
-138.000000	1.078733  	0.581338  	-7.093600 
-137.000000	1.051566  	0.606455  	-7.093600 
-136.000000	1.024614  	0.631603  	-7.093600 
-135.000000	0.997662  	0.656752  	-7.093600 
-134.000000	0.970710  	0.681900  	-7.093600 
-133.000000	0.944795  	0.706975  	-7.093600 
-132.000000	0.919659  	0.731995  	-7.093600 
-131.000000	0.894522  	0.757014  	-7.093600 
-130.000000	0.869385  	0.782034  	-7.093600 
-129.000000	0.844479  	0.806905  	-7.093600 
-128.000000	0.820417  	0.831232  	-7.093600 
-127.000000	0.796355  	0.855558  	-7.093600 
-126.000000	0.772293  	0.879885  	-7.093600 
-125.000000	0.748231  	0.904212  	-7.093600 
-124.000000	0.724719  	0.927477  	-7.093600 
-123.000000	0.701298  	0.950564  	-7.093600 
-122.000000	0.677878  	0.973651  	-7.093600 
-121.000000	0.654457  	0.996739  	-7.093600 
-120.000000	0.631250  	1.018947  	-7.093600 
-119.000000	0.608256  	1.040278  	-7.093600 
-118.000000	0.585262  	1.061608  	-7.093600 
-117.000000	0.562268  	1.082938  	-7.093600 
-116.000000	0.539328  	1.103950  	-7.093600 
-115.000000	0.516709  	1.123047  	-7.093600 
-114.000000	0.494091  	1.142144  	-7.093600 
-113.000000	0.471473  	1.161241  	-7.093600 
-112.000000	0.448855  	1.180338  	-7.093600 
-111.000000	0.426589  	1.197348  	-7.093600 
-110.000000	0.404420  	1.213788  	-7.093600 
-109.000000	0.382251  	1.230228  	-7.093600 
-108.000000	0.360082  	1.246667  	-7.093600 
-107.000000	0.338178  	1.261813  	-7.093600 
-106.000000	0.316629  	1.275234  	-7.093600 
-105.000000	0.295079  	1.288655  	-7.093600 
-104.000000	0.273530  	1.302075  	-7.093600 
-103.000000	0.252042  	1.315259  	-7.093600 
-102.000000	0.231359  	1.325368  	-7.093600 
-101.000000	0.210676  	1.335478  	-7.093600 
-100.000000	0.189993  	1.345587  	-7.093600 
-99.000000	0.169310  	1.355696  	-7.093600 
-98.000000	0.149463  	1.363287  	-7.093600 
-97.000000	0.129952  	1.369869  	-7.093600 
-96.000000	0.110440  	1.376452  	-7.093600 
-95.000000	0.090929  	1.383035  	-7.093600 
-94.000000	0.071961  	1.388310  	-7.093600 
-93.000000	0.053970  	1.391233  	-7.093600 
-92.000000	0.035980  	1.394155  	-7.093600 
-91.000000	0.017990  	1.397078  	-7.093600 
-90.000000	0.000000  	1.400000  	-7.093600 
-89.000000	-0.017990 	1.397078  	-7.093600 
-88.000000	-0.035980 	1.394155  	-7.093600 
-87.000000	-0.053970 	1.391233  	-7.093600 
-86.000000	-0.071961 	1.388310  	-7.093600 
-85.000000	-0.090929 	1.383035  	-7.093600 
-84.000000	-0.110440 	1.376452  	-7.093600 
-83.000000	-0.129952 	1.369869  	-7.093600 
-82.000000	-0.149463 	1.363287  	-7.093600 
-81.000000	-0.169310 	1.355696  	-7.093600 
-80.000000	-0.189993 	1.345587  	-7.093600 
-79.000000	-0.210676 	1.335478  	-7.093600 
-78.000000	-0.231359 	1.325368  	-7.093600 
-77.000000	-0.252042 	1.315259  	-7.093600 
-76.000000	-0.273530 	1.302075  	-7.093600 
-75.000000	-0.295079 	1.288655  	-7.093600 
-74.000000	-0.316629 	1.275234  	-7.093600 
-73.000000	-0.338178 	1.261813  	-7.093600 
-72.000000	-0.360082 	1.246667  	-7.093600 
-71.000000	-0.382251 	1.230228  	-7.093600 
-70.000000	-0.404420 	1.213788  	-7.093600 
-69.000000	-0.426589 	1.197348  	-7.093600 
-68.000000	-0.448855 	1.180338  	-7.093600 
-67.000000	-0.471473 	1.161241  	-7.093600 
-66.000000	-0.494091 	1.142144  	-7.093600 
-65.000000	-0.516709 	1.123047  	-7.093600 
-64.000000	-0.539328 	1.103950  	-7.093600 
-63.000000	-0.562268 	1.082938  	-7.093600 
-62.000000	-0.585262 	1.061608  	-7.093600 
-61.000000	-0.608256 	1.040278  	-7.093600 
-60.000000	-0.631250 	1.018947  	-7.093600 
-59.000000	-0.654457 	0.996739  	-7.093600 
-58.000000	-0.677878 	0.973651  	-7.093600 
-57.000000	-0.701298 	0.950564  	-7.093600 
-56.000000	-0.724719 	0.927477  	-7.093600 
-55.000000	-0.748231 	0.904212  	-7.093600 
-54.000000	-0.772293 	0.879885  	-7.093600 
-53.000000	-0.796355 	0.855558  	-7.093600 
-52.000000	-0.820417 	0.831232  	-7.093600 
-51.000000	-0.844479 	0.806905  	-7.093600 
-50.000000	-0.869385 	0.782034  	-7.093600 
-49.000000	-0.894522 	0.757014  	-7.093600 
-48.000000	-0.919659 	0.731995  	-7.093600 
-47.000000	-0.944795 	0.706975  	-7.093600 
-46.000000	-0.970710 	0.681900  	-7.093600 
-45.000000	-0.997662 	0.656752  	-7.093600 
-44.000000	-1.024614 	0.631603  	-7.093600 
-43.000000	-1.051566 	0.606455  	-7.093600 
-42.000000	-1.078733 	0.581338  	-7.093600 
-41.000000	-1.108693 	0.556628  	-7.093600 
-40.000000	-1.138654 	0.531919  	-7.093600 
-39.000000	-1.168615 	0.507209  	-7.093600 
-38.000000	-1.198575 	0.482500  	-7.093600 
-37.000000	-1.232045 	0.458502  	-7.093600 
-36.000000	-1.266917 	0.434790  	-7.093600 
-35.000000	-1.301790 	0.411078  	-7.093600 
-34.000000	-1.336663 	0.387366  	-7.093600 
-33.000000	-1.374398 	0.364202  	-7.093600 
-32.000000	-1.417286 	0.342024  	-7.093600 
-31.000000	-1.460174 	0.319846  	-7.093600 
-30.000000	-1.503062 	0.297668  	-7.093600 
-29.000000	-1.545950 	0.275490  	-7.093600 
-28.000000	-1.500674 	0.262883  	-7.093600 
-27.000000	-1.455397 	0.250275  	-7.093600 
-26.000000	-1.410121 	0.237668  	-7.093600 
-25.000000	-1.364845 	0.225061  	-7.093600 
-24.000000	-1.319568 	0.212453  	-7.093600 
-23.000000	-1.274292 	0.199846  	-7.093600 
-22.000000	-1.229016 	0.187238  	-7.093600 
-21.000000	-1.183739 	0.174631  	-7.093600 
-20.000000	-1.138463 	0.162024  	-7.093600 
-19.000000	-1.093187 	0.149416  	-7.093600 
-18.000000	-1.047911 	0.136809  	-7.093600 
-17.000000	-1.002634 	0.124202  	-7.093600 
-16.000000	-0.957358 	0.111594  	-7.093600 
-15.000000	-0.912082 	0.098987  	-7.093600 
-14.000000	-0.866805 	0.086379  	-7.093600 
-13.000000	-0.821529 	0.073772  	-7.093600 
-12.000000	-0.776253 	0.061165  	-5.799626 
-11.000000	-0.730976 	0.048557  	-3.988063 
-10.000000	-0.685700 	0.035950  	-2.176500 
-9.000000 	-0.547300 	0.036220  	-2.031900 
-8.000000 	-0.404900 	0.036460  	-1.889000 
-7.000000 	-0.262400 	0.036680  	-1.752000 
-6.000000 	-0.120400 	0.036910  	-1.618100 
-5.000000 	0.021600  	0.037160  	-1.488400 
-4.000000 	0.163200  	0.037410  	-1.362200 
-3.000000 	0.304100  	0.037680  	-1.241100 
-2.000000 	0.444400  	0.037970  	-1.279200 
-1.000000 	0.583700  	0.038300  	-1.398400 
0.000000  	0.722600  	0.038610  	-1.522700 
1.000000  	0.859900  	0.038970  	-1.649300 
2.000000  	0.996400  	0.039350  	-1.782100 
3.000000  	1.131400  	0.039780  	-1.919300 
4.000000  	1.264700  	0.040260  	-2.062400 
5.000000  	1.397500  	0.040670  	-2.213300 
6.000000  	1.527000  	0.041280  	-2.371900 
7.000000  	1.656100  	0.041800  	-2.544600 
8.000000  	1.782000  	0.042520  	-2.731400 
9.000000  	1.904600  	0.043390  	-2.936000 
10.000000 	2.025900  	0.044230  	-3.163000 
11.000000 	2.140300  	0.045550  	-3.408500 
12.000000 	2.245700  	0.047380  	-3.674300 
13.000000 	2.334400  	0.050260  	-3.946400 
14.000000 	2.341200  	0.058950  	-4.130100 
15.000000 	2.347900  	0.069530  	-4.324600 
16.000000 	2.331500  	0.083830  	-4.487100 
17.000000 	2.309600  	0.099970  	-4.639600 
18.000000 	2.273100  	0.118640  	-4.761000 
19.000000 	2.247400  	0.136190  	-4.913700 
20.000000 	2.215900  	0.154720  	-5.073400 
21.000000 	2.199700  	0.171140  	-5.264200 
22.000000 	2.186500  	0.187150  	-5.461200 
23.000000 	2.179400  	0.202110  	-5.669600 
24.000000 	2.181700  	0.215460  	-5.897400 
25.000000 	2.187200  	0.228040  	-6.141100 
26.000000 	2.193600  	0.240150  	-6.380700 
27.000000 	2.200100  	0.252010  	-6.629600 
28.000000 	2.203700  	0.264030  	-6.860400 
29.000000 	2.208500  	0.275490  	-7.093600 
30.000000 	2.147231  	0.297668  	-7.093600 
31.000000 	2.085963  	0.319846  	-7.093600 
32.000000 	2.024694  	0.342024  	-7.093600 
33.000000 	1.963426  	0.364202  	-7.093600 
34.000000 	1.909518  	0.387366  	-7.093600 
35.000000 	1.859700  	0.411078  	-7.093600 
36.000000 	1.809882  	0.434790  	-7.093600 
37.000000 	1.760064  	0.458502  	-7.093600 
38.000000 	1.712250  	0.482500  	-7.093600 
39.000000 	1.669449  	0.507209  	-7.093600 
40.000000 	1.626649  	0.531919  	-7.093600 
41.000000 	1.583848  	0.556628  	-7.093600 
42.000000 	1.541047  	0.581338  	-7.093600 
43.000000 	1.502237  	0.606455  	-7.093600 
44.000000 	1.463734  	0.631603  	-7.093600 
45.000000 	1.425231  	0.656752  	-7.093600 
46.000000 	1.386729  	0.681900  	-7.093600 
47.000000 	1.349708  	0.706975  	-7.093600 
48.000000 	1.313798  	0.731995  	-7.093600 
49.000000 	1.277888  	0.757014  	-7.093600 
50.000000 	1.241979  	0.782034  	-7.093600 
51.000000 	1.206398  	0.806905  	-7.093600 
52.000000 	1.172024  	0.831232  	-7.093600 
53.000000 	1.137650  	0.855558  	-7.093600 
54.000000 	1.103276  	0.879885  	-7.093600 
55.000000 	1.068902  	0.904212  	-7.093600 
56.000000 	1.035313  	0.927477  	-7.093600 
57.000000 	1.001855  	0.950564  	-7.093600 
58.000000 	0.968397  	0.973651  	-7.093600 
59.000000 	0.934938  	0.996739  	-7.093600 
60.000000 	0.901785  	1.018947  	-7.093600 
61.000000 	0.868937  	1.040278  	-7.093600 
62.000000 	0.836088  	1.061608  	-7.093600 
63.000000 	0.803240  	1.082938  	-7.093600 
64.000000 	0.770468  	1.103950  	-7.093600 
65.000000 	0.738156  	1.123047  	-7.093600 
66.000000 	0.705845  	1.142144  	-7.093600 
67.000000 	0.673533  	1.161241  	-7.093600 
68.000000 	0.641221  	1.180338  	-7.093600 
69.000000 	0.609413  	1.197348  	-7.093600 
70.000000 	0.577743  	1.213788  	-7.093600 
71.000000 	0.546073  	1.230228  	-7.093600 
72.000000 	0.514402  	1.246667  	-7.093600 
73.000000 	0.483111  	1.261813  	-7.093600 
74.000000 	0.452327  	1.275234  	-7.093600 
75.000000 	0.421542  	1.288655  	-7.093600 
76.000000 	0.390757  	1.302075  	-7.093600 
77.000000 	0.360060  	1.315259  	-7.093600 
78.000000 	0.330513  	1.325368  	-7.093600 
79.000000 	0.300966  	1.335478  	-7.093600 
80.000000 	0.271418  	1.345587  	-7.093600 
81.000000 	0.241871  	1.355696  	-7.093600 
82.000000 	0.213519  	1.363287  	-7.093600 
83.000000 	0.185646  	1.369869  	-7.093600 
84.000000 	0.157772  	1.376452  	-7.093600 
85.000000 	0.129898  	1.383035  	-7.093600 
86.000000 	0.102801  	1.388310  	-7.093600 
87.000000 	0.077101  	1.391233  	-7.093600 
88.000000 	0.051400  	1.394155  	-7.093600 
89.000000 	0.025700  	1.397078  	-7.093600 
90.000000 	0.000000  	1.400000  	-7.093600 
91.000000 	-0.017990 	1.397078  	-7.093600 
92.000000 	-0.035980 	1.394155  	-7.093600 
93.000000 	-0.053970 	1.391233  	-7.093600 
94.000000 	-0.071961 	1.388310  	-7.093600 
95.000000 	-0.090929 	1.383035  	-7.093600 
96.000000 	-0.110440 	1.376452  	-7.093600 
97.000000 	-0.129952 	1.369869  	-7.093600 
98.000000 	-0.149463 	1.363287  	-7.093600 
99.000000 	-0.169310 	1.355696  	-7.093600 
100.000000	-0.189993 	1.345587  	-7.093600 
101.000000	-0.210676 	1.335478  	-7.093600 
102.000000	-0.231359 	1.325368  	-7.093600 
103.000000	-0.252042 	1.315259  	-7.093600 
104.000000	-0.273530 	1.302075  	-7.093600 
105.000000	-0.295079 	1.288655  	-7.093600 
106.000000	-0.316629 	1.275234  	-7.093600 
107.000000	-0.338178 	1.261813  	-7.093600 
108.000000	-0.360082 	1.246667  	-7.093600 
109.000000	-0.382251 	1.230228  	-7.093600 
110.000000	-0.404420 	1.213788  	-7.093600 
111.000000	-0.426589 	1.197348  	-7.093600 
112.000000	-0.448855 	1.180338  	-7.093600 
113.000000	-0.471473 	1.161241  	-7.093600 
114.000000	-0.494091 	1.142144  	-7.093600 
115.000000	-0.516709 	1.123047  	-7.093600 
116.000000	-0.539328 	1.103950  	-7.093600 
117.000000	-0.562268 	1.082938  	-7.093600 
118.000000	-0.585262 	1.061608  	-7.093600 
119.000000	-0.608256 	1.040278  	-7.093600 
120.000000	-0.631250 	1.018947  	-7.093600 
121.000000	-0.654457 	0.996739  	-7.093600 
122.000000	-0.677878 	0.973651  	-7.093600 
123.000000	-0.701298 	0.950564  	-7.093600 
124.000000	-0.724719 	0.927477  	-7.093600 
125.000000	-0.748231 	0.904212  	-7.093600 
126.000000	-0.772293 	0.879885  	-7.093600 
127.000000	-0.796355 	0.855558  	-7.093600 
128.000000	-0.820417 	0.831232  	-7.093600 
129.000000	-0.844479 	0.806905  	-7.093600 
130.000000	-0.869385 	0.782034  	-7.093600 
131.000000	-0.894522 	0.757014  	-7.093600 
132.000000	-0.919659 	0.731995  	-7.093600 
133.000000	-0.944795 	0.706975  	-7.093600 
134.000000	-0.970710 	0.681900  	-7.093600 
135.000000	-0.997662 	0.656752  	-7.093600 
136.000000	-1.024614 	0.631603  	-7.093600 
137.000000	-1.051566 	0.606455  	-7.093600 
138.000000	-1.078733 	0.581338  	-7.093600 
139.000000	-1.108693 	0.556628  	-7.093600 
140.000000	-1.138654 	0.531919  	-7.093600 
141.000000	-1.168615 	0.507209  	-7.093600 
142.000000	-1.198575 	0.482500  	-7.093600 
143.000000	-1.232045 	0.458502  	-7.093600 
144.000000	-1.266917 	0.434790  	-7.093600 
145.000000	-1.301790 	0.411078  	-7.093600 
146.000000	-1.336663 	0.387366  	-7.093600 
147.000000	-1.374398 	0.364202  	-7.093600 
148.000000	-1.417286 	0.342024  	-7.093600 
149.000000	-1.460174 	0.319846  	-7.093600 
150.000000	-1.503062 	0.297668  	-7.093600 
151.000000	-1.545950 	0.275490  	-7.093600 
152.000000	-1.492641 	0.254753  	-7.093600 
153.000000	-1.439333 	0.234016  	-7.093600 
154.000000	-1.386024 	0.214278  	-7.093600 
155.000000	-1.332716 	0.194617  	-7.093600 
156.000000	-1.279407 	0.175965  	-7.093600 
157.000000	-1.226098 	0.157481  	-7.093600 
158.000000	-1.172790 	0.139997  	-7.093600 
159.000000	-1.119481 	0.122785  	-7.093600 
160.000000	-1.066172 	0.106544  	-7.093600 
161.000000	-1.012864 	0.090692  	-7.093600 
162.000000	-0.959555 	0.075767  	-7.093600 
163.000000	-0.906247 	0.061357  	-7.093600 
164.000000	-0.852938 	0.047813  	-7.093600 
165.000000	-0.799629 	0.034919  	-7.093600 
166.000000	-0.746321 	0.022815  	-7.093600 
167.000000	-0.693012 	0.011503  	-7.093600 
168.000000	-0.639703 	0.004203  	-7.093600 
169.000000	-0.586395 	0.002253  	-7.093600 
170.000000	-0.533086 	0.001000  	-7.093600 
171.000000	-0.479778 	0.001000  	-7.093600 
172.000000	-0.426469 	0.001000  	-7.093600 
173.000000	-0.373160 	0.001000  	-7.093600 
174.000000	-0.319852 	0.001000  	-7.093600 
175.000000	-0.266543 	0.001000  	-7.093600 
176.000000	-0.213234 	0.001000  	-7.093600 
177.000000	-0.159926 	0.001000  	-7.093600 
178.000000	-0.106617 	0.001000  	-7.093600 
179.000000	-0.053309 	0.001000  	-7.093600 
180.000000	0.000000  	0.001000  	-7.093600 
! ------------------------------------------------------------------------------
! data for table	7         
! ------------------------------------------------------------------------------
  0.800000  	Re           ! Reynolds number in millions
  0.000000  	UserProp     ! User property (control) setting
Flase           InclUAdata   ! Is unsteady aerodynamics data included in this table? If TRUE, then include UA coefficients below this line. Any missing coefficients will be calculated internally.
! Table of aerodynamics coefficients
  361       	NumAlf       ! Number of data lines in the following table
!Alpha      Cl          Cd          Cm/Cp
!(deg)      (-)         (-)         (-)
-180.000000	0.000000  	0.001000  	-7.123200 
-179.000000	0.053449  	0.001000  	-7.123200 
-178.000000	0.106897  	0.001000  	-7.123200 
-177.000000	0.160346  	0.001000  	-7.123200 
-176.000000	0.213794  	0.001000  	-7.123200 
-175.000000	0.267243  	0.001000  	-7.123200 
-174.000000	0.320692  	0.001000  	-7.123200 
-173.000000	0.374140  	0.001000  	-7.123200 
-172.000000	0.427589  	0.001000  	-7.123200 
-171.000000	0.481038  	0.001000  	-7.123200 
-170.000000	0.534486  	0.001000  	-7.123200 
-169.000000	0.587935  	0.002045  	-7.123200 
-168.000000	0.641383  	0.003672  	-7.123200 
-167.000000	0.694832  	0.010835  	-7.123200 
-166.000000	0.748281  	0.022150  	-7.123200 
-165.000000	0.801729  	0.034256  	-7.123200 
-164.000000	0.855178  	0.047154  	-7.123200 
-163.000000	0.908627  	0.060701  	-7.123200 
-162.000000	0.962075  	0.075115  	-7.123200 
-161.000000	1.015524  	0.090044  	-7.123200 
-160.000000	1.068972  	0.105900  	-7.123200 
-159.000000	1.122421  	0.122144  	-7.123200 
-158.000000	1.175870  	0.139361  	-7.123200 
-157.000000	1.229318  	0.156850  	-7.123200 
-156.000000	1.282767  	0.175339  	-7.123200 
-155.000000	1.336216  	0.193996  	-7.123200 
-154.000000	1.389664  	0.213662  	-7.123200 
-153.000000	1.443113  	0.233405  	-7.123200 
-152.000000	1.496561  	0.254147  	-7.123200 
-151.000000	1.550010  	0.274890  	-7.123200 
-150.000000	1.506940  	0.297074  	-7.123200 
-149.000000	1.463869  	0.319258  	-7.123200 
-148.000000	1.420799  	0.341443  	-7.123200 
-147.000000	1.377728  	0.363627  	-7.123200 
-146.000000	1.339834  	0.386798  	-7.123200 
-145.000000	1.304816  	0.410517  	-7.123200 
-144.000000	1.269798  	0.434236  	-7.123200 
-143.000000	1.234780  	0.457955  	-7.123200 
-142.000000	1.201174  	0.481959  	-7.123200 
-141.000000	1.171095  	0.506676  	-7.123200 
-140.000000	1.141016  	0.531394  	-7.123200 
-139.000000	1.110936  	0.556111  	-7.123200 
-138.000000	1.080857  	0.580828  	-7.123200 
-137.000000	1.053591  	0.605954  	-7.123200 
-136.000000	1.026540  	0.631110  	-7.123200 
-135.000000	0.999490  	0.656267  	-7.123200 
-134.000000	0.972439  	0.681424  	-7.123200 
-133.000000	0.946435  	0.706507  	-7.123200 
-132.000000	0.921216  	0.731536  	-7.123200 
-131.000000	0.895997  	0.756564  	-7.123200 
-130.000000	0.870778  	0.781593  	-7.123200 
-129.000000	0.845791  	0.806473  	-7.123200 
-128.000000	0.821660  	0.830809  	-7.123200 
-127.000000	0.797528  	0.855146  	-7.123200 
-126.000000	0.773397  	0.879482  	-7.123200 
-125.000000	0.749266  	0.903819  	-7.123200 
-124.000000	0.725693  	0.927093  	-7.123200 
-123.000000	0.702214  	0.950191  	-7.123200 
-122.000000	0.678735  	0.973288  	-7.123200 
-121.000000	0.655255  	0.996385  	-7.123200 
-120.000000	0.631994  	1.018605  	-7.123200 
-119.000000	0.608952  	1.039945  	-7.123200 
-118.000000	0.585909  	1.061286  	-7.123200 
-117.000000	0.562866  	1.082627  	-7.123200 
-116.000000	0.539879  	1.103649  	-7.123200 
-115.000000	0.517220  	1.122757  	-7.123200 
-114.000000	0.494562  	1.141865  	-7.123200 
-113.000000	0.471903  	1.160973  	-7.123200 
-112.000000	0.449245  	1.180081  	-7.123200 
-111.000000	0.426946  	1.197102  	-7.123200 
-110.000000	0.404744  	1.213553  	-7.123200 
-109.000000	0.382543  	1.230004  	-7.123200 
-108.000000	0.360342  	1.246456  	-7.123200 
-107.000000	0.338409  	1.261613  	-7.123200 
-106.000000	0.316835  	1.275045  	-7.123200 
-105.000000	0.295262  	1.288477  	-7.123200 
-104.000000	0.273688  	1.301909  	-7.123200 
-103.000000	0.252176  	1.315105  	-7.123200 
-102.000000	0.231476  	1.325226  	-7.123200 
-101.000000	0.210775  	1.335347  	-7.123200 
-100.000000	0.190075  	1.345468  	-7.123200 
-99.000000	0.169374  	1.355589  	-7.123200 
-98.000000	0.149516  	1.363191  	-7.123200 
-97.000000	0.129994  	1.369786  	-7.123200 
-96.000000	0.110472  	1.376380  	-7.123200 
-95.000000	0.090950  	1.382975  	-7.123200 
-94.000000	0.071974  	1.388262  	-7.123200 
-93.000000	0.053981  	1.391197  	-7.123200 
-92.000000	0.035987  	1.394131  	-7.123200 
-91.000000	0.017994  	1.397066  	-7.123200 
-90.000000	0.000000  	1.400000  	-7.123200 
-89.000000	-0.017994 	1.397066  	-7.123200 
-88.000000	-0.035987 	1.394131  	-7.123200 
-87.000000	-0.053981 	1.391197  	-7.123200 
-86.000000	-0.071974 	1.388262  	-7.123200 
-85.000000	-0.090950 	1.382975  	-7.123200 
-84.000000	-0.110472 	1.376380  	-7.123200 
-83.000000	-0.129994 	1.369786  	-7.123200 
-82.000000	-0.149516 	1.363191  	-7.123200 
-81.000000	-0.169374 	1.355589  	-7.123200 
-80.000000	-0.190075 	1.345468  	-7.123200 
-79.000000	-0.210775 	1.335347  	-7.123200 
-78.000000	-0.231476 	1.325226  	-7.123200 
-77.000000	-0.252176 	1.315105  	-7.123200 
-76.000000	-0.273688 	1.301909  	-7.123200 
-75.000000	-0.295262 	1.288477  	-7.123200 
-74.000000	-0.316835 	1.275045  	-7.123200 
-73.000000	-0.338409 	1.261613  	-7.123200 
-72.000000	-0.360342 	1.246456  	-7.123200 
-71.000000	-0.382543 	1.230004  	-7.123200 
-70.000000	-0.404744 	1.213553  	-7.123200 
-69.000000	-0.426946 	1.197102  	-7.123200 
-68.000000	-0.449245 	1.180081  	-7.123200 
-67.000000	-0.471903 	1.160973  	-7.123200 
-66.000000	-0.494562 	1.141865  	-7.123200 
-65.000000	-0.517220 	1.122757  	-7.123200 
-64.000000	-0.539879 	1.103649  	-7.123200 
-63.000000	-0.562866 	1.082627  	-7.123200 
-62.000000	-0.585909 	1.061286  	-7.123200 
-61.000000	-0.608952 	1.039945  	-7.123200 
-60.000000	-0.631994 	1.018605  	-7.123200 
-59.000000	-0.655255 	0.996385  	-7.123200 
-58.000000	-0.678735 	0.973288  	-7.123200 
-57.000000	-0.702214 	0.950191  	-7.123200 
-56.000000	-0.725693 	0.927093  	-7.123200 
-55.000000	-0.749266 	0.903819  	-7.123200 
-54.000000	-0.773397 	0.879482  	-7.123200 
-53.000000	-0.797528 	0.855146  	-7.123200 
-52.000000	-0.821660 	0.830809  	-7.123200 
-51.000000	-0.845791 	0.806473  	-7.123200 
-50.000000	-0.870778 	0.781593  	-7.123200 
-49.000000	-0.895997 	0.756564  	-7.123200 
-48.000000	-0.921216 	0.731536  	-7.123200 
-47.000000	-0.946435 	0.706507  	-7.123200 
-46.000000	-0.972439 	0.681424  	-7.123200 
-45.000000	-0.999490 	0.656267  	-7.123200 
-44.000000	-1.026540 	0.631110  	-7.123200 
-43.000000	-1.053591 	0.605954  	-7.123200 
-42.000000	-1.080857 	0.580828  	-7.123200 
-41.000000	-1.110936 	0.556111  	-7.123200 
-40.000000	-1.141016 	0.531394  	-7.123200 
-39.000000	-1.171095 	0.506676  	-7.123200 
-38.000000	-1.201174 	0.481959  	-7.123200 
-37.000000	-1.234780 	0.457955  	-7.123200 
-36.000000	-1.269798 	0.434236  	-7.123200 
-35.000000	-1.304816 	0.410517  	-7.123200 
-34.000000	-1.339834 	0.386798  	-7.123200 
-33.000000	-1.377728 	0.363627  	-7.123200 
-32.000000	-1.420799 	0.341443  	-7.123200 
-31.000000	-1.463869 	0.319258  	-7.123200 
-30.000000	-1.506940 	0.297074  	-7.123200 
-29.000000	-1.550010 	0.274890  	-7.123200 
-28.000000	-1.504520 	0.262305  	-7.123200 
-27.000000	-1.459030 	0.249721  	-7.123200 
-26.000000	-1.413540 	0.237136  	-7.123200 
-25.000000	-1.368050 	0.224551  	-7.123200 
-24.000000	-1.322560 	0.211966  	-7.123200 
-23.000000	-1.277070 	0.199382  	-7.123200 
-22.000000	-1.231580 	0.186797  	-7.123200 
-21.000000	-1.186090 	0.174212  	-7.123200 
-20.000000	-1.140600 	0.161627  	-7.123200 
-19.000000	-1.095110 	0.149043  	-7.123200 
-18.000000	-1.049620 	0.136458  	-7.123200 
-17.000000	-1.004130 	0.123873  	-7.123200 
-16.000000	-0.958640 	0.111288  	-7.123200 
-15.000000	-0.913150 	0.098704  	-7.123200 
-14.000000	-0.867660 	0.086119  	-7.123200 
-13.000000	-0.822170 	0.073534  	-7.123200 
-12.000000	-0.776680 	0.060949  	-5.822358 
-11.000000	-0.731190 	0.048365  	-4.001179 
-10.000000	-0.685700 	0.035780  	-2.180000 
-9.000000 	-0.545300 	0.036030  	-2.035000 
-8.000000 	-0.402800 	0.036280  	-1.892000 
-7.000000 	-0.260100 	0.036530  	-1.753300 
-6.000000 	-0.117700 	0.036770  	-1.620400 
-5.000000 	0.024300  	0.037040  	-1.489900 
-4.000000 	0.165600  	0.037300  	-1.363200 
-3.000000 	0.306900  	0.037590  	-1.242300 
-2.000000 	0.447000  	0.037860  	-1.281500 
-1.000000 	0.587100  	0.038160  	-1.401400 
0.000000  	0.725300  	0.038470  	-1.525500 
1.000000  	0.863000  	0.038820  	-1.652500 
2.000000  	0.999700  	0.039170  	-1.785700 
3.000000  	1.135200  	0.039520  	-1.923500 
4.000000  	1.268800  	0.039940  	-2.066800 
5.000000  	1.401000  	0.040390  	-2.217500 
6.000000  	1.532400  	0.040820  	-2.377800 
7.000000  	1.659800  	0.041510  	-2.548700 
8.000000  	1.788400  	0.041950  	-2.738700 
9.000000  	1.911600  	0.042780  	-2.943900 
10.000000 	2.033300  	0.043600  	-3.172200 
11.000000 	2.150600  	0.044630  	-3.421600 
12.000000 	2.260300  	0.046160  	-3.693700 
13.000000 	2.355800  	0.048600  	-3.976200 
14.000000 	2.374900  	0.056220  	-4.180100 
15.000000 	2.367300  	0.067770  	-4.356300 
16.000000 	2.356600  	0.081350  	-4.531600 
17.000000 	2.324800  	0.098530  	-4.668300 
18.000000 	2.296800  	0.116000  	-4.809800 
19.000000 	2.258700  	0.135150  	-4.941300 
20.000000 	2.235500  	0.152400  	-5.123400 
21.000000 	2.212100  	0.169840  	-5.299400 
22.000000 	2.196100  	0.186180  	-5.490300 
23.000000 	2.193800  	0.200350  	-5.715400 
24.000000 	2.190400  	0.214540  	-5.927500 
25.000000 	2.193200  	0.227520  	-6.163800 
26.000000 	2.198700  	0.239790  	-6.402200 
27.000000 	2.205900  	0.251470  	-6.656000 
28.000000 	2.210100  	0.263370  	-6.890500 
29.000000 	2.214300  	0.274890  	-7.123200 
30.000000 	2.152771  	0.297074  	-7.123200 
31.000000 	2.091241  	0.319258  	-7.123200 
32.000000 	2.029712  	0.341443  	-7.123200 
33.000000 	1.968183  	0.363627  	-7.123200 
34.000000 	1.914049  	0.386798  	-7.123200 
35.000000 	1.864023  	0.410517  	-7.123200 
36.000000 	1.813998  	0.434236  	-7.123200 
37.000000 	1.763972  	0.457955  	-7.123200 
38.000000 	1.715962  	0.481959  	-7.123200 
39.000000 	1.672992  	0.506676  	-7.123200 
40.000000 	1.630022  	0.531394  	-7.123200 
41.000000 	1.587052  	0.556111  	-7.123200 
42.000000 	1.544082  	0.580828  	-7.123200 
43.000000 	1.505129  	0.605954  	-7.123200 
44.000000 	1.466486  	0.631110  	-7.123200 
45.000000 	1.427843  	0.656267  	-7.123200 
46.000000 	1.389199  	0.681424  	-7.123200 
47.000000 	1.352050  	0.706507  	-7.123200 
48.000000 	1.316023  	0.731536  	-7.123200 
49.000000 	1.279995  	0.756564  	-7.123200 
50.000000 	1.243968  	0.781593  	-7.123200 
51.000000 	1.208273  	0.806473  	-7.123200 
52.000000 	1.173800  	0.830809  	-7.123200 
53.000000 	1.139326  	0.855146  	-7.123200 
54.000000 	1.104853  	0.879482  	-7.123200 
55.000000 	1.070379  	0.903819  	-7.123200 
56.000000 	1.036704  	0.927093  	-7.123200 
57.000000 	1.003163  	0.950191  	-7.123200 
58.000000 	0.969621  	0.973288  	-7.123200 
59.000000 	0.936079  	0.996385  	-7.123200 
60.000000 	0.902849  	1.018605  	-7.123200 
61.000000 	0.869931  	1.039945  	-7.123200 
62.000000 	0.837013  	1.061286  	-7.123200 
63.000000 	0.804095  	1.082627  	-7.123200 
64.000000 	0.771255  	1.103649  	-7.123200 
65.000000 	0.738886  	1.122757  	-7.123200 
66.000000 	0.706517  	1.141865  	-7.123200 
67.000000 	0.674148  	1.160973  	-7.123200 
68.000000 	0.641778  	1.180081  	-7.123200 
69.000000 	0.609922  	1.197102  	-7.123200 
70.000000 	0.578206  	1.213553  	-7.123200 
71.000000 	0.546490  	1.230004  	-7.123200 
72.000000 	0.514774  	1.246456  	-7.123200 
73.000000 	0.483442  	1.261613  	-7.123200 
74.000000 	0.452622  	1.275045  	-7.123200 
75.000000 	0.421802  	1.288477  	-7.123200 
76.000000 	0.390982  	1.301909  	-7.123200 
77.000000 	0.360252  	1.315105  	-7.123200 
78.000000 	0.330679  	1.325226  	-7.123200 
79.000000 	0.301107  	1.335347  	-7.123200 
80.000000 	0.271535  	1.345468  	-7.123200 
81.000000 	0.241963  	1.355589  	-7.123200 
82.000000 	0.213594  	1.363191  	-7.123200 
83.000000 	0.185706  	1.369786  	-7.123200 
84.000000 	0.157817  	1.376380  	-7.123200 
85.000000 	0.129929  	1.382975  	-7.123200 
86.000000 	0.102820  	1.388262  	-7.123200 
87.000000 	0.077115  	1.391197  	-7.123200 
88.000000 	0.051410  	1.394131  	-7.123200 
89.000000 	0.025705  	1.397066  	-7.123200 
90.000000 	0.000000  	1.400000  	-7.123200 
91.000000 	-0.017994 	1.397066  	-7.123200 
92.000000 	-0.035987 	1.394131  	-7.123200 
93.000000 	-0.053981 	1.391197  	-7.123200 
94.000000 	-0.071974 	1.388262  	-7.123200 
95.000000 	-0.090950 	1.382975  	-7.123200 
96.000000 	-0.110472 	1.376380  	-7.123200 
97.000000 	-0.129994 	1.369786  	-7.123200 
98.000000 	-0.149516 	1.363191  	-7.123200 
99.000000 	-0.169374 	1.355589  	-7.123200 
100.000000	-0.190075 	1.345468  	-7.123200 
101.000000	-0.210775 	1.335347  	-7.123200 
102.000000	-0.231476 	1.325226  	-7.123200 
103.000000	-0.252176 	1.315105  	-7.123200 
104.000000	-0.273688 	1.301909  	-7.123200 
105.000000	-0.295262 	1.288477  	-7.123200 
106.000000	-0.316835 	1.275045  	-7.123200 
107.000000	-0.338409 	1.261613  	-7.123200 
108.000000	-0.360342 	1.246456  	-7.123200 
109.000000	-0.382543 	1.230004  	-7.123200 
110.000000	-0.404744 	1.213553  	-7.123200 
111.000000	-0.426946 	1.197102  	-7.123200 
112.000000	-0.449245 	1.180081  	-7.123200 
113.000000	-0.471903 	1.160973  	-7.123200 
114.000000	-0.494562 	1.141865  	-7.123200 
115.000000	-0.517220 	1.122757  	-7.123200 
116.000000	-0.539879 	1.103649  	-7.123200 
117.000000	-0.562866 	1.082627  	-7.123200 
118.000000	-0.585909 	1.061286  	-7.123200 
119.000000	-0.608952 	1.039945  	-7.123200 
120.000000	-0.631994 	1.018605  	-7.123200 
121.000000	-0.655255 	0.996385  	-7.123200 
122.000000	-0.678735 	0.973288  	-7.123200 
123.000000	-0.702214 	0.950191  	-7.123200 
124.000000	-0.725693 	0.927093  	-7.123200 
125.000000	-0.749266 	0.903819  	-7.123200 
126.000000	-0.773397 	0.879482  	-7.123200 
127.000000	-0.797528 	0.855146  	-7.123200 
128.000000	-0.821660 	0.830809  	-7.123200 
129.000000	-0.845791 	0.806473  	-7.123200 
130.000000	-0.870778 	0.781593  	-7.123200 
131.000000	-0.895997 	0.756564  	-7.123200 
132.000000	-0.921216 	0.731536  	-7.123200 
133.000000	-0.946435 	0.706507  	-7.123200 
134.000000	-0.972439 	0.681424  	-7.123200 
135.000000	-0.999490 	0.656267  	-7.123200 
136.000000	-1.026540 	0.631110  	-7.123200 
137.000000	-1.053591 	0.605954  	-7.123200 
138.000000	-1.080857 	0.580828  	-7.123200 
139.000000	-1.110936 	0.556111  	-7.123200 
140.000000	-1.141016 	0.531394  	-7.123200 
141.000000	-1.171095 	0.506676  	-7.123200 
142.000000	-1.201174 	0.481959  	-7.123200 
143.000000	-1.234780 	0.457955  	-7.123200 
144.000000	-1.269798 	0.434236  	-7.123200 
145.000000	-1.304816 	0.410517  	-7.123200 
146.000000	-1.339834 	0.386798  	-7.123200 
147.000000	-1.377728 	0.363627  	-7.123200 
148.000000	-1.420799 	0.341443  	-7.123200 
149.000000	-1.463869 	0.319258  	-7.123200 
150.000000	-1.506940 	0.297074  	-7.123200 
151.000000	-1.550010 	0.274890  	-7.123200 
152.000000	-1.496561 	0.254147  	-7.123200 
153.000000	-1.443113 	0.233405  	-7.123200 
154.000000	-1.389664 	0.213662  	-7.123200 
155.000000	-1.336216 	0.193996  	-7.123200 
156.000000	-1.282767 	0.175339  	-7.123200 
157.000000	-1.229318 	0.156850  	-7.123200 
158.000000	-1.175870 	0.139361  	-7.123200 
159.000000	-1.122421 	0.122144  	-7.123200 
160.000000	-1.068972 	0.105900  	-7.123200 
161.000000	-1.015524 	0.090044  	-7.123200 
162.000000	-0.962075 	0.075115  	-7.123200 
163.000000	-0.908627 	0.060701  	-7.123200 
164.000000	-0.855178 	0.047154  	-7.123200 
165.000000	-0.801729 	0.034256  	-7.123200 
166.000000	-0.748281 	0.022150  	-7.123200 
167.000000	-0.694832 	0.010835  	-7.123200 
168.000000	-0.641383 	0.003672  	-7.123200 
169.000000	-0.587935 	0.002045  	-7.123200 
170.000000	-0.534486 	0.001000  	-7.123200 
171.000000	-0.481038 	0.001000  	-7.123200 
172.000000	-0.427589 	0.001000  	-7.123200 
173.000000	-0.374140 	0.001000  	-7.123200 
174.000000	-0.320692 	0.001000  	-7.123200 
175.000000	-0.267243 	0.001000  	-7.123200 
176.000000	-0.213794 	0.001000  	-7.123200 
177.000000	-0.160346 	0.001000  	-7.123200 
178.000000	-0.106897 	0.001000  	-7.123200 
179.000000	-0.053449 	0.001000  	-7.123200 
180.000000	0.000000  	0.001000  	-7.123200 
! ------------------------------------------------------------------------------
! data for table	8         
! ------------------------------------------------------------------------------
  0.900000  	Re           ! Reynolds number in millions
  0.000000  	UserProp     ! User property (control) setting
Flase           InclUAdata   ! Is unsteady aerodynamics data included in this table? If TRUE, then include UA coefficients below this line. Any missing coefficients will be calculated internally.
! Table of aerodynamics coefficients
  361       	NumAlf       ! Number of data lines in the following table
!Alpha      Cl          Cd          Cm/Cp
!(deg)      (-)         (-)         (-)
-180.000000	0.000000  	0.001000  	-7.172800 
-179.000000	0.053704  	0.001000  	-7.172800 
-178.000000	0.107409  	0.001000  	-7.172800 
-177.000000	0.161113  	0.001000  	-7.172800 
-176.000000	0.214818  	0.001000  	-7.172800 
-175.000000	0.268522  	0.001000  	-7.172800 
-174.000000	0.322227  	0.001000  	-7.172800 
-173.000000	0.375931  	0.001000  	-7.172800 
-172.000000	0.429636  	0.001000  	-7.172800 
-171.000000	0.483340  	0.001000  	-7.172800 
-170.000000	0.537045  	0.001000  	-7.172800 
-169.000000	0.590749  	0.001512  	-7.172800 
-168.000000	0.644454  	0.002308  	-7.172800 
-167.000000	0.698158  	0.009119  	-7.172800 
-166.000000	0.751863  	0.020442  	-7.172800 
-165.000000	0.805567  	0.032556  	-7.172800 
-164.000000	0.859272  	0.045461  	-7.172800 
-163.000000	0.912976  	0.059017  	-7.172800 
-162.000000	0.966681  	0.073441  	-7.172800 
-161.000000	1.020385  	0.088379  	-7.172800 
-160.000000	1.074090  	0.104245  	-7.172800 
-159.000000	1.127794  	0.120500  	-7.172800 
-158.000000	1.181499  	0.137728  	-7.172800 
-157.000000	1.235203  	0.155229  	-7.172800 
-156.000000	1.288908  	0.173730  	-7.172800 
-155.000000	1.342612  	0.192400  	-7.172800 
-154.000000	1.396317  	0.212079  	-7.172800 
-153.000000	1.450021  	0.231836  	-7.172800 
-152.000000	1.503726  	0.252593  	-7.172800 
-151.000000	1.557430  	0.273350  	-7.172800 
-150.000000	1.514026  	0.295550  	-7.172800 
-149.000000	1.470622  	0.317750  	-7.172800 
-148.000000	1.427218  	0.339950  	-7.172800 
-147.000000	1.383814  	0.362150  	-7.172800 
-146.000000	1.345630  	0.385338  	-7.172800 
-145.000000	1.310347  	0.409075  	-7.172800 
-144.000000	1.275064  	0.432812  	-7.172800 
-143.000000	1.239781  	0.456549  	-7.172800 
-142.000000	1.205923  	0.480572  	-7.172800 
-141.000000	1.175627  	0.505309  	-7.172800 
-140.000000	1.145331  	0.530046  	-7.172800 
-139.000000	1.115036  	0.554783  	-7.172800 
-138.000000	1.084740  	0.579520  	-7.172800 
-137.000000	1.057291  	0.604666  	-7.172800 
-136.000000	1.030061  	0.629845  	-7.172800 
-135.000000	1.002830  	0.655023  	-7.172800 
-134.000000	0.975600  	0.680201  	-7.172800 
-133.000000	0.949433  	0.705307  	-7.172800 
-132.000000	0.924062  	0.730358  	-7.172800 
-131.000000	0.898692  	0.755410  	-7.172800 
-130.000000	0.873322  	0.780462  	-7.172800 
-129.000000	0.848190  	0.805365  	-7.172800 
-128.000000	0.823932  	0.829726  	-7.172800 
-127.000000	0.799673  	0.854087  	-7.172800 
-126.000000	0.775414  	0.878448  	-7.172800 
-125.000000	0.751156  	0.902809  	-7.172800 
-124.000000	0.727473  	0.926109  	-7.172800 
-123.000000	0.703887  	0.949232  	-7.172800 
-122.000000	0.680301  	0.972356  	-7.172800 
-121.000000	0.656715  	0.995479  	-7.172800 
-120.000000	0.633356  	1.017724  	-7.172800 
-119.000000	0.610224  	1.039092  	-7.172800 
-118.000000	0.587092  	1.060460  	-7.172800 
-117.000000	0.563960  	1.081828  	-7.172800 
-116.000000	0.540885  	1.102877  	-7.172800 
-115.000000	0.518153  	1.122013  	-7.172800 
-114.000000	0.495422  	1.141150  	-7.172800 
-113.000000	0.472690  	1.160286  	-7.172800 
-112.000000	0.449958  	1.179422  	-7.172800 
-111.000000	0.427597  	1.196471  	-7.172800 
-110.000000	0.405337  	1.212951  	-7.172800 
-109.000000	0.383077  	1.229431  	-7.172800 
-108.000000	0.360818  	1.245912  	-7.172800 
-107.000000	0.338832  	1.261098  	-7.172800 
-106.000000	0.317214  	1.274560  	-7.172800 
-105.000000	0.295595  	1.288022  	-7.172800 
-104.000000	0.273976  	1.301484  	-7.172800 
-103.000000	0.252421  	1.314709  	-7.172800 
-102.000000	0.231689  	1.324860  	-7.172800 
-101.000000	0.210957  	1.335011  	-7.172800 
-100.000000	0.190225  	1.345162  	-7.172800 
-99.000000	0.169493  	1.355314  	-7.172800 
-98.000000	0.149612  	1.362946  	-7.172800 
-97.000000	0.130071  	1.369571  	-7.172800 
-96.000000	0.110530  	1.376196  	-7.172800 
-95.000000	0.090990  	1.382821  	-7.172800 
-94.000000	0.071999  	1.388139  	-7.172800 
-93.000000	0.053999  	1.391105  	-7.172800 
-92.000000	0.036000  	1.394070  	-7.172800 
-91.000000	0.018000  	1.397035  	-7.172800 
-90.000000	0.000000  	1.400000  	-7.172800 
-89.000000	-0.018000 	1.397035  	-7.172800 
-88.000000	-0.036000 	1.394070  	-7.172800 
-87.000000	-0.053999 	1.391105  	-7.172800 
-86.000000	-0.071999 	1.388139  	-7.172800 
-85.000000	-0.090990 	1.382821  	-7.172800 
-84.000000	-0.110530 	1.376196  	-7.172800 
-83.000000	-0.130071 	1.369571  	-7.172800 
-82.000000	-0.149612 	1.362946  	-7.172800 
-81.000000	-0.169493 	1.355314  	-7.172800 
-80.000000	-0.190225 	1.345162  	-7.172800 
-79.000000	-0.210957 	1.335011  	-7.172800 
-78.000000	-0.231689 	1.324860  	-7.172800 
-77.000000	-0.252421 	1.314709  	-7.172800 
-76.000000	-0.273976 	1.301484  	-7.172800 
-75.000000	-0.295595 	1.288022  	-7.172800 
-74.000000	-0.317214 	1.274560  	-7.172800 
-73.000000	-0.338832 	1.261098  	-7.172800 
-72.000000	-0.360818 	1.245912  	-7.172800 
-71.000000	-0.383077 	1.229431  	-7.172800 
-70.000000	-0.405337 	1.212951  	-7.172800 
-69.000000	-0.427597 	1.196471  	-7.172800 
-68.000000	-0.449958 	1.179422  	-7.172800 
-67.000000	-0.472690 	1.160286  	-7.172800 
-66.000000	-0.495422 	1.141150  	-7.172800 
-65.000000	-0.518153 	1.122013  	-7.172800 
-64.000000	-0.540885 	1.102877  	-7.172800 
-63.000000	-0.563960 	1.081828  	-7.172800 
-62.000000	-0.587092 	1.060460  	-7.172800 
-61.000000	-0.610224 	1.039092  	-7.172800 
-60.000000	-0.633356 	1.017724  	-7.172800 
-59.000000	-0.656715 	0.995479  	-7.172800 
-58.000000	-0.680301 	0.972356  	-7.172800 
-57.000000	-0.703887 	0.949232  	-7.172800 
-56.000000	-0.727473 	0.926109  	-7.172800 
-55.000000	-0.751156 	0.902809  	-7.172800 
-54.000000	-0.775414 	0.878448  	-7.172800 
-53.000000	-0.799673 	0.854087  	-7.172800 
-52.000000	-0.823932 	0.829726  	-7.172800 
-51.000000	-0.848190 	0.805365  	-7.172800 
-50.000000	-0.873322 	0.780462  	-7.172800 
-49.000000	-0.898692 	0.755410  	-7.172800 
-48.000000	-0.924062 	0.730358  	-7.172800 
-47.000000	-0.949433 	0.705307  	-7.172800 
-46.000000	-0.975600 	0.680201  	-7.172800 
-45.000000	-1.002830 	0.655023  	-7.172800 
-44.000000	-1.030061 	0.629845  	-7.172800 
-43.000000	-1.057291 	0.604666  	-7.172800 
-42.000000	-1.084740 	0.579520  	-7.172800 
-41.000000	-1.115036 	0.554783  	-7.172800 
-40.000000	-1.145331 	0.530046  	-7.172800 
-39.000000	-1.175627 	0.505309  	-7.172800 
-38.000000	-1.205923 	0.480572  	-7.172800 
-37.000000	-1.239781 	0.456549  	-7.172800 
-36.000000	-1.275064 	0.432812  	-7.172800 
-35.000000	-1.310347 	0.409075  	-7.172800 
-34.000000	-1.345630 	0.385338  	-7.172800 
-33.000000	-1.383814 	0.362150  	-7.172800 
-32.000000	-1.427218 	0.339950  	-7.172800 
-31.000000	-1.470622 	0.317750  	-7.172800 
-30.000000	-1.514026 	0.295550  	-7.172800 
-29.000000	-1.557430 	0.273350  	-7.172800 
-28.000000	-1.511544 	0.260839  	-7.172800 
-27.000000	-1.465658 	0.248329  	-7.172800 
-26.000000	-1.419773 	0.235818  	-7.172800 
-25.000000	-1.373887 	0.223308  	-7.172800 
-24.000000	-1.328001 	0.210797  	-7.172800 
-23.000000	-1.282115 	0.198287  	-7.172800 
-22.000000	-1.236229 	0.185776  	-7.172800 
-21.000000	-1.190344 	0.173266  	-7.172800 
-20.000000	-1.144458 	0.160755  	-7.172800 
-19.000000	-1.098572 	0.148245  	-7.172800 
-18.000000	-1.052686 	0.135734  	-7.172800 
-17.000000	-1.006801 	0.123224  	-7.172800 
-16.000000	-0.960915 	0.110713  	-7.172800 
-15.000000	-0.915029 	0.098203  	-7.172800 
-14.000000	-0.869143 	0.085692  	-7.172800 
-13.000000	-0.823257 	0.073182  	-7.172800 
-12.000000	-0.777372 	0.060671  	-5.859826 
-11.000000	-0.731486 	0.048161  	-4.021663 
-10.000000	-0.685600 	0.035650  	-2.183500 
-9.000000 	-0.543200 	0.035940  	-2.035600 
-8.000000 	-0.400700 	0.036180  	-1.894100 
-7.000000 	-0.257900 	0.036440  	-1.754700 
-6.000000 	-0.115800 	0.036710  	-1.621100 
-5.000000 	0.026800  	0.036970  	-1.491000 
-4.000000 	0.168200  	0.037240  	-1.364100 
-3.000000 	0.309400  	0.037510  	-1.243100 
-2.000000 	0.449900  	0.037790  	-1.283800 
-1.000000 	0.589400  	0.038080  	-1.403600 
0.000000  	0.727700  	0.038400  	-1.527700 
1.000000  	0.865700  	0.038710  	-1.655000 
2.000000  	1.002100  	0.039040  	-1.788200 
3.000000  	1.137500  	0.039370  	-1.926200 
4.000000  	1.272100  	0.039680  	-2.070500 
5.000000  	1.404300  	0.040140  	-2.220900 
6.000000  	1.536300  	0.040500  	-2.382200 
7.000000  	1.665300  	0.041030  	-2.554700 
8.000000  	1.792800  	0.041560  	-2.743800 
9.000000  	1.918300  	0.042180  	-2.951700 
10.000000 	2.038900  	0.043120  	-3.178800 
11.000000 	2.158000  	0.044010  	-3.431000 
12.000000 	2.270100  	0.045350  	-3.706900 
13.000000 	2.368100  	0.047610  	-3.993600 
14.000000 	2.394500  	0.054720  	-4.209000 
15.000000 	2.393300  	0.065350  	-4.398500 
16.000000 	2.372900  	0.079740  	-4.560600 
17.000000 	2.348500  	0.095890  	-4.712500 
18.000000 	2.308600  	0.114790  	-4.834200 
19.000000 	2.278400  	0.132840  	-4.988300 
20.000000 	2.249200  	0.150840  	-5.158400 
21.000000 	2.223400  	0.168570  	-5.331100 
22.000000 	2.209200  	0.184580  	-5.529300 
23.000000 	2.200200  	0.199740  	-5.736400 
24.000000 	2.199100  	0.213530  	-5.956700 
25.000000 	2.204800  	0.226010  	-6.204800 
26.000000 	2.211300  	0.238050  	-6.450400 
27.000000 	2.217600  	0.249820  	-6.703700 
28.000000 	2.222200  	0.261590  	-6.943600 
29.000000 	2.224900  	0.273350  	-7.172800 
30.000000 	2.162894  	0.295550  	-7.172800 
31.000000 	2.100888  	0.317750  	-7.172800 
32.000000 	2.038883  	0.339950  	-7.172800 
33.000000 	1.976877  	0.362150  	-7.172800 
34.000000 	1.922329  	0.385338  	-7.172800 
35.000000 	1.871924  	0.409075  	-7.172800 
36.000000 	1.821520  	0.432812  	-7.172800 
37.000000 	1.771115  	0.456549  	-7.172800 
38.000000 	1.722746  	0.480572  	-7.172800 
39.000000 	1.679467  	0.505309  	-7.172800 
40.000000 	1.636188  	0.530046  	-7.172800 
41.000000 	1.592908  	0.554783  	-7.172800 
42.000000 	1.549629  	0.579520  	-7.172800 
43.000000 	1.510415  	0.604666  	-7.172800 
44.000000 	1.471515  	0.629845  	-7.172800 
45.000000 	1.432615  	0.655023  	-7.172800 
46.000000 	1.393714  	0.680201  	-7.172800 
47.000000 	1.356332  	0.705307  	-7.172800 
48.000000 	1.320089  	0.730358  	-7.172800 
49.000000 	1.283846  	0.755410  	-7.172800 
50.000000 	1.247603  	0.780462  	-7.172800 
51.000000 	1.211700  	0.805365  	-7.172800 
52.000000 	1.177045  	0.829726  	-7.172800 
53.000000 	1.142390  	0.854087  	-7.172800 
54.000000 	1.107735  	0.878448  	-7.172800 
55.000000 	1.073079  	0.902809  	-7.172800 
56.000000 	1.039248  	0.926109  	-7.172800 
57.000000 	1.005553  	0.949232  	-7.172800 
58.000000 	0.971859  	0.972356  	-7.172800 
59.000000 	0.938164  	0.995479  	-7.172800 
60.000000 	0.904794  	1.017724  	-7.172800 
61.000000 	0.871748  	1.039092  	-7.172800 
62.000000 	0.838703  	1.060460  	-7.172800 
63.000000 	0.805657  	1.081828  	-7.172800 
64.000000 	0.772693  	1.102877  	-7.172800 
65.000000 	0.740219  	1.122013  	-7.172800 
66.000000 	0.707745  	1.141150  	-7.172800 
67.000000 	0.675271  	1.160286  	-7.172800 
68.000000 	0.642797  	1.179422  	-7.172800 
69.000000 	0.610853  	1.196471  	-7.172800 
70.000000 	0.579053  	1.212951  	-7.172800 
71.000000 	0.547253  	1.229431  	-7.172800 
72.000000 	0.515454  	1.245912  	-7.172800 
73.000000 	0.484046  	1.261098  	-7.172800 
74.000000 	0.453162  	1.274560  	-7.172800 
75.000000 	0.422278  	1.288022  	-7.172800 
76.000000 	0.391395  	1.301484  	-7.172800 
77.000000 	0.360601  	1.314709  	-7.172800 
78.000000 	0.330984  	1.324860  	-7.172800 
79.000000 	0.301367  	1.335011  	-7.172800 
80.000000 	0.271749  	1.345162  	-7.172800 
81.000000 	0.242132  	1.355314  	-7.172800 
82.000000 	0.213731  	1.362946  	-7.172800 
83.000000 	0.185816  	1.369571  	-7.172800 
84.000000 	0.157900  	1.376196  	-7.172800 
85.000000 	0.129985  	1.382821  	-7.172800 
86.000000 	0.102856  	1.388139  	-7.172800 
87.000000 	0.077142  	1.391105  	-7.172800 
88.000000 	0.051428  	1.394070  	-7.172800 
89.000000 	0.025714  	1.397035  	-7.172800 
90.000000 	0.000000  	1.400000  	-7.172800 
91.000000 	-0.018000 	1.397035  	-7.172800 
92.000000 	-0.036000 	1.394070  	-7.172800 
93.000000 	-0.053999 	1.391105  	-7.172800 
94.000000 	-0.071999 	1.388139  	-7.172800 
95.000000 	-0.090990 	1.382821  	-7.172800 
96.000000 	-0.110530 	1.376196  	-7.172800 
97.000000 	-0.130071 	1.369571  	-7.172800 
98.000000 	-0.149612 	1.362946  	-7.172800 
99.000000 	-0.169493 	1.355314  	-7.172800 
100.000000	-0.190225 	1.345162  	-7.172800 
101.000000	-0.210957 	1.335011  	-7.172800 
102.000000	-0.231689 	1.324860  	-7.172800 
103.000000	-0.252421 	1.314709  	-7.172800 
104.000000	-0.273976 	1.301484  	-7.172800 
105.000000	-0.295595 	1.288022  	-7.172800 
106.000000	-0.317214 	1.274560  	-7.172800 
107.000000	-0.338832 	1.261098  	-7.172800 
108.000000	-0.360818 	1.245912  	-7.172800 
109.000000	-0.383077 	1.229431  	-7.172800 
110.000000	-0.405337 	1.212951  	-7.172800 
111.000000	-0.427597 	1.196471  	-7.172800 
112.000000	-0.449958 	1.179422  	-7.172800 
113.000000	-0.472690 	1.160286  	-7.172800 
114.000000	-0.495422 	1.141150  	-7.172800 
115.000000	-0.518153 	1.122013  	-7.172800 
116.000000	-0.540885 	1.102877  	-7.172800 
117.000000	-0.563960 	1.081828  	-7.172800 
118.000000	-0.587092 	1.060460  	-7.172800 
119.000000	-0.610224 	1.039092  	-7.172800 
120.000000	-0.633356 	1.017724  	-7.172800 
121.000000	-0.656715 	0.995479  	-7.172800 
122.000000	-0.680301 	0.972356  	-7.172800 
123.000000	-0.703887 	0.949232  	-7.172800 
124.000000	-0.727473 	0.926109  	-7.172800 
125.000000	-0.751156 	0.902809  	-7.172800 
126.000000	-0.775414 	0.878448  	-7.172800 
127.000000	-0.799673 	0.854087  	-7.172800 
128.000000	-0.823932 	0.829726  	-7.172800 
129.000000	-0.848190 	0.805365  	-7.172800 
130.000000	-0.873322 	0.780462  	-7.172800 
131.000000	-0.898692 	0.755410  	-7.172800 
132.000000	-0.924062 	0.730358  	-7.172800 
133.000000	-0.949433 	0.705307  	-7.172800 
134.000000	-0.975600 	0.680201  	-7.172800 
135.000000	-1.002830 	0.655023  	-7.172800 
136.000000	-1.030061 	0.629845  	-7.172800 
137.000000	-1.057291 	0.604666  	-7.172800 
138.000000	-1.084740 	0.579520  	-7.172800 
139.000000	-1.115036 	0.554783  	-7.172800 
140.000000	-1.145331 	0.530046  	-7.172800 
141.000000	-1.175627 	0.505309  	-7.172800 
142.000000	-1.205923 	0.480572  	-7.172800 
143.000000	-1.239781 	0.456549  	-7.172800 
144.000000	-1.275064 	0.432812  	-7.172800 
145.000000	-1.310347 	0.409075  	-7.172800 
146.000000	-1.345630 	0.385338  	-7.172800 
147.000000	-1.383814 	0.362150  	-7.172800 
148.000000	-1.427218 	0.339950  	-7.172800 
149.000000	-1.470622 	0.317750  	-7.172800 
150.000000	-1.514026 	0.295550  	-7.172800 
151.000000	-1.557430 	0.273350  	-7.172800 
152.000000	-1.503726 	0.252593  	-7.172800 
153.000000	-1.450021 	0.231836  	-7.172800 
154.000000	-1.396317 	0.212079  	-7.172800 
155.000000	-1.342612 	0.192400  	-7.172800 
156.000000	-1.288908 	0.173730  	-7.172800 
157.000000	-1.235203 	0.155229  	-7.172800 
158.000000	-1.181499 	0.137728  	-7.172800 
159.000000	-1.127794 	0.120500  	-7.172800 
160.000000	-1.074090 	0.104245  	-7.172800 
161.000000	-1.020385 	0.088379  	-7.172800 
162.000000	-0.966681 	0.073441  	-7.172800 
163.000000	-0.912976 	0.059017  	-7.172800 
164.000000	-0.859272 	0.045461  	-7.172800 
165.000000	-0.805567 	0.032556  	-7.172800 
166.000000	-0.751863 	0.020442  	-7.172800 
167.000000	-0.698158 	0.009119  	-7.172800 
168.000000	-0.644454 	0.002308  	-7.172800 
169.000000	-0.590749 	0.001512  	-7.172800 
170.000000	-0.537045 	0.001000  	-7.172800 
171.000000	-0.483340 	0.001000  	-7.172800 
172.000000	-0.429636 	0.001000  	-7.172800 
173.000000	-0.375931 	0.001000  	-7.172800 
174.000000	-0.322227 	0.001000  	-7.172800 
175.000000	-0.268522 	0.001000  	-7.172800 
176.000000	-0.214818 	0.001000  	-7.172800 
177.000000	-0.161113 	0.001000  	-7.172800 
178.000000	-0.107409 	0.001000  	-7.172800 
179.000000	-0.053704 	0.001000  	-7.172800 
180.000000	0.000000  	0.001000  	-7.172800 
! ------------------------------------------------------------------------------
! data for table	9         
! ------------------------------------------------------------------------------
  1.000000  	Re           ! Reynolds number in millions
  0.000000  	UserProp     ! User property (control) setting
Flase           InclUAdata   ! Is unsteady aerodynamics data included in this table? If TRUE, then include UA coefficients below this line. Any missing coefficients will be calculated internally.
! Table of aerodynamics coefficients
  361       	NumAlf       ! Number of data lines in the following table
!Alpha      Cl          Cd          Cm/Cp
!(deg)      (-)         (-)         (-)
-180.000000	0.000000  	0.001000  	-7.207200 
-179.000000	0.053919  	0.001000  	-7.207200 
-178.000000	0.107839  	0.001000  	-7.207200 
-177.000000	0.161758  	0.001000  	-7.207200 
-176.000000	0.215677  	0.001000  	-7.207200 
-175.000000	0.269597  	0.001000  	-7.207200 
-174.000000	0.323516  	0.001000  	-7.207200 
-173.000000	0.377435  	0.001000  	-7.207200 
-172.000000	0.431354  	0.001000  	-7.207200 
-171.000000	0.485274  	0.001000  	-7.207200 
-170.000000	0.539193  	0.001000  	-7.207200 
-169.000000	0.593112  	0.001000  	-7.207200 
-168.000000	0.647032  	0.001000  	-7.207200 
-167.000000	0.700951  	0.007342  	-7.207200 
-166.000000	0.754870  	0.018440  	-7.207200 
-165.000000	0.808790  	0.030446  	-7.207200 
-164.000000	0.862709  	0.043362  	-7.207200 
-163.000000	0.916628  	0.056929  	-7.207200 
-162.000000	0.970548  	0.071364  	-7.207200 
-161.000000	1.024467  	0.086314  	-7.207200 
-160.000000	1.078386  	0.102193  	-7.207200 
-159.000000	1.132306  	0.118462  	-7.207200 
-158.000000	1.186225  	0.135704  	-7.207200 
-157.000000	1.240144  	0.153219  	-7.207200 
-156.000000	1.294063  	0.171736  	-7.207200 
-155.000000	1.347983  	0.190421  	-7.207200 
-154.000000	1.401902  	0.210117  	-7.207200 
-153.000000	1.455821  	0.229890  	-7.207200 
-152.000000	1.509741  	0.250665  	-7.207200 
-151.000000	1.563660  	0.271440  	-7.207200 
-150.000000	1.519976  	0.293660  	-7.207200 
-149.000000	1.476292  	0.315880  	-7.207200 
-148.000000	1.432608  	0.338099  	-7.207200 
-147.000000	1.388924  	0.360319  	-7.207200 
-146.000000	1.350497  	0.383529  	-7.207200 
-145.000000	1.314991  	0.407288  	-7.207200 
-144.000000	1.279485  	0.431047  	-7.207200 
-143.000000	1.243979  	0.454806  	-7.207200 
-142.000000	1.209910  	0.478851  	-7.207200 
-141.000000	1.179432  	0.503613  	-7.207200 
-140.000000	1.148955  	0.528374  	-7.207200 
-139.000000	1.118477  	0.553136  	-7.207200 
-138.000000	1.088000  	0.577897  	-7.207200 
-137.000000	1.060398  	0.603070  	-7.207200 
-136.000000	1.033016  	0.628275  	-7.207200 
-135.000000	1.005635  	0.653480  	-7.207200 
-134.000000	0.978254  	0.678684  	-7.207200 
-133.000000	0.951949  	0.703818  	-7.207200 
-132.000000	0.926452  	0.728898  	-7.207200 
-131.000000	0.900956  	0.753978  	-7.207200 
-130.000000	0.875459  	0.779058  	-7.207200 
-129.000000	0.850204  	0.803991  	-7.207200 
-128.000000	0.825839  	0.828382  	-7.207200 
-127.000000	0.801473  	0.852774  	-7.207200 
-126.000000	0.777108  	0.877165  	-7.207200 
-125.000000	0.752743  	0.901556  	-7.207200 
-124.000000	0.728968  	0.924888  	-7.207200 
-123.000000	0.705292  	0.948044  	-7.207200 
-122.000000	0.681616  	0.971199  	-7.207200 
-121.000000	0.657940  	0.994354  	-7.207200 
-120.000000	0.634499  	1.016633  	-7.207200 
-119.000000	0.611292  	1.038034  	-7.207200 
-118.000000	0.588085  	1.059436  	-7.207200 
-117.000000	0.564878  	1.080837  	-7.207200 
-116.000000	0.541730  	1.101920  	-7.207200 
-115.000000	0.518937  	1.121091  	-7.207200 
-114.000000	0.496144  	1.140262  	-7.207200 
-113.000000	0.473350  	1.159433  	-7.207200 
-112.000000	0.450557  	1.178604  	-7.207200 
-111.000000	0.428144  	1.195689  	-7.207200 
-110.000000	0.405835  	1.212205  	-7.207200 
-109.000000	0.383526  	1.228721  	-7.207200 
-108.000000	0.361217  	1.245237  	-7.207200 
-107.000000	0.339188  	1.260460  	-7.207200 
-106.000000	0.317531  	1.273958  	-7.207200 
-105.000000	0.295875  	1.287457  	-7.207200 
-104.000000	0.274218  	1.300956  	-7.207200 
-103.000000	0.252626  	1.314218  	-7.207200 
-102.000000	0.231868  	1.324406  	-7.207200 
-101.000000	0.211109  	1.334595  	-7.207200 
-100.000000	0.190350  	1.344783  	-7.207200 
-99.000000	0.169592  	1.354972  	-7.207200 
-98.000000	0.149692  	1.362642  	-7.207200 
-97.000000	0.130136  	1.369305  	-7.207200 
-96.000000	0.110579  	1.375968  	-7.207200 
-95.000000	0.091023  	1.382631  	-7.207200 
-94.000000	0.072020  	1.387987  	-7.207200 
-93.000000	0.054015  	1.390990  	-7.207200 
-92.000000	0.036010  	1.393994  	-7.207200 
-91.000000	0.018005  	1.396997  	-7.207200 
-90.000000	0.000000  	1.400000  	-7.207200 
-89.000000	-0.018005 	1.396997  	-7.207200 
-88.000000	-0.036010 	1.393994  	-7.207200 
-87.000000	-0.054015 	1.390990  	-7.207200 
-86.000000	-0.072020 	1.387987  	-7.207200 
-85.000000	-0.091023 	1.382631  	-7.207200 
-84.000000	-0.110579 	1.375968  	-7.207200 
-83.000000	-0.130136 	1.369305  	-7.207200 
-82.000000	-0.149692 	1.362642  	-7.207200 
-81.000000	-0.169592 	1.354972  	-7.207200 
-80.000000	-0.190350 	1.344783  	-7.207200 
-79.000000	-0.211109 	1.334595  	-7.207200 
-78.000000	-0.231868 	1.324406  	-7.207200 
-77.000000	-0.252626 	1.314218  	-7.207200 
-76.000000	-0.274218 	1.300956  	-7.207200 
-75.000000	-0.295875 	1.287457  	-7.207200 
-74.000000	-0.317531 	1.273958  	-7.207200 
-73.000000	-0.339188 	1.260460  	-7.207200 
-72.000000	-0.361217 	1.245237  	-7.207200 
-71.000000	-0.383526 	1.228721  	-7.207200 
-70.000000	-0.405835 	1.212205  	-7.207200 
-69.000000	-0.428144 	1.195689  	-7.207200 
-68.000000	-0.450557 	1.178604  	-7.207200 
-67.000000	-0.473350 	1.159433  	-7.207200 
-66.000000	-0.496144 	1.140262  	-7.207200 
-65.000000	-0.518937 	1.121091  	-7.207200 
-64.000000	-0.541730 	1.101920  	-7.207200 
-63.000000	-0.564878 	1.080837  	-7.207200 
-62.000000	-0.588085 	1.059436  	-7.207200 
-61.000000	-0.611292 	1.038034  	-7.207200 
-60.000000	-0.634499 	1.016633  	-7.207200 
-59.000000	-0.657940 	0.994354  	-7.207200 
-58.000000	-0.681616 	0.971199  	-7.207200 
-57.000000	-0.705292 	0.948044  	-7.207200 
-56.000000	-0.728968 	0.924888  	-7.207200 
-55.000000	-0.752743 	0.901556  	-7.207200 
-54.000000	-0.777108 	0.877165  	-7.207200 
-53.000000	-0.801473 	0.852774  	-7.207200 
-52.000000	-0.825839 	0.828382  	-7.207200 
-51.000000	-0.850204 	0.803991  	-7.207200 
-50.000000	-0.875459 	0.779058  	-7.207200 
-49.000000	-0.900956 	0.753978  	-7.207200 
-48.000000	-0.926452 	0.728898  	-7.207200 
-47.000000	-0.951949 	0.703818  	-7.207200 
-46.000000	-0.978254 	0.678684  	-7.207200 
-45.000000	-1.005635 	0.653480  	-7.207200 
-44.000000	-1.033016 	0.628275  	-7.207200 
-43.000000	-1.060398 	0.603070  	-7.207200 
-42.000000	-1.088000 	0.577897  	-7.207200 
-41.000000	-1.118477 	0.553136  	-7.207200 
-40.000000	-1.148955 	0.528374  	-7.207200 
-39.000000	-1.179432 	0.503613  	-7.207200 
-38.000000	-1.209910 	0.478851  	-7.207200 
-37.000000	-1.243979 	0.454806  	-7.207200 
-36.000000	-1.279485 	0.431047  	-7.207200 
-35.000000	-1.314991 	0.407288  	-7.207200 
-34.000000	-1.350497 	0.383529  	-7.207200 
-33.000000	-1.388924 	0.360319  	-7.207200 
-32.000000	-1.432608 	0.338099  	-7.207200 
-31.000000	-1.476292 	0.315880  	-7.207200 
-30.000000	-1.519976 	0.293660  	-7.207200 
-29.000000	-1.563660 	0.271440  	-7.207200 
-28.000000	-1.517399 	0.259027  	-7.207200 
-27.000000	-1.471138 	0.246614  	-7.207200 
-26.000000	-1.424877 	0.234201  	-7.207200 
-25.000000	-1.378616 	0.221787  	-7.207200 
-24.000000	-1.332355 	0.209374  	-7.207200 
-23.000000	-1.286094 	0.196961  	-7.207200 
-22.000000	-1.239833 	0.184548  	-7.207200 
-21.000000	-1.193572 	0.172135  	-7.207200 
-20.000000	-1.147311 	0.159722  	-7.207200 
-19.000000	-1.101049 	0.147308  	-7.207200 
-18.000000	-1.054788 	0.134895  	-7.207200 
-17.000000	-1.008527 	0.122482  	-7.207200 
-16.000000	-0.962266 	0.110069  	-7.207200 
-15.000000	-0.916005 	0.097656  	-7.207200 
-14.000000	-0.869744 	0.085243  	-7.207200 
-13.000000	-0.823483 	0.072829  	-7.207200 
-12.000000	-0.777222 	0.060416  	-5.885700 
-11.000000	-0.730961 	0.048003  	-4.035600 
-10.000000	-0.684700 	0.035590  	-2.185500 
-9.000000 	-0.541900 	0.035880  	-2.037900 
-8.000000 	-0.399000 	0.036140  	-1.894700 
-7.000000 	-0.255900 	0.036420  	-1.756900 
-6.000000 	-0.113300 	0.036690  	-1.620900 
-5.000000 	0.028300  	0.036960  	-1.491900 
-4.000000 	0.170700  	0.037240  	-1.364400 
-3.000000 	0.311200  	0.037500  	-1.243100 
-2.000000 	0.451800  	0.037800  	-1.285300 
-1.000000 	0.591100  	0.038060  	-1.405300 
0.000000  	0.730200  	0.038340  	-1.529800 
1.000000  	0.867800  	0.038630  	-1.658100 
2.000000  	1.004300  	0.038910  	-1.790300 
3.000000  	1.139200  	0.039250  	-1.931300 
4.000000  	1.274100  	0.039590  	-2.072300 
5.000000  	1.407900  	0.039860  	-2.224300 
6.000000  	1.539000  	0.040280  	-2.385400 
7.000000  	1.668900  	0.040680  	-2.558900 
8.000000  	1.797000  	0.041170  	-2.748200 
9.000000  	1.921500  	0.041890  	-2.955500 
10.000000 	2.046000  	0.042440  	-3.186900 
11.000000 	2.165100  	0.043370  	-3.440100 
12.000000 	2.278000  	0.044670  	-3.717300 
13.000000 	2.379400  	0.046690  	-4.009000 
14.000000 	2.424700  	0.052440  	-4.253900 
15.000000 	2.410600  	0.063750  	-4.426700 
16.000000 	2.392100  	0.077770  	-4.593500 
17.000000 	2.363700  	0.094240  	-4.742400 
18.000000 	2.327300  	0.112590  	-4.869400 
19.000000 	2.293100  	0.131090  	-5.023800 
20.000000 	2.266600  	0.148690  	-5.202100 
21.000000 	2.235100  	0.167070  	-5.364100 
22.000000 	2.222300  	0.182760  	-5.565400 
23.000000 	2.215900  	0.197410  	-5.780500 
24.000000 	2.211300  	0.211640  	-5.995100 
25.000000 	2.215000  	0.224310  	-6.243200 
26.000000 	2.221600  	0.236240  	-6.490300 
27.000000 	2.225000  	0.248420  	-6.745300 
28.000000 	2.229600  	0.260080  	-6.978600 
29.000000 	2.233800  	0.271440  	-7.207200 
30.000000 	2.171394  	0.293660  	-7.207200 
31.000000 	2.108988  	0.315880  	-7.207200 
32.000000 	2.046582  	0.338099  	-7.207200 
33.000000 	1.984177  	0.360319  	-7.207200 
34.000000 	1.929281  	0.383529  	-7.207200 
35.000000 	1.878558  	0.407288  	-7.207200 
36.000000 	1.827836  	0.431047  	-7.207200 
37.000000 	1.777113  	0.454806  	-7.207200 
38.000000 	1.728443  	0.478851  	-7.207200 
39.000000 	1.684903  	0.503613  	-7.207200 
40.000000 	1.641364  	0.528374  	-7.207200 
41.000000 	1.597825  	0.553136  	-7.207200 
42.000000 	1.554286  	0.577897  	-7.207200 
43.000000 	1.514854  	0.603070  	-7.207200 
44.000000 	1.475738  	0.628275  	-7.207200 
45.000000 	1.436621  	0.653480  	-7.207200 
46.000000 	1.397505  	0.678684  	-7.207200 
47.000000 	1.359928  	0.703818  	-7.207200 
48.000000 	1.323503  	0.728898  	-7.207200 
49.000000 	1.287079  	0.753978  	-7.207200 
50.000000 	1.250655  	0.779058  	-7.207200 
51.000000 	1.214577  	0.803991  	-7.207200 
52.000000 	1.179770  	0.828382  	-7.207200 
53.000000 	1.144962  	0.852774  	-7.207200 
54.000000 	1.110154  	0.877165  	-7.207200 
55.000000 	1.075347  	0.901556  	-7.207200 
56.000000 	1.041383  	0.924888  	-7.207200 
57.000000 	1.007560  	0.948044  	-7.207200 
58.000000 	0.973737  	0.971199  	-7.207200 
59.000000 	0.939914  	0.994354  	-7.207200 
60.000000 	0.906427  	1.016633  	-7.207200 
61.000000 	0.873274  	1.038034  	-7.207200 
62.000000 	0.840121  	1.059436  	-7.207200 
63.000000 	0.806968  	1.080837  	-7.207200 
64.000000 	0.773900  	1.101920  	-7.207200 
65.000000 	0.741338  	1.121091  	-7.207200 
66.000000 	0.708777  	1.140262  	-7.207200 
67.000000 	0.676215  	1.159433  	-7.207200 
68.000000 	0.643653  	1.178604  	-7.207200 
69.000000 	0.611635  	1.195689  	-7.207200 
70.000000 	0.579764  	1.212205  	-7.207200 
71.000000 	0.547894  	1.228721  	-7.207200 
72.000000 	0.516024  	1.245237  	-7.207200 
73.000000 	0.484554  	1.260460  	-7.207200 
74.000000 	0.453616  	1.273958  	-7.207200 
75.000000 	0.422678  	1.287457  	-7.207200 
76.000000 	0.391741  	1.300956  	-7.207200 
77.000000 	0.360895  	1.314218  	-7.207200 
78.000000 	0.331239  	1.324406  	-7.207200 
79.000000 	0.301584  	1.334595  	-7.207200 
80.000000 	0.271929  	1.344783  	-7.207200 
81.000000 	0.242274  	1.354972  	-7.207200 
82.000000 	0.213846  	1.362642  	-7.207200 
83.000000 	0.185908  	1.369305  	-7.207200 
84.000000 	0.157970  	1.375968  	-7.207200 
85.000000 	0.130032  	1.382631  	-7.207200 
86.000000 	0.102886  	1.387987  	-7.207200 
87.000000 	0.077165  	1.390990  	-7.207200 
88.000000 	0.051443  	1.393994  	-7.207200 
89.000000 	0.025722  	1.396997  	-7.207200 
90.000000 	0.000000  	1.400000  	-7.207200 
91.000000 	-0.018005 	1.396997  	-7.207200 
92.000000 	-0.036010 	1.393994  	-7.207200 
93.000000 	-0.054015 	1.390990  	-7.207200 
94.000000 	-0.072020 	1.387987  	-7.207200 
95.000000 	-0.091023 	1.382631  	-7.207200 
96.000000 	-0.110579 	1.375968  	-7.207200 
97.000000 	-0.130136 	1.369305  	-7.207200 
98.000000 	-0.149692 	1.362642  	-7.207200 
99.000000 	-0.169592 	1.354972  	-7.207200 
100.000000	-0.190350 	1.344783  	-7.207200 
101.000000	-0.211109 	1.334595  	-7.207200 
102.000000	-0.231868 	1.324406  	-7.207200 
103.000000	-0.252626 	1.314218  	-7.207200 
104.000000	-0.274218 	1.300956  	-7.207200 
105.000000	-0.295875 	1.287457  	-7.207200 
106.000000	-0.317531 	1.273958  	-7.207200 
107.000000	-0.339188 	1.260460  	-7.207200 
108.000000	-0.361217 	1.245237  	-7.207200 
109.000000	-0.383526 	1.228721  	-7.207200 
110.000000	-0.405835 	1.212205  	-7.207200 
111.000000	-0.428144 	1.195689  	-7.207200 
112.000000	-0.450557 	1.178604  	-7.207200 
113.000000	-0.473350 	1.159433  	-7.207200 
114.000000	-0.496144 	1.140262  	-7.207200 
115.000000	-0.518937 	1.121091  	-7.207200 
116.000000	-0.541730 	1.101920  	-7.207200 
117.000000	-0.564878 	1.080837  	-7.207200 
118.000000	-0.588085 	1.059436  	-7.207200 
119.000000	-0.611292 	1.038034  	-7.207200 
120.000000	-0.634499 	1.016633  	-7.207200 
121.000000	-0.657940 	0.994354  	-7.207200 
122.000000	-0.681616 	0.971199  	-7.207200 
123.000000	-0.705292 	0.948044  	-7.207200 
124.000000	-0.728968 	0.924888  	-7.207200 
125.000000	-0.752743 	0.901556  	-7.207200 
126.000000	-0.777108 	0.877165  	-7.207200 
127.000000	-0.801473 	0.852774  	-7.207200 
128.000000	-0.825839 	0.828382  	-7.207200 
129.000000	-0.850204 	0.803991  	-7.207200 
130.000000	-0.875459 	0.779058  	-7.207200 
131.000000	-0.900956 	0.753978  	-7.207200 
132.000000	-0.926452 	0.728898  	-7.207200 
133.000000	-0.951949 	0.703818  	-7.207200 
134.000000	-0.978254 	0.678684  	-7.207200 
135.000000	-1.005635 	0.653480  	-7.207200 
136.000000	-1.033016 	0.628275  	-7.207200 
137.000000	-1.060398 	0.603070  	-7.207200 
138.000000	-1.088000 	0.577897  	-7.207200 
139.000000	-1.118477 	0.553136  	-7.207200 
140.000000	-1.148955 	0.528374  	-7.207200 
141.000000	-1.179432 	0.503613  	-7.207200 
142.000000	-1.209910 	0.478851  	-7.207200 
143.000000	-1.243979 	0.454806  	-7.207200 
144.000000	-1.279485 	0.431047  	-7.207200 
145.000000	-1.314991 	0.407288  	-7.207200 
146.000000	-1.350497 	0.383529  	-7.207200 
147.000000	-1.388924 	0.360319  	-7.207200 
148.000000	-1.432608 	0.338099  	-7.207200 
149.000000	-1.476292 	0.315880  	-7.207200 
150.000000	-1.519976 	0.293660  	-7.207200 
151.000000	-1.563660 	0.271440  	-7.207200 
152.000000	-1.509741 	0.250665  	-7.207200 
153.000000	-1.455821 	0.229890  	-7.207200 
154.000000	-1.401902 	0.210117  	-7.207200 
155.000000	-1.347983 	0.190421  	-7.207200 
156.000000	-1.294063 	0.171736  	-7.207200 
157.000000	-1.240144 	0.153219  	-7.207200 
158.000000	-1.186225 	0.135704  	-7.207200 
159.000000	-1.132306 	0.118462  	-7.207200 
160.000000	-1.078386 	0.102193  	-7.207200 
161.000000	-1.024467 	0.086314  	-7.207200 
162.000000	-0.970548 	0.071364  	-7.207200 
163.000000	-0.916628 	0.056929  	-7.207200 
164.000000	-0.862709 	0.043362  	-7.207200 
165.000000	-0.808790 	0.030446  	-7.207200 
166.000000	-0.754870 	0.018440  	-7.207200 
167.000000	-0.700951 	0.007342  	-7.207200 
168.000000	-0.647032 	0.001000  	-7.207200 
169.000000	-0.593112 	0.001000  	-7.207200 
170.000000	-0.539193 	0.001000  	-7.207200 
171.000000	-0.485274 	0.001000  	-7.207200 
172.000000	-0.431354 	0.001000  	-7.207200 
173.000000	-0.377435 	0.001000  	-7.207200 
174.000000	-0.323516 	0.001000  	-7.207200 
175.000000	-0.269597 	0.001000  	-7.207200 
176.000000	-0.215677 	0.001000  	-7.207200 
177.000000	-0.161758 	0.001000  	-7.207200 
178.000000	-0.107839 	0.001000  	-7.207200 
179.000000	-0.053919 	0.001000  	-7.207200 
180.000000	0.000000  	0.001000  	-7.207200 
! ------------------------------------------------------------------------------
! data for table	10        
! ------------------------------------------------------------------------------
  1.100000  	Re           ! Reynolds number in millions
  0.000000  	UserProp     ! User property (control) setting
Flase           InclUAdata   ! Is unsteady aerodynamics data included in this table? If TRUE, then include UA coefficients below this line. Any missing coefficients will be calculated internally.
! Table of aerodynamics coefficients
  361       	NumAlf       ! Number of data lines in the following table
!Alpha      Cl          Cd          Cm/Cp
!(deg)      (-)         (-)         (-)
-180.000000	0.000000  	0.001000  	-7.250300 
-179.000000	0.054149  	0.001000  	-7.250300 
-178.000000	0.108297  	0.001000  	-7.250300 
-177.000000	0.162446  	0.001000  	-7.250300 
-176.000000	0.216594  	0.001000  	-7.250300 
-175.000000	0.270743  	0.001000  	-7.250300 
-174.000000	0.324892  	0.001000  	-7.250300 
-173.000000	0.379040  	0.001000  	-7.250300 
-172.000000	0.433189  	0.001000  	-7.250300 
-171.000000	0.487338  	0.001000  	-7.250300 
-170.000000	0.541486  	0.001000  	-7.250300 
-169.000000	0.595635  	0.001000  	-7.250300 
-168.000000	0.649783  	0.001000  	-7.250300 
-167.000000	0.703932  	0.006908  	-7.250300 
-166.000000	0.758081  	0.017247  	-7.250300 
-165.000000	0.812229  	0.028878  	-7.250300 
-164.000000	0.866378  	0.041802  	-7.250300 
-163.000000	0.920527  	0.055377  	-7.250300 
-162.000000	0.974675  	0.069820  	-7.250300 
-161.000000	1.028824  	0.084779  	-7.250300 
-160.000000	1.082972  	0.100668  	-7.250300 
-159.000000	1.137121  	0.116946  	-7.250300 
-158.000000	1.191270  	0.134199  	-7.250300 
-157.000000	1.245418  	0.151725  	-7.250300 
-156.000000	1.299567  	0.170253  	-7.250300 
-155.000000	1.353716  	0.188949  	-7.250300 
-154.000000	1.407864  	0.208658  	-7.250300 
-153.000000	1.462013  	0.228444  	-7.250300 
-152.000000	1.516161  	0.249232  	-7.250300 
-151.000000	1.570310  	0.270020  	-7.250300 
-150.000000	1.526327  	0.292254  	-7.250300 
-149.000000	1.482344  	0.314489  	-7.250300 
-148.000000	1.438361  	0.336723  	-7.250300 
-147.000000	1.394378  	0.358958  	-7.250300 
-146.000000	1.355692  	0.382183  	-7.250300 
-145.000000	1.319948  	0.405959  	-7.250300 
-144.000000	1.284204  	0.429734  	-7.250300 
-143.000000	1.248460  	0.453510  	-7.250300 
-142.000000	1.214166  	0.477572  	-7.250300 
-141.000000	1.183494  	0.502352  	-7.250300 
-140.000000	1.152823  	0.527131  	-7.250300 
-139.000000	1.122151  	0.551911  	-7.250300 
-138.000000	1.091480  	0.576690  	-7.250300 
-137.000000	1.063714  	0.601883  	-7.250300 
-136.000000	1.036171  	0.627108  	-7.250300 
-135.000000	1.008629  	0.652332  	-7.250300 
-134.000000	0.981086  	0.677557  	-7.250300 
-133.000000	0.954636  	0.702711  	-7.250300 
-132.000000	0.929003  	0.727812  	-7.250300 
-131.000000	0.903371  	0.752914  	-7.250300 
-130.000000	0.877739  	0.778015  	-7.250300 
-129.000000	0.852354  	0.802969  	-7.250300 
-128.000000	0.827875  	0.827383  	-7.250300 
-127.000000	0.803395  	0.851797  	-7.250300 
-126.000000	0.778916  	0.876211  	-7.250300 
-125.000000	0.754437  	0.900625  	-7.250300 
-124.000000	0.730564  	0.923981  	-7.250300 
-123.000000	0.706792  	0.947160  	-7.250300 
-122.000000	0.683020  	0.970339  	-7.250300 
-121.000000	0.659248  	0.993518  	-7.250300 
-120.000000	0.635719  	1.015821  	-7.250300 
-119.000000	0.612432  	1.037248  	-7.250300 
-118.000000	0.589145  	1.058674  	-7.250300 
-117.000000	0.565858  	1.080100  	-7.250300 
-116.000000	0.542632  	1.101208  	-7.250300 
-115.000000	0.519773  	1.120405  	-7.250300 
-114.000000	0.496914  	1.139602  	-7.250300 
-113.000000	0.474055  	1.158799  	-7.250300 
-112.000000	0.451196  	1.177996  	-7.250300 
-111.000000	0.428728  	1.195107  	-7.250300 
-110.000000	0.406366  	1.211650  	-7.250300 
-109.000000	0.384005  	1.228193  	-7.250300 
-108.000000	0.361643  	1.244735  	-7.250300 
-107.000000	0.339567  	1.259985  	-7.250300 
-106.000000	0.317870  	1.273511  	-7.250300 
-105.000000	0.296174  	1.287037  	-7.250300 
-104.000000	0.274477  	1.300563  	-7.250300 
-103.000000	0.252845  	1.313852  	-7.250300 
-102.000000	0.232059  	1.324069  	-7.250300 
-101.000000	0.211272  	1.334285  	-7.250300 
-100.000000	0.190485  	1.344502  	-7.250300 
-99.000000	0.169698  	1.354718  	-7.250300 
-98.000000	0.149778  	1.362416  	-7.250300 
-97.000000	0.130204  	1.369108  	-7.250300 
-96.000000	0.110631  	1.375799  	-7.250300 
-95.000000	0.091058  	1.382490  	-7.250300 
-94.000000	0.072043  	1.387874  	-7.250300 
-93.000000	0.054032  	1.390905  	-7.250300 
-92.000000	0.036021  	1.393937  	-7.250300 
-91.000000	0.018011  	1.396968  	-7.250300 
-90.000000	0.000000  	1.400000  	-7.250300 
-89.000000	-0.018011 	1.396968  	-7.250300 
-88.000000	-0.036021 	1.393937  	-7.250300 
-87.000000	-0.054032 	1.390905  	-7.250300 
-86.000000	-0.072043 	1.387874  	-7.250300 
-85.000000	-0.091058 	1.382490  	-7.250300 
-84.000000	-0.110631 	1.375799  	-7.250300 
-83.000000	-0.130204 	1.369108  	-7.250300 
-82.000000	-0.149778 	1.362416  	-7.250300 
-81.000000	-0.169698 	1.354718  	-7.250300 
-80.000000	-0.190485 	1.344502  	-7.250300 
-79.000000	-0.211272 	1.334285  	-7.250300 
-78.000000	-0.232059 	1.324069  	-7.250300 
-77.000000	-0.252845 	1.313852  	-7.250300 
-76.000000	-0.274477 	1.300563  	-7.250300 
-75.000000	-0.296174 	1.287037  	-7.250300 
-74.000000	-0.317870 	1.273511  	-7.250300 
-73.000000	-0.339567 	1.259985  	-7.250300 
-72.000000	-0.361643 	1.244735  	-7.250300 
-71.000000	-0.384005 	1.228193  	-7.250300 
-70.000000	-0.406366 	1.211650  	-7.250300 
-69.000000	-0.428728 	1.195107  	-7.250300 
-68.000000	-0.451196 	1.177996  	-7.250300 
-67.000000	-0.474055 	1.158799  	-7.250300 
-66.000000	-0.496914 	1.139602  	-7.250300 
-65.000000	-0.519773 	1.120405  	-7.250300 
-64.000000	-0.542632 	1.101208  	-7.250300 
-63.000000	-0.565858 	1.080100  	-7.250300 
-62.000000	-0.589145 	1.058674  	-7.250300 
-61.000000	-0.612432 	1.037248  	-7.250300 
-60.000000	-0.635719 	1.015821  	-7.250300 
-59.000000	-0.659248 	0.993518  	-7.250300 
-58.000000	-0.683020 	0.970339  	-7.250300 
-57.000000	-0.706792 	0.947160  	-7.250300 
-56.000000	-0.730564 	0.923981  	-7.250300 
-55.000000	-0.754437 	0.900625  	-7.250300 
-54.000000	-0.778916 	0.876211  	-7.250300 
-53.000000	-0.803395 	0.851797  	-7.250300 
-52.000000	-0.827875 	0.827383  	-7.250300 
-51.000000	-0.852354 	0.802969  	-7.250300 
-50.000000	-0.877739 	0.778015  	-7.250300 
-49.000000	-0.903371 	0.752914  	-7.250300 
-48.000000	-0.929003 	0.727812  	-7.250300 
-47.000000	-0.954636 	0.702711  	-7.250300 
-46.000000	-0.981086 	0.677557  	-7.250300 
-45.000000	-1.008629 	0.652332  	-7.250300 
-44.000000	-1.036171 	0.627108  	-7.250300 
-43.000000	-1.063714 	0.601883  	-7.250300 
-42.000000	-1.091480 	0.576690  	-7.250300 
-41.000000	-1.122151 	0.551911  	-7.250300 
-40.000000	-1.152823 	0.527131  	-7.250300 
-39.000000	-1.183494 	0.502352  	-7.250300 
-38.000000	-1.214166 	0.477572  	-7.250300 
-37.000000	-1.248460 	0.453510  	-7.250300 
-36.000000	-1.284204 	0.429734  	-7.250300 
-35.000000	-1.319948 	0.405959  	-7.250300 
-34.000000	-1.355692 	0.382183  	-7.250300 
-33.000000	-1.394378 	0.358958  	-7.250300 
-32.000000	-1.438361 	0.336723  	-7.250300 
-31.000000	-1.482344 	0.314489  	-7.250300 
-30.000000	-1.526327 	0.292254  	-7.250300 
-29.000000	-1.570310 	0.270020  	-7.250300 
-28.000000	-1.523641 	0.257678  	-7.250300 
-27.000000	-1.476972 	0.245337  	-7.250300 
-26.000000	-1.430303 	0.232995  	-7.250300 
-25.000000	-1.383634 	0.220654  	-7.250300 
-24.000000	-1.336965 	0.208312  	-7.250300 
-23.000000	-1.290296 	0.195971  	-7.250300 
-22.000000	-1.243627 	0.183629  	-7.250300 
-21.000000	-1.196958 	0.171287  	-7.250300 
-20.000000	-1.150289 	0.158946  	-7.250300 
-19.000000	-1.103621 	0.146604  	-7.250300 
-18.000000	-1.056952 	0.134263  	-7.250300 
-17.000000	-1.010283 	0.121921  	-7.250300 
-16.000000	-0.963614 	0.109579  	-7.250300 
-15.000000	-0.916945 	0.097238  	-7.250300 
-14.000000	-0.870276 	0.084896  	-7.250300 
-13.000000	-0.823607 	0.072555  	-7.250300 
-12.000000	-0.776938 	0.060213  	-5.917853 
-11.000000	-0.730269 	0.047872  	-4.052426 
-10.000000	-0.683600 	0.035530  	-2.187000 
-9.000000 	-0.540100 	0.035820  	-2.038900 
-8.000000 	-0.397100 	0.036090  	-1.895700 
-7.000000 	-0.254100 	0.036370  	-1.757500 
-6.000000 	-0.111100 	0.036660  	-1.621600 
-5.000000 	0.030500  	0.036930  	-1.492300 
-4.000000 	0.172400  	0.037220  	-1.364800 
-3.000000 	0.313300  	0.037490  	-1.243400 
-2.000000 	0.453500  	0.037740  	-1.286800 
-1.000000 	0.593300  	0.038010  	-1.407100 
0.000000  	0.731900  	0.038290  	-1.531400 
1.000000  	0.869100  	0.038560  	-1.659500 
2.000000  	1.006300  	0.038840  	-1.792200 
3.000000  	1.142400  	0.039100  	-1.930600 
4.000000  	1.276900  	0.039400  	-2.075200 
5.000000  	1.410000  	0.039720  	-2.226600 
6.000000  	1.542100  	0.040020  	-2.388700 
7.000000  	1.671100  	0.040510  	-2.561200 
8.000000  	1.801000  	0.040830  	-2.752600 
9.000000  	1.926300  	0.041460  	-2.960900 
10.000000 	2.050200  	0.042080  	-3.191900 
11.000000 	2.170700  	0.042880  	-3.447200 
12.000000 	2.284700  	0.044090  	-3.726200 
13.000000 	2.386700  	0.046110  	-4.019300 
14.000000 	2.460300  	0.050000  	-4.305400 
15.000000 	2.427800  	0.062190  	-4.454300 
16.000000 	2.406100  	0.076300  	-4.618000 
17.000000 	2.378500  	0.092610  	-4.770200 
18.000000 	2.341800  	0.110890  	-4.898700 
19.000000 	2.310200  	0.128960  	-5.064200 
20.000000 	2.272200  	0.148120  	-5.216600 
21.000000 	2.250100  	0.165090  	-5.405200 
22.000000 	2.229800  	0.181880  	-5.587500 
23.000000 	2.223600  	0.196440  	-5.804400 
24.000000 	2.222300  	0.210150  	-6.032000 
25.000000 	2.226400  	0.222720  	-6.283400 
26.000000 	2.232100  	0.234780  	-6.529500 
27.000000 	2.237100  	0.246640  	-6.793400 
28.000000 	2.239600  	0.258610  	-7.021100 
29.000000 	2.243300  	0.270020  	-7.250300 
30.000000 	2.180467  	0.292254  	-7.250300 
31.000000 	2.117634  	0.314489  	-7.250300 
32.000000 	2.054801  	0.336723  	-7.250300 
33.000000 	1.991968  	0.358958  	-7.250300 
34.000000 	1.936702  	0.382183  	-7.250300 
35.000000 	1.885640  	0.405959  	-7.250300 
36.000000 	1.834577  	0.429734  	-7.250300 
37.000000 	1.783515  	0.453510  	-7.250300 
38.000000 	1.734523  	0.477572  	-7.250300 
39.000000 	1.690706  	0.502352  	-7.250300 
40.000000 	1.646890  	0.527131  	-7.250300 
41.000000 	1.603073  	0.551911  	-7.250300 
42.000000 	1.559257  	0.576690  	-7.250300 
43.000000 	1.519591  	0.601883  	-7.250300 
44.000000 	1.480245  	0.627108  	-7.250300 
45.000000 	1.440898  	0.652332  	-7.250300 
46.000000 	1.401552  	0.677557  	-7.250300 
47.000000 	1.363765  	0.702711  	-7.250300 
48.000000 	1.327148  	0.727812  	-7.250300 
49.000000 	1.290530  	0.752914  	-7.250300 
50.000000 	1.253913  	0.778015  	-7.250300 
51.000000 	1.217649  	0.802969  	-7.250300 
52.000000 	1.182678  	0.827383  	-7.250300 
53.000000 	1.147708  	0.851797  	-7.250300 
54.000000 	1.112737  	0.876211  	-7.250300 
55.000000 	1.077767  	0.900625  	-7.250300 
56.000000 	1.043662  	0.923981  	-7.250300 
57.000000 	1.009703  	0.947160  	-7.250300 
58.000000 	0.975743  	0.970339  	-7.250300 
59.000000 	0.941783  	0.993518  	-7.250300 
60.000000 	0.908169  	1.015821  	-7.250300 
61.000000 	0.874903  	1.037248  	-7.250300 
62.000000 	0.841636  	1.058674  	-7.250300 
63.000000 	0.808369  	1.080100  	-7.250300 
64.000000 	0.775189  	1.101208  	-7.250300 
65.000000 	0.742533  	1.120405  	-7.250300 
66.000000 	0.709877  	1.139602  	-7.250300 
67.000000 	0.677222  	1.158799  	-7.250300 
68.000000 	0.644566  	1.177996  	-7.250300 
69.000000 	0.612469  	1.195107  	-7.250300 
70.000000 	0.580523  	1.211650  	-7.250300 
71.000000 	0.548578  	1.228193  	-7.250300 
72.000000 	0.516633  	1.244735  	-7.250300 
73.000000 	0.485095  	1.259985  	-7.250300 
74.000000 	0.454100  	1.273511  	-7.250300 
75.000000 	0.423105  	1.287037  	-7.250300 
76.000000 	0.392110  	1.300563  	-7.250300 
77.000000 	0.361208  	1.313852  	-7.250300 
78.000000 	0.331512  	1.324069  	-7.250300 
79.000000 	0.301817  	1.334285  	-7.250300 
80.000000 	0.272121  	1.344502  	-7.250300 
81.000000 	0.242425  	1.354718  	-7.250300 
82.000000 	0.213968  	1.362416  	-7.250300 
83.000000 	0.186006  	1.369108  	-7.250300 
84.000000 	0.158045  	1.375799  	-7.250300 
85.000000 	0.130083  	1.382490  	-7.250300 
86.000000 	0.102918  	1.387874  	-7.250300 
87.000000 	0.077189  	1.390905  	-7.250300 
88.000000 	0.051459  	1.393937  	-7.250300 
89.000000 	0.025730  	1.396968  	-7.250300 
90.000000 	0.000000  	1.400000  	-7.250300 
91.000000 	-0.018011 	1.396968  	-7.250300 
92.000000 	-0.036021 	1.393937  	-7.250300 
93.000000 	-0.054032 	1.390905  	-7.250300 
94.000000 	-0.072043 	1.387874  	-7.250300 
95.000000 	-0.091058 	1.382490  	-7.250300 
96.000000 	-0.110631 	1.375799  	-7.250300 
97.000000 	-0.130204 	1.369108  	-7.250300 
98.000000 	-0.149778 	1.362416  	-7.250300 
99.000000 	-0.169698 	1.354718  	-7.250300 
100.000000	-0.190485 	1.344502  	-7.250300 
101.000000	-0.211272 	1.334285  	-7.250300 
102.000000	-0.232059 	1.324069  	-7.250300 
103.000000	-0.252845 	1.313852  	-7.250300 
104.000000	-0.274477 	1.300563  	-7.250300 
105.000000	-0.296174 	1.287037  	-7.250300 
106.000000	-0.317870 	1.273511  	-7.250300 
107.000000	-0.339567 	1.259985  	-7.250300 
108.000000	-0.361643 	1.244735  	-7.250300 
109.000000	-0.384005 	1.228193  	-7.250300 
110.000000	-0.406366 	1.211650  	-7.250300 
111.000000	-0.428728 	1.195107  	-7.250300 
112.000000	-0.451196 	1.177996  	-7.250300 
113.000000	-0.474055 	1.158799  	-7.250300 
114.000000	-0.496914 	1.139602  	-7.250300 
115.000000	-0.519773 	1.120405  	-7.250300 
116.000000	-0.542632 	1.101208  	-7.250300 
117.000000	-0.565858 	1.080100  	-7.250300 
118.000000	-0.589145 	1.058674  	-7.250300 
119.000000	-0.612432 	1.037248  	-7.250300 
120.000000	-0.635719 	1.015821  	-7.250300 
121.000000	-0.659248 	0.993518  	-7.250300 
122.000000	-0.683020 	0.970339  	-7.250300 
123.000000	-0.706792 	0.947160  	-7.250300 
124.000000	-0.730564 	0.923981  	-7.250300 
125.000000	-0.754437 	0.900625  	-7.250300 
126.000000	-0.778916 	0.876211  	-7.250300 
127.000000	-0.803395 	0.851797  	-7.250300 
128.000000	-0.827875 	0.827383  	-7.250300 
129.000000	-0.852354 	0.802969  	-7.250300 
130.000000	-0.877739 	0.778015  	-7.250300 
131.000000	-0.903371 	0.752914  	-7.250300 
132.000000	-0.929003 	0.727812  	-7.250300 
133.000000	-0.954636 	0.702711  	-7.250300 
134.000000	-0.981086 	0.677557  	-7.250300 
135.000000	-1.008629 	0.652332  	-7.250300 
136.000000	-1.036171 	0.627108  	-7.250300 
137.000000	-1.063714 	0.601883  	-7.250300 
138.000000	-1.091480 	0.576690  	-7.250300 
139.000000	-1.122151 	0.551911  	-7.250300 
140.000000	-1.152823 	0.527131  	-7.250300 
141.000000	-1.183494 	0.502352  	-7.250300 
142.000000	-1.214166 	0.477572  	-7.250300 
143.000000	-1.248460 	0.453510  	-7.250300 
144.000000	-1.284204 	0.429734  	-7.250300 
145.000000	-1.319948 	0.405959  	-7.250300 
146.000000	-1.355692 	0.382183  	-7.250300 
147.000000	-1.394378 	0.358958  	-7.250300 
148.000000	-1.438361 	0.336723  	-7.250300 
149.000000	-1.482344 	0.314489  	-7.250300 
150.000000	-1.526327 	0.292254  	-7.250300 
151.000000	-1.570310 	0.270020  	-7.250300 
152.000000	-1.516161 	0.249232  	-7.250300 
153.000000	-1.462013 	0.228444  	-7.250300 
154.000000	-1.407864 	0.208658  	-7.250300 
155.000000	-1.353716 	0.188949  	-7.250300 
156.000000	-1.299567 	0.170253  	-7.250300 
157.000000	-1.245418 	0.151725  	-7.250300 
158.000000	-1.191270 	0.134199  	-7.250300 
159.000000	-1.137121 	0.116946  	-7.250300 
160.000000	-1.082972 	0.100668  	-7.250300 
161.000000	-1.028824 	0.084779  	-7.250300 
162.000000	-0.974675 	0.069820  	-7.250300 
163.000000	-0.920527 	0.055377  	-7.250300 
164.000000	-0.866378 	0.041802  	-7.250300 
165.000000	-0.812229 	0.028878  	-7.250300 
166.000000	-0.758081 	0.017247  	-7.250300 
167.000000	-0.703932 	0.006908  	-7.250300 
168.000000	-0.649783 	0.001000  	-7.250300 
169.000000	-0.595635 	0.001000  	-7.250300 
170.000000	-0.541486 	0.001000  	-7.250300 
171.000000	-0.487338 	0.001000  	-7.250300 
172.000000	-0.433189 	0.001000  	-7.250300 
173.000000	-0.379040 	0.001000  	-7.250300 
174.000000	-0.324892 	0.001000  	-7.250300 
175.000000	-0.270743 	0.001000  	-7.250300 
176.000000	-0.216594 	0.001000  	-7.250300 
177.000000	-0.162446 	0.001000  	-7.250300 
178.000000	-0.108297 	0.001000  	-7.250300 
179.000000	-0.054149 	0.001000  	-7.250300 
180.000000	0.000000  	0.001000  	-7.250300 
! ------------------------------------------------------------------------------
! data for table	11        
! ------------------------------------------------------------------------------
  1.200000  	Re           ! Reynolds number in millions
  0.000000  	UserProp     ! User property (control) setting
Flase           InclUAdata   ! Is unsteady aerodynamics data included in this table? If TRUE, then include UA coefficients below this line. Any missing coefficients will be calculated internally.
! Table of aerodynamics coefficients
  361       	NumAlf       ! Number of data lines in the following table
!Alpha      Cl          Cd          Cm/Cp
!(deg)      (-)         (-)         (-)
-180.000000	0.000000  	0.001000  	-7.282900 
-179.000000	0.054320  	0.001000  	-7.282900 
-178.000000	0.108640  	0.001000  	-7.282900 
-177.000000	0.162960  	0.001000  	-7.282900 
-176.000000	0.217280  	0.001000  	-7.282900 
-175.000000	0.271600  	0.001000  	-7.282900 
-174.000000	0.325920  	0.001000  	-7.282900 
-173.000000	0.380240  	0.001000  	-7.282900 
-172.000000	0.434560  	0.001000  	-7.282900 
-171.000000	0.488880  	0.001000  	-7.282900 
-170.000000	0.543200  	0.001000  	-7.282900 
-169.000000	0.597520  	0.001000  	-7.282900 
-168.000000	0.651840  	0.001000  	-7.282900 
-167.000000	0.706160  	0.006590  	-7.282900 
-166.000000	0.760480  	0.016374  	-7.282900 
-165.000000	0.814800  	0.027730  	-7.282900 
-164.000000	0.869120  	0.040659  	-7.282900 
-163.000000	0.923440  	0.054240  	-7.282900 
-162.000000	0.977760  	0.068689  	-7.282900 
-161.000000	1.032080  	0.083655  	-7.282900 
-160.000000	1.086400  	0.099551  	-7.282900 
-159.000000	1.140720  	0.115836  	-7.282900 
-158.000000	1.195040  	0.133096  	-7.282900 
-157.000000	1.249360  	0.150630  	-7.282900 
-156.000000	1.303680  	0.169167  	-7.282900 
-155.000000	1.358000  	0.187872  	-7.282900 
-154.000000	1.412320  	0.207589  	-7.282900 
-153.000000	1.466640  	0.227384  	-7.282900 
-152.000000	1.520960  	0.248182  	-7.282900 
-151.000000	1.575280  	0.268980  	-7.282900 
-150.000000	1.531074  	0.291225  	-7.282900 
-149.000000	1.486867  	0.313470  	-7.282900 
-148.000000	1.442661  	0.335716  	-7.282900 
-147.000000	1.398454  	0.357961  	-7.282900 
-146.000000	1.359574  	0.381198  	-7.282900 
-145.000000	1.323652  	0.404985  	-7.282900 
-144.000000	1.287731  	0.428773  	-7.282900 
-143.000000	1.251810  	0.452560  	-7.282900 
-142.000000	1.217347  	0.476635  	-7.282900 
-141.000000	1.186530  	0.501428  	-7.282900 
-140.000000	1.155714  	0.526221  	-7.282900 
-139.000000	1.124897  	0.551014  	-7.282900 
-138.000000	1.094080  	0.575807  	-7.282900 
-137.000000	1.066192  	0.601014  	-7.282900 
-136.000000	1.038529  	0.626253  	-7.282900 
-135.000000	1.010866  	0.651492  	-7.282900 
-134.000000	0.983203  	0.676731  	-7.282900 
-133.000000	0.956643  	0.701900  	-7.282900 
-132.000000	0.930910  	0.727017  	-7.282900 
-131.000000	0.905177  	0.752134  	-7.282900 
-130.000000	0.879444  	0.777251  	-7.282900 
-129.000000	0.853961  	0.802221  	-7.282900 
-128.000000	0.829396  	0.826652  	-7.282900 
-127.000000	0.804832  	0.851082  	-7.282900 
-126.000000	0.780267  	0.875513  	-7.282900 
-125.000000	0.755703  	0.899943  	-7.282900 
-124.000000	0.731756  	0.923316  	-7.282900 
-123.000000	0.707913  	0.946513  	-7.282900 
-122.000000	0.684069  	0.969710  	-7.282900 
-121.000000	0.660226  	0.992906  	-7.282900 
-120.000000	0.636630  	1.015227  	-7.282900 
-119.000000	0.613284  	1.036672  	-7.282900 
-118.000000	0.589937  	1.058116  	-7.282900 
-117.000000	0.566590  	1.079561  	-7.282900 
-116.000000	0.543306  	1.100687  	-7.282900 
-115.000000	0.520398  	1.119903  	-7.282900 
-114.000000	0.497490  	1.139119  	-7.282900 
-113.000000	0.474582  	1.158335  	-7.282900 
-112.000000	0.451674  	1.177550  	-7.282900 
-111.000000	0.429164  	1.194681  	-7.282900 
-110.000000	0.406764  	1.211244  	-7.282900 
-109.000000	0.384363  	1.227806  	-7.282900 
-108.000000	0.361962  	1.244368  	-7.282900 
-107.000000	0.339850  	1.259638  	-7.282900 
-106.000000	0.318123  	1.273184  	-7.282900 
-105.000000	0.296397  	1.286730  	-7.282900 
-104.000000	0.274670  	1.300275  	-7.282900 
-103.000000	0.253009  	1.313585  	-7.282900 
-102.000000	0.232201  	1.323822  	-7.282900 
-101.000000	0.211393  	1.334059  	-7.282900 
-100.000000	0.190585  	1.344295  	-7.282900 
-99.000000	0.169777  	1.354532  	-7.282900 
-98.000000	0.149842  	1.362251  	-7.282900 
-97.000000	0.130256  	1.368963  	-7.282900 
-96.000000	0.110670  	1.375674  	-7.282900 
-95.000000	0.091084  	1.382386  	-7.282900 
-94.000000	0.072059  	1.387791  	-7.282900 
-93.000000	0.054045  	1.390843  	-7.282900 
-92.000000	0.036030  	1.393895  	-7.282900 
-91.000000	0.018015  	1.396948  	-7.282900 
-90.000000	0.000000  	1.400000  	-7.282900 
-89.000000	-0.018015 	1.396948  	-7.282900 
-88.000000	-0.036030 	1.393895  	-7.282900 
-87.000000	-0.054045 	1.390843  	-7.282900 
-86.000000	-0.072059 	1.387791  	-7.282900 
-85.000000	-0.091084 	1.382386  	-7.282900 
-84.000000	-0.110670 	1.375674  	-7.282900 
-83.000000	-0.130256 	1.368963  	-7.282900 
-82.000000	-0.149842 	1.362251  	-7.282900 
-81.000000	-0.169777 	1.354532  	-7.282900 
-80.000000	-0.190585 	1.344295  	-7.282900 
-79.000000	-0.211393 	1.334059  	-7.282900 
-78.000000	-0.232201 	1.323822  	-7.282900 
-77.000000	-0.253009 	1.313585  	-7.282900 
-76.000000	-0.274670 	1.300275  	-7.282900 
-75.000000	-0.296397 	1.286730  	-7.282900 
-74.000000	-0.318123 	1.273184  	-7.282900 
-73.000000	-0.339850 	1.259638  	-7.282900 
-72.000000	-0.361962 	1.244368  	-7.282900 
-71.000000	-0.384363 	1.227806  	-7.282900 
-70.000000	-0.406764 	1.211244  	-7.282900 
-69.000000	-0.429164 	1.194681  	-7.282900 
-68.000000	-0.451674 	1.177550  	-7.282900 
-67.000000	-0.474582 	1.158335  	-7.282900 
-66.000000	-0.497490 	1.139119  	-7.282900 
-65.000000	-0.520398 	1.119903  	-7.282900 
-64.000000	-0.543306 	1.100687  	-7.282900 
-63.000000	-0.566590 	1.079561  	-7.282900 
-62.000000	-0.589937 	1.058116  	-7.282900 
-61.000000	-0.613284 	1.036672  	-7.282900 
-60.000000	-0.636630 	1.015227  	-7.282900 
-59.000000	-0.660226 	0.992906  	-7.282900 
-58.000000	-0.684069 	0.969710  	-7.282900 
-57.000000	-0.707913 	0.946513  	-7.282900 
-56.000000	-0.731756 	0.923316  	-7.282900 
-55.000000	-0.755703 	0.899943  	-7.282900 
-54.000000	-0.780267 	0.875513  	-7.282900 
-53.000000	-0.804832 	0.851082  	-7.282900 
-52.000000	-0.829396 	0.826652  	-7.282900 
-51.000000	-0.853961 	0.802221  	-7.282900 
-50.000000	-0.879444 	0.777251  	-7.282900 
-49.000000	-0.905177 	0.752134  	-7.282900 
-48.000000	-0.930910 	0.727017  	-7.282900 
-47.000000	-0.956643 	0.701900  	-7.282900 
-46.000000	-0.983203 	0.676731  	-7.282900 
-45.000000	-1.010866 	0.651492  	-7.282900 
-44.000000	-1.038529 	0.626253  	-7.282900 
-43.000000	-1.066192 	0.601014  	-7.282900 
-42.000000	-1.094080 	0.575807  	-7.282900 
-41.000000	-1.124897 	0.551014  	-7.282900 
-40.000000	-1.155714 	0.526221  	-7.282900 
-39.000000	-1.186530 	0.501428  	-7.282900 
-38.000000	-1.217347 	0.476635  	-7.282900 
-37.000000	-1.251810 	0.452560  	-7.282900 
-36.000000	-1.287731 	0.428773  	-7.282900 
-35.000000	-1.323652 	0.404985  	-7.282900 
-34.000000	-1.359574 	0.381198  	-7.282900 
-33.000000	-1.398454 	0.357961  	-7.282900 
-32.000000	-1.442661 	0.335716  	-7.282900 
-31.000000	-1.486867 	0.313470  	-7.282900 
-30.000000	-1.531074 	0.291225  	-7.282900 
-29.000000	-1.575280 	0.268980  	-7.282900 
-28.000000	-1.528286 	0.256692  	-7.282900 
-27.000000	-1.481293 	0.244403  	-7.282900 
-26.000000	-1.434299 	0.232115  	-7.282900 
-25.000000	-1.387305 	0.219826  	-7.282900 
-24.000000	-1.340312 	0.207538  	-7.282900 
-23.000000	-1.293318 	0.195249  	-7.282900 
-22.000000	-1.246324 	0.182961  	-7.282900 
-21.000000	-1.199331 	0.170673  	-7.282900 
-20.000000	-1.152337 	0.158384  	-7.282900 
-19.000000	-1.105343 	0.146096  	-7.282900 
-18.000000	-1.058349 	0.133807  	-7.282900 
-17.000000	-1.011356 	0.121519  	-7.282900 
-16.000000	-0.964362 	0.109231  	-7.282900 
-15.000000	-0.917368 	0.096942  	-7.282900 
-14.000000	-0.870375 	0.084654  	-7.282900 
-13.000000	-0.823381 	0.072365  	-7.282900 
-12.000000	-0.776387 	0.060077  	-5.941900 
-11.000000	-0.729394 	0.047788  	-4.064500 
-10.000000	-0.682400 	0.035500  	-2.187100 
-9.000000 	-0.538100 	0.035760  	-2.039500 
-8.000000 	-0.395100 	0.036060  	-1.896300 
-7.000000 	-0.252800 	0.036340  	-1.757400 
-6.000000 	-0.109200 	0.036640  	-1.622200 
-5.000000 	0.032400  	0.036930  	-1.492600 
-4.000000 	0.173600  	0.037190  	-1.365000 
-3.000000 	0.315200  	0.037460  	-1.243500 
-2.000000 	0.454800  	0.037690  	-1.287900 
-1.000000 	0.595000  	0.037970  	-1.408500 
0.000000  	0.733100  	0.038250  	-1.532600 
1.000000  	0.871000  	0.038510  	-1.661300 
2.000000  	1.008000  	0.038780  	-1.793700 
3.000000  	1.144000  	0.039020  	-1.932400 
4.000000  	1.279000  	0.039260  	-2.077500 
5.000000  	1.411600  	0.039610  	-2.228200 
6.000000  	1.544500  	0.039820  	-2.391400 
7.000000  	1.674400  	0.040250  	-2.564600 
8.000000  	1.804000  	0.040580  	-2.755900 
9.000000  	1.930400  	0.041080  	-2.965500 
10.000000 	2.053300  	0.041820  	-3.195500 
11.000000 	2.174900  	0.042520  	-3.452400 
12.000000 	2.289300  	0.043690  	-3.732400 
13.000000 	2.393400  	0.045570  	-4.028800 
14.000000 	2.472800  	0.049060  	-4.324000 
15.000000 	2.437800  	0.061290  	-4.470400 
16.000000 	2.422100  	0.074650  	-4.645600 
17.000000 	2.387800  	0.091580  	-4.788000 
18.000000 	2.357300  	0.109080  	-4.930000 
19.000000 	2.317100  	0.128170  	-5.080500 
20.000000 	2.287500  	0.146190  	-5.255800 
21.000000 	2.257000  	0.164270  	-5.424500 
22.000000 	2.241500  	0.180300  	-5.621400 
23.000000 	2.235900  	0.194770  	-5.842000 
24.000000 	2.232800  	0.208710  	-6.067200 
25.000000 	2.234200  	0.221680  	-6.311200 
26.000000 	2.239200  	0.233840  	-6.556200 
27.000000 	2.245200  	0.245490  	-6.826100 
28.000000 	2.247300  	0.257510  	-7.054200 
29.000000 	2.250400  	0.268980  	-7.282900 
30.000000 	2.187248  	0.291225  	-7.282900 
31.000000 	2.124096  	0.313470  	-7.282900 
32.000000 	2.060944  	0.335716  	-7.282900 
33.000000 	1.997792  	0.357961  	-7.282900 
34.000000 	1.942248  	0.381198  	-7.282900 
35.000000 	1.890932  	0.404985  	-7.282900 
36.000000 	1.839616  	0.428773  	-7.282900 
37.000000 	1.788299  	0.452560  	-7.282900 
38.000000 	1.739067  	0.476635  	-7.282900 
39.000000 	1.695043  	0.501428  	-7.282900 
40.000000 	1.651019  	0.526221  	-7.282900 
41.000000 	1.606996  	0.551014  	-7.282900 
42.000000 	1.562972  	0.575807  	-7.282900 
43.000000 	1.523132  	0.601014  	-7.282900 
44.000000 	1.483613  	0.626253  	-7.282900 
45.000000 	1.444095  	0.651492  	-7.282900 
46.000000 	1.404576  	0.676731  	-7.282900 
47.000000 	1.366633  	0.701900  	-7.282900 
48.000000 	1.329871  	0.727017  	-7.282900 
49.000000 	1.293110  	0.752134  	-7.282900 
50.000000 	1.256348  	0.777251  	-7.282900 
51.000000 	1.219944  	0.802221  	-7.282900 
52.000000 	1.184852  	0.826652  	-7.282900 
53.000000 	1.149760  	0.851082  	-7.282900 
54.000000 	1.114667  	0.875513  	-7.282900 
55.000000 	1.079575  	0.899943  	-7.282900 
56.000000 	1.045366  	0.923316  	-7.282900 
57.000000 	1.011304  	0.946513  	-7.282900 
58.000000 	0.977242  	0.969710  	-7.282900 
59.000000 	0.943179  	0.992906  	-7.282900 
60.000000 	0.909472  	1.015227  	-7.282900 
61.000000 	0.876120  	1.036672  	-7.282900 
62.000000 	0.842767  	1.058116  	-7.282900 
63.000000 	0.809415  	1.079561  	-7.282900 
64.000000 	0.776152  	1.100687  	-7.282900 
65.000000 	0.743426  	1.119903  	-7.282900 
66.000000 	0.710700  	1.139119  	-7.282900 
67.000000 	0.677974  	1.158335  	-7.282900 
68.000000 	0.645249  	1.177550  	-7.282900 
69.000000 	0.613092  	1.194681  	-7.282900 
70.000000 	0.581091  	1.211244  	-7.282900 
71.000000 	0.549090  	1.227806  	-7.282900 
72.000000 	0.517088  	1.244368  	-7.282900 
73.000000 	0.485500  	1.259638  	-7.282900 
74.000000 	0.454462  	1.273184  	-7.282900 
75.000000 	0.423424  	1.286730  	-7.282900 
76.000000 	0.392386  	1.300275  	-7.282900 
77.000000 	0.361442  	1.313585  	-7.282900 
78.000000 	0.331716  	1.323822  	-7.282900 
79.000000 	0.301990  	1.334059  	-7.282900 
80.000000 	0.272264  	1.344295  	-7.282900 
81.000000 	0.242539  	1.354532  	-7.282900 
82.000000 	0.214060  	1.362251  	-7.282900 
83.000000 	0.186080  	1.368963  	-7.282900 
84.000000 	0.158100  	1.375674  	-7.282900 
85.000000 	0.130120  	1.382386  	-7.282900 
86.000000 	0.102942  	1.387791  	-7.282900 
87.000000 	0.077207  	1.390843  	-7.282900 
88.000000 	0.051471  	1.393895  	-7.282900 
89.000000 	0.025736  	1.396948  	-7.282900 
90.000000 	0.000000  	1.400000  	-7.282900 
91.000000 	-0.018015 	1.396948  	-7.282900 
92.000000 	-0.036030 	1.393895  	-7.282900 
93.000000 	-0.054045 	1.390843  	-7.282900 
94.000000 	-0.072059 	1.387791  	-7.282900 
95.000000 	-0.091084 	1.382386  	-7.282900 
96.000000 	-0.110670 	1.375674  	-7.282900 
97.000000 	-0.130256 	1.368963  	-7.282900 
98.000000 	-0.149842 	1.362251  	-7.282900 
99.000000 	-0.169777 	1.354532  	-7.282900 
100.000000	-0.190585 	1.344295  	-7.282900 
101.000000	-0.211393 	1.334059  	-7.282900 
102.000000	-0.232201 	1.323822  	-7.282900 
103.000000	-0.253009 	1.313585  	-7.282900 
104.000000	-0.274670 	1.300275  	-7.282900 
105.000000	-0.296397 	1.286730  	-7.282900 
106.000000	-0.318123 	1.273184  	-7.282900 
107.000000	-0.339850 	1.259638  	-7.282900 
108.000000	-0.361962 	1.244368  	-7.282900 
109.000000	-0.384363 	1.227806  	-7.282900 
110.000000	-0.406764 	1.211244  	-7.282900 
111.000000	-0.429164 	1.194681  	-7.282900 
112.000000	-0.451674 	1.177550  	-7.282900 
113.000000	-0.474582 	1.158335  	-7.282900 
114.000000	-0.497490 	1.139119  	-7.282900 
115.000000	-0.520398 	1.119903  	-7.282900 
116.000000	-0.543306 	1.100687  	-7.282900 
117.000000	-0.566590 	1.079561  	-7.282900 
118.000000	-0.589937 	1.058116  	-7.282900 
119.000000	-0.613284 	1.036672  	-7.282900 
120.000000	-0.636630 	1.015227  	-7.282900 
121.000000	-0.660226 	0.992906  	-7.282900 
122.000000	-0.684069 	0.969710  	-7.282900 
123.000000	-0.707913 	0.946513  	-7.282900 
124.000000	-0.731756 	0.923316  	-7.282900 
125.000000	-0.755703 	0.899943  	-7.282900 
126.000000	-0.780267 	0.875513  	-7.282900 
127.000000	-0.804832 	0.851082  	-7.282900 
128.000000	-0.829396 	0.826652  	-7.282900 
129.000000	-0.853961 	0.802221  	-7.282900 
130.000000	-0.879444 	0.777251  	-7.282900 
131.000000	-0.905177 	0.752134  	-7.282900 
132.000000	-0.930910 	0.727017  	-7.282900 
133.000000	-0.956643 	0.701900  	-7.282900 
134.000000	-0.983203 	0.676731  	-7.282900 
135.000000	-1.010866 	0.651492  	-7.282900 
136.000000	-1.038529 	0.626253  	-7.282900 
137.000000	-1.066192 	0.601014  	-7.282900 
138.000000	-1.094080 	0.575807  	-7.282900 
139.000000	-1.124897 	0.551014  	-7.282900 
140.000000	-1.155714 	0.526221  	-7.282900 
141.000000	-1.186530 	0.501428  	-7.282900 
142.000000	-1.217347 	0.476635  	-7.282900 
143.000000	-1.251810 	0.452560  	-7.282900 
144.000000	-1.287731 	0.428773  	-7.282900 
145.000000	-1.323652 	0.404985  	-7.282900 
146.000000	-1.359574 	0.381198  	-7.282900 
147.000000	-1.398454 	0.357961  	-7.282900 
148.000000	-1.442661 	0.335716  	-7.282900 
149.000000	-1.486867 	0.313470  	-7.282900 
150.000000	-1.531074 	0.291225  	-7.282900 
151.000000	-1.575280 	0.268980  	-7.282900 
152.000000	-1.520960 	0.248182  	-7.282900 
153.000000	-1.466640 	0.227384  	-7.282900 
154.000000	-1.412320 	0.207589  	-7.282900 
155.000000	-1.358000 	0.187872  	-7.282900 
156.000000	-1.303680 	0.169167  	-7.282900 
157.000000	-1.249360 	0.150630  	-7.282900 
158.000000	-1.195040 	0.133096  	-7.282900 
159.000000	-1.140720 	0.115836  	-7.282900 
160.000000	-1.086400 	0.099551  	-7.282900 
161.000000	-1.032080 	0.083655  	-7.282900 
162.000000	-0.977760 	0.068689  	-7.282900 
163.000000	-0.923440 	0.054240  	-7.282900 
164.000000	-0.869120 	0.040659  	-7.282900 
165.000000	-0.814800 	0.027730  	-7.282900 
166.000000	-0.760480 	0.016374  	-7.282900 
167.000000	-0.706160 	0.006590  	-7.282900 
168.000000	-0.651840 	0.001000  	-7.282900 
169.000000	-0.597520 	0.001000  	-7.282900 
170.000000	-0.543200 	0.001000  	-7.282900 
171.000000	-0.488880 	0.001000  	-7.282900 
172.000000	-0.434560 	0.001000  	-7.282900 
173.000000	-0.380240 	0.001000  	-7.282900 
174.000000	-0.325920 	0.001000  	-7.282900 
175.000000	-0.271600 	0.001000  	-7.282900 
176.000000	-0.217280 	0.001000  	-7.282900 
177.000000	-0.162960 	0.001000  	-7.282900 
178.000000	-0.108640 	0.001000  	-7.282900 
179.000000	-0.054320 	0.001000  	-7.282900 
180.000000	0.000000  	0.001000  	-7.282900 
