! AeroDyn v15 airfoil data file
! Generated from airfoilprep.py modified by D. Kim (Mar 14th, 2022) 
! start all comment lines with ! 
! ------------------------------------------------------------------------------
"DEFAULT"       InterpOrd    ! Interpolation order to use for quasi-steady table lookup {1=linear; 3=cubic spline; "default"} [default=1]
! ------------------------------------------------------------------------------
! 0.20          RelThickness ! The non-dimensional thickness of the airfoil (thickness/chord) [only used if UAMod=7] [default=0.2] (-)
  1             NonDimArea   ! The non-dimensional area of the airfoil (area/chord^2) (set to 1.0 if unsure or unneeded)
  103           NumCoords    ! The number of coordinates in the airfoil shape file (including an extra coordinate for airfoil reference).
! ......... x-y coordinates are next if NumCoords > 0 .............
! x-y coordinate of airfoil reference
!  x/c        y/c
  0.25       0
! Airfoil: 
!  x/c        y/c
1.0013383 -0.0000002
0.9810012 0.0055445
0.9606969 0.0112240
0.9402849 0.0164798
0.9196629 0.0208470
0.8988046 0.0238527
0.8777679 0.0251065
0.8566980 0.0247130
0.8356888 0.0230574
0.8147779 0.0203601
0.7940116 0.0167372
0.7734072 0.0122962
0.7529642 0.0071468
0.7326804 0.0014066
0.7125478 -0.0048223
0.6925369 -0.0114346
0.6726192 -0.0183376
0.6527676 -0.0254429
0.6329543 -0.0326591
0.6131563 -0.0399085
0.5933438 -0.0471177
0.5734882 -0.0542123
0.5535707 -0.0611256
0.5335730 -0.0677918
0.5134788 -0.0741501
0.4932726 -0.0801433
0.4729403 -0.0857175
0.4524795 -0.0908185
0.4318978 -0.0953990
0.4112035 -0.0994115
0.3904053 -0.1028111
0.3695122 -0.1055564
0.3485330 -0.1076059
0.3274855 -0.1088993
0.3064040 -0.1093741
0.2853257 -0.1090159
0.2642891 -0.1077577
0.2433332 -0.1055684
0.2224907 -0.1024525
0.2017994 -0.0984280
0.1813025 -0.0935081
0.1610326 -0.0877239
0.1410254 -0.0810840
0.1213251 -0.0735854
0.1019890 -0.0651964
0.0830846 -0.0558550
0.0647429 -0.0454594
0.0471654 -0.0338523
0.0306527 -0.0207566
0.0158475 -0.0057836
0.0040597 0.0116401
-0.0013431 0.0318221
0.0042981 0.0519051
0.0164567 0.0690463
0.0316272 0.0836795
0.0485077 0.0962916
0.0664874 0.1072857
0.0852250 0.1169384
0.1045039 0.1254476
0.1241984 0.1329629
0.1442092 0.1396014
0.1644582 0.1454550
0.1849024 0.1505914
0.2055023 0.1550713
0.2262239 0.1589340
0.2470455 0.1622071
0.2679491 0.1649151
0.2889200 0.1670630
0.3099417 0.1686621
0.3309979 0.1697188
0.3520714 0.1702297
0.3731487 0.1702157
0.3942190 0.1696483
0.4152710 0.1685591
0.4362930 0.1669657
0.4572724 0.1648777
0.4781988 0.1623286
0.4990659 0.1593587
0.5198748 0.1560065
0.5406298 0.1523221
0.5613352 0.1483529
0.5819943 0.1441417
0.6026103 0.1397294
0.6231854 0.1351421
0.6437273 0.1304089
0.6642386 0.1255436
0.6847230 0.1205649
0.7051830 0.1154853
0.7256207 0.1103167
0.7460392 0.1050744
0.7664400 0.0997643
0.7868269 0.0944011
0.8072029 0.0889959
0.8275693 0.0835546
0.8479296 0.0780902
0.8682861 0.0726118
0.8886406 0.0671266
0.9089950 0.0616407
0.9293471 0.0561464
0.9496871 0.0506066
0.9697618 0.0442207
0.9856677 0.0308886
! ------------------------------------------------------------------------------
"unused"        BL_file      ! The file name including the boundary layer characteristics of the profile. Unused if the aeroacoustic module is not called.
  11        	NumTabs      ! Number of airfoil tables in this file.
! ------------------------------------------------------------------------------
! data for table	1         
! ------------------------------------------------------------------------------
  0.200000  	Re           ! Reynolds number in millions
  0.000000  	UserProp     ! User property (control) setting
Flase           InclUAdata   ! Is unsteady aerodynamics data included in this table? If TRUE, then include UA coefficients below this line. Any missing coefficients will be calculated internally.
! Table of aerodynamics coefficients
  361       	NumAlf       ! Number of data lines in the following table
!Alpha      Cl          Cd          Cm/Cp
!(deg)      (-)         (-)         (-)
-180.000000	0.000000  	0.001000  	0.000000  
-179.000000	0.045029  	0.001000  	0.040000  
-178.000000	0.090058  	0.001000  	0.080000  
-177.000000	0.135087  	0.001000  	0.120000  
-176.000000	0.180115  	0.001000  	0.160000  
-175.000000	0.225144  	0.001000  	0.200000  
-174.000000	0.270173  	0.001000  	0.240000  
-173.000000	0.315202  	0.001000  	0.280000  
-172.000000	0.360231  	0.001000  	0.320000  
-171.000000	0.405260  	0.001000  	0.360000  
-170.000000	0.450288  	0.001000  	0.388911  
-169.000000	0.495317  	0.001000  	0.413386  
-168.000000	0.540346  	0.008370  	0.429544  
-167.000000	0.585375  	0.016968  	0.444316  
-166.000000	0.630404  	0.028616  	0.459089  
-165.000000	0.675433  	0.040465  	0.473861  
-164.000000	0.720462  	0.053518  	0.488633  
-163.000000	0.765490  	0.066958  	0.503405  
-162.000000	0.810519  	0.081362  	0.518177  
-161.000000	0.855548  	0.096321  	0.531430  
-160.000000	0.900577  	0.112017  	0.542659  
-159.000000	0.945606  	0.128415  	0.547138  
-158.000000	0.990635  	0.145339  	0.546554  
-157.000000	1.035663  	0.163089  	0.545971  
-156.000000	1.080692  	0.181169  	0.545387  
-155.000000	1.125721  	0.200177  	0.544803  
-154.000000	1.170750  	0.219340  	0.544220  
-153.000000	1.144278  	0.240168  	0.542759  
-152.000000	1.117806  	0.260996  	0.541297  
-151.000000	1.091335  	0.281824  	0.539836  
-150.000000	1.064863  	0.302652  	0.538375  
-149.000000	1.040938  	0.324313  	0.534280  
-148.000000	1.020408  	0.347085  	0.526675  
-147.000000	0.999877  	0.369858  	0.519070  
-146.000000	0.979347  	0.392630  	0.511464  
-145.000000	0.958817  	0.415402  	0.503859  
-144.000000	0.940904  	0.439353  	0.496254  
-143.000000	0.923427  	0.463500  	0.488648  
-142.000000	0.905950  	0.487648  	0.481043  
-141.000000	0.888473  	0.511795  	0.473438  
-140.000000	0.871387  	0.536164  	0.467397  
-139.000000	0.855277  	0.561084  	0.465269  
-138.000000	0.839167  	0.586005  	0.463140  
-137.000000	0.823057  	0.610925  	0.461012  
-136.000000	0.806947  	0.635846  	0.458884  
-135.000000	0.791089  	0.660875  	0.457016  
-134.000000	0.775333  	0.685948  	0.455253  
-133.000000	0.759576  	0.711020  	0.453490  
-132.000000	0.743819  	0.736093  	0.451727  
-131.000000	0.728027  	0.761098  	0.450196  
-130.000000	0.712023  	0.785699  	0.450061  
-129.000000	0.696020  	0.810300  	0.449926  
-128.000000	0.680017  	0.834901  	0.449791  
-127.000000	0.664014  	0.859502  	0.449656  
-126.000000	0.647685  	0.883485  	0.449831  
-125.000000	0.631113  	0.907003  	0.450238  
-124.000000	0.614541  	0.930522  	0.450646  
-123.000000	0.597969  	0.954040  	0.451053  
-122.000000	0.581397  	0.977559  	0.451461  
-121.000000	0.564132  	0.999413  	0.452109  
-120.000000	0.546867  	1.021266  	0.452757  
-119.000000	0.529602  	1.043120  	0.453405  
-118.000000	0.512337  	1.064974  	0.454053  
-117.000000	0.494786  	1.085883  	0.454781  
-116.000000	0.476853  	1.105532  	0.455616  
-115.000000	0.458920  	1.125182  	0.456451  
-114.000000	0.440986  	1.144831  	0.457286  
-113.000000	0.423053  	1.164481  	0.458121  
-112.000000	0.404668  	1.181828  	0.458745  
-111.000000	0.386206  	1.198790  	0.459332  
-110.000000	0.367745  	1.215753  	0.459920  
-109.000000	0.349284  	1.232716  	0.460508  
-108.000000	0.330739  	1.248792  	0.460978  
-107.000000	0.311981  	1.262654  	0.461154  
-106.000000	0.293223  	1.276516  	0.461330  
-105.000000	0.274466  	1.290379  	0.461505  
-104.000000	0.255708  	1.304241  	0.461681  
-103.000000	0.236955  	1.315649  	0.461677  
-102.000000	0.218204  	1.326076  	0.461600  
-101.000000	0.199453  	1.336503  	0.461523  
-100.000000	0.180701  	1.346929  	0.461446  
-99.000000	0.162002  	1.356830  	0.461213  
-98.000000	0.143615  	1.363575  	0.460041  
-97.000000	0.125227  	1.370320  	0.458869  
-96.000000	0.106840  	1.377064  	0.457698  
-95.000000	0.088453  	1.383809  	0.456526  
-94.000000	0.070501  	1.388362  	0.455354  
-93.000000	0.052876  	1.391272  	0.454183  
-92.000000	0.035251  	1.394181  	0.453011  
-91.000000	0.017625  	1.397091  	0.451839  
-90.000000	0.000000  	1.400000  	0.450668  
-89.000000	-0.017625 	1.397091  	0.447388  
-88.000000	-0.035251 	1.394181  	0.444109  
-87.000000	-0.052876 	1.391272  	0.440830  
-86.000000	-0.070501 	1.388362  	0.437550  
-85.000000	-0.088453 	1.383809  	0.434271  
-84.000000	-0.106840 	1.377064  	0.430991  
-83.000000	-0.125227 	1.370320  	0.427712  
-82.000000	-0.143615 	1.363575  	0.424433  
-81.000000	-0.162002 	1.356830  	0.421153  
-80.000000	-0.180701 	1.346929  	0.417159  
-79.000000	-0.199453 	1.336503  	0.413045  
-78.000000	-0.218204 	1.326076  	0.408932  
-77.000000	-0.236955 	1.315649  	0.404818  
-76.000000	-0.255708 	1.304241  	0.400650  
-75.000000	-0.274466 	1.290379  	0.396344  
-74.000000	-0.293223 	1.276516  	0.392038  
-73.000000	-0.311981 	1.262654  	0.387732  
-72.000000	-0.330739 	1.248792  	0.383426  
-71.000000	-0.349284 	1.232716  	0.378952  
-70.000000	-0.367745 	1.215753  	0.374412  
-69.000000	-0.386206 	1.198790  	0.369871  
-68.000000	-0.404668 	1.181828  	0.365330  
-67.000000	-0.423053 	1.164481  	0.360769  
-66.000000	-0.440986 	1.144831  	0.356088  
-65.000000	-0.458920 	1.125182  	0.351406  
-64.000000	-0.476853 	1.105532  	0.346724  
-63.000000	-0.494786 	1.085883  	0.342043  
-62.000000	-0.512337 	1.064974  	0.337404  
-61.000000	-0.529602 	1.043120  	0.332799  
-60.000000	-0.546867 	1.021266  	0.328193  
-59.000000	-0.564132 	0.999413  	0.323587  
-58.000000	-0.581397 	0.977559  	0.318981  
-57.000000	-0.597969 	0.954040  	0.314473  
-56.000000	-0.614541 	0.930522  	0.309965  
-55.000000	-0.631113 	0.907003  	0.305457  
-54.000000	-0.647685 	0.883485  	0.300948  
-53.000000	-0.664014 	0.859502  	0.296480  
-52.000000	-0.680017 	0.834901  	0.292066  
-51.000000	-0.696020 	0.810300  	0.287651  
-50.000000	-0.712023 	0.785699  	0.283237  
-49.000000	-0.728027 	0.761098  	0.278822  
-48.000000	-0.743819 	0.736093  	0.274649  
-47.000000	-0.759576 	0.711020  	0.270516  
-46.000000	-0.775333 	0.685948  	0.266383  
-45.000000	-0.791089 	0.660875  	0.262250  
-44.000000	-0.806947 	0.635846  	0.258109  
-43.000000	-0.823057 	0.610925  	0.253951  
-42.000000	-0.839167 	0.586005  	0.249792  
-41.000000	-0.855277 	0.561084  	0.245634  
-40.000000	-0.871387 	0.536164  	0.241475  
-39.000000	-0.888473 	0.511795  	0.237046  
-38.000000	-0.905950 	0.487648  	0.232509  
-37.000000	-0.923427 	0.463500  	0.227972  
-36.000000	-0.940904 	0.439353  	0.223435  
-35.000000	-0.958817 	0.415402  	0.218898  
-34.000000	-0.979347 	0.392630  	0.214361  
-33.000000	-0.999877 	0.369858  	0.209824  
-32.000000	-1.020408 	0.347085  	0.205286  
-31.000000	-1.040938 	0.324313  	0.200749  
-30.000000	-1.064863 	0.302652  	0.193499  
-29.000000	-1.091335 	0.281824  	0.184215  
-28.000000	-1.117806 	0.260996  	0.174930  
-27.000000	-1.144278 	0.240168  	0.165645  
-26.000000	-1.170750 	0.219340  	0.156361  
-25.000000	-1.099872 	0.210888  	0.146398  
-24.000000	-1.028994 	0.202435  	0.136435  
-23.000000	-0.958116 	0.193982  	0.126472  
-22.000000	-0.887238 	0.185530  	0.116509  
-21.000000	-0.816359 	0.177077  	0.106547  
-20.000000	-0.745481 	0.168625  	0.096649  
-19.000000	-0.674603 	0.160173  	0.086925  
-18.000000	-0.603725 	0.151720  	0.077267  
-17.000000	-0.532847 	0.143267  	0.067609  
-16.000000	-0.461969 	0.134815  	0.057950  
-15.000000	-0.391091 	0.126362  	0.048292  
-14.000000	-0.320213 	0.117910  	0.038634  
-13.000000	-0.249334 	0.109457  	0.028975  
-12.000000	-0.178456 	0.101005  	0.006967  
-11.000000	-0.107578 	0.092552  	-0.045917 
-10.000000	-0.036700 	0.084100  	-0.098800 
-9.000000 	0.114600  	0.084210  	-0.106500 
-8.000000 	0.186600  	0.079440  	-0.108100 
-7.000000 	0.249600  	0.074600  	-0.109200 
-6.000000 	0.292600  	0.068625  	-0.109450 
-5.000000 	0.335600  	0.062650  	-0.109700 
-4.000000 	0.366100  	0.055680  	-0.109000 
-3.000000 	0.361400  	0.048940  	-0.103900 
-2.000000 	0.461900  	0.048510  	-0.102700 
-1.000000 	0.513200  	0.044770  	-0.101700 
0.000000  	0.591400  	0.041210  	-0.105700 
1.000000  	0.698300  	0.038410  	-0.113500 
2.000000  	0.817900  	0.036330  	-0.122500 
3.000000  	0.949200  	0.034880  	-0.132500 
4.000000  	1.087500  	0.033750  	-0.142900 
5.000000  	1.170100  	0.034100  	-0.137900 
6.000000  	1.289400  	0.033260  	-0.143200 
7.000000  	1.408500  	0.032470  	-0.148200 
8.000000  	1.507300  	0.031890  	-0.149500 
9.000000  	1.548800  	0.032590  	-0.140700 
10.000000 	1.546800  	0.036280  	-0.123800 
11.000000 	1.568900  	0.042350  	-0.119200 
12.000000 	1.560900  	0.051830  	-0.113000 
13.000000 	1.549800  	0.063420  	-0.109800 
14.000000 	1.557200  	0.076080  	-0.112200 
15.000000 	1.544900  	0.088010  	-0.109400 
16.000000 	1.559600  	0.100550  	-0.113900 
17.000000 	1.562400  	0.111980  	-0.115100 
18.000000 	1.580200  	0.123930  	-0.121000 
19.000000 	1.593600  	0.135070  	-0.125900 
20.000000 	1.616100  	0.145310  	-0.132100 
21.000000 	1.629000  	0.158280  	-0.141700 
22.000000 	1.652000  	0.167000  	-0.147600 
23.000000 	1.659500  	0.180080  	-0.158500 
24.000000 	1.670300  	0.192370  	-0.169700 
25.000000 	1.672800  	0.205240  	-0.181400 
26.000000 	1.672500  	0.219340  	-0.195700 
27.000000 	1.634683  	0.240168  	-0.204132 
28.000000 	1.596866  	0.260996  	-0.212564 
29.000000 	1.559050  	0.281824  	-0.220996 
30.000000 	1.521233  	0.302652  	-0.229428 
31.000000 	1.487054  	0.324313  	-0.236390 
32.000000 	1.457725  	0.347085  	-0.241393 
33.000000 	1.428396  	0.369858  	-0.246395 
34.000000 	1.399068  	0.392630  	-0.251398 
35.000000 	1.369739  	0.415402  	-0.256400 
36.000000 	1.344149  	0.439353  	-0.261403 
37.000000 	1.319182  	0.463500  	-0.266405 
38.000000 	1.294215  	0.487648  	-0.271408 
39.000000 	1.269248  	0.511795  	-0.276410 
40.000000 	1.244839  	0.536164  	-0.281017 
41.000000 	1.221824  	0.561084  	-0.284633 
42.000000 	1.198810  	0.586005  	-0.288250 
43.000000 	1.175796  	0.610925  	-0.291866 
44.000000 	1.152782  	0.635846  	-0.295483 
45.000000 	1.130128  	0.660875  	-0.299033 
46.000000 	1.107618  	0.685948  	-0.302557 
47.000000 	1.085108  	0.711020  	-0.306081 
48.000000 	1.062598  	0.736093  	-0.309605 
49.000000 	1.040038  	0.761098  	-0.313120 
50.000000 	1.017176  	0.785699  	-0.316577 
51.000000 	0.994315  	0.810300  	-0.320035 
52.000000 	0.971453  	0.834901  	-0.323492 
53.000000 	0.948591  	0.859502  	-0.326950 
54.000000 	0.925265  	0.883485  	-0.330394 
55.000000 	0.901590  	0.907003  	-0.333829 
56.000000 	0.877916  	0.930522  	-0.337265 
57.000000 	0.854242  	0.954040  	-0.340700 
58.000000 	0.830567  	0.977559  	-0.344135 
59.000000 	0.805903  	0.999413  	-0.347632 
60.000000 	0.781239  	1.021266  	-0.351130 
61.000000 	0.756575  	1.043120  	-0.354628 
62.000000 	0.731910  	1.064974  	-0.358125 
63.000000 	0.706837  	1.085883  	-0.361644 
64.000000 	0.681218  	1.105532  	-0.365190 
65.000000 	0.655599  	1.125182  	-0.368736 
66.000000 	0.629981  	1.144831  	-0.372282 
67.000000 	0.604362  	1.164481  	-0.375828 
68.000000 	0.578096  	1.181828  	-0.379345 
69.000000 	0.551723  	1.198790  	-0.382857 
70.000000 	0.525351  	1.215753  	-0.386369 
71.000000 	0.498978  	1.232716  	-0.389881 
72.000000 	0.472484  	1.248792  	-0.393376 
73.000000 	0.445687  	1.262654  	-0.396831 
74.000000 	0.418891  	1.276516  	-0.400286 
75.000000 	0.392094  	1.290379  	-0.403741 
76.000000 	0.365297  	1.304241  	-0.407196 
77.000000 	0.338507  	1.315649  	-0.410585 
78.000000 	0.311720  	1.326076  	-0.413948 
79.000000 	0.284932  	1.336503  	-0.417311 
80.000000 	0.258145  	1.346929  	-0.420674 
81.000000 	0.231431  	1.356830  	-0.423981 
82.000000 	0.205164  	1.363575  	-0.426946 
83.000000 	0.178896  	1.370320  	-0.429911 
84.000000 	0.152629  	1.377064  	-0.432876 
85.000000 	0.126361  	1.383809  	-0.435842 
86.000000 	0.100716  	1.388362  	-0.438807 
87.000000 	0.075537  	1.391272  	-0.441772 
88.000000 	0.050358  	1.394181  	-0.444737 
89.000000 	0.025179  	1.397091  	-0.447703 
90.000000 	0.000000  	1.400000  	-0.450668 
91.000000 	-0.017625 	1.397091  	-0.451839 
92.000000 	-0.035251 	1.394181  	-0.453011 
93.000000 	-0.052876 	1.391272  	-0.454183 
94.000000 	-0.070501 	1.388362  	-0.455354 
95.000000 	-0.088453 	1.383809  	-0.456526 
96.000000 	-0.106840 	1.377064  	-0.457698 
97.000000 	-0.125227 	1.370320  	-0.458869 
98.000000 	-0.143615 	1.363575  	-0.460041 
99.000000 	-0.162002 	1.356830  	-0.461213 
100.000000	-0.180701 	1.346929  	-0.461446 
101.000000	-0.199453 	1.336503  	-0.461523 
102.000000	-0.218204 	1.326076  	-0.461600 
103.000000	-0.236955 	1.315649  	-0.461677 
104.000000	-0.255708 	1.304241  	-0.461681 
105.000000	-0.274466 	1.290379  	-0.461505 
106.000000	-0.293223 	1.276516  	-0.461330 
107.000000	-0.311981 	1.262654  	-0.461154 
108.000000	-0.330739 	1.248792  	-0.460978 
109.000000	-0.349284 	1.232716  	-0.460508 
110.000000	-0.367745 	1.215753  	-0.459920 
111.000000	-0.386206 	1.198790  	-0.459332 
112.000000	-0.404668 	1.181828  	-0.458745 
113.000000	-0.423053 	1.164481  	-0.458121 
114.000000	-0.440986 	1.144831  	-0.457286 
115.000000	-0.458920 	1.125182  	-0.456451 
116.000000	-0.476853 	1.105532  	-0.455616 
117.000000	-0.494786 	1.085883  	-0.454781 
118.000000	-0.512337 	1.064974  	-0.454053 
119.000000	-0.529602 	1.043120  	-0.453405 
120.000000	-0.546867 	1.021266  	-0.452757 
121.000000	-0.564132 	0.999413  	-0.452109 
122.000000	-0.581397 	0.977559  	-0.451461 
123.000000	-0.597969 	0.954040  	-0.451053 
124.000000	-0.614541 	0.930522  	-0.450646 
125.000000	-0.631113 	0.907003  	-0.450238 
126.000000	-0.647685 	0.883485  	-0.449831 
127.000000	-0.664014 	0.859502  	-0.449656 
128.000000	-0.680017 	0.834901  	-0.449791 
129.000000	-0.696020 	0.810300  	-0.449926 
130.000000	-0.712023 	0.785699  	-0.450061 
131.000000	-0.728027 	0.761098  	-0.450196 
132.000000	-0.743819 	0.736093  	-0.451727 
133.000000	-0.759576 	0.711020  	-0.453490 
134.000000	-0.775333 	0.685948  	-0.455253 
135.000000	-0.791089 	0.660875  	-0.457016 
136.000000	-0.806947 	0.635846  	-0.458884 
137.000000	-0.823057 	0.610925  	-0.461012 
138.000000	-0.839167 	0.586005  	-0.463140 
139.000000	-0.855277 	0.561084  	-0.465269 
140.000000	-0.871387 	0.536164  	-0.467397 
141.000000	-0.888473 	0.511795  	-0.473438 
142.000000	-0.905950 	0.487648  	-0.481043 
143.000000	-0.923427 	0.463500  	-0.488648 
144.000000	-0.940904 	0.439353  	-0.496254 
145.000000	-0.958817 	0.415402  	-0.503859 
146.000000	-0.979347 	0.392630  	-0.511464 
147.000000	-0.999877 	0.369858  	-0.519070 
148.000000	-1.020408 	0.347085  	-0.526675 
149.000000	-1.040938 	0.324313  	-0.534280 
150.000000	-1.064863 	0.302652  	-0.538375 
151.000000	-1.091335 	0.281824  	-0.539836 
152.000000	-1.117806 	0.260996  	-0.541297 
153.000000	-1.144278 	0.240168  	-0.542759 
154.000000	-1.170750 	0.219340  	-0.544220 
155.000000	-1.125721 	0.200177  	-0.544803 
156.000000	-1.080692 	0.181169  	-0.545387 
157.000000	-1.035663 	0.163089  	-0.545971 
158.000000	-0.990635 	0.145339  	-0.546554 
159.000000	-0.945606 	0.128415  	-0.547138 
160.000000	-0.900577 	0.112017  	-0.545956 
161.000000	-0.855548 	0.096321  	-0.542419 
162.000000	-0.810519 	0.081362  	-0.538177 
163.000000	-0.765490 	0.066958  	-0.533405 
164.000000	-0.720462 	0.053518  	-0.528633 
165.000000	-0.675433 	0.040465  	-0.523861 
166.000000	-0.630404 	0.028616  	-0.519089 
167.000000	-0.585375 	0.016968  	-0.514316 
168.000000	-0.540346 	0.008370  	-0.509544 
169.000000	-0.495317 	0.001000  	-0.502287 
170.000000	-0.450288 	0.001000  	-0.480120 
171.000000	-0.405260 	0.001000  	-0.450000 
172.000000	-0.360231 	0.001000  	-0.400000 
173.000000	-0.315202 	0.001000  	-0.350000 
174.000000	-0.270173 	0.001000  	-0.300000 
175.000000	-0.225144 	0.001000  	-0.250000 
176.000000	-0.180115 	0.001000  	-0.200000 
177.000000	-0.135087 	0.001000  	-0.150000 
178.000000	-0.090058 	0.001000  	-0.100000 
179.000000	-0.045029 	0.001000  	-0.050000 
180.000000	0.000000  	0.001000  	0.000000  
! ------------------------------------------------------------------------------
! data for table	2         
! ------------------------------------------------------------------------------
  0.300000  	Re           ! Reynolds number in millions
  0.000000  	UserProp     ! User property (control) setting
Flase           InclUAdata   ! Is unsteady aerodynamics data included in this table? If TRUE, then include UA coefficients below this line. Any missing coefficients will be calculated internally.
! Table of aerodynamics coefficients
  361       	NumAlf       ! Number of data lines in the following table
!Alpha      Cl          Cd          Cm/Cp
!(deg)      (-)         (-)         (-)
-180.000000	0.000000  	0.001000  	0.000000  
-179.000000	0.041846  	0.001000  	0.040000  
-178.000000	0.083691  	0.001000  	0.080000  
-177.000000	0.125537  	0.001000  	0.120000  
-176.000000	0.167382  	0.001000  	0.160000  
-175.000000	0.209228  	0.001000  	0.200000  
-174.000000	0.251073  	0.001000  	0.240000  
-173.000000	0.292919  	0.001000  	0.280000  
-172.000000	0.334764  	0.001000  	0.320000  
-171.000000	0.376610  	0.001000  	0.356544  
-170.000000	0.418455  	0.001000  	0.391705  
-169.000000	0.460301  	0.001000  	0.411934  
-168.000000	0.502146  	0.001000  	0.423868  
-167.000000	0.543992  	0.002431  	0.435802  
-166.000000	0.585837  	0.004936  	0.447735  
-165.000000	0.627683  	0.012690  	0.459669  
-164.000000	0.669528  	0.025692  	0.471603  
-163.000000	0.711374  	0.039349  	0.483537  
-162.000000	0.753219  	0.053881  	0.495471  
-161.000000	0.795065  	0.068933  	0.506759  
-160.000000	0.836910  	0.084920  	0.516884  
-159.000000	0.878756  	0.101299  	0.526028  
-158.000000	0.920601  	0.118660  	0.532716  
-157.000000	0.962447  	0.136296  	0.539405  
-156.000000	1.004292  	0.154943  	0.546094  
-155.000000	1.046138  	0.173759  	0.552783  
-154.000000	1.087983  	0.193595  	0.559472  
-153.000000	1.129829  	0.213509  	0.566161  
-152.000000	1.171674  	0.234435  	0.572850  
-151.000000	1.213520  	0.255360  	0.579539  
-150.000000	1.185576  	0.277746  	0.573470  
-149.000000	1.157632  	0.300132  	0.567402  
-148.000000	1.129688  	0.322518  	0.561333  
-147.000000	1.101744  	0.344904  	0.555264  
-146.000000	1.076986  	0.368292  	0.546752  
-145.000000	1.053999  	0.392238  	0.536883  
-144.000000	1.031012  	0.416183  	0.527014  
-143.000000	1.008025  	0.440129  	0.517145  
-142.000000	0.985817  	0.464366  	0.508229  
-141.000000	0.965558  	0.489333  	0.501694  
-140.000000	0.945300  	0.514300  	0.495160  
-139.000000	0.925041  	0.539268  	0.488625  
-138.000000	0.904782  	0.564235  	0.482091  
-137.000000	0.885790  	0.589630  	0.478973  
-136.000000	0.866896  	0.615059  	0.476117  
-135.000000	0.848002  	0.640488  	0.473262  
-134.000000	0.829107  	0.665916  	0.470407  
-133.000000	0.810509  	0.691283  	0.467840  
-132.000000	0.792134  	0.716604  	0.465490  
-131.000000	0.773758  	0.741925  	0.463139  
-130.000000	0.755383  	0.767246  	0.460789  
-129.000000	0.737009  	0.792422  	0.458930  
-128.000000	0.718645  	0.817070  	0.458875  
-127.000000	0.700280  	0.841717  	0.458819  
-126.000000	0.681915  	0.866365  	0.458763  
-125.000000	0.663550  	0.891012  	0.458708  
-124.000000	0.644959  	0.914612  	0.458652  
-123.000000	0.626331  	0.938038  	0.458596  
-122.000000	0.607702  	0.961463  	0.458541  
-121.000000	0.589074  	0.984888  	0.458485  
-120.000000	0.570262  	1.007443  	0.458753  
-119.000000	0.551267  	1.029127  	0.459344  
-118.000000	0.532272  	1.050811  	0.459936  
-117.000000	0.513277  	1.072494  	0.460527  
-116.000000	0.494234  	1.093861  	0.461131  
-115.000000	0.474900  	1.113325  	0.461806  
-114.000000	0.455566  	1.132789  	0.462481  
-113.000000	0.436232  	1.152254  	0.463157  
-112.000000	0.416899  	1.171718  	0.463832  
-111.000000	0.397400  	1.189103  	0.464290  
-110.000000	0.377857  	1.205921  	0.464690  
-109.000000	0.358314  	1.222739  	0.465089  
-108.000000	0.338771  	1.239558  	0.465488  
-107.000000	0.319228  	1.255086  	0.465805  
-106.000000	0.299686  	1.268894  	0.466013  
-105.000000	0.280144  	1.282702  	0.466220  
-104.000000	0.260602  	1.296510  	0.466428  
-103.000000	0.241080  	1.310082  	0.466609  
-102.000000	0.221813  	1.320586  	0.466446  
-101.000000	0.202546  	1.331089  	0.466283  
-100.000000	0.183279  	1.341593  	0.466120  
-99.000000	0.164012  	1.352097  	0.465957  
-98.000000	0.145173  	1.360084  	0.465162  
-97.000000	0.126504  	1.367066  	0.464113  
-96.000000	0.107836  	1.374048  	0.463065  
-95.000000	0.089167  	1.381029  	0.462017  
-94.000000	0.070841  	1.386705  	0.460969  
-93.000000	0.053131  	1.390029  	0.459921  
-92.000000	0.035421  	1.393352  	0.458873  
-91.000000	0.017710  	1.396676  	0.457825  
-90.000000	0.000000  	1.400000  	0.456776  
-89.000000	-0.017710 	1.396676  	0.453380  
-88.000000	-0.035421 	1.393352  	0.449984  
-87.000000	-0.053131 	1.390029  	0.446588  
-86.000000	-0.070841 	1.386705  	0.443191  
-85.000000	-0.089167 	1.381029  	0.439795  
-84.000000	-0.107836 	1.374048  	0.436399  
-83.000000	-0.126504 	1.367066  	0.433003  
-82.000000	-0.145173 	1.360084  	0.429606  
-81.000000	-0.164012 	1.352097  	0.426023  
-80.000000	-0.183279 	1.341593  	0.421974  
-79.000000	-0.202546 	1.331089  	0.417925  
-78.000000	-0.221813 	1.320586  	0.413875  
-77.000000	-0.241080 	1.310082  	0.409826  
-76.000000	-0.260602 	1.296510  	0.405522  
-75.000000	-0.280144 	1.282702  	0.401200  
-74.000000	-0.299686 	1.268894  	0.396877  
-73.000000	-0.319228 	1.255086  	0.392554  
-72.000000	-0.338771 	1.239558  	0.388174  
-71.000000	-0.358314 	1.222739  	0.383752  
-70.000000	-0.377857 	1.205921  	0.379329  
-69.000000	-0.397400 	1.189103  	0.374907  
-68.000000	-0.416899 	1.171718  	0.370453  
-67.000000	-0.436232 	1.152254  	0.365887  
-66.000000	-0.455566 	1.132789  	0.361321  
-65.000000	-0.474900 	1.113325  	0.356755  
-64.000000	-0.494234 	1.093861  	0.352189  
-63.000000	-0.513277 	1.072494  	0.347652  
-62.000000	-0.532272 	1.050811  	0.343120  
-61.000000	-0.551267 	1.029127  	0.338588  
-60.000000	-0.570262 	1.007443  	0.334055  
-59.000000	-0.589074 	0.984888  	0.329654  
-58.000000	-0.607702 	0.961463  	0.325383  
-57.000000	-0.626331 	0.938038  	0.321112  
-56.000000	-0.644959 	0.914612  	0.316841  
-55.000000	-0.663550 	0.891012  	0.312570  
-54.000000	-0.681915 	0.866365  	0.308299  
-53.000000	-0.700280 	0.841717  	0.304028  
-52.000000	-0.718645 	0.817070  	0.299757  
-51.000000	-0.737009 	0.792422  	0.295486  
-50.000000	-0.755383 	0.767246  	0.291528  
-49.000000	-0.773758 	0.741925  	0.287657  
-48.000000	-0.792134 	0.716604  	0.283785  
-47.000000	-0.810509 	0.691283  	0.279914  
-46.000000	-0.829107 	0.665916  	0.276080  
-45.000000	-0.848002 	0.640488  	0.272296  
-44.000000	-0.866896 	0.615059  	0.268513  
-43.000000	-0.885790 	0.589630  	0.264729  
-42.000000	-0.904782 	0.564235  	0.260925  
-41.000000	-0.925041 	0.539268  	0.256858  
-40.000000	-0.945300 	0.514300  	0.252790  
-39.000000	-0.965558 	0.489333  	0.248723  
-38.000000	-0.985817 	0.464366  	0.244655  
-37.000000	-1.008025 	0.440129  	0.240404  
-36.000000	-1.031012 	0.416183  	0.236079  
-35.000000	-1.053999 	0.392238  	0.231755  
-34.000000	-1.076986 	0.368292  	0.227430  
-33.000000	-1.101744 	0.344904  	0.222572  
-32.000000	-1.129688 	0.322518  	0.216756  
-31.000000	-1.157632 	0.300132  	0.210940  
-30.000000	-1.185576 	0.277746  	0.205123  
-29.000000	-1.213520 	0.255360  	0.199307  
-28.000000	-1.170019 	0.244587  	0.188483  
-27.000000	-1.126518 	0.233813  	0.177659  
-26.000000	-1.083017 	0.223040  	0.166834  
-25.000000	-1.039516 	0.212267  	0.156010  
-24.000000	-0.996015 	0.201493  	0.145186  
-23.000000	-0.952514 	0.190720  	0.134362  
-22.000000	-0.909013 	0.179947  	0.123538  
-21.000000	-0.865512 	0.169173  	0.112714  
-20.000000	-0.822011 	0.158400  	0.101890  
-19.000000	-0.778510 	0.147627  	0.091529  
-18.000000	-0.735010 	0.136853  	0.081168  
-17.000000	-0.691509 	0.126080  	0.070808  
-16.000000	-0.648008 	0.115307  	0.060447  
-15.000000	-0.604507 	0.104533  	0.050086  
-14.000000	-0.561006 	0.093760  	0.039725  
-13.000000	-0.517505 	0.082987  	0.029365  
-12.000000	-0.474004 	0.072213  	0.019004  
-11.000000	-0.430503 	0.061440  	0.008643  
-10.000000	-0.387002 	0.050667  	-0.030971 
-9.000000 	-0.343501 	0.039893  	-0.070586 
-8.000000 	-0.300000 	0.029120  	-0.110200 
-7.000000 	-0.173400 	0.031710  	-0.108000 
-6.000000 	-0.048500 	0.034090  	-0.106900 
-5.000000 	0.069300  	0.035530  	-0.106600 
-4.000000 	0.228500  	0.021900  	-0.148500 
-3.000000 	0.388100  	0.020830  	-0.162700 
-2.000000 	0.492700  	0.021760  	-0.160200 
-1.000000 	0.641200  	0.021280  	-0.170900 
0.000000  	0.788100  	0.021030  	-0.180900 
1.000000  	0.898800  	0.021770  	-0.180800 
2.000000  	1.028500  	0.021970  	-0.186200 
3.000000  	1.162000  	0.022000  	-0.192700 
4.000000  	1.293300  	0.022060  	-0.198600 
5.000000  	1.378100  	0.022790  	-0.193000 
6.000000  	1.485900  	0.022910  	-0.194000 
7.000000  	1.572800  	0.023300  	-0.190800 
8.000000  	1.604700  	0.024640  	-0.175600 
9.000000  	1.652300  	0.027020  	-0.166300 
10.000000 	1.667400  	0.031800  	-0.153700 
11.000000 	1.663800  	0.040200  	-0.143900 
12.000000 	1.648700  	0.052240  	-0.138100 
13.000000 	1.623500  	0.065440  	-0.132400 
14.000000 	1.610800  	0.079010  	-0.130400 
15.000000 	1.606100  	0.091960  	-0.129800 
16.000000 	1.607200  	0.104690  	-0.130800 
17.000000 	1.610100  	0.117210  	-0.133000 
18.000000 	1.619600  	0.129450  	-0.137200 
19.000000 	1.626800  	0.141370  	-0.141700 
20.000000 	1.640300  	0.153280  	-0.148500 
21.000000 	1.647500  	0.165180  	-0.155100 
22.000000 	1.660500  	0.176960  	-0.163800 
23.000000 	1.671000  	0.188410  	-0.172400 
24.000000 	1.687000  	0.199090  	-0.181800 
25.000000 	1.703300  	0.209690  	-0.192000 
26.000000 	1.715700  	0.220270  	-0.202400 
27.000000 	1.723500  	0.231930  	-0.214600 
28.000000 	1.725500  	0.244690  	-0.228600 
29.000000 	1.733600  	0.255360  	-0.241200 
30.000000 	1.693680  	0.277746  	-0.246674 
31.000000 	1.653760  	0.300132  	-0.252147 
32.000000 	1.613840  	0.322518  	-0.257621 
33.000000 	1.573920  	0.344904  	-0.263095 
34.000000 	1.538552  	0.368292  	-0.268095 
35.000000 	1.505713  	0.392238  	-0.272832 
36.000000 	1.472874  	0.416183  	-0.277568 
37.000000 	1.440035  	0.440129  	-0.282305 
38.000000 	1.408310  	0.464366  	-0.286812 
39.000000 	1.379369  	0.489333  	-0.290745 
40.000000 	1.350428  	0.514300  	-0.294678 
41.000000 	1.321487  	0.539268  	-0.298611 
42.000000 	1.292546  	0.564235  	-0.302543 
43.000000 	1.265415  	0.589630  	-0.305653 
44.000000 	1.238423  	0.615059  	-0.308699 
45.000000 	1.211431  	0.640488  	-0.311744 
46.000000 	1.184439  	0.665916  	-0.314790 
47.000000 	1.157870  	0.691283  	-0.317841 
48.000000 	1.131620  	0.716604  	-0.320895 
49.000000 	1.105369  	0.741925  	-0.323950 
50.000000 	1.079118  	0.767246  	-0.327004 
51.000000 	1.052871  	0.792422  	-0.330067 
52.000000 	1.026635  	0.817070  	-0.333160 
53.000000 	1.000400  	0.841717  	-0.336253 
54.000000 	0.974164  	0.866365  	-0.339346 
55.000000 	0.947928  	0.891012  	-0.342438 
56.000000 	0.921370  	0.914612  	-0.345531 
57.000000 	0.894758  	0.938038  	-0.348624 
58.000000 	0.868146  	0.961463  	-0.351717 
59.000000 	0.841534  	0.984888  	-0.354810 
60.000000 	0.814660  	1.007443  	-0.358024 
61.000000 	0.787525  	1.029127  	-0.361358 
62.000000 	0.760389  	1.050811  	-0.364691 
63.000000 	0.733253  	1.072494  	-0.368025 
64.000000 	0.706048  	1.093861  	-0.371364 
65.000000 	0.678429  	1.113325  	-0.374729 
66.000000 	0.650809  	1.132789  	-0.378094 
67.000000 	0.623189  	1.152254  	-0.381459 
68.000000 	0.595569  	1.171718  	-0.384824 
69.000000 	0.567715  	1.189103  	-0.388226 
70.000000 	0.539796  	1.205921  	-0.391638 
71.000000 	0.511877  	1.222739  	-0.395050 
72.000000 	0.483958  	1.239558  	-0.398462 
73.000000 	0.456040  	1.255086  	-0.401888 
74.000000 	0.428123  	1.268894  	-0.405332 
75.000000 	0.400206  	1.282702  	-0.408777 
76.000000 	0.372289  	1.296510  	-0.412222 
77.000000 	0.344400  	1.310082  	-0.415658 
78.000000 	0.316876  	1.320586  	-0.418995 
79.000000 	0.289352  	1.331089  	-0.422331 
80.000000 	0.261828  	1.341593  	-0.425667 
81.000000 	0.234303  	1.352097  	-0.429003 
82.000000 	0.207390  	1.360084  	-0.432155 
83.000000 	0.180721  	1.367066  	-0.435233 
84.000000 	0.154051  	1.374048  	-0.438310 
85.000000 	0.127382  	1.381029  	-0.441388 
86.000000 	0.101201  	1.386705  	-0.444466 
87.000000 	0.075901  	1.390029  	-0.447543 
88.000000 	0.050601  	1.393352  	-0.450621 
89.000000 	0.025300  	1.396676  	-0.453699 
90.000000 	0.000000  	1.400000  	-0.456776 
91.000000 	-0.017710 	1.396676  	-0.457825 
92.000000 	-0.035421 	1.393352  	-0.458873 
93.000000 	-0.053131 	1.390029  	-0.459921 
94.000000 	-0.070841 	1.386705  	-0.460969 
95.000000 	-0.089167 	1.381029  	-0.462017 
96.000000 	-0.107836 	1.374048  	-0.463065 
97.000000 	-0.126504 	1.367066  	-0.464113 
98.000000 	-0.145173 	1.360084  	-0.465162 
99.000000 	-0.164012 	1.352097  	-0.465957 
100.000000	-0.183279 	1.341593  	-0.466120 
101.000000	-0.202546 	1.331089  	-0.466283 
102.000000	-0.221813 	1.320586  	-0.466446 
103.000000	-0.241080 	1.310082  	-0.466609 
104.000000	-0.260602 	1.296510  	-0.466428 
105.000000	-0.280144 	1.282702  	-0.466220 
106.000000	-0.299686 	1.268894  	-0.466013 
107.000000	-0.319228 	1.255086  	-0.465805 
108.000000	-0.338771 	1.239558  	-0.465488 
109.000000	-0.358314 	1.222739  	-0.465089 
110.000000	-0.377857 	1.205921  	-0.464690 
111.000000	-0.397400 	1.189103  	-0.464290 
112.000000	-0.416899 	1.171718  	-0.463832 
113.000000	-0.436232 	1.152254  	-0.463157 
114.000000	-0.455566 	1.132789  	-0.462481 
115.000000	-0.474900 	1.113325  	-0.461806 
116.000000	-0.494234 	1.093861  	-0.461131 
117.000000	-0.513277 	1.072494  	-0.460527 
118.000000	-0.532272 	1.050811  	-0.459936 
119.000000	-0.551267 	1.029127  	-0.459344 
120.000000	-0.570262 	1.007443  	-0.458753 
121.000000	-0.589074 	0.984888  	-0.458485 
122.000000	-0.607702 	0.961463  	-0.458541 
123.000000	-0.626331 	0.938038  	-0.458596 
124.000000	-0.644959 	0.914612  	-0.458652 
125.000000	-0.663550 	0.891012  	-0.458708 
126.000000	-0.681915 	0.866365  	-0.458763 
127.000000	-0.700280 	0.841717  	-0.458819 
128.000000	-0.718645 	0.817070  	-0.458875 
129.000000	-0.737009 	0.792422  	-0.458930 
130.000000	-0.755383 	0.767246  	-0.460789 
131.000000	-0.773758 	0.741925  	-0.463139 
132.000000	-0.792134 	0.716604  	-0.465490 
133.000000	-0.810509 	0.691283  	-0.467840 
134.000000	-0.829107 	0.665916  	-0.470407 
135.000000	-0.848002 	0.640488  	-0.473262 
136.000000	-0.866896 	0.615059  	-0.476117 
137.000000	-0.885790 	0.589630  	-0.478973 
138.000000	-0.904782 	0.564235  	-0.482091 
139.000000	-0.925041 	0.539268  	-0.488625 
140.000000	-0.945300 	0.514300  	-0.495160 
141.000000	-0.965558 	0.489333  	-0.501694 
142.000000	-0.985817 	0.464366  	-0.508229 
143.000000	-1.008025 	0.440129  	-0.517145 
144.000000	-1.031012 	0.416183  	-0.527014 
145.000000	-1.053999 	0.392238  	-0.536883 
146.000000	-1.076986 	0.368292  	-0.546752 
147.000000	-1.101744 	0.344904  	-0.555264 
148.000000	-1.129688 	0.322518  	-0.561333 
149.000000	-1.157632 	0.300132  	-0.567402 
150.000000	-1.185576 	0.277746  	-0.573470 
151.000000	-1.213520 	0.255360  	-0.579539 
152.000000	-1.171674 	0.234435  	-0.572850 
153.000000	-1.129829 	0.213509  	-0.566161 
154.000000	-1.087983 	0.193595  	-0.559472 
155.000000	-1.046138 	0.173759  	-0.552783 
156.000000	-1.004292 	0.154943  	-0.546094 
157.000000	-0.962447 	0.136296  	-0.539405 
158.000000	-0.920601 	0.118660  	-0.532716 
159.000000	-0.878756 	0.101299  	-0.526028 
160.000000	-0.836910 	0.084920  	-0.521564 
161.000000	-0.795065 	0.068933  	-0.517990 
162.000000	-0.753219 	0.053881  	-0.515471 
163.000000	-0.711374 	0.039349  	-0.513537 
164.000000	-0.669528 	0.025692  	-0.511603 
165.000000	-0.627683 	0.012690  	-0.509669 
166.000000	-0.585837 	0.004936  	-0.507735 
167.000000	-0.543992 	0.002431  	-0.505802 
168.000000	-0.502146 	0.001000  	-0.503868 
169.000000	-0.460301 	0.001000  	-0.501934 
170.000000	-0.418455 	0.001000  	-0.485793 
171.000000	-0.376610 	0.001000  	-0.444081 
172.000000	-0.334764 	0.001000  	-0.400000 
173.000000	-0.292919 	0.001000  	-0.350000 
174.000000	-0.251073 	0.001000  	-0.300000 
175.000000	-0.209228 	0.001000  	-0.250000 
176.000000	-0.167382 	0.001000  	-0.200000 
177.000000	-0.125537 	0.001000  	-0.150000 
178.000000	-0.083691 	0.001000  	-0.100000 
179.000000	-0.041846 	0.001000  	-0.050000 
180.000000	0.000000  	0.001000  	0.000000  
! ------------------------------------------------------------------------------
! data for table	3         
! ------------------------------------------------------------------------------
  0.400000  	Re           ! Reynolds number in millions
  0.000000  	UserProp     ! User property (control) setting
Flase           InclUAdata   ! Is unsteady aerodynamics data included in this table? If TRUE, then include UA coefficients below this line. Any missing coefficients will be calculated internally.
! Table of aerodynamics coefficients
  361       	NumAlf       ! Number of data lines in the following table
!Alpha      Cl          Cd          Cm/Cp
!(deg)      (-)         (-)         (-)
-180.000000	0.000000  	0.001000  	0.000000  
-179.000000	0.042249  	0.001000  	0.040000  
-178.000000	0.084497  	0.001000  	0.080000  
-177.000000	0.126746  	0.001000  	0.120000  
-176.000000	0.168994  	0.001000  	0.160000  
-175.000000	0.211243  	0.001000  	0.200000  
-174.000000	0.253492  	0.001000  	0.240000  
-173.000000	0.295740  	0.001000  	0.280000  
-172.000000	0.337989  	0.001000  	0.320000  
-171.000000	0.380238  	0.001000  	0.357636  
-170.000000	0.422486  	0.001000  	0.394326  
-169.000000	0.464735  	0.001000  	0.420804  
-168.000000	0.506983  	0.001000  	0.441609  
-167.000000	0.549232  	0.001967  	0.462413  
-166.000000	0.591481  	0.003660  	0.483217  
-165.000000	0.633729  	0.011011  	0.504021  
-164.000000	0.675978  	0.024022  	0.524826  
-163.000000	0.718227  	0.037688  	0.545630  
-162.000000	0.760475  	0.052228  	0.566434  
-161.000000	0.802724  	0.067289  	0.585456  
-160.000000	0.844972  	0.083287  	0.601269  
-159.000000	0.887221  	0.099677  	0.614373  
-158.000000	0.929470  	0.117049  	0.620704  
-157.000000	0.971718  	0.134697  	0.627034  
-156.000000	1.013967  	0.153355  	0.633365  
-155.000000	1.056216  	0.172184  	0.639695  
-154.000000	1.098464  	0.192033  	0.646026  
-153.000000	1.140713  	0.211961  	0.652356  
-152.000000	1.182961  	0.232900  	0.658687  
-151.000000	1.225210  	0.253840  	0.665018  
-150.000000	1.196740  	0.276242  	0.657728  
-149.000000	1.168271  	0.298643  	0.650439  
-148.000000	1.139801  	0.321045  	0.643149  
-147.000000	1.111332  	0.343446  	0.635860  
-146.000000	1.086118  	0.366852  	0.625963  
-145.000000	1.062713  	0.390815  	0.614616  
-144.000000	1.039308  	0.414778  	0.603270  
-143.000000	1.015902  	0.438741  	0.591923  
-142.000000	0.993299  	0.462997  	0.581636  
-141.000000	0.972699  	0.487983  	0.573998  
-140.000000	0.952099  	0.512970  	0.566359  
-139.000000	0.931499  	0.537957  	0.558721  
-138.000000	0.910899  	0.562943  	0.551082  
-137.000000	0.891620  	0.588360  	0.547243  
-136.000000	0.872442  	0.613810  	0.543696  
-135.000000	0.853265  	0.639260  	0.540148  
-134.000000	0.834087  	0.664709  	0.536601  
-133.000000	0.815232  	0.690099  	0.533370  
-132.000000	0.796618  	0.715442  	0.530375  
-131.000000	0.778005  	0.740786  	0.527379  
-130.000000	0.759392  	0.766129  	0.524384  
-129.000000	0.740789  	0.791329  	0.521927  
-128.000000	0.722223  	0.816000  	0.521441  
-127.000000	0.703658  	0.840672  	0.520955  
-126.000000	0.685093  	0.865344  	0.520469  
-125.000000	0.666528  	0.890015  	0.519983  
-124.000000	0.647764  	0.913641  	0.519498  
-123.000000	0.628967  	0.937092  	0.519012  
-122.000000	0.610170  	0.960543  	0.518526  
-121.000000	0.591373  	0.983993  	0.518040  
-120.000000	0.572407  	1.006574  	0.517909  
-119.000000	0.553271  	1.028285  	0.518132  
-118.000000	0.534136  	1.049995  	0.518356  
-117.000000	0.515000  	1.071706  	0.518579  
-116.000000	0.495820  	1.093099  	0.518816  
-115.000000	0.476370  	1.112591  	0.519132  
-114.000000	0.456921  	1.132083  	0.519447  
-113.000000	0.437472  	1.151575  	0.519762  
-112.000000	0.418022  	1.171067  	0.520078  
-111.000000	0.398427  	1.188480  	0.520175  
-110.000000	0.378791  	1.205327  	0.520213  
-109.000000	0.359156  	1.222174  	0.520251  
-108.000000	0.339520  	1.239021  	0.520288  
-107.000000	0.319895  	1.254578  	0.520244  
-106.000000	0.300282  	1.268415  	0.520088  
-105.000000	0.280669  	1.282252  	0.519933  
-104.000000	0.261057  	1.296090  	0.519778  
-103.000000	0.241465  	1.309691  	0.519596  
-102.000000	0.222149  	1.320225  	0.519064  
-101.000000	0.202832  	1.330758  	0.518532  
-100.000000	0.183515  	1.341291  	0.517999  
-99.000000	0.164199  	1.351825  	0.517467  
-98.000000	0.145324  	1.359843  	0.516292  
-97.000000	0.126626  	1.366854  	0.514859  
-96.000000	0.107927  	1.373866  	0.513426  
-95.000000	0.089229  	1.380878  	0.511993  
-94.000000	0.070880  	1.386584  	0.510560  
-93.000000	0.053160  	1.389938  	0.509127  
-92.000000	0.035440  	1.393292  	0.507694  
-91.000000	0.017720  	1.396646  	0.506261  
-90.000000	0.000000  	1.400000  	0.504828  
-89.000000	-0.017720 	1.396646  	0.501034  
-88.000000	-0.035440 	1.393292  	0.497240  
-87.000000	-0.053160 	1.389938  	0.493446  
-86.000000	-0.070880 	1.386584  	0.489652  
-85.000000	-0.089229 	1.380878  	0.485859  
-84.000000	-0.107927 	1.373866  	0.482065  
-83.000000	-0.126626 	1.366854  	0.478271  
-82.000000	-0.145324 	1.359843  	0.474477  
-81.000000	-0.164199 	1.351825  	0.470504  
-80.000000	-0.183515 	1.341291  	0.466082  
-79.000000	-0.202832 	1.330758  	0.461660  
-78.000000	-0.222149 	1.320225  	0.457238  
-77.000000	-0.241465 	1.309691  	0.452816  
-76.000000	-0.261057 	1.296090  	0.448151  
-75.000000	-0.280669 	1.282252  	0.443466  
-74.000000	-0.300282 	1.268415  	0.438781  
-73.000000	-0.319895 	1.254578  	0.434097  
-72.000000	-0.339520 	1.239021  	0.429362  
-71.000000	-0.359156 	1.222174  	0.424590  
-70.000000	-0.378791 	1.205327  	0.419818  
-69.000000	-0.398427 	1.188480  	0.415046  
-68.000000	-0.418022 	1.171067  	0.410247  
-67.000000	-0.437472 	1.151575  	0.405349  
-66.000000	-0.456921 	1.132083  	0.400451  
-65.000000	-0.476370 	1.112591  	0.395553  
-64.000000	-0.495820 	1.093099  	0.390655  
-63.000000	-0.515000 	1.071706  	0.385783  
-62.000000	-0.534136 	1.049995  	0.380916  
-61.000000	-0.553271 	1.028285  	0.376049  
-60.000000	-0.572407 	1.006574  	0.371181  
-59.000000	-0.591373 	0.983993  	0.366432  
-58.000000	-0.610170 	0.960543  	0.361801  
-57.000000	-0.628967 	0.937092  	0.357170  
-56.000000	-0.647764 	0.913641  	0.352538  
-55.000000	-0.666528 	0.890015  	0.347907  
-54.000000	-0.685093 	0.865344  	0.343276  
-53.000000	-0.703658 	0.840672  	0.338645  
-52.000000	-0.722223 	0.816000  	0.334014  
-51.000000	-0.740789 	0.791329  	0.329383  
-50.000000	-0.759392 	0.766129  	0.324937  
-49.000000	-0.778005 	0.740786  	0.320541  
-48.000000	-0.796618 	0.715442  	0.316145  
-47.000000	-0.815232 	0.690099  	0.311749  
-46.000000	-0.834087 	0.664709  	0.307376  
-45.000000	-0.853265 	0.639260  	0.303032  
-44.000000	-0.872442 	0.613810  	0.298688  
-43.000000	-0.891620 	0.588360  	0.294344  
-42.000000	-0.910899 	0.562943  	0.289954  
-41.000000	-0.931499 	0.537957  	0.284965  
-40.000000	-0.952099 	0.512970  	0.279976  
-39.000000	-0.972699 	0.487983  	0.274986  
-38.000000	-0.993299 	0.462997  	0.269997  
-37.000000	-1.015902 	0.438741  	0.264590  
-36.000000	-1.039308 	0.414778  	0.259016  
-35.000000	-1.062713 	0.390815  	0.253442  
-34.000000	-1.086118 	0.366852  	0.247868  
-33.000000	-1.111332 	0.343446  	0.241793  
-32.000000	-1.139801 	0.321045  	0.234817  
-31.000000	-1.168271 	0.298643  	0.227841  
-30.000000	-1.196740 	0.276242  	0.220864  
-29.000000	-1.225210 	0.253840  	0.213888  
-28.000000	-1.190094 	0.241622  	0.202203  
-27.000000	-1.154977 	0.229404  	0.190519  
-26.000000	-1.119861 	0.217186  	0.178835  
-25.000000	-1.084745 	0.204968  	0.167150  
-24.000000	-1.049628 	0.192751  	0.155466  
-23.000000	-1.014512 	0.180533  	0.143782  
-22.000000	-0.979396 	0.168315  	0.132097  
-21.000000	-0.944279 	0.156097  	0.120413  
-20.000000	-0.909163 	0.143879  	0.108985  
-19.000000	-0.874047 	0.131661  	0.097856  
-18.000000	-0.838931 	0.119443  	0.086983  
-17.000000	-0.803814 	0.107225  	0.076110  
-16.000000	-0.768698 	0.095007  	0.065237  
-15.000000	-0.733582 	0.082789  	0.054364  
-14.000000	-0.698465 	0.070572  	0.043491  
-13.000000	-0.663349 	0.058354  	0.032619  
-12.000000	-0.628233 	0.046136  	-0.008412 
-11.000000	-0.593116 	0.033918  	-0.061506 
-10.000000	-0.558000 	0.021700  	-0.114600 
-9.000000 	-0.417700 	0.019720  	-0.126100 
-8.000000 	-0.254200 	0.017900  	-0.142500 
-7.000000 	-0.128800 	0.017880  	-0.145800 
-6.000000 	0.021000  	0.017190  	-0.156300 
-5.000000 	0.179200  	0.016620  	-0.168800 
-4.000000 	0.301000  	0.016810  	-0.171100 
-3.000000 	0.444500  	0.016610  	-0.179400 
-2.000000 	0.583500  	0.016680  	-0.186500 
-1.000000 	0.708000  	0.016980  	-0.189800 
0.000000  	0.845200  	0.017110  	-0.196500 
1.000000  	0.971600  	0.017530  	-0.200400 
2.000000  	1.093850  	0.017825  	-0.203650 
3.000000  	1.216100  	0.018120  	-0.206900 
4.000000  	1.321700  	0.018540  	-0.206200 
5.000000  	1.424700  	0.018890  	-0.205400 
6.000000  	1.524400  	0.019430  	-0.204100 
7.000000  	1.594400  	0.020340  	-0.196400 
8.000000  	1.649400  	0.021900  	-0.186700 
9.000000  	1.691900  	0.024780  	-0.175600 
10.000000 	1.709900  	0.030070  	-0.163700 
11.000000 	1.701200  	0.039250  	-0.152900 
12.000000 	1.684000  	0.051490  	-0.146100 
13.000000 	1.661700  	0.064820  	-0.140600 
14.000000 	1.648200  	0.078630  	-0.138300 
15.000000 	1.642100  	0.091720  	-0.137650 
16.000000 	1.636000  	0.104810  	-0.137000 
17.000000 	1.639900  	0.117180  	-0.138800 
18.000000 	1.644900  	0.129390  	-0.141900 
19.000000 	1.650700  	0.141870  	-0.146700 
20.000000 	1.657100  	0.153980  	-0.152400 
21.000000 	1.664100  	0.166440  	-0.159800 
22.000000 	1.670100  	0.178610  	-0.167800 
23.000000 	1.678000  	0.190780  	-0.177200 
24.000000 	1.687600  	0.202090  	-0.186600 
25.000000 	1.699200  	0.213340  	-0.197000 
26.000000 	1.708700  	0.224530  	-0.208000 
27.000000 	1.719900  	0.235330  	-0.219400 
28.000000 	1.730100  	0.245910  	-0.231300 
29.000000 	1.750300  	0.253840  	-0.241400 
30.000000 	1.709629  	0.276242  	-0.249017 
31.000000 	1.668959  	0.298643  	-0.256634 
32.000000 	1.628288  	0.321045  	-0.264252 
33.000000 	1.587617  	0.343446  	-0.271869 
34.000000 	1.551597  	0.366852  	-0.278853 
35.000000 	1.518161  	0.390815  	-0.285484 
36.000000 	1.484725  	0.414778  	-0.292116 
37.000000 	1.451289  	0.438741  	-0.298748 
38.000000 	1.418998  	0.462997  	-0.305011 
39.000000 	1.389570  	0.487983  	-0.310352 
40.000000 	1.360141  	0.512970  	-0.315694 
41.000000 	1.330713  	0.537957  	-0.321035 
42.000000 	1.301285  	0.562943  	-0.326376 
43.000000 	1.273743  	0.588360  	-0.330396 
44.000000 	1.246346  	0.613810  	-0.334313 
45.000000 	1.218949  	0.639260  	-0.338231 
46.000000 	1.191552  	0.664709  	-0.342148 
47.000000 	1.164616  	0.690099  	-0.346035 
48.000000 	1.138026  	0.715442  	-0.349898 
49.000000 	1.111436  	0.740786  	-0.353761 
50.000000 	1.084845  	0.766129  	-0.357624 
51.000000 	1.058269  	0.791329  	-0.361434 
52.000000 	1.031748  	0.816000  	-0.365049 
53.000000 	1.005226  	0.840672  	-0.368664 
54.000000 	0.978704  	0.865344  	-0.372279 
55.000000 	0.952183  	0.890015  	-0.375894 
56.000000 	0.925377  	0.913641  	-0.379509 
57.000000 	0.898524  	0.937092  	-0.383124 
58.000000 	0.871671  	0.960543  	-0.386739 
59.000000 	0.844819  	0.983993  	-0.390354 
60.000000 	0.817724  	1.006574  	-0.394039 
61.000000 	0.790387  	1.028285  	-0.397795 
62.000000 	0.763051  	1.049995  	-0.401551 
63.000000 	0.735714  	1.071706  	-0.405307 
64.000000 	0.708314  	1.093099  	-0.409065 
65.000000 	0.680529  	1.112591  	-0.412839 
66.000000 	0.652744  	1.132083  	-0.416613 
67.000000 	0.624959  	1.151575  	-0.420387 
68.000000 	0.597175  	1.171067  	-0.424161 
69.000000 	0.569181  	1.188480  	-0.427963 
70.000000 	0.541130  	1.205327  	-0.431772 
71.000000 	0.513080  	1.222174  	-0.435580 
72.000000 	0.485029  	1.239021  	-0.439389 
73.000000 	0.456992  	1.254578  	-0.443209 
74.000000 	0.428974  	1.268415  	-0.447042 
75.000000 	0.400956  	1.282252  	-0.450875 
76.000000 	0.372938  	1.296090  	-0.454708 
77.000000 	0.344951  	1.309691  	-0.458533 
78.000000 	0.317355  	1.320225  	-0.462262 
79.000000 	0.289760  	1.330758  	-0.465990 
80.000000 	0.262165  	1.341291  	-0.469719 
81.000000 	0.234570  	1.351825  	-0.473447 
82.000000 	0.207605  	1.359843  	-0.476997 
83.000000 	0.180894  	1.366854  	-0.480476 
84.000000 	0.154182  	1.373866  	-0.483955 
85.000000 	0.127470  	1.380878  	-0.487434 
86.000000 	0.101258  	1.386584  	-0.490913 
87.000000 	0.075943  	1.389938  	-0.494392 
88.000000 	0.050629  	1.393292  	-0.497870 
89.000000 	0.025314  	1.396646  	-0.501349 
90.000000 	0.000000  	1.400000  	-0.504828 
91.000000 	-0.017720 	1.396646  	-0.506261 
92.000000 	-0.035440 	1.393292  	-0.507694 
93.000000 	-0.053160 	1.389938  	-0.509127 
94.000000 	-0.070880 	1.386584  	-0.510560 
95.000000 	-0.089229 	1.380878  	-0.511993 
96.000000 	-0.107927 	1.373866  	-0.513426 
97.000000 	-0.126626 	1.366854  	-0.514859 
98.000000 	-0.145324 	1.359843  	-0.516292 
99.000000 	-0.164199 	1.351825  	-0.517467 
100.000000	-0.183515 	1.341291  	-0.517999 
101.000000	-0.202832 	1.330758  	-0.518532 
102.000000	-0.222149 	1.320225  	-0.519064 
103.000000	-0.241465 	1.309691  	-0.519596 
104.000000	-0.261057 	1.296090  	-0.519778 
105.000000	-0.280669 	1.282252  	-0.519933 
106.000000	-0.300282 	1.268415  	-0.520088 
107.000000	-0.319895 	1.254578  	-0.520244 
108.000000	-0.339520 	1.239021  	-0.520288 
109.000000	-0.359156 	1.222174  	-0.520251 
110.000000	-0.378791 	1.205327  	-0.520213 
111.000000	-0.398427 	1.188480  	-0.520175 
112.000000	-0.418022 	1.171067  	-0.520078 
113.000000	-0.437472 	1.151575  	-0.519762 
114.000000	-0.456921 	1.132083  	-0.519447 
115.000000	-0.476370 	1.112591  	-0.519132 
116.000000	-0.495820 	1.093099  	-0.518816 
117.000000	-0.515000 	1.071706  	-0.518579 
118.000000	-0.534136 	1.049995  	-0.518356 
119.000000	-0.553271 	1.028285  	-0.518132 
120.000000	-0.572407 	1.006574  	-0.517909 
121.000000	-0.591373 	0.983993  	-0.518040 
122.000000	-0.610170 	0.960543  	-0.518526 
123.000000	-0.628967 	0.937092  	-0.519012 
124.000000	-0.647764 	0.913641  	-0.519498 
125.000000	-0.666528 	0.890015  	-0.519983 
126.000000	-0.685093 	0.865344  	-0.520469 
127.000000	-0.703658 	0.840672  	-0.520955 
128.000000	-0.722223 	0.816000  	-0.521441 
129.000000	-0.740789 	0.791329  	-0.521927 
130.000000	-0.759392 	0.766129  	-0.524384 
131.000000	-0.778005 	0.740786  	-0.527379 
132.000000	-0.796618 	0.715442  	-0.530375 
133.000000	-0.815232 	0.690099  	-0.533370 
134.000000	-0.834087 	0.664709  	-0.536601 
135.000000	-0.853265 	0.639260  	-0.540148 
136.000000	-0.872442 	0.613810  	-0.543696 
137.000000	-0.891620 	0.588360  	-0.547243 
138.000000	-0.910899 	0.562943  	-0.551082 
139.000000	-0.931499 	0.537957  	-0.558721 
140.000000	-0.952099 	0.512970  	-0.566359 
141.000000	-0.972699 	0.487983  	-0.573998 
142.000000	-0.993299 	0.462997  	-0.581636 
143.000000	-1.015902 	0.438741  	-0.591923 
144.000000	-1.039308 	0.414778  	-0.603270 
145.000000	-1.062713 	0.390815  	-0.614616 
146.000000	-1.086118 	0.366852  	-0.625963 
147.000000	-1.111332 	0.343446  	-0.635860 
148.000000	-1.139801 	0.321045  	-0.643149 
149.000000	-1.168271 	0.298643  	-0.650439 
150.000000	-1.196740 	0.276242  	-0.657728 
151.000000	-1.225210 	0.253840  	-0.665018 
152.000000	-1.182961 	0.232900  	-0.658687 
153.000000	-1.140713 	0.211961  	-0.652356 
154.000000	-1.098464 	0.192033  	-0.646026 
155.000000	-1.056216 	0.172184  	-0.639695 
156.000000	-1.013967 	0.153355  	-0.633365 
157.000000	-0.971718 	0.134697  	-0.627034 
158.000000	-0.929470 	0.117049  	-0.620704 
159.000000	-0.887221 	0.099677  	-0.614373 
160.000000	-0.844972 	0.083287  	-0.605949 
161.000000	-0.802724 	0.067289  	-0.596688 
162.000000	-0.760475 	0.052228  	-0.586434 
163.000000	-0.718227 	0.037688  	-0.575630 
164.000000	-0.675978 	0.024022  	-0.564826 
165.000000	-0.633729 	0.011011  	-0.554021 
166.000000	-0.591481 	0.003660  	-0.543217 
167.000000	-0.549232 	0.001967  	-0.532413 
168.000000	-0.506983 	0.001000  	-0.521609 
169.000000	-0.464735 	0.001000  	-0.510804 
170.000000	-0.422486 	0.001000  	-0.488415 
171.000000	-0.380238 	0.001000  	-0.445173 
172.000000	-0.337989 	0.001000  	-0.400000 
173.000000	-0.295740 	0.001000  	-0.350000 
174.000000	-0.253492 	0.001000  	-0.300000 
175.000000	-0.211243 	0.001000  	-0.250000 
176.000000	-0.168994 	0.001000  	-0.200000 
177.000000	-0.126746 	0.001000  	-0.150000 
178.000000	-0.084497 	0.001000  	-0.100000 
179.000000	-0.042249 	0.001000  	-0.050000 
180.000000	0.000000  	0.001000  	0.000000  
! ------------------------------------------------------------------------------
! data for table	4         
! ------------------------------------------------------------------------------
  0.500000  	Re           ! Reynolds number in millions
  0.000000  	UserProp     ! User property (control) setting
Flase           InclUAdata   ! Is unsteady aerodynamics data included in this table? If TRUE, then include UA coefficients below this line. Any missing coefficients will be calculated internally.
! Table of aerodynamics coefficients
  361       	NumAlf       ! Number of data lines in the following table
!Alpha      Cl          Cd          Cm/Cp
!(deg)      (-)         (-)         (-)
-180.000000	0.000000  	0.001000  	0.000000  
-179.000000	0.041952  	0.001000  	0.040000  
-178.000000	0.083903  	0.001000  	0.080000  
-177.000000	0.125855  	0.001000  	0.120000  
-176.000000	0.167807  	0.001000  	0.160000  
-175.000000	0.209759  	0.001000  	0.200000  
-174.000000	0.251710  	0.001000  	0.240000  
-173.000000	0.293662  	0.001000  	0.280000  
-172.000000	0.335614  	0.001000  	0.320000  
-171.000000	0.377566  	0.001000  	0.357698  
-170.000000	0.419517  	0.001000  	0.394476  
-169.000000	0.461469  	0.001000  	0.421312  
-168.000000	0.503421  	0.001000  	0.442623  
-167.000000	0.545372  	0.003561  	0.463935  
-166.000000	0.587324  	0.008043  	0.485246  
-165.000000	0.629276  	0.016776  	0.506558  
-164.000000	0.671228  	0.029758  	0.527869  
-163.000000	0.713179  	0.043395  	0.549181  
-162.000000	0.755131  	0.057904  	0.570492  
-161.000000	0.797083  	0.072932  	0.589959  
-160.000000	0.839034  	0.088894  	0.606103  
-159.000000	0.880986  	0.105248  	0.619442  
-158.000000	0.922938  	0.122582  	0.625768  
-157.000000	0.964890  	0.140190  	0.632094  
-156.000000	1.006841  	0.158807  	0.638420  
-155.000000	1.048793  	0.177593  	0.644746  
-154.000000	1.090745  	0.197397  	0.651072  
-153.000000	1.132697  	0.217279  	0.657398  
-152.000000	1.174648  	0.238169  	0.663724  
-151.000000	1.216600  	0.259060  	0.670050  
-150.000000	1.188518  	0.281408  	0.662870  
-149.000000	1.160435  	0.303755  	0.655689  
-148.000000	1.132353  	0.326103  	0.648508  
-147.000000	1.104270  	0.348451  	0.641328  
-146.000000	1.079392  	0.371798  	0.631561  
-145.000000	1.056295  	0.395701  	0.620357  
-144.000000	1.033198  	0.419603  	0.609153  
-143.000000	1.010100  	0.443506  	0.597949  
-142.000000	0.987788  	0.467699  	0.587793  
-141.000000	0.967440  	0.492619  	0.580257  
-140.000000	0.947091  	0.517539  	0.572721  
-139.000000	0.926743  	0.542459  	0.565186  
-138.000000	0.906394  	0.567378  	0.557650  
-137.000000	0.887326  	0.592723  	0.553873  
-136.000000	0.868357  	0.618100  	0.550385  
-135.000000	0.849388  	0.643477  	0.546897  
-134.000000	0.830419  	0.668854  	0.543409  
-133.000000	0.811753  	0.694168  	0.540231  
-132.000000	0.793315  	0.719433  	0.537287  
-131.000000	0.774877  	0.744698  	0.534343  
-130.000000	0.756439  	0.769964  	0.531399  
-129.000000	0.738005  	0.795084  	0.528984  
-128.000000	0.719587  	0.819673  	0.528512  
-127.000000	0.701170  	0.844261  	0.528040  
-126.000000	0.682752  	0.868850  	0.527567  
-125.000000	0.664335  	0.893438  	0.527095  
-124.000000	0.645698  	0.916977  	0.526623  
-123.000000	0.627025  	0.940340  	0.526151  
-122.000000	0.608352  	0.963703  	0.525679  
-121.000000	0.589680  	0.987066  	0.525207  
-120.000000	0.570827  	1.009557  	0.525077  
-119.000000	0.551795  	1.031176  	0.525290  
-118.000000	0.532763  	1.052795  	0.525503  
-117.000000	0.513731  	1.074414  	0.525716  
-116.000000	0.494652  	1.095716  	0.525941  
-115.000000	0.475287  	1.115112  	0.526243  
-114.000000	0.455923  	1.134509  	0.526545  
-113.000000	0.436559  	1.153906  	0.526847  
-112.000000	0.417195  	1.173302  	0.527149  
-111.000000	0.397671  	1.190618  	0.527225  
-110.000000	0.378103  	1.207367  	0.527240  
-109.000000	0.358536  	1.224116  	0.527255  
-108.000000	0.338968  	1.240864  	0.527271  
-107.000000	0.319404  	1.256322  	0.527201  
-106.000000	0.299843  	1.270059  	0.527017  
-105.000000	0.280283  	1.283796  	0.526833  
-104.000000	0.260722  	1.297533  	0.526649  
-103.000000	0.241182  	1.311034  	0.526438  
-102.000000	0.221902  	1.321465  	0.525876  
-101.000000	0.202622  	1.331896  	0.525313  
-100.000000	0.183341  	1.342327  	0.524751  
-99.000000	0.164061  	1.352758  	0.524188  
-98.000000	0.145213  	1.360673  	0.522980  
-97.000000	0.126536  	1.367581  	0.521513  
-96.000000	0.107860  	1.374490  	0.520047  
-95.000000	0.089184  	1.381398  	0.518580  
-94.000000	0.070851  	1.387000  	0.517113  
-93.000000	0.053139  	1.390250  	0.515646  
-92.000000	0.035426  	1.393500  	0.514180  
-91.000000	0.017713  	1.396750  	0.512713  
-90.000000	0.000000  	1.400000  	0.511246  
-89.000000	-0.017713 	1.396750  	0.507468  
-88.000000	-0.035426 	1.393500  	0.503690  
-87.000000	-0.053139 	1.390250  	0.499912  
-86.000000	-0.070851 	1.387000  	0.496133  
-85.000000	-0.089184 	1.381398  	0.492355  
-84.000000	-0.107860 	1.374490  	0.488577  
-83.000000	-0.126536 	1.367581  	0.484799  
-82.000000	-0.145213 	1.360673  	0.481021  
-81.000000	-0.164061 	1.352758  	0.477061  
-80.000000	-0.183341 	1.342327  	0.472648  
-79.000000	-0.202622 	1.331896  	0.468235  
-78.000000	-0.221902 	1.321465  	0.463822  
-77.000000	-0.241182 	1.311034  	0.459409  
-76.000000	-0.260722 	1.297533  	0.454749  
-75.000000	-0.280283 	1.283796  	0.450071  
-74.000000	-0.299843 	1.270059  	0.445392  
-73.000000	-0.319404 	1.256322  	0.440713  
-72.000000	-0.338968 	1.240864  	0.435981  
-71.000000	-0.358536 	1.224116  	0.431209  
-70.000000	-0.378103 	1.207367  	0.426437  
-69.000000	-0.397671 	1.190618  	0.421665  
-68.000000	-0.417195 	1.173302  	0.416865  
-67.000000	-0.436559 	1.153906  	0.411959  
-66.000000	-0.455923 	1.134509  	0.407052  
-65.000000	-0.475287 	1.115112  	0.402146  
-64.000000	-0.494652 	1.095716  	0.397240  
-63.000000	-0.513731 	1.074414  	0.392359  
-62.000000	-0.532763 	1.052795  	0.387482  
-61.000000	-0.551795 	1.031176  	0.382604  
-60.000000	-0.570827 	1.009557  	0.377727  
-59.000000	-0.589680 	0.987066  	0.372961  
-58.000000	-0.608352 	0.963703  	0.368306  
-57.000000	-0.627025 	0.940340  	0.363650  
-56.000000	-0.645698 	0.916977  	0.358995  
-55.000000	-0.664335 	0.893438  	0.354340  
-54.000000	-0.682752 	0.868850  	0.349685  
-53.000000	-0.701170 	0.844261  	0.345030  
-52.000000	-0.719587 	0.819673  	0.340375  
-51.000000	-0.738005 	0.795084  	0.335719  
-50.000000	-0.756439 	0.769964  	0.331240  
-49.000000	-0.774877 	0.744698  	0.326809  
-48.000000	-0.793315 	0.719433  	0.322378  
-47.000000	-0.811753 	0.694168  	0.317947  
-46.000000	-0.830419 	0.668854  	0.313537  
-45.000000	-0.849388 	0.643477  	0.309155  
-44.000000	-0.868357 	0.618100  	0.304773  
-43.000000	-0.887326 	0.592723  	0.300392  
-42.000000	-0.906394 	0.567378  	0.295964  
-41.000000	-0.926743 	0.542459  	0.290936  
-40.000000	-0.947091 	0.517539  	0.285908  
-39.000000	-0.967440 	0.492619  	0.280880  
-38.000000	-0.987788 	0.467699  	0.275852  
-37.000000	-1.010100 	0.443506  	0.270406  
-36.000000	-1.033198 	0.419603  	0.264792  
-35.000000	-1.056295 	0.395701  	0.259179  
-34.000000	-1.079392 	0.371798  	0.253565  
-33.000000	-1.104270 	0.348451  	0.247459  
-32.000000	-1.132353 	0.326103  	0.240468  
-31.000000	-1.160435 	0.303755  	0.233476  
-30.000000	-1.188518 	0.281408  	0.226484  
-29.000000	-1.216600 	0.259060  	0.219492  
-28.000000	-1.181221 	0.246358  	0.207874  
-27.000000	-1.145842 	0.233656  	0.196255  
-26.000000	-1.110463 	0.220954  	0.184636  
-25.000000	-1.075084 	0.208252  	0.173018  
-24.000000	-1.039705 	0.195549  	0.161399  
-23.000000	-1.004326 	0.182847  	0.149780  
-22.000000	-0.968947 	0.170145  	0.138161  
-21.000000	-0.933568 	0.157443  	0.126543  
-20.000000	-0.898189 	0.144741  	0.114964  
-19.000000	-0.862811 	0.132039  	0.103431  
-18.000000	-0.827432 	0.119337  	0.091939  
-17.000000	-0.792053 	0.106635  	0.080447  
-16.000000	-0.756674 	0.093933  	0.068954  
-15.000000	-0.721295 	0.081231  	0.057462  
-14.000000	-0.685916 	0.068528  	0.045970  
-13.000000	-0.650537 	0.055826  	0.034477  
-12.000000	-0.615158 	0.043124  	-0.009778 
-11.000000	-0.579779 	0.030422  	-0.067139 
-10.000000	-0.544400 	0.017720  	-0.124500 
-9.000000 	-0.382100 	0.016300  	-0.139700 
-8.000000 	-0.255600 	0.016130  	-0.143200 
-7.000000 	-0.100900 	0.015320  	-0.155000 
-6.000000 	0.046100  	0.015010  	-0.164100 
-5.000000 	0.182100  	0.014870  	-0.170200 
-4.000000 	0.327300  	0.014660  	-0.178800 
-3.000000 	0.460600  	0.014770  	-0.184100 
-2.000000 	0.595000  	0.014840  	-0.189900 
-1.000000 	0.731800  	0.015010  	-0.196300 
0.000000  	0.858000  	0.015330  	-0.200000 
1.000000  	0.983800  	0.015540  	-0.203900 
2.000000  	1.108200  	0.015830  	-0.207500 
3.000000  	1.220700  	0.016180  	-0.208300 
4.000000  	1.334200  	0.016600  	-0.209600 
5.000000  	1.437700  	0.017060  	-0.208800 
6.000000  	1.530200  	0.017720  	-0.205700 
7.000000  	1.613100  	0.018700  	-0.201000 
8.000000  	1.668200  	0.020520  	-0.190900 
9.000000  	1.716000  	0.023520  	-0.181000 
10.000000 	1.721500  	0.030875  	-0.169500 
11.000000 	1.727000  	0.038230  	-0.158000 
12.000000 	1.710300  	0.050190  	-0.150500 
13.000000 	1.690500  	0.063680  	-0.145500 
14.000000 	1.677900  	0.076820  	-0.142100 
15.000000 	1.670200  	0.090020  	-0.140500 
16.000000 	1.664400  	0.103270  	-0.140300 
17.000000 	1.665500  	0.115790  	-0.141600 
18.000000 	1.670300  	0.128130  	-0.144500 
19.000000 	1.672400  	0.140740  	-0.148600 
20.000000 	1.679000  	0.153040  	-0.154300 
21.000000 	1.680800  	0.165850  	-0.161300 
22.000000 	1.686800  	0.178260  	-0.169400 
23.000000 	1.689400  	0.191000  	-0.178700 
24.000000 	1.694300  	0.203410  	-0.188900 
25.000000 	1.700900  	0.215360  	-0.199600 
26.000000 	1.709600  	0.226840  	-0.210800 
27.000000 	1.719800  	0.237650  	-0.222100 
28.000000 	1.731400  	0.247970  	-0.233700 
29.000000 	1.738000  	0.259060  	-0.246500 
30.000000 	1.697882  	0.281408  	-0.254162 
31.000000 	1.657764  	0.303755  	-0.261824 
32.000000 	1.617647  	0.326103  	-0.269486 
33.000000 	1.577529  	0.348451  	-0.277148 
34.000000 	1.541989  	0.371798  	-0.284179 
35.000000 	1.508993  	0.395701  	-0.290861 
36.000000 	1.475997  	0.419603  	-0.297543 
37.000000 	1.443000  	0.443506  	-0.304225 
38.000000 	1.411126  	0.467699  	-0.310538 
39.000000 	1.382057  	0.492619  	-0.315929 
40.000000 	1.352987  	0.517539  	-0.321321 
41.000000 	1.323918  	0.542459  	-0.326713 
42.000000 	1.294849  	0.567378  	-0.332104 
43.000000 	1.267609  	0.592723  	-0.336174 
44.000000 	1.240511  	0.618100  	-0.340142 
45.000000 	1.213412  	0.643477  	-0.344110 
46.000000 	1.186313  	0.668854  	-0.348078 
47.000000 	1.159648  	0.694168  	-0.352013 
48.000000 	1.133308  	0.719433  	-0.355924 
49.000000 	1.106967  	0.744698  	-0.359834 
50.000000 	1.080627  	0.769964  	-0.363745 
51.000000 	1.054293  	0.795084  	-0.367599 
52.000000 	1.027982  	0.819673  	-0.371248 
53.000000 	1.001671  	0.844261  	-0.374897 
54.000000 	0.975360  	0.868850  	-0.378545 
55.000000 	0.949049  	0.893438  	-0.382194 
56.000000 	0.922426  	0.916977  	-0.385843 
57.000000 	0.895750  	0.940340  	-0.389491 
58.000000 	0.869075  	0.963703  	-0.393140 
59.000000 	0.842399  	0.987066  	-0.396789 
60.000000 	0.815467  	1.009557  	-0.400499 
61.000000 	0.788279  	1.031176  	-0.404271 
62.000000 	0.761090  	1.052795  	-0.408043 
63.000000 	0.733902  	1.074414  	-0.411815 
64.000000 	0.706645  	1.095716  	-0.415589 
65.000000 	0.678982  	1.115112  	-0.419377 
66.000000 	0.651319  	1.134509  	-0.423165 
67.000000 	0.623656  	1.153906  	-0.426953 
68.000000 	0.595992  	1.173302  	-0.430740 
69.000000 	0.568101  	1.190618  	-0.434548 
70.000000 	0.540148  	1.207367  	-0.438360 
71.000000 	0.512194  	1.224116  	-0.442172 
72.000000 	0.484241  	1.240864  	-0.445985 
73.000000 	0.456291  	1.256322  	-0.449805 
74.000000 	0.428348  	1.270059  	-0.453634 
75.000000 	0.400404  	1.283796  	-0.457464 
76.000000 	0.372460  	1.297533  	-0.461293 
77.000000 	0.344545  	1.311034  	-0.465115 
78.000000 	0.317002  	1.321465  	-0.468836 
79.000000 	0.289459  	1.331896  	-0.472558 
80.000000 	0.261916  	1.342327  	-0.476279 
81.000000 	0.234374  	1.352758  	-0.480001 
82.000000 	0.207447  	1.360673  	-0.483538 
83.000000 	0.180766  	1.367581  	-0.487002 
84.000000 	0.154086  	1.374490  	-0.490465 
85.000000 	0.127405  	1.381398  	-0.493929 
86.000000 	0.101216  	1.387000  	-0.497392 
87.000000 	0.075912  	1.390250  	-0.500856 
88.000000 	0.050608  	1.393500  	-0.504319 
89.000000 	0.025304  	1.396750  	-0.507783 
90.000000 	0.000000  	1.400000  	-0.511246 
91.000000 	-0.017713 	1.396750  	-0.512713 
92.000000 	-0.035426 	1.393500  	-0.514180 
93.000000 	-0.053139 	1.390250  	-0.515646 
94.000000 	-0.070851 	1.387000  	-0.517113 
95.000000 	-0.089184 	1.381398  	-0.518580 
96.000000 	-0.107860 	1.374490  	-0.520047 
97.000000 	-0.126536 	1.367581  	-0.521513 
98.000000 	-0.145213 	1.360673  	-0.522980 
99.000000 	-0.164061 	1.352758  	-0.524188 
100.000000	-0.183341 	1.342327  	-0.524751 
101.000000	-0.202622 	1.331896  	-0.525313 
102.000000	-0.221902 	1.321465  	-0.525876 
103.000000	-0.241182 	1.311034  	-0.526438 
104.000000	-0.260722 	1.297533  	-0.526649 
105.000000	-0.280283 	1.283796  	-0.526833 
106.000000	-0.299843 	1.270059  	-0.527017 
107.000000	-0.319404 	1.256322  	-0.527201 
108.000000	-0.338968 	1.240864  	-0.527271 
109.000000	-0.358536 	1.224116  	-0.527255 
110.000000	-0.378103 	1.207367  	-0.527240 
111.000000	-0.397671 	1.190618  	-0.527225 
112.000000	-0.417195 	1.173302  	-0.527149 
113.000000	-0.436559 	1.153906  	-0.526847 
114.000000	-0.455923 	1.134509  	-0.526545 
115.000000	-0.475287 	1.115112  	-0.526243 
116.000000	-0.494652 	1.095716  	-0.525941 
117.000000	-0.513731 	1.074414  	-0.525716 
118.000000	-0.532763 	1.052795  	-0.525503 
119.000000	-0.551795 	1.031176  	-0.525290 
120.000000	-0.570827 	1.009557  	-0.525077 
121.000000	-0.589680 	0.987066  	-0.525207 
122.000000	-0.608352 	0.963703  	-0.525679 
123.000000	-0.627025 	0.940340  	-0.526151 
124.000000	-0.645698 	0.916977  	-0.526623 
125.000000	-0.664335 	0.893438  	-0.527095 
126.000000	-0.682752 	0.868850  	-0.527567 
127.000000	-0.701170 	0.844261  	-0.528040 
128.000000	-0.719587 	0.819673  	-0.528512 
129.000000	-0.738005 	0.795084  	-0.528984 
130.000000	-0.756439 	0.769964  	-0.531399 
131.000000	-0.774877 	0.744698  	-0.534343 
132.000000	-0.793315 	0.719433  	-0.537287 
133.000000	-0.811753 	0.694168  	-0.540231 
134.000000	-0.830419 	0.668854  	-0.543409 
135.000000	-0.849388 	0.643477  	-0.546897 
136.000000	-0.868357 	0.618100  	-0.550385 
137.000000	-0.887326 	0.592723  	-0.553873 
138.000000	-0.906394 	0.567378  	-0.557650 
139.000000	-0.926743 	0.542459  	-0.565186 
140.000000	-0.947091 	0.517539  	-0.572721 
141.000000	-0.967440 	0.492619  	-0.580257 
142.000000	-0.987788 	0.467699  	-0.587793 
143.000000	-1.010100 	0.443506  	-0.597949 
144.000000	-1.033198 	0.419603  	-0.609153 
145.000000	-1.056295 	0.395701  	-0.620357 
146.000000	-1.079392 	0.371798  	-0.631561 
147.000000	-1.104270 	0.348451  	-0.641328 
148.000000	-1.132353 	0.326103  	-0.648508 
149.000000	-1.160435 	0.303755  	-0.655689 
150.000000	-1.188518 	0.281408  	-0.662870 
151.000000	-1.216600 	0.259060  	-0.670050 
152.000000	-1.174648 	0.238169  	-0.663724 
153.000000	-1.132697 	0.217279  	-0.657398 
154.000000	-1.090745 	0.197397  	-0.651072 
155.000000	-1.048793 	0.177593  	-0.644746 
156.000000	-1.006841 	0.158807  	-0.638420 
157.000000	-0.964890 	0.140190  	-0.632094 
158.000000	-0.922938 	0.122582  	-0.625768 
159.000000	-0.880986 	0.105248  	-0.619442 
160.000000	-0.839034 	0.088894  	-0.610782 
161.000000	-0.797083 	0.072932  	-0.601190 
162.000000	-0.755131 	0.057904  	-0.590492 
163.000000	-0.713179 	0.043395  	-0.579181 
164.000000	-0.671228 	0.029758  	-0.567869 
165.000000	-0.629276 	0.016776  	-0.556558 
166.000000	-0.587324 	0.008043  	-0.545246 
167.000000	-0.545372 	0.003561  	-0.533935 
168.000000	-0.503421 	0.001000  	-0.522623 
169.000000	-0.461469 	0.001000  	-0.511312 
170.000000	-0.419517 	0.001000  	-0.488565 
171.000000	-0.377566 	0.001000  	-0.445235 
172.000000	-0.335614 	0.001000  	-0.400000 
173.000000	-0.293662 	0.001000  	-0.350000 
174.000000	-0.251710 	0.001000  	-0.300000 
175.000000	-0.209759 	0.001000  	-0.250000 
176.000000	-0.167807 	0.001000  	-0.200000 
177.000000	-0.125855 	0.001000  	-0.150000 
178.000000	-0.083903 	0.001000  	-0.100000 
179.000000	-0.041952 	0.001000  	-0.050000 
180.000000	0.000000  	0.001000  	0.000000  
! ------------------------------------------------------------------------------
! data for table	5         
! ------------------------------------------------------------------------------
  0.600000  	Re           ! Reynolds number in millions
  0.000000  	UserProp     ! User property (control) setting
Flase           InclUAdata   ! Is unsteady aerodynamics data included in this table? If TRUE, then include UA coefficients below this line. Any missing coefficients will be calculated internally.
! Table of aerodynamics coefficients
  361       	NumAlf       ! Number of data lines in the following table
!Alpha      Cl          Cd          Cm/Cp
!(deg)      (-)         (-)         (-)
-180.000000	0.000000  	0.001000  	0.000000  
-179.000000	0.041920  	0.001000  	0.040000  
-178.000000	0.083841  	0.001000  	0.080000  
-177.000000	0.125761  	0.001000  	0.120000  
-176.000000	0.167681  	0.001000  	0.160000  
-175.000000	0.209602  	0.001000  	0.200000  
-174.000000	0.251522  	0.001000  	0.240000  
-173.000000	0.293442  	0.001000  	0.280000  
-172.000000	0.335363  	0.001000  	0.320000  
-171.000000	0.377283  	0.001000  	0.357693  
-170.000000	0.419203  	0.001000  	0.394462  
-169.000000	0.461124  	0.001000  	0.421264  
-168.000000	0.503044  	0.001000  	0.442528  
-167.000000	0.544964  	0.004099  	0.463792  
-166.000000	0.586885  	0.009521  	0.485055  
-165.000000	0.628805  	0.018719  	0.506319  
-164.000000	0.670726  	0.031692  	0.527583  
-163.000000	0.712646  	0.045319  	0.548847  
-162.000000	0.754566  	0.059817  	0.570111  
-161.000000	0.796487  	0.074835  	0.589537  
-160.000000	0.838407  	0.090785  	0.605654  
-159.000000	0.880327  	0.107127  	0.618977  
-158.000000	0.922248  	0.124447  	0.625315  
-157.000000	0.964168  	0.142043  	0.631653  
-156.000000	1.006088  	0.160645  	0.637991  
-155.000000	1.048009  	0.179416  	0.644329  
-154.000000	1.089929  	0.199205  	0.650667  
-153.000000	1.131849  	0.219072  	0.657005  
-152.000000	1.173770  	0.239946  	0.663343  
-151.000000	1.215690  	0.260820  	0.669681  
-150.000000	1.187648  	0.283149  	0.662543  
-149.000000	1.159607  	0.305479  	0.655404  
-148.000000	1.131565  	0.327808  	0.648266  
-147.000000	1.103524  	0.350138  	0.641127  
-146.000000	1.078682  	0.373466  	0.631408  
-145.000000	1.055617  	0.397348  	0.620255  
-144.000000	1.032552  	0.421230  	0.609102  
-143.000000	1.009487  	0.445112  	0.597950  
-142.000000	0.987206  	0.469285  	0.587841  
-141.000000	0.966884  	0.494182  	0.580342  
-140.000000	0.946562  	0.519079  	0.572843  
-139.000000	0.926240  	0.543976  	0.565344  
-138.000000	0.905918  	0.568874  	0.557844  
-137.000000	0.886873  	0.594194  	0.554089  
-136.000000	0.867926  	0.619547  	0.550622  
-135.000000	0.848979  	0.644899  	0.547154  
-134.000000	0.830032  	0.670252  	0.543687  
-133.000000	0.811386  	0.695540  	0.540529  
-132.000000	0.792966  	0.720779  	0.537603  
-131.000000	0.774547  	0.746018  	0.534677  
-130.000000	0.756127  	0.771257  	0.531752  
-129.000000	0.737711  	0.796351  	0.529353  
-128.000000	0.719309  	0.820911  	0.528889  
-127.000000	0.700907  	0.845472  	0.528425  
-126.000000	0.682505  	0.870032  	0.527961  
-125.000000	0.664103  	0.894593  	0.527497  
-124.000000	0.645480  	0.918101  	0.527033  
-123.000000	0.626820  	0.941435  	0.526569  
-122.000000	0.608160  	0.964769  	0.526104  
-121.000000	0.589501  	0.988103  	0.525640  
-120.000000	0.570660  	1.010563  	0.525516  
-119.000000	0.551639  	1.032151  	0.525733  
-118.000000	0.532618  	1.053739  	0.525949  
-117.000000	0.513597  	1.075327  	0.526165  
-116.000000	0.494528  	1.096598  	0.526394  
-115.000000	0.475173  	1.115962  	0.526698  
-114.000000	0.455818  	1.135327  	0.527003  
-113.000000	0.436462  	1.154691  	0.527307  
-112.000000	0.417107  	1.174056  	0.527612  
-111.000000	0.397591  	1.191339  	0.527690  
-110.000000	0.378031  	1.208055  	0.527707  
-109.000000	0.358470  	1.224770  	0.527724  
-108.000000	0.338910  	1.241486  	0.527741  
-107.000000	0.319352  	1.256911  	0.527672  
-106.000000	0.299797  	1.270614  	0.527489  
-105.000000	0.280242  	1.284317  	0.527306  
-104.000000	0.260687  	1.298019  	0.527124  
-103.000000	0.241152  	1.311486  	0.526914  
-102.000000	0.221875  	1.321883  	0.526353  
-101.000000	0.202599  	1.332280  	0.525791  
-100.000000	0.183323  	1.342676  	0.525230  
-99.000000	0.164047  	1.353073  	0.524669  
-98.000000	0.145201  	1.360953  	0.523462  
-97.000000	0.126527  	1.367826  	0.521996  
-96.000000	0.107853  	1.374700  	0.520531  
-95.000000	0.089179  	1.381573  	0.519066  
-94.000000	0.070848  	1.387140  	0.517601  
-93.000000	0.053136  	1.390355  	0.516135  
-92.000000	0.035424  	1.393570  	0.514670  
-91.000000	0.017712  	1.396785  	0.513205  
-90.000000	0.000000  	1.400000  	0.511739  
-89.000000	-0.017712 	1.396785  	0.507980  
-88.000000	-0.035424 	1.393570  	0.504220  
-87.000000	-0.053136 	1.390355  	0.500460  
-86.000000	-0.070848 	1.387140  	0.496701  
-85.000000	-0.089179 	1.381573  	0.492941  
-84.000000	-0.107853 	1.374700  	0.489181  
-83.000000	-0.126527 	1.367826  	0.485421  
-82.000000	-0.145201 	1.360953  	0.481662  
-81.000000	-0.164047 	1.353073  	0.477720  
-80.000000	-0.183323 	1.342676  	0.473323  
-79.000000	-0.202599 	1.332280  	0.468926  
-78.000000	-0.221875 	1.321883  	0.464529  
-77.000000	-0.241152 	1.311486  	0.460132  
-76.000000	-0.260687 	1.298019  	0.455488  
-75.000000	-0.280242 	1.284317  	0.450824  
-74.000000	-0.299797 	1.270614  	0.446160  
-73.000000	-0.319352 	1.256911  	0.441496  
-72.000000	-0.338910 	1.241486  	0.436779  
-71.000000	-0.358470 	1.224770  	0.432020  
-70.000000	-0.378031 	1.208055  	0.427262  
-69.000000	-0.397591 	1.191339  	0.422503  
-68.000000	-0.417107 	1.174056  	0.417715  
-67.000000	-0.436462 	1.154691  	0.412820  
-66.000000	-0.455818 	1.135327  	0.407925  
-65.000000	-0.475173 	1.115962  	0.403030  
-64.000000	-0.494528 	1.096598  	0.398135  
-63.000000	-0.513597 	1.075327  	0.393264  
-62.000000	-0.532618 	1.053739  	0.388398  
-61.000000	-0.551639 	1.032151  	0.383531  
-60.000000	-0.570660 	1.010563  	0.378664  
-59.000000	-0.589501 	0.988103  	0.373907  
-58.000000	-0.608160 	0.964769  	0.369260  
-57.000000	-0.626820 	0.941435  	0.364613  
-56.000000	-0.645480 	0.918101  	0.359966  
-55.000000	-0.664103 	0.894593  	0.355319  
-54.000000	-0.682505 	0.870032  	0.350672  
-53.000000	-0.700907 	0.845472  	0.346025  
-52.000000	-0.719309 	0.820911  	0.341378  
-51.000000	-0.737711 	0.796351  	0.336731  
-50.000000	-0.756127 	0.771257  	0.332262  
-49.000000	-0.774547 	0.746018  	0.327841  
-48.000000	-0.792966 	0.720779  	0.323420  
-47.000000	-0.811386 	0.695540  	0.318999  
-46.000000	-0.830032 	0.670252  	0.314599  
-45.000000	-0.848979 	0.644899  	0.310227  
-44.000000	-0.867926 	0.619547  	0.305856  
-43.000000	-0.886873 	0.594194  	0.301485  
-42.000000	-0.905918 	0.568874  	0.297068  
-41.000000	-0.926240 	0.543976  	0.292059  
-40.000000	-0.946562 	0.519079  	0.287051  
-39.000000	-0.966884 	0.494182  	0.282043  
-38.000000	-0.987206 	0.469285  	0.277034  
-37.000000	-1.009487 	0.445112  	0.271614  
-36.000000	-1.032552 	0.421230  	0.266028  
-35.000000	-1.055617 	0.397348  	0.260442  
-34.000000	-1.078682 	0.373466  	0.254856  
-33.000000	-1.103524 	0.350138  	0.248778  
-32.000000	-1.131565 	0.327808  	0.241814  
-31.000000	-1.159607 	0.305479  	0.234850  
-30.000000	-1.187648 	0.283149  	0.227886  
-29.000000	-1.215690 	0.260820  	0.220921  
-28.000000	-1.180217 	0.247954  	0.209329  
-27.000000	-1.144744 	0.235087  	0.197736  
-26.000000	-1.109271 	0.222221  	0.186144  
-25.000000	-1.073797 	0.209355  	0.174551  
-24.000000	-1.038324 	0.196488  	0.162959  
-23.000000	-1.002851 	0.183622  	0.151366  
-22.000000	-0.967378 	0.170756  	0.139774  
-21.000000	-0.931905 	0.157889  	0.128181  
-20.000000	-0.896432 	0.145023  	0.116568  
-19.000000	-0.860958 	0.132157  	0.104930  
-18.000000	-0.825485 	0.119291  	0.093271  
-17.000000	-0.790012 	0.106424  	0.081612  
-16.000000	-0.754539 	0.093558  	0.069953  
-15.000000	-0.719066 	0.080692  	0.058294  
-14.000000	-0.683593 	0.067825  	0.046635  
-13.000000	-0.648119 	0.054959  	0.034977  
-12.000000	-0.612646 	0.042093  	-0.010024 
-11.000000	-0.577173 	0.029226  	-0.068362 
-10.000000	-0.541700 	0.016360  	-0.126700 
-9.000000 	-0.400600 	0.015640  	-0.134900 
-8.000000 	-0.244700 	0.014730  	-0.147100 
-7.000000 	-0.098800 	0.014280  	-0.156000 
-6.000000 	0.045800  	0.013920  	-0.164400 
-5.000000 	0.195300  	0.013620  	-0.174100 
-4.000000 	0.329600  	0.013620  	-0.179600 
-3.000000 	0.467300  	0.013610  	-0.186200 
-2.000000 	0.605400  	0.013740  	-0.192800 
-1.000000 	0.732600  	0.013850  	-0.196700 
0.000000  	0.862100  	0.014010  	-0.201400 
1.000000  	0.989100  	0.014320  	-0.205400 
2.000000  	1.108700  	0.014620  	-0.207800 
3.000000  	1.226100  	0.014920  	-0.209800 
4.000000  	1.337900  	0.015360  	-0.210600 
5.000000  	1.442500  	0.015920  	-0.210000 
6.000000  	1.541600  	0.016590  	-0.208400 
7.000000  	1.622200  	0.017690  	-0.203000 
8.000000  	1.684400  	0.019580  	-0.194500 
9.000000  	1.728400  	0.022800  	-0.183700 
10.000000 	1.745900  	0.028270  	-0.171200 
11.000000 	1.742200  	0.037430  	-0.160800 
12.000000 	1.733000  	0.048850  	-0.153800 
13.000000 	1.716300  	0.061710  	-0.148300 
14.000000 	1.705400  	0.074810  	-0.145000 
15.000000 	1.694900  	0.088100  	-0.142700 
16.000000 	1.689100  	0.101260  	-0.142200 
17.000000 	1.690400  	0.113730  	-0.143200 
18.000000 	1.692000  	0.126240  	-0.145500 
19.000000 	1.693800  	0.139000  	-0.149600 
20.000000 	1.699100  	0.151160  	-0.154600 
21.000000 	1.700800  	0.164090  	-0.161600 
22.000000 	1.702400  	0.176950  	-0.169600 
23.000000 	1.704800  	0.189750  	-0.178800 
24.000000 	1.706500  	0.202600  	-0.189100 
25.000000 	1.708800  	0.215300  	-0.200200 
26.000000 	1.714200  	0.227350  	-0.211700 
27.000000 	1.721800  	0.238680  	-0.223400 
28.000000 	1.727400  	0.250350  	-0.236100 
29.000000 	1.736700  	0.260820  	-0.248300 
30.000000 	1.696641  	0.283149  	-0.255909 
31.000000 	1.656581  	0.305479  	-0.263518 
32.000000 	1.616522  	0.327808  	-0.271128 
33.000000 	1.576463  	0.350138  	-0.278737 
34.000000 	1.540974  	0.373466  	-0.285721 
35.000000 	1.508024  	0.397348  	-0.292357 
36.000000 	1.475074  	0.421230  	-0.298993 
37.000000 	1.442124  	0.445112  	-0.305630 
38.000000 	1.410294  	0.469285  	-0.311901 
39.000000 	1.381263  	0.494182  	-0.317260 
40.000000 	1.352231  	0.519079  	-0.322619 
41.000000 	1.323200  	0.543976  	-0.327978 
42.000000 	1.294168  	0.568874  	-0.333337 
43.000000 	1.266961  	0.594194  	-0.337387 
44.000000 	1.239894  	0.619547  	-0.341337 
45.000000 	1.212827  	0.644899  	-0.345287 
46.000000 	1.185759  	0.670252  	-0.349236 
47.000000 	1.159123  	0.695540  	-0.353154 
48.000000 	1.132809  	0.720779  	-0.357047 
49.000000 	1.106495  	0.746018  	-0.360940 
50.000000 	1.080181  	0.771257  	-0.364833 
51.000000 	1.053873  	0.796351  	-0.368671 
52.000000 	1.027584  	0.820911  	-0.372308 
53.000000 	1.001295  	0.845472  	-0.375945 
54.000000 	0.975007  	0.870032  	-0.379581 
55.000000 	0.948718  	0.894593  	-0.383218 
56.000000 	0.922114  	0.918101  	-0.386854 
57.000000 	0.895457  	0.941435  	-0.390491 
58.000000 	0.868800  	0.964769  	-0.394127 
59.000000 	0.842144  	0.988103  	-0.397764 
60.000000 	0.815229  	1.010563  	-0.401462 
61.000000 	0.788056  	1.032151  	-0.405221 
62.000000 	0.760883  	1.053739  	-0.408980 
63.000000 	0.733710  	1.075327  	-0.412740 
64.000000 	0.706469  	1.096598  	-0.416501 
65.000000 	0.678819  	1.115962  	-0.420276 
66.000000 	0.651168  	1.135327  	-0.424051 
67.000000 	0.623518  	1.154691  	-0.427826 
68.000000 	0.595867  	1.174056  	-0.431601 
69.000000 	0.567987  	1.191339  	-0.435394 
70.000000 	0.540044  	1.208055  	-0.439192 
71.000000 	0.512100  	1.224770  	-0.442990 
72.000000 	0.484157  	1.241486  	-0.446788 
73.000000 	0.456217  	1.256911  	-0.450593 
74.000000 	0.428281  	1.270614  	-0.454407 
75.000000 	0.400345  	1.284317  	-0.458221 
76.000000 	0.372410  	1.298019  	-0.462035 
77.000000 	0.344502  	1.311486  	-0.465841 
78.000000 	0.316965  	1.321883  	-0.469546 
79.000000 	0.289428  	1.332280  	-0.473251 
80.000000 	0.261890  	1.342676  	-0.476956 
81.000000 	0.234353  	1.353073  	-0.480661 
82.000000 	0.207430  	1.360953  	-0.484180 
83.000000 	0.180753  	1.367826  	-0.487625 
84.000000 	0.154075  	1.374700  	-0.491070 
85.000000 	0.127398  	1.381573  	-0.494515 
86.000000 	0.101212  	1.387140  	-0.497960 
87.000000 	0.075909  	1.390355  	-0.501405 
88.000000 	0.050606  	1.393570  	-0.504850 
89.000000 	0.025303  	1.396785  	-0.508294 
90.000000 	0.000000  	1.400000  	-0.511739 
91.000000 	-0.017712 	1.396785  	-0.513205 
92.000000 	-0.035424 	1.393570  	-0.514670 
93.000000 	-0.053136 	1.390355  	-0.516135 
94.000000 	-0.070848 	1.387140  	-0.517601 
95.000000 	-0.089179 	1.381573  	-0.519066 
96.000000 	-0.107853 	1.374700  	-0.520531 
97.000000 	-0.126527 	1.367826  	-0.521996 
98.000000 	-0.145201 	1.360953  	-0.523462 
99.000000 	-0.164047 	1.353073  	-0.524669 
100.000000	-0.183323 	1.342676  	-0.525230 
101.000000	-0.202599 	1.332280  	-0.525791 
102.000000	-0.221875 	1.321883  	-0.526353 
103.000000	-0.241152 	1.311486  	-0.526914 
104.000000	-0.260687 	1.298019  	-0.527124 
105.000000	-0.280242 	1.284317  	-0.527306 
106.000000	-0.299797 	1.270614  	-0.527489 
107.000000	-0.319352 	1.256911  	-0.527672 
108.000000	-0.338910 	1.241486  	-0.527741 
109.000000	-0.358470 	1.224770  	-0.527724 
110.000000	-0.378031 	1.208055  	-0.527707 
111.000000	-0.397591 	1.191339  	-0.527690 
112.000000	-0.417107 	1.174056  	-0.527612 
113.000000	-0.436462 	1.154691  	-0.527307 
114.000000	-0.455818 	1.135327  	-0.527003 
115.000000	-0.475173 	1.115962  	-0.526698 
116.000000	-0.494528 	1.096598  	-0.526394 
117.000000	-0.513597 	1.075327  	-0.526165 
118.000000	-0.532618 	1.053739  	-0.525949 
119.000000	-0.551639 	1.032151  	-0.525733 
120.000000	-0.570660 	1.010563  	-0.525516 
121.000000	-0.589501 	0.988103  	-0.525640 
122.000000	-0.608160 	0.964769  	-0.526104 
123.000000	-0.626820 	0.941435  	-0.526569 
124.000000	-0.645480 	0.918101  	-0.527033 
125.000000	-0.664103 	0.894593  	-0.527497 
126.000000	-0.682505 	0.870032  	-0.527961 
127.000000	-0.700907 	0.845472  	-0.528425 
128.000000	-0.719309 	0.820911  	-0.528889 
129.000000	-0.737711 	0.796351  	-0.529353 
130.000000	-0.756127 	0.771257  	-0.531752 
131.000000	-0.774547 	0.746018  	-0.534677 
132.000000	-0.792966 	0.720779  	-0.537603 
133.000000	-0.811386 	0.695540  	-0.540529 
134.000000	-0.830032 	0.670252  	-0.543687 
135.000000	-0.848979 	0.644899  	-0.547154 
136.000000	-0.867926 	0.619547  	-0.550622 
137.000000	-0.886873 	0.594194  	-0.554089 
138.000000	-0.905918 	0.568874  	-0.557844 
139.000000	-0.926240 	0.543976  	-0.565344 
140.000000	-0.946562 	0.519079  	-0.572843 
141.000000	-0.966884 	0.494182  	-0.580342 
142.000000	-0.987206 	0.469285  	-0.587841 
143.000000	-1.009487 	0.445112  	-0.597950 
144.000000	-1.032552 	0.421230  	-0.609102 
145.000000	-1.055617 	0.397348  	-0.620255 
146.000000	-1.078682 	0.373466  	-0.631408 
147.000000	-1.103524 	0.350138  	-0.641127 
148.000000	-1.131565 	0.327808  	-0.648266 
149.000000	-1.159607 	0.305479  	-0.655404 
150.000000	-1.187648 	0.283149  	-0.662543 
151.000000	-1.215690 	0.260820  	-0.669681 
152.000000	-1.173770 	0.239946  	-0.663343 
153.000000	-1.131849 	0.219072  	-0.657005 
154.000000	-1.089929 	0.199205  	-0.650667 
155.000000	-1.048009 	0.179416  	-0.644329 
156.000000	-1.006088 	0.160645  	-0.637991 
157.000000	-0.964168 	0.142043  	-0.631653 
158.000000	-0.922248 	0.124447  	-0.625315 
159.000000	-0.880327 	0.107127  	-0.618977 
160.000000	-0.838407 	0.090785  	-0.610333 
161.000000	-0.796487 	0.074835  	-0.600768 
162.000000	-0.754566 	0.059817  	-0.590111 
163.000000	-0.712646 	0.045319  	-0.578847 
164.000000	-0.670726 	0.031692  	-0.567583 
165.000000	-0.628805 	0.018719  	-0.556319 
166.000000	-0.586885 	0.009521  	-0.545055 
167.000000	-0.544964 	0.004099  	-0.533792 
168.000000	-0.503044 	0.001000  	-0.522528 
169.000000	-0.461124 	0.001000  	-0.511264 
170.000000	-0.419203 	0.001000  	-0.488551 
171.000000	-0.377283 	0.001000  	-0.445230 
172.000000	-0.335363 	0.001000  	-0.400000 
173.000000	-0.293442 	0.001000  	-0.350000 
174.000000	-0.251522 	0.001000  	-0.300000 
175.000000	-0.209602 	0.001000  	-0.250000 
176.000000	-0.167681 	0.001000  	-0.200000 
177.000000	-0.125761 	0.001000  	-0.150000 
178.000000	-0.083841 	0.001000  	-0.100000 
179.000000	-0.041920 	0.001000  	-0.050000 
180.000000	0.000000  	0.001000  	0.000000  
! ------------------------------------------------------------------------------
! data for table	6         
! ------------------------------------------------------------------------------
  0.700000  	Re           ! Reynolds number in millions
  0.000000  	UserProp     ! User property (control) setting
Flase           InclUAdata   ! Is unsteady aerodynamics data included in this table? If TRUE, then include UA coefficients below this line. Any missing coefficients will be calculated internally.
! Table of aerodynamics coefficients
  361       	NumAlf       ! Number of data lines in the following table
!Alpha      Cl          Cd          Cm/Cp
!(deg)      (-)         (-)         (-)
-180.000000	0.000000  	0.001000  	0.000000  
-179.000000	0.041935  	0.001000  	0.040000  
-178.000000	0.083870  	0.001000  	0.080000  
-177.000000	0.125804  	0.001000  	0.120000  
-176.000000	0.167739  	0.001000  	0.160000  
-175.000000	0.209674  	0.001000  	0.200000  
-174.000000	0.251609  	0.001000  	0.240000  
-173.000000	0.293544  	0.001000  	0.280000  
-172.000000	0.335479  	0.001000  	0.320000  
-171.000000	0.377413  	0.001000  	0.357713  
-170.000000	0.419348  	0.001000  	0.394511  
-169.000000	0.461283  	0.001000  	0.421428  
-168.000000	0.503218  	0.001000  	0.442855  
-167.000000	0.545153  	0.004370  	0.464283  
-166.000000	0.587088  	0.010269  	0.485711  
-165.000000	0.629022  	0.019702  	0.507139  
-164.000000	0.670957  	0.032670  	0.528566  
-163.000000	0.712892  	0.046292  	0.549994  
-162.000000	0.754827  	0.060785  	0.571422  
-161.000000	0.796762  	0.075797  	0.590991  
-160.000000	0.838697  	0.091741  	0.607215  
-159.000000	0.880631  	0.108077  	0.620614  
-158.000000	0.922566  	0.125391  	0.626952  
-157.000000	0.964501  	0.142979  	0.633289  
-156.000000	1.006436  	0.161574  	0.639626  
-155.000000	1.048371  	0.180339  	0.645964  
-154.000000	1.090306  	0.200120  	0.652301  
-153.000000	1.132240  	0.219978  	0.658638  
-152.000000	1.174175  	0.240844  	0.664976  
-151.000000	1.216110  	0.261710  	0.671313  
-150.000000	1.188050  	0.284030  	0.664161  
-149.000000	1.159989  	0.306351  	0.657010  
-148.000000	1.131929  	0.328671  	0.649858  
-147.000000	1.103868  	0.350991  	0.642707  
-146.000000	1.079010  	0.374309  	0.632972  
-145.000000	1.055930  	0.398181  	0.621803  
-144.000000	1.032850  	0.422053  	0.610633  
-143.000000	1.009770  	0.445925  	0.599464  
-142.000000	0.987475  	0.470086  	0.589339  
-141.000000	0.967140  	0.494972  	0.581827  
-140.000000	0.946806  	0.519858  	0.574314  
-139.000000	0.926472  	0.544744  	0.566802  
-138.000000	0.906138  	0.569630  	0.559290  
-137.000000	0.887082  	0.594938  	0.555524  
-136.000000	0.868125  	0.620278  	0.552047  
-135.000000	0.849168  	0.645618  	0.548570  
-134.000000	0.830210  	0.670958  	0.545093  
-133.000000	0.811556  	0.696233  	0.541926  
-132.000000	0.793127  	0.721459  	0.538990  
-131.000000	0.774699  	0.746685  	0.536055  
-130.000000	0.756271  	0.771911  	0.533120  
-129.000000	0.737847  	0.796991  	0.530713  
-128.000000	0.719437  	0.821537  	0.530241  
-127.000000	0.701028  	0.846083  	0.529769  
-126.000000	0.682619  	0.870630  	0.529297  
-125.000000	0.664210  	0.895176  	0.528825  
-124.000000	0.645581  	0.918670  	0.528353  
-123.000000	0.626915  	0.941989  	0.527881  
-122.000000	0.608249  	0.965308  	0.527409  
-121.000000	0.589583  	0.988626  	0.526937  
-120.000000	0.570737  	1.011072  	0.526806  
-119.000000	0.551711  	1.032644  	0.527015  
-118.000000	0.532685  	1.054217  	0.527223  
-117.000000	0.513659  	1.075789  	0.527432  
-116.000000	0.494585  	1.097044  	0.527653  
-115.000000	0.475226  	1.116392  	0.527950  
-114.000000	0.455866  	1.135740  	0.528247  
-113.000000	0.436507  	1.155089  	0.528544  
-112.000000	0.417148  	1.174437  	0.528841  
-111.000000	0.397628  	1.191704  	0.528913  
-110.000000	0.378064  	1.208403  	0.528922  
-109.000000	0.358501  	1.225102  	0.528931  
-108.000000	0.338937  	1.241800  	0.528941  
-107.000000	0.319376  	1.257208  	0.528865  
-106.000000	0.299818  	1.270894  	0.528674  
-105.000000	0.280261  	1.284580  	0.528484  
-104.000000	0.260703  	1.298266  	0.528294  
-103.000000	0.241165  	1.311715  	0.528076  
-102.000000	0.221887  	1.322094  	0.527508  
-101.000000	0.202610  	1.332474  	0.526939  
-100.000000	0.183332  	1.342853  	0.526370  
-99.000000	0.164054  	1.353232  	0.525802  
-98.000000	0.145206  	1.361095  	0.524588  
-97.000000	0.126531  	1.367950  	0.523115  
-96.000000	0.107856  	1.374806  	0.521642  
-95.000000	0.089181  	1.381662  	0.520170  
-94.000000	0.070850  	1.387211  	0.518697  
-93.000000	0.053137  	1.390408  	0.517225  
-92.000000	0.035425  	1.393606  	0.515752  
-91.000000	0.017712  	1.396803  	0.514280  
-90.000000	0.000000  	1.400000  	0.512807  
-89.000000	-0.017712 	1.396803  	0.509049  
-88.000000	-0.035425 	1.393606  	0.505291  
-87.000000	-0.053137 	1.390408  	0.501532  
-86.000000	-0.070850 	1.387211  	0.497774  
-85.000000	-0.089181 	1.381662  	0.494016  
-84.000000	-0.107856 	1.374806  	0.490258  
-83.000000	-0.126531 	1.367950  	0.486499  
-82.000000	-0.145206 	1.361095  	0.482741  
-81.000000	-0.164054 	1.353232  	0.478801  
-80.000000	-0.183332 	1.342853  	0.474405  
-79.000000	-0.202610 	1.332474  	0.470009  
-78.000000	-0.221887 	1.322094  	0.465613  
-77.000000	-0.241165 	1.311715  	0.461217  
-76.000000	-0.260703 	1.298266  	0.456573  
-75.000000	-0.280261 	1.284580  	0.451910  
-74.000000	-0.299818 	1.270894  	0.447247  
-73.000000	-0.319376 	1.257208  	0.442584  
-72.000000	-0.338937 	1.241800  	0.437866  
-71.000000	-0.358501 	1.225102  	0.433108  
-70.000000	-0.378064 	1.208403  	0.428350  
-69.000000	-0.397628 	1.191704  	0.423591  
-68.000000	-0.417148 	1.174437  	0.418804  
-67.000000	-0.436507 	1.155089  	0.413908  
-66.000000	-0.455866 	1.135740  	0.409013  
-65.000000	-0.475226 	1.116392  	0.404117  
-64.000000	-0.494585 	1.097044  	0.399222  
-63.000000	-0.513659 	1.075789  	0.394351  
-62.000000	-0.532685 	1.054217  	0.389483  
-61.000000	-0.551711 	1.032644  	0.384616  
-60.000000	-0.570737 	1.011072  	0.379749  
-59.000000	-0.589583 	0.988626  	0.374991  
-58.000000	-0.608249 	0.965308  	0.370342  
-57.000000	-0.626915 	0.941989  	0.365693  
-56.000000	-0.645581 	0.918670  	0.361043  
-55.000000	-0.664210 	0.895176  	0.356394  
-54.000000	-0.682619 	0.870630  	0.351745  
-53.000000	-0.701028 	0.846083  	0.347096  
-52.000000	-0.719437 	0.821537  	0.342447  
-51.000000	-0.737847 	0.796991  	0.337798  
-50.000000	-0.756271 	0.771911  	0.333325  
-49.000000	-0.774699 	0.746685  	0.328899  
-48.000000	-0.793127 	0.721459  	0.324474  
-47.000000	-0.811556 	0.696233  	0.320048  
-46.000000	-0.830210 	0.670958  	0.315644  
-45.000000	-0.849168 	0.645618  	0.311267  
-44.000000	-0.868125 	0.620278  	0.306891  
-43.000000	-0.887082 	0.594938  	0.302514  
-42.000000	-0.906138 	0.569630  	0.298092  
-41.000000	-0.926472 	0.544744  	0.293075  
-40.000000	-0.946806 	0.519858  	0.288059  
-39.000000	-0.967140 	0.494972  	0.283042  
-38.000000	-0.987475 	0.470086  	0.278025  
-37.000000	-1.009770 	0.445925  	0.272593  
-36.000000	-1.032850 	0.422053  	0.266996  
-35.000000	-1.055930 	0.398181  	0.261399  
-34.000000	-1.079010 	0.374309  	0.255801  
-33.000000	-1.103868 	0.350991  	0.249710  
-32.000000	-1.131929 	0.328671  	0.242729  
-31.000000	-1.159989 	0.306351  	0.235748  
-30.000000	-1.188050 	0.284030  	0.228767  
-29.000000	-1.216110 	0.261710  	0.221787  
-28.000000	-1.181125 	0.248773  	0.210161  
-27.000000	-1.146141 	0.235836  	0.198536  
-26.000000	-1.111156 	0.222899  	0.186911  
-25.000000	-1.076171 	0.209963  	0.175286  
-24.000000	-1.041186 	0.197026  	0.163660  
-23.000000	-1.006202 	0.184089  	0.152035  
-22.000000	-0.971217 	0.171152  	0.140410  
-21.000000	-0.936232 	0.158215  	0.128784  
-20.000000	-0.901247 	0.145278  	0.117131  
-19.000000	-0.866263 	0.132342  	0.105443  
-18.000000	-0.831278 	0.119405  	0.093727  
-17.000000	-0.796293 	0.106468  	0.082011  
-16.000000	-0.761308 	0.093531  	0.070295  
-15.000000	-0.726324 	0.080594  	0.058580  
-14.000000	-0.691339 	0.067657  	0.046864  
-13.000000	-0.656354 	0.054721  	0.035148  
-12.000000	-0.621369 	0.041784  	-0.009252 
-11.000000	-0.586385 	0.028847  	-0.066726 
-10.000000	-0.551400 	0.015910  	-0.124200 
-9.000000 	-0.396700 	0.014770  	-0.136500 
-8.000000 	-0.249400 	0.014160  	-0.146000 
-7.000000 	-0.101600 	0.013660  	-0.155400 
-6.000000 	0.053400  	0.013140  	-0.166700 
-5.000000 	0.192500  	0.013010  	-0.173500 
-4.000000 	0.332600  	0.012840  	-0.180600 
-3.000000 	0.472200  	0.012810  	-0.187600 
-2.000000 	0.603900  	0.012890  	-0.192600 
-1.000000 	0.736400  	0.013020  	-0.197800 
0.000000  	0.866400  	0.013280  	-0.202500 
1.000000  	0.990600  	0.013520  	-0.205900 
2.000000  	1.112400  	0.013770  	-0.208800 
3.000000  	1.229700  	0.014160  	-0.210800 
4.000000  	1.341800  	0.014570  	-0.211600 
5.000000  	1.450400  	0.015060  	-0.211800 
6.000000  	1.548400  	0.015860  	-0.209900 
7.000000  	1.631700  	0.016960  	-0.205200 
8.000000  	1.695500  	0.018970  	-0.196900 
9.000000  	1.738100  	0.022280  	-0.185900 
10.000000 	1.756600  	0.027710  	-0.173300 
11.000000 	1.756600  	0.036530  	-0.163000 
12.000000 	1.752400  	0.047410  	-0.156100 
13.000000 	1.739300  	0.059890  	-0.150600 
14.000000 	1.728750  	0.072980  	-0.147550 
15.000000 	1.718200  	0.086070  	-0.144500 
16.000000 	1.713600  	0.098910  	-0.143600 
17.000000 	1.712100  	0.111600  	-0.144100 
18.000000 	1.710800  	0.124440  	-0.146300 
19.000000 	1.715500  	0.136610  	-0.149700 
20.000000 	1.717000  	0.149350  	-0.154800 
21.000000 	1.720600  	0.161780  	-0.161100 
22.000000 	1.720300  	0.174970  	-0.169100 
23.000000 	1.717000  	0.188530  	-0.178500 
24.000000 	1.716800  	0.201680  	-0.188900 
25.000000 	1.717300  	0.214660  	-0.200100 
26.000000 	1.721800  	0.226870  	-0.211700 
27.000000 	1.726200  	0.238860  	-0.223800 
28.000000 	1.730100  	0.250740  	-0.236600 
29.000000 	1.737300  	0.261710  	-0.249100 
30.000000 	1.697214  	0.284030  	-0.256727 
31.000000 	1.657127  	0.306351  	-0.264355 
32.000000 	1.617041  	0.328671  	-0.271982 
33.000000 	1.576955  	0.350991  	-0.279609 
34.000000 	1.541442  	0.374309  	-0.286610 
35.000000 	1.508471  	0.398181  	-0.293262 
36.000000 	1.475500  	0.422053  	-0.299914 
37.000000 	1.442529  	0.445925  	-0.306566 
38.000000 	1.410678  	0.470086  	-0.312853 
39.000000 	1.381629  	0.494972  	-0.318223 
40.000000 	1.352580  	0.519858  	-0.323594 
41.000000 	1.323531  	0.544744  	-0.328964 
42.000000 	1.294482  	0.569630  	-0.334335 
43.000000 	1.267260  	0.594938  	-0.338392 
44.000000 	1.240178  	0.620278  	-0.342349 
45.000000 	1.213097  	0.645618  	-0.346305 
46.000000 	1.186015  	0.670958  	-0.350261 
47.000000 	1.159365  	0.696233  	-0.354185 
48.000000 	1.133039  	0.721459  	-0.358084 
49.000000 	1.106713  	0.746685  	-0.361984 
50.000000 	1.080387  	0.771911  	-0.365883 
51.000000 	1.054067  	0.796991  	-0.369726 
52.000000 	1.027768  	0.821537  	-0.373366 
53.000000 	1.001469  	0.846083  	-0.377005 
54.000000 	0.975170  	0.870630  	-0.380645 
55.000000 	0.948871  	0.895176  	-0.384284 
56.000000 	0.922258  	0.918670  	-0.387924 
57.000000 	0.895593  	0.941989  	-0.391563 
58.000000 	0.868927  	0.965308  	-0.395203 
59.000000 	0.842262  	0.988626  	-0.398842 
60.000000 	0.815339  	1.011072  	-0.402542 
61.000000 	0.788159  	1.032644  	-0.406302 
62.000000 	0.760979  	1.054217  	-0.410062 
63.000000 	0.733799  	1.075789  	-0.413822 
64.000000 	0.706550  	1.097044  	-0.417585 
65.000000 	0.678894  	1.116392  	-0.421361 
66.000000 	0.651238  	1.135740  	-0.425137 
67.000000 	0.623581  	1.155089  	-0.428912 
68.000000 	0.595925  	1.174437  	-0.432688 
69.000000 	0.568040  	1.191704  	-0.436481 
70.000000 	0.540092  	1.208403  	-0.440279 
71.000000 	0.512144  	1.225102  	-0.444077 
72.000000 	0.484196  	1.241800  	-0.447875 
73.000000 	0.456251  	1.257208  	-0.451680 
74.000000 	0.428312  	1.270894  	-0.455493 
75.000000 	0.400372  	1.284580  	-0.459306 
76.000000 	0.372433  	1.298266  	-0.463119 
77.000000 	0.344522  	1.311715  	-0.466925 
78.000000 	0.316982  	1.322094  	-0.470629 
79.000000 	0.289442  	1.332474  	-0.474333 
80.000000 	0.261902  	1.342853  	-0.478037 
81.000000 	0.234362  	1.353232  	-0.481741 
82.000000 	0.207438  	1.361095  	-0.485259 
83.000000 	0.180759  	1.367950  	-0.488703 
84.000000 	0.154080  	1.374806  	-0.492146 
85.000000 	0.127401  	1.381662  	-0.495590 
86.000000 	0.101214  	1.387211  	-0.499033 
87.000000 	0.075910  	1.390408  	-0.502477 
88.000000 	0.050607  	1.393606  	-0.505920 
89.000000 	0.025303  	1.396803  	-0.509363 
90.000000 	0.000000  	1.400000  	-0.512807 
91.000000 	-0.017712 	1.396803  	-0.514280 
92.000000 	-0.035425 	1.393606  	-0.515752 
93.000000 	-0.053137 	1.390408  	-0.517225 
94.000000 	-0.070850 	1.387211  	-0.518697 
95.000000 	-0.089181 	1.381662  	-0.520170 
96.000000 	-0.107856 	1.374806  	-0.521642 
97.000000 	-0.126531 	1.367950  	-0.523115 
98.000000 	-0.145206 	1.361095  	-0.524588 
99.000000 	-0.164054 	1.353232  	-0.525802 
100.000000	-0.183332 	1.342853  	-0.526370 
101.000000	-0.202610 	1.332474  	-0.526939 
102.000000	-0.221887 	1.322094  	-0.527508 
103.000000	-0.241165 	1.311715  	-0.528076 
104.000000	-0.260703 	1.298266  	-0.528294 
105.000000	-0.280261 	1.284580  	-0.528484 
106.000000	-0.299818 	1.270894  	-0.528674 
107.000000	-0.319376 	1.257208  	-0.528865 
108.000000	-0.338937 	1.241800  	-0.528941 
109.000000	-0.358501 	1.225102  	-0.528931 
110.000000	-0.378064 	1.208403  	-0.528922 
111.000000	-0.397628 	1.191704  	-0.528913 
112.000000	-0.417148 	1.174437  	-0.528841 
113.000000	-0.436507 	1.155089  	-0.528544 
114.000000	-0.455866 	1.135740  	-0.528247 
115.000000	-0.475226 	1.116392  	-0.527950 
116.000000	-0.494585 	1.097044  	-0.527653 
117.000000	-0.513659 	1.075789  	-0.527432 
118.000000	-0.532685 	1.054217  	-0.527223 
119.000000	-0.551711 	1.032644  	-0.527015 
120.000000	-0.570737 	1.011072  	-0.526806 
121.000000	-0.589583 	0.988626  	-0.526937 
122.000000	-0.608249 	0.965308  	-0.527409 
123.000000	-0.626915 	0.941989  	-0.527881 
124.000000	-0.645581 	0.918670  	-0.528353 
125.000000	-0.664210 	0.895176  	-0.528825 
126.000000	-0.682619 	0.870630  	-0.529297 
127.000000	-0.701028 	0.846083  	-0.529769 
128.000000	-0.719437 	0.821537  	-0.530241 
129.000000	-0.737847 	0.796991  	-0.530713 
130.000000	-0.756271 	0.771911  	-0.533120 
131.000000	-0.774699 	0.746685  	-0.536055 
132.000000	-0.793127 	0.721459  	-0.538990 
133.000000	-0.811556 	0.696233  	-0.541926 
134.000000	-0.830210 	0.670958  	-0.545093 
135.000000	-0.849168 	0.645618  	-0.548570 
136.000000	-0.868125 	0.620278  	-0.552047 
137.000000	-0.887082 	0.594938  	-0.555524 
138.000000	-0.906138 	0.569630  	-0.559290 
139.000000	-0.926472 	0.544744  	-0.566802 
140.000000	-0.946806 	0.519858  	-0.574314 
141.000000	-0.967140 	0.494972  	-0.581827 
142.000000	-0.987475 	0.470086  	-0.589339 
143.000000	-1.009770 	0.445925  	-0.599464 
144.000000	-1.032850 	0.422053  	-0.610633 
145.000000	-1.055930 	0.398181  	-0.621803 
146.000000	-1.079010 	0.374309  	-0.632972 
147.000000	-1.103868 	0.350991  	-0.642707 
148.000000	-1.131929 	0.328671  	-0.649858 
149.000000	-1.159989 	0.306351  	-0.657010 
150.000000	-1.188050 	0.284030  	-0.664161 
151.000000	-1.216110 	0.261710  	-0.671313 
152.000000	-1.174175 	0.240844  	-0.664976 
153.000000	-1.132240 	0.219978  	-0.658638 
154.000000	-1.090306 	0.200120  	-0.652301 
155.000000	-1.048371 	0.180339  	-0.645964 
156.000000	-1.006436 	0.161574  	-0.639626 
157.000000	-0.964501 	0.142979  	-0.633289 
158.000000	-0.922566 	0.125391  	-0.626952 
159.000000	-0.880631 	0.108077  	-0.620614 
160.000000	-0.838697 	0.091741  	-0.611895 
161.000000	-0.796762 	0.075797  	-0.602222 
162.000000	-0.754827 	0.060785  	-0.591422 
163.000000	-0.712892 	0.046292  	-0.579994 
164.000000	-0.670957 	0.032670  	-0.568566 
165.000000	-0.629022 	0.019702  	-0.557139 
166.000000	-0.587088 	0.010269  	-0.545711 
167.000000	-0.545153 	0.004370  	-0.534283 
168.000000	-0.503218 	0.001000  	-0.522855 
169.000000	-0.461283 	0.001000  	-0.511428 
170.000000	-0.419348 	0.001000  	-0.488599 
171.000000	-0.377413 	0.001000  	-0.445250 
172.000000	-0.335479 	0.001000  	-0.400000 
173.000000	-0.293544 	0.001000  	-0.350000 
174.000000	-0.251609 	0.001000  	-0.300000 
175.000000	-0.209674 	0.001000  	-0.250000 
176.000000	-0.167739 	0.001000  	-0.200000 
177.000000	-0.125804 	0.001000  	-0.150000 
178.000000	-0.083870 	0.001000  	-0.100000 
179.000000	-0.041935 	0.001000  	-0.050000 
180.000000	0.000000  	0.001000  	0.000000  
! ------------------------------------------------------------------------------
! data for table	7         
! ------------------------------------------------------------------------------
  0.800000  	Re           ! Reynolds number in millions
  0.000000  	UserProp     ! User property (control) setting
Flase           InclUAdata   ! Is unsteady aerodynamics data included in this table? If TRUE, then include UA coefficients below this line. Any missing coefficients will be calculated internally.
! Table of aerodynamics coefficients
  361       	NumAlf       ! Number of data lines in the following table
!Alpha      Cl          Cd          Cm/Cp
!(deg)      (-)         (-)         (-)
-180.000000	0.000000  	0.001000  	0.000000  
-179.000000	0.043370  	0.001000  	0.040000  
-178.000000	0.086740  	0.001000  	0.080000  
-177.000000	0.130110  	0.001000  	0.120000  
-176.000000	0.173480  	0.001000  	0.160000  
-175.000000	0.216850  	0.001000  	0.200000  
-174.000000	0.260220  	0.001000  	0.240000  
-173.000000	0.303590  	0.001000  	0.280000  
-172.000000	0.346960  	0.001000  	0.320000  
-171.000000	0.390330  	0.001000  	0.360000  
-170.000000	0.433700  	0.001000  	0.400000  
-169.000000	0.477070  	0.001000  	0.422952  
-168.000000	0.520440  	0.001000  	0.445903  
-167.000000	0.563810  	0.009586  	0.468855  
-166.000000	0.607180  	0.018171  	0.491806  
-165.000000	0.650550  	0.030683  	0.514758  
-164.000000	0.693920  	0.043195  	0.537709  
-163.000000	0.737290  	0.057191  	0.560661  
-162.000000	0.780660  	0.071187  	0.583612  
-161.000000	0.824030  	0.086601  	0.606564  
-160.000000	0.867400  	0.102015  	0.629515  
-159.000000	0.910770  	0.118772  	0.633278  
-158.000000	0.954140  	0.135530  	0.637040  
-157.000000	0.997510  	0.153551  	0.640803  
-156.000000	1.040880  	0.171573  	0.644565  
-155.000000	1.084250  	0.190772  	0.648328  
-154.000000	1.127620  	0.209971  	0.652090  
-153.000000	1.170990  	0.230255  	0.655853  
-152.000000	1.214360  	0.250540  	0.659615  
-151.000000	1.186307  	0.272348  	0.655520  
-150.000000	1.158254  	0.294155  	0.651424  
-149.000000	1.130201  	0.315963  	0.647329  
-148.000000	1.102148  	0.337771  	0.643233  
-147.000000	1.077175  	0.360536  	0.635440  
-146.000000	1.054513  	0.384021  	0.624873  
-145.000000	1.031852  	0.407505  	0.614306  
-144.000000	1.009190  	0.430989  	0.603739  
-143.000000	0.986946  	0.454634  	0.593479  
-142.000000	0.967206  	0.479246  	0.585061  
-141.000000	0.947467  	0.503859  	0.576642  
-140.000000	0.927728  	0.528471  	0.568223  
-139.000000	0.907989  	0.553083  	0.559804  
-138.000000	0.889274  	0.578091  	0.555136  
-137.000000	0.870968  	0.603257  	0.551967  
-136.000000	0.852662  	0.628423  	0.548799  
-135.000000	0.834356  	0.653589  	0.545631  
-134.000000	0.816198  	0.678746  	0.542489  
-133.000000	0.798410  	0.703880  	0.539411  
-132.000000	0.780623  	0.729014  	0.536334  
-131.000000	0.762835  	0.754149  	0.533256  
-130.000000	0.745047  	0.779283  	0.530179  
-129.000000	0.727234  	0.803888  	0.529432  
-128.000000	0.709417  	0.828406  	0.529074  
-127.000000	0.691599  	0.852924  	0.528716  
-126.000000	0.673782  	0.877442  	0.528359  
-125.000000	0.655824  	0.901452  	0.528001  
-124.000000	0.637680  	0.924784  	0.527643  
-123.000000	0.619536  	0.948117  	0.527285  
-122.000000	0.601392  	0.971450  	0.526927  
-121.000000	0.583248  	0.994783  	0.526569  
-120.000000	0.564662  	1.016392  	0.526747  
-119.000000	0.546076  	1.038001  	0.526926  
-118.000000	0.527490  	1.059609  	0.527104  
-117.000000	0.508905  	1.081218  	0.527282  
-116.000000	0.490080  	1.101558  	0.527550  
-115.000000	0.471076  	1.120945  	0.527885  
-114.000000	0.452072  	1.140332  	0.528219  
-113.000000	0.433068  	1.159719  	0.528554  
-112.000000	0.414023  	1.178726  	0.528849  
-111.000000	0.394731  	1.195448  	0.528905  
-110.000000	0.375439  	1.212170  	0.528961  
-109.000000	0.356148  	1.228892  	0.529017  
-108.000000	0.336856  	1.245614  	0.529073  
-107.000000	0.317513  	1.260161  	0.528942  
-106.000000	0.298150  	1.273838  	0.528737  
-105.000000	0.278786  	1.287515  	0.528532  
-104.000000	0.259422  	1.301192  	0.528327  
-103.000000	0.240119  	1.313912  	0.528025  
-102.000000	0.220965  	1.324238  	0.527483  
-101.000000	0.201812  	1.334564  	0.526941  
-100.000000	0.182659  	1.344890  	0.526398  
-99.000000	0.163505  	1.355216  	0.525856  
-98.000000	0.144818  	1.362476  	0.524483  
-97.000000	0.126209  	1.369225  	0.522971  
-96.000000	0.107600  	1.375973  	0.521459  
-95.000000	0.088990  	1.382722  	0.519947  
-94.000000	0.070773  	1.387877  	0.518436  
-93.000000	0.053080  	1.390908  	0.516924  
-92.000000	0.035387  	1.393939  	0.515412  
-91.000000	0.017693  	1.396969  	0.513900  
-90.000000	0.000000  	1.400000  	0.512388  
-89.000000	-0.017693 	1.396969  	0.508685  
-88.000000	-0.035387 	1.393939  	0.504983  
-87.000000	-0.053080 	1.390908  	0.501280  
-86.000000	-0.070773 	1.387877  	0.497577  
-85.000000	-0.088990 	1.382722  	0.493874  
-84.000000	-0.107600 	1.375973  	0.490171  
-83.000000	-0.126209 	1.369225  	0.486468  
-82.000000	-0.144818 	1.362476  	0.482765  
-81.000000	-0.163505 	1.355216  	0.478962  
-80.000000	-0.182659 	1.344890  	0.474564  
-79.000000	-0.201812 	1.334564  	0.470166  
-78.000000	-0.220965 	1.324238  	0.465767  
-77.000000	-0.240119 	1.313912  	0.461369  
-76.000000	-0.259422 	1.301192  	0.456798  
-75.000000	-0.278786 	1.287515  	0.452158  
-74.000000	-0.298150 	1.273838  	0.447517  
-73.000000	-0.317513 	1.260161  	0.442877  
-72.000000	-0.336856 	1.245614  	0.438199  
-71.000000	-0.356148 	1.228892  	0.433428  
-70.000000	-0.375439 	1.212170  	0.428656  
-69.000000	-0.394731 	1.195448  	0.423885  
-68.000000	-0.414023 	1.178726  	0.419113  
-67.000000	-0.433068 	1.159719  	0.414222  
-66.000000	-0.452072 	1.140332  	0.409311  
-65.000000	-0.471076 	1.120945  	0.404399  
-64.000000	-0.490080 	1.101558  	0.399488  
-63.000000	-0.508905 	1.081218  	0.394597  
-62.000000	-0.527490 	1.059609  	0.389735  
-61.000000	-0.546076 	1.038001  	0.384874  
-60.000000	-0.564662 	1.016392  	0.380012  
-59.000000	-0.583248 	0.994783  	0.375150  
-58.000000	-0.601392 	0.971450  	0.370458  
-57.000000	-0.619536 	0.948117  	0.365766  
-56.000000	-0.637680 	0.924784  	0.361074  
-55.000000	-0.655824 	0.901452  	0.356382  
-54.000000	-0.673782 	0.877442  	0.351690  
-53.000000	-0.691599 	0.852924  	0.346999  
-52.000000	-0.709417 	0.828406  	0.342307  
-51.000000	-0.727234 	0.803888  	0.337615  
-50.000000	-0.745047 	0.779283  	0.332957  
-49.000000	-0.762835 	0.754149  	0.328506  
-48.000000	-0.780623 	0.729014  	0.324055  
-47.000000	-0.798410 	0.703880  	0.319604  
-46.000000	-0.816198 	0.678746  	0.315153  
-45.000000	-0.834356 	0.653589  	0.310708  
-44.000000	-0.852662 	0.628423  	0.306265  
-43.000000	-0.870968 	0.603257  	0.301822  
-42.000000	-0.889274 	0.578091  	0.297379  
-41.000000	-0.907989 	0.553083  	0.292706  
-40.000000	-0.927728 	0.528471  	0.287457  
-39.000000	-0.947467 	0.503859  	0.282209  
-38.000000	-0.967206 	0.479246  	0.276960  
-37.000000	-0.986946 	0.454634  	0.271712  
-36.000000	-1.009190 	0.430989  	0.266181  
-35.000000	-1.031852 	0.407505  	0.260603  
-34.000000	-1.054513 	0.384021  	0.255026  
-33.000000	-1.077175 	0.360536  	0.249448  
-32.000000	-1.102148 	0.337771  	0.242711  
-31.000000	-1.130201 	0.315963  	0.234429  
-30.000000	-1.158254 	0.294155  	0.226148  
-29.000000	-1.186307 	0.272348  	0.217866  
-28.000000	-1.214360 	0.250540  	0.209584  
-27.000000	-1.177540 	0.237475  	0.198019  
-26.000000	-1.140720 	0.224410  	0.186454  
-25.000000	-1.103900 	0.211345  	0.174890  
-24.000000	-1.067080 	0.198280  	0.163325  
-23.000000	-1.030260 	0.185215  	0.151760  
-22.000000	-0.993440 	0.172150  	0.140195  
-21.000000	-0.956620 	0.159085  	0.128630  
-20.000000	-0.919800 	0.146020  	0.117034  
-19.000000	-0.882980 	0.132955  	0.105359  
-18.000000	-0.846160 	0.119890  	0.093652  
-17.000000	-0.809340 	0.106825  	0.081946  
-16.000000	-0.772520 	0.093760  	0.070239  
-15.000000	-0.735700 	0.080695  	0.058533  
-14.000000	-0.698880 	0.067630  	0.046826  
-13.000000	-0.662060 	0.054565  	0.035120  
-12.000000	-0.625240 	0.041500  	-0.004276 
-11.000000	-0.588420 	0.028435  	-0.064438 
-10.000000	-0.551600 	0.015370  	-0.124600 
-9.000000 	-0.401100 	0.014450  	-0.135400 
-8.000000 	-0.253000 	0.013770  	-0.145100 
-7.000000 	-0.098000 	0.013070  	-0.156600 
-6.000000 	0.047600  	0.012720  	-0.165200 
-5.000000 	0.192000  	0.012430  	-0.173400 
-4.000000 	0.337900  	0.012270  	-0.182100 
-3.000000 	0.472300  	0.012290  	-0.187700 
-2.000000 	0.606800  	0.012330  	-0.193400 
-1.000000 	0.739400  	0.012430  	-0.198700 
0.000000  	0.867400  	0.012610  	-0.202800 
1.000000  	0.993500  	0.012850  	-0.206700 
2.000000  	1.115800  	0.013160  	-0.209600 
3.000000  	1.233300  	0.013480  	-0.211600 
4.000000  	1.347600  	0.013900  	-0.213000 
5.000000  	1.454800  	0.014530  	-0.212900 
6.000000  	1.556600  	0.015250  	-0.211800 
7.000000  	1.639400  	0.016470  	-0.206900 
8.000000  	1.703900  	0.018500  	-0.198800 
9.000000  	1.747300  	0.021840  	-0.187800 
10.000000 	1.764600  	0.027240  	-0.174800 
11.000000 	1.769400  	0.035670  	-0.164900 
12.000000 	1.769500  	0.046050  	-0.158000 
13.000000 	1.760000  	0.058100  	-0.152500 
14.000000 	1.748900  	0.070930  	-0.148500 
15.000000 	1.739500  	0.083960  	-0.145800 
16.000000 	1.733000  	0.097030  	-0.144700 
17.000000 	1.728000  	0.110040  	-0.144900 
18.000000 	1.730700  	0.122330  	-0.146700 
19.000000 	1.732000  	0.134840  	-0.149900 
20.000000 	1.735100  	0.147220  	-0.154600 
21.000000 	1.734700  	0.160210  	-0.160900 
22.000000 	1.738000  	0.172670  	-0.168200 
23.000000 	1.736900  	0.185860  	-0.177200 
24.000000 	1.734800  	0.199180  	-0.187400 
25.000000 	1.732000  	0.212700  	-0.198900 
26.000000 	1.729300  	0.226090  	-0.211200 
27.000000 	1.731700  	0.238480  	-0.223600 
28.000000 	1.734800  	0.250540  	-0.236500 
29.000000 	1.694724  	0.272348  	-0.245203 
30.000000 	1.654648  	0.294155  	-0.253906 
31.000000 	1.614572  	0.315963  	-0.262609 
32.000000 	1.574497  	0.337771  	-0.271313 
33.000000 	1.538822  	0.360536  	-0.278817 
34.000000 	1.506448  	0.384021  	-0.285423 
35.000000 	1.474074  	0.407505  	-0.292029 
36.000000 	1.441700  	0.430989  	-0.298635 
37.000000 	1.409922  	0.454634  	-0.305135 
38.000000 	1.381723  	0.479246  	-0.310996 
39.000000 	1.353525  	0.503859  	-0.316857 
40.000000 	1.325326  	0.528471  	-0.322717 
41.000000 	1.297127  	0.553083  	-0.328578 
42.000000 	1.270391  	0.578091  	-0.333138 
43.000000 	1.244239  	0.603257  	-0.337178 
44.000000 	1.218088  	0.628423  	-0.341218 
45.000000 	1.191937  	0.653589  	-0.345258 
46.000000 	1.165997  	0.678746  	-0.349294 
47.000000 	1.140586  	0.703880  	-0.353323 
48.000000 	1.115175  	0.729014  	-0.357352 
49.000000 	1.089764  	0.754149  	-0.361381 
50.000000 	1.064353  	0.779283  	-0.365409 
51.000000 	1.038906  	0.803888  	-0.369158 
52.000000 	1.013452  	0.828406  	-0.372860 
53.000000 	0.987999  	0.852924  	-0.376562 
54.000000 	0.962546  	0.877442  	-0.380263 
55.000000 	0.936892  	0.901452  	-0.383965 
56.000000 	0.910972  	0.924784  	-0.387667 
57.000000 	0.885051  	0.948117  	-0.391369 
58.000000 	0.859131  	0.971450  	-0.395071 
59.000000 	0.833211  	0.994783  	-0.398773 
60.000000 	0.806660  	1.016392  	-0.402555 
61.000000 	0.780109  	1.038001  	-0.406337 
62.000000 	0.753558  	1.059609  	-0.410119 
63.000000 	0.727007  	1.081218  	-0.413901 
64.000000 	0.700114  	1.101558  	-0.417697 
65.000000 	0.672966  	1.120945  	-0.421502 
66.000000 	0.645817  	1.140332  	-0.425308 
67.000000 	0.618668  	1.159719  	-0.429114 
68.000000 	0.591461  	1.178726  	-0.432919 
69.000000 	0.563902  	1.195448  	-0.436719 
70.000000 	0.536342  	1.212170  	-0.440520 
71.000000 	0.508783  	1.228892  	-0.444321 
72.000000 	0.481223  	1.245614  	-0.448122 
73.000000 	0.453590  	1.260161  	-0.451920 
74.000000 	0.425928  	1.273838  	-0.455717 
75.000000 	0.398266  	1.287515  	-0.459513 
76.000000 	0.370603  	1.301192  	-0.463310 
77.000000 	0.343027  	1.313912  	-0.467076 
78.000000 	0.315665  	1.324238  	-0.470768 
79.000000 	0.288303  	1.334564  	-0.474459 
80.000000 	0.260941  	1.344890  	-0.478151 
81.000000 	0.233579  	1.355216  	-0.481842 
82.000000 	0.206883  	1.362476  	-0.485274 
83.000000 	0.180298  	1.369225  	-0.488664 
84.000000 	0.153714  	1.375973  	-0.492053 
85.000000 	0.127129  	1.382722  	-0.495442 
86.000000 	0.101105  	1.387877  	-0.498831 
87.000000 	0.075829  	1.390908  	-0.502221 
88.000000 	0.050552  	1.393939  	-0.505610 
89.000000 	0.025276  	1.396969  	-0.508999 
90.000000 	0.000000  	1.400000  	-0.512388 
91.000000 	-0.017693 	1.396969  	-0.513900 
92.000000 	-0.035387 	1.393939  	-0.515412 
93.000000 	-0.053080 	1.390908  	-0.516924 
94.000000 	-0.070773 	1.387877  	-0.518436 
95.000000 	-0.088990 	1.382722  	-0.519947 
96.000000 	-0.107600 	1.375973  	-0.521459 
97.000000 	-0.126209 	1.369225  	-0.522971 
98.000000 	-0.144818 	1.362476  	-0.524483 
99.000000 	-0.163505 	1.355216  	-0.525856 
100.000000	-0.182659 	1.344890  	-0.526398 
101.000000	-0.201812 	1.334564  	-0.526941 
102.000000	-0.220965 	1.324238  	-0.527483 
103.000000	-0.240119 	1.313912  	-0.528025 
104.000000	-0.259422 	1.301192  	-0.528327 
105.000000	-0.278786 	1.287515  	-0.528532 
106.000000	-0.298150 	1.273838  	-0.528737 
107.000000	-0.317513 	1.260161  	-0.528942 
108.000000	-0.336856 	1.245614  	-0.529073 
109.000000	-0.356148 	1.228892  	-0.529017 
110.000000	-0.375439 	1.212170  	-0.528961 
111.000000	-0.394731 	1.195448  	-0.528905 
112.000000	-0.414023 	1.178726  	-0.528849 
113.000000	-0.433068 	1.159719  	-0.528554 
114.000000	-0.452072 	1.140332  	-0.528219 
115.000000	-0.471076 	1.120945  	-0.527885 
116.000000	-0.490080 	1.101558  	-0.527550 
117.000000	-0.508905 	1.081218  	-0.527282 
118.000000	-0.527490 	1.059609  	-0.527104 
119.000000	-0.546076 	1.038001  	-0.526926 
120.000000	-0.564662 	1.016392  	-0.526747 
121.000000	-0.583248 	0.994783  	-0.526569 
122.000000	-0.601392 	0.971450  	-0.526927 
123.000000	-0.619536 	0.948117  	-0.527285 
124.000000	-0.637680 	0.924784  	-0.527643 
125.000000	-0.655824 	0.901452  	-0.528001 
126.000000	-0.673782 	0.877442  	-0.528359 
127.000000	-0.691599 	0.852924  	-0.528716 
128.000000	-0.709417 	0.828406  	-0.529074 
129.000000	-0.727234 	0.803888  	-0.529432 
130.000000	-0.745047 	0.779283  	-0.530179 
131.000000	-0.762835 	0.754149  	-0.533256 
132.000000	-0.780623 	0.729014  	-0.536334 
133.000000	-0.798410 	0.703880  	-0.539411 
134.000000	-0.816198 	0.678746  	-0.542489 
135.000000	-0.834356 	0.653589  	-0.545631 
136.000000	-0.852662 	0.628423  	-0.548799 
137.000000	-0.870968 	0.603257  	-0.551967 
138.000000	-0.889274 	0.578091  	-0.555136 
139.000000	-0.907989 	0.553083  	-0.559804 
140.000000	-0.927728 	0.528471  	-0.568223 
141.000000	-0.947467 	0.503859  	-0.576642 
142.000000	-0.967206 	0.479246  	-0.585061 
143.000000	-0.986946 	0.454634  	-0.593479 
144.000000	-1.009190 	0.430989  	-0.603739 
145.000000	-1.031852 	0.407505  	-0.614306 
146.000000	-1.054513 	0.384021  	-0.624873 
147.000000	-1.077175 	0.360536  	-0.635440 
148.000000	-1.102148 	0.337771  	-0.643233 
149.000000	-1.130201 	0.315963  	-0.647329 
150.000000	-1.158254 	0.294155  	-0.651424 
151.000000	-1.186307 	0.272348  	-0.655520 
152.000000	-1.214360 	0.250540  	-0.659615 
153.000000	-1.170990 	0.230255  	-0.655853 
154.000000	-1.127620 	0.209971  	-0.652090 
155.000000	-1.084250 	0.190772  	-0.648328 
156.000000	-1.040880 	0.171573  	-0.644565 
157.000000	-0.997510 	0.153551  	-0.640803 
158.000000	-0.954140 	0.135530  	-0.637040 
159.000000	-0.910770 	0.118772  	-0.633278 
160.000000	-0.867400 	0.102015  	-0.629515 
161.000000	-0.824030 	0.086601  	-0.616564 
162.000000	-0.780660 	0.071187  	-0.603612 
163.000000	-0.737290 	0.057191  	-0.590661 
164.000000	-0.693920 	0.043195  	-0.577709 
165.000000	-0.650550 	0.030683  	-0.564758 
166.000000	-0.607180 	0.018171  	-0.551806 
167.000000	-0.563810 	0.009586  	-0.538855 
168.000000	-0.520440 	0.001000  	-0.525903 
169.000000	-0.477070 	0.001000  	-0.512952 
170.000000	-0.433700 	0.001000  	-0.500000 
171.000000	-0.390330 	0.001000  	-0.450000 
172.000000	-0.346960 	0.001000  	-0.400000 
173.000000	-0.303590 	0.001000  	-0.350000 
174.000000	-0.260220 	0.001000  	-0.300000 
175.000000	-0.216850 	0.001000  	-0.250000 
176.000000	-0.173480 	0.001000  	-0.200000 
177.000000	-0.130110 	0.001000  	-0.150000 
178.000000	-0.086740 	0.001000  	-0.100000 
179.000000	-0.043370 	0.001000  	-0.050000 
180.000000	0.000000  	0.001000  	0.000000  
! ------------------------------------------------------------------------------
! data for table	8         
! ------------------------------------------------------------------------------
  0.900000  	Re           ! Reynolds number in millions
  0.000000  	UserProp     ! User property (control) setting
Flase           InclUAdata   ! Is unsteady aerodynamics data included in this table? If TRUE, then include UA coefficients below this line. Any missing coefficients will be calculated internally.
! Table of aerodynamics coefficients
  361       	NumAlf       ! Number of data lines in the following table
!Alpha      Cl          Cd          Cm/Cp
!(deg)      (-)         (-)         (-)
-180.000000	0.000000  	0.001000  	0.000000  
-179.000000	0.041725  	0.001000  	0.040000  
-178.000000	0.083450  	0.001000  	0.080000  
-177.000000	0.125174  	0.001000  	0.120000  
-176.000000	0.166899  	0.001000  	0.160000  
-175.000000	0.208624  	0.001000  	0.200000  
-174.000000	0.250349  	0.001000  	0.240000  
-173.000000	0.292074  	0.001000  	0.280000  
-172.000000	0.333799  	0.001000  	0.320000  
-171.000000	0.375523  	0.001000  	0.357697  
-170.000000	0.417248  	0.001000  	0.394473  
-169.000000	0.458973  	0.001000  	0.421300  
-168.000000	0.500698  	0.001000  	0.442601  
-167.000000	0.542423  	0.005888  	0.463901  
-166.000000	0.584148  	0.014442  	0.485202  
-165.000000	0.625872  	0.025190  	0.506502  
-164.000000	0.667597  	0.038132  	0.527802  
-163.000000	0.709322  	0.051725  	0.549103  
-162.000000	0.751047  	0.066189  	0.570403  
-161.000000	0.792772  	0.081169  	0.589861  
-160.000000	0.834497  	0.097080  	0.606002  
-159.000000	0.876221  	0.113381  	0.619342  
-158.000000	0.917946  	0.130659  	0.625679  
-157.000000	0.959671  	0.148210  	0.632017  
-156.000000	1.001396  	0.166765  	0.638355  
-155.000000	1.043121  	0.185489  	0.644692  
-154.000000	1.084846  	0.205226  	0.651030  
-153.000000	1.126570  	0.225041  	0.657368  
-152.000000	1.168295  	0.245861  	0.663706  
-151.000000	1.210020  	0.266680  	0.670043  
-150.000000	1.182233  	0.288949  	0.662974  
-149.000000	1.154447  	0.311218  	0.655904  
-148.000000	1.126660  	0.333487  	0.648834  
-147.000000	1.098873  	0.355756  	0.641764  
-146.000000	1.074252  	0.379018  	0.632127  
-145.000000	1.051390  	0.402833  	0.621063  
-144.000000	1.028528  	0.426647  	0.610000  
-143.000000	1.005666  	0.450461  	0.598936  
-142.000000	0.983577  	0.474563  	0.588909  
-141.000000	0.963420  	0.499386  	0.581472  
-140.000000	0.943264  	0.524208  	0.574035  
-139.000000	0.923107  	0.549030  	0.566598  
-138.000000	0.902951  	0.573853  	0.559161  
-137.000000	0.884045  	0.599092  	0.555439  
-136.000000	0.865236  	0.624363  	0.552004  
-135.000000	0.846426  	0.649634  	0.548568  
-134.000000	0.827616  	0.674905  	0.545133  
-133.000000	0.809095  	0.700108  	0.542003  
-132.000000	0.790791  	0.725259  	0.539104  
-131.000000	0.772487  	0.750410  	0.536204  
-130.000000	0.754182  	0.775562  	0.533304  
-129.000000	0.735878  	0.800566  	0.530926  
-128.000000	0.717573  	0.825034  	0.530460  
-127.000000	0.699268  	0.849501  	0.529995  
-126.000000	0.680963  	0.873968  	0.529530  
-125.000000	0.662658  	0.898435  	0.529064  
-124.000000	0.644119  	0.921846  	0.528599  
-123.000000	0.625541  	0.945082  	0.528134  
-122.000000	0.606963  	0.968317  	0.527668  
-121.000000	0.588385  	0.991552  	0.527203  
-120.000000	0.569620  	1.013912  	0.527069  
-119.000000	0.550667  	1.035397  	0.527265  
-118.000000	0.531714  	1.056883  	0.527462  
-117.000000	0.512761  	1.078368  	0.527659  
-116.000000	0.493759  	1.099534  	0.527868  
-115.000000	0.474460  	1.118792  	0.528151  
-114.000000	0.455161  	1.138050  	0.528433  
-113.000000	0.435861  	1.157308  	0.528716  
-112.000000	0.416562  	1.176565  	0.528998  
-111.000000	0.397093  	1.193739  	0.529050  
-110.000000	0.377577  	1.210345  	0.529038  
-109.000000	0.358062  	1.226950  	0.529027  
-108.000000	0.338547  	1.243556  	0.529015  
-107.000000	0.319029  	1.258869  	0.528916  
-106.000000	0.299508  	1.272459  	0.528700  
-105.000000	0.279987  	1.286049  	0.528484  
-104.000000	0.260466  	1.299640  	0.528268  
-103.000000	0.240965  	1.312993  	0.528026  
-102.000000	0.221713  	1.323275  	0.527430  
-101.000000	0.202461  	1.333557  	0.526835  
-100.000000	0.183209  	1.343839  	0.526240  
-99.000000	0.163957  	1.354121  	0.525645  
-98.000000	0.145128  	1.361885  	0.524402  
-97.000000	0.126468  	1.368642  	0.522901  
-96.000000	0.107808  	1.375400  	0.521399  
-95.000000	0.089149  	1.382157  	0.519898  
-94.000000	0.070829  	1.387607  	0.518396  
-93.000000	0.053122  	1.390706  	0.516895  
-92.000000	0.035415  	1.393804  	0.515393  
-91.000000	0.017707  	1.396902  	0.513892  
-90.000000	0.000000  	1.400000  	0.512390  
-89.000000	-0.017707 	1.396902  	0.508651  
-88.000000	-0.035415 	1.393804  	0.504911  
-87.000000	-0.053122 	1.390706  	0.501172  
-86.000000	-0.070829 	1.387607  	0.497432  
-85.000000	-0.089149 	1.382157  	0.493692  
-84.000000	-0.107808 	1.375400  	0.489953  
-83.000000	-0.126468 	1.368642  	0.486213  
-82.000000	-0.145128 	1.361885  	0.482473  
-81.000000	-0.163957 	1.354121  	0.478550  
-80.000000	-0.183209 	1.343839  	0.474166  
-79.000000	-0.202461 	1.333557  	0.469783  
-78.000000	-0.221713 	1.323275  	0.465399  
-77.000000	-0.240965 	1.312993  	0.461016  
-76.000000	-0.260466 	1.299640  	0.456382  
-75.000000	-0.279987 	1.286049  	0.451728  
-74.000000	-0.299508 	1.272459  	0.447075  
-73.000000	-0.319029 	1.258869  	0.442422  
-72.000000	-0.338547 	1.243556  	0.437712  
-71.000000	-0.358062 	1.226950  	0.432958  
-70.000000	-0.377577 	1.210345  	0.428205  
-69.000000	-0.397093 	1.193739  	0.423452  
-68.000000	-0.416562 	1.176565  	0.418667  
-67.000000	-0.435861 	1.157308  	0.413769  
-66.000000	-0.455161 	1.138050  	0.408872  
-65.000000	-0.474460 	1.118792  	0.403974  
-64.000000	-0.493759 	1.099534  	0.399076  
-63.000000	-0.512761 	1.078368  	0.394201  
-62.000000	-0.531714 	1.056883  	0.389330  
-61.000000	-0.550667 	1.035397  	0.384459  
-60.000000	-0.569620 	1.013912  	0.379588  
-59.000000	-0.588385 	0.991552  	0.374820  
-58.000000	-0.606963 	0.968317  	0.370155  
-57.000000	-0.625541 	0.945082  	0.365491  
-56.000000	-0.644119 	0.921846  	0.360826  
-55.000000	-0.662658 	0.898435  	0.356161  
-54.000000	-0.680963 	0.873968  	0.351496  
-53.000000	-0.699268 	0.849501  	0.346831  
-52.000000	-0.717573 	0.825034  	0.342166  
-51.000000	-0.735878 	0.800566  	0.337502  
-50.000000	-0.754182 	0.775562  	0.333005  
-49.000000	-0.772487 	0.750410  	0.328555  
-48.000000	-0.790791 	0.725259  	0.324104  
-47.000000	-0.809095 	0.700108  	0.319654  
-46.000000	-0.827616 	0.674905  	0.315223  
-45.000000	-0.846426 	0.649634  	0.310820  
-44.000000	-0.865236 	0.624363  	0.306417  
-43.000000	-0.884045 	0.599092  	0.302013  
-42.000000	-0.902951 	0.573853  	0.297564  
-41.000000	-0.923107 	0.549030  	0.292520  
-40.000000	-0.943264 	0.524208  	0.287476  
-39.000000	-0.963420 	0.499386  	0.282433  
-38.000000	-0.983577 	0.474563  	0.277389  
-37.000000	-1.005666 	0.450461  	0.271930  
-36.000000	-1.028528 	0.426647  	0.266306  
-35.000000	-1.051390 	0.402833  	0.260681  
-34.000000	-1.074252 	0.379018  	0.255057  
-33.000000	-1.098873 	0.355756  	0.248941  
-32.000000	-1.126660 	0.333487  	0.241941  
-31.000000	-1.154447 	0.311218  	0.234941  
-30.000000	-1.182233 	0.288949  	0.227941  
-29.000000	-1.210020 	0.266680  	0.220942  
-28.000000	-1.175656 	0.253447  	0.209324  
-27.000000	-1.141292 	0.240215  	0.197707  
-26.000000	-1.106927 	0.226982  	0.186089  
-25.000000	-1.072563 	0.213749  	0.174472  
-24.000000	-1.038199 	0.200517  	0.162854  
-23.000000	-1.003835 	0.187284  	0.151237  
-22.000000	-0.969471 	0.174052  	0.139619  
-21.000000	-0.935106 	0.160819  	0.128002  
-20.000000	-0.900742 	0.147586  	0.116378  
-19.000000	-0.866378 	0.134354  	0.104746  
-18.000000	-0.832014 	0.121121  	0.093108  
-17.000000	-0.797649 	0.107888  	0.081469  
-16.000000	-0.763285 	0.094656  	0.069831  
-15.000000	-0.728921 	0.081423  	0.058192  
-14.000000	-0.694557 	0.068191  	0.046554  
-13.000000	-0.660193 	0.054958  	0.034915  
-12.000000	-0.625828 	0.041725  	-0.009092 
-11.000000	-0.591464 	0.028493  	-0.066046 
-10.000000	-0.557100 	0.015260  	-0.123000 
-9.000000 	-0.406800 	0.014290  	-0.133800 
-8.000000 	-0.251400 	0.013410  	-0.145600 
-7.000000 	-0.103600 	0.012870  	-0.155000 
-6.000000 	0.050600  	0.012320  	-0.166000 
-5.000000 	0.192500  	0.012100  	-0.173600 
-4.000000 	0.335800  	0.011870  	-0.181600 
-3.000000 	0.474400  	0.011800  	-0.188300 
-2.000000 	0.609000  	0.011850  	-0.194000 
-1.000000 	0.741800  	0.012040  	-0.199300 
0.000000  	0.869900  	0.012120  	-0.203500 
1.000000  	0.996500  	0.012340  	-0.207400 
2.000000  	1.118500  	0.012640  	-0.210300 
3.000000  	1.237500  	0.012970  	-0.212600 
4.000000  	1.352400  	0.013430  	-0.214100 
5.000000  	1.461600  	0.013990  	-0.214400 
6.000000  	1.564200  	0.014780  	-0.213500 
7.000000  	1.647700  	0.016020  	-0.208700 
8.000000  	1.709900  	0.018180  	-0.200200 
9.000000  	1.753300  	0.021480  	-0.189100 
10.000000 	1.771500  	0.026780  	-0.176100 
11.000000 	1.781100  	0.034720  	-0.166300 
12.000000 	1.783200  	0.044830  	-0.159300 
13.000000 	1.776200  	0.056550  	-0.153800 
14.000000 	1.764600  	0.069270  	-0.149500 
15.000000 	1.753000  	0.082510  	-0.146600 
16.000000 	1.747800  	0.095320  	-0.145100 
17.000000 	1.741100  	0.108440  	-0.144900 
18.000000 	1.739900  	0.121170  	-0.146300 
19.000000 	1.739400  	0.133860  	-0.149100 
20.000000 	1.738900  	0.146770  	-0.153400 
21.000000 	1.738600  	0.159820  	-0.159200 
22.000000 	1.738700  	0.172820  	-0.166400 
23.000000 	1.736300  	0.186440  	-0.175100 
24.000000 	1.730600  	0.200710  	-0.185500 
25.000000 	1.730300  	0.214010  	-0.196400 
26.000000 	1.729000  	0.227480  	-0.208300 
27.000000 	1.722900  	0.241830  	-0.221800 
28.000000 	1.728000  	0.253920  	-0.234300 
29.000000 	1.728600  	0.266680  	-0.248000 
30.000000 	1.688905  	0.288949  	-0.255654 
31.000000 	1.649210  	0.311218  	-0.263309 
32.000000 	1.609514  	0.333487  	-0.270963 
33.000000 	1.569819  	0.355756  	-0.278617 
34.000000 	1.534646  	0.379018  	-0.285648 
35.000000 	1.501986  	0.402833  	-0.292332 
36.000000 	1.469326  	0.426647  	-0.299016 
37.000000 	1.436666  	0.450461  	-0.305699 
38.000000 	1.405110  	0.474563  	-0.312018 
39.000000 	1.376315  	0.499386  	-0.317421 
40.000000 	1.347520  	0.524208  	-0.322825 
41.000000 	1.318725  	0.549030  	-0.328228 
42.000000 	1.289930  	0.573853  	-0.333632 
43.000000 	1.262922  	0.599092  	-0.337724 
44.000000 	1.236051  	0.624363  	-0.341714 
45.000000 	1.209180  	0.649634  	-0.345705 
46.000000 	1.182309  	0.674905  	-0.349696 
47.000000 	1.155851  	0.700108  	-0.353653 
48.000000 	1.129702  	0.725259  	-0.357584 
49.000000 	1.103553  	0.750410  	-0.361516 
50.000000 	1.077403  	0.775562  	-0.365447 
51.000000 	1.051254  	0.800566  	-0.369321 
52.000000 	1.025104  	0.825034  	-0.372982 
53.000000 	0.998954  	0.849501  	-0.376643 
54.000000 	0.972805  	0.873968  	-0.380305 
55.000000 	0.946655  	0.898435  	-0.383966 
56.000000 	0.920171  	0.921846  	-0.387627 
57.000000 	0.893631  	0.945082  	-0.391289 
58.000000 	0.867091  	0.968317  	-0.394950 
59.000000 	0.840551  	0.991552  	-0.398611 
60.000000 	0.813743  	1.013912  	-0.402326 
61.000000 	0.786667  	1.035397  	-0.406094 
62.000000 	0.759592  	1.056883  	-0.409862 
63.000000 	0.732516  	1.078368  	-0.413630 
64.000000 	0.705370  	1.099534  	-0.417399 
65.000000 	0.677800  	1.118792  	-0.421181 
66.000000 	0.650229  	1.138050  	-0.424963 
67.000000 	0.622659  	1.157308  	-0.428745 
68.000000 	0.595089  	1.176565  	-0.432527 
69.000000 	0.567276  	1.193739  	-0.436319 
70.000000 	0.539396  	1.210345  	-0.440114 
71.000000 	0.511517  	1.226950  	-0.443910 
72.000000 	0.483638  	1.243556  	-0.447705 
73.000000 	0.455755  	1.258869  	-0.451505 
74.000000 	0.427868  	1.272459  	-0.455310 
75.000000 	0.399982  	1.286049  	-0.459115 
76.000000 	0.372095  	1.299640  	-0.462920 
77.000000 	0.344235  	1.312993  	-0.466716 
78.000000 	0.316732  	1.323275  	-0.470409 
79.000000 	0.289229  	1.333557  	-0.474102 
80.000000 	0.261727  	1.343839  	-0.477795 
81.000000 	0.234224  	1.354121  	-0.481488 
82.000000 	0.207325  	1.361885  	-0.484989 
83.000000 	0.180669  	1.368642  	-0.488415 
84.000000 	0.154012  	1.375400  	-0.491840 
85.000000 	0.127355  	1.382157  	-0.495265 
86.000000 	0.101185  	1.387607  	-0.498690 
87.000000 	0.075888  	1.390706  	-0.502115 
88.000000 	0.050592  	1.393804  	-0.505540 
89.000000 	0.025296  	1.396902  	-0.508965 
90.000000 	0.000000  	1.400000  	-0.512390 
91.000000 	-0.017707 	1.396902  	-0.513892 
92.000000 	-0.035415 	1.393804  	-0.515393 
93.000000 	-0.053122 	1.390706  	-0.516895 
94.000000 	-0.070829 	1.387607  	-0.518396 
95.000000 	-0.089149 	1.382157  	-0.519898 
96.000000 	-0.107808 	1.375400  	-0.521399 
97.000000 	-0.126468 	1.368642  	-0.522901 
98.000000 	-0.145128 	1.361885  	-0.524402 
99.000000 	-0.163957 	1.354121  	-0.525645 
100.000000	-0.183209 	1.343839  	-0.526240 
101.000000	-0.202461 	1.333557  	-0.526835 
102.000000	-0.221713 	1.323275  	-0.527430 
103.000000	-0.240965 	1.312993  	-0.528026 
104.000000	-0.260466 	1.299640  	-0.528268 
105.000000	-0.279987 	1.286049  	-0.528484 
106.000000	-0.299508 	1.272459  	-0.528700 
107.000000	-0.319029 	1.258869  	-0.528916 
108.000000	-0.338547 	1.243556  	-0.529015 
109.000000	-0.358062 	1.226950  	-0.529027 
110.000000	-0.377577 	1.210345  	-0.529038 
111.000000	-0.397093 	1.193739  	-0.529050 
112.000000	-0.416562 	1.176565  	-0.528998 
113.000000	-0.435861 	1.157308  	-0.528716 
114.000000	-0.455161 	1.138050  	-0.528433 
115.000000	-0.474460 	1.118792  	-0.528151 
116.000000	-0.493759 	1.099534  	-0.527868 
117.000000	-0.512761 	1.078368  	-0.527659 
118.000000	-0.531714 	1.056883  	-0.527462 
119.000000	-0.550667 	1.035397  	-0.527265 
120.000000	-0.569620 	1.013912  	-0.527069 
121.000000	-0.588385 	0.991552  	-0.527203 
122.000000	-0.606963 	0.968317  	-0.527668 
123.000000	-0.625541 	0.945082  	-0.528134 
124.000000	-0.644119 	0.921846  	-0.528599 
125.000000	-0.662658 	0.898435  	-0.529064 
126.000000	-0.680963 	0.873968  	-0.529530 
127.000000	-0.699268 	0.849501  	-0.529995 
128.000000	-0.717573 	0.825034  	-0.530460 
129.000000	-0.735878 	0.800566  	-0.530926 
130.000000	-0.754182 	0.775562  	-0.533304 
131.000000	-0.772487 	0.750410  	-0.536204 
132.000000	-0.790791 	0.725259  	-0.539104 
133.000000	-0.809095 	0.700108  	-0.542003 
134.000000	-0.827616 	0.674905  	-0.545133 
135.000000	-0.846426 	0.649634  	-0.548568 
136.000000	-0.865236 	0.624363  	-0.552004 
137.000000	-0.884045 	0.599092  	-0.555439 
138.000000	-0.902951 	0.573853  	-0.559161 
139.000000	-0.923107 	0.549030  	-0.566598 
140.000000	-0.943264 	0.524208  	-0.574035 
141.000000	-0.963420 	0.499386  	-0.581472 
142.000000	-0.983577 	0.474563  	-0.588909 
143.000000	-1.005666 	0.450461  	-0.598936 
144.000000	-1.028528 	0.426647  	-0.610000 
145.000000	-1.051390 	0.402833  	-0.621063 
146.000000	-1.074252 	0.379018  	-0.632127 
147.000000	-1.098873 	0.355756  	-0.641764 
148.000000	-1.126660 	0.333487  	-0.648834 
149.000000	-1.154447 	0.311218  	-0.655904 
150.000000	-1.182233 	0.288949  	-0.662974 
151.000000	-1.210020 	0.266680  	-0.670043 
152.000000	-1.168295 	0.245861  	-0.663706 
153.000000	-1.126570 	0.225041  	-0.657368 
154.000000	-1.084846 	0.205226  	-0.651030 
155.000000	-1.043121 	0.185489  	-0.644692 
156.000000	-1.001396 	0.166765  	-0.638355 
157.000000	-0.959671 	0.148210  	-0.632017 
158.000000	-0.917946 	0.130659  	-0.625679 
159.000000	-0.876221 	0.113381  	-0.619342 
160.000000	-0.834497 	0.097080  	-0.610681 
161.000000	-0.792772 	0.081169  	-0.601092 
162.000000	-0.751047 	0.066189  	-0.590403 
163.000000	-0.709322 	0.051725  	-0.579103 
164.000000	-0.667597 	0.038132  	-0.567802 
165.000000	-0.625872 	0.025190  	-0.556502 
166.000000	-0.584148 	0.014442  	-0.545202 
167.000000	-0.542423 	0.005888  	-0.533901 
168.000000	-0.500698 	0.001000  	-0.522601 
169.000000	-0.458973 	0.001000  	-0.511300 
170.000000	-0.417248 	0.001000  	-0.488562 
171.000000	-0.375523 	0.001000  	-0.445234 
172.000000	-0.333799 	0.001000  	-0.400000 
173.000000	-0.292074 	0.001000  	-0.350000 
174.000000	-0.250349 	0.001000  	-0.300000 
175.000000	-0.208624 	0.001000  	-0.250000 
176.000000	-0.166899 	0.001000  	-0.200000 
177.000000	-0.125174 	0.001000  	-0.150000 
178.000000	-0.083450 	0.001000  	-0.100000 
179.000000	-0.041725 	0.001000  	-0.050000 
180.000000	0.000000  	0.001000  	0.000000  
! ------------------------------------------------------------------------------
! data for table	9         
! ------------------------------------------------------------------------------
  1.000000  	Re           ! Reynolds number in millions
  0.000000  	UserProp     ! User property (control) setting
Flase           InclUAdata   ! Is unsteady aerodynamics data included in this table? If TRUE, then include UA coefficients below this line. Any missing coefficients will be calculated internally.
! Table of aerodynamics coefficients
  361       	NumAlf       ! Number of data lines in the following table
!Alpha      Cl          Cd          Cm/Cp
!(deg)      (-)         (-)         (-)
-180.000000	0.000000  	0.001000  	0.000000  
-179.000000	0.041858  	0.001000  	0.040000  
-178.000000	0.083715  	0.001000  	0.080000  
-177.000000	0.125573  	0.001000  	0.120000  
-176.000000	0.167430  	0.001000  	0.160000  
-175.000000	0.209288  	0.001000  	0.200000  
-174.000000	0.251146  	0.001000  	0.240000  
-173.000000	0.293003  	0.001000  	0.280000  
-172.000000	0.334861  	0.001000  	0.320000  
-171.000000	0.376718  	0.001000  	0.357714  
-170.000000	0.418576  	0.001000  	0.394513  
-169.000000	0.460433  	0.001000  	0.421436  
-168.000000	0.502291  	0.001000  	0.442871  
-167.000000	0.544149  	0.005674  	0.464307  
-166.000000	0.586006  	0.013855  	0.485743  
-165.000000	0.627864  	0.024417  	0.507179  
-164.000000	0.669721  	0.037362  	0.528614  
-163.000000	0.711579  	0.050960  	0.550050  
-162.000000	0.753437  	0.065428  	0.571486  
-161.000000	0.795294  	0.080412  	0.591062  
-160.000000	0.837152  	0.096328  	0.607290  
-159.000000	0.879009  	0.112634  	0.620692  
-158.000000	0.920867  	0.129917  	0.627027  
-157.000000	0.962724  	0.147473  	0.633361  
-156.000000	1.004582  	0.166034  	0.639696  
-155.000000	1.046440  	0.184763  	0.646031  
-154.000000	1.088297  	0.204507  	0.652366  
-153.000000	1.130155  	0.224328  	0.658700  
-152.000000	1.172012  	0.245154  	0.665035  
-151.000000	1.213870  	0.265980  	0.671370  
-150.000000	1.185910  	0.288256  	0.664230  
-149.000000	1.157951  	0.310532  	0.657090  
-148.000000	1.129991  	0.332809  	0.649950  
-147.000000	1.102031  	0.355085  	0.642810  
-146.000000	1.077260  	0.378355  	0.633090  
-145.000000	1.054260  	0.402177  	0.621937  
-144.000000	1.031260  	0.426000  	0.610783  
-143.000000	1.008261  	0.449822  	0.599630  
-142.000000	0.986041  	0.473933  	0.589519  
-141.000000	0.965772  	0.498764  	0.582015  
-140.000000	0.945503  	0.523595  	0.574511  
-139.000000	0.925234  	0.548427  	0.567006  
-138.000000	0.904966  	0.573258  	0.559502  
-137.000000	0.885965  	0.598507  	0.555737  
-136.000000	0.867062  	0.623787  	0.552260  
-135.000000	0.848159  	0.649068  	0.548782  
-134.000000	0.829256  	0.674349  	0.545305  
-133.000000	0.810651  	0.699562  	0.542135  
-132.000000	0.792268  	0.724724  	0.539198  
-131.000000	0.773885  	0.749886  	0.536260  
-130.000000	0.755503  	0.775047  	0.533322  
-129.000000	0.737123  	0.800063  	0.530909  
-128.000000	0.718752  	0.824541  	0.530424  
-127.000000	0.700381  	0.849019  	0.529939  
-126.000000	0.682010  	0.873498  	0.529453  
-125.000000	0.663639  	0.897976  	0.528968  
-124.000000	0.645043  	0.921399  	0.528482  
-123.000000	0.626410  	0.944646  	0.527997  
-122.000000	0.607776  	0.967893  	0.527512  
-121.000000	0.589143  	0.991140  	0.527026  
-120.000000	0.570326  	1.013512  	0.526877  
-119.000000	0.551327  	1.035010  	0.527063  
-118.000000	0.532328  	1.056507  	0.527250  
-117.000000	0.513329  	1.078004  	0.527437  
-116.000000	0.494281  	1.099184  	0.527636  
-115.000000	0.474944  	1.118454  	0.527909  
-114.000000	0.455607  	1.137725  	0.528183  
-113.000000	0.436269  	1.156995  	0.528457  
-112.000000	0.416932  	1.176266  	0.528731  
-111.000000	0.397431  	1.193453  	0.528776  
-110.000000	0.377885  	1.210071  	0.528759  
-109.000000	0.358339  	1.226690  	0.528741  
-108.000000	0.338793  	1.243309  	0.528724  
-107.000000	0.319248  	1.258635  	0.528620  
-106.000000	0.299704  	1.272239  	0.528401  
-105.000000	0.280160  	1.285842  	0.528182  
-104.000000	0.260616  	1.299446  	0.527963  
-103.000000	0.241092  	1.312813  	0.527716  
-102.000000	0.221823  	1.323109  	0.527118  
-101.000000	0.202555  	1.333405  	0.526520  
-100.000000	0.183286  	1.343700  	0.525922  
-99.000000	0.164018  	1.353996  	0.525324  
-98.000000	0.145177  	1.361774  	0.524080  
-97.000000	0.126508  	1.368545  	0.522577  
-96.000000	0.107839  	1.375316  	0.521074  
-95.000000	0.089169  	1.382087  	0.519571  
-94.000000	0.070842  	1.387552  	0.518068  
-93.000000	0.053132  	1.390664  	0.516565  
-92.000000	0.035421  	1.393776  	0.515062  
-91.000000	0.017711  	1.396888  	0.513559  
-90.000000	0.000000  	1.400000  	0.512056  
-89.000000	-0.017711 	1.396888  	0.508309  
-88.000000	-0.035421 	1.393776  	0.504561  
-87.000000	-0.053132 	1.390664  	0.500814  
-86.000000	-0.070842 	1.387552  	0.497067  
-85.000000	-0.089169 	1.382087  	0.493320  
-84.000000	-0.107839 	1.375316  	0.489572  
-83.000000	-0.126508 	1.368545  	0.485825  
-82.000000	-0.145177 	1.361774  	0.482078  
-81.000000	-0.164018 	1.353996  	0.478147  
-80.000000	-0.183286 	1.343700  	0.473758  
-79.000000	-0.202555 	1.333405  	0.469369  
-78.000000	-0.221823 	1.323109  	0.464979  
-77.000000	-0.241092 	1.312813  	0.460590  
-76.000000	-0.260616 	1.299446  	0.455951  
-75.000000	-0.280160 	1.285842  	0.451293  
-74.000000	-0.299704 	1.272239  	0.446635  
-73.000000	-0.319248 	1.258635  	0.441977  
-72.000000	-0.338793 	1.243309  	0.437263  
-71.000000	-0.358339 	1.226690  	0.432506  
-70.000000	-0.377885 	1.210071  	0.427750  
-69.000000	-0.397431 	1.193453  	0.422993  
-68.000000	-0.416932 	1.176266  	0.418206  
-67.000000	-0.436269 	1.156995  	0.413307  
-66.000000	-0.455607 	1.137725  	0.408409  
-65.000000	-0.474944 	1.118454  	0.403510  
-64.000000	-0.494281 	1.099184  	0.398611  
-63.000000	-0.513329 	1.078004  	0.393736  
-62.000000	-0.532328 	1.056507  	0.388864  
-61.000000	-0.551327 	1.035010  	0.383993  
-60.000000	-0.570326 	1.013512  	0.379121  
-59.000000	-0.589143 	0.991140  	0.374354  
-58.000000	-0.607776 	0.967893  	0.369692  
-57.000000	-0.626410 	0.944646  	0.365029  
-56.000000	-0.645043 	0.921399  	0.360367  
-55.000000	-0.663639 	0.897976  	0.355704  
-54.000000	-0.682010 	0.873498  	0.351042  
-53.000000	-0.700381 	0.849019  	0.346379  
-52.000000	-0.718752 	0.824541  	0.341717  
-51.000000	-0.737123 	0.800063  	0.337054  
-50.000000	-0.755503 	0.775047  	0.332559  
-49.000000	-0.773885 	0.749886  	0.328110  
-48.000000	-0.792268 	0.724724  	0.323661  
-47.000000	-0.810651 	0.699562  	0.319212  
-46.000000	-0.829256 	0.674349  	0.314784  
-45.000000	-0.848159 	0.649068  	0.310382  
-44.000000	-0.867062 	0.623787  	0.305980  
-43.000000	-0.885965 	0.598507  	0.301578  
-42.000000	-0.904966 	0.573258  	0.297129  
-41.000000	-0.925234 	0.548427  	0.292079  
-40.000000	-0.945503 	0.523595  	0.287028  
-39.000000	-0.965772 	0.498764  	0.281977  
-38.000000	-0.986041 	0.473933  	0.276927  
-37.000000	-1.008261 	0.449822  	0.271456  
-36.000000	-1.031260 	0.426000  	0.265817  
-35.000000	-1.054260 	0.402177  	0.260179  
-34.000000	-1.077260 	0.378355  	0.254540  
-33.000000	-1.102031 	0.355085  	0.248408  
-32.000000	-1.129991 	0.332809  	0.241389  
-31.000000	-1.157951 	0.310532  	0.234369  
-30.000000	-1.185910 	0.288256  	0.227349  
-29.000000	-1.213870 	0.265980  	0.220329  
-28.000000	-1.179403 	0.252774  	0.208672  
-27.000000	-1.144936 	0.239568  	0.197016  
-26.000000	-1.110469 	0.226363  	0.185359  
-25.000000	-1.076003 	0.213157  	0.173702  
-24.000000	-1.041536 	0.199951  	0.162046  
-23.000000	-1.007069 	0.186745  	0.150389  
-22.000000	-0.972602 	0.173539  	0.138732  
-21.000000	-0.938135 	0.160334  	0.127075  
-20.000000	-0.903668 	0.147128  	0.115455  
-19.000000	-0.869202 	0.133922  	0.103877  
-18.000000	-0.834735 	0.120716  	0.092335  
-17.000000	-0.800268 	0.107511  	0.080793  
-16.000000	-0.765801 	0.094305  	0.069251  
-15.000000	-0.731334 	0.081099  	0.057709  
-14.000000	-0.696867 	0.067893  	0.046167  
-13.000000	-0.662401 	0.054687  	0.034626  
-12.000000	-0.627934 	0.041482  	-0.009153 
-11.000000	-0.593467 	0.028276  	-0.065827 
-10.000000	-0.559000 	0.015070  	-0.122500 
-9.000000 	-0.403500 	0.013920  	-0.134900 
-8.000000 	-0.253400 	0.013210  	-0.145100 
-7.000000 	-0.102500 	0.012580  	-0.155300 
-6.000000 	0.047700  	0.012090  	-0.165200 
-5.000000 	0.193700  	0.011750  	-0.173900 
-4.000000 	0.339100  	0.011560  	-0.182500 
-3.000000 	0.476600  	0.011470  	-0.188900 
-2.000000 	0.611900  	0.011470  	-0.194700 
-1.000000 	0.744100  	0.011600  	-0.199900 
0.000000  	0.873000  	0.011810  	-0.204300 
1.000000  	0.999300  	0.011980  	-0.208100 
2.000000  	1.122000  	0.012230  	-0.211100 
3.000000  	1.241700  	0.012580  	-0.213600 
4.000000  	1.356800  	0.013040  	-0.215100 
5.000000  	1.467100  	0.013620  	-0.215700 
6.000000  	1.569300  	0.014450  	-0.214600 
7.000000  	1.655600  	0.015680  	-0.210500 
8.000000  	1.716200  	0.017890  	-0.201500 
9.000000  	1.758100  	0.021260  	-0.190100 
10.000000 	1.778600  	0.026360  	-0.177300 
11.000000 	1.789400  	0.034130  	-0.167500 
12.000000 	1.795000  	0.043860  	-0.160600 
13.000000 	1.787500  	0.055560  	-0.154800 
14.000000 	1.780500  	0.067780  	-0.150600 
15.000000 	1.769900  	0.080820  	-0.147600 
16.000000 	1.761100  	0.093980  	-0.145900 
17.000000 	1.756700  	0.106770  	-0.145500 
18.000000 	1.754400  	0.119530  	-0.146600 
19.000000 	1.750800  	0.132610  	-0.149200 
20.000000 	1.754400  	0.144840  	-0.153100 
21.000000 	1.756300  	0.157440  	-0.158500 
22.000000 	1.754000  	0.170740  	-0.165600 
23.000000 	1.752000  	0.184150  	-0.174000 
24.000000 	1.748600  	0.197940  	-0.183900 
25.000000 	1.739700  	0.212690  	-0.195600 
26.000000 	1.738800  	0.225940  	-0.207200 
27.000000 	1.734300  	0.239950  	-0.220400 
28.000000 	1.733300  	0.253230  	-0.233700 
29.000000 	1.734100  	0.265980  	-0.247300 
30.000000 	1.694158  	0.288256  	-0.254984 
31.000000 	1.654215  	0.310532  	-0.262669 
32.000000 	1.614273  	0.332809  	-0.270353 
33.000000 	1.574330  	0.355085  	-0.278038 
34.000000 	1.538943  	0.378355  	-0.285094 
35.000000 	1.506086  	0.402177  	-0.291800 
36.000000 	1.473229  	0.426000  	-0.298506 
37.000000 	1.440372  	0.449822  	-0.305213 
38.000000 	1.408630  	0.473933  	-0.311550 
39.000000 	1.379674  	0.498764  	-0.316966 
40.000000 	1.350719  	0.523595  	-0.322381 
41.000000 	1.321763  	0.548427  	-0.327796 
42.000000 	1.292808  	0.573258  	-0.333211 
43.000000 	1.265664  	0.598507  	-0.337304 
44.000000 	1.238660  	0.623787  	-0.341294 
45.000000 	1.211656  	0.649068  	-0.345284 
46.000000 	1.184652  	0.674349  	-0.349275 
47.000000 	1.158072  	0.699562  	-0.353231 
48.000000 	1.131811  	0.724724  	-0.357162 
49.000000 	1.105551  	0.749886  	-0.361092 
50.000000 	1.079290  	0.775047  	-0.365023 
51.000000 	1.053032  	0.800063  	-0.368895 
52.000000 	1.026788  	0.824541  	-0.372553 
53.000000 	1.000544  	0.849019  	-0.376211 
54.000000 	0.974300  	0.873498  	-0.379869 
55.000000 	0.948056  	0.897976  	-0.383527 
56.000000 	0.921490  	0.921399  	-0.387185 
57.000000 	0.894871  	0.944646  	-0.390843 
58.000000 	0.868252  	0.967893  	-0.394502 
59.000000 	0.841632  	0.991140  	-0.398160 
60.000000 	0.814752  	1.013512  	-0.401873 
61.000000 	0.787610  	1.035010  	-0.405640 
62.000000 	0.760469  	1.056507  	-0.409408 
63.000000 	0.733327  	1.078004  	-0.413175 
64.000000 	0.706116  	1.099184  	-0.416945 
65.000000 	0.678492  	1.118454  	-0.420727 
66.000000 	0.650867  	1.137725  	-0.424509 
67.000000 	0.623242  	1.156995  	-0.428291 
68.000000 	0.595617  	1.176266  	-0.432073 
69.000000 	0.567759  	1.193453  	-0.435867 
70.000000 	0.539836  	1.210071  	-0.439665 
71.000000 	0.511913  	1.226690  	-0.443463 
72.000000 	0.483991  	1.243309  	-0.447261 
73.000000 	0.456069  	1.258635  	-0.451064 
74.000000 	0.428149  	1.272239  	-0.454873 
75.000000 	0.400229  	1.285842  	-0.458683 
76.000000 	0.372308  	1.299446  	-0.462492 
77.000000 	0.344416  	1.312813  	-0.466293 
78.000000 	0.316890  	1.323109  	-0.469991 
79.000000 	0.289364  	1.333405  	-0.473690 
80.000000 	0.261838  	1.343700  	-0.477388 
81.000000 	0.234311  	1.353996  	-0.481086 
82.000000 	0.207396  	1.361774  	-0.484594 
83.000000 	0.180726  	1.368545  	-0.488027 
84.000000 	0.154055  	1.375316  	-0.491460 
85.000000 	0.127384  	1.382087  	-0.494893 
86.000000 	0.101203  	1.387552  	-0.498325 
87.000000 	0.075902  	1.390664  	-0.501758 
88.000000 	0.050602  	1.393776  	-0.505191 
89.000000 	0.025301  	1.396888  	-0.508623 
90.000000 	0.000000  	1.400000  	-0.512056 
91.000000 	-0.017711 	1.396888  	-0.513559 
92.000000 	-0.035421 	1.393776  	-0.515062 
93.000000 	-0.053132 	1.390664  	-0.516565 
94.000000 	-0.070842 	1.387552  	-0.518068 
95.000000 	-0.089169 	1.382087  	-0.519571 
96.000000 	-0.107839 	1.375316  	-0.521074 
97.000000 	-0.126508 	1.368545  	-0.522577 
98.000000 	-0.145177 	1.361774  	-0.524080 
99.000000 	-0.164018 	1.353996  	-0.525324 
100.000000	-0.183286 	1.343700  	-0.525922 
101.000000	-0.202555 	1.333405  	-0.526520 
102.000000	-0.221823 	1.323109  	-0.527118 
103.000000	-0.241092 	1.312813  	-0.527716 
104.000000	-0.260616 	1.299446  	-0.527963 
105.000000	-0.280160 	1.285842  	-0.528182 
106.000000	-0.299704 	1.272239  	-0.528401 
107.000000	-0.319248 	1.258635  	-0.528620 
108.000000	-0.338793 	1.243309  	-0.528724 
109.000000	-0.358339 	1.226690  	-0.528741 
110.000000	-0.377885 	1.210071  	-0.528759 
111.000000	-0.397431 	1.193453  	-0.528776 
112.000000	-0.416932 	1.176266  	-0.528731 
113.000000	-0.436269 	1.156995  	-0.528457 
114.000000	-0.455607 	1.137725  	-0.528183 
115.000000	-0.474944 	1.118454  	-0.527909 
116.000000	-0.494281 	1.099184  	-0.527636 
117.000000	-0.513329 	1.078004  	-0.527437 
118.000000	-0.532328 	1.056507  	-0.527250 
119.000000	-0.551327 	1.035010  	-0.527063 
120.000000	-0.570326 	1.013512  	-0.526877 
121.000000	-0.589143 	0.991140  	-0.527026 
122.000000	-0.607776 	0.967893  	-0.527512 
123.000000	-0.626410 	0.944646  	-0.527997 
124.000000	-0.645043 	0.921399  	-0.528482 
125.000000	-0.663639 	0.897976  	-0.528968 
126.000000	-0.682010 	0.873498  	-0.529453 
127.000000	-0.700381 	0.849019  	-0.529939 
128.000000	-0.718752 	0.824541  	-0.530424 
129.000000	-0.737123 	0.800063  	-0.530909 
130.000000	-0.755503 	0.775047  	-0.533322 
131.000000	-0.773885 	0.749886  	-0.536260 
132.000000	-0.792268 	0.724724  	-0.539198 
133.000000	-0.810651 	0.699562  	-0.542135 
134.000000	-0.829256 	0.674349  	-0.545305 
135.000000	-0.848159 	0.649068  	-0.548782 
136.000000	-0.867062 	0.623787  	-0.552260 
137.000000	-0.885965 	0.598507  	-0.555737 
138.000000	-0.904966 	0.573258  	-0.559502 
139.000000	-0.925234 	0.548427  	-0.567006 
140.000000	-0.945503 	0.523595  	-0.574511 
141.000000	-0.965772 	0.498764  	-0.582015 
142.000000	-0.986041 	0.473933  	-0.589519 
143.000000	-1.008261 	0.449822  	-0.599630 
144.000000	-1.031260 	0.426000  	-0.610783 
145.000000	-1.054260 	0.402177  	-0.621937 
146.000000	-1.077260 	0.378355  	-0.633090 
147.000000	-1.102031 	0.355085  	-0.642810 
148.000000	-1.129991 	0.332809  	-0.649950 
149.000000	-1.157951 	0.310532  	-0.657090 
150.000000	-1.185910 	0.288256  	-0.664230 
151.000000	-1.213870 	0.265980  	-0.671370 
152.000000	-1.172012 	0.245154  	-0.665035 
153.000000	-1.130155 	0.224328  	-0.658700 
154.000000	-1.088297 	0.204507  	-0.652366 
155.000000	-1.046440 	0.184763  	-0.646031 
156.000000	-1.004582 	0.166034  	-0.639696 
157.000000	-0.962724 	0.147473  	-0.633361 
158.000000	-0.920867 	0.129917  	-0.627027 
159.000000	-0.879009 	0.112634  	-0.620692 
160.000000	-0.837152 	0.096328  	-0.611970 
161.000000	-0.795294 	0.080412  	-0.602293 
162.000000	-0.753437 	0.065428  	-0.591486 
163.000000	-0.711579 	0.050960  	-0.580050 
164.000000	-0.669721 	0.037362  	-0.568614 
165.000000	-0.627864 	0.024417  	-0.557179 
166.000000	-0.586006 	0.013855  	-0.545743 
167.000000	-0.544149 	0.005674  	-0.534307 
168.000000	-0.502291 	0.001000  	-0.522871 
169.000000	-0.460433 	0.001000  	-0.511436 
170.000000	-0.418576 	0.001000  	-0.488602 
171.000000	-0.376718 	0.001000  	-0.445251 
172.000000	-0.334861 	0.001000  	-0.400000 
173.000000	-0.293003 	0.001000  	-0.350000 
174.000000	-0.251146 	0.001000  	-0.300000 
175.000000	-0.209288 	0.001000  	-0.250000 
176.000000	-0.167430 	0.001000  	-0.200000 
177.000000	-0.125573 	0.001000  	-0.150000 
178.000000	-0.083715 	0.001000  	-0.100000 
179.000000	-0.041858 	0.001000  	-0.050000 
180.000000	0.000000  	0.001000  	0.000000  
! ------------------------------------------------------------------------------
! data for table	10        
! ------------------------------------------------------------------------------
  1.100000  	Re           ! Reynolds number in millions
  0.000000  	UserProp     ! User property (control) setting
Flase           InclUAdata   ! Is unsteady aerodynamics data included in this table? If TRUE, then include UA coefficients below this line. Any missing coefficients will be calculated internally.
! Table of aerodynamics coefficients
  361       	NumAlf       ! Number of data lines in the following table
!Alpha      Cl          Cd          Cm/Cp
!(deg)      (-)         (-)         (-)
-180.000000	0.000000  	0.001000  	0.000000  
-179.000000	0.042007  	0.001000  	0.040000  
-178.000000	0.084014  	0.001000  	0.080000  
-177.000000	0.126022  	0.001000  	0.120000  
-176.000000	0.168029  	0.001000  	0.160000  
-175.000000	0.210036  	0.001000  	0.200000  
-174.000000	0.252043  	0.001000  	0.240000  
-173.000000	0.294051  	0.001000  	0.280000  
-172.000000	0.336058  	0.001000  	0.320000  
-171.000000	0.378065  	0.001000  	0.357749  
-170.000000	0.420072  	0.001000  	0.394598  
-169.000000	0.462080  	0.001000  	0.421723  
-168.000000	0.504087  	0.001000  	0.443445  
-167.000000	0.546094  	0.005369  	0.465168  
-166.000000	0.588101  	0.013015  	0.486890  
-165.000000	0.630109  	0.023313  	0.508613  
-164.000000	0.672116  	0.036263  	0.530336  
-163.000000	0.714123  	0.049867  	0.552058  
-162.000000	0.756130  	0.064340  	0.573781  
-161.000000	0.798138  	0.079331  	0.593607  
-160.000000	0.840145  	0.095254  	0.610020  
-159.000000	0.882152  	0.111567  	0.623551  
-158.000000	0.924159  	0.128857  	0.629876  
-157.000000	0.966167  	0.146421  	0.636201  
-156.000000	1.008174  	0.164989  	0.642526  
-155.000000	1.050181  	0.183727  	0.648851  
-154.000000	1.092188  	0.203480  	0.655176  
-153.000000	1.134196  	0.223309  	0.661501  
-152.000000	1.176203  	0.244145  	0.667826  
-151.000000	1.218210  	0.264980  	0.674151  
-150.000000	1.190055  	0.287267  	0.666915  
-149.000000	1.161900  	0.309553  	0.659679  
-148.000000	1.133745  	0.331840  	0.652443  
-147.000000	1.105591  	0.354126  	0.645207  
-146.000000	1.080650  	0.377407  	0.635374  
-145.000000	1.057495  	0.401241  	0.624099  
-144.000000	1.034340  	0.425075  	0.612824  
-143.000000	1.011185  	0.448909  	0.601549  
-142.000000	0.988819  	0.473032  	0.591325  
-141.000000	0.968423  	0.497876  	0.583730  
-140.000000	0.948028  	0.522720  	0.576135  
-139.000000	0.927632  	0.547564  	0.568540  
-138.000000	0.907237  	0.572408  	0.560945  
-137.000000	0.888129  	0.597671  	0.557121  
-136.000000	0.869121  	0.622966  	0.553587  
-135.000000	0.850113  	0.648260  	0.550053  
-134.000000	0.831105  	0.673555  	0.546519  
-133.000000	0.812404  	0.698782  	0.543297  
-132.000000	0.793933  	0.723959  	0.540307  
-131.000000	0.775462  	0.749136  	0.537318  
-130.000000	0.756991  	0.774313  	0.534329  
-129.000000	0.738526  	0.799343  	0.531870  
-128.000000	0.720080  	0.823838  	0.531357  
-127.000000	0.701635  	0.848332  	0.530843  
-126.000000	0.683190  	0.872826  	0.530330  
-125.000000	0.664745  	0.897320  	0.529816  
-124.000000	0.646084  	0.920760  	0.529303  
-123.000000	0.627388  	0.944024  	0.528789  
-122.000000	0.608692  	0.967288  	0.528276  
-121.000000	0.589996  	0.990551  	0.527762  
-120.000000	0.571123  	1.012941  	0.527591  
-119.000000	0.552071  	1.034456  	0.527762  
-118.000000	0.533020  	1.055971  	0.527932  
-117.000000	0.513968  	1.077486  	0.528103  
-116.000000	0.494870  	1.098682  	0.528286  
-115.000000	0.475490  	1.117971  	0.528545  
-114.000000	0.456110  	1.137260  	0.528804  
-113.000000	0.436730  	1.156549  	0.529064  
-112.000000	0.417349  	1.175837  	0.529323  
-111.000000	0.397812  	1.193043  	0.529356  
-110.000000	0.378232  	1.209680  	0.529328  
-109.000000	0.358652  	1.226318  	0.529300  
-108.000000	0.339072  	1.242955  	0.529272  
-107.000000	0.319496  	1.258301  	0.529158  
-106.000000	0.299925  	1.271924  	0.528930  
-105.000000	0.280355  	1.285547  	0.528702  
-104.000000	0.260785  	1.299170  	0.528474  
-103.000000	0.241235  	1.312556  	0.528219  
-102.000000	0.221948  	1.322871  	0.527613  
-101.000000	0.202661  	1.333187  	0.527007  
-100.000000	0.183374  	1.343502  	0.526401  
-99.000000	0.164087  	1.353817  	0.525795  
-98.000000	0.145233  	1.361615  	0.524543  
-97.000000	0.126553  	1.368406  	0.523033  
-96.000000	0.107873  	1.375197  	0.521524  
-95.000000	0.089192  	1.381988  	0.520014  
-94.000000	0.070857  	1.387472  	0.518504  
-93.000000	0.053143  	1.390604  	0.516994  
-92.000000	0.035428  	1.393736  	0.515484  
-91.000000	0.017714  	1.396868  	0.513974  
-90.000000	0.000000  	1.400000  	0.512464  
-89.000000	-0.017714 	1.396868  	0.508701  
-88.000000	-0.035428 	1.393736  	0.504938  
-87.000000	-0.053143 	1.390604  	0.501175  
-86.000000	-0.070857 	1.387472  	0.497412  
-85.000000	-0.089192 	1.381988  	0.493649  
-84.000000	-0.107873 	1.375197  	0.489885  
-83.000000	-0.126553 	1.368406  	0.486122  
-82.000000	-0.145233 	1.361615  	0.482359  
-81.000000	-0.164087 	1.353817  	0.478413  
-80.000000	-0.183374 	1.343502  	0.474011  
-79.000000	-0.202661 	1.333187  	0.469608  
-78.000000	-0.221948 	1.322871  	0.465206  
-77.000000	-0.241235 	1.312556  	0.460804  
-76.000000	-0.260785 	1.299170  	0.456153  
-75.000000	-0.280355 	1.285547  	0.451483  
-74.000000	-0.299925 	1.271924  	0.446813  
-73.000000	-0.319496 	1.258301  	0.442143  
-72.000000	-0.339072 	1.242955  	0.437418  
-71.000000	-0.358652 	1.226318  	0.432651  
-70.000000	-0.378232 	1.209680  	0.427885  
-69.000000	-0.397812 	1.193043  	0.423118  
-68.000000	-0.417349 	1.175837  	0.418322  
-67.000000	-0.436730 	1.156549  	0.413416  
-66.000000	-0.456110 	1.137260  	0.408511  
-65.000000	-0.475490 	1.117971  	0.403605  
-64.000000	-0.494870 	1.098682  	0.398699  
-63.000000	-0.513968 	1.077486  	0.393817  
-62.000000	-0.533020 	1.055971  	0.388939  
-61.000000	-0.552071 	1.034456  	0.384061  
-60.000000	-0.571123 	1.012941  	0.379183  
-59.000000	-0.589996 	0.990551  	0.374411  
-58.000000	-0.608692 	0.967288  	0.369745  
-57.000000	-0.627388 	0.944024  	0.365079  
-56.000000	-0.646084 	0.920760  	0.360413  
-55.000000	-0.664745 	0.897320  	0.355747  
-54.000000	-0.683190 	0.872826  	0.351081  
-53.000000	-0.701635 	0.848332  	0.346415  
-52.000000	-0.720080 	0.823838  	0.341749  
-51.000000	-0.738526 	0.799343  	0.337083  
-50.000000	-0.756991 	0.774313  	0.332582  
-49.000000	-0.775462 	0.749136  	0.328126  
-48.000000	-0.793933 	0.723959  	0.323670  
-47.000000	-0.812404 	0.698782  	0.319214  
-46.000000	-0.831105 	0.673555  	0.314778  
-45.000000	-0.850113 	0.648260  	0.310369  
-44.000000	-0.869121 	0.622966  	0.305959  
-43.000000	-0.888129 	0.597671  	0.301550  
-42.000000	-0.907237 	0.572408  	0.297093  
-41.000000	-0.927632 	0.547564  	0.292020  
-40.000000	-0.948028 	0.522720  	0.286947  
-39.000000	-0.968423 	0.497876  	0.281874  
-38.000000	-0.988819 	0.473032  	0.276801  
-37.000000	-1.011185 	0.448909  	0.271298  
-36.000000	-1.034340 	0.425075  	0.265624  
-35.000000	-1.057495 	0.401241  	0.259950  
-34.000000	-1.080650 	0.377407  	0.254276  
-33.000000	-1.105591 	0.354126  	0.248107  
-32.000000	-1.133745 	0.331840  	0.241048  
-31.000000	-1.161900 	0.309553  	0.233990  
-30.000000	-1.190055 	0.287267  	0.226931  
-29.000000	-1.218210 	0.264980  	0.219872  
-28.000000	-1.183509 	0.251817  	0.208166  
-27.000000	-1.148809 	0.238654  	0.196459  
-26.000000	-1.114108 	0.225491  	0.184752  
-25.000000	-1.079408 	0.212327  	0.173045  
-24.000000	-1.044707 	0.199164  	0.161338  
-23.000000	-1.010007 	0.186001  	0.149632  
-22.000000	-0.975306 	0.172838  	0.137925  
-21.000000	-0.940606 	0.159675  	0.126218  
-20.000000	-0.905905 	0.146512  	0.114592  
-19.000000	-0.871205 	0.133348  	0.103060  
-18.000000	-0.836504 	0.120185  	0.091609  
-17.000000	-0.801804 	0.107022  	0.080158  
-16.000000	-0.767103 	0.093859  	0.068707  
-15.000000	-0.732403 	0.080696  	0.057256  
-14.000000	-0.697702 	0.067533  	0.045805  
-13.000000	-0.663002 	0.054369  	0.034353  
-12.000000	-0.628301 	0.041206  	-0.009361 
-11.000000	-0.593601 	0.028043  	-0.065980 
-10.000000	-0.558900 	0.014880  	-0.122600 
-9.000000 	-0.403900 	0.013760  	-0.134700 
-8.000000 	-0.252500 	0.013010  	-0.145300 
-7.000000 	-0.098900 	0.012330  	-0.156300 
-6.000000 	0.048700  	0.011870  	-0.165500 
-5.000000 	0.195500  	0.011500  	-0.174400 
-4.000000 	0.340200  	0.011260  	-0.182700 
-3.000000 	0.479600  	0.011190  	-0.189600 
-2.000000 	0.614600  	0.011200  	-0.195400 
-1.000000 	0.747200  	0.011260  	-0.200600 
0.000000  	0.876100  	0.011450  	-0.205000 
1.000000  	1.001900  	0.011710  	-0.208700 
2.000000  	1.124900  	0.011950  	-0.211800 
3.000000  	1.244600  	0.012310  	-0.214300 
4.000000  	1.360800  	0.012750  	-0.216000 
5.000000  	1.473200  	0.013280  	-0.217000 
6.000000  	1.576000  	0.014110  	-0.216100 
7.000000  	1.660400  	0.015480  	-0.211600 
8.000000  	1.721100  	0.017680  	-0.202600 
9.000000  	1.761200  	0.021120  	-0.190900 
10.000000 	1.783700  	0.026070  	-0.178200 
11.000000 	1.798800  	0.033420  	-0.168700 
12.000000 	1.806700  	0.042880  	-0.161800 
13.000000 	1.803800  	0.054020  	-0.156100 
14.000000 	1.793100  	0.066610  	-0.151600 
15.000000 	1.783600  	0.079440  	-0.148400 
16.000000 	1.775000  	0.092480  	-0.146400 
17.000000 	1.770100  	0.105330  	-0.145900 
18.000000 	1.765400  	0.118320  	-0.146800 
19.000000 	1.767300  	0.130580  	-0.149100 
20.000000 	1.767600  	0.143210  	-0.152900 
21.000000 	1.767100  	0.156080  	-0.158200 
22.000000 	1.764450  	0.169450  	-0.165800 
23.000000 	1.761800  	0.182820  	-0.173400 
24.000000 	1.760200  	0.196180  	-0.182900 
25.000000 	1.754400  	0.210340  	-0.194000 
26.000000 	1.745100  	0.225070  	-0.206700 
27.000000 	1.744700  	0.238220  	-0.219100 
28.000000 	1.738200  	0.252500  	-0.233200 
29.000000 	1.740300  	0.264980  	-0.246500 
30.000000 	1.700079  	0.287267  	-0.254252 
31.000000 	1.659858  	0.309553  	-0.262005 
32.000000 	1.619636  	0.331840  	-0.269757 
33.000000 	1.579415  	0.354126  	-0.277509 
34.000000 	1.543786  	0.377407  	-0.284625 
35.000000 	1.510707  	0.401241  	-0.291387 
36.000000 	1.477629  	0.425075  	-0.298149 
37.000000 	1.444550  	0.448909  	-0.304911 
38.000000 	1.412598  	0.473032  	-0.311299 
39.000000 	1.383462  	0.497876  	-0.316750 
40.000000 	1.354325  	0.522720  	-0.322201 
41.000000 	1.325189  	0.547564  	-0.327652 
42.000000 	1.296052  	0.572408  	-0.333103 
43.000000 	1.268756  	0.597671  	-0.337211 
44.000000 	1.241602  	0.622966  	-0.341215 
45.000000 	1.214447  	0.648260  	-0.345219 
46.000000 	1.187293  	0.673555  	-0.349223 
47.000000 	1.160577  	0.698782  	-0.353193 
48.000000 	1.134190  	0.723959  	-0.357135 
49.000000 	1.107803  	0.749136  	-0.361078 
50.000000 	1.081416  	0.774313  	-0.365021 
51.000000 	1.055037  	0.799343  	-0.368904 
52.000000 	1.028686  	0.823838  	-0.372567 
53.000000 	1.002336  	0.848332  	-0.376231 
54.000000 	0.975986  	0.872826  	-0.379894 
55.000000 	0.949635  	0.897320  	-0.383558 
56.000000 	0.922978  	0.920760  	-0.387221 
57.000000 	0.896269  	0.944024  	-0.390885 
58.000000 	0.869560  	0.967288  	-0.394548 
59.000000 	0.842852  	0.990551  	-0.398212 
60.000000 	0.815889  	1.012941  	-0.401931 
61.000000 	0.788673  	1.034456  	-0.405706 
62.000000 	0.761457  	1.055971  	-0.409480 
63.000000 	0.734241  	1.077486  	-0.413255 
64.000000 	0.706957  	1.098682  	-0.417032 
65.000000 	0.679271  	1.117971  	-0.420821 
66.000000 	0.651585  	1.137260  	-0.424610 
67.000000 	0.623899  	1.156549  	-0.428399 
68.000000 	0.596213  	1.175837  	-0.432188 
69.000000 	0.568303  	1.193043  	-0.435992 
70.000000 	0.540331  	1.209680  	-0.439800 
71.000000 	0.512360  	1.226318  	-0.443608 
72.000000 	0.484388  	1.242955  	-0.447417 
73.000000 	0.456422  	1.258301  	-0.451230 
74.000000 	0.428465  	1.271924  	-0.455051 
75.000000 	0.400507  	1.285547  	-0.458873 
76.000000 	0.372550  	1.299170  	-0.462694 
77.000000 	0.344621  	1.312556  	-0.466507 
78.000000 	0.317068  	1.322871  	-0.470219 
79.000000 	0.289516  	1.333187  	-0.473930 
80.000000 	0.261963  	1.343502  	-0.477641 
81.000000 	0.234410  	1.353817  	-0.481352 
82.000000 	0.207476  	1.361615  	-0.484876 
83.000000 	0.180790  	1.368406  	-0.488325 
84.000000 	0.154104  	1.375197  	-0.491773 
85.000000 	0.127417  	1.381988  	-0.495222 
86.000000 	0.101224  	1.387472  	-0.498670 
87.000000 	0.075918  	1.390604  	-0.502119 
88.000000 	0.050612  	1.393736  	-0.505567 
89.000000 	0.025306  	1.396868  	-0.509016 
90.000000 	0.000000  	1.400000  	-0.512464 
91.000000 	-0.017714 	1.396868  	-0.513974 
92.000000 	-0.035428 	1.393736  	-0.515484 
93.000000 	-0.053143 	1.390604  	-0.516994 
94.000000 	-0.070857 	1.387472  	-0.518504 
95.000000 	-0.089192 	1.381988  	-0.520014 
96.000000 	-0.107873 	1.375197  	-0.521524 
97.000000 	-0.126553 	1.368406  	-0.523033 
98.000000 	-0.145233 	1.361615  	-0.524543 
99.000000 	-0.164087 	1.353817  	-0.525795 
100.000000	-0.183374 	1.343502  	-0.526401 
101.000000	-0.202661 	1.333187  	-0.527007 
102.000000	-0.221948 	1.322871  	-0.527613 
103.000000	-0.241235 	1.312556  	-0.528219 
104.000000	-0.260785 	1.299170  	-0.528474 
105.000000	-0.280355 	1.285547  	-0.528702 
106.000000	-0.299925 	1.271924  	-0.528930 
107.000000	-0.319496 	1.258301  	-0.529158 
108.000000	-0.339072 	1.242955  	-0.529272 
109.000000	-0.358652 	1.226318  	-0.529300 
110.000000	-0.378232 	1.209680  	-0.529328 
111.000000	-0.397812 	1.193043  	-0.529356 
112.000000	-0.417349 	1.175837  	-0.529323 
113.000000	-0.436730 	1.156549  	-0.529064 
114.000000	-0.456110 	1.137260  	-0.528804 
115.000000	-0.475490 	1.117971  	-0.528545 
116.000000	-0.494870 	1.098682  	-0.528286 
117.000000	-0.513968 	1.077486  	-0.528103 
118.000000	-0.533020 	1.055971  	-0.527932 
119.000000	-0.552071 	1.034456  	-0.527762 
120.000000	-0.571123 	1.012941  	-0.527591 
121.000000	-0.589996 	0.990551  	-0.527762 
122.000000	-0.608692 	0.967288  	-0.528276 
123.000000	-0.627388 	0.944024  	-0.528789 
124.000000	-0.646084 	0.920760  	-0.529303 
125.000000	-0.664745 	0.897320  	-0.529816 
126.000000	-0.683190 	0.872826  	-0.530330 
127.000000	-0.701635 	0.848332  	-0.530843 
128.000000	-0.720080 	0.823838  	-0.531357 
129.000000	-0.738526 	0.799343  	-0.531870 
130.000000	-0.756991 	0.774313  	-0.534329 
131.000000	-0.775462 	0.749136  	-0.537318 
132.000000	-0.793933 	0.723959  	-0.540307 
133.000000	-0.812404 	0.698782  	-0.543297 
134.000000	-0.831105 	0.673555  	-0.546519 
135.000000	-0.850113 	0.648260  	-0.550053 
136.000000	-0.869121 	0.622966  	-0.553587 
137.000000	-0.888129 	0.597671  	-0.557121 
138.000000	-0.907237 	0.572408  	-0.560945 
139.000000	-0.927632 	0.547564  	-0.568540 
140.000000	-0.948028 	0.522720  	-0.576135 
141.000000	-0.968423 	0.497876  	-0.583730 
142.000000	-0.988819 	0.473032  	-0.591325 
143.000000	-1.011185 	0.448909  	-0.601549 
144.000000	-1.034340 	0.425075  	-0.612824 
145.000000	-1.057495 	0.401241  	-0.624099 
146.000000	-1.080650 	0.377407  	-0.635374 
147.000000	-1.105591 	0.354126  	-0.645207 
148.000000	-1.133745 	0.331840  	-0.652443 
149.000000	-1.161900 	0.309553  	-0.659679 
150.000000	-1.190055 	0.287267  	-0.666915 
151.000000	-1.218210 	0.264980  	-0.674151 
152.000000	-1.176203 	0.244145  	-0.667826 
153.000000	-1.134196 	0.223309  	-0.661501 
154.000000	-1.092188 	0.203480  	-0.655176 
155.000000	-1.050181 	0.183727  	-0.648851 
156.000000	-1.008174 	0.164989  	-0.642526 
157.000000	-0.966167 	0.146421  	-0.636201 
158.000000	-0.924159 	0.128857  	-0.629876 
159.000000	-0.882152 	0.111567  	-0.623551 
160.000000	-0.840145 	0.095254  	-0.614700 
161.000000	-0.798138 	0.079331  	-0.604839 
162.000000	-0.756130 	0.064340  	-0.593781 
163.000000	-0.714123 	0.049867  	-0.582058 
164.000000	-0.672116 	0.036263  	-0.570336 
165.000000	-0.630109 	0.023313  	-0.558613 
166.000000	-0.588101 	0.013015  	-0.546890 
167.000000	-0.546094 	0.005369  	-0.535168 
168.000000	-0.504087 	0.001000  	-0.523445 
169.000000	-0.462080 	0.001000  	-0.511723 
170.000000	-0.420072 	0.001000  	-0.488686 
171.000000	-0.378065 	0.001000  	-0.445286 
172.000000	-0.336058 	0.001000  	-0.400000 
173.000000	-0.294051 	0.001000  	-0.350000 
174.000000	-0.252043 	0.001000  	-0.300000 
175.000000	-0.210036 	0.001000  	-0.250000 
176.000000	-0.168029 	0.001000  	-0.200000 
177.000000	-0.126022 	0.001000  	-0.150000 
178.000000	-0.084014 	0.001000  	-0.100000 
179.000000	-0.042007 	0.001000  	-0.050000 
180.000000	0.000000  	0.001000  	0.000000  
! ------------------------------------------------------------------------------
! data for table	11        
! ------------------------------------------------------------------------------
  1.200000  	Re           ! Reynolds number in millions
  0.000000  	UserProp     ! User property (control) setting
Flase           InclUAdata   ! Is unsteady aerodynamics data included in this table? If TRUE, then include UA coefficients below this line. Any missing coefficients will be calculated internally.
! Table of aerodynamics coefficients
  361       	NumAlf       ! Number of data lines in the following table
!Alpha      Cl          Cd          Cm/Cp
!(deg)      (-)         (-)         (-)
-180.000000	0.000000  	0.001000  	0.000000  
-179.000000	0.042215  	0.001000  	0.040000  
-178.000000	0.084430  	0.001000  	0.080000  
-177.000000	0.126644  	0.001000  	0.120000  
-176.000000	0.168859  	0.001000  	0.160000  
-175.000000	0.211074  	0.001000  	0.200000  
-174.000000	0.253289  	0.001000  	0.240000  
-173.000000	0.295504  	0.001000  	0.280000  
-172.000000	0.337719  	0.001000  	0.320000  
-171.000000	0.379933  	0.001000  	0.357783  
-170.000000	0.422148  	0.001000  	0.394678  
-169.000000	0.464363  	0.001000  	0.421995  
-168.000000	0.506578  	0.001000  	0.443991  
-167.000000	0.548793  	0.004490  	0.465986  
-166.000000	0.591008  	0.010596  	0.487982  
-165.000000	0.633222  	0.020133  	0.509977  
-164.000000	0.675437  	0.033099  	0.531972  
-163.000000	0.717652  	0.046718  	0.553968  
-162.000000	0.759867  	0.061209  	0.575963  
-161.000000	0.802082  	0.076218  	0.596027  
-160.000000	0.844297  	0.092160  	0.612615  
-159.000000	0.886511  	0.108493  	0.626266  
-158.000000	0.928726  	0.125804  	0.632578  
-157.000000	0.970941  	0.143390  	0.638890  
-156.000000	1.013156  	0.161982  	0.645203  
-155.000000	1.055371  	0.180743  	0.651515  
-154.000000	1.097586  	0.200520  	0.657827  
-153.000000	1.139800  	0.220375  	0.664139  
-152.000000	1.182015  	0.241238  	0.670451  
-151.000000	1.224230  	0.262100  	0.676763  
-150.000000	1.195805  	0.284416  	0.669402  
-149.000000	1.167379  	0.306733  	0.662041  
-148.000000	1.138954  	0.329049  	0.654680  
-147.000000	1.110528  	0.351365  	0.647320  
-146.000000	1.085353  	0.374678  	0.637340  
-145.000000	1.061982  	0.398546  	0.625907  
-144.000000	1.038612  	0.422413  	0.614473  
-143.000000	1.015242  	0.446281  	0.603039  
-142.000000	0.992671  	0.470438  	0.592669  
-141.000000	0.972100  	0.495319  	0.584958  
-140.000000	0.951529  	0.520199  	0.577246  
-139.000000	0.930958  	0.545080  	0.569535  
-138.000000	0.910387  	0.569961  	0.561823  
-137.000000	0.891131  	0.595264  	0.557925  
-136.000000	0.871977  	0.620599  	0.554321  
-135.000000	0.852823  	0.645933  	0.550717  
-134.000000	0.833669  	0.671268  	0.547113  
-133.000000	0.814836  	0.696537  	0.543824  
-132.000000	0.796242  	0.721757  	0.540772  
-131.000000	0.777649  	0.746977  	0.537719  
-130.000000	0.759056  	0.772197  	0.534667  
-129.000000	0.740472  	0.797271  	0.532152  
-128.000000	0.721923  	0.821812  	0.531609  
-127.000000	0.703375  	0.846352  	0.531065  
-126.000000	0.684827  	0.870892  	0.530522  
-125.000000	0.666278  	0.895432  	0.529978  
-124.000000	0.647529  	0.918919  	0.529434  
-123.000000	0.628746  	0.942232  	0.528891  
-122.000000	0.609963  	0.965544  	0.528347  
-121.000000	0.591180  	0.988856  	0.527804  
-120.000000	0.572227  	1.011295  	0.527611  
-119.000000	0.553103  	1.032860  	0.527769  
-118.000000	0.533979  	1.054426  	0.527927  
-117.000000	0.514856  	1.075991  	0.528086  
-116.000000	0.495687  	1.097239  	0.528257  
-115.000000	0.476247  	1.116580  	0.528506  
-114.000000	0.456807  	1.135922  	0.528755  
-113.000000	0.437368  	1.155263  	0.529004  
-112.000000	0.417928  	1.174604  	0.529254  
-111.000000	0.398341  	1.191863  	0.529281  
-110.000000	0.378713  	1.208555  	0.529249  
-109.000000	0.359085  	1.225247  	0.529216  
-108.000000	0.339458  	1.241938  	0.529183  
-107.000000	0.319839  	1.257338  	0.529066  
-106.000000	0.300232  	1.271017  	0.528838  
-105.000000	0.280625  	1.284695  	0.528609  
-104.000000	0.261019  	1.298373  	0.528381  
-103.000000	0.241433  	1.311815  	0.528125  
-102.000000	0.222121  	1.322187  	0.527519  
-101.000000	0.202808  	1.332559  	0.526913  
-100.000000	0.183496  	1.342930  	0.526306  
-99.000000	0.164183  	1.353302  	0.525700  
-98.000000	0.145311  	1.361157  	0.524450  
-97.000000	0.126615  	1.368005  	0.522941  
-96.000000	0.107920  	1.374853  	0.521433  
-95.000000	0.089224  	1.381701  	0.519925  
-94.000000	0.070877  	1.387242  	0.518416  
-93.000000	0.053158  	1.390432  	0.516908  
-92.000000	0.035439  	1.393621  	0.515400  
-91.000000	0.017719  	1.396811  	0.513892  
-90.000000	0.000000  	1.400000  	0.512383  
-89.000000	-0.017719 	1.396811  	0.508595  
-88.000000	-0.035439 	1.393621  	0.504806  
-87.000000	-0.053158 	1.390432  	0.501017  
-86.000000	-0.070877 	1.387242  	0.497229  
-85.000000	-0.089224 	1.381701  	0.493440  
-84.000000	-0.107920 	1.374853  	0.489651  
-83.000000	-0.126615 	1.368005  	0.485862  
-82.000000	-0.145311 	1.361157  	0.482074  
-81.000000	-0.164183 	1.353302  	0.478104  
-80.000000	-0.183496 	1.342930  	0.473681  
-79.000000	-0.202808 	1.332559  	0.469258  
-78.000000	-0.222121 	1.322187  	0.464835  
-77.000000	-0.241433 	1.311815  	0.460412  
-76.000000	-0.261019 	1.298373  	0.455743  
-75.000000	-0.280625 	1.284695  	0.451055  
-74.000000	-0.300232 	1.271017  	0.446367  
-73.000000	-0.319839 	1.257338  	0.441678  
-72.000000	-0.339458 	1.241938  	0.436937  
-71.000000	-0.359085 	1.225247  	0.432156  
-70.000000	-0.378713 	1.208555  	0.427375  
-69.000000	-0.398341 	1.191863  	0.422594  
-68.000000	-0.417928 	1.174604  	0.417784  
-67.000000	-0.437368 	1.155263  	0.412869  
-66.000000	-0.456807 	1.135922  	0.407955  
-65.000000	-0.476247 	1.116580  	0.403040  
-64.000000	-0.495687 	1.097239  	0.398126  
-63.000000	-0.514856 	1.075991  	0.393235  
-62.000000	-0.533979 	1.054426  	0.388349  
-61.000000	-0.553103 	1.032860  	0.383463  
-60.000000	-0.572227 	1.011295  	0.378577  
-59.000000	-0.591180 	0.988856  	0.373800  
-58.000000	-0.609963 	0.965544  	0.369133  
-57.000000	-0.628746 	0.942232  	0.364465  
-56.000000	-0.647529 	0.918919  	0.359798  
-55.000000	-0.666278 	0.895432  	0.355131  
-54.000000	-0.684827 	0.870892  	0.350464  
-53.000000	-0.703375 	0.846352  	0.345797  
-52.000000	-0.721923 	0.821812  	0.341129  
-51.000000	-0.740472 	0.797271  	0.336462  
-50.000000	-0.759056 	0.772197  	0.331959  
-49.000000	-0.777649 	0.746977  	0.327501  
-48.000000	-0.796242 	0.721757  	0.323043  
-47.000000	-0.814836 	0.696537  	0.318585  
-46.000000	-0.833669 	0.671268  	0.314147  
-45.000000	-0.852823 	0.645933  	0.309735  
-44.000000	-0.871977 	0.620599  	0.305323  
-43.000000	-0.891131 	0.595264  	0.300910  
-42.000000	-0.910387 	0.569961  	0.296450  
-41.000000	-0.930958 	0.545080  	0.291358  
-40.000000	-0.951529 	0.520199  	0.286266  
-39.000000	-0.972100 	0.495319  	0.281174  
-38.000000	-0.992671 	0.470438  	0.276082  
-37.000000	-1.015242 	0.446281  	0.270550  
-36.000000	-1.038612 	0.422413  	0.264842  
-35.000000	-1.061982 	0.398546  	0.259134  
-34.000000	-1.085353 	0.374678  	0.253426  
-33.000000	-1.110528 	0.351365  	0.247221  
-32.000000	-1.138954 	0.329049  	0.240121  
-31.000000	-1.167379 	0.306733  	0.233022  
-30.000000	-1.195805 	0.284416  	0.225922  
-29.000000	-1.224230 	0.262100  	0.218823  
-28.000000	-1.189355 	0.249077  	0.207051  
-27.000000	-1.154479 	0.236055  	0.195280  
-26.000000	-1.119604 	0.223032  	0.183509  
-25.000000	-1.084729 	0.210009  	0.171737  
-24.000000	-1.049854 	0.196987  	0.159966  
-23.000000	-1.014978 	0.183964  	0.148195  
-22.000000	-0.980103 	0.170942  	0.136423  
-21.000000	-0.945228 	0.157919  	0.124652  
-20.000000	-0.910353 	0.144896  	0.113033  
-19.000000	-0.875477 	0.131874  	0.101592  
-18.000000	-0.840602 	0.118851  	0.090304  
-17.000000	-0.805727 	0.105828  	0.079016  
-16.000000	-0.770852 	0.092806  	0.067728  
-15.000000	-0.735976 	0.079783  	0.056440  
-14.000000	-0.701101 	0.066761  	0.045152  
-13.000000	-0.666226 	0.053738  	0.033864  
-12.000000	-0.631351 	0.040715  	-0.009608 
-11.000000	-0.596475 	0.027693  	-0.065954 
-10.000000	-0.561600 	0.014670  	-0.122300 
-9.000000 	-0.408100 	0.013680  	-0.133700 
-8.000000 	-0.253300 	0.012800  	-0.145200 
-7.000000 	-0.101600 	0.012160  	-0.155700 
-6.000000 	0.048900  	0.011650  	-0.165600 
-5.000000 	0.195600  	0.011300  	-0.174500 
-4.000000 	0.339200  	0.011080  	-0.182500 
-3.000000 	0.479700  	0.010920  	-0.189700 
-2.000000 	0.615100  	0.010930  	-0.195600 
-1.000000 	0.746600  	0.011090  	-0.200500 
0.000000  	0.876200  	0.011180  	-0.205100 
1.000000  	1.002700  	0.011380  	-0.208900 
2.000000  	1.126200  	0.011650  	-0.212100 
3.000000  	1.246700  	0.011990  	-0.214700 
4.000000  	1.363000  	0.012450  	-0.216500 
5.000000  	1.474500  	0.013040  	-0.217300 
6.000000  	1.577800  	0.013890  	-0.216500 
7.000000  	1.662400  	0.015290  	-0.212100 
8.000000  	1.724200  	0.017490  	-0.203300 
9.000000  	1.766100  	0.020830  	-0.191800 
10.000000 	1.788900  	0.025670  	-0.179000 
11.000000 	1.805300  	0.032800  	-0.169300 
12.000000 	1.814100  	0.042090  	-0.162300 
13.000000 	1.813800  	0.052980  	-0.156700 
14.000000 	1.804200  	0.065310  	-0.152000 
15.000000 	1.793300  	0.078250  	-0.148700 
16.000000 	1.786800  	0.091020  	-0.146700 
17.000000 	1.780900  	0.103900  	-0.146000 
18.000000 	1.777500  	0.116650  	-0.146700 
19.000000 	1.779100  	0.128920  	-0.148900 
20.000000 	1.779000  	0.141420  	-0.152500 
21.000000 	1.778400  	0.154260  	-0.157700 
22.000000 	1.776933  	0.167327  	-0.165667 
23.000000 	1.775467  	0.180393  	-0.173633 
24.000000 	1.774000  	0.193460  	-0.181600 
25.000000 	1.769300  	0.207190  	-0.192300 
26.000000 	1.763350  	0.221105  	-0.204800 
27.000000 	1.757400  	0.235020  	-0.217300 
28.000000 	1.747400  	0.249720  	-0.231800 
29.000000 	1.748900  	0.262100  	-0.245100 
30.000000 	1.708292  	0.284416  	-0.252924 
31.000000 	1.667684  	0.306733  	-0.260747 
32.000000 	1.627077  	0.329049  	-0.268571 
33.000000 	1.586469  	0.351365  	-0.276395 
34.000000 	1.550504  	0.374678  	-0.283572 
35.000000 	1.517118  	0.398546  	-0.290391 
36.000000 	1.483732  	0.422413  	-0.297210 
37.000000 	1.450346  	0.446281  	-0.304028 
38.000000 	1.418102  	0.470438  	-0.310466 
39.000000 	1.388715  	0.495319  	-0.315951 
40.000000 	1.359327  	0.520199  	-0.321435 
41.000000 	1.329940  	0.545080  	-0.326920 
42.000000 	1.300552  	0.569961  	-0.332405 
43.000000 	1.273045  	0.595264  	-0.336523 
44.000000 	1.245682  	0.620599  	-0.340536 
45.000000 	1.218319  	0.645933  	-0.344548 
46.000000 	1.190956  	0.671268  	-0.348561 
47.000000 	1.164051  	0.696537  	-0.352538 
48.000000 	1.137489  	0.721757  	-0.356489 
49.000000 	1.110927  	0.746977  	-0.360439 
50.000000 	1.084365  	0.772197  	-0.364389 
51.000000 	1.057817  	0.797271  	-0.368278 
52.000000 	1.031319  	0.821812  	-0.371944 
53.000000 	1.004821  	0.846352  	-0.375610 
54.000000 	0.978324  	0.870892  	-0.379276 
55.000000 	0.951826  	0.895432  	-0.382942 
56.000000 	0.925041  	0.918919  	-0.386608 
57.000000 	0.898209  	0.942232  	-0.390273 
58.000000 	0.871376  	0.965544  	-0.393939 
59.000000 	0.844543  	0.988856  	-0.397605 
60.000000 	0.817467  	1.011295  	-0.401329 
61.000000 	0.790147  	1.032860  	-0.405112 
62.000000 	0.762828  	1.054426  	-0.408895 
63.000000 	0.735508  	1.075991  	-0.412678 
64.000000 	0.708124  	1.097239  	-0.416463 
65.000000 	0.680353  	1.116580  	-0.420261 
66.000000 	0.652582  	1.135922  	-0.424059 
67.000000 	0.624811  	1.155263  	-0.427857 
68.000000 	0.597040  	1.174604  	-0.431655 
69.000000 	0.569058  	1.191863  	-0.435472 
70.000000 	0.541018  	1.208555  	-0.439294 
71.000000 	0.512979  	1.225247  	-0.443116 
72.000000 	0.484939  	1.241938  	-0.446939 
73.000000 	0.456913  	1.257338  	-0.450768 
74.000000 	0.428903  	1.271017  	-0.454608 
75.000000 	0.400894  	1.284695  	-0.458447 
76.000000 	0.372884  	1.298373  	-0.462286 
77.000000 	0.344904  	1.311815  	-0.466118 
78.000000 	0.317315  	1.322187  	-0.469849 
79.000000 	0.289726  	1.332559  	-0.473581 
80.000000 	0.262137  	1.342930  	-0.477312 
81.000000 	0.234547  	1.353302  	-0.481044 
82.000000 	0.207587  	1.361157  	-0.484591 
83.000000 	0.180879  	1.368005  	-0.488065 
84.000000 	0.154171  	1.374853  	-0.491539 
85.000000 	0.127463  	1.381701  	-0.495013 
86.000000 	0.101253  	1.387242  	-0.498487 
87.000000 	0.075940  	1.390432  	-0.501961 
88.000000 	0.050626  	1.393621  	-0.505435 
89.000000 	0.025313  	1.396811  	-0.508909 
90.000000 	0.000000  	1.400000  	-0.512383 
91.000000 	-0.017719 	1.396811  	-0.513892 
92.000000 	-0.035439 	1.393621  	-0.515400 
93.000000 	-0.053158 	1.390432  	-0.516908 
94.000000 	-0.070877 	1.387242  	-0.518416 
95.000000 	-0.089224 	1.381701  	-0.519925 
96.000000 	-0.107920 	1.374853  	-0.521433 
97.000000 	-0.126615 	1.368005  	-0.522941 
98.000000 	-0.145311 	1.361157  	-0.524450 
99.000000 	-0.164183 	1.353302  	-0.525700 
100.000000	-0.183496 	1.342930  	-0.526306 
101.000000	-0.202808 	1.332559  	-0.526913 
102.000000	-0.222121 	1.322187  	-0.527519 
103.000000	-0.241433 	1.311815  	-0.528125 
104.000000	-0.261019 	1.298373  	-0.528381 
105.000000	-0.280625 	1.284695  	-0.528609 
106.000000	-0.300232 	1.271017  	-0.528838 
107.000000	-0.319839 	1.257338  	-0.529066 
108.000000	-0.339458 	1.241938  	-0.529183 
109.000000	-0.359085 	1.225247  	-0.529216 
110.000000	-0.378713 	1.208555  	-0.529249 
111.000000	-0.398341 	1.191863  	-0.529281 
112.000000	-0.417928 	1.174604  	-0.529254 
113.000000	-0.437368 	1.155263  	-0.529004 
114.000000	-0.456807 	1.135922  	-0.528755 
115.000000	-0.476247 	1.116580  	-0.528506 
116.000000	-0.495687 	1.097239  	-0.528257 
117.000000	-0.514856 	1.075991  	-0.528086 
118.000000	-0.533979 	1.054426  	-0.527927 
119.000000	-0.553103 	1.032860  	-0.527769 
120.000000	-0.572227 	1.011295  	-0.527611 
121.000000	-0.591180 	0.988856  	-0.527804 
122.000000	-0.609963 	0.965544  	-0.528347 
123.000000	-0.628746 	0.942232  	-0.528891 
124.000000	-0.647529 	0.918919  	-0.529434 
125.000000	-0.666278 	0.895432  	-0.529978 
126.000000	-0.684827 	0.870892  	-0.530522 
127.000000	-0.703375 	0.846352  	-0.531065 
128.000000	-0.721923 	0.821812  	-0.531609 
129.000000	-0.740472 	0.797271  	-0.532152 
130.000000	-0.759056 	0.772197  	-0.534667 
131.000000	-0.777649 	0.746977  	-0.537719 
132.000000	-0.796242 	0.721757  	-0.540772 
133.000000	-0.814836 	0.696537  	-0.543824 
134.000000	-0.833669 	0.671268  	-0.547113 
135.000000	-0.852823 	0.645933  	-0.550717 
136.000000	-0.871977 	0.620599  	-0.554321 
137.000000	-0.891131 	0.595264  	-0.557925 
138.000000	-0.910387 	0.569961  	-0.561823 
139.000000	-0.930958 	0.545080  	-0.569535 
140.000000	-0.951529 	0.520199  	-0.577246 
141.000000	-0.972100 	0.495319  	-0.584958 
142.000000	-0.992671 	0.470438  	-0.592669 
143.000000	-1.015242 	0.446281  	-0.603039 
144.000000	-1.038612 	0.422413  	-0.614473 
145.000000	-1.061982 	0.398546  	-0.625907 
146.000000	-1.085353 	0.374678  	-0.637340 
147.000000	-1.110528 	0.351365  	-0.647320 
148.000000	-1.138954 	0.329049  	-0.654680 
149.000000	-1.167379 	0.306733  	-0.662041 
150.000000	-1.195805 	0.284416  	-0.669402 
151.000000	-1.224230 	0.262100  	-0.676763 
152.000000	-1.182015 	0.241238  	-0.670451 
153.000000	-1.139800 	0.220375  	-0.664139 
154.000000	-1.097586 	0.200520  	-0.657827 
155.000000	-1.055371 	0.180743  	-0.651515 
156.000000	-1.013156 	0.161982  	-0.645203 
157.000000	-0.970941 	0.143390  	-0.638890 
158.000000	-0.928726 	0.125804  	-0.632578 
159.000000	-0.886511 	0.108493  	-0.626266 
160.000000	-0.844297 	0.092160  	-0.617294 
161.000000	-0.802082 	0.076218  	-0.607259 
162.000000	-0.759867 	0.061209  	-0.595963 
163.000000	-0.717652 	0.046718  	-0.583968 
164.000000	-0.675437 	0.033099  	-0.571972 
165.000000	-0.633222 	0.020133  	-0.559977 
166.000000	-0.591008 	0.010596  	-0.547982 
167.000000	-0.548793 	0.004490  	-0.535986 
168.000000	-0.506578 	0.001000  	-0.523991 
169.000000	-0.464363 	0.001000  	-0.511995 
170.000000	-0.422148 	0.001000  	-0.488767 
171.000000	-0.379933 	0.001000  	-0.445320 
172.000000	-0.337719 	0.001000  	-0.400000 
173.000000	-0.295504 	0.001000  	-0.350000 
174.000000	-0.253289 	0.001000  	-0.300000 
175.000000	-0.211074 	0.001000  	-0.250000 
176.000000	-0.168859 	0.001000  	-0.200000 
177.000000	-0.126644 	0.001000  	-0.150000 
178.000000	-0.084430 	0.001000  	-0.100000 
179.000000	-0.042215 	0.001000  	-0.050000 
180.000000	0.000000  	0.001000  	0.000000  
