! AeroDyn v15 airfoil data file
! Generated from airfoilprep.py modified by D. Kim (Mar 14th, 2022) 
! start all comment lines with ! 
! ------------------------------------------------------------------------------
"DEFAULT"       InterpOrd    ! Interpolation order to use for quasi-steady table lookup {1=linear; 3=cubic spline; "default"} [default=1]
! ------------------------------------------------------------------------------
! 0.20          RelThickness ! The non-dimensional thickness of the airfoil (thickness/chord) [only used if UAMod=7] [default=0.2] (-)
  1             NonDimArea   ! The non-dimensional area of the airfoil (area/chord^2) (set to 1.0 if unsure or unneeded)
  103           NumCoords    ! The number of coordinates in the airfoil shape file (including an extra coordinate for airfoil reference).
! ......... x-y coordinates are next if NumCoords > 0 .............
! x-y coordinate of airfoil reference
!  x/c        y/c
  0.25       0
! Airfoil: 
!  x/c        y/c
1.0013284 0.0000001
0.9810492 0.0050438
0.9607920 0.0101947
0.9404405 0.0149364
0.9199158 0.0188675
0.8991997 0.0215836
0.8783391 0.0227604
0.8574479 0.0224787
0.8366024 0.0210624
0.8158335 0.0187087
0.7951811 0.0155114
0.7746610 0.0115641
0.7542739 0.0069642
0.7340209 0.0018097
0.7138944 -0.0037987
0.6938722 -0.0097713
0.6739310 -0.0160232
0.6540457 -0.0224642
0.6341953 -0.0290171
0.6143605 -0.0356087
0.5945138 -0.0421633
0.5746324 -0.0486163
0.5547000 -0.0549050
0.5347015 -0.0609701
0.5146232 -0.0667559
0.4944513 -0.0722066
0.4741760 -0.0772792
0.4537946 -0.0819220
0.4333138 -0.0860975
0.4127401 -0.0897656
0.3920801 -0.0928853
0.3713420 -0.0954257
0.3505331 -0.0973501
0.3296676 -0.0986100
0.3087714 -0.0991495
0.2878730 -0.0989635
0.2670021 -0.0979782
0.2461893 -0.0961717
0.2254611 -0.0935431
0.2048504 -0.0900945
0.1843912 -0.0858364
0.1641132 -0.0807841
0.1440474 -0.0749425
0.1242335 -0.0683001
0.1047195 -0.0608275
0.0855652 -0.0524523
0.0668869 -0.0430712
0.0488693 -0.0325150
0.0317934 -0.0204738
0.0163018 -0.0064830
0.0038403 0.0102321
-0.0012721 0.0302010
0.0058237 0.0496315
0.0189766 0.0657956
0.0348273 0.0794081
0.0521447 0.0910471
0.0704391 0.1011658
0.0893823 0.1100263
0.1087699 0.1178116
0.1285086 0.1246759
0.1485139 0.1307300
0.1687194 0.1360606
0.1890879 0.1407350
0.2095867 0.1448074
0.2301878 0.1483116
0.2508723 0.1512744
0.2716258 0.1537169
0.2924355 0.1556465
0.3132879 0.1570692
0.3341683 0.1579924
0.3550618 0.1584011
0.3759568 0.1583481
0.3968447 0.1577687
0.4177164 0.1567120
0.4385616 0.1551850
0.4593695 0.1532051
0.4801297 0.1507951
0.5008378 0.1479979
0.5214956 0.1448514
0.5421064 0.1413989
0.5626743 0.1376865
0.5832033 0.1337572
0.6036955 0.1296447
0.6241525 0.1253710
0.6445807 0.1209627
0.6649827 0.1164332
0.6853614 0.1117990
0.7057186 0.1070698
0.7260568 0.1022600
0.7463774 0.0973776
0.7666836 0.0924362
0.7869771 0.0874427
0.8072610 0.0824096
0.8275365 0.0773430
0.8478063 0.0722534
0.8680730 0.0671516
0.8883374 0.0620411
0.9086012 0.0569278
0.9288637 0.0518097
0.9491150 0.0466471
0.9691715 0.0408060
0.9856582 0.0284877
! ------------------------------------------------------------------------------
"unused"        BL_file      ! The file name including the boundary layer characteristics of the profile. Unused if the aeroacoustic module is not called.
  11        	NumTabs      ! Number of airfoil tables in this file.
! ------------------------------------------------------------------------------
! data for table	1         
! ------------------------------------------------------------------------------
  0.200000  	Re           ! Reynolds number in millions
  0.000000  	UserProp     ! User property (control) setting
Flase           InclUAdata   ! Is unsteady aerodynamics data included in this table? If TRUE, then include UA coefficients below this line. Any missing coefficients will be calculated internally.
! Table of aerodynamics coefficients
  361       	NumAlf       ! Number of data lines in the following table
!Alpha      Cl          Cd          Cm/Cp
!(deg)      (-)         (-)         (-)
-180.000000	0.000000  	0.001000  	-6.959700 
-179.000000	0.047930  	0.001000  	-6.959700 
-178.000000	0.095859  	0.001000  	-6.959700 
-177.000000	0.143789  	0.001000  	-6.959700 
-176.000000	0.191718  	0.001000  	-6.959700 
-175.000000	0.239648  	0.001000  	-6.959700 
-174.000000	0.287577  	0.001000  	-6.959700 
-173.000000	0.335507  	0.001000  	-6.959700 
-172.000000	0.383437  	0.001000  	-6.959700 
-171.000000	0.431366  	0.002760  	-6.959700 
-170.000000	0.479296  	0.006866  	-6.959700 
-169.000000	0.527225  	0.014746  	-6.959700 
-168.000000	0.575155  	0.024137  	-6.959700 
-167.000000	0.623085  	0.034881  	-6.959700 
-166.000000	0.671014  	0.046002  	-6.959700 
-165.000000	0.718944  	0.058063  	-6.959700 
-164.000000	0.766873  	0.070852  	-6.959700 
-163.000000	0.814803  	0.084186  	-6.959700 
-162.000000	0.862732  	0.098572  	-6.959700 
-161.000000	0.910662  	0.113300  	-6.959700 
-160.000000	0.958592  	0.129036  	-6.959700 
-159.000000	1.006521  	0.145251  	-6.959700 
-158.000000	1.054451  	0.162105  	-6.959700 
-157.000000	1.102380  	0.179716  	-6.959700 
-156.000000	1.150310  	0.197630  	-6.959700 
-155.000000	1.124015  	0.217337  	-6.959700 
-154.000000	1.097719  	0.237044  	-6.959700 
-153.000000	1.071424  	0.256751  	-6.959700 
-152.000000	1.045129  	0.276458  	-6.959700 
-151.000000	1.020810  	0.296795  	-6.959700 
-150.000000	1.001432  	0.318709  	-6.959700 
-149.000000	0.982055  	0.340622  	-6.959700 
-148.000000	0.962677  	0.362536  	-6.959700 
-147.000000	0.943299  	0.384450  	-6.959700 
-146.000000	0.925874  	0.407290  	-6.959700 
-145.000000	0.909913  	0.430825  	-6.959700 
-144.000000	0.893951  	0.454360  	-6.959700 
-143.000000	0.877990  	0.477894  	-6.959700 
-142.000000	0.862029  	0.501429  	-6.959700 
-141.000000	0.847309  	0.525816  	-6.959700 
-140.000000	0.832797  	0.550344  	-6.959700 
-139.000000	0.818285  	0.574872  	-6.959700 
-138.000000	0.803773  	0.599400  	-6.959700 
-137.000000	0.789303  	0.623976  	-6.959700 
-136.000000	0.775085  	0.648843  	-6.959700 
-135.000000	0.760867  	0.673710  	-6.959700 
-134.000000	0.746649  	0.698577  	-6.959700 
-133.000000	0.732431  	0.723444  	-6.959700 
-132.000000	0.718050  	0.748172  	-6.959700 
-131.000000	0.703451  	0.772716  	-6.959700 
-130.000000	0.688852  	0.797259  	-6.959700 
-129.000000	0.674254  	0.821802  	-6.959700 
-128.000000	0.659655  	0.846346  	-6.959700 
-127.000000	0.644525  	0.870191  	-6.959700 
-126.000000	0.629182  	0.893758  	-6.959700 
-125.000000	0.613840  	0.917325  	-6.959700 
-124.000000	0.598497  	0.940892  	-6.959700 
-123.000000	0.583155  	0.964458  	-6.959700 
-122.000000	0.566925  	0.986422  	-6.959700 
-121.000000	0.550696  	1.008386  	-6.959700 
-120.000000	0.534466  	1.030350  	-6.959700 
-119.000000	0.518237  	1.052314  	-6.959700 
-118.000000	0.501759  	1.073654  	-6.959700 
-117.000000	0.484662  	1.093433  	-6.959700 
-116.000000	0.467565  	1.113212  	-6.959700 
-115.000000	0.450468  	1.132991  	-6.959700 
-114.000000	0.433371  	1.152770  	-6.959700 
-113.000000	0.415862  	1.171003  	-6.959700 
-112.000000	0.398043  	1.188074  	-6.959700 
-111.000000	0.380224  	1.205146  	-6.959700 
-110.000000	0.362405  	1.222218  	-6.959700 
-109.000000	0.344586  	1.239289  	-6.959700 
-108.000000	0.326358  	1.253656  	-6.959700 
-107.000000	0.308061  	1.267571  	-6.959700 
-106.000000	0.289765  	1.281486  	-6.959700 
-105.000000	0.271468  	1.295401  	-6.959700 
-104.000000	0.253150  	1.308814  	-6.959700 
-103.000000	0.234697  	1.319209  	-6.959700 
-102.000000	0.216245  	1.329605  	-6.959700 
-101.000000	0.197792  	1.340000  	-6.959700 
-100.000000	0.179340  	1.350396  	-6.959700 
-99.000000	0.160984  	1.359168  	-6.959700 
-98.000000	0.142757  	1.365776  	-6.959700 
-97.000000	0.124530  	1.372383  	-6.959700 
-96.000000	0.106303  	1.378991  	-6.959700 
-95.000000	0.088075  	1.385599  	-6.959700 
-94.000000	0.070312  	1.389383  	-6.959700 
-93.000000	0.052734  	1.392037  	-6.959700 
-92.000000	0.035156  	1.394691  	-6.959700 
-91.000000	0.017578  	1.397346  	-6.959700 
-90.000000	0.000000  	1.400000  	-6.959700 
-89.000000	-0.017578 	1.397346  	-6.959700 
-88.000000	-0.035156 	1.394691  	-6.959700 
-87.000000	-0.052734 	1.392037  	-6.959700 
-86.000000	-0.070312 	1.389383  	-6.959700 
-85.000000	-0.088075 	1.385599  	-6.959700 
-84.000000	-0.106303 	1.378991  	-6.959700 
-83.000000	-0.124530 	1.372383  	-6.959700 
-82.000000	-0.142757 	1.365776  	-6.959700 
-81.000000	-0.160984 	1.359168  	-6.959700 
-80.000000	-0.179340 	1.350396  	-6.959700 
-79.000000	-0.197792 	1.340000  	-6.959700 
-78.000000	-0.216245 	1.329605  	-6.959700 
-77.000000	-0.234697 	1.319209  	-6.959700 
-76.000000	-0.253150 	1.308814  	-6.959700 
-75.000000	-0.271468 	1.295401  	-6.959700 
-74.000000	-0.289765 	1.281486  	-6.959700 
-73.000000	-0.308061 	1.267571  	-6.959700 
-72.000000	-0.326358 	1.253656  	-6.959700 
-71.000000	-0.344586 	1.239289  	-6.959700 
-70.000000	-0.362405 	1.222218  	-6.959700 
-69.000000	-0.380224 	1.205146  	-6.959700 
-68.000000	-0.398043 	1.188074  	-6.959700 
-67.000000	-0.415862 	1.171003  	-6.959700 
-66.000000	-0.433371 	1.152770  	-6.959700 
-65.000000	-0.450468 	1.132991  	-6.959700 
-64.000000	-0.467565 	1.113212  	-6.959700 
-63.000000	-0.484662 	1.093433  	-6.959700 
-62.000000	-0.501759 	1.073654  	-6.959700 
-61.000000	-0.518237 	1.052314  	-6.959700 
-60.000000	-0.534466 	1.030350  	-6.959700 
-59.000000	-0.550696 	1.008386  	-6.959700 
-58.000000	-0.566925 	0.986422  	-6.959700 
-57.000000	-0.583155 	0.964458  	-6.959700 
-56.000000	-0.598497 	0.940892  	-6.959700 
-55.000000	-0.613840 	0.917325  	-6.959700 
-54.000000	-0.629182 	0.893758  	-6.959700 
-53.000000	-0.644525 	0.870191  	-6.959700 
-52.000000	-0.659655 	0.846346  	-6.959700 
-51.000000	-0.674254 	0.821802  	-6.959700 
-50.000000	-0.688852 	0.797259  	-6.959700 
-49.000000	-0.703451 	0.772716  	-6.959700 
-48.000000	-0.718050 	0.748172  	-6.959700 
-47.000000	-0.732431 	0.723444  	-6.959700 
-46.000000	-0.746649 	0.698577  	-6.959700 
-45.000000	-0.760867 	0.673710  	-6.959700 
-44.000000	-0.775085 	0.648843  	-6.959700 
-43.000000	-0.789303 	0.623976  	-6.959700 
-42.000000	-0.803773 	0.599400  	-6.959700 
-41.000000	-0.818285 	0.574872  	-6.959700 
-40.000000	-0.832797 	0.550344  	-6.959700 
-39.000000	-0.847309 	0.525816  	-6.959700 
-38.000000	-0.862029 	0.501429  	-6.959700 
-37.000000	-0.877990 	0.477894  	-6.959700 
-36.000000	-0.893951 	0.454360  	-6.959700 
-35.000000	-0.909913 	0.430825  	-6.959700 
-34.000000	-0.925874 	0.407290  	-6.959700 
-33.000000	-0.943299 	0.384450  	-6.959700 
-32.000000	-0.962677 	0.362536  	-6.959700 
-31.000000	-0.982055 	0.340622  	-6.959700 
-30.000000	-1.001432 	0.318709  	-6.959700 
-29.000000	-1.020810 	0.296795  	-6.959700 
-28.000000	-1.045129 	0.276458  	-6.959700 
-27.000000	-1.071424 	0.256751  	-6.959700 
-26.000000	-1.097719 	0.237044  	-6.959700 
-25.000000	-1.124015 	0.217337  	-6.959700 
-24.000000	-1.150310 	0.197630  	-6.959700 
-23.000000	-1.089374 	0.189109  	-6.959700 
-22.000000	-1.028437 	0.180589  	-6.959700 
-21.000000	-0.967501 	0.172068  	-6.959700 
-20.000000	-0.906564 	0.163547  	-6.959700 
-19.000000	-0.845628 	0.155026  	-6.959700 
-18.000000	-0.784691 	0.146506  	-6.959700 
-17.000000	-0.723755 	0.137985  	-6.959700 
-16.000000	-0.662819 	0.129464  	-6.959700 
-15.000000	-0.601882 	0.120944  	-6.959700 
-14.000000	-0.540946 	0.112423  	-6.959700 
-13.000000	-0.480009 	0.103902  	-6.959700 
-12.000000	-0.419073 	0.095381  	-6.959700 
-11.000000	-0.358136 	0.086861  	-4.071600 
-10.000000	-0.297200 	0.078340  	-1.183500 
-9.000000 	-0.119100 	0.069330  	-1.012200 
-8.000000 	-0.003000 	0.064700  	-0.904500 
-7.000000 	0.050200  	0.059390  	-0.870100 
-6.000000 	0.076700  	0.052590  	-0.877300 
-5.000000 	0.124500  	0.048290  	-0.851000 
-4.000000 	0.180600  	0.044260  	-0.833900 
-3.000000 	0.255900  	0.040680  	-0.885700 
-2.000000 	0.349700  	0.037630  	-0.948900 
-1.000000 	0.459900  	0.035190  	-1.023700 
0.000000  	0.581600  	0.033390  	-1.111000 
1.000000  	0.710500  	0.032110  	-1.210700 
2.000000  	0.838700  	0.031280  	-1.326400 
3.000000  	0.966600  	0.030670  	-1.471000 
4.000000  	1.098700  	0.030020  	-1.650200 
5.000000  	1.220900  	0.029600  	-1.859100 
6.000000  	1.341000  	0.029100  	-2.116200 
7.000000  	1.445700  	0.028720  	-2.396300 
8.000000  	1.528900  	0.028680  	-2.716400 
9.000000  	1.555200  	0.029900  	-2.962800 
10.000000 	1.580500  	0.033820  	-3.223400 
11.000000 	1.569700  	0.041570  	-3.436300 
12.000000 	1.554300  	0.052370  	-3.655900 
13.000000 	1.548200  	0.064640  	-3.900400 
14.000000 	1.540100  	0.076890  	-4.150500 
15.000000 	1.541900  	0.089350  	-4.402800 
16.000000 	1.552400  	0.101400  	-4.688700 
17.000000 	1.559400  	0.113340  	-4.982800 
18.000000 	1.572700  	0.124830  	-5.288100 
19.000000 	1.587600  	0.136630  	-5.608500 
20.000000 	1.603200  	0.148400  	-5.913800 
21.000000 	1.624200  	0.158320  	-6.269500 
22.000000 	1.630600  	0.171260  	-6.511700 
23.000000 	1.640000  	0.183830  	-6.775500 
24.000000 	1.643300  	0.197630  	-6.959700 
25.000000 	1.605735  	0.217337  	-6.959700 
26.000000 	1.568171  	0.237044  	-6.959700 
27.000000 	1.530606  	0.256751  	-6.959700 
28.000000 	1.493041  	0.276458  	-6.959700 
29.000000 	1.458300  	0.296795  	-6.959700 
30.000000 	1.430618  	0.318709  	-6.959700 
31.000000 	1.402935  	0.340622  	-6.959700 
32.000000 	1.375253  	0.362536  	-6.959700 
33.000000 	1.347570  	0.384450  	-6.959700 
34.000000 	1.322677  	0.407290  	-6.959700 
35.000000 	1.299875  	0.430825  	-6.959700 
36.000000 	1.277073  	0.454360  	-6.959700 
37.000000 	1.254271  	0.477894  	-6.959700 
38.000000 	1.231469  	0.501429  	-6.959700 
39.000000 	1.210442  	0.525816  	-6.959700 
40.000000 	1.189711  	0.550344  	-6.959700 
41.000000 	1.168979  	0.574872  	-6.959700 
42.000000 	1.148248  	0.599400  	-6.959700 
43.000000 	1.127576  	0.623976  	-6.959700 
44.000000 	1.107265  	0.648843  	-6.959700 
45.000000 	1.086953  	0.673710  	-6.959700 
46.000000 	1.066642  	0.698577  	-6.959700 
47.000000 	1.046331  	0.723444  	-6.959700 
48.000000 	1.025786  	0.748172  	-6.959700 
49.000000 	1.004930  	0.772716  	-6.959700 
50.000000 	0.984075  	0.797259  	-6.959700 
51.000000 	0.963219  	0.821802  	-6.959700 
52.000000 	0.942364  	0.846346  	-6.959700 
53.000000 	0.920749  	0.870191  	-6.959700 
54.000000 	0.898832  	0.893758  	-6.959700 
55.000000 	0.876914  	0.917325  	-6.959700 
56.000000 	0.854996  	0.940892  	-6.959700 
57.000000 	0.833078  	0.964458  	-6.959700 
58.000000 	0.809893  	0.986422  	-6.959700 
59.000000 	0.786708  	1.008386  	-6.959700 
60.000000 	0.763523  	1.030350  	-6.959700 
61.000000 	0.740338  	1.052314  	-6.959700 
62.000000 	0.716799  	1.073654  	-6.959700 
63.000000 	0.692375  	1.093433  	-6.959700 
64.000000 	0.667950  	1.113212  	-6.959700 
65.000000 	0.643526  	1.132991  	-6.959700 
66.000000 	0.619102  	1.152770  	-6.959700 
67.000000 	0.594088  	1.171003  	-6.959700 
68.000000 	0.568633  	1.188074  	-6.959700 
69.000000 	0.543177  	1.205146  	-6.959700 
70.000000 	0.517722  	1.222218  	-6.959700 
71.000000 	0.492266  	1.239289  	-6.959700 
72.000000 	0.466226  	1.253656  	-6.959700 
73.000000 	0.440088  	1.267571  	-6.959700 
74.000000 	0.413950  	1.281486  	-6.959700 
75.000000 	0.387812  	1.295401  	-6.959700 
76.000000 	0.361642  	1.308814  	-6.959700 
77.000000 	0.335282  	1.319209  	-6.959700 
78.000000 	0.308921  	1.329605  	-6.959700 
79.000000 	0.282561  	1.340000  	-6.959700 
80.000000 	0.256200  	1.350396  	-6.959700 
81.000000 	0.229977  	1.359168  	-6.959700 
82.000000 	0.203939  	1.365776  	-6.959700 
83.000000 	0.177900  	1.372383  	-6.959700 
84.000000 	0.151861  	1.378991  	-6.959700 
85.000000 	0.125822  	1.385599  	-6.959700 
86.000000 	0.100446  	1.389383  	-6.959700 
87.000000 	0.075334  	1.392037  	-6.959700 
88.000000 	0.050223  	1.394691  	-6.959700 
89.000000 	0.025111  	1.397346  	-6.959700 
90.000000 	0.000000  	1.400000  	-6.959700 
91.000000 	-0.017578 	1.397346  	-6.959700 
92.000000 	-0.035156 	1.394691  	-6.959700 
93.000000 	-0.052734 	1.392037  	-6.959700 
94.000000 	-0.070312 	1.389383  	-6.959700 
95.000000 	-0.088075 	1.385599  	-6.959700 
96.000000 	-0.106303 	1.378991  	-6.959700 
97.000000 	-0.124530 	1.372383  	-6.959700 
98.000000 	-0.142757 	1.365776  	-6.959700 
99.000000 	-0.160984 	1.359168  	-6.959700 
100.000000	-0.179340 	1.350396  	-6.959700 
101.000000	-0.197792 	1.340000  	-6.959700 
102.000000	-0.216245 	1.329605  	-6.959700 
103.000000	-0.234697 	1.319209  	-6.959700 
104.000000	-0.253150 	1.308814  	-6.959700 
105.000000	-0.271468 	1.295401  	-6.959700 
106.000000	-0.289765 	1.281486  	-6.959700 
107.000000	-0.308061 	1.267571  	-6.959700 
108.000000	-0.326358 	1.253656  	-6.959700 
109.000000	-0.344586 	1.239289  	-6.959700 
110.000000	-0.362405 	1.222218  	-6.959700 
111.000000	-0.380224 	1.205146  	-6.959700 
112.000000	-0.398043 	1.188074  	-6.959700 
113.000000	-0.415862 	1.171003  	-6.959700 
114.000000	-0.433371 	1.152770  	-6.959700 
115.000000	-0.450468 	1.132991  	-6.959700 
116.000000	-0.467565 	1.113212  	-6.959700 
117.000000	-0.484662 	1.093433  	-6.959700 
118.000000	-0.501759 	1.073654  	-6.959700 
119.000000	-0.518237 	1.052314  	-6.959700 
120.000000	-0.534466 	1.030350  	-6.959700 
121.000000	-0.550696 	1.008386  	-6.959700 
122.000000	-0.566925 	0.986422  	-6.959700 
123.000000	-0.583155 	0.964458  	-6.959700 
124.000000	-0.598497 	0.940892  	-6.959700 
125.000000	-0.613840 	0.917325  	-6.959700 
126.000000	-0.629182 	0.893758  	-6.959700 
127.000000	-0.644525 	0.870191  	-6.959700 
128.000000	-0.659655 	0.846346  	-6.959700 
129.000000	-0.674254 	0.821802  	-6.959700 
130.000000	-0.688852 	0.797259  	-6.959700 
131.000000	-0.703451 	0.772716  	-6.959700 
132.000000	-0.718050 	0.748172  	-6.959700 
133.000000	-0.732431 	0.723444  	-6.959700 
134.000000	-0.746649 	0.698577  	-6.959700 
135.000000	-0.760867 	0.673710  	-6.959700 
136.000000	-0.775085 	0.648843  	-6.959700 
137.000000	-0.789303 	0.623976  	-6.959700 
138.000000	-0.803773 	0.599400  	-6.959700 
139.000000	-0.818285 	0.574872  	-6.959700 
140.000000	-0.832797 	0.550344  	-6.959700 
141.000000	-0.847309 	0.525816  	-6.959700 
142.000000	-0.862029 	0.501429  	-6.959700 
143.000000	-0.877990 	0.477894  	-6.959700 
144.000000	-0.893951 	0.454360  	-6.959700 
145.000000	-0.909913 	0.430825  	-6.959700 
146.000000	-0.925874 	0.407290  	-6.959700 
147.000000	-0.943299 	0.384450  	-6.959700 
148.000000	-0.962677 	0.362536  	-6.959700 
149.000000	-0.982055 	0.340622  	-6.959700 
150.000000	-1.001432 	0.318709  	-6.959700 
151.000000	-1.020810 	0.296795  	-6.959700 
152.000000	-1.045129 	0.276458  	-6.959700 
153.000000	-1.071424 	0.256751  	-6.959700 
154.000000	-1.097719 	0.237044  	-6.959700 
155.000000	-1.124015 	0.217337  	-6.959700 
156.000000	-1.150310 	0.197630  	-6.959700 
157.000000	-1.102380 	0.179716  	-6.959700 
158.000000	-1.054451 	0.162105  	-6.959700 
159.000000	-1.006521 	0.145251  	-6.959700 
160.000000	-0.958592 	0.129036  	-6.959700 
161.000000	-0.910662 	0.113300  	-6.959700 
162.000000	-0.862732 	0.098572  	-6.959700 
163.000000	-0.814803 	0.084186  	-6.959700 
164.000000	-0.766873 	0.070852  	-6.959700 
165.000000	-0.718944 	0.058063  	-6.959700 
166.000000	-0.671014 	0.046002  	-6.959700 
167.000000	-0.623085 	0.034881  	-6.959700 
168.000000	-0.575155 	0.024137  	-6.959700 
169.000000	-0.527225 	0.014746  	-6.959700 
170.000000	-0.479296 	0.006866  	-6.959700 
171.000000	-0.431366 	0.002760  	-6.959700 
172.000000	-0.383437 	0.001000  	-6.959700 
173.000000	-0.335507 	0.001000  	-6.959700 
174.000000	-0.287577 	0.001000  	-6.959700 
175.000000	-0.239648 	0.001000  	-6.959700 
176.000000	-0.191718 	0.001000  	-6.959700 
177.000000	-0.143789 	0.001000  	-6.959700 
178.000000	-0.095859 	0.001000  	-6.959700 
179.000000	-0.047930 	0.001000  	-6.959700 
180.000000	0.000000  	0.001000  	-6.959700 
! ------------------------------------------------------------------------------
! data for table	2         
! ------------------------------------------------------------------------------
  0.300000  	Re           ! Reynolds number in millions
  0.000000  	UserProp     ! User property (control) setting
Flase           InclUAdata   ! Is unsteady aerodynamics data included in this table? If TRUE, then include UA coefficients below this line. Any missing coefficients will be calculated internally.
! Table of aerodynamics coefficients
  361       	NumAlf       ! Number of data lines in the following table
!Alpha      Cl          Cd          Cm/Cp
!(deg)      (-)         (-)         (-)
-180.000000	0.000000  	0.001000  	-7.756800 
-179.000000	0.043384  	0.001000  	-7.756800 
-178.000000	0.086769  	0.001000  	-7.756800 
-177.000000	0.130153  	0.001000  	-7.756800 
-176.000000	0.173538  	0.001000  	-7.756800 
-175.000000	0.216922  	0.001000  	-7.756800 
-174.000000	0.260307  	0.001000  	-7.756800 
-173.000000	0.303691  	0.001000  	-7.756800 
-172.000000	0.347076  	0.001000  	-7.756800 
-171.000000	0.390460  	0.001000  	-7.756800 
-170.000000	0.433844  	0.001613  	-7.756800 
-169.000000	0.477229  	0.003331  	-7.756800 
-168.000000	0.520613  	0.008835  	-7.756800 
-167.000000	0.563998  	0.019388  	-7.756800 
-166.000000	0.607382  	0.030689  	-7.756800 
-165.000000	0.650767  	0.042738  	-7.756800 
-164.000000	0.694151  	0.055610  	-7.756800 
-163.000000	0.737536  	0.069101  	-7.756800 
-162.000000	0.780920  	0.083479  	-7.756800 
-161.000000	0.824304  	0.098351  	-7.756800 
-160.000000	0.867689  	0.114162  	-7.756800 
-159.000000	0.911073  	0.130349  	-7.756800 
-158.000000	0.954458  	0.147512  	-7.756800 
-157.000000	0.997842  	0.164941  	-7.756800 
-156.000000	1.041227  	0.183370  	-7.756800 
-155.000000	1.084611  	0.201964  	-7.756800 
-154.000000	1.127996  	0.221563  	-7.756800 
-153.000000	1.171380  	0.241240  	-7.756800 
-152.000000	1.145119  	0.262505  	-7.756800 
-151.000000	1.118858  	0.283770  	-7.756800 
-150.000000	1.092597  	0.305036  	-7.756800 
-149.000000	1.066335  	0.326301  	-7.756800 
-148.000000	1.042792  	0.348467  	-7.756800 
-147.000000	1.021966  	0.371533  	-7.756800 
-146.000000	1.001140  	0.394599  	-7.756800 
-145.000000	0.980315  	0.417665  	-7.756800 
-144.000000	0.959489  	0.440731  	-7.756800 
-143.000000	0.941497  	0.465040  	-7.756800 
-142.000000	0.923505  	0.489349  	-7.756800 
-141.000000	0.905514  	0.513657  	-7.756800 
-140.000000	0.887522  	0.537966  	-7.756800 
-139.000000	0.870175  	0.562602  	-7.756800 
-138.000000	0.853472  	0.587565  	-7.756800 
-137.000000	0.836770  	0.612528  	-7.756800 
-136.000000	0.820067  	0.637491  	-7.756800 
-135.000000	0.803365  	0.662454  	-7.756800 
-134.000000	0.787013  	0.687469  	-7.756800 
-133.000000	0.770662  	0.712484  	-7.756800 
-132.000000	0.754310  	0.737498  	-7.756800 
-131.000000	0.737958  	0.762513  	-7.756800 
-130.000000	0.721503  	0.787251  	-7.756800 
-129.000000	0.704945  	0.811714  	-7.756800 
-128.000000	0.688388  	0.836177  	-7.756800 
-127.000000	0.671830  	0.860639  	-7.756800 
-126.000000	0.655272  	0.885102  	-7.756800 
-125.000000	0.638209  	0.908424  	-7.756800 
-124.000000	0.621146  	0.931745  	-7.756800 
-123.000000	0.604083  	0.955067  	-7.756800 
-122.000000	0.587020  	0.978389  	-7.756800 
-121.000000	0.569649  	1.000860  	-7.756800 
-120.000000	0.551970  	1.022481  	-7.756800 
-119.000000	0.534290  	1.044102  	-7.756800 
-118.000000	0.516611  	1.065723  	-7.756800 
-117.000000	0.498931  	1.087344  	-7.756800 
-116.000000	0.480664  	1.106746  	-7.756800 
-115.000000	0.462397  	1.126149  	-7.756800 
-114.000000	0.444130  	1.145551  	-7.756800 
-113.000000	0.425863  	1.164954  	-7.756800 
-112.000000	0.407372  	1.183016  	-7.756800 
-111.000000	0.388657  	1.199738  	-7.756800 
-110.000000	0.369941  	1.216460  	-7.756800 
-109.000000	0.351226  	1.233182  	-7.756800 
-108.000000	0.332511  	1.249904  	-7.756800 
-107.000000	0.313574  	1.263549  	-7.756800 
-106.000000	0.294636  	1.277195  	-7.756800 
-105.000000	0.275699  	1.290841  	-7.756800 
-104.000000	0.256761  	1.304486  	-7.756800 
-103.000000	0.237860  	1.316434  	-7.756800 
-102.000000	0.218995  	1.326684  	-7.756800 
-101.000000	0.200129  	1.336934  	-7.756800 
-100.000000	0.181264  	1.347183  	-7.756800 
-99.000000	0.162399  	1.357433  	-7.756800 
-98.000000	0.143952  	1.364052  	-7.756800 
-97.000000	0.125506  	1.370670  	-7.756800 
-96.000000	0.107059  	1.377288  	-7.756800 
-95.000000	0.088613  	1.383907  	-7.756800 
-94.000000	0.070568  	1.388636  	-7.756800 
-93.000000	0.052926  	1.391477  	-7.756800 
-92.000000	0.035284  	1.394318  	-7.756800 
-91.000000	0.017642  	1.397159  	-7.756800 
-90.000000	0.000000  	1.400000  	-7.756800 
-89.000000	-0.017642 	1.397159  	-7.756800 
-88.000000	-0.035284 	1.394318  	-7.756800 
-87.000000	-0.052926 	1.391477  	-7.756800 
-86.000000	-0.070568 	1.388636  	-7.756800 
-85.000000	-0.088613 	1.383907  	-7.756800 
-84.000000	-0.107059 	1.377288  	-7.756800 
-83.000000	-0.125506 	1.370670  	-7.756800 
-82.000000	-0.143952 	1.364052  	-7.756800 
-81.000000	-0.162399 	1.357433  	-7.756800 
-80.000000	-0.181264 	1.347183  	-7.756800 
-79.000000	-0.200129 	1.336934  	-7.756800 
-78.000000	-0.218995 	1.326684  	-7.756800 
-77.000000	-0.237860 	1.316434  	-7.756800 
-76.000000	-0.256761 	1.304486  	-7.756800 
-75.000000	-0.275699 	1.290841  	-7.756800 
-74.000000	-0.294636 	1.277195  	-7.756800 
-73.000000	-0.313574 	1.263549  	-7.756800 
-72.000000	-0.332511 	1.249904  	-7.756800 
-71.000000	-0.351226 	1.233182  	-7.756800 
-70.000000	-0.369941 	1.216460  	-7.756800 
-69.000000	-0.388657 	1.199738  	-7.756800 
-68.000000	-0.407372 	1.183016  	-7.756800 
-67.000000	-0.425863 	1.164954  	-7.756800 
-66.000000	-0.444130 	1.145551  	-7.756800 
-65.000000	-0.462397 	1.126149  	-7.756800 
-64.000000	-0.480664 	1.106746  	-7.756800 
-63.000000	-0.498931 	1.087344  	-7.756800 
-62.000000	-0.516611 	1.065723  	-7.756800 
-61.000000	-0.534290 	1.044102  	-7.756800 
-60.000000	-0.551970 	1.022481  	-7.756800 
-59.000000	-0.569649 	1.000860  	-7.756800 
-58.000000	-0.587020 	0.978389  	-7.756800 
-57.000000	-0.604083 	0.955067  	-7.756800 
-56.000000	-0.621146 	0.931745  	-7.756800 
-55.000000	-0.638209 	0.908424  	-7.756800 
-54.000000	-0.655272 	0.885102  	-7.756800 
-53.000000	-0.671830 	0.860639  	-7.756800 
-52.000000	-0.688388 	0.836177  	-7.756800 
-51.000000	-0.704945 	0.811714  	-7.756800 
-50.000000	-0.721503 	0.787251  	-7.756800 
-49.000000	-0.737958 	0.762513  	-7.756800 
-48.000000	-0.754310 	0.737498  	-7.756800 
-47.000000	-0.770662 	0.712484  	-7.756800 
-46.000000	-0.787013 	0.687469  	-7.756800 
-45.000000	-0.803365 	0.662454  	-7.756800 
-44.000000	-0.820067 	0.637491  	-7.756800 
-43.000000	-0.836770 	0.612528  	-7.756800 
-42.000000	-0.853472 	0.587565  	-7.756800 
-41.000000	-0.870175 	0.562602  	-7.756800 
-40.000000	-0.887522 	0.537966  	-7.756800 
-39.000000	-0.905514 	0.513657  	-7.756800 
-38.000000	-0.923505 	0.489349  	-7.756800 
-37.000000	-0.941497 	0.465040  	-7.756800 
-36.000000	-0.959489 	0.440731  	-7.756800 
-35.000000	-0.980315 	0.417665  	-7.756800 
-34.000000	-1.001140 	0.394599  	-7.756800 
-33.000000	-1.021966 	0.371533  	-7.756800 
-32.000000	-1.042792 	0.348467  	-7.756800 
-31.000000	-1.066335 	0.326301  	-7.756800 
-30.000000	-1.092597 	0.305036  	-7.756800 
-29.000000	-1.118858 	0.283770  	-7.756800 
-28.000000	-1.145119 	0.262505  	-7.756800 
-27.000000	-1.171380 	0.241240  	-7.756800 
-26.000000	-1.127534 	0.228628  	-7.756800 
-25.000000	-1.083688 	0.216016  	-7.756800 
-24.000000	-1.039842 	0.203405  	-7.756800 
-23.000000	-0.995996 	0.190793  	-7.756800 
-22.000000	-0.952151 	0.178181  	-7.756800 
-21.000000	-0.908305 	0.165569  	-7.756800 
-20.000000	-0.864459 	0.152958  	-7.756800 
-19.000000	-0.820613 	0.140346  	-7.756800 
-18.000000	-0.776767 	0.127734  	-7.756800 
-17.000000	-0.732921 	0.115122  	-7.756800 
-16.000000	-0.689075 	0.102511  	-7.756800 
-15.000000	-0.645229 	0.089899  	-7.756800 
-14.000000	-0.601384 	0.077287  	-7.756800 
-13.000000	-0.557538 	0.064675  	-7.756800 
-12.000000	-0.513692 	0.052064  	-6.643765 
-11.000000	-0.469846 	0.039452  	-4.046682 
-10.000000	-0.426000 	0.026840  	-1.449600 
-9.000000 	-0.274900 	0.031060  	-1.251300 
-8.000000 	-0.137800 	0.035000  	-1.082500 
-7.000000 	-0.065300 	0.032460  	-1.008700 
-6.000000 	0.022500  	0.025850  	-1.049750 
-5.000000 	0.110300  	0.019240  	-1.090800 
-4.000000 	0.251300  	0.018780  	-0.982100 
-3.000000 	0.393500  	0.018520  	-0.952700 
-2.000000 	0.513100  	0.018970  	-1.035100 
-1.000000 	0.643400  	0.019110  	-1.124800 
0.000000  	0.778200  	0.019220  	-1.225000 
1.000000  	0.911500  	0.019450  	-1.334400 
2.000000  	1.018800  	0.020140  	-1.449000 
3.000000  	1.143000  	0.020340  	-1.609300 
4.000000  	1.265300  	0.020540  	-1.801900 
5.000000  	1.362200  	0.021010  	-2.011500 
6.000000  	1.464000  	0.021300  	-2.267400 
7.000000  	1.552100  	0.021710  	-2.553100 
8.000000  	1.606200  	0.022940  	-2.844300 
9.000000  	1.632500  	0.025620  	-3.103000 
10.000000 	1.645200  	0.031100  	-3.353700 
11.000000 	1.628600  	0.040380  	-3.575000 
12.000000 	1.619400  	0.052050  	-3.818500 
13.000000 	1.600800  	0.064900  	-4.029800 
14.000000 	1.597000  	0.077870  	-4.290600 
15.000000 	1.590000  	0.090880  	-4.550600 
16.000000 	1.590400  	0.104150  	-4.840900 
17.000000 	1.589400  	0.117110  	-5.085100 
18.000000 	1.594300  	0.130130  	-5.392200 
19.000000 	1.601800  	0.142460  	-5.682700 
20.000000 	1.610700  	0.154960  	-5.981900 
21.000000 	1.622000  	0.167030  	-6.302800 
22.000000 	1.632100  	0.179130  	-6.563100 
23.000000 	1.641200  	0.191720  	-6.819400 
24.000000 	1.650800  	0.203910  	-7.100500 
25.000000 	1.660200  	0.215960  	-7.324600 
26.000000 	1.671600  	0.227520  	-7.593100 
27.000000 	1.673400  	0.241240  	-7.756800 
28.000000 	1.635884  	0.262505  	-7.756800 
29.000000 	1.598368  	0.283770  	-7.756800 
30.000000 	1.560852  	0.305036  	-7.756800 
31.000000 	1.523336  	0.326301  	-7.756800 
32.000000 	1.489703  	0.348467  	-7.756800 
33.000000 	1.459952  	0.371533  	-7.756800 
34.000000 	1.430201  	0.394599  	-7.756800 
35.000000 	1.400450  	0.417665  	-7.756800 
36.000000 	1.370698  	0.440731  	-7.756800 
37.000000 	1.344996  	0.465040  	-7.756800 
38.000000 	1.319294  	0.489349  	-7.756800 
39.000000 	1.293591  	0.513657  	-7.756800 
40.000000 	1.267889  	0.537966  	-7.756800 
41.000000 	1.243107  	0.562602  	-7.756800 
42.000000 	1.219246  	0.587565  	-7.756800 
43.000000 	1.195386  	0.612528  	-7.756800 
44.000000 	1.171525  	0.637491  	-7.756800 
45.000000 	1.147664  	0.662454  	-7.756800 
46.000000 	1.124305  	0.687469  	-7.756800 
47.000000 	1.100945  	0.712484  	-7.756800 
48.000000 	1.077586  	0.737498  	-7.756800 
49.000000 	1.054226  	0.762513  	-7.756800 
50.000000 	1.030719  	0.787251  	-7.756800 
51.000000 	1.007065  	0.811714  	-7.756800 
52.000000 	0.983411  	0.836177  	-7.756800 
53.000000 	0.959757  	0.860639  	-7.756800 
54.000000 	0.936102  	0.885102  	-7.756800 
55.000000 	0.911727  	0.908424  	-7.756800 
56.000000 	0.887351  	0.931745  	-7.756800 
57.000000 	0.862976  	0.955067  	-7.756800 
58.000000 	0.838601  	0.978389  	-7.756800 
59.000000 	0.813785  	1.000860  	-7.756800 
60.000000 	0.788528  	1.022481  	-7.756800 
61.000000 	0.763272  	1.044102  	-7.756800 
62.000000 	0.738015  	1.065723  	-7.756800 
63.000000 	0.712759  	1.087344  	-7.756800 
64.000000 	0.686663  	1.106746  	-7.756800 
65.000000 	0.660567  	1.126149  	-7.756800 
66.000000 	0.634472  	1.145551  	-7.756800 
67.000000 	0.608376  	1.164954  	-7.756800 
68.000000 	0.581960  	1.183016  	-7.756800 
69.000000 	0.555224  	1.199738  	-7.756800 
70.000000 	0.528488  	1.216460  	-7.756800 
71.000000 	0.501752  	1.233182  	-7.756800 
72.000000 	0.475016  	1.249904  	-7.756800 
73.000000 	0.447962  	1.263549  	-7.756800 
74.000000 	0.420909  	1.277195  	-7.756800 
75.000000 	0.393855  	1.290841  	-7.756800 
76.000000 	0.366802  	1.304486  	-7.756800 
77.000000 	0.339800  	1.316434  	-7.756800 
78.000000 	0.312849  	1.326684  	-7.756800 
79.000000 	0.285899  	1.336934  	-7.756800 
80.000000 	0.258948  	1.347183  	-7.756800 
81.000000 	0.231998  	1.357433  	-7.756800 
82.000000 	0.205646  	1.364052  	-7.756800 
83.000000 	0.179294  	1.370670  	-7.756800 
84.000000 	0.152942  	1.377288  	-7.756800 
85.000000 	0.126589  	1.383907  	-7.756800 
86.000000 	0.100812  	1.388636  	-7.756800 
87.000000 	0.075609  	1.391477  	-7.756800 
88.000000 	0.050406  	1.394318  	-7.756800 
89.000000 	0.025203  	1.397159  	-7.756800 
90.000000 	0.000000  	1.400000  	-7.756800 
91.000000 	-0.017642 	1.397159  	-7.756800 
92.000000 	-0.035284 	1.394318  	-7.756800 
93.000000 	-0.052926 	1.391477  	-7.756800 
94.000000 	-0.070568 	1.388636  	-7.756800 
95.000000 	-0.088613 	1.383907  	-7.756800 
96.000000 	-0.107059 	1.377288  	-7.756800 
97.000000 	-0.125506 	1.370670  	-7.756800 
98.000000 	-0.143952 	1.364052  	-7.756800 
99.000000 	-0.162399 	1.357433  	-7.756800 
100.000000	-0.181264 	1.347183  	-7.756800 
101.000000	-0.200129 	1.336934  	-7.756800 
102.000000	-0.218995 	1.326684  	-7.756800 
103.000000	-0.237860 	1.316434  	-7.756800 
104.000000	-0.256761 	1.304486  	-7.756800 
105.000000	-0.275699 	1.290841  	-7.756800 
106.000000	-0.294636 	1.277195  	-7.756800 
107.000000	-0.313574 	1.263549  	-7.756800 
108.000000	-0.332511 	1.249904  	-7.756800 
109.000000	-0.351226 	1.233182  	-7.756800 
110.000000	-0.369941 	1.216460  	-7.756800 
111.000000	-0.388657 	1.199738  	-7.756800 
112.000000	-0.407372 	1.183016  	-7.756800 
113.000000	-0.425863 	1.164954  	-7.756800 
114.000000	-0.444130 	1.145551  	-7.756800 
115.000000	-0.462397 	1.126149  	-7.756800 
116.000000	-0.480664 	1.106746  	-7.756800 
117.000000	-0.498931 	1.087344  	-7.756800 
118.000000	-0.516611 	1.065723  	-7.756800 
119.000000	-0.534290 	1.044102  	-7.756800 
120.000000	-0.551970 	1.022481  	-7.756800 
121.000000	-0.569649 	1.000860  	-7.756800 
122.000000	-0.587020 	0.978389  	-7.756800 
123.000000	-0.604083 	0.955067  	-7.756800 
124.000000	-0.621146 	0.931745  	-7.756800 
125.000000	-0.638209 	0.908424  	-7.756800 
126.000000	-0.655272 	0.885102  	-7.756800 
127.000000	-0.671830 	0.860639  	-7.756800 
128.000000	-0.688388 	0.836177  	-7.756800 
129.000000	-0.704945 	0.811714  	-7.756800 
130.000000	-0.721503 	0.787251  	-7.756800 
131.000000	-0.737958 	0.762513  	-7.756800 
132.000000	-0.754310 	0.737498  	-7.756800 
133.000000	-0.770662 	0.712484  	-7.756800 
134.000000	-0.787013 	0.687469  	-7.756800 
135.000000	-0.803365 	0.662454  	-7.756800 
136.000000	-0.820067 	0.637491  	-7.756800 
137.000000	-0.836770 	0.612528  	-7.756800 
138.000000	-0.853472 	0.587565  	-7.756800 
139.000000	-0.870175 	0.562602  	-7.756800 
140.000000	-0.887522 	0.537966  	-7.756800 
141.000000	-0.905514 	0.513657  	-7.756800 
142.000000	-0.923505 	0.489349  	-7.756800 
143.000000	-0.941497 	0.465040  	-7.756800 
144.000000	-0.959489 	0.440731  	-7.756800 
145.000000	-0.980315 	0.417665  	-7.756800 
146.000000	-1.001140 	0.394599  	-7.756800 
147.000000	-1.021966 	0.371533  	-7.756800 
148.000000	-1.042792 	0.348467  	-7.756800 
149.000000	-1.066335 	0.326301  	-7.756800 
150.000000	-1.092597 	0.305036  	-7.756800 
151.000000	-1.118858 	0.283770  	-7.756800 
152.000000	-1.145119 	0.262505  	-7.756800 
153.000000	-1.171380 	0.241240  	-7.756800 
154.000000	-1.127996 	0.221563  	-7.756800 
155.000000	-1.084611 	0.201964  	-7.756800 
156.000000	-1.041227 	0.183370  	-7.756800 
157.000000	-0.997842 	0.164941  	-7.756800 
158.000000	-0.954458 	0.147512  	-7.756800 
159.000000	-0.911073 	0.130349  	-7.756800 
160.000000	-0.867689 	0.114162  	-7.756800 
161.000000	-0.824304 	0.098351  	-7.756800 
162.000000	-0.780920 	0.083479  	-7.756800 
163.000000	-0.737536 	0.069101  	-7.756800 
164.000000	-0.694151 	0.055610  	-7.756800 
165.000000	-0.650767 	0.042738  	-7.756800 
166.000000	-0.607382 	0.030689  	-7.756800 
167.000000	-0.563998 	0.019388  	-7.756800 
168.000000	-0.520613 	0.008835  	-7.756800 
169.000000	-0.477229 	0.003331  	-7.756800 
170.000000	-0.433844 	0.001613  	-7.756800 
171.000000	-0.390460 	0.001000  	-7.756800 
172.000000	-0.347076 	0.001000  	-7.756800 
173.000000	-0.303691 	0.001000  	-7.756800 
174.000000	-0.260307 	0.001000  	-7.756800 
175.000000	-0.216922 	0.001000  	-7.756800 
176.000000	-0.173538 	0.001000  	-7.756800 
177.000000	-0.130153 	0.001000  	-7.756800 
178.000000	-0.086769 	0.001000  	-7.756800 
179.000000	-0.043384 	0.001000  	-7.756800 
180.000000	0.000000  	0.001000  	-7.756800 
! ------------------------------------------------------------------------------
! data for table	3         
! ------------------------------------------------------------------------------
  0.400000  	Re           ! Reynolds number in millions
  0.000000  	UserProp     ! User property (control) setting
Flase           InclUAdata   ! Is unsteady aerodynamics data included in this table? If TRUE, then include UA coefficients below this line. Any missing coefficients will be calculated internally.
! Table of aerodynamics coefficients
  361       	NumAlf       ! Number of data lines in the following table
!Alpha      Cl          Cd          Cm/Cp
!(deg)      (-)         (-)         (-)
-180.000000	0.000000  	0.001000  	-8.101800 
-179.000000	0.040619  	0.001000  	-8.101800 
-178.000000	0.081239  	0.001000  	-8.101800 
-177.000000	0.121858  	0.001000  	-8.101800 
-176.000000	0.162477  	0.001000  	-8.101800 
-175.000000	0.203097  	0.001000  	-8.101800 
-174.000000	0.243716  	0.001000  	-8.101800 
-173.000000	0.284335  	0.001000  	-8.101800 
-172.000000	0.324954  	0.001000  	-8.101800 
-171.000000	0.365574  	0.001000  	-8.101800 
-170.000000	0.406193  	0.001000  	-8.101800 
-169.000000	0.446812  	0.001000  	-8.101800 
-168.000000	0.487432  	0.001000  	-8.101800 
-167.000000	0.528051  	0.006572  	-8.101800 
-166.000000	0.568670  	0.016323  	-8.101800 
-165.000000	0.609290  	0.027664  	-8.101800 
-164.000000	0.649909  	0.040593  	-8.101800 
-163.000000	0.690528  	0.054174  	-8.101800 
-162.000000	0.731148  	0.068624  	-8.101800 
-161.000000	0.771767  	0.083590  	-8.101800 
-160.000000	0.812386  	0.099486  	-8.101800 
-159.000000	0.853006  	0.115772  	-8.101800 
-158.000000	0.893625  	0.133033  	-8.101800 
-157.000000	0.934244  	0.150567  	-8.101800 
-156.000000	0.974863  	0.169104  	-8.101800 
-155.000000	1.015483  	0.187810  	-8.101800 
-154.000000	1.056102  	0.207528  	-8.101800 
-153.000000	1.096721  	0.227323  	-8.101800 
-152.000000	1.137341  	0.248122  	-8.101800 
-151.000000	1.177960  	0.268920  	-8.101800 
-150.000000	1.151615  	0.291166  	-8.101800 
-149.000000	1.125269  	0.313412  	-8.101800 
-148.000000	1.098924  	0.335657  	-8.101800 
-147.000000	1.072578  	0.357903  	-8.101800 
-146.000000	1.049209  	0.381141  	-8.101800 
-145.000000	1.027493  	0.404929  	-8.101800 
-144.000000	1.005777  	0.428717  	-8.101800 
-143.000000	0.984061  	0.452506  	-8.101800 
-142.000000	0.963058  	0.476581  	-8.101800 
-141.000000	0.943837  	0.501375  	-8.101800 
-140.000000	0.924617  	0.526169  	-8.101800 
-139.000000	0.905396  	0.550962  	-8.101800 
-138.000000	0.886175  	0.575756  	-8.101800 
-137.000000	0.868058  	0.600964  	-8.101800 
-136.000000	0.850025  	0.626204  	-8.101800 
-135.000000	0.831993  	0.651444  	-8.101800 
-134.000000	0.813960  	0.676683  	-8.101800 
-133.000000	0.796145  	0.701854  	-8.101800 
-132.000000	0.778492  	0.726971  	-8.101800 
-131.000000	0.760840  	0.752089  	-8.101800 
-130.000000	0.743188  	0.777207  	-8.101800 
-129.000000	0.725513  	0.802178  	-8.101800 
-128.000000	0.707758  	0.826609  	-8.101800 
-127.000000	0.690003  	0.851041  	-8.101800 
-126.000000	0.672247  	0.875473  	-8.101800 
-125.000000	0.654492  	0.899904  	-8.101800 
-124.000000	0.636427  	0.923278  	-8.101800 
-123.000000	0.618311  	0.946476  	-8.101800 
-122.000000	0.600196  	0.969673  	-8.101800 
-121.000000	0.582080  	0.992871  	-8.101800 
-120.000000	0.563738  	1.015193  	-8.101800 
-119.000000	0.545171  	1.036638  	-8.101800 
-118.000000	0.526604  	1.058084  	-8.101800 
-117.000000	0.508037  	1.079530  	-8.101800 
-116.000000	0.489410  	1.100657  	-8.101800 
-115.000000	0.470428  	1.119874  	-8.101800 
-114.000000	0.451445  	1.139091  	-8.101800 
-113.000000	0.432463  	1.158308  	-8.101800 
-112.000000	0.413480  	1.177525  	-8.101800 
-111.000000	0.394278  	1.194657  	-8.101800 
-110.000000	0.375016  	1.211220  	-8.101800 
-109.000000	0.355754  	1.227784  	-8.101800 
-108.000000	0.336491  	1.244347  	-8.101800 
-107.000000	0.317201  	1.259618  	-8.101800 
-106.000000	0.297874  	1.273165  	-8.101800 
-105.000000	0.278547  	1.286712  	-8.101800 
-104.000000	0.259219  	1.300259  	-8.101800 
-103.000000	0.239907  	1.313570  	-8.101800 
-102.000000	0.220792  	1.323807  	-8.101800 
-101.000000	0.201677  	1.334045  	-8.101800 
-100.000000	0.182561  	1.344283  	-8.101800 
-99.000000	0.163446  	1.354521  	-8.101800 
-98.000000	0.144714  	1.362241  	-8.101800 
-97.000000	0.126136  	1.368954  	-8.101800 
-96.000000	0.107557  	1.375667  	-8.101800 
-95.000000	0.088979  	1.382380  	-8.101800 
-94.000000	0.070721  	1.387786  	-8.101800 
-93.000000	0.053041  	1.390840  	-8.101800 
-92.000000	0.035361  	1.393893  	-8.101800 
-91.000000	0.017680  	1.396947  	-8.101800 
-90.000000	0.000000  	1.400000  	-8.101800 
-89.000000	-0.017680 	1.396947  	-8.101800 
-88.000000	-0.035361 	1.393893  	-8.101800 
-87.000000	-0.053041 	1.390840  	-8.101800 
-86.000000	-0.070721 	1.387786  	-8.101800 
-85.000000	-0.088979 	1.382380  	-8.101800 
-84.000000	-0.107557 	1.375667  	-8.101800 
-83.000000	-0.126136 	1.368954  	-8.101800 
-82.000000	-0.144714 	1.362241  	-8.101800 
-81.000000	-0.163446 	1.354521  	-8.101800 
-80.000000	-0.182561 	1.344283  	-8.101800 
-79.000000	-0.201677 	1.334045  	-8.101800 
-78.000000	-0.220792 	1.323807  	-8.101800 
-77.000000	-0.239907 	1.313570  	-8.101800 
-76.000000	-0.259219 	1.300259  	-8.101800 
-75.000000	-0.278547 	1.286712  	-8.101800 
-74.000000	-0.297874 	1.273165  	-8.101800 
-73.000000	-0.317201 	1.259618  	-8.101800 
-72.000000	-0.336491 	1.244347  	-8.101800 
-71.000000	-0.355754 	1.227784  	-8.101800 
-70.000000	-0.375016 	1.211220  	-8.101800 
-69.000000	-0.394278 	1.194657  	-8.101800 
-68.000000	-0.413480 	1.177525  	-8.101800 
-67.000000	-0.432463 	1.158308  	-8.101800 
-66.000000	-0.451445 	1.139091  	-8.101800 
-65.000000	-0.470428 	1.119874  	-8.101800 
-64.000000	-0.489410 	1.100657  	-8.101800 
-63.000000	-0.508037 	1.079530  	-8.101800 
-62.000000	-0.526604 	1.058084  	-8.101800 
-61.000000	-0.545171 	1.036638  	-8.101800 
-60.000000	-0.563738 	1.015193  	-8.101800 
-59.000000	-0.582080 	0.992871  	-8.101800 
-58.000000	-0.600196 	0.969673  	-8.101800 
-57.000000	-0.618311 	0.946476  	-8.101800 
-56.000000	-0.636427 	0.923278  	-8.101800 
-55.000000	-0.654492 	0.899904  	-8.101800 
-54.000000	-0.672247 	0.875473  	-8.101800 
-53.000000	-0.690003 	0.851041  	-8.101800 
-52.000000	-0.707758 	0.826609  	-8.101800 
-51.000000	-0.725513 	0.802178  	-8.101800 
-50.000000	-0.743188 	0.777207  	-8.101800 
-49.000000	-0.760840 	0.752089  	-8.101800 
-48.000000	-0.778492 	0.726971  	-8.101800 
-47.000000	-0.796145 	0.701854  	-8.101800 
-46.000000	-0.813960 	0.676683  	-8.101800 
-45.000000	-0.831993 	0.651444  	-8.101800 
-44.000000	-0.850025 	0.626204  	-8.101800 
-43.000000	-0.868058 	0.600964  	-8.101800 
-42.000000	-0.886175 	0.575756  	-8.101800 
-41.000000	-0.905396 	0.550962  	-8.101800 
-40.000000	-0.924617 	0.526169  	-8.101800 
-39.000000	-0.943837 	0.501375  	-8.101800 
-38.000000	-0.963058 	0.476581  	-8.101800 
-37.000000	-0.984061 	0.452506  	-8.101800 
-36.000000	-1.005777 	0.428717  	-8.101800 
-35.000000	-1.027493 	0.404929  	-8.101800 
-34.000000	-1.049209 	0.381141  	-8.101800 
-33.000000	-1.072578 	0.357903  	-8.101800 
-32.000000	-1.098924 	0.335657  	-8.101800 
-31.000000	-1.125269 	0.313412  	-8.101800 
-30.000000	-1.151615 	0.291166  	-8.101800 
-29.000000	-1.177960 	0.268920  	-8.101800 
-28.000000	-1.144204 	0.255668  	-8.101800 
-27.000000	-1.110448 	0.242416  	-8.101800 
-26.000000	-1.076693 	0.229164  	-8.101800 
-25.000000	-1.042937 	0.215912  	-8.101800 
-24.000000	-1.009181 	0.202659  	-8.101800 
-23.000000	-0.975425 	0.189407  	-8.101800 
-22.000000	-0.941669 	0.176155  	-8.101800 
-21.000000	-0.907914 	0.162903  	-8.101800 
-20.000000	-0.874158 	0.149651  	-8.101800 
-19.000000	-0.840402 	0.136399  	-8.101800 
-18.000000	-0.806646 	0.123147  	-8.101800 
-17.000000	-0.772891 	0.109895  	-8.101800 
-16.000000	-0.739135 	0.096643  	-8.101800 
-15.000000	-0.705379 	0.083391  	-8.101800 
-14.000000	-0.671623 	0.070138  	-8.101800 
-13.000000	-0.637867 	0.056886  	-8.101800 
-12.000000	-0.604112 	0.043634  	-6.421221 
-11.000000	-0.570356 	0.030382  	-4.068411 
-10.000000	-0.536600 	0.017130  	-1.715600 
-9.000000 	-0.385800 	0.016310  	-1.566300 
-8.000000 	-0.243900 	0.015900  	-1.433000 
-7.000000 	-0.116600 	0.015780  	-1.314200 
-6.000000 	0.021600  	0.015460  	-1.197400 
-5.000000 	0.162500  	0.015230  	-1.083800 
-4.000000 	0.291900  	0.015330  	-0.978100 
-3.000000 	0.423000  	0.015420  	-0.972000 
-2.000000 	0.556800  	0.015490  	-1.062300 
-1.000000 	0.688400  	0.015710  	-1.153800 
0.000000  	0.810600  	0.016070  	-1.248100 
1.000000  	0.936300  	0.016360  	-1.353200 
2.000000  	1.061100  	0.016650  	-1.482200 
3.000000  	1.175700  	0.017030  	-1.638400 
4.000000  	1.287700  	0.017400  	-1.825500 
5.000000  	1.394700  	0.017700  	-2.048200 
6.000000  	1.490300  	0.018250  	-2.302000 
7.000000  	1.573100  	0.019100  	-2.587700 
8.000000  	1.634100  	0.020630  	-2.893600 
9.000000  	1.662300  	0.023900  	-3.161300 
10.000000 	1.670500  	0.029740  	-3.410800 
11.000000 	1.665200  	0.038890  	-3.669400 
12.000000 	1.656800  	0.050320  	-3.913600 
13.000000 	1.646500  	0.062670  	-4.165700 
14.000000 	1.635400  	0.076040  	-4.415500 
15.000000 	1.627600  	0.089340  	-4.679700 
16.000000 	1.624400  	0.102710  	-4.964100 
17.000000 	1.623900  	0.115730  	-5.229000 
18.000000 	1.624900  	0.129050  	-5.507500 
19.000000 	1.628200  	0.141940  	-5.783000 
20.000000 	1.631100  	0.155220  	-6.082500 
21.000000 	1.637200  	0.167930  	-6.360900 
22.000000 	1.643800  	0.180760  	-6.635600 
23.000000 	1.648800  	0.193730  	-6.889200 
24.000000 	1.655600  	0.206370  	-7.152600 
25.000000 	1.663100  	0.218820  	-7.364000 
26.000000 	1.671200  	0.230780  	-7.616300 
27.000000 	1.682400  	0.241940  	-7.887800 
28.000000 	1.685100  	0.255080  	-8.036200 
29.000000 	1.682800  	0.268920  	-8.101800 
30.000000 	1.645164  	0.291166  	-8.101800 
31.000000 	1.607527  	0.313412  	-8.101800 
32.000000 	1.569891  	0.335657  	-8.101800 
33.000000 	1.532255  	0.357903  	-8.101800 
34.000000 	1.498870  	0.381141  	-8.101800 
35.000000 	1.467847  	0.404929  	-8.101800 
36.000000 	1.436825  	0.428717  	-8.101800 
37.000000 	1.405802  	0.452506  	-8.101800 
38.000000 	1.375798  	0.476581  	-8.101800 
39.000000 	1.348339  	0.501375  	-8.101800 
40.000000 	1.320881  	0.526169  	-8.101800 
41.000000 	1.293422  	0.550962  	-8.101800 
42.000000 	1.265964  	0.575756  	-8.101800 
43.000000 	1.240082  	0.600964  	-8.101800 
44.000000 	1.214321  	0.626204  	-8.101800 
45.000000 	1.188561  	0.651444  	-8.101800 
46.000000 	1.162800  	0.676683  	-8.101800 
47.000000 	1.137350  	0.701854  	-8.101800 
48.000000 	1.112132  	0.726971  	-8.101800 
49.000000 	1.086914  	0.752089  	-8.101800 
50.000000 	1.061697  	0.777207  	-8.101800 
51.000000 	1.036448  	0.802178  	-8.101800 
52.000000 	1.011083  	0.826609  	-8.101800 
53.000000 	0.985718  	0.851041  	-8.101800 
54.000000 	0.960353  	0.875473  	-8.101800 
55.000000 	0.934988  	0.899904  	-8.101800 
56.000000 	0.909182  	0.923278  	-8.101800 
57.000000 	0.883302  	0.946476  	-8.101800 
58.000000 	0.857422  	0.969673  	-8.101800 
59.000000 	0.831543  	0.992871  	-8.101800 
60.000000 	0.805340  	1.015193  	-8.101800 
61.000000 	0.778816  	1.036638  	-8.101800 
62.000000 	0.752291  	1.058084  	-8.101800 
63.000000 	0.725767  	1.079530  	-8.101800 
64.000000 	0.699158  	1.100657  	-8.101800 
65.000000 	0.672040  	1.119874  	-8.101800 
66.000000 	0.644922  	1.139091  	-8.101800 
67.000000 	0.617804  	1.158308  	-8.101800 
68.000000 	0.590686  	1.177525  	-8.101800 
69.000000 	0.563254  	1.194657  	-8.101800 
70.000000 	0.535737  	1.211220  	-8.101800 
71.000000 	0.508219  	1.227784  	-8.101800 
72.000000 	0.480702  	1.244347  	-8.101800 
73.000000 	0.453145  	1.259618  	-8.101800 
74.000000 	0.425534  	1.273165  	-8.101800 
75.000000 	0.397924  	1.286712  	-8.101800 
76.000000 	0.370314  	1.300259  	-8.101800 
77.000000 	0.342725  	1.313570  	-8.101800 
78.000000 	0.315417  	1.323807  	-8.101800 
79.000000 	0.288109  	1.334045  	-8.101800 
80.000000 	0.260802  	1.344283  	-8.101800 
81.000000 	0.233494  	1.354521  	-8.101800 
82.000000 	0.206734  	1.362241  	-8.101800 
83.000000 	0.180194  	1.368954  	-8.101800 
84.000000 	0.153653  	1.375667  	-8.101800 
85.000000 	0.127113  	1.382380  	-8.101800 
86.000000 	0.101030  	1.387786  	-8.101800 
87.000000 	0.075773  	1.390840  	-8.101800 
88.000000 	0.050515  	1.393893  	-8.101800 
89.000000 	0.025258  	1.396947  	-8.101800 
90.000000 	0.000000  	1.400000  	-8.101800 
91.000000 	-0.017680 	1.396947  	-8.101800 
92.000000 	-0.035361 	1.393893  	-8.101800 
93.000000 	-0.053041 	1.390840  	-8.101800 
94.000000 	-0.070721 	1.387786  	-8.101800 
95.000000 	-0.088979 	1.382380  	-8.101800 
96.000000 	-0.107557 	1.375667  	-8.101800 
97.000000 	-0.126136 	1.368954  	-8.101800 
98.000000 	-0.144714 	1.362241  	-8.101800 
99.000000 	-0.163446 	1.354521  	-8.101800 
100.000000	-0.182561 	1.344283  	-8.101800 
101.000000	-0.201677 	1.334045  	-8.101800 
102.000000	-0.220792 	1.323807  	-8.101800 
103.000000	-0.239907 	1.313570  	-8.101800 
104.000000	-0.259219 	1.300259  	-8.101800 
105.000000	-0.278547 	1.286712  	-8.101800 
106.000000	-0.297874 	1.273165  	-8.101800 
107.000000	-0.317201 	1.259618  	-8.101800 
108.000000	-0.336491 	1.244347  	-8.101800 
109.000000	-0.355754 	1.227784  	-8.101800 
110.000000	-0.375016 	1.211220  	-8.101800 
111.000000	-0.394278 	1.194657  	-8.101800 
112.000000	-0.413480 	1.177525  	-8.101800 
113.000000	-0.432463 	1.158308  	-8.101800 
114.000000	-0.451445 	1.139091  	-8.101800 
115.000000	-0.470428 	1.119874  	-8.101800 
116.000000	-0.489410 	1.100657  	-8.101800 
117.000000	-0.508037 	1.079530  	-8.101800 
118.000000	-0.526604 	1.058084  	-8.101800 
119.000000	-0.545171 	1.036638  	-8.101800 
120.000000	-0.563738 	1.015193  	-8.101800 
121.000000	-0.582080 	0.992871  	-8.101800 
122.000000	-0.600196 	0.969673  	-8.101800 
123.000000	-0.618311 	0.946476  	-8.101800 
124.000000	-0.636427 	0.923278  	-8.101800 
125.000000	-0.654492 	0.899904  	-8.101800 
126.000000	-0.672247 	0.875473  	-8.101800 
127.000000	-0.690003 	0.851041  	-8.101800 
128.000000	-0.707758 	0.826609  	-8.101800 
129.000000	-0.725513 	0.802178  	-8.101800 
130.000000	-0.743188 	0.777207  	-8.101800 
131.000000	-0.760840 	0.752089  	-8.101800 
132.000000	-0.778492 	0.726971  	-8.101800 
133.000000	-0.796145 	0.701854  	-8.101800 
134.000000	-0.813960 	0.676683  	-8.101800 
135.000000	-0.831993 	0.651444  	-8.101800 
136.000000	-0.850025 	0.626204  	-8.101800 
137.000000	-0.868058 	0.600964  	-8.101800 
138.000000	-0.886175 	0.575756  	-8.101800 
139.000000	-0.905396 	0.550962  	-8.101800 
140.000000	-0.924617 	0.526169  	-8.101800 
141.000000	-0.943837 	0.501375  	-8.101800 
142.000000	-0.963058 	0.476581  	-8.101800 
143.000000	-0.984061 	0.452506  	-8.101800 
144.000000	-1.005777 	0.428717  	-8.101800 
145.000000	-1.027493 	0.404929  	-8.101800 
146.000000	-1.049209 	0.381141  	-8.101800 
147.000000	-1.072578 	0.357903  	-8.101800 
148.000000	-1.098924 	0.335657  	-8.101800 
149.000000	-1.125269 	0.313412  	-8.101800 
150.000000	-1.151615 	0.291166  	-8.101800 
151.000000	-1.177960 	0.268920  	-8.101800 
152.000000	-1.137341 	0.248122  	-8.101800 
153.000000	-1.096721 	0.227323  	-8.101800 
154.000000	-1.056102 	0.207528  	-8.101800 
155.000000	-1.015483 	0.187810  	-8.101800 
156.000000	-0.974863 	0.169104  	-8.101800 
157.000000	-0.934244 	0.150567  	-8.101800 
158.000000	-0.893625 	0.133033  	-8.101800 
159.000000	-0.853006 	0.115772  	-8.101800 
160.000000	-0.812386 	0.099486  	-8.101800 
161.000000	-0.771767 	0.083590  	-8.101800 
162.000000	-0.731148 	0.068624  	-8.101800 
163.000000	-0.690528 	0.054174  	-8.101800 
164.000000	-0.649909 	0.040593  	-8.101800 
165.000000	-0.609290 	0.027664  	-8.101800 
166.000000	-0.568670 	0.016323  	-8.101800 
167.000000	-0.528051 	0.006572  	-8.101800 
168.000000	-0.487432 	0.001000  	-8.101800 
169.000000	-0.446812 	0.001000  	-8.101800 
170.000000	-0.406193 	0.001000  	-8.101800 
171.000000	-0.365574 	0.001000  	-8.101800 
172.000000	-0.324954 	0.001000  	-8.101800 
173.000000	-0.284335 	0.001000  	-8.101800 
174.000000	-0.243716 	0.001000  	-8.101800 
175.000000	-0.203097 	0.001000  	-8.101800 
176.000000	-0.162477 	0.001000  	-8.101800 
177.000000	-0.121858 	0.001000  	-8.101800 
178.000000	-0.081239 	0.001000  	-8.101800 
179.000000	-0.040619 	0.001000  	-8.101800 
180.000000	0.000000  	0.001000  	-8.101800 
! ------------------------------------------------------------------------------
! data for table	4         
! ------------------------------------------------------------------------------
  0.500000  	Re           ! Reynolds number in millions
  0.000000  	UserProp     ! User property (control) setting
Flase           InclUAdata   ! Is unsteady aerodynamics data included in this table? If TRUE, then include UA coefficients below this line. Any missing coefficients will be calculated internally.
! Table of aerodynamics coefficients
  361       	NumAlf       ! Number of data lines in the following table
!Alpha      Cl          Cd          Cm/Cp
!(deg)      (-)         (-)         (-)
-180.000000	0.000000  	0.001000  	-8.263100 
-179.000000	0.040866  	0.001000  	-8.263100 
-178.000000	0.081731  	0.001000  	-8.263100 
-177.000000	0.122597  	0.001000  	-8.263100 
-176.000000	0.163462  	0.001000  	-8.263100 
-175.000000	0.204328  	0.001000  	-8.263100 
-174.000000	0.245193  	0.001000  	-8.263100 
-173.000000	0.286059  	0.001000  	-8.263100 
-172.000000	0.326924  	0.001000  	-8.263100 
-171.000000	0.367790  	0.001000  	-8.263100 
-170.000000	0.408655  	0.001000  	-8.263100 
-169.000000	0.449521  	0.001000  	-8.263100 
-168.000000	0.490386  	0.001000  	-8.263100 
-167.000000	0.531252  	0.006441  	-8.263100 
-166.000000	0.572117  	0.015962  	-8.263100 
-165.000000	0.612983  	0.027189  	-8.263100 
-164.000000	0.653848  	0.040121  	-8.263100 
-163.000000	0.694714  	0.053704  	-8.263100 
-162.000000	0.735579  	0.068157  	-8.263100 
-161.000000	0.776445  	0.083126  	-8.263100 
-160.000000	0.817310  	0.099024  	-8.263100 
-159.000000	0.858176  	0.115313  	-8.263100 
-158.000000	0.899041  	0.132577  	-8.263100 
-157.000000	0.939907  	0.150114  	-8.263100 
-156.000000	0.980772  	0.168655  	-8.263100 
-155.000000	1.021638  	0.187364  	-8.263100 
-154.000000	1.062503  	0.207086  	-8.263100 
-153.000000	1.103369  	0.226885  	-8.263100 
-152.000000	1.144234  	0.247688  	-8.263100 
-151.000000	1.185100  	0.268490  	-8.263100 
-150.000000	1.158434  	0.290740  	-8.263100 
-149.000000	1.131767  	0.312991  	-8.263100 
-148.000000	1.105101  	0.335241  	-8.263100 
-147.000000	1.078434  	0.357491  	-8.263100 
-146.000000	1.054786  	0.380733  	-8.263100 
-145.000000	1.032815  	0.404527  	-8.263100 
-144.000000	1.010844  	0.428320  	-8.263100 
-143.000000	0.988873  	0.452113  	-8.263100 
-142.000000	0.967628  	0.476194  	-8.263100 
-141.000000	0.948199  	0.500993  	-8.263100 
-140.000000	0.928769  	0.525792  	-8.263100 
-139.000000	0.909340  	0.550591  	-8.263100 
-138.000000	0.889911  	0.575390  	-8.263100 
-137.000000	0.871618  	0.600604  	-8.263100 
-136.000000	0.853413  	0.625850  	-8.263100 
-135.000000	0.835207  	0.651096  	-8.263100 
-134.000000	0.817001  	0.676342  	-8.263100 
-133.000000	0.799029  	0.701518  	-8.263100 
-132.000000	0.781231  	0.726643  	-8.263100 
-131.000000	0.763434  	0.751767  	-8.263100 
-130.000000	0.745636  	0.776891  	-8.263100 
-129.000000	0.727822  	0.801869  	-8.263100 
-128.000000	0.709944  	0.826307  	-8.263100 
-127.000000	0.692066  	0.850745  	-8.263100 
-126.000000	0.674188  	0.875184  	-8.263100 
-125.000000	0.656310  	0.899622  	-8.263100 
-124.000000	0.638140  	0.923003  	-8.263100 
-123.000000	0.619922  	0.946208  	-8.263100 
-122.000000	0.601703  	0.969413  	-8.263100 
-121.000000	0.583484  	0.992618  	-8.263100 
-120.000000	0.565048  	1.014947  	-8.263100 
-119.000000	0.546395  	1.036400  	-8.263100 
-118.000000	0.527742  	1.057853  	-8.263100 
-117.000000	0.509089  	1.079307  	-8.263100 
-116.000000	0.490379  	1.100442  	-8.263100 
-115.000000	0.471326  	1.119666  	-8.263100 
-114.000000	0.452273  	1.138891  	-8.263100 
-113.000000	0.433220  	1.158116  	-8.263100 
-112.000000	0.414167  	1.177341  	-8.263100 
-111.000000	0.394905  	1.194481  	-8.263100 
-110.000000	0.375586  	1.211052  	-8.263100 
-109.000000	0.356268  	1.227624  	-8.263100 
-108.000000	0.336949  	1.244195  	-8.263100 
-107.000000	0.317608  	1.259474  	-8.263100 
-106.000000	0.298238  	1.273029  	-8.263100 
-105.000000	0.278868  	1.286585  	-8.263100 
-104.000000	0.259497  	1.300140  	-8.263100 
-103.000000	0.240143  	1.313459  	-8.263100 
-102.000000	0.220997  	1.323705  	-8.263100 
-101.000000	0.201851  	1.333952  	-8.263100 
-100.000000	0.182705  	1.344198  	-8.263100 
-99.000000	0.163560  	1.354444  	-8.263100 
-98.000000	0.144806  	1.362173  	-8.263100 
-97.000000	0.126210  	1.368894  	-8.263100 
-96.000000	0.107613  	1.375616  	-8.263100 
-95.000000	0.089017  	1.382337  	-8.263100 
-94.000000	0.070745  	1.387752  	-8.263100 
-93.000000	0.053059  	1.390814  	-8.263100 
-92.000000	0.035373  	1.393876  	-8.263100 
-91.000000	0.017686  	1.396938  	-8.263100 
-90.000000	0.000000  	1.400000  	-8.263100 
-89.000000	-0.017686 	1.396938  	-8.263100 
-88.000000	-0.035373 	1.393876  	-8.263100 
-87.000000	-0.053059 	1.390814  	-8.263100 
-86.000000	-0.070745 	1.387752  	-8.263100 
-85.000000	-0.089017 	1.382337  	-8.263100 
-84.000000	-0.107613 	1.375616  	-8.263100 
-83.000000	-0.126210 	1.368894  	-8.263100 
-82.000000	-0.144806 	1.362173  	-8.263100 
-81.000000	-0.163560 	1.354444  	-8.263100 
-80.000000	-0.182705 	1.344198  	-8.263100 
-79.000000	-0.201851 	1.333952  	-8.263100 
-78.000000	-0.220997 	1.323705  	-8.263100 
-77.000000	-0.240143 	1.313459  	-8.263100 
-76.000000	-0.259497 	1.300140  	-8.263100 
-75.000000	-0.278868 	1.286585  	-8.263100 
-74.000000	-0.298238 	1.273029  	-8.263100 
-73.000000	-0.317608 	1.259474  	-8.263100 
-72.000000	-0.336949 	1.244195  	-8.263100 
-71.000000	-0.356268 	1.227624  	-8.263100 
-70.000000	-0.375586 	1.211052  	-8.263100 
-69.000000	-0.394905 	1.194481  	-8.263100 
-68.000000	-0.414167 	1.177341  	-8.263100 
-67.000000	-0.433220 	1.158116  	-8.263100 
-66.000000	-0.452273 	1.138891  	-8.263100 
-65.000000	-0.471326 	1.119666  	-8.263100 
-64.000000	-0.490379 	1.100442  	-8.263100 
-63.000000	-0.509089 	1.079307  	-8.263100 
-62.000000	-0.527742 	1.057853  	-8.263100 
-61.000000	-0.546395 	1.036400  	-8.263100 
-60.000000	-0.565048 	1.014947  	-8.263100 
-59.000000	-0.583484 	0.992618  	-8.263100 
-58.000000	-0.601703 	0.969413  	-8.263100 
-57.000000	-0.619922 	0.946208  	-8.263100 
-56.000000	-0.638140 	0.923003  	-8.263100 
-55.000000	-0.656310 	0.899622  	-8.263100 
-54.000000	-0.674188 	0.875184  	-8.263100 
-53.000000	-0.692066 	0.850745  	-8.263100 
-52.000000	-0.709944 	0.826307  	-8.263100 
-51.000000	-0.727822 	0.801869  	-8.263100 
-50.000000	-0.745636 	0.776891  	-8.263100 
-49.000000	-0.763434 	0.751767  	-8.263100 
-48.000000	-0.781231 	0.726643  	-8.263100 
-47.000000	-0.799029 	0.701518  	-8.263100 
-46.000000	-0.817001 	0.676342  	-8.263100 
-45.000000	-0.835207 	0.651096  	-8.263100 
-44.000000	-0.853413 	0.625850  	-8.263100 
-43.000000	-0.871618 	0.600604  	-8.263100 
-42.000000	-0.889911 	0.575390  	-8.263100 
-41.000000	-0.909340 	0.550591  	-8.263100 
-40.000000	-0.928769 	0.525792  	-8.263100 
-39.000000	-0.948199 	0.500993  	-8.263100 
-38.000000	-0.967628 	0.476194  	-8.263100 
-37.000000	-0.988873 	0.452113  	-8.263100 
-36.000000	-1.010844 	0.428320  	-8.263100 
-35.000000	-1.032815 	0.404527  	-8.263100 
-34.000000	-1.054786 	0.380733  	-8.263100 
-33.000000	-1.078434 	0.357491  	-8.263100 
-32.000000	-1.105101 	0.335241  	-8.263100 
-31.000000	-1.131767 	0.312991  	-8.263100 
-30.000000	-1.158434 	0.290740  	-8.263100 
-29.000000	-1.185100 	0.268490  	-8.263100 
-28.000000	-1.150289 	0.255157  	-8.263100 
-27.000000	-1.115479 	0.241824  	-8.263100 
-26.000000	-1.080668 	0.228491  	-8.263100 
-25.000000	-1.045858 	0.215157  	-8.263100 
-24.000000	-1.011047 	0.201824  	-8.263100 
-23.000000	-0.976237 	0.188491  	-8.263100 
-22.000000	-0.941426 	0.175158  	-8.263100 
-21.000000	-0.906616 	0.161825  	-8.263100 
-20.000000	-0.871805 	0.148492  	-8.263100 
-19.000000	-0.836995 	0.135158  	-8.263100 
-18.000000	-0.802184 	0.121825  	-8.263100 
-17.000000	-0.767374 	0.108492  	-8.263100 
-16.000000	-0.732563 	0.095159  	-8.263100 
-15.000000	-0.697753 	0.081826  	-8.263100 
-14.000000	-0.662942 	0.068493  	-8.263100 
-13.000000	-0.628132 	0.055159  	-8.263100 
-12.000000	-0.593321 	0.041826  	-6.539995 
-11.000000	-0.558511 	0.028493  	-4.127647 
-10.000000	-0.523700 	0.015160  	-1.715300 
-9.000000 	-0.382200 	0.014690  	-1.571900 
-8.000000 	-0.240600 	0.014210  	-1.439000 
-7.000000 	-0.097700 	0.013900  	-1.313100 
-6.000000 	0.035500  	0.013780  	-1.197600 
-5.000000 	0.169300  	0.013690  	-1.086800 
-4.000000 	0.305100  	0.013630  	-0.979200 
-3.000000 	0.438900  	0.013740  	-0.982500 
-2.000000 	0.566400  	0.013880  	-1.070000 
-1.000000 	0.695700  	0.014060  	-1.160700 
0.000000  	0.824100  	0.014310  	-1.258400 
1.000000  	0.947400  	0.014640  	-1.362100 
2.000000  	1.067000  	0.014930  	-1.488000 
3.000000  	1.184000  	0.015210  	-1.646400 
4.000000  	1.297400  	0.015650  	-1.836500 
5.000000  	1.401700  	0.016040  	-2.057600 
6.000000  	1.501400  	0.016640  	-2.317400 
7.000000  	1.588500  	0.017670  	-2.613100 
8.000000  	1.645000  	0.019490  	-2.915200 
9.000000  	1.678600  	0.023010  	-3.195200 
10.000000 	1.688600  	0.028730  	-3.450200 
11.000000 	1.691700  	0.037350  	-3.736500 
12.000000 	1.689300  	0.048050  	-4.002400 
13.000000 	1.679200  	0.060460  	-4.264600 
14.000000 	1.669200  	0.073360  	-4.524100 
15.000000 	1.662200  	0.086690  	-4.796800 
16.000000 	1.653900  	0.100320  	-5.072600 
17.000000 	1.654300  	0.113320  	-5.347700 
18.000000 	1.652800  	0.126620  	-5.628300 
19.000000 	1.654400  	0.139880  	-5.907900 
20.000000 	1.652600  	0.153620  	-6.196300 
21.000000 	1.656100  	0.166820  	-6.469700 
22.000000 	1.658300  	0.180220  	-6.729100 
23.000000 	1.660000  	0.193790  	-6.969400 
24.000000 	1.662400  	0.207150  	-7.213500 
25.000000 	1.666700  	0.220170  	-7.409100 
26.000000 	1.673400  	0.232450  	-7.660200 
27.000000 	1.676800  	0.245540  	-7.861600 
28.000000 	1.682000  	0.257920  	-8.037500 
29.000000 	1.693000  	0.268490  	-8.263100 
30.000000 	1.654905  	0.290740  	-8.263100 
31.000000 	1.616810  	0.312991  	-8.263100 
32.000000 	1.578715  	0.335241  	-8.263100 
33.000000 	1.540620  	0.357491  	-8.263100 
34.000000 	1.506838  	0.380733  	-8.263100 
35.000000 	1.475450  	0.404527  	-8.263100 
36.000000 	1.444063  	0.428320  	-8.263100 
37.000000 	1.412675  	0.452113  	-8.263100 
38.000000 	1.382326  	0.476194  	-8.263100 
39.000000 	1.354570  	0.500993  	-8.263100 
40.000000 	1.326814  	0.525792  	-8.263100 
41.000000 	1.299058  	0.550591  	-8.263100 
42.000000 	1.271301  	0.575390  	-8.263100 
43.000000 	1.245169  	0.600604  	-8.263100 
44.000000 	1.219161  	0.625850  	-8.263100 
45.000000 	1.193153  	0.651096  	-8.263100 
46.000000 	1.167145  	0.676342  	-8.263100 
47.000000 	1.141470  	0.701518  	-8.263100 
48.000000 	1.116045  	0.726643  	-8.263100 
49.000000 	1.090620  	0.751767  	-8.263100 
50.000000 	1.065195  	0.776891  	-8.263100 
51.000000 	1.039745  	0.801869  	-8.263100 
52.000000 	1.014206  	0.826307  	-8.263100 
53.000000 	0.988666  	0.850745  	-8.263100 
54.000000 	0.963126  	0.875184  	-8.263100 
55.000000 	0.937586  	0.899622  	-8.263100 
56.000000 	0.911629  	0.923003  	-8.263100 
57.000000 	0.885602  	0.946208  	-8.263100 
58.000000 	0.859576  	0.969413  	-8.263100 
59.000000 	0.833549  	0.992618  	-8.263100 
60.000000 	0.807212  	1.014947  	-8.263100 
61.000000 	0.780564  	1.036400  	-8.263100 
62.000000 	0.753917  	1.057853  	-8.263100 
63.000000 	0.727270  	1.079307  	-8.263100 
64.000000 	0.700541  	1.100442  	-8.263100 
65.000000 	0.673322  	1.119666  	-8.263100 
66.000000 	0.646104  	1.138891  	-8.263100 
67.000000 	0.618885  	1.158116  	-8.263100 
68.000000 	0.591667  	1.177341  	-8.263100 
69.000000 	0.564150  	1.194481  	-8.263100 
70.000000 	0.536552  	1.211052  	-8.263100 
71.000000 	0.508954  	1.227624  	-8.263100 
72.000000 	0.481356  	1.244195  	-8.263100 
73.000000 	0.453726  	1.259474  	-8.263100 
74.000000 	0.426054  	1.273029  	-8.263100 
75.000000 	0.398382  	1.286585  	-8.263100 
76.000000 	0.370710  	1.300140  	-8.263100 
77.000000 	0.343061  	1.313459  	-8.263100 
78.000000 	0.315710  	1.323705  	-8.263100 
79.000000 	0.288359  	1.333952  	-8.263100 
80.000000 	0.261008  	1.344198  	-8.263100 
81.000000 	0.233656  	1.354444  	-8.263100 
82.000000 	0.206866  	1.362173  	-8.263100 
83.000000 	0.180299  	1.368894  	-8.263100 
84.000000 	0.153733  	1.375616  	-8.263100 
85.000000 	0.127167  	1.382337  	-8.263100 
86.000000 	0.101065  	1.387752  	-8.263100 
87.000000 	0.075799  	1.390814  	-8.263100 
88.000000 	0.050532  	1.393876  	-8.263100 
89.000000 	0.025266  	1.396938  	-8.263100 
90.000000 	0.000000  	1.400000  	-8.263100 
91.000000 	-0.017686 	1.396938  	-8.263100 
92.000000 	-0.035373 	1.393876  	-8.263100 
93.000000 	-0.053059 	1.390814  	-8.263100 
94.000000 	-0.070745 	1.387752  	-8.263100 
95.000000 	-0.089017 	1.382337  	-8.263100 
96.000000 	-0.107613 	1.375616  	-8.263100 
97.000000 	-0.126210 	1.368894  	-8.263100 
98.000000 	-0.144806 	1.362173  	-8.263100 
99.000000 	-0.163560 	1.354444  	-8.263100 
100.000000	-0.182705 	1.344198  	-8.263100 
101.000000	-0.201851 	1.333952  	-8.263100 
102.000000	-0.220997 	1.323705  	-8.263100 
103.000000	-0.240143 	1.313459  	-8.263100 
104.000000	-0.259497 	1.300140  	-8.263100 
105.000000	-0.278868 	1.286585  	-8.263100 
106.000000	-0.298238 	1.273029  	-8.263100 
107.000000	-0.317608 	1.259474  	-8.263100 
108.000000	-0.336949 	1.244195  	-8.263100 
109.000000	-0.356268 	1.227624  	-8.263100 
110.000000	-0.375586 	1.211052  	-8.263100 
111.000000	-0.394905 	1.194481  	-8.263100 
112.000000	-0.414167 	1.177341  	-8.263100 
113.000000	-0.433220 	1.158116  	-8.263100 
114.000000	-0.452273 	1.138891  	-8.263100 
115.000000	-0.471326 	1.119666  	-8.263100 
116.000000	-0.490379 	1.100442  	-8.263100 
117.000000	-0.509089 	1.079307  	-8.263100 
118.000000	-0.527742 	1.057853  	-8.263100 
119.000000	-0.546395 	1.036400  	-8.263100 
120.000000	-0.565048 	1.014947  	-8.263100 
121.000000	-0.583484 	0.992618  	-8.263100 
122.000000	-0.601703 	0.969413  	-8.263100 
123.000000	-0.619922 	0.946208  	-8.263100 
124.000000	-0.638140 	0.923003  	-8.263100 
125.000000	-0.656310 	0.899622  	-8.263100 
126.000000	-0.674188 	0.875184  	-8.263100 
127.000000	-0.692066 	0.850745  	-8.263100 
128.000000	-0.709944 	0.826307  	-8.263100 
129.000000	-0.727822 	0.801869  	-8.263100 
130.000000	-0.745636 	0.776891  	-8.263100 
131.000000	-0.763434 	0.751767  	-8.263100 
132.000000	-0.781231 	0.726643  	-8.263100 
133.000000	-0.799029 	0.701518  	-8.263100 
134.000000	-0.817001 	0.676342  	-8.263100 
135.000000	-0.835207 	0.651096  	-8.263100 
136.000000	-0.853413 	0.625850  	-8.263100 
137.000000	-0.871618 	0.600604  	-8.263100 
138.000000	-0.889911 	0.575390  	-8.263100 
139.000000	-0.909340 	0.550591  	-8.263100 
140.000000	-0.928769 	0.525792  	-8.263100 
141.000000	-0.948199 	0.500993  	-8.263100 
142.000000	-0.967628 	0.476194  	-8.263100 
143.000000	-0.988873 	0.452113  	-8.263100 
144.000000	-1.010844 	0.428320  	-8.263100 
145.000000	-1.032815 	0.404527  	-8.263100 
146.000000	-1.054786 	0.380733  	-8.263100 
147.000000	-1.078434 	0.357491  	-8.263100 
148.000000	-1.105101 	0.335241  	-8.263100 
149.000000	-1.131767 	0.312991  	-8.263100 
150.000000	-1.158434 	0.290740  	-8.263100 
151.000000	-1.185100 	0.268490  	-8.263100 
152.000000	-1.144234 	0.247688  	-8.263100 
153.000000	-1.103369 	0.226885  	-8.263100 
154.000000	-1.062503 	0.207086  	-8.263100 
155.000000	-1.021638 	0.187364  	-8.263100 
156.000000	-0.980772 	0.168655  	-8.263100 
157.000000	-0.939907 	0.150114  	-8.263100 
158.000000	-0.899041 	0.132577  	-8.263100 
159.000000	-0.858176 	0.115313  	-8.263100 
160.000000	-0.817310 	0.099024  	-8.263100 
161.000000	-0.776445 	0.083126  	-8.263100 
162.000000	-0.735579 	0.068157  	-8.263100 
163.000000	-0.694714 	0.053704  	-8.263100 
164.000000	-0.653848 	0.040121  	-8.263100 
165.000000	-0.612983 	0.027189  	-8.263100 
166.000000	-0.572117 	0.015962  	-8.263100 
167.000000	-0.531252 	0.006441  	-8.263100 
168.000000	-0.490386 	0.001000  	-8.263100 
169.000000	-0.449521 	0.001000  	-8.263100 
170.000000	-0.408655 	0.001000  	-8.263100 
171.000000	-0.367790 	0.001000  	-8.263100 
172.000000	-0.326924 	0.001000  	-8.263100 
173.000000	-0.286059 	0.001000  	-8.263100 
174.000000	-0.245193 	0.001000  	-8.263100 
175.000000	-0.204328 	0.001000  	-8.263100 
176.000000	-0.163462 	0.001000  	-8.263100 
177.000000	-0.122597 	0.001000  	-8.263100 
178.000000	-0.081731 	0.001000  	-8.263100 
179.000000	-0.040866 	0.001000  	-8.263100 
180.000000	0.000000  	0.001000  	-8.263100 
! ------------------------------------------------------------------------------
! data for table	5         
! ------------------------------------------------------------------------------
  0.600000  	Re           ! Reynolds number in millions
  0.000000  	UserProp     ! User property (control) setting
Flase           InclUAdata   ! Is unsteady aerodynamics data included in this table? If TRUE, then include UA coefficients below this line. Any missing coefficients will be calculated internally.
! Table of aerodynamics coefficients
  361       	NumAlf       ! Number of data lines in the following table
!Alpha      Cl          Cd          Cm/Cp
!(deg)      (-)         (-)         (-)
-180.000000	0.000000  	0.001000  	-8.228200 
-179.000000	0.040735  	0.001000  	-8.228200 
-178.000000	0.081470  	0.001000  	-8.228200 
-177.000000	0.122206  	0.001000  	-8.228200 
-176.000000	0.162941  	0.001000  	-8.228200 
-175.000000	0.203676  	0.001000  	-8.228200 
-174.000000	0.244411  	0.001000  	-8.228200 
-173.000000	0.285146  	0.001000  	-8.228200 
-172.000000	0.325881  	0.001000  	-8.228200 
-171.000000	0.366617  	0.001000  	-8.228200 
-170.000000	0.407352  	0.001000  	-8.228200 
-169.000000	0.448087  	0.001000  	-8.228200 
-168.000000	0.488822  	0.001000  	-8.228200 
-167.000000	0.529557  	0.007299  	-8.228200 
-166.000000	0.570292  	0.018322  	-8.228200 
-165.000000	0.611028  	0.030292  	-8.228200 
-164.000000	0.651763  	0.043209  	-8.228200 
-163.000000	0.692498  	0.056776  	-8.228200 
-162.000000	0.733233  	0.071212  	-8.228200 
-161.000000	0.773968  	0.086163  	-8.228200 
-160.000000	0.814703  	0.102043  	-8.228200 
-159.000000	0.855439  	0.118312  	-8.228200 
-158.000000	0.896174  	0.135556  	-8.228200 
-157.000000	0.936909  	0.153072  	-8.228200 
-156.000000	0.977644  	0.171589  	-8.228200 
-155.000000	1.018379  	0.190276  	-8.228200 
-154.000000	1.059114  	0.209973  	-8.228200 
-153.000000	1.099850  	0.229748  	-8.228200 
-152.000000	1.140585  	0.250524  	-8.228200 
-151.000000	1.181320  	0.271300  	-8.228200 
-150.000000	1.154824  	0.293521  	-8.228200 
-149.000000	1.128327  	0.315742  	-8.228200 
-148.000000	1.101831  	0.337964  	-8.228200 
-147.000000	1.075334  	0.360185  	-8.228200 
-146.000000	1.051834  	0.383396  	-8.228200 
-145.000000	1.029998  	0.407157  	-8.228200 
-144.000000	1.008162  	0.430917  	-8.228200 
-143.000000	0.986326  	0.454678  	-8.228200 
-142.000000	0.965209  	0.478725  	-8.228200 
-141.000000	0.945890  	0.503488  	-8.228200 
-140.000000	0.926571  	0.528252  	-8.228200 
-139.000000	0.907252  	0.553015  	-8.228200 
-138.000000	0.887933  	0.577778  	-8.228200 
-137.000000	0.869733  	0.602953  	-8.228200 
-136.000000	0.851619  	0.628160  	-8.228200 
-135.000000	0.833505  	0.653367  	-8.228200 
-134.000000	0.815391  	0.678573  	-8.228200 
-133.000000	0.797502  	0.703709  	-8.228200 
-132.000000	0.779781  	0.728791  	-8.228200 
-131.000000	0.762061  	0.753873  	-8.228200 
-130.000000	0.744340  	0.778956  	-8.228200 
-129.000000	0.726600  	0.803890  	-8.228200 
-128.000000	0.708787  	0.828284  	-8.228200 
-127.000000	0.690974  	0.852677  	-8.228200 
-126.000000	0.673161  	0.877071  	-8.228200 
-125.000000	0.655347  	0.901465  	-8.228200 
-124.000000	0.637233  	0.924799  	-8.228200 
-123.000000	0.619069  	0.947957  	-8.228200 
-122.000000	0.600905  	0.971114  	-8.228200 
-121.000000	0.582741  	0.994272  	-8.228200 
-120.000000	0.564355  	1.016553  	-8.228200 
-119.000000	0.545747  	1.037957  	-8.228200 
-118.000000	0.527140  	1.059361  	-8.228200 
-117.000000	0.508532  	1.080765  	-8.228200 
-116.000000	0.489866  	1.101850  	-8.228200 
-115.000000	0.470850  	1.121023  	-8.228200 
-114.000000	0.451835  	1.140197  	-8.228200 
-113.000000	0.432819  	1.159370  	-8.228200 
-112.000000	0.413803  	1.178544  	-8.228200 
-111.000000	0.394573  	1.195632  	-8.228200 
-110.000000	0.375284  	1.212150  	-8.228200 
-109.000000	0.355995  	1.228669  	-8.228200 
-108.000000	0.336707  	1.245188  	-8.228200 
-107.000000	0.317393  	1.260413  	-8.228200 
-106.000000	0.298045  	1.273914  	-8.228200 
-105.000000	0.278698  	1.287416  	-8.228200 
-104.000000	0.259350  	1.300917  	-8.228200 
-103.000000	0.240018  	1.314182  	-8.228200 
-102.000000	0.220888  	1.324373  	-8.228200 
-101.000000	0.201759  	1.334564  	-8.228200 
-100.000000	0.182629  	1.344756  	-8.228200 
-99.000000	0.163499  	1.354947  	-8.228200 
-98.000000	0.144757  	1.362620  	-8.228200 
-97.000000	0.126170  	1.369286  	-8.228200 
-96.000000	0.107584  	1.375951  	-8.228200 
-95.000000	0.088997  	1.382617  	-8.228200 
-94.000000	0.070733  	1.387976  	-8.228200 
-93.000000	0.053049  	1.390982  	-8.228200 
-92.000000	0.035366  	1.393988  	-8.228200 
-91.000000	0.017683  	1.396994  	-8.228200 
-90.000000	0.000000  	1.400000  	-8.228200 
-89.000000	-0.017683 	1.396994  	-8.228200 
-88.000000	-0.035366 	1.393988  	-8.228200 
-87.000000	-0.053049 	1.390982  	-8.228200 
-86.000000	-0.070733 	1.387976  	-8.228200 
-85.000000	-0.088997 	1.382617  	-8.228200 
-84.000000	-0.107584 	1.375951  	-8.228200 
-83.000000	-0.126170 	1.369286  	-8.228200 
-82.000000	-0.144757 	1.362620  	-8.228200 
-81.000000	-0.163499 	1.354947  	-8.228200 
-80.000000	-0.182629 	1.344756  	-8.228200 
-79.000000	-0.201759 	1.334564  	-8.228200 
-78.000000	-0.220888 	1.324373  	-8.228200 
-77.000000	-0.240018 	1.314182  	-8.228200 
-76.000000	-0.259350 	1.300917  	-8.228200 
-75.000000	-0.278698 	1.287416  	-8.228200 
-74.000000	-0.298045 	1.273914  	-8.228200 
-73.000000	-0.317393 	1.260413  	-8.228200 
-72.000000	-0.336707 	1.245188  	-8.228200 
-71.000000	-0.355995 	1.228669  	-8.228200 
-70.000000	-0.375284 	1.212150  	-8.228200 
-69.000000	-0.394573 	1.195632  	-8.228200 
-68.000000	-0.413803 	1.178544  	-8.228200 
-67.000000	-0.432819 	1.159370  	-8.228200 
-66.000000	-0.451835 	1.140197  	-8.228200 
-65.000000	-0.470850 	1.121023  	-8.228200 
-64.000000	-0.489866 	1.101850  	-8.228200 
-63.000000	-0.508532 	1.080765  	-8.228200 
-62.000000	-0.527140 	1.059361  	-8.228200 
-61.000000	-0.545747 	1.037957  	-8.228200 
-60.000000	-0.564355 	1.016553  	-8.228200 
-59.000000	-0.582741 	0.994272  	-8.228200 
-58.000000	-0.600905 	0.971114  	-8.228200 
-57.000000	-0.619069 	0.947957  	-8.228200 
-56.000000	-0.637233 	0.924799  	-8.228200 
-55.000000	-0.655347 	0.901465  	-8.228200 
-54.000000	-0.673161 	0.877071  	-8.228200 
-53.000000	-0.690974 	0.852677  	-8.228200 
-52.000000	-0.708787 	0.828284  	-8.228200 
-51.000000	-0.726600 	0.803890  	-8.228200 
-50.000000	-0.744340 	0.778956  	-8.228200 
-49.000000	-0.762061 	0.753873  	-8.228200 
-48.000000	-0.779781 	0.728791  	-8.228200 
-47.000000	-0.797502 	0.703709  	-8.228200 
-46.000000	-0.815391 	0.678573  	-8.228200 
-45.000000	-0.833505 	0.653367  	-8.228200 
-44.000000	-0.851619 	0.628160  	-8.228200 
-43.000000	-0.869733 	0.602953  	-8.228200 
-42.000000	-0.887933 	0.577778  	-8.228200 
-41.000000	-0.907252 	0.553015  	-8.228200 
-40.000000	-0.926571 	0.528252  	-8.228200 
-39.000000	-0.945890 	0.503488  	-8.228200 
-38.000000	-0.965209 	0.478725  	-8.228200 
-37.000000	-0.986326 	0.454678  	-8.228200 
-36.000000	-1.008162 	0.430917  	-8.228200 
-35.000000	-1.029998 	0.407157  	-8.228200 
-34.000000	-1.051834 	0.383396  	-8.228200 
-33.000000	-1.075334 	0.360185  	-8.228200 
-32.000000	-1.101831 	0.337964  	-8.228200 
-31.000000	-1.128327 	0.315742  	-8.228200 
-30.000000	-1.154824 	0.293521  	-8.228200 
-29.000000	-1.181320 	0.271300  	-8.228200 
-28.000000	-1.146872 	0.257772  	-8.228200 
-27.000000	-1.112423 	0.244243  	-8.228200 
-26.000000	-1.077975 	0.230715  	-8.228200 
-25.000000	-1.043526 	0.217186  	-8.228200 
-24.000000	-1.009078 	0.203658  	-8.228200 
-23.000000	-0.974629 	0.190129  	-8.228200 
-22.000000	-0.940181 	0.176601  	-8.228200 
-21.000000	-0.905733 	0.163073  	-8.228200 
-20.000000	-0.871284 	0.149544  	-8.228200 
-19.000000	-0.836836 	0.136016  	-8.228200 
-18.000000	-0.802387 	0.122487  	-8.228200 
-17.000000	-0.767939 	0.108959  	-8.228200 
-16.000000	-0.733491 	0.095431  	-8.228200 
-15.000000	-0.699042 	0.081902  	-8.228200 
-14.000000	-0.664594 	0.068374  	-8.228200 
-13.000000	-0.630145 	0.054845  	-8.228200 
-12.000000	-0.595697 	0.041317  	-6.515989 
-11.000000	-0.561248 	0.027788  	-4.118895 
-10.000000	-0.526800 	0.014260  	-1.721800 
-9.000000 	-0.380600 	0.013725  	-1.581200 
-8.000000 	-0.234400 	0.013190  	-1.440600 
-7.000000 	-0.097900 	0.012950  	-1.317600 
-6.000000 	0.040200  	0.012750  	-1.199500 
-5.000000 	0.178400  	0.012650  	-1.086700 
-4.000000 	0.309600  	0.012650  	-0.980700 
-3.000000 	0.441400  	0.012710  	-0.985200 
-2.000000 	0.572300  	0.012810  	-1.074800 
-1.000000 	0.701500  	0.013040  	-1.166000 
0.000000  	0.827200  	0.013290  	-1.261900 
1.000000  	0.951600  	0.013560  	-1.366100 
2.000000  	1.072300  	0.013820  	-1.492700 
3.000000  	1.187700  	0.014120  	-1.650300 
4.000000  	1.300200  	0.014470  	-1.840000 
5.000000  	1.409100  	0.014960  	-2.066700 
6.000000  	1.510000  	0.015650  	-2.329200 
7.000000  	1.597800  	0.016760  	-2.628800 
8.000000  	1.656100  	0.018780  	-2.936200 
9.000000  	1.687000  	0.022480  	-3.213500 
10.000000 	1.703200  	0.027910  	-3.485800 
11.000000 	1.712500  	0.035840  	-3.790200 
12.000000 	1.714900  	0.046110  	-4.073600 
13.000000 	1.706800  	0.058080  	-4.349900 
14.000000 	1.698900  	0.070780  	-4.619500 
15.000000 	1.689900  	0.084030  	-4.892100 
16.000000 	1.682800  	0.097540  	-5.178200 
17.000000 	1.680700  	0.110590  	-5.451400 
18.000000 	1.677500  	0.124110  	-5.734500 
19.000000 	1.679300  	0.137110  	-6.027400 
20.000000 	1.677600  	0.150820  	-6.325300 
21.000000 	1.675600  	0.164700  	-6.580900 
22.000000 	1.674500  	0.178610  	-6.831000 
23.000000 	1.672400  	0.192690  	-7.057300 
24.000000 	1.672800  	0.206430  	-7.296100 
25.000000 	1.673600  	0.220130  	-7.471500 
26.000000 	1.675350  	0.233485  	-7.675000 
27.000000 	1.677100  	0.246840  	-7.878500 
28.000000 	1.684000  	0.258760  	-8.081800 
29.000000 	1.687600  	0.271300  	-8.228200 
30.000000 	1.649748  	0.293521  	-8.228200 
31.000000 	1.611896  	0.315742  	-8.228200 
32.000000 	1.574044  	0.337964  	-8.228200 
33.000000 	1.536191  	0.360185  	-8.228200 
34.000000 	1.502619  	0.383396  	-8.228200 
35.000000 	1.471425  	0.407157  	-8.228200 
36.000000 	1.440231  	0.430917  	-8.228200 
37.000000 	1.409036  	0.454678  	-8.228200 
38.000000 	1.378870  	0.478725  	-8.228200 
39.000000 	1.351271  	0.503488  	-8.228200 
40.000000 	1.323673  	0.528252  	-8.228200 
41.000000 	1.296074  	0.553015  	-8.228200 
42.000000 	1.268476  	0.577778  	-8.228200 
43.000000 	1.242476  	0.602953  	-8.228200 
44.000000 	1.216599  	0.628160  	-8.228200 
45.000000 	1.190722  	0.653367  	-8.228200 
46.000000 	1.164845  	0.678573  	-8.228200 
47.000000 	1.139289  	0.703709  	-8.228200 
48.000000 	1.113973  	0.728791  	-8.228200 
49.000000 	1.088658  	0.753873  	-8.228200 
50.000000 	1.063343  	0.778956  	-8.228200 
51.000000 	1.038000  	0.803890  	-8.228200 
52.000000 	1.012552  	0.828284  	-8.228200 
53.000000 	0.987105  	0.852677  	-8.228200 
54.000000 	0.961658  	0.877071  	-8.228200 
55.000000 	0.936211  	0.901465  	-8.228200 
56.000000 	0.910333  	0.924799  	-8.228200 
57.000000 	0.884385  	0.947957  	-8.228200 
58.000000 	0.858436  	0.971114  	-8.228200 
59.000000 	0.832487  	0.994272  	-8.228200 
60.000000 	0.806221  	1.016553  	-8.228200 
61.000000 	0.779639  	1.037957  	-8.228200 
62.000000 	0.753056  	1.059361  	-8.228200 
63.000000 	0.726474  	1.080765  	-8.228200 
64.000000 	0.699809  	1.101850  	-8.228200 
65.000000 	0.672643  	1.121023  	-8.228200 
66.000000 	0.645478  	1.140197  	-8.228200 
67.000000 	0.618313  	1.159370  	-8.228200 
68.000000 	0.591147  	1.178544  	-8.228200 
69.000000 	0.563676  	1.195632  	-8.228200 
70.000000 	0.536120  	1.212150  	-8.228200 
71.000000 	0.508565  	1.228669  	-8.228200 
72.000000 	0.481010  	1.245188  	-8.228200 
73.000000 	0.453418  	1.260413  	-8.228200 
74.000000 	0.425779  	1.273914  	-8.228200 
75.000000 	0.398140  	1.287416  	-8.228200 
76.000000 	0.370500  	1.300917  	-8.228200 
77.000000 	0.342883  	1.314182  	-8.228200 
78.000000 	0.315555  	1.324373  	-8.228200 
79.000000 	0.288227  	1.334564  	-8.228200 
80.000000 	0.260899  	1.344756  	-8.228200 
81.000000 	0.233570  	1.354947  	-8.228200 
82.000000 	0.206796  	1.362620  	-8.228200 
83.000000 	0.180243  	1.369286  	-8.228200 
84.000000 	0.153691  	1.375951  	-8.228200 
85.000000 	0.127138  	1.382617  	-8.228200 
86.000000 	0.101047  	1.387976  	-8.228200 
87.000000 	0.075785  	1.390982  	-8.228200 
88.000000 	0.050523  	1.393988  	-8.228200 
89.000000 	0.025262  	1.396994  	-8.228200 
90.000000 	0.000000  	1.400000  	-8.228200 
91.000000 	-0.017683 	1.396994  	-8.228200 
92.000000 	-0.035366 	1.393988  	-8.228200 
93.000000 	-0.053049 	1.390982  	-8.228200 
94.000000 	-0.070733 	1.387976  	-8.228200 
95.000000 	-0.088997 	1.382617  	-8.228200 
96.000000 	-0.107584 	1.375951  	-8.228200 
97.000000 	-0.126170 	1.369286  	-8.228200 
98.000000 	-0.144757 	1.362620  	-8.228200 
99.000000 	-0.163499 	1.354947  	-8.228200 
100.000000	-0.182629 	1.344756  	-8.228200 
101.000000	-0.201759 	1.334564  	-8.228200 
102.000000	-0.220888 	1.324373  	-8.228200 
103.000000	-0.240018 	1.314182  	-8.228200 
104.000000	-0.259350 	1.300917  	-8.228200 
105.000000	-0.278698 	1.287416  	-8.228200 
106.000000	-0.298045 	1.273914  	-8.228200 
107.000000	-0.317393 	1.260413  	-8.228200 
108.000000	-0.336707 	1.245188  	-8.228200 
109.000000	-0.355995 	1.228669  	-8.228200 
110.000000	-0.375284 	1.212150  	-8.228200 
111.000000	-0.394573 	1.195632  	-8.228200 
112.000000	-0.413803 	1.178544  	-8.228200 
113.000000	-0.432819 	1.159370  	-8.228200 
114.000000	-0.451835 	1.140197  	-8.228200 
115.000000	-0.470850 	1.121023  	-8.228200 
116.000000	-0.489866 	1.101850  	-8.228200 
117.000000	-0.508532 	1.080765  	-8.228200 
118.000000	-0.527140 	1.059361  	-8.228200 
119.000000	-0.545747 	1.037957  	-8.228200 
120.000000	-0.564355 	1.016553  	-8.228200 
121.000000	-0.582741 	0.994272  	-8.228200 
122.000000	-0.600905 	0.971114  	-8.228200 
123.000000	-0.619069 	0.947957  	-8.228200 
124.000000	-0.637233 	0.924799  	-8.228200 
125.000000	-0.655347 	0.901465  	-8.228200 
126.000000	-0.673161 	0.877071  	-8.228200 
127.000000	-0.690974 	0.852677  	-8.228200 
128.000000	-0.708787 	0.828284  	-8.228200 
129.000000	-0.726600 	0.803890  	-8.228200 
130.000000	-0.744340 	0.778956  	-8.228200 
131.000000	-0.762061 	0.753873  	-8.228200 
132.000000	-0.779781 	0.728791  	-8.228200 
133.000000	-0.797502 	0.703709  	-8.228200 
134.000000	-0.815391 	0.678573  	-8.228200 
135.000000	-0.833505 	0.653367  	-8.228200 
136.000000	-0.851619 	0.628160  	-8.228200 
137.000000	-0.869733 	0.602953  	-8.228200 
138.000000	-0.887933 	0.577778  	-8.228200 
139.000000	-0.907252 	0.553015  	-8.228200 
140.000000	-0.926571 	0.528252  	-8.228200 
141.000000	-0.945890 	0.503488  	-8.228200 
142.000000	-0.965209 	0.478725  	-8.228200 
143.000000	-0.986326 	0.454678  	-8.228200 
144.000000	-1.008162 	0.430917  	-8.228200 
145.000000	-1.029998 	0.407157  	-8.228200 
146.000000	-1.051834 	0.383396  	-8.228200 
147.000000	-1.075334 	0.360185  	-8.228200 
148.000000	-1.101831 	0.337964  	-8.228200 
149.000000	-1.128327 	0.315742  	-8.228200 
150.000000	-1.154824 	0.293521  	-8.228200 
151.000000	-1.181320 	0.271300  	-8.228200 
152.000000	-1.140585 	0.250524  	-8.228200 
153.000000	-1.099850 	0.229748  	-8.228200 
154.000000	-1.059114 	0.209973  	-8.228200 
155.000000	-1.018379 	0.190276  	-8.228200 
156.000000	-0.977644 	0.171589  	-8.228200 
157.000000	-0.936909 	0.153072  	-8.228200 
158.000000	-0.896174 	0.135556  	-8.228200 
159.000000	-0.855439 	0.118312  	-8.228200 
160.000000	-0.814703 	0.102043  	-8.228200 
161.000000	-0.773968 	0.086163  	-8.228200 
162.000000	-0.733233 	0.071212  	-8.228200 
163.000000	-0.692498 	0.056776  	-8.228200 
164.000000	-0.651763 	0.043209  	-8.228200 
165.000000	-0.611028 	0.030292  	-8.228200 
166.000000	-0.570292 	0.018322  	-8.228200 
167.000000	-0.529557 	0.007299  	-8.228200 
168.000000	-0.488822 	0.001000  	-8.228200 
169.000000	-0.448087 	0.001000  	-8.228200 
170.000000	-0.407352 	0.001000  	-8.228200 
171.000000	-0.366617 	0.001000  	-8.228200 
172.000000	-0.325881 	0.001000  	-8.228200 
173.000000	-0.285146 	0.001000  	-8.228200 
174.000000	-0.244411 	0.001000  	-8.228200 
175.000000	-0.203676 	0.001000  	-8.228200 
176.000000	-0.162941 	0.001000  	-8.228200 
177.000000	-0.122206 	0.001000  	-8.228200 
178.000000	-0.081470 	0.001000  	-8.228200 
179.000000	-0.040735 	0.001000  	-8.228200 
180.000000	0.000000  	0.001000  	-8.228200 
! ------------------------------------------------------------------------------
! data for table	6         
! ------------------------------------------------------------------------------
  0.700000  	Re           ! Reynolds number in millions
  0.000000  	UserProp     ! User property (control) setting
Flase           InclUAdata   ! Is unsteady aerodynamics data included in this table? If TRUE, then include UA coefficients below this line. Any missing coefficients will be calculated internally.
! Table of aerodynamics coefficients
  361       	NumAlf       ! Number of data lines in the following table
!Alpha      Cl          Cd          Cm/Cp
!(deg)      (-)         (-)         (-)
-180.000000	0.000000  	0.001000  	-8.257000 
-179.000000	0.040762  	0.001000  	-8.257000 
-178.000000	0.081523  	0.001000  	-8.257000 
-177.000000	0.122285  	0.001000  	-8.257000 
-176.000000	0.163047  	0.001000  	-8.257000 
-175.000000	0.203809  	0.001000  	-8.257000 
-174.000000	0.244570  	0.001000  	-8.257000 
-173.000000	0.285332  	0.001000  	-8.257000 
-172.000000	0.326094  	0.001000  	-8.257000 
-171.000000	0.366856  	0.001000  	-8.257000 
-170.000000	0.407617  	0.001000  	-8.257000 
-169.000000	0.448379  	0.001030  	-8.257000 
-168.000000	0.489141  	0.001077  	-8.257000 
-167.000000	0.529902  	0.007571  	-8.257000 
-166.000000	0.570664  	0.018900  	-8.257000 
-165.000000	0.611426  	0.031021  	-8.257000 
-164.000000	0.652188  	0.043934  	-8.257000 
-163.000000	0.692949  	0.057498  	-8.257000 
-162.000000	0.733711  	0.071929  	-8.257000 
-161.000000	0.774473  	0.086876  	-8.257000 
-160.000000	0.815234  	0.102752  	-8.257000 
-159.000000	0.855996  	0.119017  	-8.257000 
-158.000000	0.896758  	0.136255  	-8.257000 
-157.000000	0.937520  	0.153766  	-8.257000 
-156.000000	0.978281  	0.172279  	-8.257000 
-155.000000	1.019043  	0.190960  	-8.257000 
-154.000000	1.059805  	0.210651  	-8.257000 
-153.000000	1.100567  	0.230420  	-8.257000 
-152.000000	1.141328  	0.251190  	-8.257000 
-151.000000	1.182090  	0.271960  	-8.257000 
-150.000000	1.155559  	0.294174  	-8.257000 
-149.000000	1.129028  	0.316389  	-8.257000 
-148.000000	1.102497  	0.338603  	-8.257000 
-147.000000	1.075966  	0.360818  	-8.257000 
-146.000000	1.052435  	0.384021  	-8.257000 
-145.000000	1.030572  	0.407774  	-8.257000 
-144.000000	1.008708  	0.431527  	-8.257000 
-143.000000	0.986844  	0.455280  	-8.257000 
-142.000000	0.965702  	0.479320  	-8.257000 
-141.000000	0.946360  	0.504074  	-8.257000 
-140.000000	0.927019  	0.528829  	-8.257000 
-139.000000	0.907677  	0.553584  	-8.257000 
-138.000000	0.888336  	0.578339  	-8.257000 
-137.000000	0.870117  	0.603505  	-8.257000 
-136.000000	0.851984  	0.628702  	-8.257000 
-135.000000	0.833852  	0.653900  	-8.257000 
-134.000000	0.815719  	0.679097  	-8.257000 
-133.000000	0.797813  	0.704223  	-8.257000 
-132.000000	0.780077  	0.729296  	-8.257000 
-131.000000	0.762340  	0.754368  	-8.257000 
-130.000000	0.744604  	0.779440  	-8.257000 
-129.000000	0.726849  	0.804365  	-8.257000 
-128.000000	0.709022  	0.828748  	-8.257000 
-127.000000	0.691196  	0.853131  	-8.257000 
-126.000000	0.673370  	0.877514  	-8.257000 
-125.000000	0.655544  	0.901897  	-8.257000 
-124.000000	0.637418  	0.925221  	-8.257000 
-123.000000	0.619243  	0.948367  	-8.257000 
-122.000000	0.601067  	0.971514  	-8.257000 
-121.000000	0.582892  	0.994661  	-8.257000 
-120.000000	0.564496  	1.016930  	-8.257000 
-119.000000	0.545879  	1.038322  	-8.257000 
-118.000000	0.527262  	1.059715  	-8.257000 
-117.000000	0.508645  	1.081107  	-8.257000 
-116.000000	0.489970  	1.102181  	-8.257000 
-115.000000	0.470947  	1.121342  	-8.257000 
-114.000000	0.451924  	1.140504  	-8.257000 
-113.000000	0.432901  	1.159665  	-8.257000 
-112.000000	0.413877  	1.178827  	-8.257000 
-111.000000	0.394641  	1.195902  	-8.257000 
-110.000000	0.375346  	1.212408  	-8.257000 
-109.000000	0.356051  	1.228914  	-8.257000 
-108.000000	0.336756  	1.245421  	-8.257000 
-107.000000	0.317437  	1.260634  	-8.257000 
-106.000000	0.298084  	1.274122  	-8.257000 
-105.000000	0.278732  	1.287611  	-8.257000 
-104.000000	0.259380  	1.301099  	-8.257000 
-103.000000	0.240044  	1.314351  	-8.257000 
-102.000000	0.220911  	1.324530  	-8.257000 
-101.000000	0.201778  	1.334708  	-8.257000 
-100.000000	0.182645  	1.344887  	-8.257000 
-99.000000	0.163512  	1.355065  	-8.257000 
-98.000000	0.144767  	1.362725  	-8.257000 
-97.000000	0.126178  	1.369378  	-8.257000 
-96.000000	0.107590  	1.376030  	-8.257000 
-95.000000	0.089001  	1.382683  	-8.257000 
-94.000000	0.070735  	1.388029  	-8.257000 
-93.000000	0.053051  	1.391021  	-8.257000 
-92.000000	0.035368  	1.394014  	-8.257000 
-91.000000	0.017684  	1.397007  	-8.257000 
-90.000000	0.000000  	1.400000  	-8.257000 
-89.000000	-0.017684 	1.397007  	-8.257000 
-88.000000	-0.035368 	1.394014  	-8.257000 
-87.000000	-0.053051 	1.391021  	-8.257000 
-86.000000	-0.070735 	1.388029  	-8.257000 
-85.000000	-0.089001 	1.382683  	-8.257000 
-84.000000	-0.107590 	1.376030  	-8.257000 
-83.000000	-0.126178 	1.369378  	-8.257000 
-82.000000	-0.144767 	1.362725  	-8.257000 
-81.000000	-0.163512 	1.355065  	-8.257000 
-80.000000	-0.182645 	1.344887  	-8.257000 
-79.000000	-0.201778 	1.334708  	-8.257000 
-78.000000	-0.220911 	1.324530  	-8.257000 
-77.000000	-0.240044 	1.314351  	-8.257000 
-76.000000	-0.259380 	1.301099  	-8.257000 
-75.000000	-0.278732 	1.287611  	-8.257000 
-74.000000	-0.298084 	1.274122  	-8.257000 
-73.000000	-0.317437 	1.260634  	-8.257000 
-72.000000	-0.336756 	1.245421  	-8.257000 
-71.000000	-0.356051 	1.228914  	-8.257000 
-70.000000	-0.375346 	1.212408  	-8.257000 
-69.000000	-0.394641 	1.195902  	-8.257000 
-68.000000	-0.413877 	1.178827  	-8.257000 
-67.000000	-0.432901 	1.159665  	-8.257000 
-66.000000	-0.451924 	1.140504  	-8.257000 
-65.000000	-0.470947 	1.121342  	-8.257000 
-64.000000	-0.489970 	1.102181  	-8.257000 
-63.000000	-0.508645 	1.081107  	-8.257000 
-62.000000	-0.527262 	1.059715  	-8.257000 
-61.000000	-0.545879 	1.038322  	-8.257000 
-60.000000	-0.564496 	1.016930  	-8.257000 
-59.000000	-0.582892 	0.994661  	-8.257000 
-58.000000	-0.601067 	0.971514  	-8.257000 
-57.000000	-0.619243 	0.948367  	-8.257000 
-56.000000	-0.637418 	0.925221  	-8.257000 
-55.000000	-0.655544 	0.901897  	-8.257000 
-54.000000	-0.673370 	0.877514  	-8.257000 
-53.000000	-0.691196 	0.853131  	-8.257000 
-52.000000	-0.709022 	0.828748  	-8.257000 
-51.000000	-0.726849 	0.804365  	-8.257000 
-50.000000	-0.744604 	0.779440  	-8.257000 
-49.000000	-0.762340 	0.754368  	-8.257000 
-48.000000	-0.780077 	0.729296  	-8.257000 
-47.000000	-0.797813 	0.704223  	-8.257000 
-46.000000	-0.815719 	0.679097  	-8.257000 
-45.000000	-0.833852 	0.653900  	-8.257000 
-44.000000	-0.851984 	0.628702  	-8.257000 
-43.000000	-0.870117 	0.603505  	-8.257000 
-42.000000	-0.888336 	0.578339  	-8.257000 
-41.000000	-0.907677 	0.553584  	-8.257000 
-40.000000	-0.927019 	0.528829  	-8.257000 
-39.000000	-0.946360 	0.504074  	-8.257000 
-38.000000	-0.965702 	0.479320  	-8.257000 
-37.000000	-0.986844 	0.455280  	-8.257000 
-36.000000	-1.008708 	0.431527  	-8.257000 
-35.000000	-1.030572 	0.407774  	-8.257000 
-34.000000	-1.052435 	0.384021  	-8.257000 
-33.000000	-1.075966 	0.360818  	-8.257000 
-32.000000	-1.102497 	0.338603  	-8.257000 
-31.000000	-1.129028 	0.316389  	-8.257000 
-30.000000	-1.155559 	0.294174  	-8.257000 
-29.000000	-1.182090 	0.271960  	-8.257000 
-28.000000	-1.147538 	0.258365  	-8.257000 
-27.000000	-1.112986 	0.244769  	-8.257000 
-26.000000	-1.078434 	0.231174  	-8.257000 
-25.000000	-1.043882 	0.217579  	-8.257000 
-24.000000	-1.009329 	0.203984  	-8.257000 
-23.000000	-0.974777 	0.190388  	-8.257000 
-22.000000	-0.940225 	0.176793  	-8.257000 
-21.000000	-0.905673 	0.163198  	-8.257000 
-20.000000	-0.871121 	0.149603  	-8.257000 
-19.000000	-0.836569 	0.136007  	-8.257000 
-18.000000	-0.802017 	0.122412  	-8.257000 
-17.000000	-0.767465 	0.108817  	-8.257000 
-16.000000	-0.732913 	0.095222  	-8.257000 
-15.000000	-0.698361 	0.081626  	-8.257000 
-14.000000	-0.663808 	0.068031  	-8.257000 
-13.000000	-0.629256 	0.054436  	-8.257000 
-12.000000	-0.594704 	0.040841  	-6.537842 
-11.000000	-0.560152 	0.027245  	-4.131021 
-10.000000	-0.525600 	0.013650  	-1.724200 
-9.000000 	-0.381000 	0.013060  	-1.579100 
-8.000000 	-0.236400 	0.012570  	-1.445000 
-7.000000 	-0.094400 	0.012220  	-1.319200 
-6.000000 	0.044800  	0.012070  	-1.199800 
-5.000000 	0.178800  	0.012010  	-1.088900 
-4.000000 	0.312900  	0.011980  	-0.981900 
-3.000000 	0.445800  	0.012010  	-0.988500 
-2.000000 	0.574900  	0.012110  	-1.077400 
-1.000000 	0.702900  	0.012240  	-1.168200 
0.000000  	0.829400  	0.012430  	-1.264300 
1.000000  	0.953800  	0.012710  	-1.368300 
2.000000  	1.073500  	0.012970  	-1.494200 
3.000000  	1.190700  	0.013310  	-1.653300 
4.000000  	1.305300  	0.013710  	-1.845500 
5.000000  	1.414300  	0.014230  	-2.073000 
6.000000  	1.516500  	0.014960  	-2.338200 
7.000000  	1.606500  	0.016150  	-2.643200 
8.000000  	1.662200  	0.018370  	-2.948100 
9.000000  	1.696200  	0.022010  	-3.232900 
10.000000 	1.716400  	0.027100  	-3.518100 
11.000000 	1.730200  	0.034540  	-3.835900 
12.000000 	1.735700  	0.044370  	-4.134500 
13.000000 	1.729700  	0.056070  	-4.421100 
14.000000 	1.721800  	0.068580  	-4.694600 
15.000000 	1.713300  	0.081750  	-4.972300 
16.000000 	1.708000  	0.094830  	-5.270600 
17.000000 	1.704700  	0.107990  	-5.544700 
18.000000 	1.700600  	0.121480  	-5.833200 
19.000000 	1.699700  	0.134780  	-6.124800 
20.000000 	1.700400  	0.147940  	-6.442000 
21.000000 	1.698600  	0.161710  	-6.707000 
22.000000 	1.696600  	0.175620  	-6.962500 
23.000000 	1.692600  	0.189910  	-7.187900 
24.000000 	1.688100  	0.204420  	-7.406500 
25.000000 	1.683900  	0.218970  	-7.555000 
26.000000 	1.680700  	0.233290  	-7.741300 
27.000000 	1.680900  	0.246950  	-7.926100 
28.000000 	1.682600  	0.260090  	-8.079500 
29.000000 	1.688700  	0.271960  	-8.257000 
30.000000 	1.650798  	0.294174  	-8.257000 
31.000000 	1.612897  	0.316389  	-8.257000 
32.000000 	1.574995  	0.338603  	-8.257000 
33.000000 	1.537094  	0.360818  	-8.257000 
34.000000 	1.503479  	0.384021  	-8.257000 
35.000000 	1.472245  	0.407774  	-8.257000 
36.000000 	1.441011  	0.431527  	-8.257000 
37.000000 	1.409778  	0.455280  	-8.257000 
38.000000 	1.379574  	0.479320  	-8.257000 
39.000000 	1.351943  	0.504074  	-8.257000 
40.000000 	1.324313  	0.528829  	-8.257000 
41.000000 	1.296682  	0.553584  	-8.257000 
42.000000 	1.269051  	0.578339  	-8.257000 
43.000000 	1.243024  	0.603505  	-8.257000 
44.000000 	1.217121  	0.628702  	-8.257000 
45.000000 	1.191217  	0.653900  	-8.257000 
46.000000 	1.165313  	0.679097  	-8.257000 
47.000000 	1.139733  	0.704223  	-8.257000 
48.000000 	1.114395  	0.729296  	-8.257000 
49.000000 	1.089058  	0.754368  	-8.257000 
50.000000 	1.063720  	0.779440  	-8.257000 
51.000000 	1.038355  	0.804365  	-8.257000 
52.000000 	1.012889  	0.828748  	-8.257000 
53.000000 	0.987423  	0.853131  	-8.257000 
54.000000 	0.961957  	0.877514  	-8.257000 
55.000000 	0.936491  	0.901897  	-8.257000 
56.000000 	0.910597  	0.925221  	-8.257000 
57.000000 	0.884633  	0.948367  	-8.257000 
58.000000 	0.858668  	0.971514  	-8.257000 
59.000000 	0.832703  	0.994661  	-8.257000 
60.000000 	0.806423  	1.016930  	-8.257000 
61.000000 	0.779827  	1.038322  	-8.257000 
62.000000 	0.753232  	1.059715  	-8.257000 
63.000000 	0.726636  	1.081107  	-8.257000 
64.000000 	0.699958  	1.102181  	-8.257000 
65.000000 	0.672782  	1.121342  	-8.257000 
66.000000 	0.645605  	1.140504  	-8.257000 
67.000000 	0.618429  	1.159665  	-8.257000 
68.000000 	0.591253  	1.178827  	-8.257000 
69.000000 	0.563772  	1.195902  	-8.257000 
70.000000 	0.536208  	1.212408  	-8.257000 
71.000000 	0.508644  	1.228914  	-8.257000 
72.000000 	0.481080  	1.245421  	-8.257000 
73.000000 	0.453481  	1.260634  	-8.257000 
74.000000 	0.425835  	1.274122  	-8.257000 
75.000000 	0.398189  	1.287611  	-8.257000 
76.000000 	0.370543  	1.301099  	-8.257000 
77.000000 	0.342919  	1.314351  	-8.257000 
78.000000 	0.315586  	1.324530  	-8.257000 
79.000000 	0.288254  	1.334708  	-8.257000 
80.000000 	0.260921  	1.344887  	-8.257000 
81.000000 	0.233588  	1.355065  	-8.257000 
82.000000 	0.206810  	1.362725  	-8.257000 
83.000000 	0.180255  	1.369378  	-8.257000 
84.000000 	0.153699  	1.376030  	-8.257000 
85.000000 	0.127144  	1.382683  	-8.257000 
86.000000 	0.101050  	1.388029  	-8.257000 
87.000000 	0.075788  	1.391021  	-8.257000 
88.000000 	0.050525  	1.394014  	-8.257000 
89.000000 	0.025263  	1.397007  	-8.257000 
90.000000 	0.000000  	1.400000  	-8.257000 
91.000000 	-0.017684 	1.397007  	-8.257000 
92.000000 	-0.035368 	1.394014  	-8.257000 
93.000000 	-0.053051 	1.391021  	-8.257000 
94.000000 	-0.070735 	1.388029  	-8.257000 
95.000000 	-0.089001 	1.382683  	-8.257000 
96.000000 	-0.107590 	1.376030  	-8.257000 
97.000000 	-0.126178 	1.369378  	-8.257000 
98.000000 	-0.144767 	1.362725  	-8.257000 
99.000000 	-0.163512 	1.355065  	-8.257000 
100.000000	-0.182645 	1.344887  	-8.257000 
101.000000	-0.201778 	1.334708  	-8.257000 
102.000000	-0.220911 	1.324530  	-8.257000 
103.000000	-0.240044 	1.314351  	-8.257000 
104.000000	-0.259380 	1.301099  	-8.257000 
105.000000	-0.278732 	1.287611  	-8.257000 
106.000000	-0.298084 	1.274122  	-8.257000 
107.000000	-0.317437 	1.260634  	-8.257000 
108.000000	-0.336756 	1.245421  	-8.257000 
109.000000	-0.356051 	1.228914  	-8.257000 
110.000000	-0.375346 	1.212408  	-8.257000 
111.000000	-0.394641 	1.195902  	-8.257000 
112.000000	-0.413877 	1.178827  	-8.257000 
113.000000	-0.432901 	1.159665  	-8.257000 
114.000000	-0.451924 	1.140504  	-8.257000 
115.000000	-0.470947 	1.121342  	-8.257000 
116.000000	-0.489970 	1.102181  	-8.257000 
117.000000	-0.508645 	1.081107  	-8.257000 
118.000000	-0.527262 	1.059715  	-8.257000 
119.000000	-0.545879 	1.038322  	-8.257000 
120.000000	-0.564496 	1.016930  	-8.257000 
121.000000	-0.582892 	0.994661  	-8.257000 
122.000000	-0.601067 	0.971514  	-8.257000 
123.000000	-0.619243 	0.948367  	-8.257000 
124.000000	-0.637418 	0.925221  	-8.257000 
125.000000	-0.655544 	0.901897  	-8.257000 
126.000000	-0.673370 	0.877514  	-8.257000 
127.000000	-0.691196 	0.853131  	-8.257000 
128.000000	-0.709022 	0.828748  	-8.257000 
129.000000	-0.726849 	0.804365  	-8.257000 
130.000000	-0.744604 	0.779440  	-8.257000 
131.000000	-0.762340 	0.754368  	-8.257000 
132.000000	-0.780077 	0.729296  	-8.257000 
133.000000	-0.797813 	0.704223  	-8.257000 
134.000000	-0.815719 	0.679097  	-8.257000 
135.000000	-0.833852 	0.653900  	-8.257000 
136.000000	-0.851984 	0.628702  	-8.257000 
137.000000	-0.870117 	0.603505  	-8.257000 
138.000000	-0.888336 	0.578339  	-8.257000 
139.000000	-0.907677 	0.553584  	-8.257000 
140.000000	-0.927019 	0.528829  	-8.257000 
141.000000	-0.946360 	0.504074  	-8.257000 
142.000000	-0.965702 	0.479320  	-8.257000 
143.000000	-0.986844 	0.455280  	-8.257000 
144.000000	-1.008708 	0.431527  	-8.257000 
145.000000	-1.030572 	0.407774  	-8.257000 
146.000000	-1.052435 	0.384021  	-8.257000 
147.000000	-1.075966 	0.360818  	-8.257000 
148.000000	-1.102497 	0.338603  	-8.257000 
149.000000	-1.129028 	0.316389  	-8.257000 
150.000000	-1.155559 	0.294174  	-8.257000 
151.000000	-1.182090 	0.271960  	-8.257000 
152.000000	-1.141328 	0.251190  	-8.257000 
153.000000	-1.100567 	0.230420  	-8.257000 
154.000000	-1.059805 	0.210651  	-8.257000 
155.000000	-1.019043 	0.190960  	-8.257000 
156.000000	-0.978281 	0.172279  	-8.257000 
157.000000	-0.937520 	0.153766  	-8.257000 
158.000000	-0.896758 	0.136255  	-8.257000 
159.000000	-0.855996 	0.119017  	-8.257000 
160.000000	-0.815234 	0.102752  	-8.257000 
161.000000	-0.774473 	0.086876  	-8.257000 
162.000000	-0.733711 	0.071929  	-8.257000 
163.000000	-0.692949 	0.057498  	-8.257000 
164.000000	-0.652188 	0.043934  	-8.257000 
165.000000	-0.611426 	0.031021  	-8.257000 
166.000000	-0.570664 	0.018900  	-8.257000 
167.000000	-0.529902 	0.007571  	-8.257000 
168.000000	-0.489141 	0.001077  	-8.257000 
169.000000	-0.448379 	0.001030  	-8.257000 
170.000000	-0.407617 	0.001000  	-8.257000 
171.000000	-0.366856 	0.001000  	-8.257000 
172.000000	-0.326094 	0.001000  	-8.257000 
173.000000	-0.285332 	0.001000  	-8.257000 
174.000000	-0.244570 	0.001000  	-8.257000 
175.000000	-0.203809 	0.001000  	-8.257000 
176.000000	-0.163047 	0.001000  	-8.257000 
177.000000	-0.122285 	0.001000  	-8.257000 
178.000000	-0.081523 	0.001000  	-8.257000 
179.000000	-0.040762 	0.001000  	-8.257000 
180.000000	0.000000  	0.001000  	-8.257000 
! ------------------------------------------------------------------------------
! data for table	7         
! ------------------------------------------------------------------------------
  0.800000  	Re           ! Reynolds number in millions
  0.000000  	UserProp     ! User property (control) setting
Flase           InclUAdata   ! Is unsteady aerodynamics data included in this table? If TRUE, then include UA coefficients below this line. Any missing coefficients will be calculated internally.
! Table of aerodynamics coefficients
  361       	NumAlf       ! Number of data lines in the following table
!Alpha      Cl          Cd          Cm/Cp
!(deg)      (-)         (-)         (-)
-180.000000	0.000000  	0.001000  	-8.261700 
-179.000000	0.040747  	0.001000  	-8.261700 
-178.000000	0.081494  	0.001000  	-8.261700 
-177.000000	0.122242  	0.001000  	-8.261700 
-176.000000	0.162989  	0.001000  	-8.261700 
-175.000000	0.203736  	0.001000  	-8.261700 
-174.000000	0.244483  	0.001000  	-8.261700 
-173.000000	0.285231  	0.001000  	-8.261700 
-172.000000	0.325978  	0.001000  	-8.261700 
-171.000000	0.366725  	0.001000  	-8.261700 
-170.000000	0.407472  	0.001000  	-8.261700 
-169.000000	0.448220  	0.001332  	-8.261700 
-168.000000	0.488967  	0.001848  	-8.261700 
-167.000000	0.529714  	0.008540  	-8.261700 
-166.000000	0.570461  	0.019865  	-8.261700 
-165.000000	0.611209  	0.031981  	-8.261700 
-164.000000	0.651956  	0.044890  	-8.261700 
-163.000000	0.692703  	0.058449  	-8.261700 
-162.000000	0.733450  	0.072875  	-8.261700 
-161.000000	0.774198  	0.087817  	-8.261700 
-160.000000	0.814945  	0.103687  	-8.261700 
-159.000000	0.855692  	0.119945  	-8.261700 
-158.000000	0.896439  	0.137177  	-8.261700 
-157.000000	0.937187  	0.154682  	-8.261700 
-156.000000	0.977934  	0.173187  	-8.261700 
-155.000000	1.018681  	0.191861  	-8.261700 
-154.000000	1.059428  	0.211545  	-8.261700 
-153.000000	1.100176  	0.231306  	-8.261700 
-152.000000	1.140923  	0.252068  	-8.261700 
-151.000000	1.181670  	0.272830  	-8.261700 
-150.000000	1.155158  	0.295035  	-8.261700 
-149.000000	1.128646  	0.317241  	-8.261700 
-148.000000	1.102133  	0.339446  	-8.261700 
-147.000000	1.075621  	0.361652  	-8.261700 
-146.000000	1.052107  	0.384846  	-8.261700 
-145.000000	1.030258  	0.408589  	-8.261700 
-144.000000	1.008410  	0.432332  	-8.261700 
-143.000000	0.986561  	0.456075  	-8.261700 
-142.000000	0.965433  	0.480103  	-8.261700 
-141.000000	0.946104  	0.504847  	-8.261700 
-140.000000	0.926774  	0.529591  	-8.261700 
-139.000000	0.907445  	0.554334  	-8.261700 
-138.000000	0.888116  	0.579078  	-8.261700 
-137.000000	0.869908  	0.604232  	-8.261700 
-136.000000	0.851785  	0.629417  	-8.261700 
-135.000000	0.833663  	0.654603  	-8.261700 
-134.000000	0.815540  	0.679788  	-8.261700 
-133.000000	0.797643  	0.704902  	-8.261700 
-132.000000	0.779916  	0.729961  	-8.261700 
-131.000000	0.762188  	0.755020  	-8.261700 
-130.000000	0.744460  	0.780080  	-8.261700 
-129.000000	0.726713  	0.804991  	-8.261700 
-128.000000	0.708894  	0.829360  	-8.261700 
-127.000000	0.691075  	0.853729  	-8.261700 
-126.000000	0.673256  	0.878099  	-8.261700 
-125.000000	0.655437  	0.902468  	-8.261700 
-124.000000	0.637317  	0.925777  	-8.261700 
-123.000000	0.619148  	0.948909  	-8.261700 
-122.000000	0.600979  	0.972041  	-8.261700 
-121.000000	0.582809  	0.995173  	-8.261700 
-120.000000	0.564419  	1.017427  	-8.261700 
-119.000000	0.545807  	1.038804  	-8.261700 
-118.000000	0.527195  	1.060181  	-8.261700 
-117.000000	0.508584  	1.081558  	-8.261700 
-116.000000	0.489914  	1.102617  	-8.261700 
-115.000000	0.470894  	1.121762  	-8.261700 
-114.000000	0.451875  	1.140908  	-8.261700 
-113.000000	0.432856  	1.160054  	-8.261700 
-112.000000	0.413837  	1.179199  	-8.261700 
-111.000000	0.394604  	1.196258  	-8.261700 
-110.000000	0.375312  	1.212748  	-8.261700 
-109.000000	0.356021  	1.229238  	-8.261700 
-108.000000	0.336729  	1.245728  	-8.261700 
-107.000000	0.317413  	1.260924  	-8.261700 
-106.000000	0.298063  	1.274396  	-8.261700 
-105.000000	0.278713  	1.287868  	-8.261700 
-104.000000	0.259364  	1.301340  	-8.261700 
-103.000000	0.240030  	1.314575  	-8.261700 
-102.000000	0.220898  	1.324736  	-8.261700 
-101.000000	0.201767  	1.334898  	-8.261700 
-100.000000	0.182636  	1.345059  	-8.261700 
-99.000000	0.163505  	1.355221  	-8.261700 
-98.000000	0.144762  	1.362863  	-8.261700 
-97.000000	0.126174  	1.369499  	-8.261700 
-96.000000	0.107586  	1.376134  	-8.261700 
-95.000000	0.088999  	1.382770  	-8.261700 
-94.000000	0.070734  	1.388098  	-8.261700 
-93.000000	0.053050  	1.391073  	-8.261700 
-92.000000	0.035367  	1.394049  	-8.261700 
-91.000000	0.017683  	1.397024  	-8.261700 
-90.000000	0.000000  	1.400000  	-8.261700 
-89.000000	-0.017683 	1.397024  	-8.261700 
-88.000000	-0.035367 	1.394049  	-8.261700 
-87.000000	-0.053050 	1.391073  	-8.261700 
-86.000000	-0.070734 	1.388098  	-8.261700 
-85.000000	-0.088999 	1.382770  	-8.261700 
-84.000000	-0.107586 	1.376134  	-8.261700 
-83.000000	-0.126174 	1.369499  	-8.261700 
-82.000000	-0.144762 	1.362863  	-8.261700 
-81.000000	-0.163505 	1.355221  	-8.261700 
-80.000000	-0.182636 	1.345059  	-8.261700 
-79.000000	-0.201767 	1.334898  	-8.261700 
-78.000000	-0.220898 	1.324736  	-8.261700 
-77.000000	-0.240030 	1.314575  	-8.261700 
-76.000000	-0.259364 	1.301340  	-8.261700 
-75.000000	-0.278713 	1.287868  	-8.261700 
-74.000000	-0.298063 	1.274396  	-8.261700 
-73.000000	-0.317413 	1.260924  	-8.261700 
-72.000000	-0.336729 	1.245728  	-8.261700 
-71.000000	-0.356021 	1.229238  	-8.261700 
-70.000000	-0.375312 	1.212748  	-8.261700 
-69.000000	-0.394604 	1.196258  	-8.261700 
-68.000000	-0.413837 	1.179199  	-8.261700 
-67.000000	-0.432856 	1.160054  	-8.261700 
-66.000000	-0.451875 	1.140908  	-8.261700 
-65.000000	-0.470894 	1.121762  	-8.261700 
-64.000000	-0.489914 	1.102617  	-8.261700 
-63.000000	-0.508584 	1.081558  	-8.261700 
-62.000000	-0.527195 	1.060181  	-8.261700 
-61.000000	-0.545807 	1.038804  	-8.261700 
-60.000000	-0.564419 	1.017427  	-8.261700 
-59.000000	-0.582809 	0.995173  	-8.261700 
-58.000000	-0.600979 	0.972041  	-8.261700 
-57.000000	-0.619148 	0.948909  	-8.261700 
-56.000000	-0.637317 	0.925777  	-8.261700 
-55.000000	-0.655437 	0.902468  	-8.261700 
-54.000000	-0.673256 	0.878099  	-8.261700 
-53.000000	-0.691075 	0.853729  	-8.261700 
-52.000000	-0.708894 	0.829360  	-8.261700 
-51.000000	-0.726713 	0.804991  	-8.261700 
-50.000000	-0.744460 	0.780080  	-8.261700 
-49.000000	-0.762188 	0.755020  	-8.261700 
-48.000000	-0.779916 	0.729961  	-8.261700 
-47.000000	-0.797643 	0.704902  	-8.261700 
-46.000000	-0.815540 	0.679788  	-8.261700 
-45.000000	-0.833663 	0.654603  	-8.261700 
-44.000000	-0.851785 	0.629417  	-8.261700 
-43.000000	-0.869908 	0.604232  	-8.261700 
-42.000000	-0.888116 	0.579078  	-8.261700 
-41.000000	-0.907445 	0.554334  	-8.261700 
-40.000000	-0.926774 	0.529591  	-8.261700 
-39.000000	-0.946104 	0.504847  	-8.261700 
-38.000000	-0.965433 	0.480103  	-8.261700 
-37.000000	-0.986561 	0.456075  	-8.261700 
-36.000000	-1.008410 	0.432332  	-8.261700 
-35.000000	-1.030258 	0.408589  	-8.261700 
-34.000000	-1.052107 	0.384846  	-8.261700 
-33.000000	-1.075621 	0.361652  	-8.261700 
-32.000000	-1.102133 	0.339446  	-8.261700 
-31.000000	-1.128646 	0.317241  	-8.261700 
-30.000000	-1.155158 	0.295035  	-8.261700 
-29.000000	-1.181670 	0.272830  	-8.261700 
-28.000000	-1.147514 	0.259177  	-8.261700 
-27.000000	-1.113357 	0.245525  	-8.261700 
-26.000000	-1.079201 	0.231872  	-8.261700 
-25.000000	-1.045045 	0.218219  	-8.261700 
-24.000000	-1.010888 	0.204567  	-8.261700 
-23.000000	-0.976732 	0.190914  	-8.261700 
-22.000000	-0.942576 	0.177262  	-8.261700 
-21.000000	-0.908419 	0.163609  	-8.261700 
-20.000000	-0.874263 	0.149956  	-8.261700 
-19.000000	-0.840107 	0.136304  	-8.261700 
-18.000000	-0.805951 	0.122651  	-8.261700 
-17.000000	-0.771794 	0.108998  	-8.261700 
-16.000000	-0.737638 	0.095346  	-8.261700 
-15.000000	-0.703482 	0.081693  	-8.261700 
-14.000000	-0.669325 	0.068041  	-8.261700 
-13.000000	-0.635169 	0.054388  	-8.261700 
-12.000000	-0.601013 	0.040735  	-6.542937 
-11.000000	-0.566856 	0.027083  	-4.136668 
-10.000000	-0.532700 	0.013430  	-1.730400 
-9.000000 	-0.383400 	0.012670  	-1.582600 
-8.000000 	-0.234300 	0.012080  	-1.446200 
-7.000000 	-0.092200 	0.011780  	-1.320100 
-6.000000 	0.045300  	0.011560  	-1.201400 
-5.000000 	0.181300  	0.011430  	-1.089700 
-4.000000 	0.316500  	0.011420  	-0.982000 
-3.000000 	0.447500  	0.011460  	-0.990200 
-2.000000 	0.577300  	0.011550  	-1.079500 
-1.000000 	0.706000  	0.011710  	-1.170900 
0.000000  	0.832400  	0.011960  	-1.266800 
1.000000  	0.955600  	0.012160  	-1.370100 
2.000000  	1.076300  	0.012420  	-1.496600 
3.000000  	1.194800  	0.012710  	-1.657100 
4.000000  	1.309700  	0.013120  	-1.850300 
5.000000  	1.420300  	0.013640  	-2.080300 
6.000000  	1.523100  	0.014440  	-2.347300 
7.000000  	1.612500  	0.015740  	-2.654300 
8.000000  	1.668200  	0.018060  	-2.959500 
9.000000  	1.703400  	0.021640  	-3.248200 
10.000000 	1.727600  	0.026410  	-3.545400 
11.000000 	1.743900  	0.033510  	-3.871800 
12.000000 	1.753800  	0.042800  	-4.187800 
13.000000 	1.749300  	0.054280  	-4.482000 
14.000000 	1.741000  	0.066730  	-4.757300 
15.000000 	1.735300  	0.079440  	-5.047800 
16.000000 	1.729900  	0.092460  	-5.350100 
17.000000 	1.722000  	0.106080  	-5.612500 
18.000000 	1.722500  	0.118890  	-5.926000 
19.000000 	1.720100  	0.132230  	-6.220700 
20.000000 	1.716200  	0.146050  	-6.523100 
21.000000 	1.715500  	0.159460  	-6.801100 
22.000000 	1.711000  	0.173720  	-7.049100 
23.000000 	1.706200  	0.188030  	-7.278000 
24.000000 	1.700800  	0.202660  	-7.499500 
25.000000 	1.696900  	0.217020  	-7.658600 
26.000000 	1.691800  	0.231710  	-7.837300 
27.000000 	1.687200  	0.246240  	-7.990100 
28.000000 	1.685600  	0.260020  	-8.122400 
29.000000 	1.688100  	0.272830  	-8.261700 
30.000000 	1.650225  	0.295035  	-8.261700 
31.000000 	1.612351  	0.317241  	-8.261700 
32.000000 	1.574476  	0.339446  	-8.261700 
33.000000 	1.536602  	0.361652  	-8.261700 
34.000000 	1.503010  	0.384846  	-8.261700 
35.000000 	1.471798  	0.408589  	-8.261700 
36.000000 	1.440586  	0.432332  	-8.261700 
37.000000 	1.409373  	0.456075  	-8.261700 
38.000000 	1.379190  	0.480103  	-8.261700 
39.000000 	1.351577  	0.504847  	-8.261700 
40.000000 	1.323964  	0.529591  	-8.261700 
41.000000 	1.296350  	0.554334  	-8.261700 
42.000000 	1.268737  	0.579078  	-8.261700 
43.000000 	1.242725  	0.604232  	-8.261700 
44.000000 	1.216836  	0.629417  	-8.261700 
45.000000 	1.190947  	0.654603  	-8.261700 
46.000000 	1.165058  	0.679788  	-8.261700 
47.000000 	1.139491  	0.704902  	-8.261700 
48.000000 	1.114165  	0.729961  	-8.261700 
49.000000 	1.088840  	0.755020  	-8.261700 
50.000000 	1.063514  	0.780080  	-8.261700 
51.000000 	1.038161  	0.804991  	-8.261700 
52.000000 	1.012705  	0.829360  	-8.261700 
53.000000 	0.987250  	0.853729  	-8.261700 
54.000000 	0.961794  	0.878099  	-8.261700 
55.000000 	0.936338  	0.902468  	-8.261700 
56.000000 	0.910453  	0.925777  	-8.261700 
57.000000 	0.884497  	0.948909  	-8.261700 
58.000000 	0.858541  	0.972041  	-8.261700 
59.000000 	0.832585  	0.995173  	-8.261700 
60.000000 	0.806313  	1.017427  	-8.261700 
61.000000 	0.779724  	1.038804  	-8.261700 
62.000000 	0.753136  	1.060181  	-8.261700 
63.000000 	0.726548  	1.081558  	-8.261700 
64.000000 	0.699876  	1.102617  	-8.261700 
65.000000 	0.672706  	1.121762  	-8.261700 
66.000000 	0.645536  	1.140908  	-8.261700 
67.000000 	0.618366  	1.160054  	-8.261700 
68.000000 	0.591195  	1.179199  	-8.261700 
69.000000 	0.563720  	1.196258  	-8.261700 
70.000000 	0.536160  	1.212748  	-8.261700 
71.000000 	0.508601  	1.229238  	-8.261700 
72.000000 	0.481042  	1.245728  	-8.261700 
73.000000 	0.453447  	1.260924  	-8.261700 
74.000000 	0.425804  	1.274396  	-8.261700 
75.000000 	0.398162  	1.287868  	-8.261700 
76.000000 	0.370520  	1.301340  	-8.261700 
77.000000 	0.342900  	1.314575  	-8.261700 
78.000000 	0.315569  	1.324736  	-8.261700 
79.000000 	0.288239  	1.334898  	-8.261700 
80.000000 	0.260909  	1.345059  	-8.261700 
81.000000 	0.233578  	1.355221  	-8.261700 
82.000000 	0.206803  	1.362863  	-8.261700 
83.000000 	0.180249  	1.369499  	-8.261700 
84.000000 	0.153695  	1.376134  	-8.261700 
85.000000 	0.127141  	1.382770  	-8.261700 
86.000000 	0.101048  	1.388098  	-8.261700 
87.000000 	0.075786  	1.391073  	-8.261700 
88.000000 	0.050524  	1.394049  	-8.261700 
89.000000 	0.025262  	1.397024  	-8.261700 
90.000000 	0.000000  	1.400000  	-8.261700 
91.000000 	-0.017683 	1.397024  	-8.261700 
92.000000 	-0.035367 	1.394049  	-8.261700 
93.000000 	-0.053050 	1.391073  	-8.261700 
94.000000 	-0.070734 	1.388098  	-8.261700 
95.000000 	-0.088999 	1.382770  	-8.261700 
96.000000 	-0.107586 	1.376134  	-8.261700 
97.000000 	-0.126174 	1.369499  	-8.261700 
98.000000 	-0.144762 	1.362863  	-8.261700 
99.000000 	-0.163505 	1.355221  	-8.261700 
100.000000	-0.182636 	1.345059  	-8.261700 
101.000000	-0.201767 	1.334898  	-8.261700 
102.000000	-0.220898 	1.324736  	-8.261700 
103.000000	-0.240030 	1.314575  	-8.261700 
104.000000	-0.259364 	1.301340  	-8.261700 
105.000000	-0.278713 	1.287868  	-8.261700 
106.000000	-0.298063 	1.274396  	-8.261700 
107.000000	-0.317413 	1.260924  	-8.261700 
108.000000	-0.336729 	1.245728  	-8.261700 
109.000000	-0.356021 	1.229238  	-8.261700 
110.000000	-0.375312 	1.212748  	-8.261700 
111.000000	-0.394604 	1.196258  	-8.261700 
112.000000	-0.413837 	1.179199  	-8.261700 
113.000000	-0.432856 	1.160054  	-8.261700 
114.000000	-0.451875 	1.140908  	-8.261700 
115.000000	-0.470894 	1.121762  	-8.261700 
116.000000	-0.489914 	1.102617  	-8.261700 
117.000000	-0.508584 	1.081558  	-8.261700 
118.000000	-0.527195 	1.060181  	-8.261700 
119.000000	-0.545807 	1.038804  	-8.261700 
120.000000	-0.564419 	1.017427  	-8.261700 
121.000000	-0.582809 	0.995173  	-8.261700 
122.000000	-0.600979 	0.972041  	-8.261700 
123.000000	-0.619148 	0.948909  	-8.261700 
124.000000	-0.637317 	0.925777  	-8.261700 
125.000000	-0.655437 	0.902468  	-8.261700 
126.000000	-0.673256 	0.878099  	-8.261700 
127.000000	-0.691075 	0.853729  	-8.261700 
128.000000	-0.708894 	0.829360  	-8.261700 
129.000000	-0.726713 	0.804991  	-8.261700 
130.000000	-0.744460 	0.780080  	-8.261700 
131.000000	-0.762188 	0.755020  	-8.261700 
132.000000	-0.779916 	0.729961  	-8.261700 
133.000000	-0.797643 	0.704902  	-8.261700 
134.000000	-0.815540 	0.679788  	-8.261700 
135.000000	-0.833663 	0.654603  	-8.261700 
136.000000	-0.851785 	0.629417  	-8.261700 
137.000000	-0.869908 	0.604232  	-8.261700 
138.000000	-0.888116 	0.579078  	-8.261700 
139.000000	-0.907445 	0.554334  	-8.261700 
140.000000	-0.926774 	0.529591  	-8.261700 
141.000000	-0.946104 	0.504847  	-8.261700 
142.000000	-0.965433 	0.480103  	-8.261700 
143.000000	-0.986561 	0.456075  	-8.261700 
144.000000	-1.008410 	0.432332  	-8.261700 
145.000000	-1.030258 	0.408589  	-8.261700 
146.000000	-1.052107 	0.384846  	-8.261700 
147.000000	-1.075621 	0.361652  	-8.261700 
148.000000	-1.102133 	0.339446  	-8.261700 
149.000000	-1.128646 	0.317241  	-8.261700 
150.000000	-1.155158 	0.295035  	-8.261700 
151.000000	-1.181670 	0.272830  	-8.261700 
152.000000	-1.140923 	0.252068  	-8.261700 
153.000000	-1.100176 	0.231306  	-8.261700 
154.000000	-1.059428 	0.211545  	-8.261700 
155.000000	-1.018681 	0.191861  	-8.261700 
156.000000	-0.977934 	0.173187  	-8.261700 
157.000000	-0.937187 	0.154682  	-8.261700 
158.000000	-0.896439 	0.137177  	-8.261700 
159.000000	-0.855692 	0.119945  	-8.261700 
160.000000	-0.814945 	0.103687  	-8.261700 
161.000000	-0.774198 	0.087817  	-8.261700 
162.000000	-0.733450 	0.072875  	-8.261700 
163.000000	-0.692703 	0.058449  	-8.261700 
164.000000	-0.651956 	0.044890  	-8.261700 
165.000000	-0.611209 	0.031981  	-8.261700 
166.000000	-0.570461 	0.019865  	-8.261700 
167.000000	-0.529714 	0.008540  	-8.261700 
168.000000	-0.488967 	0.001848  	-8.261700 
169.000000	-0.448220 	0.001332  	-8.261700 
170.000000	-0.407472 	0.001000  	-8.261700 
171.000000	-0.366725 	0.001000  	-8.261700 
172.000000	-0.325978 	0.001000  	-8.261700 
173.000000	-0.285231 	0.001000  	-8.261700 
174.000000	-0.244483 	0.001000  	-8.261700 
175.000000	-0.203736 	0.001000  	-8.261700 
176.000000	-0.162989 	0.001000  	-8.261700 
177.000000	-0.122242 	0.001000  	-8.261700 
178.000000	-0.081494 	0.001000  	-8.261700 
179.000000	-0.040747 	0.001000  	-8.261700 
180.000000	0.000000  	0.001000  	-8.261700 
! ------------------------------------------------------------------------------
! data for table	8         
! ------------------------------------------------------------------------------
  0.900000  	Re           ! Reynolds number in millions
  0.000000  	UserProp     ! User property (control) setting
Flase           InclUAdata   ! Is unsteady aerodynamics data included in this table? If TRUE, then include UA coefficients below this line. Any missing coefficients will be calculated internally.
! Table of aerodynamics coefficients
  361       	NumAlf       ! Number of data lines in the following table
!Alpha      Cl          Cd          Cm/Cp
!(deg)      (-)         (-)         (-)
-180.000000	0.000000  	0.001000  	-8.296000 
-179.000000	0.040798  	0.001000  	-8.296000 
-178.000000	0.081596  	0.001000  	-8.296000 
-177.000000	0.122394  	0.001000  	-8.296000 
-176.000000	0.163192  	0.001000  	-8.296000 
-175.000000	0.203990  	0.001000  	-8.296000 
-174.000000	0.244788  	0.001000  	-8.296000 
-173.000000	0.285586  	0.001000  	-8.296000 
-172.000000	0.326383  	0.001000  	-8.296000 
-171.000000	0.367181  	0.001000  	-8.296000 
-170.000000	0.407979  	0.001000  	-8.296000 
-169.000000	0.448777  	0.001335  	-8.296000 
-168.000000	0.489575  	0.001856  	-8.296000 
-167.000000	0.530373  	0.008551  	-8.296000 
-166.000000	0.571171  	0.019876  	-8.296000 
-165.000000	0.611969  	0.031992  	-8.296000 
-164.000000	0.652767  	0.044901  	-8.296000 
-163.000000	0.693565  	0.058460  	-8.296000 
-162.000000	0.734363  	0.072886  	-8.296000 
-161.000000	0.775161  	0.087828  	-8.296000 
-160.000000	0.815959  	0.103697  	-8.296000 
-159.000000	0.856757  	0.119956  	-8.296000 
-158.000000	0.897554  	0.137188  	-8.296000 
-157.000000	0.938352  	0.154692  	-8.296000 
-156.000000	0.979150  	0.173198  	-8.296000 
-155.000000	1.019948  	0.191871  	-8.296000 
-154.000000	1.060746  	0.211555  	-8.296000 
-153.000000	1.101544  	0.231316  	-8.296000 
-152.000000	1.142342  	0.252078  	-8.296000 
-151.000000	1.183140  	0.272840  	-8.296000 
-150.000000	1.156562  	0.295045  	-8.296000 
-149.000000	1.129983  	0.317251  	-8.296000 
-148.000000	1.103405  	0.339456  	-8.296000 
-147.000000	1.076827  	0.361661  	-8.296000 
-146.000000	1.053255  	0.384855  	-8.296000 
-145.000000	1.031354  	0.408598  	-8.296000 
-144.000000	1.009453  	0.432341  	-8.296000 
-143.000000	0.987552  	0.456084  	-8.296000 
-142.000000	0.966374  	0.480112  	-8.296000 
-141.000000	0.947001  	0.504856  	-8.296000 
-140.000000	0.927629  	0.529599  	-8.296000 
-139.000000	0.908257  	0.554343  	-8.296000 
-138.000000	0.888885  	0.579086  	-8.296000 
-137.000000	0.870641  	0.604240  	-8.296000 
-136.000000	0.852483  	0.629425  	-8.296000 
-135.000000	0.834325  	0.654611  	-8.296000 
-134.000000	0.816166  	0.679796  	-8.296000 
-133.000000	0.798237  	0.704909  	-8.296000 
-132.000000	0.780480  	0.729969  	-8.296000 
-131.000000	0.762722  	0.755028  	-8.296000 
-130.000000	0.744964  	0.780087  	-8.296000 
-129.000000	0.727188  	0.804998  	-8.296000 
-128.000000	0.709344  	0.829367  	-8.296000 
-127.000000	0.691500  	0.853736  	-8.296000 
-126.000000	0.673655  	0.878105  	-8.296000 
-125.000000	0.655811  	0.902475  	-8.296000 
-124.000000	0.637670  	0.925783  	-8.296000 
-123.000000	0.619480  	0.948915  	-8.296000 
-122.000000	0.601289  	0.972047  	-8.296000 
-121.000000	0.583099  	0.995179  	-8.296000 
-120.000000	0.564689  	1.017433  	-8.296000 
-119.000000	0.546059  	1.038810  	-8.296000 
-118.000000	0.527430  	1.060187  	-8.296000 
-117.000000	0.508800  	1.081564  	-8.296000 
-116.000000	0.490113  	1.102622  	-8.296000 
-115.000000	0.471079  	1.121767  	-8.296000 
-114.000000	0.452046  	1.140913  	-8.296000 
-113.000000	0.433012  	1.160058  	-8.296000 
-112.000000	0.413978  	1.179203  	-8.296000 
-111.000000	0.394733  	1.196262  	-8.296000 
-110.000000	0.375430  	1.212752  	-8.296000 
-109.000000	0.356127  	1.229242  	-8.296000 
-108.000000	0.336823  	1.245731  	-8.296000 
-107.000000	0.317497  	1.260928  	-8.296000 
-106.000000	0.298138  	1.274399  	-8.296000 
-105.000000	0.278779  	1.287871  	-8.296000 
-104.000000	0.259421  	1.301343  	-8.296000 
-103.000000	0.240078  	1.314578  	-8.296000 
-102.000000	0.220941  	1.324739  	-8.296000 
-101.000000	0.201803  	1.334900  	-8.296000 
-100.000000	0.182666  	1.345061  	-8.296000 
-99.000000	0.163528  	1.355222  	-8.296000 
-98.000000	0.144781  	1.362865  	-8.296000 
-97.000000	0.126189  	1.369500  	-8.296000 
-96.000000	0.107598  	1.376135  	-8.296000 
-95.000000	0.089006  	1.382771  	-8.296000 
-94.000000	0.070739  	1.388099  	-8.296000 
-93.000000	0.053054  	1.391074  	-8.296000 
-92.000000	0.035369  	1.394049  	-8.296000 
-91.000000	0.017685  	1.397025  	-8.296000 
-90.000000	0.000000  	1.400000  	-8.296000 
-89.000000	-0.017685 	1.397025  	-8.296000 
-88.000000	-0.035369 	1.394049  	-8.296000 
-87.000000	-0.053054 	1.391074  	-8.296000 
-86.000000	-0.070739 	1.388099  	-8.296000 
-85.000000	-0.089006 	1.382771  	-8.296000 
-84.000000	-0.107598 	1.376135  	-8.296000 
-83.000000	-0.126189 	1.369500  	-8.296000 
-82.000000	-0.144781 	1.362865  	-8.296000 
-81.000000	-0.163528 	1.355222  	-8.296000 
-80.000000	-0.182666 	1.345061  	-8.296000 
-79.000000	-0.201803 	1.334900  	-8.296000 
-78.000000	-0.220941 	1.324739  	-8.296000 
-77.000000	-0.240078 	1.314578  	-8.296000 
-76.000000	-0.259421 	1.301343  	-8.296000 
-75.000000	-0.278779 	1.287871  	-8.296000 
-74.000000	-0.298138 	1.274399  	-8.296000 
-73.000000	-0.317497 	1.260928  	-8.296000 
-72.000000	-0.336823 	1.245731  	-8.296000 
-71.000000	-0.356127 	1.229242  	-8.296000 
-70.000000	-0.375430 	1.212752  	-8.296000 
-69.000000	-0.394733 	1.196262  	-8.296000 
-68.000000	-0.413978 	1.179203  	-8.296000 
-67.000000	-0.433012 	1.160058  	-8.296000 
-66.000000	-0.452046 	1.140913  	-8.296000 
-65.000000	-0.471079 	1.121767  	-8.296000 
-64.000000	-0.490113 	1.102622  	-8.296000 
-63.000000	-0.508800 	1.081564  	-8.296000 
-62.000000	-0.527430 	1.060187  	-8.296000 
-61.000000	-0.546059 	1.038810  	-8.296000 
-60.000000	-0.564689 	1.017433  	-8.296000 
-59.000000	-0.583099 	0.995179  	-8.296000 
-58.000000	-0.601289 	0.972047  	-8.296000 
-57.000000	-0.619480 	0.948915  	-8.296000 
-56.000000	-0.637670 	0.925783  	-8.296000 
-55.000000	-0.655811 	0.902475  	-8.296000 
-54.000000	-0.673655 	0.878105  	-8.296000 
-53.000000	-0.691500 	0.853736  	-8.296000 
-52.000000	-0.709344 	0.829367  	-8.296000 
-51.000000	-0.727188 	0.804998  	-8.296000 
-50.000000	-0.744964 	0.780087  	-8.296000 
-49.000000	-0.762722 	0.755028  	-8.296000 
-48.000000	-0.780480 	0.729969  	-8.296000 
-47.000000	-0.798237 	0.704909  	-8.296000 
-46.000000	-0.816166 	0.679796  	-8.296000 
-45.000000	-0.834325 	0.654611  	-8.296000 
-44.000000	-0.852483 	0.629425  	-8.296000 
-43.000000	-0.870641 	0.604240  	-8.296000 
-42.000000	-0.888885 	0.579086  	-8.296000 
-41.000000	-0.908257 	0.554343  	-8.296000 
-40.000000	-0.927629 	0.529599  	-8.296000 
-39.000000	-0.947001 	0.504856  	-8.296000 
-38.000000	-0.966374 	0.480112  	-8.296000 
-37.000000	-0.987552 	0.456084  	-8.296000 
-36.000000	-1.009453 	0.432341  	-8.296000 
-35.000000	-1.031354 	0.408598  	-8.296000 
-34.000000	-1.053255 	0.384855  	-8.296000 
-33.000000	-1.076827 	0.361661  	-8.296000 
-32.000000	-1.103405 	0.339456  	-8.296000 
-31.000000	-1.129983 	0.317251  	-8.296000 
-30.000000	-1.156562 	0.295045  	-8.296000 
-29.000000	-1.183140 	0.272840  	-8.296000 
-28.000000	-1.148948 	0.259172  	-8.296000 
-27.000000	-1.114757 	0.245504  	-8.296000 
-26.000000	-1.080565 	0.231836  	-8.296000 
-25.000000	-1.046374 	0.218168  	-8.296000 
-24.000000	-1.012182 	0.204501  	-8.296000 
-23.000000	-0.977991 	0.190833  	-8.296000 
-22.000000	-0.943799 	0.177165  	-8.296000 
-21.000000	-0.909607 	0.163497  	-8.296000 
-20.000000	-0.875416 	0.149829  	-8.296000 
-19.000000	-0.841224 	0.136161  	-8.296000 
-18.000000	-0.807033 	0.122493  	-8.296000 
-17.000000	-0.772841 	0.108825  	-8.296000 
-16.000000	-0.738649 	0.095157  	-8.296000 
-15.000000	-0.704458 	0.081489  	-8.296000 
-14.000000	-0.670266 	0.067822  	-8.296000 
-13.000000	-0.636075 	0.054154  	-8.296000 
-12.000000	-0.601883 	0.040486  	-6.568789 
-11.000000	-0.567692 	0.026818  	-4.150695 
-10.000000	-0.533500 	0.013150  	-1.732600 
-9.000000 	-0.380600 	0.012320  	-1.582600 
-8.000000 	-0.236150 	0.011855  	-1.451950 
-7.000000 	-0.091700 	0.011390  	-1.321300 
-6.000000 	0.047500  	0.011170  	-1.201700 
-5.000000 	0.184700  	0.011080  	-1.089300 
-4.000000 	0.318000  	0.011020  	-0.982500 
-3.000000 	0.449800  	0.011020  	-0.992000 
-2.000000 	0.580000  	0.011100  	-1.081600 
-1.000000 	0.708500  	0.011250  	-1.173100 
0.000000  	0.834400  	0.011430  	-1.268600 
1.000000  	0.958400  	0.011650  	-1.372200 
2.000000  	1.079800  	0.011910  	-1.499400 
3.000000  	1.198400  	0.012250  	-1.660300 
4.000000  	1.313500  	0.012680  	-1.854300 
5.000000  	1.424700  	0.013230  	-2.085600 
6.000000  	1.529000  	0.014040  	-2.355600 
7.000000  	1.617600  	0.015430  	-2.663600 
8.000000  	1.673800  	0.017820  	-2.970000 
9.000000  	1.710200  	0.021280  	-3.262300 
10.000000 	1.737200  	0.025840  	-3.568800 
11.000000 	1.755300  	0.032620  	-3.901400 
12.000000 	1.767800  	0.041600  	-4.229000 
13.000000 	1.765900  	0.052700  	-4.534000 
14.000000 	1.760500  	0.064780  	-4.820800 
15.000000 	1.754300  	0.077430  	-5.113100 
16.000000 	1.745800  	0.090760  	-5.408400 
17.000000 	1.742900  	0.103660  	-5.693000 
18.000000 	1.736700  	0.117250  	-5.986700 
19.000000 	1.737700  	0.130040  	-6.302800 
20.000000 	1.737000  	0.143240  	-6.627300 
21.000000 	1.734500  	0.156850  	-6.903500 
22.000000 	1.731800  	0.170640  	-7.170000 
23.000000 	1.725700  	0.185090  	-7.400100 
24.000000 	1.718100  	0.199880  	-7.619800 
25.000000 	1.707100  	0.215490  	-7.738300 
26.000000 	1.700200  	0.230390  	-7.913400 
27.000000 	1.696000  	0.244870  	-8.075800 
28.000000 	1.691300  	0.259280  	-8.182800 
29.000000 	1.690200  	0.272840  	-8.296000 
30.000000 	1.652231  	0.295045  	-8.296000 
31.000000 	1.614262  	0.317251  	-8.296000 
32.000000 	1.576293  	0.339456  	-8.296000 
33.000000 	1.538324  	0.361661  	-8.296000 
34.000000 	1.504650  	0.384855  	-8.296000 
35.000000 	1.473363  	0.408598  	-8.296000 
36.000000 	1.442076  	0.432341  	-8.296000 
37.000000 	1.410789  	0.456084  	-8.296000 
38.000000 	1.380534  	0.480112  	-8.296000 
39.000000 	1.352859  	0.504856  	-8.296000 
40.000000 	1.325185  	0.529599  	-8.296000 
41.000000 	1.297511  	0.554343  	-8.296000 
42.000000 	1.269836  	0.579086  	-8.296000 
43.000000 	1.243772  	0.604240  	-8.296000 
44.000000 	1.217832  	0.629425  	-8.296000 
45.000000 	1.191892  	0.654611  	-8.296000 
46.000000 	1.165952  	0.679796  	-8.296000 
47.000000 	1.140339  	0.704909  	-8.296000 
48.000000 	1.114971  	0.729969  	-8.296000 
49.000000 	1.089603  	0.755028  	-8.296000 
50.000000 	1.064235  	0.780087  	-8.296000 
51.000000 	1.038840  	0.804998  	-8.296000 
52.000000 	1.013348  	0.829367  	-8.296000 
53.000000 	0.987857  	0.853736  	-8.296000 
54.000000 	0.962365  	0.878105  	-8.296000 
55.000000 	0.936873  	0.902475  	-8.296000 
56.000000 	0.910957  	0.925783  	-8.296000 
57.000000 	0.884971  	0.948915  	-8.296000 
58.000000 	0.858984  	0.972047  	-8.296000 
59.000000 	0.832998  	0.995179  	-8.296000 
60.000000 	0.806698  	1.017433  	-8.296000 
61.000000 	0.780084  	1.038810  	-8.296000 
62.000000 	0.753471  	1.060187  	-8.296000 
63.000000 	0.726857  	1.081564  	-8.296000 
64.000000 	0.700161  	1.102622  	-8.296000 
65.000000 	0.672970  	1.121767  	-8.296000 
66.000000 	0.645779  	1.140913  	-8.296000 
67.000000 	0.618588  	1.160058  	-8.296000 
68.000000 	0.591397  	1.179203  	-8.296000 
69.000000 	0.563904  	1.196262  	-8.296000 
70.000000 	0.536328  	1.212752  	-8.296000 
71.000000 	0.508752  	1.229242  	-8.296000 
72.000000 	0.481176  	1.245731  	-8.296000 
73.000000 	0.453566  	1.260928  	-8.296000 
74.000000 	0.425911  	1.274399  	-8.296000 
75.000000 	0.398256  	1.287871  	-8.296000 
76.000000 	0.370601  	1.301343  	-8.296000 
77.000000 	0.342969  	1.314578  	-8.296000 
78.000000 	0.315630  	1.324739  	-8.296000 
79.000000 	0.288290  	1.334900  	-8.296000 
80.000000 	0.260951  	1.345061  	-8.296000 
81.000000 	0.233612  	1.355222  	-8.296000 
82.000000 	0.206830  	1.362865  	-8.296000 
83.000000 	0.180270  	1.369500  	-8.296000 
84.000000 	0.153711  	1.376135  	-8.296000 
85.000000 	0.127152  	1.382771  	-8.296000 
86.000000 	0.101055  	1.388099  	-8.296000 
87.000000 	0.075791  	1.391074  	-8.296000 
88.000000 	0.050528  	1.394049  	-8.296000 
89.000000 	0.025264  	1.397025  	-8.296000 
90.000000 	0.000000  	1.400000  	-8.296000 
91.000000 	-0.017685 	1.397025  	-8.296000 
92.000000 	-0.035369 	1.394049  	-8.296000 
93.000000 	-0.053054 	1.391074  	-8.296000 
94.000000 	-0.070739 	1.388099  	-8.296000 
95.000000 	-0.089006 	1.382771  	-8.296000 
96.000000 	-0.107598 	1.376135  	-8.296000 
97.000000 	-0.126189 	1.369500  	-8.296000 
98.000000 	-0.144781 	1.362865  	-8.296000 
99.000000 	-0.163528 	1.355222  	-8.296000 
100.000000	-0.182666 	1.345061  	-8.296000 
101.000000	-0.201803 	1.334900  	-8.296000 
102.000000	-0.220941 	1.324739  	-8.296000 
103.000000	-0.240078 	1.314578  	-8.296000 
104.000000	-0.259421 	1.301343  	-8.296000 
105.000000	-0.278779 	1.287871  	-8.296000 
106.000000	-0.298138 	1.274399  	-8.296000 
107.000000	-0.317497 	1.260928  	-8.296000 
108.000000	-0.336823 	1.245731  	-8.296000 
109.000000	-0.356127 	1.229242  	-8.296000 
110.000000	-0.375430 	1.212752  	-8.296000 
111.000000	-0.394733 	1.196262  	-8.296000 
112.000000	-0.413978 	1.179203  	-8.296000 
113.000000	-0.433012 	1.160058  	-8.296000 
114.000000	-0.452046 	1.140913  	-8.296000 
115.000000	-0.471079 	1.121767  	-8.296000 
116.000000	-0.490113 	1.102622  	-8.296000 
117.000000	-0.508800 	1.081564  	-8.296000 
118.000000	-0.527430 	1.060187  	-8.296000 
119.000000	-0.546059 	1.038810  	-8.296000 
120.000000	-0.564689 	1.017433  	-8.296000 
121.000000	-0.583099 	0.995179  	-8.296000 
122.000000	-0.601289 	0.972047  	-8.296000 
123.000000	-0.619480 	0.948915  	-8.296000 
124.000000	-0.637670 	0.925783  	-8.296000 
125.000000	-0.655811 	0.902475  	-8.296000 
126.000000	-0.673655 	0.878105  	-8.296000 
127.000000	-0.691500 	0.853736  	-8.296000 
128.000000	-0.709344 	0.829367  	-8.296000 
129.000000	-0.727188 	0.804998  	-8.296000 
130.000000	-0.744964 	0.780087  	-8.296000 
131.000000	-0.762722 	0.755028  	-8.296000 
132.000000	-0.780480 	0.729969  	-8.296000 
133.000000	-0.798237 	0.704909  	-8.296000 
134.000000	-0.816166 	0.679796  	-8.296000 
135.000000	-0.834325 	0.654611  	-8.296000 
136.000000	-0.852483 	0.629425  	-8.296000 
137.000000	-0.870641 	0.604240  	-8.296000 
138.000000	-0.888885 	0.579086  	-8.296000 
139.000000	-0.908257 	0.554343  	-8.296000 
140.000000	-0.927629 	0.529599  	-8.296000 
141.000000	-0.947001 	0.504856  	-8.296000 
142.000000	-0.966374 	0.480112  	-8.296000 
143.000000	-0.987552 	0.456084  	-8.296000 
144.000000	-1.009453 	0.432341  	-8.296000 
145.000000	-1.031354 	0.408598  	-8.296000 
146.000000	-1.053255 	0.384855  	-8.296000 
147.000000	-1.076827 	0.361661  	-8.296000 
148.000000	-1.103405 	0.339456  	-8.296000 
149.000000	-1.129983 	0.317251  	-8.296000 
150.000000	-1.156562 	0.295045  	-8.296000 
151.000000	-1.183140 	0.272840  	-8.296000 
152.000000	-1.142342 	0.252078  	-8.296000 
153.000000	-1.101544 	0.231316  	-8.296000 
154.000000	-1.060746 	0.211555  	-8.296000 
155.000000	-1.019948 	0.191871  	-8.296000 
156.000000	-0.979150 	0.173198  	-8.296000 
157.000000	-0.938352 	0.154692  	-8.296000 
158.000000	-0.897554 	0.137188  	-8.296000 
159.000000	-0.856757 	0.119956  	-8.296000 
160.000000	-0.815959 	0.103697  	-8.296000 
161.000000	-0.775161 	0.087828  	-8.296000 
162.000000	-0.734363 	0.072886  	-8.296000 
163.000000	-0.693565 	0.058460  	-8.296000 
164.000000	-0.652767 	0.044901  	-8.296000 
165.000000	-0.611969 	0.031992  	-8.296000 
166.000000	-0.571171 	0.019876  	-8.296000 
167.000000	-0.530373 	0.008551  	-8.296000 
168.000000	-0.489575 	0.001856  	-8.296000 
169.000000	-0.448777 	0.001335  	-8.296000 
170.000000	-0.407979 	0.001000  	-8.296000 
171.000000	-0.367181 	0.001000  	-8.296000 
172.000000	-0.326383 	0.001000  	-8.296000 
173.000000	-0.285586 	0.001000  	-8.296000 
174.000000	-0.244788 	0.001000  	-8.296000 
175.000000	-0.203990 	0.001000  	-8.296000 
176.000000	-0.163192 	0.001000  	-8.296000 
177.000000	-0.122394 	0.001000  	-8.296000 
178.000000	-0.081596 	0.001000  	-8.296000 
179.000000	-0.040798 	0.001000  	-8.296000 
180.000000	0.000000  	0.001000  	-8.296000 
! ------------------------------------------------------------------------------
! data for table	9         
! ------------------------------------------------------------------------------
  1.000000  	Re           ! Reynolds number in millions
  0.000000  	UserProp     ! User property (control) setting
Flase           InclUAdata   ! Is unsteady aerodynamics data included in this table? If TRUE, then include UA coefficients below this line. Any missing coefficients will be calculated internally.
! Table of aerodynamics coefficients
  361       	NumAlf       ! Number of data lines in the following table
!Alpha      Cl          Cd          Cm/Cp
!(deg)      (-)         (-)         (-)
-180.000000	0.000000  	0.001000  	-8.304700 
-179.000000	0.040641  	0.001000  	-8.304700 
-178.000000	0.081282  	0.001000  	-8.304700 
-177.000000	0.121923  	0.001000  	-8.304700 
-176.000000	0.162564  	0.001000  	-8.304700 
-175.000000	0.203205  	0.001000  	-8.304700 
-174.000000	0.243846  	0.001000  	-8.304700 
-173.000000	0.284487  	0.001000  	-8.304700 
-172.000000	0.325128  	0.001000  	-8.304700 
-171.000000	0.365769  	0.001000  	-8.304700 
-170.000000	0.406410  	0.001000  	-8.304700 
-169.000000	0.447051  	0.002219  	-8.304700 
-168.000000	0.487692  	0.004115  	-8.304700 
-167.000000	0.528333  	0.011392  	-8.304700 
-166.000000	0.568974  	0.022704  	-8.304700 
-165.000000	0.609616  	0.034808  	-8.304700 
-164.000000	0.650257  	0.047703  	-8.304700 
-163.000000	0.690898  	0.061248  	-8.304700 
-162.000000	0.731539  	0.075659  	-8.304700 
-161.000000	0.772180  	0.090584  	-8.304700 
-160.000000	0.812821  	0.106437  	-8.304700 
-159.000000	0.853462  	0.122678  	-8.304700 
-158.000000	0.894103  	0.139891  	-8.304700 
-157.000000	0.934744  	0.157376  	-8.304700 
-156.000000	0.975385  	0.175861  	-8.304700 
-155.000000	1.016026  	0.194514  	-8.304700 
-154.000000	1.056667  	0.214176  	-8.304700 
-153.000000	1.097308  	0.233914  	-8.304700 
-152.000000	1.137949  	0.254652  	-8.304700 
-151.000000	1.178590  	0.275390  	-8.304700 
-150.000000	1.152216  	0.297569  	-8.304700 
-149.000000	1.125842  	0.319748  	-8.304700 
-148.000000	1.099469  	0.341927  	-8.304700 
-147.000000	1.073095  	0.364106  	-8.304700 
-146.000000	1.049701  	0.387271  	-8.304700 
-145.000000	1.027963  	0.410985  	-8.304700 
-144.000000	1.006224  	0.434698  	-8.304700 
-143.000000	0.984486  	0.458411  	-8.304700 
-142.000000	0.963461  	0.482410  	-8.304700 
-141.000000	0.944222  	0.507120  	-8.304700 
-140.000000	0.924983  	0.531831  	-8.304700 
-139.000000	0.905744  	0.556542  	-8.304700 
-138.000000	0.886505  	0.581253  	-8.304700 
-137.000000	0.868372  	0.606371  	-8.304700 
-136.000000	0.850324  	0.631521  	-8.304700 
-135.000000	0.832276  	0.656671  	-8.304700 
-134.000000	0.814228  	0.681821  	-8.304700 
-133.000000	0.796399  	0.706897  	-8.304700 
-132.000000	0.778734  	0.731918  	-8.304700 
-131.000000	0.761069  	0.756939  	-8.304700 
-130.000000	0.743404  	0.781960  	-8.304700 
-129.000000	0.725717  	0.806833  	-8.304700 
-128.000000	0.707951  	0.831161  	-8.304700 
-127.000000	0.690185  	0.855490  	-8.304700 
-126.000000	0.672418  	0.879818  	-8.304700 
-125.000000	0.654652  	0.904147  	-8.304700 
-124.000000	0.636578  	0.927413  	-8.304700 
-123.000000	0.618454  	0.950502  	-8.304700 
-122.000000	0.600329  	0.973591  	-8.304700 
-121.000000	0.582204  	0.996680  	-8.304700 
-120.000000	0.563854  	1.018890  	-8.304700 
-119.000000	0.545279  	1.040222  	-8.304700 
-118.000000	0.526704  	1.061554  	-8.304700 
-117.000000	0.508130  	1.082887  	-8.304700 
-116.000000	0.489496  	1.103900  	-8.304700 
-115.000000	0.470507  	1.122999  	-8.304700 
-114.000000	0.451518  	1.142098  	-8.304700 
-113.000000	0.432529  	1.161197  	-8.304700 
-112.000000	0.413541  	1.180295  	-8.304700 
-111.000000	0.394333  	1.197307  	-8.304700 
-110.000000	0.375066  	1.213748  	-8.304700 
-109.000000	0.355799  	1.230190  	-8.304700 
-108.000000	0.336532  	1.246632  	-8.304700 
-107.000000	0.317237  	1.261780  	-8.304700 
-106.000000	0.297906  	1.275202  	-8.304700 
-105.000000	0.278575  	1.288625  	-8.304700 
-104.000000	0.259244  	1.302048  	-8.304700 
-103.000000	0.239928  	1.315234  	-8.304700 
-102.000000	0.220810  	1.325345  	-8.304700 
-101.000000	0.201692  	1.335456  	-8.304700 
-100.000000	0.182574  	1.345567  	-8.304700 
-99.000000	0.163456  	1.355678  	-8.304700 
-98.000000	0.144722  	1.363271  	-8.304700 
-97.000000	0.126142  	1.369855  	-8.304700 
-96.000000	0.107562  	1.376440  	-8.304700 
-95.000000	0.088982  	1.383025  	-8.304700 
-94.000000	0.070723  	1.388302  	-8.304700 
-93.000000	0.053043  	1.391227  	-8.304700 
-92.000000	0.035362  	1.394151  	-8.304700 
-91.000000	0.017681  	1.397076  	-8.304700 
-90.000000	0.000000  	1.400000  	-8.304700 
-89.000000	-0.017681 	1.397076  	-8.304700 
-88.000000	-0.035362 	1.394151  	-8.304700 
-87.000000	-0.053043 	1.391227  	-8.304700 
-86.000000	-0.070723 	1.388302  	-8.304700 
-85.000000	-0.088982 	1.383025  	-8.304700 
-84.000000	-0.107562 	1.376440  	-8.304700 
-83.000000	-0.126142 	1.369855  	-8.304700 
-82.000000	-0.144722 	1.363271  	-8.304700 
-81.000000	-0.163456 	1.355678  	-8.304700 
-80.000000	-0.182574 	1.345567  	-8.304700 
-79.000000	-0.201692 	1.335456  	-8.304700 
-78.000000	-0.220810 	1.325345  	-8.304700 
-77.000000	-0.239928 	1.315234  	-8.304700 
-76.000000	-0.259244 	1.302048  	-8.304700 
-75.000000	-0.278575 	1.288625  	-8.304700 
-74.000000	-0.297906 	1.275202  	-8.304700 
-73.000000	-0.317237 	1.261780  	-8.304700 
-72.000000	-0.336532 	1.246632  	-8.304700 
-71.000000	-0.355799 	1.230190  	-8.304700 
-70.000000	-0.375066 	1.213748  	-8.304700 
-69.000000	-0.394333 	1.197307  	-8.304700 
-68.000000	-0.413541 	1.180295  	-8.304700 
-67.000000	-0.432529 	1.161197  	-8.304700 
-66.000000	-0.451518 	1.142098  	-8.304700 
-65.000000	-0.470507 	1.122999  	-8.304700 
-64.000000	-0.489496 	1.103900  	-8.304700 
-63.000000	-0.508130 	1.082887  	-8.304700 
-62.000000	-0.526704 	1.061554  	-8.304700 
-61.000000	-0.545279 	1.040222  	-8.304700 
-60.000000	-0.563854 	1.018890  	-8.304700 
-59.000000	-0.582204 	0.996680  	-8.304700 
-58.000000	-0.600329 	0.973591  	-8.304700 
-57.000000	-0.618454 	0.950502  	-8.304700 
-56.000000	-0.636578 	0.927413  	-8.304700 
-55.000000	-0.654652 	0.904147  	-8.304700 
-54.000000	-0.672418 	0.879818  	-8.304700 
-53.000000	-0.690185 	0.855490  	-8.304700 
-52.000000	-0.707951 	0.831161  	-8.304700 
-51.000000	-0.725717 	0.806833  	-8.304700 
-50.000000	-0.743404 	0.781960  	-8.304700 
-49.000000	-0.761069 	0.756939  	-8.304700 
-48.000000	-0.778734 	0.731918  	-8.304700 
-47.000000	-0.796399 	0.706897  	-8.304700 
-46.000000	-0.814228 	0.681821  	-8.304700 
-45.000000	-0.832276 	0.656671  	-8.304700 
-44.000000	-0.850324 	0.631521  	-8.304700 
-43.000000	-0.868372 	0.606371  	-8.304700 
-42.000000	-0.886505 	0.581253  	-8.304700 
-41.000000	-0.905744 	0.556542  	-8.304700 
-40.000000	-0.924983 	0.531831  	-8.304700 
-39.000000	-0.944222 	0.507120  	-8.304700 
-38.000000	-0.963461 	0.482410  	-8.304700 
-37.000000	-0.984486 	0.458411  	-8.304700 
-36.000000	-1.006224 	0.434698  	-8.304700 
-35.000000	-1.027963 	0.410985  	-8.304700 
-34.000000	-1.049701 	0.387271  	-8.304700 
-33.000000	-1.073095 	0.364106  	-8.304700 
-32.000000	-1.099469 	0.341927  	-8.304700 
-31.000000	-1.125842 	0.319748  	-8.304700 
-30.000000	-1.152216 	0.297569  	-8.304700 
-29.000000	-1.178590 	0.275390  	-8.304700 
-28.000000	-1.144764 	0.261579  	-8.304700 
-27.000000	-1.110938 	0.247768  	-8.304700 
-26.000000	-1.077113 	0.233957  	-8.304700 
-25.000000	-1.043287 	0.220146  	-8.304700 
-24.000000	-1.009461 	0.206335  	-8.304700 
-23.000000	-0.975635 	0.192524  	-8.304700 
-22.000000	-0.941809 	0.178713  	-8.304700 
-21.000000	-0.907984 	0.164902  	-8.304700 
-20.000000	-0.874158 	0.151091  	-8.304700 
-19.000000	-0.840332 	0.137279  	-8.304700 
-18.000000	-0.806506 	0.123468  	-8.304700 
-17.000000	-0.772681 	0.109657  	-8.304700 
-16.000000	-0.738855 	0.095846  	-8.304700 
-15.000000	-0.705029 	0.082035  	-8.304700 
-14.000000	-0.671203 	0.068224  	-8.304700 
-13.000000	-0.637377 	0.054413  	-8.304700 
-12.000000	-0.603552 	0.040602  	-6.575779 
-11.000000	-0.569726 	0.026791  	-4.155289 
-10.000000	-0.535900 	0.012980  	-1.734800 
-9.000000 	-0.384100 	0.012150  	-1.586800 
-8.000000 	-0.235600 	0.011540  	-1.449300 
-7.000000 	-0.091400 	0.011100  	-1.322500 
-6.000000 	0.048400  	0.010860  	-1.203500 
-5.000000 	0.184900  	0.010730  	-1.090300 
-4.000000 	0.319100  	0.010660  	-0.983000 
-3.000000 	0.451000  	0.010680  	-0.993600 
-2.000000 	0.581000  	0.010780  	-1.082200 
-1.000000 	0.709100  	0.010930  	-1.172800 
0.000000  	0.835200  	0.011070  	-1.269800 
1.000000  	0.959400  	0.011280  	-1.373800 
2.000000  	1.081000  	0.011530  	-1.501200 
3.000000  	1.199800  	0.011890  	-1.662400 
4.000000  	1.316100  	0.012300  	-1.857200 
5.000000  	1.427000  	0.012880  	-2.089000 
6.000000  	1.531600  	0.013730  	-2.362900 
7.000000  	1.619700  	0.015200  	-2.665200 
8.000000  	1.674900  	0.017660  	-2.973600 
9.000000  	1.713800  	0.020970  	-3.275100 
10.000000 	1.745200  	0.025230  	-3.592900 
11.000000 	1.764700  	0.031710  	-3.919400 
12.000000 	1.778000  	0.040500  	-4.258500 
13.000000 	1.778000  	0.051330  	-4.572300 
14.000000 	1.771900  	0.063330  	-4.851400 
15.000000 	1.766900  	0.075780  	-5.159500 
16.000000 	1.758600  	0.088970  	-5.439100 
17.000000 	1.755000  	0.101910  	-5.767800 
18.000000 	1.750300  	0.115110  	-6.060800 
19.000000 	1.746400  	0.128500  	-6.383500 
20.000000 	1.743300  	0.141930  	-6.646700 
21.000000 	1.740300  	0.155620  	-6.938000 
22.000000 	1.736400  	0.169590  	-7.208800 
23.000000 	1.730000  	0.184110  	-7.475700 
24.000000 	1.719600  	0.199590  	-7.636300 
25.000000 	1.711800  	0.214720  	-7.810300 
26.000000 	1.702100  	0.230330  	-7.971100 
27.000000 	1.689300  	0.246720  	-8.034800 
28.000000 	1.686900  	0.260970  	-8.217900 
29.000000 	1.683700  	0.275390  	-8.304700 
30.000000 	1.646023  	0.297569  	-8.304700 
31.000000 	1.608346  	0.319748  	-8.304700 
32.000000 	1.570670  	0.341927  	-8.304700 
33.000000 	1.532993  	0.364106  	-8.304700 
34.000000 	1.499573  	0.387271  	-8.304700 
35.000000 	1.468518  	0.410985  	-8.304700 
36.000000 	1.437463  	0.434698  	-8.304700 
37.000000 	1.406408  	0.458411  	-8.304700 
38.000000 	1.376374  	0.482410  	-8.304700 
39.000000 	1.348889  	0.507120  	-8.304700 
40.000000 	1.321404  	0.531831  	-8.304700 
41.000000 	1.293920  	0.556542  	-8.304700 
42.000000 	1.266435  	0.581253  	-8.304700 
43.000000 	1.240531  	0.606371  	-8.304700 
44.000000 	1.214748  	0.631521  	-8.304700 
45.000000 	1.188966  	0.656671  	-8.304700 
46.000000 	1.163183  	0.681821  	-8.304700 
47.000000 	1.137713  	0.706897  	-8.304700 
48.000000 	1.112477  	0.731918  	-8.304700 
49.000000 	1.087241  	0.756939  	-8.304700 
50.000000 	1.062006  	0.781960  	-8.304700 
51.000000 	1.036739  	0.806833  	-8.304700 
52.000000 	1.011358  	0.831161  	-8.304700 
53.000000 	0.985978  	0.855490  	-8.304700 
54.000000 	0.960598  	0.879818  	-8.304700 
55.000000 	0.935217  	0.904147  	-8.304700 
56.000000 	0.909398  	0.927413  	-8.304700 
57.000000 	0.883505  	0.950502  	-8.304700 
58.000000 	0.857612  	0.973591  	-8.304700 
59.000000 	0.831720  	0.996680  	-8.304700 
60.000000 	0.805506  	1.018890  	-8.304700 
61.000000 	0.778970  	1.040222  	-8.304700 
62.000000 	0.752435  	1.061554  	-8.304700 
63.000000 	0.725899  	1.082887  	-8.304700 
64.000000 	0.699280  	1.103900  	-8.304700 
65.000000 	0.672153  	1.122999  	-8.304700 
66.000000 	0.645026  	1.142098  	-8.304700 
67.000000 	0.617899  	1.161197  	-8.304700 
68.000000 	0.590773  	1.180295  	-8.304700 
69.000000 	0.563333  	1.197307  	-8.304700 
70.000000 	0.535809  	1.213748  	-8.304700 
71.000000 	0.508284  	1.230190  	-8.304700 
72.000000 	0.480760  	1.246632  	-8.304700 
73.000000 	0.453196  	1.261780  	-8.304700 
74.000000 	0.425580  	1.275202  	-8.304700 
75.000000 	0.397964  	1.288625  	-8.304700 
76.000000 	0.370349  	1.302048  	-8.304700 
77.000000 	0.342754  	1.315234  	-8.304700 
78.000000 	0.315443  	1.325345  	-8.304700 
79.000000 	0.288131  	1.335456  	-8.304700 
80.000000 	0.260820  	1.345567  	-8.304700 
81.000000 	0.233508  	1.355678  	-8.304700 
82.000000 	0.206746  	1.363271  	-8.304700 
83.000000 	0.180203  	1.369855  	-8.304700 
84.000000 	0.153660  	1.376440  	-8.304700 
85.000000 	0.127117  	1.383025  	-8.304700 
86.000000 	0.101033  	1.388302  	-8.304700 
87.000000 	0.075775  	1.391227  	-8.304700 
88.000000 	0.050517  	1.394151  	-8.304700 
89.000000 	0.025258  	1.397076  	-8.304700 
90.000000 	0.000000  	1.400000  	-8.304700 
91.000000 	-0.017681 	1.397076  	-8.304700 
92.000000 	-0.035362 	1.394151  	-8.304700 
93.000000 	-0.053043 	1.391227  	-8.304700 
94.000000 	-0.070723 	1.388302  	-8.304700 
95.000000 	-0.088982 	1.383025  	-8.304700 
96.000000 	-0.107562 	1.376440  	-8.304700 
97.000000 	-0.126142 	1.369855  	-8.304700 
98.000000 	-0.144722 	1.363271  	-8.304700 
99.000000 	-0.163456 	1.355678  	-8.304700 
100.000000	-0.182574 	1.345567  	-8.304700 
101.000000	-0.201692 	1.335456  	-8.304700 
102.000000	-0.220810 	1.325345  	-8.304700 
103.000000	-0.239928 	1.315234  	-8.304700 
104.000000	-0.259244 	1.302048  	-8.304700 
105.000000	-0.278575 	1.288625  	-8.304700 
106.000000	-0.297906 	1.275202  	-8.304700 
107.000000	-0.317237 	1.261780  	-8.304700 
108.000000	-0.336532 	1.246632  	-8.304700 
109.000000	-0.355799 	1.230190  	-8.304700 
110.000000	-0.375066 	1.213748  	-8.304700 
111.000000	-0.394333 	1.197307  	-8.304700 
112.000000	-0.413541 	1.180295  	-8.304700 
113.000000	-0.432529 	1.161197  	-8.304700 
114.000000	-0.451518 	1.142098  	-8.304700 
115.000000	-0.470507 	1.122999  	-8.304700 
116.000000	-0.489496 	1.103900  	-8.304700 
117.000000	-0.508130 	1.082887  	-8.304700 
118.000000	-0.526704 	1.061554  	-8.304700 
119.000000	-0.545279 	1.040222  	-8.304700 
120.000000	-0.563854 	1.018890  	-8.304700 
121.000000	-0.582204 	0.996680  	-8.304700 
122.000000	-0.600329 	0.973591  	-8.304700 
123.000000	-0.618454 	0.950502  	-8.304700 
124.000000	-0.636578 	0.927413  	-8.304700 
125.000000	-0.654652 	0.904147  	-8.304700 
126.000000	-0.672418 	0.879818  	-8.304700 
127.000000	-0.690185 	0.855490  	-8.304700 
128.000000	-0.707951 	0.831161  	-8.304700 
129.000000	-0.725717 	0.806833  	-8.304700 
130.000000	-0.743404 	0.781960  	-8.304700 
131.000000	-0.761069 	0.756939  	-8.304700 
132.000000	-0.778734 	0.731918  	-8.304700 
133.000000	-0.796399 	0.706897  	-8.304700 
134.000000	-0.814228 	0.681821  	-8.304700 
135.000000	-0.832276 	0.656671  	-8.304700 
136.000000	-0.850324 	0.631521  	-8.304700 
137.000000	-0.868372 	0.606371  	-8.304700 
138.000000	-0.886505 	0.581253  	-8.304700 
139.000000	-0.905744 	0.556542  	-8.304700 
140.000000	-0.924983 	0.531831  	-8.304700 
141.000000	-0.944222 	0.507120  	-8.304700 
142.000000	-0.963461 	0.482410  	-8.304700 
143.000000	-0.984486 	0.458411  	-8.304700 
144.000000	-1.006224 	0.434698  	-8.304700 
145.000000	-1.027963 	0.410985  	-8.304700 
146.000000	-1.049701 	0.387271  	-8.304700 
147.000000	-1.073095 	0.364106  	-8.304700 
148.000000	-1.099469 	0.341927  	-8.304700 
149.000000	-1.125842 	0.319748  	-8.304700 
150.000000	-1.152216 	0.297569  	-8.304700 
151.000000	-1.178590 	0.275390  	-8.304700 
152.000000	-1.137949 	0.254652  	-8.304700 
153.000000	-1.097308 	0.233914  	-8.304700 
154.000000	-1.056667 	0.214176  	-8.304700 
155.000000	-1.016026 	0.194514  	-8.304700 
156.000000	-0.975385 	0.175861  	-8.304700 
157.000000	-0.934744 	0.157376  	-8.304700 
158.000000	-0.894103 	0.139891  	-8.304700 
159.000000	-0.853462 	0.122678  	-8.304700 
160.000000	-0.812821 	0.106437  	-8.304700 
161.000000	-0.772180 	0.090584  	-8.304700 
162.000000	-0.731539 	0.075659  	-8.304700 
163.000000	-0.690898 	0.061248  	-8.304700 
164.000000	-0.650257 	0.047703  	-8.304700 
165.000000	-0.609616 	0.034808  	-8.304700 
166.000000	-0.568974 	0.022704  	-8.304700 
167.000000	-0.528333 	0.011392  	-8.304700 
168.000000	-0.487692 	0.004115  	-8.304700 
169.000000	-0.447051 	0.002219  	-8.304700 
170.000000	-0.406410 	0.001000  	-8.304700 
171.000000	-0.365769 	0.001000  	-8.304700 
172.000000	-0.325128 	0.001000  	-8.304700 
173.000000	-0.284487 	0.001000  	-8.304700 
174.000000	-0.243846 	0.001000  	-8.304700 
175.000000	-0.203205 	0.001000  	-8.304700 
176.000000	-0.162564 	0.001000  	-8.304700 
177.000000	-0.121923 	0.001000  	-8.304700 
178.000000	-0.081282 	0.001000  	-8.304700 
179.000000	-0.040641 	0.001000  	-8.304700 
180.000000	0.000000  	0.001000  	-8.304700 
! ------------------------------------------------------------------------------
! data for table	10        
! ------------------------------------------------------------------------------
  1.100000  	Re           ! Reynolds number in millions
  0.000000  	UserProp     ! User property (control) setting
Flase           InclUAdata   ! Is unsteady aerodynamics data included in this table? If TRUE, then include UA coefficients below this line. Any missing coefficients will be calculated internally.
! Table of aerodynamics coefficients
  361       	NumAlf       ! Number of data lines in the following table
!Alpha      Cl          Cd          Cm/Cp
!(deg)      (-)         (-)         (-)
-180.000000	0.000000  	0.001000  	-8.377700 
-179.000000	0.040791  	0.001000  	-8.377700 
-178.000000	0.081581  	0.001000  	-8.377700 
-177.000000	0.122372  	0.001000  	-8.377700 
-176.000000	0.163163  	0.001000  	-8.377700 
-175.000000	0.203953  	0.001000  	-8.377700 
-174.000000	0.244744  	0.001000  	-8.377700 
-173.000000	0.285535  	0.001000  	-8.377700 
-172.000000	0.326326  	0.001000  	-8.377700 
-171.000000	0.367116  	0.001000  	-8.377700 
-170.000000	0.407907  	0.001000  	-8.377700 
-169.000000	0.448698  	0.001824  	-8.377700 
-168.000000	0.489488  	0.003105  	-8.377700 
-167.000000	0.530279  	0.010122  	-8.377700 
-166.000000	0.571070  	0.021440  	-8.377700 
-165.000000	0.611860  	0.033549  	-8.377700 
-164.000000	0.652651  	0.046450  	-8.377700 
-163.000000	0.693442  	0.060001  	-8.377700 
-162.000000	0.734232  	0.074419  	-8.377700 
-161.000000	0.775023  	0.089352  	-8.377700 
-160.000000	0.815814  	0.105212  	-8.377700 
-159.000000	0.856604  	0.121461  	-8.377700 
-158.000000	0.897395  	0.138682  	-8.377700 
-157.000000	0.938186  	0.156176  	-8.377700 
-156.000000	0.978977  	0.174670  	-8.377700 
-155.000000	1.019767  	0.193332  	-8.377700 
-154.000000	1.060558  	0.213004  	-8.377700 
-153.000000	1.101349  	0.232753  	-8.377700 
-152.000000	1.142139  	0.253501  	-8.377700 
-151.000000	1.182930  	0.274250  	-8.377700 
-150.000000	1.156361  	0.296441  	-8.377700 
-149.000000	1.129792  	0.318632  	-8.377700 
-148.000000	1.103223  	0.340822  	-8.377700 
-147.000000	1.076655  	0.363013  	-8.377700 
-146.000000	1.053091  	0.386191  	-8.377700 
-145.000000	1.031198  	0.409918  	-8.377700 
-144.000000	1.009304  	0.433644  	-8.377700 
-143.000000	0.987410  	0.457371  	-8.377700 
-142.000000	0.966239  	0.481383  	-8.377700 
-141.000000	0.946873  	0.506108  	-8.377700 
-140.000000	0.927507  	0.530833  	-8.377700 
-139.000000	0.908141  	0.555559  	-8.377700 
-138.000000	0.888776  	0.580284  	-8.377700 
-137.000000	0.870536  	0.605419  	-8.377700 
-136.000000	0.852383  	0.630584  	-8.377700 
-135.000000	0.834230  	0.655750  	-8.377700 
-134.000000	0.816077  	0.680916  	-8.377700 
-133.000000	0.798152  	0.706008  	-8.377700 
-132.000000	0.780399  	0.731047  	-8.377700 
-131.000000	0.762646  	0.756085  	-8.377700 
-130.000000	0.744892  	0.781123  	-8.377700 
-129.000000	0.727120  	0.806013  	-8.377700 
-128.000000	0.709280  	0.830359  	-8.377700 
-127.000000	0.691439  	0.854706  	-8.377700 
-126.000000	0.673598  	0.879052  	-8.377700 
-125.000000	0.655758  	0.903399  	-8.377700 
-124.000000	0.637620  	0.926684  	-8.377700 
-123.000000	0.619432  	0.949792  	-8.377700 
-122.000000	0.601245  	0.972900  	-8.377700 
-121.000000	0.583057  	0.996009  	-8.377700 
-120.000000	0.564650  	1.018239  	-8.377700 
-119.000000	0.546023  	1.039591  	-8.377700 
-118.000000	0.527396  	1.060943  	-8.377700 
-117.000000	0.508769  	1.082295  	-8.377700 
-116.000000	0.490084  	1.103328  	-8.377700 
-115.000000	0.471053  	1.122448  	-8.377700 
-114.000000	0.452021  	1.141568  	-8.377700 
-113.000000	0.432990  	1.160688  	-8.377700 
-112.000000	0.413958  	1.179807  	-8.377700 
-111.000000	0.394714  	1.196840  	-8.377700 
-110.000000	0.375413  	1.213303  	-8.377700 
-109.000000	0.356111  	1.229766  	-8.377700 
-108.000000	0.336810  	1.246229  	-8.377700 
-107.000000	0.317485  	1.261399  	-8.377700 
-106.000000	0.298127  	1.274843  	-8.377700 
-105.000000	0.278770  	1.288288  	-8.377700 
-104.000000	0.259413  	1.301732  	-8.377700 
-103.000000	0.240071  	1.314940  	-8.377700 
-102.000000	0.220935  	1.325074  	-8.377700 
-101.000000	0.201798  	1.335207  	-8.377700 
-100.000000	0.182662  	1.345341  	-8.377700 
-99.000000	0.163525  	1.355475  	-8.377700 
-98.000000	0.144778  	1.363089  	-8.377700 
-97.000000	0.126187  	1.369697  	-8.377700 
-96.000000	0.107596  	1.376304  	-8.377700 
-95.000000	0.089005  	1.382911  	-8.377700 
-94.000000	0.070738  	1.388211  	-8.377700 
-93.000000	0.053053  	1.391158  	-8.377700 
-92.000000	0.035369  	1.394106  	-8.377700 
-91.000000	0.017684  	1.397053  	-8.377700 
-90.000000	0.000000  	1.400000  	-8.377700 
-89.000000	-0.017684 	1.397053  	-8.377700 
-88.000000	-0.035369 	1.394106  	-8.377700 
-87.000000	-0.053053 	1.391158  	-8.377700 
-86.000000	-0.070738 	1.388211  	-8.377700 
-85.000000	-0.089005 	1.382911  	-8.377700 
-84.000000	-0.107596 	1.376304  	-8.377700 
-83.000000	-0.126187 	1.369697  	-8.377700 
-82.000000	-0.144778 	1.363089  	-8.377700 
-81.000000	-0.163525 	1.355475  	-8.377700 
-80.000000	-0.182662 	1.345341  	-8.377700 
-79.000000	-0.201798 	1.335207  	-8.377700 
-78.000000	-0.220935 	1.325074  	-8.377700 
-77.000000	-0.240071 	1.314940  	-8.377700 
-76.000000	-0.259413 	1.301732  	-8.377700 
-75.000000	-0.278770 	1.288288  	-8.377700 
-74.000000	-0.298127 	1.274843  	-8.377700 
-73.000000	-0.317485 	1.261399  	-8.377700 
-72.000000	-0.336810 	1.246229  	-8.377700 
-71.000000	-0.356111 	1.229766  	-8.377700 
-70.000000	-0.375413 	1.213303  	-8.377700 
-69.000000	-0.394714 	1.196840  	-8.377700 
-68.000000	-0.413958 	1.179807  	-8.377700 
-67.000000	-0.432990 	1.160688  	-8.377700 
-66.000000	-0.452021 	1.141568  	-8.377700 
-65.000000	-0.471053 	1.122448  	-8.377700 
-64.000000	-0.490084 	1.103328  	-8.377700 
-63.000000	-0.508769 	1.082295  	-8.377700 
-62.000000	-0.527396 	1.060943  	-8.377700 
-61.000000	-0.546023 	1.039591  	-8.377700 
-60.000000	-0.564650 	1.018239  	-8.377700 
-59.000000	-0.583057 	0.996009  	-8.377700 
-58.000000	-0.601245 	0.972900  	-8.377700 
-57.000000	-0.619432 	0.949792  	-8.377700 
-56.000000	-0.637620 	0.926684  	-8.377700 
-55.000000	-0.655758 	0.903399  	-8.377700 
-54.000000	-0.673598 	0.879052  	-8.377700 
-53.000000	-0.691439 	0.854706  	-8.377700 
-52.000000	-0.709280 	0.830359  	-8.377700 
-51.000000	-0.727120 	0.806013  	-8.377700 
-50.000000	-0.744892 	0.781123  	-8.377700 
-49.000000	-0.762646 	0.756085  	-8.377700 
-48.000000	-0.780399 	0.731047  	-8.377700 
-47.000000	-0.798152 	0.706008  	-8.377700 
-46.000000	-0.816077 	0.680916  	-8.377700 
-45.000000	-0.834230 	0.655750  	-8.377700 
-44.000000	-0.852383 	0.630584  	-8.377700 
-43.000000	-0.870536 	0.605419  	-8.377700 
-42.000000	-0.888776 	0.580284  	-8.377700 
-41.000000	-0.908141 	0.555559  	-8.377700 
-40.000000	-0.927507 	0.530833  	-8.377700 
-39.000000	-0.946873 	0.506108  	-8.377700 
-38.000000	-0.966239 	0.481383  	-8.377700 
-37.000000	-0.987410 	0.457371  	-8.377700 
-36.000000	-1.009304 	0.433644  	-8.377700 
-35.000000	-1.031198 	0.409918  	-8.377700 
-34.000000	-1.053091 	0.386191  	-8.377700 
-33.000000	-1.076655 	0.363013  	-8.377700 
-32.000000	-1.103223 	0.340822  	-8.377700 
-31.000000	-1.129792 	0.318632  	-8.377700 
-30.000000	-1.156361 	0.296441  	-8.377700 
-29.000000	-1.182930 	0.274250  	-8.377700 
-28.000000	-1.148849 	0.260491  	-8.377700 
-27.000000	-1.114769 	0.246731  	-8.377700 
-26.000000	-1.080688 	0.232972  	-8.377700 
-25.000000	-1.046608 	0.219212  	-8.377700 
-24.000000	-1.012527 	0.205453  	-8.377700 
-23.000000	-0.978447 	0.191693  	-8.377700 
-22.000000	-0.944366 	0.177934  	-8.377700 
-21.000000	-0.910286 	0.164174  	-8.377700 
-20.000000	-0.876205 	0.150415  	-8.377700 
-19.000000	-0.842125 	0.136655  	-8.377700 
-18.000000	-0.808044 	0.122896  	-8.377700 
-17.000000	-0.773964 	0.109136  	-8.377700 
-16.000000	-0.739883 	0.095377  	-8.377700 
-15.000000	-0.705803 	0.081617  	-8.377700 
-14.000000	-0.671722 	0.067858  	-8.377700 
-13.000000	-0.637642 	0.054098  	-8.377700 
-12.000000	-0.603561 	0.040339  	-6.629674 
-11.000000	-0.569481 	0.026579  	-4.182437 
-10.000000	-0.535400 	0.012820  	-1.735200 
-9.000000 	-0.384900 	0.012065  	-1.592300 
-8.000000 	-0.234400 	0.011310  	-1.449400 
-7.000000 	-0.089400 	0.010880  	-1.322400 
-6.000000 	0.051100  	0.010630  	-1.202800 
-5.000000 	0.187500  	0.010480  	-1.089800 
-4.000000 	0.321600  	0.010410  	-0.982600 
-3.000000 	0.453400  	0.010420  	-0.995300 
-2.000000 	0.583800  	0.010460  	-1.084200 
-1.000000 	0.711900  	0.010590  	-1.174800 
0.000000  	0.837700  	0.010810  	-1.271500 
1.000000  	0.960650  	0.011040  	-1.387400 
2.000000  	1.083600  	0.011270  	-1.503300 
3.000000  	1.203300  	0.011590  	-1.665500 
4.000000  	1.320300  	0.011970  	-1.861600 
5.000000  	1.432200  	0.012550  	-2.095000 
6.000000  	1.535200  	0.013500  	-2.368100 
7.000000  	1.622900  	0.015050  	-2.670600 
8.000000  	1.679200  	0.017500  	-2.981600 
9.000000  	1.719600  	0.020680  	-3.287100 
10.000000 	1.752600  	0.024790  	-3.611500 
11.000000 	1.774900  	0.030940  	-3.945900 
12.000000 	1.786000  	0.039780  	-4.281500 
13.000000 	1.788700  	0.050330  	-4.605500 
14.000000 	1.787000  	0.061830  	-4.899900 
15.000000 	1.779500  	0.074480  	-5.204100 
16.000000 	1.775700  	0.087060  	-5.502400 
17.000000 	1.767200  	0.100490  	-5.817000 
18.000000 	1.761600  	0.113790  	-6.108800 
19.000000 	1.759200  	0.126900  	-6.442200 
20.000000 	1.756300  	0.140250  	-6.709100 
21.000000 	1.752300  	0.153970  	-7.002500 
22.000000 	1.748100  	0.167890  	-7.275800 
23.000000 	1.744000  	0.181940  	-7.563900 
24.000000 	1.735500  	0.196900  	-7.743200 
25.000000 	1.721400  	0.213140  	-7.882100 
26.000000 	1.713600  	0.228250  	-8.067500 
27.000000 	1.702500  	0.244160  	-8.156400 
28.000000 	1.691900  	0.260110  	-8.274000 
29.000000 	1.689900  	0.274250  	-8.377700 
30.000000 	1.651944  	0.296441  	-8.377700 
31.000000 	1.613989  	0.318632  	-8.377700 
32.000000 	1.576033  	0.340822  	-8.377700 
33.000000 	1.538078  	0.363013  	-8.377700 
34.000000 	1.504416  	0.386191  	-8.377700 
35.000000 	1.473139  	0.409918  	-8.377700 
36.000000 	1.441863  	0.433644  	-8.377700 
37.000000 	1.410586  	0.457371  	-8.377700 
38.000000 	1.380342  	0.481383  	-8.377700 
39.000000 	1.352676  	0.506108  	-8.377700 
40.000000 	1.325010  	0.530833  	-8.377700 
41.000000 	1.297345  	0.555559  	-8.377700 
42.000000 	1.269679  	0.580284  	-8.377700 
43.000000 	1.243623  	0.605419  	-8.377700 
44.000000 	1.217690  	0.630584  	-8.377700 
45.000000 	1.191757  	0.655750  	-8.377700 
46.000000 	1.165824  	0.680916  	-8.377700 
47.000000 	1.140218  	0.706008  	-8.377700 
48.000000 	1.114856  	0.731047  	-8.377700 
49.000000 	1.089494  	0.756085  	-8.377700 
50.000000 	1.064132  	0.781123  	-8.377700 
51.000000 	1.038743  	0.806013  	-8.377700 
52.000000 	1.013256  	0.830359  	-8.377700 
53.000000 	0.987770  	0.854706  	-8.377700 
54.000000 	0.962283  	0.879052  	-8.377700 
55.000000 	0.936797  	0.903399  	-8.377700 
56.000000 	0.910885  	0.926684  	-8.377700 
57.000000 	0.884903  	0.949792  	-8.377700 
58.000000 	0.858921  	0.972900  	-8.377700 
59.000000 	0.832939  	0.996009  	-8.377700 
60.000000 	0.806643  	1.018239  	-8.377700 
61.000000 	0.780033  	1.039591  	-8.377700 
62.000000 	0.753423  	1.060943  	-8.377700 
63.000000 	0.726813  	1.082295  	-8.377700 
64.000000 	0.700121  	1.103328  	-8.377700 
65.000000 	0.672933  	1.122448  	-8.377700 
66.000000 	0.645745  	1.141568  	-8.377700 
67.000000 	0.618557  	1.160688  	-8.377700 
68.000000 	0.591369  	1.179807  	-8.377700 
69.000000 	0.563878  	1.196840  	-8.377700 
70.000000 	0.536304  	1.213303  	-8.377700 
71.000000 	0.508731  	1.229766  	-8.377700 
72.000000 	0.481157  	1.246229  	-8.377700 
73.000000 	0.453549  	1.261399  	-8.377700 
74.000000 	0.425896  	1.274843  	-8.377700 
75.000000 	0.398243  	1.288288  	-8.377700 
76.000000 	0.370590  	1.301732  	-8.377700 
77.000000 	0.342959  	1.314940  	-8.377700 
78.000000 	0.315621  	1.325074  	-8.377700 
79.000000 	0.288283  	1.335207  	-8.377700 
80.000000 	0.260945  	1.345341  	-8.377700 
81.000000 	0.233607  	1.355475  	-8.377700 
82.000000 	0.206826  	1.363089  	-8.377700 
83.000000 	0.180267  	1.369697  	-8.377700 
84.000000 	0.153709  	1.376304  	-8.377700 
85.000000 	0.127150  	1.382911  	-8.377700 
86.000000 	0.101054  	1.388211  	-8.377700 
87.000000 	0.075791  	1.391158  	-8.377700 
88.000000 	0.050527  	1.394106  	-8.377700 
89.000000 	0.025264  	1.397053  	-8.377700 
90.000000 	0.000000  	1.400000  	-8.377700 
91.000000 	-0.017684 	1.397053  	-8.377700 
92.000000 	-0.035369 	1.394106  	-8.377700 
93.000000 	-0.053053 	1.391158  	-8.377700 
94.000000 	-0.070738 	1.388211  	-8.377700 
95.000000 	-0.089005 	1.382911  	-8.377700 
96.000000 	-0.107596 	1.376304  	-8.377700 
97.000000 	-0.126187 	1.369697  	-8.377700 
98.000000 	-0.144778 	1.363089  	-8.377700 
99.000000 	-0.163525 	1.355475  	-8.377700 
100.000000	-0.182662 	1.345341  	-8.377700 
101.000000	-0.201798 	1.335207  	-8.377700 
102.000000	-0.220935 	1.325074  	-8.377700 
103.000000	-0.240071 	1.314940  	-8.377700 
104.000000	-0.259413 	1.301732  	-8.377700 
105.000000	-0.278770 	1.288288  	-8.377700 
106.000000	-0.298127 	1.274843  	-8.377700 
107.000000	-0.317485 	1.261399  	-8.377700 
108.000000	-0.336810 	1.246229  	-8.377700 
109.000000	-0.356111 	1.229766  	-8.377700 
110.000000	-0.375413 	1.213303  	-8.377700 
111.000000	-0.394714 	1.196840  	-8.377700 
112.000000	-0.413958 	1.179807  	-8.377700 
113.000000	-0.432990 	1.160688  	-8.377700 
114.000000	-0.452021 	1.141568  	-8.377700 
115.000000	-0.471053 	1.122448  	-8.377700 
116.000000	-0.490084 	1.103328  	-8.377700 
117.000000	-0.508769 	1.082295  	-8.377700 
118.000000	-0.527396 	1.060943  	-8.377700 
119.000000	-0.546023 	1.039591  	-8.377700 
120.000000	-0.564650 	1.018239  	-8.377700 
121.000000	-0.583057 	0.996009  	-8.377700 
122.000000	-0.601245 	0.972900  	-8.377700 
123.000000	-0.619432 	0.949792  	-8.377700 
124.000000	-0.637620 	0.926684  	-8.377700 
125.000000	-0.655758 	0.903399  	-8.377700 
126.000000	-0.673598 	0.879052  	-8.377700 
127.000000	-0.691439 	0.854706  	-8.377700 
128.000000	-0.709280 	0.830359  	-8.377700 
129.000000	-0.727120 	0.806013  	-8.377700 
130.000000	-0.744892 	0.781123  	-8.377700 
131.000000	-0.762646 	0.756085  	-8.377700 
132.000000	-0.780399 	0.731047  	-8.377700 
133.000000	-0.798152 	0.706008  	-8.377700 
134.000000	-0.816077 	0.680916  	-8.377700 
135.000000	-0.834230 	0.655750  	-8.377700 
136.000000	-0.852383 	0.630584  	-8.377700 
137.000000	-0.870536 	0.605419  	-8.377700 
138.000000	-0.888776 	0.580284  	-8.377700 
139.000000	-0.908141 	0.555559  	-8.377700 
140.000000	-0.927507 	0.530833  	-8.377700 
141.000000	-0.946873 	0.506108  	-8.377700 
142.000000	-0.966239 	0.481383  	-8.377700 
143.000000	-0.987410 	0.457371  	-8.377700 
144.000000	-1.009304 	0.433644  	-8.377700 
145.000000	-1.031198 	0.409918  	-8.377700 
146.000000	-1.053091 	0.386191  	-8.377700 
147.000000	-1.076655 	0.363013  	-8.377700 
148.000000	-1.103223 	0.340822  	-8.377700 
149.000000	-1.129792 	0.318632  	-8.377700 
150.000000	-1.156361 	0.296441  	-8.377700 
151.000000	-1.182930 	0.274250  	-8.377700 
152.000000	-1.142139 	0.253501  	-8.377700 
153.000000	-1.101349 	0.232753  	-8.377700 
154.000000	-1.060558 	0.213004  	-8.377700 
155.000000	-1.019767 	0.193332  	-8.377700 
156.000000	-0.978977 	0.174670  	-8.377700 
157.000000	-0.938186 	0.156176  	-8.377700 
158.000000	-0.897395 	0.138682  	-8.377700 
159.000000	-0.856604 	0.121461  	-8.377700 
160.000000	-0.815814 	0.105212  	-8.377700 
161.000000	-0.775023 	0.089352  	-8.377700 
162.000000	-0.734232 	0.074419  	-8.377700 
163.000000	-0.693442 	0.060001  	-8.377700 
164.000000	-0.652651 	0.046450  	-8.377700 
165.000000	-0.611860 	0.033549  	-8.377700 
166.000000	-0.571070 	0.021440  	-8.377700 
167.000000	-0.530279 	0.010122  	-8.377700 
168.000000	-0.489488 	0.003105  	-8.377700 
169.000000	-0.448698 	0.001824  	-8.377700 
170.000000	-0.407907 	0.001000  	-8.377700 
171.000000	-0.367116 	0.001000  	-8.377700 
172.000000	-0.326326 	0.001000  	-8.377700 
173.000000	-0.285535 	0.001000  	-8.377700 
174.000000	-0.244744 	0.001000  	-8.377700 
175.000000	-0.203953 	0.001000  	-8.377700 
176.000000	-0.163163 	0.001000  	-8.377700 
177.000000	-0.122372 	0.001000  	-8.377700 
178.000000	-0.081581 	0.001000  	-8.377700 
179.000000	-0.040791 	0.001000  	-8.377700 
180.000000	0.000000  	0.001000  	-8.377700 
! ------------------------------------------------------------------------------
! data for table	11        
! ------------------------------------------------------------------------------
  1.200000  	Re           ! Reynolds number in millions
  0.000000  	UserProp     ! User property (control) setting
Flase           InclUAdata   ! Is unsteady aerodynamics data included in this table? If TRUE, then include UA coefficients below this line. Any missing coefficients will be calculated internally.
! Table of aerodynamics coefficients
  361       	NumAlf       ! Number of data lines in the following table
!Alpha      Cl          Cd          Cm/Cp
!(deg)      (-)         (-)         (-)
-180.000000	0.000000  	0.001000  	-8.418600 
-179.000000	0.040885  	0.001000  	-8.418600 
-178.000000	0.081770  	0.001000  	-8.418600 
-177.000000	0.122654  	0.001000  	-8.418600 
-176.000000	0.163539  	0.001000  	-8.418600 
-175.000000	0.204424  	0.001000  	-8.418600 
-174.000000	0.245309  	0.001000  	-8.418600 
-173.000000	0.286194  	0.001000  	-8.418600 
-172.000000	0.327079  	0.001000  	-8.418600 
-171.000000	0.367963  	0.001000  	-8.418600 
-170.000000	0.408848  	0.001000  	-8.418600 
-169.000000	0.449733  	0.002032  	-8.418600 
-168.000000	0.490618  	0.003636  	-8.418600 
-167.000000	0.531503  	0.010790  	-8.418600 
-166.000000	0.572388  	0.022105  	-8.418600 
-165.000000	0.613272  	0.034212  	-8.418600 
-164.000000	0.654157  	0.047110  	-8.418600 
-163.000000	0.695042  	0.060657  	-8.418600 
-162.000000	0.735927  	0.075071  	-8.418600 
-161.000000	0.776812  	0.090000  	-8.418600 
-160.000000	0.817697  	0.105857  	-8.418600 
-159.000000	0.858581  	0.122101  	-8.418600 
-158.000000	0.899466  	0.139318  	-8.418600 
-157.000000	0.940351  	0.156808  	-8.418600 
-156.000000	0.981236  	0.175297  	-8.418600 
-155.000000	1.022121  	0.193954  	-8.418600 
-154.000000	1.063006  	0.213621  	-8.418600 
-153.000000	1.103890  	0.233364  	-8.418600 
-152.000000	1.144775  	0.254107  	-8.418600 
-151.000000	1.185660  	0.274850  	-8.418600 
-150.000000	1.158968  	0.297035  	-8.418600 
-149.000000	1.132277  	0.319219  	-8.418600 
-148.000000	1.105585  	0.341404  	-8.418600 
-147.000000	1.078894  	0.363588  	-8.418600 
-146.000000	1.055224  	0.386760  	-8.418600 
-145.000000	1.033233  	0.410479  	-8.418600 
-144.000000	1.011241  	0.434199  	-8.418600 
-143.000000	0.989250  	0.457918  	-8.418600 
-142.000000	0.967986  	0.481923  	-8.418600 
-141.000000	0.948541  	0.506641  	-8.418600 
-140.000000	0.929095  	0.531359  	-8.418600 
-139.000000	0.909650  	0.556076  	-8.418600 
-138.000000	0.890204  	0.580794  	-8.418600 
-137.000000	0.871897  	0.605920  	-8.418600 
-136.000000	0.853678  	0.631077  	-8.418600 
-135.000000	0.835459  	0.656235  	-8.418600 
-134.000000	0.817240  	0.681392  	-8.418600 
-133.000000	0.799255  	0.706476  	-8.418600 
-132.000000	0.781446  	0.731505  	-8.418600 
-131.000000	0.763637  	0.756534  	-8.418600 
-130.000000	0.745828  	0.781563  	-8.418600 
-129.000000	0.728003  	0.806444  	-8.418600 
-128.000000	0.710115  	0.830781  	-8.418600 
-127.000000	0.692228  	0.855118  	-8.418600 
-126.000000	0.674340  	0.879455  	-8.418600 
-125.000000	0.656453  	0.903793  	-8.418600 
-124.000000	0.638275  	0.927068  	-8.418600 
-123.000000	0.620048  	0.950166  	-8.418600 
-122.000000	0.601821  	0.973264  	-8.418600 
-121.000000	0.583594  	0.996362  	-8.418600 
-120.000000	0.565151  	1.018582  	-8.418600 
-119.000000	0.546491  	1.039923  	-8.418600 
-118.000000	0.527831  	1.061265  	-8.418600 
-117.000000	0.509172  	1.082606  	-8.418600 
-116.000000	0.490455  	1.103629  	-8.418600 
-115.000000	0.471396  	1.122738  	-8.418600 
-114.000000	0.452338  	1.141847  	-8.418600 
-113.000000	0.433279  	1.160955  	-8.418600 
-112.000000	0.414220  	1.180064  	-8.418600 
-111.000000	0.394954  	1.197086  	-8.418600 
-110.000000	0.375631  	1.213537  	-8.418600 
-109.000000	0.356308  	1.229989  	-8.418600 
-108.000000	0.336985  	1.246441  	-8.418600 
-107.000000	0.317640  	1.261599  	-8.418600 
-106.000000	0.298266  	1.275032  	-8.418600 
-105.000000	0.278893  	1.288465  	-8.418600 
-104.000000	0.259519  	1.301898  	-8.418600 
-103.000000	0.240161  	1.315095  	-8.418600 
-102.000000	0.221013  	1.325216  	-8.418600 
-101.000000	0.201865  	1.335338  	-8.418600 
-100.000000	0.182717  	1.345460  	-8.418600 
-99.000000	0.163568  	1.355582  	-8.418600 
-98.000000	0.144813  	1.363185  	-8.418600 
-97.000000	0.126215  	1.369780  	-8.418600 
-96.000000	0.107618  	1.376375  	-8.418600 
-95.000000	0.089020  	1.382971  	-8.418600 
-94.000000	0.070747  	1.388259  	-8.418600 
-93.000000	0.053060  	1.391194  	-8.418600 
-92.000000	0.035374  	1.394129  	-8.418600 
-91.000000	0.017687  	1.397065  	-8.418600 
-90.000000	0.000000  	1.400000  	-8.418600 
-89.000000	-0.017687 	1.397065  	-8.418600 
-88.000000	-0.035374 	1.394129  	-8.418600 
-87.000000	-0.053060 	1.391194  	-8.418600 
-86.000000	-0.070747 	1.388259  	-8.418600 
-85.000000	-0.089020 	1.382971  	-8.418600 
-84.000000	-0.107618 	1.376375  	-8.418600 
-83.000000	-0.126215 	1.369780  	-8.418600 
-82.000000	-0.144813 	1.363185  	-8.418600 
-81.000000	-0.163568 	1.355582  	-8.418600 
-80.000000	-0.182717 	1.345460  	-8.418600 
-79.000000	-0.201865 	1.335338  	-8.418600 
-78.000000	-0.221013 	1.325216  	-8.418600 
-77.000000	-0.240161 	1.315095  	-8.418600 
-76.000000	-0.259519 	1.301898  	-8.418600 
-75.000000	-0.278893 	1.288465  	-8.418600 
-74.000000	-0.298266 	1.275032  	-8.418600 
-73.000000	-0.317640 	1.261599  	-8.418600 
-72.000000	-0.336985 	1.246441  	-8.418600 
-71.000000	-0.356308 	1.229989  	-8.418600 
-70.000000	-0.375631 	1.213537  	-8.418600 
-69.000000	-0.394954 	1.197086  	-8.418600 
-68.000000	-0.414220 	1.180064  	-8.418600 
-67.000000	-0.433279 	1.160955  	-8.418600 
-66.000000	-0.452338 	1.141847  	-8.418600 
-65.000000	-0.471396 	1.122738  	-8.418600 
-64.000000	-0.490455 	1.103629  	-8.418600 
-63.000000	-0.509172 	1.082606  	-8.418600 
-62.000000	-0.527831 	1.061265  	-8.418600 
-61.000000	-0.546491 	1.039923  	-8.418600 
-60.000000	-0.565151 	1.018582  	-8.418600 
-59.000000	-0.583594 	0.996362  	-8.418600 
-58.000000	-0.601821 	0.973264  	-8.418600 
-57.000000	-0.620048 	0.950166  	-8.418600 
-56.000000	-0.638275 	0.927068  	-8.418600 
-55.000000	-0.656453 	0.903793  	-8.418600 
-54.000000	-0.674340 	0.879455  	-8.418600 
-53.000000	-0.692228 	0.855118  	-8.418600 
-52.000000	-0.710115 	0.830781  	-8.418600 
-51.000000	-0.728003 	0.806444  	-8.418600 
-50.000000	-0.745828 	0.781563  	-8.418600 
-49.000000	-0.763637 	0.756534  	-8.418600 
-48.000000	-0.781446 	0.731505  	-8.418600 
-47.000000	-0.799255 	0.706476  	-8.418600 
-46.000000	-0.817240 	0.681392  	-8.418600 
-45.000000	-0.835459 	0.656235  	-8.418600 
-44.000000	-0.853678 	0.631077  	-8.418600 
-43.000000	-0.871897 	0.605920  	-8.418600 
-42.000000	-0.890204 	0.580794  	-8.418600 
-41.000000	-0.909650 	0.556076  	-8.418600 
-40.000000	-0.929095 	0.531359  	-8.418600 
-39.000000	-0.948541 	0.506641  	-8.418600 
-38.000000	-0.967986 	0.481923  	-8.418600 
-37.000000	-0.989250 	0.457918  	-8.418600 
-36.000000	-1.011241 	0.434199  	-8.418600 
-35.000000	-1.033233 	0.410479  	-8.418600 
-34.000000	-1.055224 	0.386760  	-8.418600 
-33.000000	-1.078894 	0.363588  	-8.418600 
-32.000000	-1.105585 	0.341404  	-8.418600 
-31.000000	-1.132277 	0.319219  	-8.418600 
-30.000000	-1.158968 	0.297035  	-8.418600 
-29.000000	-1.185660 	0.274850  	-8.418600 
-28.000000	-1.145347 	0.261695  	-8.418600 
-27.000000	-1.105034 	0.248541  	-8.418600 
-26.000000	-1.064721 	0.235386  	-8.418600 
-25.000000	-1.024408 	0.222232  	-8.418600 
-24.000000	-0.984095 	0.209077  	-8.418600 
-23.000000	-0.943782 	0.195923  	-8.418600 
-22.000000	-0.903469 	0.182768  	-8.418600 
-21.000000	-0.863156 	0.169614  	-8.418600 
-20.000000	-0.822843 	0.156459  	-8.418600 
-19.000000	-0.782530 	0.143305  	-8.418600 
-18.000000	-0.742217 	0.130150  	-8.418600 
-17.000000	-0.701904 	0.116996  	-8.418600 
-16.000000	-0.661591 	0.103842  	-8.418600 
-15.000000	-0.621278 	0.090687  	-8.418600 
-14.000000	-0.580965 	0.077532  	-8.418600 
-13.000000	-0.540652 	0.064378  	-8.418600 
-12.000000	-0.500339 	0.051223  	-8.418600 
-11.000000	-0.460026 	0.038069  	-6.368670 
-10.000000	-0.419713 	0.024914  	-3.977085 
-9.000000 	-0.379400 	0.011760  	-1.585500 
-8.000000 	-0.230800 	0.011120  	-1.448700 
-7.000000 	-0.085300 	0.010650  	-1.320500 
-6.000000 	0.055300  	0.010380  	-1.200800 
-5.000000 	0.190700  	0.010265  	-1.090850 
-4.000000 	0.326100  	0.010150  	-0.980900 
-3.000000 	0.457900  	0.010140  	-0.996900 
-2.000000 	0.587700  	0.010230  	-1.087300 
-1.000000 	0.716000  	0.010360  	-1.177800 
0.000000  	0.842200  	0.010520  	-1.274300 
1.000000  	0.966600  	0.010720  	-1.379500 
2.000000  	1.088700  	0.010980  	-1.507100 
3.000000  	1.208400  	0.011320  	-1.670000 
4.000000  	1.326000  	0.011710  	-1.865300 
5.000000  	1.438100  	0.012310  	-2.104400 
6.000000  	1.541400  	0.013280  	-2.375600 
7.000000  	1.628100  	0.014910  	-2.680100 
8.000000  	1.685200  	0.017370  	-2.991400 
9.000000  	1.726100  	0.020450  	-3.302100 
10.000000 	1.760400  	0.024430  	-3.625700 
11.000000 	1.783900  	0.030370  	-3.977200 
12.000000 	1.796400  	0.039000  	-4.318700 
13.000000 	1.802300  	0.049190  	-4.648100 
14.000000 	1.799400  	0.060740  	-4.943900 
15.000000 	1.793800  	0.073140  	-5.261100 
16.000000 	1.786900  	0.086030  	-5.563900 
17.000000 	1.782100  	0.099010  	-5.858400 
18.000000 	1.776700  	0.112160  	-6.166000 
19.000000 	1.772500  	0.125440  	-6.468200 
20.000000 	1.769200  	0.138790  	-6.782200 
21.000000 	1.766500  	0.152260  	-7.086700 
22.000000 	1.760700  	0.166360  	-7.385600 
23.000000 	1.751200  	0.181310  	-7.589700 
24.000000 	1.745100  	0.195920  	-7.869500 
25.000000 	1.735700  	0.211250  	-8.035800 
26.000000 	1.718900  	0.228090  	-8.152500 
27.000000 	1.710600  	0.243550  	-8.266700 
28.000000 	1.698400  	0.260010  	-8.336700 
29.000000 	1.693800  	0.274850  	-8.418600 
30.000000 	1.655669  	0.297035  	-8.418600 
31.000000 	1.617538  	0.319219  	-8.418600 
32.000000 	1.579407  	0.341404  	-8.418600 
33.000000 	1.541277  	0.363588  	-8.418600 
34.000000 	1.507462  	0.386760  	-8.418600 
35.000000 	1.476047  	0.410479  	-8.418600 
36.000000 	1.444631  	0.434199  	-8.418600 
37.000000 	1.413215  	0.457918  	-8.418600 
38.000000 	1.382838  	0.481923  	-8.418600 
39.000000 	1.355058  	0.506641  	-8.418600 
40.000000 	1.327279  	0.531359  	-8.418600 
41.000000 	1.299499  	0.556076  	-8.418600 
42.000000 	1.271720  	0.580794  	-8.418600 
43.000000 	1.245568  	0.605920  	-8.418600 
44.000000 	1.219540  	0.631077  	-8.418600 
45.000000 	1.193513  	0.656235  	-8.418600 
46.000000 	1.167486  	0.681392  	-8.418600 
47.000000 	1.141793  	0.706476  	-8.418600 
48.000000 	1.116352  	0.731505  	-8.418600 
49.000000 	1.090911  	0.756534  	-8.418600 
50.000000 	1.065469  	0.781563  	-8.418600 
51.000000 	1.040004  	0.806444  	-8.418600 
52.000000 	1.014450  	0.830781  	-8.418600 
53.000000 	0.988897  	0.855118  	-8.418600 
54.000000 	0.963344  	0.879455  	-8.418600 
55.000000 	0.937790  	0.903793  	-8.418600 
56.000000 	0.911821  	0.927068  	-8.418600 
57.000000 	0.885783  	0.950166  	-8.418600 
58.000000 	0.859744  	0.973264  	-8.418600 
59.000000 	0.833706  	0.996362  	-8.418600 
60.000000 	0.807358  	1.018582  	-8.418600 
61.000000 	0.780702  	1.039923  	-8.418600 
62.000000 	0.754045  	1.061265  	-8.418600 
63.000000 	0.727388  	1.082606  	-8.418600 
64.000000 	0.700650  	1.103629  	-8.418600 
65.000000 	0.673423  	1.122738  	-8.418600 
66.000000 	0.646197  	1.141847  	-8.418600 
67.000000 	0.618970  	1.160955  	-8.418600 
68.000000 	0.591743  	1.180064  	-8.418600 
69.000000 	0.564220  	1.197086  	-8.418600 
70.000000 	0.536616  	1.213537  	-8.418600 
71.000000 	0.509011  	1.229989  	-8.418600 
72.000000 	0.481407  	1.246441  	-8.418600 
73.000000 	0.453772  	1.261599  	-8.418600 
74.000000 	0.426095  	1.275032  	-8.418600 
75.000000 	0.398418  	1.288465  	-8.418600 
76.000000 	0.370741  	1.301898  	-8.418600 
77.000000 	0.343088  	1.315095  	-8.418600 
78.000000 	0.315733  	1.325216  	-8.418600 
79.000000 	0.288378  	1.335338  	-8.418600 
80.000000 	0.261024  	1.345460  	-8.418600 
81.000000 	0.233669  	1.355582  	-8.418600 
82.000000 	0.206876  	1.363185  	-8.418600 
83.000000 	0.180308  	1.369780  	-8.418600 
84.000000 	0.153739  	1.376375  	-8.418600 
85.000000 	0.127171  	1.382971  	-8.418600 
86.000000 	0.101067  	1.388259  	-8.418600 
87.000000 	0.075801  	1.391194  	-8.418600 
88.000000 	0.050534  	1.394129  	-8.418600 
89.000000 	0.025267  	1.397065  	-8.418600 
90.000000 	0.000000  	1.400000  	-8.418600 
91.000000 	-0.017687 	1.397065  	-8.418600 
92.000000 	-0.035374 	1.394129  	-8.418600 
93.000000 	-0.053060 	1.391194  	-8.418600 
94.000000 	-0.070747 	1.388259  	-8.418600 
95.000000 	-0.089020 	1.382971  	-8.418600 
96.000000 	-0.107618 	1.376375  	-8.418600 
97.000000 	-0.126215 	1.369780  	-8.418600 
98.000000 	-0.144813 	1.363185  	-8.418600 
99.000000 	-0.163568 	1.355582  	-8.418600 
100.000000	-0.182717 	1.345460  	-8.418600 
101.000000	-0.201865 	1.335338  	-8.418600 
102.000000	-0.221013 	1.325216  	-8.418600 
103.000000	-0.240161 	1.315095  	-8.418600 
104.000000	-0.259519 	1.301898  	-8.418600 
105.000000	-0.278893 	1.288465  	-8.418600 
106.000000	-0.298266 	1.275032  	-8.418600 
107.000000	-0.317640 	1.261599  	-8.418600 
108.000000	-0.336985 	1.246441  	-8.418600 
109.000000	-0.356308 	1.229989  	-8.418600 
110.000000	-0.375631 	1.213537  	-8.418600 
111.000000	-0.394954 	1.197086  	-8.418600 
112.000000	-0.414220 	1.180064  	-8.418600 
113.000000	-0.433279 	1.160955  	-8.418600 
114.000000	-0.452338 	1.141847  	-8.418600 
115.000000	-0.471396 	1.122738  	-8.418600 
116.000000	-0.490455 	1.103629  	-8.418600 
117.000000	-0.509172 	1.082606  	-8.418600 
118.000000	-0.527831 	1.061265  	-8.418600 
119.000000	-0.546491 	1.039923  	-8.418600 
120.000000	-0.565151 	1.018582  	-8.418600 
121.000000	-0.583594 	0.996362  	-8.418600 
122.000000	-0.601821 	0.973264  	-8.418600 
123.000000	-0.620048 	0.950166  	-8.418600 
124.000000	-0.638275 	0.927068  	-8.418600 
125.000000	-0.656453 	0.903793  	-8.418600 
126.000000	-0.674340 	0.879455  	-8.418600 
127.000000	-0.692228 	0.855118  	-8.418600 
128.000000	-0.710115 	0.830781  	-8.418600 
129.000000	-0.728003 	0.806444  	-8.418600 
130.000000	-0.745828 	0.781563  	-8.418600 
131.000000	-0.763637 	0.756534  	-8.418600 
132.000000	-0.781446 	0.731505  	-8.418600 
133.000000	-0.799255 	0.706476  	-8.418600 
134.000000	-0.817240 	0.681392  	-8.418600 
135.000000	-0.835459 	0.656235  	-8.418600 
136.000000	-0.853678 	0.631077  	-8.418600 
137.000000	-0.871897 	0.605920  	-8.418600 
138.000000	-0.890204 	0.580794  	-8.418600 
139.000000	-0.909650 	0.556076  	-8.418600 
140.000000	-0.929095 	0.531359  	-8.418600 
141.000000	-0.948541 	0.506641  	-8.418600 
142.000000	-0.967986 	0.481923  	-8.418600 
143.000000	-0.989250 	0.457918  	-8.418600 
144.000000	-1.011241 	0.434199  	-8.418600 
145.000000	-1.033233 	0.410479  	-8.418600 
146.000000	-1.055224 	0.386760  	-8.418600 
147.000000	-1.078894 	0.363588  	-8.418600 
148.000000	-1.105585 	0.341404  	-8.418600 
149.000000	-1.132277 	0.319219  	-8.418600 
150.000000	-1.158968 	0.297035  	-8.418600 
151.000000	-1.185660 	0.274850  	-8.418600 
152.000000	-1.144775 	0.254107  	-8.418600 
153.000000	-1.103890 	0.233364  	-8.418600 
154.000000	-1.063006 	0.213621  	-8.418600 
155.000000	-1.022121 	0.193954  	-8.418600 
156.000000	-0.981236 	0.175297  	-8.418600 
157.000000	-0.940351 	0.156808  	-8.418600 
158.000000	-0.899466 	0.139318  	-8.418600 
159.000000	-0.858581 	0.122101  	-8.418600 
160.000000	-0.817697 	0.105857  	-8.418600 
161.000000	-0.776812 	0.090000  	-8.418600 
162.000000	-0.735927 	0.075071  	-8.418600 
163.000000	-0.695042 	0.060657  	-8.418600 
164.000000	-0.654157 	0.047110  	-8.418600 
165.000000	-0.613272 	0.034212  	-8.418600 
166.000000	-0.572388 	0.022105  	-8.418600 
167.000000	-0.531503 	0.010790  	-8.418600 
168.000000	-0.490618 	0.003636  	-8.418600 
169.000000	-0.449733 	0.002032  	-8.418600 
170.000000	-0.408848 	0.001000  	-8.418600 
171.000000	-0.367963 	0.001000  	-8.418600 
172.000000	-0.327079 	0.001000  	-8.418600 
173.000000	-0.286194 	0.001000  	-8.418600 
174.000000	-0.245309 	0.001000  	-8.418600 
175.000000	-0.204424 	0.001000  	-8.418600 
176.000000	-0.163539 	0.001000  	-8.418600 
177.000000	-0.122654 	0.001000  	-8.418600 
178.000000	-0.081770 	0.001000  	-8.418600 
179.000000	-0.040885 	0.001000  	-8.418600 
180.000000	0.000000  	0.001000  	-8.418600 
