! AeroDyn v15 airfoil data file
! Generated from airfoilprep.py modified by D. Kim (Mar 14th, 2022) 
! start all comment lines with ! 
! ------------------------------------------------------------------------------
"DEFAULT"       InterpOrd    ! Interpolation order to use for quasi-steady table lookup {1=linear; 3=cubic spline; "default"} [default=1]
! ------------------------------------------------------------------------------
! 0.20          RelThickness ! The non-dimensional thickness of the airfoil (thickness/chord) [only used if UAMod=7] [default=0.2] (-)
  1             NonDimArea   ! The non-dimensional area of the airfoil (area/chord^2) (set to 1.0 if unsure or unneeded)
  103           NumCoords    ! The number of coordinates in the airfoil shape file (including an extra coordinate for airfoil reference).
! ......... x-y coordinates are next if NumCoords > 0 .............
! x-y coordinate of airfoil reference
!  x/c        y/c
  0.25       0
! Airfoil: 
!  x/c        y/c
1.0012938 0.0000000
0.9811204 0.0039975
0.9609492 0.0080142
0.9407031 0.0116297
0.9203498 0.0145943
0.8998868 0.0166585
0.8793494 0.0176443
0.8587894 0.0175811
0.8382575 0.0166730
0.8177662 0.0150405
0.7973280 0.0127401
0.7769566 0.0098366
0.7566661 0.0063997
0.7364683 0.0025058
0.7163552 -0.0017724
0.6963100 -0.0063607
0.6763181 -0.0111884
0.6563657 -0.0161898
0.6364368 -0.0212880
0.6165197 -0.0264248
0.5965984 -0.0315439
0.5766560 -0.0365836
0.5566833 -0.0414980
0.5366701 -0.0462365
0.5166074 -0.0507529
0.4964892 -0.0550149
0.4763076 -0.0589821
0.4560623 -0.0626212
0.4357573 -0.0659051
0.4153962 -0.0688059
0.3949833 -0.0712973
0.3745237 -0.0733644
0.3540207 -0.0749799
0.3334824 -0.0761253
0.3129219 -0.0767525
0.2923549 -0.0768575
0.2717960 -0.0763959
0.2512606 -0.0753450
0.2307633 -0.0736858
0.2103190 -0.0714162
0.1899509 -0.0685334
0.1696836 -0.0650278
0.1495399 -0.0608902
0.1295429 -0.0561060
0.1097237 -0.0506279
0.0901192 -0.0443930
0.0708136 -0.0372941
0.0519438 -0.0291443
0.0337326 -0.0195864
0.0167815 -0.0079866
0.0028045 0.0070206
-0.0002926 0.0266169
0.0100414 0.0442600
0.0249563 0.0583570
0.0418828 0.0700356
0.0598713 0.0799545
0.0785644 0.0885462
0.0977255 0.0960495
0.1172085 0.1026234
0.1369432 0.1084137
0.1568705 0.1135113
0.1769411 0.1179964
0.1971277 0.1219307
0.2174081 0.1253549
0.2377633 0.1282987
0.2581794 0.1307877
0.2786450 0.1328288
0.2991491 0.1344299
0.3196822 0.1355977
0.3402353 0.1363308
0.3607995 0.1366198
0.3813654 0.1365089
0.4019241 0.1359404
0.4224676 0.1349615
0.4429875 0.1335678
0.4634762 0.1317736
0.4839282 0.1296040
0.5043391 0.1270933
0.5247117 0.1242893
0.5450490 0.1212292
0.5653559 0.1179604
0.5856346 0.1145141
0.6058864 0.1109179
0.6261126 0.1071901
0.6463175 0.1033487
0.6665023 0.0994025
0.6866698 0.0953680
0.7068202 0.0912476
0.7269568 0.0870602
0.7470800 0.0828104
0.7671914 0.0785051
0.7872929 0.0741539
0.8073862 0.0697650
0.8274737 0.0653492
0.8475564 0.0609111
0.8676354 0.0564572
0.8877125 0.0519945
0.9077889 0.0475284
0.9278631 0.0430529
0.9479288 0.0385391
0.9679046 0.0336531
0.9856237 0.0237278
! ------------------------------------------------------------------------------
"unused"        BL_file      ! The file name including the boundary layer characteristics of the profile. Unused if the aeroacoustic module is not called.
  11        	NumTabs      ! Number of airfoil tables in this file.
! ------------------------------------------------------------------------------
! data for table	1         
! ------------------------------------------------------------------------------
  0.200000  	Re           ! Reynolds number in millions
  0.000000  	UserProp     ! User property (control) setting
Flase           InclUAdata   ! Is unsteady aerodynamics data included in this table? If TRUE, then include UA coefficients below this line. Any missing coefficients will be calculated internally.
! Table of aerodynamics coefficients
  361       	NumAlf       ! Number of data lines in the following table
!Alpha      Cl          Cd          Cm/Cp
!(deg)      (-)         (-)         (-)
-180.000000	0.000000  	0.001000  	0.000000  
-179.000000	0.052193  	0.001000  	0.040000  
-178.000000	0.104387  	0.001000  	0.080000  
-177.000000	0.156580  	0.001000  	0.120000  
-176.000000	0.208773  	0.001000  	0.160000  
-175.000000	0.260967  	0.001000  	0.200000  
-174.000000	0.313160  	0.001000  	0.240000  
-173.000000	0.365353  	0.005191  	0.280000  
-172.000000	0.417547  	0.010777  	0.320000  
-171.000000	0.469740  	0.017758  	0.360000  
-170.000000	0.521933  	0.025963  	0.395391  
-169.000000	0.574127  	0.034768  	0.426172  
-168.000000	0.626320  	0.044175  	0.452343  
-167.000000	0.678513  	0.054757  	0.478515  
-166.000000	0.730707  	0.065914  	0.504687  
-165.000000	0.782900  	0.077643  	0.530858  
-164.000000	0.835093  	0.090488  	0.557030  
-163.000000	0.887287  	0.103873  	0.583201  
-162.000000	0.939480  	0.117797  	0.609373  
-161.000000	0.991673  	0.132764  	0.635545  
-160.000000	1.043867  	0.148232  	0.648447  
-159.000000	1.096060  	0.164200  	0.648079  
-158.000000	1.070409  	0.182144  	0.634443  
-157.000000	1.044758  	0.200087  	0.620806  
-156.000000	1.019107  	0.218031  	0.607169  
-155.000000	0.993455  	0.235975  	0.593532  
-154.000000	0.968415  	0.254105  	0.580006  
-153.000000	0.951306  	0.274661  	0.567924  
-152.000000	0.934198  	0.295217  	0.555841  
-151.000000	0.917090  	0.315773  	0.543759  
-150.000000	0.899981  	0.336329  	0.531676  
-149.000000	0.883433  	0.357172  	0.520648  
-148.000000	0.870247  	0.379737  	0.515949  
-147.000000	0.857060  	0.402302  	0.511250  
-146.000000	0.843874  	0.424866  	0.506551  
-145.000000	0.830687  	0.447431  	0.501852  
-144.000000	0.817822  	0.470284  	0.497287  
-143.000000	0.806136  	0.494195  	0.493210  
-142.000000	0.794449  	0.518106  	0.489134  
-141.000000	0.782763  	0.542016  	0.485058  
-140.000000	0.771076  	0.565927  	0.480981  
-139.000000	0.759428  	0.590022  	0.477954  
-138.000000	0.747878  	0.614576  	0.477551  
-137.000000	0.736328  	0.639131  	0.477147  
-136.000000	0.724777  	0.663686  	0.476744  
-135.000000	0.713227  	0.688240  	0.476341  
-134.000000	0.701447  	0.712768  	0.475995  
-133.000000	0.689255  	0.737246  	0.475755  
-132.000000	0.677062  	0.761724  	0.475514  
-131.000000	0.664870  	0.786202  	0.475274  
-130.000000	0.652677  	0.810680  	0.475033  
-129.000000	0.640032  	0.834818  	0.475325  
-128.000000	0.626783  	0.858501  	0.476327  
-127.000000	0.613534  	0.882185  	0.477329  
-126.000000	0.600285  	0.905868  	0.478330  
-125.000000	0.587036  	0.929552  	0.479332  
-124.000000	0.573176  	0.952491  	0.480332  
-123.000000	0.558705  	0.974686  	0.481330  
-122.000000	0.544233  	0.996881  	0.482328  
-121.000000	0.529762  	1.019077  	0.483327  
-120.000000	0.515291  	1.041272  	0.484325  
-119.000000	0.500130  	1.062245  	0.485303  
-118.000000	0.484453  	1.082301  	0.486266  
-117.000000	0.468776  	1.102358  	0.487229  
-116.000000	0.453099  	1.122415  	0.488192  
-115.000000	0.437422  	1.142471  	0.489155  
-114.000000	0.421070  	1.160776  	0.490083  
-113.000000	0.404344  	1.178108  	0.490991  
-112.000000	0.387618  	1.195440  	0.491900  
-111.000000	0.370892  	1.212772  	0.492809  
-110.000000	0.354165  	1.230104  	0.493717  
-109.000000	0.336881  	1.245128  	0.493996  
-108.000000	0.319372  	1.259229  	0.494023  
-107.000000	0.301864  	1.273331  	0.494049  
-106.000000	0.284355  	1.287432  	0.494076  
-105.000000	0.266847  	1.301533  	0.494103  
-104.000000	0.249001  	1.312774  	0.494096  
-103.000000	0.231063  	1.323234  	0.494080  
-102.000000	0.213125  	1.333695  	0.494064  
-101.000000	0.195188  	1.344155  	0.494048  
-100.000000	0.177250  	1.354616  	0.494032  
-99.000000	0.159302  	1.361696  	0.492790  
-98.000000	0.141353  	1.368214  	0.491342  
-97.000000	0.123404  	1.374731  	0.489895  
-96.000000	0.105455  	1.381248  	0.488448  
-95.000000	0.087506  	1.387765  	0.487001  
-94.000000	0.069979  	1.390448  	0.485553  
-93.000000	0.052484  	1.392836  	0.484106  
-92.000000	0.034990  	1.395224  	0.482659  
-91.000000	0.017495  	1.397612  	0.481212  
-90.000000	0.000000  	1.400000  	0.479764  
-89.000000	-0.017495 	1.397612  	0.476558  
-88.000000	-0.034990 	1.395224  	0.473351  
-87.000000	-0.052484 	1.392836  	0.470145  
-86.000000	-0.069979 	1.390448  	0.466939  
-85.000000	-0.087506 	1.387765  	0.463732  
-84.000000	-0.105455 	1.381248  	0.460526  
-83.000000	-0.123404 	1.374731  	0.457319  
-82.000000	-0.141353 	1.368214  	0.454113  
-81.000000	-0.159302 	1.361696  	0.450906  
-80.000000	-0.177250 	1.354616  	0.447539  
-79.000000	-0.195188 	1.344155  	0.443211  
-78.000000	-0.213125 	1.333695  	0.438884  
-77.000000	-0.231063 	1.323234  	0.434556  
-76.000000	-0.249001 	1.312774  	0.430228  
-75.000000	-0.266847 	1.301533  	0.425892  
-74.000000	-0.284355 	1.287432  	0.421531  
-73.000000	-0.301864 	1.273331  	0.417170  
-72.000000	-0.319372 	1.259229  	0.412808  
-71.000000	-0.336881 	1.245128  	0.408447  
-70.000000	-0.354165 	1.230104  	0.403935  
-69.000000	-0.370892 	1.212772  	0.399049  
-68.000000	-0.387618 	1.195440  	0.394162  
-67.000000	-0.404344 	1.178108  	0.389275  
-66.000000	-0.421070 	1.160776  	0.384388  
-65.000000	-0.437422 	1.142471  	0.379490  
-64.000000	-0.453099 	1.122415  	0.374571  
-63.000000	-0.468776 	1.102358  	0.369652  
-62.000000	-0.484453 	1.082301  	0.364733  
-61.000000	-0.500130 	1.062245  	0.359814  
-60.000000	-0.515291 	1.041272  	0.354886  
-59.000000	-0.529762 	1.019077  	0.349947  
-58.000000	-0.544233 	0.996881  	0.345007  
-57.000000	-0.558705 	0.974686  	0.340068  
-56.000000	-0.573176 	0.952491  	0.335128  
-55.000000	-0.587036 	0.929552  	0.330188  
-54.000000	-0.600285 	0.905868  	0.325246  
-53.000000	-0.613534 	0.882185  	0.320305  
-52.000000	-0.626783 	0.858501  	0.315363  
-51.000000	-0.640032 	0.834818  	0.310422  
-50.000000	-0.652677 	0.810680  	0.305598  
-49.000000	-0.664870 	0.786202  	0.300863  
-48.000000	-0.677062 	0.761724  	0.296127  
-47.000000	-0.689255 	0.737246  	0.291392  
-46.000000	-0.701447 	0.712768  	0.286656  
-45.000000	-0.713227 	0.688240  	0.281938  
-44.000000	-0.724777 	0.663686  	0.277230  
-43.000000	-0.736328 	0.639131  	0.272521  
-42.000000	-0.747878 	0.614576  	0.267813  
-41.000000	-0.759428 	0.590022  	0.263104  
-40.000000	-0.771076 	0.565927  	0.258192  
-39.000000	-0.782763 	0.542016  	0.253197  
-38.000000	-0.794449 	0.518106  	0.248203  
-37.000000	-0.806136 	0.494195  	0.243208  
-36.000000	-0.817822 	0.470284  	0.238214  
-35.000000	-0.830687 	0.447431  	0.233182  
-34.000000	-0.843874 	0.424866  	0.228139  
-33.000000	-0.857060 	0.402302  	0.223096  
-32.000000	-0.870247 	0.379737  	0.218053  
-31.000000	-0.883433 	0.357172  	0.213010  
-30.000000	-0.899981 	0.336329  	0.204833  
-29.000000	-0.917090 	0.315773  	0.196135  
-28.000000	-0.934198 	0.295217  	0.187436  
-27.000000	-0.951306 	0.274661  	0.178737  
-26.000000	-0.968415 	0.254105  	0.170038  
-25.000000	-0.993455 	0.235975  	0.160625  
-24.000000	-1.019107 	0.218031  	0.151156  
-23.000000	-1.044758 	0.200087  	0.141688  
-22.000000	-1.070409 	0.182144  	0.132220  
-21.000000	-1.096060 	0.164200  	0.122751  
-20.000000	-1.065645 	0.151127  	0.112993  
-19.000000	-1.035231 	0.138055  	0.101954  
-18.000000	-1.004816 	0.124982  	0.090626  
-17.000000	-0.974402 	0.111909  	0.079298  
-16.000000	-0.943987 	0.098836  	0.067970  
-15.000000	-0.913573 	0.085764  	0.056641  
-14.000000	-0.883158 	0.072691  	0.045313  
-13.000000	-0.852744 	0.059618  	0.033985  
-12.000000	-0.822329 	0.046545  	0.022657  
-11.000000	-0.791915 	0.033473  	-0.020017 
-10.000000	-0.761500 	0.020400  	-0.086200 
-9.000000 	-0.576600 	0.019770  	-0.102200 
-8.000000 	-0.385700 	0.020410  	-0.116900 
-7.000000 	-0.222700 	0.021560  	-0.124700 
-6.000000 	-0.098100 	0.021780  	-0.127300 
-5.000000 	0.025300  	0.021720  	-0.130400 
-4.000000 	0.149500  	0.021590  	-0.133900 
-3.000000 	0.274200  	0.021530  	-0.137600 
-2.000000 	0.399900  	0.021560  	-0.141500 
-1.000000 	0.526000  	0.021720  	-0.145500 
0.000000  	0.649600  	0.021950  	-0.149000 
1.000000  	0.772400  	0.022290  	-0.152400 
2.000000  	0.894100  	0.022670  	-0.155400 
3.000000  	1.016400  	0.022960  	-0.158300 
4.000000  	1.132200  	0.023130  	-0.159900 
5.000000  	1.236900  	0.023380  	-0.158400 
6.000000  	1.344800  	0.023280  	-0.158100 
7.000000  	1.441400  	0.023220  	-0.155700 
8.000000  	1.519500  	0.023860  	-0.150000 
9.000000  	1.550000  	0.026340  	-0.136300 
10.000000 	1.538100  	0.032190  	-0.119100 
11.000000 	1.531100  	0.041240  	-0.109700 
12.000000 	1.528400  	0.052010  	-0.105000 
13.000000 	1.521500  	0.063920  	-0.101600 
14.000000 	1.518000  	0.076590  	-0.100400 
15.000000 	1.508900  	0.090830  	-0.101000 
16.000000 	1.493500  	0.106760  	-0.103600 
17.000000 	1.488200  	0.121540  	-0.107400 
18.000000 	1.498000  	0.133980  	-0.111600 
19.000000 	1.517800  	0.144680  	-0.116100 
20.000000 	1.539000  	0.155050  	-0.121400 
21.000000 	1.565800  	0.164200  	-0.126900 
22.000000 	1.529156  	0.182144  	-0.138971 
23.000000 	1.492511  	0.200087  	-0.151041 
24.000000 	1.455867  	0.218031  	-0.163112 
25.000000 	1.419222  	0.235975  	-0.175182 
26.000000 	1.383449  	0.254105  	-0.187173 
27.000000 	1.359009  	0.274661  	-0.198136 
28.000000 	1.334569  	0.295217  	-0.209098 
29.000000 	1.310128  	0.315773  	-0.220060 
30.000000 	1.285688  	0.336329  	-0.231022 
31.000000 	1.262048  	0.357172  	-0.241232 
32.000000 	1.243210  	0.379737  	-0.246930 
33.000000 	1.224372  	0.402302  	-0.252628 
34.000000 	1.205534  	0.424866  	-0.258326 
35.000000 	1.186696  	0.447431  	-0.264024 
36.000000 	1.168318  	0.470284  	-0.269679 
37.000000 	1.151622  	0.494195  	-0.275179 
38.000000 	1.134927  	0.518106  	-0.280679 
39.000000 	1.118232  	0.542016  	-0.286179 
40.000000 	1.101537  	0.565927  	-0.291679 
41.000000 	1.084898  	0.590022  	-0.296846 
42.000000 	1.068397  	0.614576  	-0.301179 
43.000000 	1.051896  	0.639131  	-0.305512 
44.000000 	1.035396  	0.663686  	-0.309845 
45.000000 	1.018895  	0.688240  	-0.314178 
46.000000 	1.002067  	0.712768  	-0.318499 
47.000000 	0.984650  	0.737246  	-0.322799 
48.000000 	0.967232  	0.761724  	-0.327099 
49.000000 	0.949814  	0.786202  	-0.331399 
50.000000 	0.932396  	0.810680  	-0.335699 
51.000000 	0.914332  	0.834818  	-0.339892 
52.000000 	0.895405  	0.858501  	-0.343941 
53.000000 	0.876477  	0.882185  	-0.347991 
54.000000 	0.857550  	0.905868  	-0.352040 
55.000000 	0.838623  	0.929552  	-0.356089 
56.000000 	0.818823  	0.952491  	-0.360132 
57.000000 	0.798150  	0.974686  	-0.364167 
58.000000 	0.777476  	0.996881  	-0.368203 
59.000000 	0.756803  	1.019077  	-0.372238 
60.000000 	0.736129  	1.041272  	-0.376274 
61.000000 	0.714472  	1.062245  	-0.380226 
62.000000 	0.692076  	1.082301  	-0.384116 
63.000000 	0.669680  	1.102358  	-0.388006 
64.000000 	0.647284  	1.122415  	-0.391896 
65.000000 	0.624888  	1.142471  	-0.395786 
66.000000 	0.601529  	1.160776  	-0.399664 
67.000000 	0.577634  	1.178108  	-0.403534 
68.000000 	0.553740  	1.195440  	-0.407405 
69.000000 	0.529845  	1.212772  	-0.411276 
70.000000 	0.505951  	1.230104  	-0.415146 
71.000000 	0.481258  	1.245128  	-0.418790 
72.000000 	0.456246  	1.259229  	-0.422344 
73.000000 	0.431234  	1.273331  	-0.425897 
74.000000 	0.406222  	1.287432  	-0.429451 
75.000000 	0.381210  	1.301533  	-0.433005 
76.000000 	0.355716  	1.312774  	-0.436543 
77.000000 	0.330090  	1.323234  	-0.440078 
78.000000 	0.304465  	1.333695  	-0.443613 
79.000000 	0.278839  	1.344155  	-0.447147 
80.000000 	0.253214  	1.354616  	-0.450682 
81.000000 	0.227575  	1.361696  	-0.453672 
82.000000 	0.201933  	1.368214  	-0.456571 
83.000000 	0.176292  	1.374731  	-0.459470 
84.000000 	0.150650  	1.381248  	-0.462369 
85.000000 	0.125009  	1.387765  	-0.465268 
86.000000 	0.099970  	1.390448  	-0.468168 
87.000000 	0.074978  	1.392836  	-0.471067 
88.000000 	0.049985  	1.395224  	-0.473966 
89.000000 	0.024993  	1.397612  	-0.476865 
90.000000 	0.000000  	1.400000  	-0.479764 
91.000000 	-0.017495 	1.397612  	-0.481212 
92.000000 	-0.034990 	1.395224  	-0.482659 
93.000000 	-0.052484 	1.392836  	-0.484106 
94.000000 	-0.069979 	1.390448  	-0.485553 
95.000000 	-0.087506 	1.387765  	-0.487001 
96.000000 	-0.105455 	1.381248  	-0.488448 
97.000000 	-0.123404 	1.374731  	-0.489895 
98.000000 	-0.141353 	1.368214  	-0.491342 
99.000000 	-0.159302 	1.361696  	-0.492790 
100.000000	-0.177250 	1.354616  	-0.494032 
101.000000	-0.195188 	1.344155  	-0.494048 
102.000000	-0.213125 	1.333695  	-0.494064 
103.000000	-0.231063 	1.323234  	-0.494080 
104.000000	-0.249001 	1.312774  	-0.494096 
105.000000	-0.266847 	1.301533  	-0.494103 
106.000000	-0.284355 	1.287432  	-0.494076 
107.000000	-0.301864 	1.273331  	-0.494049 
108.000000	-0.319372 	1.259229  	-0.494023 
109.000000	-0.336881 	1.245128  	-0.493996 
110.000000	-0.354165 	1.230104  	-0.493717 
111.000000	-0.370892 	1.212772  	-0.492809 
112.000000	-0.387618 	1.195440  	-0.491900 
113.000000	-0.404344 	1.178108  	-0.490991 
114.000000	-0.421070 	1.160776  	-0.490083 
115.000000	-0.437422 	1.142471  	-0.489155 
116.000000	-0.453099 	1.122415  	-0.488192 
117.000000	-0.468776 	1.102358  	-0.487229 
118.000000	-0.484453 	1.082301  	-0.486266 
119.000000	-0.500130 	1.062245  	-0.485303 
120.000000	-0.515291 	1.041272  	-0.484325 
121.000000	-0.529762 	1.019077  	-0.483327 
122.000000	-0.544233 	0.996881  	-0.482328 
123.000000	-0.558705 	0.974686  	-0.481330 
124.000000	-0.573176 	0.952491  	-0.480332 
125.000000	-0.587036 	0.929552  	-0.479332 
126.000000	-0.600285 	0.905868  	-0.478330 
127.000000	-0.613534 	0.882185  	-0.477329 
128.000000	-0.626783 	0.858501  	-0.476327 
129.000000	-0.640032 	0.834818  	-0.475325 
130.000000	-0.652677 	0.810680  	-0.475033 
131.000000	-0.664870 	0.786202  	-0.475274 
132.000000	-0.677062 	0.761724  	-0.475514 
133.000000	-0.689255 	0.737246  	-0.475755 
134.000000	-0.701447 	0.712768  	-0.475995 
135.000000	-0.713227 	0.688240  	-0.476341 
136.000000	-0.724777 	0.663686  	-0.476744 
137.000000	-0.736328 	0.639131  	-0.477147 
138.000000	-0.747878 	0.614576  	-0.477551 
139.000000	-0.759428 	0.590022  	-0.477954 
140.000000	-0.771076 	0.565927  	-0.480981 
141.000000	-0.782763 	0.542016  	-0.485058 
142.000000	-0.794449 	0.518106  	-0.489134 
143.000000	-0.806136 	0.494195  	-0.493210 
144.000000	-0.817822 	0.470284  	-0.497287 
145.000000	-0.830687 	0.447431  	-0.501852 
146.000000	-0.843874 	0.424866  	-0.506551 
147.000000	-0.857060 	0.402302  	-0.511250 
148.000000	-0.870247 	0.379737  	-0.515949 
149.000000	-0.883433 	0.357172  	-0.520648 
150.000000	-0.899981 	0.336329  	-0.531676 
151.000000	-0.917090 	0.315773  	-0.543759 
152.000000	-0.934198 	0.295217  	-0.555841 
153.000000	-0.951306 	0.274661  	-0.567924 
154.000000	-0.968415 	0.254105  	-0.580006 
155.000000	-0.993455 	0.235975  	-0.593532 
156.000000	-1.019107 	0.218031  	-0.607169 
157.000000	-1.044758 	0.200087  	-0.620806 
158.000000	-1.070409 	0.182144  	-0.634443 
159.000000	-1.096060 	0.164200  	-0.648079 
160.000000	-1.043867 	0.148232  	-0.651780 
161.000000	-0.991673 	0.132764  	-0.645545 
162.000000	-0.939480 	0.117797  	-0.629373 
163.000000	-0.887287 	0.103873  	-0.613201 
164.000000	-0.835093 	0.090488  	-0.597030 
165.000000	-0.782900 	0.077643  	-0.580858 
166.000000	-0.730707 	0.065914  	-0.564687 
167.000000	-0.678513 	0.054757  	-0.548515 
168.000000	-0.626320 	0.044175  	-0.532343 
169.000000	-0.574127 	0.034768  	-0.516172 
170.000000	-0.521933 	0.025963  	-0.488724 
171.000000	-0.469740 	0.017758  	-0.450000 
172.000000	-0.417547 	0.010777  	-0.400000 
173.000000	-0.365353 	0.005191  	-0.350000 
174.000000	-0.313160 	0.001000  	-0.300000 
175.000000	-0.260967 	0.001000  	-0.250000 
176.000000	-0.208773 	0.001000  	-0.200000 
177.000000	-0.156580 	0.001000  	-0.150000 
178.000000	-0.104387 	0.001000  	-0.100000 
179.000000	-0.052193 	0.001000  	-0.050000 
180.000000	0.000000  	0.001000  	0.000000  
! ------------------------------------------------------------------------------
! data for table	2         
! ------------------------------------------------------------------------------
  0.300000  	Re           ! Reynolds number in millions
  0.000000  	UserProp     ! User property (control) setting
Flase           InclUAdata   ! Is unsteady aerodynamics data included in this table? If TRUE, then include UA coefficients below this line. Any missing coefficients will be calculated internally.
! Table of aerodynamics coefficients
  361       	NumAlf       ! Number of data lines in the following table
!Alpha      Cl          Cd          Cm/Cp
!(deg)      (-)         (-)         (-)
-180.000000	0.000000  	0.001000  	0.000000  
-179.000000	0.046600  	0.001000  	0.040000  
-178.000000	0.093199  	0.001000  	0.080000  
-177.000000	0.139799  	0.001000  	0.120000  
-176.000000	0.186398  	0.001000  	0.160000  
-175.000000	0.232998  	0.001000  	0.200000  
-174.000000	0.279597  	0.001000  	0.240000  
-173.000000	0.326197  	0.001494  	0.280000  
-172.000000	0.372797  	0.004954  	0.320000  
-171.000000	0.419396  	0.010344  	0.358891  
-170.000000	0.465996  	0.018311  	0.396304  
-169.000000	0.512595  	0.027263  	0.424478  
-168.000000	0.559195  	0.036611  	0.448955  
-167.000000	0.605795  	0.047306  	0.473433  
-166.000000	0.652394  	0.058375  	0.497911  
-165.000000	0.698994  	0.070380  	0.522389  
-164.000000	0.745593  	0.083109  	0.546866  
-163.000000	0.792193  	0.096381  	0.571344  
-162.000000	0.838792  	0.110699  	0.595822  
-161.000000	0.885392  	0.125358  	0.618846  
-160.000000	0.931992  	0.141018  	0.633151  
-159.000000	0.978591  	0.157155  	0.638735  
-158.000000	1.025191  	0.173928  	0.632693  
-157.000000	1.071790  	0.191454  	0.626651  
-156.000000	1.118390  	0.209280  	0.620609  
-155.000000	1.093583  	0.228888  	0.614567  
-154.000000	1.068775  	0.248496  	0.608525  
-153.000000	1.043968  	0.268105  	0.602483  
-152.000000	1.019160  	0.287713  	0.596441  
-151.000000	0.996222  	0.307947  	0.590271  
-150.000000	0.977955  	0.329746  	0.583783  
-149.000000	0.959688  	0.351544  	0.577295  
-148.000000	0.941421  	0.373343  	0.570807  
-147.000000	0.923155  	0.395142  	0.564319  
-146.000000	0.906701  	0.417858  	0.557735  
-145.000000	0.891607  	0.441263  	0.551080  
-144.000000	0.876513  	0.464668  	0.544424  
-143.000000	0.861419  	0.488073  	0.537769  
-142.000000	0.846325  	0.511477  	0.531113  
-141.000000	0.832328  	0.535721  	0.527203  
-140.000000	0.818514  	0.560105  	0.523749  
-139.000000	0.804699  	0.584488  	0.520296  
-138.000000	0.790885  	0.608872  	0.516843  
-137.000000	0.777095  	0.633302  	0.513687  
-136.000000	0.763449  	0.658011  	0.512315  
-135.000000	0.749803  	0.682720  	0.510943  
-134.000000	0.736157  	0.707429  	0.509572  
-133.000000	0.722511  	0.732138  	0.508200  
-132.000000	0.708660  	0.756703  	0.507212  
-131.000000	0.694535  	0.781076  	0.506735  
-130.000000	0.680410  	0.805449  	0.506259  
-129.000000	0.666285  	0.829822  	0.505783  
-128.000000	0.652160  	0.854195  	0.505307  
-127.000000	0.637447  	0.877863  	0.505510  
-126.000000	0.622498  	0.901248  	0.505985  
-125.000000	0.607550  	0.924633  	0.506460  
-124.000000	0.592601  	0.948019  	0.506936  
-123.000000	0.577652  	0.971404  	0.507411  
-122.000000	0.561749  	0.993176  	0.507953  
-121.000000	0.545845  	1.014949  	0.508495  
-120.000000	0.529941  	1.036721  	0.509037  
-119.000000	0.514037  	1.058494  	0.509579  
-118.000000	0.497868  	1.079640  	0.510154  
-117.000000	0.481037  	1.099219  	0.510813  
-116.000000	0.464206  	1.118798  	0.511472  
-115.000000	0.447374  	1.138377  	0.512131  
-114.000000	0.430543  	1.157956  	0.512790  
-113.000000	0.413268  	1.175984  	0.513335  
-112.000000	0.395661  	1.192848  	0.513794  
-111.000000	0.378054  	1.209712  	0.514253  
-110.000000	0.360446  	1.226576  	0.514712  
-109.000000	0.342839  	1.243441  	0.515171  
-108.000000	0.324779  	1.257594  	0.515094  
-107.000000	0.306643  	1.271296  	0.514928  
-106.000000	0.288508  	1.284998  	0.514761  
-105.000000	0.270372  	1.298700  	0.514595  
-104.000000	0.252208  	1.311899  	0.514404  
-103.000000	0.233869  	1.322076  	0.514065  
-102.000000	0.215530  	1.332254  	0.513725  
-101.000000	0.197191  	1.342432  	0.513386  
-100.000000	0.178852  	1.352609  	0.513046  
-99.000000	0.160590  	1.361162  	0.512168  
-98.000000	0.142430  	1.367549  	0.510572  
-97.000000	0.124270  	1.373936  	0.508976  
-96.000000	0.106111  	1.380323  	0.507380  
-95.000000	0.087951  	1.386710  	0.505784  
-94.000000	0.070222  	1.390272  	0.504188  
-93.000000	0.052667  	1.392704  	0.502592  
-92.000000	0.035111  	1.395136  	0.500996  
-91.000000	0.017556  	1.397568  	0.499400  
-90.000000	0.000000  	1.400000  	0.497804  
-89.000000	-0.017556 	1.397568  	0.494364  
-88.000000	-0.035111 	1.395136  	0.490923  
-87.000000	-0.052667 	1.392704  	0.487483  
-86.000000	-0.070222 	1.390272  	0.484043  
-85.000000	-0.087951 	1.386710  	0.480603  
-84.000000	-0.106111 	1.380323  	0.477163  
-83.000000	-0.124270 	1.373936  	0.473723  
-82.000000	-0.142430 	1.367549  	0.470283  
-81.000000	-0.160590 	1.361162  	0.466842  
-80.000000	-0.178852 	1.352609  	0.462856  
-79.000000	-0.197191 	1.342432  	0.458460  
-78.000000	-0.215530 	1.332254  	0.454064  
-77.000000	-0.233869 	1.322076  	0.449668  
-76.000000	-0.252208 	1.311899  	0.445272  
-75.000000	-0.270372 	1.298700  	0.440763  
-74.000000	-0.288508 	1.284998  	0.436235  
-73.000000	-0.306643 	1.271296  	0.431707  
-72.000000	-0.324779 	1.257594  	0.427179  
-71.000000	-0.342839 	1.243441  	0.422601  
-70.000000	-0.360446 	1.226576  	0.417719  
-69.000000	-0.378054 	1.209712  	0.412837  
-68.000000	-0.395661 	1.192848  	0.407955  
-67.000000	-0.413268 	1.175984  	0.403073  
-66.000000	-0.430543 	1.157956  	0.398142  
-65.000000	-0.447374 	1.138377  	0.393147  
-64.000000	-0.464206 	1.118798  	0.388151  
-63.000000	-0.481037 	1.099219  	0.383156  
-62.000000	-0.497868 	1.079640  	0.378161  
-61.000000	-0.514037 	1.058494  	0.373188  
-60.000000	-0.529941 	1.036721  	0.368223  
-59.000000	-0.545845 	1.014949  	0.363259  
-58.000000	-0.561749 	0.993176  	0.358295  
-57.000000	-0.577652 	0.971404  	0.353331  
-56.000000	-0.592601 	0.948019  	0.348385  
-55.000000	-0.607550 	0.924633  	0.343439  
-54.000000	-0.622498 	0.901248  	0.338493  
-53.000000	-0.637447 	0.877863  	0.333546  
-52.000000	-0.652160 	0.854195  	0.328631  
-51.000000	-0.666285 	0.829822  	0.323792  
-50.000000	-0.680410 	0.805449  	0.318953  
-49.000000	-0.694535 	0.781076  	0.314114  
-48.000000	-0.708660 	0.756703  	0.309275  
-47.000000	-0.722511 	0.732138  	0.304494  
-46.000000	-0.736157 	0.707429  	0.299756  
-45.000000	-0.749803 	0.682720  	0.295018  
-44.000000	-0.763449 	0.658011  	0.290280  
-43.000000	-0.777095 	0.633302  	0.285542  
-42.000000	-0.790885 	0.608872  	0.280575  
-41.000000	-0.804699 	0.584488  	0.275569  
-40.000000	-0.818514 	0.560105  	0.270563  
-39.000000	-0.832328 	0.535721  	0.265558  
-38.000000	-0.846325 	0.511477  	0.260493  
-37.000000	-0.861419 	0.488073  	0.255076  
-36.000000	-0.876513 	0.464668  	0.249658  
-35.000000	-0.891607 	0.441263  	0.244241  
-34.000000	-0.906701 	0.417858  	0.238824  
-33.000000	-0.923155 	0.395142  	0.232788  
-32.000000	-0.941421 	0.373343  	0.225927  
-31.000000	-0.959688 	0.351544  	0.219067  
-30.000000	-0.977955 	0.329746  	0.212207  
-29.000000	-0.996222 	0.307947  	0.205346  
-28.000000	-1.019160 	0.287713  	0.195737  
-27.000000	-1.043968 	0.268105  	0.185029  
-26.000000	-1.068775 	0.248496  	0.174320  
-25.000000	-1.093583 	0.228888  	0.163612  
-24.000000	-1.118390 	0.209280  	0.152903  
-23.000000	-1.090055 	0.195513  	0.142195  
-22.000000	-1.061720 	0.181746  	0.131487  
-21.000000	-1.033385 	0.167979  	0.120778  
-20.000000	-1.005050 	0.154211  	0.110070  
-19.000000	-0.976715 	0.140444  	0.099063  
-18.000000	-0.948380 	0.126677  	0.088056  
-17.000000	-0.920045 	0.112910  	0.077049  
-16.000000	-0.891710 	0.099143  	0.066042  
-15.000000	-0.863375 	0.085376  	0.055035  
-14.000000	-0.835040 	0.071609  	0.044028  
-13.000000	-0.806705 	0.057841  	0.033021  
-12.000000	-0.778370 	0.044074  	0.022014  
-11.000000	-0.750035 	0.030307  	-0.036343 
-10.000000	-0.721700 	0.016540  	-0.094700 
-9.000000 	-0.523800 	0.014660  	-0.115300 
-8.000000 	-0.304200 	0.014560  	-0.138400 
-7.000000 	-0.167000 	0.014900  	-0.143900 
-6.000000 	-0.042600 	0.015030  	-0.146600 
-5.000000 	0.084800  	0.015090  	-0.150200 
-4.000000 	0.213300  	0.015140  	-0.154300 
-3.000000 	0.337200  	0.015330  	-0.157000 
-2.000000 	0.461500  	0.015650  	-0.159800 
-1.000000 	0.584400  	0.015950  	-0.162500 
0.000000  	0.707100  	0.016340  	-0.165100 
1.000000  	0.829200  	0.016810  	-0.167600 
2.000000  	0.947800  	0.017200  	-0.169300 
3.000000  	1.065000  	0.017530  	-0.170800 
4.000000  	1.179900  	0.017840  	-0.171800 
5.000000  	1.288700  	0.018080  	-0.171500 
6.000000  	1.391700  	0.018360  	-0.170100 
7.000000  	1.484600  	0.018960  	-0.166800 
8.000000  	1.551100  	0.020710  	-0.158900 
9.000000  	1.567400  	0.024370  	-0.142700 
10.000000 	1.575000  	0.030260  	-0.128700 
11.000000 	1.582400  	0.038440  	-0.120200 
12.000000 	1.582900  	0.048850  	-0.114700 
13.000000 	1.581000  	0.060460  	-0.111200 
14.000000 	1.576100  	0.073210  	-0.109300 
15.000000 	1.566400  	0.087420  	-0.109000 
16.000000 	1.547600  	0.103580  	-0.110700 
17.000000 	1.530900  	0.120070  	-0.114500 
18.000000 	1.525100  	0.135210  	-0.119900 
19.000000 	1.532400  	0.148400  	-0.126000 
20.000000 	1.546800  	0.160390  	-0.132700 
21.000000 	1.564500  	0.171600  	-0.139900 
22.000000 	1.596300  	0.179160  	-0.145100 
23.000000 	1.596700  	0.194290  	-0.157300 
24.000000 	1.597700  	0.209280  	-0.170500 
25.000000 	1.562261  	0.228888  	-0.182422 
26.000000 	1.526822  	0.248496  	-0.194344 
27.000000 	1.491382  	0.268105  	-0.206266 
28.000000 	1.455943  	0.287713  	-0.218188 
29.000000 	1.423174  	0.307947  	-0.228941 
30.000000 	1.397078  	0.329746  	-0.236768 
31.000000 	1.370983  	0.351544  	-0.244596 
32.000000 	1.344888  	0.373343  	-0.252424 
33.000000 	1.318792  	0.395142  	-0.260252 
34.000000 	1.295287  	0.417858  	-0.267202 
35.000000 	1.273724  	0.441263  	-0.273495 
36.000000 	1.252161  	0.464668  	-0.279787 
37.000000 	1.230598  	0.488073  	-0.286080 
38.000000 	1.209036  	0.511477  	-0.292372 
39.000000 	1.189040  	0.535721  	-0.297689 
40.000000 	1.169305  	0.560105  	-0.302842 
41.000000 	1.149570  	0.584488  	-0.307996 
42.000000 	1.129836  	0.608872  	-0.313149 
43.000000 	1.110135  	0.633302  	-0.318197 
44.000000 	1.090641  	0.658011  	-0.322611 
45.000000 	1.071147  	0.682720  	-0.327024 
46.000000 	1.051653  	0.707429  	-0.331437 
47.000000 	1.032159  	0.732138  	-0.335850 
48.000000 	1.012371  	0.756703  	-0.340190 
49.000000 	0.992193  	0.781076  	-0.344432 
50.000000 	0.972015  	0.805449  	-0.348674 
51.000000 	0.951836  	0.829822  	-0.352916 
52.000000 	0.931658  	0.854195  	-0.357158 
53.000000 	0.910639  	0.877863  	-0.361270 
54.000000 	0.889283  	0.901248  	-0.365330 
55.000000 	0.867928  	0.924633  	-0.369390 
56.000000 	0.846573  	0.948019  	-0.373451 
57.000000 	0.825218  	0.971404  	-0.377511 
58.000000 	0.802498  	0.993176  	-0.381535 
59.000000 	0.779778  	1.014949  	-0.385560 
60.000000 	0.757058  	1.036721  	-0.389584 
61.000000 	0.734339  	1.058494  	-0.393609 
62.000000 	0.711240  	1.079640  	-0.397616 
63.000000 	0.687196  	1.099219  	-0.401579 
64.000000 	0.663151  	1.118798  	-0.405541 
65.000000 	0.639106  	1.138377  	-0.409504 
66.000000 	0.615062  	1.157956  	-0.413467 
67.000000 	0.590384  	1.175984  	-0.417395 
68.000000 	0.565230  	1.192848  	-0.421298 
69.000000 	0.540077  	1.209712  	-0.425201 
70.000000 	0.514923  	1.226576  	-0.429104 
71.000000 	0.489770  	1.243441  	-0.433007 
72.000000 	0.463970  	1.257594  	-0.436751 
73.000000 	0.438062  	1.271296  	-0.440467 
74.000000 	0.412154  	1.284998  	-0.444184 
75.000000 	0.386246  	1.298700  	-0.447901 
76.000000 	0.360297  	1.311899  	-0.451607 
77.000000 	0.334099  	1.322076  	-0.455253 
78.000000 	0.307900  	1.332254  	-0.458899 
79.000000 	0.281701  	1.342432  	-0.462545 
80.000000 	0.255503  	1.352609  	-0.466190 
81.000000 	0.229414  	1.361162  	-0.469616 
82.000000 	0.203472  	1.367549  	-0.472748 
83.000000 	0.177529  	1.373936  	-0.475880 
84.000000 	0.151586  	1.380323  	-0.479012 
85.000000 	0.125644  	1.386710  	-0.482144 
86.000000 	0.100318  	1.390272  	-0.485276 
87.000000 	0.075238  	1.392704  	-0.488408 
88.000000 	0.050159  	1.395136  	-0.491540 
89.000000 	0.025079  	1.397568  	-0.494672 
90.000000 	0.000000  	1.400000  	-0.497804 
91.000000 	-0.017556 	1.397568  	-0.499400 
92.000000 	-0.035111 	1.395136  	-0.500996 
93.000000 	-0.052667 	1.392704  	-0.502592 
94.000000 	-0.070222 	1.390272  	-0.504188 
95.000000 	-0.087951 	1.386710  	-0.505784 
96.000000 	-0.106111 	1.380323  	-0.507380 
97.000000 	-0.124270 	1.373936  	-0.508976 
98.000000 	-0.142430 	1.367549  	-0.510572 
99.000000 	-0.160590 	1.361162  	-0.512168 
100.000000	-0.178852 	1.352609  	-0.513046 
101.000000	-0.197191 	1.342432  	-0.513386 
102.000000	-0.215530 	1.332254  	-0.513725 
103.000000	-0.233869 	1.322076  	-0.514065 
104.000000	-0.252208 	1.311899  	-0.514404 
105.000000	-0.270372 	1.298700  	-0.514595 
106.000000	-0.288508 	1.284998  	-0.514761 
107.000000	-0.306643 	1.271296  	-0.514928 
108.000000	-0.324779 	1.257594  	-0.515094 
109.000000	-0.342839 	1.243441  	-0.515171 
110.000000	-0.360446 	1.226576  	-0.514712 
111.000000	-0.378054 	1.209712  	-0.514253 
112.000000	-0.395661 	1.192848  	-0.513794 
113.000000	-0.413268 	1.175984  	-0.513335 
114.000000	-0.430543 	1.157956  	-0.512790 
115.000000	-0.447374 	1.138377  	-0.512131 
116.000000	-0.464206 	1.118798  	-0.511472 
117.000000	-0.481037 	1.099219  	-0.510813 
118.000000	-0.497868 	1.079640  	-0.510154 
119.000000	-0.514037 	1.058494  	-0.509579 
120.000000	-0.529941 	1.036721  	-0.509037 
121.000000	-0.545845 	1.014949  	-0.508495 
122.000000	-0.561749 	0.993176  	-0.507953 
123.000000	-0.577652 	0.971404  	-0.507411 
124.000000	-0.592601 	0.948019  	-0.506936 
125.000000	-0.607550 	0.924633  	-0.506460 
126.000000	-0.622498 	0.901248  	-0.505985 
127.000000	-0.637447 	0.877863  	-0.505510 
128.000000	-0.652160 	0.854195  	-0.505307 
129.000000	-0.666285 	0.829822  	-0.505783 
130.000000	-0.680410 	0.805449  	-0.506259 
131.000000	-0.694535 	0.781076  	-0.506735 
132.000000	-0.708660 	0.756703  	-0.507212 
133.000000	-0.722511 	0.732138  	-0.508200 
134.000000	-0.736157 	0.707429  	-0.509572 
135.000000	-0.749803 	0.682720  	-0.510943 
136.000000	-0.763449 	0.658011  	-0.512315 
137.000000	-0.777095 	0.633302  	-0.513687 
138.000000	-0.790885 	0.608872  	-0.516843 
139.000000	-0.804699 	0.584488  	-0.520296 
140.000000	-0.818514 	0.560105  	-0.523749 
141.000000	-0.832328 	0.535721  	-0.527203 
142.000000	-0.846325 	0.511477  	-0.531113 
143.000000	-0.861419 	0.488073  	-0.537769 
144.000000	-0.876513 	0.464668  	-0.544424 
145.000000	-0.891607 	0.441263  	-0.551080 
146.000000	-0.906701 	0.417858  	-0.557735 
147.000000	-0.923155 	0.395142  	-0.564319 
148.000000	-0.941421 	0.373343  	-0.570807 
149.000000	-0.959688 	0.351544  	-0.577295 
150.000000	-0.977955 	0.329746  	-0.583783 
151.000000	-0.996222 	0.307947  	-0.590271 
152.000000	-1.019160 	0.287713  	-0.596441 
153.000000	-1.043968 	0.268105  	-0.602483 
154.000000	-1.068775 	0.248496  	-0.608525 
155.000000	-1.093583 	0.228888  	-0.614567 
156.000000	-1.118390 	0.209280  	-0.620609 
157.000000	-1.071790 	0.191454  	-0.626651 
158.000000	-1.025191 	0.173928  	-0.632693 
159.000000	-0.978591 	0.157155  	-0.638735 
160.000000	-0.931992 	0.141018  	-0.636960 
161.000000	-0.885392 	0.125358  	-0.629323 
162.000000	-0.838792 	0.110699  	-0.615822 
163.000000	-0.792193 	0.096381  	-0.601344 
164.000000	-0.745593 	0.083109  	-0.586866 
165.000000	-0.698994 	0.070380  	-0.572389 
166.000000	-0.652394 	0.058375  	-0.557911 
167.000000	-0.605795 	0.047306  	-0.543433 
168.000000	-0.559195 	0.036611  	-0.528955 
169.000000	-0.512595 	0.027263  	-0.514478 
170.000000	-0.465996 	0.018311  	-0.491542 
171.000000	-0.419396 	0.010344  	-0.447463 
172.000000	-0.372797 	0.004954  	-0.400000 
173.000000	-0.326197 	0.001494  	-0.350000 
174.000000	-0.279597 	0.001000  	-0.300000 
175.000000	-0.232998 	0.001000  	-0.250000 
176.000000	-0.186398 	0.001000  	-0.200000 
177.000000	-0.139799 	0.001000  	-0.150000 
178.000000	-0.093199 	0.001000  	-0.100000 
179.000000	-0.046600 	0.001000  	-0.050000 
180.000000	0.000000  	0.001000  	0.000000  
! ------------------------------------------------------------------------------
! data for table	3         
! ------------------------------------------------------------------------------
  0.400000  	Re           ! Reynolds number in millions
  0.000000  	UserProp     ! User property (control) setting
Flase           InclUAdata   ! Is unsteady aerodynamics data included in this table? If TRUE, then include UA coefficients below this line. Any missing coefficients will be calculated internally.
! Table of aerodynamics coefficients
  361       	NumAlf       ! Number of data lines in the following table
!Alpha      Cl          Cd          Cm/Cp
!(deg)      (-)         (-)         (-)
-180.000000	0.000000  	0.001000  	0.000000  
-179.000000	0.044943  	0.001000  	0.040000  
-178.000000	0.089886  	0.001000  	0.080000  
-177.000000	0.134828  	0.001000  	0.120000  
-176.000000	0.179771  	0.001000  	0.160000  
-175.000000	0.224714  	0.001000  	0.200000  
-174.000000	0.269657  	0.001000  	0.240000  
-173.000000	0.314600  	0.001000  	0.280000  
-172.000000	0.359542  	0.003649  	0.320000  
-171.000000	0.404485  	0.007110  	0.359529  
-170.000000	0.449428  	0.015405  	0.392933  
-169.000000	0.494371  	0.024109  	0.423510  
-168.000000	0.539314  	0.033835  	0.447020  
-167.000000	0.584256  	0.044259  	0.470530  
-166.000000	0.629199  	0.055380  	0.494040  
-165.000000	0.674142  	0.067467  	0.517549  
-164.000000	0.719085  	0.079940  	0.541059  
-163.000000	0.764028  	0.093623  	0.564569  
-162.000000	0.808970  	0.107578  	0.588079  
-161.000000	0.853913  	0.122605  	0.611589  
-160.000000	0.898856  	0.138058  	0.627360  
-159.000000	0.943799  	0.154277  	0.629201  
-158.000000	0.988742  	0.171143  	0.627947  
-157.000000	1.033684  	0.188492  	0.624371  
-156.000000	1.078627  	0.206677  	0.620795  
-155.000000	1.123570  	0.225090  	0.617219  
-154.000000	1.098939  	0.245217  	0.613643  
-153.000000	1.074307  	0.265343  	0.610067  
-152.000000	1.049676  	0.285470  	0.606491  
-151.000000	1.025045  	0.305597  	0.602915  
-150.000000	1.002552  	0.326456  	0.598140  
-149.000000	0.983909  	0.348635  	0.591209  
-148.000000	0.965266  	0.370813  	0.584277  
-147.000000	0.946623  	0.392992  	0.577346  
-146.000000	0.927980  	0.415171  	0.570414  
-145.000000	0.911445  	0.438404  	0.563283  
-144.000000	0.895754  	0.462058  	0.556072  
-143.000000	0.880063  	0.485713  	0.548861  
-142.000000	0.864372  	0.509367  	0.541649  
-141.000000	0.848767  	0.533083  	0.534743  
-140.000000	0.834286  	0.557599  	0.531801  
-139.000000	0.819806  	0.582115  	0.528859  
-138.000000	0.805325  	0.606631  	0.525917  
-137.000000	0.790844  	0.631146  	0.522976  
-136.000000	0.776440  	0.655759  	0.520583  
-135.000000	0.762136  	0.680500  	0.518921  
-134.000000	0.747832  	0.705241  	0.517260  
-133.000000	0.733528  	0.729982  	0.515599  
-132.000000	0.719223  	0.754723  	0.513938  
-131.000000	0.704582  	0.779137  	0.513235  
-130.000000	0.689849  	0.803461  	0.512793  
-129.000000	0.675116  	0.827786  	0.512351  
-128.000000	0.660383  	0.852111  	0.511909  
-127.000000	0.645542  	0.876286  	0.511576  
-126.000000	0.630058  	0.899564  	0.511897  
-125.000000	0.614574  	0.922841  	0.512217  
-124.000000	0.599089  	0.946119  	0.512537  
-123.000000	0.583605  	0.969397  	0.512857  
-122.000000	0.567685  	0.991851  	0.513237  
-121.000000	0.551330  	1.013480  	0.513675  
-120.000000	0.534974  	1.035108  	0.514114  
-119.000000	0.518619  	1.056737  	0.514553  
-118.000000	0.502264  	1.078366  	0.514992  
-117.000000	0.485189  	1.098103  	0.515550  
-116.000000	0.467994  	1.117524  	0.516127  
-115.000000	0.450799  	1.136945  	0.516704  
-114.000000	0.433604  	1.156366  	0.517282  
-113.000000	0.416261  	1.175207  	0.517807  
-112.000000	0.398377  	1.191920  	0.518143  
-111.000000	0.380492  	1.208633  	0.518479  
-110.000000	0.362607  	1.225346  	0.518815  
-109.000000	0.344722  	1.242059  	0.519150  
-108.000000	0.326582  	1.256980  	0.519175  
-107.000000	0.308250  	1.270555  	0.518967  
-106.000000	0.289917  	1.284131  	0.518759  
-105.000000	0.271585  	1.297706  	0.518551  
-104.000000	0.253252  	1.311282  	0.518343  
-103.000000	0.234797  	1.321623  	0.517934  
-102.000000	0.216333  	1.331714  	0.517508  
-101.000000	0.197868  	1.341806  	0.517083  
-100.000000	0.179404  	1.351897  	0.516658  
-99.000000	0.161007  	1.360920  	0.515891  
-98.000000	0.142782  	1.367273  	0.514271  
-97.000000	0.124556  	1.373625  	0.512651  
-96.000000	0.106331  	1.379977  	0.511031  
-95.000000	0.088105  	1.386329  	0.509411  
-94.000000	0.070298  	1.390177  	0.507791  
-93.000000	0.052723  	1.392633  	0.506171  
-92.000000	0.035149  	1.395088  	0.504551  
-91.000000	0.017574  	1.397544  	0.502931  
-90.000000	0.000000  	1.400000  	0.501311  
-89.000000	-0.017574 	1.397544  	0.497817  
-88.000000	-0.035149 	1.395088  	0.494322  
-87.000000	-0.052723 	1.392633  	0.490828  
-86.000000	-0.070298 	1.390177  	0.487334  
-85.000000	-0.088105 	1.386329  	0.483839  
-84.000000	-0.106331 	1.379977  	0.480345  
-83.000000	-0.124556 	1.373625  	0.476850  
-82.000000	-0.142782 	1.367273  	0.473356  
-81.000000	-0.161007 	1.360920  	0.469861  
-80.000000	-0.179404 	1.351897  	0.465723  
-79.000000	-0.197868 	1.341806  	0.461327  
-78.000000	-0.216333 	1.331714  	0.456930  
-77.000000	-0.234797 	1.321623  	0.452534  
-76.000000	-0.253252 	1.311282  	0.448126  
-75.000000	-0.271585 	1.297706  	0.443566  
-74.000000	-0.289917 	1.284131  	0.439006  
-73.000000	-0.308250 	1.270555  	0.434446  
-72.000000	-0.326582 	1.256980  	0.429885  
-71.000000	-0.344722 	1.242059  	0.425195  
-70.000000	-0.362607 	1.225346  	0.420330  
-69.000000	-0.380492 	1.208633  	0.415465  
-68.000000	-0.398377 	1.191920  	0.410600  
-67.000000	-0.416261 	1.175207  	0.405735  
-66.000000	-0.433604 	1.156366  	0.400764  
-65.000000	-0.450799 	1.136945  	0.395764  
-64.000000	-0.467994 	1.117524  	0.390764  
-63.000000	-0.485189 	1.098103  	0.385764  
-62.000000	-0.502264 	1.078366  	0.380769  
-61.000000	-0.518619 	1.056737  	0.375807  
-60.000000	-0.534974 	1.035108  	0.370844  
-59.000000	-0.551330 	1.013480  	0.365882  
-58.000000	-0.567685 	0.991851  	0.360920  
-57.000000	-0.583605 	0.969397  	0.355973  
-56.000000	-0.599089 	0.946119  	0.351043  
-55.000000	-0.614574 	0.922841  	0.346113  
-54.000000	-0.630058 	0.899564  	0.341183  
-53.000000	-0.645542 	0.876286  	0.336253  
-52.000000	-0.660383 	0.852111  	0.331389  
-51.000000	-0.675116 	0.827786  	0.326536  
-50.000000	-0.689849 	0.803461  	0.321682  
-49.000000	-0.704582 	0.779137  	0.316829  
-48.000000	-0.719223 	0.754723  	0.312002  
-47.000000	-0.733528 	0.729982  	0.307271  
-46.000000	-0.747832 	0.705241  	0.302540  
-45.000000	-0.762136 	0.680500  	0.297809  
-44.000000	-0.776440 	0.655759  	0.293078  
-43.000000	-0.790844 	0.631146  	0.288244  
-42.000000	-0.805325 	0.606631  	0.283332  
-41.000000	-0.819806 	0.582115  	0.278421  
-40.000000	-0.834286 	0.557599  	0.273509  
-39.000000	-0.848767 	0.533083  	0.268597  
-38.000000	-0.864372 	0.509367  	0.263127  
-37.000000	-0.880063 	0.485713  	0.257613  
-36.000000	-0.895754 	0.462058  	0.252099  
-35.000000	-0.911445 	0.438404  	0.246585  
-34.000000	-0.927980 	0.415171  	0.240952  
-33.000000	-0.946623 	0.392992  	0.235023  
-32.000000	-0.965266 	0.370813  	0.229093  
-31.000000	-0.983909 	0.348635  	0.223164  
-30.000000	-1.002552 	0.326456  	0.217234  
-29.000000	-1.025045 	0.305597  	0.208098  
-28.000000	-1.049676 	0.285470  	0.197181  
-27.000000	-1.074307 	0.265343  	0.186264  
-26.000000	-1.098939 	0.245217  	0.175347  
-25.000000	-1.123570 	0.225090  	0.164429  
-24.000000	-1.095512 	0.211081  	0.153512  
-23.000000	-1.067454 	0.197073  	0.142595  
-22.000000	-1.039396 	0.183064  	0.131678  
-21.000000	-1.011338 	0.169055  	0.120760  
-20.000000	-0.983280 	0.155047  	0.109827  
-19.000000	-0.955222 	0.141038  	0.098859  
-18.000000	-0.927164 	0.127029  	0.087875  
-17.000000	-0.899106 	0.113021  	0.076890  
-16.000000	-0.871048 	0.099012  	0.065906  
-15.000000	-0.842990 	0.085003  	0.054922  
-14.000000	-0.814932 	0.070995  	0.043937  
-13.000000	-0.786874 	0.056986  	0.032953  
-12.000000	-0.758816 	0.042977  	0.015429  
-11.000000	-0.730758 	0.028969  	-0.041336 
-10.000000	-0.702700 	0.014960  	-0.098100 
-9.000000 	-0.478400 	0.012690  	-0.125200 
-8.000000 	-0.286000 	0.012570  	-0.143300 
-7.000000 	-0.157400 	0.012850  	-0.147000 
-6.000000 	-0.030300 	0.012900  	-0.150500 
-5.000000 	0.096700  	0.012960  	-0.153900 
-4.000000 	0.223000  	0.013050  	-0.157200 
-3.000000 	0.349000  	0.013240  	-0.160500 
-2.000000 	0.473800  	0.013440  	-0.163400 
-1.000000 	0.597600  	0.013700  	-0.166200 
0.000000  	0.720600  	0.014020  	-0.168800 
1.000000  	0.842200  	0.014370  	-0.171200 
2.000000  	0.961900  	0.014700  	-0.173100 
3.000000  	1.078900  	0.015010  	-0.174500 
4.000000  	1.193300  	0.015310  	-0.175400 
5.000000  	1.302200  	0.015660  	-0.175000 
6.000000  	1.404800  	0.016120  	-0.173500 
7.000000  	1.496100  	0.017120  	-0.170000 
8.000000  	1.558500  	0.019570  	-0.161600 
9.000000  	1.582200  	0.023290  	-0.146700 
10.000000 	1.600600  	0.028430  	-0.133600 
11.000000 	1.614800  	0.035800  	-0.124800 
12.000000 	1.620200  	0.046080  	-0.120100 
13.000000 	1.625600  	0.056360  	-0.115400 
14.000000 	1.619500  	0.068990  	-0.112800 
15.000000 	1.605800  	0.083360  	-0.111700 
16.000000 	1.583000  	0.099670  	-0.112400 
17.000000 	1.566200  	0.116030  	-0.115400 
18.000000 	1.552500  	0.132450  	-0.120600 
19.000000 	1.546800  	0.148000  	-0.127500 
20.000000 	1.548800  	0.162380  	-0.135300 
21.000000 	1.558400  	0.175350  	-0.143700 
22.000000 	1.571900  	0.187400  	-0.152300 
23.000000 	1.585200  	0.199710  	-0.162100 
24.000000 	1.612100  	0.207860  	-0.169300 
25.000000 	1.605100  	0.225090  	-0.185000 
26.000000 	1.569912  	0.245217  	-0.196688 
27.000000 	1.534725  	0.265343  	-0.208376 
28.000000 	1.499537  	0.285470  	-0.220064 
29.000000 	1.464350  	0.305597  	-0.231752 
30.000000 	1.432217  	0.326456  	-0.241711 
31.000000 	1.405584  	0.348635  	-0.248559 
32.000000 	1.378952  	0.370813  	-0.255407 
33.000000 	1.352319  	0.392992  	-0.262255 
34.000000 	1.325686  	0.415171  	-0.269103 
35.000000 	1.302065  	0.438404  	-0.275662 
36.000000 	1.279649  	0.462058  	-0.282107 
37.000000 	1.257233  	0.485713  	-0.288551 
38.000000 	1.234817  	0.509367  	-0.294996 
39.000000 	1.212524  	0.533083  	-0.301329 
40.000000 	1.191837  	0.557599  	-0.306209 
41.000000 	1.171151  	0.582115  	-0.311090 
42.000000 	1.150464  	0.606631  	-0.315971 
43.000000 	1.129778  	0.631146  	-0.320851 
44.000000 	1.109199  	0.655759  	-0.325531 
45.000000 	1.088765  	0.680500  	-0.329942 
46.000000 	1.068331  	0.705241  	-0.334354 
47.000000 	1.047896  	0.729982  	-0.338765 
48.000000 	1.027462  	0.754723  	-0.343177 
49.000000 	1.006546  	0.779137  	-0.347408 
50.000000 	0.985499  	0.803461  	-0.351589 
51.000000 	0.964451  	0.827786  	-0.355771 
52.000000 	0.943404  	0.852111  	-0.359952 
53.000000 	0.922203  	0.876286  	-0.364113 
54.000000 	0.900083  	0.899564  	-0.368151 
55.000000 	0.877962  	0.922841  	-0.372189 
56.000000 	0.855842  	0.946119  	-0.376227 
57.000000 	0.833721  	0.969397  	-0.380265 
58.000000 	0.810979  	0.991851  	-0.384285 
59.000000 	0.787614  	1.013480  	-0.388287 
60.000000 	0.764249  	1.035108  	-0.392290 
61.000000 	0.740884  	1.056737  	-0.396293 
62.000000 	0.717519  	1.078366  	-0.400295 
63.000000 	0.693127  	1.098103  	-0.404263 
64.000000 	0.668563  	1.117524  	-0.408224 
65.000000 	0.643999  	1.136945  	-0.412186 
66.000000 	0.619434  	1.156366  	-0.416147 
67.000000 	0.594659  	1.175207  	-0.420095 
68.000000 	0.569110  	1.191920  	-0.423990 
69.000000 	0.543560  	1.208633  	-0.427885 
70.000000 	0.518010  	1.225346  	-0.431780 
71.000000 	0.492461  	1.242059  	-0.435676 
72.000000 	0.466545  	1.256980  	-0.439486 
73.000000 	0.440356  	1.270555  	-0.443232 
74.000000 	0.414167  	1.284131  	-0.446978 
75.000000 	0.387978  	1.297706  	-0.450724 
76.000000 	0.361789  	1.311282  	-0.454470 
77.000000 	0.335425  	1.321623  	-0.458136 
78.000000 	0.309047  	1.331714  	-0.461796 
79.000000 	0.282669  	1.341806  	-0.465456 
80.000000 	0.256291  	1.351897  	-0.469116 
81.000000 	0.230010  	1.360920  	-0.472640 
82.000000 	0.203974  	1.367273  	-0.475826 
83.000000 	0.177937  	1.373625  	-0.479011 
84.000000 	0.151901  	1.379977  	-0.482197 
85.000000 	0.125864  	1.386329  	-0.485383 
86.000000 	0.100426  	1.390177  	-0.488568 
87.000000 	0.075319  	1.392633  	-0.491754 
88.000000 	0.050213  	1.395088  	-0.494940 
89.000000 	0.025106  	1.397544  	-0.498125 
90.000000 	0.000000  	1.400000  	-0.501311 
91.000000 	-0.017574 	1.397544  	-0.502931 
92.000000 	-0.035149 	1.395088  	-0.504551 
93.000000 	-0.052723 	1.392633  	-0.506171 
94.000000 	-0.070298 	1.390177  	-0.507791 
95.000000 	-0.088105 	1.386329  	-0.509411 
96.000000 	-0.106331 	1.379977  	-0.511031 
97.000000 	-0.124556 	1.373625  	-0.512651 
98.000000 	-0.142782 	1.367273  	-0.514271 
99.000000 	-0.161007 	1.360920  	-0.515891 
100.000000	-0.179404 	1.351897  	-0.516658 
101.000000	-0.197868 	1.341806  	-0.517083 
102.000000	-0.216333 	1.331714  	-0.517508 
103.000000	-0.234797 	1.321623  	-0.517934 
104.000000	-0.253252 	1.311282  	-0.518343 
105.000000	-0.271585 	1.297706  	-0.518551 
106.000000	-0.289917 	1.284131  	-0.518759 
107.000000	-0.308250 	1.270555  	-0.518967 
108.000000	-0.326582 	1.256980  	-0.519175 
109.000000	-0.344722 	1.242059  	-0.519150 
110.000000	-0.362607 	1.225346  	-0.518815 
111.000000	-0.380492 	1.208633  	-0.518479 
112.000000	-0.398377 	1.191920  	-0.518143 
113.000000	-0.416261 	1.175207  	-0.517807 
114.000000	-0.433604 	1.156366  	-0.517282 
115.000000	-0.450799 	1.136945  	-0.516704 
116.000000	-0.467994 	1.117524  	-0.516127 
117.000000	-0.485189 	1.098103  	-0.515550 
118.000000	-0.502264 	1.078366  	-0.514992 
119.000000	-0.518619 	1.056737  	-0.514553 
120.000000	-0.534974 	1.035108  	-0.514114 
121.000000	-0.551330 	1.013480  	-0.513675 
122.000000	-0.567685 	0.991851  	-0.513237 
123.000000	-0.583605 	0.969397  	-0.512857 
124.000000	-0.599089 	0.946119  	-0.512537 
125.000000	-0.614574 	0.922841  	-0.512217 
126.000000	-0.630058 	0.899564  	-0.511897 
127.000000	-0.645542 	0.876286  	-0.511576 
128.000000	-0.660383 	0.852111  	-0.511909 
129.000000	-0.675116 	0.827786  	-0.512351 
130.000000	-0.689849 	0.803461  	-0.512793 
131.000000	-0.704582 	0.779137  	-0.513235 
132.000000	-0.719223 	0.754723  	-0.513938 
133.000000	-0.733528 	0.729982  	-0.515599 
134.000000	-0.747832 	0.705241  	-0.517260 
135.000000	-0.762136 	0.680500  	-0.518921 
136.000000	-0.776440 	0.655759  	-0.520583 
137.000000	-0.790844 	0.631146  	-0.522976 
138.000000	-0.805325 	0.606631  	-0.525917 
139.000000	-0.819806 	0.582115  	-0.528859 
140.000000	-0.834286 	0.557599  	-0.531801 
141.000000	-0.848767 	0.533083  	-0.534743 
142.000000	-0.864372 	0.509367  	-0.541649 
143.000000	-0.880063 	0.485713  	-0.548861 
144.000000	-0.895754 	0.462058  	-0.556072 
145.000000	-0.911445 	0.438404  	-0.563283 
146.000000	-0.927980 	0.415171  	-0.570414 
147.000000	-0.946623 	0.392992  	-0.577346 
148.000000	-0.965266 	0.370813  	-0.584277 
149.000000	-0.983909 	0.348635  	-0.591209 
150.000000	-1.002552 	0.326456  	-0.598140 
151.000000	-1.025045 	0.305597  	-0.602915 
152.000000	-1.049676 	0.285470  	-0.606491 
153.000000	-1.074307 	0.265343  	-0.610067 
154.000000	-1.098939 	0.245217  	-0.613643 
155.000000	-1.123570 	0.225090  	-0.617219 
156.000000	-1.078627 	0.206677  	-0.620795 
157.000000	-1.033684 	0.188492  	-0.624371 
158.000000	-0.988742 	0.171143  	-0.627947 
159.000000	-0.943799 	0.154277  	-0.630058 
160.000000	-0.898856 	0.138058  	-0.630217 
161.000000	-0.853913 	0.122605  	-0.621589 
162.000000	-0.808970 	0.107578  	-0.608079 
163.000000	-0.764028 	0.093623  	-0.594569 
164.000000	-0.719085 	0.079940  	-0.581059 
165.000000	-0.674142 	0.067467  	-0.567549 
166.000000	-0.629199 	0.055380  	-0.554040 
167.000000	-0.584256 	0.044259  	-0.540530 
168.000000	-0.539314 	0.033835  	-0.527020 
169.000000	-0.494371 	0.024109  	-0.513510 
170.000000	-0.449428 	0.015405  	-0.484361 
171.000000	-0.404485 	0.007110  	-0.448957 
172.000000	-0.359542 	0.003649  	-0.400000 
173.000000	-0.314600 	0.001000  	-0.350000 
174.000000	-0.269657 	0.001000  	-0.300000 
175.000000	-0.224714 	0.001000  	-0.250000 
176.000000	-0.179771 	0.001000  	-0.200000 
177.000000	-0.134828 	0.001000  	-0.150000 
178.000000	-0.089886 	0.001000  	-0.100000 
179.000000	-0.044943 	0.001000  	-0.050000 
180.000000	0.000000  	0.001000  	0.000000  
! ------------------------------------------------------------------------------
! data for table	4         
! ------------------------------------------------------------------------------
  0.500000  	Re           ! Reynolds number in millions
  0.000000  	UserProp     ! User property (control) setting
Flase           InclUAdata   ! Is unsteady aerodynamics data included in this table? If TRUE, then include UA coefficients below this line. Any missing coefficients will be calculated internally.
! Table of aerodynamics coefficients
  361       	NumAlf       ! Number of data lines in the following table
!Alpha      Cl          Cd          Cm/Cp
!(deg)      (-)         (-)         (-)
-180.000000	0.000000  	0.001000  	0.000000  
-179.000000	0.043672  	0.001000  	0.040000  
-178.000000	0.087344  	0.001000  	0.080000  
-177.000000	0.131016  	0.001000  	0.120000  
-176.000000	0.174688  	0.001000  	0.160000  
-175.000000	0.218360  	0.001000  	0.200000  
-174.000000	0.262032  	0.001000  	0.240000  
-173.000000	0.305703  	0.001000  	0.280000  
-172.000000	0.349375  	0.001236  	0.320000  
-171.000000	0.393047  	0.001650  	0.360000  
-170.000000	0.436719  	0.007936  	0.392312  
-169.000000	0.480391  	0.016572  	0.421549  
-168.000000	0.524063  	0.026481  	0.445019  
-167.000000	0.567735  	0.036601  	0.467529  
-166.000000	0.611407  	0.048164  	0.490039  
-165.000000	0.655079  	0.059927  	0.512549  
-164.000000	0.698751  	0.072884  	0.535058  
-163.000000	0.742423  	0.086225  	0.557568  
-162.000000	0.786095  	0.100523  	0.580078  
-161.000000	0.829767  	0.115370  	0.600253  
-160.000000	0.873438  	0.130950  	0.617317  
-159.000000	0.917110  	0.147224  	0.624007  
-158.000000	0.960782  	0.164019  	0.622918  
-157.000000	1.004454  	0.181634  	0.621828  
-156.000000	1.048126  	0.199576  	0.620738  
-155.000000	1.091798  	0.218436  	0.619648  
-154.000000	1.135470  	0.237450  	0.618558  
-153.000000	1.110612  	0.258111  	0.616607  
-152.000000	1.085754  	0.278773  	0.614655  
-151.000000	1.060895  	0.299434  	0.612704  
-150.000000	1.036037  	0.320096  	0.610752  
-149.000000	1.013565  	0.341580  	0.606215  
-148.000000	0.994274  	0.364161  	0.598231  
-147.000000	0.974983  	0.386743  	0.590246  
-146.000000	0.955692  	0.409324  	0.582262  
-145.000000	0.936401  	0.431905  	0.574278  
-144.000000	0.919510  	0.455646  	0.566293  
-143.000000	0.903020  	0.479580  	0.558309  
-142.000000	0.886529  	0.503514  	0.550325  
-141.000000	0.870039  	0.527448  	0.542340  
-140.000000	0.853887  	0.551596  	0.535963  
-139.000000	0.838582  	0.576281  	0.533603  
-138.000000	0.823277  	0.600967  	0.531243  
-137.000000	0.807971  	0.625652  	0.528883  
-136.000000	0.792666  	0.650337  	0.526523  
-135.000000	0.777514  	0.675117  	0.524431  
-134.000000	0.762424  	0.699934  	0.522446  
-133.000000	0.747333  	0.724752  	0.520462  
-132.000000	0.732243  	0.749569  	0.518477  
-131.000000	0.717101  	0.774316  	0.516722  
-130.000000	0.701654  	0.798643  	0.516345  
-129.000000	0.686207  	0.822971  	0.515968  
-128.000000	0.670760  	0.847298  	0.515591  
-127.000000	0.655313  	0.871625  	0.515215  
-126.000000	0.639488  	0.895324  	0.515144  
-125.000000	0.623380  	0.918552  	0.515304  
-124.000000	0.607273  	0.941780  	0.515463  
-123.000000	0.591165  	0.965008  	0.515622  
-122.000000	0.575058  	0.988236  	0.515782  
-121.000000	0.558178  	1.009785  	0.516139  
-120.000000	0.541299  	1.031333  	0.516495  
-119.000000	0.524420  	1.052882  	0.516852  
-118.000000	0.507540  	1.074430  	0.517209  
-117.000000	0.490344  	1.095028  	0.517631  
-116.000000	0.472727  	1.114359  	0.518142  
-115.000000	0.455109  	1.133691  	0.518652  
-114.000000	0.437491  	1.153022  	0.519162  
-113.000000	0.419873  	1.172353  	0.519672  
-112.000000	0.401748  	1.189372  	0.519947  
-111.000000	0.383539  	1.206006  	0.520182  
-110.000000	0.365329  	1.222639  	0.520418  
-109.000000	0.347120  	1.239273  	0.520653  
-108.000000	0.328808  	1.255018  	0.520758  
-107.000000	0.310243  	1.268542  	0.520535  
-106.000000	0.291677  	1.282066  	0.520312  
-105.000000	0.273111  	1.295590  	0.520089  
-104.000000	0.254546  	1.309114  	0.519867  
-103.000000	0.235944  	1.320180  	0.519458  
-102.000000	0.217328  	1.330262  	0.518974  
-101.000000	0.198712  	1.340344  	0.518491  
-100.000000	0.180096  	1.350426  	0.518008  
-99.000000	0.161524  	1.359982  	0.517364  
-98.000000	0.143217  	1.366378  	0.515752  
-97.000000	0.124910  	1.372773  	0.514140  
-96.000000	0.106603  	1.379169  	0.512528  
-95.000000	0.088296  	1.385565  	0.510916  
-94.000000	0.070394  	1.389767  	0.509304  
-93.000000	0.052796  	1.392326  	0.507692  
-92.000000	0.035197  	1.394884  	0.506081  
-91.000000	0.017599  	1.397442  	0.504469  
-90.000000	0.000000  	1.400000  	0.502857  
-89.000000	-0.017599 	1.397442  	0.499304  
-88.000000	-0.035197 	1.394884  	0.495752  
-87.000000	-0.052796 	1.392326  	0.492199  
-86.000000	-0.070394 	1.389767  	0.488646  
-85.000000	-0.088296 	1.385565  	0.485094  
-84.000000	-0.106603 	1.379169  	0.481541  
-83.000000	-0.124910 	1.372773  	0.477988  
-82.000000	-0.143217 	1.366378  	0.474436  
-81.000000	-0.161524 	1.359982  	0.470883  
-80.000000	-0.180096 	1.350426  	0.466608  
-79.000000	-0.198712 	1.340344  	0.462214  
-78.000000	-0.217328 	1.330262  	0.457819  
-77.000000	-0.235944 	1.320180  	0.453424  
-76.000000	-0.254546 	1.309114  	0.448973  
-75.000000	-0.273111 	1.295590  	0.444384  
-74.000000	-0.291677 	1.282066  	0.439795  
-73.000000	-0.310243 	1.268542  	0.435206  
-72.000000	-0.328808 	1.255018  	0.430617  
-71.000000	-0.347120 	1.239273  	0.425848  
-70.000000	-0.365329 	1.222639  	0.421007  
-69.000000	-0.383539 	1.206006  	0.416166  
-68.000000	-0.401748 	1.189372  	0.411325  
-67.000000	-0.419873 	1.172353  	0.406462  
-66.000000	-0.437491 	1.153022  	0.401470  
-65.000000	-0.455109 	1.133691  	0.396478  
-64.000000	-0.472727 	1.114359  	0.391486  
-63.000000	-0.490344 	1.095028  	0.386494  
-62.000000	-0.507540 	1.074430  	0.381528  
-61.000000	-0.524420 	1.052882  	0.376580  
-60.000000	-0.541299 	1.031333  	0.371633  
-59.000000	-0.558178 	1.009785  	0.366685  
-58.000000	-0.575058 	0.988236  	0.361737  
-57.000000	-0.591165 	0.965008  	0.356847  
-56.000000	-0.607273 	0.941780  	0.351956  
-55.000000	-0.623380 	0.918552  	0.347065  
-54.000000	-0.639488 	0.895324  	0.342175  
-53.000000	-0.655313 	0.871625  	0.337306  
-52.000000	-0.670760 	0.847298  	0.332465  
-51.000000	-0.686207 	0.822971  	0.327624  
-50.000000	-0.701654 	0.798643  	0.322783  
-49.000000	-0.717101 	0.774316  	0.317942  
-48.000000	-0.732243 	0.749569  	0.313229  
-47.000000	-0.747333 	0.724752  	0.308537  
-46.000000	-0.762424 	0.699934  	0.303846  
-45.000000	-0.777514 	0.675117  	0.299154  
-44.000000	-0.792666 	0.650337  	0.294447  
-43.000000	-0.807971 	0.625652  	0.289701  
-42.000000	-0.823277 	0.600967  	0.284956  
-41.000000	-0.838582 	0.576281  	0.280210  
-40.000000	-0.853887 	0.551596  	0.275464  
-39.000000	-0.870039 	0.527448  	0.270141  
-38.000000	-0.886529 	0.503514  	0.264587  
-37.000000	-0.903020 	0.479580  	0.259033  
-36.000000	-0.919510 	0.455646  	0.253479  
-35.000000	-0.936401 	0.431905  	0.247926  
-34.000000	-0.955692 	0.409324  	0.242372  
-33.000000	-0.974983 	0.386743  	0.236818  
-32.000000	-0.994274 	0.364161  	0.231264  
-31.000000	-1.013565 	0.341580  	0.225710  
-30.000000	-1.036037 	0.320096  	0.217377  
-29.000000	-1.060895 	0.299434  	0.206960  
-28.000000	-1.085754 	0.278773  	0.196542  
-27.000000	-1.110612 	0.258111  	0.186125  
-26.000000	-1.135470 	0.237450  	0.175708  
-25.000000	-1.107359 	0.223495  	0.164596  
-24.000000	-1.079249 	0.209540  	0.153484  
-23.000000	-1.051138 	0.195585  	0.142373  
-22.000000	-1.023027 	0.181630  	0.131261  
-21.000000	-0.994917 	0.167675  	0.120149  
-20.000000	-0.966806 	0.153720  	0.109081  
-19.000000	-0.938696 	0.139765  	0.098133  
-18.000000	-0.910585 	0.125810  	0.087229  
-17.000000	-0.882474 	0.111855  	0.076326  
-16.000000	-0.854364 	0.097900  	0.065422  
-15.000000	-0.826253 	0.083945  	0.054518  
-14.000000	-0.798142 	0.069990  	0.043615  
-13.000000	-0.770032 	0.056035  	0.032711  
-12.000000	-0.741921 	0.042080  	0.009182  
-11.000000	-0.713811 	0.028125  	-0.045909 
-10.000000	-0.685700 	0.014170  	-0.101000 
-9.000000 	-0.434100 	0.011600  	-0.134900 
-8.000000 	-0.281600 	0.011540  	-0.144500 
-7.000000 	-0.151300 	0.011680  	-0.148800 
-6.000000 	-0.024500 	0.011690  	-0.152200 
-5.000000 	0.102300  	0.011740  	-0.155600 
-4.000000 	0.228600  	0.011800  	-0.158900 
-3.000000 	0.354400  	0.011940  	-0.162100 
-2.000000 	0.479500  	0.012140  	-0.165100 
-1.000000 	0.603800  	0.012390  	-0.167900 
0.000000  	0.727100  	0.012670  	-0.170600 
1.000000  	0.849000  	0.013000  	-0.173000 
2.000000  	0.967700  	0.013250  	-0.174700 
3.000000  	1.084400  	0.013550  	-0.175900 
4.000000  	1.198000  	0.013870  	-0.176600 
5.000000  	1.308100  	0.014240  	-0.176600 
6.000000  	1.412400  	0.014830  	-0.175500 
7.000000  	1.502400  	0.016220  	-0.171900 
8.000000  	1.564100  	0.019000  	-0.163400 
9.000000  	1.596600  	0.022410  	-0.149900 
10.000000 	1.623300  	0.026960  	-0.137600 
11.000000 	1.641300  	0.033670  	-0.128300 
12.000000 	1.653900  	0.042550  	-0.122300 
13.000000 	1.657300  	0.053380  	-0.118100 
14.000000 	1.652500  	0.065630  	-0.115000 
15.000000 	1.636000  	0.080070  	-0.113300 
16.000000 	1.618100  	0.095580  	-0.113500 
17.000000 	1.601800  	0.111520  	-0.115800 
18.000000 	1.584500  	0.128310  	-0.120500 
19.000000 	1.572400  	0.144840  	-0.127500 
20.000000 	1.565900  	0.160640  	-0.135900 
21.000000 	1.567500  	0.175310  	-0.145300 
22.000000 	1.577300  	0.187870  	-0.154200 
23.000000 	1.586000  	0.201190  	-0.164800 
24.000000 	1.599200  	0.213290  	-0.175400 
25.000000 	1.618700  	0.223430  	-0.185100 
26.000000 	1.622100  	0.237450  	-0.198800 
27.000000 	1.586588  	0.258111  	-0.209641 
28.000000 	1.551076  	0.278773  	-0.220482 
29.000000 	1.515565  	0.299434  	-0.231322 
30.000000 	1.480053  	0.320096  	-0.242163 
31.000000 	1.447950  	0.341580  	-0.251152 
32.000000 	1.420391  	0.364161  	-0.257673 
33.000000 	1.392832  	0.386743  	-0.264193 
34.000000 	1.365274  	0.409324  	-0.270713 
35.000000 	1.337715  	0.431905  	-0.277234 
36.000000 	1.313586  	0.455646  	-0.283754 
37.000000 	1.290028  	0.479580  	-0.290274 
38.000000 	1.266471  	0.503514  	-0.296794 
39.000000 	1.242913  	0.527448  	-0.303315 
40.000000 	1.219839  	0.551596  	-0.309258 
41.000000 	1.197974  	0.576281  	-0.313758 
42.000000 	1.176110  	0.600967  	-0.318257 
43.000000 	1.154245  	0.625652  	-0.322757 
44.000000 	1.132380  	0.650337  	-0.327257 
45.000000 	1.110735  	0.675117  	-0.331660 
46.000000 	1.089177  	0.699934  	-0.336025 
47.000000 	1.067619  	0.724752  	-0.340391 
48.000000 	1.046061  	0.749569  	-0.344756 
49.000000 	1.024430  	0.774316  	-0.349080 
50.000000 	1.002363  	0.798643  	-0.353158 
51.000000 	0.980296  	0.822971  	-0.357236 
52.000000 	0.958228  	0.847298  	-0.361314 
53.000000 	0.936161  	0.871625  	-0.365393 
54.000000 	0.913554  	0.895324  	-0.369416 
55.000000 	0.890544  	0.918552  	-0.373399 
56.000000 	0.867533  	0.941780  	-0.377381 
57.000000 	0.844522  	0.965008  	-0.381364 
58.000000 	0.821511  	0.988236  	-0.385346 
59.000000 	0.797398  	1.009785  	-0.389306 
60.000000 	0.773284  	1.031333  	-0.393266 
61.000000 	0.749171  	1.052882  	-0.397225 
62.000000 	0.725057  	1.074430  	-0.401185 
63.000000 	0.700492  	1.095028  	-0.405137 
64.000000 	0.675324  	1.114359  	-0.409078 
65.000000 	0.650155  	1.133691  	-0.413020 
66.000000 	0.624987  	1.153022  	-0.416962 
67.000000 	0.599819  	1.172353  	-0.420904 
68.000000 	0.573926  	1.189372  	-0.424790 
69.000000 	0.547913  	1.206006  	-0.428667 
70.000000 	0.521899  	1.222639  	-0.432545 
71.000000 	0.495885  	1.239273  	-0.436422 
72.000000 	0.469726  	1.255018  	-0.440268 
73.000000 	0.443204  	1.268542  	-0.444038 
74.000000 	0.416682  	1.282066  	-0.447808 
75.000000 	0.390159  	1.295590  	-0.451578 
76.000000 	0.363637  	1.309114  	-0.455348 
77.000000 	0.337063  	1.320180  	-0.459047 
78.000000 	0.310469  	1.330262  	-0.462718 
79.000000 	0.283874  	1.340344  	-0.466389 
80.000000 	0.257280  	1.350426  	-0.470060 
81.000000 	0.230748  	1.359982  	-0.473670 
82.000000 	0.204596  	1.366378  	-0.476913 
83.000000 	0.178443  	1.372773  	-0.480156 
84.000000 	0.152290  	1.379169  	-0.483399 
85.000000 	0.126138  	1.385565  	-0.486642 
86.000000 	0.100563  	1.389767  	-0.489885 
87.000000 	0.075423  	1.392326  	-0.493128 
88.000000 	0.050282  	1.394884  	-0.496371 
89.000000 	0.025141  	1.397442  	-0.499614 
90.000000 	0.000000  	1.400000  	-0.502857 
91.000000 	-0.017599 	1.397442  	-0.504469 
92.000000 	-0.035197 	1.394884  	-0.506081 
93.000000 	-0.052796 	1.392326  	-0.507692 
94.000000 	-0.070394 	1.389767  	-0.509304 
95.000000 	-0.088296 	1.385565  	-0.510916 
96.000000 	-0.106603 	1.379169  	-0.512528 
97.000000 	-0.124910 	1.372773  	-0.514140 
98.000000 	-0.143217 	1.366378  	-0.515752 
99.000000 	-0.161524 	1.359982  	-0.517364 
100.000000	-0.180096 	1.350426  	-0.518008 
101.000000	-0.198712 	1.340344  	-0.518491 
102.000000	-0.217328 	1.330262  	-0.518974 
103.000000	-0.235944 	1.320180  	-0.519458 
104.000000	-0.254546 	1.309114  	-0.519867 
105.000000	-0.273111 	1.295590  	-0.520089 
106.000000	-0.291677 	1.282066  	-0.520312 
107.000000	-0.310243 	1.268542  	-0.520535 
108.000000	-0.328808 	1.255018  	-0.520758 
109.000000	-0.347120 	1.239273  	-0.520653 
110.000000	-0.365329 	1.222639  	-0.520418 
111.000000	-0.383539 	1.206006  	-0.520182 
112.000000	-0.401748 	1.189372  	-0.519947 
113.000000	-0.419873 	1.172353  	-0.519672 
114.000000	-0.437491 	1.153022  	-0.519162 
115.000000	-0.455109 	1.133691  	-0.518652 
116.000000	-0.472727 	1.114359  	-0.518142 
117.000000	-0.490344 	1.095028  	-0.517631 
118.000000	-0.507540 	1.074430  	-0.517209 
119.000000	-0.524420 	1.052882  	-0.516852 
120.000000	-0.541299 	1.031333  	-0.516495 
121.000000	-0.558178 	1.009785  	-0.516139 
122.000000	-0.575058 	0.988236  	-0.515782 
123.000000	-0.591165 	0.965008  	-0.515622 
124.000000	-0.607273 	0.941780  	-0.515463 
125.000000	-0.623380 	0.918552  	-0.515304 
126.000000	-0.639488 	0.895324  	-0.515144 
127.000000	-0.655313 	0.871625  	-0.515215 
128.000000	-0.670760 	0.847298  	-0.515591 
129.000000	-0.686207 	0.822971  	-0.515968 
130.000000	-0.701654 	0.798643  	-0.516345 
131.000000	-0.717101 	0.774316  	-0.516722 
132.000000	-0.732243 	0.749569  	-0.518477 
133.000000	-0.747333 	0.724752  	-0.520462 
134.000000	-0.762424 	0.699934  	-0.522446 
135.000000	-0.777514 	0.675117  	-0.524431 
136.000000	-0.792666 	0.650337  	-0.526523 
137.000000	-0.807971 	0.625652  	-0.528883 
138.000000	-0.823277 	0.600967  	-0.531243 
139.000000	-0.838582 	0.576281  	-0.533603 
140.000000	-0.853887 	0.551596  	-0.535963 
141.000000	-0.870039 	0.527448  	-0.542340 
142.000000	-0.886529 	0.503514  	-0.550325 
143.000000	-0.903020 	0.479580  	-0.558309 
144.000000	-0.919510 	0.455646  	-0.566293 
145.000000	-0.936401 	0.431905  	-0.574278 
146.000000	-0.955692 	0.409324  	-0.582262 
147.000000	-0.974983 	0.386743  	-0.590246 
148.000000	-0.994274 	0.364161  	-0.598231 
149.000000	-1.013565 	0.341580  	-0.606215 
150.000000	-1.036037 	0.320096  	-0.610752 
151.000000	-1.060895 	0.299434  	-0.612704 
152.000000	-1.085754 	0.278773  	-0.614655 
153.000000	-1.110612 	0.258111  	-0.616607 
154.000000	-1.135470 	0.237450  	-0.618558 
155.000000	-1.091798 	0.218436  	-0.619648 
156.000000	-1.048126 	0.199576  	-0.620738 
157.000000	-1.004454 	0.181634  	-0.621828 
158.000000	-0.960782 	0.164019  	-0.622918 
159.000000	-0.917110 	0.147224  	-0.624007 
160.000000	-0.873438 	0.130950  	-0.620614 
161.000000	-0.829767 	0.115370  	-0.611242 
162.000000	-0.786095 	0.100523  	-0.600078 
163.000000	-0.742423 	0.086225  	-0.587568 
164.000000	-0.698751 	0.072884  	-0.575058 
165.000000	-0.655079 	0.059927  	-0.562549 
166.000000	-0.611407 	0.048164  	-0.550039 
167.000000	-0.567735 	0.036601  	-0.537529 
168.000000	-0.524063 	0.026481  	-0.525019 
169.000000	-0.480391 	0.016572  	-0.510450 
170.000000	-0.436719 	0.007936  	-0.483521 
171.000000	-0.393047 	0.001650  	-0.450000 
172.000000	-0.349375 	0.001236  	-0.400000 
173.000000	-0.305703 	0.001000  	-0.350000 
174.000000	-0.262032 	0.001000  	-0.300000 
175.000000	-0.218360 	0.001000  	-0.250000 
176.000000	-0.174688 	0.001000  	-0.200000 
177.000000	-0.131016 	0.001000  	-0.150000 
178.000000	-0.087344 	0.001000  	-0.100000 
179.000000	-0.043672 	0.001000  	-0.050000 
180.000000	0.000000  	0.001000  	0.000000  
! ------------------------------------------------------------------------------
! data for table	5         
! ------------------------------------------------------------------------------
  0.600000  	Re           ! Reynolds number in millions
  0.000000  	UserProp     ! User property (control) setting
Flase           InclUAdata   ! Is unsteady aerodynamics data included in this table? If TRUE, then include UA coefficients below this line. Any missing coefficients will be calculated internally.
! Table of aerodynamics coefficients
  361       	NumAlf       ! Number of data lines in the following table
!Alpha      Cl          Cd          Cm/Cp
!(deg)      (-)         (-)         (-)
-180.000000	0.000000  	0.001000  	0.000000  
-179.000000	0.042394  	0.001000  	0.040000  
-178.000000	0.084788  	0.001000  	0.080000  
-177.000000	0.127182  	0.001000  	0.120000  
-176.000000	0.169576  	0.001000  	0.160000  
-175.000000	0.211970  	0.001000  	0.200000  
-174.000000	0.254364  	0.001000  	0.240000  
-173.000000	0.296759  	0.001000  	0.280000  
-172.000000	0.339153  	0.001000  	0.320000  
-171.000000	0.381547  	0.001000  	0.360000  
-170.000000	0.423941  	0.003485  	0.394565  
-169.000000	0.466335  	0.010441  	0.419348  
-168.000000	0.508729  	0.018923  	0.442648  
-167.000000	0.551123  	0.029437  	0.463972  
-166.000000	0.593517  	0.040696  	0.485297  
-165.000000	0.635911  	0.052700  	0.506621  
-164.000000	0.678305  	0.065524  	0.527945  
-163.000000	0.720699  	0.078963  	0.549269  
-162.000000	0.763093  	0.093287  	0.570593  
-161.000000	0.805487  	0.108102  	0.591917  
-160.000000	0.847881  	0.123853  	0.604304  
-159.000000	0.890276  	0.139977  	0.613117  
-158.000000	0.932670  	0.157074  	0.616147  
-157.000000	0.975064  	0.174435  	0.617600  
-156.000000	1.017458  	0.192791  	0.619053  
-155.000000	1.059852  	0.211312  	0.620506  
-154.000000	1.102246  	0.230832  	0.621959  
-153.000000	1.144640  	0.250430  	0.623412  
-152.000000	1.119593  	0.271607  	0.621470  
-151.000000	1.094546  	0.292785  	0.619528  
-150.000000	1.069499  	0.313962  	0.617586  
-149.000000	1.044452  	0.335139  	0.615643  
-148.000000	1.021988  	0.357211  	0.610306  
-147.000000	1.002106  	0.380177  	0.601574  
-146.000000	0.982225  	0.403143  	0.592841  
-145.000000	0.962343  	0.426109  	0.584109  
-144.000000	0.942462  	0.449076  	0.575377  
-143.000000	0.925228  	0.473273  	0.567358  
-142.000000	0.907995  	0.497470  	0.559339  
-141.000000	0.890762  	0.521667  	0.551321  
-140.000000	0.873529  	0.545864  	0.543302  
-139.000000	0.856872  	0.570384  	0.538139  
-138.000000	0.840792  	0.595225  	0.535830  
-137.000000	0.824712  	0.620066  	0.533522  
-136.000000	0.808632  	0.644907  	0.531214  
-135.000000	0.792552  	0.669748  	0.528905  
-134.000000	0.776718  	0.694630  	0.526597  
-133.000000	0.760885  	0.719512  	0.524289  
-132.000000	0.745051  	0.744395  	0.521980  
-131.000000	0.729217  	0.769277  	0.519672  
-130.000000	0.713238  	0.793879  	0.518395  
-129.000000	0.697114  	0.818200  	0.518148  
-128.000000	0.680990  	0.842522  	0.517902  
-127.000000	0.664866  	0.866843  	0.517656  
-126.000000	0.648741  	0.891164  	0.517410  
-125.000000	0.632042  	0.914337  	0.517421  
-124.000000	0.615342  	0.937509  	0.517433  
-123.000000	0.598642  	0.960681  	0.517444  
-122.000000	0.581943  	0.983853  	0.517456  
-121.000000	0.564904  	1.006171  	0.517614  
-120.000000	0.547527  	1.027635  	0.517920  
-119.000000	0.530149  	1.049099  	0.518225  
-118.000000	0.512771  	1.070563  	0.518531  
-117.000000	0.495394  	1.092026  	0.518836  
-116.000000	0.477374  	1.111265  	0.519289  
-115.000000	0.459355  	1.130505  	0.519741  
-114.000000	0.441335  	1.149744  	0.520194  
-113.000000	0.423315  	1.168983  	0.520646  
-112.000000	0.405047  	1.186879  	0.520948  
-111.000000	0.386529  	1.203432  	0.521097  
-110.000000	0.368011  	1.219985  	0.521247  
-109.000000	0.349493  	1.236538  	0.521397  
-108.000000	0.330976  	1.253091  	0.521547  
-107.000000	0.312189  	1.266564  	0.521319  
-106.000000	0.293402  	1.280036  	0.521090  
-105.000000	0.274616  	1.293508  	0.520862  
-104.000000	0.255829  	1.306981  	0.520634  
-103.000000	0.237056  	1.318754  	0.520253  
-102.000000	0.218297  	1.328827  	0.519722  
-101.000000	0.199538  	1.338900  	0.519190  
-100.000000	0.180779  	1.348973  	0.518658  
-99.000000	0.162020  	1.359047  	0.518126  
-98.000000	0.143636  	1.365486  	0.516533  
-97.000000	0.125253  	1.371926  	0.514939  
-96.000000	0.106870  	1.378366  	0.513345  
-95.000000	0.088487  	1.384805  	0.511752  
-94.000000	0.070484  	1.389356  	0.510158  
-93.000000	0.052863  	1.392017  	0.508564  
-92.000000	0.035242  	1.394678  	0.506971  
-91.000000	0.017621  	1.397339  	0.505377  
-90.000000	0.000000  	1.400000  	0.503783  
-89.000000	-0.017621 	1.397339  	0.500183  
-88.000000	-0.035242 	1.394678  	0.496583  
-87.000000	-0.052863 	1.392017  	0.492983  
-86.000000	-0.070484 	1.389356  	0.489383  
-85.000000	-0.088487 	1.384805  	0.485783  
-84.000000	-0.106870 	1.378366  	0.482183  
-83.000000	-0.125253 	1.371926  	0.478583  
-82.000000	-0.143636 	1.365486  	0.474983  
-81.000000	-0.162020 	1.359047  	0.471383  
-80.000000	-0.180779 	1.348973  	0.466999  
-79.000000	-0.199538 	1.338900  	0.462614  
-78.000000	-0.218297 	1.328827  	0.458230  
-77.000000	-0.237056 	1.318754  	0.453846  
-76.000000	-0.255829 	1.306981  	0.449350  
-75.000000	-0.274616 	1.293508  	0.444742  
-74.000000	-0.293402 	1.280036  	0.440134  
-73.000000	-0.312189 	1.266564  	0.435526  
-72.000000	-0.330976 	1.253091  	0.430918  
-71.000000	-0.349493 	1.236538  	0.426106  
-70.000000	-0.368011 	1.219985  	0.421294  
-69.000000	-0.386529 	1.203432  	0.416482  
-68.000000	-0.405047 	1.186879  	0.411669  
-67.000000	-0.423315 	1.168983  	0.406776  
-66.000000	-0.441335 	1.149744  	0.401801  
-65.000000	-0.459355 	1.130505  	0.396825  
-64.000000	-0.477374 	1.111265  	0.391850  
-63.000000	-0.495394 	1.092026  	0.386875  
-62.000000	-0.512771 	1.070563  	0.381943  
-61.000000	-0.530149 	1.049099  	0.377011  
-60.000000	-0.547527 	1.027635  	0.372080  
-59.000000	-0.564904 	1.006171  	0.367148  
-58.000000	-0.581943 	0.983853  	0.362260  
-57.000000	-0.598642 	0.960681  	0.357416  
-56.000000	-0.615342 	0.937509  	0.352572  
-55.000000	-0.632042 	0.914337  	0.347728  
-54.000000	-0.648741 	0.891164  	0.342884  
-53.000000	-0.664866 	0.866843  	0.338062  
-52.000000	-0.680990 	0.842522  	0.333241  
-51.000000	-0.697114 	0.818200  	0.328420  
-50.000000	-0.713238 	0.793879  	0.323599  
-49.000000	-0.729217 	0.769277  	0.318870  
-48.000000	-0.745051 	0.744395  	0.314233  
-47.000000	-0.760885 	0.719512  	0.309596  
-46.000000	-0.776718 	0.694630  	0.304959  
-45.000000	-0.792552 	0.669748  	0.300322  
-44.000000	-0.808632 	0.644907  	0.295686  
-43.000000	-0.824712 	0.620066  	0.291049  
-42.000000	-0.840792 	0.595225  	0.286412  
-41.000000	-0.856872 	0.570384  	0.281775  
-40.000000	-0.873529 	0.545864  	0.276721  
-39.000000	-0.890762 	0.521667  	0.271251  
-38.000000	-0.907995 	0.497470  	0.265781  
-37.000000	-0.925228 	0.473273  	0.260310  
-36.000000	-0.942462 	0.449076  	0.254840  
-35.000000	-0.962343 	0.426109  	0.249265  
-34.000000	-0.982225 	0.403143  	0.243691  
-33.000000	-1.002106 	0.380177  	0.238116  
-32.000000	-1.021988 	0.357211  	0.232542  
-31.000000	-1.044452 	0.335139  	0.225254  
-30.000000	-1.069499 	0.313962  	0.216252  
-29.000000	-1.094546 	0.292785  	0.207250  
-28.000000	-1.119593 	0.271607  	0.198248  
-27.000000	-1.144640 	0.250430  	0.189245  
-26.000000	-1.099117 	0.237824  	0.178530  
-25.000000	-1.053594 	0.225217  	0.167814  
-24.000000	-1.008071 	0.212611  	0.157098  
-23.000000	-0.962547 	0.200005  	0.146382  
-22.000000	-0.917024 	0.187398  	0.135666  
-21.000000	-0.871501 	0.174792  	0.124951  
-20.000000	-0.825978 	0.162186  	0.114441  
-19.000000	-0.780455 	0.149579  	0.104689  
-18.000000	-0.734932 	0.136973  	0.095092  
-17.000000	-0.689408 	0.124367  	0.085521  
-16.000000	-0.643885 	0.111761  	0.075950  
-15.000000	-0.598362 	0.099154  	0.066378  
-14.000000	-0.552839 	0.086548  	0.056807  
-13.000000	-0.507316 	0.073942  	0.047236  
-12.000000	-0.461793 	0.061335  	0.037665  
-11.000000	-0.416269 	0.048729  	0.028093  
-10.000000	-0.370746 	0.036123  	-0.019473 
-9.000000 	-0.325223 	0.023516  	-0.082236 
-8.000000 	-0.279700 	0.010910  	-0.145000 
-7.000000 	-0.149000 	0.010950  	-0.149600 
-6.000000 	-0.021200 	0.010940  	-0.153200 
-5.000000 	0.106000  	0.010960  	-0.156700 
-4.000000 	0.232600  	0.011020  	-0.160000 
-3.000000 	0.358400  	0.011120  	-0.163200 
-2.000000 	0.483100  	0.011280  	-0.166100 
-1.000000 	0.607000  	0.011480  	-0.168800 
0.000000  	0.729800  	0.011720  	-0.171300 
1.000000  	0.851100  	0.012000  	-0.173600 
2.000000  	0.970200  	0.012310  	-0.175300 
3.000000  	1.087200  	0.012550  	-0.176700 
4.000000  	1.201800  	0.012910  	-0.177600 
5.000000  	1.313300  	0.013320  	-0.177900 
6.000000  	1.417700  	0.014060  	-0.176900 
7.000000  	1.505400  	0.015760  	-0.173000 
8.000000  	1.569800  	0.018560  	-0.165000 
9.000000  	1.609700  	0.021750  	-0.152800 
10.000000 	1.639400  	0.025920  	-0.140500 
11.000000 	1.660000  	0.032140  	-0.130700 
12.000000 	1.676000  	0.040560  	-0.124500 
13.000000 	1.683600  	0.050770  	-0.120100 
14.000000 	1.677200  	0.063060  	-0.116600 
15.000000 	1.658900  	0.077550  	-0.114500 
16.000000 	1.643900  	0.092470  	-0.114300 
17.000000 	1.629100  	0.108080  	-0.116000 
18.000000 	1.609300  	0.125010  	-0.120300 
19.000000 	1.597400  	0.141330  	-0.126600 
20.000000 	1.580700  	0.158830  	-0.135600 
21.000000 	1.579300  	0.174090  	-0.145100 
22.000000 	1.580900  	0.188780  	-0.155600 
23.000000 	1.590900  	0.201170  	-0.165400 
24.000000 	1.599400  	0.214460  	-0.176800 
25.000000 	1.609100  	0.227390  	-0.188800 
26.000000 	1.618500  	0.240230  	-0.201500 
27.000000 	1.635200  	0.250430  	-0.212600 
28.000000 	1.599419  	0.271607  	-0.222248 
29.000000 	1.563637  	0.292785  	-0.231896 
30.000000 	1.527856  	0.313962  	-0.241544 
31.000000 	1.492074  	0.335139  	-0.251193 
32.000000 	1.459983  	0.357211  	-0.259299 
33.000000 	1.431580  	0.380177  	-0.265864 
34.000000 	1.403178  	0.403143  	-0.272429 
35.000000 	1.374776  	0.426109  	-0.278994 
36.000000 	1.346374  	0.449076  	-0.285559 
37.000000 	1.321755  	0.473273  	-0.291872 
38.000000 	1.297136  	0.497470  	-0.298185 
39.000000 	1.272517  	0.521667  	-0.304498 
40.000000 	1.247898  	0.545864  	-0.310811 
41.000000 	1.224103  	0.570384  	-0.316115 
42.000000 	1.201131  	0.595225  	-0.320410 
43.000000 	1.178160  	0.620066  	-0.324705 
44.000000 	1.155189  	0.644907  	-0.329000 
45.000000 	1.132217  	0.669748  	-0.333296 
46.000000 	1.109598  	0.694630  	-0.337591 
47.000000 	1.086978  	0.719512  	-0.341886 
48.000000 	1.064359  	0.744395  	-0.346181 
49.000000 	1.041739  	0.769277  	-0.350477 
50.000000 	1.018912  	0.793879  	-0.354604 
51.000000 	0.995877  	0.818200  	-0.358563 
52.000000 	0.972843  	0.842522  	-0.362522 
53.000000 	0.949808  	0.866843  	-0.366482 
54.000000 	0.926773  	0.891164  	-0.370441 
55.000000 	0.902917  	0.914337  	-0.374358 
56.000000 	0.879060  	0.937509  	-0.378275 
57.000000 	0.855203  	0.960681  	-0.382193 
58.000000 	0.831347  	0.983853  	-0.386110 
59.000000 	0.807006  	1.006171  	-0.390025 
60.000000 	0.782181  	1.027635  	-0.393939 
61.000000 	0.757356  	1.049099  	-0.397852 
62.000000 	0.732531  	1.070563  	-0.401766 
63.000000 	0.707706  	1.092026  	-0.405679 
64.000000 	0.681963  	1.111265  	-0.409591 
65.000000 	0.656221  	1.130505  	-0.413503 
66.000000 	0.630479  	1.149744  	-0.417414 
67.000000 	0.604736  	1.168983  	-0.421326 
68.000000 	0.578638  	1.186879  	-0.425209 
69.000000 	0.552184  	1.203432  	-0.429064 
70.000000 	0.525730  	1.219985  	-0.432918 
71.000000 	0.499276  	1.236538  	-0.436772 
72.000000 	0.472822  	1.253091  	-0.440627 
73.000000 	0.445984  	1.266564  	-0.444409 
74.000000 	0.419146  	1.280036  	-0.448192 
75.000000 	0.392308  	1.293508  	-0.451975 
76.000000 	0.365470  	1.306981  	-0.455758 
77.000000 	0.338652  	1.318754  	-0.459486 
78.000000 	0.311853  	1.328827  	-0.463159 
79.000000 	0.285054  	1.338900  	-0.466832 
80.000000 	0.258255  	1.348973  	-0.470505 
81.000000 	0.231457  	1.359047  	-0.474178 
82.000000 	0.205195  	1.365486  	-0.477468 
83.000000 	0.178933  	1.371926  	-0.480757 
84.000000 	0.152671  	1.378366  	-0.484047 
85.000000 	0.126409  	1.384805  	-0.487336 
86.000000 	0.100692  	1.389356  	-0.490626 
87.000000 	0.075519  	1.392017  	-0.493915 
88.000000 	0.050346  	1.394678  	-0.497204 
89.000000 	0.025173  	1.397339  	-0.500494 
90.000000 	0.000000  	1.400000  	-0.503783 
91.000000 	-0.017621 	1.397339  	-0.505377 
92.000000 	-0.035242 	1.394678  	-0.506971 
93.000000 	-0.052863 	1.392017  	-0.508564 
94.000000 	-0.070484 	1.389356  	-0.510158 
95.000000 	-0.088487 	1.384805  	-0.511752 
96.000000 	-0.106870 	1.378366  	-0.513345 
97.000000 	-0.125253 	1.371926  	-0.514939 
98.000000 	-0.143636 	1.365486  	-0.516533 
99.000000 	-0.162020 	1.359047  	-0.518126 
100.000000	-0.180779 	1.348973  	-0.518658 
101.000000	-0.199538 	1.338900  	-0.519190 
102.000000	-0.218297 	1.328827  	-0.519722 
103.000000	-0.237056 	1.318754  	-0.520253 
104.000000	-0.255829 	1.306981  	-0.520634 
105.000000	-0.274616 	1.293508  	-0.520862 
106.000000	-0.293402 	1.280036  	-0.521090 
107.000000	-0.312189 	1.266564  	-0.521319 
108.000000	-0.330976 	1.253091  	-0.521547 
109.000000	-0.349493 	1.236538  	-0.521397 
110.000000	-0.368011 	1.219985  	-0.521247 
111.000000	-0.386529 	1.203432  	-0.521097 
112.000000	-0.405047 	1.186879  	-0.520948 
113.000000	-0.423315 	1.168983  	-0.520646 
114.000000	-0.441335 	1.149744  	-0.520194 
115.000000	-0.459355 	1.130505  	-0.519741 
116.000000	-0.477374 	1.111265  	-0.519289 
117.000000	-0.495394 	1.092026  	-0.518836 
118.000000	-0.512771 	1.070563  	-0.518531 
119.000000	-0.530149 	1.049099  	-0.518225 
120.000000	-0.547527 	1.027635  	-0.517920 
121.000000	-0.564904 	1.006171  	-0.517614 
122.000000	-0.581943 	0.983853  	-0.517456 
123.000000	-0.598642 	0.960681  	-0.517444 
124.000000	-0.615342 	0.937509  	-0.517433 
125.000000	-0.632042 	0.914337  	-0.517421 
126.000000	-0.648741 	0.891164  	-0.517410 
127.000000	-0.664866 	0.866843  	-0.517656 
128.000000	-0.680990 	0.842522  	-0.517902 
129.000000	-0.697114 	0.818200  	-0.518148 
130.000000	-0.713238 	0.793879  	-0.518395 
131.000000	-0.729217 	0.769277  	-0.519672 
132.000000	-0.745051 	0.744395  	-0.521980 
133.000000	-0.760885 	0.719512  	-0.524289 
134.000000	-0.776718 	0.694630  	-0.526597 
135.000000	-0.792552 	0.669748  	-0.528905 
136.000000	-0.808632 	0.644907  	-0.531214 
137.000000	-0.824712 	0.620066  	-0.533522 
138.000000	-0.840792 	0.595225  	-0.535830 
139.000000	-0.856872 	0.570384  	-0.538139 
140.000000	-0.873529 	0.545864  	-0.543302 
141.000000	-0.890762 	0.521667  	-0.551321 
142.000000	-0.907995 	0.497470  	-0.559339 
143.000000	-0.925228 	0.473273  	-0.567358 
144.000000	-0.942462 	0.449076  	-0.575377 
145.000000	-0.962343 	0.426109  	-0.584109 
146.000000	-0.982225 	0.403143  	-0.592841 
147.000000	-1.002106 	0.380177  	-0.601574 
148.000000	-1.021988 	0.357211  	-0.610306 
149.000000	-1.044452 	0.335139  	-0.615643 
150.000000	-1.069499 	0.313962  	-0.617586 
151.000000	-1.094546 	0.292785  	-0.619528 
152.000000	-1.119593 	0.271607  	-0.621470 
153.000000	-1.144640 	0.250430  	-0.623412 
154.000000	-1.102246 	0.230832  	-0.621959 
155.000000	-1.059852 	0.211312  	-0.620506 
156.000000	-1.017458 	0.192791  	-0.619053 
157.000000	-0.975064 	0.174435  	-0.617600 
158.000000	-0.932670 	0.157074  	-0.616147 
159.000000	-0.890276 	0.139977  	-0.613911 
160.000000	-0.847881 	0.123853  	-0.608802 
161.000000	-0.805487 	0.108102  	-0.601917 
162.000000	-0.763093 	0.093287  	-0.590593 
163.000000	-0.720699 	0.078963  	-0.579269 
164.000000	-0.678305 	0.065524  	-0.567945 
165.000000	-0.635911 	0.052700  	-0.556621 
166.000000	-0.593517 	0.040696  	-0.545297 
167.000000	-0.551123 	0.029437  	-0.533972 
168.000000	-0.508729 	0.018923  	-0.522648 
169.000000	-0.466335 	0.010441  	-0.507231 
170.000000	-0.423941 	0.003485  	-0.488745 
171.000000	-0.381547 	0.001000  	-0.450000 
172.000000	-0.339153 	0.001000  	-0.400000 
173.000000	-0.296759 	0.001000  	-0.350000 
174.000000	-0.254364 	0.001000  	-0.300000 
175.000000	-0.211970 	0.001000  	-0.250000 
176.000000	-0.169576 	0.001000  	-0.200000 
177.000000	-0.127182 	0.001000  	-0.150000 
178.000000	-0.084788 	0.001000  	-0.100000 
179.000000	-0.042394 	0.001000  	-0.050000 
180.000000	0.000000  	0.001000  	0.000000  
! ------------------------------------------------------------------------------
! data for table	6         
! ------------------------------------------------------------------------------
  0.700000  	Re           ! Reynolds number in millions
  0.000000  	UserProp     ! User property (control) setting
Flase           InclUAdata   ! Is unsteady aerodynamics data included in this table? If TRUE, then include UA coefficients below this line. Any missing coefficients will be calculated internally.
! Table of aerodynamics coefficients
  361       	NumAlf       ! Number of data lines in the following table
!Alpha      Cl          Cd          Cm/Cp
!(deg)      (-)         (-)         (-)
-180.000000	0.000000  	0.001000  	0.000000  
-179.000000	0.040520  	0.001000  	0.040000  
-178.000000	0.081040  	0.001000  	0.080000  
-177.000000	0.121560  	0.001000  	0.120000  
-176.000000	0.162080  	0.001000  	0.160000  
-175.000000	0.202600  	0.001000  	0.200000  
-174.000000	0.243120  	0.001000  	0.240000  
-173.000000	0.283640  	0.001000  	0.280000  
-172.000000	0.324160  	0.001000  	0.320000  
-171.000000	0.364680  	0.001000  	0.360000  
-170.000000	0.405200  	0.001000  	0.400000  
-169.000000	0.445720  	0.009907  	0.418972  
-168.000000	0.486240  	0.018814  	0.437943  
-167.000000	0.526760  	0.029691  	0.456915  
-166.000000	0.567280  	0.040568  	0.475886  
-165.000000	0.607800  	0.052975  	0.494858  
-164.000000	0.648320  	0.065382  	0.513830  
-163.000000	0.688840  	0.079261  	0.532801  
-162.000000	0.729360  	0.093139  	0.551773  
-161.000000	0.769880  	0.108422  	0.570744  
-160.000000	0.810400  	0.123705  	0.589716  
-159.000000	0.850920  	0.140318  	0.593785  
-158.000000	0.891440  	0.156931  	0.597854  
-157.000000	0.931960  	0.174795  	0.601923  
-156.000000	0.972480  	0.192659  	0.605992  
-155.000000	1.013000  	0.211688  	0.610061  
-154.000000	1.053520  	0.230716  	0.614130  
-153.000000	1.094040  	0.250818  	0.618199  
-152.000000	1.134560  	0.270920  	0.622268  
-151.000000	1.110110  	0.292525  	0.619227  
-150.000000	1.085659  	0.314130  	0.616185  
-149.000000	1.061209  	0.335735  	0.613144  
-148.000000	1.036759  	0.357340  	0.610102  
-147.000000	1.014950  	0.379888  	0.603715  
-146.000000	0.995123  	0.403143  	0.594818  
-145.000000	0.975296  	0.426398  	0.585920  
-144.000000	0.955469  	0.449654  	0.577023  
-143.000000	0.935982  	0.473066  	0.568395  
-142.000000	0.918539  	0.497425  	0.561384  
-141.000000	0.901096  	0.521783  	0.554373  
-140.000000	0.883652  	0.546141  	0.547362  
-139.000000	0.866209  	0.570500  	0.540350  
-138.000000	0.849504  	0.595237  	0.536632  
-137.000000	0.833094  	0.620126  	0.534231  
-136.000000	0.816684  	0.645015  	0.531829  
-135.000000	0.800274  	0.669904  	0.529428  
-134.000000	0.783923  	0.694778  	0.527049  
-133.000000	0.767719  	0.719613  	0.524724  
-132.000000	0.751516  	0.744448  	0.522400  
-131.000000	0.735313  	0.769283  	0.520075  
-130.000000	0.719109  	0.794118  	0.517751  
-129.000000	0.702663  	0.818408  	0.517406  
-128.000000	0.686177  	0.842606  	0.517391  
-127.000000	0.669690  	0.866805  	0.517375  
-126.000000	0.653203  	0.891004  	0.517360  
-125.000000	0.636485  	0.914687  	0.517345  
-124.000000	0.619458  	0.937683  	0.517329  
-123.000000	0.602431  	0.960679  	0.517314  
-122.000000	0.585403  	0.983675  	0.517299  
-121.000000	0.568376  	1.006671  	0.517283  
-120.000000	0.550721  	1.027927  	0.517634  
-119.000000	0.533066  	1.049183  	0.517984  
-118.000000	0.515410  	1.070438  	0.518334  
-117.000000	0.497755  	1.091694  	0.518685  
-116.000000	0.479765  	1.111673  	0.519096  
-115.000000	0.461524  	1.130693  	0.519553  
-114.000000	0.443284  	1.149713  	0.520010  
-113.000000	0.425043  	1.168734  	0.520467  
-112.000000	0.406739  	1.187371  	0.520876  
-111.000000	0.388057  	1.203715  	0.520996  
-110.000000	0.369375  	1.220058  	0.521117  
-109.000000	0.350693  	1.236402  	0.521238  
-108.000000	0.332012  	1.252745  	0.521359  
-107.000000	0.313175  	1.266907  	0.521254  
-106.000000	0.294278  	1.280196  	0.521060  
-105.000000	0.275380  	1.293485  	0.520865  
-104.000000	0.256482  	1.306774  	0.520671  
-103.000000	0.237605  	1.319104  	0.520377  
-102.000000	0.218780  	1.329034  	0.519835  
-101.000000	0.199955  	1.338965  	0.519294  
-100.000000	0.181130  	1.348896  	0.518752  
-99.000000	0.162305  	1.358827  	0.518210  
-98.000000	0.143833  	1.365687  	0.516813  
-97.000000	0.125419  	1.372036  	0.515273  
-96.000000	0.107005  	1.378384  	0.513734  
-95.000000	0.088591  	1.384733  	0.512194  
-94.000000	0.070514  	1.389487  	0.510654  
-93.000000	0.052885  	1.392115  	0.509114  
-92.000000	0.035257  	1.394743  	0.507574  
-91.000000	0.017628  	1.397372  	0.506035  
-90.000000	0.000000  	1.400000  	0.504495  
-89.000000	-0.017628 	1.397372  	0.500948  
-88.000000	-0.035257 	1.394743  	0.497401  
-87.000000	-0.052885 	1.392115  	0.493854  
-86.000000	-0.070514 	1.389487  	0.490307  
-85.000000	-0.088591 	1.384733  	0.486760  
-84.000000	-0.107005 	1.378384  	0.483213  
-83.000000	-0.125419 	1.372036  	0.479666  
-82.000000	-0.143833 	1.365687  	0.476119  
-81.000000	-0.162305 	1.358827  	0.472466  
-80.000000	-0.181130 	1.348896  	0.468177  
-79.000000	-0.199955 	1.338965  	0.463889  
-78.000000	-0.218780 	1.329034  	0.459600  
-77.000000	-0.237605 	1.319104  	0.455311  
-76.000000	-0.256482 	1.306774  	0.450839  
-75.000000	-0.275380 	1.293485  	0.446292  
-74.000000	-0.294278 	1.280196  	0.441745  
-73.000000	-0.313175 	1.266907  	0.437199  
-72.000000	-0.332012 	1.252745  	0.432602  
-71.000000	-0.350693 	1.236402  	0.427882  
-70.000000	-0.369375 	1.220058  	0.423162  
-69.000000	-0.388057 	1.203715  	0.418442  
-68.000000	-0.406739 	1.187371  	0.413722  
-67.000000	-0.425043 	1.168734  	0.408843  
-66.000000	-0.443284 	1.149713  	0.403938  
-65.000000	-0.461524 	1.130693  	0.399033  
-64.000000	-0.479765 	1.111673  	0.394128  
-63.000000	-0.497755 	1.091694  	0.389236  
-62.000000	-0.515410 	1.070438  	0.384363  
-61.000000	-0.533066 	1.049183  	0.379489  
-60.000000	-0.550721 	1.027927  	0.374615  
-59.000000	-0.568376 	1.006671  	0.369742  
-58.000000	-0.585403 	0.983675  	0.364976  
-57.000000	-0.602431 	0.960679  	0.360210  
-56.000000	-0.619458 	0.937683  	0.355445  
-55.000000	-0.636485 	0.914687  	0.350679  
-54.000000	-0.653203 	0.891004  	0.345913  
-53.000000	-0.669690 	0.866805  	0.341148  
-52.000000	-0.686177 	0.842606  	0.336382  
-51.000000	-0.702663 	0.818408  	0.331616  
-50.000000	-0.719109 	0.794118  	0.326883  
-49.000000	-0.735313 	0.769283  	0.322344  
-48.000000	-0.751516 	0.744448  	0.317806  
-47.000000	-0.767719 	0.719613  	0.313267  
-46.000000	-0.783923 	0.694778  	0.308729  
-45.000000	-0.800274 	0.669904  	0.304195  
-44.000000	-0.816684 	0.645015  	0.299664  
-43.000000	-0.833094 	0.620126  	0.295133  
-42.000000	-0.849504 	0.595237  	0.290602  
-41.000000	-0.866209 	0.570500  	0.285889  
-40.000000	-0.883652 	0.546141  	0.280718  
-39.000000	-0.901096 	0.521783  	0.275548  
-38.000000	-0.918539 	0.497425  	0.270377  
-37.000000	-0.935982 	0.473066  	0.265207  
-36.000000	-0.955469 	0.449654  	0.259812  
-35.000000	-0.975296 	0.426398  	0.254380  
-34.000000	-0.995123 	0.403143  	0.248948  
-33.000000	-1.014950 	0.379888  	0.243516  
-32.000000	-1.036759 	0.357340  	0.236996  
-31.000000	-1.061209 	0.335735  	0.229026  
-30.000000	-1.085659 	0.314130  	0.221056  
-29.000000	-1.110110 	0.292525  	0.213086  
-28.000000	-1.134560 	0.270920  	0.205116  
-27.000000	-1.106990 	0.256596  	0.194063  
-26.000000	-1.079420 	0.242272  	0.183011  
-25.000000	-1.051850 	0.227948  	0.171958  
-24.000000	-1.024280 	0.213624  	0.160906  
-23.000000	-0.996710 	0.199301  	0.149854  
-22.000000	-0.969140 	0.184977  	0.138801  
-21.000000	-0.941570 	0.170653  	0.127749  
-20.000000	-0.914000 	0.156329  	0.116559  
-19.000000	-0.886430 	0.142005  	0.105027  
-18.000000	-0.858860 	0.127681  	0.093357  
-17.000000	-0.831290 	0.113357  	0.081688  
-16.000000	-0.803720 	0.099033  	0.070018  
-15.000000	-0.776150 	0.084709  	0.058348  
-14.000000	-0.748580 	0.070386  	0.046679  
-13.000000	-0.721010 	0.056062  	0.035009  
-12.000000	-0.693440 	0.041738  	-0.001238 
-11.000000	-0.665870 	0.027414  	-0.055919 
-10.000000	-0.638300 	0.013090  	-0.110600 
-9.000000 	-0.410600 	0.010720  	-0.140300 
-8.000000 	-0.277200 	0.010470  	-0.145700 
-7.000000 	-0.146000 	0.010430  	-0.150400 
-6.000000 	-0.018500 	0.010380  	-0.154000 
-5.000000 	0.108600  	0.010360  	-0.157400 
-4.000000 	0.234800  	0.010440  	-0.160700 
-3.000000 	0.360600  	0.010530  	-0.163800 
-2.000000 	0.485300  	0.010660  	-0.166700 
-1.000000 	0.609200  	0.010850  	-0.169400 
0.000000  	0.732000  	0.011070  	-0.171900 
1.000000  	0.853400  	0.011310  	-0.174200 
2.000000  	0.972500  	0.011550  	-0.175900 
3.000000  	1.089800  	0.011910  	-0.177400 
4.000000  	1.205200  	0.012200  	-0.178400 
5.000000  	1.316700  	0.012680  	-0.178800 
6.000000  	1.421700  	0.013520  	-0.178000 
7.000000  	1.507900  	0.015500  	-0.173900 
8.000000  	1.575600  	0.018190  	-0.166500 
9.000000  	1.623000  	0.021140  	-0.155600 
10.000000 	1.652300  	0.025110  	-0.142800 
11.000000 	1.676100  	0.030860  	-0.132700 
12.000000 	1.693800  	0.038890  	-0.126100 
13.000000 	1.703100  	0.048850  	-0.121600 
14.000000 	1.694900  	0.061190  	-0.117700 
15.000000 	1.679000  	0.075290  	-0.115400 
16.000000 	1.665800  	0.089840  	-0.114800 
17.000000 	1.651300  	0.105230  	-0.116200 
18.000000 	1.633600  	0.121680  	-0.119800 
19.000000 	1.616200  	0.138670  	-0.125900 
20.000000 	1.605900  	0.155020  	-0.134000 
21.000000 	1.589600  	0.172730  	-0.144700 
22.000000 	1.588300  	0.188010  	-0.155400 
23.000000 	1.591000  	0.202540  	-0.166800 
24.000000 	1.598500  	0.215920  	-0.178300 
25.000000 	1.613900  	0.227060  	-0.188800 
26.000000 	1.622800  	0.239820  	-0.201300 
27.000000 	1.624100  	0.254790  	-0.216400 
28.000000 	1.620800  	0.270920  	-0.233200 
29.000000 	1.585871  	0.292525  	-0.241361 
30.000000 	1.550942  	0.314130  	-0.249521 
31.000000 	1.516013  	0.335735  	-0.257682 
32.000000 	1.481084  	0.357340  	-0.265843 
33.000000 	1.449929  	0.379888  	-0.272967 
34.000000 	1.421605  	0.403143  	-0.279314 
35.000000 	1.393280  	0.426398  	-0.285661 
36.000000 	1.364955  	0.449654  	-0.292007 
37.000000 	1.337117  	0.473066  	-0.298262 
38.000000 	1.312198  	0.497425  	-0.303967 
39.000000 	1.287279  	0.521783  	-0.309671 
40.000000 	1.262360  	0.546141  	-0.315376 
41.000000 	1.237441  	0.570500  	-0.321081 
42.000000 	1.213577  	0.595237  	-0.325664 
43.000000 	1.190134  	0.620126  	-0.329799 
44.000000 	1.166691  	0.645015  	-0.333934 
45.000000 	1.143248  	0.669904  	-0.338069 
46.000000 	1.119890  	0.694778  	-0.342201 
47.000000 	1.096742  	0.719613  	-0.346325 
48.000000 	1.073594  	0.744448  	-0.350449 
49.000000 	1.050447  	0.769283  	-0.354574 
50.000000 	1.027299  	0.794118  	-0.358698 
51.000000 	1.003805  	0.818408  	-0.362548 
52.000000 	0.980252  	0.842606  	-0.366352 
53.000000 	0.956700  	0.866805  	-0.370156 
54.000000 	0.933148  	0.891004  	-0.373960 
55.000000 	0.909264  	0.914687  	-0.377764 
56.000000 	0.884940  	0.937683  	-0.381567 
57.000000 	0.860615  	0.960679  	-0.385371 
58.000000 	0.836291  	0.983675  	-0.389175 
59.000000 	0.811966  	1.006671  	-0.392979 
60.000000 	0.786744  	1.027927  	-0.396797 
61.000000 	0.761522  	1.049183  	-0.400615 
62.000000 	0.736300  	1.070438  	-0.404433 
63.000000 	0.711079  	1.091694  	-0.408251 
64.000000 	0.685379  	1.111673  	-0.412072 
65.000000 	0.659321  	1.130693  	-0.415894 
66.000000 	0.633262  	1.149713  	-0.419716 
67.000000 	0.607204  	1.168734  	-0.423538 
68.000000 	0.581056  	1.187371  	-0.427352 
69.000000 	0.554367  	1.203715  	-0.431118 
70.000000 	0.527679  	1.220058  	-0.434885 
71.000000 	0.500991  	1.236402  	-0.438651 
72.000000 	0.474302  	1.252745  	-0.442417 
73.000000 	0.447393  	1.266907  	-0.446146 
74.000000 	0.420397  	1.280196  	-0.449860 
75.000000 	0.393400  	1.293485  	-0.453574 
76.000000 	0.366403  	1.306774  	-0.457287 
77.000000 	0.339436  	1.319104  	-0.460966 
78.000000 	0.312543  	1.329034  	-0.464556 
79.000000 	0.285650  	1.338965  	-0.468147 
80.000000 	0.258757  	1.348896  	-0.471737 
81.000000 	0.231865  	1.358827  	-0.475327 
82.000000 	0.205475  	1.365687  	-0.478613 
83.000000 	0.179170  	1.372036  	-0.481849 
84.000000 	0.152864  	1.378384  	-0.485084 
85.000000 	0.126559  	1.384733  	-0.488319 
86.000000 	0.100734  	1.389487  	-0.491554 
87.000000 	0.075551  	1.392115  	-0.494789 
88.000000 	0.050367  	1.394743  	-0.498024 
89.000000 	0.025184  	1.397372  	-0.501260 
90.000000 	0.000000  	1.400000  	-0.504495 
91.000000 	-0.017628 	1.397372  	-0.506035 
92.000000 	-0.035257 	1.394743  	-0.507574 
93.000000 	-0.052885 	1.392115  	-0.509114 
94.000000 	-0.070514 	1.389487  	-0.510654 
95.000000 	-0.088591 	1.384733  	-0.512194 
96.000000 	-0.107005 	1.378384  	-0.513734 
97.000000 	-0.125419 	1.372036  	-0.515273 
98.000000 	-0.143833 	1.365687  	-0.516813 
99.000000 	-0.162305 	1.358827  	-0.518210 
100.000000	-0.181130 	1.348896  	-0.518752 
101.000000	-0.199955 	1.338965  	-0.519294 
102.000000	-0.218780 	1.329034  	-0.519835 
103.000000	-0.237605 	1.319104  	-0.520377 
104.000000	-0.256482 	1.306774  	-0.520671 
105.000000	-0.275380 	1.293485  	-0.520865 
106.000000	-0.294278 	1.280196  	-0.521060 
107.000000	-0.313175 	1.266907  	-0.521254 
108.000000	-0.332012 	1.252745  	-0.521359 
109.000000	-0.350693 	1.236402  	-0.521238 
110.000000	-0.369375 	1.220058  	-0.521117 
111.000000	-0.388057 	1.203715  	-0.520996 
112.000000	-0.406739 	1.187371  	-0.520876 
113.000000	-0.425043 	1.168734  	-0.520467 
114.000000	-0.443284 	1.149713  	-0.520010 
115.000000	-0.461524 	1.130693  	-0.519553 
116.000000	-0.479765 	1.111673  	-0.519096 
117.000000	-0.497755 	1.091694  	-0.518685 
118.000000	-0.515410 	1.070438  	-0.518334 
119.000000	-0.533066 	1.049183  	-0.517984 
120.000000	-0.550721 	1.027927  	-0.517634 
121.000000	-0.568376 	1.006671  	-0.517283 
122.000000	-0.585403 	0.983675  	-0.517299 
123.000000	-0.602431 	0.960679  	-0.517314 
124.000000	-0.619458 	0.937683  	-0.517329 
125.000000	-0.636485 	0.914687  	-0.517345 
126.000000	-0.653203 	0.891004  	-0.517360 
127.000000	-0.669690 	0.866805  	-0.517375 
128.000000	-0.686177 	0.842606  	-0.517391 
129.000000	-0.702663 	0.818408  	-0.517406 
130.000000	-0.719109 	0.794118  	-0.517751 
131.000000	-0.735313 	0.769283  	-0.520075 
132.000000	-0.751516 	0.744448  	-0.522400 
133.000000	-0.767719 	0.719613  	-0.524724 
134.000000	-0.783923 	0.694778  	-0.527049 
135.000000	-0.800274 	0.669904  	-0.529428 
136.000000	-0.816684 	0.645015  	-0.531829 
137.000000	-0.833094 	0.620126  	-0.534231 
138.000000	-0.849504 	0.595237  	-0.536632 
139.000000	-0.866209 	0.570500  	-0.540350 
140.000000	-0.883652 	0.546141  	-0.547362 
141.000000	-0.901096 	0.521783  	-0.554373 
142.000000	-0.918539 	0.497425  	-0.561384 
143.000000	-0.935982 	0.473066  	-0.568395 
144.000000	-0.955469 	0.449654  	-0.577023 
145.000000	-0.975296 	0.426398  	-0.585920 
146.000000	-0.995123 	0.403143  	-0.594818 
147.000000	-1.014950 	0.379888  	-0.603715 
148.000000	-1.036759 	0.357340  	-0.610102 
149.000000	-1.061209 	0.335735  	-0.613144 
150.000000	-1.085659 	0.314130  	-0.616185 
151.000000	-1.110110 	0.292525  	-0.619227 
152.000000	-1.134560 	0.270920  	-0.622268 
153.000000	-1.094040 	0.250818  	-0.618199 
154.000000	-1.053520 	0.230716  	-0.614130 
155.000000	-1.013000 	0.211688  	-0.610061 
156.000000	-0.972480 	0.192659  	-0.605992 
157.000000	-0.931960 	0.174795  	-0.601923 
158.000000	-0.891440 	0.156931  	-0.597854 
159.000000	-0.850920 	0.140318  	-0.593785 
160.000000	-0.810400 	0.123705  	-0.589716 
161.000000	-0.769880 	0.108422  	-0.580744 
162.000000	-0.729360 	0.093139  	-0.571773 
163.000000	-0.688840 	0.079261  	-0.562801 
164.000000	-0.648320 	0.065382  	-0.553830 
165.000000	-0.607800 	0.052975  	-0.544858 
166.000000	-0.567280 	0.040568  	-0.535886 
167.000000	-0.526760 	0.029691  	-0.526915 
168.000000	-0.486240 	0.018814  	-0.517943 
169.000000	-0.445720 	0.009907  	-0.508972 
170.000000	-0.405200 	0.001000  	-0.500000 
171.000000	-0.364680 	0.001000  	-0.450000 
172.000000	-0.324160 	0.001000  	-0.400000 
173.000000	-0.283640 	0.001000  	-0.350000 
174.000000	-0.243120 	0.001000  	-0.300000 
175.000000	-0.202600 	0.001000  	-0.250000 
176.000000	-0.162080 	0.001000  	-0.200000 
177.000000	-0.121560 	0.001000  	-0.150000 
178.000000	-0.081040 	0.001000  	-0.100000 
179.000000	-0.040520 	0.001000  	-0.050000 
180.000000	0.000000  	0.001000  	0.000000  
! ------------------------------------------------------------------------------
! data for table	7         
! ------------------------------------------------------------------------------
  0.800000  	Re           ! Reynolds number in millions
  0.000000  	UserProp     ! User property (control) setting
Flase           InclUAdata   ! Is unsteady aerodynamics data included in this table? If TRUE, then include UA coefficients below this line. Any missing coefficients will be calculated internally.
! Table of aerodynamics coefficients
  361       	NumAlf       ! Number of data lines in the following table
!Alpha      Cl          Cd          Cm/Cp
!(deg)      (-)         (-)         (-)
-180.000000	0.000000  	0.001000  	0.000000  
-179.000000	0.041020  	0.001000  	0.040000  
-178.000000	0.082040  	0.001000  	0.080000  
-177.000000	0.123060  	0.001000  	0.120000  
-176.000000	0.164080  	0.001000  	0.160000  
-175.000000	0.205100  	0.001000  	0.200000  
-174.000000	0.246120  	0.001000  	0.240000  
-173.000000	0.287140  	0.001000  	0.280000  
-172.000000	0.328160  	0.001000  	0.320000  
-171.000000	0.369180  	0.001000  	0.360000  
-170.000000	0.410200  	0.001000  	0.400000  
-169.000000	0.451220  	0.007055  	0.419872  
-168.000000	0.492240  	0.013109  	0.439743  
-167.000000	0.533260  	0.024009  	0.459615  
-166.000000	0.574280  	0.034908  	0.479486  
-165.000000	0.615300  	0.047342  	0.499358  
-164.000000	0.656320  	0.059776  	0.519229  
-163.000000	0.697340  	0.073684  	0.539101  
-162.000000	0.738360  	0.087592  	0.558973  
-161.000000	0.779380  	0.102908  	0.578844  
-160.000000	0.820400  	0.118224  	0.598716  
-159.000000	0.861420  	0.134873  	0.602685  
-158.000000	0.902440  	0.151523  	0.606654  
-157.000000	0.943460  	0.169427  	0.610623  
-156.000000	0.984480  	0.187331  	0.614592  
-155.000000	1.025500  	0.206402  	0.618561  
-154.000000	1.066520  	0.225474  	0.622530  
-153.000000	1.107540  	0.245622  	0.626499  
-152.000000	1.148560  	0.265770  	0.630468  
-151.000000	1.123478  	0.287426  	0.627168  
-150.000000	1.098395  	0.309082  	0.623868  
-149.000000	1.073313  	0.330739  	0.620568  
-148.000000	1.048231  	0.352395  	0.617268  
-147.000000	1.025867  	0.374998  	0.610547  
-146.000000	1.005543  	0.398311  	0.601261  
-145.000000	0.985218  	0.421624  	0.591975  
-144.000000	0.964894  	0.444937  	0.582689  
-143.000000	0.944923  	0.468409  	0.573681  
-142.000000	0.927077  	0.492831  	0.566342  
-141.000000	0.909231  	0.517254  	0.559003  
-140.000000	0.891385  	0.541676  	0.551664  
-139.000000	0.873539  	0.566099  	0.544325  
-138.000000	0.856481  	0.590904  	0.540386  
-137.000000	0.839738  	0.615863  	0.537806  
-136.000000	0.822996  	0.640822  	0.535227  
-135.000000	0.806253  	0.665781  	0.532648  
-134.000000	0.789585  	0.690726  	0.530091  
-133.000000	0.773104  	0.715637  	0.527592  
-132.000000	0.756622  	0.740548  	0.525092  
-131.000000	0.740141  	0.765458  	0.522593  
-130.000000	0.723660  	0.790369  	0.520093  
-129.000000	0.706974  	0.814739  	0.519649  
-128.000000	0.690254  	0.839018  	0.519547  
-127.000000	0.673534  	0.863297  	0.519445  
-126.000000	0.656814  	0.887577  	0.519343  
-125.000000	0.639878  	0.911343  	0.519240  
-124.000000	0.622655  	0.934424  	0.519138  
-123.000000	0.605432  	0.957505  	0.519036  
-122.000000	0.588208  	0.980586  	0.518934  
-121.000000	0.570985  	1.003667  	0.518832  
-120.000000	0.553167  	1.025012  	0.519129  
-119.000000	0.535348  	1.046357  	0.519425  
-118.000000	0.517530  	1.067702  	0.519722  
-117.000000	0.499711  	1.089047  	0.520018  
-116.000000	0.481575  	1.109117  	0.520381  
-115.000000	0.463200  	1.128230  	0.520794  
-114.000000	0.444825  	1.147343  	0.521207  
-113.000000	0.426451  	1.166456  	0.521619  
-112.000000	0.408017  	1.185187  	0.521985  
-111.000000	0.389228  	1.201626  	0.522071  
-110.000000	0.370439  	1.218065  	0.522157  
-109.000000	0.351650  	1.234504  	0.522243  
-108.000000	0.332862  	1.250943  	0.522329  
-107.000000	0.313936  	1.265202  	0.522197  
-106.000000	0.294957  	1.278589  	0.521976  
-105.000000	0.275977  	1.291976  	0.521756  
-104.000000	0.256998  	1.305364  	0.521536  
-103.000000	0.238046  	1.317792  	0.521216  
-102.000000	0.219163  	1.327822  	0.520650  
-101.000000	0.200281  	1.337853  	0.520084  
-100.000000	0.181398  	1.347884  	0.519517  
-99.000000	0.162516  	1.357914  	0.518951  
-98.000000	0.144006  	1.364876  	0.517532  
-97.000000	0.125557  	1.371325  	0.515970  
-96.000000	0.107109  	1.377775  	0.514409  
-95.000000	0.088661  	1.384225  	0.512848  
-94.000000	0.070559  	1.389080  	0.511286  
-93.000000	0.052920  	1.391810  	0.509725  
-92.000000	0.035280  	1.394540  	0.508164  
-91.000000	0.017640  	1.397270  	0.506602  
-90.000000	0.000000  	1.400000  	0.505041  
-89.000000	-0.017640 	1.397270  	0.501425  
-88.000000	-0.035280 	1.394540  	0.497809  
-87.000000	-0.052920 	1.391810  	0.494193  
-86.000000	-0.070559 	1.389080  	0.490577  
-85.000000	-0.088661 	1.384225  	0.486961  
-84.000000	-0.107109 	1.377775  	0.483345  
-83.000000	-0.125557 	1.371325  	0.479729  
-82.000000	-0.144006 	1.364876  	0.476113  
-81.000000	-0.162516 	1.357914  	0.472392  
-80.000000	-0.181398 	1.347884  	0.468046  
-79.000000	-0.200281 	1.337853  	0.463699  
-78.000000	-0.219163 	1.327822  	0.459353  
-77.000000	-0.238046 	1.317792  	0.455007  
-76.000000	-0.256998 	1.305364  	0.450479  
-75.000000	-0.275977 	1.291976  	0.445878  
-74.000000	-0.294957 	1.278589  	0.441278  
-73.000000	-0.313936 	1.265202  	0.436678  
-72.000000	-0.332862 	1.250943  	0.432030  
-71.000000	-0.351650 	1.234504  	0.427266  
-70.000000	-0.370439 	1.218065  	0.422502  
-69.000000	-0.389228 	1.201626  	0.417738  
-68.000000	-0.408017 	1.185187  	0.412974  
-67.000000	-0.426451 	1.166456  	0.408060  
-66.000000	-0.444825 	1.147343  	0.403121  
-65.000000	-0.463200 	1.128230  	0.398182  
-64.000000	-0.481575 	1.109117  	0.393243  
-63.000000	-0.499711 	1.089047  	0.388319  
-62.000000	-0.517530 	1.067702  	0.383414  
-61.000000	-0.535348 	1.046357  	0.378510  
-60.000000	-0.553167 	1.025012  	0.373606  
-59.000000	-0.570985 	1.003667  	0.368702  
-58.000000	-0.588208 	0.980586  	0.363917  
-57.000000	-0.605432 	0.957505  	0.359133  
-56.000000	-0.622655 	0.934424  	0.354348  
-55.000000	-0.639878 	0.911343  	0.349563  
-54.000000	-0.656814 	0.887577  	0.344779  
-53.000000	-0.673534 	0.863297  	0.339994  
-52.000000	-0.690254 	0.839018  	0.335209  
-51.000000	-0.706974 	0.814739  	0.330424  
-50.000000	-0.723660 	0.790369  	0.325671  
-49.000000	-0.740141 	0.765458  	0.321105  
-48.000000	-0.756622 	0.740548  	0.316538  
-47.000000	-0.773104 	0.715637  	0.311972  
-46.000000	-0.789585 	0.690726  	0.307405  
-45.000000	-0.806253 	0.665781  	0.302844  
-44.000000	-0.822996 	0.640822  	0.298285  
-43.000000	-0.839738 	0.615863  	0.293726  
-42.000000	-0.856481 	0.590904  	0.289167  
-41.000000	-0.873539 	0.566099  	0.284407  
-40.000000	-0.891385 	0.541676  	0.279146  
-39.000000	-0.909231 	0.517254  	0.273885  
-38.000000	-0.927077 	0.492831  	0.268624  
-37.000000	-0.944923 	0.468409  	0.263363  
-36.000000	-0.964894 	0.444937  	0.257856  
-35.000000	-0.985218 	0.421624  	0.252307  
-34.000000	-1.005543 	0.398311  	0.246759  
-33.000000	-1.025867 	0.374998  	0.241211  
-32.000000	-1.048231 	0.352395  	0.234570  
-31.000000	-1.073313 	0.330739  	0.226472  
-30.000000	-1.098395 	0.309082  	0.218375  
-29.000000	-1.123478 	0.287426  	0.210277  
-28.000000	-1.148560 	0.265770  	0.202179  
-27.000000	-1.118484 	0.251709  	0.190986  
-26.000000	-1.088409 	0.237648  	0.179792  
-25.000000	-1.058333 	0.223587  	0.168599  
-24.000000	-1.028258 	0.209526  	0.157405  
-23.000000	-0.998182 	0.195464  	0.146212  
-22.000000	-0.968107 	0.181403  	0.135018  
-21.000000	-0.938031 	0.167342  	0.123825  
-20.000000	-0.907956 	0.153281  	0.112616  
-19.000000	-0.877880 	0.139220  	0.101368  
-18.000000	-0.847804 	0.125159  	0.090105  
-17.000000	-0.817729 	0.111098  	0.078842  
-16.000000	-0.787653 	0.097037  	0.067579  
-15.000000	-0.757578 	0.082976  	0.056316  
-14.000000	-0.727502 	0.068914  	0.045052  
-13.000000	-0.697427 	0.054853  	0.033789  
-12.000000	-0.667351 	0.040792  	-0.003540 
-11.000000	-0.637276 	0.026731  	-0.060420 
-10.000000	-0.607200 	0.012670  	-0.117300 
-9.000000 	-0.407600 	0.010440  	-0.141000 
-8.000000 	-0.274900 	0.010140  	-0.146300 
-7.000000 	-0.143900 	0.010010  	-0.151000 
-6.000000 	-0.016000 	0.009970  	-0.154600 
-5.000000 	0.111000  	0.009970  	-0.158100 
-4.000000 	0.237400  	0.009990  	-0.161300 
-3.000000 	0.362900  	0.010060  	-0.164400 
-2.000000 	0.487400  	0.010190  	-0.167200 
-1.000000 	0.611300  	0.010360  	-0.170000 
0.000000  	0.733900  	0.010560  	-0.172400 
1.000000  	0.855100  	0.010790  	-0.174600 
2.000000  	0.974300  	0.011060  	-0.176400 
3.000000  	1.092500  	0.011310  	-0.178000 
4.000000  	1.208200  	0.011670  	-0.179200 
5.000000  	1.320400  	0.012190  	-0.179700 
6.000000  	1.424800  	0.013200  	-0.178800 
7.000000  	1.510100  	0.015320  	-0.174600 
8.000000  	1.571950  	0.017990  	-0.166250 
9.000000  	1.633800  	0.020660  	-0.157900 
10.000000 	1.662800  	0.024450  	-0.144600 
11.000000 	1.688900  	0.029840  	-0.134400 
12.000000 	1.708500  	0.037520  	-0.127500 
13.000000 	1.717900  	0.047370  	-0.122600 
14.000000 	1.708300  	0.059790  	-0.118500 
15.000000 	1.695400  	0.073440  	-0.116100 
16.000000 	1.684800  	0.087550  	-0.115300 
17.000000 	1.668700  	0.103020  	-0.116300 
18.000000 	1.656200  	0.118510  	-0.119300 
19.000000 	1.638400  	0.135370  	-0.124900 
20.000000 	1.618100  	0.153240  	-0.133400 
21.000000 	1.608800  	0.169710  	-0.143100 
22.000000 	1.600900  	0.186200  	-0.154500 
23.000000 	1.601550  	0.200905  	-0.166400 
24.000000 	1.602200  	0.215610  	-0.178300 
25.000000 	1.609900  	0.229030  	-0.190500 
26.000000 	1.617600  	0.242290  	-0.203500 
27.000000 	1.625900  	0.255240  	-0.216800 
28.000000 	1.640800  	0.265770  	-0.228700 
29.000000 	1.604968  	0.287426  	-0.237137 
30.000000 	1.569136  	0.309082  	-0.245574 
31.000000 	1.533304  	0.330739  	-0.254012 
32.000000 	1.497472  	0.352395  	-0.262449 
33.000000 	1.465524  	0.374998  	-0.269798 
34.000000 	1.436489  	0.398311  	-0.276331 
35.000000 	1.407454  	0.421624  	-0.282865 
36.000000 	1.378419  	0.444937  	-0.289398 
37.000000 	1.349890  	0.468409  	-0.295834 
38.000000 	1.324396  	0.492831  	-0.301686 
39.000000 	1.298901  	0.517254  	-0.307538 
40.000000 	1.273407  	0.541676  	-0.313391 
41.000000 	1.247913  	0.566099  	-0.319243 
42.000000 	1.223544  	0.590904  	-0.323906 
43.000000 	1.199626  	0.615863  	-0.328094 
44.000000 	1.175708  	0.640822  	-0.332281 
45.000000 	1.151790  	0.665781  	-0.336469 
46.000000 	1.127979  	0.690726  	-0.340653 
47.000000 	1.104434  	0.715637  	-0.344829 
48.000000 	1.080889  	0.740548  	-0.349005 
49.000000 	1.057344  	0.765458  	-0.353181 
50.000000 	1.033800  	0.790369  	-0.357357 
51.000000 	1.009963  	0.814739  	-0.361238 
52.000000 	0.986077  	0.839018  	-0.365070 
53.000000 	0.962191  	0.863297  	-0.368902 
54.000000 	0.938305  	0.887577  	-0.372734 
55.000000 	0.914111  	0.911343  	-0.376567 
56.000000 	0.889507  	0.934424  	-0.380399 
57.000000 	0.864902  	0.957505  	-0.384231 
58.000000 	0.840298  	0.980586  	-0.388063 
59.000000 	0.815693  	1.003667  	-0.391895 
60.000000 	0.790238  	1.025012  	-0.395748 
61.000000 	0.764783  	1.046357  	-0.399601 
62.000000 	0.739328  	1.067702  	-0.403453 
63.000000 	0.713873  	1.089047  	-0.407306 
64.000000 	0.687964  	1.109117  	-0.411163 
65.000000 	0.661714  	1.128230  	-0.415022 
66.000000 	0.635465  	1.147343  	-0.418880 
67.000000 	0.609215  	1.166456  	-0.422739 
68.000000 	0.582881  	1.185187  	-0.426592 
69.000000 	0.556040  	1.201626  	-0.430404 
70.000000 	0.529199  	1.218065  	-0.434216 
71.000000 	0.502358  	1.234504  	-0.438028 
72.000000 	0.475516  	1.250943  	-0.441840 
73.000000 	0.448481  	1.265202  	-0.445621 
74.000000 	0.421367  	1.278589  	-0.449389 
75.000000 	0.394253  	1.291976  	-0.453157 
76.000000 	0.367140  	1.305364  	-0.456925 
77.000000 	0.340066  	1.317792  	-0.460659 
78.000000 	0.313091  	1.327822  	-0.464308 
79.000000 	0.286116  	1.337853  	-0.467956 
80.000000 	0.259141  	1.347884  	-0.471605 
81.000000 	0.232165  	1.357914  	-0.475253 
82.000000 	0.205722  	1.364876  	-0.478607 
83.000000 	0.179368  	1.371325  	-0.481911 
84.000000 	0.153013  	1.377775  	-0.485215 
85.000000 	0.126659  	1.384225  	-0.488520 
86.000000 	0.100799  	1.389080  	-0.491824 
87.000000 	0.075599  	1.391810  	-0.495128 
88.000000 	0.050400  	1.394540  	-0.498432 
89.000000 	0.025200  	1.397270  	-0.501737 
90.000000 	0.000000  	1.400000  	-0.505041 
91.000000 	-0.017640 	1.397270  	-0.506602 
92.000000 	-0.035280 	1.394540  	-0.508164 
93.000000 	-0.052920 	1.391810  	-0.509725 
94.000000 	-0.070559 	1.389080  	-0.511286 
95.000000 	-0.088661 	1.384225  	-0.512848 
96.000000 	-0.107109 	1.377775  	-0.514409 
97.000000 	-0.125557 	1.371325  	-0.515970 
98.000000 	-0.144006 	1.364876  	-0.517532 
99.000000 	-0.162516 	1.357914  	-0.518951 
100.000000	-0.181398 	1.347884  	-0.519517 
101.000000	-0.200281 	1.337853  	-0.520084 
102.000000	-0.219163 	1.327822  	-0.520650 
103.000000	-0.238046 	1.317792  	-0.521216 
104.000000	-0.256998 	1.305364  	-0.521536 
105.000000	-0.275977 	1.291976  	-0.521756 
106.000000	-0.294957 	1.278589  	-0.521976 
107.000000	-0.313936 	1.265202  	-0.522197 
108.000000	-0.332862 	1.250943  	-0.522329 
109.000000	-0.351650 	1.234504  	-0.522243 
110.000000	-0.370439 	1.218065  	-0.522157 
111.000000	-0.389228 	1.201626  	-0.522071 
112.000000	-0.408017 	1.185187  	-0.521985 
113.000000	-0.426451 	1.166456  	-0.521619 
114.000000	-0.444825 	1.147343  	-0.521207 
115.000000	-0.463200 	1.128230  	-0.520794 
116.000000	-0.481575 	1.109117  	-0.520381 
117.000000	-0.499711 	1.089047  	-0.520018 
118.000000	-0.517530 	1.067702  	-0.519722 
119.000000	-0.535348 	1.046357  	-0.519425 
120.000000	-0.553167 	1.025012  	-0.519129 
121.000000	-0.570985 	1.003667  	-0.518832 
122.000000	-0.588208 	0.980586  	-0.518934 
123.000000	-0.605432 	0.957505  	-0.519036 
124.000000	-0.622655 	0.934424  	-0.519138 
125.000000	-0.639878 	0.911343  	-0.519240 
126.000000	-0.656814 	0.887577  	-0.519343 
127.000000	-0.673534 	0.863297  	-0.519445 
128.000000	-0.690254 	0.839018  	-0.519547 
129.000000	-0.706974 	0.814739  	-0.519649 
130.000000	-0.723660 	0.790369  	-0.520093 
131.000000	-0.740141 	0.765458  	-0.522593 
132.000000	-0.756622 	0.740548  	-0.525092 
133.000000	-0.773104 	0.715637  	-0.527592 
134.000000	-0.789585 	0.690726  	-0.530091 
135.000000	-0.806253 	0.665781  	-0.532648 
136.000000	-0.822996 	0.640822  	-0.535227 
137.000000	-0.839738 	0.615863  	-0.537806 
138.000000	-0.856481 	0.590904  	-0.540386 
139.000000	-0.873539 	0.566099  	-0.544325 
140.000000	-0.891385 	0.541676  	-0.551664 
141.000000	-0.909231 	0.517254  	-0.559003 
142.000000	-0.927077 	0.492831  	-0.566342 
143.000000	-0.944923 	0.468409  	-0.573681 
144.000000	-0.964894 	0.444937  	-0.582689 
145.000000	-0.985218 	0.421624  	-0.591975 
146.000000	-1.005543 	0.398311  	-0.601261 
147.000000	-1.025867 	0.374998  	-0.610547 
148.000000	-1.048231 	0.352395  	-0.617268 
149.000000	-1.073313 	0.330739  	-0.620568 
150.000000	-1.098395 	0.309082  	-0.623868 
151.000000	-1.123478 	0.287426  	-0.627168 
152.000000	-1.148560 	0.265770  	-0.630468 
153.000000	-1.107540 	0.245622  	-0.626499 
154.000000	-1.066520 	0.225474  	-0.622530 
155.000000	-1.025500 	0.206402  	-0.618561 
156.000000	-0.984480 	0.187331  	-0.614592 
157.000000	-0.943460 	0.169427  	-0.610623 
158.000000	-0.902440 	0.151523  	-0.606654 
159.000000	-0.861420 	0.134873  	-0.602685 
160.000000	-0.820400 	0.118224  	-0.598716 
161.000000	-0.779380 	0.102908  	-0.588844 
162.000000	-0.738360 	0.087592  	-0.578973 
163.000000	-0.697340 	0.073684  	-0.569101 
164.000000	-0.656320 	0.059776  	-0.559229 
165.000000	-0.615300 	0.047342  	-0.549358 
166.000000	-0.574280 	0.034908  	-0.539486 
167.000000	-0.533260 	0.024009  	-0.529615 
168.000000	-0.492240 	0.013109  	-0.519743 
169.000000	-0.451220 	0.007055  	-0.509872 
170.000000	-0.410200 	0.001000  	-0.500000 
171.000000	-0.369180 	0.001000  	-0.450000 
172.000000	-0.328160 	0.001000  	-0.400000 
173.000000	-0.287140 	0.001000  	-0.350000 
174.000000	-0.246120 	0.001000  	-0.300000 
175.000000	-0.205100 	0.001000  	-0.250000 
176.000000	-0.164080 	0.001000  	-0.200000 
177.000000	-0.123060 	0.001000  	-0.150000 
178.000000	-0.082040 	0.001000  	-0.100000 
179.000000	-0.041020 	0.001000  	-0.050000 
180.000000	0.000000  	0.001000  	0.000000  
! ------------------------------------------------------------------------------
! data for table	8         
! ------------------------------------------------------------------------------
  0.900000  	Re           ! Reynolds number in millions
  0.000000  	UserProp     ! User property (control) setting
Flase           InclUAdata   ! Is unsteady aerodynamics data included in this table? If TRUE, then include UA coefficients below this line. Any missing coefficients will be calculated internally.
! Table of aerodynamics coefficients
  361       	NumAlf       ! Number of data lines in the following table
!Alpha      Cl          Cd          Cm/Cp
!(deg)      (-)         (-)         (-)
-180.000000	0.000000  	0.001000  	0.000000  
-179.000000	0.039393  	0.001000  	0.040000  
-178.000000	0.078786  	0.001000  	0.080000  
-177.000000	0.118179  	0.001000  	0.120000  
-176.000000	0.157572  	0.001000  	0.160000  
-175.000000	0.196966  	0.001000  	0.200000  
-174.000000	0.236359  	0.001000  	0.240000  
-173.000000	0.275752  	0.001000  	0.280000  
-172.000000	0.315145  	0.001000  	0.320000  
-171.000000	0.354538  	0.001000  	0.357261  
-170.000000	0.393931  	0.001000  	0.393427  
-169.000000	0.433324  	0.005233  	0.417760  
-168.000000	0.472717  	0.011819  	0.435520  
-167.000000	0.512110  	0.021083  	0.453280  
-166.000000	0.551503  	0.032355  	0.471040  
-165.000000	0.590897  	0.044415  	0.488800  
-164.000000	0.630290  	0.057264  	0.506560  
-163.000000	0.669683  	0.070759  	0.524320  
-162.000000	0.709076  	0.085118  	0.542080  
-161.000000	0.748469  	0.099989  	0.558440  
-160.000000	0.787862  	0.115783  	0.572281  
-159.000000	0.827255  	0.131964  	0.583994  
-158.000000	0.866648  	0.149112  	0.590388  
-157.000000	0.906041  	0.166532  	0.596782  
-156.000000	0.945434  	0.184947  	0.603176  
-155.000000	0.984828  	0.203529  	0.609571  
-154.000000	1.024221  	0.223115  	0.615965  
-153.000000	1.063614  	0.242777  	0.622359  
-152.000000	1.103007  	0.263433  	0.628753  
-151.000000	1.142400  	0.284090  	0.635147  
-150.000000	1.117653  	0.306179  	0.629299  
-149.000000	1.092906  	0.328268  	0.623451  
-148.000000	1.068159  	0.350357  	0.617602  
-147.000000	1.043412  	0.372447  	0.611754  
-146.000000	1.021431  	0.395515  	0.603561  
-145.000000	1.000987  	0.419127  	0.594066  
-144.000000	0.980542  	0.442740  	0.584571  
-143.000000	0.960098  	0.466352  	0.575076  
-142.000000	0.940300  	0.490247  	0.566502  
-141.000000	0.922117  	0.514846  	0.560233  
-140.000000	0.903933  	0.539446  	0.553963  
-139.000000	0.885750  	0.564045  	0.547693  
-138.000000	0.867567  	0.588645  	0.541423  
-137.000000	0.850325  	0.613643  	0.538458  
-136.000000	0.833154  	0.638672  	0.535747  
-135.000000	0.815983  	0.663700  	0.533037  
-134.000000	0.798813  	0.688729  	0.530326  
-133.000000	0.781780  	0.713679  	0.527881  
-132.000000	0.764851  	0.738570  	0.525636  
-131.000000	0.747922  	0.763460  	0.523390  
-130.000000	0.730993  	0.788351  	0.521145  
-129.000000	0.714017  	0.813092  	0.519352  
-128.000000	0.696871  	0.837282  	0.519222  
-127.000000	0.679725  	0.861472  	0.519092  
-126.000000	0.662579  	0.885662  	0.518962  
-125.000000	0.645433  	0.909852  	0.518832  
-124.000000	0.627895  	0.932973  	0.518701  
-123.000000	0.610292  	0.955916  	0.518571  
-122.000000	0.592689  	0.978858  	0.518441  
-121.000000	0.575086  	1.001801  	0.518311  
-120.000000	0.557214  	1.023862  	0.518422  
-119.000000	0.539075  	1.045042  	0.518776  
-118.000000	0.520936  	1.066221  	0.519130  
-117.000000	0.502796  	1.087400  	0.519484  
-116.000000	0.484587  	1.108260  	0.519847  
-115.000000	0.465955  	1.127200  	0.520264  
-114.000000	0.447324  	1.146141  	0.520681  
-113.000000	0.428693  	1.165081  	0.521098  
-112.000000	0.410062  	1.184021  	0.521514  
-111.000000	0.391156  	1.200870  	0.521655  
-110.000000	0.372174  	1.217148  	0.521719  
-109.000000	0.353193  	1.233427  	0.521784  
-108.000000	0.334212  	1.249705  	0.521849  
-107.000000	0.315174  	1.264688  	0.521809  
-106.000000	0.296062  	1.277943  	0.521630  
-105.000000	0.276949  	1.291198  	0.521450  
-104.000000	0.257837  	1.304453  	0.521271  
-103.000000	0.238735  	1.317471  	0.521063  
-102.000000	0.219771  	1.327412  	0.520495  
-101.000000	0.200807  	1.337353  	0.519926  
-100.000000	0.181843  	1.347293  	0.519358  
-99.000000	0.162879  	1.357234  	0.518789  
-98.000000	0.144255  	1.364655  	0.517557  
-97.000000	0.125767  	1.371067  	0.516059  
-96.000000	0.107279  	1.377479  	0.514561  
-95.000000	0.088790  	1.383891  	0.513063  
-94.000000	0.070601  	1.388996  	0.511566  
-93.000000	0.052951  	1.391747  	0.510068  
-92.000000	0.035301  	1.394498  	0.508570  
-91.000000	0.017650  	1.397249  	0.507072  
-90.000000	0.000000  	1.400000  	0.505575  
-89.000000	-0.017650 	1.397249  	0.501997  
-88.000000	-0.035301 	1.394498  	0.498419  
-87.000000	-0.052951 	1.391747  	0.494841  
-86.000000	-0.070601 	1.388996  	0.491264  
-85.000000	-0.088790 	1.383891  	0.487686  
-84.000000	-0.107279 	1.377479  	0.484108  
-83.000000	-0.125767 	1.371067  	0.480531  
-82.000000	-0.144255 	1.364655  	0.476953  
-81.000000	-0.162879 	1.357234  	0.473180  
-80.000000	-0.181843 	1.347293  	0.468918  
-79.000000	-0.200807 	1.337353  	0.464657  
-78.000000	-0.219771 	1.327412  	0.460395  
-77.000000	-0.238735 	1.317471  	0.456134  
-76.000000	-0.257837 	1.304453  	0.451606  
-75.000000	-0.276949 	1.291198  	0.447058  
-74.000000	-0.296062 	1.277943  	0.442511  
-73.000000	-0.315174 	1.264688  	0.437963  
-72.000000	-0.334212 	1.249705  	0.433339  
-71.000000	-0.353193 	1.233427  	0.428660  
-70.000000	-0.372174 	1.217148  	0.423980  
-69.000000	-0.391156 	1.200870  	0.419300  
-68.000000	-0.410062 	1.184021  	0.414579  
-67.000000	-0.428693 	1.165081  	0.409709  
-66.000000	-0.447324 	1.146141  	0.404839  
-65.000000	-0.465955 	1.127200  	0.399969  
-64.000000	-0.484587 	1.108260  	0.395098  
-63.000000	-0.502796 	1.087400  	0.390244  
-62.000000	-0.520936 	1.066221  	0.385393  
-61.000000	-0.539075 	1.045042  	0.380542  
-60.000000	-0.557214 	1.023862  	0.375690  
-59.000000	-0.575086 	1.001801  	0.370912  
-58.000000	-0.592689 	0.978858  	0.366206  
-57.000000	-0.610292 	0.955916  	0.361500  
-56.000000	-0.627895 	0.932973  	0.356794  
-55.000000	-0.645433 	0.909852  	0.352088  
-54.000000	-0.662579 	0.885662  	0.347383  
-53.000000	-0.679725 	0.861472  	0.342677  
-52.000000	-0.696871 	0.837282  	0.337971  
-51.000000	-0.714017 	0.813092  	0.333265  
-50.000000	-0.730993 	0.788351  	0.328730  
-49.000000	-0.747922 	0.763460  	0.324242  
-48.000000	-0.764851 	0.738570  	0.319754  
-47.000000	-0.781780 	0.713679  	0.315267  
-46.000000	-0.798813 	0.688729  	0.310799  
-45.000000	-0.815983 	0.663700  	0.306359  
-44.000000	-0.833154 	0.638672  	0.301919  
-43.000000	-0.850325 	0.613643  	0.297479  
-42.000000	-0.867567 	0.588645  	0.293003  
-41.000000	-0.885750 	0.564045  	0.288057  
-40.000000	-0.903933 	0.539446  	0.283111  
-39.000000	-0.922117 	0.514846  	0.278165  
-38.000000	-0.940300 	0.490247  	0.273219  
-37.000000	-0.960098 	0.466352  	0.267945  
-36.000000	-0.980542 	0.442740  	0.262540  
-35.000000	-1.000987 	0.419127  	0.257135  
-34.000000	-1.021431 	0.395515  	0.251730  
-33.000000	-1.043412 	0.372447  	0.245862  
-32.000000	-1.068159 	0.350357  	0.239161  
-31.000000	-1.092906 	0.328268  	0.232459  
-30.000000	-1.117653 	0.306179  	0.225758  
-29.000000	-1.142400 	0.284090  	0.219057  
-28.000000	-1.112763 	0.269786  	0.208004  
-27.000000	-1.083126 	0.255482  	0.196950  
-26.000000	-1.053489 	0.241177  	0.185897  
-25.000000	-1.023853 	0.226873  	0.174843  
-24.000000	-0.994216 	0.212569  	0.163790  
-23.000000	-0.964579 	0.198265  	0.152737  
-22.000000	-0.934942 	0.183961  	0.141683  
-21.000000	-0.905305 	0.169656  	0.130630  
-20.000000	-0.875668 	0.155352  	0.119291  
-19.000000	-0.846032 	0.141048  	0.107619  
-18.000000	-0.816395 	0.126744  	0.095661  
-17.000000	-0.786758 	0.112439  	0.083704  
-16.000000	-0.757121 	0.098135  	0.071746  
-15.000000	-0.727484 	0.083831  	0.059788  
-14.000000	-0.697847 	0.069527  	0.047831  
-13.000000	-0.668211 	0.055223  	0.035873  
-12.000000	-0.638574 	0.040918  	-0.008585 
-11.000000	-0.608937 	0.026614  	-0.066042 
-10.000000	-0.579300 	0.012310  	-0.123500 
-9.000000 	-0.406200 	0.010250  	-0.141300 
-8.000000 	-0.272400 	0.009860  	-0.147000 
-7.000000 	-0.141900 	0.009700  	-0.151500 
-6.000000 	-0.014000 	0.009630  	-0.155200 
-5.000000 	0.113100  	0.009600  	-0.158600 
-4.000000 	0.239100  	0.009650  	-0.161800 
-3.000000 	0.364600  	0.009730  	-0.164900 
-2.000000 	0.489200  	0.009830  	-0.167700 
-1.000000 	0.612900  	0.009990  	-0.170400 
0.000000  	0.735600  	0.010190  	-0.172900 
1.000000  	0.856900  	0.010380  	-0.175100 
2.000000  	0.976800  	0.010590  	-0.177000 
3.000000  	1.094600  	0.010930  	-0.178500 
4.000000  	1.211200  	0.011270  	-0.179900 
5.000000  	1.323800  	0.011830  	-0.180500 
6.000000  	1.426500  	0.012990  	-0.179300 
7.000000  	1.512100  	0.015150  	-0.175200 
8.000000  	1.583700  	0.017650  	-0.168500 
9.000000  	1.641300  	0.020270  	-0.159400 
10.000000 	1.670350  	0.024655  	-0.147600 
11.000000 	1.699400  	0.029040  	-0.135800 
12.000000 	1.720900  	0.036370  	-0.128700 
13.000000 	1.729900  	0.046160  	-0.123500 
14.000000 	1.719900  	0.058570  	-0.119200 
15.000000 	1.708700  	0.071930  	-0.116600 
16.000000 	1.699900  	0.085750  	-0.115700 
17.000000 	1.690000  	0.100220  	-0.116400 
18.000000 	1.672700  	0.116240  	-0.119100 
19.000000 	1.654600  	0.133010  	-0.124300 
20.000000 	1.642600  	0.149350  	-0.131600 
21.000000 	1.626000  	0.166860  	-0.141500 
22.000000 	1.606100  	0.185460  	-0.154100 
23.000000 	1.603600  	0.201020  	-0.166100 
24.000000 	1.604600  	0.215880  	-0.178600 
25.000000 	1.610100  	0.229750  	-0.191200 
26.000000 	1.618800  	0.242730  	-0.203900 
27.000000 	1.631800  	0.253960  	-0.215700 
28.000000 	1.634200  	0.268320  	-0.230800 
29.000000 	1.632000  	0.284090  	-0.247700 
30.000000 	1.596647  	0.306179  	-0.254862 
31.000000 	1.561295  	0.328268  	-0.262024 
32.000000 	1.525942  	0.350357  	-0.269185 
33.000000 	1.490589  	0.372447  	-0.276347 
34.000000 	1.459188  	0.395515  	-0.282967 
35.000000 	1.429981  	0.419127  	-0.289286 
36.000000 	1.400775  	0.442740  	-0.295604 
37.000000 	1.371568  	0.466352  	-0.301923 
38.000000 	1.343285  	0.490247  	-0.307929 
39.000000 	1.317309  	0.514846  	-0.313151 
40.000000 	1.291334  	0.539446  	-0.318373 
41.000000 	1.265358  	0.564045  	-0.323595 
42.000000 	1.239382  	0.588645  	-0.328817 
43.000000 	1.214749  	0.613643  	-0.332916 
44.000000 	1.190220  	0.638672  	-0.336928 
45.000000 	1.165691  	0.663700  	-0.340940 
46.000000 	1.141161  	0.688729  	-0.344952 
47.000000 	1.116829  	0.713679  	-0.348933 
48.000000 	1.092644  	0.738570  	-0.352892 
49.000000 	1.068460  	0.763460  	-0.356851 
50.000000 	1.044276  	0.788351  	-0.360810 
51.000000 	1.020025  	0.813092  	-0.364716 
52.000000 	0.995531  	0.837282  	-0.368433 
53.000000 	0.971036  	0.861472  	-0.372149 
54.000000 	0.946542  	0.885662  	-0.375866 
55.000000 	0.922047  	0.909852  	-0.379582 
56.000000 	0.896993  	0.932973  	-0.383299 
57.000000 	0.871846  	0.955916  	-0.387015 
58.000000 	0.846699  	0.978858  	-0.390732 
59.000000 	0.821551  	1.001801  	-0.394448 
60.000000 	0.796021  	1.023862  	-0.398188 
61.000000 	0.770107  	1.045042  	-0.401951 
62.000000 	0.744194  	1.066221  	-0.405714 
63.000000 	0.718280  	1.087400  	-0.409477 
64.000000 	0.692267  	1.108260  	-0.413240 
65.000000 	0.665651  	1.127200  	-0.417009 
66.000000 	0.639035  	1.146141  	-0.420778 
67.000000 	0.612419  	1.165081  	-0.424547 
68.000000 	0.585803  	1.184021  	-0.428316 
69.000000 	0.558794  	1.200870  	-0.432056 
70.000000 	0.531678  	1.217148  	-0.435789 
71.000000 	0.504561  	1.233427  	-0.439522 
72.000000 	0.477445  	1.249705  	-0.443254 
73.000000 	0.450249  	1.264688  	-0.446976 
74.000000 	0.422945  	1.277943  	-0.450684 
75.000000 	0.395642  	1.291198  	-0.454391 
76.000000 	0.368338  	1.304453  	-0.458098 
77.000000 	0.341050  	1.317471  	-0.461796 
78.000000 	0.313958  	1.327412  	-0.465373 
79.000000 	0.286867  	1.337353  	-0.468950 
80.000000 	0.259776  	1.347293  	-0.472527 
81.000000 	0.232684  	1.357234  	-0.476103 
82.000000 	0.206079  	1.364655  	-0.479457 
83.000000 	0.179667  	1.371067  	-0.482722 
84.000000 	0.153255  	1.377479  	-0.485987 
85.000000 	0.126843  	1.383891  	-0.489251 
86.000000 	0.100859  	1.388996  	-0.492516 
87.000000 	0.075644  	1.391747  	-0.495781 
88.000000 	0.050430  	1.394498  	-0.499045 
89.000000 	0.025215  	1.397249  	-0.502310 
90.000000 	0.000000  	1.400000  	-0.505575 
91.000000 	-0.017650 	1.397249  	-0.507072 
92.000000 	-0.035301 	1.394498  	-0.508570 
93.000000 	-0.052951 	1.391747  	-0.510068 
94.000000 	-0.070601 	1.388996  	-0.511566 
95.000000 	-0.088790 	1.383891  	-0.513063 
96.000000 	-0.107279 	1.377479  	-0.514561 
97.000000 	-0.125767 	1.371067  	-0.516059 
98.000000 	-0.144255 	1.364655  	-0.517557 
99.000000 	-0.162879 	1.357234  	-0.518789 
100.000000	-0.181843 	1.347293  	-0.519358 
101.000000	-0.200807 	1.337353  	-0.519926 
102.000000	-0.219771 	1.327412  	-0.520495 
103.000000	-0.238735 	1.317471  	-0.521063 
104.000000	-0.257837 	1.304453  	-0.521271 
105.000000	-0.276949 	1.291198  	-0.521450 
106.000000	-0.296062 	1.277943  	-0.521630 
107.000000	-0.315174 	1.264688  	-0.521809 
108.000000	-0.334212 	1.249705  	-0.521849 
109.000000	-0.353193 	1.233427  	-0.521784 
110.000000	-0.372174 	1.217148  	-0.521719 
111.000000	-0.391156 	1.200870  	-0.521655 
112.000000	-0.410062 	1.184021  	-0.521514 
113.000000	-0.428693 	1.165081  	-0.521098 
114.000000	-0.447324 	1.146141  	-0.520681 
115.000000	-0.465955 	1.127200  	-0.520264 
116.000000	-0.484587 	1.108260  	-0.519847 
117.000000	-0.502796 	1.087400  	-0.519484 
118.000000	-0.520936 	1.066221  	-0.519130 
119.000000	-0.539075 	1.045042  	-0.518776 
120.000000	-0.557214 	1.023862  	-0.518422 
121.000000	-0.575086 	1.001801  	-0.518311 
122.000000	-0.592689 	0.978858  	-0.518441 
123.000000	-0.610292 	0.955916  	-0.518571 
124.000000	-0.627895 	0.932973  	-0.518701 
125.000000	-0.645433 	0.909852  	-0.518832 
126.000000	-0.662579 	0.885662  	-0.518962 
127.000000	-0.679725 	0.861472  	-0.519092 
128.000000	-0.696871 	0.837282  	-0.519222 
129.000000	-0.714017 	0.813092  	-0.519352 
130.000000	-0.730993 	0.788351  	-0.521145 
131.000000	-0.747922 	0.763460  	-0.523390 
132.000000	-0.764851 	0.738570  	-0.525636 
133.000000	-0.781780 	0.713679  	-0.527881 
134.000000	-0.798813 	0.688729  	-0.530326 
135.000000	-0.815983 	0.663700  	-0.533037 
136.000000	-0.833154 	0.638672  	-0.535747 
137.000000	-0.850325 	0.613643  	-0.538458 
138.000000	-0.867567 	0.588645  	-0.541423 
139.000000	-0.885750 	0.564045  	-0.547693 
140.000000	-0.903933 	0.539446  	-0.553963 
141.000000	-0.922117 	0.514846  	-0.560233 
142.000000	-0.940300 	0.490247  	-0.566502 
143.000000	-0.960098 	0.466352  	-0.575076 
144.000000	-0.980542 	0.442740  	-0.584571 
145.000000	-1.000987 	0.419127  	-0.594066 
146.000000	-1.021431 	0.395515  	-0.603561 
147.000000	-1.043412 	0.372447  	-0.611754 
148.000000	-1.068159 	0.350357  	-0.617602 
149.000000	-1.092906 	0.328268  	-0.623451 
150.000000	-1.117653 	0.306179  	-0.629299 
151.000000	-1.142400 	0.284090  	-0.635147 
152.000000	-1.103007 	0.263433  	-0.628753 
153.000000	-1.063614 	0.242777  	-0.622359 
154.000000	-1.024221 	0.223115  	-0.615965 
155.000000	-0.984828 	0.203529  	-0.609571 
156.000000	-0.945434 	0.184947  	-0.603176 
157.000000	-0.906041 	0.166532  	-0.596782 
158.000000	-0.866648 	0.149112  	-0.590388 
159.000000	-0.827255 	0.131964  	-0.583994 
160.000000	-0.787862 	0.115783  	-0.576961 
161.000000	-0.748469 	0.099989  	-0.569672 
162.000000	-0.709076 	0.085118  	-0.562080 
163.000000	-0.669683 	0.070759  	-0.554320 
164.000000	-0.630290 	0.057264  	-0.546560 
165.000000	-0.590897 	0.044415  	-0.538800 
166.000000	-0.551503 	0.032355  	-0.531040 
167.000000	-0.512110 	0.021083  	-0.523280 
168.000000	-0.472717 	0.011819  	-0.515520 
169.000000	-0.433324 	0.005233  	-0.507760 
170.000000	-0.393931 	0.001000  	-0.487515 
171.000000	-0.354538 	0.001000  	-0.444798 
172.000000	-0.315145 	0.001000  	-0.400000 
173.000000	-0.275752 	0.001000  	-0.350000 
174.000000	-0.236359 	0.001000  	-0.300000 
175.000000	-0.196966 	0.001000  	-0.250000 
176.000000	-0.157572 	0.001000  	-0.200000 
177.000000	-0.118179 	0.001000  	-0.150000 
178.000000	-0.078786 	0.001000  	-0.100000 
179.000000	-0.039393 	0.001000  	-0.050000 
180.000000	0.000000  	0.001000  	0.000000  
! ------------------------------------------------------------------------------
! data for table	9         
! ------------------------------------------------------------------------------
  1.000000  	Re           ! Reynolds number in millions
  0.000000  	UserProp     ! User property (control) setting
Flase           InclUAdata   ! Is unsteady aerodynamics data included in this table? If TRUE, then include UA coefficients below this line. Any missing coefficients will be calculated internally.
! Table of aerodynamics coefficients
  361       	NumAlf       ! Number of data lines in the following table
!Alpha      Cl          Cd          Cm/Cp
!(deg)      (-)         (-)         (-)
-180.000000	0.000000  	0.001000  	0.000000  
-179.000000	0.038968  	0.001000  	0.040000  
-178.000000	0.077937  	0.001000  	0.080000  
-177.000000	0.116905  	0.001000  	0.120000  
-176.000000	0.155873  	0.001000  	0.160000  
-175.000000	0.194841  	0.001000  	0.200000  
-174.000000	0.233810  	0.001000  	0.240000  
-173.000000	0.272778  	0.001000  	0.280000  
-172.000000	0.311746  	0.001000  	0.320000  
-171.000000	0.350714  	0.001561  	0.357226  
-170.000000	0.389683  	0.002347  	0.393341  
-169.000000	0.428651  	0.008806  	0.417471  
-168.000000	0.467619  	0.018416  	0.434943  
-167.000000	0.506588  	0.028958  	0.452414  
-166.000000	0.545556  	0.040197  	0.469886  
-165.000000	0.584524  	0.052223  	0.487357  
-164.000000	0.623492  	0.065033  	0.504828  
-163.000000	0.662461  	0.078489  	0.522300  
-162.000000	0.701429  	0.092804  	0.539771  
-161.000000	0.740397  	0.107631  	0.555879  
-160.000000	0.779366  	0.123377  	0.569532  
-159.000000	0.818334  	0.139510  	0.581113  
-158.000000	0.857302  	0.156606  	0.587513  
-157.000000	0.896270  	0.173972  	0.593912  
-156.000000	0.935239  	0.192330  	0.600312  
-155.000000	0.974207  	0.210854  	0.606711  
-154.000000	1.013175  	0.230379  	0.613111  
-153.000000	1.052143  	0.249979  	0.619510  
-152.000000	1.091112  	0.270570  	0.625910  
-151.000000	1.130080  	0.291160  	0.632309  
-150.000000	1.105887  	0.313176  	0.626652  
-149.000000	1.081694  	0.335192  	0.620996  
-148.000000	1.057501  	0.357208  	0.615339  
-147.000000	1.033308  	0.379224  	0.609682  
-146.000000	1.011808  	0.402214  	0.601716  
-145.000000	0.991804  	0.425745  	0.592468  
-144.000000	0.971800  	0.449275  	0.583220  
-143.000000	0.951796  	0.472805  	0.573972  
-142.000000	0.932415  	0.496615  	0.565626  
-141.000000	0.914591  	0.521125  	0.559536  
-140.000000	0.896768  	0.545634  	0.553446  
-139.000000	0.878944  	0.570143  	0.547357  
-138.000000	0.861121  	0.594652  	0.541267  
-137.000000	0.844181  	0.619552  	0.538414  
-136.000000	0.827309  	0.644482  	0.535809  
-135.000000	0.810437  	0.669412  	0.533205  
-134.000000	0.793565  	0.694343  	0.530600  
-133.000000	0.776804  	0.719190  	0.528254  
-132.000000	0.760125  	0.743975  	0.526102  
-131.000000	0.743447  	0.768760  	0.523950  
-130.000000	0.726768  	0.793545  	0.521798  
-129.000000	0.710035  	0.818178  	0.520087  
-128.000000	0.693100  	0.842256  	0.519993  
-127.000000	0.676165  	0.866333  	0.519898  
-126.000000	0.659230  	0.890410  	0.519803  
-125.000000	0.642295  	0.914488  	0.519708  
-124.000000	0.624939  	0.937491  	0.519613  
-123.000000	0.607514  	0.960315  	0.519519  
-122.000000	0.590088  	0.983139  	0.519424  
-121.000000	0.572663  	1.005963  	0.519329  
-120.000000	0.554954  	1.027903  	0.519459  
-119.000000	0.536963  	1.048958  	0.519813  
-118.000000	0.518972  	1.070013  	0.520167  
-117.000000	0.500981  	1.091068  	0.520521  
-116.000000	0.482915  	1.111803  	0.520884  
-115.000000	0.464406  	1.130615  	0.521296  
-114.000000	0.445896  	1.149426  	0.521709  
-113.000000	0.427387  	1.168237  	0.522121  
-112.000000	0.408878  	1.187049  	0.522533  
-111.000000	0.390074  	1.203766  	0.522660  
-110.000000	0.371190  	1.219911  	0.522708  
-109.000000	0.352306  	1.236057  	0.522757  
-108.000000	0.333422  	1.252202  	0.522805  
-107.000000	0.314472  	1.267050  	0.522745  
-106.000000	0.295434  	1.280169  	0.522541  
-105.000000	0.276396  	1.293288  	0.522336  
-104.000000	0.257358  	1.306407  	0.522132  
-103.000000	0.238328  	1.319289  	0.521900  
-102.000000	0.219417  	1.329092  	0.521304  
-101.000000	0.200506  	1.338894  	0.520709  
-100.000000	0.181594  	1.348696  	0.520114  
-99.000000	0.162683  	1.358498  	0.519519  
-98.000000	0.144096  	1.365779  	0.518256  
-97.000000	0.125639  	1.372051  	0.516727  
-96.000000	0.107182  	1.378323  	0.515198  
-95.000000	0.088725  	1.384595  	0.513669  
-94.000000	0.070560  	1.389560  	0.512140  
-93.000000	0.052920  	1.392170  	0.510611  
-92.000000	0.035280  	1.394780  	0.509082  
-91.000000	0.017640  	1.397390  	0.507553  
-90.000000	0.000000  	1.400000  	0.506024  
-89.000000	-0.017640 	1.397390  	0.502482  
-88.000000	-0.035280 	1.394780  	0.498940  
-87.000000	-0.052920 	1.392170  	0.495398  
-86.000000	-0.070560 	1.389560  	0.491856  
-85.000000	-0.088725 	1.384595  	0.488314  
-84.000000	-0.107182 	1.378323  	0.484773  
-83.000000	-0.125639 	1.372051  	0.481231  
-82.000000	-0.144096 	1.365779  	0.477689  
-81.000000	-0.162683 	1.358498  	0.473948  
-80.000000	-0.181594 	1.348696  	0.469712  
-79.000000	-0.200506 	1.338894  	0.465476  
-78.000000	-0.219417 	1.329092  	0.461240  
-77.000000	-0.238328 	1.319289  	0.457004  
-76.000000	-0.257358 	1.306407  	0.452498  
-75.000000	-0.276396 	1.293288  	0.447972  
-74.000000	-0.295434 	1.280169  	0.443445  
-73.000000	-0.314472 	1.267050  	0.438918  
-72.000000	-0.333422 	1.252202  	0.434312  
-71.000000	-0.352306 	1.236057  	0.429645  
-70.000000	-0.371190 	1.219911  	0.424978  
-69.000000	-0.390074 	1.203766  	0.420311  
-68.000000	-0.408878 	1.187049  	0.415601  
-67.000000	-0.427387 	1.168237  	0.410732  
-66.000000	-0.445896 	1.149426  	0.405863  
-65.000000	-0.464406 	1.130615  	0.400994  
-64.000000	-0.482915 	1.111803  	0.396125  
-63.000000	-0.500981 	1.091068  	0.391270  
-62.000000	-0.518972 	1.070013  	0.386417  
-61.000000	-0.536963 	1.048958  	0.381564  
-60.000000	-0.554954 	1.027903  	0.376712  
-59.000000	-0.572663 	1.005963  	0.371923  
-58.000000	-0.590088 	0.983139  	0.367197  
-57.000000	-0.607514 	0.960315  	0.362471  
-56.000000	-0.624939 	0.937491  	0.357745  
-55.000000	-0.642295 	0.914488  	0.353020  
-54.000000	-0.659230 	0.890410  	0.348294  
-53.000000	-0.676165 	0.866333  	0.343568  
-52.000000	-0.693100 	0.842256  	0.338842  
-51.000000	-0.710035 	0.818178  	0.334117  
-50.000000	-0.726768 	0.793545  	0.329554  
-49.000000	-0.743447 	0.768760  	0.325036  
-48.000000	-0.760125 	0.743975  	0.320518  
-47.000000	-0.776804 	0.719190  	0.316000  
-46.000000	-0.793565 	0.694343  	0.311501  
-45.000000	-0.810437 	0.669412  	0.307029  
-44.000000	-0.827309 	0.644482  	0.302557  
-43.000000	-0.844181 	0.619552  	0.298084  
-42.000000	-0.861121 	0.594652  	0.293576  
-41.000000	-0.878944 	0.570143  	0.288608  
-40.000000	-0.896768 	0.545634  	0.283641  
-39.000000	-0.914591 	0.521125  	0.278673  
-38.000000	-0.932415 	0.496615  	0.273705  
-37.000000	-0.951796 	0.472805  	0.268416  
-36.000000	-0.971800 	0.449275  	0.262999  
-35.000000	-0.991804 	0.425745  	0.257582  
-34.000000	-1.011808 	0.402214  	0.252165  
-33.000000	-1.033308 	0.379224  	0.246293  
-32.000000	-1.057501 	0.357208  	0.239601  
-31.000000	-1.081694 	0.335192  	0.232909  
-30.000000	-1.105887 	0.313176  	0.226218  
-29.000000	-1.130080 	0.291160  	0.219526  
-28.000000	-1.100834 	0.276501  	0.208555  
-27.000000	-1.071587 	0.261841  	0.197583  
-26.000000	-1.042341 	0.247182  	0.186612  
-25.000000	-1.013095 	0.232522  	0.175641  
-24.000000	-0.983848 	0.217863  	0.164670  
-23.000000	-0.954602 	0.203203  	0.153698  
-22.000000	-0.925356 	0.188544  	0.142727  
-21.000000	-0.896109 	0.173884  	0.131756  
-20.000000	-0.866863 	0.159225  	0.120435  
-19.000000	-0.837617 	0.144565  	0.108706  
-18.000000	-0.808371 	0.129906  	0.096628  
-17.000000	-0.779124 	0.115246  	0.084549  
-16.000000	-0.749878 	0.100587  	0.072471  
-15.000000	-0.720632 	0.085927  	0.060392  
-14.000000	-0.691385 	0.071268  	0.048314  
-13.000000	-0.662139 	0.056608  	0.036235  
-12.000000	-0.632893 	0.041949  	-0.008396 
-11.000000	-0.603646 	0.027289  	-0.066048 
-10.000000	-0.574400 	0.012630  	-0.123700 
-9.000000 	-0.404100 	0.010060  	-0.141900 
-8.000000 	-0.270100 	0.009610  	-0.147600 
-7.000000 	-0.140000 	0.009440  	-0.152000 
-6.000000 	-0.012100 	0.009370  	-0.155700 
-5.000000 	0.114700  	0.009360  	-0.159100 
-4.000000 	0.241000  	0.009360  	-0.162300 
-3.000000 	0.366400  	0.009420  	-0.165300 
-2.000000 	0.490900  	0.009520  	-0.168200 
-1.000000 	0.614500  	0.009680  	-0.170800 
0.000000  	0.737200  	0.009840  	-0.173300 
1.000000  	0.858500  	0.010050  	-0.175500 
2.000000  	0.978600  	0.010270  	-0.177500 
3.000000  	1.097400  	0.010560  	-0.179200 
4.000000  	1.213600  	0.010940  	-0.180500 
5.000000  	1.325800  	0.011540  	-0.181000 
6.000000  	1.428100  	0.012820  	-0.179800 
7.000000  	1.513200  	0.015050  	-0.175600 
8.000000  	1.588000  	0.017360  	-0.169500 
9.000000  	1.647000  	0.019930  	-0.160600 
10.000000 	1.679400  	0.023400  	-0.147500 
11.000000 	1.709000  	0.028250  	-0.137000 
12.000000 	1.729000  	0.035530  	-0.129400 
13.000000 	1.737300  	0.045290  	-0.124000 
14.000000 	1.729300  	0.057420  	-0.119600 
15.000000 	1.722200  	0.070230  	-0.117000 
16.000000 	1.715700  	0.083640  	-0.115900 
17.000000 	1.699700  	0.098790  	-0.116200 
18.000000 	1.683900  	0.114460  	-0.118400 
19.000000 	1.671500  	0.130160  	-0.122600 
20.000000 	1.650300  	0.147820  	-0.129700 
21.000000 	1.620700  	0.167680  	-0.140400 
22.000000 	1.609400  	0.184870  	-0.151400 
23.000000 	1.601300  	0.201820  	-0.163800 
24.000000 	1.596900  	0.218260  	-0.177100 
25.000000 	1.598600  	0.233300  	-0.190300 
26.000000 	1.602800  	0.247710  	-0.203700 
27.000000 	1.613900  	0.259800  	-0.216000 
28.000000 	1.616900  	0.274620  	-0.231000 
29.000000 	1.614400  	0.291160  	-0.248000 
30.000000 	1.579838  	0.313176  	-0.255151 
31.000000 	1.545277  	0.335192  	-0.262302 
32.000000 	1.510715  	0.357208  	-0.269453 
33.000000 	1.476154  	0.379224  	-0.276604 
34.000000 	1.445440  	0.402214  	-0.283224 
35.000000 	1.416862  	0.425745  	-0.289547 
36.000000 	1.388285  	0.449275  	-0.295871 
37.000000 	1.359708  	0.472805  	-0.302194 
38.000000 	1.332021  	0.496615  	-0.308209 
39.000000 	1.306559  	0.521125  	-0.313453 
40.000000 	1.281097  	0.545634  	-0.318696 
41.000000 	1.255635  	0.570143  	-0.323939 
42.000000 	1.230172  	0.594652  	-0.329183 
43.000000 	1.205973  	0.619552  	-0.333319 
44.000000 	1.181870  	0.644482  	-0.337370 
45.000000 	1.157767  	0.669412  	-0.341421 
46.000000 	1.133664  	0.694343  	-0.345473 
47.000000 	1.109719  	0.719190  	-0.349492 
48.000000 	1.085893  	0.743975  	-0.353488 
49.000000 	1.062066  	0.768760  	-0.357484 
50.000000 	1.038240  	0.793545  	-0.361480 
51.000000 	1.014335  	0.818178  	-0.365422 
52.000000 	0.990142  	0.842256  	-0.369166 
53.000000 	0.965950  	0.866333  	-0.372910 
54.000000 	0.941757  	0.890410  	-0.376654 
55.000000 	0.917564  	0.914488  	-0.380398 
56.000000 	0.892771  	0.937491  	-0.384142 
57.000000 	0.867877  	0.960315  	-0.387886 
58.000000 	0.842983  	0.983139  	-0.391630 
59.000000 	0.818090  	1.005963  	-0.395374 
60.000000 	0.792792  	1.027903  	-0.399130 
61.000000 	0.767090  	1.048958  	-0.402900 
62.000000 	0.741388  	1.070013  	-0.406670 
63.000000 	0.715687  	1.091068  	-0.410439 
64.000000 	0.689879  	1.111803  	-0.414209 
65.000000 	0.663437  	1.130615  	-0.417982 
66.000000 	0.636995  	1.149426  	-0.421755 
67.000000 	0.610553  	1.168237  	-0.425528 
68.000000 	0.584111  	1.187049  	-0.429301 
69.000000 	0.557248  	1.203766  	-0.433035 
70.000000 	0.530271  	1.219911  	-0.436758 
71.000000 	0.503294  	1.236057  	-0.440481 
72.000000 	0.476317  	1.252202  	-0.444204 
73.000000 	0.449246  	1.267050  	-0.447912 
74.000000 	0.422048  	1.280169  	-0.451600 
75.000000 	0.394851  	1.293288  	-0.455289 
76.000000 	0.367654  	1.306407  	-0.458977 
77.000000 	0.340469  	1.319289  	-0.462656 
78.000000 	0.313453  	1.329092  	-0.466209 
79.000000 	0.286437  	1.338894  	-0.469762 
80.000000 	0.259420  	1.348696  	-0.473315 
81.000000 	0.232404  	1.358498  	-0.476868 
82.000000 	0.205851  	1.365779  	-0.480190 
83.000000 	0.179484  	1.372051  	-0.483419 
84.000000 	0.153117  	1.378323  	-0.486648 
85.000000 	0.126750  	1.384595  	-0.489878 
86.000000 	0.100800  	1.389560  	-0.493107 
87.000000 	0.075600  	1.392170  	-0.496336 
88.000000 	0.050400  	1.394780  	-0.499566 
89.000000 	0.025200  	1.397390  	-0.502795 
90.000000 	0.000000  	1.400000  	-0.506024 
91.000000 	-0.017640 	1.397390  	-0.507553 
92.000000 	-0.035280 	1.394780  	-0.509082 
93.000000 	-0.052920 	1.392170  	-0.510611 
94.000000 	-0.070560 	1.389560  	-0.512140 
95.000000 	-0.088725 	1.384595  	-0.513669 
96.000000 	-0.107182 	1.378323  	-0.515198 
97.000000 	-0.125639 	1.372051  	-0.516727 
98.000000 	-0.144096 	1.365779  	-0.518256 
99.000000 	-0.162683 	1.358498  	-0.519519 
100.000000	-0.181594 	1.348696  	-0.520114 
101.000000	-0.200506 	1.338894  	-0.520709 
102.000000	-0.219417 	1.329092  	-0.521304 
103.000000	-0.238328 	1.319289  	-0.521900 
104.000000	-0.257358 	1.306407  	-0.522132 
105.000000	-0.276396 	1.293288  	-0.522336 
106.000000	-0.295434 	1.280169  	-0.522541 
107.000000	-0.314472 	1.267050  	-0.522745 
108.000000	-0.333422 	1.252202  	-0.522805 
109.000000	-0.352306 	1.236057  	-0.522757 
110.000000	-0.371190 	1.219911  	-0.522708 
111.000000	-0.390074 	1.203766  	-0.522660 
112.000000	-0.408878 	1.187049  	-0.522533 
113.000000	-0.427387 	1.168237  	-0.522121 
114.000000	-0.445896 	1.149426  	-0.521709 
115.000000	-0.464406 	1.130615  	-0.521296 
116.000000	-0.482915 	1.111803  	-0.520884 
117.000000	-0.500981 	1.091068  	-0.520521 
118.000000	-0.518972 	1.070013  	-0.520167 
119.000000	-0.536963 	1.048958  	-0.519813 
120.000000	-0.554954 	1.027903  	-0.519459 
121.000000	-0.572663 	1.005963  	-0.519329 
122.000000	-0.590088 	0.983139  	-0.519424 
123.000000	-0.607514 	0.960315  	-0.519519 
124.000000	-0.624939 	0.937491  	-0.519613 
125.000000	-0.642295 	0.914488  	-0.519708 
126.000000	-0.659230 	0.890410  	-0.519803 
127.000000	-0.676165 	0.866333  	-0.519898 
128.000000	-0.693100 	0.842256  	-0.519993 
129.000000	-0.710035 	0.818178  	-0.520087 
130.000000	-0.726768 	0.793545  	-0.521798 
131.000000	-0.743447 	0.768760  	-0.523950 
132.000000	-0.760125 	0.743975  	-0.526102 
133.000000	-0.776804 	0.719190  	-0.528254 
134.000000	-0.793565 	0.694343  	-0.530600 
135.000000	-0.810437 	0.669412  	-0.533205 
136.000000	-0.827309 	0.644482  	-0.535809 
137.000000	-0.844181 	0.619552  	-0.538414 
138.000000	-0.861121 	0.594652  	-0.541267 
139.000000	-0.878944 	0.570143  	-0.547357 
140.000000	-0.896768 	0.545634  	-0.553446 
141.000000	-0.914591 	0.521125  	-0.559536 
142.000000	-0.932415 	0.496615  	-0.565626 
143.000000	-0.951796 	0.472805  	-0.573972 
144.000000	-0.971800 	0.449275  	-0.583220 
145.000000	-0.991804 	0.425745  	-0.592468 
146.000000	-1.011808 	0.402214  	-0.601716 
147.000000	-1.033308 	0.379224  	-0.609682 
148.000000	-1.057501 	0.357208  	-0.615339 
149.000000	-1.081694 	0.335192  	-0.620996 
150.000000	-1.105887 	0.313176  	-0.626652 
151.000000	-1.130080 	0.291160  	-0.632309 
152.000000	-1.091112 	0.270570  	-0.625910 
153.000000	-1.052143 	0.249979  	-0.619510 
154.000000	-1.013175 	0.230379  	-0.613111 
155.000000	-0.974207 	0.210854  	-0.606711 
156.000000	-0.935239 	0.192330  	-0.600312 
157.000000	-0.896270 	0.173972  	-0.593912 
158.000000	-0.857302 	0.156606  	-0.587513 
159.000000	-0.818334 	0.139510  	-0.581113 
160.000000	-0.779366 	0.123377  	-0.574212 
161.000000	-0.740397 	0.107631  	-0.567111 
162.000000	-0.701429 	0.092804  	-0.559771 
163.000000	-0.662461 	0.078489  	-0.552300 
164.000000	-0.623492 	0.065033  	-0.544828 
165.000000	-0.584524 	0.052223  	-0.537357 
166.000000	-0.545556 	0.040197  	-0.529886 
167.000000	-0.506588 	0.028958  	-0.522414 
168.000000	-0.467619 	0.018416  	-0.514943 
169.000000	-0.428651 	0.008806  	-0.507471 
170.000000	-0.389683 	0.002347  	-0.487430 
171.000000	-0.350714 	0.001561  	-0.444762 
172.000000	-0.311746 	0.001000  	-0.400000 
173.000000	-0.272778 	0.001000  	-0.350000 
174.000000	-0.233810 	0.001000  	-0.300000 
175.000000	-0.194841 	0.001000  	-0.250000 
176.000000	-0.155873 	0.001000  	-0.200000 
177.000000	-0.116905 	0.001000  	-0.150000 
178.000000	-0.077937 	0.001000  	-0.100000 
179.000000	-0.038968 	0.001000  	-0.050000 
180.000000	0.000000  	0.001000  	0.000000  
! ------------------------------------------------------------------------------
! data for table	10        
! ------------------------------------------------------------------------------
  1.100000  	Re           ! Reynolds number in millions
  0.000000  	UserProp     ! User property (control) setting
Flase           InclUAdata   ! Is unsteady aerodynamics data included in this table? If TRUE, then include UA coefficients below this line. Any missing coefficients will be calculated internally.
! Table of aerodynamics coefficients
  361       	NumAlf       ! Number of data lines in the following table
!Alpha      Cl          Cd          Cm/Cp
!(deg)      (-)         (-)         (-)
-180.000000	0.000000  	0.001000  	0.000000  
-179.000000	0.039048  	0.001000  	0.040000  
-178.000000	0.078096  	0.001000  	0.080000  
-177.000000	0.117144  	0.001000  	0.120000  
-176.000000	0.156192  	0.001000  	0.160000  
-175.000000	0.195240  	0.001000  	0.200000  
-174.000000	0.234288  	0.001000  	0.240000  
-173.000000	0.273336  	0.001000  	0.280000  
-172.000000	0.312383  	0.001000  	0.320000  
-171.000000	0.351431  	0.001367  	0.357251  
-170.000000	0.390479  	0.001882  	0.393403  
-169.000000	0.429527  	0.008245  	0.417679  
-168.000000	0.468575  	0.017857  	0.435357  
-167.000000	0.507623  	0.028401  	0.453036  
-166.000000	0.546671  	0.039643  	0.470715  
-165.000000	0.585719  	0.051670  	0.488394  
-164.000000	0.624767  	0.064484  	0.506072  
-163.000000	0.663815  	0.077942  	0.523751  
-162.000000	0.702863  	0.092261  	0.541430  
-161.000000	0.741911  	0.107090  	0.557719  
-160.000000	0.780959  	0.122840  	0.571505  
-159.000000	0.820007  	0.138976  	0.583179  
-158.000000	0.859054  	0.156076  	0.589571  
-157.000000	0.898102  	0.173446  	0.595963  
-156.000000	0.937150  	0.191808  	0.602355  
-155.000000	0.976198  	0.210336  	0.608747  
-154.000000	1.015246  	0.229865  	0.615139  
-153.000000	1.054294  	0.249470  	0.621532  
-152.000000	1.093342  	0.270065  	0.627924  
-151.000000	1.132390  	0.290660  	0.634316  
-150.000000	1.108093  	0.312681  	0.628600  
-149.000000	1.083796  	0.334703  	0.622885  
-148.000000	1.059499  	0.356724  	0.617169  
-147.000000	1.035202  	0.378745  	0.611454  
-146.000000	1.013612  	0.401740  	0.603420  
-145.000000	0.993525  	0.425277  	0.594098  
-144.000000	0.973439  	0.448813  	0.584776  
-143.000000	0.953352  	0.472349  	0.575454  
-142.000000	0.933893  	0.496165  	0.567040  
-141.000000	0.916002  	0.520681  	0.560895  
-140.000000	0.898111  	0.545196  	0.554750  
-139.000000	0.880220  	0.569711  	0.548605  
-138.000000	0.862329  	0.594227  	0.542460  
-137.000000	0.845333  	0.619134  	0.539570  
-136.000000	0.828405  	0.644071  	0.536931  
-135.000000	0.811477  	0.669009  	0.534292  
-134.000000	0.794549  	0.693946  	0.531652  
-133.000000	0.777737  	0.718800  	0.529273  
-132.000000	0.761011  	0.743593  	0.527089  
-131.000000	0.744286  	0.768385  	0.524906  
-130.000000	0.727560  	0.793178  	0.522722  
-129.000000	0.710781  	0.817819  	0.520982  
-128.000000	0.693807  	0.841904  	0.520868  
-127.000000	0.676832  	0.865989  	0.520755  
-126.000000	0.659858  	0.890074  	0.520641  
-125.000000	0.642883  	0.914160  	0.520528  
-124.000000	0.625494  	0.937171  	0.520415  
-123.000000	0.608035  	0.960004  	0.520301  
-122.000000	0.590576  	0.982837  	0.520188  
-121.000000	0.573117  	1.005669  	0.520074  
-120.000000	0.555378  	1.027617  	0.520189  
-119.000000	0.537359  	1.048681  	0.520530  
-118.000000	0.519340  	1.069745  	0.520872  
-117.000000	0.501321  	1.090809  	0.521214  
-116.000000	0.483229  	1.111552  	0.521565  
-115.000000	0.464696  	1.130373  	0.521966  
-114.000000	0.446164  	1.149194  	0.522367  
-113.000000	0.427632  	1.168014  	0.522768  
-112.000000	0.409100  	1.186835  	0.523169  
-111.000000	0.390277  	1.203561  	0.523285  
-110.000000	0.371374  	1.219716  	0.523324  
-109.000000	0.352472  	1.235871  	0.523362  
-108.000000	0.333570  	1.252025  	0.523401  
-107.000000	0.314604  	1.266883  	0.523332  
-106.000000	0.295552  	1.280012  	0.523119  
-105.000000	0.276499  	1.293140  	0.522906  
-104.000000	0.257447  	1.306269  	0.522693  
-103.000000	0.238405  	1.319161  	0.522452  
-102.000000	0.219483  	1.328973  	0.521849  
-101.000000	0.200562  	1.338785  	0.521245  
-100.000000	0.181641  	1.348597  	0.520642  
-99.000000	0.162720  	1.358409  	0.520038  
-98.000000	0.144126  	1.365700  	0.518768  
-97.000000	0.125663  	1.371982  	0.517231  
-96.000000	0.107200  	1.378264  	0.515694  
-95.000000	0.088737  	1.384546  	0.514157  
-94.000000	0.070568  	1.389520  	0.512620  
-93.000000	0.052926  	1.392140  	0.511083  
-92.000000	0.035284  	1.394760  	0.509547  
-91.000000	0.017642  	1.397380  	0.508010  
-90.000000	0.000000  	1.400000  	0.506473  
-89.000000	-0.017642 	1.397380  	0.502918  
-88.000000	-0.035284 	1.394760  	0.499364  
-87.000000	-0.052926 	1.392140  	0.495810  
-86.000000	-0.070568 	1.389520  	0.492255  
-85.000000	-0.088737 	1.384546  	0.488701  
-84.000000	-0.107200 	1.378264  	0.485147  
-83.000000	-0.125663 	1.371982  	0.481592  
-82.000000	-0.144126 	1.365700  	0.478038  
-81.000000	-0.162720 	1.358409  	0.474286  
-80.000000	-0.181641 	1.348597  	0.470039  
-79.000000	-0.200562 	1.338785  	0.465792  
-78.000000	-0.219483 	1.328973  	0.461545  
-77.000000	-0.238405 	1.319161  	0.457299  
-76.000000	-0.257447 	1.306269  	0.452783  
-75.000000	-0.276499 	1.293140  	0.448246  
-74.000000	-0.295552 	1.280012  	0.443709  
-73.000000	-0.314604 	1.266883  	0.439173  
-72.000000	-0.333570 	1.252025  	0.434556  
-71.000000	-0.352472 	1.235871  	0.429881  
-70.000000	-0.371374 	1.219716  	0.425205  
-69.000000	-0.390277 	1.203561  	0.420529  
-68.000000	-0.409100 	1.186835  	0.415810  
-67.000000	-0.427632 	1.168014  	0.410934  
-66.000000	-0.446164 	1.149194  	0.406058  
-65.000000	-0.464696 	1.130373  	0.401182  
-64.000000	-0.483229 	1.111552  	0.396306  
-63.000000	-0.501321 	1.090809  	0.391444  
-62.000000	-0.519340 	1.069745  	0.386584  
-61.000000	-0.537359 	1.048681  	0.381724  
-60.000000	-0.555378 	1.027617  	0.376865  
-59.000000	-0.573117 	1.005669  	0.372070  
-58.000000	-0.590576 	0.982837  	0.367338  
-57.000000	-0.608035 	0.960004  	0.362607  
-56.000000	-0.625494 	0.937171  	0.357876  
-55.000000	-0.642883 	0.914160  	0.353145  
-54.000000	-0.659858 	0.890074  	0.348413  
-53.000000	-0.676832 	0.865989  	0.343682  
-52.000000	-0.693807 	0.841904  	0.338951  
-51.000000	-0.710781 	0.817819  	0.334220  
-50.000000	-0.727560 	0.793178  	0.329650  
-49.000000	-0.744286 	0.768385  	0.325123  
-48.000000	-0.761011 	0.743593  	0.320597  
-47.000000	-0.777737 	0.718800  	0.316071  
-46.000000	-0.794549 	0.693946  	0.311564  
-45.000000	-0.811477 	0.669009  	0.307083  
-44.000000	-0.828405 	0.644071  	0.302602  
-43.000000	-0.845333 	0.619134  	0.298120  
-42.000000	-0.862329 	0.594227  	0.293603  
-41.000000	-0.880220 	0.569711  	0.288616  
-40.000000	-0.898111 	0.545196  	0.283630  
-39.000000	-0.916002 	0.520681  	0.278643  
-38.000000	-0.933893 	0.496165  	0.273656  
-37.000000	-0.953352 	0.472349  	0.268342  
-36.000000	-0.973439 	0.448813  	0.262897  
-35.000000	-0.993525 	0.425277  	0.257452  
-34.000000	-1.013612 	0.401740  	0.252007  
-33.000000	-1.035202 	0.378745  	0.246106  
-32.000000	-1.059499 	0.356724  	0.239383  
-31.000000	-1.083796 	0.334703  	0.232660  
-30.000000	-1.108093 	0.312681  	0.225937  
-29.000000	-1.132390 	0.290660  	0.219214  
-28.000000	-1.103191 	0.276046  	0.208202  
-27.000000	-1.073991 	0.261433  	0.197189  
-26.000000	-1.044792 	0.246819  	0.186177  
-25.000000	-1.015592 	0.232205  	0.175164  
-24.000000	-0.986393 	0.217592  	0.164152  
-23.000000	-0.957193 	0.202978  	0.153139  
-22.000000	-0.927994 	0.188364  	0.142127  
-21.000000	-0.898794 	0.173751  	0.131114  
-20.000000	-0.869595 	0.159137  	0.119787  
-19.000000	-0.840395 	0.144523  	0.108092  
-18.000000	-0.811196 	0.129909  	0.096082  
-17.000000	-0.781996 	0.115296  	0.084071  
-16.000000	-0.752797 	0.100682  	0.072061  
-15.000000	-0.723597 	0.086068  	0.060051  
-14.000000	-0.694398 	0.071455  	0.048041  
-13.000000	-0.665198 	0.056841  	0.036031  
-12.000000	-0.635999 	0.042227  	-0.008111 
-11.000000	-0.606799 	0.027614  	-0.065106 
-10.000000	-0.577600 	0.013000  	-0.122100 
-9.000000 	-0.401900 	0.009880  	-0.142500 
-8.000000 	-0.268400 	0.009440  	-0.148100 
-7.000000 	-0.137800 	0.009190  	-0.152600 
-6.000000 	-0.010200 	0.009140  	-0.156200 
-5.000000 	0.116900  	0.009080  	-0.159600 
-4.000000 	0.243100  	0.009090  	-0.162800 
-3.000000 	0.368500  	0.009130  	-0.165800 
-2.000000 	0.493000  	0.009230  	-0.168700 
-1.000000 	0.616700  	0.009370  	-0.171300 
0.000000  	0.739300  	0.009550  	-0.173800 
1.000000  	0.860700  	0.009740  	-0.176000 
2.000000  	0.981000  	0.009980  	-0.178000 
3.000000  	1.099500  	0.010280  	-0.179700 
4.000000  	1.216300  	0.010650  	-0.181100 
5.000000  	1.328600  	0.011290  	-0.181700 
6.000000  	1.429200  	0.012750  	-0.180200 
7.000000  	1.514700  	0.014940  	-0.176000 
8.000000  	1.591400  	0.017150  	-0.170300 
9.000000  	1.652200  	0.019660  	-0.161600 
10.000000 	1.686800  	0.022960  	-0.148800 
11.000000 	1.716200  	0.027710  	-0.138000 
12.000000 	1.738800  	0.034640  	-0.130300 
13.000000 	1.744900  	0.044530  	-0.124600 
14.000000 	1.738800  	0.056420  	-0.120200 
15.000000 	1.735300  	0.068750  	-0.117500 
16.000000 	1.729100  	0.082010  	-0.116200 
17.000000 	1.714300  	0.096910  	-0.116300 
18.000000 	1.703700  	0.111710  	-0.118100 
19.000000 	1.685300  	0.128170  	-0.122200 
20.000000 	1.654300  	0.147280  	-0.129600 
21.000000 	1.642000  	0.164030  	-0.138300 
22.000000 	1.628500  	0.181370  	-0.149200 
23.000000 	1.614100  	0.199440  	-0.162200 
24.000000 	1.604700  	0.216870  	-0.176100 
25.000000 	1.602200  	0.232830  	-0.189900 
26.000000 	1.607000  	0.246960  	-0.203450 
27.000000 	1.611800  	0.261090  	-0.217000 
28.000000 	1.616000  	0.275520  	-0.231600 
29.000000 	1.617700  	0.290660  	-0.247400 
30.000000 	1.582990  	0.312681  	-0.254603 
31.000000 	1.548280  	0.334703  	-0.261805 
32.000000 	1.513570  	0.356724  	-0.269008 
33.000000 	1.478861  	0.378745  	-0.276211 
34.000000 	1.448017  	0.401740  	-0.282876 
35.000000 	1.419322  	0.425277  	-0.289243 
36.000000 	1.390627  	0.448813  	-0.295610 
37.000000 	1.361932  	0.472349  	-0.301978 
38.000000 	1.334133  	0.496165  	-0.308032 
39.000000 	1.308575  	0.520681  	-0.313305 
40.000000 	1.283016  	0.545196  	-0.318578 
41.000000 	1.257458  	0.569711  	-0.323852 
42.000000 	1.231899  	0.594227  	-0.329125 
43.000000 	1.207618  	0.619134  	-0.333277 
44.000000 	1.183435  	0.644071  	-0.337343 
45.000000 	1.159253  	0.669009  	-0.341409 
46.000000 	1.135070  	0.693946  	-0.345475 
47.000000 	1.111052  	0.718800  	-0.349508 
48.000000 	1.087159  	0.743593  	-0.353517 
49.000000 	1.063265  	0.768385  	-0.357527 
50.000000 	1.039372  	0.793178  	-0.361536 
51.000000 	1.015402  	0.817819  	-0.365490 
52.000000 	0.991153  	0.841904  	-0.369242 
53.000000 	0.966903  	0.865989  	-0.372994 
54.000000 	0.942654  	0.890074  	-0.376746 
55.000000 	0.918405  	0.914160  	-0.380498 
56.000000 	0.893562  	0.937171  	-0.384250 
57.000000 	0.868621  	0.960004  	-0.388002 
58.000000 	0.843680  	0.982837  	-0.391754 
59.000000 	0.818739  	1.005669  	-0.395506 
60.000000 	0.793397  	1.027617  	-0.399270 
61.000000 	0.767656  	1.048681  	-0.403048 
62.000000 	0.741914  	1.069745  	-0.406826 
63.000000 	0.716173  	1.090809  	-0.410603 
64.000000 	0.690327  	1.111552  	-0.414382 
65.000000 	0.663852  	1.130373  	-0.418163 
66.000000 	0.637377  	1.149194  	-0.421944 
67.000000 	0.610903  	1.168014  	-0.425725 
68.000000 	0.584428  	1.186835  	-0.429506 
69.000000 	0.557538  	1.203561  	-0.433249 
70.000000 	0.530535  	1.219716  	-0.436981 
71.000000 	0.503532  	1.235871  	-0.440714 
72.000000 	0.476529  	1.252025  	-0.444446 
73.000000 	0.449434  	1.266883  	-0.448164 
74.000000 	0.422216  	1.280012  	-0.451863 
75.000000 	0.394999  	1.293140  	-0.455562 
76.000000 	0.367782  	1.306269  	-0.459261 
77.000000 	0.340578  	1.319161  	-0.462950 
78.000000 	0.313548  	1.328973  	-0.466514 
79.000000 	0.286517  	1.338785  	-0.470078 
80.000000 	0.259487  	1.348597  	-0.473641 
81.000000 	0.232457  	1.358409  	-0.477205 
82.000000 	0.205894  	1.365700  	-0.480539 
83.000000 	0.179519  	1.371982  	-0.483781 
84.000000 	0.153143  	1.378264  	-0.487023 
85.000000 	0.126768  	1.384546  	-0.490264 
86.000000 	0.100811  	1.389520  	-0.493506 
87.000000 	0.075608  	1.392140  	-0.496748 
88.000000 	0.050406  	1.394760  	-0.499989 
89.000000 	0.025203  	1.397380  	-0.503231 
90.000000 	0.000000  	1.400000  	-0.506473 
91.000000 	-0.017642 	1.397380  	-0.508010 
92.000000 	-0.035284 	1.394760  	-0.509547 
93.000000 	-0.052926 	1.392140  	-0.511083 
94.000000 	-0.070568 	1.389520  	-0.512620 
95.000000 	-0.088737 	1.384546  	-0.514157 
96.000000 	-0.107200 	1.378264  	-0.515694 
97.000000 	-0.125663 	1.371982  	-0.517231 
98.000000 	-0.144126 	1.365700  	-0.518768 
99.000000 	-0.162720 	1.358409  	-0.520038 
100.000000	-0.181641 	1.348597  	-0.520642 
101.000000	-0.200562 	1.338785  	-0.521245 
102.000000	-0.219483 	1.328973  	-0.521849 
103.000000	-0.238405 	1.319161  	-0.522452 
104.000000	-0.257447 	1.306269  	-0.522693 
105.000000	-0.276499 	1.293140  	-0.522906 
106.000000	-0.295552 	1.280012  	-0.523119 
107.000000	-0.314604 	1.266883  	-0.523332 
108.000000	-0.333570 	1.252025  	-0.523401 
109.000000	-0.352472 	1.235871  	-0.523362 
110.000000	-0.371374 	1.219716  	-0.523324 
111.000000	-0.390277 	1.203561  	-0.523285 
112.000000	-0.409100 	1.186835  	-0.523169 
113.000000	-0.427632 	1.168014  	-0.522768 
114.000000	-0.446164 	1.149194  	-0.522367 
115.000000	-0.464696 	1.130373  	-0.521966 
116.000000	-0.483229 	1.111552  	-0.521565 
117.000000	-0.501321 	1.090809  	-0.521214 
118.000000	-0.519340 	1.069745  	-0.520872 
119.000000	-0.537359 	1.048681  	-0.520530 
120.000000	-0.555378 	1.027617  	-0.520189 
121.000000	-0.573117 	1.005669  	-0.520074 
122.000000	-0.590576 	0.982837  	-0.520188 
123.000000	-0.608035 	0.960004  	-0.520301 
124.000000	-0.625494 	0.937171  	-0.520415 
125.000000	-0.642883 	0.914160  	-0.520528 
126.000000	-0.659858 	0.890074  	-0.520641 
127.000000	-0.676832 	0.865989  	-0.520755 
128.000000	-0.693807 	0.841904  	-0.520868 
129.000000	-0.710781 	0.817819  	-0.520982 
130.000000	-0.727560 	0.793178  	-0.522722 
131.000000	-0.744286 	0.768385  	-0.524906 
132.000000	-0.761011 	0.743593  	-0.527089 
133.000000	-0.777737 	0.718800  	-0.529273 
134.000000	-0.794549 	0.693946  	-0.531652 
135.000000	-0.811477 	0.669009  	-0.534292 
136.000000	-0.828405 	0.644071  	-0.536931 
137.000000	-0.845333 	0.619134  	-0.539570 
138.000000	-0.862329 	0.594227  	-0.542460 
139.000000	-0.880220 	0.569711  	-0.548605 
140.000000	-0.898111 	0.545196  	-0.554750 
141.000000	-0.916002 	0.520681  	-0.560895 
142.000000	-0.933893 	0.496165  	-0.567040 
143.000000	-0.953352 	0.472349  	-0.575454 
144.000000	-0.973439 	0.448813  	-0.584776 
145.000000	-0.993525 	0.425277  	-0.594098 
146.000000	-1.013612 	0.401740  	-0.603420 
147.000000	-1.035202 	0.378745  	-0.611454 
148.000000	-1.059499 	0.356724  	-0.617169 
149.000000	-1.083796 	0.334703  	-0.622885 
150.000000	-1.108093 	0.312681  	-0.628600 
151.000000	-1.132390 	0.290660  	-0.634316 
152.000000	-1.093342 	0.270065  	-0.627924 
153.000000	-1.054294 	0.249470  	-0.621532 
154.000000	-1.015246 	0.229865  	-0.615139 
155.000000	-0.976198 	0.210336  	-0.608747 
156.000000	-0.937150 	0.191808  	-0.602355 
157.000000	-0.898102 	0.173446  	-0.595963 
158.000000	-0.859054 	0.156076  	-0.589571 
159.000000	-0.820007 	0.138976  	-0.583179 
160.000000	-0.780959 	0.122840  	-0.576185 
161.000000	-0.741911 	0.107090  	-0.568950 
162.000000	-0.702863 	0.092261  	-0.561430 
163.000000	-0.663815 	0.077942  	-0.553751 
164.000000	-0.624767 	0.064484  	-0.546072 
165.000000	-0.585719 	0.051670  	-0.538394 
166.000000	-0.546671 	0.039643  	-0.530715 
167.000000	-0.507623 	0.028401  	-0.523036 
168.000000	-0.468575 	0.017857  	-0.515357 
169.000000	-0.429527 	0.008245  	-0.507679 
170.000000	-0.390479 	0.001882  	-0.487491 
171.000000	-0.351431 	0.001367  	-0.444788 
172.000000	-0.312383 	0.001000  	-0.400000 
173.000000	-0.273336 	0.001000  	-0.350000 
174.000000	-0.234288 	0.001000  	-0.300000 
175.000000	-0.195240 	0.001000  	-0.250000 
176.000000	-0.156192 	0.001000  	-0.200000 
177.000000	-0.117144 	0.001000  	-0.150000 
178.000000	-0.078096 	0.001000  	-0.100000 
179.000000	-0.039048 	0.001000  	-0.050000 
180.000000	0.000000  	0.001000  	0.000000  
! ------------------------------------------------------------------------------
! data for table	11        
! ------------------------------------------------------------------------------
  1.200000  	Re           ! Reynolds number in millions
  0.000000  	UserProp     ! User property (control) setting
Flase           InclUAdata   ! Is unsteady aerodynamics data included in this table? If TRUE, then include UA coefficients below this line. Any missing coefficients will be calculated internally.
! Table of aerodynamics coefficients
  361       	NumAlf       ! Number of data lines in the following table
!Alpha      Cl          Cd          Cm/Cp
!(deg)      (-)         (-)         (-)
-180.000000	0.000000  	0.001000  	0.000000  
-179.000000	0.039147  	0.001000  	0.040000  
-178.000000	0.078294  	0.001000  	0.080000  
-177.000000	0.117441  	0.001000  	0.120000  
-176.000000	0.156588  	0.001000  	0.160000  
-175.000000	0.195734  	0.001000  	0.200000  
-174.000000	0.234881  	0.001000  	0.240000  
-173.000000	0.274028  	0.001000  	0.280000  
-172.000000	0.313175  	0.001000  	0.320000  
-171.000000	0.352322  	0.001045  	0.357282  
-170.000000	0.391469  	0.001109  	0.393477  
-169.000000	0.430616  	0.007313  	0.417932  
-168.000000	0.469763  	0.016929  	0.435864  
-167.000000	0.508910  	0.027476  	0.453796  
-166.000000	0.548057  	0.038722  	0.471728  
-165.000000	0.587203  	0.050754  	0.489660  
-164.000000	0.626350  	0.063572  	0.507592  
-163.000000	0.665497  	0.077035  	0.525524  
-162.000000	0.704644  	0.091358  	0.543456  
-161.000000	0.743791  	0.106193  	0.559966  
-160.000000	0.782938  	0.121949  	0.573915  
-159.000000	0.822085  	0.138090  	0.585703  
-158.000000	0.861232  	0.155196  	0.592085  
-157.000000	0.900379  	0.172573  	0.598467  
-156.000000	0.939526  	0.190941  	0.604849  
-155.000000	0.978672  	0.209476  	0.611231  
-154.000000	1.017819  	0.229012  	0.617614  
-153.000000	1.056966  	0.248624  	0.623996  
-152.000000	1.096113  	0.269227  	0.630378  
-151.000000	1.135260  	0.289830  	0.636760  
-150.000000	1.110834  	0.311860  	0.630971  
-149.000000	1.086408  	0.333890  	0.625182  
-148.000000	1.061982  	0.355920  	0.619393  
-147.000000	1.037556  	0.377949  	0.613604  
-146.000000	1.015854  	0.400954  	0.605485  
-145.000000	0.995665  	0.424500  	0.596071  
-144.000000	0.975476  	0.448046  	0.586656  
-143.000000	0.955286  	0.471591  	0.577242  
-142.000000	0.935730  	0.495417  	0.568742  
-141.000000	0.917755  	0.519943  	0.562528  
-140.000000	0.899781  	0.544470  	0.556314  
-139.000000	0.881806  	0.568996  	0.550100  
-138.000000	0.863831  	0.593522  	0.543886  
-137.000000	0.846764  	0.618440  	0.540952  
-136.000000	0.829766  	0.643389  	0.538269  
-135.000000	0.812769  	0.668338  	0.535587  
-134.000000	0.795771  	0.693287  	0.532904  
-133.000000	0.778896  	0.718153  	0.530484  
-132.000000	0.762112  	0.742958  	0.528261  
-131.000000	0.745328  	0.767763  	0.526038  
-130.000000	0.728544  	0.792568  	0.523815  
-129.000000	0.711709  	0.817222  	0.522039  
-128.000000	0.694685  	0.841320  	0.521903  
-127.000000	0.677662  	0.865419  	0.521767  
-126.000000	0.660638  	0.889517  	0.521631  
-125.000000	0.643614  	0.913616  	0.521495  
-124.000000	0.626182  	0.936641  	0.521359  
-123.000000	0.608682  	0.959487  	0.521223  
-122.000000	0.591182  	0.982334  	0.521087  
-121.000000	0.573681  	1.005180  	0.520951  
-120.000000	0.555905  	1.027143  	0.521047  
-119.000000	0.537851  	1.048221  	0.521374  
-118.000000	0.519798  	1.069300  	0.521702  
-117.000000	0.501744  	1.090378  	0.522029  
-116.000000	0.483618  	1.111137  	0.522365  
-115.000000	0.465057  	1.129972  	0.522753  
-114.000000	0.446497  	1.148808  	0.523141  
-113.000000	0.427936  	1.167644  	0.523528  
-112.000000	0.409375  	1.186479  	0.523916  
-111.000000	0.390529  	1.203221  	0.524021  
-110.000000	0.371604  	1.219391  	0.524048  
-109.000000	0.352679  	1.235562  	0.524076  
-108.000000	0.333754  	1.251732  	0.524103  
-107.000000	0.314767  	1.266606  	0.524024  
-106.000000	0.295698  	1.279750  	0.523801  
-105.000000	0.276628  	1.292895  	0.523579  
-104.000000	0.257559  	1.306040  	0.523356  
-103.000000	0.238499  	1.318947  	0.523106  
-102.000000	0.219566  	1.328776  	0.522493  
-101.000000	0.200632  	1.338604  	0.521880  
-100.000000	0.181699  	1.348432  	0.521266  
-99.000000	0.162765  	1.358261  	0.520653  
-98.000000	0.144163  	1.365568  	0.519374  
-97.000000	0.125693  	1.371866  	0.517828  
-96.000000	0.107223  	1.378164  	0.516283  
-95.000000	0.088753  	1.384463  	0.514737  
-94.000000	0.070577  	1.389454  	0.513191  
-93.000000	0.052933  	1.392090  	0.511645  
-92.000000	0.035289  	1.394727  	0.510100  
-91.000000	0.017644  	1.397363  	0.508554  
-90.000000	0.000000  	1.400000  	0.507008  
-89.000000	-0.017644 	1.397363  	0.503437  
-88.000000	-0.035289 	1.394727  	0.499867  
-87.000000	-0.052933 	1.392090  	0.496296  
-86.000000	-0.070577 	1.389454  	0.492725  
-85.000000	-0.088753 	1.384463  	0.489154  
-84.000000	-0.107223 	1.378164  	0.485583  
-83.000000	-0.125693 	1.371866  	0.482012  
-82.000000	-0.144163 	1.365568  	0.478441  
-81.000000	-0.162765 	1.358261  	0.474673  
-80.000000	-0.181699 	1.348432  	0.470412  
-79.000000	-0.200632 	1.338604  	0.466151  
-78.000000	-0.219566 	1.328776  	0.461890  
-77.000000	-0.238499 	1.318947  	0.457629  
-76.000000	-0.257559 	1.306040  	0.453100  
-75.000000	-0.276628 	1.292895  	0.448550  
-74.000000	-0.295698 	1.279750  	0.444000  
-73.000000	-0.314767 	1.266606  	0.439450  
-72.000000	-0.333754 	1.251732  	0.434821  
-71.000000	-0.352679 	1.235562  	0.430133  
-70.000000	-0.371604 	1.219391  	0.425446  
-69.000000	-0.390529 	1.203221  	0.420758  
-68.000000	-0.409375 	1.186479  	0.416028  
-67.000000	-0.427936 	1.167644  	0.411143  
-66.000000	-0.446497 	1.148808  	0.406257  
-65.000000	-0.465057 	1.129972  	0.401372  
-64.000000	-0.483618 	1.111137  	0.396486  
-63.000000	-0.501744 	1.090378  	0.391615  
-62.000000	-0.519798 	1.069300  	0.386746  
-61.000000	-0.537851 	1.048221  	0.381878  
-60.000000	-0.555905 	1.027143  	0.377009  
-59.000000	-0.573681 	1.005180  	0.372206  
-58.000000	-0.591182 	0.982334  	0.367467  
-57.000000	-0.608682 	0.959487  	0.362729  
-56.000000	-0.626182 	0.936641  	0.357991  
-55.000000	-0.643614 	0.913616  	0.353253  
-54.000000	-0.660638 	0.889517  	0.348515  
-53.000000	-0.677662 	0.865419  	0.343777  
-52.000000	-0.694685 	0.841320  	0.339039  
-51.000000	-0.711709 	0.817222  	0.334301  
-50.000000	-0.728544 	0.792568  	0.329721  
-49.000000	-0.745328 	0.767763  	0.325185  
-48.000000	-0.762112 	0.742958  	0.320648  
-47.000000	-0.778896 	0.718153  	0.316112  
-46.000000	-0.795771 	0.693287  	0.311594  
-45.000000	-0.812769 	0.668338  	0.307102  
-44.000000	-0.829766 	0.643389  	0.302610  
-43.000000	-0.846764 	0.618440  	0.298118  
-42.000000	-0.863831 	0.593522  	0.293589  
-41.000000	-0.881806 	0.568996  	0.288579  
-40.000000	-0.899781 	0.544470  	0.283569  
-39.000000	-0.917755 	0.519943  	0.278559  
-38.000000	-0.935730 	0.495417  	0.273549  
-37.000000	-0.955286 	0.471591  	0.268203  
-36.000000	-0.975476 	0.448046  	0.262723  
-35.000000	-0.995665 	0.424500  	0.257243  
-34.000000	-1.015854 	0.400954  	0.251764  
-33.000000	-1.037556 	0.377949  	0.245826  
-32.000000	-1.061982 	0.355920  	0.239065  
-31.000000	-1.086408 	0.333890  	0.232304  
-30.000000	-1.110834 	0.311860  	0.225543  
-29.000000	-1.135260 	0.289830  	0.218781  
-28.000000	-1.106104 	0.275275  	0.207718  
-27.000000	-1.076948 	0.260721  	0.196655  
-26.000000	-1.047793 	0.246166  	0.185592  
-25.000000	-1.018637 	0.231611  	0.174529  
-24.000000	-0.989481 	0.217056  	0.163466  
-23.000000	-0.960325 	0.202502  	0.152403  
-22.000000	-0.931169 	0.187947  	0.141340  
-21.000000	-0.902014 	0.173392  	0.130277  
-20.000000	-0.872858 	0.158837  	0.118943  
-19.000000	-0.843702 	0.144283  	0.107292  
-18.000000	-0.814546 	0.129728  	0.095371  
-17.000000	-0.785391 	0.115173  	0.083450  
-16.000000	-0.756235 	0.100618  	0.071528  
-15.000000	-0.727079 	0.086064  	0.059607  
-14.000000	-0.697923 	0.071509  	0.047686  
-13.000000	-0.668767 	0.056954  	0.035764  
-12.000000	-0.639612 	0.042399  	-0.007868 
-11.000000	-0.610456 	0.027845  	-0.064184 
-10.000000	-0.581300 	0.013290  	-0.120500 
-9.000000 	-0.400900 	0.009780  	-0.142700 
-8.000000 	-0.266600 	0.009270  	-0.148500 
-7.000000 	-0.136200 	0.009030  	-0.153000 
-6.000000 	-0.008000 	0.008910  	-0.156800 
-5.000000 	0.118800  	0.008870  	-0.160100 
-4.000000 	0.244900  	0.008880  	-0.163300 
-3.000000 	0.370200  	0.008920  	-0.166300 
-2.000000 	0.494800  	0.009000  	-0.169100 
-1.000000 	0.618500  	0.009130  	-0.171800 
0.000000  	0.741200  	0.009300  	-0.174200 
1.000000  	0.862600  	0.009510  	-0.176400 
2.000000  	0.982800  	0.009740  	-0.178400 
3.000000  	1.101500  	0.010050  	-0.180200 
4.000000  	1.218200  	0.010440  	-0.181600 
5.000000  	1.330400  	0.011130  	-0.182200 
6.000000  	1.430100  	0.012690  	-0.180500 
7.000000  	1.516100  	0.014840  	-0.176500 
8.000000  	1.593700  	0.017010  	-0.170800 
9.000000  	1.642750  	0.019835  	-0.160300 
10.000000 	1.691800  	0.022660  	-0.149800 
11.000000 	1.724100  	0.027140  	-0.139100 
12.000000 	1.746400  	0.033950  	-0.131100 
13.000000 	1.751000  	0.043920  	-0.125100 
14.000000 	1.749500  	0.055280  	-0.120700 
15.000000 	1.748000  	0.067320  	-0.118000 
16.000000 	1.737700  	0.081000  	-0.116400 
17.000000 	1.732000  	0.094620  	-0.116400 
18.000000 	1.718300  	0.109710  	-0.117900 
19.000000 	1.689900  	0.127600  	-0.122200 
20.000000 	1.677900  	0.143490  	-0.128000 
21.000000 	1.662100  	0.160610  	-0.136500 
22.000000 	1.645100  	0.178360  	-0.147300 
23.000000 	1.626400  	0.197090  	-0.160600 
24.000000 	1.610200  	0.215850  	-0.175300 
25.000000 	1.604500  	0.232360  	-0.189600 
26.000000 	1.607300  	0.247180  	-0.203300 
27.000000 	1.611800  	0.261600  	-0.217300 
28.000000 	1.616100  	0.275950  	-0.231900 
29.000000 	1.621800  	0.289830  	-0.246600 
30.000000 	1.586906  	0.311860  	-0.253867 
31.000000 	1.552012  	0.333890  	-0.261134 
32.000000 	1.517117  	0.355920  	-0.268402 
33.000000 	1.482223  	0.377949  	-0.275669 
34.000000 	1.451220  	0.400954  	-0.282392 
35.000000 	1.422378  	0.424500  	-0.288814 
36.000000 	1.393537  	0.448046  	-0.295236 
37.000000 	1.364695  	0.471591  	-0.301657 
38.000000 	1.336757  	0.495417  	-0.307761 
39.000000 	1.311079  	0.519943  	-0.313072 
40.000000 	1.285401  	0.544470  	-0.318382 
41.000000 	1.259723  	0.568996  	-0.323692 
42.000000 	1.234045  	0.593522  	-0.329003 
43.000000 	1.209663  	0.618440  	-0.333175 
44.000000 	1.185381  	0.643389  	-0.337259 
45.000000 	1.161098  	0.668338  	-0.341343 
46.000000 	1.136816  	0.693287  	-0.345428 
47.000000 	1.112709  	0.718153  	-0.349479 
48.000000 	1.088732  	0.742958  	-0.353505 
49.000000 	1.064755  	0.767763  	-0.357531 
50.000000 	1.040778  	0.792568  	-0.361557 
51.000000 	1.016727  	0.817222  	-0.365527 
52.000000 	0.992408  	0.841320  	-0.369289 
53.000000 	0.968088  	0.865419  	-0.373051 
54.000000 	0.943769  	0.889517  	-0.376813 
55.000000 	0.919449  	0.913616  	-0.380575 
56.000000 	0.894546  	0.936641  	-0.384337 
57.000000 	0.869546  	0.959487  	-0.388098 
58.000000 	0.844545  	0.982334  	-0.391860 
59.000000 	0.819545  	1.005180  	-0.395622 
60.000000 	0.794149  	1.027143  	-0.399398 
61.000000 	0.768359  	1.048221  	-0.403186 
62.000000 	0.742568  	1.069300  	-0.406974 
63.000000 	0.716777  	1.090378  	-0.410762 
64.000000 	0.690883  	1.111137  	-0.414551 
65.000000 	0.664368  	1.129972  	-0.418343 
66.000000 	0.637853  	1.148808  	-0.422134 
67.000000 	0.611337  	1.167644  	-0.425926 
68.000000 	0.584822  	1.186479  	-0.429718 
69.000000 	0.557898  	1.203221  	-0.433473 
70.000000 	0.530863  	1.219391  	-0.437218 
71.000000 	0.503827  	1.235562  	-0.440963 
72.000000 	0.476791  	1.251732  	-0.444708 
73.000000 	0.449667  	1.266606  	-0.448439 
74.000000 	0.422425  	1.279750  	-0.452151 
75.000000 	0.395183  	1.292895  	-0.455864 
76.000000 	0.367941  	1.306040  	-0.459576 
77.000000 	0.340713  	1.318947  	-0.463279 
78.000000 	0.313665  	1.328776  	-0.466857 
79.000000 	0.286618  	1.338604  	-0.470436 
80.000000 	0.259570  	1.348432  	-0.474014 
81.000000 	0.232522  	1.358261  	-0.477593 
82.000000 	0.205947  	1.365568  	-0.480942 
83.000000 	0.179561  	1.371866  	-0.484201 
84.000000 	0.153175  	1.378164  	-0.487459 
85.000000 	0.126789  	1.384463  	-0.490717 
86.000000 	0.100825  	1.389454  	-0.493975 
87.000000 	0.075619  	1.392090  	-0.497233 
88.000000 	0.050412  	1.394727  	-0.500492 
89.000000 	0.025206  	1.397363  	-0.503750 
90.000000 	0.000000  	1.400000  	-0.507008 
91.000000 	-0.017644 	1.397363  	-0.508554 
92.000000 	-0.035289 	1.394727  	-0.510100 
93.000000 	-0.052933 	1.392090  	-0.511645 
94.000000 	-0.070577 	1.389454  	-0.513191 
95.000000 	-0.088753 	1.384463  	-0.514737 
96.000000 	-0.107223 	1.378164  	-0.516283 
97.000000 	-0.125693 	1.371866  	-0.517828 
98.000000 	-0.144163 	1.365568  	-0.519374 
99.000000 	-0.162765 	1.358261  	-0.520653 
100.000000	-0.181699 	1.348432  	-0.521266 
101.000000	-0.200632 	1.338604  	-0.521880 
102.000000	-0.219566 	1.328776  	-0.522493 
103.000000	-0.238499 	1.318947  	-0.523106 
104.000000	-0.257559 	1.306040  	-0.523356 
105.000000	-0.276628 	1.292895  	-0.523579 
106.000000	-0.295698 	1.279750  	-0.523801 
107.000000	-0.314767 	1.266606  	-0.524024 
108.000000	-0.333754 	1.251732  	-0.524103 
109.000000	-0.352679 	1.235562  	-0.524076 
110.000000	-0.371604 	1.219391  	-0.524048 
111.000000	-0.390529 	1.203221  	-0.524021 
112.000000	-0.409375 	1.186479  	-0.523916 
113.000000	-0.427936 	1.167644  	-0.523528 
114.000000	-0.446497 	1.148808  	-0.523141 
115.000000	-0.465057 	1.129972  	-0.522753 
116.000000	-0.483618 	1.111137  	-0.522365 
117.000000	-0.501744 	1.090378  	-0.522029 
118.000000	-0.519798 	1.069300  	-0.521702 
119.000000	-0.537851 	1.048221  	-0.521374 
120.000000	-0.555905 	1.027143  	-0.521047 
121.000000	-0.573681 	1.005180  	-0.520951 
122.000000	-0.591182 	0.982334  	-0.521087 
123.000000	-0.608682 	0.959487  	-0.521223 
124.000000	-0.626182 	0.936641  	-0.521359 
125.000000	-0.643614 	0.913616  	-0.521495 
126.000000	-0.660638 	0.889517  	-0.521631 
127.000000	-0.677662 	0.865419  	-0.521767 
128.000000	-0.694685 	0.841320  	-0.521903 
129.000000	-0.711709 	0.817222  	-0.522039 
130.000000	-0.728544 	0.792568  	-0.523815 
131.000000	-0.745328 	0.767763  	-0.526038 
132.000000	-0.762112 	0.742958  	-0.528261 
133.000000	-0.778896 	0.718153  	-0.530484 
134.000000	-0.795771 	0.693287  	-0.532904 
135.000000	-0.812769 	0.668338  	-0.535587 
136.000000	-0.829766 	0.643389  	-0.538269 
137.000000	-0.846764 	0.618440  	-0.540952 
138.000000	-0.863831 	0.593522  	-0.543886 
139.000000	-0.881806 	0.568996  	-0.550100 
140.000000	-0.899781 	0.544470  	-0.556314 
141.000000	-0.917755 	0.519943  	-0.562528 
142.000000	-0.935730 	0.495417  	-0.568742 
143.000000	-0.955286 	0.471591  	-0.577242 
144.000000	-0.975476 	0.448046  	-0.586656 
145.000000	-0.995665 	0.424500  	-0.596071 
146.000000	-1.015854 	0.400954  	-0.605485 
147.000000	-1.037556 	0.377949  	-0.613604 
148.000000	-1.061982 	0.355920  	-0.619393 
149.000000	-1.086408 	0.333890  	-0.625182 
150.000000	-1.110834 	0.311860  	-0.630971 
151.000000	-1.135260 	0.289830  	-0.636760 
152.000000	-1.096113 	0.269227  	-0.630378 
153.000000	-1.056966 	0.248624  	-0.623996 
154.000000	-1.017819 	0.229012  	-0.617614 
155.000000	-0.978672 	0.209476  	-0.611231 
156.000000	-0.939526 	0.190941  	-0.604849 
157.000000	-0.900379 	0.172573  	-0.598467 
158.000000	-0.861232 	0.155196  	-0.592085 
159.000000	-0.822085 	0.138090  	-0.585703 
160.000000	-0.782938 	0.121949  	-0.578595 
161.000000	-0.743791 	0.106193  	-0.571198 
162.000000	-0.704644 	0.091358  	-0.563456 
163.000000	-0.665497 	0.077035  	-0.555524 
164.000000	-0.626350 	0.063572  	-0.547592 
165.000000	-0.587203 	0.050754  	-0.539660 
166.000000	-0.548057 	0.038722  	-0.531728 
167.000000	-0.508910 	0.027476  	-0.523796 
168.000000	-0.469763 	0.016929  	-0.515864 
169.000000	-0.430616 	0.007313  	-0.507932 
170.000000	-0.391469 	0.001109  	-0.487566 
171.000000	-0.352322 	0.001045  	-0.444819 
172.000000	-0.313175 	0.001000  	-0.400000 
173.000000	-0.274028 	0.001000  	-0.350000 
174.000000	-0.234881 	0.001000  	-0.300000 
175.000000	-0.195734 	0.001000  	-0.250000 
176.000000	-0.156588 	0.001000  	-0.200000 
177.000000	-0.117441 	0.001000  	-0.150000 
178.000000	-0.078294 	0.001000  	-0.100000 
179.000000	-0.039147 	0.001000  	-0.050000 
180.000000	0.000000  	0.001000  	0.000000  
