! AeroDyn v15 airfoil data file
! Generated from airfoilprep.py modified by D. Kim (Mar 14th, 2022) 
! start all comment lines with ! 
! ------------------------------------------------------------------------------
"DEFAULT"       InterpOrd    ! Interpolation order to use for quasi-steady table lookup {1=linear; 3=cubic spline; "default"} [default=1]
! ------------------------------------------------------------------------------
! 0.20          RelThickness ! The non-dimensional thickness of the airfoil (thickness/chord) [only used if UAMod=7] [default=0.2] (-)
  1             NonDimArea   ! The non-dimensional area of the airfoil (area/chord^2) (set to 1.0 if unsure or unneeded)
  103           NumCoords    ! The number of coordinates in the airfoil shape file (including an extra coordinate for airfoil reference).
! ......... x-y coordinates are next if NumCoords > 0 .............
! x-y coordinate of airfoil reference
!  x/c        y/c
  0.25       0
! Airfoil: 
!  x/c        y/c
1.0012341 -0.0000014
0.9810837 0.0037079
0.9609283 0.0074011
0.9407028 0.0106839
0.9203858 0.0133525
0.8999806 0.0152196
0.8795149 0.0161433
0.8590295 0.0161480
0.8385648 0.0153903
0.8181322 0.0139660
0.7977428 0.0119279
0.7774096 0.0093254
0.7571443 0.0062272
0.7369577 0.0026971
0.7168438 -0.0011959
0.6967883 -0.0053823
0.6767787 -0.0097955
0.6568032 -0.0143722
0.6368496 -0.0190482
0.6169060 -0.0237595
0.5969591 -0.0284543
0.5769946 -0.0330766
0.5570046 -0.0375838
0.5369802 -0.0419291
0.5169143 -0.0460716
0.4968020 -0.0499831
0.4766336 -0.0536241
0.4564039 -0.0569702
0.4361183 -0.0599929
0.4157839 -0.0626689
0.3954076 -0.0649716
0.3749989 -0.0668994
0.3545634 -0.0684160
0.3341093 -0.0695150
0.3136431 -0.0701602
0.2931724 -0.0703393
0.2727043 -0.0700207
0.2522475 -0.0691760
0.2318095 -0.0677945
0.2114071 -0.0658622
0.1910640 -0.0633735
0.1708007 -0.0603200
0.1506376 -0.0566839
0.1305960 -0.0524422
0.1107006 -0.0475572
0.0909851 -0.0419558
0.0715229 -0.0355375
0.0524347 -0.0281194
0.0339270 -0.0193235
0.0165826 -0.0084633
0.0022404 0.0060790
0.0003944 0.0255927
0.0115508 0.0426852
0.0268005 0.0563094
0.0438986 0.0675978
0.0619768 0.0771965
0.0807100 0.0855118
0.0998797 0.0927774
0.1193516 0.0991461
0.1390601 0.1047521
0.1589483 0.1096901
0.1789716 0.1140372
0.1991035 0.1178528
0.2193231 0.1211764
0.2396132 0.1240373
0.2599611 0.1264559
0.2803558 0.1284389
0.3007867 0.1299987
0.3212451 0.1311359
0.3417227 0.1318475
0.3622110 0.1321268
0.3827009 0.1320084
0.4031839 0.1314530
0.4236518 0.1304869
0.4440966 0.1291158
0.4645111 0.1273508
0.4848903 0.1252179
0.5052299 0.1227495
0.5255325 0.1199947
0.5458021 0.1169964
0.5660435 0.1138019
0.5862588 0.1104396
0.6064489 0.1069337
0.6266151 0.1033010
0.6467612 0.0995590
0.6668893 0.0957209
0.6870000 0.0917921
0.7070950 0.0877830
0.7271764 0.0837060
0.7472455 0.0795701
0.7673029 0.0753775
0.7873511 0.0711414
0.8073915 0.0668688
0.8274256 0.0625658
0.8474557 0.0582447
0.8674816 0.0539042
0.8875065 0.0495592
0.9075288 0.0452021
0.9275499 0.0408396
0.9475628 0.0364396
0.9675054 0.0317368
0.9855663 0.0225528
! ------------------------------------------------------------------------------
"unused"        BL_file      ! The file name including the boundary layer characteristics of the profile. Unused if the aeroacoustic module is not called.
  11        	NumTabs      ! Number of airfoil tables in this file.
! ------------------------------------------------------------------------------
! data for table	1         
! ------------------------------------------------------------------------------
  0.200000  	Re           ! Reynolds number in millions
  0.000000  	UserProp     ! User property (control) setting
Flase           InclUAdata   ! Is unsteady aerodynamics data included in this table? If TRUE, then include UA coefficients below this line. Any missing coefficients will be calculated internally.
! Table of aerodynamics coefficients
  361       	NumAlf       ! Number of data lines in the following table
!Alpha      Cl          Cd          Cm/Cp
!(deg)      (-)         (-)         (-)
-180.000000	0.000000  	0.001000  	-6.990300 
-179.000000	0.051940  	0.001000  	-6.990300 
-178.000000	0.103880  	0.001000  	-6.990300 
-177.000000	0.155820  	0.001000  	-6.990300 
-176.000000	0.207760  	0.001000  	-6.990300 
-175.000000	0.259700  	0.001000  	-6.990300 
-174.000000	0.311640  	0.001000  	-6.990300 
-173.000000	0.363580  	0.004639  	-6.990300 
-172.000000	0.415520  	0.009950  	-6.990300 
-171.000000	0.467460  	0.016933  	-6.990300 
-170.000000	0.519400  	0.025140  	-6.990300 
-169.000000	0.571340  	0.033948  	-6.990300 
-168.000000	0.623280  	0.043358  	-6.990300 
-167.000000	0.675220  	0.053943  	-6.990300 
-166.000000	0.727160  	0.065103  	-6.990300 
-165.000000	0.779100  	0.076836  	-6.990300 
-164.000000	0.831040  	0.089685  	-6.990300 
-163.000000	0.882980  	0.103074  	-6.990300 
-162.000000	0.934920  	0.117003  	-6.990300 
-161.000000	0.986860  	0.131974  	-6.990300 
-160.000000	1.038800  	0.147447  	-6.990300 
-159.000000	1.090740  	0.163420  	-6.990300 
-158.000000	1.065347  	0.181369  	-6.990300 
-157.000000	1.039955  	0.199319  	-6.990300 
-156.000000	1.014562  	0.217268  	-6.990300 
-155.000000	0.989169  	0.235218  	-6.990300 
-154.000000	0.964381  	0.253354  	-6.990300 
-153.000000	0.947456  	0.273917  	-6.990300 
-152.000000	0.930531  	0.294480  	-6.990300 
-151.000000	0.913606  	0.315043  	-6.990300 
-150.000000	0.896681  	0.335606  	-6.990300 
-149.000000	0.880310  	0.356456  	-6.990300 
-148.000000	0.867262  	0.379029  	-6.990300 
-147.000000	0.854214  	0.401602  	-6.990300 
-146.000000	0.841165  	0.424174  	-6.990300 
-145.000000	0.828117  	0.446747  	-6.990300 
-144.000000	0.815384  	0.469608  	-6.990300 
-143.000000	0.803806  	0.493528  	-6.990300 
-142.000000	0.792228  	0.517448  	-6.990300 
-141.000000	0.780650  	0.541367  	-6.990300 
-140.000000	0.769072  	0.565287  	-6.990300 
-139.000000	0.757527  	0.589391  	-6.990300 
-138.000000	0.746064  	0.613956  	-6.990300 
-137.000000	0.734601  	0.638520  	-6.990300 
-136.000000	0.723138  	0.663085  	-6.990300 
-135.000000	0.711675  	0.687650  	-6.990300 
-134.000000	0.699977  	0.712187  	-6.990300 
-133.000000	0.687857  	0.736676  	-6.990300 
-132.000000	0.675736  	0.761165  	-6.990300 
-131.000000	0.663615  	0.785654  	-6.990300 
-130.000000	0.651494  	0.810143  	-6.990300 
-129.000000	0.638915  	0.834292  	-6.990300 
-128.000000	0.625725  	0.857987  	-6.990300 
-127.000000	0.612535  	0.881682  	-6.990300 
-126.000000	0.599345  	0.905378  	-6.990300 
-125.000000	0.586155  	0.929073  	-6.990300 
-124.000000	0.572349  	0.952024  	-6.990300 
-123.000000	0.557926  	0.974232  	-6.990300 
-122.000000	0.543503  	0.996439  	-6.990300 
-121.000000	0.529080  	1.018647  	-6.990300 
-120.000000	0.514657  	1.040854  	-6.990300 
-119.000000	0.499540  	1.061840  	-6.990300 
-118.000000	0.483902  	1.081909  	-6.990300 
-117.000000	0.468265  	1.101979  	-6.990300 
-116.000000	0.452627  	1.122049  	-6.990300 
-115.000000	0.436989  	1.142118  	-6.990300 
-114.000000	0.420672  	1.160437  	-6.990300 
-113.000000	0.403977  	1.177782  	-6.990300 
-112.000000	0.387282  	1.195127  	-6.990300 
-111.000000	0.370587  	1.212473  	-6.990300 
-110.000000	0.353892  	1.229818  	-6.990300 
-109.000000	0.336633  	1.244856  	-6.990300 
-108.000000	0.319148  	1.258971  	-6.990300 
-107.000000	0.301664  	1.273086  	-6.990300 
-106.000000	0.284179  	1.287202  	-6.990300 
-105.000000	0.266695  	1.301317  	-6.990300 
-104.000000	0.248867  	1.312572  	-6.990300 
-103.000000	0.230946  	1.323046  	-6.990300 
-102.000000	0.213025  	1.333521  	-6.990300 
-101.000000	0.195103  	1.343996  	-6.990300 
-100.000000	0.177182  	1.354471  	-6.990300 
-99.000000	0.159246  	1.361566  	-6.990300 
-98.000000	0.141307  	1.368097  	-6.990300 
-97.000000	0.123368  	1.374629  	-6.990300 
-96.000000	0.105428  	1.381161  	-6.990300 
-95.000000	0.087489  	1.387693  	-6.990300 
-94.000000	0.069966  	1.390390  	-6.990300 
-93.000000	0.052474  	1.392792  	-6.990300 
-92.000000	0.034983  	1.395195  	-6.990300 
-91.000000	0.017491  	1.397597  	-6.990300 
-90.000000	0.000000  	1.400000  	-6.990300 
-89.000000	-0.017491 	1.397597  	-6.990300 
-88.000000	-0.034983 	1.395195  	-6.990300 
-87.000000	-0.052474 	1.392792  	-6.990300 
-86.000000	-0.069966 	1.390390  	-6.990300 
-85.000000	-0.087489 	1.387693  	-6.990300 
-84.000000	-0.105428 	1.381161  	-6.990300 
-83.000000	-0.123368 	1.374629  	-6.990300 
-82.000000	-0.141307 	1.368097  	-6.990300 
-81.000000	-0.159246 	1.361566  	-6.990300 
-80.000000	-0.177182 	1.354471  	-6.990300 
-79.000000	-0.195103 	1.343996  	-6.990300 
-78.000000	-0.213025 	1.333521  	-6.990300 
-77.000000	-0.230946 	1.323046  	-6.990300 
-76.000000	-0.248867 	1.312572  	-6.990300 
-75.000000	-0.266695 	1.301317  	-6.990300 
-74.000000	-0.284179 	1.287202  	-6.990300 
-73.000000	-0.301664 	1.273086  	-6.990300 
-72.000000	-0.319148 	1.258971  	-6.990300 
-71.000000	-0.336633 	1.244856  	-6.990300 
-70.000000	-0.353892 	1.229818  	-6.990300 
-69.000000	-0.370587 	1.212473  	-6.990300 
-68.000000	-0.387282 	1.195127  	-6.990300 
-67.000000	-0.403977 	1.177782  	-6.990300 
-66.000000	-0.420672 	1.160437  	-6.990300 
-65.000000	-0.436989 	1.142118  	-6.990300 
-64.000000	-0.452627 	1.122049  	-6.990300 
-63.000000	-0.468265 	1.101979  	-6.990300 
-62.000000	-0.483902 	1.081909  	-6.990300 
-61.000000	-0.499540 	1.061840  	-6.990300 
-60.000000	-0.514657 	1.040854  	-6.990300 
-59.000000	-0.529080 	1.018647  	-6.990300 
-58.000000	-0.543503 	0.996439  	-6.990300 
-57.000000	-0.557926 	0.974232  	-6.990300 
-56.000000	-0.572349 	0.952024  	-6.990300 
-55.000000	-0.586155 	0.929073  	-6.990300 
-54.000000	-0.599345 	0.905378  	-6.990300 
-53.000000	-0.612535 	0.881682  	-6.990300 
-52.000000	-0.625725 	0.857987  	-6.990300 
-51.000000	-0.638915 	0.834292  	-6.990300 
-50.000000	-0.651494 	0.810143  	-6.990300 
-49.000000	-0.663615 	0.785654  	-6.990300 
-48.000000	-0.675736 	0.761165  	-6.990300 
-47.000000	-0.687857 	0.736676  	-6.990300 
-46.000000	-0.699977 	0.712187  	-6.990300 
-45.000000	-0.711675 	0.687650  	-6.990300 
-44.000000	-0.723138 	0.663085  	-6.990300 
-43.000000	-0.734601 	0.638520  	-6.990300 
-42.000000	-0.746064 	0.613956  	-6.990300 
-41.000000	-0.757527 	0.589391  	-6.990300 
-40.000000	-0.769072 	0.565287  	-6.990300 
-39.000000	-0.780650 	0.541367  	-6.990300 
-38.000000	-0.792228 	0.517448  	-6.990300 
-37.000000	-0.803806 	0.493528  	-6.990300 
-36.000000	-0.815384 	0.469608  	-6.990300 
-35.000000	-0.828117 	0.446747  	-6.990300 
-34.000000	-0.841165 	0.424174  	-6.990300 
-33.000000	-0.854214 	0.401602  	-6.990300 
-32.000000	-0.867262 	0.379029  	-6.990300 
-31.000000	-0.880310 	0.356456  	-6.990300 
-30.000000	-0.896681 	0.335606  	-6.990300 
-29.000000	-0.913606 	0.315043  	-6.990300 
-28.000000	-0.930531 	0.294480  	-6.990300 
-27.000000	-0.947456 	0.273917  	-6.990300 
-26.000000	-0.964381 	0.253354  	-6.990300 
-25.000000	-0.989169 	0.235218  	-6.990300 
-24.000000	-1.014562 	0.217268  	-6.990300 
-23.000000	-1.039955 	0.199319  	-6.990300 
-22.000000	-1.065347 	0.181369  	-6.990300 
-21.000000	-1.090740 	0.163420  	-6.990300 
-20.000000	-1.065927 	0.151461  	-6.990300 
-19.000000	-1.041115 	0.139502  	-6.990300 
-18.000000	-1.016302 	0.127543  	-6.990300 
-17.000000	-0.991489 	0.115584  	-6.990300 
-16.000000	-0.966676 	0.103625  	-6.990300 
-15.000000	-0.941864 	0.091665  	-6.990300 
-14.000000	-0.917051 	0.079706  	-6.990300 
-13.000000	-0.892238 	0.067747  	-6.990300 
-12.000000	-0.867425 	0.055788  	-6.990300 
-11.000000	-0.842613 	0.043829  	-5.766918 
-10.000000	-0.817800 	0.031870  	-3.626000 
-9.000000 	-0.593800 	0.017690  	-2.884400 
-8.000000 	-0.402700 	0.017140  	-2.145300 
-7.000000 	-0.220600 	0.018540  	-1.507700 
-6.000000 	-0.095000 	0.019310  	-1.066300 
-5.000000 	0.034300  	0.019110  	-0.831500 
-4.000000 	0.153400  	0.019420  	-0.723800 
-3.000000 	0.273800  	0.019680  	-0.745400 
-2.000000 	0.395100  	0.019990  	-0.820500 
-1.000000 	0.516100  	0.020320  	-0.898200 
0.000000  	0.637000  	0.020710  	-0.982300 
1.000000  	0.757800  	0.021170  	-1.076900 
2.000000  	0.876600  	0.021660  	-1.202900 
3.000000  	0.993800  	0.021990  	-1.364600 
4.000000  	1.109500  	0.022210  	-1.567200 
5.000000  	1.223500  	0.022310  	-1.843100 
6.000000  	1.331200  	0.022230  	-2.262500 
7.000000  	1.429900  	0.022150  	-2.769700 
8.000000  	1.510100  	0.022830  	-3.281900 
9.000000  	1.541900  	0.025640  	-3.693100 
10.000000 	1.532200  	0.031380  	-3.993300 
11.000000 	1.531800  	0.039800  	-4.320500 
12.000000 	1.530600  	0.050280  	-4.646300 
13.000000 	1.525900  	0.062170  	-4.935900 
14.000000 	1.512700  	0.076100  	-5.190800 
15.000000 	1.490600  	0.092210  	-5.341900 
16.000000 	1.481700  	0.106980  	-5.559600 
17.000000 	1.492700  	0.118810  	-5.864000 
18.000000 	1.518300  	0.128180  	-6.225500 
19.000000 	1.539800  	0.138450  	-6.552100 
20.000000 	1.562500  	0.148140  	-6.869200 
21.000000 	1.558200  	0.163420  	-6.990300 
22.000000 	1.521925  	0.181369  	-6.990300 
23.000000 	1.485649  	0.199319  	-6.990300 
24.000000 	1.449374  	0.217268  	-6.990300 
25.000000 	1.413099  	0.235218  	-6.990300 
26.000000 	1.377688  	0.253354  	-6.990300 
27.000000 	1.353509  	0.273917  	-6.990300 
28.000000 	1.329331  	0.294480  	-6.990300 
29.000000 	1.305152  	0.315043  	-6.990300 
30.000000 	1.280973  	0.335606  	-6.990300 
31.000000 	1.257586  	0.356456  	-6.990300 
32.000000 	1.238946  	0.379029  	-6.990300 
33.000000 	1.220305  	0.401602  	-6.990300 
34.000000 	1.201665  	0.424174  	-6.990300 
35.000000 	1.183024  	0.446747  	-6.990300 
36.000000 	1.164834  	0.469608  	-6.990300 
37.000000 	1.148294  	0.493528  	-6.990300 
38.000000 	1.131754  	0.517448  	-6.990300 
39.000000 	1.115214  	0.541367  	-6.990300 
40.000000 	1.098674  	0.565287  	-6.990300 
41.000000 	1.082181  	0.589391  	-6.990300 
42.000000 	1.065805  	0.613956  	-6.990300 
43.000000 	1.049430  	0.638520  	-6.990300 
44.000000 	1.033054  	0.663085  	-6.990300 
45.000000 	1.016679  	0.687650  	-6.990300 
46.000000 	0.999968  	0.712187  	-6.990300 
47.000000 	0.982652  	0.736676  	-6.990300 
48.000000 	0.965337  	0.761165  	-6.990300 
49.000000 	0.948021  	0.785654  	-6.990300 
50.000000 	0.930706  	0.810143  	-6.990300 
51.000000 	0.912736  	0.834292  	-6.990300 
52.000000 	0.893893  	0.857987  	-6.990300 
53.000000 	0.875050  	0.881682  	-6.990300 
54.000000 	0.856207  	0.905378  	-6.990300 
55.000000 	0.837365  	0.929073  	-6.990300 
56.000000 	0.817641  	0.952024  	-6.990300 
57.000000 	0.797037  	0.974232  	-6.990300 
58.000000 	0.776433  	0.996439  	-6.990300 
59.000000 	0.755829  	1.018647  	-6.990300 
60.000000 	0.735225  	1.040854  	-6.990300 
61.000000 	0.713629  	1.061840  	-6.990300 
62.000000 	0.691289  	1.081909  	-6.990300 
63.000000 	0.668949  	1.101979  	-6.990300 
64.000000 	0.646610  	1.122049  	-6.990300 
65.000000 	0.624270  	1.142118  	-6.990300 
66.000000 	0.600960  	1.160437  	-6.990300 
67.000000 	0.577110  	1.177782  	-6.990300 
68.000000 	0.553260  	1.195127  	-6.990300 
69.000000 	0.529410  	1.212473  	-6.990300 
70.000000 	0.505560  	1.229818  	-6.990300 
71.000000 	0.480904  	1.244856  	-6.990300 
72.000000 	0.455926  	1.258971  	-6.990300 
73.000000 	0.430948  	1.273086  	-6.990300 
74.000000 	0.405970  	1.287202  	-6.990300 
75.000000 	0.380992  	1.301317  	-6.990300 
76.000000 	0.355524  	1.312572  	-6.990300 
77.000000 	0.329923  	1.323046  	-6.990300 
78.000000 	0.304321  	1.333521  	-6.990300 
79.000000 	0.278719  	1.343996  	-6.990300 
80.000000 	0.253118  	1.354471  	-6.990300 
81.000000 	0.227494  	1.361566  	-6.990300 
82.000000 	0.201867  	1.368097  	-6.990300 
83.000000 	0.176239  	1.374629  	-6.990300 
84.000000 	0.150612  	1.381161  	-6.990300 
85.000000 	0.124985  	1.387693  	-6.990300 
86.000000 	0.099951  	1.390390  	-6.990300 
87.000000 	0.074963  	1.392792  	-6.990300 
88.000000 	0.049976  	1.395195  	-6.990300 
89.000000 	0.024988  	1.397597  	-6.990300 
90.000000 	0.000000  	1.400000  	-6.990300 
91.000000 	-0.017491 	1.397597  	-6.990300 
92.000000 	-0.034983 	1.395195  	-6.990300 
93.000000 	-0.052474 	1.392792  	-6.990300 
94.000000 	-0.069966 	1.390390  	-6.990300 
95.000000 	-0.087489 	1.387693  	-6.990300 
96.000000 	-0.105428 	1.381161  	-6.990300 
97.000000 	-0.123368 	1.374629  	-6.990300 
98.000000 	-0.141307 	1.368097  	-6.990300 
99.000000 	-0.159246 	1.361566  	-6.990300 
100.000000	-0.177182 	1.354471  	-6.990300 
101.000000	-0.195103 	1.343996  	-6.990300 
102.000000	-0.213025 	1.333521  	-6.990300 
103.000000	-0.230946 	1.323046  	-6.990300 
104.000000	-0.248867 	1.312572  	-6.990300 
105.000000	-0.266695 	1.301317  	-6.990300 
106.000000	-0.284179 	1.287202  	-6.990300 
107.000000	-0.301664 	1.273086  	-6.990300 
108.000000	-0.319148 	1.258971  	-6.990300 
109.000000	-0.336633 	1.244856  	-6.990300 
110.000000	-0.353892 	1.229818  	-6.990300 
111.000000	-0.370587 	1.212473  	-6.990300 
112.000000	-0.387282 	1.195127  	-6.990300 
113.000000	-0.403977 	1.177782  	-6.990300 
114.000000	-0.420672 	1.160437  	-6.990300 
115.000000	-0.436989 	1.142118  	-6.990300 
116.000000	-0.452627 	1.122049  	-6.990300 
117.000000	-0.468265 	1.101979  	-6.990300 
118.000000	-0.483902 	1.081909  	-6.990300 
119.000000	-0.499540 	1.061840  	-6.990300 
120.000000	-0.514657 	1.040854  	-6.990300 
121.000000	-0.529080 	1.018647  	-6.990300 
122.000000	-0.543503 	0.996439  	-6.990300 
123.000000	-0.557926 	0.974232  	-6.990300 
124.000000	-0.572349 	0.952024  	-6.990300 
125.000000	-0.586155 	0.929073  	-6.990300 
126.000000	-0.599345 	0.905378  	-6.990300 
127.000000	-0.612535 	0.881682  	-6.990300 
128.000000	-0.625725 	0.857987  	-6.990300 
129.000000	-0.638915 	0.834292  	-6.990300 
130.000000	-0.651494 	0.810143  	-6.990300 
131.000000	-0.663615 	0.785654  	-6.990300 
132.000000	-0.675736 	0.761165  	-6.990300 
133.000000	-0.687857 	0.736676  	-6.990300 
134.000000	-0.699977 	0.712187  	-6.990300 
135.000000	-0.711675 	0.687650  	-6.990300 
136.000000	-0.723138 	0.663085  	-6.990300 
137.000000	-0.734601 	0.638520  	-6.990300 
138.000000	-0.746064 	0.613956  	-6.990300 
139.000000	-0.757527 	0.589391  	-6.990300 
140.000000	-0.769072 	0.565287  	-6.990300 
141.000000	-0.780650 	0.541367  	-6.990300 
142.000000	-0.792228 	0.517448  	-6.990300 
143.000000	-0.803806 	0.493528  	-6.990300 
144.000000	-0.815384 	0.469608  	-6.990300 
145.000000	-0.828117 	0.446747  	-6.990300 
146.000000	-0.841165 	0.424174  	-6.990300 
147.000000	-0.854214 	0.401602  	-6.990300 
148.000000	-0.867262 	0.379029  	-6.990300 
149.000000	-0.880310 	0.356456  	-6.990300 
150.000000	-0.896681 	0.335606  	-6.990300 
151.000000	-0.913606 	0.315043  	-6.990300 
152.000000	-0.930531 	0.294480  	-6.990300 
153.000000	-0.947456 	0.273917  	-6.990300 
154.000000	-0.964381 	0.253354  	-6.990300 
155.000000	-0.989169 	0.235218  	-6.990300 
156.000000	-1.014562 	0.217268  	-6.990300 
157.000000	-1.039955 	0.199319  	-6.990300 
158.000000	-1.065347 	0.181369  	-6.990300 
159.000000	-1.090740 	0.163420  	-6.990300 
160.000000	-1.038800 	0.147447  	-6.990300 
161.000000	-0.986860 	0.131974  	-6.990300 
162.000000	-0.934920 	0.117003  	-6.990300 
163.000000	-0.882980 	0.103074  	-6.990300 
164.000000	-0.831040 	0.089685  	-6.990300 
165.000000	-0.779100 	0.076836  	-6.990300 
166.000000	-0.727160 	0.065103  	-6.990300 
167.000000	-0.675220 	0.053943  	-6.990300 
168.000000	-0.623280 	0.043358  	-6.990300 
169.000000	-0.571340 	0.033948  	-6.990300 
170.000000	-0.519400 	0.025140  	-6.990300 
171.000000	-0.467460 	0.016933  	-6.990300 
172.000000	-0.415520 	0.009950  	-6.990300 
173.000000	-0.363580 	0.004639  	-6.990300 
174.000000	-0.311640 	0.001000  	-6.990300 
175.000000	-0.259700 	0.001000  	-6.990300 
176.000000	-0.207760 	0.001000  	-6.990300 
177.000000	-0.155820 	0.001000  	-6.990300 
178.000000	-0.103880 	0.001000  	-6.990300 
179.000000	-0.051940 	0.001000  	-6.990300 
180.000000	0.000000  	0.001000  	-6.990300 
! ------------------------------------------------------------------------------
! data for table	2         
! ------------------------------------------------------------------------------
  0.300000  	Re           ! Reynolds number in millions
  0.000000  	UserProp     ! User property (control) setting
Flase           InclUAdata   ! Is unsteady aerodynamics data included in this table? If TRUE, then include UA coefficients below this line. Any missing coefficients will be calculated internally.
! Table of aerodynamics coefficients
  361       	NumAlf       ! Number of data lines in the following table
!Alpha      Cl          Cd          Cm/Cp
!(deg)      (-)         (-)         (-)
-180.000000	0.000000  	0.001000  	-7.804000 
-179.000000	0.048510  	0.001000  	-7.804000 
-178.000000	0.097020  	0.001000  	-7.804000 
-177.000000	0.145530  	0.001000  	-7.804000 
-176.000000	0.194040  	0.001000  	-7.804000 
-175.000000	0.242550  	0.001000  	-7.804000 
-174.000000	0.291060  	0.001000  	-7.804000 
-173.000000	0.339570  	0.002077  	-7.804000 
-172.000000	0.388080  	0.004591  	-7.804000 
-171.000000	0.436590  	0.011135  	-7.804000 
-170.000000	0.485100  	0.018969  	-7.804000 
-169.000000	0.533610  	0.027943  	-7.804000 
-168.000000	0.582120  	0.037567  	-7.804000 
-167.000000	0.630630  	0.047842  	-7.804000 
-166.000000	0.679140  	0.059204  	-7.804000 
-165.000000	0.727650  	0.071010  	-7.804000 
-164.000000	0.776160  	0.083783  	-7.804000 
-163.000000	0.824670  	0.097234  	-7.804000 
-162.000000	0.873180  	0.111195  	-7.804000 
-161.000000	0.921690  	0.126216  	-7.804000 
-160.000000	0.970200  	0.141632  	-7.804000 
-159.000000	1.018710  	0.157828  	-7.804000 
-158.000000	1.067220  	0.174693  	-7.804000 
-157.000000	1.115730  	0.191930  	-7.804000 
-156.000000	1.090525  	0.211017  	-7.804000 
-155.000000	1.065321  	0.230104  	-7.804000 
-154.000000	1.040116  	0.249191  	-7.804000 
-153.000000	1.014911  	0.268278  	-7.804000 
-152.000000	0.991248  	0.287864  	-7.804000 
-151.000000	0.973235  	0.309284  	-7.804000 
-150.000000	0.955222  	0.330704  	-7.804000 
-149.000000	0.937210  	0.352124  	-7.804000 
-148.000000	0.919197  	0.373544  	-7.804000 
-147.000000	0.902657  	0.395710  	-7.804000 
-146.000000	0.888081  	0.418871  	-7.804000 
-145.000000	0.873505  	0.442031  	-7.804000 
-144.000000	0.858929  	0.465192  	-7.804000 
-143.000000	0.844353  	0.488353  	-7.804000 
-142.000000	0.830659  	0.512222  	-7.804000 
-141.000000	0.817454  	0.536483  	-7.804000 
-140.000000	0.804249  	0.560745  	-7.804000 
-139.000000	0.791044  	0.585007  	-7.804000 
-138.000000	0.777839  	0.609269  	-7.804000 
-137.000000	0.764783  	0.633900  	-7.804000 
-136.000000	0.751751  	0.658593  	-7.804000 
-135.000000	0.738720  	0.683286  	-7.804000 
-134.000000	0.725689  	0.707979  	-7.804000 
-133.000000	0.712620  	0.732654  	-7.804000 
-132.000000	0.699069  	0.757097  	-7.804000 
-131.000000	0.685518  	0.781539  	-7.804000 
-130.000000	0.671967  	0.805982  	-7.804000 
-129.000000	0.658415  	0.830425  	-7.804000 
-128.000000	0.644610  	0.854603  	-7.804000 
-127.000000	0.630169  	0.878121  	-7.804000 
-126.000000	0.615728  	0.901639  	-7.804000 
-125.000000	0.601287  	0.925158  	-7.804000 
-124.000000	0.586846  	0.948676  	-7.804000 
-123.000000	0.571888  	0.971408  	-7.804000 
-122.000000	0.556413  	0.993354  	-7.804000 
-121.000000	0.540938  	1.015300  	-7.804000 
-120.000000	0.525463  	1.037246  	-7.804000 
-119.000000	0.509987  	1.059192  	-7.804000 
-118.000000	0.493790  	1.079584  	-7.804000 
-117.000000	0.477304  	1.099354  	-7.804000 
-116.000000	0.460818  	1.119125  	-7.804000 
-115.000000	0.444331  	1.138895  	-7.804000 
-114.000000	0.427845  	1.158665  	-7.804000 
-113.000000	0.410561  	1.175911  	-7.804000 
-112.000000	0.393216  	1.192963  	-7.804000 
-111.000000	0.375871  	1.210015  	-7.804000 
-110.000000	0.358526  	1.227066  	-7.804000 
-109.000000	0.341095  	1.243663  	-7.804000 
-108.000000	0.323145  	1.257530  	-7.804000 
-107.000000	0.305195  	1.271396  	-7.804000 
-106.000000	0.287245  	1.285263  	-7.804000 
-105.000000	0.269295  	1.299129  	-7.804000 
-104.000000	0.251248  	1.311723  	-7.804000 
-103.000000	0.233026  	1.322027  	-7.804000 
-102.000000	0.214804  	1.332330  	-7.804000 
-101.000000	0.196582  	1.342634  	-7.804000 
-100.000000	0.178361  	1.352937  	-7.804000 
-99.000000	0.160209  	1.361046  	-7.804000 
-98.000000	0.142110  	1.367508  	-7.804000 
-97.000000	0.124011  	1.373970  	-7.804000 
-96.000000	0.105912  	1.380432  	-7.804000 
-95.000000	0.087813  	1.386894  	-7.804000 
-94.000000	0.070154  	1.390203  	-7.804000 
-93.000000	0.052615  	1.392652  	-7.804000 
-92.000000	0.035077  	1.395102  	-7.804000 
-91.000000	0.017538  	1.397551  	-7.804000 
-90.000000	0.000000  	1.400000  	-7.804000 
-89.000000	-0.017538 	1.397551  	-7.804000 
-88.000000	-0.035077 	1.395102  	-7.804000 
-87.000000	-0.052615 	1.392652  	-7.804000 
-86.000000	-0.070154 	1.390203  	-7.804000 
-85.000000	-0.087813 	1.386894  	-7.804000 
-84.000000	-0.105912 	1.380432  	-7.804000 
-83.000000	-0.124011 	1.373970  	-7.804000 
-82.000000	-0.142110 	1.367508  	-7.804000 
-81.000000	-0.160209 	1.361046  	-7.804000 
-80.000000	-0.178361 	1.352937  	-7.804000 
-79.000000	-0.196582 	1.342634  	-7.804000 
-78.000000	-0.214804 	1.332330  	-7.804000 
-77.000000	-0.233026 	1.322027  	-7.804000 
-76.000000	-0.251248 	1.311723  	-7.804000 
-75.000000	-0.269295 	1.299129  	-7.804000 
-74.000000	-0.287245 	1.285263  	-7.804000 
-73.000000	-0.305195 	1.271396  	-7.804000 
-72.000000	-0.323145 	1.257530  	-7.804000 
-71.000000	-0.341095 	1.243663  	-7.804000 
-70.000000	-0.358526 	1.227066  	-7.804000 
-69.000000	-0.375871 	1.210015  	-7.804000 
-68.000000	-0.393216 	1.192963  	-7.804000 
-67.000000	-0.410561 	1.175911  	-7.804000 
-66.000000	-0.427845 	1.158665  	-7.804000 
-65.000000	-0.444331 	1.138895  	-7.804000 
-64.000000	-0.460818 	1.119125  	-7.804000 
-63.000000	-0.477304 	1.099354  	-7.804000 
-62.000000	-0.493790 	1.079584  	-7.804000 
-61.000000	-0.509987 	1.059192  	-7.804000 
-60.000000	-0.525463 	1.037246  	-7.804000 
-59.000000	-0.540938 	1.015300  	-7.804000 
-58.000000	-0.556413 	0.993354  	-7.804000 
-57.000000	-0.571888 	0.971408  	-7.804000 
-56.000000	-0.586846 	0.948676  	-7.804000 
-55.000000	-0.601287 	0.925158  	-7.804000 
-54.000000	-0.615728 	0.901639  	-7.804000 
-53.000000	-0.630169 	0.878121  	-7.804000 
-52.000000	-0.644610 	0.854603  	-7.804000 
-51.000000	-0.658415 	0.830425  	-7.804000 
-50.000000	-0.671967 	0.805982  	-7.804000 
-49.000000	-0.685518 	0.781539  	-7.804000 
-48.000000	-0.699069 	0.757097  	-7.804000 
-47.000000	-0.712620 	0.732654  	-7.804000 
-46.000000	-0.725689 	0.707979  	-7.804000 
-45.000000	-0.738720 	0.683286  	-7.804000 
-44.000000	-0.751751 	0.658593  	-7.804000 
-43.000000	-0.764783 	0.633900  	-7.804000 
-42.000000	-0.777839 	0.609269  	-7.804000 
-41.000000	-0.791044 	0.585007  	-7.804000 
-40.000000	-0.804249 	0.560745  	-7.804000 
-39.000000	-0.817454 	0.536483  	-7.804000 
-38.000000	-0.830659 	0.512222  	-7.804000 
-37.000000	-0.844353 	0.488353  	-7.804000 
-36.000000	-0.858929 	0.465192  	-7.804000 
-35.000000	-0.873505 	0.442031  	-7.804000 
-34.000000	-0.888081 	0.418871  	-7.804000 
-33.000000	-0.902657 	0.395710  	-7.804000 
-32.000000	-0.919197 	0.373544  	-7.804000 
-31.000000	-0.937210 	0.352124  	-7.804000 
-30.000000	-0.955222 	0.330704  	-7.804000 
-29.000000	-0.973235 	0.309284  	-7.804000 
-28.000000	-0.991248 	0.287864  	-7.804000 
-27.000000	-1.014911 	0.268278  	-7.804000 
-26.000000	-1.040116 	0.249191  	-7.804000 
-25.000000	-1.065321 	0.230104  	-7.804000 
-24.000000	-1.090525 	0.211017  	-7.804000 
-23.000000	-1.115730 	0.191930  	-7.804000 
-22.000000	-1.089958 	0.179268  	-7.804000 
-21.000000	-1.064187 	0.166605  	-7.804000 
-20.000000	-1.038415 	0.153943  	-7.804000 
-19.000000	-1.012644 	0.141281  	-7.804000 
-18.000000	-0.986872 	0.128618  	-7.804000 
-17.000000	-0.961101 	0.115956  	-7.804000 
-16.000000	-0.935329 	0.103294  	-7.804000 
-15.000000	-0.909558 	0.090632  	-7.804000 
-14.000000	-0.883786 	0.077969  	-7.804000 
-13.000000	-0.858015 	0.065307  	-7.804000 
-12.000000	-0.832243 	0.052645  	-7.804000 
-11.000000	-0.806472 	0.039982  	-5.857462 
-10.000000	-0.780700 	0.027320  	-3.586500 
-9.000000 	-0.554000 	0.014470  	-2.810200 
-8.000000 	-0.333200 	0.013150  	-2.016600 
-7.000000 	-0.179600 	0.013780  	-1.460000 
-6.000000 	-0.056700 	0.014150  	-1.022200 
-5.000000 	0.067100  	0.014300  	-0.829500 
-4.000000 	0.191000  	0.014500  	-0.722600 
-3.000000 	0.317500  	0.014670  	-0.771900 
-2.000000 	0.439600  	0.014960  	-0.848700 
-1.000000 	0.561600  	0.015350  	-0.928800 
0.000000  	0.683100  	0.015740  	-1.013600 
1.000000  	0.804300  	0.016170  	-1.109900 
2.000000  	0.924000  	0.016610  	-1.242100 
3.000000  	1.041500  	0.016920  	-1.409800 
4.000000  	1.155900  	0.017200  	-1.622400 
5.000000  	1.267600  	0.017470  	-1.906600 
6.000000  	1.371300  	0.017710  	-2.365900 
7.000000  	1.465800  	0.018280  	-2.873400 
8.000000  	1.533600  	0.020230  	-3.370500 
9.000000  	1.560100  	0.023950  	-3.758000 
10.000000 	1.569400  	0.029270  	-4.133300 
11.000000 	1.579400  	0.036990  	-4.490600 
12.000000 	1.585600  	0.046790  	-4.836100 
13.000000 	1.583700  	0.058340  	-5.190000 
14.000000 	1.565300  	0.072630  	-5.422200 
15.000000 	1.541500  	0.088730  	-5.605200 
16.000000 	1.524800  	0.104750  	-5.836500 
17.000000 	1.519800  	0.119590  	-6.063300 
18.000000 	1.523700  	0.133090  	-6.383600 
19.000000 	1.538500  	0.144810  	-6.653400 
20.000000 	1.559900  	0.155110  	-7.060400 
21.000000 	1.585900  	0.164200  	-7.479100 
22.000000 	1.596800  	0.176460  	-7.734200 
23.000000 	1.593900  	0.191930  	-7.804000 
24.000000 	1.557893  	0.211017  	-7.804000 
25.000000 	1.521887  	0.230104  	-7.804000 
26.000000 	1.485880  	0.249191  	-7.804000 
27.000000 	1.449873  	0.268278  	-7.804000 
28.000000 	1.416068  	0.287864  	-7.804000 
29.000000 	1.390336  	0.309284  	-7.804000 
30.000000 	1.364603  	0.330704  	-7.804000 
31.000000 	1.338871  	0.352124  	-7.804000 
32.000000 	1.313138  	0.373544  	-7.804000 
33.000000 	1.289510  	0.395710  	-7.804000 
34.000000 	1.268687  	0.418871  	-7.804000 
35.000000 	1.247865  	0.442031  	-7.804000 
36.000000 	1.227042  	0.465192  	-7.804000 
37.000000 	1.206219  	0.488353  	-7.804000 
38.000000 	1.186656  	0.512222  	-7.804000 
39.000000 	1.167791  	0.536483  	-7.804000 
40.000000 	1.148927  	0.560745  	-7.804000 
41.000000 	1.130063  	0.585007  	-7.804000 
42.000000 	1.111198  	0.609269  	-7.804000 
43.000000 	1.092547  	0.633900  	-7.804000 
44.000000 	1.073930  	0.658593  	-7.804000 
45.000000 	1.055314  	0.683286  	-7.804000 
46.000000 	1.036698  	0.707979  	-7.804000 
47.000000 	1.018029  	0.732654  	-7.804000 
48.000000 	0.998670  	0.757097  	-7.804000 
49.000000 	0.979311  	0.781539  	-7.804000 
50.000000 	0.959952  	0.805982  	-7.804000 
51.000000 	0.940593  	0.830425  	-7.804000 
52.000000 	0.920871  	0.854603  	-7.804000 
53.000000 	0.900241  	0.878121  	-7.804000 
54.000000 	0.879611  	0.901639  	-7.804000 
55.000000 	0.858981  	0.925158  	-7.804000 
56.000000 	0.838351  	0.948676  	-7.804000 
57.000000 	0.816983  	0.971408  	-7.804000 
58.000000 	0.794875  	0.993354  	-7.804000 
59.000000 	0.772768  	1.015300  	-7.804000 
60.000000 	0.750661  	1.037246  	-7.804000 
61.000000 	0.728553  	1.059192  	-7.804000 
62.000000 	0.705414  	1.079584  	-7.804000 
63.000000 	0.681863  	1.099354  	-7.804000 
64.000000 	0.658311  	1.119125  	-7.804000 
65.000000 	0.634759  	1.138895  	-7.804000 
66.000000 	0.611207  	1.158665  	-7.804000 
67.000000 	0.586516  	1.175911  	-7.804000 
68.000000 	0.561738  	1.192963  	-7.804000 
69.000000 	0.536959  	1.210015  	-7.804000 
70.000000 	0.512180  	1.227066  	-7.804000 
71.000000 	0.487278  	1.243663  	-7.804000 
72.000000 	0.461635  	1.257530  	-7.804000 
73.000000 	0.435992  	1.271396  	-7.804000 
74.000000 	0.410350  	1.285263  	-7.804000 
75.000000 	0.384707  	1.299129  	-7.804000 
76.000000 	0.358925  	1.311723  	-7.804000 
77.000000 	0.332894  	1.322027  	-7.804000 
78.000000 	0.306863  	1.332330  	-7.804000 
79.000000 	0.280832  	1.342634  	-7.804000 
80.000000 	0.254801  	1.352937  	-7.804000 
81.000000 	0.228870  	1.361046  	-7.804000 
82.000000 	0.203014  	1.367508  	-7.804000 
83.000000 	0.177158  	1.373970  	-7.804000 
84.000000 	0.151302  	1.380432  	-7.804000 
85.000000 	0.125446  	1.386894  	-7.804000 
86.000000 	0.100220  	1.390203  	-7.804000 
87.000000 	0.075165  	1.392652  	-7.804000 
88.000000 	0.050110  	1.395102  	-7.804000 
89.000000 	0.025055  	1.397551  	-7.804000 
90.000000 	0.000000  	1.400000  	-7.804000 
91.000000 	-0.017538 	1.397551  	-7.804000 
92.000000 	-0.035077 	1.395102  	-7.804000 
93.000000 	-0.052615 	1.392652  	-7.804000 
94.000000 	-0.070154 	1.390203  	-7.804000 
95.000000 	-0.087813 	1.386894  	-7.804000 
96.000000 	-0.105912 	1.380432  	-7.804000 
97.000000 	-0.124011 	1.373970  	-7.804000 
98.000000 	-0.142110 	1.367508  	-7.804000 
99.000000 	-0.160209 	1.361046  	-7.804000 
100.000000	-0.178361 	1.352937  	-7.804000 
101.000000	-0.196582 	1.342634  	-7.804000 
102.000000	-0.214804 	1.332330  	-7.804000 
103.000000	-0.233026 	1.322027  	-7.804000 
104.000000	-0.251248 	1.311723  	-7.804000 
105.000000	-0.269295 	1.299129  	-7.804000 
106.000000	-0.287245 	1.285263  	-7.804000 
107.000000	-0.305195 	1.271396  	-7.804000 
108.000000	-0.323145 	1.257530  	-7.804000 
109.000000	-0.341095 	1.243663  	-7.804000 
110.000000	-0.358526 	1.227066  	-7.804000 
111.000000	-0.375871 	1.210015  	-7.804000 
112.000000	-0.393216 	1.192963  	-7.804000 
113.000000	-0.410561 	1.175911  	-7.804000 
114.000000	-0.427845 	1.158665  	-7.804000 
115.000000	-0.444331 	1.138895  	-7.804000 
116.000000	-0.460818 	1.119125  	-7.804000 
117.000000	-0.477304 	1.099354  	-7.804000 
118.000000	-0.493790 	1.079584  	-7.804000 
119.000000	-0.509987 	1.059192  	-7.804000 
120.000000	-0.525463 	1.037246  	-7.804000 
121.000000	-0.540938 	1.015300  	-7.804000 
122.000000	-0.556413 	0.993354  	-7.804000 
123.000000	-0.571888 	0.971408  	-7.804000 
124.000000	-0.586846 	0.948676  	-7.804000 
125.000000	-0.601287 	0.925158  	-7.804000 
126.000000	-0.615728 	0.901639  	-7.804000 
127.000000	-0.630169 	0.878121  	-7.804000 
128.000000	-0.644610 	0.854603  	-7.804000 
129.000000	-0.658415 	0.830425  	-7.804000 
130.000000	-0.671967 	0.805982  	-7.804000 
131.000000	-0.685518 	0.781539  	-7.804000 
132.000000	-0.699069 	0.757097  	-7.804000 
133.000000	-0.712620 	0.732654  	-7.804000 
134.000000	-0.725689 	0.707979  	-7.804000 
135.000000	-0.738720 	0.683286  	-7.804000 
136.000000	-0.751751 	0.658593  	-7.804000 
137.000000	-0.764783 	0.633900  	-7.804000 
138.000000	-0.777839 	0.609269  	-7.804000 
139.000000	-0.791044 	0.585007  	-7.804000 
140.000000	-0.804249 	0.560745  	-7.804000 
141.000000	-0.817454 	0.536483  	-7.804000 
142.000000	-0.830659 	0.512222  	-7.804000 
143.000000	-0.844353 	0.488353  	-7.804000 
144.000000	-0.858929 	0.465192  	-7.804000 
145.000000	-0.873505 	0.442031  	-7.804000 
146.000000	-0.888081 	0.418871  	-7.804000 
147.000000	-0.902657 	0.395710  	-7.804000 
148.000000	-0.919197 	0.373544  	-7.804000 
149.000000	-0.937210 	0.352124  	-7.804000 
150.000000	-0.955222 	0.330704  	-7.804000 
151.000000	-0.973235 	0.309284  	-7.804000 
152.000000	-0.991248 	0.287864  	-7.804000 
153.000000	-1.014911 	0.268278  	-7.804000 
154.000000	-1.040116 	0.249191  	-7.804000 
155.000000	-1.065321 	0.230104  	-7.804000 
156.000000	-1.090525 	0.211017  	-7.804000 
157.000000	-1.115730 	0.191930  	-7.804000 
158.000000	-1.067220 	0.174693  	-7.804000 
159.000000	-1.018710 	0.157828  	-7.804000 
160.000000	-0.970200 	0.141632  	-7.804000 
161.000000	-0.921690 	0.126216  	-7.804000 
162.000000	-0.873180 	0.111195  	-7.804000 
163.000000	-0.824670 	0.097234  	-7.804000 
164.000000	-0.776160 	0.083783  	-7.804000 
165.000000	-0.727650 	0.071010  	-7.804000 
166.000000	-0.679140 	0.059204  	-7.804000 
167.000000	-0.630630 	0.047842  	-7.804000 
168.000000	-0.582120 	0.037567  	-7.804000 
169.000000	-0.533610 	0.027943  	-7.804000 
170.000000	-0.485100 	0.018969  	-7.804000 
171.000000	-0.436590 	0.011135  	-7.804000 
172.000000	-0.388080 	0.004591  	-7.804000 
173.000000	-0.339570 	0.002077  	-7.804000 
174.000000	-0.291060 	0.001000  	-7.804000 
175.000000	-0.242550 	0.001000  	-7.804000 
176.000000	-0.194040 	0.001000  	-7.804000 
177.000000	-0.145530 	0.001000  	-7.804000 
178.000000	-0.097020 	0.001000  	-7.804000 
179.000000	-0.048510 	0.001000  	-7.804000 
180.000000	0.000000  	0.001000  	-7.804000 
! ------------------------------------------------------------------------------
! data for table	3         
! ------------------------------------------------------------------------------
  0.400000  	Re           ! Reynolds number in millions
  0.000000  	UserProp     ! User property (control) setting
Flase           InclUAdata   ! Is unsteady aerodynamics data included in this table? If TRUE, then include UA coefficients below this line. Any missing coefficients will be calculated internally.
! Table of aerodynamics coefficients
  361       	NumAlf       ! Number of data lines in the following table
!Alpha      Cl          Cd          Cm/Cp
!(deg)      (-)         (-)         (-)
-180.000000	0.000000  	0.001000  	-8.280100 
-179.000000	0.047043  	0.001000  	-8.280100 
-178.000000	0.094086  	0.001000  	-8.280100 
-177.000000	0.141129  	0.001000  	-8.280100 
-176.000000	0.188172  	0.001000  	-8.280100 
-175.000000	0.235215  	0.001000  	-8.280100 
-174.000000	0.282257  	0.001000  	-8.280100 
-173.000000	0.329300  	0.001165  	-8.280100 
-172.000000	0.376343  	0.002320  	-8.280100 
-171.000000	0.423386  	0.006399  	-8.280100 
-170.000000	0.470429  	0.014376  	-8.280100 
-169.000000	0.517472  	0.023342  	-8.280100 
-168.000000	0.564515  	0.032703  	-8.280100 
-167.000000	0.611558  	0.043413  	-8.280100 
-166.000000	0.658601  	0.054499  	-8.280100 
-165.000000	0.705644  	0.066521  	-8.280100 
-164.000000	0.752687  	0.079269  	-8.280100 
-163.000000	0.799730  	0.092560  	-8.280100 
-162.000000	0.846772  	0.106899  	-8.280100 
-161.000000	0.893815  	0.121580  	-8.280100 
-160.000000	0.940858  	0.137264  	-8.280100 
-159.000000	0.987901  	0.153426  	-8.280100 
-158.000000	1.034944  	0.170224  	-8.280100 
-157.000000	1.081987  	0.187776  	-8.280100 
-156.000000	1.129030  	0.205630  	-8.280100 
-155.000000	1.103727  	0.225269  	-8.280100 
-154.000000	1.078423  	0.244908  	-8.280100 
-153.000000	1.053120  	0.264547  	-8.280100 
-152.000000	1.027816  	0.284187  	-8.280100 
-151.000000	1.004418  	0.304453  	-8.280100 
-150.000000	0.985781  	0.326288  	-8.280100 
-149.000000	0.967144  	0.348122  	-8.280100 
-148.000000	0.948507  	0.369957  	-8.280100 
-147.000000	0.929869  	0.391792  	-8.280100 
-146.000000	0.913092  	0.414547  	-8.280100 
-145.000000	0.897709  	0.437993  	-8.280100 
-144.000000	0.882326  	0.461438  	-8.280100 
-143.000000	0.866943  	0.484884  	-8.280100 
-142.000000	0.851559  	0.508329  	-8.280100 
-141.000000	0.837322  	0.532618  	-8.280100 
-140.000000	0.823275  	0.557046  	-8.280100 
-139.000000	0.809228  	0.581475  	-8.280100 
-138.000000	0.795181  	0.605904  	-8.280100 
-137.000000	0.781164  	0.630380  	-8.280100 
-136.000000	0.767328  	0.655139  	-8.280100 
-135.000000	0.753491  	0.679897  	-8.280100 
-134.000000	0.739654  	0.704656  	-8.280100 
-133.000000	0.725818  	0.729414  	-8.280100 
-132.000000	0.711790  	0.754030  	-8.280100 
-131.000000	0.697507  	0.778457  	-8.280100 
-130.000000	0.683224  	0.802883  	-8.280100 
-129.000000	0.668941  	0.827310  	-8.280100 
-128.000000	0.654658  	0.851736  	-8.280100 
-127.000000	0.639806  	0.875459  	-8.280100 
-126.000000	0.624726  	0.898901  	-8.280100 
-125.000000	0.609646  	0.922344  	-8.280100 
-124.000000	0.594566  	0.945786  	-8.280100 
-123.000000	0.579486  	0.969228  	-8.280100 
-122.000000	0.563474  	0.991060  	-8.280100 
-121.000000	0.547462  	1.012893  	-8.280100 
-120.000000	0.531449  	1.034725  	-8.280100 
-119.000000	0.515437  	1.056558  	-8.280100 
-118.000000	0.499165  	1.077764  	-8.280100 
-117.000000	0.482245  	1.097406  	-8.280100 
-116.000000	0.465326  	1.117048  	-8.280100 
-115.000000	0.448406  	1.136690  	-8.280100 
-114.000000	0.431486  	1.156331  	-8.280100 
-113.000000	0.414133  	1.174423  	-8.280100 
-112.000000	0.396455  	1.191352  	-8.280100 
-111.000000	0.378777  	1.208282  	-8.280100 
-110.000000	0.361099  	1.225211  	-8.280100 
-109.000000	0.343421  	1.242140  	-8.280100 
-108.000000	0.325305  	1.256360  	-8.280100 
-107.000000	0.307116  	1.270129  	-8.280100 
-106.000000	0.288927  	1.283898  	-8.280100 
-105.000000	0.270738  	1.297667  	-8.280100 
-104.000000	0.252522  	1.310932  	-8.280100 
-103.000000	0.234145  	1.321178  	-8.280100 
-102.000000	0.215768  	1.331424  	-8.280100 
-101.000000	0.197392  	1.341670  	-8.280100 
-100.000000	0.179015  	1.351916  	-8.280100 
-99.000000	0.160721  	1.360538  	-8.280100 
-98.000000	0.142539  	1.366994  	-8.280100 
-97.000000	0.124357  	1.373450  	-8.280100 
-96.000000	0.106175  	1.379906  	-8.280100 
-95.000000	0.087992  	1.386362  	-8.280100 
-94.000000	0.070252  	1.389993  	-8.280100 
-93.000000	0.052689  	1.392495  	-8.280100 
-92.000000	0.035126  	1.394997  	-8.280100 
-91.000000	0.017563  	1.397498  	-8.280100 
-90.000000	0.000000  	1.400000  	-8.280100 
-89.000000	-0.017563 	1.397498  	-8.280100 
-88.000000	-0.035126 	1.394997  	-8.280100 
-87.000000	-0.052689 	1.392495  	-8.280100 
-86.000000	-0.070252 	1.389993  	-8.280100 
-85.000000	-0.087992 	1.386362  	-8.280100 
-84.000000	-0.106175 	1.379906  	-8.280100 
-83.000000	-0.124357 	1.373450  	-8.280100 
-82.000000	-0.142539 	1.366994  	-8.280100 
-81.000000	-0.160721 	1.360538  	-8.280100 
-80.000000	-0.179015 	1.351916  	-8.280100 
-79.000000	-0.197392 	1.341670  	-8.280100 
-78.000000	-0.215768 	1.331424  	-8.280100 
-77.000000	-0.234145 	1.321178  	-8.280100 
-76.000000	-0.252522 	1.310932  	-8.280100 
-75.000000	-0.270738 	1.297667  	-8.280100 
-74.000000	-0.288927 	1.283898  	-8.280100 
-73.000000	-0.307116 	1.270129  	-8.280100 
-72.000000	-0.325305 	1.256360  	-8.280100 
-71.000000	-0.343421 	1.242140  	-8.280100 
-70.000000	-0.361099 	1.225211  	-8.280100 
-69.000000	-0.378777 	1.208282  	-8.280100 
-68.000000	-0.396455 	1.191352  	-8.280100 
-67.000000	-0.414133 	1.174423  	-8.280100 
-66.000000	-0.431486 	1.156331  	-8.280100 
-65.000000	-0.448406 	1.136690  	-8.280100 
-64.000000	-0.465326 	1.117048  	-8.280100 
-63.000000	-0.482245 	1.097406  	-8.280100 
-62.000000	-0.499165 	1.077764  	-8.280100 
-61.000000	-0.515437 	1.056558  	-8.280100 
-60.000000	-0.531449 	1.034725  	-8.280100 
-59.000000	-0.547462 	1.012893  	-8.280100 
-58.000000	-0.563474 	0.991060  	-8.280100 
-57.000000	-0.579486 	0.969228  	-8.280100 
-56.000000	-0.594566 	0.945786  	-8.280100 
-55.000000	-0.609646 	0.922344  	-8.280100 
-54.000000	-0.624726 	0.898901  	-8.280100 
-53.000000	-0.639806 	0.875459  	-8.280100 
-52.000000	-0.654658 	0.851736  	-8.280100 
-51.000000	-0.668941 	0.827310  	-8.280100 
-50.000000	-0.683224 	0.802883  	-8.280100 
-49.000000	-0.697507 	0.778457  	-8.280100 
-48.000000	-0.711790 	0.754030  	-8.280100 
-47.000000	-0.725818 	0.729414  	-8.280100 
-46.000000	-0.739654 	0.704656  	-8.280100 
-45.000000	-0.753491 	0.679897  	-8.280100 
-44.000000	-0.767328 	0.655139  	-8.280100 
-43.000000	-0.781164 	0.630380  	-8.280100 
-42.000000	-0.795181 	0.605904  	-8.280100 
-41.000000	-0.809228 	0.581475  	-8.280100 
-40.000000	-0.823275 	0.557046  	-8.280100 
-39.000000	-0.837322 	0.532618  	-8.280100 
-38.000000	-0.851559 	0.508329  	-8.280100 
-37.000000	-0.866943 	0.484884  	-8.280100 
-36.000000	-0.882326 	0.461438  	-8.280100 
-35.000000	-0.897709 	0.437993  	-8.280100 
-34.000000	-0.913092 	0.414547  	-8.280100 
-33.000000	-0.929869 	0.391792  	-8.280100 
-32.000000	-0.948507 	0.369957  	-8.280100 
-31.000000	-0.967144 	0.348122  	-8.280100 
-30.000000	-0.985781 	0.326288  	-8.280100 
-29.000000	-1.004418 	0.304453  	-8.280100 
-28.000000	-1.027816 	0.284187  	-8.280100 
-27.000000	-1.053120 	0.264547  	-8.280100 
-26.000000	-1.078423 	0.244908  	-8.280100 
-25.000000	-1.103727 	0.225269  	-8.280100 
-24.000000	-1.129030 	0.205630  	-8.280100 
-23.000000	-1.103078 	0.192707  	-8.280100 
-22.000000	-1.077126 	0.179784  	-8.280100 
-21.000000	-1.051174 	0.166861  	-8.280100 
-20.000000	-1.025221 	0.153939  	-8.280100 
-19.000000	-0.999269 	0.141016  	-8.280100 
-18.000000	-0.973317 	0.128093  	-8.280100 
-17.000000	-0.947365 	0.115170  	-8.280100 
-16.000000	-0.921413 	0.102247  	-8.280100 
-15.000000	-0.895461 	0.089324  	-8.280100 
-14.000000	-0.869509 	0.076401  	-8.280100 
-13.000000	-0.843556 	0.063479  	-8.280100 
-12.000000	-0.817604 	0.050556  	-8.280100 
-11.000000	-0.791652 	0.037633  	-5.930100 
-10.000000	-0.765700 	0.024710  	-3.580100 
-9.000000 	-0.522600 	0.013010  	-2.745600 
-8.000000 	-0.305500 	0.011760  	-1.967300 
-7.000000 	-0.174200 	0.011970  	-1.460000 
-6.000000 	-0.048400 	0.012290  	-1.015900 
-5.000000 	0.077300  	0.012360  	-0.829700 
-4.000000 	0.201600  	0.012510  	-0.723500 
-3.000000 	0.327300  	0.012720  	-0.779500 
-2.000000 	0.450800  	0.012910  	-0.857500 
-1.000000 	0.573400  	0.013210  	-0.938200 
0.000000  	0.696100  	0.013590  	-1.024300 
1.000000  	0.816800  	0.013920  	-1.119800 
2.000000  	0.936000  	0.014250  	-1.252800 
3.000000  	1.052400  	0.014550  	-1.421100 
4.000000  	1.167000  	0.014880  	-1.636400 
5.000000  	1.277500  	0.015180  	-1.923900 
6.000000  	1.382400  	0.015610  	-2.398100 
7.000000  	1.475200  	0.016650  	-2.904300 
8.000000  	1.540100  	0.019260  	-3.398100 
9.000000  	1.576500  	0.022820  	-3.814800 
10.000000 	1.595600  	0.027480  	-4.225200 
11.000000 	1.613000  	0.034320  	-4.622100 
12.000000 	1.623900  	0.043490  	-4.989100 
13.000000 	1.621700  	0.054940  	-5.352700 
14.000000 	1.602300  	0.069130  	-5.586500 
15.000000 	1.583300  	0.084380  	-5.816900 
16.000000 	1.569000  	0.099880  	-6.080200 
17.000000 	1.553100  	0.116230  	-6.276600 
18.000000 	1.545500  	0.131760  	-6.565500 
19.000000 	1.548800  	0.145720  	-6.770000 
20.000000 	1.561700  	0.157780  	-7.158700 
21.000000 	1.577400  	0.169330  	-7.508700 
22.000000 	1.594300  	0.180640  	-7.840700 
23.000000 	1.621100  	0.188890  	-8.204500 
24.000000 	1.612900  	0.205630  	-8.280100 
25.000000 	1.576752  	0.225269  	-8.280100 
26.000000 	1.540605  	0.244908  	-8.280100 
27.000000 	1.504457  	0.264547  	-8.280100 
28.000000 	1.468309  	0.284187  	-8.280100 
29.000000 	1.434882  	0.304453  	-8.280100 
30.000000 	1.408258  	0.326288  	-8.280100 
31.000000 	1.381634  	0.348122  	-8.280100 
32.000000 	1.355009  	0.369957  	-8.280100 
33.000000 	1.328385  	0.391792  	-8.280100 
34.000000 	1.304417  	0.414547  	-8.280100 
35.000000 	1.282441  	0.437993  	-8.280100 
36.000000 	1.260465  	0.461438  	-8.280100 
37.000000 	1.238489  	0.484884  	-8.280100 
38.000000 	1.216514  	0.508329  	-8.280100 
39.000000 	1.196174  	0.532618  	-8.280100 
40.000000 	1.176107  	0.557046  	-8.280100 
41.000000 	1.156040  	0.581475  	-8.280100 
42.000000 	1.135973  	0.605904  	-8.280100 
43.000000 	1.115949  	0.630380  	-8.280100 
44.000000 	1.096182  	0.655139  	-8.280100 
45.000000 	1.076416  	0.679897  	-8.280100 
46.000000 	1.056649  	0.704656  	-8.280100 
47.000000 	1.036883  	0.729414  	-8.280100 
48.000000 	1.016843  	0.754030  	-8.280100 
49.000000 	0.996439  	0.778457  	-8.280100 
50.000000 	0.976035  	0.802883  	-8.280100 
51.000000 	0.955631  	0.827310  	-8.280100 
52.000000 	0.935226  	0.851736  	-8.280100 
53.000000 	0.914009  	0.875459  	-8.280100 
54.000000 	0.892466  	0.898901  	-8.280100 
55.000000 	0.870923  	0.922344  	-8.280100 
56.000000 	0.849381  	0.945786  	-8.280100 
57.000000 	0.827838  	0.969228  	-8.280100 
58.000000 	0.804963  	0.991060  	-8.280100 
59.000000 	0.782088  	1.012893  	-8.280100 
60.000000 	0.759213  	1.034725  	-8.280100 
61.000000 	0.736338  	1.056558  	-8.280100 
62.000000 	0.713093  	1.077764  	-8.280100 
63.000000 	0.688922  	1.097406  	-8.280100 
64.000000 	0.664751  	1.117048  	-8.280100 
65.000000 	0.640580  	1.136690  	-8.280100 
66.000000 	0.616408  	1.156331  	-8.280100 
67.000000 	0.591618  	1.174423  	-8.280100 
68.000000 	0.566364  	1.191352  	-8.280100 
69.000000 	0.541110  	1.208282  	-8.280100 
70.000000 	0.515856  	1.225211  	-8.280100 
71.000000 	0.490602  	1.242140  	-8.280100 
72.000000 	0.464722  	1.256360  	-8.280100 
73.000000 	0.438737  	1.270129  	-8.280100 
74.000000 	0.412753  	1.283898  	-8.280100 
75.000000 	0.386768  	1.297667  	-8.280100 
76.000000 	0.360745  	1.310932  	-8.280100 
77.000000 	0.334493  	1.321178  	-8.280100 
78.000000 	0.308240  	1.331424  	-8.280100 
79.000000 	0.281988  	1.341670  	-8.280100 
80.000000 	0.255735  	1.351916  	-8.280100 
81.000000 	0.229602  	1.360538  	-8.280100 
82.000000 	0.203627  	1.366994  	-8.280100 
83.000000 	0.177653  	1.373450  	-8.280100 
84.000000 	0.151678  	1.379906  	-8.280100 
85.000000 	0.125703  	1.386362  	-8.280100 
86.000000 	0.100360  	1.389993  	-8.280100 
87.000000 	0.075270  	1.392495  	-8.280100 
88.000000 	0.050180  	1.394997  	-8.280100 
89.000000 	0.025090  	1.397498  	-8.280100 
90.000000 	0.000000  	1.400000  	-8.280100 
91.000000 	-0.017563 	1.397498  	-8.280100 
92.000000 	-0.035126 	1.394997  	-8.280100 
93.000000 	-0.052689 	1.392495  	-8.280100 
94.000000 	-0.070252 	1.389993  	-8.280100 
95.000000 	-0.087992 	1.386362  	-8.280100 
96.000000 	-0.106175 	1.379906  	-8.280100 
97.000000 	-0.124357 	1.373450  	-8.280100 
98.000000 	-0.142539 	1.366994  	-8.280100 
99.000000 	-0.160721 	1.360538  	-8.280100 
100.000000	-0.179015 	1.351916  	-8.280100 
101.000000	-0.197392 	1.341670  	-8.280100 
102.000000	-0.215768 	1.331424  	-8.280100 
103.000000	-0.234145 	1.321178  	-8.280100 
104.000000	-0.252522 	1.310932  	-8.280100 
105.000000	-0.270738 	1.297667  	-8.280100 
106.000000	-0.288927 	1.283898  	-8.280100 
107.000000	-0.307116 	1.270129  	-8.280100 
108.000000	-0.325305 	1.256360  	-8.280100 
109.000000	-0.343421 	1.242140  	-8.280100 
110.000000	-0.361099 	1.225211  	-8.280100 
111.000000	-0.378777 	1.208282  	-8.280100 
112.000000	-0.396455 	1.191352  	-8.280100 
113.000000	-0.414133 	1.174423  	-8.280100 
114.000000	-0.431486 	1.156331  	-8.280100 
115.000000	-0.448406 	1.136690  	-8.280100 
116.000000	-0.465326 	1.117048  	-8.280100 
117.000000	-0.482245 	1.097406  	-8.280100 
118.000000	-0.499165 	1.077764  	-8.280100 
119.000000	-0.515437 	1.056558  	-8.280100 
120.000000	-0.531449 	1.034725  	-8.280100 
121.000000	-0.547462 	1.012893  	-8.280100 
122.000000	-0.563474 	0.991060  	-8.280100 
123.000000	-0.579486 	0.969228  	-8.280100 
124.000000	-0.594566 	0.945786  	-8.280100 
125.000000	-0.609646 	0.922344  	-8.280100 
126.000000	-0.624726 	0.898901  	-8.280100 
127.000000	-0.639806 	0.875459  	-8.280100 
128.000000	-0.654658 	0.851736  	-8.280100 
129.000000	-0.668941 	0.827310  	-8.280100 
130.000000	-0.683224 	0.802883  	-8.280100 
131.000000	-0.697507 	0.778457  	-8.280100 
132.000000	-0.711790 	0.754030  	-8.280100 
133.000000	-0.725818 	0.729414  	-8.280100 
134.000000	-0.739654 	0.704656  	-8.280100 
135.000000	-0.753491 	0.679897  	-8.280100 
136.000000	-0.767328 	0.655139  	-8.280100 
137.000000	-0.781164 	0.630380  	-8.280100 
138.000000	-0.795181 	0.605904  	-8.280100 
139.000000	-0.809228 	0.581475  	-8.280100 
140.000000	-0.823275 	0.557046  	-8.280100 
141.000000	-0.837322 	0.532618  	-8.280100 
142.000000	-0.851559 	0.508329  	-8.280100 
143.000000	-0.866943 	0.484884  	-8.280100 
144.000000	-0.882326 	0.461438  	-8.280100 
145.000000	-0.897709 	0.437993  	-8.280100 
146.000000	-0.913092 	0.414547  	-8.280100 
147.000000	-0.929869 	0.391792  	-8.280100 
148.000000	-0.948507 	0.369957  	-8.280100 
149.000000	-0.967144 	0.348122  	-8.280100 
150.000000	-0.985781 	0.326288  	-8.280100 
151.000000	-1.004418 	0.304453  	-8.280100 
152.000000	-1.027816 	0.284187  	-8.280100 
153.000000	-1.053120 	0.264547  	-8.280100 
154.000000	-1.078423 	0.244908  	-8.280100 
155.000000	-1.103727 	0.225269  	-8.280100 
156.000000	-1.129030 	0.205630  	-8.280100 
157.000000	-1.081987 	0.187776  	-8.280100 
158.000000	-1.034944 	0.170224  	-8.280100 
159.000000	-0.987901 	0.153426  	-8.280100 
160.000000	-0.940858 	0.137264  	-8.280100 
161.000000	-0.893815 	0.121580  	-8.280100 
162.000000	-0.846772 	0.106899  	-8.280100 
163.000000	-0.799730 	0.092560  	-8.280100 
164.000000	-0.752687 	0.079269  	-8.280100 
165.000000	-0.705644 	0.066521  	-8.280100 
166.000000	-0.658601 	0.054499  	-8.280100 
167.000000	-0.611558 	0.043413  	-8.280100 
168.000000	-0.564515 	0.032703  	-8.280100 
169.000000	-0.517472 	0.023342  	-8.280100 
170.000000	-0.470429 	0.014376  	-8.280100 
171.000000	-0.423386 	0.006399  	-8.280100 
172.000000	-0.376343 	0.002320  	-8.280100 
173.000000	-0.329300 	0.001165  	-8.280100 
174.000000	-0.282257 	0.001000  	-8.280100 
175.000000	-0.235215 	0.001000  	-8.280100 
176.000000	-0.188172 	0.001000  	-8.280100 
177.000000	-0.141129 	0.001000  	-8.280100 
178.000000	-0.094086 	0.001000  	-8.280100 
179.000000	-0.047043 	0.001000  	-8.280100 
180.000000	0.000000  	0.001000  	-8.280100 
! ------------------------------------------------------------------------------
! data for table	4         
! ------------------------------------------------------------------------------
  0.500000  	Re           ! Reynolds number in millions
  0.000000  	UserProp     ! User property (control) setting
Flase           InclUAdata   ! Is unsteady aerodynamics data included in this table? If TRUE, then include UA coefficients below this line. Any missing coefficients will be calculated internally.
! Table of aerodynamics coefficients
  361       	NumAlf       ! Number of data lines in the following table
!Alpha      Cl          Cd          Cm/Cp
!(deg)      (-)         (-)         (-)
-180.000000	0.000000  	0.001000  	-8.640700 
-179.000000	0.045430  	0.001000  	-8.640700 
-178.000000	0.090860  	0.001000  	-8.640700 
-177.000000	0.136290  	0.001000  	-8.640700 
-176.000000	0.181720  	0.001000  	-8.640700 
-175.000000	0.227150  	0.001000  	-8.640700 
-174.000000	0.272580  	0.001000  	-8.640700 
-173.000000	0.318010  	0.001000  	-8.640700 
-172.000000	0.363440  	0.001404  	-8.640700 
-171.000000	0.408870  	0.002435  	-8.640700 
-170.000000	0.454300  	0.010744  	-8.640700 
-169.000000	0.499730  	0.019462  	-8.640700 
-168.000000	0.545160  	0.029206  	-8.640700 
-167.000000	0.590590  	0.039647  	-8.640700 
-166.000000	0.636020  	0.050788  	-8.640700 
-165.000000	0.681450  	0.062895  	-8.640700 
-164.000000	0.726880  	0.075390  	-8.640700 
-163.000000	0.772310  	0.089097  	-8.640700 
-162.000000	0.817740  	0.103076  	-8.640700 
-161.000000	0.863170  	0.118130  	-8.640700 
-160.000000	0.908600  	0.133610  	-8.640700 
-159.000000	0.954030  	0.149859  	-8.640700 
-158.000000	0.999460  	0.166754  	-8.640700 
-157.000000	1.044890  	0.184135  	-8.640700 
-156.000000	1.090320  	0.202353  	-8.640700 
-155.000000	1.135750  	0.220800  	-8.640700 
-154.000000	1.110557  	0.240965  	-8.640700 
-153.000000	1.085364  	0.261129  	-8.640700 
-152.000000	1.060170  	0.281294  	-8.640700 
-151.000000	1.034977  	0.301458  	-8.640700 
-150.000000	1.011971  	0.322358  	-8.640700 
-149.000000	0.992902  	0.344580  	-8.640700 
-148.000000	0.973834  	0.366803  	-8.640700 
-147.000000	0.954765  	0.389025  	-8.640700 
-146.000000	0.935696  	0.411247  	-8.640700 
-145.000000	0.918800  	0.434528  	-8.640700 
-144.000000	0.902773  	0.458232  	-8.640700 
-143.000000	0.886746  	0.481935  	-8.640700 
-142.000000	0.870719  	0.505639  	-8.640700 
-141.000000	0.854783  	0.529404  	-8.640700 
-140.000000	0.840030  	0.553975  	-8.640700 
-139.000000	0.825278  	0.578545  	-8.640700 
-138.000000	0.810525  	0.603116  	-8.640700 
-137.000000	0.795773  	0.627686  	-8.640700 
-136.000000	0.781116  	0.652355  	-8.640700 
-135.000000	0.766588  	0.677155  	-8.640700 
-134.000000	0.752060  	0.701955  	-8.640700 
-133.000000	0.737532  	0.726756  	-8.640700 
-132.000000	0.723003  	0.751556  	-8.640700 
-131.000000	0.708168  	0.776033  	-8.640700 
-130.000000	0.693248  	0.800421  	-8.640700 
-129.000000	0.678328  	0.824810  	-8.640700 
-128.000000	0.663409  	0.849198  	-8.640700 
-127.000000	0.648386  	0.873437  	-8.640700 
-126.000000	0.632747  	0.896783  	-8.640700 
-125.000000	0.617107  	0.920129  	-8.640700 
-124.000000	0.601467  	0.943474  	-8.640700 
-123.000000	0.585828  	0.966820  	-8.640700 
-122.000000	0.569766  	0.989343  	-8.640700 
-121.000000	0.553282  	1.011043  	-8.640700 
-120.000000	0.536798  	1.032744  	-8.640700 
-119.000000	0.520314  	1.054444  	-8.640700 
-118.000000	0.503830  	1.076144  	-8.640700 
-117.000000	0.486646  	1.095955  	-8.640700 
-116.000000	0.469346  	1.115451  	-8.640700 
-115.000000	0.452046  	1.134946  	-8.640700 
-114.000000	0.434746  	1.154442  	-8.640700 
-113.000000	0.417303  	1.173358  	-8.640700 
-112.000000	0.399334  	1.190148  	-8.640700 
-111.000000	0.381366  	1.206938  	-8.640700 
-110.000000	0.363397  	1.223728  	-8.640700 
-109.000000	0.345429  	1.240519  	-8.640700 
-108.000000	0.327216  	1.255517  	-8.640700 
-107.000000	0.308820  	1.269172  	-8.640700 
-106.000000	0.290424  	1.282827  	-8.640700 
-105.000000	0.272027  	1.296482  	-8.640700 
-104.000000	0.253631  	1.310137  	-8.640700 
-103.000000	0.235130  	1.320558  	-8.640700 
-102.000000	0.216620  	1.330731  	-8.640700 
-101.000000	0.198111  	1.340903  	-8.640700 
-100.000000	0.179601  	1.351076  	-8.640700 
-99.000000	0.161165  	1.360180  	-8.640700 
-98.000000	0.142913  	1.366614  	-8.640700 
-97.000000	0.124660  	1.373049  	-8.640700 
-96.000000	0.106408  	1.379483  	-8.640700 
-95.000000	0.088156  	1.385917  	-8.640700 
-94.000000	0.070333  	1.389847  	-8.640700 
-93.000000	0.052750  	1.392385  	-8.640700 
-92.000000	0.035167  	1.394923  	-8.640700 
-91.000000	0.017583  	1.397462  	-8.640700 
-90.000000	0.000000  	1.400000  	-8.640700 
-89.000000	-0.017583 	1.397462  	-8.640700 
-88.000000	-0.035167 	1.394923  	-8.640700 
-87.000000	-0.052750 	1.392385  	-8.640700 
-86.000000	-0.070333 	1.389847  	-8.640700 
-85.000000	-0.088156 	1.385917  	-8.640700 
-84.000000	-0.106408 	1.379483  	-8.640700 
-83.000000	-0.124660 	1.373049  	-8.640700 
-82.000000	-0.142913 	1.366614  	-8.640700 
-81.000000	-0.161165 	1.360180  	-8.640700 
-80.000000	-0.179601 	1.351076  	-8.640700 
-79.000000	-0.198111 	1.340903  	-8.640700 
-78.000000	-0.216620 	1.330731  	-8.640700 
-77.000000	-0.235130 	1.320558  	-8.640700 
-76.000000	-0.253631 	1.310137  	-8.640700 
-75.000000	-0.272027 	1.296482  	-8.640700 
-74.000000	-0.290424 	1.282827  	-8.640700 
-73.000000	-0.308820 	1.269172  	-8.640700 
-72.000000	-0.327216 	1.255517  	-8.640700 
-71.000000	-0.345429 	1.240519  	-8.640700 
-70.000000	-0.363397 	1.223728  	-8.640700 
-69.000000	-0.381366 	1.206938  	-8.640700 
-68.000000	-0.399334 	1.190148  	-8.640700 
-67.000000	-0.417303 	1.173358  	-8.640700 
-66.000000	-0.434746 	1.154442  	-8.640700 
-65.000000	-0.452046 	1.134946  	-8.640700 
-64.000000	-0.469346 	1.115451  	-8.640700 
-63.000000	-0.486646 	1.095955  	-8.640700 
-62.000000	-0.503830 	1.076144  	-8.640700 
-61.000000	-0.520314 	1.054444  	-8.640700 
-60.000000	-0.536798 	1.032744  	-8.640700 
-59.000000	-0.553282 	1.011043  	-8.640700 
-58.000000	-0.569766 	0.989343  	-8.640700 
-57.000000	-0.585828 	0.966820  	-8.640700 
-56.000000	-0.601467 	0.943474  	-8.640700 
-55.000000	-0.617107 	0.920129  	-8.640700 
-54.000000	-0.632747 	0.896783  	-8.640700 
-53.000000	-0.648386 	0.873437  	-8.640700 
-52.000000	-0.663409 	0.849198  	-8.640700 
-51.000000	-0.678328 	0.824810  	-8.640700 
-50.000000	-0.693248 	0.800421  	-8.640700 
-49.000000	-0.708168 	0.776033  	-8.640700 
-48.000000	-0.723003 	0.751556  	-8.640700 
-47.000000	-0.737532 	0.726756  	-8.640700 
-46.000000	-0.752060 	0.701955  	-8.640700 
-45.000000	-0.766588 	0.677155  	-8.640700 
-44.000000	-0.781116 	0.652355  	-8.640700 
-43.000000	-0.795773 	0.627686  	-8.640700 
-42.000000	-0.810525 	0.603116  	-8.640700 
-41.000000	-0.825278 	0.578545  	-8.640700 
-40.000000	-0.840030 	0.553975  	-8.640700 
-39.000000	-0.854783 	0.529404  	-8.640700 
-38.000000	-0.870719 	0.505639  	-8.640700 
-37.000000	-0.886746 	0.481935  	-8.640700 
-36.000000	-0.902773 	0.458232  	-8.640700 
-35.000000	-0.918800 	0.434528  	-8.640700 
-34.000000	-0.935696 	0.411247  	-8.640700 
-33.000000	-0.954765 	0.389025  	-8.640700 
-32.000000	-0.973834 	0.366803  	-8.640700 
-31.000000	-0.992902 	0.344580  	-8.640700 
-30.000000	-1.011971 	0.322358  	-8.640700 
-29.000000	-1.034977 	0.301458  	-8.640700 
-28.000000	-1.060170 	0.281294  	-8.640700 
-27.000000	-1.085364 	0.261129  	-8.640700 
-26.000000	-1.110557 	0.240965  	-8.640700 
-25.000000	-1.135750 	0.220800  	-8.640700 
-24.000000	-1.110073 	0.207606  	-8.640700 
-23.000000	-1.084397 	0.194412  	-8.640700 
-22.000000	-1.058720 	0.181218  	-8.640700 
-21.000000	-1.033043 	0.168024  	-8.640700 
-20.000000	-1.007367 	0.154830  	-8.640700 
-19.000000	-0.981690 	0.141636  	-8.640700 
-18.000000	-0.956013 	0.128442  	-8.640700 
-17.000000	-0.930337 	0.115248  	-8.640700 
-16.000000	-0.904660 	0.102054  	-8.640700 
-15.000000	-0.878983 	0.088860  	-8.640700 
-14.000000	-0.853307 	0.075666  	-8.640700 
-13.000000	-0.827630 	0.062472  	-8.640700 
-12.000000	-0.801953 	0.049278  	-8.302293 
-11.000000	-0.776277 	0.036084  	-5.933447 
-10.000000	-0.750600 	0.022890  	-3.564600 
-9.000000 	-0.483300 	0.012080  	-2.657900 
-8.000000 	-0.300400 	0.011050  	-1.962400 
-7.000000 	-0.171300 	0.011040  	-1.459700 
-6.000000 	-0.044000 	0.011220  	-1.013100 
-5.000000 	0.081400  	0.011290  	-0.830100 
-4.000000 	0.206600  	0.011390  	-0.724200 
-3.000000 	0.331600  	0.011530  	-0.783200 
-2.000000 	0.455200  	0.011720  	-0.861700 
-1.000000 	0.578400  	0.011990  	-0.942900 
0.000000  	0.701000  	0.012290  	-1.029100 
1.000000  	0.822100  	0.012580  	-1.124500 
2.000000  	0.941300  	0.012880  	-1.257800 
3.000000  	1.058100  	0.013160  	-1.427200 
4.000000  	1.172900  	0.013480  	-1.644000 
5.000000  	1.284100  	0.013840  	-1.935300 
6.000000  	1.389400  	0.014410  	-2.419400 
7.000000  	1.480300  	0.015880  	-2.921500 
8.000000  	1.546200  	0.018710  	-3.421000 
9.000000  	1.592700  	0.021920  	-3.868100 
10.000000 	1.615300  	0.026200  	-4.293800 
11.000000 	1.636600  	0.032420  	-4.718600 
12.000000 	1.649300  	0.041190  	-5.096700 
13.000000 	1.646200  	0.052620  	-5.457200 
14.000000 	1.630200  	0.066250  	-5.711000 
15.000000 	1.617000  	0.080560  	-5.985700 
16.000000 	1.600000  	0.096180  	-6.257400 
17.000000 	1.585800  	0.112150  	-6.474500 
18.000000 	1.569500  	0.128970  	-6.736900 
19.000000 	1.566100  	0.144150  	-6.916500 
20.000000 	1.568800  	0.158140  	-7.256900 
21.000000 	1.577700  	0.171240  	-7.573000 
22.000000 	1.591700  	0.183320  	-7.891800 
23.000000 	1.619500  	0.191460  	-8.274500 
24.000000 	1.621000  	0.206130  	-8.457600 
25.000000 	1.622500  	0.220800  	-8.640700 
26.000000 	1.586510  	0.240965  	-8.640700 
27.000000 	1.550519  	0.261129  	-8.640700 
28.000000 	1.514529  	0.281294  	-8.640700 
29.000000 	1.478539  	0.301458  	-8.640700 
30.000000 	1.445673  	0.322358  	-8.640700 
31.000000 	1.418432  	0.344580  	-8.640700 
32.000000 	1.391191  	0.366803  	-8.640700 
33.000000 	1.363950  	0.389025  	-8.640700 
34.000000 	1.336709  	0.411247  	-8.640700 
35.000000 	1.312572  	0.434528  	-8.640700 
36.000000 	1.289676  	0.458232  	-8.640700 
37.000000 	1.266780  	0.481935  	-8.640700 
38.000000 	1.243884  	0.505639  	-8.640700 
39.000000 	1.221119  	0.529404  	-8.640700 
40.000000 	1.200043  	0.553975  	-8.640700 
41.000000 	1.178968  	0.578545  	-8.640700 
42.000000 	1.157893  	0.603116  	-8.640700 
43.000000 	1.136818  	0.627686  	-8.640700 
44.000000 	1.115880  	0.652355  	-8.640700 
45.000000 	1.095126  	0.677155  	-8.640700 
46.000000 	1.074371  	0.701955  	-8.640700 
47.000000 	1.053616  	0.726756  	-8.640700 
48.000000 	1.032862  	0.751556  	-8.640700 
49.000000 	1.011668  	0.776033  	-8.640700 
50.000000 	0.990354  	0.800421  	-8.640700 
51.000000 	0.969040  	0.824810  	-8.640700 
52.000000 	0.947727  	0.849198  	-8.640700 
53.000000 	0.926266  	0.873437  	-8.640700 
54.000000 	0.903924  	0.896783  	-8.640700 
55.000000 	0.881581  	0.920129  	-8.640700 
56.000000 	0.859239  	0.943474  	-8.640700 
57.000000 	0.836897  	0.966820  	-8.640700 
58.000000 	0.813951  	0.989343  	-8.640700 
59.000000 	0.790403  	1.011043  	-8.640700 
60.000000 	0.766854  	1.032744  	-8.640700 
61.000000 	0.743305  	1.054444  	-8.640700 
62.000000 	0.719756  	1.076144  	-8.640700 
63.000000 	0.695209  	1.095955  	-8.640700 
64.000000 	0.670494  	1.115451  	-8.640700 
65.000000 	0.645780  	1.134946  	-8.640700 
66.000000 	0.621066  	1.154442  	-8.640700 
67.000000 	0.596147  	1.173358  	-8.640700 
68.000000 	0.570478  	1.190148  	-8.640700 
69.000000 	0.544808  	1.206938  	-8.640700 
70.000000 	0.519139  	1.223728  	-8.640700 
71.000000 	0.493470  	1.240519  	-8.640700 
72.000000 	0.467451  	1.255517  	-8.640700 
73.000000 	0.441171  	1.269172  	-8.640700 
74.000000 	0.414891  	1.282827  	-8.640700 
75.000000 	0.388610  	1.296482  	-8.640700 
76.000000 	0.362330  	1.310137  	-8.640700 
77.000000 	0.335900  	1.320558  	-8.640700 
78.000000 	0.309457  	1.330731  	-8.640700 
79.000000 	0.283015  	1.340903  	-8.640700 
80.000000 	0.256573  	1.351076  	-8.640700 
81.000000 	0.230236  	1.360180  	-8.640700 
82.000000 	0.204161  	1.366614  	-8.640700 
83.000000 	0.178086  	1.373049  	-8.640700 
84.000000 	0.152012  	1.379483  	-8.640700 
85.000000 	0.125937  	1.385917  	-8.640700 
86.000000 	0.100476  	1.389847  	-8.640700 
87.000000 	0.075357  	1.392385  	-8.640700 
88.000000 	0.050238  	1.394923  	-8.640700 
89.000000 	0.025119  	1.397462  	-8.640700 
90.000000 	0.000000  	1.400000  	-8.640700 
91.000000 	-0.017583 	1.397462  	-8.640700 
92.000000 	-0.035167 	1.394923  	-8.640700 
93.000000 	-0.052750 	1.392385  	-8.640700 
94.000000 	-0.070333 	1.389847  	-8.640700 
95.000000 	-0.088156 	1.385917  	-8.640700 
96.000000 	-0.106408 	1.379483  	-8.640700 
97.000000 	-0.124660 	1.373049  	-8.640700 
98.000000 	-0.142913 	1.366614  	-8.640700 
99.000000 	-0.161165 	1.360180  	-8.640700 
100.000000	-0.179601 	1.351076  	-8.640700 
101.000000	-0.198111 	1.340903  	-8.640700 
102.000000	-0.216620 	1.330731  	-8.640700 
103.000000	-0.235130 	1.320558  	-8.640700 
104.000000	-0.253631 	1.310137  	-8.640700 
105.000000	-0.272027 	1.296482  	-8.640700 
106.000000	-0.290424 	1.282827  	-8.640700 
107.000000	-0.308820 	1.269172  	-8.640700 
108.000000	-0.327216 	1.255517  	-8.640700 
109.000000	-0.345429 	1.240519  	-8.640700 
110.000000	-0.363397 	1.223728  	-8.640700 
111.000000	-0.381366 	1.206938  	-8.640700 
112.000000	-0.399334 	1.190148  	-8.640700 
113.000000	-0.417303 	1.173358  	-8.640700 
114.000000	-0.434746 	1.154442  	-8.640700 
115.000000	-0.452046 	1.134946  	-8.640700 
116.000000	-0.469346 	1.115451  	-8.640700 
117.000000	-0.486646 	1.095955  	-8.640700 
118.000000	-0.503830 	1.076144  	-8.640700 
119.000000	-0.520314 	1.054444  	-8.640700 
120.000000	-0.536798 	1.032744  	-8.640700 
121.000000	-0.553282 	1.011043  	-8.640700 
122.000000	-0.569766 	0.989343  	-8.640700 
123.000000	-0.585828 	0.966820  	-8.640700 
124.000000	-0.601467 	0.943474  	-8.640700 
125.000000	-0.617107 	0.920129  	-8.640700 
126.000000	-0.632747 	0.896783  	-8.640700 
127.000000	-0.648386 	0.873437  	-8.640700 
128.000000	-0.663409 	0.849198  	-8.640700 
129.000000	-0.678328 	0.824810  	-8.640700 
130.000000	-0.693248 	0.800421  	-8.640700 
131.000000	-0.708168 	0.776033  	-8.640700 
132.000000	-0.723003 	0.751556  	-8.640700 
133.000000	-0.737532 	0.726756  	-8.640700 
134.000000	-0.752060 	0.701955  	-8.640700 
135.000000	-0.766588 	0.677155  	-8.640700 
136.000000	-0.781116 	0.652355  	-8.640700 
137.000000	-0.795773 	0.627686  	-8.640700 
138.000000	-0.810525 	0.603116  	-8.640700 
139.000000	-0.825278 	0.578545  	-8.640700 
140.000000	-0.840030 	0.553975  	-8.640700 
141.000000	-0.854783 	0.529404  	-8.640700 
142.000000	-0.870719 	0.505639  	-8.640700 
143.000000	-0.886746 	0.481935  	-8.640700 
144.000000	-0.902773 	0.458232  	-8.640700 
145.000000	-0.918800 	0.434528  	-8.640700 
146.000000	-0.935696 	0.411247  	-8.640700 
147.000000	-0.954765 	0.389025  	-8.640700 
148.000000	-0.973834 	0.366803  	-8.640700 
149.000000	-0.992902 	0.344580  	-8.640700 
150.000000	-1.011971 	0.322358  	-8.640700 
151.000000	-1.034977 	0.301458  	-8.640700 
152.000000	-1.060170 	0.281294  	-8.640700 
153.000000	-1.085364 	0.261129  	-8.640700 
154.000000	-1.110557 	0.240965  	-8.640700 
155.000000	-1.135750 	0.220800  	-8.640700 
156.000000	-1.090320 	0.202353  	-8.640700 
157.000000	-1.044890 	0.184135  	-8.640700 
158.000000	-0.999460 	0.166754  	-8.640700 
159.000000	-0.954030 	0.149859  	-8.640700 
160.000000	-0.908600 	0.133610  	-8.640700 
161.000000	-0.863170 	0.118130  	-8.640700 
162.000000	-0.817740 	0.103076  	-8.640700 
163.000000	-0.772310 	0.089097  	-8.640700 
164.000000	-0.726880 	0.075390  	-8.640700 
165.000000	-0.681450 	0.062895  	-8.640700 
166.000000	-0.636020 	0.050788  	-8.640700 
167.000000	-0.590590 	0.039647  	-8.640700 
168.000000	-0.545160 	0.029206  	-8.640700 
169.000000	-0.499730 	0.019462  	-8.640700 
170.000000	-0.454300 	0.010744  	-8.640700 
171.000000	-0.408870 	0.002435  	-8.640700 
172.000000	-0.363440 	0.001404  	-8.640700 
173.000000	-0.318010 	0.001000  	-8.640700 
174.000000	-0.272580 	0.001000  	-8.640700 
175.000000	-0.227150 	0.001000  	-8.640700 
176.000000	-0.181720 	0.001000  	-8.640700 
177.000000	-0.136290 	0.001000  	-8.640700 
178.000000	-0.090860 	0.001000  	-8.640700 
179.000000	-0.045430 	0.001000  	-8.640700 
180.000000	0.000000  	0.001000  	-8.640700 
! ------------------------------------------------------------------------------
! data for table	5         
! ------------------------------------------------------------------------------
  0.600000  	Re           ! Reynolds number in millions
  0.000000  	UserProp     ! User property (control) setting
Flase           InclUAdata   ! Is unsteady aerodynamics data included in this table? If TRUE, then include UA coefficients below this line. Any missing coefficients will be calculated internally.
! Table of aerodynamics coefficients
  361       	NumAlf       ! Number of data lines in the following table
!Alpha      Cl          Cd          Cm/Cp
!(deg)      (-)         (-)         (-)
-180.000000	0.000000  	0.001000  	-8.758300 
-179.000000	0.043532  	0.001000  	-8.758300 
-178.000000	0.087064  	0.001000  	-8.758300 
-177.000000	0.130596  	0.001000  	-8.758300 
-176.000000	0.174128  	0.001000  	-8.758300 
-175.000000	0.217660  	0.001000  	-8.758300 
-174.000000	0.261192  	0.001000  	-8.758300 
-173.000000	0.304723  	0.001000  	-8.758300 
-172.000000	0.348255  	0.001378  	-8.758300 
-171.000000	0.391787  	0.002040  	-8.758300 
-170.000000	0.435319  	0.008396  	-8.758300 
-169.000000	0.478851  	0.017031  	-8.758300 
-168.000000	0.522383  	0.026938  	-8.758300 
-167.000000	0.565915  	0.037056  	-8.758300 
-166.000000	0.609447  	0.048618  	-8.758300 
-165.000000	0.652979  	0.060378  	-8.758300 
-164.000000	0.696511  	0.073333  	-8.758300 
-163.000000	0.740043  	0.086672  	-8.758300 
-162.000000	0.783575  	0.100968  	-8.758300 
-161.000000	0.827107  	0.115812  	-8.758300 
-160.000000	0.870638  	0.131389  	-8.758300 
-159.000000	0.914170  	0.147660  	-8.758300 
-158.000000	0.957702  	0.164453  	-8.758300 
-157.000000	1.001234  	0.182064  	-8.758300 
-156.000000	1.044766  	0.200003  	-8.758300 
-155.000000	1.088298  	0.218860  	-8.758300 
-154.000000	1.131830  	0.237870  	-8.758300 
-153.000000	1.107138  	0.258528  	-8.758300 
-152.000000	1.082446  	0.279185  	-8.758300 
-151.000000	1.057755  	0.299843  	-8.758300 
-150.000000	1.033063  	0.320500  	-8.758300 
-149.000000	1.010741  	0.341980  	-8.758300 
-148.000000	0.991577  	0.364557  	-8.758300 
-147.000000	0.972414  	0.387134  	-8.758300 
-146.000000	0.953251  	0.409711  	-8.758300 
-145.000000	0.934088  	0.432288  	-8.758300 
-144.000000	0.917303  	0.456024  	-8.758300 
-143.000000	0.900914  	0.479953  	-8.758300 
-142.000000	0.884526  	0.503882  	-8.758300 
-141.000000	0.868137  	0.527811  	-8.758300 
-140.000000	0.852082  	0.551954  	-8.758300 
-139.000000	0.836860  	0.576634  	-8.758300 
-138.000000	0.821637  	0.601314  	-8.758300 
-137.000000	0.806415  	0.625994  	-8.758300 
-136.000000	0.791193  	0.650673  	-8.758300 
-135.000000	0.776114  	0.675447  	-8.758300 
-134.000000	0.761092  	0.700259  	-8.758300 
-133.000000	0.746070  	0.725070  	-8.758300 
-132.000000	0.731048  	0.749881  	-8.758300 
-131.000000	0.715974  	0.774623  	-8.758300 
-130.000000	0.700584  	0.798944  	-8.758300 
-129.000000	0.685194  	0.823264  	-8.758300 
-128.000000	0.669805  	0.847585  	-8.758300 
-127.000000	0.654415  	0.871906  	-8.758300 
-126.000000	0.638642  	0.895599  	-8.758300 
-125.000000	0.622583  	0.918820  	-8.758300 
-124.000000	0.606523  	0.942041  	-8.758300 
-123.000000	0.590463  	0.965263  	-8.758300 
-122.000000	0.574404  	0.988484  	-8.758300 
-121.000000	0.557564  	1.010025  	-8.758300 
-120.000000	0.540724  	1.031567  	-8.758300 
-119.000000	0.523885  	1.053108  	-8.758300 
-118.000000	0.507045  	1.074649  	-8.758300 
-117.000000	0.489886  	1.095240  	-8.758300 
-116.000000	0.472301  	1.114564  	-8.758300 
-115.000000	0.454716  	1.133888  	-8.758300 
-114.000000	0.437130  	1.153212  	-8.758300 
-113.000000	0.419545  	1.172536  	-8.758300 
-112.000000	0.401447  	1.189547  	-8.758300 
-111.000000	0.383264  	1.206173  	-8.758300 
-110.000000	0.365080  	1.222799  	-8.758300 
-109.000000	0.346896  	1.239425  	-8.758300 
-108.000000	0.328609  	1.255162  	-8.758300 
-107.000000	0.310063  	1.268678  	-8.758300 
-106.000000	0.291518  	1.282195  	-8.758300 
-105.000000	0.272972  	1.295711  	-8.758300 
-104.000000	0.254426  	1.309227  	-8.758300 
-103.000000	0.235840  	1.320285  	-8.758300 
-102.000000	0.217238  	1.330359  	-8.758300 
-101.000000	0.198635  	1.340433  	-8.758300 
-100.000000	0.180033  	1.350508  	-8.758300 
-99.000000	0.161475  	1.360055  	-8.758300 
-98.000000	0.143176  	1.366443  	-8.758300 
-97.000000	0.124877  	1.372830  	-8.758300 
-96.000000	0.106579  	1.379218  	-8.758300 
-95.000000	0.088280  	1.385605  	-8.758300 
-94.000000	0.070383  	1.389800  	-8.758300 
-93.000000	0.052787  	1.392350  	-8.758300 
-92.000000	0.035192  	1.394900  	-8.758300 
-91.000000	0.017596  	1.397450  	-8.758300 
-90.000000	0.000000  	1.400000  	-8.758300 
-89.000000	-0.017596 	1.397450  	-8.758300 
-88.000000	-0.035192 	1.394900  	-8.758300 
-87.000000	-0.052787 	1.392350  	-8.758300 
-86.000000	-0.070383 	1.389800  	-8.758300 
-85.000000	-0.088280 	1.385605  	-8.758300 
-84.000000	-0.106579 	1.379218  	-8.758300 
-83.000000	-0.124877 	1.372830  	-8.758300 
-82.000000	-0.143176 	1.366443  	-8.758300 
-81.000000	-0.161475 	1.360055  	-8.758300 
-80.000000	-0.180033 	1.350508  	-8.758300 
-79.000000	-0.198635 	1.340433  	-8.758300 
-78.000000	-0.217238 	1.330359  	-8.758300 
-77.000000	-0.235840 	1.320285  	-8.758300 
-76.000000	-0.254426 	1.309227  	-8.758300 
-75.000000	-0.272972 	1.295711  	-8.758300 
-74.000000	-0.291518 	1.282195  	-8.758300 
-73.000000	-0.310063 	1.268678  	-8.758300 
-72.000000	-0.328609 	1.255162  	-8.758300 
-71.000000	-0.346896 	1.239425  	-8.758300 
-70.000000	-0.365080 	1.222799  	-8.758300 
-69.000000	-0.383264 	1.206173  	-8.758300 
-68.000000	-0.401447 	1.189547  	-8.758300 
-67.000000	-0.419545 	1.172536  	-8.758300 
-66.000000	-0.437130 	1.153212  	-8.758300 
-65.000000	-0.454716 	1.133888  	-8.758300 
-64.000000	-0.472301 	1.114564  	-8.758300 
-63.000000	-0.489886 	1.095240  	-8.758300 
-62.000000	-0.507045 	1.074649  	-8.758300 
-61.000000	-0.523885 	1.053108  	-8.758300 
-60.000000	-0.540724 	1.031567  	-8.758300 
-59.000000	-0.557564 	1.010025  	-8.758300 
-58.000000	-0.574404 	0.988484  	-8.758300 
-57.000000	-0.590463 	0.965263  	-8.758300 
-56.000000	-0.606523 	0.942041  	-8.758300 
-55.000000	-0.622583 	0.918820  	-8.758300 
-54.000000	-0.638642 	0.895599  	-8.758300 
-53.000000	-0.654415 	0.871906  	-8.758300 
-52.000000	-0.669805 	0.847585  	-8.758300 
-51.000000	-0.685194 	0.823264  	-8.758300 
-50.000000	-0.700584 	0.798944  	-8.758300 
-49.000000	-0.715974 	0.774623  	-8.758300 
-48.000000	-0.731048 	0.749881  	-8.758300 
-47.000000	-0.746070 	0.725070  	-8.758300 
-46.000000	-0.761092 	0.700259  	-8.758300 
-45.000000	-0.776114 	0.675447  	-8.758300 
-44.000000	-0.791193 	0.650673  	-8.758300 
-43.000000	-0.806415 	0.625994  	-8.758300 
-42.000000	-0.821637 	0.601314  	-8.758300 
-41.000000	-0.836860 	0.576634  	-8.758300 
-40.000000	-0.852082 	0.551954  	-8.758300 
-39.000000	-0.868137 	0.527811  	-8.758300 
-38.000000	-0.884526 	0.503882  	-8.758300 
-37.000000	-0.900914 	0.479953  	-8.758300 
-36.000000	-0.917303 	0.456024  	-8.758300 
-35.000000	-0.934088 	0.432288  	-8.758300 
-34.000000	-0.953251 	0.409711  	-8.758300 
-33.000000	-0.972414 	0.387134  	-8.758300 
-32.000000	-0.991577 	0.364557  	-8.758300 
-31.000000	-1.010741 	0.341980  	-8.758300 
-30.000000	-1.033063 	0.320500  	-8.758300 
-29.000000	-1.057755 	0.299843  	-8.758300 
-28.000000	-1.082446 	0.279185  	-8.758300 
-27.000000	-1.107138 	0.258528  	-8.758300 
-26.000000	-1.131830 	0.237870  	-8.758300 
-25.000000	-1.106891 	0.224346  	-8.758300 
-24.000000	-1.081951 	0.210822  	-8.758300 
-23.000000	-1.057012 	0.197299  	-8.758300 
-22.000000	-1.032072 	0.183775  	-8.758300 
-21.000000	-1.007133 	0.170251  	-8.758300 
-20.000000	-0.982194 	0.156727  	-8.758300 
-19.000000	-0.957254 	0.143204  	-8.758300 
-18.000000	-0.932315 	0.129680  	-8.758300 
-17.000000	-0.907376 	0.116156  	-8.758300 
-16.000000	-0.882436 	0.102632  	-8.758300 
-15.000000	-0.857497 	0.089109  	-8.758300 
-14.000000	-0.832557 	0.075585  	-8.758300 
-13.000000	-0.807618 	0.062061  	-8.758300 
-12.000000	-0.782679 	0.048538  	-8.104713 
-11.000000	-0.757739 	0.035014  	-5.817156 
-10.000000	-0.732800 	0.021490  	-3.529600 
-9.000000 	-0.449100 	0.011530  	-2.585600 
-8.000000 	-0.298000 	0.010580  	-1.962400 
-7.000000 	-0.169400 	0.010440  	-1.462800 
-6.000000 	-0.041900 	0.010510  	-1.013900 
-5.000000 	0.083800  	0.010560  	-0.830900 
-4.000000 	0.209300  	0.010650  	-0.725000 
-3.000000 	0.333600  	0.010730  	-0.785300 
-2.000000 	0.457300  	0.010900  	-0.864400 
-1.000000 	0.580300  	0.011120  	-0.945700 
0.000000  	0.702600  	0.011370  	-1.031600 
1.000000  	0.823500  	0.011660  	-1.126600 
2.000000  	0.942400  	0.011940  	-1.259000 
3.000000  	1.059500  	0.012190  	-1.429000 
4.000000  	1.174700  	0.012530  	-1.647500 
5.000000  	1.286900  	0.012930  	-1.937600 
6.000000  	1.391800  	0.013660  	-2.417000 
7.000000  	1.481100  	0.015460  	-2.928700 
8.000000  	1.550100  	0.018240  	-3.424000 
9.000000  	1.603200  	0.021210  	-3.912400 
10.000000 	1.630200  	0.025140  	-4.364500 
11.000000 	1.653500  	0.030880  	-4.789000 
12.000000 	1.667100  	0.039300  	-5.177200 
13.000000 	1.661300  	0.050860  	-5.508600 
14.000000 	1.651300  	0.063650  	-5.813800 
15.000000 	1.641100  	0.077400  	-6.122800 
16.000000 	1.627500  	0.092390  	-6.409800 
17.000000 	1.608400  	0.108790  	-6.625800 
18.000000 	1.590900  	0.125610  	-6.852200 
19.000000 	1.582500  	0.141510  	-7.072300 
20.000000 	1.576200  	0.157310  	-7.319800 
21.000000 	1.578800  	0.171390  	-7.579500 
22.000000 	1.587000  	0.184760  	-7.863800 
23.000000 	1.596300  	0.197880  	-8.144500 
24.000000 	1.610700  	0.209670  	-8.424600 
25.000000 	1.628300  	0.219150  	-8.741800 
26.000000 	1.616900  	0.237870  	-8.758300 
27.000000 	1.581626  	0.258528  	-8.758300 
28.000000 	1.546352  	0.279185  	-8.758300 
29.000000 	1.511078  	0.299843  	-8.758300 
30.000000 	1.475804  	0.320500  	-8.758300 
31.000000 	1.443915  	0.341980  	-8.758300 
32.000000 	1.416539  	0.364557  	-8.758300 
33.000000 	1.389163  	0.387134  	-8.758300 
34.000000 	1.361787  	0.409711  	-8.758300 
35.000000 	1.334411  	0.432288  	-8.758300 
36.000000 	1.310433  	0.456024  	-8.758300 
37.000000 	1.287020  	0.479953  	-8.758300 
38.000000 	1.263608  	0.503882  	-8.758300 
39.000000 	1.240196  	0.527811  	-8.758300 
40.000000 	1.217260  	0.551954  	-8.758300 
41.000000 	1.195514  	0.576634  	-8.758300 
42.000000 	1.173767  	0.601314  	-8.758300 
43.000000 	1.152021  	0.625994  	-8.758300 
44.000000 	1.130275  	0.650673  	-8.758300 
45.000000 	1.108734  	0.675447  	-8.758300 
46.000000 	1.087274  	0.700259  	-8.758300 
47.000000 	1.065814  	0.725070  	-8.758300 
48.000000 	1.044355  	0.749881  	-8.758300 
49.000000 	1.022820  	0.774623  	-8.758300 
50.000000 	1.000835  	0.798944  	-8.758300 
51.000000 	0.978849  	0.823264  	-8.758300 
52.000000 	0.956864  	0.847585  	-8.758300 
53.000000 	0.934878  	0.871906  	-8.758300 
54.000000 	0.912346  	0.895599  	-8.758300 
55.000000 	0.889404  	0.918820  	-8.758300 
56.000000 	0.866461  	0.942041  	-8.758300 
57.000000 	0.843519  	0.965263  	-8.758300 
58.000000 	0.820577  	0.988484  	-8.758300 
59.000000 	0.796520  	1.010025  	-8.758300 
60.000000 	0.772463  	1.031567  	-8.758300 
61.000000 	0.748407  	1.053108  	-8.758300 
62.000000 	0.724350  	1.074649  	-8.758300 
63.000000 	0.699837  	1.095240  	-8.758300 
64.000000 	0.674715  	1.114564  	-8.758300 
65.000000 	0.649594  	1.133888  	-8.758300 
66.000000 	0.624472  	1.153212  	-8.758300 
67.000000 	0.599350  	1.172536  	-8.758300 
68.000000 	0.573496  	1.189547  	-8.758300 
69.000000 	0.547519  	1.206173  	-8.758300 
70.000000 	0.521543  	1.222799  	-8.758300 
71.000000 	0.495566  	1.239425  	-8.758300 
72.000000 	0.469442  	1.255162  	-8.758300 
73.000000 	0.442948  	1.268678  	-8.758300 
74.000000 	0.416454  	1.282195  	-8.758300 
75.000000 	0.389960  	1.295711  	-8.758300 
76.000000 	0.363465  	1.309227  	-8.758300 
77.000000 	0.336914  	1.320285  	-8.758300 
78.000000 	0.310339  	1.330359  	-8.758300 
79.000000 	0.283765  	1.340433  	-8.758300 
80.000000 	0.257190  	1.350508  	-8.758300 
81.000000 	0.230678  	1.360055  	-8.758300 
82.000000 	0.204537  	1.366443  	-8.758300 
83.000000 	0.178396  	1.372830  	-8.758300 
84.000000 	0.152256  	1.379218  	-8.758300 
85.000000 	0.126115  	1.385605  	-8.758300 
86.000000 	0.100548  	1.389800  	-8.758300 
87.000000 	0.075411  	1.392350  	-8.758300 
88.000000 	0.050274  	1.394900  	-8.758300 
89.000000 	0.025137  	1.397450  	-8.758300 
90.000000 	0.000000  	1.400000  	-8.758300 
91.000000 	-0.017596 	1.397450  	-8.758300 
92.000000 	-0.035192 	1.394900  	-8.758300 
93.000000 	-0.052787 	1.392350  	-8.758300 
94.000000 	-0.070383 	1.389800  	-8.758300 
95.000000 	-0.088280 	1.385605  	-8.758300 
96.000000 	-0.106579 	1.379218  	-8.758300 
97.000000 	-0.124877 	1.372830  	-8.758300 
98.000000 	-0.143176 	1.366443  	-8.758300 
99.000000 	-0.161475 	1.360055  	-8.758300 
100.000000	-0.180033 	1.350508  	-8.758300 
101.000000	-0.198635 	1.340433  	-8.758300 
102.000000	-0.217238 	1.330359  	-8.758300 
103.000000	-0.235840 	1.320285  	-8.758300 
104.000000	-0.254426 	1.309227  	-8.758300 
105.000000	-0.272972 	1.295711  	-8.758300 
106.000000	-0.291518 	1.282195  	-8.758300 
107.000000	-0.310063 	1.268678  	-8.758300 
108.000000	-0.328609 	1.255162  	-8.758300 
109.000000	-0.346896 	1.239425  	-8.758300 
110.000000	-0.365080 	1.222799  	-8.758300 
111.000000	-0.383264 	1.206173  	-8.758300 
112.000000	-0.401447 	1.189547  	-8.758300 
113.000000	-0.419545 	1.172536  	-8.758300 
114.000000	-0.437130 	1.153212  	-8.758300 
115.000000	-0.454716 	1.133888  	-8.758300 
116.000000	-0.472301 	1.114564  	-8.758300 
117.000000	-0.489886 	1.095240  	-8.758300 
118.000000	-0.507045 	1.074649  	-8.758300 
119.000000	-0.523885 	1.053108  	-8.758300 
120.000000	-0.540724 	1.031567  	-8.758300 
121.000000	-0.557564 	1.010025  	-8.758300 
122.000000	-0.574404 	0.988484  	-8.758300 
123.000000	-0.590463 	0.965263  	-8.758300 
124.000000	-0.606523 	0.942041  	-8.758300 
125.000000	-0.622583 	0.918820  	-8.758300 
126.000000	-0.638642 	0.895599  	-8.758300 
127.000000	-0.654415 	0.871906  	-8.758300 
128.000000	-0.669805 	0.847585  	-8.758300 
129.000000	-0.685194 	0.823264  	-8.758300 
130.000000	-0.700584 	0.798944  	-8.758300 
131.000000	-0.715974 	0.774623  	-8.758300 
132.000000	-0.731048 	0.749881  	-8.758300 
133.000000	-0.746070 	0.725070  	-8.758300 
134.000000	-0.761092 	0.700259  	-8.758300 
135.000000	-0.776114 	0.675447  	-8.758300 
136.000000	-0.791193 	0.650673  	-8.758300 
137.000000	-0.806415 	0.625994  	-8.758300 
138.000000	-0.821637 	0.601314  	-8.758300 
139.000000	-0.836860 	0.576634  	-8.758300 
140.000000	-0.852082 	0.551954  	-8.758300 
141.000000	-0.868137 	0.527811  	-8.758300 
142.000000	-0.884526 	0.503882  	-8.758300 
143.000000	-0.900914 	0.479953  	-8.758300 
144.000000	-0.917303 	0.456024  	-8.758300 
145.000000	-0.934088 	0.432288  	-8.758300 
146.000000	-0.953251 	0.409711  	-8.758300 
147.000000	-0.972414 	0.387134  	-8.758300 
148.000000	-0.991577 	0.364557  	-8.758300 
149.000000	-1.010741 	0.341980  	-8.758300 
150.000000	-1.033063 	0.320500  	-8.758300 
151.000000	-1.057755 	0.299843  	-8.758300 
152.000000	-1.082446 	0.279185  	-8.758300 
153.000000	-1.107138 	0.258528  	-8.758300 
154.000000	-1.131830 	0.237870  	-8.758300 
155.000000	-1.088298 	0.218860  	-8.758300 
156.000000	-1.044766 	0.200003  	-8.758300 
157.000000	-1.001234 	0.182064  	-8.758300 
158.000000	-0.957702 	0.164453  	-8.758300 
159.000000	-0.914170 	0.147660  	-8.758300 
160.000000	-0.870638 	0.131389  	-8.758300 
161.000000	-0.827107 	0.115812  	-8.758300 
162.000000	-0.783575 	0.100968  	-8.758300 
163.000000	-0.740043 	0.086672  	-8.758300 
164.000000	-0.696511 	0.073333  	-8.758300 
165.000000	-0.652979 	0.060378  	-8.758300 
166.000000	-0.609447 	0.048618  	-8.758300 
167.000000	-0.565915 	0.037056  	-8.758300 
168.000000	-0.522383 	0.026938  	-8.758300 
169.000000	-0.478851 	0.017031  	-8.758300 
170.000000	-0.435319 	0.008396  	-8.758300 
171.000000	-0.391787 	0.002040  	-8.758300 
172.000000	-0.348255 	0.001378  	-8.758300 
173.000000	-0.304723 	0.001000  	-8.758300 
174.000000	-0.261192 	0.001000  	-8.758300 
175.000000	-0.217660 	0.001000  	-8.758300 
176.000000	-0.174128 	0.001000  	-8.758300 
177.000000	-0.130596 	0.001000  	-8.758300 
178.000000	-0.087064 	0.001000  	-8.758300 
179.000000	-0.043532 	0.001000  	-8.758300 
180.000000	0.000000  	0.001000  	-8.758300 
! ------------------------------------------------------------------------------
! data for table	6         
! ------------------------------------------------------------------------------
  0.700000  	Re           ! Reynolds number in millions
  0.000000  	UserProp     ! User property (control) setting
Flase           InclUAdata   ! Is unsteady aerodynamics data included in this table? If TRUE, then include UA coefficients below this line. Any missing coefficients will be calculated internally.
! Table of aerodynamics coefficients
  361       	NumAlf       ! Number of data lines in the following table
!Alpha      Cl          Cd          Cm/Cp
!(deg)      (-)         (-)         (-)
-180.000000	0.000000  	0.001000  	-8.962300 
-179.000000	0.042109  	0.001000  	-8.962300 
-178.000000	0.084218  	0.001000  	-8.962300 
-177.000000	0.126327  	0.001000  	-8.962300 
-176.000000	0.168436  	0.001000  	-8.962300 
-175.000000	0.210544  	0.001000  	-8.962300 
-174.000000	0.252653  	0.001000  	-8.962300 
-173.000000	0.294762  	0.001000  	-8.962300 
-172.000000	0.336871  	0.001000  	-8.962300 
-171.000000	0.378980  	0.001000  	-8.962300 
-170.000000	0.421089  	0.003937  	-8.962300 
-169.000000	0.463198  	0.012159  	-8.962300 
-168.000000	0.505307  	0.021360  	-8.962300 
-167.000000	0.547416  	0.031864  	-8.962300 
-166.000000	0.589524  	0.043113  	-8.962300 
-165.000000	0.631633  	0.055106  	-8.962300 
-164.000000	0.673742  	0.067919  	-8.962300 
-163.000000	0.715851  	0.081346  	-8.962300 
-162.000000	0.757960  	0.095657  	-8.962300 
-161.000000	0.800069  	0.110458  	-8.962300 
-160.000000	0.842178  	0.126194  	-8.962300 
-159.000000	0.884287  	0.142303  	-8.962300 
-158.000000	0.926396  	0.159384  	-8.962300 
-157.000000	0.968504  	0.176729  	-8.962300 
-156.000000	1.010613  	0.195067  	-8.962300 
-155.000000	1.052722  	0.213570  	-8.962300 
-154.000000	1.094831  	0.233072  	-8.962300 
-153.000000	1.136940  	0.252650  	-8.962300 
-152.000000	1.112243  	0.273806  	-8.962300 
-151.000000	1.087545  	0.294962  	-8.962300 
-150.000000	1.062848  	0.316118  	-8.962300 
-149.000000	1.038151  	0.337274  	-8.962300 
-148.000000	1.015997  	0.359323  	-8.962300 
-147.000000	0.996388  	0.382265  	-8.962300 
-146.000000	0.976778  	0.405207  	-8.962300 
-145.000000	0.957168  	0.428149  	-8.962300 
-144.000000	0.937559  	0.451091  	-8.962300 
-143.000000	0.920544  	0.475262  	-8.962300 
-142.000000	0.903529  	0.499432  	-8.962300 
-141.000000	0.886514  	0.523602  	-8.962300 
-140.000000	0.869499  	0.547773  	-8.962300 
-139.000000	0.853041  	0.572263  	-8.962300 
-138.000000	0.837141  	0.597075  	-8.962300 
-137.000000	0.821240  	0.621886  	-8.962300 
-136.000000	0.805339  	0.646698  	-8.962300 
-135.000000	0.789439  	0.671509  	-8.962300 
-134.000000	0.773754  	0.696360  	-8.962300 
-133.000000	0.758069  	0.721210  	-8.962300 
-132.000000	0.742385  	0.746061  	-8.962300 
-131.000000	0.726700  	0.770911  	-8.962300 
-130.000000	0.710858  	0.795480  	-8.962300 
-129.000000	0.694859  	0.819767  	-8.962300 
-128.000000	0.678860  	0.844055  	-8.962300 
-127.000000	0.662860  	0.868342  	-8.962300 
-126.000000	0.646861  	0.892629  	-8.962300 
-125.000000	0.630266  	0.915765  	-8.962300 
-124.000000	0.613671  	0.938901  	-8.962300 
-123.000000	0.597076  	0.962037  	-8.962300 
-122.000000	0.580481  	0.985173  	-8.962300 
-121.000000	0.563538  	1.007454  	-8.962300 
-120.000000	0.546247  	1.028880  	-8.962300 
-119.000000	0.528957  	1.050306  	-8.962300 
-118.000000	0.511666  	1.071732  	-8.962300 
-117.000000	0.494375  	1.093158  	-8.962300 
-116.000000	0.476427  	1.112357  	-8.962300 
-115.000000	0.458479  	1.131557  	-8.962300 
-114.000000	0.440530  	1.150756  	-8.962300 
-113.000000	0.422582  	1.169956  	-8.962300 
-112.000000	0.404377  	1.187812  	-8.962300 
-111.000000	0.385916  	1.204324  	-8.962300 
-110.000000	0.367455  	1.220836  	-8.962300 
-109.000000	0.348995  	1.237349  	-8.962300 
-108.000000	0.330534  	1.253861  	-8.962300 
-107.000000	0.311790  	1.267292  	-8.962300 
-106.000000	0.293047  	1.280722  	-8.962300 
-105.000000	0.274304  	1.294153  	-8.962300 
-104.000000	0.255560  	1.307583  	-8.962300 
-103.000000	0.236825  	1.319314  	-8.962300 
-102.000000	0.218096  	1.329345  	-8.962300 
-101.000000	0.199368  	1.339375  	-8.962300 
-100.000000	0.180639  	1.349406  	-8.962300 
-99.000000	0.161911  	1.359437  	-8.962300 
-98.000000	0.143545  	1.365833  	-8.962300 
-97.000000	0.125180  	1.372229  	-8.962300 
-96.000000	0.106815  	1.378626  	-8.962300 
-95.000000	0.088450  	1.385022  	-8.962300 
-94.000000	0.070460  	1.389529  	-8.962300 
-93.000000	0.052845  	1.392147  	-8.962300 
-92.000000	0.035230  	1.394765  	-8.962300 
-91.000000	0.017615  	1.397382  	-8.962300 
-90.000000	0.000000  	1.400000  	-8.962300 
-89.000000	-0.017615 	1.397382  	-8.962300 
-88.000000	-0.035230 	1.394765  	-8.962300 
-87.000000	-0.052845 	1.392147  	-8.962300 
-86.000000	-0.070460 	1.389529  	-8.962300 
-85.000000	-0.088450 	1.385022  	-8.962300 
-84.000000	-0.106815 	1.378626  	-8.962300 
-83.000000	-0.125180 	1.372229  	-8.962300 
-82.000000	-0.143545 	1.365833  	-8.962300 
-81.000000	-0.161911 	1.359437  	-8.962300 
-80.000000	-0.180639 	1.349406  	-8.962300 
-79.000000	-0.199368 	1.339375  	-8.962300 
-78.000000	-0.218096 	1.329345  	-8.962300 
-77.000000	-0.236825 	1.319314  	-8.962300 
-76.000000	-0.255560 	1.307583  	-8.962300 
-75.000000	-0.274304 	1.294153  	-8.962300 
-74.000000	-0.293047 	1.280722  	-8.962300 
-73.000000	-0.311790 	1.267292  	-8.962300 
-72.000000	-0.330534 	1.253861  	-8.962300 
-71.000000	-0.348995 	1.237349  	-8.962300 
-70.000000	-0.367455 	1.220836  	-8.962300 
-69.000000	-0.385916 	1.204324  	-8.962300 
-68.000000	-0.404377 	1.187812  	-8.962300 
-67.000000	-0.422582 	1.169956  	-8.962300 
-66.000000	-0.440530 	1.150756  	-8.962300 
-65.000000	-0.458479 	1.131557  	-8.962300 
-64.000000	-0.476427 	1.112357  	-8.962300 
-63.000000	-0.494375 	1.093158  	-8.962300 
-62.000000	-0.511666 	1.071732  	-8.962300 
-61.000000	-0.528957 	1.050306  	-8.962300 
-60.000000	-0.546247 	1.028880  	-8.962300 
-59.000000	-0.563538 	1.007454  	-8.962300 
-58.000000	-0.580481 	0.985173  	-8.962300 
-57.000000	-0.597076 	0.962037  	-8.962300 
-56.000000	-0.613671 	0.938901  	-8.962300 
-55.000000	-0.630266 	0.915765  	-8.962300 
-54.000000	-0.646861 	0.892629  	-8.962300 
-53.000000	-0.662860 	0.868342  	-8.962300 
-52.000000	-0.678860 	0.844055  	-8.962300 
-51.000000	-0.694859 	0.819767  	-8.962300 
-50.000000	-0.710858 	0.795480  	-8.962300 
-49.000000	-0.726700 	0.770911  	-8.962300 
-48.000000	-0.742385 	0.746061  	-8.962300 
-47.000000	-0.758069 	0.721210  	-8.962300 
-46.000000	-0.773754 	0.696360  	-8.962300 
-45.000000	-0.789439 	0.671509  	-8.962300 
-44.000000	-0.805339 	0.646698  	-8.962300 
-43.000000	-0.821240 	0.621886  	-8.962300 
-42.000000	-0.837141 	0.597075  	-8.962300 
-41.000000	-0.853041 	0.572263  	-8.962300 
-40.000000	-0.869499 	0.547773  	-8.962300 
-39.000000	-0.886514 	0.523602  	-8.962300 
-38.000000	-0.903529 	0.499432  	-8.962300 
-37.000000	-0.920544 	0.475262  	-8.962300 
-36.000000	-0.937559 	0.451091  	-8.962300 
-35.000000	-0.957168 	0.428149  	-8.962300 
-34.000000	-0.976778 	0.405207  	-8.962300 
-33.000000	-0.996388 	0.382265  	-8.962300 
-32.000000	-1.015997 	0.359323  	-8.962300 
-31.000000	-1.038151 	0.337274  	-8.962300 
-30.000000	-1.062848 	0.316118  	-8.962300 
-29.000000	-1.087545 	0.294962  	-8.962300 
-28.000000	-1.112243 	0.273806  	-8.962300 
-27.000000	-1.136940 	0.252650  	-8.962300 
-26.000000	-1.111949 	0.238981  	-8.962300 
-25.000000	-1.086959 	0.225312  	-8.962300 
-24.000000	-1.061968 	0.211644  	-8.962300 
-23.000000	-1.036978 	0.197975  	-8.962300 
-22.000000	-1.011987 	0.184306  	-8.962300 
-21.000000	-0.986996 	0.170637  	-8.962300 
-20.000000	-0.962006 	0.156968  	-8.962300 
-19.000000	-0.937015 	0.143299  	-8.962300 
-18.000000	-0.912025 	0.129631  	-8.962300 
-17.000000	-0.887034 	0.115962  	-8.962300 
-16.000000	-0.862044 	0.102293  	-8.962300 
-15.000000	-0.837053 	0.088624  	-8.962300 
-14.000000	-0.812062 	0.074955  	-8.962300 
-13.000000	-0.787072 	0.061286  	-8.962300 
-12.000000	-0.762081 	0.047618  	-7.996212 
-11.000000	-0.737091 	0.033949  	-5.742006 
-10.000000	-0.712100 	0.020280  	-3.487800 
-9.000000 	-0.440900 	0.011510  	-2.569500 
-8.000000 	-0.296000 	0.010250  	-1.961500 
-7.000000 	-0.167200 	0.010040  	-1.461000 
-6.000000 	-0.039500 	0.010010  	-1.011600 
-5.000000 	0.086300  	0.010010  	-0.830700 
-4.000000 	0.211200  	0.010100  	-0.725100 
-3.000000 	0.335800  	0.010200  	-0.787100 
-2.000000 	0.459600  	0.010340  	-0.866500 
-1.000000 	0.582700  	0.010530  	-0.947900 
0.000000  	0.704800  	0.010760  	-1.033800 
1.000000  	0.825600  	0.011000  	-1.128600 
2.000000  	0.944400  	0.011250  	-1.261000 
3.000000  	1.061900  	0.011540  	-1.431400 
4.000000  	1.177300  	0.011860  	-1.651200 
5.000000  	1.290100  	0.012280  	-1.942800 
6.000000  	1.395000  	0.013180  	-2.427200 
7.000000  	1.483400  	0.015220  	-2.937000 
8.000000  	1.555200  	0.017890  	-3.440800 
9.000000  	1.612700  	0.020650  	-3.945200 
10.000000 	1.642800  	0.024330  	-4.410100 
11.000000 	1.667100  	0.029800  	-4.840800 
12.000000 	1.681400  	0.037950  	-5.234200 
13.000000 	1.675400  	0.049420  	-5.571500 
14.000000 	1.670800  	0.061550  	-5.905100 
15.000000 	1.663500  	0.074800  	-6.235200 
16.000000 	1.646400  	0.090050  	-6.517000 
17.000000 	1.633600  	0.105440  	-6.770800 
18.000000 	1.615800  	0.122130  	-7.018900 
19.000000 	1.594800  	0.139870  	-7.173800 
20.000000 	1.590300  	0.155430  	-7.436800 
21.000000 	1.587500  	0.170870  	-7.673300 
22.000000 	1.590900  	0.185110  	-7.938900 
23.000000 	1.601400  	0.197370  	-8.237200 
24.000000 	1.609300  	0.210870  	-8.448400 
25.000000 	1.616000  	0.224670  	-8.649100 
26.000000 	1.619300  	0.238780  	-8.864200 
27.000000 	1.624200  	0.252650  	-8.962300 
28.000000 	1.588918  	0.273806  	-8.962300 
29.000000 	1.553636  	0.294962  	-8.962300 
30.000000 	1.518354  	0.316118  	-8.962300 
31.000000 	1.483072  	0.337274  	-8.962300 
32.000000 	1.451425  	0.359323  	-8.962300 
33.000000 	1.423411  	0.382265  	-8.962300 
34.000000 	1.395397  	0.405207  	-8.962300 
35.000000 	1.367383  	0.428149  	-8.962300 
36.000000 	1.339369  	0.451091  	-8.962300 
37.000000 	1.315062  	0.475262  	-8.962300 
38.000000 	1.290755  	0.499432  	-8.962300 
39.000000 	1.266448  	0.523602  	-8.962300 
40.000000 	1.242142  	0.547773  	-8.962300 
41.000000 	1.218630  	0.572263  	-8.962300 
42.000000 	1.195915  	0.597075  	-8.962300 
43.000000 	1.173200  	0.621886  	-8.962300 
44.000000 	1.150485  	0.646698  	-8.962300 
45.000000 	1.127769  	0.671509  	-8.962300 
46.000000 	1.105363  	0.696360  	-8.962300 
47.000000 	1.082956  	0.721210  	-8.962300 
48.000000 	1.060550  	0.746061  	-8.962300 
49.000000 	1.038143  	0.770911  	-8.962300 
50.000000 	1.015512  	0.795480  	-8.962300 
51.000000 	0.992656  	0.819767  	-8.962300 
52.000000 	0.969800  	0.844055  	-8.962300 
53.000000 	0.946943  	0.868342  	-8.962300 
54.000000 	0.924087  	0.892629  	-8.962300 
55.000000 	0.900380  	0.915765  	-8.962300 
56.000000 	0.876673  	0.938901  	-8.962300 
57.000000 	0.852965  	0.962037  	-8.962300 
58.000000 	0.829258  	0.985173  	-8.962300 
59.000000 	0.805054  	1.007454  	-8.962300 
60.000000 	0.780353  	1.028880  	-8.962300 
61.000000 	0.755652  	1.050306  	-8.962300 
62.000000 	0.730951  	1.071732  	-8.962300 
63.000000 	0.706250  	1.093158  	-8.962300 
64.000000 	0.680610  	1.112357  	-8.962300 
65.000000 	0.654969  	1.131557  	-8.962300 
66.000000 	0.629329  	1.150756  	-8.962300 
67.000000 	0.603688  	1.169956  	-8.962300 
68.000000 	0.577682  	1.187812  	-8.962300 
69.000000 	0.551309  	1.204324  	-8.962300 
70.000000 	0.524936  	1.220836  	-8.962300 
71.000000 	0.498564  	1.237349  	-8.962300 
72.000000 	0.472191  	1.253861  	-8.962300 
73.000000 	0.445415  	1.267292  	-8.962300 
74.000000 	0.418639  	1.280722  	-8.962300 
75.000000 	0.391863  	1.294153  	-8.962300 
76.000000 	0.365086  	1.307583  	-8.962300 
77.000000 	0.338321  	1.319314  	-8.962300 
78.000000 	0.311566  	1.329345  	-8.962300 
79.000000 	0.284811  	1.339375  	-8.962300 
80.000000 	0.258056  	1.349406  	-8.962300 
81.000000 	0.231301  	1.359437  	-8.962300 
82.000000 	0.205065  	1.365833  	-8.962300 
83.000000 	0.178829  	1.372229  	-8.962300 
84.000000 	0.152593  	1.378626  	-8.962300 
85.000000 	0.126358  	1.385022  	-8.962300 
86.000000 	0.100657  	1.389529  	-8.962300 
87.000000 	0.075493  	1.392147  	-8.962300 
88.000000 	0.050329  	1.394765  	-8.962300 
89.000000 	0.025164  	1.397382  	-8.962300 
90.000000 	0.000000  	1.400000  	-8.962300 
91.000000 	-0.017615 	1.397382  	-8.962300 
92.000000 	-0.035230 	1.394765  	-8.962300 
93.000000 	-0.052845 	1.392147  	-8.962300 
94.000000 	-0.070460 	1.389529  	-8.962300 
95.000000 	-0.088450 	1.385022  	-8.962300 
96.000000 	-0.106815 	1.378626  	-8.962300 
97.000000 	-0.125180 	1.372229  	-8.962300 
98.000000 	-0.143545 	1.365833  	-8.962300 
99.000000 	-0.161911 	1.359437  	-8.962300 
100.000000	-0.180639 	1.349406  	-8.962300 
101.000000	-0.199368 	1.339375  	-8.962300 
102.000000	-0.218096 	1.329345  	-8.962300 
103.000000	-0.236825 	1.319314  	-8.962300 
104.000000	-0.255560 	1.307583  	-8.962300 
105.000000	-0.274304 	1.294153  	-8.962300 
106.000000	-0.293047 	1.280722  	-8.962300 
107.000000	-0.311790 	1.267292  	-8.962300 
108.000000	-0.330534 	1.253861  	-8.962300 
109.000000	-0.348995 	1.237349  	-8.962300 
110.000000	-0.367455 	1.220836  	-8.962300 
111.000000	-0.385916 	1.204324  	-8.962300 
112.000000	-0.404377 	1.187812  	-8.962300 
113.000000	-0.422582 	1.169956  	-8.962300 
114.000000	-0.440530 	1.150756  	-8.962300 
115.000000	-0.458479 	1.131557  	-8.962300 
116.000000	-0.476427 	1.112357  	-8.962300 
117.000000	-0.494375 	1.093158  	-8.962300 
118.000000	-0.511666 	1.071732  	-8.962300 
119.000000	-0.528957 	1.050306  	-8.962300 
120.000000	-0.546247 	1.028880  	-8.962300 
121.000000	-0.563538 	1.007454  	-8.962300 
122.000000	-0.580481 	0.985173  	-8.962300 
123.000000	-0.597076 	0.962037  	-8.962300 
124.000000	-0.613671 	0.938901  	-8.962300 
125.000000	-0.630266 	0.915765  	-8.962300 
126.000000	-0.646861 	0.892629  	-8.962300 
127.000000	-0.662860 	0.868342  	-8.962300 
128.000000	-0.678860 	0.844055  	-8.962300 
129.000000	-0.694859 	0.819767  	-8.962300 
130.000000	-0.710858 	0.795480  	-8.962300 
131.000000	-0.726700 	0.770911  	-8.962300 
132.000000	-0.742385 	0.746061  	-8.962300 
133.000000	-0.758069 	0.721210  	-8.962300 
134.000000	-0.773754 	0.696360  	-8.962300 
135.000000	-0.789439 	0.671509  	-8.962300 
136.000000	-0.805339 	0.646698  	-8.962300 
137.000000	-0.821240 	0.621886  	-8.962300 
138.000000	-0.837141 	0.597075  	-8.962300 
139.000000	-0.853041 	0.572263  	-8.962300 
140.000000	-0.869499 	0.547773  	-8.962300 
141.000000	-0.886514 	0.523602  	-8.962300 
142.000000	-0.903529 	0.499432  	-8.962300 
143.000000	-0.920544 	0.475262  	-8.962300 
144.000000	-0.937559 	0.451091  	-8.962300 
145.000000	-0.957168 	0.428149  	-8.962300 
146.000000	-0.976778 	0.405207  	-8.962300 
147.000000	-0.996388 	0.382265  	-8.962300 
148.000000	-1.015997 	0.359323  	-8.962300 
149.000000	-1.038151 	0.337274  	-8.962300 
150.000000	-1.062848 	0.316118  	-8.962300 
151.000000	-1.087545 	0.294962  	-8.962300 
152.000000	-1.112243 	0.273806  	-8.962300 
153.000000	-1.136940 	0.252650  	-8.962300 
154.000000	-1.094831 	0.233072  	-8.962300 
155.000000	-1.052722 	0.213570  	-8.962300 
156.000000	-1.010613 	0.195067  	-8.962300 
157.000000	-0.968504 	0.176729  	-8.962300 
158.000000	-0.926396 	0.159384  	-8.962300 
159.000000	-0.884287 	0.142303  	-8.962300 
160.000000	-0.842178 	0.126194  	-8.962300 
161.000000	-0.800069 	0.110458  	-8.962300 
162.000000	-0.757960 	0.095657  	-8.962300 
163.000000	-0.715851 	0.081346  	-8.962300 
164.000000	-0.673742 	0.067919  	-8.962300 
165.000000	-0.631633 	0.055106  	-8.962300 
166.000000	-0.589524 	0.043113  	-8.962300 
167.000000	-0.547416 	0.031864  	-8.962300 
168.000000	-0.505307 	0.021360  	-8.962300 
169.000000	-0.463198 	0.012159  	-8.962300 
170.000000	-0.421089 	0.003937  	-8.962300 
171.000000	-0.378980 	0.001000  	-8.962300 
172.000000	-0.336871 	0.001000  	-8.962300 
173.000000	-0.294762 	0.001000  	-8.962300 
174.000000	-0.252653 	0.001000  	-8.962300 
175.000000	-0.210544 	0.001000  	-8.962300 
176.000000	-0.168436 	0.001000  	-8.962300 
177.000000	-0.126327 	0.001000  	-8.962300 
178.000000	-0.084218 	0.001000  	-8.962300 
179.000000	-0.042109 	0.001000  	-8.962300 
180.000000	0.000000  	0.001000  	-8.962300 
! ------------------------------------------------------------------------------
! data for table	7         
! ------------------------------------------------------------------------------
  0.800000  	Re           ! Reynolds number in millions
  0.000000  	UserProp     ! User property (control) setting
Flase           InclUAdata   ! Is unsteady aerodynamics data included in this table? If TRUE, then include UA coefficients below this line. Any missing coefficients will be calculated internally.
! Table of aerodynamics coefficients
  361       	NumAlf       ! Number of data lines in the following table
!Alpha      Cl          Cd          Cm/Cp
!(deg)      (-)         (-)         (-)
-180.000000	0.000000  	0.001000  	-9.088100 
-179.000000	0.042249  	0.001000  	-9.088100 
-178.000000	0.084498  	0.001000  	-9.088100 
-177.000000	0.126747  	0.001000  	-9.088100 
-176.000000	0.168996  	0.001000  	-9.088100 
-175.000000	0.211244  	0.001000  	-9.088100 
-174.000000	0.253493  	0.001000  	-9.088100 
-173.000000	0.295742  	0.001000  	-9.088100 
-172.000000	0.337991  	0.001000  	-9.088100 
-171.000000	0.380240  	0.001000  	-9.088100 
-170.000000	0.422489  	0.003751  	-9.088100 
-169.000000	0.464738  	0.011455  	-9.088100 
-168.000000	0.506987  	0.020361  	-9.088100 
-167.000000	0.549236  	0.030869  	-9.088100 
-166.000000	0.591484  	0.042122  	-9.088100 
-165.000000	0.633733  	0.054120  	-9.088100 
-164.000000	0.675982  	0.066937  	-9.088100 
-163.000000	0.718231  	0.080369  	-9.088100 
-162.000000	0.760480  	0.094685  	-9.088100 
-161.000000	0.802729  	0.109493  	-9.088100 
-160.000000	0.844978  	0.125234  	-9.088100 
-159.000000	0.887227  	0.141350  	-9.088100 
-158.000000	0.929476  	0.158437  	-9.088100 
-157.000000	0.971724  	0.175789  	-9.088100 
-156.000000	1.013973  	0.194134  	-9.088100 
-155.000000	1.056222  	0.212644  	-9.088100 
-154.000000	1.098471  	0.232154  	-9.088100 
-153.000000	1.140720  	0.251740  	-9.088100 
-152.000000	1.115851  	0.272905  	-9.088100 
-151.000000	1.090982  	0.294069  	-9.088100 
-150.000000	1.066113  	0.315234  	-9.088100 
-149.000000	1.041244  	0.336399  	-9.088100 
-148.000000	1.018938  	0.358457  	-9.088100 
-147.000000	0.999195  	0.381409  	-9.088100 
-146.000000	0.979452  	0.404361  	-9.088100 
-145.000000	0.959709  	0.427313  	-9.088100 
-144.000000	0.939966  	0.450265  	-9.088100 
-143.000000	0.922843  	0.474446  	-9.088100 
-142.000000	0.905721  	0.498628  	-9.088100 
-141.000000	0.888599  	0.522809  	-9.088100 
-140.000000	0.871477  	0.546990  	-9.088100 
-139.000000	0.854922  	0.571493  	-9.088100 
-138.000000	0.838933  	0.596316  	-9.088100 
-137.000000	0.822944  	0.621140  	-9.088100 
-136.000000	0.806956  	0.645964  	-9.088100 
-135.000000	0.790967  	0.670787  	-9.088100 
-134.000000	0.775209  	0.695651  	-9.088100 
-133.000000	0.759452  	0.720514  	-9.088100 
-132.000000	0.743694  	0.745378  	-9.088100 
-131.000000	0.727936  	0.770242  	-9.088100 
-130.000000	0.712027  	0.794824  	-9.088100 
-129.000000	0.695966  	0.819125  	-9.088100 
-128.000000	0.679905  	0.843426  	-9.088100 
-127.000000	0.663845  	0.867727  	-9.088100 
-126.000000	0.647784  	0.892029  	-9.088100 
-125.000000	0.631138  	0.915179  	-9.088100 
-124.000000	0.614491  	0.938330  	-9.088100 
-123.000000	0.597845  	0.961481  	-9.088100 
-122.000000	0.581198  	0.984632  	-9.088100 
-121.000000	0.564209  	1.006928  	-9.088100 
-120.000000	0.546875  	1.028369  	-9.088100 
-119.000000	0.529542  	1.049811  	-9.088100 
-118.000000	0.512209  	1.071252  	-9.088100 
-117.000000	0.494875  	1.092694  	-9.088100 
-116.000000	0.476892  	1.111910  	-9.088100 
-115.000000	0.458909  	1.131125  	-9.088100 
-114.000000	0.440925  	1.150341  	-9.088100 
-113.000000	0.422942  	1.169557  	-9.088100 
-112.000000	0.404706  	1.187429  	-9.088100 
-111.000000	0.386217  	1.203958  	-9.088100 
-110.000000	0.367728  	1.220487  	-9.088100 
-109.000000	0.349239  	1.237016  	-9.088100 
-108.000000	0.330751  	1.253545  	-9.088100 
-107.000000	0.311986  	1.266993  	-9.088100 
-106.000000	0.293221  	1.280441  	-9.088100 
-105.000000	0.274457  	1.293889  	-9.088100 
-104.000000	0.255692  	1.307336  	-9.088100 
-103.000000	0.236938  	1.319084  	-9.088100 
-102.000000	0.218195  	1.329132  	-9.088100 
-101.000000	0.199451  	1.339181  	-9.088100 
-100.000000	0.180708  	1.349229  	-9.088100 
-99.000000	0.161964  	1.359277  	-9.088100 
-98.000000	0.143590  	1.365691  	-9.088100 
-97.000000	0.125216  	1.372105  	-9.088100 
-96.000000	0.106842  	1.378519  	-9.088100 
-95.000000	0.088468  	1.384933  	-9.088100 
-94.000000	0.070472  	1.389458  	-9.088100 
-93.000000	0.052854  	1.392094  	-9.088100 
-92.000000	0.035236  	1.394729  	-9.088100 
-91.000000	0.017618  	1.397365  	-9.088100 
-90.000000	0.000000  	1.400000  	-9.088100 
-89.000000	-0.017618 	1.397365  	-9.088100 
-88.000000	-0.035236 	1.394729  	-9.088100 
-87.000000	-0.052854 	1.392094  	-9.088100 
-86.000000	-0.070472 	1.389458  	-9.088100 
-85.000000	-0.088468 	1.384933  	-9.088100 
-84.000000	-0.106842 	1.378519  	-9.088100 
-83.000000	-0.125216 	1.372105  	-9.088100 
-82.000000	-0.143590 	1.365691  	-9.088100 
-81.000000	-0.161964 	1.359277  	-9.088100 
-80.000000	-0.180708 	1.349229  	-9.088100 
-79.000000	-0.199451 	1.339181  	-9.088100 
-78.000000	-0.218195 	1.329132  	-9.088100 
-77.000000	-0.236938 	1.319084  	-9.088100 
-76.000000	-0.255692 	1.307336  	-9.088100 
-75.000000	-0.274457 	1.293889  	-9.088100 
-74.000000	-0.293221 	1.280441  	-9.088100 
-73.000000	-0.311986 	1.266993  	-9.088100 
-72.000000	-0.330751 	1.253545  	-9.088100 
-71.000000	-0.349239 	1.237016  	-9.088100 
-70.000000	-0.367728 	1.220487  	-9.088100 
-69.000000	-0.386217 	1.203958  	-9.088100 
-68.000000	-0.404706 	1.187429  	-9.088100 
-67.000000	-0.422942 	1.169557  	-9.088100 
-66.000000	-0.440925 	1.150341  	-9.088100 
-65.000000	-0.458909 	1.131125  	-9.088100 
-64.000000	-0.476892 	1.111910  	-9.088100 
-63.000000	-0.494875 	1.092694  	-9.088100 
-62.000000	-0.512209 	1.071252  	-9.088100 
-61.000000	-0.529542 	1.049811  	-9.088100 
-60.000000	-0.546875 	1.028369  	-9.088100 
-59.000000	-0.564209 	1.006928  	-9.088100 
-58.000000	-0.581198 	0.984632  	-9.088100 
-57.000000	-0.597845 	0.961481  	-9.088100 
-56.000000	-0.614491 	0.938330  	-9.088100 
-55.000000	-0.631138 	0.915179  	-9.088100 
-54.000000	-0.647784 	0.892029  	-9.088100 
-53.000000	-0.663845 	0.867727  	-9.088100 
-52.000000	-0.679905 	0.843426  	-9.088100 
-51.000000	-0.695966 	0.819125  	-9.088100 
-50.000000	-0.712027 	0.794824  	-9.088100 
-49.000000	-0.727936 	0.770242  	-9.088100 
-48.000000	-0.743694 	0.745378  	-9.088100 
-47.000000	-0.759452 	0.720514  	-9.088100 
-46.000000	-0.775209 	0.695651  	-9.088100 
-45.000000	-0.790967 	0.670787  	-9.088100 
-44.000000	-0.806956 	0.645964  	-9.088100 
-43.000000	-0.822944 	0.621140  	-9.088100 
-42.000000	-0.838933 	0.596316  	-9.088100 
-41.000000	-0.854922 	0.571493  	-9.088100 
-40.000000	-0.871477 	0.546990  	-9.088100 
-39.000000	-0.888599 	0.522809  	-9.088100 
-38.000000	-0.905721 	0.498628  	-9.088100 
-37.000000	-0.922843 	0.474446  	-9.088100 
-36.000000	-0.939966 	0.450265  	-9.088100 
-35.000000	-0.959709 	0.427313  	-9.088100 
-34.000000	-0.979452 	0.404361  	-9.088100 
-33.000000	-0.999195 	0.381409  	-9.088100 
-32.000000	-1.018938 	0.358457  	-9.088100 
-31.000000	-1.041244 	0.336399  	-9.088100 
-30.000000	-1.066113 	0.315234  	-9.088100 
-29.000000	-1.090982 	0.294069  	-9.088100 
-28.000000	-1.115851 	0.272905  	-9.088100 
-27.000000	-1.140720 	0.251740  	-9.088100 
-26.000000	-1.114066 	0.238070  	-9.088100 
-25.000000	-1.087412 	0.224400  	-9.088100 
-24.000000	-1.060758 	0.210730  	-9.088100 
-23.000000	-1.034104 	0.197060  	-9.088100 
-22.000000	-1.007449 	0.183390  	-9.088100 
-21.000000	-0.980795 	0.169720  	-9.088100 
-20.000000	-0.954141 	0.156050  	-9.088100 
-19.000000	-0.927487 	0.142380  	-9.088100 
-18.000000	-0.900833 	0.128710  	-9.088100 
-17.000000	-0.874179 	0.115040  	-9.088100 
-16.000000	-0.847525 	0.101370  	-9.088100 
-15.000000	-0.820871 	0.087700  	-9.088100 
-14.000000	-0.794216 	0.074030  	-9.088100 
-13.000000	-0.767562 	0.060360  	-9.088100 
-12.000000	-0.740908 	0.046690  	-8.090000 
-11.000000	-0.714254 	0.033020  	-5.761100 
-10.000000	-0.687600 	0.019350  	-3.432200 
-9.000000 	-0.443200 	0.011740  	-2.576700 
-8.000000 	-0.294200 	0.009980  	-1.960300 
-7.000000 	-0.164800 	0.009700  	-1.458400 
-6.000000 	-0.037300 	0.009610  	-1.009500 
-5.000000 	0.088300  	0.009640  	-0.830400 
-4.000000 	0.213500  	0.009660  	-0.724900 
-3.000000 	0.337800  	0.009740  	-0.788700 
-2.000000 	0.461300  	0.009870  	-0.868100 
-1.000000 	0.584300  	0.010050  	-0.949600 
0.000000  	0.706300  	0.010250  	-1.035400 
1.000000  	0.827100  	0.010500  	-1.130200 
2.000000  	0.946300  	0.010720  	-1.262700 
3.000000  	1.064200  	0.010990  	-1.433800 
4.000000  	1.180400  	0.011320  	-1.655400 
5.000000  	1.293100  	0.011830  	-1.947500 
6.000000  	1.397700  	0.012880  	-2.435400 
7.000000  	1.484700  	0.015080  	-2.942200 
8.000000  	1.559300  	0.017580  	-3.454100 
9.000000  	1.619900  	0.020230  	-3.970300 
10.000000 	1.652800  	0.023720  	-4.446300 
11.000000 	1.677800  	0.028950  	-4.881900 
12.000000 	1.691400  	0.037000  	-5.276500 
13.000000 	1.687600  	0.048190  	-5.626500 
14.000000 	1.687900  	0.059670  	-5.985600 
15.000000 	1.679500  	0.072930  	-6.317800 
16.000000 	1.672400  	0.086770  	-6.655400 
17.000000 	1.646300  	0.103810  	-6.852700 
18.000000 	1.636300  	0.119230  	-7.147700 
19.000000 	1.621800  	0.135810  	-7.359800 
20.000000 	1.607700  	0.152905  	-7.552400 
21.000000 	1.593600  	0.170000  	-7.745000 
22.000000 	1.596100  	0.184620  	-8.003400 
23.000000 	1.600000  	0.198930  	-8.249600 
24.000000 	1.607000  	0.212500  	-8.464100 
25.000000 	1.617900  	0.225110  	-8.730300 
26.000000 	1.630600  	0.236130  	-9.062900 
27.000000 	1.629600  	0.251740  	-9.088100 
28.000000 	1.594073  	0.272905  	-9.088100 
29.000000 	1.558546  	0.294069  	-9.088100 
30.000000 	1.523019  	0.315234  	-9.088100 
31.000000 	1.487492  	0.336399  	-9.088100 
32.000000 	1.455626  	0.358457  	-9.088100 
33.000000 	1.427421  	0.381409  	-9.088100 
34.000000 	1.399217  	0.404361  	-9.088100 
35.000000 	1.371012  	0.427313  	-9.088100 
36.000000 	1.342808  	0.450265  	-9.088100 
37.000000 	1.318348  	0.474446  	-9.088100 
38.000000 	1.293888  	0.498628  	-9.088100 
39.000000 	1.269428  	0.522809  	-9.088100 
40.000000 	1.244967  	0.546990  	-9.088100 
41.000000 	1.221317  	0.571493  	-9.088100 
42.000000 	1.198476  	0.596316  	-9.088100 
43.000000 	1.175635  	0.621140  	-9.088100 
44.000000 	1.152794  	0.645964  	-9.088100 
45.000000 	1.129953  	0.670787  	-9.088100 
46.000000 	1.107442  	0.695651  	-9.088100 
47.000000 	1.084931  	0.720514  	-9.088100 
48.000000 	1.062420  	0.745378  	-9.088100 
49.000000 	1.039909  	0.770242  	-9.088100 
50.000000 	1.017181  	0.794824  	-9.088100 
51.000000 	0.994237  	0.819125  	-9.088100 
52.000000 	0.971294  	0.843426  	-9.088100 
53.000000 	0.948350  	0.867727  	-9.088100 
54.000000 	0.925406  	0.892029  	-9.088100 
55.000000 	0.901625  	0.915179  	-9.088100 
56.000000 	0.877845  	0.938330  	-9.088100 
57.000000 	0.854064  	0.961481  	-9.088100 
58.000000 	0.830283  	0.984632  	-9.088100 
59.000000 	0.806012  	1.006928  	-9.088100 
60.000000 	0.781250  	1.028369  	-9.088100 
61.000000 	0.756488  	1.049811  	-9.088100 
62.000000 	0.731727  	1.071252  	-9.088100 
63.000000 	0.706965  	1.092694  	-9.088100 
64.000000 	0.681274  	1.111910  	-9.088100 
65.000000 	0.655584  	1.131125  	-9.088100 
66.000000 	0.629893  	1.150341  	-9.088100 
67.000000 	0.604203  	1.169557  	-9.088100 
68.000000 	0.578151  	1.187429  	-9.088100 
69.000000 	0.551739  	1.203958  	-9.088100 
70.000000 	0.525326  	1.220487  	-9.088100 
71.000000 	0.498914  	1.237016  	-9.088100 
72.000000 	0.472501  	1.253545  	-9.088100 
73.000000 	0.445694  	1.266993  	-9.088100 
74.000000 	0.418888  	1.280441  	-9.088100 
75.000000 	0.392081  	1.293889  	-9.088100 
76.000000 	0.365275  	1.307336  	-9.088100 
77.000000 	0.338483  	1.319084  	-9.088100 
78.000000 	0.311707  	1.329132  	-9.088100 
79.000000 	0.284930  	1.339181  	-9.088100 
80.000000 	0.258154  	1.349229  	-9.088100 
81.000000 	0.231377  	1.359277  	-9.088100 
82.000000 	0.205129  	1.365691  	-9.088100 
83.000000 	0.178880  	1.372105  	-9.088100 
84.000000 	0.152632  	1.378519  	-9.088100 
85.000000 	0.126383  	1.384933  	-9.088100 
86.000000 	0.100674  	1.389458  	-9.088100 
87.000000 	0.075506  	1.392094  	-9.088100 
88.000000 	0.050337  	1.394729  	-9.088100 
89.000000 	0.025169  	1.397365  	-9.088100 
90.000000 	0.000000  	1.400000  	-9.088100 
91.000000 	-0.017618 	1.397365  	-9.088100 
92.000000 	-0.035236 	1.394729  	-9.088100 
93.000000 	-0.052854 	1.392094  	-9.088100 
94.000000 	-0.070472 	1.389458  	-9.088100 
95.000000 	-0.088468 	1.384933  	-9.088100 
96.000000 	-0.106842 	1.378519  	-9.088100 
97.000000 	-0.125216 	1.372105  	-9.088100 
98.000000 	-0.143590 	1.365691  	-9.088100 
99.000000 	-0.161964 	1.359277  	-9.088100 
100.000000	-0.180708 	1.349229  	-9.088100 
101.000000	-0.199451 	1.339181  	-9.088100 
102.000000	-0.218195 	1.329132  	-9.088100 
103.000000	-0.236938 	1.319084  	-9.088100 
104.000000	-0.255692 	1.307336  	-9.088100 
105.000000	-0.274457 	1.293889  	-9.088100 
106.000000	-0.293221 	1.280441  	-9.088100 
107.000000	-0.311986 	1.266993  	-9.088100 
108.000000	-0.330751 	1.253545  	-9.088100 
109.000000	-0.349239 	1.237016  	-9.088100 
110.000000	-0.367728 	1.220487  	-9.088100 
111.000000	-0.386217 	1.203958  	-9.088100 
112.000000	-0.404706 	1.187429  	-9.088100 
113.000000	-0.422942 	1.169557  	-9.088100 
114.000000	-0.440925 	1.150341  	-9.088100 
115.000000	-0.458909 	1.131125  	-9.088100 
116.000000	-0.476892 	1.111910  	-9.088100 
117.000000	-0.494875 	1.092694  	-9.088100 
118.000000	-0.512209 	1.071252  	-9.088100 
119.000000	-0.529542 	1.049811  	-9.088100 
120.000000	-0.546875 	1.028369  	-9.088100 
121.000000	-0.564209 	1.006928  	-9.088100 
122.000000	-0.581198 	0.984632  	-9.088100 
123.000000	-0.597845 	0.961481  	-9.088100 
124.000000	-0.614491 	0.938330  	-9.088100 
125.000000	-0.631138 	0.915179  	-9.088100 
126.000000	-0.647784 	0.892029  	-9.088100 
127.000000	-0.663845 	0.867727  	-9.088100 
128.000000	-0.679905 	0.843426  	-9.088100 
129.000000	-0.695966 	0.819125  	-9.088100 
130.000000	-0.712027 	0.794824  	-9.088100 
131.000000	-0.727936 	0.770242  	-9.088100 
132.000000	-0.743694 	0.745378  	-9.088100 
133.000000	-0.759452 	0.720514  	-9.088100 
134.000000	-0.775209 	0.695651  	-9.088100 
135.000000	-0.790967 	0.670787  	-9.088100 
136.000000	-0.806956 	0.645964  	-9.088100 
137.000000	-0.822944 	0.621140  	-9.088100 
138.000000	-0.838933 	0.596316  	-9.088100 
139.000000	-0.854922 	0.571493  	-9.088100 
140.000000	-0.871477 	0.546990  	-9.088100 
141.000000	-0.888599 	0.522809  	-9.088100 
142.000000	-0.905721 	0.498628  	-9.088100 
143.000000	-0.922843 	0.474446  	-9.088100 
144.000000	-0.939966 	0.450265  	-9.088100 
145.000000	-0.959709 	0.427313  	-9.088100 
146.000000	-0.979452 	0.404361  	-9.088100 
147.000000	-0.999195 	0.381409  	-9.088100 
148.000000	-1.018938 	0.358457  	-9.088100 
149.000000	-1.041244 	0.336399  	-9.088100 
150.000000	-1.066113 	0.315234  	-9.088100 
151.000000	-1.090982 	0.294069  	-9.088100 
152.000000	-1.115851 	0.272905  	-9.088100 
153.000000	-1.140720 	0.251740  	-9.088100 
154.000000	-1.098471 	0.232154  	-9.088100 
155.000000	-1.056222 	0.212644  	-9.088100 
156.000000	-1.013973 	0.194134  	-9.088100 
157.000000	-0.971724 	0.175789  	-9.088100 
158.000000	-0.929476 	0.158437  	-9.088100 
159.000000	-0.887227 	0.141350  	-9.088100 
160.000000	-0.844978 	0.125234  	-9.088100 
161.000000	-0.802729 	0.109493  	-9.088100 
162.000000	-0.760480 	0.094685  	-9.088100 
163.000000	-0.718231 	0.080369  	-9.088100 
164.000000	-0.675982 	0.066937  	-9.088100 
165.000000	-0.633733 	0.054120  	-9.088100 
166.000000	-0.591484 	0.042122  	-9.088100 
167.000000	-0.549236 	0.030869  	-9.088100 
168.000000	-0.506987 	0.020361  	-9.088100 
169.000000	-0.464738 	0.011455  	-9.088100 
170.000000	-0.422489 	0.003751  	-9.088100 
171.000000	-0.380240 	0.001000  	-9.088100 
172.000000	-0.337991 	0.001000  	-9.088100 
173.000000	-0.295742 	0.001000  	-9.088100 
174.000000	-0.253493 	0.001000  	-9.088100 
175.000000	-0.211244 	0.001000  	-9.088100 
176.000000	-0.168996 	0.001000  	-9.088100 
177.000000	-0.126747 	0.001000  	-9.088100 
178.000000	-0.084498 	0.001000  	-9.088100 
179.000000	-0.042249 	0.001000  	-9.088100 
180.000000	0.000000  	0.001000  	-9.088100 
! ------------------------------------------------------------------------------
! data for table	8         
! ------------------------------------------------------------------------------
  0.900000  	Re           ! Reynolds number in millions
  0.000000  	UserProp     ! User property (control) setting
Flase           InclUAdata   ! Is unsteady aerodynamics data included in this table? If TRUE, then include UA coefficients below this line. Any missing coefficients will be calculated internally.
! Table of aerodynamics coefficients
  361       	NumAlf       ! Number of data lines in the following table
!Alpha      Cl          Cd          Cm/Cp
!(deg)      (-)         (-)         (-)
-180.000000	0.000000  	0.001000  	-9.096000 
-179.000000	0.040625  	0.001000  	-9.096000 
-178.000000	0.081250  	0.001000  	-9.096000 
-177.000000	0.121875  	0.001000  	-9.096000 
-176.000000	0.162500  	0.001000  	-9.096000 
-175.000000	0.203125  	0.001000  	-9.096000 
-174.000000	0.243750  	0.001000  	-9.096000 
-173.000000	0.284375  	0.001000  	-9.096000 
-172.000000	0.325000  	0.001000  	-9.096000 
-171.000000	0.365625  	0.001000  	-9.096000 
-170.000000	0.406250  	0.001000  	-9.096000 
-169.000000	0.446875  	0.008971  	-9.096000 
-168.000000	0.487500  	0.016942  	-9.096000 
-167.000000	0.528125  	0.027826  	-9.096000 
-166.000000	0.568750  	0.038710  	-9.096000 
-165.000000	0.609375  	0.051126  	-9.096000 
-164.000000	0.650000  	0.063543  	-9.096000 
-163.000000	0.690625  	0.077431  	-9.096000 
-162.000000	0.731250  	0.091319  	-9.096000 
-161.000000	0.771875  	0.106612  	-9.096000 
-160.000000	0.812500  	0.121906  	-9.096000 
-159.000000	0.853125  	0.138531  	-9.096000 
-158.000000	0.893750  	0.155156  	-9.096000 
-157.000000	0.934375  	0.173033  	-9.096000 
-156.000000	0.975000  	0.190910  	-9.096000 
-155.000000	1.015625  	0.209953  	-9.096000 
-154.000000	1.056250  	0.228996  	-9.096000 
-153.000000	1.096875  	0.249113  	-9.096000 
-152.000000	1.137500  	0.269230  	-9.096000 
-151.000000	1.112917  	0.290852  	-9.096000 
-150.000000	1.088334  	0.312474  	-9.096000 
-149.000000	1.063751  	0.334095  	-9.096000 
-148.000000	1.039168  	0.355717  	-9.096000 
-147.000000	1.017243  	0.378283  	-9.096000 
-146.000000	0.997311  	0.401557  	-9.096000 
-145.000000	0.977380  	0.424832  	-9.096000 
-144.000000	0.957448  	0.448106  	-9.096000 
-143.000000	0.937860  	0.471538  	-9.096000 
-142.000000	0.920332  	0.495917  	-9.096000 
-141.000000	0.902804  	0.520297  	-9.096000 
-140.000000	0.885276  	0.544676  	-9.096000 
-139.000000	0.867748  	0.569056  	-9.096000 
-138.000000	0.850969  	0.593815  	-9.096000 
-137.000000	0.834489  	0.618727  	-9.096000 
-136.000000	0.818009  	0.643639  	-9.096000 
-135.000000	0.801529  	0.668551  	-9.096000 
-134.000000	0.785112  	0.693448  	-9.096000 
-133.000000	0.768850  	0.718308  	-9.096000 
-132.000000	0.752588  	0.743168  	-9.096000 
-131.000000	0.736327  	0.768028  	-9.096000 
-130.000000	0.720065  	0.792888  	-9.096000 
-129.000000	0.703568  	0.817204  	-9.096000 
-128.000000	0.687033  	0.841429  	-9.096000 
-127.000000	0.670497  	0.865654  	-9.096000 
-126.000000	0.653962  	0.889879  	-9.096000 
-125.000000	0.637198  	0.913590  	-9.096000 
-124.000000	0.620129  	0.936614  	-9.096000 
-123.000000	0.603061  	0.959638  	-9.096000 
-122.000000	0.585992  	0.982661  	-9.096000 
-121.000000	0.568924  	1.005685  	-9.096000 
-120.000000	0.551234  	1.026970  	-9.096000 
-119.000000	0.533545  	1.048255  	-9.096000 
-118.000000	0.515855  	1.069540  	-9.096000 
-117.000000	0.498166  	1.090826  	-9.096000 
-116.000000	0.480145  	1.110834  	-9.096000 
-115.000000	0.461876  	1.129885  	-9.096000 
-114.000000	0.443607  	1.148935  	-9.096000 
-113.000000	0.425339  	1.167986  	-9.096000 
-112.000000	0.407007  	1.186655  	-9.096000 
-111.000000	0.388303  	1.203029  	-9.096000 
-110.000000	0.369599  	1.219404  	-9.096000 
-109.000000	0.350894  	1.235779  	-9.096000 
-108.000000	0.332190  	1.252154  	-9.096000 
-107.000000	0.313335  	1.266347  	-9.096000 
-106.000000	0.294420  	1.279669  	-9.096000 
-105.000000	0.275505  	1.292990  	-9.096000 
-104.000000	0.256590  	1.306311  	-9.096000 
-103.000000	0.237698  	1.318673  	-9.096000 
-102.000000	0.218861  	1.328637  	-9.096000 
-101.000000	0.200024  	1.338600  	-9.096000 
-100.000000	0.181187  	1.348564  	-9.096000 
-99.000000	0.162350  	1.358527  	-9.096000 
-98.000000	0.143869  	1.365421  	-9.096000 
-97.000000	0.125448  	1.371802  	-9.096000 
-96.000000	0.107027  	1.378184  	-9.096000 
-95.000000	0.088606  	1.384566  	-9.096000 
-94.000000	0.070523  	1.389353  	-9.096000 
-93.000000	0.052893  	1.392015  	-9.096000 
-92.000000	0.035262  	1.394677  	-9.096000 
-91.000000	0.017631  	1.397338  	-9.096000 
-90.000000	0.000000  	1.400000  	-9.096000 
-89.000000	-0.017631 	1.397338  	-9.096000 
-88.000000	-0.035262 	1.394677  	-9.096000 
-87.000000	-0.052893 	1.392015  	-9.096000 
-86.000000	-0.070523 	1.389353  	-9.096000 
-85.000000	-0.088606 	1.384566  	-9.096000 
-84.000000	-0.107027 	1.378184  	-9.096000 
-83.000000	-0.125448 	1.371802  	-9.096000 
-82.000000	-0.143869 	1.365421  	-9.096000 
-81.000000	-0.162350 	1.358527  	-9.096000 
-80.000000	-0.181187 	1.348564  	-9.096000 
-79.000000	-0.200024 	1.338600  	-9.096000 
-78.000000	-0.218861 	1.328637  	-9.096000 
-77.000000	-0.237698 	1.318673  	-9.096000 
-76.000000	-0.256590 	1.306311  	-9.096000 
-75.000000	-0.275505 	1.292990  	-9.096000 
-74.000000	-0.294420 	1.279669  	-9.096000 
-73.000000	-0.313335 	1.266347  	-9.096000 
-72.000000	-0.332190 	1.252154  	-9.096000 
-71.000000	-0.350894 	1.235779  	-9.096000 
-70.000000	-0.369599 	1.219404  	-9.096000 
-69.000000	-0.388303 	1.203029  	-9.096000 
-68.000000	-0.407007 	1.186655  	-9.096000 
-67.000000	-0.425339 	1.167986  	-9.096000 
-66.000000	-0.443607 	1.148935  	-9.096000 
-65.000000	-0.461876 	1.129885  	-9.096000 
-64.000000	-0.480145 	1.110834  	-9.096000 
-63.000000	-0.498166 	1.090826  	-9.096000 
-62.000000	-0.515855 	1.069540  	-9.096000 
-61.000000	-0.533545 	1.048255  	-9.096000 
-60.000000	-0.551234 	1.026970  	-9.096000 
-59.000000	-0.568924 	1.005685  	-9.096000 
-58.000000	-0.585992 	0.982661  	-9.096000 
-57.000000	-0.603061 	0.959638  	-9.096000 
-56.000000	-0.620129 	0.936614  	-9.096000 
-55.000000	-0.637198 	0.913590  	-9.096000 
-54.000000	-0.653962 	0.889879  	-9.096000 
-53.000000	-0.670497 	0.865654  	-9.096000 
-52.000000	-0.687033 	0.841429  	-9.096000 
-51.000000	-0.703568 	0.817204  	-9.096000 
-50.000000	-0.720065 	0.792888  	-9.096000 
-49.000000	-0.736327 	0.768028  	-9.096000 
-48.000000	-0.752588 	0.743168  	-9.096000 
-47.000000	-0.768850 	0.718308  	-9.096000 
-46.000000	-0.785112 	0.693448  	-9.096000 
-45.000000	-0.801529 	0.668551  	-9.096000 
-44.000000	-0.818009 	0.643639  	-9.096000 
-43.000000	-0.834489 	0.618727  	-9.096000 
-42.000000	-0.850969 	0.593815  	-9.096000 
-41.000000	-0.867748 	0.569056  	-9.096000 
-40.000000	-0.885276 	0.544676  	-9.096000 
-39.000000	-0.902804 	0.520297  	-9.096000 
-38.000000	-0.920332 	0.495917  	-9.096000 
-37.000000	-0.937860 	0.471538  	-9.096000 
-36.000000	-0.957448 	0.448106  	-9.096000 
-35.000000	-0.977380 	0.424832  	-9.096000 
-34.000000	-0.997311 	0.401557  	-9.096000 
-33.000000	-1.017243 	0.378283  	-9.096000 
-32.000000	-1.039168 	0.355717  	-9.096000 
-31.000000	-1.063751 	0.334095  	-9.096000 
-30.000000	-1.088334 	0.312474  	-9.096000 
-29.000000	-1.112917 	0.290852  	-9.096000 
-28.000000	-1.137500 	0.269230  	-9.096000 
-27.000000	-1.110928 	0.255298  	-9.096000 
-26.000000	-1.084356 	0.241367  	-9.096000 
-25.000000	-1.057783 	0.227435  	-9.096000 
-24.000000	-1.031211 	0.213503  	-9.096000 
-23.000000	-1.004639 	0.199572  	-9.096000 
-22.000000	-0.978067 	0.185640  	-9.096000 
-21.000000	-0.951494 	0.171708  	-9.096000 
-20.000000	-0.924922 	0.157777  	-9.096000 
-19.000000	-0.898350 	0.143845  	-9.096000 
-18.000000	-0.871778 	0.129913  	-9.096000 
-17.000000	-0.845206 	0.115982  	-9.096000 
-16.000000	-0.818633 	0.102050  	-9.096000 
-15.000000	-0.792061 	0.088118  	-9.096000 
-14.000000	-0.765489 	0.074187  	-9.096000 
-13.000000	-0.738917 	0.060255  	-9.096000 
-12.000000	-0.712344 	0.046323  	-7.822444 
-11.000000	-0.685772 	0.032392  	-5.593722 
-10.000000	-0.659200 	0.018460  	-3.365000 
-9.000000 	-0.446500 	0.011970  	-2.585600 
-8.000000 	-0.292400 	0.009760  	-1.958500 
-7.000000 	-0.163000 	0.009440  	-1.456300 
-6.000000 	-0.035500 	0.009330  	-1.007700 
-5.000000 	0.090300  	0.009290  	-0.829900 
-4.000000 	0.215100  	0.009350  	-0.724700 
-3.000000 	0.339500  	0.009430  	-0.790100 
-2.000000 	0.463100  	0.009530  	-0.869500 
-1.000000 	0.586100  	0.009680  	-0.951100 
0.000000  	0.708100  	0.009870  	-1.036800 
1.000000  	0.828900  	0.010070  	-1.131600 
2.000000  	0.948300  	0.010300  	-1.264400 
3.000000  	1.066300  	0.010620  	-1.435900 
4.000000  	1.182600  	0.010960  	-1.658500 
5.000000  	1.295400  	0.011500  	-1.951200 
6.000000  	1.399000  	0.012700  	-2.440200 
7.000000  	1.486400  	0.014940  	-2.948000 
8.000000  	1.563100  	0.017320  	-3.466300 
9.000000  	1.625800  	0.019890  	-3.991100 
10.000000 	1.661100  	0.023200  	-4.476600 
11.000000 	1.687400  	0.028210  	-4.918200 
12.000000 	1.693150  	0.037610  	-5.297900 
13.000000 	1.698900  	0.047010  	-5.677600 
14.000000 	1.699900  	0.058380  	-6.044000 
15.000000 	1.699600  	0.070570  	-6.418700 
16.000000 	1.683900  	0.085360  	-6.721100 
17.000000 	1.673800  	0.100070  	-7.006400 
18.000000 	1.659500  	0.115870  	-7.296000 
19.000000 	1.635500  	0.133780  	-7.464200 
20.000000 	1.617700  	0.151340  	-7.663700 
21.000000 	1.609700  	0.167640  	-7.882000 
22.000000 	1.605000  	0.183570  	-8.098000 
23.000000 	1.604300  	0.198760  	-8.320700 
24.000000 	1.611200  	0.212050  	-8.544500 
25.000000 	1.620100  	0.224890  	-8.782200 
26.000000 	1.622600  	0.239380  	-8.999100 
27.000000 	1.627100  	0.253470  	-9.096000 
28.000000 	1.625000  	0.269230  	-9.081000 
29.000000 	1.589881  	0.290852  	-9.084387 
30.000000 	1.554763  	0.312474  	-9.087774 
31.000000 	1.519644  	0.334095  	-9.091161 
32.000000 	1.484526  	0.355717  	-9.094548 
33.000000 	1.453204  	0.378283  	-9.096000 
34.000000 	1.424730  	0.401557  	-9.096000 
35.000000 	1.396257  	0.424832  	-9.096000 
36.000000 	1.367783  	0.448106  	-9.096000 
37.000000 	1.339800  	0.471538  	-9.096000 
38.000000 	1.314760  	0.495917  	-9.096000 
39.000000 	1.289720  	0.520297  	-9.096000 
40.000000 	1.264680  	0.544676  	-9.096000 
41.000000 	1.239640  	0.569056  	-9.096000 
42.000000 	1.215670  	0.593815  	-9.096000 
43.000000 	1.192127  	0.618727  	-9.096000 
44.000000 	1.168585  	0.643639  	-9.096000 
45.000000 	1.145042  	0.668551  	-9.096000 
46.000000 	1.121588  	0.693448  	-9.096000 
47.000000 	1.098357  	0.718308  	-9.096000 
48.000000 	1.075126  	0.743168  	-9.096000 
49.000000 	1.051895  	0.768028  	-9.096000 
50.000000 	1.028664  	0.792888  	-9.096000 
51.000000 	1.005098  	0.817204  	-9.096000 
52.000000 	0.981475  	0.841429  	-9.096000 
53.000000 	0.957853  	0.865654  	-9.096000 
54.000000 	0.934231  	0.889879  	-9.096000 
55.000000 	0.910282  	0.913590  	-9.096000 
56.000000 	0.885899  	0.936614  	-9.096000 
57.000000 	0.861515  	0.959638  	-9.096000 
58.000000 	0.837132  	0.982661  	-9.096000 
59.000000 	0.812749  	1.005685  	-9.096000 
60.000000 	0.787478  	1.026970  	-9.096000 
61.000000 	0.762207  	1.048255  	-9.096000 
62.000000 	0.736936  	1.069540  	-9.096000 
63.000000 	0.711665  	1.090826  	-9.096000 
64.000000 	0.685922  	1.110834  	-9.096000 
65.000000 	0.659823  	1.129885  	-9.096000 
66.000000 	0.633725  	1.148935  	-9.096000 
67.000000 	0.607626  	1.167986  	-9.096000 
68.000000 	0.581439  	1.186655  	-9.096000 
69.000000 	0.554719  	1.203029  	-9.096000 
70.000000 	0.527998  	1.219404  	-9.096000 
71.000000 	0.501278  	1.235779  	-9.096000 
72.000000 	0.474557  	1.252154  	-9.096000 
73.000000 	0.447622  	1.266347  	-9.096000 
74.000000 	0.420600  	1.279669  	-9.096000 
75.000000 	0.393579  	1.292990  	-9.096000 
76.000000 	0.366557  	1.306311  	-9.096000 
77.000000 	0.339568  	1.318673  	-9.096000 
78.000000 	0.312658  	1.328637  	-9.096000 
79.000000 	0.285748  	1.338600  	-9.096000 
80.000000 	0.258838  	1.348564  	-9.096000 
81.000000 	0.231928  	1.358527  	-9.096000 
82.000000 	0.205527  	1.365421  	-9.096000 
83.000000 	0.179211  	1.371802  	-9.096000 
84.000000 	0.152896  	1.378184  	-9.096000 
85.000000 	0.126580  	1.384566  	-9.096000 
86.000000 	0.100748  	1.389353  	-9.096000 
87.000000 	0.075561  	1.392015  	-9.096000 
88.000000 	0.050374  	1.394677  	-9.096000 
89.000000 	0.025187  	1.397338  	-9.096000 
90.000000 	0.000000  	1.400000  	-9.096000 
91.000000 	-0.017631 	1.397338  	-9.096000 
92.000000 	-0.035262 	1.394677  	-9.096000 
93.000000 	-0.052893 	1.392015  	-9.096000 
94.000000 	-0.070523 	1.389353  	-9.096000 
95.000000 	-0.088606 	1.384566  	-9.096000 
96.000000 	-0.107027 	1.378184  	-9.096000 
97.000000 	-0.125448 	1.371802  	-9.096000 
98.000000 	-0.143869 	1.365421  	-9.096000 
99.000000 	-0.162350 	1.358527  	-9.096000 
100.000000	-0.181187 	1.348564  	-9.096000 
101.000000	-0.200024 	1.338600  	-9.096000 
102.000000	-0.218861 	1.328637  	-9.096000 
103.000000	-0.237698 	1.318673  	-9.096000 
104.000000	-0.256590 	1.306311  	-9.096000 
105.000000	-0.275505 	1.292990  	-9.096000 
106.000000	-0.294420 	1.279669  	-9.096000 
107.000000	-0.313335 	1.266347  	-9.096000 
108.000000	-0.332190 	1.252154  	-9.096000 
109.000000	-0.350894 	1.235779  	-9.096000 
110.000000	-0.369599 	1.219404  	-9.096000 
111.000000	-0.388303 	1.203029  	-9.096000 
112.000000	-0.407007 	1.186655  	-9.096000 
113.000000	-0.425339 	1.167986  	-9.096000 
114.000000	-0.443607 	1.148935  	-9.096000 
115.000000	-0.461876 	1.129885  	-9.096000 
116.000000	-0.480145 	1.110834  	-9.096000 
117.000000	-0.498166 	1.090826  	-9.096000 
118.000000	-0.515855 	1.069540  	-9.096000 
119.000000	-0.533545 	1.048255  	-9.096000 
120.000000	-0.551234 	1.026970  	-9.096000 
121.000000	-0.568924 	1.005685  	-9.096000 
122.000000	-0.585992 	0.982661  	-9.096000 
123.000000	-0.603061 	0.959638  	-9.096000 
124.000000	-0.620129 	0.936614  	-9.096000 
125.000000	-0.637198 	0.913590  	-9.096000 
126.000000	-0.653962 	0.889879  	-9.096000 
127.000000	-0.670497 	0.865654  	-9.096000 
128.000000	-0.687033 	0.841429  	-9.096000 
129.000000	-0.703568 	0.817204  	-9.096000 
130.000000	-0.720065 	0.792888  	-9.096000 
131.000000	-0.736327 	0.768028  	-9.096000 
132.000000	-0.752588 	0.743168  	-9.096000 
133.000000	-0.768850 	0.718308  	-9.096000 
134.000000	-0.785112 	0.693448  	-9.096000 
135.000000	-0.801529 	0.668551  	-9.096000 
136.000000	-0.818009 	0.643639  	-9.096000 
137.000000	-0.834489 	0.618727  	-9.096000 
138.000000	-0.850969 	0.593815  	-9.096000 
139.000000	-0.867748 	0.569056  	-9.096000 
140.000000	-0.885276 	0.544676  	-9.096000 
141.000000	-0.902804 	0.520297  	-9.096000 
142.000000	-0.920332 	0.495917  	-9.096000 
143.000000	-0.937860 	0.471538  	-9.096000 
144.000000	-0.957448 	0.448106  	-9.096000 
145.000000	-0.977380 	0.424832  	-9.096000 
146.000000	-0.997311 	0.401557  	-9.096000 
147.000000	-1.017243 	0.378283  	-9.096000 
148.000000	-1.039168 	0.355717  	-9.096000 
149.000000	-1.063751 	0.334095  	-9.096000 
150.000000	-1.088334 	0.312474  	-9.096000 
151.000000	-1.112917 	0.290852  	-9.096000 
152.000000	-1.137500 	0.269230  	-9.096000 
153.000000	-1.096875 	0.249113  	-9.096000 
154.000000	-1.056250 	0.228996  	-9.096000 
155.000000	-1.015625 	0.209953  	-9.096000 
156.000000	-0.975000 	0.190910  	-9.096000 
157.000000	-0.934375 	0.173033  	-9.096000 
158.000000	-0.893750 	0.155156  	-9.096000 
159.000000	-0.853125 	0.138531  	-9.096000 
160.000000	-0.812500 	0.121906  	-9.096000 
161.000000	-0.771875 	0.106612  	-9.096000 
162.000000	-0.731250 	0.091319  	-9.096000 
163.000000	-0.690625 	0.077431  	-9.096000 
164.000000	-0.650000 	0.063543  	-9.096000 
165.000000	-0.609375 	0.051126  	-9.096000 
166.000000	-0.568750 	0.038710  	-9.096000 
167.000000	-0.528125 	0.027826  	-9.096000 
168.000000	-0.487500 	0.016942  	-9.096000 
169.000000	-0.446875 	0.008971  	-9.096000 
170.000000	-0.406250 	0.001000  	-9.096000 
171.000000	-0.365625 	0.001000  	-9.096000 
172.000000	-0.325000 	0.001000  	-9.096000 
173.000000	-0.284375 	0.001000  	-9.096000 
174.000000	-0.243750 	0.001000  	-9.096000 
175.000000	-0.203125 	0.001000  	-9.096000 
176.000000	-0.162500 	0.001000  	-9.096000 
177.000000	-0.121875 	0.001000  	-9.096000 
178.000000	-0.081250 	0.001000  	-9.096000 
179.000000	-0.040625 	0.001000  	-9.096000 
180.000000	0.000000  	0.001000  	-9.096000 
! ------------------------------------------------------------------------------
! data for table	9         
! ------------------------------------------------------------------------------
  1.000000  	Re           ! Reynolds number in millions
  0.000000  	UserProp     ! User property (control) setting
Flase           InclUAdata   ! Is unsteady aerodynamics data included in this table? If TRUE, then include UA coefficients below this line. Any missing coefficients will be calculated internally.
! Table of aerodynamics coefficients
  361       	NumAlf       ! Number of data lines in the following table
!Alpha      Cl          Cd          Cm/Cp
!(deg)      (-)         (-)         (-)
-180.000000	0.000000  	0.001000  	-9.374400 
-179.000000	0.040978  	0.001000  	-9.374400 
-178.000000	0.081955  	0.001000  	-9.374400 
-177.000000	0.122933  	0.001000  	-9.374400 
-176.000000	0.163910  	0.001000  	-9.374400 
-175.000000	0.204888  	0.001000  	-9.374400 
-174.000000	0.245865  	0.001000  	-9.374400 
-173.000000	0.286842  	0.001000  	-9.374400 
-172.000000	0.327820  	0.001000  	-9.374400 
-171.000000	0.368797  	0.001000  	-9.374400 
-170.000000	0.409775  	0.001000  	-9.374400 
-169.000000	0.450752  	0.007254  	-9.374400 
-168.000000	0.491730  	0.013508  	-9.374400 
-167.000000	0.532707  	0.024406  	-9.374400 
-166.000000	0.573685  	0.035304  	-9.374400 
-165.000000	0.614662  	0.047736  	-9.374400 
-164.000000	0.655640  	0.060168  	-9.374400 
-163.000000	0.696617  	0.074074  	-9.374400 
-162.000000	0.737595  	0.087980  	-9.374400 
-161.000000	0.778572  	0.103293  	-9.374400 
-160.000000	0.819550  	0.118607  	-9.374400 
-159.000000	0.860528  	0.135254  	-9.374400 
-158.000000	0.901505  	0.151901  	-9.374400 
-157.000000	0.942483  	0.169802  	-9.374400 
-156.000000	0.983460  	0.187703  	-9.374400 
-155.000000	1.024437  	0.206772  	-9.374400 
-154.000000	1.065415  	0.225840  	-9.374400 
-153.000000	1.106392  	0.245985  	-9.374400 
-152.000000	1.147370  	0.266130  	-9.374400 
-151.000000	1.122341  	0.287783  	-9.374400 
-150.000000	1.097313  	0.309435  	-9.374400 
-149.000000	1.072284  	0.331088  	-9.374400 
-148.000000	1.047256  	0.352741  	-9.374400 
-147.000000	1.024939  	0.375340  	-9.374400 
-146.000000	1.004657  	0.398649  	-9.374400 
-145.000000	0.984375  	0.421958  	-9.374400 
-144.000000	0.964092  	0.445267  	-9.374400 
-143.000000	0.944163  	0.468734  	-9.374400 
-142.000000	0.926351  	0.493152  	-9.374400 
-141.000000	0.908539  	0.517570  	-9.374400 
-140.000000	0.890728  	0.541988  	-9.374400 
-139.000000	0.872916  	0.566406  	-9.374400 
-138.000000	0.855888  	0.591207  	-9.374400 
-137.000000	0.839173  	0.616161  	-9.374400 
-136.000000	0.822459  	0.641115  	-9.374400 
-135.000000	0.805745  	0.666069  	-9.374400 
-134.000000	0.789104  	0.691010  	-9.374400 
-133.000000	0.772646  	0.715915  	-9.374400 
-132.000000	0.756188  	0.740820  	-9.374400 
-131.000000	0.739731  	0.765726  	-9.374400 
-130.000000	0.723273  	0.790631  	-9.374400 
-129.000000	0.706607  	0.814995  	-9.374400 
-128.000000	0.689907  	0.839269  	-9.374400 
-127.000000	0.673207  	0.863543  	-9.374400 
-126.000000	0.656507  	0.887816  	-9.374400 
-125.000000	0.639590  	0.911576  	-9.374400 
-124.000000	0.622383  	0.934652  	-9.374400 
-123.000000	0.605177  	0.957727  	-9.374400 
-122.000000	0.587970  	0.980802  	-9.374400 
-121.000000	0.570763  	1.003877  	-9.374400 
-120.000000	0.552959  	1.025216  	-9.374400 
-119.000000	0.535154  	1.046555  	-9.374400 
-118.000000	0.517349  	1.067893  	-9.374400 
-117.000000	0.499545  	1.089232  	-9.374400 
-116.000000	0.481421  	1.109295  	-9.374400 
-115.000000	0.463058  	1.128402  	-9.374400 
-114.000000	0.444694  	1.147508  	-9.374400 
-113.000000	0.426331  	1.166615  	-9.374400 
-112.000000	0.407908  	1.185339  	-9.374400 
-111.000000	0.389129  	1.201772  	-9.374400 
-110.000000	0.370349  	1.218204  	-9.374400 
-109.000000	0.351569  	1.234636  	-9.374400 
-108.000000	0.332789  	1.251069  	-9.374400 
-107.000000	0.313872  	1.265321  	-9.374400 
-106.000000	0.294899  	1.278701  	-9.374400 
-105.000000	0.275927  	1.292082  	-9.374400 
-104.000000	0.256954  	1.305462  	-9.374400 
-103.000000	0.238008  	1.317883  	-9.374400 
-102.000000	0.219131  	1.327907  	-9.374400 
-101.000000	0.200253  	1.337931  	-9.374400 
-100.000000	0.181376  	1.347954  	-9.374400 
-99.000000	0.162498  	1.357978  	-9.374400 
-98.000000	0.143991  	1.364932  	-9.374400 
-97.000000	0.125546  	1.371375  	-9.374400 
-96.000000	0.107100  	1.377818  	-9.374400 
-95.000000	0.088655  	1.384260  	-9.374400 
-94.000000	0.070555  	1.389109  	-9.374400 
-93.000000	0.052917  	1.391831  	-9.374400 
-92.000000	0.035278  	1.394554  	-9.374400 
-91.000000	0.017639  	1.397277  	-9.374400 
-90.000000	0.000000  	1.400000  	-9.374400 
-89.000000	-0.017639 	1.397277  	-9.374400 
-88.000000	-0.035278 	1.394554  	-9.374400 
-87.000000	-0.052917 	1.391831  	-9.374400 
-86.000000	-0.070555 	1.389109  	-9.374400 
-85.000000	-0.088655 	1.384260  	-9.374400 
-84.000000	-0.107100 	1.377818  	-9.374400 
-83.000000	-0.125546 	1.371375  	-9.374400 
-82.000000	-0.143991 	1.364932  	-9.374400 
-81.000000	-0.162498 	1.357978  	-9.374400 
-80.000000	-0.181376 	1.347954  	-9.374400 
-79.000000	-0.200253 	1.337931  	-9.374400 
-78.000000	-0.219131 	1.327907  	-9.374400 
-77.000000	-0.238008 	1.317883  	-9.374400 
-76.000000	-0.256954 	1.305462  	-9.374400 
-75.000000	-0.275927 	1.292082  	-9.374400 
-74.000000	-0.294899 	1.278701  	-9.374400 
-73.000000	-0.313872 	1.265321  	-9.374400 
-72.000000	-0.332789 	1.251069  	-9.374400 
-71.000000	-0.351569 	1.234636  	-9.374400 
-70.000000	-0.370349 	1.218204  	-9.374400 
-69.000000	-0.389129 	1.201772  	-9.374400 
-68.000000	-0.407908 	1.185339  	-9.374400 
-67.000000	-0.426331 	1.166615  	-9.374400 
-66.000000	-0.444694 	1.147508  	-9.374400 
-65.000000	-0.463058 	1.128402  	-9.374400 
-64.000000	-0.481421 	1.109295  	-9.374400 
-63.000000	-0.499545 	1.089232  	-9.374400 
-62.000000	-0.517349 	1.067893  	-9.374400 
-61.000000	-0.535154 	1.046555  	-9.374400 
-60.000000	-0.552959 	1.025216  	-9.374400 
-59.000000	-0.570763 	1.003877  	-9.374400 
-58.000000	-0.587970 	0.980802  	-9.374400 
-57.000000	-0.605177 	0.957727  	-9.374400 
-56.000000	-0.622383 	0.934652  	-9.374400 
-55.000000	-0.639590 	0.911576  	-9.374400 
-54.000000	-0.656507 	0.887816  	-9.374400 
-53.000000	-0.673207 	0.863543  	-9.374400 
-52.000000	-0.689907 	0.839269  	-9.374400 
-51.000000	-0.706607 	0.814995  	-9.374400 
-50.000000	-0.723273 	0.790631  	-9.374400 
-49.000000	-0.739731 	0.765726  	-9.374400 
-48.000000	-0.756188 	0.740820  	-9.374400 
-47.000000	-0.772646 	0.715915  	-9.374400 
-46.000000	-0.789104 	0.691010  	-9.374400 
-45.000000	-0.805745 	0.666069  	-9.374400 
-44.000000	-0.822459 	0.641115  	-9.374400 
-43.000000	-0.839173 	0.616161  	-9.374400 
-42.000000	-0.855888 	0.591207  	-9.374400 
-41.000000	-0.872916 	0.566406  	-9.374400 
-40.000000	-0.890728 	0.541988  	-9.374400 
-39.000000	-0.908539 	0.517570  	-9.374400 
-38.000000	-0.926351 	0.493152  	-9.374400 
-37.000000	-0.944163 	0.468734  	-9.374400 
-36.000000	-0.964092 	0.445267  	-9.374400 
-35.000000	-0.984375 	0.421958  	-9.374400 
-34.000000	-1.004657 	0.398649  	-9.374400 
-33.000000	-1.024939 	0.375340  	-9.374400 
-32.000000	-1.047256 	0.352741  	-9.374400 
-31.000000	-1.072284 	0.331088  	-9.374400 
-30.000000	-1.097313 	0.309435  	-9.374400 
-29.000000	-1.122341 	0.287783  	-9.374400 
-28.000000	-1.147370 	0.266130  	-9.374400 
-27.000000	-1.118933 	0.252333  	-9.374400 
-26.000000	-1.090496 	0.238537  	-9.374400 
-25.000000	-1.062058 	0.224740  	-9.374400 
-24.000000	-1.033621 	0.210943  	-9.374400 
-23.000000	-1.005184 	0.197147  	-9.374400 
-22.000000	-0.976747 	0.183350  	-9.374400 
-21.000000	-0.948309 	0.169553  	-9.374400 
-20.000000	-0.919872 	0.155757  	-9.374400 
-19.000000	-0.891435 	0.141960  	-9.374400 
-18.000000	-0.862998 	0.128163  	-9.374400 
-17.000000	-0.834561 	0.114367  	-9.374400 
-16.000000	-0.806123 	0.100570  	-9.374400 
-15.000000	-0.777686 	0.086773  	-9.374400 
-14.000000	-0.749249 	0.072977  	-9.374400 
-13.000000	-0.720812 	0.059180  	-9.374400 
-12.000000	-0.692374 	0.045383  	-8.027956 
-11.000000	-0.663937 	0.031587  	-5.671678 
-10.000000	-0.635500 	0.017790  	-3.315400 
-9.000000 	-0.449400 	0.012160  	-2.586900 
-8.000000 	-0.290900 	0.009600  	-1.957400 
-7.000000 	-0.161000 	0.009220  	-1.452700 
-6.000000 	-0.033600 	0.009070  	-1.004600 
-5.000000 	0.092200  	0.009040  	-0.828800 
-4.000000 	0.217100  	0.009070  	-0.724200 
-3.000000 	0.341300  	0.009140  	-0.791200 
-2.000000 	0.464900  	0.009240  	-0.870500 
-1.000000 	0.587350  	0.009410  	-0.954400 
0.000000  	0.709800  	0.009580  	-1.038300 
1.000000  	0.830700  	0.009770  	-1.132800 
2.000000  	0.950600  	0.009960  	-1.265900 
3.000000  	1.068800  	0.010260  	-1.438500 
4.000000  	1.185600  	0.010610  	-1.661300 
5.000000  	1.298100  	0.011230  	-1.959800 
6.000000  	1.400900  	0.012570  	-2.443800 
7.000000  	1.487800  	0.014850  	-2.955300 
8.000000  	1.566600  	0.017110  	-3.477700 
9.000000  	1.631600  	0.019570  	-3.999300 
10.000000 	1.668600  	0.022780  	-4.486700 
11.000000 	1.696000  	0.027600  	-4.940900 
12.000000 	1.704800  	0.035770  	-5.331100 
13.000000 	1.710850  	0.046175  	-5.741800 
14.000000 	1.716900  	0.056580  	-6.152500 
15.000000 	1.710500  	0.069370  	-6.467700 
16.000000 	1.701900  	0.083445  	-6.800900 
17.000000 	1.693300  	0.097520  	-7.134100 
18.000000 	1.667000  	0.114970  	-7.328300 
19.000000 	1.652950  	0.131505  	-7.585350 
20.000000 	1.638900  	0.148040  	-7.842400 
21.000000 	1.625100  	0.165260  	-8.017700 
22.000000 	1.610200  	0.183040  	-8.148600 
23.000000 	1.606000  	0.198750  	-8.395900 
24.000000 	1.610000  	0.213210  	-8.606100 
25.000000 	1.614200  	0.227630  	-8.769900 
26.000000 	1.620700  	0.241460  	-8.987100 
27.000000 	1.627400  	0.254650  	-9.164400 
28.000000 	1.639100  	0.266130  	-9.374400 
29.000000 	1.603345  	0.287783  	-9.374400 
30.000000 	1.567590  	0.309435  	-9.374400 
31.000000 	1.531835  	0.331088  	-9.374400 
32.000000 	1.496079  	0.352741  	-9.374400 
33.000000 	1.464199  	0.375340  	-9.374400 
34.000000 	1.435224  	0.398649  	-9.374400 
35.000000 	1.406250  	0.421958  	-9.374400 
36.000000 	1.377275  	0.445267  	-9.374400 
37.000000 	1.348804  	0.468734  	-9.374400 
38.000000 	1.323359  	0.493152  	-9.374400 
39.000000 	1.297913  	0.517570  	-9.374400 
40.000000 	1.272468  	0.541988  	-9.374400 
41.000000 	1.247023  	0.566406  	-9.374400 
42.000000 	1.222697  	0.591207  	-9.374400 
43.000000 	1.198819  	0.616161  	-9.374400 
44.000000 	1.174942  	0.641115  	-9.374400 
45.000000 	1.151064  	0.666069  	-9.374400 
46.000000 	1.127291  	0.691010  	-9.374400 
47.000000 	1.103780  	0.715915  	-9.374400 
48.000000 	1.080269  	0.740820  	-9.374400 
49.000000 	1.056758  	0.765726  	-9.374400 
50.000000 	1.033247  	0.790631  	-9.374400 
51.000000 	1.009439  	0.814995  	-9.374400 
52.000000 	0.985582  	0.839269  	-9.374400 
53.000000 	0.961724  	0.863543  	-9.374400 
54.000000 	0.937867  	0.887816  	-9.374400 
55.000000 	0.913699  	0.911576  	-9.374400 
56.000000 	0.889119  	0.934652  	-9.374400 
57.000000 	0.864538  	0.957727  	-9.374400 
58.000000 	0.839957  	0.980802  	-9.374400 
59.000000 	0.815376  	1.003877  	-9.374400 
60.000000 	0.789941  	1.025216  	-9.374400 
61.000000 	0.764506  	1.046555  	-9.374400 
62.000000 	0.739071  	1.067893  	-9.374400 
63.000000 	0.713636  	1.089232  	-9.374400 
64.000000 	0.687744  	1.109295  	-9.374400 
65.000000 	0.661511  	1.128402  	-9.374400 
66.000000 	0.635278  	1.147508  	-9.374400 
67.000000 	0.609044  	1.166615  	-9.374400 
68.000000 	0.582726  	1.185339  	-9.374400 
69.000000 	0.555898  	1.201772  	-9.374400 
70.000000 	0.529070  	1.218204  	-9.374400 
71.000000 	0.502241  	1.234636  	-9.374400 
72.000000 	0.475413  	1.251069  	-9.374400 
73.000000 	0.448388  	1.265321  	-9.374400 
74.000000 	0.421284  	1.278701  	-9.374400 
75.000000 	0.394181  	1.292082  	-9.374400 
76.000000 	0.367077  	1.305462  	-9.374400 
77.000000 	0.340012  	1.317883  	-9.374400 
78.000000 	0.313044  	1.327907  	-9.374400 
79.000000 	0.286076  	1.337931  	-9.374400 
80.000000 	0.259108  	1.347954  	-9.374400 
81.000000 	0.232140  	1.357978  	-9.374400 
82.000000 	0.205701  	1.364932  	-9.374400 
83.000000 	0.179351  	1.371375  	-9.374400 
84.000000 	0.153001  	1.377818  	-9.374400 
85.000000 	0.126650  	1.384260  	-9.374400 
86.000000 	0.100794  	1.389109  	-9.374400 
87.000000 	0.075595  	1.391831  	-9.374400 
88.000000 	0.050397  	1.394554  	-9.374400 
89.000000 	0.025198  	1.397277  	-9.374400 
90.000000 	0.000000  	1.400000  	-9.374400 
91.000000 	-0.017639 	1.397277  	-9.374400 
92.000000 	-0.035278 	1.394554  	-9.374400 
93.000000 	-0.052917 	1.391831  	-9.374400 
94.000000 	-0.070555 	1.389109  	-9.374400 
95.000000 	-0.088655 	1.384260  	-9.374400 
96.000000 	-0.107100 	1.377818  	-9.374400 
97.000000 	-0.125546 	1.371375  	-9.374400 
98.000000 	-0.143991 	1.364932  	-9.374400 
99.000000 	-0.162498 	1.357978  	-9.374400 
100.000000	-0.181376 	1.347954  	-9.374400 
101.000000	-0.200253 	1.337931  	-9.374400 
102.000000	-0.219131 	1.327907  	-9.374400 
103.000000	-0.238008 	1.317883  	-9.374400 
104.000000	-0.256954 	1.305462  	-9.374400 
105.000000	-0.275927 	1.292082  	-9.374400 
106.000000	-0.294899 	1.278701  	-9.374400 
107.000000	-0.313872 	1.265321  	-9.374400 
108.000000	-0.332789 	1.251069  	-9.374400 
109.000000	-0.351569 	1.234636  	-9.374400 
110.000000	-0.370349 	1.218204  	-9.374400 
111.000000	-0.389129 	1.201772  	-9.374400 
112.000000	-0.407908 	1.185339  	-9.374400 
113.000000	-0.426331 	1.166615  	-9.374400 
114.000000	-0.444694 	1.147508  	-9.374400 
115.000000	-0.463058 	1.128402  	-9.374400 
116.000000	-0.481421 	1.109295  	-9.374400 
117.000000	-0.499545 	1.089232  	-9.374400 
118.000000	-0.517349 	1.067893  	-9.374400 
119.000000	-0.535154 	1.046555  	-9.374400 
120.000000	-0.552959 	1.025216  	-9.374400 
121.000000	-0.570763 	1.003877  	-9.374400 
122.000000	-0.587970 	0.980802  	-9.374400 
123.000000	-0.605177 	0.957727  	-9.374400 
124.000000	-0.622383 	0.934652  	-9.374400 
125.000000	-0.639590 	0.911576  	-9.374400 
126.000000	-0.656507 	0.887816  	-9.374400 
127.000000	-0.673207 	0.863543  	-9.374400 
128.000000	-0.689907 	0.839269  	-9.374400 
129.000000	-0.706607 	0.814995  	-9.374400 
130.000000	-0.723273 	0.790631  	-9.374400 
131.000000	-0.739731 	0.765726  	-9.374400 
132.000000	-0.756188 	0.740820  	-9.374400 
133.000000	-0.772646 	0.715915  	-9.374400 
134.000000	-0.789104 	0.691010  	-9.374400 
135.000000	-0.805745 	0.666069  	-9.374400 
136.000000	-0.822459 	0.641115  	-9.374400 
137.000000	-0.839173 	0.616161  	-9.374400 
138.000000	-0.855888 	0.591207  	-9.374400 
139.000000	-0.872916 	0.566406  	-9.374400 
140.000000	-0.890728 	0.541988  	-9.374400 
141.000000	-0.908539 	0.517570  	-9.374400 
142.000000	-0.926351 	0.493152  	-9.374400 
143.000000	-0.944163 	0.468734  	-9.374400 
144.000000	-0.964092 	0.445267  	-9.374400 
145.000000	-0.984375 	0.421958  	-9.374400 
146.000000	-1.004657 	0.398649  	-9.374400 
147.000000	-1.024939 	0.375340  	-9.374400 
148.000000	-1.047256 	0.352741  	-9.374400 
149.000000	-1.072284 	0.331088  	-9.374400 
150.000000	-1.097313 	0.309435  	-9.374400 
151.000000	-1.122341 	0.287783  	-9.374400 
152.000000	-1.147370 	0.266130  	-9.374400 
153.000000	-1.106392 	0.245985  	-9.374400 
154.000000	-1.065415 	0.225840  	-9.374400 
155.000000	-1.024437 	0.206772  	-9.374400 
156.000000	-0.983460 	0.187703  	-9.374400 
157.000000	-0.942483 	0.169802  	-9.374400 
158.000000	-0.901505 	0.151901  	-9.374400 
159.000000	-0.860528 	0.135254  	-9.374400 
160.000000	-0.819550 	0.118607  	-9.374400 
161.000000	-0.778572 	0.103293  	-9.374400 
162.000000	-0.737595 	0.087980  	-9.374400 
163.000000	-0.696617 	0.074074  	-9.374400 
164.000000	-0.655640 	0.060168  	-9.374400 
165.000000	-0.614662 	0.047736  	-9.374400 
166.000000	-0.573685 	0.035304  	-9.374400 
167.000000	-0.532707 	0.024406  	-9.374400 
168.000000	-0.491730 	0.013508  	-9.374400 
169.000000	-0.450752 	0.007254  	-9.374400 
170.000000	-0.409775 	0.001000  	-9.374400 
171.000000	-0.368797 	0.001000  	-9.374400 
172.000000	-0.327820 	0.001000  	-9.374400 
173.000000	-0.286842 	0.001000  	-9.374400 
174.000000	-0.245865 	0.001000  	-9.374400 
175.000000	-0.204888 	0.001000  	-9.374400 
176.000000	-0.163910 	0.001000  	-9.374400 
177.000000	-0.122933 	0.001000  	-9.374400 
178.000000	-0.081955 	0.001000  	-9.374400 
179.000000	-0.040978 	0.001000  	-9.374400 
180.000000	0.000000  	0.001000  	-9.374400 
! ------------------------------------------------------------------------------
! data for table	10        
! ------------------------------------------------------------------------------
  1.100000  	Re           ! Reynolds number in millions
  0.000000  	UserProp     ! User property (control) setting
Flase           InclUAdata   ! Is unsteady aerodynamics data included in this table? If TRUE, then include UA coefficients below this line. Any missing coefficients will be calculated internally.
! Table of aerodynamics coefficients
  361       	NumAlf       ! Number of data lines in the following table
!Alpha      Cl          Cd          Cm/Cp
!(deg)      (-)         (-)         (-)
-180.000000	0.000000  	0.001000  	-9.341300 
-179.000000	0.040885  	0.001000  	-9.341300 
-178.000000	0.081770  	0.001000  	-9.341300 
-177.000000	0.122655  	0.001000  	-9.341300 
-176.000000	0.163540  	0.001000  	-9.341300 
-175.000000	0.204425  	0.001000  	-9.341300 
-174.000000	0.245310  	0.001000  	-9.341300 
-173.000000	0.286195  	0.001000  	-9.341300 
-172.000000	0.327080  	0.001000  	-9.341300 
-171.000000	0.367965  	0.001000  	-9.341300 
-170.000000	0.408850  	0.001000  	-9.341300 
-169.000000	0.449735  	0.008151  	-9.341300 
-168.000000	0.490620  	0.015303  	-9.341300 
-167.000000	0.531505  	0.026193  	-9.341300 
-166.000000	0.572390  	0.037084  	-9.341300 
-165.000000	0.613275  	0.049508  	-9.341300 
-164.000000	0.654160  	0.061931  	-9.341300 
-163.000000	0.695045  	0.075828  	-9.341300 
-162.000000	0.735930  	0.089725  	-9.341300 
-161.000000	0.776815  	0.105028  	-9.341300 
-160.000000	0.817700  	0.120331  	-9.341300 
-159.000000	0.858585  	0.136967  	-9.341300 
-158.000000	0.899470  	0.153602  	-9.341300 
-157.000000	0.940355  	0.171491  	-9.341300 
-156.000000	0.981240  	0.189379  	-9.341300 
-155.000000	1.022125  	0.208434  	-9.341300 
-154.000000	1.063010  	0.227489  	-9.341300 
-153.000000	1.103895  	0.247620  	-9.341300 
-152.000000	1.144780  	0.267750  	-9.341300 
-151.000000	1.119868  	0.289387  	-9.341300 
-150.000000	1.094957  	0.311023  	-9.341300 
-149.000000	1.070045  	0.332660  	-9.341300 
-148.000000	1.045133  	0.354296  	-9.341300 
-147.000000	1.022920  	0.376878  	-9.341300 
-146.000000	1.002729  	0.400169  	-9.341300 
-145.000000	0.982539  	0.423460  	-9.341300 
-144.000000	0.962349  	0.446750  	-9.341300 
-143.000000	0.942509  	0.470199  	-9.341300 
-142.000000	0.924772  	0.494597  	-9.341300 
-141.000000	0.907034  	0.518995  	-9.341300 
-140.000000	0.889297  	0.543393  	-9.341300 
-139.000000	0.871560  	0.567791  	-9.341300 
-138.000000	0.854597  	0.592570  	-9.341300 
-137.000000	0.837944  	0.617502  	-9.341300 
-136.000000	0.821291  	0.642434  	-9.341300 
-135.000000	0.804639  	0.667366  	-9.341300 
-134.000000	0.788056  	0.692284  	-9.341300 
-133.000000	0.771650  	0.717166  	-9.341300 
-132.000000	0.755244  	0.742047  	-9.341300 
-131.000000	0.738837  	0.766929  	-9.341300 
-130.000000	0.722431  	0.791810  	-9.341300 
-129.000000	0.705810  	0.816149  	-9.341300 
-128.000000	0.689153  	0.840398  	-9.341300 
-127.000000	0.672496  	0.864646  	-9.341300 
-126.000000	0.655839  	0.888894  	-9.341300 
-125.000000	0.638962  	0.912629  	-9.341300 
-124.000000	0.621792  	0.935677  	-9.341300 
-123.000000	0.604621  	0.958725  	-9.341300 
-122.000000	0.587451  	0.981774  	-9.341300 
-121.000000	0.570281  	1.004822  	-9.341300 
-120.000000	0.552506  	1.026133  	-9.341300 
-119.000000	0.534732  	1.047443  	-9.341300 
-118.000000	0.516957  	1.068754  	-9.341300 
-117.000000	0.499183  	1.090065  	-9.341300 
-116.000000	0.481086  	1.110099  	-9.341300 
-115.000000	0.462748  	1.129177  	-9.341300 
-114.000000	0.444409  	1.148254  	-9.341300 
-113.000000	0.426071  	1.167331  	-9.341300 
-112.000000	0.407672  	1.186027  	-9.341300 
-111.000000	0.388912  	1.202429  	-9.341300 
-110.000000	0.370152  	1.218831  	-9.341300 
-109.000000	0.351392  	1.235233  	-9.341300 
-108.000000	0.332632  	1.251636  	-9.341300 
-107.000000	0.313731  	1.265857  	-9.341300 
-106.000000	0.294773  	1.279207  	-9.341300 
-105.000000	0.275816  	1.292556  	-9.341300 
-104.000000	0.256858  	1.305906  	-9.341300 
-103.000000	0.237927  	1.318296  	-9.341300 
-102.000000	0.219060  	1.328288  	-9.341300 
-101.000000	0.200193  	1.338281  	-9.341300 
-100.000000	0.181326  	1.348273  	-9.341300 
-99.000000	0.162459  	1.358265  	-9.341300 
-98.000000	0.143959  	1.365188  	-9.341300 
-97.000000	0.125520  	1.371598  	-9.341300 
-96.000000	0.107081  	1.378009  	-9.341300 
-95.000000	0.088642  	1.384420  	-9.341300 
-94.000000	0.070547  	1.389237  	-9.341300 
-93.000000	0.052910  	1.391927  	-9.341300 
-92.000000	0.035274  	1.394618  	-9.341300 
-91.000000	0.017637  	1.397309  	-9.341300 
-90.000000	0.000000  	1.400000  	-9.341300 
-89.000000	-0.017637 	1.397309  	-9.341300 
-88.000000	-0.035274 	1.394618  	-9.341300 
-87.000000	-0.052910 	1.391927  	-9.341300 
-86.000000	-0.070547 	1.389237  	-9.341300 
-85.000000	-0.088642 	1.384420  	-9.341300 
-84.000000	-0.107081 	1.378009  	-9.341300 
-83.000000	-0.125520 	1.371598  	-9.341300 
-82.000000	-0.143959 	1.365188  	-9.341300 
-81.000000	-0.162459 	1.358265  	-9.341300 
-80.000000	-0.181326 	1.348273  	-9.341300 
-79.000000	-0.200193 	1.338281  	-9.341300 
-78.000000	-0.219060 	1.328288  	-9.341300 
-77.000000	-0.237927 	1.318296  	-9.341300 
-76.000000	-0.256858 	1.305906  	-9.341300 
-75.000000	-0.275816 	1.292556  	-9.341300 
-74.000000	-0.294773 	1.279207  	-9.341300 
-73.000000	-0.313731 	1.265857  	-9.341300 
-72.000000	-0.332632 	1.251636  	-9.341300 
-71.000000	-0.351392 	1.235233  	-9.341300 
-70.000000	-0.370152 	1.218831  	-9.341300 
-69.000000	-0.388912 	1.202429  	-9.341300 
-68.000000	-0.407672 	1.186027  	-9.341300 
-67.000000	-0.426071 	1.167331  	-9.341300 
-66.000000	-0.444409 	1.148254  	-9.341300 
-65.000000	-0.462748 	1.129177  	-9.341300 
-64.000000	-0.481086 	1.110099  	-9.341300 
-63.000000	-0.499183 	1.090065  	-9.341300 
-62.000000	-0.516957 	1.068754  	-9.341300 
-61.000000	-0.534732 	1.047443  	-9.341300 
-60.000000	-0.552506 	1.026133  	-9.341300 
-59.000000	-0.570281 	1.004822  	-9.341300 
-58.000000	-0.587451 	0.981774  	-9.341300 
-57.000000	-0.604621 	0.958725  	-9.341300 
-56.000000	-0.621792 	0.935677  	-9.341300 
-55.000000	-0.638962 	0.912629  	-9.341300 
-54.000000	-0.655839 	0.888894  	-9.341300 
-53.000000	-0.672496 	0.864646  	-9.341300 
-52.000000	-0.689153 	0.840398  	-9.341300 
-51.000000	-0.705810 	0.816149  	-9.341300 
-50.000000	-0.722431 	0.791810  	-9.341300 
-49.000000	-0.738837 	0.766929  	-9.341300 
-48.000000	-0.755244 	0.742047  	-9.341300 
-47.000000	-0.771650 	0.717166  	-9.341300 
-46.000000	-0.788056 	0.692284  	-9.341300 
-45.000000	-0.804639 	0.667366  	-9.341300 
-44.000000	-0.821291 	0.642434  	-9.341300 
-43.000000	-0.837944 	0.617502  	-9.341300 
-42.000000	-0.854597 	0.592570  	-9.341300 
-41.000000	-0.871560 	0.567791  	-9.341300 
-40.000000	-0.889297 	0.543393  	-9.341300 
-39.000000	-0.907034 	0.518995  	-9.341300 
-38.000000	-0.924772 	0.494597  	-9.341300 
-37.000000	-0.942509 	0.470199  	-9.341300 
-36.000000	-0.962349 	0.446750  	-9.341300 
-35.000000	-0.982539 	0.423460  	-9.341300 
-34.000000	-1.002729 	0.400169  	-9.341300 
-33.000000	-1.022920 	0.376878  	-9.341300 
-32.000000	-1.045133 	0.354296  	-9.341300 
-31.000000	-1.070045 	0.332660  	-9.341300 
-30.000000	-1.094957 	0.311023  	-9.341300 
-29.000000	-1.119868 	0.289387  	-9.341300 
-28.000000	-1.144780 	0.267750  	-9.341300 
-27.000000	-1.115831 	0.253841  	-9.341300 
-26.000000	-1.086882 	0.239932  	-9.341300 
-25.000000	-1.057933 	0.226023  	-9.341300 
-24.000000	-1.028984 	0.212114  	-9.341300 
-23.000000	-1.000036 	0.198206  	-9.341300 
-22.000000	-0.971087 	0.184297  	-9.341300 
-21.000000	-0.942138 	0.170388  	-9.341300 
-20.000000	-0.913189 	0.156479  	-9.341300 
-19.000000	-0.884240 	0.142570  	-9.341300 
-18.000000	-0.855291 	0.128661  	-9.341300 
-17.000000	-0.826342 	0.114752  	-9.341300 
-16.000000	-0.797393 	0.100843  	-9.341300 
-15.000000	-0.768444 	0.086934  	-9.341300 
-14.000000	-0.739496 	0.073026  	-9.341300 
-13.000000	-0.710547 	0.059117  	-9.341300 
-12.000000	-0.681598 	0.045208  	-7.996300 
-11.000000	-0.652649 	0.031299  	-5.642550 
-10.000000	-0.623700 	0.017390  	-3.288800 
-9.000000 	-0.451200 	0.012260  	-2.591800 
-8.000000 	-0.289700 	0.009470  	-1.956300 
-7.000000 	-0.159300 	0.009040  	-1.450500 
-6.000000 	-0.031800 	0.008850  	-1.002400 
-5.000000 	0.093900  	0.008810  	-0.828300 
-4.000000 	0.218700  	0.008830  	-0.723700 
-3.000000 	0.343000  	0.008890  	-0.792400 
-2.000000 	0.466700  	0.008970  	-0.871700 
-1.000000 	0.589600  	0.009100  	-0.953900 
0.000000  	0.711600  	0.009270  	-1.039700 
1.000000  	0.832700  	0.009460  	-1.134200 
2.000000  	0.952300  	0.009700  	-1.267300 
3.000000  	1.071000  	0.009980  	-1.440500 
4.000000  	1.187800  	0.010360  	-1.664100 
5.000000  	1.299900  	0.011040  	-1.962700 
6.000000  	1.401700  	0.012500  	-2.446600 
7.000000  	1.489500  	0.014730  	-2.960500 
8.000000  	1.569700  	0.016900  	-3.488000 
9.000000  	1.636500  	0.019300  	-4.015300 
10.000000 	1.674800  	0.022410  	-4.508500 
11.000000 	1.702400  	0.027130  	-4.964800 
12.000000 	1.709500  	0.035310  	-5.352500 
13.000000 	1.721000  	0.044790  	-5.751500 
14.000000 	1.727200  	0.055470  	-6.203100 
15.000000 	1.729300  	0.067180  	-6.560100 
16.000000 	1.722900  	0.080540  	-6.905500 
17.000000 	1.704800  	0.096030  	-7.199100 
18.000000 	1.691500  	0.111420  	-7.475500 
19.000000 	1.676100  	0.127690  	-7.752500 
20.000000 	1.655900  	0.145290  	-7.974400 
21.000000 	1.630100  	0.164470  	-8.068800 
22.000000 	1.624467  	0.180677  	-8.265133 
23.000000 	1.618833  	0.196883  	-8.461467 
24.000000 	1.613200  	0.213090  	-8.657800 
25.000000 	1.615900  	0.227820  	-8.814800 
26.000000 	1.622300  	0.241570  	-9.043000 
27.000000 	1.634400  	0.252780  	-9.286500 
28.000000 	1.635400  	0.267750  	-9.341300 
29.000000 	1.599812  	0.289387  	-9.341300 
30.000000 	1.564224  	0.311023  	-9.341300 
31.000000 	1.528636  	0.332660  	-9.341300 
32.000000 	1.493048  	0.354296  	-9.341300 
33.000000 	1.461314  	0.376878  	-9.341300 
34.000000 	1.432470  	0.400169  	-9.341300 
35.000000 	1.403627  	0.423460  	-9.341300 
36.000000 	1.374784  	0.446750  	-9.341300 
37.000000 	1.346441  	0.470199  	-9.341300 
38.000000 	1.321102  	0.494597  	-9.341300 
39.000000 	1.295763  	0.518995  	-9.341300 
40.000000 	1.270424  	0.543393  	-9.341300 
41.000000 	1.245085  	0.567791  	-9.341300 
42.000000 	1.220853  	0.592570  	-9.341300 
43.000000 	1.197063  	0.617502  	-9.341300 
44.000000 	1.173273  	0.642434  	-9.341300 
45.000000 	1.149484  	0.667366  	-9.341300 
46.000000 	1.125795  	0.692284  	-9.341300 
47.000000 	1.102357  	0.717166  	-9.341300 
48.000000 	1.078920  	0.742047  	-9.341300 
49.000000 	1.055482  	0.766929  	-9.341300 
50.000000 	1.032045  	0.791810  	-9.341300 
51.000000 	1.008300  	0.816149  	-9.341300 
52.000000 	0.984504  	0.840398  	-9.341300 
53.000000 	0.960708  	0.864646  	-9.341300 
54.000000 	0.936913  	0.888894  	-9.341300 
55.000000 	0.912803  	0.912629  	-9.341300 
56.000000 	0.888274  	0.935677  	-9.341300 
57.000000 	0.863745  	0.958725  	-9.341300 
58.000000 	0.839216  	0.981774  	-9.341300 
59.000000 	0.814687  	1.004822  	-9.341300 
60.000000 	0.789295  	1.026133  	-9.341300 
61.000000 	0.763903  	1.047443  	-9.341300 
62.000000 	0.738511  	1.068754  	-9.341300 
63.000000 	0.713119  	1.090065  	-9.341300 
64.000000 	0.687266  	1.110099  	-9.341300 
65.000000 	0.661068  	1.129177  	-9.341300 
66.000000 	0.634870  	1.148254  	-9.341300 
67.000000 	0.608672  	1.167331  	-9.341300 
68.000000 	0.582388  	1.186027  	-9.341300 
69.000000 	0.555588  	1.202429  	-9.341300 
70.000000 	0.528789  	1.218831  	-9.341300 
71.000000 	0.501989  	1.235233  	-9.341300 
72.000000 	0.475189  	1.251636  	-9.341300 
73.000000 	0.448187  	1.265857  	-9.341300 
74.000000 	0.421105  	1.279207  	-9.341300 
75.000000 	0.394023  	1.292556  	-9.341300 
76.000000 	0.366941  	1.305906  	-9.341300 
77.000000 	0.339896  	1.318296  	-9.341300 
78.000000 	0.312943  	1.328288  	-9.341300 
79.000000 	0.285990  	1.338281  	-9.341300 
80.000000 	0.259037  	1.348273  	-9.341300 
81.000000 	0.232084  	1.358265  	-9.341300 
82.000000 	0.205656  	1.365188  	-9.341300 
83.000000 	0.179314  	1.371598  	-9.341300 
84.000000 	0.152973  	1.378009  	-9.341300 
85.000000 	0.126632  	1.384420  	-9.341300 
86.000000 	0.100782  	1.389237  	-9.341300 
87.000000 	0.075586  	1.391927  	-9.341300 
88.000000 	0.050391  	1.394618  	-9.341300 
89.000000 	0.025195  	1.397309  	-9.341300 
90.000000 	0.000000  	1.400000  	-9.341300 
91.000000 	-0.017637 	1.397309  	-9.341300 
92.000000 	-0.035274 	1.394618  	-9.341300 
93.000000 	-0.052910 	1.391927  	-9.341300 
94.000000 	-0.070547 	1.389237  	-9.341300 
95.000000 	-0.088642 	1.384420  	-9.341300 
96.000000 	-0.107081 	1.378009  	-9.341300 
97.000000 	-0.125520 	1.371598  	-9.341300 
98.000000 	-0.143959 	1.365188  	-9.341300 
99.000000 	-0.162459 	1.358265  	-9.341300 
100.000000	-0.181326 	1.348273  	-9.341300 
101.000000	-0.200193 	1.338281  	-9.341300 
102.000000	-0.219060 	1.328288  	-9.341300 
103.000000	-0.237927 	1.318296  	-9.341300 
104.000000	-0.256858 	1.305906  	-9.341300 
105.000000	-0.275816 	1.292556  	-9.341300 
106.000000	-0.294773 	1.279207  	-9.341300 
107.000000	-0.313731 	1.265857  	-9.341300 
108.000000	-0.332632 	1.251636  	-9.341300 
109.000000	-0.351392 	1.235233  	-9.341300 
110.000000	-0.370152 	1.218831  	-9.341300 
111.000000	-0.388912 	1.202429  	-9.341300 
112.000000	-0.407672 	1.186027  	-9.341300 
113.000000	-0.426071 	1.167331  	-9.341300 
114.000000	-0.444409 	1.148254  	-9.341300 
115.000000	-0.462748 	1.129177  	-9.341300 
116.000000	-0.481086 	1.110099  	-9.341300 
117.000000	-0.499183 	1.090065  	-9.341300 
118.000000	-0.516957 	1.068754  	-9.341300 
119.000000	-0.534732 	1.047443  	-9.341300 
120.000000	-0.552506 	1.026133  	-9.341300 
121.000000	-0.570281 	1.004822  	-9.341300 
122.000000	-0.587451 	0.981774  	-9.341300 
123.000000	-0.604621 	0.958725  	-9.341300 
124.000000	-0.621792 	0.935677  	-9.341300 
125.000000	-0.638962 	0.912629  	-9.341300 
126.000000	-0.655839 	0.888894  	-9.341300 
127.000000	-0.672496 	0.864646  	-9.341300 
128.000000	-0.689153 	0.840398  	-9.341300 
129.000000	-0.705810 	0.816149  	-9.341300 
130.000000	-0.722431 	0.791810  	-9.341300 
131.000000	-0.738837 	0.766929  	-9.341300 
132.000000	-0.755244 	0.742047  	-9.341300 
133.000000	-0.771650 	0.717166  	-9.341300 
134.000000	-0.788056 	0.692284  	-9.341300 
135.000000	-0.804639 	0.667366  	-9.341300 
136.000000	-0.821291 	0.642434  	-9.341300 
137.000000	-0.837944 	0.617502  	-9.341300 
138.000000	-0.854597 	0.592570  	-9.341300 
139.000000	-0.871560 	0.567791  	-9.341300 
140.000000	-0.889297 	0.543393  	-9.341300 
141.000000	-0.907034 	0.518995  	-9.341300 
142.000000	-0.924772 	0.494597  	-9.341300 
143.000000	-0.942509 	0.470199  	-9.341300 
144.000000	-0.962349 	0.446750  	-9.341300 
145.000000	-0.982539 	0.423460  	-9.341300 
146.000000	-1.002729 	0.400169  	-9.341300 
147.000000	-1.022920 	0.376878  	-9.341300 
148.000000	-1.045133 	0.354296  	-9.341300 
149.000000	-1.070045 	0.332660  	-9.341300 
150.000000	-1.094957 	0.311023  	-9.341300 
151.000000	-1.119868 	0.289387  	-9.341300 
152.000000	-1.144780 	0.267750  	-9.341300 
153.000000	-1.103895 	0.247620  	-9.341300 
154.000000	-1.063010 	0.227489  	-9.341300 
155.000000	-1.022125 	0.208434  	-9.341300 
156.000000	-0.981240 	0.189379  	-9.341300 
157.000000	-0.940355 	0.171491  	-9.341300 
158.000000	-0.899470 	0.153602  	-9.341300 
159.000000	-0.858585 	0.136967  	-9.341300 
160.000000	-0.817700 	0.120331  	-9.341300 
161.000000	-0.776815 	0.105028  	-9.341300 
162.000000	-0.735930 	0.089725  	-9.341300 
163.000000	-0.695045 	0.075828  	-9.341300 
164.000000	-0.654160 	0.061931  	-9.341300 
165.000000	-0.613275 	0.049508  	-9.341300 
166.000000	-0.572390 	0.037084  	-9.341300 
167.000000	-0.531505 	0.026193  	-9.341300 
168.000000	-0.490620 	0.015303  	-9.341300 
169.000000	-0.449735 	0.008151  	-9.341300 
170.000000	-0.408850 	0.001000  	-9.341300 
171.000000	-0.367965 	0.001000  	-9.341300 
172.000000	-0.327080 	0.001000  	-9.341300 
173.000000	-0.286195 	0.001000  	-9.341300 
174.000000	-0.245310 	0.001000  	-9.341300 
175.000000	-0.204425 	0.001000  	-9.341300 
176.000000	-0.163540 	0.001000  	-9.341300 
177.000000	-0.122655 	0.001000  	-9.341300 
178.000000	-0.081770 	0.001000  	-9.341300 
179.000000	-0.040885 	0.001000  	-9.341300 
180.000000	0.000000  	0.001000  	-9.341300 
! ------------------------------------------------------------------------------
! data for table	11        
! ------------------------------------------------------------------------------
  1.200000  	Re           ! Reynolds number in millions
  0.000000  	UserProp     ! User property (control) setting
Flase           InclUAdata   ! Is unsteady aerodynamics data included in this table? If TRUE, then include UA coefficients below this line. Any missing coefficients will be calculated internally.
! Table of aerodynamics coefficients
  361       	NumAlf       ! Number of data lines in the following table
!Alpha      Cl          Cd          Cm/Cp
!(deg)      (-)         (-)         (-)
-180.000000	0.000000  	0.001000  	-9.364000 
-179.000000	0.039463  	0.001000  	-9.364000 
-178.000000	0.078926  	0.001000  	-9.364000 
-177.000000	0.118389  	0.001000  	-9.364000 
-176.000000	0.157852  	0.001000  	-9.364000 
-175.000000	0.197316  	0.001000  	-9.364000 
-174.000000	0.236779  	0.001000  	-9.364000 
-173.000000	0.276242  	0.001000  	-9.364000 
-172.000000	0.315705  	0.001000  	-9.364000 
-171.000000	0.355168  	0.001000  	-9.364000 
-170.000000	0.394631  	0.001000  	-9.364000 
-169.000000	0.434094  	0.005078  	-9.364000 
-168.000000	0.473557  	0.011420  	-9.364000 
-167.000000	0.513020  	0.020581  	-9.364000 
-166.000000	0.552483  	0.031856  	-9.364000 
-165.000000	0.591947  	0.043918  	-9.364000 
-164.000000	0.631410  	0.056769  	-9.364000 
-163.000000	0.670873  	0.070267  	-9.364000 
-162.000000	0.710336  	0.084628  	-9.364000 
-161.000000	0.749799  	0.099502  	-9.364000 
-160.000000	0.789262  	0.115299  	-9.364000 
-159.000000	0.828725  	0.131483  	-9.364000 
-158.000000	0.868188  	0.148635  	-9.364000 
-157.000000	0.907651  	0.166058  	-9.364000 
-156.000000	0.947114  	0.184477  	-9.364000 
-155.000000	0.986578  	0.203062  	-9.364000 
-154.000000	1.026041  	0.222652  	-9.364000 
-153.000000	1.065504  	0.242319  	-9.364000 
-152.000000	1.104967  	0.262979  	-9.364000 
-151.000000	1.144430  	0.283640  	-9.364000 
-150.000000	1.119592  	0.305734  	-9.364000 
-149.000000	1.094754  	0.327828  	-9.364000 
-148.000000	1.069916  	0.349921  	-9.364000 
-147.000000	1.045077  	0.372015  	-9.364000 
-146.000000	1.023017  	0.395089  	-9.364000 
-145.000000	1.002500  	0.418706  	-9.364000 
-144.000000	0.981983  	0.442324  	-9.364000 
-143.000000	0.961466  	0.465941  	-9.364000 
-142.000000	0.941599  	0.489841  	-9.364000 
-141.000000	0.923356  	0.514447  	-9.364000 
-140.000000	0.905114  	0.539052  	-9.364000 
-139.000000	0.886872  	0.563657  	-9.364000 
-138.000000	0.868630  	0.588262  	-9.364000 
-137.000000	0.851337  	0.613267  	-9.364000 
-136.000000	0.834117  	0.638302  	-9.364000 
-135.000000	0.816897  	0.663337  	-9.364000 
-134.000000	0.799677  	0.688372  	-9.364000 
-133.000000	0.782600  	0.713328  	-9.364000 
-132.000000	0.765630  	0.738226  	-9.364000 
-131.000000	0.748660  	0.763123  	-9.364000 
-130.000000	0.731689  	0.788021  	-9.364000 
-129.000000	0.714674  	0.812768  	-9.364000 
-128.000000	0.697493  	0.836965  	-9.364000 
-127.000000	0.680312  	0.861162  	-9.364000 
-126.000000	0.663131  	0.885359  	-9.364000 
-125.000000	0.645950  	0.909556  	-9.364000 
-124.000000	0.628382  	0.932685  	-9.364000 
-123.000000	0.610750  	0.955636  	-9.364000 
-122.000000	0.593117  	0.978586  	-9.364000 
-121.000000	0.575485  	1.001536  	-9.364000 
-120.000000	0.557587  	1.023605  	-9.364000 
-119.000000	0.539423  	1.044793  	-9.364000 
-118.000000	0.521259  	1.065980  	-9.364000 
-117.000000	0.503095  	1.087167  	-9.364000 
-116.000000	0.484862  	1.108034  	-9.364000 
-115.000000	0.466211  	1.126983  	-9.364000 
-114.000000	0.447559  	1.145931  	-9.364000 
-113.000000	0.428908  	1.164880  	-9.364000 
-112.000000	0.410257  	1.183829  	-9.364000 
-111.000000	0.391334  	1.200686  	-9.364000 
-110.000000	0.372337  	1.216972  	-9.364000 
-109.000000	0.353339  	1.233259  	-9.364000 
-108.000000	0.334342  	1.249546  	-9.364000 
-107.000000	0.315290  	1.264537  	-9.364000 
-106.000000	0.296165  	1.277801  	-9.364000 
-105.000000	0.277040  	1.291065  	-9.364000 
-104.000000	0.257916  	1.304328  	-9.364000 
-103.000000	0.238802  	1.317355  	-9.364000 
-102.000000	0.219829  	1.327305  	-9.364000 
-101.000000	0.200857  	1.337255  	-9.364000 
-100.000000	0.181884  	1.347204  	-9.364000 
-99.000000	0.162911  	1.357154  	-9.364000 
-98.000000	0.144281  	1.364583  	-9.364000 
-97.000000	0.125788  	1.371004  	-9.364000 
-96.000000	0.107295  	1.377425  	-9.364000 
-95.000000	0.088801  	1.383846  	-9.364000 
-94.000000	0.070608  	1.388960  	-9.364000 
-93.000000	0.052956  	1.391720  	-9.364000 
-92.000000	0.035304  	1.394480  	-9.364000 
-91.000000	0.017652  	1.397240  	-9.364000 
-90.000000	0.000000  	1.400000  	-9.364000 
-89.000000	-0.017652 	1.397240  	-9.364000 
-88.000000	-0.035304 	1.394480  	-9.364000 
-87.000000	-0.052956 	1.391720  	-9.364000 
-86.000000	-0.070608 	1.388960  	-9.364000 
-85.000000	-0.088801 	1.383846  	-9.364000 
-84.000000	-0.107295 	1.377425  	-9.364000 
-83.000000	-0.125788 	1.371004  	-9.364000 
-82.000000	-0.144281 	1.364583  	-9.364000 
-81.000000	-0.162911 	1.357154  	-9.364000 
-80.000000	-0.181884 	1.347204  	-9.364000 
-79.000000	-0.200857 	1.337255  	-9.364000 
-78.000000	-0.219829 	1.327305  	-9.364000 
-77.000000	-0.238802 	1.317355  	-9.364000 
-76.000000	-0.257916 	1.304328  	-9.364000 
-75.000000	-0.277040 	1.291065  	-9.364000 
-74.000000	-0.296165 	1.277801  	-9.364000 
-73.000000	-0.315290 	1.264537  	-9.364000 
-72.000000	-0.334342 	1.249546  	-9.364000 
-71.000000	-0.353339 	1.233259  	-9.364000 
-70.000000	-0.372337 	1.216972  	-9.364000 
-69.000000	-0.391334 	1.200686  	-9.364000 
-68.000000	-0.410257 	1.183829  	-9.364000 
-67.000000	-0.428908 	1.164880  	-9.364000 
-66.000000	-0.447559 	1.145931  	-9.364000 
-65.000000	-0.466211 	1.126983  	-9.364000 
-64.000000	-0.484862 	1.108034  	-9.364000 
-63.000000	-0.503095 	1.087167  	-9.364000 
-62.000000	-0.521259 	1.065980  	-9.364000 
-61.000000	-0.539423 	1.044793  	-9.364000 
-60.000000	-0.557587 	1.023605  	-9.364000 
-59.000000	-0.575485 	1.001536  	-9.364000 
-58.000000	-0.593117 	0.978586  	-9.364000 
-57.000000	-0.610750 	0.955636  	-9.364000 
-56.000000	-0.628382 	0.932685  	-9.364000 
-55.000000	-0.645950 	0.909556  	-9.364000 
-54.000000	-0.663131 	0.885359  	-9.364000 
-53.000000	-0.680312 	0.861162  	-9.364000 
-52.000000	-0.697493 	0.836965  	-9.364000 
-51.000000	-0.714674 	0.812768  	-9.364000 
-50.000000	-0.731689 	0.788021  	-9.364000 
-49.000000	-0.748660 	0.763123  	-9.364000 
-48.000000	-0.765630 	0.738226  	-9.364000 
-47.000000	-0.782600 	0.713328  	-9.364000 
-46.000000	-0.799677 	0.688372  	-9.364000 
-45.000000	-0.816897 	0.663337  	-9.364000 
-44.000000	-0.834117 	0.638302  	-9.364000 
-43.000000	-0.851337 	0.613267  	-9.364000 
-42.000000	-0.868630 	0.588262  	-9.364000 
-41.000000	-0.886872 	0.563657  	-9.364000 
-40.000000	-0.905114 	0.539052  	-9.364000 
-39.000000	-0.923356 	0.514447  	-9.364000 
-38.000000	-0.941599 	0.489841  	-9.364000 
-37.000000	-0.961466 	0.465941  	-9.364000 
-36.000000	-0.981983 	0.442324  	-9.364000 
-35.000000	-1.002500 	0.418706  	-9.364000 
-34.000000	-1.023017 	0.395089  	-9.364000 
-33.000000	-1.045077 	0.372015  	-9.364000 
-32.000000	-1.069916 	0.349921  	-9.364000 
-31.000000	-1.094754 	0.327828  	-9.364000 
-30.000000	-1.119592 	0.305734  	-9.364000 
-29.000000	-1.144430 	0.283640  	-9.364000 
-28.000000	-1.116839 	0.269608  	-9.364000 
-27.000000	-1.089248 	0.255577  	-9.364000 
-26.000000	-1.061657 	0.241545  	-9.364000 
-25.000000	-1.034066 	0.227514  	-9.364000 
-24.000000	-1.006475 	0.213482  	-9.364000 
-23.000000	-0.978884 	0.199451  	-9.364000 
-22.000000	-0.951293 	0.185419  	-9.364000 
-21.000000	-0.923702 	0.171387  	-9.364000 
-20.000000	-0.896111 	0.157356  	-9.364000 
-19.000000	-0.868519 	0.143324  	-9.364000 
-18.000000	-0.840928 	0.129293  	-9.364000 
-17.000000	-0.813337 	0.115261  	-9.364000 
-16.000000	-0.785746 	0.101229  	-9.364000 
-15.000000	-0.758155 	0.087198  	-9.364000 
-14.000000	-0.730564 	0.073166  	-9.364000 
-13.000000	-0.702973 	0.059135  	-9.364000 
-12.000000	-0.675382 	0.045103  	-7.764211 
-11.000000	-0.647791 	0.031072  	-5.524505 
-10.000000	-0.620200 	0.017040  	-3.284800 
-9.000000 	-0.452400 	0.012320  	-2.595500 
-8.000000 	-0.288900 	0.009380  	-1.955600 
-7.000000 	-0.157800 	0.008880  	-1.448500 
-6.000000 	-0.030200 	0.008670  	-1.000400 
-5.000000 	0.095500  	0.008620  	-0.827700 
-4.000000 	0.220400  	0.008610  	-0.723100 
-3.000000 	0.344600  	0.008670  	-0.793500 
-2.000000 	0.468200  	0.008760  	-0.872700 
-1.000000 	0.591100  	0.008890  	-0.955000 
0.000000  	0.713200  	0.009050  	-1.040800 
1.000000  	0.834100  	0.009250  	-1.135300 
2.000000  	0.953900  	0.009500  	-1.268500 
3.000000  	1.073000  	0.009740  	-1.442400 
4.000000  	1.189900  	0.010120  	-1.666800 
5.000000  	1.301500  	0.010870  	-1.965600 
6.000000  	1.402500  	0.012440  	-2.449300 
7.000000  	1.490900  	0.014630  	-2.964800 
8.000000  	1.572400  	0.016730  	-3.497100 
9.000000  	1.640300  	0.019070  	-4.028300 
10.000000 	1.680000  	0.022120  	-4.526700 
11.000000 	1.707500  	0.026750  	-4.984400 
12.000000 	1.719650  	0.035220  	-5.391800 
13.000000 	1.731800  	0.043690  	-5.799200 
14.000000 	1.740100  	0.054080  	-6.263600 
15.000000 	1.742700  	0.065630  	-6.629000 
16.000000 	1.731000  	0.079560  	-6.948800 
17.000000 	1.725800  	0.093220  	-7.316300 
18.000000 	1.710300  	0.108770  	-7.591800 
19.000000 	1.690000  	0.125610  	-7.850700 
20.000000 	1.655000  	0.145550  	-7.975000 
21.000000 	1.644400  	0.162060  	-8.182800 
22.000000 	1.632500  	0.179230  	-8.353400 
23.000000 	1.623000  	0.196170  	-8.583500 
24.000000 	1.619100  	0.212210  	-8.737500 
25.000000 	1.619300  	0.227410  	-8.879200 
26.000000 	1.626000  	0.240770  	-9.112000 
27.000000 	1.630500  	0.254530  	-9.256800 
28.000000 	1.633300  	0.268980  	-9.335800 
29.000000 	1.634900  	0.283640  	-9.364000 
30.000000 	1.599417  	0.305734  	-9.364000 
31.000000 	1.563934  	0.327828  	-9.364000 
32.000000 	1.528451  	0.349921  	-9.364000 
33.000000 	1.492968  	0.372015  	-9.364000 
34.000000 	1.461453  	0.395089  	-9.364000 
35.000000 	1.432143  	0.418706  	-9.364000 
36.000000 	1.402833  	0.442324  	-9.364000 
37.000000 	1.373523  	0.465941  	-9.364000 
38.000000 	1.345141  	0.489841  	-9.364000 
39.000000 	1.319081  	0.514447  	-9.364000 
40.000000 	1.293020  	0.539052  	-9.364000 
41.000000 	1.266960  	0.563657  	-9.364000 
42.000000 	1.240900  	0.588262  	-9.364000 
43.000000 	1.216195  	0.613267  	-9.364000 
44.000000 	1.191596  	0.638302  	-9.364000 
45.000000 	1.166996  	0.663337  	-9.364000 
46.000000 	1.142396  	0.688372  	-9.364000 
47.000000 	1.118000  	0.713328  	-9.364000 
48.000000 	1.093757  	0.738226  	-9.364000 
49.000000 	1.069514  	0.763123  	-9.364000 
50.000000 	1.045270  	0.788021  	-9.364000 
51.000000 	1.020962  	0.812768  	-9.364000 
52.000000 	0.996418  	0.836965  	-9.364000 
53.000000 	0.971874  	0.861162  	-9.364000 
54.000000 	0.947330  	0.885359  	-9.364000 
55.000000 	0.922786  	0.909556  	-9.364000 
56.000000 	0.897689  	0.932685  	-9.364000 
57.000000 	0.872500  	0.955636  	-9.364000 
58.000000 	0.847311  	0.978586  	-9.364000 
59.000000 	0.822122  	1.001536  	-9.364000 
60.000000 	0.796553  	1.023605  	-9.364000 
61.000000 	0.770604  	1.044793  	-9.364000 
62.000000 	0.744656  	1.065980  	-9.364000 
63.000000 	0.718708  	1.087167  	-9.364000 
64.000000 	0.692660  	1.108034  	-9.364000 
65.000000 	0.666015  	1.126983  	-9.364000 
66.000000 	0.639371  	1.145931  	-9.364000 
67.000000 	0.612726  	1.164880  	-9.364000 
68.000000 	0.586081  	1.183829  	-9.364000 
69.000000 	0.559048  	1.200686  	-9.364000 
70.000000 	0.531909  	1.216972  	-9.364000 
71.000000 	0.504770  	1.233259  	-9.364000 
72.000000 	0.477631  	1.249546  	-9.364000 
73.000000 	0.450414  	1.264537  	-9.364000 
74.000000 	0.423093  	1.277801  	-9.364000 
75.000000 	0.395772  	1.291065  	-9.364000 
76.000000 	0.368451  	1.304328  	-9.364000 
77.000000 	0.341145  	1.317355  	-9.364000 
78.000000 	0.314042  	1.327305  	-9.364000 
79.000000 	0.286938  	1.337255  	-9.364000 
80.000000 	0.259834  	1.347204  	-9.364000 
81.000000 	0.232731  	1.357154  	-9.364000 
82.000000 	0.206116  	1.364583  	-9.364000 
83.000000 	0.179697  	1.371004  	-9.364000 
84.000000 	0.153278  	1.377425  	-9.364000 
85.000000 	0.126859  	1.383846  	-9.364000 
86.000000 	0.100869  	1.388960  	-9.364000 
87.000000 	0.075652  	1.391720  	-9.364000 
88.000000 	0.050435  	1.394480  	-9.364000 
89.000000 	0.025217  	1.397240  	-9.364000 
90.000000 	0.000000  	1.400000  	-9.364000 
91.000000 	-0.017652 	1.397240  	-9.364000 
92.000000 	-0.035304 	1.394480  	-9.364000 
93.000000 	-0.052956 	1.391720  	-9.364000 
94.000000 	-0.070608 	1.388960  	-9.364000 
95.000000 	-0.088801 	1.383846  	-9.364000 
96.000000 	-0.107295 	1.377425  	-9.364000 
97.000000 	-0.125788 	1.371004  	-9.364000 
98.000000 	-0.144281 	1.364583  	-9.364000 
99.000000 	-0.162911 	1.357154  	-9.364000 
100.000000	-0.181884 	1.347204  	-9.364000 
101.000000	-0.200857 	1.337255  	-9.364000 
102.000000	-0.219829 	1.327305  	-9.364000 
103.000000	-0.238802 	1.317355  	-9.364000 
104.000000	-0.257916 	1.304328  	-9.364000 
105.000000	-0.277040 	1.291065  	-9.364000 
106.000000	-0.296165 	1.277801  	-9.364000 
107.000000	-0.315290 	1.264537  	-9.364000 
108.000000	-0.334342 	1.249546  	-9.364000 
109.000000	-0.353339 	1.233259  	-9.364000 
110.000000	-0.372337 	1.216972  	-9.364000 
111.000000	-0.391334 	1.200686  	-9.364000 
112.000000	-0.410257 	1.183829  	-9.364000 
113.000000	-0.428908 	1.164880  	-9.364000 
114.000000	-0.447559 	1.145931  	-9.364000 
115.000000	-0.466211 	1.126983  	-9.364000 
116.000000	-0.484862 	1.108034  	-9.364000 
117.000000	-0.503095 	1.087167  	-9.364000 
118.000000	-0.521259 	1.065980  	-9.364000 
119.000000	-0.539423 	1.044793  	-9.364000 
120.000000	-0.557587 	1.023605  	-9.364000 
121.000000	-0.575485 	1.001536  	-9.364000 
122.000000	-0.593117 	0.978586  	-9.364000 
123.000000	-0.610750 	0.955636  	-9.364000 
124.000000	-0.628382 	0.932685  	-9.364000 
125.000000	-0.645950 	0.909556  	-9.364000 
126.000000	-0.663131 	0.885359  	-9.364000 
127.000000	-0.680312 	0.861162  	-9.364000 
128.000000	-0.697493 	0.836965  	-9.364000 
129.000000	-0.714674 	0.812768  	-9.364000 
130.000000	-0.731689 	0.788021  	-9.364000 
131.000000	-0.748660 	0.763123  	-9.364000 
132.000000	-0.765630 	0.738226  	-9.364000 
133.000000	-0.782600 	0.713328  	-9.364000 
134.000000	-0.799677 	0.688372  	-9.364000 
135.000000	-0.816897 	0.663337  	-9.364000 
136.000000	-0.834117 	0.638302  	-9.364000 
137.000000	-0.851337 	0.613267  	-9.364000 
138.000000	-0.868630 	0.588262  	-9.364000 
139.000000	-0.886872 	0.563657  	-9.364000 
140.000000	-0.905114 	0.539052  	-9.364000 
141.000000	-0.923356 	0.514447  	-9.364000 
142.000000	-0.941599 	0.489841  	-9.364000 
143.000000	-0.961466 	0.465941  	-9.364000 
144.000000	-0.981983 	0.442324  	-9.364000 
145.000000	-1.002500 	0.418706  	-9.364000 
146.000000	-1.023017 	0.395089  	-9.364000 
147.000000	-1.045077 	0.372015  	-9.364000 
148.000000	-1.069916 	0.349921  	-9.364000 
149.000000	-1.094754 	0.327828  	-9.364000 
150.000000	-1.119592 	0.305734  	-9.364000 
151.000000	-1.144430 	0.283640  	-9.364000 
152.000000	-1.104967 	0.262979  	-9.364000 
153.000000	-1.065504 	0.242319  	-9.364000 
154.000000	-1.026041 	0.222652  	-9.364000 
155.000000	-0.986578 	0.203062  	-9.364000 
156.000000	-0.947114 	0.184477  	-9.364000 
157.000000	-0.907651 	0.166058  	-9.364000 
158.000000	-0.868188 	0.148635  	-9.364000 
159.000000	-0.828725 	0.131483  	-9.364000 
160.000000	-0.789262 	0.115299  	-9.364000 
161.000000	-0.749799 	0.099502  	-9.364000 
162.000000	-0.710336 	0.084628  	-9.364000 
163.000000	-0.670873 	0.070267  	-9.364000 
164.000000	-0.631410 	0.056769  	-9.364000 
165.000000	-0.591947 	0.043918  	-9.364000 
166.000000	-0.552483 	0.031856  	-9.364000 
167.000000	-0.513020 	0.020581  	-9.364000 
168.000000	-0.473557 	0.011420  	-9.364000 
169.000000	-0.434094 	0.005078  	-9.364000 
170.000000	-0.394631 	0.001000  	-9.364000 
171.000000	-0.355168 	0.001000  	-9.364000 
172.000000	-0.315705 	0.001000  	-9.364000 
173.000000	-0.276242 	0.001000  	-9.364000 
174.000000	-0.236779 	0.001000  	-9.364000 
175.000000	-0.197316 	0.001000  	-9.364000 
176.000000	-0.157852 	0.001000  	-9.364000 
177.000000	-0.118389 	0.001000  	-9.364000 
178.000000	-0.078926 	0.001000  	-9.364000 
179.000000	-0.039463 	0.001000  	-9.364000 
180.000000	0.000000  	0.001000  	-9.364000 
