! AeroDyn v15 airfoil data file
! Generated from airfoilprep.py modified by D. Kim (Mar 14th, 2022) 
! start all comment lines with ! 
! ------------------------------------------------------------------------------
"DEFAULT"       InterpOrd    ! Interpolation order to use for quasi-steady table lookup {1=linear; 3=cubic spline; "default"} [default=1]
! ------------------------------------------------------------------------------
! 0.20          RelThickness ! The non-dimensional thickness of the airfoil (thickness/chord) [only used if UAMod=7] [default=0.2] (-)
  1             NonDimArea   ! The non-dimensional area of the airfoil (area/chord^2) (set to 1.0 if unsure or unneeded)
  103           NumCoords    ! The number of coordinates in the airfoil shape file (including an extra coordinate for airfoil reference).
! ......... x-y coordinates are next if NumCoords > 0 .............
! x-y coordinate of airfoil reference
!  x/c        y/c
  0.25       0
! Airfoil: 
!  x/c        y/c
1.0013122 -0.0000007
0.9811724 0.0033895
0.9610194 0.0067190
0.9407997 0.0096109
0.9205062 0.0119336
0.9001460 0.0135652
0.8797400 0.0144146
0.8593182 0.0145025
0.8389094 0.0139241
0.8185236 0.0127494
0.7981715 0.0110126
0.7778640 0.0087602
0.7576112 0.0060500
0.7374222 0.0029384
0.7172927 -0.0005110
0.6972126 -0.0042395
0.6771701 -0.0081776
0.6571562 -0.0122705
0.6371605 -0.0164557
0.6171744 -0.0206792
0.5971855 -0.0248865
0.5771825 -0.0290293
0.5571586 -0.0330672
0.5371074 -0.0369604
0.5170233 -0.0406742
0.4969016 -0.0441791
0.4767356 -0.0474444
0.4565216 -0.0504508
0.4362628 -0.0531663
0.4159659 -0.0555809
0.3956360 -0.0576728
0.3752794 -0.0594333
0.3549015 -0.0608416
0.3345082 -0.0618978
0.3141038 -0.0625620
0.2936938 -0.0628304
0.2732834 -0.0626768
0.2528784 -0.0620753
0.2324847 -0.0610109
0.2121134 -0.0594749
0.1917832 -0.0574539
0.1715130 -0.0549224
0.1513186 -0.0518720
0.1312189 -0.0482660
0.1112329 -0.0440711
0.0913892 -0.0392131
0.0717506 -0.0335908
0.0524207 -0.0270184
0.0335916 -0.0191086
0.0158073 -0.0091091
0.0011966 0.0050127
0.0013268 0.0244964
0.0132249 0.0410195
0.0287460 0.0542478
0.0459560 0.0652402
0.0640785 0.0746224
0.0828164 0.0827629
0.1019690 0.0898833
0.1214048 0.0961262
0.1410617 0.1016259
0.1608978 0.1064752
0.1808776 0.1107489
0.2009673 0.1145113
0.2211382 0.1177878
0.2413678 0.1206120
0.2616530 0.1230037
0.2819838 0.1249706
0.3023508 0.1265177
0.3227453 0.1276456
0.3431585 0.1283607
0.3635820 0.1286385
0.3840066 0.1285294
0.4044244 0.1279812
0.4248278 0.1270239
0.4452087 0.1256624
0.4655597 0.1239071
0.4858748 0.1217813
0.5061499 0.1193215
0.5263892 0.1165839
0.5465968 0.1136101
0.5667783 0.1104505
0.5869351 0.1071304
0.6070681 0.1036741
0.6271788 0.1000992
0.6472707 0.0964213
0.6673434 0.0926394
0.6874008 0.0887758
0.7074430 0.0848330
0.7274720 0.0808238
0.7474884 0.0767534
0.7674938 0.0726297
0.7874899 0.0684608
0.8074785 0.0642562
0.8274606 0.0600205
0.8474388 0.0557661
0.8674133 0.0514944
0.8873848 0.0472091
0.9073550 0.0429180
0.9273226 0.0386145
0.9472822 0.0342739
0.9671932 0.0297179
0.9856426 0.0214053
! ------------------------------------------------------------------------------
"unused"        BL_file      ! The file name including the boundary layer characteristics of the profile. Unused if the aeroacoustic module is not called.
  11        	NumTabs      ! Number of airfoil tables in this file.
! ------------------------------------------------------------------------------
! data for table	1         
! ------------------------------------------------------------------------------
  0.200000  	Re           ! Reynolds number in millions
  0.000000  	UserProp     ! User property (control) setting
Flase           InclUAdata   ! Is unsteady aerodynamics data included in this table? If TRUE, then include UA coefficients below this line. Any missing coefficients will be calculated internally.
! Table of aerodynamics coefficients
  361       	NumAlf       ! Number of data lines in the following table
!Alpha      Cl          Cd          Cm/Cp
!(deg)      (-)         (-)         (-)
-180.000000	0.000000  	0.001000  	-6.784500 
-179.000000	0.052470  	0.001000  	-6.784500 
-178.000000	0.104940  	0.001000  	-6.784500 
-177.000000	0.157410  	0.001000  	-6.784500 
-176.000000	0.209880  	0.001000  	-6.784500 
-175.000000	0.262350  	0.001000  	-6.784500 
-174.000000	0.314820  	0.001000  	-6.784500 
-173.000000	0.367290  	0.002571  	-6.784500 
-172.000000	0.419760  	0.006853  	-6.784500 
-171.000000	0.472230  	0.013843  	-6.784500 
-170.000000	0.524700  	0.022060  	-6.784500 
-169.000000	0.577170  	0.030878  	-6.784500 
-168.000000	0.629640  	0.040298  	-6.784500 
-167.000000	0.682110  	0.050896  	-6.784500 
-166.000000	0.734580  	0.062068  	-6.784500 
-165.000000	0.787050  	0.073815  	-6.784500 
-164.000000	0.839520  	0.086678  	-6.784500 
-163.000000	0.891990  	0.100083  	-6.784500 
-162.000000	0.944460  	0.114028  	-6.784500 
-161.000000	0.996930  	0.129017  	-6.784500 
-160.000000	1.049400  	0.144508  	-6.784500 
-159.000000	1.101870  	0.160500  	-6.784500 
-158.000000	1.075937  	0.178471  	-6.784500 
-157.000000	1.050003  	0.196442  	-6.784500 
-156.000000	1.024070  	0.214413  	-6.784500 
-155.000000	0.998137  	0.232385  	-6.784500 
-154.000000	0.972819  	0.250543  	-6.784500 
-153.000000	0.955511  	0.271132  	-6.784500 
-152.000000	0.938202  	0.291721  	-6.784500 
-151.000000	0.920894  	0.312310  	-6.784500 
-150.000000	0.903585  	0.332899  	-6.784500 
-149.000000	0.886844  	0.353775  	-6.784500 
-148.000000	0.873507  	0.376378  	-6.784500 
-147.000000	0.860169  	0.398981  	-6.784500 
-146.000000	0.846832  	0.421583  	-6.784500 
-145.000000	0.833494  	0.444186  	-6.784500 
-144.000000	0.820485  	0.467078  	-6.784500 
-143.000000	0.808680  	0.491032  	-6.784500 
-142.000000	0.796875  	0.514985  	-6.784500 
-141.000000	0.785070  	0.538939  	-6.784500 
-140.000000	0.773265  	0.562892  	-6.784500 
-139.000000	0.761505  	0.587031  	-6.784500 
-138.000000	0.749859  	0.611633  	-6.784500 
-137.000000	0.738213  	0.636235  	-6.784500 
-136.000000	0.726567  	0.660837  	-6.784500 
-135.000000	0.714921  	0.685439  	-6.784500 
-134.000000	0.703052  	0.710015  	-6.784500 
-133.000000	0.690782  	0.734545  	-6.784500 
-132.000000	0.678511  	0.759074  	-6.784500 
-131.000000	0.666240  	0.783604  	-6.784500 
-130.000000	0.653970  	0.808133  	-6.784500 
-129.000000	0.641252  	0.832324  	-6.784500 
-128.000000	0.627939  	0.856063  	-6.784500 
-127.000000	0.614625  	0.879802  	-6.784500 
-126.000000	0.601312  	0.903541  	-6.784500 
-125.000000	0.587998  	0.927280  	-6.784500 
-124.000000	0.574080  	0.950276  	-6.784500 
-123.000000	0.559555  	0.972530  	-6.784500 
-122.000000	0.545031  	0.994783  	-6.784500 
-121.000000	0.530507  	1.017037  	-6.784500 
-120.000000	0.515982  	1.039291  	-6.784500 
-119.000000	0.500774  	1.060324  	-6.784500 
-118.000000	0.485054  	1.080442  	-6.784500 
-117.000000	0.469334  	1.100560  	-6.784500 
-116.000000	0.453614  	1.120679  	-6.784500 
-115.000000	0.437894  	1.140797  	-6.784500 
-114.000000	0.421505  	1.159165  	-6.784500 
-113.000000	0.404745  	1.176561  	-6.784500 
-112.000000	0.387984  	1.193957  	-6.784500 
-111.000000	0.371224  	1.211353  	-6.784500 
-110.000000	0.354464  	1.228748  	-6.784500 
-109.000000	0.337151  	1.243838  	-6.784500 
-108.000000	0.319616  	1.258006  	-6.784500 
-107.000000	0.302082  	1.272173  	-6.784500 
-106.000000	0.284548  	1.286340  	-6.784500 
-105.000000	0.267013  	1.300507  	-6.784500 
-104.000000	0.249148  	1.311815  	-6.784500 
-103.000000	0.231192  	1.322343  	-6.784500 
-102.000000	0.213236  	1.332872  	-6.784500 
-101.000000	0.195279  	1.343400  	-6.784500 
-100.000000	0.177323  	1.353928  	-6.784500 
-99.000000	0.159364  	1.361077  	-6.784500 
-98.000000	0.141404  	1.367663  	-6.784500 
-97.000000	0.123444  	1.374248  	-6.784500 
-96.000000	0.105485  	1.380834  	-6.784500 
-95.000000	0.087525  	1.387420  	-6.784500 
-94.000000	0.069993  	1.390172  	-6.784500 
-93.000000	0.052495  	1.392629  	-6.784500 
-92.000000	0.034997  	1.395086  	-6.784500 
-91.000000	0.017498  	1.397543  	-6.784500 
-90.000000	0.000000  	1.400000  	-6.784500 
-89.000000	-0.017498 	1.397543  	-6.784500 
-88.000000	-0.034997 	1.395086  	-6.784500 
-87.000000	-0.052495 	1.392629  	-6.784500 
-86.000000	-0.069993 	1.390172  	-6.784500 
-85.000000	-0.087525 	1.387420  	-6.784500 
-84.000000	-0.105485 	1.380834  	-6.784500 
-83.000000	-0.123444 	1.374248  	-6.784500 
-82.000000	-0.141404 	1.367663  	-6.784500 
-81.000000	-0.159364 	1.361077  	-6.784500 
-80.000000	-0.177323 	1.353928  	-6.784500 
-79.000000	-0.195279 	1.343400  	-6.784500 
-78.000000	-0.213236 	1.332872  	-6.784500 
-77.000000	-0.231192 	1.322343  	-6.784500 
-76.000000	-0.249148 	1.311815  	-6.784500 
-75.000000	-0.267013 	1.300507  	-6.784500 
-74.000000	-0.284548 	1.286340  	-6.784500 
-73.000000	-0.302082 	1.272173  	-6.784500 
-72.000000	-0.319616 	1.258006  	-6.784500 
-71.000000	-0.337151 	1.243838  	-6.784500 
-70.000000	-0.354464 	1.228748  	-6.784500 
-69.000000	-0.371224 	1.211353  	-6.784500 
-68.000000	-0.387984 	1.193957  	-6.784500 
-67.000000	-0.404745 	1.176561  	-6.784500 
-66.000000	-0.421505 	1.159165  	-6.784500 
-65.000000	-0.437894 	1.140797  	-6.784500 
-64.000000	-0.453614 	1.120679  	-6.784500 
-63.000000	-0.469334 	1.100560  	-6.784500 
-62.000000	-0.485054 	1.080442  	-6.784500 
-61.000000	-0.500774 	1.060324  	-6.784500 
-60.000000	-0.515982 	1.039291  	-6.784500 
-59.000000	-0.530507 	1.017037  	-6.784500 
-58.000000	-0.545031 	0.994783  	-6.784500 
-57.000000	-0.559555 	0.972530  	-6.784500 
-56.000000	-0.574080 	0.950276  	-6.784500 
-55.000000	-0.587998 	0.927280  	-6.784500 
-54.000000	-0.601312 	0.903541  	-6.784500 
-53.000000	-0.614625 	0.879802  	-6.784500 
-52.000000	-0.627939 	0.856063  	-6.784500 
-51.000000	-0.641252 	0.832324  	-6.784500 
-50.000000	-0.653970 	0.808133  	-6.784500 
-49.000000	-0.666240 	0.783604  	-6.784500 
-48.000000	-0.678511 	0.759074  	-6.784500 
-47.000000	-0.690782 	0.734545  	-6.784500 
-46.000000	-0.703052 	0.710015  	-6.784500 
-45.000000	-0.714921 	0.685439  	-6.784500 
-44.000000	-0.726567 	0.660837  	-6.784500 
-43.000000	-0.738213 	0.636235  	-6.784500 
-42.000000	-0.749859 	0.611633  	-6.784500 
-41.000000	-0.761505 	0.587031  	-6.784500 
-40.000000	-0.773265 	0.562892  	-6.784500 
-39.000000	-0.785070 	0.538939  	-6.784500 
-38.000000	-0.796875 	0.514985  	-6.784500 
-37.000000	-0.808680 	0.491032  	-6.784500 
-36.000000	-0.820485 	0.467078  	-6.784500 
-35.000000	-0.833494 	0.444186  	-6.784500 
-34.000000	-0.846832 	0.421583  	-6.784500 
-33.000000	-0.860169 	0.398981  	-6.784500 
-32.000000	-0.873507 	0.376378  	-6.784500 
-31.000000	-0.886844 	0.353775  	-6.784500 
-30.000000	-0.903585 	0.332899  	-6.784500 
-29.000000	-0.920894 	0.312310  	-6.784500 
-28.000000	-0.938202 	0.291721  	-6.784500 
-27.000000	-0.955511 	0.271132  	-6.784500 
-26.000000	-0.972819 	0.250543  	-6.784500 
-25.000000	-0.998137 	0.232385  	-6.784500 
-24.000000	-1.024070 	0.214413  	-6.784500 
-23.000000	-1.050003 	0.196442  	-6.784500 
-22.000000	-1.075937 	0.178471  	-6.784500 
-21.000000	-1.101870 	0.160500  	-6.784500 
-20.000000	-1.073700 	0.148941  	-6.784500 
-19.000000	-1.045530 	0.137382  	-6.784500 
-18.000000	-1.017360 	0.125823  	-6.784500 
-17.000000	-0.989190 	0.114264  	-6.784500 
-16.000000	-0.961020 	0.102705  	-6.784500 
-15.000000	-0.932850 	0.091145  	-6.784500 
-14.000000	-0.904680 	0.079586  	-6.784500 
-13.000000	-0.876510 	0.068027  	-6.784500 
-12.000000	-0.848340 	0.056468  	-6.784500 
-11.000000	-0.820170 	0.044909  	-5.822355 
-10.000000	-0.792000 	0.033350  	-4.138600 
-9.000000 	-0.641800 	0.026810  	-3.493500 
-8.000000 	-0.411600 	0.015530  	-2.713000 
-7.000000 	-0.218400 	0.015280  	-1.938100 
-6.000000 	-0.093800 	0.016930  	-1.395900 
-5.000000 	0.025200  	0.017520  	-0.937100 
-4.000000 	0.145400  	0.017910  	-0.676800 
-3.000000 	0.266500  	0.018200  	-0.727800 
-2.000000 	0.385400  	0.018690  	-0.801500 
-1.000000 	0.504800  	0.019110  	-0.876100 
0.000000  	0.630500  	0.019390  	-0.961600 
1.000000  	0.748300  	0.019950  	-1.051400 
2.000000  	0.865200  	0.020540  	-1.170300 
3.000000  	0.980600  	0.020960  	-1.326300 
4.000000  	1.095400  	0.021240  	-1.518800 
5.000000  	1.210100  	0.021390  	-1.781500 
6.000000  	1.321400  	0.021350  	-2.181100 
7.000000  	1.420700  	0.021220  	-2.672700 
8.000000  	1.505800  	0.021680  	-3.172600 
9.000000  	1.549900  	0.024260  	-3.599100 
10.000000 	1.546800  	0.029450  	-3.902200 
11.000000 	1.548800  	0.037270  	-4.219300 
12.000000 	1.547700  	0.047450  	-4.525900 
13.000000 	1.539800  	0.059560  	-4.794700 
14.000000 	1.524700  	0.073630  	-5.013100 
15.000000 	1.503100  	0.089270  	-5.171800 
16.000000 	1.501500  	0.102480  	-5.409000 
17.000000 	1.517300  	0.111810  	-5.724300 
18.000000 	1.545200  	0.121770  	-6.099400 
19.000000 	1.568200  	0.132090  	-6.398700 
20.000000 	1.596600  	0.141010  	-6.784300 
21.000000 	1.574100  	0.160500  	-6.784500 
22.000000 	1.537052  	0.178471  	-6.784500 
23.000000 	1.500005  	0.196442  	-6.784500 
24.000000 	1.462957  	0.214413  	-6.784500 
25.000000 	1.425909  	0.232385  	-6.784500 
26.000000 	1.389742  	0.250543  	-6.784500 
27.000000 	1.365015  	0.271132  	-6.784500 
28.000000 	1.340289  	0.291721  	-6.784500 
29.000000 	1.315563  	0.312310  	-6.784500 
30.000000 	1.290836  	0.332899  	-6.784500 
31.000000 	1.266920  	0.353775  	-6.784500 
32.000000 	1.247867  	0.376378  	-6.784500 
33.000000 	1.228813  	0.398981  	-6.784500 
34.000000 	1.209760  	0.421583  	-6.784500 
35.000000 	1.190706  	0.444186  	-6.784500 
36.000000 	1.172122  	0.467078  	-6.784500 
37.000000 	1.155257  	0.491032  	-6.784500 
38.000000 	1.138393  	0.514985  	-6.784500 
39.000000 	1.121528  	0.538939  	-6.784500 
40.000000 	1.104664  	0.562892  	-6.784500 
41.000000 	1.087864  	0.587031  	-6.784500 
42.000000 	1.071227  	0.611633  	-6.784500 
43.000000 	1.054590  	0.636235  	-6.784500 
44.000000 	1.037953  	0.660837  	-6.784500 
45.000000 	1.021316  	0.685439  	-6.784500 
46.000000 	1.004360  	0.710015  	-6.784500 
47.000000 	0.986831  	0.734545  	-6.784500 
48.000000 	0.969301  	0.759074  	-6.784500 
49.000000 	0.951772  	0.783604  	-6.784500 
50.000000 	0.934242  	0.808133  	-6.784500 
51.000000 	0.916074  	0.832324  	-6.784500 
52.000000 	0.897055  	0.856063  	-6.784500 
53.000000 	0.878036  	0.879802  	-6.784500 
54.000000 	0.859017  	0.903541  	-6.784500 
55.000000 	0.839998  	0.927280  	-6.784500 
56.000000 	0.820114  	0.950276  	-6.784500 
57.000000 	0.799365  	0.972530  	-6.784500 
58.000000 	0.778615  	0.994783  	-6.784500 
59.000000 	0.757866  	1.017037  	-6.784500 
60.000000 	0.737117  	1.039291  	-6.784500 
61.000000 	0.715392  	1.060324  	-6.784500 
62.000000 	0.692935  	1.080442  	-6.784500 
63.000000 	0.670477  	1.100560  	-6.784500 
64.000000 	0.648020  	1.120679  	-6.784500 
65.000000 	0.625563  	1.140797  	-6.784500 
66.000000 	0.602150  	1.159165  	-6.784500 
67.000000 	0.578207  	1.176561  	-6.784500 
68.000000 	0.554264  	1.193957  	-6.784500 
69.000000 	0.530320  	1.211353  	-6.784500 
70.000000 	0.506377  	1.228748  	-6.784500 
71.000000 	0.481644  	1.243838  	-6.784500 
72.000000 	0.456595  	1.258006  	-6.784500 
73.000000 	0.431546  	1.272173  	-6.784500 
74.000000 	0.406497  	1.286340  	-6.784500 
75.000000 	0.381448  	1.300507  	-6.784500 
76.000000 	0.355925  	1.311815  	-6.784500 
77.000000 	0.330274  	1.322343  	-6.784500 
78.000000 	0.304622  	1.332872  	-6.784500 
79.000000 	0.278971  	1.343400  	-6.784500 
80.000000 	0.253319  	1.353928  	-6.784500 
81.000000 	0.227663  	1.361077  	-6.784500 
82.000000 	0.202006  	1.367663  	-6.784500 
83.000000 	0.176349  	1.374248  	-6.784500 
84.000000 	0.150692  	1.380834  	-6.784500 
85.000000 	0.125035  	1.387420  	-6.784500 
86.000000 	0.099991  	1.390172  	-6.784500 
87.000000 	0.074993  	1.392629  	-6.784500 
88.000000 	0.049995  	1.395086  	-6.784500 
89.000000 	0.024998  	1.397543  	-6.784500 
90.000000 	0.000000  	1.400000  	-6.784500 
91.000000 	-0.017498 	1.397543  	-6.784500 
92.000000 	-0.034997 	1.395086  	-6.784500 
93.000000 	-0.052495 	1.392629  	-6.784500 
94.000000 	-0.069993 	1.390172  	-6.784500 
95.000000 	-0.087525 	1.387420  	-6.784500 
96.000000 	-0.105485 	1.380834  	-6.784500 
97.000000 	-0.123444 	1.374248  	-6.784500 
98.000000 	-0.141404 	1.367663  	-6.784500 
99.000000 	-0.159364 	1.361077  	-6.784500 
100.000000	-0.177323 	1.353928  	-6.784500 
101.000000	-0.195279 	1.343400  	-6.784500 
102.000000	-0.213236 	1.332872  	-6.784500 
103.000000	-0.231192 	1.322343  	-6.784500 
104.000000	-0.249148 	1.311815  	-6.784500 
105.000000	-0.267013 	1.300507  	-6.784500 
106.000000	-0.284548 	1.286340  	-6.784500 
107.000000	-0.302082 	1.272173  	-6.784500 
108.000000	-0.319616 	1.258006  	-6.784500 
109.000000	-0.337151 	1.243838  	-6.784500 
110.000000	-0.354464 	1.228748  	-6.784500 
111.000000	-0.371224 	1.211353  	-6.784500 
112.000000	-0.387984 	1.193957  	-6.784500 
113.000000	-0.404745 	1.176561  	-6.784500 
114.000000	-0.421505 	1.159165  	-6.784500 
115.000000	-0.437894 	1.140797  	-6.784500 
116.000000	-0.453614 	1.120679  	-6.784500 
117.000000	-0.469334 	1.100560  	-6.784500 
118.000000	-0.485054 	1.080442  	-6.784500 
119.000000	-0.500774 	1.060324  	-6.784500 
120.000000	-0.515982 	1.039291  	-6.784500 
121.000000	-0.530507 	1.017037  	-6.784500 
122.000000	-0.545031 	0.994783  	-6.784500 
123.000000	-0.559555 	0.972530  	-6.784500 
124.000000	-0.574080 	0.950276  	-6.784500 
125.000000	-0.587998 	0.927280  	-6.784500 
126.000000	-0.601312 	0.903541  	-6.784500 
127.000000	-0.614625 	0.879802  	-6.784500 
128.000000	-0.627939 	0.856063  	-6.784500 
129.000000	-0.641252 	0.832324  	-6.784500 
130.000000	-0.653970 	0.808133  	-6.784500 
131.000000	-0.666240 	0.783604  	-6.784500 
132.000000	-0.678511 	0.759074  	-6.784500 
133.000000	-0.690782 	0.734545  	-6.784500 
134.000000	-0.703052 	0.710015  	-6.784500 
135.000000	-0.714921 	0.685439  	-6.784500 
136.000000	-0.726567 	0.660837  	-6.784500 
137.000000	-0.738213 	0.636235  	-6.784500 
138.000000	-0.749859 	0.611633  	-6.784500 
139.000000	-0.761505 	0.587031  	-6.784500 
140.000000	-0.773265 	0.562892  	-6.784500 
141.000000	-0.785070 	0.538939  	-6.784500 
142.000000	-0.796875 	0.514985  	-6.784500 
143.000000	-0.808680 	0.491032  	-6.784500 
144.000000	-0.820485 	0.467078  	-6.784500 
145.000000	-0.833494 	0.444186  	-6.784500 
146.000000	-0.846832 	0.421583  	-6.784500 
147.000000	-0.860169 	0.398981  	-6.784500 
148.000000	-0.873507 	0.376378  	-6.784500 
149.000000	-0.886844 	0.353775  	-6.784500 
150.000000	-0.903585 	0.332899  	-6.784500 
151.000000	-0.920894 	0.312310  	-6.784500 
152.000000	-0.938202 	0.291721  	-6.784500 
153.000000	-0.955511 	0.271132  	-6.784500 
154.000000	-0.972819 	0.250543  	-6.784500 
155.000000	-0.998137 	0.232385  	-6.784500 
156.000000	-1.024070 	0.214413  	-6.784500 
157.000000	-1.050003 	0.196442  	-6.784500 
158.000000	-1.075937 	0.178471  	-6.784500 
159.000000	-1.101870 	0.160500  	-6.784500 
160.000000	-1.049400 	0.144508  	-6.784500 
161.000000	-0.996930 	0.129017  	-6.784500 
162.000000	-0.944460 	0.114028  	-6.784500 
163.000000	-0.891990 	0.100083  	-6.784500 
164.000000	-0.839520 	0.086678  	-6.784500 
165.000000	-0.787050 	0.073815  	-6.784500 
166.000000	-0.734580 	0.062068  	-6.784500 
167.000000	-0.682110 	0.050896  	-6.784500 
168.000000	-0.629640 	0.040298  	-6.784500 
169.000000	-0.577170 	0.030878  	-6.784500 
170.000000	-0.524700 	0.022060  	-6.784500 
171.000000	-0.472230 	0.013843  	-6.784500 
172.000000	-0.419760 	0.006853  	-6.784500 
173.000000	-0.367290 	0.002571  	-6.784500 
174.000000	-0.314820 	0.001000  	-6.784500 
175.000000	-0.262350 	0.001000  	-6.784500 
176.000000	-0.209880 	0.001000  	-6.784500 
177.000000	-0.157410 	0.001000  	-6.784500 
178.000000	-0.104940 	0.001000  	-6.784500 
179.000000	-0.052470 	0.001000  	-6.784500 
180.000000	0.000000  	0.001000  	-6.784500 
! ------------------------------------------------------------------------------
! data for table	2         
! ------------------------------------------------------------------------------
  0.300000  	Re           ! Reynolds number in millions
  0.000000  	UserProp     ! User property (control) setting
Flase           InclUAdata   ! Is unsteady aerodynamics data included in this table? If TRUE, then include UA coefficients below this line. Any missing coefficients will be calculated internally.
! Table of aerodynamics coefficients
  361       	NumAlf       ! Number of data lines in the following table
!Alpha      Cl          Cd          Cm/Cp
!(deg)      (-)         (-)         (-)
-180.000000	0.000000  	0.001000  	-7.684200 
-179.000000	0.049128  	0.001000  	-7.684200 
-178.000000	0.098256  	0.001000  	-7.684200 
-177.000000	0.147383  	0.001000  	-7.684200 
-176.000000	0.196511  	0.001000  	-7.684200 
-175.000000	0.245639  	0.001000  	-7.684200 
-174.000000	0.294767  	0.001000  	-7.684200 
-173.000000	0.343895  	0.001000  	-7.684200 
-172.000000	0.393023  	0.001000  	-7.684200 
-171.000000	0.442150  	0.005930  	-7.684200 
-170.000000	0.491278  	0.012593  	-7.684200 
-169.000000	0.540406  	0.021587  	-7.684200 
-168.000000	0.589534  	0.031235  	-7.684200 
-167.000000	0.638662  	0.041534  	-7.684200 
-166.000000	0.687790  	0.052922  	-7.684200 
-165.000000	0.736917  	0.064756  	-7.684200 
-164.000000	0.786045  	0.077559  	-7.684200 
-163.000000	0.835173  	0.091043  	-7.684200 
-162.000000	0.884301  	0.105037  	-7.684200 
-161.000000	0.933429  	0.120095  	-7.684200 
-160.000000	0.982557  	0.135548  	-7.684200 
-159.000000	1.031684  	0.151784  	-7.684200 
-158.000000	1.080812  	0.168691  	-7.684200 
-157.000000	1.129940  	0.185970  	-7.684200 
-156.000000	1.104065  	0.205105  	-7.684200 
-155.000000	1.078190  	0.224241  	-7.684200 
-154.000000	1.052315  	0.243376  	-7.684200 
-153.000000	1.026440  	0.262511  	-7.684200 
-152.000000	1.002144  	0.282148  	-7.684200 
-151.000000	0.983639  	0.303625  	-7.684200 
-150.000000	0.965133  	0.325102  	-7.684200 
-149.000000	0.946628  	0.346578  	-7.684200 
-148.000000	0.928123  	0.368055  	-7.684200 
-147.000000	0.911138  	0.390281  	-7.684200 
-146.000000	0.896182  	0.413507  	-7.684200 
-145.000000	0.881225  	0.436732  	-7.684200 
-144.000000	0.866269  	0.459958  	-7.684200 
-143.000000	0.851312  	0.483183  	-7.684200 
-142.000000	0.837287  	0.507122  	-7.684200 
-141.000000	0.823778  	0.531456  	-7.684200 
-140.000000	0.810269  	0.555790  	-7.684200 
-139.000000	0.796760  	0.580124  	-7.684200 
-138.000000	0.783251  	0.604458  	-7.684200 
-137.000000	0.769939  	0.629168  	-7.684200 
-136.000000	0.756660  	0.653940  	-7.684200 
-135.000000	0.743381  	0.678712  	-7.684200 
-134.000000	0.730102  	0.703484  	-7.684200 
-133.000000	0.716789  	0.728239  	-7.684200 
-132.000000	0.703033  	0.752767  	-7.684200 
-131.000000	0.689277  	0.777295  	-7.684200 
-130.000000	0.675522  	0.801824  	-7.684200 
-129.000000	0.661766  	0.826352  	-7.684200 
-128.000000	0.647766  	0.850618  	-7.684200 
-127.000000	0.633156  	0.874227  	-7.684200 
-126.000000	0.618545  	0.897837  	-7.684200 
-125.000000	0.603935  	0.921447  	-7.684200 
-124.000000	0.589325  	0.945056  	-7.684200 
-123.000000	0.574212  	0.967883  	-7.684200 
-122.000000	0.558597  	0.989926  	-7.684200 
-121.000000	0.542982  	1.011968  	-7.684200 
-120.000000	0.527367  	1.034011  	-7.684200 
-119.000000	0.511752  	1.056054  	-7.684200 
-118.000000	0.495433  	1.076546  	-7.684200 
-117.000000	0.478833  	1.096417  	-7.684200 
-116.000000	0.462233  	1.116289  	-7.684200 
-115.000000	0.445633  	1.136160  	-7.684200 
-114.000000	0.429033  	1.156032  	-7.684200 
-113.000000	0.411657  	1.173383  	-7.684200 
-112.000000	0.394221  	1.190539  	-7.684200 
-111.000000	0.376785  	1.207696  	-7.684200 
-110.000000	0.359350  	1.224853  	-7.684200 
-109.000000	0.341831  	1.241555  	-7.684200 
-108.000000	0.323812  	1.255530  	-7.684200 
-107.000000	0.305793  	1.269505  	-7.684200 
-106.000000	0.287774  	1.283480  	-7.684200 
-105.000000	0.269755  	1.297454  	-7.684200 
-104.000000	0.251646  	1.310157  	-7.684200 
-103.000000	0.233376  	1.320571  	-7.684200 
-102.000000	0.215106  	1.330985  	-7.684200 
-101.000000	0.196836  	1.341399  	-7.684200 
-100.000000	0.178565  	1.351813  	-7.684200 
-99.000000	0.160376  	1.360033  	-7.684200 
-98.000000	0.142248  	1.366607  	-7.684200 
-97.000000	0.124120  	1.373182  	-7.684200 
-96.000000	0.105992  	1.379756  	-7.684200 
-95.000000	0.087864  	1.386330  	-7.684200 
-94.000000	0.070192  	1.389752  	-7.684200 
-93.000000	0.052644  	1.392314  	-7.684200 
-92.000000	0.035096  	1.394876  	-7.684200 
-91.000000	0.017548  	1.397438  	-7.684200 
-90.000000	0.000000  	1.400000  	-7.684200 
-89.000000	-0.017548 	1.397438  	-7.684200 
-88.000000	-0.035096 	1.394876  	-7.684200 
-87.000000	-0.052644 	1.392314  	-7.684200 
-86.000000	-0.070192 	1.389752  	-7.684200 
-85.000000	-0.087864 	1.386330  	-7.684200 
-84.000000	-0.105992 	1.379756  	-7.684200 
-83.000000	-0.124120 	1.373182  	-7.684200 
-82.000000	-0.142248 	1.366607  	-7.684200 
-81.000000	-0.160376 	1.360033  	-7.684200 
-80.000000	-0.178565 	1.351813  	-7.684200 
-79.000000	-0.196836 	1.341399  	-7.684200 
-78.000000	-0.215106 	1.330985  	-7.684200 
-77.000000	-0.233376 	1.320571  	-7.684200 
-76.000000	-0.251646 	1.310157  	-7.684200 
-75.000000	-0.269755 	1.297454  	-7.684200 
-74.000000	-0.287774 	1.283480  	-7.684200 
-73.000000	-0.305793 	1.269505  	-7.684200 
-72.000000	-0.323812 	1.255530  	-7.684200 
-71.000000	-0.341831 	1.241555  	-7.684200 
-70.000000	-0.359350 	1.224853  	-7.684200 
-69.000000	-0.376785 	1.207696  	-7.684200 
-68.000000	-0.394221 	1.190539  	-7.684200 
-67.000000	-0.411657 	1.173383  	-7.684200 
-66.000000	-0.429033 	1.156032  	-7.684200 
-65.000000	-0.445633 	1.136160  	-7.684200 
-64.000000	-0.462233 	1.116289  	-7.684200 
-63.000000	-0.478833 	1.096417  	-7.684200 
-62.000000	-0.495433 	1.076546  	-7.684200 
-61.000000	-0.511752 	1.056054  	-7.684200 
-60.000000	-0.527367 	1.034011  	-7.684200 
-59.000000	-0.542982 	1.011968  	-7.684200 
-58.000000	-0.558597 	0.989926  	-7.684200 
-57.000000	-0.574212 	0.967883  	-7.684200 
-56.000000	-0.589325 	0.945056  	-7.684200 
-55.000000	-0.603935 	0.921447  	-7.684200 
-54.000000	-0.618545 	0.897837  	-7.684200 
-53.000000	-0.633156 	0.874227  	-7.684200 
-52.000000	-0.647766 	0.850618  	-7.684200 
-51.000000	-0.661766 	0.826352  	-7.684200 
-50.000000	-0.675522 	0.801824  	-7.684200 
-49.000000	-0.689277 	0.777295  	-7.684200 
-48.000000	-0.703033 	0.752767  	-7.684200 
-47.000000	-0.716789 	0.728239  	-7.684200 
-46.000000	-0.730102 	0.703484  	-7.684200 
-45.000000	-0.743381 	0.678712  	-7.684200 
-44.000000	-0.756660 	0.653940  	-7.684200 
-43.000000	-0.769939 	0.629168  	-7.684200 
-42.000000	-0.783251 	0.604458  	-7.684200 
-41.000000	-0.796760 	0.580124  	-7.684200 
-40.000000	-0.810269 	0.555790  	-7.684200 
-39.000000	-0.823778 	0.531456  	-7.684200 
-38.000000	-0.837287 	0.507122  	-7.684200 
-37.000000	-0.851312 	0.483183  	-7.684200 
-36.000000	-0.866269 	0.459958  	-7.684200 
-35.000000	-0.881225 	0.436732  	-7.684200 
-34.000000	-0.896182 	0.413507  	-7.684200 
-33.000000	-0.911138 	0.390281  	-7.684200 
-32.000000	-0.928123 	0.368055  	-7.684200 
-31.000000	-0.946628 	0.346578  	-7.684200 
-30.000000	-0.965133 	0.325102  	-7.684200 
-29.000000	-0.983639 	0.303625  	-7.684200 
-28.000000	-1.002144 	0.282148  	-7.684200 
-27.000000	-1.026440 	0.262511  	-7.684200 
-26.000000	-1.052315 	0.243376  	-7.684200 
-25.000000	-1.078190 	0.224241  	-7.684200 
-24.000000	-1.104065 	0.205105  	-7.684200 
-23.000000	-1.129940 	0.185970  	-7.684200 
-22.000000	-1.101745 	0.173928  	-7.684200 
-21.000000	-1.073549 	0.161885  	-7.684200 
-20.000000	-1.045354 	0.149843  	-7.684200 
-19.000000	-1.017158 	0.137801  	-7.684200 
-18.000000	-0.988963 	0.125758  	-7.684200 
-17.000000	-0.960768 	0.113716  	-7.684200 
-16.000000	-0.932572 	0.101674  	-7.684200 
-15.000000	-0.904377 	0.089632  	-7.684200 
-14.000000	-0.876182 	0.077589  	-7.684200 
-13.000000	-0.847986 	0.065547  	-7.684200 
-12.000000	-0.819791 	0.053505  	-7.684200 
-11.000000	-0.791595 	0.041462  	-6.071169 
-10.000000	-0.763400 	0.029420  	-4.189300 
-9.000000 	-0.604600 	0.022250  	-3.464200 
-8.000000 	-0.355900 	0.012920  	-2.589300 
-7.000000 	-0.199400 	0.012570  	-1.910600 
-6.000000 	-0.074400 	0.013100  	-1.376500 
-5.000000 	0.048300  	0.013540  	-0.914200 
-4.000000 	0.171300  	0.013770  	-0.675900 
-3.000000 	0.294700  	0.014030  	-0.747200 
-2.000000 	0.417800  	0.014380  	-0.823600 
-1.000000 	0.538600  	0.014710  	-0.901300 
0.000000  	0.661000  	0.015150  	-0.985600 
1.000000  	0.780400  	0.015570  	-1.076200 
2.000000  	0.899500  	0.016050  	-1.199300 
3.000000  	1.017100  	0.016350  	-1.362300 
4.000000  	1.131300  	0.016660  	-1.559200 
5.000000  	1.242200  	0.016940  	-1.830700 
6.000000  	1.349100  	0.017140  	-2.250900 
7.000000  	1.448200  	0.017560  	-2.748900 
8.000000  	1.525200  	0.019210  	-3.237100 
9.000000  	1.565000  	0.022720  	-3.656500 
10.000000 	1.577700  	0.027470  	-4.006000 
11.000000 	1.590400  	0.034470  	-4.379100 
12.000000 	1.597400  	0.043970  	-4.711300 
13.000000 	1.593800  	0.055620  	-5.024900 
14.000000 	1.573100  	0.069990  	-5.253100 
15.000000 	1.552400  	0.085560  	-5.401100 
16.000000 	1.540200  	0.100760  	-5.642200 
17.000000 	1.539100  	0.114710  	-5.923600 
18.000000 	1.547900  	0.127040  	-6.240400 
19.000000 	1.563500  	0.137520  	-6.565600 
20.000000 	1.597500  	0.145130  	-6.998000 
21.000000 	1.607600  	0.157960  	-7.267500 
22.000000 	1.636800  	0.165880  	-7.684200 
23.000000 	1.614200  	0.185970  	-7.633200 
24.000000 	1.577236  	0.205105  	-7.643857 
25.000000 	1.540271  	0.224241  	-7.654513 
26.000000 	1.503307  	0.243376  	-7.665170 
27.000000 	1.466343  	0.262511  	-7.675827 
28.000000 	1.431634  	0.282148  	-7.684200 
29.000000 	1.405198  	0.303625  	-7.684200 
30.000000 	1.378762  	0.325102  	-7.684200 
31.000000 	1.352326  	0.346578  	-7.684200 
32.000000 	1.325889  	0.368055  	-7.684200 
33.000000 	1.301626  	0.390281  	-7.684200 
34.000000 	1.280260  	0.413507  	-7.684200 
35.000000 	1.258893  	0.436732  	-7.684200 
36.000000 	1.237527  	0.459958  	-7.684200 
37.000000 	1.216161  	0.483183  	-7.684200 
38.000000 	1.196124  	0.507122  	-7.684200 
39.000000 	1.176825  	0.531456  	-7.684200 
40.000000 	1.157527  	0.555790  	-7.684200 
41.000000 	1.138229  	0.580124  	-7.684200 
42.000000 	1.118930  	0.604458  	-7.684200 
43.000000 	1.099913  	0.629168  	-7.684200 
44.000000 	1.080943  	0.653940  	-7.684200 
45.000000 	1.061973  	0.678712  	-7.684200 
46.000000 	1.043003  	0.703484  	-7.684200 
47.000000 	1.023984  	0.728239  	-7.684200 
48.000000 	1.004333  	0.752767  	-7.684200 
49.000000 	0.984682  	0.777295  	-7.684200 
50.000000 	0.965031  	0.801824  	-7.684200 
51.000000 	0.945380  	0.826352  	-7.684200 
52.000000 	0.925380  	0.850618  	-7.684200 
53.000000 	0.904508  	0.874227  	-7.684200 
54.000000 	0.883636  	0.897837  	-7.684200 
55.000000 	0.862764  	0.921447  	-7.684200 
56.000000 	0.841892  	0.945056  	-7.684200 
57.000000 	0.820303  	0.967883  	-7.684200 
58.000000 	0.797996  	0.989926  	-7.684200 
59.000000 	0.775688  	1.011968  	-7.684200 
60.000000 	0.753381  	1.034011  	-7.684200 
61.000000 	0.731074  	1.056054  	-7.684200 
62.000000 	0.707762  	1.076546  	-7.684200 
63.000000 	0.684047  	1.096417  	-7.684200 
64.000000 	0.660333  	1.116289  	-7.684200 
65.000000 	0.636618  	1.136160  	-7.684200 
66.000000 	0.612904  	1.156032  	-7.684200 
67.000000 	0.588081  	1.173383  	-7.684200 
68.000000 	0.563173  	1.190539  	-7.684200 
69.000000 	0.538265  	1.207696  	-7.684200 
70.000000 	0.513357  	1.224853  	-7.684200 
71.000000 	0.488330  	1.241555  	-7.684200 
72.000000 	0.462588  	1.255530  	-7.684200 
73.000000 	0.436847  	1.269505  	-7.684200 
74.000000 	0.411106  	1.283480  	-7.684200 
75.000000 	0.385364  	1.297454  	-7.684200 
76.000000 	0.359494  	1.310157  	-7.684200 
77.000000 	0.333394  	1.320571  	-7.684200 
78.000000 	0.307294  	1.330985  	-7.684200 
79.000000 	0.281194  	1.341399  	-7.684200 
80.000000 	0.255093  	1.351813  	-7.684200 
81.000000 	0.229109  	1.360033  	-7.684200 
82.000000 	0.203212  	1.366607  	-7.684200 
83.000000 	0.177315  	1.373182  	-7.684200 
84.000000 	0.151418  	1.379756  	-7.684200 
85.000000 	0.125521  	1.386330  	-7.684200 
86.000000 	0.100275  	1.389752  	-7.684200 
87.000000 	0.075206  	1.392314  	-7.684200 
88.000000 	0.050137  	1.394876  	-7.684200 
89.000000 	0.025069  	1.397438  	-7.684200 
90.000000 	0.000000  	1.400000  	-7.684200 
91.000000 	-0.017548 	1.397438  	-7.684200 
92.000000 	-0.035096 	1.394876  	-7.684200 
93.000000 	-0.052644 	1.392314  	-7.684200 
94.000000 	-0.070192 	1.389752  	-7.684200 
95.000000 	-0.087864 	1.386330  	-7.684200 
96.000000 	-0.105992 	1.379756  	-7.684200 
97.000000 	-0.124120 	1.373182  	-7.684200 
98.000000 	-0.142248 	1.366607  	-7.684200 
99.000000 	-0.160376 	1.360033  	-7.684200 
100.000000	-0.178565 	1.351813  	-7.684200 
101.000000	-0.196836 	1.341399  	-7.684200 
102.000000	-0.215106 	1.330985  	-7.684200 
103.000000	-0.233376 	1.320571  	-7.684200 
104.000000	-0.251646 	1.310157  	-7.684200 
105.000000	-0.269755 	1.297454  	-7.684200 
106.000000	-0.287774 	1.283480  	-7.684200 
107.000000	-0.305793 	1.269505  	-7.684200 
108.000000	-0.323812 	1.255530  	-7.684200 
109.000000	-0.341831 	1.241555  	-7.684200 
110.000000	-0.359350 	1.224853  	-7.684200 
111.000000	-0.376785 	1.207696  	-7.684200 
112.000000	-0.394221 	1.190539  	-7.684200 
113.000000	-0.411657 	1.173383  	-7.684200 
114.000000	-0.429033 	1.156032  	-7.684200 
115.000000	-0.445633 	1.136160  	-7.684200 
116.000000	-0.462233 	1.116289  	-7.684200 
117.000000	-0.478833 	1.096417  	-7.684200 
118.000000	-0.495433 	1.076546  	-7.684200 
119.000000	-0.511752 	1.056054  	-7.684200 
120.000000	-0.527367 	1.034011  	-7.684200 
121.000000	-0.542982 	1.011968  	-7.684200 
122.000000	-0.558597 	0.989926  	-7.684200 
123.000000	-0.574212 	0.967883  	-7.684200 
124.000000	-0.589325 	0.945056  	-7.684200 
125.000000	-0.603935 	0.921447  	-7.684200 
126.000000	-0.618545 	0.897837  	-7.684200 
127.000000	-0.633156 	0.874227  	-7.684200 
128.000000	-0.647766 	0.850618  	-7.684200 
129.000000	-0.661766 	0.826352  	-7.684200 
130.000000	-0.675522 	0.801824  	-7.684200 
131.000000	-0.689277 	0.777295  	-7.684200 
132.000000	-0.703033 	0.752767  	-7.684200 
133.000000	-0.716789 	0.728239  	-7.684200 
134.000000	-0.730102 	0.703484  	-7.684200 
135.000000	-0.743381 	0.678712  	-7.684200 
136.000000	-0.756660 	0.653940  	-7.684200 
137.000000	-0.769939 	0.629168  	-7.684200 
138.000000	-0.783251 	0.604458  	-7.684200 
139.000000	-0.796760 	0.580124  	-7.684200 
140.000000	-0.810269 	0.555790  	-7.684200 
141.000000	-0.823778 	0.531456  	-7.684200 
142.000000	-0.837287 	0.507122  	-7.684200 
143.000000	-0.851312 	0.483183  	-7.684200 
144.000000	-0.866269 	0.459958  	-7.684200 
145.000000	-0.881225 	0.436732  	-7.684200 
146.000000	-0.896182 	0.413507  	-7.684200 
147.000000	-0.911138 	0.390281  	-7.684200 
148.000000	-0.928123 	0.368055  	-7.684200 
149.000000	-0.946628 	0.346578  	-7.684200 
150.000000	-0.965133 	0.325102  	-7.684200 
151.000000	-0.983639 	0.303625  	-7.684200 
152.000000	-1.002144 	0.282148  	-7.684200 
153.000000	-1.026440 	0.262511  	-7.684200 
154.000000	-1.052315 	0.243376  	-7.684200 
155.000000	-1.078190 	0.224241  	-7.684200 
156.000000	-1.104065 	0.205105  	-7.684200 
157.000000	-1.129940 	0.185970  	-7.684200 
158.000000	-1.080812 	0.168691  	-7.684200 
159.000000	-1.031684 	0.151784  	-7.684200 
160.000000	-0.982557 	0.135548  	-7.684200 
161.000000	-0.933429 	0.120095  	-7.684200 
162.000000	-0.884301 	0.105037  	-7.684200 
163.000000	-0.835173 	0.091043  	-7.684200 
164.000000	-0.786045 	0.077559  	-7.684200 
165.000000	-0.736917 	0.064756  	-7.684200 
166.000000	-0.687790 	0.052922  	-7.684200 
167.000000	-0.638662 	0.041534  	-7.684200 
168.000000	-0.589534 	0.031235  	-7.684200 
169.000000	-0.540406 	0.021587  	-7.684200 
170.000000	-0.491278 	0.012593  	-7.684200 
171.000000	-0.442150 	0.005930  	-7.684200 
172.000000	-0.393023 	0.001000  	-7.684200 
173.000000	-0.343895 	0.001000  	-7.684200 
174.000000	-0.294767 	0.001000  	-7.684200 
175.000000	-0.245639 	0.001000  	-7.684200 
176.000000	-0.196511 	0.001000  	-7.684200 
177.000000	-0.147383 	0.001000  	-7.684200 
178.000000	-0.098256 	0.001000  	-7.684200 
179.000000	-0.049128 	0.001000  	-7.684200 
180.000000	0.000000  	0.001000  	-7.684200 
! ------------------------------------------------------------------------------
! data for table	3         
! ------------------------------------------------------------------------------
  0.400000  	Re           ! Reynolds number in millions
  0.000000  	UserProp     ! User property (control) setting
Flase           InclUAdata   ! Is unsteady aerodynamics data included in this table? If TRUE, then include UA coefficients below this line. Any missing coefficients will be calculated internally.
! Table of aerodynamics coefficients
  361       	NumAlf       ! Number of data lines in the following table
!Alpha      Cl          Cd          Cm/Cp
!(deg)      (-)         (-)         (-)
-180.000000	0.000000  	0.001000  	-8.309500 
-179.000000	0.048204  	0.001000  	-8.309500 
-178.000000	0.096408  	0.001000  	-8.309500 
-177.000000	0.144611  	0.001000  	-8.309500 
-176.000000	0.192815  	0.001000  	-8.309500 
-175.000000	0.241019  	0.001000  	-8.309500 
-174.000000	0.289222  	0.001000  	-8.309500 
-173.000000	0.337426  	0.001000  	-8.309500 
-172.000000	0.385630  	0.001000  	-8.309500 
-171.000000	0.433834  	0.001866  	-8.309500 
-170.000000	0.482038  	0.003886  	-8.309500 
-169.000000	0.530241  	0.011179  	-8.309500 
-168.000000	0.578445  	0.020582  	-8.309500 
-167.000000	0.626649  	0.031341  	-8.309500 
-166.000000	0.674853  	0.042476  	-8.309500 
-165.000000	0.723056  	0.054553  	-8.309500 
-164.000000	0.771260  	0.067359  	-8.309500 
-163.000000	0.819464  	0.080711  	-8.309500 
-162.000000	0.867667  	0.095116  	-8.309500 
-161.000000	0.915871  	0.109864  	-8.309500 
-160.000000	0.964075  	0.125621  	-8.309500 
-159.000000	1.012279  	0.141858  	-8.309500 
-158.000000	1.060482  	0.158736  	-8.309500 
-157.000000	1.108686  	0.176371  	-8.309500 
-156.000000	1.156890  	0.194310  	-8.309500 
-155.000000	1.130288  	0.214045  	-8.309500 
-154.000000	1.103686  	0.233780  	-8.309500 
-153.000000	1.077084  	0.253515  	-8.309500 
-152.000000	1.050482  	0.273250  	-8.309500 
-151.000000	1.025879  	0.293617  	-8.309500 
-150.000000	1.006272  	0.315564  	-8.309500 
-149.000000	0.986665  	0.337510  	-8.309500 
-148.000000	0.967059  	0.359456  	-8.309500 
-147.000000	0.947452  	0.381403  	-8.309500 
-146.000000	0.929826  	0.404278  	-8.309500 
-145.000000	0.913686  	0.427850  	-8.309500 
-144.000000	0.897546  	0.451422  	-8.309500 
-143.000000	0.881406  	0.474994  	-8.309500 
-142.000000	0.865266  	0.498566  	-8.309500 
-141.000000	0.850398  	0.522993  	-8.309500 
-140.000000	0.835742  	0.547562  	-8.309500 
-139.000000	0.821086  	0.572131  	-8.309500 
-138.000000	0.806430  	0.596700  	-8.309500 
-137.000000	0.791820  	0.621318  	-8.309500 
-136.000000	0.777484  	0.646230  	-8.309500 
-135.000000	0.763148  	0.671142  	-8.309500 
-134.000000	0.748812  	0.696054  	-8.309500 
-133.000000	0.734476  	0.720966  	-8.309500 
-132.000000	0.719986  	0.745741  	-8.309500 
-131.000000	0.705289  	0.770333  	-8.309500 
-130.000000	0.690593  	0.794925  	-8.309500 
-129.000000	0.675896  	0.819517  	-8.309500 
-128.000000	0.661200  	0.844109  	-8.309500 
-127.000000	0.645984  	0.868005  	-8.309500 
-126.000000	0.630560  	0.891624  	-8.309500 
-125.000000	0.615136  	0.915242  	-8.309500 
-124.000000	0.599713  	0.938861  	-8.309500 
-123.000000	0.584289  	0.962479  	-8.309500 
-122.000000	0.567992  	0.984497  	-8.309500 
-121.000000	0.551696  	1.006516  	-8.309500 
-120.000000	0.535399  	1.028535  	-8.309500 
-119.000000	0.519102  	1.050553  	-8.309500 
-118.000000	0.502561  	1.071948  	-8.309500 
-117.000000	0.485410  	1.091784  	-8.309500 
-116.000000	0.468258  	1.111620  	-8.309500 
-115.000000	0.451106  	1.131457  	-8.309500 
-114.000000	0.433954  	1.151293  	-8.309500 
-113.000000	0.416396  	1.169583  	-8.309500 
-112.000000	0.398534  	1.186714  	-8.309500 
-111.000000	0.380671  	1.203845  	-8.309500 
-110.000000	0.362809  	1.220976  	-8.309500 
-109.000000	0.344946  	1.238106  	-8.309500 
-108.000000	0.326683  	1.252533  	-8.309500 
-107.000000	0.308354  	1.266509  	-8.309500 
-106.000000	0.290024  	1.280485  	-8.309500 
-105.000000	0.271694  	1.294461  	-8.309500 
-104.000000	0.253344  	1.307935  	-8.309500 
-103.000000	0.234868  	1.318392  	-8.309500 
-102.000000	0.216392  	1.328850  	-8.309500 
-101.000000	0.197916  	1.339307  	-8.309500 
-100.000000	0.179441  	1.349765  	-8.309500 
-99.000000	0.161066  	1.358600  	-8.309500 
-98.000000	0.142824  	1.365270  	-8.309500 
-97.000000	0.124583  	1.371941  	-8.309500 
-96.000000	0.106342  	1.378611  	-8.309500 
-95.000000	0.088101  	1.385282  	-8.309500 
-94.000000	0.070330  	1.389129  	-8.309500 
-93.000000	0.052748  	1.391847  	-8.309500 
-92.000000	0.035165  	1.394565  	-8.309500 
-91.000000	0.017583  	1.397282  	-8.309500 
-90.000000	0.000000  	1.400000  	-8.309500 
-89.000000	-0.017583 	1.397282  	-8.309500 
-88.000000	-0.035165 	1.394565  	-8.309500 
-87.000000	-0.052748 	1.391847  	-8.309500 
-86.000000	-0.070330 	1.389129  	-8.309500 
-85.000000	-0.088101 	1.385282  	-8.309500 
-84.000000	-0.106342 	1.378611  	-8.309500 
-83.000000	-0.124583 	1.371941  	-8.309500 
-82.000000	-0.142824 	1.365270  	-8.309500 
-81.000000	-0.161066 	1.358600  	-8.309500 
-80.000000	-0.179441 	1.349765  	-8.309500 
-79.000000	-0.197916 	1.339307  	-8.309500 
-78.000000	-0.216392 	1.328850  	-8.309500 
-77.000000	-0.234868 	1.318392  	-8.309500 
-76.000000	-0.253344 	1.307935  	-8.309500 
-75.000000	-0.271694 	1.294461  	-8.309500 
-74.000000	-0.290024 	1.280485  	-8.309500 
-73.000000	-0.308354 	1.266509  	-8.309500 
-72.000000	-0.326683 	1.252533  	-8.309500 
-71.000000	-0.344946 	1.238106  	-8.309500 
-70.000000	-0.362809 	1.220976  	-8.309500 
-69.000000	-0.380671 	1.203845  	-8.309500 
-68.000000	-0.398534 	1.186714  	-8.309500 
-67.000000	-0.416396 	1.169583  	-8.309500 
-66.000000	-0.433954 	1.151293  	-8.309500 
-65.000000	-0.451106 	1.131457  	-8.309500 
-64.000000	-0.468258 	1.111620  	-8.309500 
-63.000000	-0.485410 	1.091784  	-8.309500 
-62.000000	-0.502561 	1.071948  	-8.309500 
-61.000000	-0.519102 	1.050553  	-8.309500 
-60.000000	-0.535399 	1.028535  	-8.309500 
-59.000000	-0.551696 	1.006516  	-8.309500 
-58.000000	-0.567992 	0.984497  	-8.309500 
-57.000000	-0.584289 	0.962479  	-8.309500 
-56.000000	-0.599713 	0.938861  	-8.309500 
-55.000000	-0.615136 	0.915242  	-8.309500 
-54.000000	-0.630560 	0.891624  	-8.309500 
-53.000000	-0.645984 	0.868005  	-8.309500 
-52.000000	-0.661200 	0.844109  	-8.309500 
-51.000000	-0.675896 	0.819517  	-8.309500 
-50.000000	-0.690593 	0.794925  	-8.309500 
-49.000000	-0.705289 	0.770333  	-8.309500 
-48.000000	-0.719986 	0.745741  	-8.309500 
-47.000000	-0.734476 	0.720966  	-8.309500 
-46.000000	-0.748812 	0.696054  	-8.309500 
-45.000000	-0.763148 	0.671142  	-8.309500 
-44.000000	-0.777484 	0.646230  	-8.309500 
-43.000000	-0.791820 	0.621318  	-8.309500 
-42.000000	-0.806430 	0.596700  	-8.309500 
-41.000000	-0.821086 	0.572131  	-8.309500 
-40.000000	-0.835742 	0.547562  	-8.309500 
-39.000000	-0.850398 	0.522993  	-8.309500 
-38.000000	-0.865266 	0.498566  	-8.309500 
-37.000000	-0.881406 	0.474994  	-8.309500 
-36.000000	-0.897546 	0.451422  	-8.309500 
-35.000000	-0.913686 	0.427850  	-8.309500 
-34.000000	-0.929826 	0.404278  	-8.309500 
-33.000000	-0.947452 	0.381403  	-8.309500 
-32.000000	-0.967059 	0.359456  	-8.309500 
-31.000000	-0.986665 	0.337510  	-8.309500 
-30.000000	-1.006272 	0.315564  	-8.309500 
-29.000000	-1.025879 	0.293617  	-8.309500 
-28.000000	-1.050482 	0.273250  	-8.309500 
-27.000000	-1.077084 	0.253515  	-8.309500 
-26.000000	-1.103686 	0.233780  	-8.309500 
-25.000000	-1.130288 	0.214045  	-8.309500 
-24.000000	-1.156890 	0.194310  	-8.309500 
-23.000000	-1.127926 	0.182322  	-8.309500 
-22.000000	-1.098963 	0.170334  	-8.309500 
-21.000000	-1.069999 	0.158346  	-8.309500 
-20.000000	-1.041036 	0.146359  	-8.309500 
-19.000000	-1.012072 	0.134371  	-8.309500 
-18.000000	-0.983109 	0.122383  	-8.309500 
-17.000000	-0.954145 	0.110395  	-8.309500 
-16.000000	-0.925181 	0.098407  	-8.309500 
-15.000000	-0.896218 	0.086419  	-8.309500 
-14.000000	-0.867254 	0.074431  	-8.309500 
-13.000000	-0.838291 	0.062444  	-8.309500 
-12.000000	-0.809327 	0.050456  	-8.309500 
-11.000000	-0.780364 	0.038468  	-6.270000 
-10.000000	-0.751400 	0.026480  	-4.230500 
-9.000000 	-0.570900 	0.019500  	-3.420200 
-8.000000 	-0.333400 	0.012120  	-2.542800 
-7.000000 	-0.196300 	0.011430  	-1.913800 
-6.000000 	-0.069800 	0.011510  	-1.376500 
-5.000000 	0.055400  	0.011840  	-0.908000 
-4.000000 	0.179300  	0.012000  	-0.682300 
-3.000000 	0.302900  	0.012220  	-0.753900 
-2.000000 	0.425400  	0.012490  	-0.830800 
-1.000000 	0.548000  	0.012760  	-0.910100 
0.000000  	0.669300  	0.013110  	-0.993400 
1.000000  	0.790800  	0.013500  	-1.085500 
2.000000  	0.909000  	0.013840  	-1.207900 
3.000000  	1.025400  	0.014130  	-1.371400 
4.000000  	1.140500  	0.014450  	-1.570700 
5.000000  	1.252800  	0.014750  	-1.848900 
6.000000  	1.359600  	0.015080  	-2.280500 
7.000000  	1.457300  	0.015930  	-2.777500 
8.000000  	1.531200  	0.018300  	-3.261900 
9.000000  	1.579300  	0.021700  	-3.709500 
10.000000 	1.601700  	0.025870  	-4.091500 
11.000000 	1.621400  	0.032070  	-4.494500 
12.000000 	1.632200  	0.040940  	-4.847000 
13.000000 	1.627700  	0.052480  	-5.165600 
14.000000 	1.609300  	0.066430  	-5.412300 
15.000000 	1.594800  	0.080960  	-5.613000 
16.000000 	1.579200  	0.096480  	-5.861300 
17.000000 	1.570000  	0.111710  	-6.122300 
18.000000 	1.566300  	0.126420  	-6.392900 
19.000000 	1.571800  	0.139500  	-6.687800 
20.000000 	1.584400  	0.150860  	-6.998000 
21.000000 	1.610500  	0.159900  	-7.416300 
22.000000 	1.620300  	0.172810  	-7.695800 
23.000000 	1.635900  	0.184010  	-7.977400 
24.000000 	1.652700  	0.194310  	-8.309500 
25.000000 	1.614697  	0.214045  	-8.309500 
26.000000 	1.576694  	0.233780  	-8.309500 
27.000000 	1.538691  	0.253515  	-8.309500 
28.000000 	1.500689  	0.273250  	-8.309500 
29.000000 	1.465541  	0.293617  	-8.309500 
30.000000 	1.437531  	0.315564  	-8.309500 
31.000000 	1.409522  	0.337510  	-8.309500 
32.000000 	1.381512  	0.359456  	-8.309500 
33.000000 	1.353503  	0.381403  	-8.309500 
34.000000 	1.328323  	0.404278  	-8.309500 
35.000000 	1.305266  	0.427850  	-8.309500 
36.000000 	1.282208  	0.451422  	-8.309500 
37.000000 	1.259151  	0.474994  	-8.309500 
38.000000 	1.236094  	0.498566  	-8.309500 
39.000000 	1.214854  	0.522993  	-8.309500 
40.000000 	1.193917  	0.547562  	-8.309500 
41.000000 	1.172980  	0.572131  	-8.309500 
42.000000 	1.152043  	0.596700  	-8.309500 
43.000000 	1.131172  	0.621318  	-8.309500 
44.000000 	1.110692  	0.646230  	-8.309500 
45.000000 	1.090212  	0.671142  	-8.309500 
46.000000 	1.069732  	0.696054  	-8.309500 
47.000000 	1.049252  	0.720966  	-8.309500 
48.000000 	1.028551  	0.745741  	-8.309500 
49.000000 	1.007556  	0.770333  	-8.309500 
50.000000 	0.986561  	0.794925  	-8.309500 
51.000000 	0.965566  	0.819517  	-8.309500 
52.000000 	0.944571  	0.844109  	-8.309500 
53.000000 	0.922834  	0.868005  	-8.309500 
54.000000 	0.900800  	0.891624  	-8.309500 
55.000000 	0.878766  	0.915242  	-8.309500 
56.000000 	0.856732  	0.938861  	-8.309500 
57.000000 	0.834698  	0.962479  	-8.309500 
58.000000 	0.811417  	0.984497  	-8.309500 
59.000000 	0.788137  	1.006516  	-8.309500 
60.000000 	0.764856  	1.028535  	-8.309500 
61.000000 	0.741575  	1.050553  	-8.309500 
62.000000 	0.717945  	1.071948  	-8.309500 
63.000000 	0.693442  	1.091784  	-8.309500 
64.000000 	0.668940  	1.111620  	-8.309500 
65.000000 	0.644437  	1.131457  	-8.309500 
66.000000 	0.619935  	1.151293  	-8.309500 
67.000000 	0.594852  	1.169583  	-8.309500 
68.000000 	0.569334  	1.186714  	-8.309500 
69.000000 	0.543816  	1.203845  	-8.309500 
70.000000 	0.518298  	1.220976  	-8.309500 
71.000000 	0.492781  	1.238106  	-8.309500 
72.000000 	0.466691  	1.252533  	-8.309500 
73.000000 	0.440505  	1.266509  	-8.309500 
74.000000 	0.414320  	1.280485  	-8.309500 
75.000000 	0.388135  	1.294461  	-8.309500 
76.000000 	0.361919  	1.307935  	-8.309500 
77.000000 	0.335526  	1.318392  	-8.309500 
78.000000 	0.309132  	1.328850  	-8.309500 
79.000000 	0.282738  	1.339307  	-8.309500 
80.000000 	0.256344  	1.349765  	-8.309500 
81.000000 	0.230094  	1.358600  	-8.309500 
82.000000 	0.204035  	1.365270  	-8.309500 
83.000000 	0.177976  	1.371941  	-8.309500 
84.000000 	0.151917  	1.378611  	-8.309500 
85.000000 	0.125859  	1.385282  	-8.309500 
86.000000 	0.100472  	1.389129  	-8.309500 
87.000000 	0.075354  	1.391847  	-8.309500 
88.000000 	0.050236  	1.394565  	-8.309500 
89.000000 	0.025118  	1.397282  	-8.309500 
90.000000 	0.000000  	1.400000  	-8.309500 
91.000000 	-0.017583 	1.397282  	-8.309500 
92.000000 	-0.035165 	1.394565  	-8.309500 
93.000000 	-0.052748 	1.391847  	-8.309500 
94.000000 	-0.070330 	1.389129  	-8.309500 
95.000000 	-0.088101 	1.385282  	-8.309500 
96.000000 	-0.106342 	1.378611  	-8.309500 
97.000000 	-0.124583 	1.371941  	-8.309500 
98.000000 	-0.142824 	1.365270  	-8.309500 
99.000000 	-0.161066 	1.358600  	-8.309500 
100.000000	-0.179441 	1.349765  	-8.309500 
101.000000	-0.197916 	1.339307  	-8.309500 
102.000000	-0.216392 	1.328850  	-8.309500 
103.000000	-0.234868 	1.318392  	-8.309500 
104.000000	-0.253344 	1.307935  	-8.309500 
105.000000	-0.271694 	1.294461  	-8.309500 
106.000000	-0.290024 	1.280485  	-8.309500 
107.000000	-0.308354 	1.266509  	-8.309500 
108.000000	-0.326683 	1.252533  	-8.309500 
109.000000	-0.344946 	1.238106  	-8.309500 
110.000000	-0.362809 	1.220976  	-8.309500 
111.000000	-0.380671 	1.203845  	-8.309500 
112.000000	-0.398534 	1.186714  	-8.309500 
113.000000	-0.416396 	1.169583  	-8.309500 
114.000000	-0.433954 	1.151293  	-8.309500 
115.000000	-0.451106 	1.131457  	-8.309500 
116.000000	-0.468258 	1.111620  	-8.309500 
117.000000	-0.485410 	1.091784  	-8.309500 
118.000000	-0.502561 	1.071948  	-8.309500 
119.000000	-0.519102 	1.050553  	-8.309500 
120.000000	-0.535399 	1.028535  	-8.309500 
121.000000	-0.551696 	1.006516  	-8.309500 
122.000000	-0.567992 	0.984497  	-8.309500 
123.000000	-0.584289 	0.962479  	-8.309500 
124.000000	-0.599713 	0.938861  	-8.309500 
125.000000	-0.615136 	0.915242  	-8.309500 
126.000000	-0.630560 	0.891624  	-8.309500 
127.000000	-0.645984 	0.868005  	-8.309500 
128.000000	-0.661200 	0.844109  	-8.309500 
129.000000	-0.675896 	0.819517  	-8.309500 
130.000000	-0.690593 	0.794925  	-8.309500 
131.000000	-0.705289 	0.770333  	-8.309500 
132.000000	-0.719986 	0.745741  	-8.309500 
133.000000	-0.734476 	0.720966  	-8.309500 
134.000000	-0.748812 	0.696054  	-8.309500 
135.000000	-0.763148 	0.671142  	-8.309500 
136.000000	-0.777484 	0.646230  	-8.309500 
137.000000	-0.791820 	0.621318  	-8.309500 
138.000000	-0.806430 	0.596700  	-8.309500 
139.000000	-0.821086 	0.572131  	-8.309500 
140.000000	-0.835742 	0.547562  	-8.309500 
141.000000	-0.850398 	0.522993  	-8.309500 
142.000000	-0.865266 	0.498566  	-8.309500 
143.000000	-0.881406 	0.474994  	-8.309500 
144.000000	-0.897546 	0.451422  	-8.309500 
145.000000	-0.913686 	0.427850  	-8.309500 
146.000000	-0.929826 	0.404278  	-8.309500 
147.000000	-0.947452 	0.381403  	-8.309500 
148.000000	-0.967059 	0.359456  	-8.309500 
149.000000	-0.986665 	0.337510  	-8.309500 
150.000000	-1.006272 	0.315564  	-8.309500 
151.000000	-1.025879 	0.293617  	-8.309500 
152.000000	-1.050482 	0.273250  	-8.309500 
153.000000	-1.077084 	0.253515  	-8.309500 
154.000000	-1.103686 	0.233780  	-8.309500 
155.000000	-1.130288 	0.214045  	-8.309500 
156.000000	-1.156890 	0.194310  	-8.309500 
157.000000	-1.108686 	0.176371  	-8.309500 
158.000000	-1.060482 	0.158736  	-8.309500 
159.000000	-1.012279 	0.141858  	-8.309500 
160.000000	-0.964075 	0.125621  	-8.309500 
161.000000	-0.915871 	0.109864  	-8.309500 
162.000000	-0.867667 	0.095116  	-8.309500 
163.000000	-0.819464 	0.080711  	-8.309500 
164.000000	-0.771260 	0.067359  	-8.309500 
165.000000	-0.723056 	0.054553  	-8.309500 
166.000000	-0.674853 	0.042476  	-8.309500 
167.000000	-0.626649 	0.031341  	-8.309500 
168.000000	-0.578445 	0.020582  	-8.309500 
169.000000	-0.530241 	0.011179  	-8.309500 
170.000000	-0.482038 	0.003886  	-8.309500 
171.000000	-0.433834 	0.001866  	-8.309500 
172.000000	-0.385630 	0.001000  	-8.309500 
173.000000	-0.337426 	0.001000  	-8.309500 
174.000000	-0.289222 	0.001000  	-8.309500 
175.000000	-0.241019 	0.001000  	-8.309500 
176.000000	-0.192815 	0.001000  	-8.309500 
177.000000	-0.144611 	0.001000  	-8.309500 
178.000000	-0.096408 	0.001000  	-8.309500 
179.000000	-0.048204 	0.001000  	-8.309500 
180.000000	0.000000  	0.001000  	-8.309500 
! ------------------------------------------------------------------------------
! data for table	4         
! ------------------------------------------------------------------------------
  0.500000  	Re           ! Reynolds number in millions
  0.000000  	UserProp     ! User property (control) setting
Flase           InclUAdata   ! Is unsteady aerodynamics data included in this table? If TRUE, then include UA coefficients below this line. Any missing coefficients will be calculated internally.
! Table of aerodynamics coefficients
  361       	NumAlf       ! Number of data lines in the following table
!Alpha      Cl          Cd          Cm/Cp
!(deg)      (-)         (-)         (-)
-180.000000	0.000000  	0.001000  	-8.221000 
-179.000000	0.045228  	0.001000  	-8.221000 
-178.000000	0.090457  	0.001000  	-8.221000 
-177.000000	0.135685  	0.001000  	-8.221000 
-176.000000	0.180914  	0.001000  	-8.221000 
-175.000000	0.226142  	0.001000  	-8.221000 
-174.000000	0.271370  	0.001000  	-8.221000 
-173.000000	0.316599  	0.001000  	-8.221000 
-172.000000	0.361827  	0.001263  	-8.221000 
-171.000000	0.407056  	0.002141  	-8.221000 
-170.000000	0.452284  	0.010451  	-8.221000 
-169.000000	0.497512  	0.019170  	-8.221000 
-168.000000	0.542741  	0.028914  	-8.221000 
-167.000000	0.587969  	0.039357  	-8.221000 
-166.000000	0.633198  	0.050499  	-8.221000 
-165.000000	0.678426  	0.062607  	-8.221000 
-164.000000	0.723654  	0.075103  	-8.221000 
-163.000000	0.768883  	0.088812  	-8.221000 
-162.000000	0.814111  	0.102793  	-8.221000 
-161.000000	0.859340  	0.117848  	-8.221000 
-160.000000	0.904568  	0.133330  	-8.221000 
-159.000000	0.949796  	0.149580  	-8.221000 
-158.000000	0.995025  	0.166478  	-8.221000 
-157.000000	1.040253  	0.183861  	-8.221000 
-156.000000	1.085482  	0.202081  	-8.221000 
-155.000000	1.130710  	0.220530  	-8.221000 
-154.000000	1.105749  	0.240697  	-8.221000 
-153.000000	1.080789  	0.260864  	-8.221000 
-152.000000	1.055828  	0.281031  	-8.221000 
-151.000000	1.030867  	0.301198  	-8.221000 
-150.000000	1.008074  	0.322100  	-8.221000 
-149.000000	0.989181  	0.344325  	-8.221000 
-148.000000	0.970289  	0.366550  	-8.221000 
-147.000000	0.951396  	0.388775  	-8.221000 
-146.000000	0.932503  	0.411000  	-8.221000 
-145.000000	0.915757  	0.434284  	-8.221000 
-144.000000	0.899869  	0.457991  	-8.221000 
-143.000000	0.883981  	0.481697  	-8.221000 
-142.000000	0.868092  	0.505404  	-8.221000 
-141.000000	0.852294  	0.529173  	-8.221000 
-140.000000	0.837653  	0.553747  	-8.221000 
-139.000000	0.823013  	0.578321  	-8.221000 
-138.000000	0.808373  	0.602894  	-8.221000 
-137.000000	0.793733  	0.627468  	-8.221000 
-136.000000	0.779181  	0.652141  	-8.221000 
-135.000000	0.764746  	0.676945  	-8.221000 
-134.000000	0.750310  	0.701749  	-8.221000 
-133.000000	0.735875  	0.726553  	-8.221000 
-132.000000	0.721439  	0.751357  	-8.221000 
-131.000000	0.706684  	0.775837  	-8.221000 
-130.000000	0.691842  	0.800230  	-8.221000 
-129.000000	0.676999  	0.824622  	-8.221000 
-128.000000	0.662157  	0.849015  	-8.221000 
-127.000000	0.647209  	0.873258  	-8.221000 
-126.000000	0.631634  	0.896608  	-8.221000 
-125.000000	0.616059  	0.919958  	-8.221000 
-124.000000	0.600483  	0.943308  	-8.221000 
-123.000000	0.584908  	0.966658  	-8.221000 
-122.000000	0.568905  	0.989185  	-8.221000 
-121.000000	0.552474  	1.010890  	-8.221000 
-120.000000	0.536043  	1.032595  	-8.221000 
-119.000000	0.519612  	1.054300  	-8.221000 
-118.000000	0.503182  	1.076004  	-8.221000 
-117.000000	0.486043  	1.095820  	-8.221000 
-116.000000	0.468787  	1.115320  	-8.221000 
-115.000000	0.451530  	1.134820  	-8.221000 
-114.000000	0.434274  	1.154321  	-8.221000 
-113.000000	0.416872  	1.173242  	-8.221000 
-112.000000	0.398938  	1.190037  	-8.221000 
-111.000000	0.381004  	1.206832  	-8.221000 
-110.000000	0.363070  	1.223627  	-8.221000 
-109.000000	0.345137  	1.240422  	-8.221000 
-108.000000	0.326954  	1.255425  	-8.221000 
-107.000000	0.308584  	1.269085  	-8.221000 
-106.000000	0.290214  	1.282745  	-8.221000 
-105.000000	0.271844  	1.296405  	-8.221000 
-104.000000	0.253474  	1.310065  	-8.221000 
-103.000000	0.234992  	1.320491  	-8.221000 
-102.000000	0.216501  	1.330669  	-8.221000 
-101.000000	0.198010  	1.340846  	-8.221000 
-100.000000	0.179519  	1.351024  	-8.221000 
-99.000000	0.161100  	1.360134  	-8.221000 
-98.000000	0.142858  	1.366573  	-8.221000 
-97.000000	0.124617  	1.373012  	-8.221000 
-96.000000	0.106376  	1.379452  	-8.221000 
-95.000000	0.088135  	1.385891  	-8.221000 
-94.000000	0.070319  	1.389826  	-8.221000 
-93.000000	0.052739  	1.392369  	-8.221000 
-92.000000	0.035159  	1.394913  	-8.221000 
-91.000000	0.017580  	1.397456  	-8.221000 
-90.000000	0.000000  	1.400000  	-8.221000 
-89.000000	-0.017580 	1.397456  	-8.221000 
-88.000000	-0.035159 	1.394913  	-8.221000 
-87.000000	-0.052739 	1.392369  	-8.221000 
-86.000000	-0.070319 	1.389826  	-8.221000 
-85.000000	-0.088135 	1.385891  	-8.221000 
-84.000000	-0.106376 	1.379452  	-8.221000 
-83.000000	-0.124617 	1.373012  	-8.221000 
-82.000000	-0.142858 	1.366573  	-8.221000 
-81.000000	-0.161100 	1.360134  	-8.221000 
-80.000000	-0.179519 	1.351024  	-8.221000 
-79.000000	-0.198010 	1.340846  	-8.221000 
-78.000000	-0.216501 	1.330669  	-8.221000 
-77.000000	-0.234992 	1.320491  	-8.221000 
-76.000000	-0.253474 	1.310065  	-8.221000 
-75.000000	-0.271844 	1.296405  	-8.221000 
-74.000000	-0.290214 	1.282745  	-8.221000 
-73.000000	-0.308584 	1.269085  	-8.221000 
-72.000000	-0.326954 	1.255425  	-8.221000 
-71.000000	-0.345137 	1.240422  	-8.221000 
-70.000000	-0.363070 	1.223627  	-8.221000 
-69.000000	-0.381004 	1.206832  	-8.221000 
-68.000000	-0.398938 	1.190037  	-8.221000 
-67.000000	-0.416872 	1.173242  	-8.221000 
-66.000000	-0.434274 	1.154321  	-8.221000 
-65.000000	-0.451530 	1.134820  	-8.221000 
-64.000000	-0.468787 	1.115320  	-8.221000 
-63.000000	-0.486043 	1.095820  	-8.221000 
-62.000000	-0.503182 	1.076004  	-8.221000 
-61.000000	-0.519612 	1.054300  	-8.221000 
-60.000000	-0.536043 	1.032595  	-8.221000 
-59.000000	-0.552474 	1.010890  	-8.221000 
-58.000000	-0.568905 	0.989185  	-8.221000 
-57.000000	-0.584908 	0.966658  	-8.221000 
-56.000000	-0.600483 	0.943308  	-8.221000 
-55.000000	-0.616059 	0.919958  	-8.221000 
-54.000000	-0.631634 	0.896608  	-8.221000 
-53.000000	-0.647209 	0.873258  	-8.221000 
-52.000000	-0.662157 	0.849015  	-8.221000 
-51.000000	-0.676999 	0.824622  	-8.221000 
-50.000000	-0.691842 	0.800230  	-8.221000 
-49.000000	-0.706684 	0.775837  	-8.221000 
-48.000000	-0.721439 	0.751357  	-8.221000 
-47.000000	-0.735875 	0.726553  	-8.221000 
-46.000000	-0.750310 	0.701749  	-8.221000 
-45.000000	-0.764746 	0.676945  	-8.221000 
-44.000000	-0.779181 	0.652141  	-8.221000 
-43.000000	-0.793733 	0.627468  	-8.221000 
-42.000000	-0.808373 	0.602894  	-8.221000 
-41.000000	-0.823013 	0.578321  	-8.221000 
-40.000000	-0.837653 	0.553747  	-8.221000 
-39.000000	-0.852294 	0.529173  	-8.221000 
-38.000000	-0.868092 	0.505404  	-8.221000 
-37.000000	-0.883981 	0.481697  	-8.221000 
-36.000000	-0.899869 	0.457991  	-8.221000 
-35.000000	-0.915757 	0.434284  	-8.221000 
-34.000000	-0.932503 	0.411000  	-8.221000 
-33.000000	-0.951396 	0.388775  	-8.221000 
-32.000000	-0.970289 	0.366550  	-8.221000 
-31.000000	-0.989181 	0.344325  	-8.221000 
-30.000000	-1.008074 	0.322100  	-8.221000 
-29.000000	-1.030867 	0.301198  	-8.221000 
-28.000000	-1.055828 	0.281031  	-8.221000 
-27.000000	-1.080789 	0.260864  	-8.221000 
-26.000000	-1.105749 	0.240697  	-8.221000 
-25.000000	-1.130710 	0.220530  	-8.221000 
-24.000000	-1.104709 	0.207432  	-8.221000 
-23.000000	-1.078709 	0.194334  	-8.221000 
-22.000000	-1.052708 	0.181236  	-8.221000 
-21.000000	-1.026707 	0.168138  	-8.221000 
-20.000000	-1.000707 	0.155040  	-8.221000 
-19.000000	-0.974706 	0.141942  	-8.221000 
-18.000000	-0.948705 	0.128844  	-8.221000 
-17.000000	-0.922705 	0.115746  	-8.221000 
-16.000000	-0.896704 	0.102648  	-8.221000 
-15.000000	-0.870703 	0.089550  	-8.221000 
-14.000000	-0.844703 	0.076452  	-8.221000 
-13.000000	-0.818702 	0.063354  	-8.221000 
-12.000000	-0.792701 	0.050256  	-7.956013 
-11.000000	-0.766701 	0.037158  	-6.101107 
-10.000000	-0.740700 	0.024060  	-4.246200 
-9.000000 	-0.533600 	0.017720  	-3.350600 
-8.000000 	-0.334800 	0.012150  	-2.550700 
-7.000000 	-0.194400 	0.010770  	-1.921600 
-6.000000 	-0.067400 	0.010670  	-1.377700 
-5.000000 	0.057800  	0.010860  	-0.908100 
-4.000000 	0.182300  	0.010980  	-0.686000 
-3.000000 	0.305600  	0.011150  	-0.756900 
-2.000000 	0.428700  	0.011380  	-0.834500 
-1.000000 	0.551400  	0.011630  	-0.914000 
0.000000  	0.673200  	0.011920  	-0.997700 
1.000000  	0.793700  	0.012230  	-1.088900 
2.000000  	0.912400  	0.012510  	-1.211400 
3.000000  	1.029400  	0.012810  	-1.374800 
4.000000  	1.144700  	0.013100  	-1.576500 
5.000000  	1.257400  	0.013430  	-1.857300 
6.000000  	1.365100  	0.013910  	-2.297100 
7.000000  	1.461800  	0.015110  	-2.796000 
8.000000  	1.534700  	0.017790  	-3.275200 
9.000000  	1.590200  	0.020880  	-3.740400 
10.000000 	1.620500  	0.024570  	-4.161800 
11.000000 	1.642600  	0.030250  	-4.579300 
12.000000 	1.655400  	0.038650  	-4.961000 
13.000000 	1.649800  	0.050140  	-5.250500 
14.000000 	1.639000  	0.063020  	-5.520900 
15.000000 	1.628000  	0.076870  	-5.796800 
16.000000 	1.613300  	0.092020  	-6.048900 
17.000000 	1.592600  	0.108680  	-6.249800 
18.000000 	1.582300  	0.124340  	-6.490800 
19.000000 	1.578100  	0.139490  	-6.713700 
20.000000 	1.580900  	0.153150  	-7.025200 
21.000000 	1.588900  	0.165920  	-7.293100 
22.000000 	1.600700  	0.178490  	-7.580900 
23.000000 	1.618200  	0.189470  	-7.943500 
24.000000 	1.630600  	0.201020  	-8.221000 
25.000000 	1.615300  	0.220530  	-8.197000 
26.000000 	1.579642  	0.240697  	-8.202169 
27.000000 	1.543984  	0.260864  	-8.207338 
28.000000 	1.508326  	0.281031  	-8.212508 
29.000000 	1.472667  	0.301198  	-8.217677 
30.000000 	1.440105  	0.322100  	-8.221000 
31.000000 	1.413116  	0.344325  	-8.221000 
32.000000 	1.386126  	0.366550  	-8.221000 
33.000000 	1.359137  	0.388775  	-8.221000 
34.000000 	1.332148  	0.411000  	-8.221000 
35.000000 	1.308224  	0.434284  	-8.221000 
36.000000 	1.285527  	0.457991  	-8.221000 
37.000000 	1.262829  	0.481697  	-8.221000 
38.000000 	1.240132  	0.505404  	-8.221000 
39.000000 	1.217562  	0.529173  	-8.221000 
40.000000 	1.196648  	0.553747  	-8.221000 
41.000000 	1.175733  	0.578321  	-8.221000 
42.000000 	1.154819  	0.602894  	-8.221000 
43.000000 	1.133905  	0.627468  	-8.221000 
44.000000 	1.113116  	0.652141  	-8.221000 
45.000000 	1.092494  	0.676945  	-8.221000 
46.000000 	1.071872  	0.701749  	-8.221000 
47.000000 	1.051250  	0.726553  	-8.221000 
48.000000 	1.030627  	0.751357  	-8.221000 
49.000000 	1.009549  	0.775837  	-8.221000 
50.000000 	0.988345  	0.800230  	-8.221000 
51.000000 	0.967141  	0.824622  	-8.221000 
52.000000 	0.945938  	0.849015  	-8.221000 
53.000000 	0.924585  	0.873258  	-8.221000 
54.000000 	0.902334  	0.896608  	-8.221000 
55.000000 	0.880084  	0.919958  	-8.221000 
56.000000 	0.857833  	0.943308  	-8.221000 
57.000000 	0.835583  	0.966658  	-8.221000 
58.000000 	0.812721  	0.989185  	-8.221000 
59.000000 	0.789249  	1.010890  	-8.221000 
60.000000 	0.765776  	1.032595  	-8.221000 
61.000000 	0.742303  	1.054300  	-8.221000 
62.000000 	0.718831  	1.076004  	-8.221000 
63.000000 	0.694347  	1.095820  	-8.221000 
64.000000 	0.669695  	1.115320  	-8.221000 
65.000000 	0.645043  	1.134820  	-8.221000 
66.000000 	0.620391  	1.154321  	-8.221000 
67.000000 	0.595531  	1.173242  	-8.221000 
68.000000 	0.569912  	1.190037  	-8.221000 
69.000000 	0.544292  	1.206832  	-8.221000 
70.000000 	0.518672  	1.223627  	-8.221000 
71.000000 	0.493052  	1.240422  	-8.221000 
72.000000 	0.467077  	1.255425  	-8.221000 
73.000000 	0.440834  	1.269085  	-8.221000 
74.000000 	0.414591  	1.282745  	-8.221000 
75.000000 	0.388349  	1.296405  	-8.221000 
76.000000 	0.362106  	1.310065  	-8.221000 
77.000000 	0.335703  	1.320491  	-8.221000 
78.000000 	0.309287  	1.330669  	-8.221000 
79.000000 	0.282872  	1.340846  	-8.221000 
80.000000 	0.256456  	1.351024  	-8.221000 
81.000000 	0.230142  	1.360134  	-8.221000 
82.000000 	0.204084  	1.366573  	-8.221000 
83.000000 	0.178025  	1.373012  	-8.221000 
84.000000 	0.151966  	1.379452  	-8.221000 
85.000000 	0.125907  	1.385891  	-8.221000 
86.000000 	0.100455  	1.389826  	-8.221000 
87.000000 	0.075342  	1.392369  	-8.221000 
88.000000 	0.050228  	1.394913  	-8.221000 
89.000000 	0.025114  	1.397456  	-8.221000 
90.000000 	0.000000  	1.400000  	-8.221000 
91.000000 	-0.017580 	1.397456  	-8.221000 
92.000000 	-0.035159 	1.394913  	-8.221000 
93.000000 	-0.052739 	1.392369  	-8.221000 
94.000000 	-0.070319 	1.389826  	-8.221000 
95.000000 	-0.088135 	1.385891  	-8.221000 
96.000000 	-0.106376 	1.379452  	-8.221000 
97.000000 	-0.124617 	1.373012  	-8.221000 
98.000000 	-0.142858 	1.366573  	-8.221000 
99.000000 	-0.161100 	1.360134  	-8.221000 
100.000000	-0.179519 	1.351024  	-8.221000 
101.000000	-0.198010 	1.340846  	-8.221000 
102.000000	-0.216501 	1.330669  	-8.221000 
103.000000	-0.234992 	1.320491  	-8.221000 
104.000000	-0.253474 	1.310065  	-8.221000 
105.000000	-0.271844 	1.296405  	-8.221000 
106.000000	-0.290214 	1.282745  	-8.221000 
107.000000	-0.308584 	1.269085  	-8.221000 
108.000000	-0.326954 	1.255425  	-8.221000 
109.000000	-0.345137 	1.240422  	-8.221000 
110.000000	-0.363070 	1.223627  	-8.221000 
111.000000	-0.381004 	1.206832  	-8.221000 
112.000000	-0.398938 	1.190037  	-8.221000 
113.000000	-0.416872 	1.173242  	-8.221000 
114.000000	-0.434274 	1.154321  	-8.221000 
115.000000	-0.451530 	1.134820  	-8.221000 
116.000000	-0.468787 	1.115320  	-8.221000 
117.000000	-0.486043 	1.095820  	-8.221000 
118.000000	-0.503182 	1.076004  	-8.221000 
119.000000	-0.519612 	1.054300  	-8.221000 
120.000000	-0.536043 	1.032595  	-8.221000 
121.000000	-0.552474 	1.010890  	-8.221000 
122.000000	-0.568905 	0.989185  	-8.221000 
123.000000	-0.584908 	0.966658  	-8.221000 
124.000000	-0.600483 	0.943308  	-8.221000 
125.000000	-0.616059 	0.919958  	-8.221000 
126.000000	-0.631634 	0.896608  	-8.221000 
127.000000	-0.647209 	0.873258  	-8.221000 
128.000000	-0.662157 	0.849015  	-8.221000 
129.000000	-0.676999 	0.824622  	-8.221000 
130.000000	-0.691842 	0.800230  	-8.221000 
131.000000	-0.706684 	0.775837  	-8.221000 
132.000000	-0.721439 	0.751357  	-8.221000 
133.000000	-0.735875 	0.726553  	-8.221000 
134.000000	-0.750310 	0.701749  	-8.221000 
135.000000	-0.764746 	0.676945  	-8.221000 
136.000000	-0.779181 	0.652141  	-8.221000 
137.000000	-0.793733 	0.627468  	-8.221000 
138.000000	-0.808373 	0.602894  	-8.221000 
139.000000	-0.823013 	0.578321  	-8.221000 
140.000000	-0.837653 	0.553747  	-8.221000 
141.000000	-0.852294 	0.529173  	-8.221000 
142.000000	-0.868092 	0.505404  	-8.221000 
143.000000	-0.883981 	0.481697  	-8.221000 
144.000000	-0.899869 	0.457991  	-8.221000 
145.000000	-0.915757 	0.434284  	-8.221000 
146.000000	-0.932503 	0.411000  	-8.221000 
147.000000	-0.951396 	0.388775  	-8.221000 
148.000000	-0.970289 	0.366550  	-8.221000 
149.000000	-0.989181 	0.344325  	-8.221000 
150.000000	-1.008074 	0.322100  	-8.221000 
151.000000	-1.030867 	0.301198  	-8.221000 
152.000000	-1.055828 	0.281031  	-8.221000 
153.000000	-1.080789 	0.260864  	-8.221000 
154.000000	-1.105749 	0.240697  	-8.221000 
155.000000	-1.130710 	0.220530  	-8.221000 
156.000000	-1.085482 	0.202081  	-8.221000 
157.000000	-1.040253 	0.183861  	-8.221000 
158.000000	-0.995025 	0.166478  	-8.221000 
159.000000	-0.949796 	0.149580  	-8.221000 
160.000000	-0.904568 	0.133330  	-8.221000 
161.000000	-0.859340 	0.117848  	-8.221000 
162.000000	-0.814111 	0.102793  	-8.221000 
163.000000	-0.768883 	0.088812  	-8.221000 
164.000000	-0.723654 	0.075103  	-8.221000 
165.000000	-0.678426 	0.062607  	-8.221000 
166.000000	-0.633198 	0.050499  	-8.221000 
167.000000	-0.587969 	0.039357  	-8.221000 
168.000000	-0.542741 	0.028914  	-8.221000 
169.000000	-0.497512 	0.019170  	-8.221000 
170.000000	-0.452284 	0.010451  	-8.221000 
171.000000	-0.407056 	0.002141  	-8.221000 
172.000000	-0.361827 	0.001263  	-8.221000 
173.000000	-0.316599 	0.001000  	-8.221000 
174.000000	-0.271370 	0.001000  	-8.221000 
175.000000	-0.226142 	0.001000  	-8.221000 
176.000000	-0.180914 	0.001000  	-8.221000 
177.000000	-0.135685 	0.001000  	-8.221000 
178.000000	-0.090457 	0.001000  	-8.221000 
179.000000	-0.045228 	0.001000  	-8.221000 
180.000000	0.000000  	0.001000  	-8.221000 
! ------------------------------------------------------------------------------
! data for table	5         
! ------------------------------------------------------------------------------
  0.600000  	Re           ! Reynolds number in millions
  0.000000  	UserProp     ! User property (control) setting
Flase           InclUAdata   ! Is unsteady aerodynamics data included in this table? If TRUE, then include UA coefficients below this line. Any missing coefficients will be calculated internally.
! Table of aerodynamics coefficients
  361       	NumAlf       ! Number of data lines in the following table
!Alpha      Cl          Cd          Cm/Cp
!(deg)      (-)         (-)         (-)
-180.000000	0.000000  	0.001000  	-8.694800 
-179.000000	0.044216  	0.001000  	-8.694800 
-178.000000	0.088432  	0.001000  	-8.694800 
-177.000000	0.132647  	0.001000  	-8.694800 
-176.000000	0.176863  	0.001000  	-8.694800 
-175.000000	0.221079  	0.001000  	-8.694800 
-174.000000	0.265295  	0.001000  	-8.694800 
-173.000000	0.309510  	0.001000  	-8.694800 
-172.000000	0.353726  	0.001000  	-8.694800 
-171.000000	0.397942  	0.001000  	-8.694800 
-170.000000	0.442158  	0.004164  	-8.694800 
-169.000000	0.486373  	0.008593  	-8.694800 
-168.000000	0.530589  	0.017928  	-8.694800 
-167.000000	0.574805  	0.028080  	-8.694800 
-166.000000	0.619021  	0.039680  	-8.694800 
-165.000000	0.663237  	0.051480  	-8.694800 
-164.000000	0.707452  	0.064479  	-8.694800 
-163.000000	0.751668  	0.077863  	-8.694800 
-162.000000	0.795884  	0.092207  	-8.694800 
-161.000000	0.840100  	0.107103  	-8.694800 
-160.000000	0.884315  	0.122733  	-8.694800 
-159.000000	0.928531  	0.139061  	-8.694800 
-158.000000	0.972747  	0.155912  	-8.694800 
-157.000000	1.016963  	0.173585  	-8.694800 
-156.000000	1.061178  	0.191587  	-8.694800 
-155.000000	1.105394  	0.210512  	-8.694800 
-154.000000	1.149610  	0.229590  	-8.694800 
-153.000000	1.124105  	0.250324  	-8.694800 
-152.000000	1.098600  	0.271057  	-8.694800 
-151.000000	1.073095  	0.291791  	-8.694800 
-150.000000	1.047590  	0.312525  	-8.694800 
-149.000000	1.024536  	0.334086  	-8.694800 
-148.000000	1.004748  	0.356750  	-8.694800 
-147.000000	0.984960  	0.379414  	-8.694800 
-146.000000	0.965173  	0.402078  	-8.694800 
-145.000000	0.945385  	0.424743  	-8.694800 
-144.000000	0.928085  	0.448575  	-8.694800 
-143.000000	0.911199  	0.472601  	-8.694800 
-142.000000	0.894313  	0.496628  	-8.694800 
-141.000000	0.877427  	0.520654  	-8.694800 
-140.000000	0.860901  	0.544898  	-8.694800 
-139.000000	0.845273  	0.569686  	-8.694800 
-138.000000	0.829645  	0.594473  	-8.694800 
-137.000000	0.814018  	0.619260  	-8.694800 
-136.000000	0.798390  	0.644048  	-8.694800 
-135.000000	0.782955  	0.668936  	-8.694800 
-134.000000	0.767598  	0.693864  	-8.694800 
-133.000000	0.752240  	0.718792  	-8.694800 
-132.000000	0.736882  	0.743720  	-8.694800 
-131.000000	0.721480  	0.768579  	-8.694800 
-130.000000	0.705810  	0.793025  	-8.694800 
-129.000000	0.690140  	0.817472  	-8.694800 
-128.000000	0.674470  	0.841918  	-8.694800 
-127.000000	0.658800  	0.866364  	-8.694800 
-126.000000	0.642773  	0.890186  	-8.694800 
-125.000000	0.626480  	0.913540  	-8.694800 
-124.000000	0.610186  	0.936894  	-8.694800 
-123.000000	0.593892  	0.960248  	-8.694800 
-122.000000	0.577599  	0.983602  	-8.694800 
-121.000000	0.560565  	1.005283  	-8.694800 
-120.000000	0.543531  	1.026964  	-8.694800 
-119.000000	0.526497  	1.048645  	-8.694800 
-118.000000	0.509463  	1.070326  	-8.694800 
-117.000000	0.492124  	1.091059  	-8.694800 
-116.000000	0.474380  	1.110528  	-8.694800 
-115.000000	0.456636  	1.129998  	-8.694800 
-114.000000	0.438892  	1.149467  	-8.694800 
-113.000000	0.421148  	1.168937  	-8.694800 
-112.000000	0.402918  	1.186098  	-8.694800 
-111.000000	0.384608  	1.202874  	-8.694800 
-110.000000	0.366298  	1.219650  	-8.694800 
-109.000000	0.347987  	1.236427  	-8.694800 
-108.000000	0.329582  	1.252316  	-8.694800 
-107.000000	0.310939  	1.265987  	-8.694800 
-106.000000	0.292297  	1.279657  	-8.694800 
-105.000000	0.273654  	1.293328  	-8.694800 
-104.000000	0.255012  	1.306999  	-8.694800 
-103.000000	0.236349  	1.318213  	-8.694800 
-102.000000	0.217679  	1.328445  	-8.694800 
-101.000000	0.199009  	1.338677  	-8.694800 
-100.000000	0.180338  	1.348909  	-8.694800 
-99.000000	0.161716  	1.358614  	-8.694800 
-98.000000	0.143376  	1.365161  	-8.694800 
-97.000000	0.125037  	1.371708  	-8.694800 
-96.000000	0.106698  	1.378256  	-8.694800 
-95.000000	0.088359  	1.384803  	-8.694800 
-94.000000	0.070437  	1.389158  	-8.694800 
-93.000000	0.052828  	1.391868  	-8.694800 
-92.000000	0.035219  	1.394579  	-8.694800 
-91.000000	0.017609  	1.397289  	-8.694800 
-90.000000	0.000000  	1.400000  	-8.694800 
-89.000000	-0.017609 	1.397289  	-8.694800 
-88.000000	-0.035219 	1.394579  	-8.694800 
-87.000000	-0.052828 	1.391868  	-8.694800 
-86.000000	-0.070437 	1.389158  	-8.694800 
-85.000000	-0.088359 	1.384803  	-8.694800 
-84.000000	-0.106698 	1.378256  	-8.694800 
-83.000000	-0.125037 	1.371708  	-8.694800 
-82.000000	-0.143376 	1.365161  	-8.694800 
-81.000000	-0.161716 	1.358614  	-8.694800 
-80.000000	-0.180338 	1.348909  	-8.694800 
-79.000000	-0.199009 	1.338677  	-8.694800 
-78.000000	-0.217679 	1.328445  	-8.694800 
-77.000000	-0.236349 	1.318213  	-8.694800 
-76.000000	-0.255012 	1.306999  	-8.694800 
-75.000000	-0.273654 	1.293328  	-8.694800 
-74.000000	-0.292297 	1.279657  	-8.694800 
-73.000000	-0.310939 	1.265987  	-8.694800 
-72.000000	-0.329582 	1.252316  	-8.694800 
-71.000000	-0.347987 	1.236427  	-8.694800 
-70.000000	-0.366298 	1.219650  	-8.694800 
-69.000000	-0.384608 	1.202874  	-8.694800 
-68.000000	-0.402918 	1.186098  	-8.694800 
-67.000000	-0.421148 	1.168937  	-8.694800 
-66.000000	-0.438892 	1.149467  	-8.694800 
-65.000000	-0.456636 	1.129998  	-8.694800 
-64.000000	-0.474380 	1.110528  	-8.694800 
-63.000000	-0.492124 	1.091059  	-8.694800 
-62.000000	-0.509463 	1.070326  	-8.694800 
-61.000000	-0.526497 	1.048645  	-8.694800 
-60.000000	-0.543531 	1.026964  	-8.694800 
-59.000000	-0.560565 	1.005283  	-8.694800 
-58.000000	-0.577599 	0.983602  	-8.694800 
-57.000000	-0.593892 	0.960248  	-8.694800 
-56.000000	-0.610186 	0.936894  	-8.694800 
-55.000000	-0.626480 	0.913540  	-8.694800 
-54.000000	-0.642773 	0.890186  	-8.694800 
-53.000000	-0.658800 	0.866364  	-8.694800 
-52.000000	-0.674470 	0.841918  	-8.694800 
-51.000000	-0.690140 	0.817472  	-8.694800 
-50.000000	-0.705810 	0.793025  	-8.694800 
-49.000000	-0.721480 	0.768579  	-8.694800 
-48.000000	-0.736882 	0.743720  	-8.694800 
-47.000000	-0.752240 	0.718792  	-8.694800 
-46.000000	-0.767598 	0.693864  	-8.694800 
-45.000000	-0.782955 	0.668936  	-8.694800 
-44.000000	-0.798390 	0.644048  	-8.694800 
-43.000000	-0.814018 	0.619260  	-8.694800 
-42.000000	-0.829645 	0.594473  	-8.694800 
-41.000000	-0.845273 	0.569686  	-8.694800 
-40.000000	-0.860901 	0.544898  	-8.694800 
-39.000000	-0.877427 	0.520654  	-8.694800 
-38.000000	-0.894313 	0.496628  	-8.694800 
-37.000000	-0.911199 	0.472601  	-8.694800 
-36.000000	-0.928085 	0.448575  	-8.694800 
-35.000000	-0.945385 	0.424743  	-8.694800 
-34.000000	-0.965173 	0.402078  	-8.694800 
-33.000000	-0.984960 	0.379414  	-8.694800 
-32.000000	-1.004748 	0.356750  	-8.694800 
-31.000000	-1.024536 	0.334086  	-8.694800 
-30.000000	-1.047590 	0.312525  	-8.694800 
-29.000000	-1.073095 	0.291791  	-8.694800 
-28.000000	-1.098600 	0.271057  	-8.694800 
-27.000000	-1.124105 	0.250324  	-8.694800 
-26.000000	-1.149610 	0.229590  	-8.694800 
-25.000000	-1.123147 	0.216654  	-8.694800 
-24.000000	-1.096684 	0.203717  	-8.694800 
-23.000000	-1.070221 	0.190781  	-8.694800 
-22.000000	-1.043757 	0.177845  	-8.694800 
-21.000000	-1.017294 	0.164909  	-8.694800 
-20.000000	-0.990831 	0.151972  	-8.694800 
-19.000000	-0.964368 	0.139036  	-8.694800 
-18.000000	-0.937905 	0.126100  	-8.694800 
-17.000000	-0.911442 	0.113164  	-8.694800 
-16.000000	-0.884979 	0.100227  	-8.694800 
-15.000000	-0.858516 	0.087291  	-8.694800 
-14.000000	-0.832052 	0.074355  	-8.694800 
-13.000000	-0.805589 	0.061419  	-8.694800 
-12.000000	-0.779126 	0.048483  	-8.138875 
-11.000000	-0.752663 	0.035546  	-6.193138 
-10.000000	-0.726200 	0.022610  	-4.247400 
-9.000000 	-0.504300 	0.016550  	-3.292100 
-8.000000 	-0.338700 	0.012400  	-2.569100 
-7.000000 	-0.192500 	0.010330  	-1.926300 
-6.000000 	-0.065100 	0.010100  	-1.376800 
-5.000000 	0.060500  	0.010190  	-0.904100 
-4.000000 	0.184400  	0.010300  	-0.688600 
-3.000000 	0.308300  	0.010410  	-0.759700 
-2.000000 	0.431200  	0.010570  	-0.837400 
-1.000000 	0.553500  	0.010790  	-0.916400 
0.000000  	0.675300  	0.011060  	-1.000200 
1.000000  	0.796000  	0.011340  	-1.091400 
2.000000  	0.914800  	0.011630  	-1.214500 
3.000000  	1.032100  	0.011910  	-1.378200 
4.000000  	1.147700  	0.012200  	-1.580000 
5.000000  	1.260800  	0.012550  	-1.861400 
6.000000  	1.368700  	0.013140  	-2.309500 
7.000000  	1.463700  	0.014690  	-2.804900 
8.000000  	1.538800  	0.017400  	-3.303100 
9.000000  	1.599700  	0.020260  	-3.774000 
10.000000 	1.634300  	0.023700  	-4.207500 
11.000000 	1.659500  	0.028930  	-4.647900 
12.000000 	1.673100  	0.036980  	-5.009900 
13.000000 	1.668100  	0.048260  	-5.326200 
14.000000 	1.662700  	0.060410  	-5.633000 
15.000000 	1.655100  	0.073660  	-5.915100 
16.000000 	1.638200  	0.088910  	-6.194000 
17.000000 	1.625000  	0.104350  	-6.434000 
18.000000 	1.601400  	0.121890  	-6.611500 
19.000000 	1.594500  	0.137400  	-6.883900 
20.000000 	1.592800  	0.152310  	-7.106100 
21.000000 	1.595300  	0.165970  	-7.372700 
22.000000 	1.607200  	0.178120  	-7.692400 
23.000000 	1.616300  	0.191280  	-7.952500 
24.000000 	1.623100  	0.204930  	-8.232300 
25.000000 	1.630300  	0.218410  	-8.438100 
26.000000 	1.642300  	0.229590  	-8.694800 
27.000000 	1.605864  	0.250324  	-8.694800 
28.000000 	1.569429  	0.271057  	-8.694800 
29.000000 	1.532993  	0.291791  	-8.694800 
30.000000 	1.496558  	0.312525  	-8.694800 
31.000000 	1.463622  	0.334086  	-8.694800 
32.000000 	1.435354  	0.356750  	-8.694800 
33.000000 	1.407086  	0.379414  	-8.694800 
34.000000 	1.378818  	0.402078  	-8.694800 
35.000000 	1.350550  	0.424743  	-8.694800 
36.000000 	1.325835  	0.448575  	-8.694800 
37.000000 	1.301713  	0.472601  	-8.694800 
38.000000 	1.277590  	0.496628  	-8.694800 
39.000000 	1.253468  	0.520654  	-8.694800 
40.000000 	1.229859  	0.544898  	-8.694800 
41.000000 	1.207533  	0.569686  	-8.694800 
42.000000 	1.185208  	0.594473  	-8.694800 
43.000000 	1.162882  	0.619260  	-8.694800 
44.000000 	1.140557  	0.644048  	-8.694800 
45.000000 	1.118507  	0.668936  	-8.694800 
46.000000 	1.096568  	0.693864  	-8.694800 
47.000000 	1.074628  	0.718792  	-8.694800 
48.000000 	1.052689  	0.743720  	-8.694800 
49.000000 	1.030686  	0.768579  	-8.694800 
50.000000 	1.008300  	0.793025  	-8.694800 
51.000000 	0.985914  	0.817472  	-8.694800 
52.000000 	0.963529  	0.841918  	-8.694800 
53.000000 	0.941143  	0.866364  	-8.694800 
54.000000 	0.918248  	0.890186  	-8.694800 
55.000000 	0.894971  	0.913540  	-8.694800 
56.000000 	0.871694  	0.936894  	-8.694800 
57.000000 	0.848418  	0.960248  	-8.694800 
58.000000 	0.825141  	0.983602  	-8.694800 
59.000000 	0.800807  	1.005283  	-8.694800 
60.000000 	0.776472  	1.026964  	-8.694800 
61.000000 	0.752138  	1.048645  	-8.694800 
62.000000 	0.727804  	1.070326  	-8.694800 
63.000000 	0.703035  	1.091059  	-8.694800 
64.000000 	0.677686  	1.110528  	-8.694800 
65.000000 	0.652337  	1.129998  	-8.694800 
66.000000 	0.626989  	1.149467  	-8.694800 
67.000000 	0.601640  	1.168937  	-8.694800 
68.000000 	0.575598  	1.186098  	-8.694800 
69.000000 	0.549440  	1.202874  	-8.694800 
70.000000 	0.523282  	1.219650  	-8.694800 
71.000000 	0.497125  	1.236427  	-8.694800 
72.000000 	0.470831  	1.252316  	-8.694800 
73.000000 	0.444199  	1.265987  	-8.694800 
74.000000 	0.417567  	1.279657  	-8.694800 
75.000000 	0.390935  	1.293328  	-8.694800 
76.000000 	0.364302  	1.306999  	-8.694800 
77.000000 	0.337642  	1.318213  	-8.694800 
78.000000 	0.310970  	1.328445  	-8.694800 
79.000000 	0.284298  	1.338677  	-8.694800 
80.000000 	0.257626  	1.348909  	-8.694800 
81.000000 	0.231022  	1.358614  	-8.694800 
82.000000 	0.204823  	1.365161  	-8.694800 
83.000000 	0.178625  	1.371708  	-8.694800 
84.000000 	0.152426  	1.378256  	-8.694800 
85.000000 	0.126227  	1.384803  	-8.694800 
86.000000 	0.100624  	1.389158  	-8.694800 
87.000000 	0.075468  	1.391868  	-8.694800 
88.000000 	0.050312  	1.394579  	-8.694800 
89.000000 	0.025156  	1.397289  	-8.694800 
90.000000 	0.000000  	1.400000  	-8.694800 
91.000000 	-0.017609 	1.397289  	-8.694800 
92.000000 	-0.035219 	1.394579  	-8.694800 
93.000000 	-0.052828 	1.391868  	-8.694800 
94.000000 	-0.070437 	1.389158  	-8.694800 
95.000000 	-0.088359 	1.384803  	-8.694800 
96.000000 	-0.106698 	1.378256  	-8.694800 
97.000000 	-0.125037 	1.371708  	-8.694800 
98.000000 	-0.143376 	1.365161  	-8.694800 
99.000000 	-0.161716 	1.358614  	-8.694800 
100.000000	-0.180338 	1.348909  	-8.694800 
101.000000	-0.199009 	1.338677  	-8.694800 
102.000000	-0.217679 	1.328445  	-8.694800 
103.000000	-0.236349 	1.318213  	-8.694800 
104.000000	-0.255012 	1.306999  	-8.694800 
105.000000	-0.273654 	1.293328  	-8.694800 
106.000000	-0.292297 	1.279657  	-8.694800 
107.000000	-0.310939 	1.265987  	-8.694800 
108.000000	-0.329582 	1.252316  	-8.694800 
109.000000	-0.347987 	1.236427  	-8.694800 
110.000000	-0.366298 	1.219650  	-8.694800 
111.000000	-0.384608 	1.202874  	-8.694800 
112.000000	-0.402918 	1.186098  	-8.694800 
113.000000	-0.421148 	1.168937  	-8.694800 
114.000000	-0.438892 	1.149467  	-8.694800 
115.000000	-0.456636 	1.129998  	-8.694800 
116.000000	-0.474380 	1.110528  	-8.694800 
117.000000	-0.492124 	1.091059  	-8.694800 
118.000000	-0.509463 	1.070326  	-8.694800 
119.000000	-0.526497 	1.048645  	-8.694800 
120.000000	-0.543531 	1.026964  	-8.694800 
121.000000	-0.560565 	1.005283  	-8.694800 
122.000000	-0.577599 	0.983602  	-8.694800 
123.000000	-0.593892 	0.960248  	-8.694800 
124.000000	-0.610186 	0.936894  	-8.694800 
125.000000	-0.626480 	0.913540  	-8.694800 
126.000000	-0.642773 	0.890186  	-8.694800 
127.000000	-0.658800 	0.866364  	-8.694800 
128.000000	-0.674470 	0.841918  	-8.694800 
129.000000	-0.690140 	0.817472  	-8.694800 
130.000000	-0.705810 	0.793025  	-8.694800 
131.000000	-0.721480 	0.768579  	-8.694800 
132.000000	-0.736882 	0.743720  	-8.694800 
133.000000	-0.752240 	0.718792  	-8.694800 
134.000000	-0.767598 	0.693864  	-8.694800 
135.000000	-0.782955 	0.668936  	-8.694800 
136.000000	-0.798390 	0.644048  	-8.694800 
137.000000	-0.814018 	0.619260  	-8.694800 
138.000000	-0.829645 	0.594473  	-8.694800 
139.000000	-0.845273 	0.569686  	-8.694800 
140.000000	-0.860901 	0.544898  	-8.694800 
141.000000	-0.877427 	0.520654  	-8.694800 
142.000000	-0.894313 	0.496628  	-8.694800 
143.000000	-0.911199 	0.472601  	-8.694800 
144.000000	-0.928085 	0.448575  	-8.694800 
145.000000	-0.945385 	0.424743  	-8.694800 
146.000000	-0.965173 	0.402078  	-8.694800 
147.000000	-0.984960 	0.379414  	-8.694800 
148.000000	-1.004748 	0.356750  	-8.694800 
149.000000	-1.024536 	0.334086  	-8.694800 
150.000000	-1.047590 	0.312525  	-8.694800 
151.000000	-1.073095 	0.291791  	-8.694800 
152.000000	-1.098600 	0.271057  	-8.694800 
153.000000	-1.124105 	0.250324  	-8.694800 
154.000000	-1.149610 	0.229590  	-8.694800 
155.000000	-1.105394 	0.210512  	-8.694800 
156.000000	-1.061178 	0.191587  	-8.694800 
157.000000	-1.016963 	0.173585  	-8.694800 
158.000000	-0.972747 	0.155912  	-8.694800 
159.000000	-0.928531 	0.139061  	-8.694800 
160.000000	-0.884315 	0.122733  	-8.694800 
161.000000	-0.840100 	0.107103  	-8.694800 
162.000000	-0.795884 	0.092207  	-8.694800 
163.000000	-0.751668 	0.077863  	-8.694800 
164.000000	-0.707452 	0.064479  	-8.694800 
165.000000	-0.663237 	0.051480  	-8.694800 
166.000000	-0.619021 	0.039680  	-8.694800 
167.000000	-0.574805 	0.028080  	-8.694800 
168.000000	-0.530589 	0.017928  	-8.694800 
169.000000	-0.486373 	0.008593  	-8.694800 
170.000000	-0.442158 	0.004164  	-8.694800 
171.000000	-0.397942 	0.001000  	-8.694800 
172.000000	-0.353726 	0.001000  	-8.694800 
173.000000	-0.309510 	0.001000  	-8.694800 
174.000000	-0.265295 	0.001000  	-8.694800 
175.000000	-0.221079 	0.001000  	-8.694800 
176.000000	-0.176863 	0.001000  	-8.694800 
177.000000	-0.132647 	0.001000  	-8.694800 
178.000000	-0.088432 	0.001000  	-8.694800 
179.000000	-0.044216 	0.001000  	-8.694800 
180.000000	0.000000  	0.001000  	-8.694800 
! ------------------------------------------------------------------------------
! data for table	6         
! ------------------------------------------------------------------------------
  0.700000  	Re           ! Reynolds number in millions
  0.000000  	UserProp     ! User property (control) setting
Flase           InclUAdata   ! Is unsteady aerodynamics data included in this table? If TRUE, then include UA coefficients below this line. Any missing coefficients will be calculated internally.
! Table of aerodynamics coefficients
  361       	NumAlf       ! Number of data lines in the following table
!Alpha      Cl          Cd          Cm/Cp
!(deg)      (-)         (-)         (-)
-180.000000	0.000000  	0.001000  	-8.670300 
-179.000000	0.044027  	0.001000  	-8.670300 
-178.000000	0.088055  	0.001000  	-8.670300 
-177.000000	0.132082  	0.001000  	-8.670300 
-176.000000	0.176109  	0.001000  	-8.670300 
-175.000000	0.220137  	0.001000  	-8.670300 
-174.000000	0.264164  	0.001000  	-8.670300 
-173.000000	0.308191  	0.001000  	-8.670300 
-172.000000	0.352218  	0.001000  	-8.670300 
-171.000000	0.396246  	0.001000  	-8.670300 
-170.000000	0.440273  	0.005625  	-8.670300 
-169.000000	0.484300  	0.012099  	-8.670300 
-168.000000	0.528328  	0.021714  	-8.670300 
-167.000000	0.572355  	0.031853  	-8.670300 
-166.000000	0.616382  	0.043437  	-8.670300 
-165.000000	0.660410  	0.055220  	-8.670300 
-164.000000	0.704437  	0.068201  	-8.670300 
-163.000000	0.748464  	0.081565  	-8.670300 
-162.000000	0.792492  	0.095889  	-8.670300 
-161.000000	0.836519  	0.110763  	-8.670300 
-160.000000	0.880546  	0.126371  	-8.670300 
-159.000000	0.924573  	0.142675  	-8.670300 
-158.000000	0.968601  	0.159501  	-8.670300 
-157.000000	1.012628  	0.177149  	-8.670300 
-156.000000	1.056655  	0.195124  	-8.670300 
-155.000000	1.100683  	0.214020  	-8.670300 
-154.000000	1.144710  	0.233070  	-8.670300 
-153.000000	1.119429  	0.253772  	-8.670300 
-152.000000	1.094148  	0.274473  	-8.670300 
-151.000000	1.068867  	0.295175  	-8.670300 
-150.000000	1.043587  	0.315877  	-8.670300 
-149.000000	1.020734  	0.337404  	-8.670300 
-148.000000	1.001118  	0.360031  	-8.670300 
-147.000000	0.981503  	0.382659  	-8.670300 
-146.000000	0.961887  	0.405286  	-8.670300 
-145.000000	0.942272  	0.427914  	-8.670300 
-144.000000	0.925113  	0.451705  	-8.670300 
-143.000000	0.908365  	0.475691  	-8.670300 
-142.000000	0.891616  	0.499676  	-8.670300 
-141.000000	0.874867  	0.523662  	-8.670300 
-140.000000	0.858471  	0.547864  	-8.670300 
-139.000000	0.842955  	0.572606  	-8.670300 
-138.000000	0.827438  	0.597348  	-8.670300 
-137.000000	0.811922  	0.622090  	-8.670300 
-136.000000	0.796406  	0.646833  	-8.670300 
-135.000000	0.781070  	0.671672  	-8.670300 
-134.000000	0.765805  	0.696552  	-8.670300 
-133.000000	0.750540  	0.721431  	-8.670300 
-132.000000	0.735275  	0.746310  	-8.670300 
-131.000000	0.719963  	0.771119  	-8.670300 
-130.000000	0.704370  	0.795513  	-8.670300 
-129.000000	0.688777  	0.819906  	-8.670300 
-128.000000	0.673184  	0.844300  	-8.670300 
-127.000000	0.657591  	0.868693  	-8.670300 
-126.000000	0.641635  	0.892461  	-8.670300 
-125.000000	0.625406  	0.915759  	-8.670300 
-124.000000	0.609177  	0.939057  	-8.670300 
-123.000000	0.592947  	0.962356  	-8.670300 
-122.000000	0.576718  	0.985654  	-8.670300 
-121.000000	0.559738  	1.007276  	-8.670300 
-120.000000	0.542757  	1.028898  	-8.670300 
-119.000000	0.525777  	1.050521  	-8.670300 
-118.000000	0.508796  	1.072143  	-8.670300 
-117.000000	0.491508  	1.092816  	-8.670300 
-116.000000	0.473807  	1.112225  	-8.670300 
-115.000000	0.456107  	1.131633  	-8.670300 
-114.000000	0.438407  	1.151041  	-8.670300 
-113.000000	0.420706  	1.170449  	-8.670300 
-112.000000	0.402513  	1.187547  	-8.670300 
-111.000000	0.384237  	1.204261  	-8.670300 
-110.000000	0.365962  	1.220974  	-8.670300 
-109.000000	0.347687  	1.237687  	-8.670300 
-108.000000	0.329314  	1.253512  	-8.670300 
-107.000000	0.310698  	1.267118  	-8.670300 
-106.000000	0.292082  	1.280724  	-8.670300 
-105.000000	0.273466  	1.294330  	-8.670300 
-104.000000	0.254850  	1.307935  	-8.670300 
-103.000000	0.236209  	1.319084  	-8.670300 
-102.000000	0.217557  	1.329250  	-8.670300 
-101.000000	0.198906  	1.339415  	-8.670300 
-100.000000	0.180254  	1.349581  	-8.670300 
-99.000000	0.161649  	1.359220  	-8.670300 
-98.000000	0.143321  	1.365700  	-8.670300 
-97.000000	0.124993  	1.372180  	-8.670300 
-96.000000	0.106665  	1.378660  	-8.670300 
-95.000000	0.088337  	1.385140  	-8.670300 
-94.000000	0.070422  	1.389428  	-8.670300 
-93.000000	0.052817  	1.392071  	-8.670300 
-92.000000	0.035211  	1.394714  	-8.670300 
-91.000000	0.017606  	1.397357  	-8.670300 
-90.000000	0.000000  	1.400000  	-8.670300 
-89.000000	-0.017606 	1.397357  	-8.670300 
-88.000000	-0.035211 	1.394714  	-8.670300 
-87.000000	-0.052817 	1.392071  	-8.670300 
-86.000000	-0.070422 	1.389428  	-8.670300 
-85.000000	-0.088337 	1.385140  	-8.670300 
-84.000000	-0.106665 	1.378660  	-8.670300 
-83.000000	-0.124993 	1.372180  	-8.670300 
-82.000000	-0.143321 	1.365700  	-8.670300 
-81.000000	-0.161649 	1.359220  	-8.670300 
-80.000000	-0.180254 	1.349581  	-8.670300 
-79.000000	-0.198906 	1.339415  	-8.670300 
-78.000000	-0.217557 	1.329250  	-8.670300 
-77.000000	-0.236209 	1.319084  	-8.670300 
-76.000000	-0.254850 	1.307935  	-8.670300 
-75.000000	-0.273466 	1.294330  	-8.670300 
-74.000000	-0.292082 	1.280724  	-8.670300 
-73.000000	-0.310698 	1.267118  	-8.670300 
-72.000000	-0.329314 	1.253512  	-8.670300 
-71.000000	-0.347687 	1.237687  	-8.670300 
-70.000000	-0.365962 	1.220974  	-8.670300 
-69.000000	-0.384237 	1.204261  	-8.670300 
-68.000000	-0.402513 	1.187547  	-8.670300 
-67.000000	-0.420706 	1.170449  	-8.670300 
-66.000000	-0.438407 	1.151041  	-8.670300 
-65.000000	-0.456107 	1.131633  	-8.670300 
-64.000000	-0.473807 	1.112225  	-8.670300 
-63.000000	-0.491508 	1.092816  	-8.670300 
-62.000000	-0.508796 	1.072143  	-8.670300 
-61.000000	-0.525777 	1.050521  	-8.670300 
-60.000000	-0.542757 	1.028898  	-8.670300 
-59.000000	-0.559738 	1.007276  	-8.670300 
-58.000000	-0.576718 	0.985654  	-8.670300 
-57.000000	-0.592947 	0.962356  	-8.670300 
-56.000000	-0.609177 	0.939057  	-8.670300 
-55.000000	-0.625406 	0.915759  	-8.670300 
-54.000000	-0.641635 	0.892461  	-8.670300 
-53.000000	-0.657591 	0.868693  	-8.670300 
-52.000000	-0.673184 	0.844300  	-8.670300 
-51.000000	-0.688777 	0.819906  	-8.670300 
-50.000000	-0.704370 	0.795513  	-8.670300 
-49.000000	-0.719963 	0.771119  	-8.670300 
-48.000000	-0.735275 	0.746310  	-8.670300 
-47.000000	-0.750540 	0.721431  	-8.670300 
-46.000000	-0.765805 	0.696552  	-8.670300 
-45.000000	-0.781070 	0.671672  	-8.670300 
-44.000000	-0.796406 	0.646833  	-8.670300 
-43.000000	-0.811922 	0.622090  	-8.670300 
-42.000000	-0.827438 	0.597348  	-8.670300 
-41.000000	-0.842955 	0.572606  	-8.670300 
-40.000000	-0.858471 	0.547864  	-8.670300 
-39.000000	-0.874867 	0.523662  	-8.670300 
-38.000000	-0.891616 	0.499676  	-8.670300 
-37.000000	-0.908365 	0.475691  	-8.670300 
-36.000000	-0.925113 	0.451705  	-8.670300 
-35.000000	-0.942272 	0.427914  	-8.670300 
-34.000000	-0.961887 	0.405286  	-8.670300 
-33.000000	-0.981503 	0.382659  	-8.670300 
-32.000000	-1.001118 	0.360031  	-8.670300 
-31.000000	-1.020734 	0.337404  	-8.670300 
-30.000000	-1.043587 	0.315877  	-8.670300 
-29.000000	-1.068867 	0.295175  	-8.670300 
-28.000000	-1.094148 	0.274473  	-8.670300 
-27.000000	-1.119429 	0.253772  	-8.670300 
-26.000000	-1.144710 	0.233070  	-8.670300 
-25.000000	-1.117359 	0.219800  	-8.670300 
-24.000000	-1.090009 	0.206530  	-8.670300 
-23.000000	-1.062658 	0.193260  	-8.670300 
-22.000000	-1.035308 	0.179990  	-8.670300 
-21.000000	-1.007957 	0.166720  	-8.670300 
-20.000000	-0.980606 	0.153450  	-8.670300 
-19.000000	-0.953256 	0.140180  	-8.670300 
-18.000000	-0.925905 	0.126910  	-8.670300 
-17.000000	-0.898554 	0.113640  	-8.670300 
-16.000000	-0.871204 	0.100370  	-8.670300 
-15.000000	-0.843853 	0.087100  	-8.670300 
-14.000000	-0.816502 	0.073830  	-8.670300 
-13.000000	-0.789152 	0.060560  	-8.670300 
-12.000000	-0.761801 	0.047290  	-8.113325 
-11.000000	-0.734451 	0.034020  	-6.163913 
-10.000000	-0.707100 	0.020750  	-4.214500 
-9.000000 	-0.494000 	0.015910  	-3.273800 
-8.000000 	-0.340800 	0.012500  	-2.577000 
-7.000000 	-0.191000 	0.010020  	-1.923000 
-6.000000 	-0.063300 	0.009720  	-1.376300 
-5.000000 	0.062300  	0.009690  	-0.901200 
-4.000000 	0.186500  	0.009760  	-0.689700 
-3.000000 	0.310200  	0.009870  	-0.761700 
-2.000000 	0.433100  	0.010010  	-0.838900 
-1.000000 	0.555300  	0.010210  	-0.919000 
0.000000  	0.676900  	0.010440  	-1.002100 
1.000000  	0.797600  	0.010700  	-1.093000 
2.000000  	0.916400  	0.010990  	-1.215400 
3.000000  	1.034100  	0.011210  	-1.380100 
4.000000  	1.149900  	0.011550  	-1.583100 
5.000000  	1.263800  	0.011900  	-1.868100 
6.000000  	1.371400  	0.012650  	-2.315100 
7.000000  	1.464500  	0.014500  	-2.806700 
8.000000  	1.542400  	0.017080  	-3.308000 
9.000000  	1.607700  	0.019730  	-3.803500 
10.000000 	1.646000  	0.022980  	-4.248700 
11.000000 	1.671900  	0.027950  	-4.684000 
12.000000 	1.684900  	0.035830  	-5.072700 
13.000000 	1.683200  	0.046680  	-5.392700 
14.000000 	1.683700  	0.058090  	-5.726500 
15.000000 	1.675700  	0.071230  	-6.011900 
16.000000 	1.665600  	0.085420  	-6.314200 
17.000000 	1.643100  	0.101980  	-6.529800 
18.000000 	1.630100  	0.117820  	-6.820300 
19.000000 	1.616500  	0.134250  	-7.004400 
20.000000 	1.602200  	0.150990  	-7.206100 
21.000000 	1.604500  	0.165490  	-7.481500 
22.000000 	1.608500  	0.179240  	-7.732700 
23.000000 	1.617300  	0.192370  	-8.026100 
24.000000 	1.633300  	0.203360  	-8.342400 
25.000000 	1.638800  	0.216870  	-8.561200 
26.000000 	1.635300  	0.233070  	-8.670300 
27.000000 	1.599185  	0.253772  	-8.670300 
28.000000 	1.563069  	0.274473  	-8.670300 
29.000000 	1.526954  	0.295175  	-8.670300 
30.000000 	1.490838  	0.315877  	-8.670300 
31.000000 	1.458191  	0.337404  	-8.670300 
32.000000 	1.430169  	0.360031  	-8.670300 
33.000000 	1.402147  	0.382659  	-8.670300 
34.000000 	1.374125  	0.405286  	-8.670300 
35.000000 	1.346102  	0.427914  	-8.670300 
36.000000 	1.321591  	0.451705  	-8.670300 
37.000000 	1.297664  	0.475691  	-8.670300 
38.000000 	1.273737  	0.499676  	-8.670300 
39.000000 	1.249810  	0.523662  	-8.670300 
40.000000 	1.226387  	0.547864  	-8.670300 
41.000000 	1.204221  	0.572606  	-8.670300 
42.000000 	1.182055  	0.597348  	-8.670300 
43.000000 	1.159889  	0.622090  	-8.670300 
44.000000 	1.137723  	0.646833  	-8.670300 
45.000000 	1.115814  	0.671672  	-8.670300 
46.000000 	1.094007  	0.696552  	-8.670300 
47.000000 	1.072199  	0.721431  	-8.670300 
48.000000 	1.050392  	0.746310  	-8.670300 
49.000000 	1.028518  	0.771119  	-8.670300 
50.000000 	1.006243  	0.795513  	-8.670300 
51.000000 	0.983967  	0.819906  	-8.670300 
52.000000 	0.961692  	0.844300  	-8.670300 
53.000000 	0.939416  	0.868693  	-8.670300 
54.000000 	0.916621  	0.892461  	-8.670300 
55.000000 	0.893437  	0.915759  	-8.670300 
56.000000 	0.870252  	0.939057  	-8.670300 
57.000000 	0.847068  	0.962356  	-8.670300 
58.000000 	0.823883  	0.985654  	-8.670300 
59.000000 	0.799625  	1.007276  	-8.670300 
60.000000 	0.775368  	1.028898  	-8.670300 
61.000000 	0.751110  	1.050521  	-8.670300 
62.000000 	0.726852  	1.072143  	-8.670300 
63.000000 	0.702154  	1.092816  	-8.670300 
64.000000 	0.676867  	1.112225  	-8.670300 
65.000000 	0.651581  	1.131633  	-8.670300 
66.000000 	0.626295  	1.151041  	-8.670300 
67.000000 	0.601009  	1.170449  	-8.670300 
68.000000 	0.575018  	1.187547  	-8.670300 
69.000000 	0.548911  	1.204261  	-8.670300 
70.000000 	0.522803  	1.220974  	-8.670300 
71.000000 	0.496695  	1.237687  	-8.670300 
72.000000 	0.470449  	1.253512  	-8.670300 
73.000000 	0.443854  	1.267118  	-8.670300 
74.000000 	0.417260  	1.280724  	-8.670300 
75.000000 	0.390666  	1.294330  	-8.670300 
76.000000 	0.364072  	1.307935  	-8.670300 
77.000000 	0.337441  	1.319084  	-8.670300 
78.000000 	0.310796  	1.329250  	-8.670300 
79.000000 	0.284151  	1.339415  	-8.670300 
80.000000 	0.257506  	1.349581  	-8.670300 
81.000000 	0.230927  	1.359220  	-8.670300 
82.000000 	0.204745  	1.365700  	-8.670300 
83.000000 	0.178562  	1.372180  	-8.670300 
84.000000 	0.152379  	1.378660  	-8.670300 
85.000000 	0.126196  	1.385140  	-8.670300 
86.000000 	0.100603  	1.389428  	-8.670300 
87.000000 	0.075452  	1.392071  	-8.670300 
88.000000 	0.050302  	1.394714  	-8.670300 
89.000000 	0.025151  	1.397357  	-8.670300 
90.000000 	0.000000  	1.400000  	-8.670300 
91.000000 	-0.017606 	1.397357  	-8.670300 
92.000000 	-0.035211 	1.394714  	-8.670300 
93.000000 	-0.052817 	1.392071  	-8.670300 
94.000000 	-0.070422 	1.389428  	-8.670300 
95.000000 	-0.088337 	1.385140  	-8.670300 
96.000000 	-0.106665 	1.378660  	-8.670300 
97.000000 	-0.124993 	1.372180  	-8.670300 
98.000000 	-0.143321 	1.365700  	-8.670300 
99.000000 	-0.161649 	1.359220  	-8.670300 
100.000000	-0.180254 	1.349581  	-8.670300 
101.000000	-0.198906 	1.339415  	-8.670300 
102.000000	-0.217557 	1.329250  	-8.670300 
103.000000	-0.236209 	1.319084  	-8.670300 
104.000000	-0.254850 	1.307935  	-8.670300 
105.000000	-0.273466 	1.294330  	-8.670300 
106.000000	-0.292082 	1.280724  	-8.670300 
107.000000	-0.310698 	1.267118  	-8.670300 
108.000000	-0.329314 	1.253512  	-8.670300 
109.000000	-0.347687 	1.237687  	-8.670300 
110.000000	-0.365962 	1.220974  	-8.670300 
111.000000	-0.384237 	1.204261  	-8.670300 
112.000000	-0.402513 	1.187547  	-8.670300 
113.000000	-0.420706 	1.170449  	-8.670300 
114.000000	-0.438407 	1.151041  	-8.670300 
115.000000	-0.456107 	1.131633  	-8.670300 
116.000000	-0.473807 	1.112225  	-8.670300 
117.000000	-0.491508 	1.092816  	-8.670300 
118.000000	-0.508796 	1.072143  	-8.670300 
119.000000	-0.525777 	1.050521  	-8.670300 
120.000000	-0.542757 	1.028898  	-8.670300 
121.000000	-0.559738 	1.007276  	-8.670300 
122.000000	-0.576718 	0.985654  	-8.670300 
123.000000	-0.592947 	0.962356  	-8.670300 
124.000000	-0.609177 	0.939057  	-8.670300 
125.000000	-0.625406 	0.915759  	-8.670300 
126.000000	-0.641635 	0.892461  	-8.670300 
127.000000	-0.657591 	0.868693  	-8.670300 
128.000000	-0.673184 	0.844300  	-8.670300 
129.000000	-0.688777 	0.819906  	-8.670300 
130.000000	-0.704370 	0.795513  	-8.670300 
131.000000	-0.719963 	0.771119  	-8.670300 
132.000000	-0.735275 	0.746310  	-8.670300 
133.000000	-0.750540 	0.721431  	-8.670300 
134.000000	-0.765805 	0.696552  	-8.670300 
135.000000	-0.781070 	0.671672  	-8.670300 
136.000000	-0.796406 	0.646833  	-8.670300 
137.000000	-0.811922 	0.622090  	-8.670300 
138.000000	-0.827438 	0.597348  	-8.670300 
139.000000	-0.842955 	0.572606  	-8.670300 
140.000000	-0.858471 	0.547864  	-8.670300 
141.000000	-0.874867 	0.523662  	-8.670300 
142.000000	-0.891616 	0.499676  	-8.670300 
143.000000	-0.908365 	0.475691  	-8.670300 
144.000000	-0.925113 	0.451705  	-8.670300 
145.000000	-0.942272 	0.427914  	-8.670300 
146.000000	-0.961887 	0.405286  	-8.670300 
147.000000	-0.981503 	0.382659  	-8.670300 
148.000000	-1.001118 	0.360031  	-8.670300 
149.000000	-1.020734 	0.337404  	-8.670300 
150.000000	-1.043587 	0.315877  	-8.670300 
151.000000	-1.068867 	0.295175  	-8.670300 
152.000000	-1.094148 	0.274473  	-8.670300 
153.000000	-1.119429 	0.253772  	-8.670300 
154.000000	-1.144710 	0.233070  	-8.670300 
155.000000	-1.100683 	0.214020  	-8.670300 
156.000000	-1.056655 	0.195124  	-8.670300 
157.000000	-1.012628 	0.177149  	-8.670300 
158.000000	-0.968601 	0.159501  	-8.670300 
159.000000	-0.924573 	0.142675  	-8.670300 
160.000000	-0.880546 	0.126371  	-8.670300 
161.000000	-0.836519 	0.110763  	-8.670300 
162.000000	-0.792492 	0.095889  	-8.670300 
163.000000	-0.748464 	0.081565  	-8.670300 
164.000000	-0.704437 	0.068201  	-8.670300 
165.000000	-0.660410 	0.055220  	-8.670300 
166.000000	-0.616382 	0.043437  	-8.670300 
167.000000	-0.572355 	0.031853  	-8.670300 
168.000000	-0.528328 	0.021714  	-8.670300 
169.000000	-0.484300 	0.012099  	-8.670300 
170.000000	-0.440273 	0.005625  	-8.670300 
171.000000	-0.396246 	0.001000  	-8.670300 
172.000000	-0.352218 	0.001000  	-8.670300 
173.000000	-0.308191 	0.001000  	-8.670300 
174.000000	-0.264164 	0.001000  	-8.670300 
175.000000	-0.220137 	0.001000  	-8.670300 
176.000000	-0.176109 	0.001000  	-8.670300 
177.000000	-0.132082 	0.001000  	-8.670300 
178.000000	-0.088055 	0.001000  	-8.670300 
179.000000	-0.044027 	0.001000  	-8.670300 
180.000000	0.000000  	0.001000  	-8.670300 
! ------------------------------------------------------------------------------
! data for table	7         
! ------------------------------------------------------------------------------
  0.800000  	Re           ! Reynolds number in millions
  0.000000  	UserProp     ! User property (control) setting
Flase           InclUAdata   ! Is unsteady aerodynamics data included in this table? If TRUE, then include UA coefficients below this line. Any missing coefficients will be calculated internally.
! Table of aerodynamics coefficients
  361       	NumAlf       ! Number of data lines in the following table
!Alpha      Cl          Cd          Cm/Cp
!(deg)      (-)         (-)         (-)
-180.000000	0.000000  	0.001000  	-8.967600 
-179.000000	0.042679  	0.001000  	-8.967600 
-178.000000	0.085359  	0.001000  	-8.967600 
-177.000000	0.128038  	0.001000  	-8.967600 
-176.000000	0.170717  	0.001000  	-8.967600 
-175.000000	0.213396  	0.001000  	-8.967600 
-174.000000	0.256076  	0.001000  	-8.967600 
-173.000000	0.298755  	0.001000  	-8.967600 
-172.000000	0.341434  	0.001000  	-8.967600 
-171.000000	0.384113  	0.001000  	-8.967600 
-170.000000	0.426793  	0.002642  	-8.967600 
-169.000000	0.469472  	0.007238  	-8.967600 
-168.000000	0.512151  	0.014378  	-8.967600 
-167.000000	0.554830  	0.024910  	-8.967600 
-166.000000	0.597510  	0.036188  	-8.967600 
-165.000000	0.640189  	0.048212  	-8.967600 
-164.000000	0.682868  	0.061058  	-8.967600 
-163.000000	0.725547  	0.074520  	-8.967600 
-162.000000	0.768227  	0.088869  	-8.967600 
-161.000000	0.810906  	0.103710  	-8.967600 
-160.000000	0.853585  	0.119487  	-8.967600 
-159.000000	0.896264  	0.135640  	-8.967600 
-158.000000	0.938944  	0.152766  	-8.967600 
-157.000000	0.981623  	0.170158  	-8.967600 
-156.000000	1.024302  	0.188547  	-8.967600 
-155.000000	1.066981  	0.207101  	-8.967600 
-154.000000	1.109661  	0.226657  	-8.967600 
-153.000000	1.152340  	0.246290  	-8.967600 
-152.000000	1.126943  	0.267507  	-8.967600 
-151.000000	1.101547  	0.288724  	-8.967600 
-150.000000	1.076150  	0.309941  	-8.967600 
-149.000000	1.050754  	0.331158  	-8.967600 
-148.000000	1.027979  	0.353272  	-8.967600 
-147.000000	1.007825  	0.376283  	-8.967600 
-146.000000	0.987672  	0.399294  	-8.967600 
-145.000000	0.967518  	0.422305  	-8.967600 
-144.000000	0.947365  	0.445317  	-8.967600 
-143.000000	0.929913  	0.469564  	-8.967600 
-142.000000	0.912461  	0.493811  	-8.967600 
-141.000000	0.895010  	0.518059  	-8.967600 
-140.000000	0.877558  	0.542306  	-8.967600 
-139.000000	0.860703  	0.566878  	-8.967600 
-138.000000	0.844443  	0.591774  	-8.967600 
-137.000000	0.828184  	0.616670  	-8.967600 
-136.000000	0.811925  	0.641566  	-8.967600 
-135.000000	0.795666  	0.666462  	-8.967600 
-134.000000	0.779683  	0.691404  	-8.967600 
-133.000000	0.763700  	0.716346  	-8.967600 
-132.000000	0.747717  	0.741288  	-8.967600 
-131.000000	0.731734  	0.766230  	-8.967600 
-130.000000	0.715618  	0.790893  	-8.967600 
-129.000000	0.699369  	0.815278  	-8.967600 
-128.000000	0.683120  	0.839663  	-8.967600 
-127.000000	0.666871  	0.864048  	-8.967600 
-126.000000	0.650622  	0.888433  	-8.967600 
-125.000000	0.633818  	0.911673  	-8.967600 
-124.000000	0.617013  	0.934912  	-8.967600 
-123.000000	0.600209  	0.958152  	-8.967600 
-122.000000	0.583405  	0.981392  	-8.967600 
-121.000000	0.566271  	1.003779  	-8.967600 
-120.000000	0.548806  	1.025313  	-8.967600 
-119.000000	0.531341  	1.046848  	-8.967600 
-118.000000	0.513877  	1.068382  	-8.967600 
-117.000000	0.496412  	1.089917  	-8.967600 
-116.000000	0.478322  	1.109230  	-8.967600 
-115.000000	0.460231  	1.128542  	-8.967600 
-114.000000	0.442140  	1.147855  	-8.967600 
-113.000000	0.424049  	1.167168  	-8.967600 
-112.000000	0.405716  	1.185139  	-8.967600 
-111.000000	0.387142  	1.201768  	-8.967600 
-110.000000	0.368567  	1.218397  	-8.967600 
-109.000000	0.349992  	1.235026  	-8.967600 
-108.000000	0.331418  	1.251655  	-8.967600 
-107.000000	0.312588  	1.265206  	-8.967600 
-106.000000	0.293758  	1.278756  	-8.967600 
-105.000000	0.274928  	1.292307  	-8.967600 
-104.000000	0.256097  	1.305857  	-8.967600 
-103.000000	0.237288  	1.317709  	-8.967600 
-102.000000	0.218498  	1.327861  	-8.967600 
-101.000000	0.199708  	1.338014  	-8.967600 
-100.000000	0.180918  	1.348167  	-8.967600 
-99.000000	0.162129  	1.358320  	-8.967600 
-98.000000	0.143727  	1.364840  	-8.967600 
-97.000000	0.125326  	1.371360  	-8.967600 
-96.000000	0.106924  	1.377880  	-8.967600 
-95.000000	0.088523  	1.384400  	-8.967600 
-94.000000	0.070509  	1.389032  	-8.967600 
-93.000000	0.052881  	1.391774  	-8.967600 
-92.000000	0.035254  	1.394516  	-8.967600 
-91.000000	0.017627  	1.397258  	-8.967600 
-90.000000	0.000000  	1.400000  	-8.967600 
-89.000000	-0.017627 	1.397258  	-8.967600 
-88.000000	-0.035254 	1.394516  	-8.967600 
-87.000000	-0.052881 	1.391774  	-8.967600 
-86.000000	-0.070509 	1.389032  	-8.967600 
-85.000000	-0.088523 	1.384400  	-8.967600 
-84.000000	-0.106924 	1.377880  	-8.967600 
-83.000000	-0.125326 	1.371360  	-8.967600 
-82.000000	-0.143727 	1.364840  	-8.967600 
-81.000000	-0.162129 	1.358320  	-8.967600 
-80.000000	-0.180918 	1.348167  	-8.967600 
-79.000000	-0.199708 	1.338014  	-8.967600 
-78.000000	-0.218498 	1.327861  	-8.967600 
-77.000000	-0.237288 	1.317709  	-8.967600 
-76.000000	-0.256097 	1.305857  	-8.967600 
-75.000000	-0.274928 	1.292307  	-8.967600 
-74.000000	-0.293758 	1.278756  	-8.967600 
-73.000000	-0.312588 	1.265206  	-8.967600 
-72.000000	-0.331418 	1.251655  	-8.967600 
-71.000000	-0.349992 	1.235026  	-8.967600 
-70.000000	-0.368567 	1.218397  	-8.967600 
-69.000000	-0.387142 	1.201768  	-8.967600 
-68.000000	-0.405716 	1.185139  	-8.967600 
-67.000000	-0.424049 	1.167168  	-8.967600 
-66.000000	-0.442140 	1.147855  	-8.967600 
-65.000000	-0.460231 	1.128542  	-8.967600 
-64.000000	-0.478322 	1.109230  	-8.967600 
-63.000000	-0.496412 	1.089917  	-8.967600 
-62.000000	-0.513877 	1.068382  	-8.967600 
-61.000000	-0.531341 	1.046848  	-8.967600 
-60.000000	-0.548806 	1.025313  	-8.967600 
-59.000000	-0.566271 	1.003779  	-8.967600 
-58.000000	-0.583405 	0.981392  	-8.967600 
-57.000000	-0.600209 	0.958152  	-8.967600 
-56.000000	-0.617013 	0.934912  	-8.967600 
-55.000000	-0.633818 	0.911673  	-8.967600 
-54.000000	-0.650622 	0.888433  	-8.967600 
-53.000000	-0.666871 	0.864048  	-8.967600 
-52.000000	-0.683120 	0.839663  	-8.967600 
-51.000000	-0.699369 	0.815278  	-8.967600 
-50.000000	-0.715618 	0.790893  	-8.967600 
-49.000000	-0.731734 	0.766230  	-8.967600 
-48.000000	-0.747717 	0.741288  	-8.967600 
-47.000000	-0.763700 	0.716346  	-8.967600 
-46.000000	-0.779683 	0.691404  	-8.967600 
-45.000000	-0.795666 	0.666462  	-8.967600 
-44.000000	-0.811925 	0.641566  	-8.967600 
-43.000000	-0.828184 	0.616670  	-8.967600 
-42.000000	-0.844443 	0.591774  	-8.967600 
-41.000000	-0.860703 	0.566878  	-8.967600 
-40.000000	-0.877558 	0.542306  	-8.967600 
-39.000000	-0.895010 	0.518059  	-8.967600 
-38.000000	-0.912461 	0.493811  	-8.967600 
-37.000000	-0.929913 	0.469564  	-8.967600 
-36.000000	-0.947365 	0.445317  	-8.967600 
-35.000000	-0.967518 	0.422305  	-8.967600 
-34.000000	-0.987672 	0.399294  	-8.967600 
-33.000000	-1.007825 	0.376283  	-8.967600 
-32.000000	-1.027979 	0.353272  	-8.967600 
-31.000000	-1.050754 	0.331158  	-8.967600 
-30.000000	-1.076150 	0.309941  	-8.967600 
-29.000000	-1.101547 	0.288724  	-8.967600 
-28.000000	-1.126943 	0.267507  	-8.967600 
-27.000000	-1.152340 	0.246290  	-8.967600 
-26.000000	-1.124879 	0.232946  	-8.967600 
-25.000000	-1.097418 	0.219603  	-8.967600 
-24.000000	-1.069956 	0.206259  	-8.967600 
-23.000000	-1.042495 	0.192916  	-8.967600 
-22.000000	-1.015034 	0.179572  	-8.967600 
-21.000000	-0.987573 	0.166229  	-8.967600 
-20.000000	-0.960112 	0.152885  	-8.967600 
-19.000000	-0.932651 	0.139542  	-8.967600 
-18.000000	-0.905189 	0.126198  	-8.967600 
-17.000000	-0.877728 	0.112855  	-8.967600 
-16.000000	-0.850267 	0.099511  	-8.967600 
-15.000000	-0.822806 	0.086168  	-8.967600 
-14.000000	-0.795345 	0.072824  	-8.967600 
-13.000000	-0.767884 	0.059481  	-8.967600 
-12.000000	-0.740422 	0.046137  	-8.122553 
-11.000000	-0.712961 	0.032794  	-6.150776 
-10.000000	-0.685500 	0.019450  	-4.179000 
-9.000000 	-0.489600 	0.015380  	-3.272500 
-8.000000 	-0.341600 	0.012500  	-2.581000 
-7.000000 	-0.189800 	0.009810  	-1.923100 
-6.000000 	-0.061300 	0.009390  	-1.374000 
-5.000000 	0.064200  	0.009340  	-0.899400 
-4.000000 	0.188300  	0.009400  	-0.691200 
-3.000000 	0.311800  	0.009470  	-0.763300 
-2.000000 	0.434700  	0.009610  	-0.840500 
-1.000000 	0.557000  	0.009780  	-0.920700 
0.000000  	0.678500  	0.009980  	-1.003700 
1.000000  	0.799100  	0.010210  	-1.094500 
2.000000  	0.918100  	0.010420  	-1.217000 
3.000000  	1.035800  	0.010730  	-1.382000 
4.000000  	1.152600  	0.011000  	-1.586300 
5.000000  	1.266300  	0.011430  	-1.872600 
6.000000  	1.373700  	0.012310  	-2.321800 
7.000000  	1.466000  	0.014350  	-2.812300 
8.000000  	1.545600  	0.016840  	-3.318900 
9.000000  	1.614400  	0.019310  	-3.825000 
10.000000 	1.656100  	0.022390  	-4.283500 
11.000000 	1.682200  	0.027160  	-4.722700 
12.000000 	1.694700  	0.034890  	-5.111300 
13.000000 	1.696700  	0.045280  	-5.449600 
14.000000 	1.699600  	0.056360  	-5.801300 
15.000000 	1.694700  	0.068990  	-6.107000 
16.000000 	1.684100  	0.083110  	-6.410100 
17.000000 	1.671300  	0.098140  	-6.685500 
18.000000 	1.647000  	0.115480  	-6.933900 
19.000000 	1.628100  	0.132610  	-7.089900 
20.000000 	1.621400  	0.148360  	-7.349200 
21.000000 	1.615400  	0.164180  	-7.590100 
22.000000 	1.614200  	0.178800  	-7.812700 
23.000000 	1.622500  	0.191600  	-8.101700 
24.000000 	1.629200  	0.205250  	-8.327100 
25.000000 	1.632800  	0.219670  	-8.537400 
26.000000 	1.638000  	0.233590  	-8.746400 
27.000000 	1.646200  	0.246290  	-8.967600 
28.000000 	1.609919  	0.267507  	-8.967600 
29.000000 	1.573638  	0.288724  	-8.967600 
30.000000 	1.537357  	0.309941  	-8.967600 
31.000000 	1.501077  	0.331158  	-8.967600 
32.000000 	1.468541  	0.353272  	-8.967600 
33.000000 	1.439750  	0.376283  	-8.967600 
34.000000 	1.410960  	0.399294  	-8.967600 
35.000000 	1.382169  	0.422305  	-8.967600 
36.000000 	1.353378  	0.445317  	-8.967600 
37.000000 	1.328447  	0.469564  	-8.967600 
38.000000 	1.303516  	0.493811  	-8.967600 
39.000000 	1.278585  	0.518059  	-8.967600 
40.000000 	1.253654  	0.542306  	-8.967600 
41.000000 	1.229575  	0.566878  	-8.967600 
42.000000 	1.206348  	0.591774  	-8.967600 
43.000000 	1.183120  	0.616670  	-8.967600 
44.000000 	1.159893  	0.641566  	-8.967600 
45.000000 	1.136665  	0.666462  	-8.967600 
46.000000 	1.113833  	0.691404  	-8.967600 
47.000000 	1.091000  	0.716346  	-8.967600 
48.000000 	1.068167  	0.741288  	-8.967600 
49.000000 	1.045335  	0.766230  	-8.967600 
50.000000 	1.022312  	0.790893  	-8.967600 
51.000000 	0.999099  	0.815278  	-8.967600 
52.000000 	0.975886  	0.839663  	-8.967600 
53.000000 	0.952673  	0.864048  	-8.967600 
54.000000 	0.929460  	0.888433  	-8.967600 
55.000000 	0.905454  	0.911673  	-8.967600 
56.000000 	0.881448  	0.934912  	-8.967600 
57.000000 	0.857442  	0.958152  	-8.967600 
58.000000 	0.833436  	0.981392  	-8.967600 
59.000000 	0.808958  	1.003779  	-8.967600 
60.000000 	0.784009  	1.025313  	-8.967600 
61.000000 	0.759059  	1.046848  	-8.967600 
62.000000 	0.734110  	1.068382  	-8.967600 
63.000000 	0.709161  	1.089917  	-8.967600 
64.000000 	0.683317  	1.109230  	-8.967600 
65.000000 	0.657473  	1.128542  	-8.967600 
66.000000 	0.631628  	1.147855  	-8.967600 
67.000000 	0.605784  	1.167168  	-8.967600 
68.000000 	0.579595  	1.185139  	-8.967600 
69.000000 	0.553060  	1.201768  	-8.967600 
70.000000 	0.526524  	1.218397  	-8.967600 
71.000000 	0.499989  	1.235026  	-8.967600 
72.000000 	0.473454  	1.251655  	-8.967600 
73.000000 	0.446554  	1.265206  	-8.967600 
74.000000 	0.419654  	1.278756  	-8.967600 
75.000000 	0.392754  	1.292307  	-8.967600 
76.000000 	0.365854  	1.305857  	-8.967600 
77.000000 	0.338982  	1.317709  	-8.967600 
78.000000 	0.312140  	1.327861  	-8.967600 
79.000000 	0.285297  	1.338014  	-8.967600 
80.000000 	0.258455  	1.348167  	-8.967600 
81.000000 	0.231613  	1.358320  	-8.967600 
82.000000 	0.205325  	1.364840  	-8.967600 
83.000000 	0.179037  	1.371360  	-8.967600 
84.000000 	0.152749  	1.377880  	-8.967600 
85.000000 	0.126461  	1.384400  	-8.967600 
86.000000 	0.100727  	1.389032  	-8.967600 
87.000000 	0.075545  	1.391774  	-8.967600 
88.000000 	0.050363  	1.394516  	-8.967600 
89.000000 	0.025182  	1.397258  	-8.967600 
90.000000 	0.000000  	1.400000  	-8.967600 
91.000000 	-0.017627 	1.397258  	-8.967600 
92.000000 	-0.035254 	1.394516  	-8.967600 
93.000000 	-0.052881 	1.391774  	-8.967600 
94.000000 	-0.070509 	1.389032  	-8.967600 
95.000000 	-0.088523 	1.384400  	-8.967600 
96.000000 	-0.106924 	1.377880  	-8.967600 
97.000000 	-0.125326 	1.371360  	-8.967600 
98.000000 	-0.143727 	1.364840  	-8.967600 
99.000000 	-0.162129 	1.358320  	-8.967600 
100.000000	-0.180918 	1.348167  	-8.967600 
101.000000	-0.199708 	1.338014  	-8.967600 
102.000000	-0.218498 	1.327861  	-8.967600 
103.000000	-0.237288 	1.317709  	-8.967600 
104.000000	-0.256097 	1.305857  	-8.967600 
105.000000	-0.274928 	1.292307  	-8.967600 
106.000000	-0.293758 	1.278756  	-8.967600 
107.000000	-0.312588 	1.265206  	-8.967600 
108.000000	-0.331418 	1.251655  	-8.967600 
109.000000	-0.349992 	1.235026  	-8.967600 
110.000000	-0.368567 	1.218397  	-8.967600 
111.000000	-0.387142 	1.201768  	-8.967600 
112.000000	-0.405716 	1.185139  	-8.967600 
113.000000	-0.424049 	1.167168  	-8.967600 
114.000000	-0.442140 	1.147855  	-8.967600 
115.000000	-0.460231 	1.128542  	-8.967600 
116.000000	-0.478322 	1.109230  	-8.967600 
117.000000	-0.496412 	1.089917  	-8.967600 
118.000000	-0.513877 	1.068382  	-8.967600 
119.000000	-0.531341 	1.046848  	-8.967600 
120.000000	-0.548806 	1.025313  	-8.967600 
121.000000	-0.566271 	1.003779  	-8.967600 
122.000000	-0.583405 	0.981392  	-8.967600 
123.000000	-0.600209 	0.958152  	-8.967600 
124.000000	-0.617013 	0.934912  	-8.967600 
125.000000	-0.633818 	0.911673  	-8.967600 
126.000000	-0.650622 	0.888433  	-8.967600 
127.000000	-0.666871 	0.864048  	-8.967600 
128.000000	-0.683120 	0.839663  	-8.967600 
129.000000	-0.699369 	0.815278  	-8.967600 
130.000000	-0.715618 	0.790893  	-8.967600 
131.000000	-0.731734 	0.766230  	-8.967600 
132.000000	-0.747717 	0.741288  	-8.967600 
133.000000	-0.763700 	0.716346  	-8.967600 
134.000000	-0.779683 	0.691404  	-8.967600 
135.000000	-0.795666 	0.666462  	-8.967600 
136.000000	-0.811925 	0.641566  	-8.967600 
137.000000	-0.828184 	0.616670  	-8.967600 
138.000000	-0.844443 	0.591774  	-8.967600 
139.000000	-0.860703 	0.566878  	-8.967600 
140.000000	-0.877558 	0.542306  	-8.967600 
141.000000	-0.895010 	0.518059  	-8.967600 
142.000000	-0.912461 	0.493811  	-8.967600 
143.000000	-0.929913 	0.469564  	-8.967600 
144.000000	-0.947365 	0.445317  	-8.967600 
145.000000	-0.967518 	0.422305  	-8.967600 
146.000000	-0.987672 	0.399294  	-8.967600 
147.000000	-1.007825 	0.376283  	-8.967600 
148.000000	-1.027979 	0.353272  	-8.967600 
149.000000	-1.050754 	0.331158  	-8.967600 
150.000000	-1.076150 	0.309941  	-8.967600 
151.000000	-1.101547 	0.288724  	-8.967600 
152.000000	-1.126943 	0.267507  	-8.967600 
153.000000	-1.152340 	0.246290  	-8.967600 
154.000000	-1.109661 	0.226657  	-8.967600 
155.000000	-1.066981 	0.207101  	-8.967600 
156.000000	-1.024302 	0.188547  	-8.967600 
157.000000	-0.981623 	0.170158  	-8.967600 
158.000000	-0.938944 	0.152766  	-8.967600 
159.000000	-0.896264 	0.135640  	-8.967600 
160.000000	-0.853585 	0.119487  	-8.967600 
161.000000	-0.810906 	0.103710  	-8.967600 
162.000000	-0.768227 	0.088869  	-8.967600 
163.000000	-0.725547 	0.074520  	-8.967600 
164.000000	-0.682868 	0.061058  	-8.967600 
165.000000	-0.640189 	0.048212  	-8.967600 
166.000000	-0.597510 	0.036188  	-8.967600 
167.000000	-0.554830 	0.024910  	-8.967600 
168.000000	-0.512151 	0.014378  	-8.967600 
169.000000	-0.469472 	0.007238  	-8.967600 
170.000000	-0.426793 	0.002642  	-8.967600 
171.000000	-0.384113 	0.001000  	-8.967600 
172.000000	-0.341434 	0.001000  	-8.967600 
173.000000	-0.298755 	0.001000  	-8.967600 
174.000000	-0.256076 	0.001000  	-8.967600 
175.000000	-0.213396 	0.001000  	-8.967600 
176.000000	-0.170717 	0.001000  	-8.967600 
177.000000	-0.128038 	0.001000  	-8.967600 
178.000000	-0.085359 	0.001000  	-8.967600 
179.000000	-0.042679 	0.001000  	-8.967600 
180.000000	0.000000  	0.001000  	-8.967600 
! ------------------------------------------------------------------------------
! data for table	8         
! ------------------------------------------------------------------------------
  0.900000  	Re           ! Reynolds number in millions
  0.000000  	UserProp     ! User property (control) setting
Flase           InclUAdata   ! Is unsteady aerodynamics data included in this table? If TRUE, then include UA coefficients below this line. Any missing coefficients will be calculated internally.
! Table of aerodynamics coefficients
  361       	NumAlf       ! Number of data lines in the following table
!Alpha      Cl          Cd          Cm/Cp
!(deg)      (-)         (-)         (-)
-180.000000	0.000000  	0.001000  	-8.988100 
-179.000000	0.042604  	0.001000  	-8.988100 
-178.000000	0.085208  	0.001000  	-8.988100 
-177.000000	0.127812  	0.001000  	-8.988100 
-176.000000	0.170416  	0.001000  	-8.988100 
-175.000000	0.213020  	0.001000  	-8.988100 
-174.000000	0.255624  	0.001000  	-8.988100 
-173.000000	0.298229  	0.001000  	-8.988100 
-172.000000	0.340833  	0.001000  	-8.988100 
-171.000000	0.383437  	0.001000  	-8.988100 
-170.000000	0.426041  	0.002992  	-8.988100 
-169.000000	0.468645  	0.008569  	-8.988100 
-168.000000	0.511249  	0.016266  	-8.988100 
-167.000000	0.553853  	0.026791  	-8.988100 
-166.000000	0.596457  	0.038061  	-8.988100 
-165.000000	0.639061  	0.050077  	-8.988100 
-164.000000	0.681665  	0.062913  	-8.988100 
-163.000000	0.724269  	0.076366  	-8.988100 
-162.000000	0.766873  	0.090705  	-8.988100 
-161.000000	0.809477  	0.105535  	-8.988100 
-160.000000	0.852081  	0.121301  	-8.988100 
-159.000000	0.894686  	0.137442  	-8.988100 
-158.000000	0.937290  	0.154556  	-8.988100 
-157.000000	0.979894  	0.171935  	-8.988100 
-156.000000	1.022498  	0.190310  	-8.988100 
-155.000000	1.065102  	0.208850  	-8.988100 
-154.000000	1.107706  	0.228392  	-8.988100 
-153.000000	1.150310  	0.248010  	-8.988100 
-152.000000	1.125006  	0.269210  	-8.988100 
-151.000000	1.099701  	0.290411  	-8.988100 
-150.000000	1.074397  	0.311611  	-8.988100 
-149.000000	1.049092  	0.332812  	-8.988100 
-148.000000	1.026399  	0.354908  	-8.988100 
-147.000000	1.006317  	0.377901  	-8.988100 
-146.000000	0.986236  	0.400893  	-8.988100 
-145.000000	0.966154  	0.423886  	-8.988100 
-144.000000	0.946072  	0.446878  	-8.988100 
-143.000000	0.928678  	0.471105  	-8.988100 
-142.000000	0.911284  	0.495331  	-8.988100 
-141.000000	0.893890  	0.519558  	-8.988100 
-140.000000	0.876496  	0.543785  	-8.988100 
-139.000000	0.859693  	0.568334  	-8.988100 
-138.000000	0.843481  	0.593208  	-8.988100 
-137.000000	0.827269  	0.618081  	-8.988100 
-136.000000	0.811057  	0.642954  	-8.988100 
-135.000000	0.794845  	0.667827  	-8.988100 
-134.000000	0.778901  	0.692744  	-8.988100 
-133.000000	0.762958  	0.717661  	-8.988100 
-132.000000	0.747014  	0.742579  	-8.988100 
-131.000000	0.731071  	0.767496  	-8.988100 
-130.000000	0.714991  	0.792134  	-8.988100 
-129.000000	0.698775  	0.816492  	-8.988100 
-128.000000	0.682559  	0.840851  	-8.988100 
-127.000000	0.666342  	0.865209  	-8.988100 
-126.000000	0.650126  	0.889568  	-8.988100 
-125.000000	0.633349  	0.912780  	-8.988100 
-124.000000	0.616573  	0.935991  	-8.988100 
-123.000000	0.599796  	0.959203  	-8.988100 
-122.000000	0.583019  	0.982414  	-8.988100 
-121.000000	0.565910  	1.004773  	-8.988100 
-120.000000	0.548469  	1.026278  	-8.988100 
-119.000000	0.531027  	1.047783  	-8.988100 
-118.000000	0.513586  	1.069288  	-8.988100 
-117.000000	0.496144  	1.090793  	-8.988100 
-116.000000	0.478072  	1.110075  	-8.988100 
-115.000000	0.460000  	1.129358  	-8.988100 
-114.000000	0.441928  	1.148640  	-8.988100 
-113.000000	0.423856  	1.167922  	-8.988100 
-112.000000	0.405540  	1.185862  	-8.988100 
-111.000000	0.386980  	1.202459  	-8.988100 
-110.000000	0.368421  	1.219057  	-8.988100 
-109.000000	0.349861  	1.235654  	-8.988100 
-108.000000	0.331301  	1.252252  	-8.988100 
-107.000000	0.312483  	1.265770  	-8.988100 
-106.000000	0.293664  	1.279288  	-8.988100 
-105.000000	0.274845  	1.292806  	-8.988100 
-104.000000	0.256027  	1.306324  	-8.988100 
-103.000000	0.237227  	1.318143  	-8.988100 
-102.000000	0.218445  	1.328263  	-8.988100 
-101.000000	0.199663  	1.338382  	-8.988100 
-100.000000	0.180882  	1.348502  	-8.988100 
-99.000000	0.162100  	1.358622  	-8.988100 
-98.000000	0.143703  	1.365109  	-8.988100 
-97.000000	0.125307  	1.371595  	-8.988100 
-96.000000	0.106910  	1.378082  	-8.988100 
-95.000000	0.088513  	1.384569  	-8.988100 
-94.000000	0.070502  	1.389166  	-8.988100 
-93.000000	0.052877  	1.391875  	-8.988100 
-92.000000	0.035251  	1.394583  	-8.988100 
-91.000000	0.017626  	1.397292  	-8.988100 
-90.000000	0.000000  	1.400000  	-8.988100 
-89.000000	-0.017626 	1.397292  	-8.988100 
-88.000000	-0.035251 	1.394583  	-8.988100 
-87.000000	-0.052877 	1.391875  	-8.988100 
-86.000000	-0.070502 	1.389166  	-8.988100 
-85.000000	-0.088513 	1.384569  	-8.988100 
-84.000000	-0.106910 	1.378082  	-8.988100 
-83.000000	-0.125307 	1.371595  	-8.988100 
-82.000000	-0.143703 	1.365109  	-8.988100 
-81.000000	-0.162100 	1.358622  	-8.988100 
-80.000000	-0.180882 	1.348502  	-8.988100 
-79.000000	-0.199663 	1.338382  	-8.988100 
-78.000000	-0.218445 	1.328263  	-8.988100 
-77.000000	-0.237227 	1.318143  	-8.988100 
-76.000000	-0.256027 	1.306324  	-8.988100 
-75.000000	-0.274845 	1.292806  	-8.988100 
-74.000000	-0.293664 	1.279288  	-8.988100 
-73.000000	-0.312483 	1.265770  	-8.988100 
-72.000000	-0.331301 	1.252252  	-8.988100 
-71.000000	-0.349861 	1.235654  	-8.988100 
-70.000000	-0.368421 	1.219057  	-8.988100 
-69.000000	-0.386980 	1.202459  	-8.988100 
-68.000000	-0.405540 	1.185862  	-8.988100 
-67.000000	-0.423856 	1.167922  	-8.988100 
-66.000000	-0.441928 	1.148640  	-8.988100 
-65.000000	-0.460000 	1.129358  	-8.988100 
-64.000000	-0.478072 	1.110075  	-8.988100 
-63.000000	-0.496144 	1.090793  	-8.988100 
-62.000000	-0.513586 	1.069288  	-8.988100 
-61.000000	-0.531027 	1.047783  	-8.988100 
-60.000000	-0.548469 	1.026278  	-8.988100 
-59.000000	-0.565910 	1.004773  	-8.988100 
-58.000000	-0.583019 	0.982414  	-8.988100 
-57.000000	-0.599796 	0.959203  	-8.988100 
-56.000000	-0.616573 	0.935991  	-8.988100 
-55.000000	-0.633349 	0.912780  	-8.988100 
-54.000000	-0.650126 	0.889568  	-8.988100 
-53.000000	-0.666342 	0.865209  	-8.988100 
-52.000000	-0.682559 	0.840851  	-8.988100 
-51.000000	-0.698775 	0.816492  	-8.988100 
-50.000000	-0.714991 	0.792134  	-8.988100 
-49.000000	-0.731071 	0.767496  	-8.988100 
-48.000000	-0.747014 	0.742579  	-8.988100 
-47.000000	-0.762958 	0.717661  	-8.988100 
-46.000000	-0.778901 	0.692744  	-8.988100 
-45.000000	-0.794845 	0.667827  	-8.988100 
-44.000000	-0.811057 	0.642954  	-8.988100 
-43.000000	-0.827269 	0.618081  	-8.988100 
-42.000000	-0.843481 	0.593208  	-8.988100 
-41.000000	-0.859693 	0.568334  	-8.988100 
-40.000000	-0.876496 	0.543785  	-8.988100 
-39.000000	-0.893890 	0.519558  	-8.988100 
-38.000000	-0.911284 	0.495331  	-8.988100 
-37.000000	-0.928678 	0.471105  	-8.988100 
-36.000000	-0.946072 	0.446878  	-8.988100 
-35.000000	-0.966154 	0.423886  	-8.988100 
-34.000000	-0.986236 	0.400893  	-8.988100 
-33.000000	-1.006317 	0.377901  	-8.988100 
-32.000000	-1.026399 	0.354908  	-8.988100 
-31.000000	-1.049092 	0.332812  	-8.988100 
-30.000000	-1.074397 	0.311611  	-8.988100 
-29.000000	-1.099701 	0.290411  	-8.988100 
-28.000000	-1.125006 	0.269210  	-8.988100 
-27.000000	-1.150310 	0.248010  	-8.988100 
-26.000000	-1.121486 	0.234514  	-8.988100 
-25.000000	-1.092662 	0.221018  	-8.988100 
-24.000000	-1.063838 	0.207522  	-8.988100 
-23.000000	-1.035014 	0.194026  	-8.988100 
-22.000000	-1.006189 	0.180531  	-8.988100 
-21.000000	-0.977365 	0.167035  	-8.988100 
-20.000000	-0.948541 	0.153539  	-8.988100 
-19.000000	-0.919717 	0.140043  	-8.988100 
-18.000000	-0.890893 	0.126547  	-8.988100 
-17.000000	-0.862069 	0.113051  	-8.988100 
-16.000000	-0.833245 	0.099555  	-8.988100 
-15.000000	-0.804421 	0.086059  	-8.988100 
-14.000000	-0.775596 	0.072564  	-8.988100 
-13.000000	-0.746772 	0.059068  	-8.988100 
-12.000000	-0.717948 	0.045572  	-8.130188 
-11.000000	-0.689124 	0.032076  	-6.128394 
-10.000000	-0.660300 	0.018580  	-4.126600 
-9.000000 	-0.487200 	0.015030  	-3.280900 
-8.000000 	-0.342000 	0.012480  	-2.582100 
-7.000000 	-0.188700 	0.009640  	-1.926100 
-6.000000 	-0.059600 	0.009150  	-1.371300 
-5.000000 	0.066000  	0.009030  	-0.898900 
-4.000000 	0.190100  	0.009060  	-0.693300 
-3.000000 	0.313400  	0.009160  	-0.764800 
-2.000000 	0.436300  	0.009270  	-0.842300 
-1.000000 	0.558600  	0.009430  	-0.921700 
0.000000  	0.680000  	0.009630  	-1.005100 
1.000000  	0.800600  	0.009850  	-1.096000 
2.000000  	0.920000  	0.010020  	-1.219400 
3.000000  	1.038200  	0.010290  	-1.384500 
4.000000  	1.155200  	0.010600  	-1.588800 
5.000000  	1.269000  	0.011070  	-1.874800 
6.000000  	1.375800  	0.012080  	-2.330000 
7.000000  	1.467800  	0.014200  	-2.821500 
8.000000  	1.549200  	0.016570  	-3.338800 
9.000000  	1.620300  	0.018960  	-3.841100 
10.000000 	1.664400  	0.021950  	-4.311200 
11.000000 	1.683650  	0.028050  	-4.719150 
12.000000 	1.702900  	0.034150  	-5.127100 
13.000000 	1.708900  	0.044050  	-5.498300 
14.000000 	1.714600  	0.054760  	-5.875400 
15.000000 	1.713400  	0.066840  	-6.200600 
16.000000 	1.705000  	0.080530  	-6.545700 
17.000000 	1.682200  	0.096790  	-6.761500 
18.000000 	1.669100  	0.112370  	-7.023100 
19.000000 	1.653800  	0.128810  	-7.300800 
20.000000 	1.635000  	0.146370  	-7.456200 
21.000000 	1.618200  	0.163860  	-7.596400 
22.000000 	1.617900  	0.178620  	-7.853100 
23.000000 	1.620000  	0.193300  	-8.077200 
24.000000 	1.624900  	0.207390  	-8.372100 
25.000000 	1.634200  	0.220350  	-8.608300 
26.000000 	1.645500  	0.232150  	-8.876100 
27.000000 	1.643300  	0.248010  	-8.988100 
28.000000 	1.607151  	0.269210  	-8.988100 
29.000000 	1.571002  	0.290411  	-8.988100 
30.000000 	1.534852  	0.311611  	-8.988100 
31.000000 	1.498703  	0.332812  	-8.988100 
32.000000 	1.466285  	0.354908  	-8.988100 
33.000000 	1.437596  	0.377901  	-8.988100 
34.000000 	1.408908  	0.400893  	-8.988100 
35.000000 	1.380220  	0.423886  	-8.988100 
36.000000 	1.351532  	0.446878  	-8.988100 
37.000000 	1.326683  	0.471105  	-8.988100 
38.000000 	1.301834  	0.495331  	-8.988100 
39.000000 	1.276986  	0.519558  	-8.988100 
40.000000 	1.252137  	0.543785  	-8.988100 
41.000000 	1.228133  	0.568334  	-8.988100 
42.000000 	1.204973  	0.593208  	-8.988100 
43.000000 	1.181813  	0.618081  	-8.988100 
44.000000 	1.158653  	0.642954  	-8.988100 
45.000000 	1.135493  	0.667827  	-8.988100 
46.000000 	1.112716  	0.692744  	-8.988100 
47.000000 	1.089940  	0.717661  	-8.988100 
48.000000 	1.067163  	0.742579  	-8.988100 
49.000000 	1.044387  	0.767496  	-8.988100 
50.000000 	1.021416  	0.792134  	-8.988100 
51.000000 	0.998250  	0.816492  	-8.988100 
52.000000 	0.975084  	0.840851  	-8.988100 
53.000000 	0.951918  	0.865209  	-8.988100 
54.000000 	0.928752  	0.889568  	-8.988100 
55.000000 	0.904785  	0.912780  	-8.988100 
56.000000 	0.880818  	0.935991  	-8.988100 
57.000000 	0.856852  	0.959203  	-8.988100 
58.000000 	0.832885  	0.982414  	-8.988100 
59.000000 	0.808443  	1.004773  	-8.988100 
60.000000 	0.783527  	1.026278  	-8.988100 
61.000000 	0.758610  	1.047783  	-8.988100 
62.000000 	0.733694  	1.069288  	-8.988100 
63.000000 	0.708777  	1.090793  	-8.988100 
64.000000 	0.682960  	1.110075  	-8.988100 
65.000000 	0.657143  	1.129358  	-8.988100 
66.000000 	0.631325  	1.148640  	-8.988100 
67.000000 	0.605508  	1.167922  	-8.988100 
68.000000 	0.579343  	1.185862  	-8.988100 
69.000000 	0.552829  	1.202459  	-8.988100 
70.000000 	0.526315  	1.219057  	-8.988100 
71.000000 	0.499801  	1.235654  	-8.988100 
72.000000 	0.473288  	1.252252  	-8.988100 
73.000000 	0.446404  	1.265770  	-8.988100 
74.000000 	0.419520  	1.279288  	-8.988100 
75.000000 	0.392636  	1.292806  	-8.988100 
76.000000 	0.365752  	1.306324  	-8.988100 
77.000000 	0.338895  	1.318143  	-8.988100 
78.000000 	0.312064  	1.328263  	-8.988100 
79.000000 	0.285233  	1.338382  	-8.988100 
80.000000 	0.258402  	1.348502  	-8.988100 
81.000000 	0.231571  	1.358622  	-8.988100 
82.000000 	0.205290  	1.365109  	-8.988100 
83.000000 	0.179009  	1.371595  	-8.988100 
84.000000 	0.152729  	1.378082  	-8.988100 
85.000000 	0.126448  	1.384569  	-8.988100 
86.000000 	0.100717  	1.389166  	-8.988100 
87.000000 	0.075538  	1.391875  	-8.988100 
88.000000 	0.050359  	1.394583  	-8.988100 
89.000000 	0.025179  	1.397292  	-8.988100 
90.000000 	0.000000  	1.400000  	-8.988100 
91.000000 	-0.017626 	1.397292  	-8.988100 
92.000000 	-0.035251 	1.394583  	-8.988100 
93.000000 	-0.052877 	1.391875  	-8.988100 
94.000000 	-0.070502 	1.389166  	-8.988100 
95.000000 	-0.088513 	1.384569  	-8.988100 
96.000000 	-0.106910 	1.378082  	-8.988100 
97.000000 	-0.125307 	1.371595  	-8.988100 
98.000000 	-0.143703 	1.365109  	-8.988100 
99.000000 	-0.162100 	1.358622  	-8.988100 
100.000000	-0.180882 	1.348502  	-8.988100 
101.000000	-0.199663 	1.338382  	-8.988100 
102.000000	-0.218445 	1.328263  	-8.988100 
103.000000	-0.237227 	1.318143  	-8.988100 
104.000000	-0.256027 	1.306324  	-8.988100 
105.000000	-0.274845 	1.292806  	-8.988100 
106.000000	-0.293664 	1.279288  	-8.988100 
107.000000	-0.312483 	1.265770  	-8.988100 
108.000000	-0.331301 	1.252252  	-8.988100 
109.000000	-0.349861 	1.235654  	-8.988100 
110.000000	-0.368421 	1.219057  	-8.988100 
111.000000	-0.386980 	1.202459  	-8.988100 
112.000000	-0.405540 	1.185862  	-8.988100 
113.000000	-0.423856 	1.167922  	-8.988100 
114.000000	-0.441928 	1.148640  	-8.988100 
115.000000	-0.460000 	1.129358  	-8.988100 
116.000000	-0.478072 	1.110075  	-8.988100 
117.000000	-0.496144 	1.090793  	-8.988100 
118.000000	-0.513586 	1.069288  	-8.988100 
119.000000	-0.531027 	1.047783  	-8.988100 
120.000000	-0.548469 	1.026278  	-8.988100 
121.000000	-0.565910 	1.004773  	-8.988100 
122.000000	-0.583019 	0.982414  	-8.988100 
123.000000	-0.599796 	0.959203  	-8.988100 
124.000000	-0.616573 	0.935991  	-8.988100 
125.000000	-0.633349 	0.912780  	-8.988100 
126.000000	-0.650126 	0.889568  	-8.988100 
127.000000	-0.666342 	0.865209  	-8.988100 
128.000000	-0.682559 	0.840851  	-8.988100 
129.000000	-0.698775 	0.816492  	-8.988100 
130.000000	-0.714991 	0.792134  	-8.988100 
131.000000	-0.731071 	0.767496  	-8.988100 
132.000000	-0.747014 	0.742579  	-8.988100 
133.000000	-0.762958 	0.717661  	-8.988100 
134.000000	-0.778901 	0.692744  	-8.988100 
135.000000	-0.794845 	0.667827  	-8.988100 
136.000000	-0.811057 	0.642954  	-8.988100 
137.000000	-0.827269 	0.618081  	-8.988100 
138.000000	-0.843481 	0.593208  	-8.988100 
139.000000	-0.859693 	0.568334  	-8.988100 
140.000000	-0.876496 	0.543785  	-8.988100 
141.000000	-0.893890 	0.519558  	-8.988100 
142.000000	-0.911284 	0.495331  	-8.988100 
143.000000	-0.928678 	0.471105  	-8.988100 
144.000000	-0.946072 	0.446878  	-8.988100 
145.000000	-0.966154 	0.423886  	-8.988100 
146.000000	-0.986236 	0.400893  	-8.988100 
147.000000	-1.006317 	0.377901  	-8.988100 
148.000000	-1.026399 	0.354908  	-8.988100 
149.000000	-1.049092 	0.332812  	-8.988100 
150.000000	-1.074397 	0.311611  	-8.988100 
151.000000	-1.099701 	0.290411  	-8.988100 
152.000000	-1.125006 	0.269210  	-8.988100 
153.000000	-1.150310 	0.248010  	-8.988100 
154.000000	-1.107706 	0.228392  	-8.988100 
155.000000	-1.065102 	0.208850  	-8.988100 
156.000000	-1.022498 	0.190310  	-8.988100 
157.000000	-0.979894 	0.171935  	-8.988100 
158.000000	-0.937290 	0.154556  	-8.988100 
159.000000	-0.894686 	0.137442  	-8.988100 
160.000000	-0.852081 	0.121301  	-8.988100 
161.000000	-0.809477 	0.105535  	-8.988100 
162.000000	-0.766873 	0.090705  	-8.988100 
163.000000	-0.724269 	0.076366  	-8.988100 
164.000000	-0.681665 	0.062913  	-8.988100 
165.000000	-0.639061 	0.050077  	-8.988100 
166.000000	-0.596457 	0.038061  	-8.988100 
167.000000	-0.553853 	0.026791  	-8.988100 
168.000000	-0.511249 	0.016266  	-8.988100 
169.000000	-0.468645 	0.008569  	-8.988100 
170.000000	-0.426041 	0.002992  	-8.988100 
171.000000	-0.383437 	0.001000  	-8.988100 
172.000000	-0.340833 	0.001000  	-8.988100 
173.000000	-0.298229 	0.001000  	-8.988100 
174.000000	-0.255624 	0.001000  	-8.988100 
175.000000	-0.213020 	0.001000  	-8.988100 
176.000000	-0.170416 	0.001000  	-8.988100 
177.000000	-0.127812 	0.001000  	-8.988100 
178.000000	-0.085208 	0.001000  	-8.988100 
179.000000	-0.042604 	0.001000  	-8.988100 
180.000000	0.000000  	0.001000  	-8.988100 
! ------------------------------------------------------------------------------
! data for table	9         
! ------------------------------------------------------------------------------
  1.000000  	Re           ! Reynolds number in millions
  0.000000  	UserProp     ! User property (control) setting
Flase           InclUAdata   ! Is unsteady aerodynamics data included in this table? If TRUE, then include UA coefficients below this line. Any missing coefficients will be calculated internally.
! Table of aerodynamics coefficients
  361       	NumAlf       ! Number of data lines in the following table
!Alpha      Cl          Cd          Cm/Cp
!(deg)      (-)         (-)         (-)
-180.000000	0.000000  	0.001000  	-8.953000 
-179.000000	0.040758  	0.001000  	-8.953000 
-178.000000	0.081515  	0.001000  	-8.953000 
-177.000000	0.122273  	0.001000  	-8.953000 
-176.000000	0.163030  	0.001000  	-8.953000 
-175.000000	0.203788  	0.001000  	-8.953000 
-174.000000	0.244545  	0.001000  	-8.953000 
-173.000000	0.285302  	0.001000  	-8.953000 
-172.000000	0.326060  	0.001000  	-8.953000 
-171.000000	0.366817  	0.001000  	-8.953000 
-170.000000	0.407575  	0.001000  	-8.953000 
-169.000000	0.448332  	0.008262  	-8.953000 
-168.000000	0.489090  	0.015524  	-8.953000 
-167.000000	0.529847  	0.026414  	-8.953000 
-166.000000	0.570605  	0.037304  	-8.953000 
-165.000000	0.611362  	0.049726  	-8.953000 
-164.000000	0.652120  	0.062149  	-8.953000 
-163.000000	0.692877  	0.076045  	-8.953000 
-162.000000	0.733635  	0.089940  	-8.953000 
-161.000000	0.774393  	0.105242  	-8.953000 
-160.000000	0.815150  	0.120544  	-8.953000 
-159.000000	0.855908  	0.137178  	-8.953000 
-158.000000	0.896665  	0.153812  	-8.953000 
-157.000000	0.937423  	0.171699  	-8.953000 
-156.000000	0.978180  	0.189586  	-8.953000 
-155.000000	1.018937  	0.208640  	-8.953000 
-154.000000	1.059695  	0.227693  	-8.953000 
-153.000000	1.100452  	0.247822  	-8.953000 
-152.000000	1.141210  	0.267950  	-8.953000 
-151.000000	1.116460  	0.289585  	-8.953000 
-150.000000	1.091709  	0.311219  	-8.953000 
-149.000000	1.066959  	0.332854  	-8.953000 
-148.000000	1.042208  	0.354488  	-8.953000 
-147.000000	1.020136  	0.377068  	-8.953000 
-146.000000	1.000072  	0.400356  	-8.953000 
-145.000000	0.980009  	0.423645  	-8.953000 
-144.000000	0.959946  	0.446934  	-8.953000 
-143.000000	0.940229  	0.470380  	-8.953000 
-142.000000	0.922594  	0.494776  	-8.953000 
-141.000000	0.904960  	0.519171  	-8.953000 
-140.000000	0.887325  	0.543566  	-8.953000 
-139.000000	0.869691  	0.567962  	-8.953000 
-138.000000	0.852818  	0.592738  	-8.953000 
-137.000000	0.836250  	0.617668  	-8.953000 
-136.000000	0.819682  	0.642597  	-8.953000 
-135.000000	0.803114  	0.667526  	-8.953000 
-134.000000	0.786612  	0.692441  	-8.953000 
-133.000000	0.770277  	0.717320  	-8.953000 
-132.000000	0.753942  	0.742199  	-8.953000 
-131.000000	0.737606  	0.767077  	-8.953000 
-130.000000	0.721271  	0.791956  	-8.953000 
-129.000000	0.704711  	0.816292  	-8.953000 
-128.000000	0.688113  	0.840537  	-8.953000 
-127.000000	0.671516  	0.864782  	-8.953000 
-126.000000	0.654918  	0.889028  	-8.953000 
-125.000000	0.638097  	0.912758  	-8.953000 
-124.000000	0.620976  	0.935804  	-8.953000 
-123.000000	0.603856  	0.958849  	-8.953000 
-122.000000	0.586736  	0.981894  	-8.953000 
-121.000000	0.569615  	1.004939  	-8.953000 
-120.000000	0.551883  	1.026246  	-8.953000 
-119.000000	0.534150  	1.047553  	-8.953000 
-118.000000	0.516417  	1.068860  	-8.953000 
-117.000000	0.498684  	1.090168  	-8.953000 
-116.000000	0.480625  	1.110199  	-8.953000 
-115.000000	0.462320  	1.129272  	-8.953000 
-114.000000	0.444016  	1.148346  	-8.953000 
-113.000000	0.425712  	1.167420  	-8.953000 
-112.000000	0.407346  	1.186112  	-8.953000 
-111.000000	0.388613  	1.202510  	-8.953000 
-110.000000	0.369881  	1.218909  	-8.953000 
-109.000000	0.351148  	1.235307  	-8.953000 
-108.000000	0.332415  	1.251706  	-8.953000 
-107.000000	0.313537  	1.265924  	-8.953000 
-106.000000	0.294600  	1.279269  	-8.953000 
-105.000000	0.275664  	1.292615  	-8.953000 
-104.000000	0.256727  	1.305961  	-8.953000 
-103.000000	0.237814  	1.318347  	-8.953000 
-102.000000	0.218962  	1.328335  	-8.953000 
-101.000000	0.200110  	1.338324  	-8.953000 
-100.000000	0.181258  	1.348312  	-8.953000 
-99.000000	0.162405  	1.358300  	-8.953000 
-98.000000	0.143915  	1.365219  	-8.953000 
-97.000000	0.125485  	1.371626  	-8.953000 
-96.000000	0.107055  	1.378033  	-8.953000 
-95.000000	0.088624  	1.384440  	-8.953000 
-94.000000	0.070535  	1.389252  	-8.953000 
-93.000000	0.052902  	1.391939  	-8.953000 
-92.000000	0.035268  	1.394626  	-8.953000 
-91.000000	0.017634  	1.397313  	-8.953000 
-90.000000	0.000000  	1.400000  	-8.953000 
-89.000000	-0.017634 	1.397313  	-8.953000 
-88.000000	-0.035268 	1.394626  	-8.953000 
-87.000000	-0.052902 	1.391939  	-8.953000 
-86.000000	-0.070535 	1.389252  	-8.953000 
-85.000000	-0.088624 	1.384440  	-8.953000 
-84.000000	-0.107055 	1.378033  	-8.953000 
-83.000000	-0.125485 	1.371626  	-8.953000 
-82.000000	-0.143915 	1.365219  	-8.953000 
-81.000000	-0.162405 	1.358300  	-8.953000 
-80.000000	-0.181258 	1.348312  	-8.953000 
-79.000000	-0.200110 	1.338324  	-8.953000 
-78.000000	-0.218962 	1.328335  	-8.953000 
-77.000000	-0.237814 	1.318347  	-8.953000 
-76.000000	-0.256727 	1.305961  	-8.953000 
-75.000000	-0.275664 	1.292615  	-8.953000 
-74.000000	-0.294600 	1.279269  	-8.953000 
-73.000000	-0.313537 	1.265924  	-8.953000 
-72.000000	-0.332415 	1.251706  	-8.953000 
-71.000000	-0.351148 	1.235307  	-8.953000 
-70.000000	-0.369881 	1.218909  	-8.953000 
-69.000000	-0.388613 	1.202510  	-8.953000 
-68.000000	-0.407346 	1.186112  	-8.953000 
-67.000000	-0.425712 	1.167420  	-8.953000 
-66.000000	-0.444016 	1.148346  	-8.953000 
-65.000000	-0.462320 	1.129272  	-8.953000 
-64.000000	-0.480625 	1.110199  	-8.953000 
-63.000000	-0.498684 	1.090168  	-8.953000 
-62.000000	-0.516417 	1.068860  	-8.953000 
-61.000000	-0.534150 	1.047553  	-8.953000 
-60.000000	-0.551883 	1.026246  	-8.953000 
-59.000000	-0.569615 	1.004939  	-8.953000 
-58.000000	-0.586736 	0.981894  	-8.953000 
-57.000000	-0.603856 	0.958849  	-8.953000 
-56.000000	-0.620976 	0.935804  	-8.953000 
-55.000000	-0.638097 	0.912758  	-8.953000 
-54.000000	-0.654918 	0.889028  	-8.953000 
-53.000000	-0.671516 	0.864782  	-8.953000 
-52.000000	-0.688113 	0.840537  	-8.953000 
-51.000000	-0.704711 	0.816292  	-8.953000 
-50.000000	-0.721271 	0.791956  	-8.953000 
-49.000000	-0.737606 	0.767077  	-8.953000 
-48.000000	-0.753942 	0.742199  	-8.953000 
-47.000000	-0.770277 	0.717320  	-8.953000 
-46.000000	-0.786612 	0.692441  	-8.953000 
-45.000000	-0.803114 	0.667526  	-8.953000 
-44.000000	-0.819682 	0.642597  	-8.953000 
-43.000000	-0.836250 	0.617668  	-8.953000 
-42.000000	-0.852818 	0.592738  	-8.953000 
-41.000000	-0.869691 	0.567962  	-8.953000 
-40.000000	-0.887325 	0.543566  	-8.953000 
-39.000000	-0.904960 	0.519171  	-8.953000 
-38.000000	-0.922594 	0.494776  	-8.953000 
-37.000000	-0.940229 	0.470380  	-8.953000 
-36.000000	-0.959946 	0.446934  	-8.953000 
-35.000000	-0.980009 	0.423645  	-8.953000 
-34.000000	-1.000072 	0.400356  	-8.953000 
-33.000000	-1.020136 	0.377068  	-8.953000 
-32.000000	-1.042208 	0.354488  	-8.953000 
-31.000000	-1.066959 	0.332854  	-8.953000 
-30.000000	-1.091709 	0.311219  	-8.953000 
-29.000000	-1.116460 	0.289585  	-8.953000 
-28.000000	-1.141210 	0.267950  	-8.953000 
-27.000000	-1.113065 	0.254031  	-8.953000 
-26.000000	-1.084920 	0.240111  	-8.953000 
-25.000000	-1.056775 	0.226192  	-8.953000 
-24.000000	-1.028630 	0.212272  	-8.953000 
-23.000000	-1.000485 	0.198353  	-8.953000 
-22.000000	-0.972340 	0.184433  	-8.953000 
-21.000000	-0.944195 	0.170514  	-8.953000 
-20.000000	-0.916050 	0.156594  	-8.953000 
-19.000000	-0.887905 	0.142675  	-8.953000 
-18.000000	-0.859760 	0.128756  	-8.953000 
-17.000000	-0.831615 	0.114836  	-8.953000 
-16.000000	-0.803470 	0.100917  	-8.953000 
-15.000000	-0.775325 	0.086997  	-8.953000 
-14.000000	-0.747180 	0.073078  	-8.953000 
-13.000000	-0.719035 	0.059158  	-8.953000 
-12.000000	-0.690890 	0.045239  	-7.866311 
-11.000000	-0.662745 	0.031319  	-5.964606 
-10.000000	-0.634600 	0.017400  	-4.062900 
-9.000000 	-0.484300 	0.014630  	-3.278000 
-8.000000 	-0.342800 	0.012510  	-2.590200 
-7.000000 	-0.187800 	0.009500  	-1.913400 
-6.000000 	-0.058400 	0.008950  	-1.372600 
-5.000000 	0.067200  	0.008790  	-0.903400 
-4.000000 	0.191500  	0.008780  	-0.694600 
-3.000000 	0.315000  	0.008840  	-0.765500 
-2.000000 	0.437700  	0.008960  	-0.843200 
-1.000000 	0.559900  	0.009120  	-0.922800 
0.000000  	0.681300  	0.009320  	-1.005700 
1.000000  	0.801800  	0.009530  	-1.097300 
2.000000  	0.920900  	0.009740  	-1.242000 
3.000000  	1.040000  	0.009950  	-1.386700 
4.000000  	1.156500  	0.010300  	-1.591100 
5.000000  	1.270400  	0.010800  	-1.880500 
6.000000  	1.376600  	0.011930  	-2.332000 
7.000000  	1.468400  	0.014100  	-2.818300 
8.000000  	1.550900  	0.016400  	-3.341600 
9.000000  	1.624300  	0.018650  	-3.863000 
10.000000 	1.660800  	0.022330  	-4.320100 
11.000000 	1.697300  	0.026010  	-4.777200 
12.000000 	1.707000  	0.033660  	-5.160500 
13.000000 	1.719400  	0.042870  	-5.565700 
14.000000 	1.727200  	0.053270  	-5.931600 
15.000000 	1.727400  	0.065070  	-6.288700 
16.000000 	1.722800  	0.078100  	-6.611800 
17.000000 	1.702000  	0.093900  	-6.873500 
18.000000 	1.677900  	0.110890  	-7.078600 
19.000000 	1.662700  	0.127230  	-7.344400 
20.000000 	1.645100  	0.144410  	-7.558000 
21.000000 	1.630600  	0.161730  	-7.767200 
22.000000 	1.621800  	0.178110  	-7.932350 
23.000000 	1.613000  	0.194490  	-8.097500 
24.000000 	1.615900  	0.209510  	-8.319100 
25.000000 	1.620700  	0.223870  	-8.530700 
26.000000 	1.624300  	0.238450  	-8.673000 
27.000000 	1.625300  	0.253840  	-8.840000 
28.000000 	1.630300  	0.267950  	-8.953000 
29.000000 	1.594942  	0.289585  	-8.953000 
30.000000 	1.559584  	0.311219  	-8.953000 
31.000000 	1.524226  	0.332854  	-8.953000 
32.000000 	1.488869  	0.354488  	-8.953000 
33.000000 	1.457337  	0.377068  	-8.953000 
34.000000 	1.428675  	0.400356  	-8.953000 
35.000000 	1.400013  	0.423645  	-8.953000 
36.000000 	1.371351  	0.446934  	-8.953000 
37.000000 	1.343184  	0.470380  	-8.953000 
38.000000 	1.317992  	0.494776  	-8.953000 
39.000000 	1.292800  	0.519171  	-8.953000 
40.000000 	1.267608  	0.543566  	-8.953000 
41.000000 	1.242415  	0.567962  	-8.953000 
42.000000 	1.218311  	0.592738  	-8.953000 
43.000000 	1.194643  	0.617668  	-8.953000 
44.000000 	1.170974  	0.642597  	-8.953000 
45.000000 	1.147305  	0.667526  	-8.953000 
46.000000 	1.123732  	0.692441  	-8.953000 
47.000000 	1.100396  	0.717320  	-8.953000 
48.000000 	1.077059  	0.742199  	-8.953000 
49.000000 	1.053723  	0.767077  	-8.953000 
50.000000 	1.030387  	0.791956  	-8.953000 
51.000000 	1.006730  	0.816292  	-8.953000 
52.000000 	0.983019  	0.840537  	-8.953000 
53.000000 	0.959308  	0.864782  	-8.953000 
54.000000 	0.935598  	0.889028  	-8.953000 
55.000000 	0.911567  	0.912758  	-8.953000 
56.000000 	0.887109  	0.935804  	-8.953000 
57.000000 	0.862652  	0.958849  	-8.953000 
58.000000 	0.838194  	0.981894  	-8.953000 
59.000000 	0.813736  	1.004939  	-8.953000 
60.000000 	0.788404  	1.026246  	-8.953000 
61.000000 	0.763071  	1.047553  	-8.953000 
62.000000 	0.737739  	1.068860  	-8.953000 
63.000000 	0.712406  	1.090168  	-8.953000 
64.000000 	0.686607  	1.110199  	-8.953000 
65.000000 	0.660458  	1.129272  	-8.953000 
66.000000 	0.634309  	1.148346  	-8.953000 
67.000000 	0.608159  	1.167420  	-8.953000 
68.000000 	0.581923  	1.186112  	-8.953000 
69.000000 	0.555162  	1.202510  	-8.953000 
70.000000 	0.528401  	1.218909  	-8.953000 
71.000000 	0.501640  	1.235307  	-8.953000 
72.000000 	0.474879  	1.251706  	-8.953000 
73.000000 	0.447910  	1.265924  	-8.953000 
74.000000 	0.420858  	1.279269  	-8.953000 
75.000000 	0.393805  	1.292615  	-8.953000 
76.000000 	0.366753  	1.305961  	-8.953000 
77.000000 	0.339735  	1.318347  	-8.953000 
78.000000 	0.312803  	1.328335  	-8.953000 
79.000000 	0.285871  	1.338324  	-8.953000 
80.000000 	0.258939  	1.348312  	-8.953000 
81.000000 	0.232008  	1.358300  	-8.953000 
82.000000 	0.205593  	1.365219  	-8.953000 
83.000000 	0.179264  	1.371626  	-8.953000 
84.000000 	0.152935  	1.378033  	-8.953000 
85.000000 	0.126606  	1.384440  	-8.953000 
86.000000 	0.100765  	1.389252  	-8.953000 
87.000000 	0.075574  	1.391939  	-8.953000 
88.000000 	0.050382  	1.394626  	-8.953000 
89.000000 	0.025191  	1.397313  	-8.953000 
90.000000 	0.000000  	1.400000  	-8.953000 
91.000000 	-0.017634 	1.397313  	-8.953000 
92.000000 	-0.035268 	1.394626  	-8.953000 
93.000000 	-0.052902 	1.391939  	-8.953000 
94.000000 	-0.070535 	1.389252  	-8.953000 
95.000000 	-0.088624 	1.384440  	-8.953000 
96.000000 	-0.107055 	1.378033  	-8.953000 
97.000000 	-0.125485 	1.371626  	-8.953000 
98.000000 	-0.143915 	1.365219  	-8.953000 
99.000000 	-0.162405 	1.358300  	-8.953000 
100.000000	-0.181258 	1.348312  	-8.953000 
101.000000	-0.200110 	1.338324  	-8.953000 
102.000000	-0.218962 	1.328335  	-8.953000 
103.000000	-0.237814 	1.318347  	-8.953000 
104.000000	-0.256727 	1.305961  	-8.953000 
105.000000	-0.275664 	1.292615  	-8.953000 
106.000000	-0.294600 	1.279269  	-8.953000 
107.000000	-0.313537 	1.265924  	-8.953000 
108.000000	-0.332415 	1.251706  	-8.953000 
109.000000	-0.351148 	1.235307  	-8.953000 
110.000000	-0.369881 	1.218909  	-8.953000 
111.000000	-0.388613 	1.202510  	-8.953000 
112.000000	-0.407346 	1.186112  	-8.953000 
113.000000	-0.425712 	1.167420  	-8.953000 
114.000000	-0.444016 	1.148346  	-8.953000 
115.000000	-0.462320 	1.129272  	-8.953000 
116.000000	-0.480625 	1.110199  	-8.953000 
117.000000	-0.498684 	1.090168  	-8.953000 
118.000000	-0.516417 	1.068860  	-8.953000 
119.000000	-0.534150 	1.047553  	-8.953000 
120.000000	-0.551883 	1.026246  	-8.953000 
121.000000	-0.569615 	1.004939  	-8.953000 
122.000000	-0.586736 	0.981894  	-8.953000 
123.000000	-0.603856 	0.958849  	-8.953000 
124.000000	-0.620976 	0.935804  	-8.953000 
125.000000	-0.638097 	0.912758  	-8.953000 
126.000000	-0.654918 	0.889028  	-8.953000 
127.000000	-0.671516 	0.864782  	-8.953000 
128.000000	-0.688113 	0.840537  	-8.953000 
129.000000	-0.704711 	0.816292  	-8.953000 
130.000000	-0.721271 	0.791956  	-8.953000 
131.000000	-0.737606 	0.767077  	-8.953000 
132.000000	-0.753942 	0.742199  	-8.953000 
133.000000	-0.770277 	0.717320  	-8.953000 
134.000000	-0.786612 	0.692441  	-8.953000 
135.000000	-0.803114 	0.667526  	-8.953000 
136.000000	-0.819682 	0.642597  	-8.953000 
137.000000	-0.836250 	0.617668  	-8.953000 
138.000000	-0.852818 	0.592738  	-8.953000 
139.000000	-0.869691 	0.567962  	-8.953000 
140.000000	-0.887325 	0.543566  	-8.953000 
141.000000	-0.904960 	0.519171  	-8.953000 
142.000000	-0.922594 	0.494776  	-8.953000 
143.000000	-0.940229 	0.470380  	-8.953000 
144.000000	-0.959946 	0.446934  	-8.953000 
145.000000	-0.980009 	0.423645  	-8.953000 
146.000000	-1.000072 	0.400356  	-8.953000 
147.000000	-1.020136 	0.377068  	-8.953000 
148.000000	-1.042208 	0.354488  	-8.953000 
149.000000	-1.066959 	0.332854  	-8.953000 
150.000000	-1.091709 	0.311219  	-8.953000 
151.000000	-1.116460 	0.289585  	-8.953000 
152.000000	-1.141210 	0.267950  	-8.953000 
153.000000	-1.100452 	0.247822  	-8.953000 
154.000000	-1.059695 	0.227693  	-8.953000 
155.000000	-1.018937 	0.208640  	-8.953000 
156.000000	-0.978180 	0.189586  	-8.953000 
157.000000	-0.937423 	0.171699  	-8.953000 
158.000000	-0.896665 	0.153812  	-8.953000 
159.000000	-0.855908 	0.137178  	-8.953000 
160.000000	-0.815150 	0.120544  	-8.953000 
161.000000	-0.774393 	0.105242  	-8.953000 
162.000000	-0.733635 	0.089940  	-8.953000 
163.000000	-0.692877 	0.076045  	-8.953000 
164.000000	-0.652120 	0.062149  	-8.953000 
165.000000	-0.611362 	0.049726  	-8.953000 
166.000000	-0.570605 	0.037304  	-8.953000 
167.000000	-0.529847 	0.026414  	-8.953000 
168.000000	-0.489090 	0.015524  	-8.953000 
169.000000	-0.448332 	0.008262  	-8.953000 
170.000000	-0.407575 	0.001000  	-8.953000 
171.000000	-0.366817 	0.001000  	-8.953000 
172.000000	-0.326060 	0.001000  	-8.953000 
173.000000	-0.285302 	0.001000  	-8.953000 
174.000000	-0.244545 	0.001000  	-8.953000 
175.000000	-0.203788 	0.001000  	-8.953000 
176.000000	-0.163030 	0.001000  	-8.953000 
177.000000	-0.122273 	0.001000  	-8.953000 
178.000000	-0.081515 	0.001000  	-8.953000 
179.000000	-0.040758 	0.001000  	-8.953000 
180.000000	0.000000  	0.001000  	-8.953000 
! ------------------------------------------------------------------------------
! data for table	10        
! ------------------------------------------------------------------------------
  1.100000  	Re           ! Reynolds number in millions
  0.000000  	UserProp     ! User property (control) setting
Flase           InclUAdata   ! Is unsteady aerodynamics data included in this table? If TRUE, then include UA coefficients below this line. Any missing coefficients will be calculated internally.
! Table of aerodynamics coefficients
  361       	NumAlf       ! Number of data lines in the following table
!Alpha      Cl          Cd          Cm/Cp
!(deg)      (-)         (-)         (-)
-180.000000	0.000000  	0.001000  	-9.027600 
-179.000000	0.040853  	0.001000  	-9.027600 
-178.000000	0.081705  	0.001000  	-9.027600 
-177.000000	0.122558  	0.001000  	-9.027600 
-176.000000	0.163410  	0.001000  	-9.027600 
-175.000000	0.204263  	0.001000  	-9.027600 
-174.000000	0.245115  	0.001000  	-9.027600 
-173.000000	0.285967  	0.001000  	-9.027600 
-172.000000	0.326820  	0.001000  	-9.027600 
-171.000000	0.367672  	0.001000  	-9.027600 
-170.000000	0.408525  	0.001000  	-9.027600 
-169.000000	0.449377  	0.007636  	-9.027600 
-168.000000	0.490230  	0.014272  	-9.027600 
-167.000000	0.531082  	0.025167  	-9.027600 
-166.000000	0.571935  	0.036062  	-9.027600 
-165.000000	0.612787  	0.048490  	-9.027600 
-164.000000	0.653640  	0.060919  	-9.027600 
-163.000000	0.694492  	0.074821  	-9.027600 
-162.000000	0.735345  	0.088723  	-9.027600 
-161.000000	0.776197  	0.104032  	-9.027600 
-160.000000	0.817050  	0.119341  	-9.027600 
-159.000000	0.857903  	0.135983  	-9.027600 
-158.000000	0.898755  	0.152626  	-9.027600 
-157.000000	0.939608  	0.170521  	-9.027600 
-156.000000	0.980460  	0.188417  	-9.027600 
-155.000000	1.021312  	0.207480  	-9.027600 
-154.000000	1.062165  	0.226543  	-9.027600 
-153.000000	1.103017  	0.246681  	-9.027600 
-152.000000	1.143870  	0.266820  	-9.027600 
-151.000000	1.118999  	0.288466  	-9.027600 
-150.000000	1.094129  	0.310112  	-9.027600 
-149.000000	1.069258  	0.331757  	-9.027600 
-148.000000	1.044388  	0.353403  	-9.027600 
-147.000000	1.022210  	0.375995  	-9.027600 
-146.000000	1.002052  	0.399296  	-9.027600 
-145.000000	0.981894  	0.422597  	-9.027600 
-144.000000	0.961736  	0.445899  	-9.027600 
-143.000000	0.941928  	0.469358  	-9.027600 
-142.000000	0.924217  	0.493768  	-9.027600 
-141.000000	0.906506  	0.518177  	-9.027600 
-140.000000	0.888794  	0.542587  	-9.027600 
-139.000000	0.871083  	0.566996  	-9.027600 
-138.000000	0.854144  	0.591788  	-9.027600 
-137.000000	0.837512  	0.616732  	-9.027600 
-136.000000	0.820881  	0.641677  	-9.027600 
-135.000000	0.804250  	0.666622  	-9.027600 
-134.000000	0.787688  	0.691552  	-9.027600 
-133.000000	0.771300  	0.716448  	-9.027600 
-132.000000	0.754912  	0.741343  	-9.027600 
-131.000000	0.738524  	0.766238  	-9.027600 
-130.000000	0.722135  	0.791133  	-9.027600 
-129.000000	0.705530  	0.815487  	-9.027600 
-128.000000	0.688888  	0.839750  	-9.027600 
-127.000000	0.672246  	0.864013  	-9.027600 
-126.000000	0.655604  	0.888276  	-9.027600 
-125.000000	0.638741  	0.912025  	-9.027600 
-124.000000	0.621584  	0.935088  	-9.027600 
-123.000000	0.604426  	0.958152  	-9.027600 
-122.000000	0.587269  	0.981216  	-9.027600 
-121.000000	0.570111  	1.004280  	-9.027600 
-120.000000	0.552347  	1.025606  	-9.027600 
-119.000000	0.534583  	1.046933  	-9.027600 
-118.000000	0.516820  	1.068260  	-9.027600 
-117.000000	0.499056  	1.089587  	-9.027600 
-116.000000	0.480969  	1.109638  	-9.027600 
-115.000000	0.462639  	1.128732  	-9.027600 
-114.000000	0.444309  	1.147826  	-9.027600 
-113.000000	0.425979  	1.166920  	-9.027600 
-112.000000	0.407589  	1.185632  	-9.027600 
-111.000000	0.388836  	1.202052  	-9.027600 
-110.000000	0.370083  	1.218471  	-9.027600 
-109.000000	0.351330  	1.234891  	-9.027600 
-108.000000	0.332577  	1.251310  	-9.027600 
-107.000000	0.313681  	1.265550  	-9.027600 
-106.000000	0.294729  	1.278917  	-9.027600 
-105.000000	0.275777  	1.292284  	-9.027600 
-104.000000	0.256825  	1.305651  	-9.027600 
-103.000000	0.237898  	1.318059  	-9.027600 
-102.000000	0.219035  	1.328069  	-9.027600 
-101.000000	0.200172  	1.338080  	-9.027600 
-100.000000	0.181309  	1.348090  	-9.027600 
-99.000000	0.162445  	1.358100  	-9.027600 
-98.000000	0.143948  	1.365041  	-9.027600 
-97.000000	0.125511  	1.371470  	-9.027600 
-96.000000	0.107074  	1.377899  	-9.027600 
-95.000000	0.088638  	1.384328  	-9.027600 
-94.000000	0.070544  	1.389163  	-9.027600 
-93.000000	0.052908  	1.391872  	-9.027600 
-92.000000	0.035272  	1.394582  	-9.027600 
-91.000000	0.017636  	1.397291  	-9.027600 
-90.000000	0.000000  	1.400000  	-9.027600 
-89.000000	-0.017636 	1.397291  	-9.027600 
-88.000000	-0.035272 	1.394582  	-9.027600 
-87.000000	-0.052908 	1.391872  	-9.027600 
-86.000000	-0.070544 	1.389163  	-9.027600 
-85.000000	-0.088638 	1.384328  	-9.027600 
-84.000000	-0.107074 	1.377899  	-9.027600 
-83.000000	-0.125511 	1.371470  	-9.027600 
-82.000000	-0.143948 	1.365041  	-9.027600 
-81.000000	-0.162445 	1.358100  	-9.027600 
-80.000000	-0.181309 	1.348090  	-9.027600 
-79.000000	-0.200172 	1.338080  	-9.027600 
-78.000000	-0.219035 	1.328069  	-9.027600 
-77.000000	-0.237898 	1.318059  	-9.027600 
-76.000000	-0.256825 	1.305651  	-9.027600 
-75.000000	-0.275777 	1.292284  	-9.027600 
-74.000000	-0.294729 	1.278917  	-9.027600 
-73.000000	-0.313681 	1.265550  	-9.027600 
-72.000000	-0.332577 	1.251310  	-9.027600 
-71.000000	-0.351330 	1.234891  	-9.027600 
-70.000000	-0.370083 	1.218471  	-9.027600 
-69.000000	-0.388836 	1.202052  	-9.027600 
-68.000000	-0.407589 	1.185632  	-9.027600 
-67.000000	-0.425979 	1.166920  	-9.027600 
-66.000000	-0.444309 	1.147826  	-9.027600 
-65.000000	-0.462639 	1.128732  	-9.027600 
-64.000000	-0.480969 	1.109638  	-9.027600 
-63.000000	-0.499056 	1.089587  	-9.027600 
-62.000000	-0.516820 	1.068260  	-9.027600 
-61.000000	-0.534583 	1.046933  	-9.027600 
-60.000000	-0.552347 	1.025606  	-9.027600 
-59.000000	-0.570111 	1.004280  	-9.027600 
-58.000000	-0.587269 	0.981216  	-9.027600 
-57.000000	-0.604426 	0.958152  	-9.027600 
-56.000000	-0.621584 	0.935088  	-9.027600 
-55.000000	-0.638741 	0.912025  	-9.027600 
-54.000000	-0.655604 	0.888276  	-9.027600 
-53.000000	-0.672246 	0.864013  	-9.027600 
-52.000000	-0.688888 	0.839750  	-9.027600 
-51.000000	-0.705530 	0.815487  	-9.027600 
-50.000000	-0.722135 	0.791133  	-9.027600 
-49.000000	-0.738524 	0.766238  	-9.027600 
-48.000000	-0.754912 	0.741343  	-9.027600 
-47.000000	-0.771300 	0.716448  	-9.027600 
-46.000000	-0.787688 	0.691552  	-9.027600 
-45.000000	-0.804250 	0.666622  	-9.027600 
-44.000000	-0.820881 	0.641677  	-9.027600 
-43.000000	-0.837512 	0.616732  	-9.027600 
-42.000000	-0.854144 	0.591788  	-9.027600 
-41.000000	-0.871083 	0.566996  	-9.027600 
-40.000000	-0.888794 	0.542587  	-9.027600 
-39.000000	-0.906506 	0.518177  	-9.027600 
-38.000000	-0.924217 	0.493768  	-9.027600 
-37.000000	-0.941928 	0.469358  	-9.027600 
-36.000000	-0.961736 	0.445899  	-9.027600 
-35.000000	-0.981894 	0.422597  	-9.027600 
-34.000000	-1.002052 	0.399296  	-9.027600 
-33.000000	-1.022210 	0.375995  	-9.027600 
-32.000000	-1.044388 	0.353403  	-9.027600 
-31.000000	-1.069258 	0.331757  	-9.027600 
-30.000000	-1.094129 	0.310112  	-9.027600 
-29.000000	-1.118999 	0.288466  	-9.027600 
-28.000000	-1.143870 	0.266820  	-9.027600 
-27.000000	-1.114944 	0.252948  	-9.027600 
-26.000000	-1.086018 	0.239076  	-9.027600 
-25.000000	-1.057092 	0.225203  	-9.027600 
-24.000000	-1.028166 	0.211331  	-9.027600 
-23.000000	-0.999239 	0.197459  	-9.027600 
-22.000000	-0.970313 	0.183587  	-9.027600 
-21.000000	-0.941387 	0.169714  	-9.027600 
-20.000000	-0.912461 	0.155842  	-9.027600 
-19.000000	-0.883535 	0.141970  	-9.027600 
-18.000000	-0.854609 	0.128098  	-9.027600 
-17.000000	-0.825683 	0.114226  	-9.027600 
-16.000000	-0.796757 	0.100353  	-9.027600 
-15.000000	-0.767831 	0.086481  	-9.027600 
-14.000000	-0.738904 	0.072609  	-9.027600 
-13.000000	-0.709978 	0.058737  	-9.027600 
-12.000000	-0.681052 	0.044864  	-7.917844 
-11.000000	-0.652126 	0.030992  	-5.975772 
-10.000000	-0.623200 	0.017120  	-4.033700 
-9.000000 	-0.482900 	0.014420  	-3.278300 
-8.000000 	-0.342800 	0.012470  	-2.591000 
-7.000000 	-0.187400 	0.009440  	-1.913800 
-6.000000 	-0.057200 	0.008800  	-1.371100 
-5.000000 	0.068600  	0.008590  	-0.901700 
-4.000000 	0.192700  	0.008580  	-0.695600 
-3.000000 	0.316400  	0.008610  	-0.766700 
-2.000000 	0.439100  	0.008700  	-0.844400 
-1.000000 	0.561400  	0.008840  	-0.924000 
0.000000  	0.682800  	0.009010  	-1.006800 
1.000000  	0.803400  	0.009210  	-1.098600 
2.000000  	0.923100  	0.009410  	-1.221100 
3.000000  	1.041600  	0.009680  	-1.388200 
4.000000  	1.158800  	0.010000  	-1.593600 
5.000000  	1.272300  	0.010570  	-1.883600 
6.000000  	1.377600  	0.011840  	-2.334900 
7.000000  	1.469500  	0.014010  	-2.821900 
8.000000  	1.553600  	0.016190  	-3.350200 
9.000000  	1.616100  	0.018710  	-3.856850 
10.000000 	1.678600  	0.021230  	-4.363500 
11.000000 	1.703000  	0.025590  	-4.799100 
12.000000 	1.713200  	0.033090  	-5.186000 
13.000000 	1.731700  	0.041620  	-5.618500 
14.000000 	1.739300  	0.051960  	-5.985700 
15.000000 	1.743700  	0.063170  	-6.369100 
16.000000 	1.733500  	0.076790  	-6.670100 
17.000000 	1.718200  	0.091760  	-6.958900 
18.000000 	1.703600  	0.107230  	-7.226200 
19.000000 	1.685200  	0.123790  	-7.489000 
20.000000 	1.663000  	0.141570  	-7.689200 
21.000000 	1.639000  	0.160380  	-7.844700 
22.000000 	1.620600  	0.178540  	-7.936000 
23.000000 	1.619300  	0.193840  	-8.170600 
24.000000 	1.619000  	0.209430  	-8.370800 
25.000000 	1.621600  	0.224300  	-8.559200 
26.000000 	1.626000  	0.238660  	-8.719800 
27.000000 	1.632200  	0.252430  	-8.967500 
28.000000 	1.634100  	0.266820  	-9.027600 
29.000000 	1.598571  	0.288466  	-9.027600 
30.000000 	1.563041  	0.310112  	-9.027600 
31.000000 	1.527512  	0.331757  	-9.027600 
32.000000 	1.491982  	0.353403  	-9.027600 
33.000000 	1.460300  	0.375995  	-9.027600 
34.000000 	1.431503  	0.399296  	-9.027600 
35.000000 	1.402706  	0.422597  	-9.027600 
36.000000 	1.373909  	0.445899  	-9.027600 
37.000000 	1.345611  	0.469358  	-9.027600 
38.000000 	1.320310  	0.493768  	-9.027600 
39.000000 	1.295008  	0.518177  	-9.027600 
40.000000 	1.269706  	0.542587  	-9.027600 
41.000000 	1.244405  	0.566996  	-9.027600 
42.000000 	1.220205  	0.591788  	-9.027600 
43.000000 	1.196446  	0.616732  	-9.027600 
44.000000 	1.172687  	0.641677  	-9.027600 
45.000000 	1.148928  	0.666622  	-9.027600 
46.000000 	1.125269  	0.691552  	-9.027600 
47.000000 	1.101857  	0.716448  	-9.027600 
48.000000 	1.078445  	0.741343  	-9.027600 
49.000000 	1.055034  	0.766238  	-9.027600 
50.000000 	1.031622  	0.791133  	-9.027600 
51.000000 	1.007900  	0.815487  	-9.027600 
52.000000 	0.984126  	0.839750  	-9.027600 
53.000000 	0.960352  	0.864013  	-9.027600 
54.000000 	0.936578  	0.888276  	-9.027600 
55.000000 	0.912488  	0.912025  	-9.027600 
56.000000 	0.887977  	0.935088  	-9.027600 
57.000000 	0.863466  	0.958152  	-9.027600 
58.000000 	0.838955  	0.981216  	-9.027600 
59.000000 	0.814444  	1.004280  	-9.027600 
60.000000 	0.789068  	1.025606  	-9.027600 
61.000000 	0.763691  	1.046933  	-9.027600 
62.000000 	0.738314  	1.068260  	-9.027600 
63.000000 	0.712937  	1.089587  	-9.027600 
64.000000 	0.687098  	1.109638  	-9.027600 
65.000000 	0.660913  	1.128732  	-9.027600 
66.000000 	0.634727  	1.147826  	-9.027600 
67.000000 	0.608542  	1.166920  	-9.027600 
68.000000 	0.582270  	1.185632  	-9.027600 
69.000000 	0.555480  	1.202052  	-9.027600 
70.000000 	0.528690  	1.218471  	-9.027600 
71.000000 	0.501900  	1.234891  	-9.027600 
72.000000 	0.475110  	1.251310  	-9.027600 
73.000000 	0.448116  	1.265550  	-9.027600 
74.000000 	0.421042  	1.278917  	-9.027600 
75.000000 	0.393967  	1.292284  	-9.027600 
76.000000 	0.366893  	1.305651  	-9.027600 
77.000000 	0.339855  	1.318059  	-9.027600 
78.000000 	0.312907  	1.328069  	-9.027600 
79.000000 	0.285960  	1.338080  	-9.027600 
80.000000 	0.259012  	1.348090  	-9.027600 
81.000000 	0.232065  	1.358100  	-9.027600 
82.000000 	0.205640  	1.365041  	-9.027600 
83.000000 	0.179301  	1.371470  	-9.027600 
84.000000 	0.152963  	1.377899  	-9.027600 
85.000000 	0.126625  	1.384328  	-9.027600 
86.000000 	0.100777  	1.389163  	-9.027600 
87.000000 	0.075583  	1.391872  	-9.027600 
88.000000 	0.050389  	1.394582  	-9.027600 
89.000000 	0.025194  	1.397291  	-9.027600 
90.000000 	0.000000  	1.400000  	-9.027600 
91.000000 	-0.017636 	1.397291  	-9.027600 
92.000000 	-0.035272 	1.394582  	-9.027600 
93.000000 	-0.052908 	1.391872  	-9.027600 
94.000000 	-0.070544 	1.389163  	-9.027600 
95.000000 	-0.088638 	1.384328  	-9.027600 
96.000000 	-0.107074 	1.377899  	-9.027600 
97.000000 	-0.125511 	1.371470  	-9.027600 
98.000000 	-0.143948 	1.365041  	-9.027600 
99.000000 	-0.162445 	1.358100  	-9.027600 
100.000000	-0.181309 	1.348090  	-9.027600 
101.000000	-0.200172 	1.338080  	-9.027600 
102.000000	-0.219035 	1.328069  	-9.027600 
103.000000	-0.237898 	1.318059  	-9.027600 
104.000000	-0.256825 	1.305651  	-9.027600 
105.000000	-0.275777 	1.292284  	-9.027600 
106.000000	-0.294729 	1.278917  	-9.027600 
107.000000	-0.313681 	1.265550  	-9.027600 
108.000000	-0.332577 	1.251310  	-9.027600 
109.000000	-0.351330 	1.234891  	-9.027600 
110.000000	-0.370083 	1.218471  	-9.027600 
111.000000	-0.388836 	1.202052  	-9.027600 
112.000000	-0.407589 	1.185632  	-9.027600 
113.000000	-0.425979 	1.166920  	-9.027600 
114.000000	-0.444309 	1.147826  	-9.027600 
115.000000	-0.462639 	1.128732  	-9.027600 
116.000000	-0.480969 	1.109638  	-9.027600 
117.000000	-0.499056 	1.089587  	-9.027600 
118.000000	-0.516820 	1.068260  	-9.027600 
119.000000	-0.534583 	1.046933  	-9.027600 
120.000000	-0.552347 	1.025606  	-9.027600 
121.000000	-0.570111 	1.004280  	-9.027600 
122.000000	-0.587269 	0.981216  	-9.027600 
123.000000	-0.604426 	0.958152  	-9.027600 
124.000000	-0.621584 	0.935088  	-9.027600 
125.000000	-0.638741 	0.912025  	-9.027600 
126.000000	-0.655604 	0.888276  	-9.027600 
127.000000	-0.672246 	0.864013  	-9.027600 
128.000000	-0.688888 	0.839750  	-9.027600 
129.000000	-0.705530 	0.815487  	-9.027600 
130.000000	-0.722135 	0.791133  	-9.027600 
131.000000	-0.738524 	0.766238  	-9.027600 
132.000000	-0.754912 	0.741343  	-9.027600 
133.000000	-0.771300 	0.716448  	-9.027600 
134.000000	-0.787688 	0.691552  	-9.027600 
135.000000	-0.804250 	0.666622  	-9.027600 
136.000000	-0.820881 	0.641677  	-9.027600 
137.000000	-0.837512 	0.616732  	-9.027600 
138.000000	-0.854144 	0.591788  	-9.027600 
139.000000	-0.871083 	0.566996  	-9.027600 
140.000000	-0.888794 	0.542587  	-9.027600 
141.000000	-0.906506 	0.518177  	-9.027600 
142.000000	-0.924217 	0.493768  	-9.027600 
143.000000	-0.941928 	0.469358  	-9.027600 
144.000000	-0.961736 	0.445899  	-9.027600 
145.000000	-0.981894 	0.422597  	-9.027600 
146.000000	-1.002052 	0.399296  	-9.027600 
147.000000	-1.022210 	0.375995  	-9.027600 
148.000000	-1.044388 	0.353403  	-9.027600 
149.000000	-1.069258 	0.331757  	-9.027600 
150.000000	-1.094129 	0.310112  	-9.027600 
151.000000	-1.118999 	0.288466  	-9.027600 
152.000000	-1.143870 	0.266820  	-9.027600 
153.000000	-1.103017 	0.246681  	-9.027600 
154.000000	-1.062165 	0.226543  	-9.027600 
155.000000	-1.021312 	0.207480  	-9.027600 
156.000000	-0.980460 	0.188417  	-9.027600 
157.000000	-0.939608 	0.170521  	-9.027600 
158.000000	-0.898755 	0.152626  	-9.027600 
159.000000	-0.857903 	0.135983  	-9.027600 
160.000000	-0.817050 	0.119341  	-9.027600 
161.000000	-0.776197 	0.104032  	-9.027600 
162.000000	-0.735345 	0.088723  	-9.027600 
163.000000	-0.694492 	0.074821  	-9.027600 
164.000000	-0.653640 	0.060919  	-9.027600 
165.000000	-0.612787 	0.048490  	-9.027600 
166.000000	-0.571935 	0.036062  	-9.027600 
167.000000	-0.531082 	0.025167  	-9.027600 
168.000000	-0.490230 	0.014272  	-9.027600 
169.000000	-0.449377 	0.007636  	-9.027600 
170.000000	-0.408525 	0.001000  	-9.027600 
171.000000	-0.367672 	0.001000  	-9.027600 
172.000000	-0.326820 	0.001000  	-9.027600 
173.000000	-0.285967 	0.001000  	-9.027600 
174.000000	-0.245115 	0.001000  	-9.027600 
175.000000	-0.204263 	0.001000  	-9.027600 
176.000000	-0.163410 	0.001000  	-9.027600 
177.000000	-0.122558 	0.001000  	-9.027600 
178.000000	-0.081705 	0.001000  	-9.027600 
179.000000	-0.040853 	0.001000  	-9.027600 
180.000000	0.000000  	0.001000  	-9.027600 
! ------------------------------------------------------------------------------
! data for table	11        
! ------------------------------------------------------------------------------
  1.200000  	Re           ! Reynolds number in millions
  0.000000  	UserProp     ! User property (control) setting
Flase           InclUAdata   ! Is unsteady aerodynamics data included in this table? If TRUE, then include UA coefficients below this line. Any missing coefficients will be calculated internally.
! Table of aerodynamics coefficients
  361       	NumAlf       ! Number of data lines in the following table
!Alpha      Cl          Cd          Cm/Cp
!(deg)      (-)         (-)         (-)
-180.000000	0.000000  	0.001000  	-9.536700 
-179.000000	0.040301  	0.001000  	-9.536700 
-178.000000	0.080601  	0.001000  	-9.536700 
-177.000000	0.120902  	0.001000  	-9.536700 
-176.000000	0.161203  	0.001000  	-9.536700 
-175.000000	0.201503  	0.001000  	-9.536700 
-174.000000	0.241804  	0.001000  	-9.536700 
-173.000000	0.282105  	0.001000  	-9.536700 
-172.000000	0.322406  	0.001000  	-9.536700 
-171.000000	0.362706  	0.001000  	-9.536700 
-170.000000	0.403007  	0.001000  	-9.536700 
-169.000000	0.443308  	0.001000  	-9.536700 
-168.000000	0.483608  	0.001000  	-9.536700 
-167.000000	0.523909  	0.007461  	-9.536700 
-166.000000	0.564210  	0.018767  	-9.536700 
-165.000000	0.604510  	0.030877  	-9.536700 
-164.000000	0.644811  	0.043791  	-9.536700 
-163.000000	0.685112  	0.057356  	-9.536700 
-162.000000	0.725412  	0.071788  	-9.536700 
-161.000000	0.765713  	0.086736  	-9.536700 
-160.000000	0.806014  	0.102612  	-9.536700 
-159.000000	0.846314  	0.118878  	-9.536700 
-158.000000	0.886615  	0.136117  	-9.536700 
-157.000000	0.926916  	0.153630  	-9.536700 
-156.000000	0.967217  	0.172143  	-9.536700 
-155.000000	1.007517  	0.190825  	-9.536700 
-154.000000	1.047818  	0.210518  	-9.536700 
-153.000000	1.088119  	0.230288  	-9.536700 
-152.000000	1.128419  	0.251059  	-9.536700 
-151.000000	1.168720  	0.271830  	-9.536700 
-150.000000	1.142790  	0.294046  	-9.536700 
-149.000000	1.116860  	0.316262  	-9.536700 
-148.000000	1.090930  	0.338477  	-9.536700 
-147.000000	1.065000  	0.360693  	-9.536700 
-146.000000	1.041991  	0.383898  	-9.536700 
-145.000000	1.020606  	0.407653  	-9.536700 
-144.000000	0.999220  	0.431407  	-9.536700 
-143.000000	0.977835  	0.455162  	-9.536700 
-142.000000	0.957145  	0.479203  	-9.536700 
-141.000000	0.938193  	0.503959  	-9.536700 
-140.000000	0.919242  	0.528715  	-9.536700 
-139.000000	0.900291  	0.553472  	-9.536700 
-138.000000	0.881340  	0.578228  	-9.536700 
-137.000000	0.863450  	0.603396  	-9.536700 
-136.000000	0.845641  	0.628595  	-9.536700 
-135.000000	0.827833  	0.653795  	-9.536700 
-134.000000	0.810024  	0.678994  	-9.536700 
-133.000000	0.792412  	0.704122  	-9.536700 
-132.000000	0.774948  	0.729196  	-9.536700 
-131.000000	0.757483  	0.754271  	-9.536700 
-130.000000	0.740019  	0.779345  	-9.536700 
-129.000000	0.722526  	0.804272  	-9.536700 
-128.000000	0.704929  	0.828657  	-9.536700 
-127.000000	0.687332  	0.853042  	-9.536700 
-126.000000	0.669735  	0.877427  	-9.536700 
-125.000000	0.652138  	0.901812  	-9.536700 
-124.000000	0.634210  	0.925138  	-9.536700 
-123.000000	0.616228  	0.948286  	-9.536700 
-122.000000	0.598245  	0.971435  	-9.536700 
-121.000000	0.580262  	0.994584  	-9.536700 
-120.000000	0.562043  	1.016856  	-9.536700 
-119.000000	0.543587  	1.038250  	-9.536700 
-118.000000	0.525131  	1.059645  	-9.536700 
-117.000000	0.506675  	1.081040  	-9.536700 
-116.000000	0.488157  	1.102115  	-9.536700 
-115.000000	0.469266  	1.121279  	-9.536700 
-114.000000	0.450374  	1.140443  	-9.536700 
-113.000000	0.431483  	1.159607  	-9.536700 
-112.000000	0.412592  	1.178771  	-9.536700 
-111.000000	0.393467  	1.195849  	-9.536700 
-110.000000	0.374277  	1.212357  	-9.536700 
-109.000000	0.355088  	1.228866  	-9.536700 
-108.000000	0.335899  	1.245375  	-9.536700 
-107.000000	0.316675  	1.260590  	-9.536700 
-106.000000	0.297403  	1.274081  	-9.536700 
-105.000000	0.278132  	1.287572  	-9.536700 
-104.000000	0.258860  	1.301063  	-9.536700 
-103.000000	0.239603  	1.314318  	-9.536700 
-102.000000	0.220527  	1.324499  	-9.536700 
-101.000000	0.201451  	1.334680  	-9.536700 
-100.000000	0.182375  	1.344861  	-9.536700 
-99.000000	0.163299  	1.355042  	-9.536700 
-98.000000	0.144595  	1.362704  	-9.536700 
-97.000000	0.126040  	1.369360  	-9.536700 
-96.000000	0.107485  	1.376015  	-9.536700 
-95.000000	0.088930  	1.382670  	-9.536700 
-94.000000	0.070690  	1.388018  	-9.536700 
-93.000000	0.053018  	1.391014  	-9.536700 
-92.000000	0.035345  	1.394009  	-9.536700 
-91.000000	0.017673  	1.397005  	-9.536700 
-90.000000	0.000000  	1.400000  	-9.536700 
-89.000000	-0.017673 	1.397005  	-9.536700 
-88.000000	-0.035345 	1.394009  	-9.536700 
-87.000000	-0.053018 	1.391014  	-9.536700 
-86.000000	-0.070690 	1.388018  	-9.536700 
-85.000000	-0.088930 	1.382670  	-9.536700 
-84.000000	-0.107485 	1.376015  	-9.536700 
-83.000000	-0.126040 	1.369360  	-9.536700 
-82.000000	-0.144595 	1.362704  	-9.536700 
-81.000000	-0.163299 	1.355042  	-9.536700 
-80.000000	-0.182375 	1.344861  	-9.536700 
-79.000000	-0.201451 	1.334680  	-9.536700 
-78.000000	-0.220527 	1.324499  	-9.536700 
-77.000000	-0.239603 	1.314318  	-9.536700 
-76.000000	-0.258860 	1.301063  	-9.536700 
-75.000000	-0.278132 	1.287572  	-9.536700 
-74.000000	-0.297403 	1.274081  	-9.536700 
-73.000000	-0.316675 	1.260590  	-9.536700 
-72.000000	-0.335899 	1.245375  	-9.536700 
-71.000000	-0.355088 	1.228866  	-9.536700 
-70.000000	-0.374277 	1.212357  	-9.536700 
-69.000000	-0.393467 	1.195849  	-9.536700 
-68.000000	-0.412592 	1.178771  	-9.536700 
-67.000000	-0.431483 	1.159607  	-9.536700 
-66.000000	-0.450374 	1.140443  	-9.536700 
-65.000000	-0.469266 	1.121279  	-9.536700 
-64.000000	-0.488157 	1.102115  	-9.536700 
-63.000000	-0.506675 	1.081040  	-9.536700 
-62.000000	-0.525131 	1.059645  	-9.536700 
-61.000000	-0.543587 	1.038250  	-9.536700 
-60.000000	-0.562043 	1.016856  	-9.536700 
-59.000000	-0.580262 	0.994584  	-9.536700 
-58.000000	-0.598245 	0.971435  	-9.536700 
-57.000000	-0.616228 	0.948286  	-9.536700 
-56.000000	-0.634210 	0.925138  	-9.536700 
-55.000000	-0.652138 	0.901812  	-9.536700 
-54.000000	-0.669735 	0.877427  	-9.536700 
-53.000000	-0.687332 	0.853042  	-9.536700 
-52.000000	-0.704929 	0.828657  	-9.536700 
-51.000000	-0.722526 	0.804272  	-9.536700 
-50.000000	-0.740019 	0.779345  	-9.536700 
-49.000000	-0.757483 	0.754271  	-9.536700 
-48.000000	-0.774948 	0.729196  	-9.536700 
-47.000000	-0.792412 	0.704122  	-9.536700 
-46.000000	-0.810024 	0.678994  	-9.536700 
-45.000000	-0.827833 	0.653795  	-9.536700 
-44.000000	-0.845641 	0.628595  	-9.536700 
-43.000000	-0.863450 	0.603396  	-9.536700 
-42.000000	-0.881340 	0.578228  	-9.536700 
-41.000000	-0.900291 	0.553472  	-9.536700 
-40.000000	-0.919242 	0.528715  	-9.536700 
-39.000000	-0.938193 	0.503959  	-9.536700 
-38.000000	-0.957145 	0.479203  	-9.536700 
-37.000000	-0.977835 	0.455162  	-9.536700 
-36.000000	-0.999220 	0.431407  	-9.536700 
-35.000000	-1.020606 	0.407653  	-9.536700 
-34.000000	-1.041991 	0.383898  	-9.536700 
-33.000000	-1.065000 	0.360693  	-9.536700 
-32.000000	-1.090930 	0.338477  	-9.536700 
-31.000000	-1.116860 	0.316262  	-9.536700 
-30.000000	-1.142790 	0.294046  	-9.536700 
-29.000000	-1.168720 	0.271830  	-9.536700 
-28.000000	-1.134274 	0.258941  	-9.536700 
-27.000000	-1.099828 	0.246052  	-9.536700 
-26.000000	-1.065382 	0.233163  	-9.536700 
-25.000000	-1.030936 	0.220274  	-9.536700 
-24.000000	-0.996490 	0.207385  	-9.536700 
-23.000000	-0.962044 	0.194496  	-9.536700 
-22.000000	-0.927598 	0.181607  	-9.536700 
-21.000000	-0.893152 	0.168718  	-9.536700 
-20.000000	-0.858706 	0.155829  	-9.536700 
-19.000000	-0.824260 	0.142940  	-9.536700 
-18.000000	-0.789814 	0.130051  	-9.536700 
-17.000000	-0.755368 	0.117162  	-9.536700 
-16.000000	-0.720922 	0.104273  	-9.536700 
-15.000000	-0.686476 	0.091384  	-9.536700 
-14.000000	-0.652030 	0.078495  	-9.536700 
-13.000000	-0.617584 	0.065606  	-9.536700 
-12.000000	-0.583138 	0.052717  	-9.536700 
-11.000000	-0.548692 	0.039828  	-7.658430 
-10.000000	-0.514246 	0.026939  	-5.467115 
-9.000000 	-0.479800 	0.014050  	-3.275800 
-8.000000 	-0.341300 	0.012320  	-2.585000 
-7.000000 	-0.187000 	0.009420  	-1.922700 
-6.000000 	-0.055700 	0.008650  	-1.363400 
-5.000000 	0.070000  	0.008440  	-0.891700 
-4.000000 	0.194200  	0.008410  	-0.695900 
-3.000000 	0.317700  	0.008450  	-0.767500 
-2.000000 	0.440500  	0.008540  	-0.845400 
-1.000000 	0.562900  	0.008650  	-0.925000 
0.000000  	0.684500  	0.008810  	-1.008400 
1.000000  	0.805300  	0.008990  	-1.099700 
2.000000  	0.924700  	0.009240  	-1.222500 
3.000000  	1.043800  	0.009460  	-1.389600 
4.000000  	1.161100  	0.009790  	-1.596100 
5.000000  	1.274500  	0.010420  	-1.884100 
6.000000  	1.379000  	0.011790  	-2.340400 
7.000000  	1.471500  	0.013920  	-2.831700 
8.000000  	1.556900  	0.016020  	-3.349000 
9.000000  	1.632400  	0.018210  	-3.890300 
10.000000 	1.671650  	0.021680  	-4.352800 
11.000000 	1.710900  	0.025150  	-4.815300 
12.000000 	1.722400  	0.032400  	-5.211600 
13.000000 	1.743900  	0.040550  	-5.655700 
14.000000 	1.755600  	0.050410  	-6.056800 
15.000000 	1.756900  	0.061900  	-6.423800 
16.000000 	1.750000  	0.075070  	-6.734400 
17.000000 	1.743300  	0.088790  	-7.087600 
18.000000 	1.726300  	0.104440  	-7.399800 
19.000000 	1.693400  	0.123110  	-7.544800 
20.000000 	1.681700  	0.139180  	-7.803300 
21.000000 	1.667600  	0.156110  	-8.026900 
22.000000 	1.656000  	0.172980  	-8.233400 
23.000000 	1.643800  	0.189900  	-8.336200 
24.000000 	1.640900  	0.205070  	-8.519000 
25.000000 	1.644900  	0.219240  	-8.734000 
26.000000 	1.647300  	0.233870  	-8.940000 
27.000000 	1.651800  	0.247750  	-9.169400 
28.000000 	1.659200  	0.260590  	-9.313200 
29.000000 	1.669600  	0.271830  	-9.536700 
30.000000 	1.632557  	0.294046  	-9.536700 
31.000000 	1.595514  	0.316262  	-9.536700 
32.000000 	1.558471  	0.338477  	-9.536700 
33.000000 	1.521428  	0.360693  	-9.536700 
34.000000 	1.488559  	0.383898  	-9.536700 
35.000000 	1.458008  	0.407653  	-9.536700 
36.000000 	1.427457  	0.431407  	-9.536700 
37.000000 	1.396907  	0.455162  	-9.536700 
38.000000 	1.367349  	0.479203  	-9.536700 
39.000000 	1.340276  	0.503959  	-9.536700 
40.000000 	1.313203  	0.528715  	-9.536700 
41.000000 	1.286130  	0.553472  	-9.536700 
42.000000 	1.259057  	0.578228  	-9.536700 
43.000000 	1.233500  	0.603396  	-9.536700 
44.000000 	1.208059  	0.628595  	-9.536700 
45.000000 	1.182618  	0.653795  	-9.536700 
46.000000 	1.157177  	0.678994  	-9.536700 
47.000000 	1.132017  	0.704122  	-9.536700 
48.000000 	1.107068  	0.729196  	-9.536700 
49.000000 	1.082119  	0.754271  	-9.536700 
50.000000 	1.057170  	0.779345  	-9.536700 
51.000000 	1.032180  	0.804272  	-9.536700 
52.000000 	1.007042  	0.828657  	-9.536700 
53.000000 	0.981903  	0.853042  	-9.536700 
54.000000 	0.956764  	0.877427  	-9.536700 
55.000000 	0.931625  	0.901812  	-9.536700 
56.000000 	0.906015  	0.925138  	-9.536700 
57.000000 	0.880325  	0.948286  	-9.536700 
58.000000 	0.854636  	0.971435  	-9.536700 
59.000000 	0.828946  	0.994584  	-9.536700 
60.000000 	0.802919  	1.016856  	-9.536700 
61.000000 	0.776553  	1.038250  	-9.536700 
62.000000 	0.750187  	1.059645  	-9.536700 
63.000000 	0.723822  	1.081040  	-9.536700 
64.000000 	0.697367  	1.102115  	-9.536700 
65.000000 	0.670379  	1.121279  	-9.536700 
66.000000 	0.643392  	1.140443  	-9.536700 
67.000000 	0.616405  	1.159607  	-9.536700 
68.000000 	0.589417  	1.178771  	-9.536700 
69.000000 	0.562095  	1.195849  	-9.536700 
70.000000 	0.534682  	1.212357  	-9.536700 
71.000000 	0.507269  	1.228866  	-9.536700 
72.000000 	0.479856  	1.245375  	-9.536700 
73.000000 	0.452392  	1.260590  	-9.536700 
74.000000 	0.424862  	1.274081  	-9.536700 
75.000000 	0.397331  	1.287572  	-9.536700 
76.000000 	0.369800  	1.301063  	-9.536700 
77.000000 	0.342289  	1.314318  	-9.536700 
78.000000 	0.315038  	1.324499  	-9.536700 
79.000000 	0.287787  	1.334680  	-9.536700 
80.000000 	0.260535  	1.344861  	-9.536700 
81.000000 	0.233284  	1.355042  	-9.536700 
82.000000 	0.206564  	1.362704  	-9.536700 
83.000000 	0.180057  	1.369360  	-9.536700 
84.000000 	0.153550  	1.376015  	-9.536700 
85.000000 	0.127043  	1.382670  	-9.536700 
86.000000 	0.100986  	1.388018  	-9.536700 
87.000000 	0.075739  	1.391014  	-9.536700 
88.000000 	0.050493  	1.394009  	-9.536700 
89.000000 	0.025246  	1.397005  	-9.536700 
90.000000 	0.000000  	1.400000  	-9.536700 
91.000000 	-0.017673 	1.397005  	-9.536700 
92.000000 	-0.035345 	1.394009  	-9.536700 
93.000000 	-0.053018 	1.391014  	-9.536700 
94.000000 	-0.070690 	1.388018  	-9.536700 
95.000000 	-0.088930 	1.382670  	-9.536700 
96.000000 	-0.107485 	1.376015  	-9.536700 
97.000000 	-0.126040 	1.369360  	-9.536700 
98.000000 	-0.144595 	1.362704  	-9.536700 
99.000000 	-0.163299 	1.355042  	-9.536700 
100.000000	-0.182375 	1.344861  	-9.536700 
101.000000	-0.201451 	1.334680  	-9.536700 
102.000000	-0.220527 	1.324499  	-9.536700 
103.000000	-0.239603 	1.314318  	-9.536700 
104.000000	-0.258860 	1.301063  	-9.536700 
105.000000	-0.278132 	1.287572  	-9.536700 
106.000000	-0.297403 	1.274081  	-9.536700 
107.000000	-0.316675 	1.260590  	-9.536700 
108.000000	-0.335899 	1.245375  	-9.536700 
109.000000	-0.355088 	1.228866  	-9.536700 
110.000000	-0.374277 	1.212357  	-9.536700 
111.000000	-0.393467 	1.195849  	-9.536700 
112.000000	-0.412592 	1.178771  	-9.536700 
113.000000	-0.431483 	1.159607  	-9.536700 
114.000000	-0.450374 	1.140443  	-9.536700 
115.000000	-0.469266 	1.121279  	-9.536700 
116.000000	-0.488157 	1.102115  	-9.536700 
117.000000	-0.506675 	1.081040  	-9.536700 
118.000000	-0.525131 	1.059645  	-9.536700 
119.000000	-0.543587 	1.038250  	-9.536700 
120.000000	-0.562043 	1.016856  	-9.536700 
121.000000	-0.580262 	0.994584  	-9.536700 
122.000000	-0.598245 	0.971435  	-9.536700 
123.000000	-0.616228 	0.948286  	-9.536700 
124.000000	-0.634210 	0.925138  	-9.536700 
125.000000	-0.652138 	0.901812  	-9.536700 
126.000000	-0.669735 	0.877427  	-9.536700 
127.000000	-0.687332 	0.853042  	-9.536700 
128.000000	-0.704929 	0.828657  	-9.536700 
129.000000	-0.722526 	0.804272  	-9.536700 
130.000000	-0.740019 	0.779345  	-9.536700 
131.000000	-0.757483 	0.754271  	-9.536700 
132.000000	-0.774948 	0.729196  	-9.536700 
133.000000	-0.792412 	0.704122  	-9.536700 
134.000000	-0.810024 	0.678994  	-9.536700 
135.000000	-0.827833 	0.653795  	-9.536700 
136.000000	-0.845641 	0.628595  	-9.536700 
137.000000	-0.863450 	0.603396  	-9.536700 
138.000000	-0.881340 	0.578228  	-9.536700 
139.000000	-0.900291 	0.553472  	-9.536700 
140.000000	-0.919242 	0.528715  	-9.536700 
141.000000	-0.938193 	0.503959  	-9.536700 
142.000000	-0.957145 	0.479203  	-9.536700 
143.000000	-0.977835 	0.455162  	-9.536700 
144.000000	-0.999220 	0.431407  	-9.536700 
145.000000	-1.020606 	0.407653  	-9.536700 
146.000000	-1.041991 	0.383898  	-9.536700 
147.000000	-1.065000 	0.360693  	-9.536700 
148.000000	-1.090930 	0.338477  	-9.536700 
149.000000	-1.116860 	0.316262  	-9.536700 
150.000000	-1.142790 	0.294046  	-9.536700 
151.000000	-1.168720 	0.271830  	-9.536700 
152.000000	-1.128419 	0.251059  	-9.536700 
153.000000	-1.088119 	0.230288  	-9.536700 
154.000000	-1.047818 	0.210518  	-9.536700 
155.000000	-1.007517 	0.190825  	-9.536700 
156.000000	-0.967217 	0.172143  	-9.536700 
157.000000	-0.926916 	0.153630  	-9.536700 
158.000000	-0.886615 	0.136117  	-9.536700 
159.000000	-0.846314 	0.118878  	-9.536700 
160.000000	-0.806014 	0.102612  	-9.536700 
161.000000	-0.765713 	0.086736  	-9.536700 
162.000000	-0.725412 	0.071788  	-9.536700 
163.000000	-0.685112 	0.057356  	-9.536700 
164.000000	-0.644811 	0.043791  	-9.536700 
165.000000	-0.604510 	0.030877  	-9.536700 
166.000000	-0.564210 	0.018767  	-9.536700 
167.000000	-0.523909 	0.007461  	-9.536700 
168.000000	-0.483608 	0.001000  	-9.536700 
169.000000	-0.443308 	0.001000  	-9.536700 
170.000000	-0.403007 	0.001000  	-9.536700 
171.000000	-0.362706 	0.001000  	-9.536700 
172.000000	-0.322406 	0.001000  	-9.536700 
173.000000	-0.282105 	0.001000  	-9.536700 
174.000000	-0.241804 	0.001000  	-9.536700 
175.000000	-0.201503 	0.001000  	-9.536700 
176.000000	-0.161203 	0.001000  	-9.536700 
177.000000	-0.120902 	0.001000  	-9.536700 
178.000000	-0.080601 	0.001000  	-9.536700 
179.000000	-0.040301 	0.001000  	-9.536700 
180.000000	0.000000  	0.001000  	-9.536700 
