! AeroDyn v15 airfoil data file
! Generated from airfoilprep.py modified by D. Kim (Mar 14th, 2022) 
! start all comment lines with ! 
! ------------------------------------------------------------------------------
"DEFAULT"       InterpOrd    ! Interpolation order to use for quasi-steady table lookup {1=linear; 3=cubic spline; "default"} [default=1]
! ------------------------------------------------------------------------------
! 0.20          RelThickness ! The non-dimensional thickness of the airfoil (thickness/chord) [only used if UAMod=7] [default=0.2] (-)
  1             NonDimArea   ! The non-dimensional area of the airfoil (area/chord^2) (set to 1.0 if unsure or unneeded)
  94           NumCoords    ! The number of coordinates in the airfoil shape file (including an extra coordinate for airfoil reference).
! ......... x-y coordinates are next if NumCoords > 0 .............
! x-y coordinate of airfoil reference
!  x/c        y/c
  0.25       0
! Airfoil: 
!  x/c        y/c
0.99720667 0.08059925
0.97394182 0.08673010
0.95080265 0.09243267
0.92759712 0.09785492
0.90438096 0.10323610
0.88116722 0.10862649
0.85795347 0.11402118
0.83473690 0.11940723
0.81151485 0.12477087
0.78828470 0.13009833
0.76504378 0.13537583
0.74178944 0.14058962
0.71851896 0.14572589
0.69522950 0.15077035
0.67191812 0.15570846
0.64858130 0.16052302
0.62521474 0.16519283
0.60181421 0.16969624
0.57835961 0.17400588
0.55483889 0.17807700
0.53125960 0.18185902
0.50762877 0.18529710
0.48395361 0.18833517
0.46024195 0.19091774
0.43650259 0.19299608
0.41274524 0.19454160
0.38897772 0.19552978
0.36520473 0.19594363
0.34142855 0.19579786
0.31765274 0.19486920
0.29389871 0.19302451
0.27023750 0.19013131
0.24674098 0.18611781
0.22347081 0.18098259
0.20048447 0.17472726
0.17784060 0.16733826
0.15560184 0.15878062
0.13380758 0.14899021
0.11261245 0.13793644
0.09220504 0.12558153
0.07278032 0.11185333
0.05454213 0.09665498
0.03774535 0.07983732
0.02279471 0.06115761
0.01055534 0.04071230
0.00218992 0.01857986
0.00002415 -0.00482210
0.00529265 -0.02793144
0.01549371 -0.04971167
0.02873660 -0.06947041
0.04411998 -0.08747844
0.06118002 -0.10398121
0.07958556 -0.11914251
0.09908984 -0.13302150
0.11946633 -0.14560282
0.14049045 -0.15686649
0.16212535 -0.16686509
0.18431098 -0.17557301
0.20697352 -0.18293734
0.23004116 -0.18888976
0.25343399 -0.19337846
0.27706522 -0.19638611
0.30081124 -0.19791359
0.32460356 -0.19807501
0.34840190 -0.19710045
0.37217435 -0.19517439
0.39588896 -0.19247613
0.41949740 -0.18907171
0.44296226 -0.18502060
0.46629637 -0.18037520
0.48951428 -0.17518520
0.51262719 -0.16950235
0.53564815 -0.16339644
0.55859171 -0.15694437
0.58147273 -0.15022330
0.60430780 -0.14331504
0.62711927 -0.13631628
0.64993217 -0.12932782
0.67277534 -0.12246111
0.69567864 -0.11583337
0.71867526 -0.10956074
0.74181303 -0.10375794
0.76509280 -0.09856118
0.78850797 -0.09410933
0.81205085 -0.09053667
0.83571274 -0.08796371
0.85948666 -0.08653275
0.88331081 -0.08659170
0.90705959 -0.08852395
0.93060074 -0.09219714
0.95392269 -0.09708628
0.97711276 -0.10257972
0.99990629 -0.10797286
! ------------------------------------------------------------------------------
"unused"        BL_file      ! The file name including the boundary layer characteristics of the profile. Unused if the aeroacoustic module is not called.
  11        	NumTabs      ! Number of airfoil tables in this file.
! ------------------------------------------------------------------------------
! data for table	1         
! ------------------------------------------------------------------------------
  0.200000  	Re           ! Reynolds number in millions
  0.000000  	UserProp     ! User property (control) setting
Flase           InclUAdata   ! Is unsteady aerodynamics data included in this table? If TRUE, then include UA coefficients below this line. Any missing coefficients will be calculated internally.
! Table of aerodynamics coefficients
  361       	NumAlf       ! Number of data lines in the following table
!Alpha      Cl          Cd          Cm/Cp
!(deg)      (-)         (-)         (-)
-180.000000	0.000000  	0.001000  	0.000000  
-179.000000	0.056080  	0.001000  	0.040000  
-178.000000	0.112159  	0.001000  	0.080000  
-177.000000	0.168239  	0.001000  	0.120000  
-176.000000	0.224319  	0.001000  	0.160000  
-175.000000	0.280398  	0.001000  	0.200000  
-174.000000	0.336478  	0.001000  	0.240000  
-173.000000	0.392558  	0.001000  	0.280000  
-172.000000	0.448637  	0.001000  	0.320000  
-171.000000	0.504717  	0.001000  	0.357263  
-170.000000	0.560797  	0.001000  	0.393431  
-169.000000	0.616876  	0.001000  	0.417775  
-168.000000	0.672956  	0.001000  	0.435549  
-167.000000	0.729036  	0.002267  	0.453324  
-166.000000	0.785115  	0.004483  	0.471098  
-165.000000	0.841195  	0.012094  	0.488873  
-164.000000	0.897274  	0.025098  	0.506648  
-163.000000	0.953354  	0.038759  	0.524422  
-162.000000	1.009434  	0.053294  	0.542197  
-161.000000	1.065513  	0.068349  	0.558724  
-160.000000	1.121593  	0.084340  	0.573006  
-159.000000	1.177673  	0.100723  	0.585392  
-158.000000	1.233752  	0.118088  	0.593038  
-157.000000	1.289832  	0.135728  	0.600684  
-156.000000	1.345912  	0.154379  	0.608330  
-155.000000	1.401991  	0.173199  	0.615976  
-154.000000	1.458071  	0.193040  	0.623622  
-153.000000	1.514151  	0.212959  	0.631268  
-152.000000	1.570230  	0.233890  	0.638914  
-151.000000	1.626310  	0.254820  	0.646560  
-150.000000	1.579810  	0.277211  	0.636080  
-149.000000	1.533309  	0.299603  	0.625599  
-148.000000	1.486809  	0.321994  	0.615118  
-147.000000	1.440308  	0.344386  	0.604637  
-146.000000	1.399436  	0.367780  	0.590685  
-145.000000	1.361690  	0.391732  	0.574805  
-144.000000	1.323944  	0.415684  	0.558925  
-143.000000	1.286198  	0.439636  	0.543044  
-142.000000	1.250006  	0.463880  	0.528520  
-141.000000	1.217700  	0.488854  	0.517387  
-140.000000	1.185395  	0.513828  	0.506254  
-139.000000	1.153089  	0.538802  	0.495121  
-138.000000	1.120783  	0.563776  	0.483987  
-137.000000	1.091640  	0.589179  	0.477718  
-136.000000	1.062740  	0.614615  	0.471823  
-135.000000	1.033840  	0.640051  	0.465928  
-134.000000	1.004940  	0.665488  	0.460033  
-133.000000	0.977257  	0.690862  	0.454587  
-132.000000	0.950486  	0.716191  	0.449477  
-131.000000	0.923715  	0.741520  	0.444368  
-130.000000	0.896944  	0.766849  	0.439259  
-129.000000	0.870458  	0.792034  	0.434915  
-128.000000	0.845019  	0.816690  	0.433377  
-127.000000	0.819580  	0.841346  	0.431840  
-126.000000	0.794141  	0.866002  	0.430302  
-125.000000	0.768702  	0.890658  	0.428764  
-124.000000	0.744000  	0.914267  	0.427227  
-123.000000	0.719421  	0.937701  	0.425689  
-122.000000	0.694841  	0.961136  	0.424151  
-121.000000	0.670262  	0.984570  	0.422614  
-120.000000	0.645992  	1.007134  	0.421813  
-119.000000	0.622032  	1.028828  	0.421748  
-118.000000	0.598071  	1.050521  	0.421683  
-117.000000	0.574111  	1.072214  	0.421618  
-116.000000	0.550229  	1.093591  	0.421580  
-115.000000	0.526816  	1.113065  	0.421706  
-114.000000	0.503404  	1.132539  	0.421832  
-113.000000	0.479992  	1.152012  	0.421958  
-112.000000	0.456579  	1.171486  	0.422084  
-111.000000	0.433645  	1.188882  	0.422247  
-110.000000	0.410841  	1.205710  	0.422419  
-109.000000	0.388037  	1.222539  	0.422591  
-108.000000	0.365233  	1.239367  	0.422764  
-107.000000	0.342759  	1.254905  	0.422950  
-106.000000	0.320724  	1.268724  	0.423154  
-105.000000	0.298689  	1.282542  	0.423359  
-104.000000	0.276655  	1.296361  	0.423564  
-103.000000	0.254692  	1.309943  	0.423747  
-102.000000	0.233667  	1.320457  	0.423658  
-101.000000	0.212641  	1.330972  	0.423569  
-100.000000	0.191616  	1.341486  	0.423480  
-99.000000	0.170590  	1.352000  	0.423391  
-98.000000	0.150501  	1.359999  	0.422800  
-97.000000	0.130785  	1.366991  	0.422010  
-96.000000	0.111070  	1.373983  	0.421219  
-95.000000	0.091355  	1.380976  	0.420428  
-94.000000	0.072231  	1.386662  	0.419638  
-93.000000	0.054173  	1.389996  	0.418847  
-92.000000	0.036116  	1.393331  	0.418057  
-91.000000	0.018058  	1.396665  	0.417266  
-90.000000	0.000000  	1.400000  	0.416475  
-89.000000	-0.018058 	1.396665  	0.413404  
-88.000000	-0.036116 	1.393331  	0.410332  
-87.000000	-0.054173 	1.389996  	0.407260  
-86.000000	-0.072231 	1.386662  	0.404188  
-85.000000	-0.091355 	1.380976  	0.401117  
-84.000000	-0.111070 	1.373983  	0.398045  
-83.000000	-0.130785 	1.366991  	0.394973  
-82.000000	-0.150501 	1.359999  	0.391902  
-81.000000	-0.170590 	1.352000  	0.388676  
-80.000000	-0.191616 	1.341486  	0.385063  
-79.000000	-0.212641 	1.330972  	0.381451  
-78.000000	-0.233667 	1.320457  	0.377838  
-77.000000	-0.254692 	1.309943  	0.374226  
-76.000000	-0.276655 	1.296361  	0.370403  
-75.000000	-0.298689 	1.282542  	0.366565  
-74.000000	-0.320724 	1.268724  	0.362726  
-73.000000	-0.342759 	1.254905  	0.358887  
-72.000000	-0.365233 	1.239367  	0.355060  
-71.000000	-0.388037 	1.222539  	0.351241  
-70.000000	-0.410841 	1.205710  	0.347422  
-69.000000	-0.433645 	1.188882  	0.343604  
-68.000000	-0.456579 	1.171486  	0.339791  
-67.000000	-0.479992 	1.152012  	0.336002  
-66.000000	-0.503404 	1.132539  	0.332212  
-65.000000	-0.526816 	1.113065  	0.328422  
-64.000000	-0.550229 	1.093591  	0.324633  
-63.000000	-0.574111 	1.072214  	0.320911  
-62.000000	-0.598071 	1.050521  	0.317201  
-61.000000	-0.622032 	1.028828  	0.313491  
-60.000000	-0.645992 	1.007134  	0.309780  
-59.000000	-0.670262 	0.984570  	0.306376  
-58.000000	-0.694841 	0.961136  	0.303277  
-57.000000	-0.719421 	0.937701  	0.300179  
-56.000000	-0.744000 	0.914267  	0.297081  
-55.000000	-0.768702 	0.890658  	0.293982  
-54.000000	-0.794141 	0.866002  	0.290884  
-53.000000	-0.819580 	0.841346  	0.287786  
-52.000000	-0.845019 	0.816690  	0.284687  
-51.000000	-0.870458 	0.792034  	0.281589  
-50.000000	-0.896944 	0.766849  	0.279084  
-49.000000	-0.923715 	0.741520  	0.276741  
-48.000000	-0.950486 	0.716191  	0.274398  
-47.000000	-0.977257 	0.690862  	0.272054  
-46.000000	-1.004940 	0.665488  	0.269782  
-45.000000	-1.033840 	0.640051  	0.267606  
-44.000000	-1.062740 	0.614615  	0.265429  
-43.000000	-1.091640 	0.589179  	0.263252  
-42.000000	-1.120783 	0.563776  	0.261064  
-41.000000	-1.153089 	0.538802  	0.258739  
-40.000000	-1.185395 	0.513828  	0.256413  
-39.000000	-1.217700 	0.488854  	0.254088  
-38.000000	-1.250006 	0.463880  	0.251763  
-37.000000	-1.286198 	0.439636  	0.249342  
-36.000000	-1.323944 	0.415684  	0.246882  
-35.000000	-1.361690 	0.391732  	0.244423  
-34.000000	-1.399436 	0.367780  	0.241963  
-33.000000	-1.440308 	0.344386  	0.238566  
-32.000000	-1.486809 	0.321994  	0.233480  
-31.000000	-1.533309 	0.299603  	0.228395  
-30.000000	-1.579810 	0.277211  	0.223310  
-29.000000	-1.626310 	0.254820  	0.218225  
-28.000000	-1.550678 	0.249063  	0.204326  
-27.000000	-1.475046 	0.243305  	0.190427  
-26.000000	-1.399414 	0.237548  	0.176527  
-25.000000	-1.323782 	0.231791  	0.162628  
-24.000000	-1.248149 	0.226033  	0.148729  
-23.000000	-1.172517 	0.220276  	0.134830  
-22.000000	-1.096885 	0.214518  	0.120930  
-21.000000	-1.021253 	0.208761  	0.107031  
-20.000000	-0.945621 	0.203004  	0.094580  
-19.000000	-0.869989 	0.197246  	0.083819  
-18.000000	-0.794357 	0.191489  	0.074505  
-17.000000	-0.718725 	0.185732  	0.065192  
-16.000000	-0.643093 	0.179974  	0.055879  
-15.000000	-0.567461 	0.174217  	0.046566  
-14.000000	-0.491828 	0.168459  	0.037253  
-13.000000	-0.416196 	0.162702  	0.027940  
-12.000000	-0.340564 	0.156945  	0.011916  
-11.000000	-0.264932 	0.151187  	-0.006792 
-10.000000	-0.189300 	0.145430  	-0.025500 
-9.000000 	-0.139100 	0.137310  	-0.028700 
-8.000000 	-0.089900 	0.128880  	-0.032100 
-7.000000 	-0.117300 	0.110250  	-0.033100 
-6.000000 	-0.039000 	0.103250  	-0.036500 
-5.000000 	-0.087800 	0.072830  	-0.049600 
-4.000000 	0.055800  	0.061760  	-0.077200 
-3.000000 	0.297000  	0.049070  	-0.133600 
-2.000000 	0.426300  	0.049470  	-0.140100 
-1.000000 	0.583900  	0.048550  	-0.156800 
0.000000  	0.736000  	0.048290  	-0.171200 
1.000000  	0.883200  	0.048560  	-0.183600 
2.000000  	1.010300  	0.049370  	-0.189500 
3.000000  	1.147800  	0.050100  	-0.198800 
4.000000  	1.284400  	0.050940  	-0.208000 
5.000000  	1.416300  	0.052090  	-0.215800 
6.000000  	1.545500  	0.053480  	-0.223000 
7.000000  	1.672300  	0.055000  	-0.229500 
8.000000  	1.799200  	0.056430  	-0.235900 
9.000000  	1.916700  	0.058270  	-0.240400 
10.000000 	2.018100  	0.060570  	-0.241100 
11.000000 	2.124200  	0.062930  	-0.243400 
12.000000 	2.226900  	0.065280  	-0.245100 
13.000000 	2.325500  	0.067620  	-0.246100 
14.000000 	2.402200  	0.070880  	-0.243100 
15.000000 	2.377000  	0.079860  	-0.223600 
16.000000 	2.376600  	0.088990  	-0.213300 
17.000000 	2.238400  	0.113740  	-0.199400 
18.000000 	2.258500  	0.124080  	-0.200200 
19.000000 	2.262750  	0.137140  	-0.203650 
20.000000 	2.267000  	0.150200  	-0.207100 
21.000000 	2.255600  	0.165790  	-0.213800 
22.000000 	2.249700  	0.180430  	-0.221800 
23.000000 	2.250400  	0.193780  	-0.230500 
24.000000 	2.258400  	0.205650  	-0.239600 
25.000000 	2.279450  	0.214845  	-0.248050 
26.000000 	2.300500  	0.224040  	-0.256500 
27.000000 	2.302800  	0.235740  	-0.267800 
28.000000 	2.337100  	0.241060  	-0.275700 
29.000000 	2.323300  	0.254820  	-0.290900 
30.000000 	2.256871  	0.277211  	-0.293740 
31.000000 	2.190442  	0.299603  	-0.296580 
32.000000 	2.124012  	0.321994  	-0.299420 
33.000000 	2.057583  	0.344386  	-0.302260 
34.000000 	1.999194  	0.367780  	-0.304555 
35.000000 	1.945271  	0.391732  	-0.306547 
36.000000 	1.891348  	0.415684  	-0.308540 
37.000000 	1.837426  	0.439636  	-0.310532 
38.000000 	1.785723  	0.463880  	-0.312348 
39.000000 	1.739572  	0.488854  	-0.313726 
40.000000 	1.693421  	0.513828  	-0.315103 
41.000000 	1.647270  	0.538802  	-0.316480 
42.000000 	1.601118  	0.563776  	-0.317858 
43.000000 	1.559485  	0.589179  	-0.318605 
44.000000 	1.518200  	0.614615  	-0.319304 
45.000000 	1.476914  	0.640051  	-0.320003 
46.000000 	1.435629  	0.665488  	-0.320701 
47.000000 	1.396081  	0.690862  	-0.321474 
48.000000 	1.357837  	0.716191  	-0.322301 
49.000000 	1.319592  	0.741520  	-0.323129 
50.000000 	1.281348  	0.766849  	-0.323956 
51.000000 	1.243511  	0.792034  	-0.324909 
52.000000 	1.207170  	0.816690  	-0.326321 
53.000000 	1.170828  	0.841346  	-0.327733 
54.000000 	1.134487  	0.866002  	-0.329145 
55.000000 	1.098145  	0.890658  	-0.330558 
56.000000 	1.062857  	0.914267  	-0.331970 
57.000000 	1.027744  	0.937701  	-0.333382 
58.000000 	0.992631  	0.961136  	-0.334794 
59.000000 	0.957517  	0.984570  	-0.336206 
60.000000 	0.922846  	1.007134  	-0.338013 
61.000000 	0.888617  	1.028828  	-0.340214 
62.000000 	0.854388  	1.050521  	-0.342415 
63.000000 	0.820158  	1.072214  	-0.344616 
64.000000 	0.786041  	1.093591  	-0.346832 
65.000000 	0.752595  	1.113065  	-0.349136 
66.000000 	0.719149  	1.132539  	-0.351439 
67.000000 	0.685703  	1.152012  	-0.353743 
68.000000 	0.652256  	1.171486  	-0.356046 
69.000000 	0.619493  	1.188882  	-0.358602 
70.000000 	0.586916  	1.205710  	-0.361226 
71.000000 	0.554339  	1.222539  	-0.363850 
72.000000 	0.521762  	1.239367  	-0.366474 
73.000000 	0.489655  	1.254905  	-0.369193 
74.000000 	0.458177  	1.268724  	-0.372040 
75.000000 	0.426699  	1.282542  	-0.374887 
76.000000 	0.395221  	1.296361  	-0.377733 
77.000000 	0.363846  	1.309943  	-0.380578 
78.000000 	0.333809  	1.320457  	-0.383392 
79.000000 	0.303773  	1.330972  	-0.386205 
80.000000 	0.273737  	1.341486  	-0.389019 
81.000000 	0.243700  	1.352000  	-0.391833 
82.000000 	0.215001  	1.359999  	-0.394591 
83.000000 	0.186836  	1.366991  	-0.397327 
84.000000 	0.158671  	1.373983  	-0.400062 
85.000000 	0.130507  	1.380976  	-0.402798 
86.000000 	0.103188  	1.386662  	-0.405533 
87.000000 	0.077391  	1.389996  	-0.408269 
88.000000 	0.051594  	1.393331  	-0.411004 
89.000000 	0.025797  	1.396665  	-0.413740 
90.000000 	0.000000  	1.400000  	-0.416475 
91.000000 	-0.018058 	1.396665  	-0.417266 
92.000000 	-0.036116 	1.393331  	-0.418057 
93.000000 	-0.054173 	1.389996  	-0.418847 
94.000000 	-0.072231 	1.386662  	-0.419638 
95.000000 	-0.091355 	1.380976  	-0.420428 
96.000000 	-0.111070 	1.373983  	-0.421219 
97.000000 	-0.130785 	1.366991  	-0.422010 
98.000000 	-0.150501 	1.359999  	-0.422800 
99.000000 	-0.170590 	1.352000  	-0.423391 
100.000000	-0.191616 	1.341486  	-0.423480 
101.000000	-0.212641 	1.330972  	-0.423569 
102.000000	-0.233667 	1.320457  	-0.423658 
103.000000	-0.254692 	1.309943  	-0.423747 
104.000000	-0.276655 	1.296361  	-0.423564 
105.000000	-0.298689 	1.282542  	-0.423359 
106.000000	-0.320724 	1.268724  	-0.423154 
107.000000	-0.342759 	1.254905  	-0.422950 
108.000000	-0.365233 	1.239367  	-0.422764 
109.000000	-0.388037 	1.222539  	-0.422591 
110.000000	-0.410841 	1.205710  	-0.422419 
111.000000	-0.433645 	1.188882  	-0.422247 
112.000000	-0.456579 	1.171486  	-0.422084 
113.000000	-0.479992 	1.152012  	-0.421958 
114.000000	-0.503404 	1.132539  	-0.421832 
115.000000	-0.526816 	1.113065  	-0.421706 
116.000000	-0.550229 	1.093591  	-0.421580 
117.000000	-0.574111 	1.072214  	-0.421618 
118.000000	-0.598071 	1.050521  	-0.421683 
119.000000	-0.622032 	1.028828  	-0.421748 
120.000000	-0.645992 	1.007134  	-0.421813 
121.000000	-0.670262 	0.984570  	-0.422614 
122.000000	-0.694841 	0.961136  	-0.424151 
123.000000	-0.719421 	0.937701  	-0.425689 
124.000000	-0.744000 	0.914267  	-0.427227 
125.000000	-0.768702 	0.890658  	-0.428764 
126.000000	-0.794141 	0.866002  	-0.430302 
127.000000	-0.819580 	0.841346  	-0.431840 
128.000000	-0.845019 	0.816690  	-0.433377 
129.000000	-0.870458 	0.792034  	-0.434915 
130.000000	-0.896944 	0.766849  	-0.439259 
131.000000	-0.923715 	0.741520  	-0.444368 
132.000000	-0.950486 	0.716191  	-0.449477 
133.000000	-0.977257 	0.690862  	-0.454587 
134.000000	-1.004940 	0.665488  	-0.460033 
135.000000	-1.033840 	0.640051  	-0.465928 
136.000000	-1.062740 	0.614615  	-0.471823 
137.000000	-1.091640 	0.589179  	-0.477718 
138.000000	-1.120783 	0.563776  	-0.483987 
139.000000	-1.153089 	0.538802  	-0.495121 
140.000000	-1.185395 	0.513828  	-0.506254 
141.000000	-1.217700 	0.488854  	-0.517387 
142.000000	-1.250006 	0.463880  	-0.528520 
143.000000	-1.286198 	0.439636  	-0.543044 
144.000000	-1.323944 	0.415684  	-0.558925 
145.000000	-1.361690 	0.391732  	-0.574805 
146.000000	-1.399436 	0.367780  	-0.590685 
147.000000	-1.440308 	0.344386  	-0.604637 
148.000000	-1.486809 	0.321994  	-0.615118 
149.000000	-1.533309 	0.299603  	-0.625599 
150.000000	-1.579810 	0.277211  	-0.636080 
151.000000	-1.626310 	0.254820  	-0.646560 
152.000000	-1.570230 	0.233890  	-0.638914 
153.000000	-1.514151 	0.212959  	-0.631268 
154.000000	-1.458071 	0.193040  	-0.623622 
155.000000	-1.401991 	0.173199  	-0.615976 
156.000000	-1.345912 	0.154379  	-0.608330 
157.000000	-1.289832 	0.135728  	-0.600684 
158.000000	-1.233752 	0.118088  	-0.593038 
159.000000	-1.177673 	0.100723  	-0.585392 
160.000000	-1.121593 	0.084340  	-0.577686 
161.000000	-1.065513 	0.068349  	-0.569956 
162.000000	-1.009434 	0.053294  	-0.562197 
163.000000	-0.953354 	0.038759  	-0.554422 
164.000000	-0.897274 	0.025098  	-0.546648 
165.000000	-0.841195 	0.012094  	-0.538873 
166.000000	-0.785115 	0.004483  	-0.531098 
167.000000	-0.729036 	0.002267  	-0.523324 
168.000000	-0.672956 	0.001000  	-0.515549 
169.000000	-0.616876 	0.001000  	-0.507775 
170.000000	-0.560797 	0.001000  	-0.487520 
171.000000	-0.504717 	0.001000  	-0.444800 
172.000000	-0.448637 	0.001000  	-0.400000 
173.000000	-0.392558 	0.001000  	-0.350000 
174.000000	-0.336478 	0.001000  	-0.300000 
175.000000	-0.280398 	0.001000  	-0.250000 
176.000000	-0.224319 	0.001000  	-0.200000 
177.000000	-0.168239 	0.001000  	-0.150000 
178.000000	-0.112159 	0.001000  	-0.100000 
179.000000	-0.056080 	0.001000  	-0.050000 
180.000000	0.000000  	0.001000  	0.000000  
! ------------------------------------------------------------------------------
! data for table	2         
! ------------------------------------------------------------------------------
  0.300000  	Re           ! Reynolds number in millions
  0.000000  	UserProp     ! User property (control) setting
Flase           InclUAdata   ! Is unsteady aerodynamics data included in this table? If TRUE, then include UA coefficients below this line. Any missing coefficients will be calculated internally.
! Table of aerodynamics coefficients
  361       	NumAlf       ! Number of data lines in the following table
!Alpha      Cl          Cd          Cm/Cp
!(deg)      (-)         (-)         (-)
-180.000000	0.000000  	0.001000  	0.000000  
-179.000000	0.056343  	0.001000  	0.040000  
-178.000000	0.112686  	0.001000  	0.080000  
-177.000000	0.169028  	0.001000  	0.120000  
-176.000000	0.225371  	0.001000  	0.160000  
-175.000000	0.281714  	0.001000  	0.200000  
-174.000000	0.338057  	0.001000  	0.240000  
-173.000000	0.394399  	0.001000  	0.280000  
-172.000000	0.450742  	0.001000  	0.320000  
-171.000000	0.507085  	0.001000  	0.358581  
-170.000000	0.563428  	0.001000  	0.396593  
-169.000000	0.619770  	0.001000  	0.428474  
-168.000000	0.676113  	0.001000  	0.456947  
-167.000000	0.732456  	0.004334  	0.485421  
-166.000000	0.788799  	0.010168  	0.513895  
-165.000000	0.845141  	0.019569  	0.542369  
-164.000000	0.901484  	0.032538  	0.570842  
-163.000000	0.957827  	0.046161  	0.599316  
-162.000000	1.014170  	0.060655  	0.627790  
-161.000000	1.070512  	0.075667  	0.653631  
-160.000000	1.126855  	0.091612  	0.674734  
-159.000000	1.183198  	0.107949  	0.691835  
-158.000000	1.239541  	0.125264  	0.698933  
-157.000000	1.295883  	0.142853  	0.706030  
-156.000000	1.352226  	0.161449  	0.713128  
-155.000000	1.408569  	0.180214  	0.720226  
-154.000000	1.464912  	0.199996  	0.727324  
-153.000000	1.521254  	0.219856  	0.734421  
-152.000000	1.577597  	0.240723  	0.741519  
-151.000000	1.633940  	0.261590  	0.748617  
-150.000000	1.587097  	0.283912  	0.736543  
-149.000000	1.540253  	0.306233  	0.724468  
-148.000000	1.493410  	0.328555  	0.712394  
-147.000000	1.446566  	0.350876  	0.700319  
-146.000000	1.405396  	0.374195  	0.684574  
-145.000000	1.367377  	0.398069  	0.666788  
-144.000000	1.329358  	0.421942  	0.649003  
-143.000000	1.291340  	0.445815  	0.631218  
-142.000000	1.254890  	0.469978  	0.614931  
-141.000000	1.222361  	0.494866  	0.602390  
-140.000000	1.189833  	0.519753  	0.589850  
-139.000000	1.157304  	0.544641  	0.577309  
-138.000000	1.124775  	0.569528  	0.564769  
-137.000000	1.095445  	0.594837  	0.557602  
-136.000000	1.066360  	0.620179  	0.550849  
-135.000000	1.037275  	0.645521  	0.544096  
-134.000000	1.008190  	0.670863  	0.537342  
-133.000000	0.980339  	0.696140  	0.531074  
-132.000000	0.953413  	0.721367  	0.525171  
-131.000000	0.926487  	0.746595  	0.519267  
-130.000000	0.899560  	0.771822  	0.513363  
-129.000000	0.872925  	0.796904  	0.508287  
-128.000000	0.847355  	0.821453  	0.506246  
-127.000000	0.821785  	0.846001  	0.504204  
-126.000000	0.796215  	0.870549  	0.502162  
-125.000000	0.770645  	0.895097  	0.500120  
-124.000000	0.745830  	0.918594  	0.498079  
-123.000000	0.721141  	0.941914  	0.496037  
-122.000000	0.696452  	0.965235  	0.493995  
-121.000000	0.671763  	0.988556  	0.491953  
-120.000000	0.647392  	1.011003  	0.490694  
-119.000000	0.623340  	1.032578  	0.490218  
-118.000000	0.599288  	1.054152  	0.489741  
-117.000000	0.575235  	1.075727  	0.489265  
-116.000000	0.551264  	1.096983  	0.488817  
-115.000000	0.527776  	1.116334  	0.488544  
-114.000000	0.504288  	1.135685  	0.488270  
-113.000000	0.480801  	1.155035  	0.487996  
-112.000000	0.457313  	1.174386  	0.487723  
-111.000000	0.434315  	1.191655  	0.487490  
-110.000000	0.411451  	1.208356  	0.487268  
-109.000000	0.388587  	1.225057  	0.487046  
-108.000000	0.365722  	1.241758  	0.486824  
-107.000000	0.343194  	1.257168  	0.486618  
-106.000000	0.321113  	1.270856  	0.486432  
-105.000000	0.299032  	1.284544  	0.486246  
-104.000000	0.276951  	1.298232  	0.486060  
-103.000000	0.254944  	1.311684  	0.485852  
-102.000000	0.233886  	1.322066  	0.485368  
-101.000000	0.212828  	1.332447  	0.484883  
-100.000000	0.191770  	1.342829  	0.484398  
-99.000000	0.170712  	1.353211  	0.483913  
-98.000000	0.150599  	1.361075  	0.482919  
-97.000000	0.130864  	1.367934  	0.481720  
-96.000000	0.111130  	1.374792  	0.480522  
-95.000000	0.091395  	1.381650  	0.479324  
-94.000000	0.072257  	1.387202  	0.478125  
-93.000000	0.054193  	1.390401  	0.476927  
-92.000000	0.036128  	1.393601  	0.475728  
-91.000000	0.018064  	1.396800  	0.474530  
-90.000000	0.000000  	1.400000  	0.473331  
-89.000000	-0.018064 	1.396800  	0.469919  
-88.000000	-0.036128 	1.393601  	0.466507  
-87.000000	-0.054193 	1.390401  	0.463095  
-86.000000	-0.072257 	1.387202  	0.459684  
-85.000000	-0.091395 	1.381650  	0.456272  
-84.000000	-0.111130 	1.374792  	0.452860  
-83.000000	-0.130864 	1.367934  	0.449448  
-82.000000	-0.150599 	1.361075  	0.446036  
-81.000000	-0.170712 	1.353211  	0.442473  
-80.000000	-0.191770 	1.342829  	0.438532  
-79.000000	-0.212828 	1.332447  	0.434591  
-78.000000	-0.233886 	1.322066  	0.430650  
-77.000000	-0.254944 	1.311684  	0.426710  
-76.000000	-0.276951 	1.298232  	0.422563  
-75.000000	-0.299032 	1.284544  	0.418401  
-74.000000	-0.321113 	1.270856  	0.414239  
-73.000000	-0.343194 	1.257168  	0.410077  
-72.000000	-0.365722 	1.241758  	0.405925  
-71.000000	-0.388587 	1.225057  	0.401779  
-70.000000	-0.411451 	1.208356  	0.397634  
-69.000000	-0.434315 	1.191655  	0.393488  
-68.000000	-0.457313 	1.174386  	0.389348  
-67.000000	-0.480801 	1.155035  	0.385227  
-66.000000	-0.504288 	1.135685  	0.381105  
-65.000000	-0.527776 	1.116334  	0.376984  
-64.000000	-0.551264 	1.096983  	0.372862  
-63.000000	-0.575235 	1.075727  	0.368799  
-62.000000	-0.599288 	1.054152  	0.364745  
-61.000000	-0.623340 	1.032578  	0.360692  
-60.000000	-0.647392 	1.011003  	0.356638  
-59.000000	-0.671763 	0.988556  	0.352846  
-58.000000	-0.696452 	0.965235  	0.349316  
-57.000000	-0.721141 	0.941914  	0.345785  
-56.000000	-0.745830 	0.918594  	0.342255  
-55.000000	-0.770645 	0.895097  	0.338724  
-54.000000	-0.796215 	0.870549  	0.335194  
-53.000000	-0.821785 	0.846001  	0.331663  
-52.000000	-0.847355 	0.821453  	0.328133  
-51.000000	-0.872925 	0.796904  	0.324602  
-50.000000	-0.899560 	0.771822  	0.321446  
-49.000000	-0.926487 	0.746595  	0.318392  
-48.000000	-0.953413 	0.721367  	0.315338  
-47.000000	-0.980339 	0.696140  	0.312284  
-46.000000	-1.008190 	0.670863  	0.309275  
-45.000000	-1.037275 	0.645521  	0.306325  
-44.000000	-1.066360 	0.620179  	0.303376  
-43.000000	-1.095445 	0.594837  	0.300427  
-42.000000	-1.124775 	0.569528  	0.297429  
-41.000000	-1.157304 	0.544641  	0.293801  
-40.000000	-1.189833 	0.519753  	0.290174  
-39.000000	-1.222361 	0.494866  	0.286546  
-38.000000	-1.254890 	0.469978  	0.282919  
-37.000000	-1.291340 	0.445815  	0.278853  
-36.000000	-1.329358 	0.421942  	0.274611  
-35.000000	-1.367377 	0.398069  	0.270369  
-34.000000	-1.405396 	0.374195  	0.266127  
-33.000000	-1.446566 	0.350876  	0.261059  
-32.000000	-1.493410 	0.328555  	0.254503  
-31.000000	-1.540253 	0.306233  	0.247948  
-30.000000	-1.587097 	0.283912  	0.241393  
-29.000000	-1.633940 	0.261590  	0.234837  
-28.000000	-1.583506 	0.250312  	0.220516  
-27.000000	-1.533073 	0.239033  	0.206195  
-26.000000	-1.482639 	0.227755  	0.191873  
-25.000000	-1.432205 	0.216476  	0.177552  
-24.000000	-1.381772 	0.205198  	0.163230  
-23.000000	-1.331338 	0.193919  	0.148909  
-22.000000	-1.280904 	0.182641  	0.134587  
-21.000000	-1.230471 	0.171363  	0.120266  
-20.000000	-1.180037 	0.160084  	0.107121  
-19.000000	-1.129603 	0.148806  	0.095350  
-18.000000	-1.079169 	0.137527  	0.084756  
-17.000000	-1.028736 	0.126249  	0.074161  
-16.000000	-0.978302 	0.114971  	0.063567  
-15.000000	-0.927868 	0.103692  	0.052972  
-14.000000	-0.877435 	0.092414  	0.042378  
-13.000000	-0.827001 	0.081135  	0.031783  
-12.000000	-0.776567 	0.069857  	0.005136  
-11.000000	-0.726134 	0.058578  	-0.027932 
-10.000000	-0.675700 	0.047300  	-0.061000 
-9.000000 	-0.530700 	0.045520  	-0.075400 
-8.000000 	-0.389600 	0.045130  	-0.086700 
-7.000000 	-0.228600 	0.043930  	-0.105200 
-6.000000 	-0.087500 	0.043520  	-0.116100 
-5.000000 	0.057700  	0.043410  	-0.128100 
-4.000000 	0.210700  	0.043220  	-0.142500 
-3.000000 	0.349600  	0.043350  	-0.152100 
-2.000000 	0.497500  	0.043560  	-0.164500 
-1.000000 	0.636800  	0.043830  	-0.174200 
0.000000  	0.780400  	0.044300  	-0.185100 
1.000000  	0.917200  	0.044800  	-0.193900 
2.000000  	1.054150  	0.045460  	-0.202750 
3.000000  	1.191100  	0.046120  	-0.211600 
4.000000  	1.324400  	0.046960  	-0.219500 
5.000000  	1.457800  	0.047870  	-0.227400 
6.000000  	1.584800  	0.048920  	-0.233500 
7.000000  	1.711200  	0.050060  	-0.239500 
8.000000  	1.834600  	0.051400  	-0.245000 
9.000000  	1.954200  	0.052780  	-0.249400 
10.000000 	2.064500  	0.054600  	-0.252000 
11.000000 	2.177300  	0.056520  	-0.255200 
12.000000 	2.263300  	0.059290  	-0.252800 
13.000000 	2.333800  	0.063430  	-0.248100 
14.000000 	2.341300  	0.070960  	-0.232100 
15.000000 	2.334500  	0.081890  	-0.219600 
16.000000 	2.335700  	0.092780  	-0.211700 
17.000000 	2.336300  	0.105310  	-0.207800 
18.000000 	2.322800  	0.120510  	-0.206000 
19.000000 	2.308100  	0.136820  	-0.207600 
20.000000 	2.309500  	0.150510  	-0.210700 
21.000000 	2.300800  	0.165840  	-0.216100 
22.000000 	2.289400  	0.181230  	-0.222800 
23.000000 	2.304000  	0.192380  	-0.229400 
24.000000 	2.301300  	0.206060  	-0.238200 
25.000000 	2.300500  	0.219150  	-0.247700 
26.000000 	2.311400  	0.229920  	-0.256800 
27.000000 	2.327400  	0.239350  	-0.265800 
28.000000 	2.332700  	0.250320  	-0.276500 
29.000000 	2.334200  	0.261590  	-0.288200 
30.000000 	2.267281  	0.283912  	-0.294026 
31.000000 	2.200362  	0.306233  	-0.299851 
32.000000 	2.133442  	0.328555  	-0.305677 
33.000000 	2.066523  	0.350876  	-0.311502 
34.000000 	2.007708  	0.374195  	-0.316560 
35.000000 	1.953396  	0.398069  	-0.321190 
36.000000 	1.899083  	0.421942  	-0.325821 
37.000000 	1.844771  	0.445815  	-0.330452 
38.000000 	1.792699  	0.469978  	-0.334706 
39.000000 	1.746230  	0.494866  	-0.338021 
40.000000 	1.699761  	0.519753  	-0.341336 
41.000000 	1.653291  	0.544641  	-0.344651 
42.000000 	1.606822  	0.569528  	-0.347966 
43.000000 	1.564921  	0.594837  	-0.349933 
44.000000 	1.523371  	0.620179  	-0.351795 
45.000000 	1.481822  	0.645521  	-0.353658 
46.000000 	1.440272  	0.670863  	-0.355521 
47.000000 	1.400484  	0.696140  	-0.357402 
48.000000 	1.362018  	0.721367  	-0.359296 
49.000000 	1.323552  	0.746595  	-0.361191 
50.000000 	1.285086  	0.771822  	-0.363085 
51.000000 	1.247035  	0.796904  	-0.365009 
52.000000 	1.210507  	0.821453  	-0.367045 
53.000000 	1.173979  	0.846001  	-0.369082 
54.000000 	1.137450  	0.870549  	-0.371118 
55.000000 	1.100922  	0.895097  	-0.373154 
56.000000 	1.065472  	0.918594  	-0.375190 
57.000000 	1.030202  	0.941914  	-0.377226 
58.000000 	0.994932  	0.965235  	-0.379262 
59.000000 	0.959661  	0.988556  	-0.381298 
60.000000 	0.924846  	1.011003  	-0.383638 
61.000000 	0.890486  	1.032578  	-0.386281 
62.000000 	0.856125  	1.054152  	-0.388924 
63.000000 	0.821765  	1.075727  	-0.391567 
64.000000 	0.787519  	1.096983  	-0.394221 
65.000000 	0.753966  	1.116334  	-0.396943 
66.000000 	0.720412  	1.135685  	-0.399665 
67.000000 	0.686858  	1.155035  	-0.402387 
68.000000 	0.653304  	1.174386  	-0.405108 
69.000000 	0.620450  	1.191655  	-0.408051 
70.000000 	0.587787  	1.208356  	-0.411054 
71.000000 	0.555124  	1.225057  	-0.414057 
72.000000 	0.522460  	1.241758  	-0.417060 
73.000000 	0.490277  	1.257168  	-0.420147 
74.000000 	0.458733  	1.270856  	-0.423346 
75.000000 	0.427189  	1.284544  	-0.426544 
76.000000 	0.395645  	1.298232  	-0.429743 
77.000000 	0.364205  	1.311684  	-0.432939 
78.000000 	0.334122  	1.322066  	-0.436102 
79.000000 	0.304040  	1.332447  	-0.439266 
80.000000 	0.273957  	1.342829  	-0.442429 
81.000000 	0.243874  	1.353211  	-0.445592 
82.000000 	0.215141  	1.361075  	-0.448696 
83.000000 	0.186949  	1.367934  	-0.451775 
84.000000 	0.158757  	1.374792  	-0.454855 
85.000000 	0.130564  	1.381650  	-0.457934 
86.000000 	0.103224  	1.387202  	-0.461014 
87.000000 	0.077418  	1.390401  	-0.464093 
88.000000 	0.051612  	1.393601  	-0.467173 
89.000000 	0.025806  	1.396800  	-0.470252 
90.000000 	0.000000  	1.400000  	-0.473331 
91.000000 	-0.018064 	1.396800  	-0.474530 
92.000000 	-0.036128 	1.393601  	-0.475728 
93.000000 	-0.054193 	1.390401  	-0.476927 
94.000000 	-0.072257 	1.387202  	-0.478125 
95.000000 	-0.091395 	1.381650  	-0.479324 
96.000000 	-0.111130 	1.374792  	-0.480522 
97.000000 	-0.130864 	1.367934  	-0.481720 
98.000000 	-0.150599 	1.361075  	-0.482919 
99.000000 	-0.170712 	1.353211  	-0.483913 
100.000000	-0.191770 	1.342829  	-0.484398 
101.000000	-0.212828 	1.332447  	-0.484883 
102.000000	-0.233886 	1.322066  	-0.485368 
103.000000	-0.254944 	1.311684  	-0.485852 
104.000000	-0.276951 	1.298232  	-0.486060 
105.000000	-0.299032 	1.284544  	-0.486246 
106.000000	-0.321113 	1.270856  	-0.486432 
107.000000	-0.343194 	1.257168  	-0.486618 
108.000000	-0.365722 	1.241758  	-0.486824 
109.000000	-0.388587 	1.225057  	-0.487046 
110.000000	-0.411451 	1.208356  	-0.487268 
111.000000	-0.434315 	1.191655  	-0.487490 
112.000000	-0.457313 	1.174386  	-0.487723 
113.000000	-0.480801 	1.155035  	-0.487996 
114.000000	-0.504288 	1.135685  	-0.488270 
115.000000	-0.527776 	1.116334  	-0.488544 
116.000000	-0.551264 	1.096983  	-0.488817 
117.000000	-0.575235 	1.075727  	-0.489265 
118.000000	-0.599288 	1.054152  	-0.489741 
119.000000	-0.623340 	1.032578  	-0.490218 
120.000000	-0.647392 	1.011003  	-0.490694 
121.000000	-0.671763 	0.988556  	-0.491953 
122.000000	-0.696452 	0.965235  	-0.493995 
123.000000	-0.721141 	0.941914  	-0.496037 
124.000000	-0.745830 	0.918594  	-0.498079 
125.000000	-0.770645 	0.895097  	-0.500120 
126.000000	-0.796215 	0.870549  	-0.502162 
127.000000	-0.821785 	0.846001  	-0.504204 
128.000000	-0.847355 	0.821453  	-0.506246 
129.000000	-0.872925 	0.796904  	-0.508287 
130.000000	-0.899560 	0.771822  	-0.513363 
131.000000	-0.926487 	0.746595  	-0.519267 
132.000000	-0.953413 	0.721367  	-0.525171 
133.000000	-0.980339 	0.696140  	-0.531074 
134.000000	-1.008190 	0.670863  	-0.537342 
135.000000	-1.037275 	0.645521  	-0.544096 
136.000000	-1.066360 	0.620179  	-0.550849 
137.000000	-1.095445 	0.594837  	-0.557602 
138.000000	-1.124775 	0.569528  	-0.564769 
139.000000	-1.157304 	0.544641  	-0.577309 
140.000000	-1.189833 	0.519753  	-0.589850 
141.000000	-1.222361 	0.494866  	-0.602390 
142.000000	-1.254890 	0.469978  	-0.614931 
143.000000	-1.291340 	0.445815  	-0.631218 
144.000000	-1.329358 	0.421942  	-0.649003 
145.000000	-1.367377 	0.398069  	-0.666788 
146.000000	-1.405396 	0.374195  	-0.684574 
147.000000	-1.446566 	0.350876  	-0.700319 
148.000000	-1.493410 	0.328555  	-0.712394 
149.000000	-1.540253 	0.306233  	-0.724468 
150.000000	-1.587097 	0.283912  	-0.736543 
151.000000	-1.633940 	0.261590  	-0.748617 
152.000000	-1.577597 	0.240723  	-0.741519 
153.000000	-1.521254 	0.219856  	-0.734421 
154.000000	-1.464912 	0.199996  	-0.727324 
155.000000	-1.408569 	0.180214  	-0.720226 
156.000000	-1.352226 	0.161449  	-0.713128 
157.000000	-1.295883 	0.142853  	-0.706030 
158.000000	-1.239541 	0.125264  	-0.698933 
159.000000	-1.183198 	0.107949  	-0.691835 
160.000000	-1.126855 	0.091612  	-0.679413 
161.000000	-1.070512 	0.075667  	-0.664862 
162.000000	-1.014170 	0.060655  	-0.647790 
163.000000	-0.957827 	0.046161  	-0.629316 
164.000000	-0.901484 	0.032538  	-0.610842 
165.000000	-0.845141 	0.019569  	-0.592369 
166.000000	-0.788799 	0.010168  	-0.573895 
167.000000	-0.732456 	0.004334  	-0.555421 
168.000000	-0.676113 	0.001000  	-0.536947 
169.000000	-0.619770 	0.001000  	-0.518474 
170.000000	-0.563428 	0.001000  	-0.490682 
171.000000	-0.507085 	0.001000  	-0.446117 
172.000000	-0.450742 	0.001000  	-0.400000 
173.000000	-0.394399 	0.001000  	-0.350000 
174.000000	-0.338057 	0.001000  	-0.300000 
175.000000	-0.281714 	0.001000  	-0.250000 
176.000000	-0.225371 	0.001000  	-0.200000 
177.000000	-0.169028 	0.001000  	-0.150000 
178.000000	-0.112686 	0.001000  	-0.100000 
179.000000	-0.056343 	0.001000  	-0.050000 
180.000000	0.000000  	0.001000  	0.000000  
! ------------------------------------------------------------------------------
! data for table	3         
! ------------------------------------------------------------------------------
  0.400000  	Re           ! Reynolds number in millions
  0.000000  	UserProp     ! User property (control) setting
Flase           InclUAdata   ! Is unsteady aerodynamics data included in this table? If TRUE, then include UA coefficients below this line. Any missing coefficients will be calculated internally.
! Table of aerodynamics coefficients
  361       	NumAlf       ! Number of data lines in the following table
!Alpha      Cl          Cd          Cm/Cp
!(deg)      (-)         (-)         (-)
-180.000000	0.000000  	0.001000  	0.000000  
-179.000000	0.056427  	0.001000  	0.040000  
-178.000000	0.112854  	0.001000  	0.080000  
-177.000000	0.169282  	0.001000  	0.120000  
-176.000000	0.225709  	0.001000  	0.160000  
-175.000000	0.282136  	0.001000  	0.200000  
-174.000000	0.338563  	0.001000  	0.240000  
-173.000000	0.394991  	0.001000  	0.280000  
-172.000000	0.451418  	0.001000  	0.320000  
-171.000000	0.507845  	0.001000  	0.358710  
-170.000000	0.564272  	0.001000  	0.396904  
-169.000000	0.620700  	0.001000  	0.429525  
-168.000000	0.677127  	0.001000  	0.459049  
-167.000000	0.733554  	0.004935  	0.488574  
-166.000000	0.789981  	0.011822  	0.518099  
-165.000000	0.846409  	0.021745  	0.547623  
-164.000000	0.902836  	0.034703  	0.577148  
-163.000000	0.959263  	0.048314  	0.606673  
-162.000000	1.015690  	0.062796  	0.636198  
-161.000000	1.072118  	0.077796  	0.662956  
-160.000000	1.128545  	0.093728  	0.684734  
-159.000000	1.184972  	0.110051  	0.702308  
-158.000000	1.241399  	0.127352  	0.709369  
-157.000000	1.297827  	0.144926  	0.716430  
-156.000000	1.354254  	0.163506  	0.723491  
-155.000000	1.410681  	0.182256  	0.730552  
-154.000000	1.467108  	0.202021  	0.737613  
-153.000000	1.523536  	0.221863  	0.744674  
-152.000000	1.579963  	0.242711  	0.751735  
-151.000000	1.636390  	0.263560  	0.758796  
-150.000000	1.589436  	0.285861  	0.746576  
-149.000000	1.542483  	0.308162  	0.734357  
-148.000000	1.495529  	0.330464  	0.722137  
-147.000000	1.448576  	0.352765  	0.709917  
-146.000000	1.407310  	0.376062  	0.694005  
-145.000000	1.369203  	0.399912  	0.676043  
-144.000000	1.331097  	0.423763  	0.658080  
-143.000000	1.292991  	0.447613  	0.640117  
-142.000000	1.256458  	0.471753  	0.623665  
-141.000000	1.223858  	0.496615  	0.610991  
-140.000000	1.191258  	0.521477  	0.598317  
-139.000000	1.158657  	0.546340  	0.585644  
-138.000000	1.126057  	0.571202  	0.572970  
-137.000000	1.096666  	0.596484  	0.565716  
-136.000000	1.067522  	0.621798  	0.558878  
-135.000000	1.038378  	0.647113  	0.552041  
-134.000000	1.009234  	0.672427  	0.545203  
-133.000000	0.981329  	0.697675  	0.538854  
-132.000000	0.954353  	0.722874  	0.532872  
-131.000000	0.927377  	0.748072  	0.526890  
-130.000000	0.900400  	0.773270  	0.520909  
-129.000000	0.873717  	0.798322  	0.515760  
-128.000000	0.848105  	0.822839  	0.513667  
-127.000000	0.822493  	0.847356  	0.511573  
-126.000000	0.796881  	0.871872  	0.509480  
-125.000000	0.771269  	0.896389  	0.507387  
-124.000000	0.746418  	0.919853  	0.505294  
-123.000000	0.721694  	0.943140  	0.503201  
-122.000000	0.696969  	0.966428  	0.501108  
-121.000000	0.672245  	0.989716  	0.499014  
-120.000000	0.647842  	1.012129  	0.497709  
-119.000000	0.623760  	1.033669  	0.497190  
-118.000000	0.599678  	1.055209  	0.496672  
-117.000000	0.575596  	1.076749  	0.496153  
-116.000000	0.551596  	1.097971  	0.495664  
-115.000000	0.528084  	1.117285  	0.495350  
-114.000000	0.504572  	1.136600  	0.495036  
-113.000000	0.481060  	1.155915  	0.494722  
-112.000000	0.457548  	1.175229  	0.494407  
-111.000000	0.434530  	1.192461  	0.494135  
-110.000000	0.411647  	1.209126  	0.493874  
-109.000000	0.388763  	1.225790  	0.493613  
-108.000000	0.365879  	1.242454  	0.493352  
-107.000000	0.343333  	1.257826  	0.493106  
-106.000000	0.321238  	1.271477  	0.492882  
-105.000000	0.299142  	1.285127  	0.492658  
-104.000000	0.277047  	1.298777  	0.492434  
-103.000000	0.255025  	1.312191  	0.492188  
-102.000000	0.233956  	1.322534  	0.491665  
-101.000000	0.212888  	1.332877  	0.491142  
-100.000000	0.191819  	1.343220  	0.490619  
-99.000000	0.170751  	1.353563  	0.490096  
-98.000000	0.150631  	1.361389  	0.489064  
-97.000000	0.130890  	1.368208  	0.487827  
-96.000000	0.111149  	1.375027  	0.486590  
-95.000000	0.091408  	1.381846  	0.485354  
-94.000000	0.072265  	1.387359  	0.484117  
-93.000000	0.054199  	1.390519  	0.482880  
-92.000000	0.036133  	1.393679  	0.481644  
-91.000000	0.018066  	1.396840  	0.480407  
-90.000000	0.000000  	1.400000  	0.479170  
-89.000000	-0.018066 	1.396840  	0.475740  
-88.000000	-0.036133 	1.393679  	0.472309  
-87.000000	-0.054199 	1.390519  	0.468879  
-86.000000	-0.072265 	1.387359  	0.465448  
-85.000000	-0.091408 	1.381846  	0.462018  
-84.000000	-0.111149 	1.375027  	0.458587  
-83.000000	-0.130890 	1.368208  	0.455157  
-82.000000	-0.150631 	1.361389  	0.451726  
-81.000000	-0.170751 	1.353563  	0.448145  
-80.000000	-0.191819 	1.343220  	0.444185  
-79.000000	-0.212888 	1.332877  	0.440226  
-78.000000	-0.233956 	1.322534  	0.436267  
-77.000000	-0.255025 	1.312191  	0.432308  
-76.000000	-0.277047 	1.298777  	0.428143  
-75.000000	-0.299142 	1.285127  	0.423963  
-74.000000	-0.321238 	1.271477  	0.419782  
-73.000000	-0.343333 	1.257826  	0.415602  
-72.000000	-0.365879 	1.242454  	0.411431  
-71.000000	-0.388763 	1.225790  	0.407266  
-70.000000	-0.411647 	1.209126  	0.403102  
-69.000000	-0.434530 	1.192461  	0.398937  
-68.000000	-0.457548 	1.175229  	0.394778  
-67.000000	-0.481060 	1.155915  	0.390636  
-66.000000	-0.504572 	1.136600  	0.386494  
-65.000000	-0.528084 	1.117285  	0.382353  
-64.000000	-0.551596 	1.097971  	0.378211  
-63.000000	-0.575596 	1.076749  	0.374127  
-62.000000	-0.599678 	1.055209  	0.370052  
-61.000000	-0.623760 	1.033669  	0.365977  
-60.000000	-0.647842 	1.012129  	0.361903  
-59.000000	-0.672245 	0.989716  	0.358085  
-58.000000	-0.696969 	0.966428  	0.354526  
-57.000000	-0.721694 	0.943140  	0.350967  
-56.000000	-0.746418 	0.919853  	0.347407  
-55.000000	-0.771269 	0.896389  	0.343848  
-54.000000	-0.796881 	0.871872  	0.340288  
-53.000000	-0.822493 	0.847356  	0.336729  
-52.000000	-0.848105 	0.822839  	0.333169  
-51.000000	-0.873717 	0.798322  	0.329610  
-50.000000	-0.900400 	0.773270  	0.326407  
-49.000000	-0.927377 	0.748072  	0.323301  
-48.000000	-0.954353 	0.722874  	0.320195  
-47.000000	-0.981329 	0.697675  	0.317089  
-46.000000	-1.009234 	0.672427  	0.314026  
-45.000000	-1.038378 	0.647113  	0.311020  
-44.000000	-1.067522 	0.621798  	0.308014  
-43.000000	-1.096666 	0.596484  	0.305008  
-42.000000	-1.126057 	0.571202  	0.301951  
-41.000000	-1.158657 	0.546340  	0.298224  
-40.000000	-1.191258 	0.521477  	0.294498  
-39.000000	-1.223858 	0.496615  	0.290771  
-38.000000	-1.256458 	0.471753  	0.287045  
-37.000000	-1.292991 	0.447613  	0.282852  
-36.000000	-1.331097 	0.423763  	0.278472  
-35.000000	-1.369203 	0.399912  	0.274093  
-34.000000	-1.407310 	0.376062  	0.269713  
-33.000000	-1.448576 	0.352765  	0.264513  
-32.000000	-1.495529 	0.330464  	0.257834  
-31.000000	-1.542483 	0.308162  	0.251156  
-30.000000	-1.589436 	0.285861  	0.244478  
-29.000000	-1.636390 	0.263560  	0.237799  
-28.000000	-1.584706 	0.251904  	0.223403  
-27.000000	-1.533023 	0.240248  	0.209007  
-26.000000	-1.481339 	0.228593  	0.194611  
-25.000000	-1.429655 	0.216937  	0.180215  
-24.000000	-1.377972 	0.205281  	0.165819  
-23.000000	-1.326288 	0.193625  	0.151423  
-22.000000	-1.274604 	0.181969  	0.137027  
-21.000000	-1.222921 	0.170314  	0.122631  
-20.000000	-1.171237 	0.158658  	0.109363  
-19.000000	-1.119553 	0.147002  	0.097412  
-18.000000	-1.067869 	0.135346  	0.086588  
-17.000000	-1.016186 	0.123691  	0.075765  
-16.000000	-0.964502 	0.112035  	0.064941  
-15.000000	-0.912818 	0.100379  	0.054118  
-14.000000	-0.861135 	0.088723  	0.043294  
-13.000000	-0.809451 	0.077067  	0.032471  
-12.000000	-0.757767 	0.065412  	0.002542  
-11.000000	-0.706084 	0.053756  	-0.035029 
-10.000000	-0.654400 	0.042100  	-0.072600 
-9.000000 	-0.508900 	0.041830  	-0.085200 
-8.000000 	-0.354600 	0.041550  	-0.100500 
-7.000000 	-0.213000 	0.041320  	-0.111500 
-6.000000 	-0.067800 	0.041440  	-0.123200 
-5.000000 	0.082100  	0.041590  	-0.136400 
-4.000000 	0.223600  	0.041710  	-0.146800 
-3.000000 	0.368500  	0.042000  	-0.158100 
-2.000000 	0.511800  	0.042300  	-0.169000 
-1.000000 	0.653300  	0.042730  	-0.179100 
0.000000  	0.794500  	0.043170  	-0.189200 
1.000000  	0.933700  	0.043730  	-0.198700 
2.000000  	1.071300  	0.044280  	-0.207600 
3.000000  	1.208400  	0.044910  	-0.216400 
4.000000  	1.341700  	0.045670  	-0.224100 
5.000000  	1.473300  	0.046410  	-0.231300 
6.000000  	1.603100  	0.047320  	-0.238200 
7.000000  	1.730000  	0.048300  	-0.244200 
8.000000  	1.852400  	0.049440  	-0.249200 
9.000000  	1.972300  	0.050720  	-0.253700 
10.000000 	2.085800  	0.052360  	-0.256800 
11.000000 	2.190500  	0.054330  	-0.258100 
12.000000 	2.279500  	0.057390  	-0.256200 
13.000000 	2.312400  	0.063590  	-0.243500 
14.000000 	2.324400  	0.072630  	-0.230400 
15.000000 	2.345700  	0.081710  	-0.222300 
16.000000 	2.362200  	0.091810  	-0.216300 
17.000000 	2.363500  	0.104950  	-0.212300 
18.000000 	2.356800  	0.119640  	-0.210600 
19.000000 	2.342300  	0.135880  	-0.211600 
20.000000 	2.330000  	0.151390  	-0.214300 
21.000000 	2.322800  	0.166060  	-0.218800 
22.000000 	2.308900  	0.181700  	-0.225200 
23.000000 	2.308200  	0.195110  	-0.232500 
24.000000 	2.308800  	0.207930  	-0.240500 
25.000000 	2.309800  	0.220660  	-0.249600 
26.000000 	2.314000  	0.232480  	-0.259300 
27.000000 	2.321900  	0.242840  	-0.269467 
28.000000 	2.329800  	0.253200  	-0.279633 
29.000000 	2.337700  	0.263560  	-0.289800 
30.000000 	2.270623  	0.285861  	-0.295855 
31.000000 	2.203547  	0.308162  	-0.301910 
32.000000 	2.136470  	0.330464  	-0.307964 
33.000000 	2.069394  	0.352765  	-0.314019 
34.000000 	2.010442  	0.376062  	-0.319288 
35.000000 	1.956005  	0.399912  	-0.324119 
36.000000 	1.901567  	0.423763  	-0.328951 
37.000000 	1.847130  	0.447613  	-0.333783 
38.000000 	1.794939  	0.471753  	-0.338223 
39.000000 	1.748368  	0.496615  	-0.341683 
40.000000 	1.701796  	0.521477  	-0.345144 
41.000000 	1.655225  	0.546340  	-0.348604 
42.000000 	1.608653  	0.571202  	-0.352064 
43.000000 	1.566666  	0.596484  	-0.354120 
44.000000 	1.525032  	0.621798  	-0.356067 
45.000000 	1.483397  	0.647113  	-0.358014 
46.000000 	1.441763  	0.672427  	-0.359961 
47.000000 	1.401898  	0.697675  	-0.361921 
48.000000 	1.363361  	0.722874  	-0.363892 
49.000000 	1.324824  	0.748072  	-0.365863 
50.000000 	1.286286  	0.773270  	-0.367834 
51.000000 	1.248167  	0.798322  	-0.369827 
52.000000 	1.211578  	0.822839  	-0.371905 
53.000000 	1.174990  	0.847356  	-0.373983 
54.000000 	1.138402  	0.871872  	-0.376061 
55.000000 	1.101814  	0.896389  	-0.378139 
56.000000 	1.066312  	0.919853  	-0.380217 
57.000000 	1.030991  	0.943140  	-0.382295 
58.000000 	0.995670  	0.966428  	-0.384373 
59.000000 	0.960350  	0.989716  	-0.386451 
60.000000 	0.925488  	1.012129  	-0.388825 
61.000000 	0.891086  	1.033669  	-0.391496 
62.000000 	0.856683  	1.055209  	-0.394166 
63.000000 	0.822280  	1.076749  	-0.396837 
64.000000 	0.787994  	1.097971  	-0.399518 
65.000000 	0.754406  	1.117285  	-0.402266 
66.000000 	0.720817  	1.136600  	-0.405013 
67.000000 	0.687229  	1.155915  	-0.407760 
68.000000 	0.653641  	1.175229  	-0.410508 
69.000000 	0.620757  	1.192461  	-0.413473 
70.000000 	0.588067  	1.209126  	-0.416499 
71.000000 	0.555376  	1.225790  	-0.419524 
72.000000 	0.522685  	1.242454  	-0.422550 
73.000000 	0.490476  	1.257826  	-0.425658 
74.000000 	0.458911  	1.271477  	-0.428877 
75.000000 	0.427346  	1.285127  	-0.432095 
76.000000 	0.395781  	1.298777  	-0.435314 
77.000000 	0.364321  	1.312191  	-0.438530 
78.000000 	0.334223  	1.322534  	-0.441713 
79.000000 	0.304125  	1.332877  	-0.444896 
80.000000 	0.274028  	1.343220  	-0.448079 
81.000000 	0.243930  	1.353563  	-0.451262 
82.000000 	0.215187  	1.361389  	-0.454385 
83.000000 	0.186985  	1.368208  	-0.457483 
84.000000 	0.158784  	1.375027  	-0.460581 
85.000000 	0.130583  	1.381846  	-0.463679 
86.000000 	0.103236  	1.387359  	-0.466778 
87.000000 	0.077427  	1.390519  	-0.469876 
88.000000 	0.051618  	1.393679  	-0.472974 
89.000000 	0.025809  	1.396840  	-0.476072 
90.000000 	0.000000  	1.400000  	-0.479170 
91.000000 	-0.018066 	1.396840  	-0.480407 
92.000000 	-0.036133 	1.393679  	-0.481644 
93.000000 	-0.054199 	1.390519  	-0.482880 
94.000000 	-0.072265 	1.387359  	-0.484117 
95.000000 	-0.091408 	1.381846  	-0.485354 
96.000000 	-0.111149 	1.375027  	-0.486590 
97.000000 	-0.130890 	1.368208  	-0.487827 
98.000000 	-0.150631 	1.361389  	-0.489064 
99.000000 	-0.170751 	1.353563  	-0.490096 
100.000000	-0.191819 	1.343220  	-0.490619 
101.000000	-0.212888 	1.332877  	-0.491142 
102.000000	-0.233956 	1.322534  	-0.491665 
103.000000	-0.255025 	1.312191  	-0.492188 
104.000000	-0.277047 	1.298777  	-0.492434 
105.000000	-0.299142 	1.285127  	-0.492658 
106.000000	-0.321238 	1.271477  	-0.492882 
107.000000	-0.343333 	1.257826  	-0.493106 
108.000000	-0.365879 	1.242454  	-0.493352 
109.000000	-0.388763 	1.225790  	-0.493613 
110.000000	-0.411647 	1.209126  	-0.493874 
111.000000	-0.434530 	1.192461  	-0.494135 
112.000000	-0.457548 	1.175229  	-0.494407 
113.000000	-0.481060 	1.155915  	-0.494722 
114.000000	-0.504572 	1.136600  	-0.495036 
115.000000	-0.528084 	1.117285  	-0.495350 
116.000000	-0.551596 	1.097971  	-0.495664 
117.000000	-0.575596 	1.076749  	-0.496153 
118.000000	-0.599678 	1.055209  	-0.496672 
119.000000	-0.623760 	1.033669  	-0.497190 
120.000000	-0.647842 	1.012129  	-0.497709 
121.000000	-0.672245 	0.989716  	-0.499014 
122.000000	-0.696969 	0.966428  	-0.501108 
123.000000	-0.721694 	0.943140  	-0.503201 
124.000000	-0.746418 	0.919853  	-0.505294 
125.000000	-0.771269 	0.896389  	-0.507387 
126.000000	-0.796881 	0.871872  	-0.509480 
127.000000	-0.822493 	0.847356  	-0.511573 
128.000000	-0.848105 	0.822839  	-0.513667 
129.000000	-0.873717 	0.798322  	-0.515760 
130.000000	-0.900400 	0.773270  	-0.520909 
131.000000	-0.927377 	0.748072  	-0.526890 
132.000000	-0.954353 	0.722874  	-0.532872 
133.000000	-0.981329 	0.697675  	-0.538854 
134.000000	-1.009234 	0.672427  	-0.545203 
135.000000	-1.038378 	0.647113  	-0.552041 
136.000000	-1.067522 	0.621798  	-0.558878 
137.000000	-1.096666 	0.596484  	-0.565716 
138.000000	-1.126057 	0.571202  	-0.572970 
139.000000	-1.158657 	0.546340  	-0.585644 
140.000000	-1.191258 	0.521477  	-0.598317 
141.000000	-1.223858 	0.496615  	-0.610991 
142.000000	-1.256458 	0.471753  	-0.623665 
143.000000	-1.292991 	0.447613  	-0.640117 
144.000000	-1.331097 	0.423763  	-0.658080 
145.000000	-1.369203 	0.399912  	-0.676043 
146.000000	-1.407310 	0.376062  	-0.694005 
147.000000	-1.448576 	0.352765  	-0.709917 
148.000000	-1.495529 	0.330464  	-0.722137 
149.000000	-1.542483 	0.308162  	-0.734357 
150.000000	-1.589436 	0.285861  	-0.746576 
151.000000	-1.636390 	0.263560  	-0.758796 
152.000000	-1.579963 	0.242711  	-0.751735 
153.000000	-1.523536 	0.221863  	-0.744674 
154.000000	-1.467108 	0.202021  	-0.737613 
155.000000	-1.410681 	0.182256  	-0.730552 
156.000000	-1.354254 	0.163506  	-0.723491 
157.000000	-1.297827 	0.144926  	-0.716430 
158.000000	-1.241399 	0.127352  	-0.709369 
159.000000	-1.184972 	0.110051  	-0.702308 
160.000000	-1.128545 	0.093728  	-0.689414 
161.000000	-1.072118 	0.077796  	-0.674187 
162.000000	-1.015690 	0.062796  	-0.656198 
163.000000	-0.959263 	0.048314  	-0.636673 
164.000000	-0.902836 	0.034703  	-0.617148 
165.000000	-0.846409 	0.021745  	-0.597623 
166.000000	-0.789981 	0.011822  	-0.578099 
167.000000	-0.733554 	0.004935  	-0.558574 
168.000000	-0.677127 	0.001000  	-0.539049 
169.000000	-0.620700 	0.001000  	-0.519525 
170.000000	-0.564272 	0.001000  	-0.490993 
171.000000	-0.507845 	0.001000  	-0.446247 
172.000000	-0.451418 	0.001000  	-0.400000 
173.000000	-0.394991 	0.001000  	-0.350000 
174.000000	-0.338563 	0.001000  	-0.300000 
175.000000	-0.282136 	0.001000  	-0.250000 
176.000000	-0.225709 	0.001000  	-0.200000 
177.000000	-0.169282 	0.001000  	-0.150000 
178.000000	-0.112854 	0.001000  	-0.100000 
179.000000	-0.056427 	0.001000  	-0.050000 
180.000000	0.000000  	0.001000  	0.000000  
! ------------------------------------------------------------------------------
! data for table	4         
! ------------------------------------------------------------------------------
  0.500000  	Re           ! Reynolds number in millions
  0.000000  	UserProp     ! User property (control) setting
Flase           InclUAdata   ! Is unsteady aerodynamics data included in this table? If TRUE, then include UA coefficients below this line. Any missing coefficients will be calculated internally.
! Table of aerodynamics coefficients
  361       	NumAlf       ! Number of data lines in the following table
!Alpha      Cl          Cd          Cm/Cp
!(deg)      (-)         (-)         (-)
-180.000000	0.000000  	0.001000  	0.000000  
-179.000000	0.056348  	0.001000  	0.040000  
-178.000000	0.112695  	0.001000  	0.080000  
-177.000000	0.169043  	0.001000  	0.120000  
-176.000000	0.225390  	0.001000  	0.160000  
-175.000000	0.281738  	0.001000  	0.200000  
-174.000000	0.338086  	0.001000  	0.240000  
-173.000000	0.394433  	0.001000  	0.280000  
-172.000000	0.450781  	0.001000  	0.320000  
-171.000000	0.507128  	0.001000  	0.358733  
-170.000000	0.563476  	0.001000  	0.396958  
-169.000000	0.619823  	0.001000  	0.429709  
-168.000000	0.676171  	0.001000  	0.459417  
-167.000000	0.732519  	0.005626  	0.489126  
-166.000000	0.788866  	0.013720  	0.518834  
-165.000000	0.845214  	0.024240  	0.548543  
-164.000000	0.901561  	0.037187  	0.578251  
-163.000000	0.957909  	0.050785  	0.607960  
-162.000000	1.014257  	0.065254  	0.637669  
-161.000000	1.070604  	0.080239  	0.664588  
-160.000000	1.126952  	0.096156  	0.686487  
-159.000000	1.183299  	0.112463  	0.704147  
-158.000000	1.239647  	0.129747  	0.711209  
-157.000000	1.295994  	0.147305  	0.718270  
-156.000000	1.352342  	0.165866  	0.725332  
-155.000000	1.408690  	0.184597  	0.732393  
-154.000000	1.465037  	0.204343  	0.739455  
-153.000000	1.521385  	0.224165  	0.746516  
-152.000000	1.577732  	0.244993  	0.753578  
-151.000000	1.634080  	0.265820  	0.760640  
-150.000000	1.587230  	0.288098  	0.748450  
-149.000000	1.540381  	0.310376  	0.736261  
-148.000000	1.493531  	0.332654  	0.724072  
-147.000000	1.446681  	0.354931  	0.711883  
-146.000000	1.405505  	0.378203  	0.696008  
-145.000000	1.367481  	0.402028  	0.678084  
-144.000000	1.329458  	0.425852  	0.660161  
-143.000000	1.291434  	0.449676  	0.642238  
-142.000000	1.254979  	0.473789  	0.625822  
-141.000000	1.222447  	0.498622  	0.613177  
-140.000000	1.189914  	0.523455  	0.600531  
-139.000000	1.157381  	0.548289  	0.587885  
-138.000000	1.124849  	0.573122  	0.575239  
-137.000000	1.095514  	0.598373  	0.568001  
-136.000000	1.066426  	0.623656  	0.561179  
-135.000000	1.037338  	0.648939  	0.554357  
-134.000000	1.008250  	0.674222  	0.547535  
-133.000000	0.980396  	0.699437  	0.541200  
-132.000000	0.953467  	0.724601  	0.535231  
-131.000000	0.926537  	0.749766  	0.529262  
-130.000000	0.899608  	0.774930  	0.523293  
-129.000000	0.872970  	0.799948  	0.518155  
-128.000000	0.847398  	0.824429  	0.516063  
-127.000000	0.821825  	0.848909  	0.513972  
-126.000000	0.796253  	0.873390  	0.511881  
-125.000000	0.770681  	0.897871  	0.509789  
-124.000000	0.745864  	0.921297  	0.507698  
-123.000000	0.721173  	0.944547  	0.505607  
-122.000000	0.696482  	0.967796  	0.503515  
-121.000000	0.671790  	0.991046  	0.501424  
-120.000000	0.647418  	1.013421  	0.500116  
-119.000000	0.623364  	1.034921  	0.499592  
-118.000000	0.599310  	1.056421  	0.499069  
-117.000000	0.575256  	1.077921  	0.498545  
-116.000000	0.551283  	1.099103  	0.498050  
-115.000000	0.527794  	1.118377  	0.497729  
-114.000000	0.504304  	1.137650  	0.497409  
-113.000000	0.480815  	1.156924  	0.497088  
-112.000000	0.457326  	1.176197  	0.496768  
-111.000000	0.434327  	1.193387  	0.496487  
-110.000000	0.411462  	1.210009  	0.496217  
-109.000000	0.388597  	1.226630  	0.495946  
-108.000000	0.365731  	1.243252  	0.495676  
-107.000000	0.343202  	1.258582  	0.495421  
-106.000000	0.321120  	1.272188  	0.495186  
-105.000000	0.299038  	1.285795  	0.494951  
-104.000000	0.276957  	1.299402  	0.494716  
-103.000000	0.254948  	1.312772  	0.494460  
-102.000000	0.233890  	1.323071  	0.493926  
-101.000000	0.212831  	1.333370  	0.493392  
-100.000000	0.191773  	1.343668  	0.492858  
-99.000000	0.170714  	1.353967  	0.492323  
-98.000000	0.150601  	1.361748  	0.491279  
-97.000000	0.130866  	1.368523  	0.490030  
-96.000000	0.111131  	1.375297  	0.488781  
-95.000000	0.091396  	1.382071  	0.487533  
-94.000000	0.072257  	1.387539  	0.486284  
-93.000000	0.054193  	1.390654  	0.485035  
-92.000000	0.036129  	1.393769  	0.483786  
-91.000000	0.018064  	1.396885  	0.482537  
-90.000000	0.000000  	1.400000  	0.481289  
-89.000000	-0.018064 	1.396885  	0.477868  
-88.000000	-0.036129 	1.393769  	0.474447  
-87.000000	-0.054193 	1.390654  	0.471026  
-86.000000	-0.072257 	1.387539  	0.467605  
-85.000000	-0.091396 	1.382071  	0.464184  
-84.000000	-0.111131 	1.375297  	0.460763  
-83.000000	-0.130866 	1.368523  	0.457342  
-82.000000	-0.150601 	1.361748  	0.453921  
-81.000000	-0.170714 	1.353967  	0.450348  
-80.000000	-0.191773 	1.343668  	0.446396  
-79.000000	-0.212831 	1.333370  	0.442444  
-78.000000	-0.233890 	1.323071  	0.438492  
-77.000000	-0.254948 	1.312772  	0.434539  
-76.000000	-0.276957 	1.299402  	0.430381  
-75.000000	-0.299038 	1.285795  	0.426206  
-74.000000	-0.321120 	1.272188  	0.422032  
-73.000000	-0.343202 	1.258582  	0.417857  
-72.000000	-0.365731 	1.243252  	0.413690  
-71.000000	-0.388597 	1.226630  	0.409530  
-70.000000	-0.411462 	1.210009  	0.405369  
-69.000000	-0.434327 	1.193387  	0.401208  
-68.000000	-0.457326 	1.176197  	0.397051  
-67.000000	-0.480815 	1.156924  	0.392910  
-66.000000	-0.504304 	1.137650  	0.388769  
-65.000000	-0.527794 	1.118377  	0.384628  
-64.000000	-0.551283 	1.099103  	0.380488  
-63.000000	-0.575256 	1.077921  	0.376403  
-62.000000	-0.599310 	1.056421  	0.372328  
-61.000000	-0.623364 	1.034921  	0.368253  
-60.000000	-0.647418 	1.013421  	0.364179  
-59.000000	-0.671790 	0.991046  	0.360359  
-58.000000	-0.696482 	0.967796  	0.356794  
-57.000000	-0.721173 	0.944547  	0.353229  
-56.000000	-0.745864 	0.921297  	0.349664  
-55.000000	-0.770681 	0.897871  	0.346099  
-54.000000	-0.796253 	0.873390  	0.342535  
-53.000000	-0.821825 	0.848909  	0.338970  
-52.000000	-0.847398 	0.824429  	0.335405  
-51.000000	-0.872970 	0.799948  	0.331840  
-50.000000	-0.899608 	0.774930  	0.328628  
-49.000000	-0.926537 	0.749766  	0.325513  
-48.000000	-0.953467 	0.724601  	0.322397  
-47.000000	-0.980396 	0.699437  	0.319282  
-46.000000	-1.008250 	0.674222  	0.316209  
-45.000000	-1.037338 	0.648939  	0.313192  
-44.000000	-1.066426 	0.623656  	0.310175  
-43.000000	-1.095514 	0.598373  	0.307159  
-42.000000	-1.124849 	0.573122  	0.304090  
-41.000000	-1.157381 	0.548289  	0.300352  
-40.000000	-1.189914 	0.523455  	0.296614  
-39.000000	-1.222447 	0.498622  	0.292876  
-38.000000	-1.254979 	0.473789  	0.289138  
-37.000000	-1.291434 	0.449676  	0.284933  
-36.000000	-1.329458 	0.425852  	0.280542  
-35.000000	-1.367481 	0.402028  	0.276150  
-34.000000	-1.405505 	0.378203  	0.271758  
-33.000000	-1.446681 	0.354931  	0.266548  
-32.000000	-1.493531 	0.332654  	0.259864  
-31.000000	-1.540381 	0.310376  	0.253181  
-30.000000	-1.587230 	0.288098  	0.246497  
-29.000000	-1.634080 	0.265820  	0.239813  
-28.000000	-1.581823 	0.253958  	0.225435  
-27.000000	-1.529566 	0.242097  	0.211057  
-26.000000	-1.477309 	0.230235  	0.196679  
-25.000000	-1.425053 	0.218374  	0.182300  
-24.000000	-1.372796 	0.206512  	0.167922  
-23.000000	-1.320539 	0.194651  	0.153544  
-22.000000	-1.268282 	0.182789  	0.139165  
-21.000000	-1.216025 	0.170927  	0.124787  
-20.000000	-1.163768 	0.159066  	0.111463  
-19.000000	-1.111512 	0.147204  	0.099368  
-18.000000	-1.059255 	0.135343  	0.088327  
-17.000000	-1.006998 	0.123481  	0.077286  
-16.000000	-0.954741 	0.111619  	0.066245  
-15.000000	-0.902484 	0.099758  	0.055204  
-14.000000	-0.850227 	0.087896  	0.044164  
-13.000000	-0.797971 	0.076035  	0.033123  
-12.000000	-0.745714 	0.064173  	0.001529  
-11.000000	-0.693457 	0.052312  	-0.038285 
-10.000000	-0.641200 	0.040450  	-0.078100 
-9.000000 	-0.497100 	0.040250  	-0.090100 
-8.000000 	-0.352200 	0.040340  	-0.101900 
-7.000000 	-0.203500 	0.040460  	-0.114800 
-6.000000 	-0.057400 	0.040570  	-0.126800 
-5.000000 	0.087100  	0.040800  	-0.138100 
-4.000000 	0.233400  	0.041110  	-0.149800 
-3.000000 	0.377000  	0.041410  	-0.160700 
-2.000000 	0.520200  	0.041780  	-0.171400 
-1.000000 	0.662600  	0.042190  	-0.181800 
0.000000  	0.803400  	0.042660  	-0.191600 
1.000000  	0.943100  	0.043170  	-0.201200 
2.000000  	1.081500  	0.043720  	-0.210300 
3.000000  	1.217100  	0.044340  	-0.218700 
4.000000  	1.351900  	0.044950  	-0.226700 
5.000000  	1.484400  	0.045650  	-0.234200 
6.000000  	1.614100  	0.046430  	-0.240900 
7.000000  	1.741100  	0.047320  	-0.246900 
8.000000  	1.865500  	0.048340  	-0.252300 
9.000000  	1.985000  	0.049600  	-0.256600 
10.000000 	2.094700  	0.051375  	-0.258800 
11.000000 	2.204400  	0.053150  	-0.261000 
12.000000 	2.288200  	0.056360  	-0.257900 
13.000000 	2.306300  	0.064210  	-0.242500 
14.000000 	2.336400  	0.072080  	-0.232800 
15.000000 	2.353500  	0.082230  	-0.224500 
16.000000 	2.368100  	0.093350  	-0.218900 
17.000000 	2.375100  	0.106010  	-0.215300 
18.000000 	2.371700  	0.120430  	-0.213800 
19.000000 	2.359750  	0.135775  	-0.215100 
20.000000 	2.347800  	0.151120  	-0.216400 
21.000000 	2.332100  	0.166920  	-0.220800 
22.000000 	2.319400  	0.182090  	-0.226700 
23.000000 	2.312500  	0.196420  	-0.234100 
24.000000 	2.311000  	0.209540  	-0.242100 
25.000000 	2.311400  	0.222110  	-0.251000 
26.000000 	2.314300  	0.234150  	-0.260700 
27.000000 	2.320300  	0.245190  	-0.270600 
28.000000 	2.327400  	0.255710  	-0.280900 
29.000000 	2.334400  	0.265820  	-0.291700 
30.000000 	2.267472  	0.288098  	-0.297767 
31.000000 	2.200544  	0.310376  	-0.303835 
32.000000 	2.133615  	0.332654  	-0.309902 
33.000000 	2.066687  	0.354931  	-0.315970 
34.000000 	2.007865  	0.378203  	-0.321252 
35.000000 	1.953545  	0.402028  	-0.326098 
36.000000 	1.899225  	0.425852  	-0.330944 
37.000000 	1.844906  	0.449676  	-0.335790 
38.000000 	1.792827  	0.473789  	-0.340243 
39.000000 	1.746352  	0.498622  	-0.343718 
40.000000 	1.699877  	0.523455  	-0.347192 
41.000000 	1.653402  	0.548289  	-0.350666 
42.000000 	1.606927  	0.573122  	-0.354140 
43.000000 	1.565021  	0.598373  	-0.356209 
44.000000 	1.523466  	0.623656  	-0.358169 
45.000000 	1.481912  	0.648939  	-0.360130 
46.000000 	1.440357  	0.674222  	-0.362091 
47.000000 	1.400565  	0.699437  	-0.364064 
48.000000 	1.362095  	0.724601  	-0.366047 
49.000000 	1.323625  	0.749766  	-0.368030 
50.000000 	1.285155  	0.774930  	-0.370013 
51.000000 	1.247100  	0.799948  	-0.372018 
52.000000 	1.210568  	0.824429  	-0.374104 
53.000000 	1.174036  	0.848909  	-0.376190 
54.000000 	1.137505  	0.873390  	-0.378275 
55.000000 	1.100973  	0.897871  	-0.380361 
56.000000 	1.065520  	0.921297  	-0.382446 
57.000000 	1.030247  	0.944547  	-0.384532 
58.000000 	0.994974  	0.967796  	-0.386617 
59.000000 	0.959701  	0.991046  	-0.388703 
60.000000 	0.924883  	1.013421  	-0.391081 
61.000000 	0.890520  	1.034921  	-0.393753 
62.000000 	0.856157  	1.056421  	-0.396425 
63.000000 	0.821794  	1.077921  	-0.399097 
64.000000 	0.787546  	1.099103  	-0.401780 
65.000000 	0.753991  	1.118377  	-0.404528 
66.000000 	0.720435  	1.137650  	-0.407276 
67.000000 	0.686879  	1.156924  	-0.410025 
68.000000 	0.653323  	1.176197  	-0.412773 
69.000000 	0.620468  	1.193387  	-0.415736 
70.000000 	0.587803  	1.210009  	-0.418759 
71.000000 	0.555138  	1.226630  	-0.421782 
72.000000 	0.522473  	1.243252  	-0.424804 
73.000000 	0.490288  	1.258582  	-0.427908 
74.000000 	0.458743  	1.272188  	-0.431122 
75.000000 	0.427198  	1.285795  	-0.434335 
76.000000 	0.395653  	1.299402  	-0.437548 
77.000000 	0.364212  	1.312772  	-0.440759 
78.000000 	0.334128  	1.323071  	-0.443935 
79.000000 	0.304045  	1.333370  	-0.447112 
80.000000 	0.273961  	1.343668  	-0.450288 
81.000000 	0.243877  	1.353967  	-0.453465 
82.000000 	0.215144  	1.361748  	-0.456579 
83.000000 	0.186951  	1.368523  	-0.459668 
84.000000 	0.158758  	1.375297  	-0.462756 
85.000000 	0.130565  	1.382071  	-0.465845 
86.000000 	0.103225  	1.387539  	-0.468934 
87.000000 	0.077419  	1.390654  	-0.472023 
88.000000 	0.051612  	1.393769  	-0.475111 
89.000000 	0.025806  	1.396885  	-0.478200 
90.000000 	0.000000  	1.400000  	-0.481289 
91.000000 	-0.018064 	1.396885  	-0.482537 
92.000000 	-0.036129 	1.393769  	-0.483786 
93.000000 	-0.054193 	1.390654  	-0.485035 
94.000000 	-0.072257 	1.387539  	-0.486284 
95.000000 	-0.091396 	1.382071  	-0.487533 
96.000000 	-0.111131 	1.375297  	-0.488781 
97.000000 	-0.130866 	1.368523  	-0.490030 
98.000000 	-0.150601 	1.361748  	-0.491279 
99.000000 	-0.170714 	1.353967  	-0.492323 
100.000000	-0.191773 	1.343668  	-0.492858 
101.000000	-0.212831 	1.333370  	-0.493392 
102.000000	-0.233890 	1.323071  	-0.493926 
103.000000	-0.254948 	1.312772  	-0.494460 
104.000000	-0.276957 	1.299402  	-0.494716 
105.000000	-0.299038 	1.285795  	-0.494951 
106.000000	-0.321120 	1.272188  	-0.495186 
107.000000	-0.343202 	1.258582  	-0.495421 
108.000000	-0.365731 	1.243252  	-0.495676 
109.000000	-0.388597 	1.226630  	-0.495946 
110.000000	-0.411462 	1.210009  	-0.496217 
111.000000	-0.434327 	1.193387  	-0.496487 
112.000000	-0.457326 	1.176197  	-0.496768 
113.000000	-0.480815 	1.156924  	-0.497088 
114.000000	-0.504304 	1.137650  	-0.497409 
115.000000	-0.527794 	1.118377  	-0.497729 
116.000000	-0.551283 	1.099103  	-0.498050 
117.000000	-0.575256 	1.077921  	-0.498545 
118.000000	-0.599310 	1.056421  	-0.499069 
119.000000	-0.623364 	1.034921  	-0.499592 
120.000000	-0.647418 	1.013421  	-0.500116 
121.000000	-0.671790 	0.991046  	-0.501424 
122.000000	-0.696482 	0.967796  	-0.503515 
123.000000	-0.721173 	0.944547  	-0.505607 
124.000000	-0.745864 	0.921297  	-0.507698 
125.000000	-0.770681 	0.897871  	-0.509789 
126.000000	-0.796253 	0.873390  	-0.511881 
127.000000	-0.821825 	0.848909  	-0.513972 
128.000000	-0.847398 	0.824429  	-0.516063 
129.000000	-0.872970 	0.799948  	-0.518155 
130.000000	-0.899608 	0.774930  	-0.523293 
131.000000	-0.926537 	0.749766  	-0.529262 
132.000000	-0.953467 	0.724601  	-0.535231 
133.000000	-0.980396 	0.699437  	-0.541200 
134.000000	-1.008250 	0.674222  	-0.547535 
135.000000	-1.037338 	0.648939  	-0.554357 
136.000000	-1.066426 	0.623656  	-0.561179 
137.000000	-1.095514 	0.598373  	-0.568001 
138.000000	-1.124849 	0.573122  	-0.575239 
139.000000	-1.157381 	0.548289  	-0.587885 
140.000000	-1.189914 	0.523455  	-0.600531 
141.000000	-1.222447 	0.498622  	-0.613177 
142.000000	-1.254979 	0.473789  	-0.625822 
143.000000	-1.291434 	0.449676  	-0.642238 
144.000000	-1.329458 	0.425852  	-0.660161 
145.000000	-1.367481 	0.402028  	-0.678084 
146.000000	-1.405505 	0.378203  	-0.696008 
147.000000	-1.446681 	0.354931  	-0.711883 
148.000000	-1.493531 	0.332654  	-0.724072 
149.000000	-1.540381 	0.310376  	-0.736261 
150.000000	-1.587230 	0.288098  	-0.748450 
151.000000	-1.634080 	0.265820  	-0.760640 
152.000000	-1.577732 	0.244993  	-0.753578 
153.000000	-1.521385 	0.224165  	-0.746516 
154.000000	-1.465037 	0.204343  	-0.739455 
155.000000	-1.408690 	0.184597  	-0.732393 
156.000000	-1.352342 	0.165866  	-0.725332 
157.000000	-1.295994 	0.147305  	-0.718270 
158.000000	-1.239647 	0.129747  	-0.711209 
159.000000	-1.183299 	0.112463  	-0.704147 
160.000000	-1.126952 	0.096156  	-0.691167 
161.000000	-1.070604 	0.080239  	-0.675820 
162.000000	-1.014257 	0.065254  	-0.657669 
163.000000	-0.957909 	0.050785  	-0.637960 
164.000000	-0.901561 	0.037187  	-0.618251 
165.000000	-0.845214 	0.024240  	-0.598543 
166.000000	-0.788866 	0.013720  	-0.578834 
167.000000	-0.732519 	0.005626  	-0.559126 
168.000000	-0.676171 	0.001000  	-0.539417 
169.000000	-0.619823 	0.001000  	-0.519709 
170.000000	-0.563476 	0.001000  	-0.491047 
171.000000	-0.507128 	0.001000  	-0.446270 
172.000000	-0.450781 	0.001000  	-0.400000 
173.000000	-0.394433 	0.001000  	-0.350000 
174.000000	-0.338086 	0.001000  	-0.300000 
175.000000	-0.281738 	0.001000  	-0.250000 
176.000000	-0.225390 	0.001000  	-0.200000 
177.000000	-0.169043 	0.001000  	-0.150000 
178.000000	-0.112695 	0.001000  	-0.100000 
179.000000	-0.056348 	0.001000  	-0.050000 
180.000000	0.000000  	0.001000  	0.000000  
! ------------------------------------------------------------------------------
! data for table	5         
! ------------------------------------------------------------------------------
  0.600000  	Re           ! Reynolds number in millions
  0.000000  	UserProp     ! User property (control) setting
Flase           InclUAdata   ! Is unsteady aerodynamics data included in this table? If TRUE, then include UA coefficients below this line. Any missing coefficients will be calculated internally.
! Table of aerodynamics coefficients
  361       	NumAlf       ! Number of data lines in the following table
!Alpha      Cl          Cd          Cm/Cp
!(deg)      (-)         (-)         (-)
-180.000000	0.000000  	0.001000  	0.000000  
-179.000000	0.056432  	0.001000  	0.040000  
-178.000000	0.112864  	0.001000  	0.080000  
-177.000000	0.169296  	0.001000  	0.120000  
-176.000000	0.225728  	0.001000  	0.160000  
-175.000000	0.282160  	0.001000  	0.200000  
-174.000000	0.338592  	0.001000  	0.240000  
-173.000000	0.395024  	0.001000  	0.280000  
-172.000000	0.451457  	0.001000  	0.320000  
-171.000000	0.507889  	0.001000  	0.358768  
-170.000000	0.564321  	0.001000  	0.397044  
-169.000000	0.620753  	0.001000  	0.430000  
-168.000000	0.677185  	0.001000  	0.459999  
-167.000000	0.733617  	0.005757  	0.489999  
-166.000000	0.790049  	0.014081  	0.519999  
-165.000000	0.846481  	0.024715  	0.549998  
-164.000000	0.902913  	0.037659  	0.579998  
-163.000000	0.959345  	0.051255  	0.609998  
-162.000000	1.015777  	0.065721  	0.639998  
-161.000000	1.072209  	0.080704  	0.667172  
-160.000000	1.128641  	0.096618  	0.689259  
-159.000000	1.185073  	0.112922  	0.707051  
-158.000000	1.241506  	0.130203  	0.714106  
-157.000000	1.297938  	0.147757  	0.721160  
-156.000000	1.354370  	0.166316  	0.728215  
-155.000000	1.410802  	0.185043  	0.735269  
-154.000000	1.467234  	0.204784  	0.742324  
-153.000000	1.523666  	0.224603  	0.749378  
-152.000000	1.580098  	0.245427  	0.756433  
-151.000000	1.636530  	0.266250  	0.763487  
-150.000000	1.589570  	0.288523  	0.751237  
-149.000000	1.542610  	0.310797  	0.738987  
-148.000000	1.495650  	0.333070  	0.726737  
-147.000000	1.448691  	0.355344  	0.714487  
-146.000000	1.407419  	0.378611  	0.698540  
-145.000000	1.369308  	0.402430  	0.680539  
-144.000000	1.331196  	0.426249  	0.662539  
-143.000000	1.293085  	0.450069  	0.644538  
-142.000000	1.256547  	0.474176  	0.628051  
-141.000000	1.223943  	0.499004  	0.615347  
-140.000000	1.191339  	0.523832  	0.602643  
-139.000000	1.158735  	0.548659  	0.589939  
-138.000000	1.126131  	0.573487  	0.577235  
-137.000000	1.096736  	0.598732  	0.569959  
-136.000000	1.067589  	0.624009  	0.563099  
-135.000000	1.038441  	0.649286  	0.556240  
-134.000000	1.009294  	0.674563  	0.549381  
-133.000000	0.981385  	0.699772  	0.543011  
-132.000000	0.954406  	0.724930  	0.537008  
-131.000000	0.927427  	0.750088  	0.531004  
-130.000000	0.900448  	0.775246  	0.525001  
-129.000000	0.873762  	0.800257  	0.519832  
-128.000000	0.848148  	0.824731  	0.517720  
-127.000000	0.822534  	0.849205  	0.515608  
-126.000000	0.796919  	0.873679  	0.513496  
-125.000000	0.771305  	0.898153  	0.511383  
-124.000000	0.746452  	0.921572  	0.509271  
-123.000000	0.721725  	0.944814  	0.507159  
-122.000000	0.696999  	0.968057  	0.505047  
-121.000000	0.672272  	0.991299  	0.502935  
-120.000000	0.647867  	1.013667  	0.501610  
-119.000000	0.623784  	1.035159  	0.501072  
-118.000000	0.599700  	1.056652  	0.500534  
-117.000000	0.575617  	1.078144  	0.499996  
-116.000000	0.551615  	1.099319  	0.499487  
-115.000000	0.528102  	1.118585  	0.499153  
-114.000000	0.504588  	1.137850  	0.498819  
-113.000000	0.481075  	1.157116  	0.498485  
-112.000000	0.457562  	1.176381  	0.498151  
-111.000000	0.434543  	1.193563  	0.497858  
-110.000000	0.411658  	1.210177  	0.497576  
-109.000000	0.388773  	1.226790  	0.497295  
-108.000000	0.365888  	1.243404  	0.497013  
-107.000000	0.343341  	1.258725  	0.496747  
-106.000000	0.321245  	1.272324  	0.496502  
-105.000000	0.299149  	1.285922  	0.496256  
-104.000000	0.277052  	1.299521  	0.496011  
-103.000000	0.255029  	1.312883  	0.495744  
-102.000000	0.233960  	1.323173  	0.495200  
-101.000000	0.212891  	1.333463  	0.494656  
-100.000000	0.191822  	1.343754  	0.494112  
-99.000000	0.170753  	1.354044  	0.493568  
-98.000000	0.150632  	1.361817  	0.492514  
-97.000000	0.130891  	1.368583  	0.491256  
-96.000000	0.111150  	1.375348  	0.489998  
-95.000000	0.091409  	1.382114  	0.488740  
-94.000000	0.072266  	1.387573  	0.487482  
-93.000000	0.054199  	1.390680  	0.486224  
-92.000000	0.036133  	1.393787  	0.484966  
-91.000000	0.018066  	1.396893  	0.483708  
-90.000000	0.000000  	1.400000  	0.482450  
-89.000000	-0.018066 	1.396893  	0.479025  
-88.000000	-0.036133 	1.393787  	0.475599  
-87.000000	-0.054199 	1.390680  	0.472174  
-86.000000	-0.072266 	1.387573  	0.468748  
-85.000000	-0.091409 	1.382114  	0.465322  
-84.000000	-0.111150 	1.375348  	0.461897  
-83.000000	-0.130891 	1.368583  	0.458471  
-82.000000	-0.150632 	1.361817  	0.455046  
-81.000000	-0.170753 	1.354044  	0.451469  
-80.000000	-0.191822 	1.343754  	0.447513  
-79.000000	-0.212891 	1.333463  	0.443556  
-78.000000	-0.233960 	1.323173  	0.439600  
-77.000000	-0.255029 	1.312883  	0.435644  
-76.000000	-0.277052 	1.299521  	0.431482  
-75.000000	-0.299149 	1.285922  	0.427303  
-74.000000	-0.321245 	1.272324  	0.423125  
-73.000000	-0.343341 	1.258725  	0.418947  
-72.000000	-0.365888 	1.243404  	0.414777  
-71.000000	-0.388773 	1.226790  	0.410613  
-70.000000	-0.411658 	1.210177  	0.406449  
-69.000000	-0.434543 	1.193563  	0.402284  
-68.000000	-0.457562 	1.176381  	0.398125  
-67.000000	-0.481075 	1.157116  	0.393981  
-66.000000	-0.504588 	1.137850  	0.389837  
-65.000000	-0.528102 	1.118585  	0.385693  
-64.000000	-0.551615 	1.099319  	0.381550  
-63.000000	-0.575617 	1.078144  	0.377462  
-62.000000	-0.599700 	1.056652  	0.373385  
-61.000000	-0.623784 	1.035159  	0.369307  
-60.000000	-0.647867 	1.013667  	0.365229  
-59.000000	-0.672272 	0.991299  	0.361406  
-58.000000	-0.696999 	0.968057  	0.357838  
-57.000000	-0.721725 	0.944814  	0.354270  
-56.000000	-0.746452 	0.921572  	0.350701  
-55.000000	-0.771305 	0.898153  	0.347133  
-54.000000	-0.796919 	0.873679  	0.343565  
-53.000000	-0.822534 	0.849205  	0.339996  
-52.000000	-0.848148 	0.824731  	0.336428  
-51.000000	-0.873762 	0.800257  	0.332860  
-50.000000	-0.900448 	0.775246  	0.329641  
-49.000000	-0.927427 	0.750088  	0.326517  
-48.000000	-0.954406 	0.724930  	0.323393  
-47.000000	-0.981385 	0.699772  	0.320269  
-46.000000	-1.009294 	0.674563  	0.317187  
-45.000000	-1.038441 	0.649286  	0.314160  
-44.000000	-1.067589 	0.624009  	0.311134  
-43.000000	-1.096736 	0.598732  	0.308108  
-42.000000	-1.126131 	0.573487  	0.305029  
-41.000000	-1.158735 	0.548659  	0.301270  
-40.000000	-1.191339 	0.523832  	0.297511  
-39.000000	-1.223943 	0.499004  	0.293752  
-38.000000	-1.256547 	0.474176  	0.289992  
-37.000000	-1.293085 	0.450069  	0.285759  
-36.000000	-1.331196 	0.426249  	0.281335  
-35.000000	-1.369308 	0.402430  	0.276911  
-34.000000	-1.407419 	0.378611  	0.272488  
-33.000000	-1.448691 	0.355344  	0.267245  
-32.000000	-1.495650 	0.333070  	0.260529  
-31.000000	-1.542610 	0.310797  	0.253812  
-30.000000	-1.589570 	0.288523  	0.247096  
-29.000000	-1.636530 	0.266250  	0.240379  
-28.000000	-1.584218 	0.254321  	0.225965  
-27.000000	-1.531906 	0.242392  	0.211550  
-26.000000	-1.479594 	0.230463  	0.197136  
-25.000000	-1.427282 	0.218534  	0.182721  
-24.000000	-1.374969 	0.206605  	0.168307  
-23.000000	-1.322657 	0.194676  	0.153893  
-22.000000	-1.270345 	0.182747  	0.139478  
-21.000000	-1.218033 	0.170818  	0.125064  
-20.000000	-1.165721 	0.158889  	0.111707  
-19.000000	-1.113409 	0.146961  	0.099585  
-18.000000	-1.061097 	0.135032  	0.088520  
-17.000000	-1.008785 	0.123103  	0.077455  
-16.000000	-0.956473 	0.111174  	0.066390  
-15.000000	-0.904161 	0.099245  	0.055325  
-14.000000	-0.851848 	0.087316  	0.044260  
-13.000000	-0.799536 	0.075387  	0.033195  
-12.000000	-0.747224 	0.063458  	0.001551  
-11.000000	-0.694912 	0.051529  	-0.038325 
-10.000000	-0.642600 	0.039600  	-0.078200 
-9.000000 	-0.492300 	0.039680  	-0.091900 
-8.000000 	-0.346000 	0.039750  	-0.104200 
-7.000000 	-0.200200 	0.039960  	-0.116100 
-6.000000 	-0.053000 	0.040230  	-0.128200 
-5.000000 	0.092900  	0.040490  	-0.139900 
-4.000000 	0.237500  	0.040810  	-0.151100 
-3.000000 	0.382400  	0.041170  	-0.162300 
-2.000000 	0.525500  	0.041540  	-0.172900 
-1.000000 	0.668000  	0.041940  	-0.183300 
0.000000  	0.809300  	0.042380  	-0.193300 
1.000000  	0.949000  	0.042870  	-0.202700 
2.000000  	1.086900  	0.043420  	-0.211800 
3.000000  	1.224600  	0.043890  	-0.220500 
4.000000  	1.359200  	0.044500  	-0.228500 
5.000000  	1.492100  	0.045110  	-0.236000 
6.000000  	1.622500  	0.045840  	-0.242900 
7.000000  	1.750900  	0.046600  	-0.249200 
8.000000  	1.874800  	0.047600  	-0.254500 
9.000000  	1.996300  	0.048640  	-0.259100 
10.000000 	2.110900  	0.050170  	-0.262400 
11.000000 	2.218100  	0.051970  	-0.263900 
12.000000 	2.303900  	0.055210  	-0.261100 
13.000000 	2.319300  	0.063370  	-0.244900 
14.000000 	2.349600  	0.071650  	-0.235300 
15.000000 	2.370400  	0.081420  	-0.227300 
16.000000 	2.383100  	0.092800  	-0.221300 
17.000000 	2.390300  	0.105650  	-0.217800 
18.000000 	2.389900  	0.119540  	-0.215900 
19.000000 	2.380600  	0.134570  	-0.215900 
20.000000 	2.358600  	0.151030  	-0.217800 
21.000000 	2.344600  	0.166480  	-0.221800 
22.000000 	2.329700  	0.181960  	-0.227600 
23.000000 	2.316300  	0.196980  	-0.235000 
24.000000 	2.316700  	0.209920  	-0.242900 
25.000000 	2.313300  	0.223040  	-0.252000 
26.000000 	2.315600  	0.235000  	-0.261500 
27.000000 	2.322500  	0.245890  	-0.271200 
28.000000 	2.330900  	0.256170  	-0.281300 
29.000000 	2.337900  	0.266250  	-0.292000 
30.000000 	2.270814  	0.288523  	-0.298123 
31.000000 	2.203729  	0.310797  	-0.304246 
32.000000 	2.136643  	0.333070  	-0.310369 
33.000000 	2.069558  	0.355344  	-0.316491 
34.000000 	2.010599  	0.378611  	-0.321823 
35.000000 	1.956154  	0.402430  	-0.326716 
36.000000 	1.901709  	0.426249  	-0.331609 
37.000000 	1.847264  	0.450069  	-0.336502 
38.000000 	1.795068  	0.474176  	-0.340998 
39.000000 	1.748490  	0.499004  	-0.344503 
40.000000 	1.701913  	0.523832  	-0.348009 
41.000000 	1.655335  	0.548659  	-0.351515 
42.000000 	1.608758  	0.573487  	-0.355020 
43.000000 	1.566766  	0.598732  	-0.357105 
44.000000 	1.525127  	0.624009  	-0.359080 
45.000000 	1.483487  	0.649286  	-0.361054 
46.000000 	1.441848  	0.674563  	-0.363029 
47.000000 	1.401979  	0.699772  	-0.365016 
48.000000 	1.363438  	0.724930  	-0.367012 
49.000000 	1.324896  	0.750088  	-0.369008 
50.000000 	1.286355  	0.775246  	-0.371004 
51.000000 	1.248231  	0.800257  	-0.373020 
52.000000 	1.211640  	0.824731  	-0.375111 
53.000000 	1.175048  	0.849205  	-0.377201 
54.000000 	1.138456  	0.873679  	-0.379292 
55.000000 	1.101864  	0.898153  	-0.381382 
56.000000 	1.066360  	0.921572  	-0.383473 
57.000000 	1.031036  	0.944814  	-0.385564 
58.000000 	0.995713  	0.968057  	-0.387654 
59.000000 	0.960389  	0.991299  	-0.389745 
60.000000 	0.925525  	1.013667  	-0.392128 
61.000000 	0.891120  	1.035159  	-0.394803 
62.000000 	0.856715  	1.056652  	-0.397479 
63.000000 	0.822310  	1.078144  	-0.400154 
64.000000 	0.788021  	1.099319  	-0.402840 
65.000000 	0.754431  	1.118585  	-0.405591 
66.000000 	0.720841  	1.137850  	-0.408343 
67.000000 	0.687250  	1.157116  	-0.411094 
68.000000 	0.653660  	1.176381  	-0.413845 
69.000000 	0.620775  	1.193563  	-0.416812 
70.000000 	0.588083  	1.210177  	-0.419838 
71.000000 	0.555390  	1.226790  	-0.422864 
72.000000 	0.522698  	1.243404  	-0.425890 
73.000000 	0.490488  	1.258725  	-0.428998 
74.000000 	0.458921  	1.272324  	-0.432215 
75.000000 	0.427355  	1.285922  	-0.435432 
76.000000 	0.395789  	1.299521  	-0.438649 
77.000000 	0.364327  	1.312883  	-0.441864 
78.000000 	0.334229  	1.323173  	-0.445044 
79.000000 	0.304130  	1.333463  	-0.448225 
80.000000 	0.274032  	1.343754  	-0.451405 
81.000000 	0.243933  	1.354044  	-0.454586 
82.000000 	0.215189  	1.361817  	-0.457704 
83.000000 	0.186987  	1.368583  	-0.460797 
84.000000 	0.158786  	1.375348  	-0.463890 
85.000000 	0.130584  	1.382114  	-0.466984 
86.000000 	0.103237  	1.387573  	-0.470077 
87.000000 	0.077428  	1.390680  	-0.473170 
88.000000 	0.051618  	1.393787  	-0.476264 
89.000000 	0.025809  	1.396893  	-0.479357 
90.000000 	0.000000  	1.400000  	-0.482450 
91.000000 	-0.018066 	1.396893  	-0.483708 
92.000000 	-0.036133 	1.393787  	-0.484966 
93.000000 	-0.054199 	1.390680  	-0.486224 
94.000000 	-0.072266 	1.387573  	-0.487482 
95.000000 	-0.091409 	1.382114  	-0.488740 
96.000000 	-0.111150 	1.375348  	-0.489998 
97.000000 	-0.130891 	1.368583  	-0.491256 
98.000000 	-0.150632 	1.361817  	-0.492514 
99.000000 	-0.170753 	1.354044  	-0.493568 
100.000000	-0.191822 	1.343754  	-0.494112 
101.000000	-0.212891 	1.333463  	-0.494656 
102.000000	-0.233960 	1.323173  	-0.495200 
103.000000	-0.255029 	1.312883  	-0.495744 
104.000000	-0.277052 	1.299521  	-0.496011 
105.000000	-0.299149 	1.285922  	-0.496256 
106.000000	-0.321245 	1.272324  	-0.496502 
107.000000	-0.343341 	1.258725  	-0.496747 
108.000000	-0.365888 	1.243404  	-0.497013 
109.000000	-0.388773 	1.226790  	-0.497295 
110.000000	-0.411658 	1.210177  	-0.497576 
111.000000	-0.434543 	1.193563  	-0.497858 
112.000000	-0.457562 	1.176381  	-0.498151 
113.000000	-0.481075 	1.157116  	-0.498485 
114.000000	-0.504588 	1.137850  	-0.498819 
115.000000	-0.528102 	1.118585  	-0.499153 
116.000000	-0.551615 	1.099319  	-0.499487 
117.000000	-0.575617 	1.078144  	-0.499996 
118.000000	-0.599700 	1.056652  	-0.500534 
119.000000	-0.623784 	1.035159  	-0.501072 
120.000000	-0.647867 	1.013667  	-0.501610 
121.000000	-0.672272 	0.991299  	-0.502935 
122.000000	-0.696999 	0.968057  	-0.505047 
123.000000	-0.721725 	0.944814  	-0.507159 
124.000000	-0.746452 	0.921572  	-0.509271 
125.000000	-0.771305 	0.898153  	-0.511383 
126.000000	-0.796919 	0.873679  	-0.513496 
127.000000	-0.822534 	0.849205  	-0.515608 
128.000000	-0.848148 	0.824731  	-0.517720 
129.000000	-0.873762 	0.800257  	-0.519832 
130.000000	-0.900448 	0.775246  	-0.525001 
131.000000	-0.927427 	0.750088  	-0.531004 
132.000000	-0.954406 	0.724930  	-0.537008 
133.000000	-0.981385 	0.699772  	-0.543011 
134.000000	-1.009294 	0.674563  	-0.549381 
135.000000	-1.038441 	0.649286  	-0.556240 
136.000000	-1.067589 	0.624009  	-0.563099 
137.000000	-1.096736 	0.598732  	-0.569959 
138.000000	-1.126131 	0.573487  	-0.577235 
139.000000	-1.158735 	0.548659  	-0.589939 
140.000000	-1.191339 	0.523832  	-0.602643 
141.000000	-1.223943 	0.499004  	-0.615347 
142.000000	-1.256547 	0.474176  	-0.628051 
143.000000	-1.293085 	0.450069  	-0.644538 
144.000000	-1.331196 	0.426249  	-0.662539 
145.000000	-1.369308 	0.402430  	-0.680539 
146.000000	-1.407419 	0.378611  	-0.698540 
147.000000	-1.448691 	0.355344  	-0.714487 
148.000000	-1.495650 	0.333070  	-0.726737 
149.000000	-1.542610 	0.310797  	-0.738987 
150.000000	-1.589570 	0.288523  	-0.751237 
151.000000	-1.636530 	0.266250  	-0.763487 
152.000000	-1.580098 	0.245427  	-0.756433 
153.000000	-1.523666 	0.224603  	-0.749378 
154.000000	-1.467234 	0.204784  	-0.742324 
155.000000	-1.410802 	0.185043  	-0.735269 
156.000000	-1.354370 	0.166316  	-0.728215 
157.000000	-1.297938 	0.147757  	-0.721160 
158.000000	-1.241506 	0.130203  	-0.714106 
159.000000	-1.185073 	0.112922  	-0.707051 
160.000000	-1.128641 	0.096618  	-0.693939 
161.000000	-1.072209 	0.080704  	-0.678403 
162.000000	-1.015777 	0.065721  	-0.659998 
163.000000	-0.959345 	0.051255  	-0.639998 
164.000000	-0.902913 	0.037659  	-0.619998 
165.000000	-0.846481 	0.024715  	-0.599998 
166.000000	-0.790049 	0.014081  	-0.579999 
167.000000	-0.733617 	0.005757  	-0.559999 
168.000000	-0.677185 	0.001000  	-0.539999 
169.000000	-0.620753 	0.001000  	-0.520000 
170.000000	-0.564321 	0.001000  	-0.491133 
171.000000	-0.507889 	0.001000  	-0.446305 
172.000000	-0.451457 	0.001000  	-0.400000 
173.000000	-0.395024 	0.001000  	-0.350000 
174.000000	-0.338592 	0.001000  	-0.300000 
175.000000	-0.282160 	0.001000  	-0.250000 
176.000000	-0.225728 	0.001000  	-0.200000 
177.000000	-0.169296 	0.001000  	-0.150000 
178.000000	-0.112864 	0.001000  	-0.100000 
179.000000	-0.056432 	0.001000  	-0.050000 
180.000000	0.000000  	0.001000  	0.000000  
! ------------------------------------------------------------------------------
! data for table	6         
! ------------------------------------------------------------------------------
  0.700000  	Re           ! Reynolds number in millions
  0.000000  	UserProp     ! User property (control) setting
Flase           InclUAdata   ! Is unsteady aerodynamics data included in this table? If TRUE, then include UA coefficients below this line. Any missing coefficients will be calculated internally.
! Table of aerodynamics coefficients
  361       	NumAlf       ! Number of data lines in the following table
!Alpha      Cl          Cd          Cm/Cp
!(deg)      (-)         (-)         (-)
-180.000000	0.000000  	0.001000  	0.000000  
-179.000000	0.056546  	0.001000  	0.040000  
-178.000000	0.113091  	0.001000  	0.080000  
-177.000000	0.169637  	0.001000  	0.120000  
-176.000000	0.226182  	0.001000  	0.160000  
-175.000000	0.282728  	0.001000  	0.200000  
-174.000000	0.339273  	0.001000  	0.240000  
-173.000000	0.395819  	0.001000  	0.280000  
-172.000000	0.452364  	0.001000  	0.320000  
-171.000000	0.508910  	0.001000  	0.358805  
-170.000000	0.565455  	0.001000  	0.397133  
-169.000000	0.622001  	0.001000  	0.430299  
-168.000000	0.678546  	0.001000  	0.460597  
-167.000000	0.735092  	0.005760  	0.490896  
-166.000000	0.791637  	0.014090  	0.521195  
-165.000000	0.848183  	0.024726  	0.551494  
-164.000000	0.904728  	0.037670  	0.581792  
-163.000000	0.961274  	0.051266  	0.612091  
-162.000000	1.017819  	0.065732  	0.642390  
-161.000000	1.074365  	0.080715  	0.669825  
-160.000000	1.130910  	0.096629  	0.692105  
-159.000000	1.187456  	0.112933  	0.710032  
-158.000000	1.244001  	0.130213  	0.717078  
-157.000000	1.300547  	0.147768  	0.724123  
-156.000000	1.357092  	0.166326  	0.731168  
-155.000000	1.413638  	0.185053  	0.738213  
-154.000000	1.470183  	0.204795  	0.745259  
-153.000000	1.526729  	0.224613  	0.752304  
-152.000000	1.583274  	0.245437  	0.759349  
-151.000000	1.639820  	0.266260  	0.766394  
-150.000000	1.592712  	0.288533  	0.754065  
-149.000000	1.545604  	0.310807  	0.741736  
-148.000000	1.498497  	0.333080  	0.729407  
-147.000000	1.451389  	0.355353  	0.717077  
-146.000000	1.409989  	0.378620  	0.701038  
-145.000000	1.371760  	0.402439  	0.682938  
-144.000000	1.333531  	0.426259  	0.664837  
-143.000000	1.295302  	0.450078  	0.646737  
-142.000000	1.258653  	0.474185  	0.630157  
-141.000000	1.225953  	0.499013  	0.617378  
-140.000000	1.193253  	0.523840  	0.604600  
-139.000000	1.160552  	0.548668  	0.591821  
-138.000000	1.127852  	0.573496  	0.579043  
-137.000000	1.098377  	0.598741  	0.571717  
-136.000000	1.069150  	0.624018  	0.564810  
-135.000000	1.039922  	0.649294  	0.557904  
-134.000000	1.010695  	0.674571  	0.550998  
-133.000000	0.982714  	0.699780  	0.544583  
-132.000000	0.955668  	0.724938  	0.538537  
-131.000000	0.928623  	0.750095  	0.532490  
-130.000000	0.901577  	0.775253  	0.526444  
-129.000000	0.874826  	0.800264  	0.521236  
-128.000000	0.849155  	0.824738  	0.519099  
-127.000000	0.823484  	0.849212  	0.516962  
-126.000000	0.797814  	0.873686  	0.514825  
-125.000000	0.772143  	0.898160  	0.512688  
-124.000000	0.747241  	0.921578  	0.510551  
-123.000000	0.722467  	0.944820  	0.508414  
-122.000000	0.697693  	0.968063  	0.506277  
-121.000000	0.672919  	0.991305  	0.504140  
-120.000000	0.648471  	1.013672  	0.502795  
-119.000000	0.624348  	1.035165  	0.502241  
-118.000000	0.600225  	1.056657  	0.501687  
-117.000000	0.576102  	1.078150  	0.501133  
-116.000000	0.552061  	1.099324  	0.500609  
-115.000000	0.528515  	1.118589  	0.500260  
-114.000000	0.504970  	1.137855  	0.499911  
-113.000000	0.481424  	1.157120  	0.499563  
-112.000000	0.457878  	1.176386  	0.499214  
-111.000000	0.434831  	1.193567  	0.498909  
-110.000000	0.411921  	1.210181  	0.498615  
-109.000000	0.389010  	1.226794  	0.498322  
-108.000000	0.366099  	1.243407  	0.498028  
-107.000000	0.343529  	1.258729  	0.497751  
-106.000000	0.321413  	1.272327  	0.497496  
-105.000000	0.299296  	1.285925  	0.497240  
-104.000000	0.277180  	1.299523  	0.496985  
-103.000000	0.255138  	1.312885  	0.496708  
-102.000000	0.234055  	1.323175  	0.496154  
-101.000000	0.212972  	1.333466  	0.495601  
-100.000000	0.191889  	1.343756  	0.495047  
-99.000000	0.170805  	1.354046  	0.494493  
-98.000000	0.150675  	1.361818  	0.493430  
-97.000000	0.130925  	1.368584  	0.492164  
-96.000000	0.111176  	1.375350  	0.490897  
-95.000000	0.091426  	1.382115  	0.489631  
-94.000000	0.072277  	1.387574  	0.488364  
-93.000000	0.054208  	1.390680  	0.487097  
-92.000000	0.036138  	1.393787  	0.485831  
-91.000000	0.018069  	1.396893  	0.484564  
-90.000000	0.000000  	1.400000  	0.483298  
-89.000000	-0.018069 	1.396893  	0.479864  
-88.000000	-0.036138 	1.393787  	0.476431  
-87.000000	-0.054208 	1.390680  	0.472997  
-86.000000	-0.072277 	1.387574  	0.469564  
-85.000000	-0.091426 	1.382115  	0.466131  
-84.000000	-0.111176 	1.375350  	0.462697  
-83.000000	-0.130925 	1.368584  	0.459264  
-82.000000	-0.150675 	1.361818  	0.455830  
-81.000000	-0.170805 	1.354046  	0.452246  
-80.000000	-0.191889 	1.343756  	0.448283  
-79.000000	-0.212972 	1.333466  	0.444320  
-78.000000	-0.234055 	1.323175  	0.440357  
-77.000000	-0.255138 	1.312885  	0.436395  
-76.000000	-0.277180 	1.299523  	0.432226  
-75.000000	-0.299296 	1.285925  	0.428042  
-74.000000	-0.321413 	1.272327  	0.423857  
-73.000000	-0.343529 	1.258729  	0.419673  
-72.000000	-0.366099 	1.243407  	0.415497  
-71.000000	-0.389010 	1.226794  	0.411328  
-70.000000	-0.411921 	1.210181  	0.407159  
-69.000000	-0.434831 	1.193567  	0.402989  
-68.000000	-0.457878 	1.176386  	0.398825  
-67.000000	-0.481424 	1.157120  	0.394677  
-66.000000	-0.504970 	1.137855  	0.390529  
-65.000000	-0.528515 	1.118589  	0.386382  
-64.000000	-0.552061 	1.099324  	0.382234  
-63.000000	-0.576102 	1.078150  	0.378143  
-62.000000	-0.600225 	1.056657  	0.374061  
-61.000000	-0.624348 	1.035165  	0.369980  
-60.000000	-0.648471 	1.013672  	0.365898  
-59.000000	-0.672919 	0.991305  	0.362071  
-58.000000	-0.697693 	0.968063  	0.358499  
-57.000000	-0.722467 	0.944820  	0.354927  
-56.000000	-0.747241 	0.921578  	0.351355  
-55.000000	-0.772143 	0.898160  	0.347783  
-54.000000	-0.797814 	0.873686  	0.344211  
-53.000000	-0.823484 	0.849212  	0.340639  
-52.000000	-0.849155 	0.824738  	0.337067  
-51.000000	-0.874826 	0.800264  	0.333495  
-50.000000	-0.901577 	0.775253  	0.330269  
-49.000000	-0.928623 	0.750095  	0.327136  
-48.000000	-0.955668 	0.724938  	0.324003  
-47.000000	-0.982714 	0.699780  	0.320870  
-46.000000	-1.010695 	0.674571  	0.317779  
-45.000000	-1.039922 	0.649294  	0.314742  
-44.000000	-1.069150 	0.624018  	0.311706  
-43.000000	-1.098377 	0.598741  	0.308670  
-42.000000	-1.127852 	0.573496  	0.305580  
-41.000000	-1.160552 	0.548668  	0.301797  
-40.000000	-1.193253 	0.523840  	0.298013  
-39.000000	-1.225953 	0.499013  	0.294230  
-38.000000	-1.258653 	0.474185  	0.290446  
-37.000000	-1.295302 	0.450078  	0.286179  
-36.000000	-1.333531 	0.426259  	0.281718  
-35.000000	-1.371760 	0.402439  	0.277258  
-34.000000	-1.409989 	0.378620  	0.272797  
-33.000000	-1.451389 	0.355353  	0.267517  
-32.000000	-1.498497 	0.333080  	0.260762  
-31.000000	-1.545604 	0.310807  	0.254008  
-30.000000	-1.592712 	0.288533  	0.247253  
-29.000000	-1.639820 	0.266260  	0.240499  
-28.000000	-1.587214 	0.254304  	0.226043  
-27.000000	-1.534607 	0.242347  	0.211588  
-26.000000	-1.482001 	0.230391  	0.197133  
-25.000000	-1.429395 	0.218435  	0.182678  
-24.000000	-1.376788 	0.206478  	0.168223  
-23.000000	-1.324182 	0.194522  	0.153767  
-22.000000	-1.271576 	0.182566  	0.139312  
-21.000000	-1.218969 	0.170609  	0.124857  
-20.000000	-1.166363 	0.158653  	0.111480  
-19.000000	-1.113757 	0.146697  	0.099361  
-18.000000	-1.061151 	0.134741  	0.088321  
-17.000000	-1.008544 	0.122784  	0.077281  
-16.000000	-0.955938 	0.110828  	0.066241  
-15.000000	-0.903332 	0.098872  	0.055201  
-14.000000	-0.850725 	0.086915  	0.044161  
-13.000000	-0.798119 	0.074959  	0.033120  
-12.000000	-0.745513 	0.063003  	0.001212  
-11.000000	-0.692906 	0.051046  	-0.039044 
-10.000000	-0.640300 	0.039090  	-0.079300 
-9.000000 	-0.491400 	0.039280  	-0.092350 
-8.000000 	-0.342500 	0.039470  	-0.105400 
-7.000000 	-0.196100 	0.039670  	-0.117400 
-6.000000 	-0.049600 	0.039970  	-0.129300 
-5.000000 	0.096800  	0.040290  	-0.141100 
-4.000000 	0.242000  	0.040610  	-0.152400 
-3.000000 	0.386500  	0.040960  	-0.163500 
-2.000000 	0.530100  	0.041330  	-0.174100 
-1.000000 	0.672700  	0.041730  	-0.184500 
0.000000  	0.813800  	0.042150  	-0.194400 
1.000000  	0.954000  	0.042610  	-0.204100 
2.000000  	1.092700  	0.043090  	-0.213200 
3.000000  	1.228800  	0.043660  	-0.221600 
4.000000  	1.365300  	0.044090  	-0.230000 
5.000000  	1.497800  	0.044760  	-0.237400 
6.000000  	1.630100  	0.045300  	-0.244700 
7.000000  	1.757000  	0.046170  	-0.250600 
8.000000  	1.884200  	0.046880  	-0.256600 
9.000000  	2.003700  	0.048110  	-0.260900 
10.000000 	2.122900  	0.049190  	-0.264900 
11.000000 	2.228600  	0.051180  	-0.266100 
12.000000 	2.324400  	0.053670  	-0.265200 
13.000000 	2.337300  	0.062080  	-0.248200 
14.000000 	2.371700  	0.070000  	-0.238800 
15.000000 	2.397800  	0.079400  	-0.231100 
16.000000 	2.412100  	0.090550  	-0.224800 
17.000000 	2.419300  	0.103220  	-0.220600 
18.000000 	2.411100  	0.117950  	-0.217900 
19.000000 	2.394050  	0.133760  	-0.218350 
20.000000 	2.377000  	0.149570  	-0.218800 
21.000000 	2.355700  	0.165890  	-0.222500 
22.000000 	2.336800  	0.181790  	-0.228200 
23.000000 	2.328500  	0.196140  	-0.235100 
24.000000 	2.318300  	0.210480  	-0.243500 
25.000000 	2.316800  	0.223300  	-0.252300 
26.000000 	2.323600  	0.234560  	-0.261300 
27.000000 	2.330800  	0.245360  	-0.270800 
28.000000 	2.337200  	0.255920  	-0.281000 
29.000000 	2.342600  	0.266260  	-0.291800 
30.000000 	2.275303  	0.288533  	-0.297989 
31.000000 	2.208006  	0.310807  	-0.304178 
32.000000 	2.140710  	0.333080  	-0.310367 
33.000000 	2.073413  	0.355353  	-0.316556 
34.000000 	2.014270  	0.378620  	-0.321947 
35.000000 	1.959657  	0.402439  	-0.326895 
36.000000 	1.905044  	0.426259  	-0.331843 
37.000000 	1.850432  	0.450078  	-0.336791 
38.000000 	1.798076  	0.474185  	-0.341337 
39.000000 	1.751361  	0.499013  	-0.344879 
40.000000 	1.704647  	0.523840  	-0.348421 
41.000000 	1.657932  	0.548668  	-0.351963 
42.000000 	1.611217  	0.573496  	-0.355505 
43.000000 	1.569110  	0.598741  	-0.357607 
44.000000 	1.527357  	0.624018  	-0.359598 
45.000000 	1.485603  	0.649294  	-0.361588 
46.000000 	1.443850  	0.674571  	-0.363579 
47.000000 	1.403878  	0.699780  	-0.365581 
48.000000 	1.365241  	0.724938  	-0.367590 
49.000000 	1.326604  	0.750095  	-0.369600 
50.000000 	1.287967  	0.775253  	-0.371610 
51.000000 	1.249751  	0.800264  	-0.373638 
52.000000 	1.213079  	0.824738  	-0.375734 
53.000000 	1.176406  	0.849212  	-0.377830 
54.000000 	1.139734  	0.873686  	-0.379926 
55.000000 	1.103062  	0.898160  	-0.382022 
56.000000 	1.067487  	0.921578  	-0.384118 
57.000000 	1.032096  	0.944820  	-0.386214 
58.000000 	0.996705  	0.968063  	-0.388310 
59.000000 	0.961313  	0.991305  	-0.390405 
60.000000 	0.926387  	1.013672  	-0.392793 
61.000000 	0.891926  	1.035165  	-0.395473 
62.000000 	0.857464  	1.056657  	-0.398153 
63.000000 	0.823002  	1.078150  	-0.400833 
64.000000 	0.788659  	1.099324  	-0.403523 
65.000000 	0.755022  	1.118589  	-0.406279 
66.000000 	0.721385  	1.137855  	-0.409034 
67.000000 	0.687748  	1.157120  	-0.411790 
68.000000 	0.654112  	1.176386  	-0.414545 
69.000000 	0.621188  	1.193567  	-0.417517 
70.000000 	0.588458  	1.210181  	-0.420549 
71.000000 	0.555728  	1.226794  	-0.423580 
72.000000 	0.522999  	1.243407  	-0.426612 
73.000000 	0.490756  	1.258729  	-0.429725 
74.000000 	0.459161  	1.272327  	-0.432948 
75.000000 	0.427566  	1.285925  	-0.436171 
76.000000 	0.395972  	1.299523  	-0.439394 
77.000000 	0.364482  	1.312885  	-0.442615 
78.000000 	0.334364  	1.323175  	-0.445802 
79.000000 	0.304245  	1.333466  	-0.448989 
80.000000 	0.274126  	1.343756  	-0.452176 
81.000000 	0.244008  	1.354046  	-0.455363 
82.000000 	0.215250  	1.361818  	-0.458488 
83.000000 	0.187036  	1.368584  	-0.461590 
84.000000 	0.158823  	1.375350  	-0.464691 
85.000000 	0.130609  	1.382115  	-0.467792 
86.000000 	0.103253  	1.387574  	-0.470893 
87.000000 	0.077439  	1.390680  	-0.473994 
88.000000 	0.051626  	1.393787  	-0.477095 
89.000000 	0.025813  	1.396893  	-0.480197 
90.000000 	0.000000  	1.400000  	-0.483298 
91.000000 	-0.018069 	1.396893  	-0.484564 
92.000000 	-0.036138 	1.393787  	-0.485831 
93.000000 	-0.054208 	1.390680  	-0.487097 
94.000000 	-0.072277 	1.387574  	-0.488364 
95.000000 	-0.091426 	1.382115  	-0.489631 
96.000000 	-0.111176 	1.375350  	-0.490897 
97.000000 	-0.130925 	1.368584  	-0.492164 
98.000000 	-0.150675 	1.361818  	-0.493430 
99.000000 	-0.170805 	1.354046  	-0.494493 
100.000000	-0.191889 	1.343756  	-0.495047 
101.000000	-0.212972 	1.333466  	-0.495601 
102.000000	-0.234055 	1.323175  	-0.496154 
103.000000	-0.255138 	1.312885  	-0.496708 
104.000000	-0.277180 	1.299523  	-0.496985 
105.000000	-0.299296 	1.285925  	-0.497240 
106.000000	-0.321413 	1.272327  	-0.497496 
107.000000	-0.343529 	1.258729  	-0.497751 
108.000000	-0.366099 	1.243407  	-0.498028 
109.000000	-0.389010 	1.226794  	-0.498322 
110.000000	-0.411921 	1.210181  	-0.498615 
111.000000	-0.434831 	1.193567  	-0.498909 
112.000000	-0.457878 	1.176386  	-0.499214 
113.000000	-0.481424 	1.157120  	-0.499563 
114.000000	-0.504970 	1.137855  	-0.499911 
115.000000	-0.528515 	1.118589  	-0.500260 
116.000000	-0.552061 	1.099324  	-0.500609 
117.000000	-0.576102 	1.078150  	-0.501133 
118.000000	-0.600225 	1.056657  	-0.501687 
119.000000	-0.624348 	1.035165  	-0.502241 
120.000000	-0.648471 	1.013672  	-0.502795 
121.000000	-0.672919 	0.991305  	-0.504140 
122.000000	-0.697693 	0.968063  	-0.506277 
123.000000	-0.722467 	0.944820  	-0.508414 
124.000000	-0.747241 	0.921578  	-0.510551 
125.000000	-0.772143 	0.898160  	-0.512688 
126.000000	-0.797814 	0.873686  	-0.514825 
127.000000	-0.823484 	0.849212  	-0.516962 
128.000000	-0.849155 	0.824738  	-0.519099 
129.000000	-0.874826 	0.800264  	-0.521236 
130.000000	-0.901577 	0.775253  	-0.526444 
131.000000	-0.928623 	0.750095  	-0.532490 
132.000000	-0.955668 	0.724938  	-0.538537 
133.000000	-0.982714 	0.699780  	-0.544583 
134.000000	-1.010695 	0.674571  	-0.550998 
135.000000	-1.039922 	0.649294  	-0.557904 
136.000000	-1.069150 	0.624018  	-0.564810 
137.000000	-1.098377 	0.598741  	-0.571717 
138.000000	-1.127852 	0.573496  	-0.579043 
139.000000	-1.160552 	0.548668  	-0.591821 
140.000000	-1.193253 	0.523840  	-0.604600 
141.000000	-1.225953 	0.499013  	-0.617378 
142.000000	-1.258653 	0.474185  	-0.630157 
143.000000	-1.295302 	0.450078  	-0.646737 
144.000000	-1.333531 	0.426259  	-0.664837 
145.000000	-1.371760 	0.402439  	-0.682938 
146.000000	-1.409989 	0.378620  	-0.701038 
147.000000	-1.451389 	0.355353  	-0.717077 
148.000000	-1.498497 	0.333080  	-0.729407 
149.000000	-1.545604 	0.310807  	-0.741736 
150.000000	-1.592712 	0.288533  	-0.754065 
151.000000	-1.639820 	0.266260  	-0.766394 
152.000000	-1.583274 	0.245437  	-0.759349 
153.000000	-1.526729 	0.224613  	-0.752304 
154.000000	-1.470183 	0.204795  	-0.745259 
155.000000	-1.413638 	0.185053  	-0.738213 
156.000000	-1.357092 	0.166326  	-0.731168 
157.000000	-1.300547 	0.147768  	-0.724123 
158.000000	-1.244001 	0.130213  	-0.717078 
159.000000	-1.187456 	0.112933  	-0.710032 
160.000000	-1.130910 	0.096629  	-0.696785 
161.000000	-1.074365 	0.080715  	-0.681056 
162.000000	-1.017819 	0.065732  	-0.662390 
163.000000	-0.961274 	0.051266  	-0.642091 
164.000000	-0.904728 	0.037670  	-0.621792 
165.000000	-0.848183 	0.024726  	-0.601494 
166.000000	-0.791637 	0.014090  	-0.581195 
167.000000	-0.735092 	0.005760  	-0.560896 
168.000000	-0.678546 	0.001000  	-0.540597 
169.000000	-0.622001 	0.001000  	-0.520299 
170.000000	-0.565455 	0.001000  	-0.491221 
171.000000	-0.508910 	0.001000  	-0.446342 
172.000000	-0.452364 	0.001000  	-0.400000 
173.000000	-0.395819 	0.001000  	-0.350000 
174.000000	-0.339273 	0.001000  	-0.300000 
175.000000	-0.282728 	0.001000  	-0.250000 
176.000000	-0.226182 	0.001000  	-0.200000 
177.000000	-0.169637 	0.001000  	-0.150000 
178.000000	-0.113091 	0.001000  	-0.100000 
179.000000	-0.056546 	0.001000  	-0.050000 
180.000000	0.000000  	0.001000  	0.000000  
! ------------------------------------------------------------------------------
! data for table	7         
! ------------------------------------------------------------------------------
  0.800000  	Re           ! Reynolds number in millions
  0.000000  	UserProp     ! User property (control) setting
Flase           InclUAdata   ! Is unsteady aerodynamics data included in this table? If TRUE, then include UA coefficients below this line. Any missing coefficients will be calculated internally.
! Table of aerodynamics coefficients
  361       	NumAlf       ! Number of data lines in the following table
!Alpha      Cl          Cd          Cm/Cp
!(deg)      (-)         (-)         (-)
-180.000000	0.000000  	0.001000  	0.000000  
-179.000000	0.056589  	0.001000  	0.040000  
-178.000000	0.113178  	0.001000  	0.080000  
-177.000000	0.169767  	0.001000  	0.120000  
-176.000000	0.226356  	0.001000  	0.160000  
-175.000000	0.282945  	0.001000  	0.200000  
-174.000000	0.339534  	0.001000  	0.240000  
-173.000000	0.396123  	0.001000  	0.280000  
-172.000000	0.452712  	0.001000  	0.320000  
-171.000000	0.509301  	0.001000  	0.358827  
-170.000000	0.565890  	0.001000  	0.397184  
-169.000000	0.622479  	0.001000  	0.430474  
-168.000000	0.679068  	0.001000  	0.460948  
-167.000000	0.735657  	0.005833  	0.491422  
-166.000000	0.792246  	0.014291  	0.521896  
-165.000000	0.848834  	0.024991  	0.552369  
-164.000000	0.905423  	0.037934  	0.582843  
-163.000000	0.962012  	0.051529  	0.613317  
-162.000000	1.018601  	0.065993  	0.643791  
-161.000000	1.075190  	0.080974  	0.671379  
-160.000000	1.131779  	0.096887  	0.693772  
-159.000000	1.188368  	0.113189  	0.711779  
-158.000000	1.244957  	0.130468  	0.718819  
-157.000000	1.301546  	0.148020  	0.725859  
-156.000000	1.358135  	0.166577  	0.732899  
-155.000000	1.414724  	0.185302  	0.739939  
-154.000000	1.471313  	0.205041  	0.746979  
-153.000000	1.527902  	0.224858  	0.754019  
-152.000000	1.584491  	0.245679  	0.761059  
-151.000000	1.641080  	0.266500  	0.768099  
-150.000000	1.593916  	0.288771  	0.755734  
-149.000000	1.546751  	0.311042  	0.743369  
-148.000000	1.499587  	0.333312  	0.731004  
-147.000000	1.452422  	0.355583  	0.718639  
-146.000000	1.410973  	0.378848  	0.702558  
-145.000000	1.372699  	0.402664  	0.684413  
-144.000000	1.334425  	0.426480  	0.666268  
-143.000000	1.296151  	0.450297  	0.648123  
-142.000000	1.259459  	0.474401  	0.631501  
-141.000000	1.226722  	0.499226  	0.618689  
-140.000000	1.193985  	0.524050  	0.605876  
-139.000000	1.161248  	0.548875  	0.593064  
-138.000000	1.128512  	0.573700  	0.580252  
-137.000000	1.099005  	0.598941  	0.572904  
-136.000000	1.069747  	0.624215  	0.565976  
-135.000000	1.040490  	0.649488  	0.559049  
-134.000000	1.011232  	0.674762  	0.552121  
-133.000000	0.983223  	0.699967  	0.545686  
-132.000000	0.956152  	0.725121  	0.539620  
-131.000000	0.929080  	0.750275  	0.533554  
-130.000000	0.902009  	0.775429  	0.527488  
-129.000000	0.875233  	0.800437  	0.522261  
-128.000000	0.849541  	0.824907  	0.520112  
-127.000000	0.823849  	0.849377  	0.517963  
-126.000000	0.798156  	0.873847  	0.515814  
-125.000000	0.772464  	0.898317  	0.513666  
-124.000000	0.747543  	0.921731  	0.511517  
-123.000000	0.722751  	0.944970  	0.509368  
-122.000000	0.697959  	0.968208  	0.507219  
-121.000000	0.673167  	0.991446  	0.505070  
-120.000000	0.648702  	1.013810  	0.503714  
-119.000000	0.624564  	1.035298  	0.503152  
-118.000000	0.600426  	1.056786  	0.502590  
-117.000000	0.576287  	1.078274  	0.502027  
-116.000000	0.552232  	1.099444  	0.501494  
-115.000000	0.528674  	1.118705  	0.501138  
-114.000000	0.505116  	1.137966  	0.500781  
-113.000000	0.481558  	1.157227  	0.500425  
-112.000000	0.457999  	1.176488  	0.500068  
-111.000000	0.434942  	1.193666  	0.499755  
-110.000000	0.412021  	1.210274  	0.499455  
-109.000000	0.389101  	1.226883  	0.499154  
-108.000000	0.366180  	1.243492  	0.498854  
-107.000000	0.343601  	1.258809  	0.498570  
-106.000000	0.321477  	1.272403  	0.498308  
-105.000000	0.299353  	1.285996  	0.498046  
-104.000000	0.277229  	1.299590  	0.497784  
-103.000000	0.255179  	1.312947  	0.497501  
-102.000000	0.234091  	1.323233  	0.496941  
-101.000000	0.213002  	1.333518  	0.496381  
-100.000000	0.191914  	1.343803  	0.495821  
-99.000000	0.170826  	1.354089  	0.495261  
-98.000000	0.150691  	1.361857  	0.494193  
-97.000000	0.130938  	1.368617  	0.492920  
-96.000000	0.111186  	1.375378  	0.491648  
-95.000000	0.091433  	1.382139  	0.490375  
-94.000000	0.072281  	1.387593  	0.489103  
-93.000000	0.054211  	1.390695  	0.487831  
-92.000000	0.036141  	1.393797  	0.486558  
-91.000000	0.018070  	1.396898  	0.485286  
-90.000000	0.000000  	1.400000  	0.484013  
-89.000000	-0.018070 	1.396898  	0.480577  
-88.000000	-0.036141 	1.393797  	0.477140  
-87.000000	-0.054211 	1.390695  	0.473703  
-86.000000	-0.072281 	1.387593  	0.470266  
-85.000000	-0.091433 	1.382139  	0.466830  
-84.000000	-0.111186 	1.375378  	0.463393  
-83.000000	-0.130938 	1.368617  	0.459956  
-82.000000	-0.150691 	1.361857  	0.456519  
-81.000000	-0.170826 	1.354089  	0.452931  
-80.000000	-0.191914 	1.343803  	0.448966  
-79.000000	-0.213002 	1.333518  	0.445000  
-78.000000	-0.234091 	1.323233  	0.441034  
-77.000000	-0.255179 	1.312947  	0.437069  
-76.000000	-0.277229 	1.299590  	0.432897  
-75.000000	-0.299353 	1.285996  	0.428710  
-74.000000	-0.321477 	1.272403  	0.424523  
-73.000000	-0.343601 	1.258809  	0.420336  
-72.000000	-0.366180 	1.243492  	0.416157  
-71.000000	-0.389101 	1.226883  	0.411985  
-70.000000	-0.412021 	1.210274  	0.407814  
-69.000000	-0.434942 	1.193666  	0.403642  
-68.000000	-0.457999 	1.176488  	0.399474  
-67.000000	-0.481558 	1.157227  	0.395324  
-66.000000	-0.505116 	1.137966  	0.391174  
-65.000000	-0.528674 	1.118705  	0.387024  
-64.000000	-0.552232 	1.099444  	0.382874  
-63.000000	-0.576287 	1.078274  	0.378780  
-62.000000	-0.600426 	1.056786  	0.374696  
-61.000000	-0.624564 	1.035298  	0.370612  
-60.000000	-0.648702 	1.013810  	0.366528  
-59.000000	-0.673167 	0.991446  	0.362699  
-58.000000	-0.697959 	0.968208  	0.359123  
-57.000000	-0.722751 	0.944970  	0.355548  
-56.000000	-0.747543 	0.921731  	0.351973  
-55.000000	-0.772464 	0.898317  	0.348398  
-54.000000	-0.798156 	0.873847  	0.344823  
-53.000000	-0.823849 	0.849377  	0.341248  
-52.000000	-0.849541 	0.824907  	0.337673  
-51.000000	-0.875233 	0.800437  	0.334098  
-50.000000	-0.902009 	0.775429  	0.330866  
-49.000000	-0.929080 	0.750275  	0.327726  
-48.000000	-0.956152 	0.725121  	0.324587  
-47.000000	-0.983223 	0.699967  	0.321448  
-46.000000	-1.011232 	0.674762  	0.318350  
-45.000000	-1.040490 	0.649488  	0.315306  
-44.000000	-1.069747 	0.624215  	0.312263  
-43.000000	-1.099005 	0.598941  	0.309219  
-42.000000	-1.128512 	0.573700  	0.306122  
-41.000000	-1.161248 	0.548875  	0.302324  
-40.000000	-1.193985 	0.524050  	0.298526  
-39.000000	-1.226722 	0.499226  	0.294727  
-38.000000	-1.259459 	0.474401  	0.290929  
-37.000000	-1.296151 	0.450297  	0.286642  
-36.000000	-1.334425 	0.426480  	0.282160  
-35.000000	-1.372699 	0.402664  	0.277678  
-34.000000	-1.410973 	0.378848  	0.273195  
-33.000000	-1.452422 	0.355583  	0.267894  
-32.000000	-1.499587 	0.333312  	0.261119  
-31.000000	-1.546751 	0.311042  	0.254344  
-30.000000	-1.593916 	0.288771  	0.247569  
-29.000000	-1.641080 	0.266500  	0.240794  
-28.000000	-1.588202 	0.254518  	0.226322  
-27.000000	-1.535324 	0.242537  	0.211850  
-26.000000	-1.482446 	0.230555  	0.197378  
-25.000000	-1.429568 	0.218574  	0.182906  
-24.000000	-1.376691 	0.206592  	0.168434  
-23.000000	-1.323813 	0.194611  	0.153962  
-22.000000	-1.270935 	0.182629  	0.139490  
-21.000000	-1.218057 	0.170647  	0.125018  
-20.000000	-1.165179 	0.158666  	0.111625  
-19.000000	-1.112301 	0.146684  	0.099492  
-18.000000	-1.059423 	0.134703  	0.088437  
-17.000000	-1.006545 	0.122721  	0.077382  
-16.000000	-0.953667 	0.110739  	0.066328  
-15.000000	-0.900789 	0.098758  	0.055273  
-14.000000	-0.847912 	0.086776  	0.044218  
-13.000000	-0.795034 	0.074795  	0.033164  
-12.000000	-0.742156 	0.062813  	0.000872  
-11.000000	-0.689278 	0.050832  	-0.039914 
-10.000000	-0.636400 	0.038850  	-0.080700 
-9.000000 	-0.490000 	0.038990  	-0.093000 
-8.000000 	-0.341200 	0.039240  	-0.105800 
-7.000000 	-0.192800 	0.039540  	-0.118400 
-6.000000 	-0.046400 	0.039830  	-0.130300 
-5.000000 	0.099800  	0.040160  	-0.142000 
-4.000000 	0.245300  	0.040500  	-0.153400 
-3.000000 	0.390100  	0.040850  	-0.164500 
-2.000000 	0.533500  	0.041210  	-0.175100 
-1.000000 	0.676200  	0.041610  	-0.185500 
0.000000  	0.817100  	0.042040  	-0.195400 
1.000000  	0.957500  	0.042470  	-0.205000 
2.000000  	1.096300  	0.042870  	-0.214100 
3.000000  	1.233900  	0.043340  	-0.222900 
4.000000  	1.369200  	0.043880  	-0.231000 
5.000000  	1.503800  	0.044340  	-0.238800 
6.000000  	1.634600  	0.044990  	-0.245700 
7.000000  	1.764500  	0.045600  	-0.252300 
8.000000  	1.891100  	0.046370  	-0.258100 
9.000000  	2.013600  	0.047350  	-0.263000 
10.000000 	2.133200  	0.048400  	-0.267100 
11.000000 	2.243300  	0.050080  	-0.269200 
12.000000 	2.341600  	0.052400  	-0.268700 
13.000000 	2.369500  	0.059630  	-0.254100 
14.000000 	2.387000  	0.068860  	-0.241400 
15.000000 	2.419100  	0.077680  	-0.234100 
16.000000 	2.436200  	0.088480  	-0.227600 
17.000000 	2.437100  	0.101780  	-0.222400 
18.000000 	2.421900  	0.117330  	-0.219100 
19.000000 	2.412200  	0.132160  	-0.218300 
20.000000 	2.389200  	0.148580  	-0.219400 
21.000000 	2.364800  	0.165310  	-0.223000 
22.000000 	2.351400  	0.180400  	-0.228300 
23.000000 	2.333100  	0.196100  	-0.235500 
24.000000 	2.325100  	0.210100  	-0.243600 
25.000000 	2.326000  	0.222520  	-0.252100 
26.000000 	2.329600  	0.234190  	-0.261100 
27.000000 	2.334700  	0.245330  	-0.270800 
28.000000 	2.339550  	0.255915  	-0.281350 
29.000000 	2.344400  	0.266500  	-0.291900 
30.000000 	2.277022  	0.288771  	-0.298126 
31.000000 	2.209645  	0.311042  	-0.304352 
32.000000 	2.142267  	0.333312  	-0.310578 
33.000000 	2.074889  	0.355583  	-0.316804 
34.000000 	2.015676  	0.378848  	-0.322229 
35.000000 	1.960999  	0.402664  	-0.327209 
36.000000 	1.906322  	0.426480  	-0.332188 
37.000000 	1.851645  	0.450297  	-0.337168 
38.000000 	1.799228  	0.474401  	-0.341743 
39.000000 	1.752461  	0.499226  	-0.345307 
40.000000 	1.705693  	0.524050  	-0.348871 
41.000000 	1.658926  	0.548875  	-0.352435 
42.000000 	1.612159  	0.573700  	-0.355998 
43.000000 	1.570007  	0.598941  	-0.358112 
44.000000 	1.528211  	0.624215  	-0.360113 
45.000000 	1.486414  	0.649488  	-0.362115 
46.000000 	1.444617  	0.674762  	-0.364116 
47.000000 	1.404605  	0.699967  	-0.366128 
48.000000 	1.365931  	0.725121  	-0.368147 
49.000000 	1.327258  	0.750275  	-0.370167 
50.000000 	1.288584  	0.775429  	-0.372186 
51.000000 	1.250333  	0.800437  	-0.374223 
52.000000 	1.213630  	0.824907  	-0.376323 
53.000000 	1.176926  	0.849377  	-0.378424 
54.000000 	1.140223  	0.873847  	-0.380524 
55.000000 	1.103520  	0.898317  	-0.382624 
56.000000 	1.067919  	0.921731  	-0.384725 
57.000000 	1.032502  	0.944970  	-0.386825 
58.000000 	0.997085  	0.968208  	-0.388926 
59.000000 	0.961667  	0.991446  	-0.391026 
60.000000 	0.926717  	1.013810  	-0.393417 
61.000000 	0.892234  	1.035298  	-0.396100 
62.000000 	0.857751  	1.056786  	-0.398783 
63.000000 	0.823268  	1.078274  	-0.401466 
64.000000 	0.788903  	1.099444  	-0.404160 
65.000000 	0.755248  	1.118705  	-0.406918 
66.000000 	0.721594  	1.137966  	-0.409676 
67.000000 	0.687939  	1.157227  	-0.412434 
68.000000 	0.654285  	1.176488  	-0.415193 
69.000000 	0.621346  	1.193666  	-0.418168 
70.000000 	0.588602  	1.210274  	-0.421202 
71.000000 	0.555858  	1.226883  	-0.424237 
72.000000 	0.523114  	1.243492  	-0.427271 
73.000000 	0.490858  	1.258809  	-0.430387 
74.000000 	0.459253  	1.272403  	-0.433613 
75.000000 	0.427647  	1.285996  	-0.436839 
76.000000 	0.396042  	1.299590  	-0.440065 
77.000000 	0.364542  	1.312947  	-0.443288 
78.000000 	0.334415  	1.323233  	-0.446478 
79.000000 	0.304289  	1.333518  	-0.449668 
80.000000 	0.274163  	1.343803  	-0.452859 
81.000000 	0.244037  	1.354089  	-0.456049 
82.000000 	0.215273  	1.361857  	-0.459178 
83.000000 	0.187055  	1.368617  	-0.462282 
84.000000 	0.158837  	1.375378  	-0.465386 
85.000000 	0.130618  	1.382139  	-0.468491 
86.000000 	0.103259  	1.387593  	-0.471595 
87.000000 	0.077444  	1.390695  	-0.474700 
88.000000 	0.051629  	1.393797  	-0.477804 
89.000000 	0.025815  	1.396898  	-0.480909 
90.000000 	0.000000  	1.400000  	-0.484013 
91.000000 	-0.018070 	1.396898  	-0.485286 
92.000000 	-0.036141 	1.393797  	-0.486558 
93.000000 	-0.054211 	1.390695  	-0.487831 
94.000000 	-0.072281 	1.387593  	-0.489103 
95.000000 	-0.091433 	1.382139  	-0.490375 
96.000000 	-0.111186 	1.375378  	-0.491648 
97.000000 	-0.130938 	1.368617  	-0.492920 
98.000000 	-0.150691 	1.361857  	-0.494193 
99.000000 	-0.170826 	1.354089  	-0.495261 
100.000000	-0.191914 	1.343803  	-0.495821 
101.000000	-0.213002 	1.333518  	-0.496381 
102.000000	-0.234091 	1.323233  	-0.496941 
103.000000	-0.255179 	1.312947  	-0.497501 
104.000000	-0.277229 	1.299590  	-0.497784 
105.000000	-0.299353 	1.285996  	-0.498046 
106.000000	-0.321477 	1.272403  	-0.498308 
107.000000	-0.343601 	1.258809  	-0.498570 
108.000000	-0.366180 	1.243492  	-0.498854 
109.000000	-0.389101 	1.226883  	-0.499154 
110.000000	-0.412021 	1.210274  	-0.499455 
111.000000	-0.434942 	1.193666  	-0.499755 
112.000000	-0.457999 	1.176488  	-0.500068 
113.000000	-0.481558 	1.157227  	-0.500425 
114.000000	-0.505116 	1.137966  	-0.500781 
115.000000	-0.528674 	1.118705  	-0.501138 
116.000000	-0.552232 	1.099444  	-0.501494 
117.000000	-0.576287 	1.078274  	-0.502027 
118.000000	-0.600426 	1.056786  	-0.502590 
119.000000	-0.624564 	1.035298  	-0.503152 
120.000000	-0.648702 	1.013810  	-0.503714 
121.000000	-0.673167 	0.991446  	-0.505070 
122.000000	-0.697959 	0.968208  	-0.507219 
123.000000	-0.722751 	0.944970  	-0.509368 
124.000000	-0.747543 	0.921731  	-0.511517 
125.000000	-0.772464 	0.898317  	-0.513666 
126.000000	-0.798156 	0.873847  	-0.515814 
127.000000	-0.823849 	0.849377  	-0.517963 
128.000000	-0.849541 	0.824907  	-0.520112 
129.000000	-0.875233 	0.800437  	-0.522261 
130.000000	-0.902009 	0.775429  	-0.527488 
131.000000	-0.929080 	0.750275  	-0.533554 
132.000000	-0.956152 	0.725121  	-0.539620 
133.000000	-0.983223 	0.699967  	-0.545686 
134.000000	-1.011232 	0.674762  	-0.552121 
135.000000	-1.040490 	0.649488  	-0.559049 
136.000000	-1.069747 	0.624215  	-0.565976 
137.000000	-1.099005 	0.598941  	-0.572904 
138.000000	-1.128512 	0.573700  	-0.580252 
139.000000	-1.161248 	0.548875  	-0.593064 
140.000000	-1.193985 	0.524050  	-0.605876 
141.000000	-1.226722 	0.499226  	-0.618689 
142.000000	-1.259459 	0.474401  	-0.631501 
143.000000	-1.296151 	0.450297  	-0.648123 
144.000000	-1.334425 	0.426480  	-0.666268 
145.000000	-1.372699 	0.402664  	-0.684413 
146.000000	-1.410973 	0.378848  	-0.702558 
147.000000	-1.452422 	0.355583  	-0.718639 
148.000000	-1.499587 	0.333312  	-0.731004 
149.000000	-1.546751 	0.311042  	-0.743369 
150.000000	-1.593916 	0.288771  	-0.755734 
151.000000	-1.641080 	0.266500  	-0.768099 
152.000000	-1.584491 	0.245679  	-0.761059 
153.000000	-1.527902 	0.224858  	-0.754019 
154.000000	-1.471313 	0.205041  	-0.746979 
155.000000	-1.414724 	0.185302  	-0.739939 
156.000000	-1.358135 	0.166577  	-0.732899 
157.000000	-1.301546 	0.148020  	-0.725859 
158.000000	-1.244957 	0.130468  	-0.718819 
159.000000	-1.188368 	0.113189  	-0.711779 
160.000000	-1.131779 	0.096887  	-0.698452 
161.000000	-1.075190 	0.080974  	-0.682611 
162.000000	-1.018601 	0.065993  	-0.663791 
163.000000	-0.962012 	0.051529  	-0.643317 
164.000000	-0.905423 	0.037934  	-0.622843 
165.000000	-0.848834 	0.024991  	-0.602369 
166.000000	-0.792246 	0.014291  	-0.581896 
167.000000	-0.735657 	0.005833  	-0.561422 
168.000000	-0.679068 	0.001000  	-0.540948 
169.000000	-0.622479 	0.001000  	-0.520474 
170.000000	-0.565890 	0.001000  	-0.491273 
171.000000	-0.509301 	0.001000  	-0.446364 
172.000000	-0.452712 	0.001000  	-0.400000 
173.000000	-0.396123 	0.001000  	-0.350000 
174.000000	-0.339534 	0.001000  	-0.300000 
175.000000	-0.282945 	0.001000  	-0.250000 
176.000000	-0.226356 	0.001000  	-0.200000 
177.000000	-0.169767 	0.001000  	-0.150000 
178.000000	-0.113178 	0.001000  	-0.100000 
179.000000	-0.056589 	0.001000  	-0.050000 
180.000000	0.000000  	0.001000  	0.000000  
! ------------------------------------------------------------------------------
! data for table	8         
! ------------------------------------------------------------------------------
  0.900000  	Re           ! Reynolds number in millions
  0.000000  	UserProp     ! User property (control) setting
Flase           InclUAdata   ! Is unsteady aerodynamics data included in this table? If TRUE, then include UA coefficients below this line. Any missing coefficients will be calculated internally.
! Table of aerodynamics coefficients
  361       	NumAlf       ! Number of data lines in the following table
!Alpha      Cl          Cd          Cm/Cp
!(deg)      (-)         (-)         (-)
-180.000000	0.000000  	0.001000  	0.000000  
-179.000000	0.056830  	0.001000  	0.040000  
-178.000000	0.113661  	0.001000  	0.080000  
-177.000000	0.170491  	0.001000  	0.120000  
-176.000000	0.227321  	0.001000  	0.160000  
-175.000000	0.284152  	0.001000  	0.200000  
-174.000000	0.340982  	0.001000  	0.240000  
-173.000000	0.397812  	0.001000  	0.280000  
-172.000000	0.454643  	0.001000  	0.320000  
-171.000000	0.511473  	0.001000  	0.358883  
-170.000000	0.568303  	0.001000  	0.397318  
-169.000000	0.625134  	0.001000  	0.430927  
-168.000000	0.681964  	0.001000  	0.461854  
-167.000000	0.738794  	0.005479  	0.492781  
-166.000000	0.795625  	0.013317  	0.523708  
-165.000000	0.852455  	0.023710  	0.554635  
-164.000000	0.909286  	0.036659  	0.585562  
-163.000000	0.966116  	0.050260  	0.616489  
-162.000000	1.022946  	0.064732  	0.647417  
-161.000000	1.079777  	0.079721  	0.675400  
-160.000000	1.136607  	0.095641  	0.698084  
-159.000000	1.193437  	0.111951  	0.716294  
-158.000000	1.250268  	0.129238  	0.723318  
-157.000000	1.307098  	0.146799  	0.730341  
-156.000000	1.363928  	0.165365  	0.737364  
-155.000000	1.420759  	0.184100  	0.744388  
-154.000000	1.477589  	0.203849  	0.751411  
-153.000000	1.534419  	0.223676  	0.758435  
-152.000000	1.591250  	0.244508  	0.765458  
-151.000000	1.648080  	0.265340  	0.772482  
-150.000000	1.600601  	0.287623  	0.759962  
-149.000000	1.553122  	0.309906  	0.747442  
-148.000000	1.505643  	0.332188  	0.734921  
-147.000000	1.458164  	0.354471  	0.722401  
-146.000000	1.416441  	0.377749  	0.706139  
-145.000000	1.377917  	0.401578  	0.687797  
-144.000000	1.339393  	0.425408  	0.669455  
-143.000000	1.300868  	0.449238  	0.651114  
-142.000000	1.263939  	0.473356  	0.634310  
-141.000000	1.230998  	0.498196  	0.621352  
-140.000000	1.198057  	0.523035  	0.608393  
-139.000000	1.165116  	0.547875  	0.595435  
-138.000000	1.132174  	0.572714  	0.582476  
-137.000000	1.102496  	0.597972  	0.575034  
-136.000000	1.073068  	0.623261  	0.568015  
-135.000000	1.043641  	0.648551  	0.560997  
-134.000000	1.014214  	0.673841  	0.553978  
-133.000000	0.986051  	0.699063  	0.547457  
-132.000000	0.958837  	0.724234  	0.541308  
-131.000000	0.931623  	0.749406  	0.535160  
-130.000000	0.904409  	0.774577  	0.529012  
-129.000000	0.877496  	0.799602  	0.523711  
-128.000000	0.851684  	0.824091  	0.521517  
-127.000000	0.825872  	0.848579  	0.519324  
-126.000000	0.800059  	0.873068  	0.517130  
-125.000000	0.774247  	0.897556  	0.514937  
-124.000000	0.749223  	0.920990  	0.512743  
-123.000000	0.724330  	0.944248  	0.510549  
-122.000000	0.699437  	0.967506  	0.508356  
-121.000000	0.674544  	0.990763  	0.506162  
-120.000000	0.649986  	1.013147  	0.504772  
-119.000000	0.625764  	1.034655  	0.504185  
-118.000000	0.601541  	1.056164  	0.503598  
-117.000000	0.577319  	1.077672  	0.503011  
-116.000000	0.553182  	1.098863  	0.502454  
-115.000000	0.529554  	1.118145  	0.502075  
-114.000000	0.505927  	1.137427  	0.501696  
-113.000000	0.482300  	1.156709  	0.501317  
-112.000000	0.458672  	1.175992  	0.500938  
-111.000000	0.435557  	1.193190  	0.500608  
-110.000000	0.412581  	1.209821  	0.500291  
-109.000000	0.389605  	1.226452  	0.499975  
-108.000000	0.366629  	1.243083  	0.499658  
-107.000000	0.344000  	1.258421  	0.499360  
-106.000000	0.321834  	1.272037  	0.499086  
-105.000000	0.299667  	1.285653  	0.498812  
-104.000000	0.277501  	1.299269  	0.498539  
-103.000000	0.255410  	1.312649  	0.498244  
-102.000000	0.234292  	1.322957  	0.497673  
-101.000000	0.213174  	1.333265  	0.497102  
-100.000000	0.192055  	1.343573  	0.496531  
-99.000000	0.170937  	1.353881  	0.495960  
-98.000000	0.150782  	1.361672  	0.494882  
-97.000000	0.131011  	1.368456  	0.493601  
-96.000000	0.111240  	1.375240  	0.492320  
-95.000000	0.091470  	1.382024  	0.491039  
-94.000000	0.072305  	1.387501  	0.489758  
-93.000000	0.054228  	1.390625  	0.488477  
-92.000000	0.036152  	1.393750  	0.487196  
-91.000000	0.018076  	1.396875  	0.485915  
-90.000000	0.000000  	1.400000  	0.484634  
-89.000000	-0.018076 	1.396875  	0.481178  
-88.000000	-0.036152 	1.393750  	0.477723  
-87.000000	-0.054228 	1.390625  	0.474267  
-86.000000	-0.072305 	1.387501  	0.470812  
-85.000000	-0.091470 	1.382024  	0.467356  
-84.000000	-0.111240 	1.375240  	0.463901  
-83.000000	-0.131011 	1.368456  	0.460445  
-82.000000	-0.150782 	1.361672  	0.456990  
-81.000000	-0.170937 	1.353881  	0.453384  
-80.000000	-0.192055 	1.343573  	0.449404  
-79.000000	-0.213174 	1.333265  	0.445423  
-78.000000	-0.234292 	1.322957  	0.441442  
-77.000000	-0.255410 	1.312649  	0.437461  
-76.000000	-0.277501 	1.299269  	0.433276  
-75.000000	-0.299667 	1.285653  	0.429075  
-74.000000	-0.321834 	1.272037  	0.424875  
-73.000000	-0.344000 	1.258421  	0.420674  
-72.000000	-0.366629 	1.243083  	0.416484  
-71.000000	-0.389605 	1.226452  	0.412301  
-70.000000	-0.412581 	1.209821  	0.408118  
-69.000000	-0.435557 	1.193190  	0.403935  
-68.000000	-0.458672 	1.175992  	0.399758  
-67.000000	-0.482300 	1.156709  	0.395600  
-66.000000	-0.505927 	1.137427  	0.391443  
-65.000000	-0.529554 	1.118145  	0.387286  
-64.000000	-0.553182 	1.098863  	0.383129  
-63.000000	-0.577319 	1.077672  	0.379029  
-62.000000	-0.601541 	1.056164  	0.374938  
-61.000000	-0.625764 	1.034655  	0.370847  
-60.000000	-0.649986 	1.013147  	0.366756  
-59.000000	-0.674544 	0.990763  	0.362922  
-58.000000	-0.699437 	0.967506  	0.359343  
-57.000000	-0.724330 	0.944248  	0.355765  
-56.000000	-0.749223 	0.920990  	0.352186  
-55.000000	-0.774247 	0.897556  	0.348608  
-54.000000	-0.800059 	0.873068  	0.345029  
-53.000000	-0.825872 	0.848579  	0.341450  
-52.000000	-0.851684 	0.824091  	0.337872  
-51.000000	-0.877496 	0.799602  	0.334293  
-50.000000	-0.904409 	0.774577  	0.331052  
-49.000000	-0.931623 	0.749406  	0.327902  
-48.000000	-0.958837 	0.724234  	0.324752  
-47.000000	-0.986051 	0.699063  	0.321603  
-46.000000	-1.014214 	0.673841  	0.318493  
-45.000000	-1.043641 	0.648551  	0.315438  
-44.000000	-1.073068 	0.623261  	0.312382  
-43.000000	-1.102496 	0.597972  	0.309327  
-42.000000	-1.132174 	0.572714  	0.306216  
-41.000000	-1.165116 	0.547875  	0.302381  
-40.000000	-1.198057 	0.523035  	0.298546  
-39.000000	-1.230998 	0.498196  	0.294711  
-38.000000	-1.263939 	0.473356  	0.290876  
-37.000000	-1.300868 	0.449238  	0.286537  
-36.000000	-1.339393 	0.425408  	0.281996  
-35.000000	-1.377917 	0.401578  	0.277454  
-34.000000	-1.416441 	0.377749  	0.272913  
-33.000000	-1.458164 	0.354471  	0.267551  
-32.000000	-1.505643 	0.332188  	0.260713  
-31.000000	-1.553122 	0.309906  	0.253874  
-30.000000	-1.600601 	0.287623  	0.247036  
-29.000000	-1.648080 	0.265340  	0.240197  
-28.000000	-1.594881 	0.253409  	0.225646  
-27.000000	-1.541682 	0.241479  	0.211095  
-26.000000	-1.488483 	0.229548  	0.196543  
-25.000000	-1.435284 	0.217618  	0.181992  
-24.000000	-1.382085 	0.205687  	0.167441  
-23.000000	-1.328886 	0.193757  	0.152890  
-22.000000	-1.275687 	0.181826  	0.138339  
-21.000000	-1.222488 	0.169896  	0.123787  
-20.000000	-1.169289 	0.157965  	0.110382  
-19.000000	-1.116091 	0.146035  	0.098313  
-18.000000	-1.062892 	0.134104  	0.087389  
-17.000000	-1.009693 	0.122174  	0.076465  
-16.000000	-0.956494 	0.110243  	0.065542  
-15.000000	-0.903295 	0.098313  	0.054618  
-14.000000	-0.850096 	0.086382  	0.043695  
-13.000000	-0.796897 	0.074452  	0.032771  
-12.000000	-0.743698 	0.062521  	0.000663  
-11.000000	-0.690499 	0.050591  	-0.039918 
-10.000000	-0.637300 	0.038660  	-0.080500 
-9.000000 	-0.488300 	0.038840  	-0.093600 
-8.000000 	-0.339200 	0.039120  	-0.106600 
-7.000000 	-0.191100 	0.039440  	-0.119000 
-6.000000 	-0.043900 	0.039760  	-0.131100 
-5.000000 	0.102700  	0.040100  	-0.142900 
-4.000000 	0.248100  	0.040430  	-0.154200 
-3.000000 	0.392600  	0.040780  	-0.165200 
-2.000000 	0.536600  	0.041160  	-0.176000 
-1.000000 	0.678650  	0.041540  	-0.186150 
0.000000  	0.820700  	0.041920  	-0.196300 
1.000000  	0.960700  	0.042320  	-0.205800 
2.000000  	1.099100  	0.042780  	-0.214900 
3.000000  	1.237700  	0.043130  	-0.223800 
4.000000  	1.373200  	0.043630  	-0.232000 
5.000000  	1.507900  	0.044040  	-0.239800 
6.000000  	1.639000  	0.044670  	-0.246800 
7.000000  	1.770400  	0.045160  	-0.253700 
8.000000  	1.895200  	0.046090  	-0.259100 
9.000000  	2.021700  	0.046700  	-0.264700 
10.000000 	2.139600  	0.047930  	-0.268500 
11.000000 	2.255900  	0.049090  	-0.271800 
12.000000 	2.352500  	0.051610  	-0.271000 
13.000000 	2.400800  	0.057230  	-0.260000 
14.000000 	2.421300  	0.065940  	-0.246700 
15.000000 	2.437200  	0.076140  	-0.236600 
16.000000 	2.450100  	0.087380  	-0.229400 
17.000000 	2.454600  	0.100230  	-0.224200 
18.000000 	2.448600  	0.114470  	-0.220700 
19.000000 	2.425900  	0.130940  	-0.219200 
20.000000 	2.398800  	0.147830  	-0.220000 
21.000000 	2.381900  	0.163470  	-0.223200 
22.000000 	2.357100  	0.180100  	-0.228600 
23.000000 	2.342600  	0.195160  	-0.235400 
24.000000 	2.333100  	0.209390  	-0.243500 
25.000000 	2.329200  	0.222460  	-0.252200 
26.000000 	2.332700  	0.234180  	-0.261200 
27.000000 	2.340900  	0.244750  	-0.270400 
28.000000 	2.348000  	0.255190  	-0.280300 
29.000000 	2.354400  	0.265340  	-0.290800 
30.000000 	2.286573  	0.287623  	-0.297136 
31.000000 	2.218745  	0.309906  	-0.303472 
32.000000 	2.150918  	0.332188  	-0.309807 
33.000000 	2.083091  	0.354471  	-0.316143 
34.000000 	2.023487  	0.377749  	-0.321665 
35.000000 	1.968453  	0.401578  	-0.326734 
36.000000 	1.913418  	0.425408  	-0.331804 
37.000000 	1.858384  	0.449238  	-0.336873 
38.000000 	1.805628  	0.473356  	-0.341529 
39.000000 	1.758569  	0.498196  	-0.345149 
40.000000 	1.711510  	0.523035  	-0.348770 
41.000000 	1.664451  	0.547875  	-0.352391 
42.000000 	1.617392  	0.572714  	-0.356011 
43.000000 	1.574994  	0.597972  	-0.358148 
44.000000 	1.532955  	0.623261  	-0.360170 
45.000000 	1.490916  	0.648551  	-0.362192 
46.000000 	1.448876  	0.673841  	-0.364214 
47.000000 	1.408644  	0.699063  	-0.366245 
48.000000 	1.369767  	0.724234  	-0.368282 
49.000000 	1.330890  	0.749406  	-0.370319 
50.000000 	1.292013  	0.774577  	-0.372356 
51.000000 	1.253566  	0.799602  	-0.374408 
52.000000 	1.216691  	0.824091  	-0.376514 
53.000000 	1.179817  	0.848579  	-0.378619 
54.000000 	1.142942  	0.873068  	-0.380725 
55.000000 	1.106068  	0.897556  	-0.382831 
56.000000 	1.070319  	0.920990  	-0.384936 
57.000000 	1.034757  	0.944248  	-0.387042 
58.000000 	0.999196  	0.967506  	-0.389148 
59.000000 	0.963634  	0.990763  	-0.391253 
60.000000 	0.928552  	1.013147  	-0.393651 
61.000000 	0.893948  	1.034655  	-0.396340 
62.000000 	0.859345  	1.056164  	-0.399030 
63.000000 	0.824741  	1.077672  	-0.401720 
64.000000 	0.790259  	1.098863  	-0.404420 
65.000000 	0.756506  	1.118145  	-0.407185 
66.000000 	0.722753  	1.137427  	-0.409950 
67.000000 	0.688999  	1.156709  	-0.412716 
68.000000 	0.655246  	1.175992  	-0.415481 
69.000000 	0.622224  	1.193190  	-0.418466 
70.000000 	0.589401  	1.209821  	-0.421511 
71.000000 	0.556578  	1.226452  	-0.424556 
72.000000 	0.523755  	1.243083  	-0.427601 
73.000000 	0.491428  	1.258421  	-0.430729 
74.000000 	0.459762  	1.272037  	-0.433968 
75.000000 	0.428096  	1.285653  	-0.437207 
76.000000 	0.396430  	1.299269  	-0.440446 
77.000000 	0.364871  	1.312649  	-0.443683 
78.000000 	0.334703  	1.322957  	-0.446888 
79.000000 	0.304534  	1.333265  	-0.450093 
80.000000 	0.274365  	1.343573  	-0.453297 
81.000000 	0.244196  	1.353881  	-0.456502 
82.000000 	0.215402  	1.361672  	-0.459649 
83.000000 	0.187159  	1.368456  	-0.462772 
84.000000 	0.158915  	1.375240  	-0.465895 
85.000000 	0.130671  	1.382024  	-0.469018 
86.000000 	0.103292  	1.387501  	-0.472141 
87.000000 	0.077469  	1.390625  	-0.475264 
88.000000 	0.051646  	1.393750  	-0.478387 
89.000000 	0.025823  	1.396875  	-0.481510 
90.000000 	0.000000  	1.400000  	-0.484634 
91.000000 	-0.018076 	1.396875  	-0.485915 
92.000000 	-0.036152 	1.393750  	-0.487196 
93.000000 	-0.054228 	1.390625  	-0.488477 
94.000000 	-0.072305 	1.387501  	-0.489758 
95.000000 	-0.091470 	1.382024  	-0.491039 
96.000000 	-0.111240 	1.375240  	-0.492320 
97.000000 	-0.131011 	1.368456  	-0.493601 
98.000000 	-0.150782 	1.361672  	-0.494882 
99.000000 	-0.170937 	1.353881  	-0.495960 
100.000000	-0.192055 	1.343573  	-0.496531 
101.000000	-0.213174 	1.333265  	-0.497102 
102.000000	-0.234292 	1.322957  	-0.497673 
103.000000	-0.255410 	1.312649  	-0.498244 
104.000000	-0.277501 	1.299269  	-0.498539 
105.000000	-0.299667 	1.285653  	-0.498812 
106.000000	-0.321834 	1.272037  	-0.499086 
107.000000	-0.344000 	1.258421  	-0.499360 
108.000000	-0.366629 	1.243083  	-0.499658 
109.000000	-0.389605 	1.226452  	-0.499975 
110.000000	-0.412581 	1.209821  	-0.500291 
111.000000	-0.435557 	1.193190  	-0.500608 
112.000000	-0.458672 	1.175992  	-0.500938 
113.000000	-0.482300 	1.156709  	-0.501317 
114.000000	-0.505927 	1.137427  	-0.501696 
115.000000	-0.529554 	1.118145  	-0.502075 
116.000000	-0.553182 	1.098863  	-0.502454 
117.000000	-0.577319 	1.077672  	-0.503011 
118.000000	-0.601541 	1.056164  	-0.503598 
119.000000	-0.625764 	1.034655  	-0.504185 
120.000000	-0.649986 	1.013147  	-0.504772 
121.000000	-0.674544 	0.990763  	-0.506162 
122.000000	-0.699437 	0.967506  	-0.508356 
123.000000	-0.724330 	0.944248  	-0.510549 
124.000000	-0.749223 	0.920990  	-0.512743 
125.000000	-0.774247 	0.897556  	-0.514937 
126.000000	-0.800059 	0.873068  	-0.517130 
127.000000	-0.825872 	0.848579  	-0.519324 
128.000000	-0.851684 	0.824091  	-0.521517 
129.000000	-0.877496 	0.799602  	-0.523711 
130.000000	-0.904409 	0.774577  	-0.529012 
131.000000	-0.931623 	0.749406  	-0.535160 
132.000000	-0.958837 	0.724234  	-0.541308 
133.000000	-0.986051 	0.699063  	-0.547457 
134.000000	-1.014214 	0.673841  	-0.553978 
135.000000	-1.043641 	0.648551  	-0.560997 
136.000000	-1.073068 	0.623261  	-0.568015 
137.000000	-1.102496 	0.597972  	-0.575034 
138.000000	-1.132174 	0.572714  	-0.582476 
139.000000	-1.165116 	0.547875  	-0.595435 
140.000000	-1.198057 	0.523035  	-0.608393 
141.000000	-1.230998 	0.498196  	-0.621352 
142.000000	-1.263939 	0.473356  	-0.634310 
143.000000	-1.300868 	0.449238  	-0.651114 
144.000000	-1.339393 	0.425408  	-0.669455 
145.000000	-1.377917 	0.401578  	-0.687797 
146.000000	-1.416441 	0.377749  	-0.706139 
147.000000	-1.458164 	0.354471  	-0.722401 
148.000000	-1.505643 	0.332188  	-0.734921 
149.000000	-1.553122 	0.309906  	-0.747442 
150.000000	-1.600601 	0.287623  	-0.759962 
151.000000	-1.648080 	0.265340  	-0.772482 
152.000000	-1.591250 	0.244508  	-0.765458 
153.000000	-1.534419 	0.223676  	-0.758435 
154.000000	-1.477589 	0.203849  	-0.751411 
155.000000	-1.420759 	0.184100  	-0.744388 
156.000000	-1.363928 	0.165365  	-0.737364 
157.000000	-1.307098 	0.146799  	-0.730341 
158.000000	-1.250268 	0.129238  	-0.723318 
159.000000	-1.193437 	0.111951  	-0.716294 
160.000000	-1.136607 	0.095641  	-0.702764 
161.000000	-1.079777 	0.079721  	-0.686631 
162.000000	-1.022946 	0.064732  	-0.667417 
163.000000	-0.966116 	0.050260  	-0.646489 
164.000000	-0.909286 	0.036659  	-0.625562 
165.000000	-0.852455 	0.023710  	-0.604635 
166.000000	-0.795625 	0.013317  	-0.583708 
167.000000	-0.738794 	0.005479  	-0.562781 
168.000000	-0.681964 	0.001000  	-0.541854 
169.000000	-0.625134 	0.001000  	-0.520927 
170.000000	-0.568303 	0.001000  	-0.491407 
171.000000	-0.511473 	0.001000  	-0.446420 
172.000000	-0.454643 	0.001000  	-0.400000 
173.000000	-0.397812 	0.001000  	-0.350000 
174.000000	-0.340982 	0.001000  	-0.300000 
175.000000	-0.284152 	0.001000  	-0.250000 
176.000000	-0.227321 	0.001000  	-0.200000 
177.000000	-0.170491 	0.001000  	-0.150000 
178.000000	-0.113661 	0.001000  	-0.100000 
179.000000	-0.056830 	0.001000  	-0.050000 
180.000000	0.000000  	0.001000  	0.000000  
! ------------------------------------------------------------------------------
! data for table	9         
! ------------------------------------------------------------------------------
  1.000000  	Re           ! Reynolds number in millions
  0.000000  	UserProp     ! User property (control) setting
Flase           InclUAdata   ! Is unsteady aerodynamics data included in this table? If TRUE, then include UA coefficients below this line. Any missing coefficients will be calculated internally.
! Table of aerodynamics coefficients
  361       	NumAlf       ! Number of data lines in the following table
!Alpha      Cl          Cd          Cm/Cp
!(deg)      (-)         (-)         (-)
-180.000000	0.000000  	0.001000  	0.000000  
-179.000000	0.056915  	0.001000  	0.040000  
-178.000000	0.113830  	0.001000  	0.080000  
-177.000000	0.170744  	0.001000  	0.120000  
-176.000000	0.227659  	0.001000  	0.160000  
-175.000000	0.284574  	0.001000  	0.200000  
-174.000000	0.341489  	0.001000  	0.240000  
-173.000000	0.398404  	0.001000  	0.280000  
-172.000000	0.455319  	0.001000  	0.320000  
-171.000000	0.512233  	0.001000  	0.358911  
-170.000000	0.569148  	0.001000  	0.397385  
-169.000000	0.626063  	0.001000  	0.431154  
-168.000000	0.682978  	0.001000  	0.462308  
-167.000000	0.739893  	0.005403  	0.493462  
-166.000000	0.796808  	0.013107  	0.524616  
-165.000000	0.853722  	0.023434  	0.555770  
-164.000000	0.910637  	0.036384  	0.586924  
-163.000000	0.967552  	0.049987  	0.618078  
-162.000000	1.024467  	0.064460  	0.649232  
-161.000000	1.081382  	0.079450  	0.677414  
-160.000000	1.138297  	0.095372  	0.700244  
-159.000000	1.195211  	0.111684  	0.718555  
-158.000000	1.252126  	0.128973  	0.725570  
-157.000000	1.309041  	0.146536  	0.732585  
-156.000000	1.365956  	0.165104  	0.739600  
-155.000000	1.422871  	0.183841  	0.746615  
-154.000000	1.479786  	0.203593  	0.753629  
-153.000000	1.536700  	0.223421  	0.760644  
-152.000000	1.593615  	0.244256  	0.767659  
-151.000000	1.650530  	0.265090  	0.774674  
-150.000000	1.602941  	0.287375  	0.762091  
-149.000000	1.555352  	0.309661  	0.749509  
-148.000000	1.507762  	0.331946  	0.736926  
-147.000000	1.460173  	0.354232  	0.724344  
-146.000000	1.418355  	0.377512  	0.708009  
-145.000000	1.379743  	0.401344  	0.689589  
-144.000000	1.341131  	0.425177  	0.671169  
-143.000000	1.302519  	0.449010  	0.652749  
-142.000000	1.265507  	0.473131  	0.635873  
-141.000000	1.232495  	0.497974  	0.622856  
-140.000000	1.199482  	0.522816  	0.609839  
-139.000000	1.166469  	0.547659  	0.596822  
-138.000000	1.133456  	0.572502  	0.583805  
-137.000000	1.103718  	0.597763  	0.576325  
-136.000000	1.074231  	0.623056  	0.569270  
-135.000000	1.044744  	0.648349  	0.562215  
-134.000000	1.015257  	0.673642  	0.555160  
-133.000000	0.987041  	0.698868  	0.548605  
-132.000000	0.959777  	0.724043  	0.542423  
-131.000000	0.932513  	0.749218  	0.536242  
-130.000000	0.905250  	0.774394  	0.530060  
-129.000000	0.878288  	0.799423  	0.524729  
-128.000000	0.852434  	0.823915  	0.522517  
-127.000000	0.826580  	0.848408  	0.520305  
-126.000000	0.800726  	0.872900  	0.518093  
-125.000000	0.774871  	0.897393  	0.515881  
-124.000000	0.749811  	0.920830  	0.513669  
-123.000000	0.724883  	0.944092  	0.511457  
-122.000000	0.699954  	0.967354  	0.509245  
-121.000000	0.675026  	0.990616  	0.507033  
-120.000000	0.650436  	1.013004  	0.505627  
-119.000000	0.626184  	1.034517  	0.505029  
-118.000000	0.601932  	1.056030  	0.504431  
-117.000000	0.577680  	1.077543  	0.503832  
-116.000000	0.553514  	1.098738  	0.503264  
-115.000000	0.529862  	1.118024  	0.502874  
-114.000000	0.506211  	1.137311  	0.502485  
-113.000000	0.482559  	1.156598  	0.502096  
-112.000000	0.458908  	1.175885  	0.501707  
-111.000000	0.435772  	1.193088  	0.501368  
-110.000000	0.412776  	1.209723  	0.501043  
-109.000000	0.389781  	1.226359  	0.500718  
-108.000000	0.366786  	1.242994  	0.500393  
-107.000000	0.344139  	1.258338  	0.500087  
-106.000000	0.321958  	1.271958  	0.499806  
-105.000000	0.299778  	1.285579  	0.499526  
-104.000000	0.277597  	1.299200  	0.499245  
-103.000000	0.255491  	1.312584  	0.498944  
-102.000000	0.234362  	1.322897  	0.498366  
-101.000000	0.213233  	1.333210  	0.497789  
-100.000000	0.192105  	1.343523  	0.497211  
-99.000000	0.170976  	1.353836  	0.496634  
-98.000000	0.150813  	1.361632  	0.495550  
-97.000000	0.131036  	1.368421  	0.494263  
-96.000000	0.111260  	1.375210  	0.492976  
-95.000000	0.091483  	1.381999  	0.491689  
-94.000000	0.072313  	1.387481  	0.490402  
-93.000000	0.054235  	1.390611  	0.489116  
-92.000000	0.036156  	1.393740  	0.487829  
-91.000000	0.018078  	1.396870  	0.486542  
-90.000000	0.000000  	1.400000  	0.485255  
-89.000000	-0.018078 	1.396870  	0.481792  
-88.000000	-0.036156 	1.393740  	0.478329  
-87.000000	-0.054235 	1.390611  	0.474866  
-86.000000	-0.072313 	1.387481  	0.471402  
-85.000000	-0.091483 	1.381999  	0.467939  
-84.000000	-0.111260 	1.375210  	0.464476  
-83.000000	-0.131036 	1.368421  	0.461013  
-82.000000	-0.150813 	1.361632  	0.457549  
-81.000000	-0.170976 	1.353836  	0.453936  
-80.000000	-0.192105 	1.343523  	0.449949  
-79.000000	-0.213233 	1.333210  	0.445962  
-78.000000	-0.234362 	1.322897  	0.441974  
-77.000000	-0.255491 	1.312584  	0.437987  
-76.000000	-0.277597 	1.299200  	0.433796  
-75.000000	-0.299778 	1.285579  	0.429589  
-74.000000	-0.321958 	1.271958  	0.425382  
-73.000000	-0.344139 	1.258338  	0.421175  
-72.000000	-0.366786 	1.242994  	0.416979  
-71.000000	-0.389781 	1.226359  	0.412791  
-70.000000	-0.412776 	1.209723  	0.408603  
-69.000000	-0.435772 	1.193088  	0.404415  
-68.000000	-0.458908 	1.175885  	0.400233  
-67.000000	-0.482559 	1.156598  	0.396071  
-66.000000	-0.506211 	1.137311  	0.391910  
-65.000000	-0.529862 	1.118024  	0.387749  
-64.000000	-0.553514 	1.098738  	0.383588  
-63.000000	-0.577680 	1.077543  	0.379483  
-62.000000	-0.601932 	1.056030  	0.375389  
-61.000000	-0.626184 	1.034517  	0.371294  
-60.000000	-0.650436 	1.013004  	0.367199  
-59.000000	-0.675026 	0.990616  	0.363360  
-58.000000	-0.699954 	0.967354  	0.359778  
-57.000000	-0.724883 	0.944092  	0.356196  
-56.000000	-0.749811 	0.920830  	0.352614  
-55.000000	-0.774871 	0.897393  	0.349032  
-54.000000	-0.800726 	0.872900  	0.345450  
-53.000000	-0.826580 	0.848408  	0.341867  
-52.000000	-0.852434 	0.823915  	0.338285  
-51.000000	-0.878288 	0.799423  	0.334703  
-50.000000	-0.905250 	0.774394  	0.331455  
-49.000000	-0.932513 	0.749218  	0.328297  
-48.000000	-0.959777 	0.724043  	0.325140  
-47.000000	-0.987041 	0.698868  	0.321982  
-46.000000	-1.015257 	0.673642  	0.318865  
-45.000000	-1.044744 	0.648349  	0.315800  
-44.000000	-1.074231 	0.623056  	0.312736  
-43.000000	-1.103718 	0.597763  	0.309672  
-42.000000	-1.133456 	0.572502  	0.306552  
-41.000000	-1.166469 	0.547659  	0.302696  
-40.000000	-1.199482 	0.522816  	0.298841  
-39.000000	-1.232495 	0.497974  	0.294986  
-38.000000	-1.265507 	0.473131  	0.291131  
-37.000000	-1.302519 	0.449010  	0.286764  
-36.000000	-1.341131 	0.425177  	0.282192  
-35.000000	-1.379743 	0.401344  	0.277620  
-34.000000	-1.418355 	0.377512  	0.273048  
-33.000000	-1.460173 	0.354232  	0.267655  
-32.000000	-1.507762 	0.331946  	0.260785  
-31.000000	-1.555352 	0.309661  	0.253915  
-30.000000	-1.602941 	0.287375  	0.247045  
-29.000000	-1.650530 	0.265090  	0.240175  
-28.000000	-1.597276 	0.253166  	0.225590  
-27.000000	-1.544022 	0.241242  	0.211005  
-26.000000	-1.490767 	0.229317  	0.196420  
-25.000000	-1.437513 	0.217393  	0.181835  
-24.000000	-1.384259 	0.205469  	0.167250  
-23.000000	-1.331005 	0.193545  	0.152665  
-22.000000	-1.277751 	0.181621  	0.138081  
-21.000000	-1.224496 	0.169696  	0.123496  
-20.000000	-1.171242 	0.157772  	0.110077  
-19.000000	-1.117988 	0.145848  	0.098020  
-18.000000	-1.064734 	0.133924  	0.087129  
-17.000000	-1.011479 	0.121999  	0.076238  
-16.000000	-0.958225 	0.110075  	0.065347  
-15.000000	-0.904971 	0.098151  	0.054455  
-14.000000	-0.851717 	0.086227  	0.043564  
-13.000000	-0.798463 	0.074303  	0.032673  
-12.000000	-0.745208 	0.062378  	0.000703  
-11.000000	-0.691954 	0.050454  	-0.039698 
-10.000000	-0.638700 	0.038530  	-0.080100 
-9.000000 	-0.486600 	0.038720  	-0.094200 
-8.000000 	-0.336600 	0.039030  	-0.107400 
-7.000000 	-0.188700 	0.039340  	-0.119800 
-6.000000 	-0.041000 	0.039680  	-0.132000 
-5.000000 	0.105100  	0.040020  	-0.143600 
-4.000000 	0.250900  	0.040370  	-0.155000 
-3.000000 	0.395700  	0.040730  	-0.166100 
-2.000000 	0.538600  	0.041080  	-0.176500 
-1.000000 	0.681800  	0.041480  	-0.187100 
0.000000  	0.822500  	0.041840  	-0.196800 
1.000000  	0.963200  	0.042250  	-0.206500 
2.000000  	1.102600  	0.042610  	-0.215700 
3.000000  	1.240200  	0.042960  	-0.224400 
4.000000  	1.375900  	0.043450  	-0.232600 
5.000000  	1.511500  	0.043800  	-0.240700 
6.000000  	1.643300  	0.044380  	-0.247800 
7.000000  	1.774400  	0.044860  	-0.254600 
8.000000  	1.902400  	0.045490  	-0.260700 
9.000000  	2.027100  	0.046300  	-0.265900 
10.000000 	2.149400  	0.047140  	-0.270600 
11.000000 	2.264000  	0.048470  	-0.273500 
12.000000 	2.370200  	0.050280  	-0.274700 
13.000000 	2.435200  	0.054720  	-0.267000 
14.000000 	2.441500  	0.064270  	-0.250100 
15.000000 	2.462700  	0.073810  	-0.240000 
16.000000 	2.474200  	0.084990  	-0.232000 
17.000000 	2.472500  	0.098510  	-0.225800 
18.000000 	2.463800  	0.113010  	-0.221900 
19.000000 	2.442400  	0.129180  	-0.219900 
20.000000 	2.409200  	0.146910  	-0.220500 
21.000000 	2.391000  	0.162600  	-0.223400 
22.000000 	2.366000  	0.179250  	-0.228600 
23.000000 	2.348600  	0.194710  	-0.235400 
24.000000 	2.342100  	0.208390  	-0.243100 
25.000000 	2.337900  	0.221560  	-0.251800 
26.000000 	2.340800  	0.233130  	-0.261100 
27.000000 	2.343700  	0.244700  	-0.270400 
28.000000 	2.351500  	0.255010  	-0.280100 
29.000000 	2.357900  	0.265090  	-0.290500 
30.000000 	2.289915  	0.287375  	-0.296891 
31.000000 	2.221931  	0.309661  	-0.303282 
32.000000 	2.153946  	0.331946  	-0.309672 
33.000000 	2.085962  	0.354232  	-0.316063 
34.000000 	2.026221  	0.377512  	-0.321634 
35.000000 	1.971062  	0.401344  	-0.326750 
36.000000 	1.915902  	0.425177  	-0.331865 
37.000000 	1.860742  	0.449010  	-0.336981 
38.000000 	1.807868  	0.473131  	-0.341678 
39.000000 	1.760707  	0.497974  	-0.345330 
40.000000 	1.713546  	0.522816  	-0.348981 
41.000000 	1.666385  	0.547659  	-0.352633 
42.000000 	1.619224  	0.572502  	-0.356284 
43.000000 	1.576740  	0.597763  	-0.358436 
44.000000 	1.534616  	0.623056  	-0.360472 
45.000000 	1.492491  	0.648349  	-0.362508 
46.000000 	1.450367  	0.673642  	-0.364543 
47.000000 	1.410058  	0.698868  	-0.366587 
48.000000 	1.371110  	0.724043  	-0.368637 
49.000000 	1.332162  	0.749218  	-0.370686 
50.000000 	1.293214  	0.774394  	-0.372736 
51.000000 	1.254697  	0.799423  	-0.374798 
52.000000 	1.217763  	0.823915  	-0.376909 
53.000000 	1.180828  	0.848408  	-0.379020 
54.000000 	1.143894  	0.872900  	-0.381131 
55.000000 	1.106959  	0.897393  	-0.383242 
56.000000 	1.071158  	0.920830  	-0.385353 
57.000000 	1.035546  	0.944092  	-0.387464 
58.000000 	0.999935  	0.967354  	-0.389575 
59.000000 	0.964323  	0.990616  	-0.391686 
60.000000 	0.929194  	1.013004  	-0.394088 
61.000000 	0.894548  	1.034517  	-0.396783 
62.000000 	0.859903  	1.056030  	-0.399477 
63.000000 	0.825257  	1.077543  	-0.402171 
64.000000 	0.790734  	1.098738  	-0.404876 
65.000000 	0.756946  	1.118024  	-0.407646 
66.000000 	0.723158  	1.137311  	-0.410416 
67.000000 	0.689370  	1.156598  	-0.413185 
68.000000 	0.655582  	1.175885  	-0.415955 
69.000000 	0.622531  	1.193088  	-0.418945 
70.000000 	0.589681  	1.209723  	-0.421996 
71.000000 	0.556830  	1.226359  	-0.425046 
72.000000 	0.523980  	1.242994  	-0.428096 
73.000000 	0.491628  	1.258338  	-0.431230 
74.000000 	0.459941  	1.271958  	-0.434475 
75.000000 	0.428254  	1.285579  	-0.437721 
76.000000 	0.396567  	1.299200  	-0.440966 
77.000000 	0.364987  	1.312584  	-0.444209 
78.000000 	0.334803  	1.322897  	-0.447420 
79.000000 	0.304619  	1.333210  	-0.450632 
80.000000 	0.274435  	1.343523  	-0.453843 
81.000000 	0.244252  	1.353836  	-0.457055 
82.000000 	0.215447  	1.361632  	-0.460208 
83.000000 	0.187195  	1.368421  	-0.463339 
84.000000 	0.158942  	1.375210  	-0.466470 
85.000000 	0.130690  	1.381999  	-0.469601 
86.000000 	0.103304  	1.387481  	-0.472732 
87.000000 	0.077478  	1.390611  	-0.475863 
88.000000 	0.051652  	1.393740  	-0.478994 
89.000000 	0.025826  	1.396870  	-0.482124 
90.000000 	0.000000  	1.400000  	-0.485255 
91.000000 	-0.018078 	1.396870  	-0.486542 
92.000000 	-0.036156 	1.393740  	-0.487829 
93.000000 	-0.054235 	1.390611  	-0.489116 
94.000000 	-0.072313 	1.387481  	-0.490402 
95.000000 	-0.091483 	1.381999  	-0.491689 
96.000000 	-0.111260 	1.375210  	-0.492976 
97.000000 	-0.131036 	1.368421  	-0.494263 
98.000000 	-0.150813 	1.361632  	-0.495550 
99.000000 	-0.170976 	1.353836  	-0.496634 
100.000000	-0.192105 	1.343523  	-0.497211 
101.000000	-0.213233 	1.333210  	-0.497789 
102.000000	-0.234362 	1.322897  	-0.498366 
103.000000	-0.255491 	1.312584  	-0.498944 
104.000000	-0.277597 	1.299200  	-0.499245 
105.000000	-0.299778 	1.285579  	-0.499526 
106.000000	-0.321958 	1.271958  	-0.499806 
107.000000	-0.344139 	1.258338  	-0.500087 
108.000000	-0.366786 	1.242994  	-0.500393 
109.000000	-0.389781 	1.226359  	-0.500718 
110.000000	-0.412776 	1.209723  	-0.501043 
111.000000	-0.435772 	1.193088  	-0.501368 
112.000000	-0.458908 	1.175885  	-0.501707 
113.000000	-0.482559 	1.156598  	-0.502096 
114.000000	-0.506211 	1.137311  	-0.502485 
115.000000	-0.529862 	1.118024  	-0.502874 
116.000000	-0.553514 	1.098738  	-0.503264 
117.000000	-0.577680 	1.077543  	-0.503832 
118.000000	-0.601932 	1.056030  	-0.504431 
119.000000	-0.626184 	1.034517  	-0.505029 
120.000000	-0.650436 	1.013004  	-0.505627 
121.000000	-0.675026 	0.990616  	-0.507033 
122.000000	-0.699954 	0.967354  	-0.509245 
123.000000	-0.724883 	0.944092  	-0.511457 
124.000000	-0.749811 	0.920830  	-0.513669 
125.000000	-0.774871 	0.897393  	-0.515881 
126.000000	-0.800726 	0.872900  	-0.518093 
127.000000	-0.826580 	0.848408  	-0.520305 
128.000000	-0.852434 	0.823915  	-0.522517 
129.000000	-0.878288 	0.799423  	-0.524729 
130.000000	-0.905250 	0.774394  	-0.530060 
131.000000	-0.932513 	0.749218  	-0.536242 
132.000000	-0.959777 	0.724043  	-0.542423 
133.000000	-0.987041 	0.698868  	-0.548605 
134.000000	-1.015257 	0.673642  	-0.555160 
135.000000	-1.044744 	0.648349  	-0.562215 
136.000000	-1.074231 	0.623056  	-0.569270 
137.000000	-1.103718 	0.597763  	-0.576325 
138.000000	-1.133456 	0.572502  	-0.583805 
139.000000	-1.166469 	0.547659  	-0.596822 
140.000000	-1.199482 	0.522816  	-0.609839 
141.000000	-1.232495 	0.497974  	-0.622856 
142.000000	-1.265507 	0.473131  	-0.635873 
143.000000	-1.302519 	0.449010  	-0.652749 
144.000000	-1.341131 	0.425177  	-0.671169 
145.000000	-1.379743 	0.401344  	-0.689589 
146.000000	-1.418355 	0.377512  	-0.708009 
147.000000	-1.460173 	0.354232  	-0.724344 
148.000000	-1.507762 	0.331946  	-0.736926 
149.000000	-1.555352 	0.309661  	-0.749509 
150.000000	-1.602941 	0.287375  	-0.762091 
151.000000	-1.650530 	0.265090  	-0.774674 
152.000000	-1.593615 	0.244256  	-0.767659 
153.000000	-1.536700 	0.223421  	-0.760644 
154.000000	-1.479786 	0.203593  	-0.753629 
155.000000	-1.422871 	0.183841  	-0.746615 
156.000000	-1.365956 	0.165104  	-0.739600 
157.000000	-1.309041 	0.146536  	-0.732585 
158.000000	-1.252126 	0.128973  	-0.725570 
159.000000	-1.195211 	0.111684  	-0.718555 
160.000000	-1.138297 	0.095372  	-0.704923 
161.000000	-1.081382 	0.079450  	-0.688645 
162.000000	-1.024467 	0.064460  	-0.669232 
163.000000	-0.967552 	0.049987  	-0.648078 
164.000000	-0.910637 	0.036384  	-0.626924 
165.000000	-0.853722 	0.023434  	-0.605770 
166.000000	-0.796808 	0.013107  	-0.584616 
167.000000	-0.739893 	0.005403  	-0.563462 
168.000000	-0.682978 	0.001000  	-0.542308 
169.000000	-0.626063 	0.001000  	-0.521154 
170.000000	-0.569148 	0.001000  	-0.491474 
171.000000	-0.512233 	0.001000  	-0.446448 
172.000000	-0.455319 	0.001000  	-0.400000 
173.000000	-0.398404 	0.001000  	-0.350000 
174.000000	-0.341489 	0.001000  	-0.300000 
175.000000	-0.284574 	0.001000  	-0.250000 
176.000000	-0.227659 	0.001000  	-0.200000 
177.000000	-0.170744 	0.001000  	-0.150000 
178.000000	-0.113830 	0.001000  	-0.100000 
179.000000	-0.056915 	0.001000  	-0.050000 
180.000000	0.000000  	0.001000  	0.000000  
! ------------------------------------------------------------------------------
! data for table	10        
! ------------------------------------------------------------------------------
  1.100000  	Re           ! Reynolds number in millions
  0.000000  	UserProp     ! User property (control) setting
Flase           InclUAdata   ! Is unsteady aerodynamics data included in this table? If TRUE, then include UA coefficients below this line. Any missing coefficients will be calculated internally.
! Table of aerodynamics coefficients
  361       	NumAlf       ! Number of data lines in the following table
!Alpha      Cl          Cd          Cm/Cp
!(deg)      (-)         (-)         (-)
-180.000000	0.000000  	0.001000  	0.000000  
-179.000000	0.057091  	0.001000  	0.040000  
-178.000000	0.114182  	0.001000  	0.080000  
-177.000000	0.171273  	0.001000  	0.120000  
-176.000000	0.228364  	0.001000  	0.160000  
-175.000000	0.285455  	0.001000  	0.200000  
-174.000000	0.342546  	0.001000  	0.240000  
-173.000000	0.399637  	0.001000  	0.280000  
-172.000000	0.456728  	0.001000  	0.320000  
-171.000000	0.513819  	0.001000  	0.358952  
-170.000000	0.570910  	0.001000  	0.397486  
-169.000000	0.628001  	0.001000  	0.431493  
-168.000000	0.685092  	0.001000  	0.462986  
-167.000000	0.742183  	0.005134  	0.494479  
-166.000000	0.799274  	0.012368  	0.525973  
-165.000000	0.856366  	0.022463  	0.557466  
-164.000000	0.913457  	0.035417  	0.588959  
-163.000000	0.970548  	0.049025  	0.620452  
-162.000000	1.027639  	0.063503  	0.651945  
-161.000000	1.084730  	0.078499  	0.680422  
-160.000000	1.141821  	0.094427  	0.703470  
-159.000000	1.198912  	0.110745  	0.721934  
-158.000000	1.256003  	0.128041  	0.728936  
-157.000000	1.313094  	0.145610  	0.735938  
-156.000000	1.370185  	0.164185  	0.742940  
-155.000000	1.427276  	0.182929  	0.749942  
-154.000000	1.484367  	0.202688  	0.756944  
-153.000000	1.541458  	0.222525  	0.763947  
-152.000000	1.598549  	0.243367  	0.770949  
-151.000000	1.655640  	0.264210  	0.777951  
-150.000000	1.607821  	0.286504  	0.765254  
-149.000000	1.560002  	0.308799  	0.752557  
-148.000000	1.512183  	0.331093  	0.739860  
-147.000000	1.464364  	0.353388  	0.727162  
-146.000000	1.422347  	0.376678  	0.710693  
-145.000000	1.383552  	0.400521  	0.692128  
-144.000000	1.344758  	0.424364  	0.673563  
-143.000000	1.305963  	0.448207  	0.654998  
-142.000000	1.268778  	0.472338  	0.637988  
-141.000000	1.235616  	0.497192  	0.624863  
-140.000000	1.202454  	0.522046  	0.611738  
-139.000000	1.169292  	0.546900  	0.598613  
-138.000000	1.136130  	0.571754  	0.585489  
-137.000000	1.106266  	0.597027  	0.577938  
-136.000000	1.076655  	0.622333  	0.570817  
-135.000000	1.047045  	0.647638  	0.563695  
-134.000000	1.017434  	0.672944  	0.556573  
-133.000000	0.989105  	0.698182  	0.549954  
-132.000000	0.961737  	0.723370  	0.543712  
-131.000000	0.934370  	0.748559  	0.537470  
-130.000000	0.907002  	0.773747  	0.531228  
-129.000000	0.879940  	0.798789  	0.525842  
-128.000000	0.853998  	0.823296  	0.523597  
-127.000000	0.828057  	0.847802  	0.521352  
-126.000000	0.802115  	0.872309  	0.519108  
-125.000000	0.776173  	0.896815  	0.516863  
-124.000000	0.751037  	0.920268  	0.514618  
-123.000000	0.726035  	0.943545  	0.512373  
-122.000000	0.701033  	0.966821  	0.510128  
-121.000000	0.676031  	0.990098  	0.507883  
-120.000000	0.651373  	1.012501  	0.506453  
-119.000000	0.627060  	1.034029  	0.505836  
-118.000000	0.602747  	1.055558  	0.505220  
-117.000000	0.578433  	1.077086  	0.504603  
-116.000000	0.554207  	1.098297  	0.504017  
-115.000000	0.530505  	1.117599  	0.503611  
-114.000000	0.506803  	1.136902  	0.503206  
-113.000000	0.483101  	1.156205  	0.502800  
-112.000000	0.459399  	1.175508  	0.502395  
-111.000000	0.436220  	1.192728  	0.502043  
-110.000000	0.413185  	1.209380  	0.501706  
-109.000000	0.390149  	1.226031  	0.501370  
-108.000000	0.367113  	1.242683  	0.501033  
-107.000000	0.344431  	1.258044  	0.500716  
-106.000000	0.322219  	1.271681  	0.500427  
-105.000000	0.300007  	1.285319  	0.500138  
-104.000000	0.277795  	1.298957  	0.499849  
-103.000000	0.255659  	1.312358  	0.499538  
-102.000000	0.234509  	1.322688  	0.498953  
-101.000000	0.213358  	1.333019  	0.498367  
-100.000000	0.192208  	1.343349  	0.497782  
-99.000000	0.171058  	1.353679  	0.497196  
-98.000000	0.150879  	1.361492  	0.496105  
-97.000000	0.131089  	1.368298  	0.494812  
-96.000000	0.111300  	1.375105  	0.493519  
-95.000000	0.091510  	1.381911  	0.492226  
-94.000000	0.072330  	1.387411  	0.490933  
-93.000000	0.054248  	1.390558  	0.489640  
-92.000000	0.036165  	1.393705  	0.488347  
-91.000000	0.018083  	1.396853  	0.487054  
-90.000000	0.000000  	1.400000  	0.485761  
-89.000000	-0.018083 	1.396853  	0.482283  
-88.000000	-0.036165 	1.393705  	0.478806  
-87.000000	-0.054248 	1.390558  	0.475329  
-86.000000	-0.072330 	1.387411  	0.471852  
-85.000000	-0.091510 	1.381911  	0.468374  
-84.000000	-0.111300 	1.375105  	0.464897  
-83.000000	-0.131089 	1.368298  	0.461420  
-82.000000	-0.150879 	1.361492  	0.457943  
-81.000000	-0.171058 	1.353679  	0.454316  
-80.000000	-0.192208 	1.343349  	0.450318  
-79.000000	-0.213358 	1.333019  	0.446319  
-78.000000	-0.234509 	1.322688  	0.442320  
-77.000000	-0.255659 	1.312358  	0.438322  
-76.000000	-0.277795 	1.298957  	0.434120  
-75.000000	-0.300007 	1.285319  	0.429903  
-74.000000	-0.322219 	1.271681  	0.425686  
-73.000000	-0.344431 	1.258044  	0.421469  
-72.000000	-0.367113 	1.242683  	0.417264  
-71.000000	-0.390149 	1.226031  	0.413068  
-70.000000	-0.413185 	1.209380  	0.408871  
-69.000000	-0.436220 	1.192728  	0.404675  
-68.000000	-0.459399 	1.175508  	0.400485  
-67.000000	-0.483101 	1.156205  	0.396318  
-66.000000	-0.506803 	1.136902  	0.392152  
-65.000000	-0.530505 	1.117599  	0.387985  
-64.000000	-0.554207 	1.098297  	0.383818  
-63.000000	-0.578433 	1.077086  	0.379709  
-62.000000	-0.602747 	1.055558  	0.375609  
-61.000000	-0.627060 	1.034029  	0.371509  
-60.000000	-0.651373 	1.012501  	0.367409  
-59.000000	-0.676031 	0.990098  	0.363567  
-58.000000	-0.701033 	0.966821  	0.359982  
-57.000000	-0.726035 	0.943545  	0.356397  
-56.000000	-0.751037 	0.920268  	0.352812  
-55.000000	-0.776173 	0.896815  	0.349226  
-54.000000	-0.802115 	0.872309  	0.345641  
-53.000000	-0.828057 	0.847802  	0.342056  
-52.000000	-0.853998 	0.823296  	0.338471  
-51.000000	-0.879940 	0.798789  	0.334886  
-50.000000	-0.907002 	0.773747  	0.331631  
-49.000000	-0.934370 	0.748559  	0.328465  
-48.000000	-0.961737 	0.723370  	0.325299  
-47.000000	-0.989105 	0.698182  	0.322134  
-46.000000	-1.017434 	0.672944  	0.319008  
-45.000000	-1.047045 	0.647638  	0.315934  
-44.000000	-1.076655 	0.622333  	0.312861  
-43.000000	-1.106266 	0.597027  	0.309787  
-42.000000	-1.136130 	0.571754  	0.306656  
-41.000000	-1.169292 	0.546900  	0.302773  
-40.000000	-1.202454 	0.522046  	0.298890  
-39.000000	-1.235616 	0.497192  	0.295007  
-38.000000	-1.268778 	0.472338  	0.291124  
-37.000000	-1.305963 	0.448207  	0.286717  
-36.000000	-1.344758 	0.424364  	0.282101  
-35.000000	-1.383552 	0.400521  	0.277484  
-34.000000	-1.422347 	0.376678  	0.272867  
-33.000000	-1.464364 	0.353388  	0.267429  
-32.000000	-1.512183 	0.331093  	0.260512  
-31.000000	-1.560002 	0.308799  	0.253595  
-30.000000	-1.607821 	0.286504  	0.246677  
-29.000000	-1.655640 	0.264210  	0.239760  
-28.000000	-1.602059 	0.252326  	0.225119  
-27.000000	-1.548478 	0.240443  	0.210477  
-26.000000	-1.494897 	0.228559  	0.195836  
-25.000000	-1.441316 	0.216675  	0.181195  
-24.000000	-1.387735 	0.204792  	0.166554  
-23.000000	-1.334154 	0.192908  	0.151912  
-22.000000	-1.280573 	0.181024  	0.137271  
-21.000000	-1.226992 	0.169141  	0.122630  
-20.000000	-1.173411 	0.157257  	0.109202  
-19.000000	-1.119829 	0.145373  	0.097190  
-18.000000	-1.066248 	0.133489  	0.086391  
-17.000000	-1.012667 	0.121606  	0.075592  
-16.000000	-0.959086 	0.109722  	0.064793  
-15.000000	-0.905505 	0.097838  	0.053994  
-14.000000	-0.851924 	0.085955  	0.043195  
-13.000000	-0.798343 	0.074071  	0.032397  
-12.000000	-0.744762 	0.062187  	0.000414  
-11.000000	-0.691181 	0.050304  	-0.040043 
-10.000000	-0.637600 	0.038420  	-0.080500 
-9.000000 	-0.484900 	0.038650  	-0.094700 
-8.000000 	-0.334800 	0.038970  	-0.108000 
-7.000000 	-0.186700 	0.039300  	-0.120400 
-6.000000 	-0.038600 	0.039650  	-0.132700 
-5.000000 	0.107700  	0.039990  	-0.144300 
-4.000000 	0.252600  	0.040330  	-0.155500 
-3.000000 	0.398200  	0.040710  	-0.166800 
-2.000000 	0.541100  	0.041060  	-0.177200 
-1.000000 	0.684200  	0.041420  	-0.187700 
0.000000  	0.825300  	0.041770  	-0.197500 
1.000000  	0.966000  	0.042140  	-0.207200 
2.000000  	1.104300  	0.042540  	-0.216200 
3.000000  	1.243000  	0.042830  	-0.225100 
4.000000  	1.379100  	0.043260  	-0.233400 
5.000000  	1.514700  	0.043600  	-0.241400 
6.000000  	1.646400  	0.044160  	-0.248500 
7.000000  	1.778600  	0.044510  	-0.255500 
8.000000  	1.905500  	0.045280  	-0.261400 
9.000000  	2.033400  	0.045790  	-0.267300 
10.000000 	2.154200  	0.046760  	-0.271600 
11.000000 	2.273300  	0.047730  	-0.275500 
12.000000 	2.377600  	0.049720  	-0.276300 
13.000000 	2.472100  	0.052150  	-0.274800 
14.000000 	2.472100  	0.061630  	-0.255200 
15.000000 	2.488200  	0.071430  	-0.243500 
16.000000 	2.497100  	0.082740  	-0.234500 
17.000000 	2.496800  	0.095910  	-0.227900 
18.000000 	2.481200  	0.111150  	-0.223000 
19.000000 	2.455850  	0.127775  	-0.221950 
20.000000 	2.430500  	0.144400  	-0.220900 
21.000000 	2.400300  	0.161650  	-0.223600 
22.000000 	2.372800  	0.178570  	-0.228700 
23.000000 	2.358900  	0.193530  	-0.235200 
24.000000 	2.345000  	0.208260  	-0.243100 
25.000000 	2.342600  	0.221180  	-0.251600 
26.000000 	2.346800  	0.232690  	-0.260300 
27.000000 	2.353300  	0.243540  	-0.269500 
28.000000 	2.359800  	0.254000  	-0.279300 
29.000000 	2.365200  	0.264210  	-0.289700 
30.000000 	2.296887  	0.286504  	-0.296173 
31.000000 	2.228574  	0.308799  	-0.302647 
32.000000 	2.160262  	0.331093  	-0.309120 
33.000000 	2.091949  	0.353388  	-0.315594 
34.000000 	2.031924  	0.376678  	-0.321238 
35.000000 	1.976503  	0.400521  	-0.326421 
36.000000 	1.921082  	0.424364  	-0.331605 
37.000000 	1.865661  	0.448207  	-0.336788 
38.000000 	1.812540  	0.472338  	-0.341546 
39.000000 	1.765166  	0.497192  	-0.345241 
40.000000 	1.717792  	0.522046  	-0.348935 
41.000000 	1.670417  	0.546900  	-0.352630 
42.000000 	1.623043  	0.571754  	-0.356325 
43.000000 	1.580380  	0.597027  	-0.358494 
44.000000 	1.538079  	0.622333  	-0.360546 
45.000000 	1.495778  	0.647638  	-0.362597 
46.000000 	1.453477  	0.672944  	-0.364649 
47.000000 	1.413007  	0.698182  	-0.366708 
48.000000 	1.373910  	0.723370  	-0.368771 
49.000000 	1.334814  	0.748559  	-0.370834 
50.000000 	1.295717  	0.773747  	-0.372898 
51.000000 	1.257057  	0.798789  	-0.374972 
52.000000 	1.219997  	0.823296  	-0.377087 
53.000000 	1.182938  	0.847802  	-0.379203 
54.000000 	1.145878  	0.872309  	-0.381318 
55.000000 	1.108819  	0.896815  	-0.383433 
56.000000 	1.072910  	0.920268  	-0.385548 
57.000000 	1.037193  	0.943545  	-0.387664 
58.000000 	1.001476  	0.966821  	-0.389779 
59.000000 	0.965758  	0.990098  	-0.391894 
60.000000 	0.930533  	1.012501  	-0.394302 
61.000000 	0.895800  	1.034029  	-0.397001 
62.000000 	0.861066  	1.055558  	-0.399700 
63.000000 	0.826333  	1.077086  	-0.402400 
64.000000 	0.791724  	1.098297  	-0.405110 
65.000000 	0.757864  	1.117599  	-0.407885 
66.000000 	0.724004  	1.136902  	-0.410660 
67.000000 	0.690144  	1.156205  	-0.413436 
68.000000 	0.656284  	1.175508  	-0.416211 
69.000000 	0.623172  	1.192728  	-0.419209 
70.000000 	0.590264  	1.209380  	-0.422267 
71.000000 	0.557356  	1.226031  	-0.425325 
72.000000 	0.524448  	1.242683  	-0.428384 
73.000000 	0.492044  	1.258044  	-0.431527 
74.000000 	0.460313  	1.271681  	-0.434782 
75.000000 	0.428582  	1.285319  	-0.438037 
76.000000 	0.396850  	1.298957  	-0.441292 
77.000000 	0.365228  	1.312358  	-0.444545 
78.000000 	0.335013  	1.322688  	-0.447767 
79.000000 	0.304798  	1.333019  	-0.450990 
80.000000 	0.274583  	1.343349  	-0.454213 
81.000000 	0.244368  	1.353679  	-0.457435 
82.000000 	0.215542  	1.361492  	-0.460602 
83.000000 	0.187271  	1.368298  	-0.463747 
84.000000 	0.159000  	1.375105  	-0.466892 
85.000000 	0.130729  	1.381911  	-0.470037 
86.000000 	0.103329  	1.387411  	-0.473181 
87.000000 	0.077496  	1.390558  	-0.476326 
88.000000 	0.051664  	1.393705  	-0.479471 
89.000000 	0.025832  	1.396853  	-0.482616 
90.000000 	0.000000  	1.400000  	-0.485761 
91.000000 	-0.018083 	1.396853  	-0.487054 
92.000000 	-0.036165 	1.393705  	-0.488347 
93.000000 	-0.054248 	1.390558  	-0.489640 
94.000000 	-0.072330 	1.387411  	-0.490933 
95.000000 	-0.091510 	1.381911  	-0.492226 
96.000000 	-0.111300 	1.375105  	-0.493519 
97.000000 	-0.131089 	1.368298  	-0.494812 
98.000000 	-0.150879 	1.361492  	-0.496105 
99.000000 	-0.171058 	1.353679  	-0.497196 
100.000000	-0.192208 	1.343349  	-0.497782 
101.000000	-0.213358 	1.333019  	-0.498367 
102.000000	-0.234509 	1.322688  	-0.498953 
103.000000	-0.255659 	1.312358  	-0.499538 
104.000000	-0.277795 	1.298957  	-0.499849 
105.000000	-0.300007 	1.285319  	-0.500138 
106.000000	-0.322219 	1.271681  	-0.500427 
107.000000	-0.344431 	1.258044  	-0.500716 
108.000000	-0.367113 	1.242683  	-0.501033 
109.000000	-0.390149 	1.226031  	-0.501370 
110.000000	-0.413185 	1.209380  	-0.501706 
111.000000	-0.436220 	1.192728  	-0.502043 
112.000000	-0.459399 	1.175508  	-0.502395 
113.000000	-0.483101 	1.156205  	-0.502800 
114.000000	-0.506803 	1.136902  	-0.503206 
115.000000	-0.530505 	1.117599  	-0.503611 
116.000000	-0.554207 	1.098297  	-0.504017 
117.000000	-0.578433 	1.077086  	-0.504603 
118.000000	-0.602747 	1.055558  	-0.505220 
119.000000	-0.627060 	1.034029  	-0.505836 
120.000000	-0.651373 	1.012501  	-0.506453 
121.000000	-0.676031 	0.990098  	-0.507883 
122.000000	-0.701033 	0.966821  	-0.510128 
123.000000	-0.726035 	0.943545  	-0.512373 
124.000000	-0.751037 	0.920268  	-0.514618 
125.000000	-0.776173 	0.896815  	-0.516863 
126.000000	-0.802115 	0.872309  	-0.519108 
127.000000	-0.828057 	0.847802  	-0.521352 
128.000000	-0.853998 	0.823296  	-0.523597 
129.000000	-0.879940 	0.798789  	-0.525842 
130.000000	-0.907002 	0.773747  	-0.531228 
131.000000	-0.934370 	0.748559  	-0.537470 
132.000000	-0.961737 	0.723370  	-0.543712 
133.000000	-0.989105 	0.698182  	-0.549954 
134.000000	-1.017434 	0.672944  	-0.556573 
135.000000	-1.047045 	0.647638  	-0.563695 
136.000000	-1.076655 	0.622333  	-0.570817 
137.000000	-1.106266 	0.597027  	-0.577938 
138.000000	-1.136130 	0.571754  	-0.585489 
139.000000	-1.169292 	0.546900  	-0.598613 
140.000000	-1.202454 	0.522046  	-0.611738 
141.000000	-1.235616 	0.497192  	-0.624863 
142.000000	-1.268778 	0.472338  	-0.637988 
143.000000	-1.305963 	0.448207  	-0.654998 
144.000000	-1.344758 	0.424364  	-0.673563 
145.000000	-1.383552 	0.400521  	-0.692128 
146.000000	-1.422347 	0.376678  	-0.710693 
147.000000	-1.464364 	0.353388  	-0.727162 
148.000000	-1.512183 	0.331093  	-0.739860 
149.000000	-1.560002 	0.308799  	-0.752557 
150.000000	-1.607821 	0.286504  	-0.765254 
151.000000	-1.655640 	0.264210  	-0.777951 
152.000000	-1.598549 	0.243367  	-0.770949 
153.000000	-1.541458 	0.222525  	-0.763947 
154.000000	-1.484367 	0.202688  	-0.756944 
155.000000	-1.427276 	0.182929  	-0.749942 
156.000000	-1.370185 	0.164185  	-0.742940 
157.000000	-1.313094 	0.145610  	-0.735938 
158.000000	-1.256003 	0.128041  	-0.728936 
159.000000	-1.198912 	0.110745  	-0.721934 
160.000000	-1.141821 	0.094427  	-0.708150 
161.000000	-1.084730 	0.078499  	-0.691654 
162.000000	-1.027639 	0.063503  	-0.671945 
163.000000	-0.970548 	0.049025  	-0.650452 
164.000000	-0.913457 	0.035417  	-0.628959 
165.000000	-0.856366 	0.022463  	-0.607466 
166.000000	-0.799274 	0.012368  	-0.585973 
167.000000	-0.742183 	0.005134  	-0.564479 
168.000000	-0.685092 	0.001000  	-0.542986 
169.000000	-0.628001 	0.001000  	-0.521493 
170.000000	-0.570910 	0.001000  	-0.491574 
171.000000	-0.513819 	0.001000  	-0.446489 
172.000000	-0.456728 	0.001000  	-0.400000 
173.000000	-0.399637 	0.001000  	-0.350000 
174.000000	-0.342546 	0.001000  	-0.300000 
175.000000	-0.285455 	0.001000  	-0.250000 
176.000000	-0.228364 	0.001000  	-0.200000 
177.000000	-0.171273 	0.001000  	-0.150000 
178.000000	-0.114182 	0.001000  	-0.100000 
179.000000	-0.057091 	0.001000  	-0.050000 
180.000000	0.000000  	0.001000  	0.000000  
! ------------------------------------------------------------------------------
! data for table	11        
! ------------------------------------------------------------------------------
  1.200000  	Re           ! Reynolds number in millions
  0.000000  	UserProp     ! User property (control) setting
Flase           InclUAdata   ! Is unsteady aerodynamics data included in this table? If TRUE, then include UA coefficients below this line. Any missing coefficients will be calculated internally.
! Table of aerodynamics coefficients
  361       	NumAlf       ! Number of data lines in the following table
!Alpha      Cl          Cd          Cm/Cp
!(deg)      (-)         (-)         (-)
-180.000000	0.000000  	0.001000  	0.000000  
-179.000000	0.057202  	0.001000  	0.040000  
-178.000000	0.114404  	0.001000  	0.080000  
-177.000000	0.171606  	0.001000  	0.120000  
-176.000000	0.228808  	0.001000  	0.160000  
-175.000000	0.286010  	0.001000  	0.200000  
-174.000000	0.343212  	0.001000  	0.240000  
-173.000000	0.400414  	0.001000  	0.280000  
-172.000000	0.457617  	0.001000  	0.320000  
-171.000000	0.514819  	0.001000  	0.358982  
-170.000000	0.572021  	0.001000  	0.397556  
-169.000000	0.629223  	0.001000  	0.431730  
-168.000000	0.686425  	0.001000  	0.463460  
-167.000000	0.743627  	0.004993  	0.495190  
-166.000000	0.800829  	0.011982  	0.526920  
-165.000000	0.858031  	0.021955  	0.558650  
-164.000000	0.915233  	0.034912  	0.590381  
-163.000000	0.972435  	0.048522  	0.622111  
-162.000000	1.029637  	0.063003  	0.653841  
-161.000000	1.086839  	0.078002  	0.682524  
-160.000000	1.144041  	0.093932  	0.705725  
-159.000000	1.201243  	0.110254  	0.724295  
-158.000000	1.258446  	0.127553  	0.731288  
-157.000000	1.315648  	0.145126  	0.738282  
-156.000000	1.372850  	0.163705  	0.745276  
-155.000000	1.430052  	0.182453  	0.752269  
-154.000000	1.487254  	0.202216  	0.759263  
-153.000000	1.544456  	0.222056  	0.766257  
-152.000000	1.601658  	0.242903  	0.773250  
-151.000000	1.658860  	0.263750  	0.780244  
-150.000000	1.610896  	0.286049  	0.767473  
-149.000000	1.562933  	0.308348  	0.754702  
-148.000000	1.514969  	0.330648  	0.741931  
-147.000000	1.467005  	0.352947  	0.729160  
-146.000000	1.424862  	0.376242  	0.712604  
-145.000000	1.385952  	0.400090  	0.693946  
-144.000000	1.347043  	0.423938  	0.675288  
-143.000000	1.308133  	0.447787  	0.656629  
-142.000000	1.270839  	0.471924  	0.639532  
-141.000000	1.237583  	0.496784  	0.626338  
-140.000000	1.204327  	0.521644  	0.613144  
-139.000000	1.171071  	0.546503  	0.599950  
-138.000000	1.137815  	0.571363  	0.586756  
-137.000000	1.107872  	0.596643  	0.579160  
-136.000000	1.078183  	0.621955  	0.571995  
-135.000000	1.048494  	0.647266  	0.564831  
-134.000000	1.018805  	0.672578  	0.557666  
-133.000000	0.990406  	0.697824  	0.551006  
-132.000000	0.962972  	0.723019  	0.544724  
-131.000000	0.935539  	0.748214  	0.538443  
-130.000000	0.908106  	0.773409  	0.532161  
-129.000000	0.880981  	0.798458  	0.526740  
-128.000000	0.854984  	0.822972  	0.524474  
-127.000000	0.828987  	0.847486  	0.522208  
-126.000000	0.802990  	0.872000  	0.519942  
-125.000000	0.776993  	0.896514  	0.517675  
-124.000000	0.751809  	0.919974  	0.515409  
-123.000000	0.726761  	0.943258  	0.513143  
-122.000000	0.701713  	0.966543  	0.510876  
-121.000000	0.676664  	0.989827  	0.508610  
-120.000000	0.651964  	1.012238  	0.507163  
-119.000000	0.627612  	1.033774  	0.506534  
-118.000000	0.603260  	1.055311  	0.505905  
-117.000000	0.578908  	1.076847  	0.505276  
-116.000000	0.554644  	1.098066  	0.504678  
-115.000000	0.530910  	1.117377  	0.504261  
-114.000000	0.507176  	1.136688  	0.503845  
-113.000000	0.483442  	1.156000  	0.503428  
-112.000000	0.459708  	1.175311  	0.503012  
-111.000000	0.436503  	1.192539  	0.502651  
-110.000000	0.413442  	1.209200  	0.502306  
-109.000000	0.390381  	1.225860  	0.501961  
-108.000000	0.367320  	1.242521  	0.501616  
-107.000000	0.344614  	1.257890  	0.501292  
-106.000000	0.322383  	1.271536  	0.500997  
-105.000000	0.300152  	1.285183  	0.500701  
-104.000000	0.277921  	1.298830  	0.500405  
-103.000000	0.255765  	1.312240  	0.500089  
-102.000000	0.234601  	1.322579  	0.499497  
-101.000000	0.213437  	1.332918  	0.498906  
-100.000000	0.192273  	1.343258  	0.498315  
-99.000000	0.171109  	1.353597  	0.497723  
-98.000000	0.150921  	1.361419  	0.496627  
-97.000000	0.131123  	1.368234  	0.495329  
-96.000000	0.111325  	1.375050  	0.494032  
-95.000000	0.091527  	1.381865  	0.492734  
-94.000000	0.072341  	1.387374  	0.491436  
-93.000000	0.054256  	1.390530  	0.490138  
-92.000000	0.036170  	1.393687  	0.488840  
-91.000000	0.018085  	1.396843  	0.487542  
-90.000000	0.000000  	1.400000  	0.486244  
-89.000000	-0.018085 	1.396843  	0.482758  
-88.000000	-0.036170 	1.393687  	0.479272  
-87.000000	-0.054256 	1.390530  	0.475786  
-86.000000	-0.072341 	1.387374  	0.472300  
-85.000000	-0.091527 	1.381865  	0.468814  
-84.000000	-0.111325 	1.375050  	0.465328  
-83.000000	-0.131123 	1.368234  	0.461842  
-82.000000	-0.150921 	1.361419  	0.458356  
-81.000000	-0.171109 	1.353597  	0.454721  
-80.000000	-0.192273 	1.343258  	0.450716  
-79.000000	-0.213437 	1.332918  	0.446710  
-78.000000	-0.234601 	1.322579  	0.442704  
-77.000000	-0.255765 	1.312240  	0.438698  
-76.000000	-0.277921 	1.298830  	0.434490  
-75.000000	-0.300152 	1.285183  	0.430267  
-74.000000	-0.322383 	1.271536  	0.426044  
-73.000000	-0.344614 	1.257890  	0.421820  
-72.000000	-0.367320 	1.242521  	0.417609  
-71.000000	-0.390381 	1.225860  	0.413407  
-70.000000	-0.413442 	1.209200  	0.409206  
-69.000000	-0.436503 	1.192539  	0.405004  
-68.000000	-0.459708 	1.175311  	0.400809  
-67.000000	-0.483442 	1.156000  	0.396639  
-66.000000	-0.507176 	1.136688  	0.392469  
-65.000000	-0.530910 	1.117377  	0.388298  
-64.000000	-0.554644 	1.098066  	0.384128  
-63.000000	-0.578908 	1.076847  	0.380015  
-62.000000	-0.603260 	1.055311  	0.375912  
-61.000000	-0.627612 	1.033774  	0.371808  
-60.000000	-0.651964 	1.012238  	0.367705  
-59.000000	-0.676664 	0.989827  	0.363860  
-58.000000	-0.701713 	0.966543  	0.360272  
-57.000000	-0.726761 	0.943258  	0.356685  
-56.000000	-0.751809 	0.919974  	0.353098  
-55.000000	-0.776993 	0.896514  	0.349510  
-54.000000	-0.802990 	0.872000  	0.345923  
-53.000000	-0.828987 	0.847486  	0.342336  
-52.000000	-0.854984 	0.822972  	0.338749  
-51.000000	-0.880981 	0.798458  	0.335161  
-50.000000	-0.908106 	0.773409  	0.331900  
-49.000000	-0.935539 	0.748214  	0.328729  
-48.000000	-0.962972 	0.723019  	0.325557  
-47.000000	-0.990406 	0.697824  	0.322385  
-46.000000	-1.018805 	0.672578  	0.319253  
-45.000000	-1.048494 	0.647266  	0.316172  
-44.000000	-1.078183 	0.621955  	0.313092  
-43.000000	-1.107872 	0.596643  	0.310011  
-42.000000	-1.137815 	0.571363  	0.306872  
-41.000000	-1.171071 	0.546503  	0.302970  
-40.000000	-1.204327 	0.521644  	0.299068  
-39.000000	-1.237583 	0.496784  	0.295166  
-38.000000	-1.270839 	0.471924  	0.291264  
-37.000000	-1.308133 	0.447787  	0.286830  
-36.000000	-1.347043 	0.423938  	0.282183  
-35.000000	-1.385952 	0.400090  	0.277536  
-34.000000	-1.424862 	0.376242  	0.272889  
-33.000000	-1.467005 	0.352947  	0.267420  
-32.000000	-1.514969 	0.330648  	0.260471  
-31.000000	-1.562933 	0.308348  	0.253523  
-30.000000	-1.610896 	0.286049  	0.246574  
-29.000000	-1.658860 	0.263750  	0.239625  
-28.000000	-1.604973 	0.251887  	0.224950  
-27.000000	-1.551085 	0.240024  	0.210274  
-26.000000	-1.497198 	0.228161  	0.195598  
-25.000000	-1.443311 	0.216297  	0.180922  
-24.000000	-1.389423 	0.204434  	0.166247  
-23.000000	-1.335536 	0.192571  	0.151571  
-22.000000	-1.281648 	0.180708  	0.136895  
-21.000000	-1.227761 	0.168845  	0.122219  
-20.000000	-1.173874 	0.156982  	0.108782  
-19.000000	-1.119986 	0.145118  	0.096789  
-18.000000	-1.066099 	0.133255  	0.086035  
-17.000000	-1.012212 	0.121392  	0.075280  
-16.000000	-0.958324 	0.109529  	0.064526  
-15.000000	-0.904437 	0.097666  	0.053772  
-14.000000	-0.850549 	0.085803  	0.043017  
-13.000000	-0.796662 	0.073939  	0.032263  
-12.000000	-0.742775 	0.062076  	0.000088  
-11.000000	-0.688887 	0.050213  	-0.040656 
-10.000000	-0.635000 	0.038350  	-0.081400 
-9.000000 	-0.483200 	0.038600  	-0.095300 
-8.000000 	-0.332500 	0.038920  	-0.108700 
-7.000000 	-0.184400 	0.039260  	-0.121100 
-6.000000 	-0.036600 	0.039620  	-0.133300 
-5.000000 	0.110100  	0.039990  	-0.145100 
-4.000000 	0.254900  	0.040330  	-0.156100 
-3.000000 	0.400200  	0.040690  	-0.167400 
-2.000000 	0.543600  	0.041030  	-0.177900 
-1.000000 	0.686000  	0.041370  	-0.188200 
0.000000  	0.827600  	0.041720  	-0.198100 
1.000000  	0.968000  	0.042060  	-0.207700 
2.000000  	1.106700  	0.042400  	-0.216700 
3.000000  	1.245200  	0.042750  	-0.225700 
4.000000  	1.382000  	0.043090  	-0.234100 
5.000000  	1.517000  	0.043460  	-0.242000 
6.000000  	1.650000  	0.043870  	-0.249300 
7.000000  	1.782100  	0.044260  	-0.256300 
8.000000  	1.910000  	0.044930  	-0.262400 
9.000000  	2.038300  	0.045390  	-0.268300 
10.000000 	2.159000  	0.046380  	-0.272700 
11.000000 	2.280400  	0.047170  	-0.277000 
12.000000 	2.389100  	0.048800  	-0.278600 
13.000000 	2.484900  	0.051220  	-0.277500 
14.000000 	2.497700  	0.059520  	-0.259800 
15.000000 	2.512800  	0.069150  	-0.247000 
16.000000 	2.519800  	0.080480  	-0.237100 
17.000000 	2.513500  	0.094130  	-0.229300 
18.000000 	2.488300  	0.110520  	-0.223700 
19.000000 	2.466300  	0.126690  	-0.221200 
20.000000 	2.441800  	0.143170  	-0.221200 
21.000000 	2.403500  	0.161470  	-0.223800 
22.000000 	2.387000  	0.176820  	-0.228400 
23.000000 	2.361300  	0.193440  	-0.235300 
24.000000 	2.353100  	0.207320  	-0.242800 
25.000000 	2.355900  	0.219410  	-0.250700 
26.000000 	2.355400  	0.231640  	-0.259700 
27.000000 	2.360200  	0.242740  	-0.269000 
28.000000 	2.365200  	0.253400  	-0.278800 
29.000000 	2.369800  	0.263750  	-0.289300 
30.000000 	2.301280  	0.286049  	-0.295829 
31.000000 	2.232761  	0.308348  	-0.302358 
32.000000 	2.164241  	0.330648  	-0.308887 
33.000000 	2.095722  	0.352947  	-0.315416 
34.000000 	2.035517  	0.376242  	-0.321110 
35.000000 	1.979932  	0.400090  	-0.326339 
36.000000 	1.924347  	0.423938  	-0.331568 
37.000000 	1.868761  	0.447787  	-0.336798 
38.000000 	1.815484  	0.471924  	-0.341597 
39.000000 	1.767975  	0.496784  	-0.345321 
40.000000 	1.720467  	0.521644  	-0.349046 
41.000000 	1.672959  	0.546503  	-0.352770 
42.000000 	1.625450  	0.571363  	-0.356494 
43.000000 	1.582674  	0.596643  	-0.358676 
44.000000 	1.540261  	0.621955  	-0.360739 
45.000000 	1.497849  	0.647266  	-0.362803 
46.000000 	1.455436  	0.672578  	-0.364866 
47.000000 	1.414865  	0.697824  	-0.366935 
48.000000 	1.375675  	0.723019  	-0.369008 
49.000000 	1.336485  	0.748214  	-0.371081 
50.000000 	1.297295  	0.773409  	-0.373155 
51.000000 	1.258544  	0.798458  	-0.375238 
52.000000 	1.221406  	0.822972  	-0.377356 
53.000000 	1.184267  	0.847486  	-0.379475 
54.000000 	1.147129  	0.872000  	-0.381594 
55.000000 	1.109990  	0.896514  	-0.383712 
56.000000 	1.074013  	0.919974  	-0.385831 
57.000000 	1.038230  	0.943258  	-0.387950 
58.000000 	1.002447  	0.966543  	-0.390068 
59.000000 	0.966663  	0.989827  	-0.392187 
60.000000 	0.931377  	1.012238  	-0.394598 
61.000000 	0.896588  	1.033774  	-0.397301 
62.000000 	0.861800  	1.055311  	-0.400004 
63.000000 	0.827011  	1.076847  	-0.402707 
64.000000 	0.792348  	1.098066  	-0.405421 
65.000000 	0.758443  	1.117377  	-0.408200 
66.000000 	0.724537  	1.136688  	-0.410979 
67.000000 	0.690632  	1.156000  	-0.413758 
68.000000 	0.656726  	1.175311  	-0.416537 
69.000000 	0.623576  	1.192539  	-0.419539 
70.000000 	0.590631  	1.209200  	-0.422603 
71.000000 	0.557687  	1.225860  	-0.425667 
72.000000 	0.524742  	1.242521  	-0.428730 
73.000000 	0.492306  	1.257890  	-0.431879 
74.000000 	0.460547  	1.271536  	-0.435140 
75.000000 	0.428788  	1.285183  	-0.438402 
76.000000 	0.397029  	1.298830  	-0.441663 
77.000000 	0.365379  	1.312240  	-0.444922 
78.000000 	0.335145  	1.322579  	-0.448152 
79.000000 	0.304910  	1.332918  	-0.451381 
80.000000 	0.274676  	1.343258  	-0.454611 
81.000000 	0.244441  	1.353597  	-0.457841 
82.000000 	0.215601  	1.361419  	-0.461016 
83.000000 	0.187318  	1.368234  	-0.464169 
84.000000 	0.159036  	1.375050  	-0.467323 
85.000000 	0.130753  	1.381865  	-0.470476 
86.000000 	0.103344  	1.387374  	-0.473630 
87.000000 	0.077508  	1.390530  	-0.476783 
88.000000 	0.051672  	1.393687  	-0.479937 
89.000000 	0.025836  	1.396843  	-0.483090 
90.000000 	0.000000  	1.400000  	-0.486244 
91.000000 	-0.018085 	1.396843  	-0.487542 
92.000000 	-0.036170 	1.393687  	-0.488840 
93.000000 	-0.054256 	1.390530  	-0.490138 
94.000000 	-0.072341 	1.387374  	-0.491436 
95.000000 	-0.091527 	1.381865  	-0.492734 
96.000000 	-0.111325 	1.375050  	-0.494032 
97.000000 	-0.131123 	1.368234  	-0.495329 
98.000000 	-0.150921 	1.361419  	-0.496627 
99.000000 	-0.171109 	1.353597  	-0.497723 
100.000000	-0.192273 	1.343258  	-0.498315 
101.000000	-0.213437 	1.332918  	-0.498906 
102.000000	-0.234601 	1.322579  	-0.499497 
103.000000	-0.255765 	1.312240  	-0.500089 
104.000000	-0.277921 	1.298830  	-0.500405 
105.000000	-0.300152 	1.285183  	-0.500701 
106.000000	-0.322383 	1.271536  	-0.500997 
107.000000	-0.344614 	1.257890  	-0.501292 
108.000000	-0.367320 	1.242521  	-0.501616 
109.000000	-0.390381 	1.225860  	-0.501961 
110.000000	-0.413442 	1.209200  	-0.502306 
111.000000	-0.436503 	1.192539  	-0.502651 
112.000000	-0.459708 	1.175311  	-0.503012 
113.000000	-0.483442 	1.156000  	-0.503428 
114.000000	-0.507176 	1.136688  	-0.503845 
115.000000	-0.530910 	1.117377  	-0.504261 
116.000000	-0.554644 	1.098066  	-0.504678 
117.000000	-0.578908 	1.076847  	-0.505276 
118.000000	-0.603260 	1.055311  	-0.505905 
119.000000	-0.627612 	1.033774  	-0.506534 
120.000000	-0.651964 	1.012238  	-0.507163 
121.000000	-0.676664 	0.989827  	-0.508610 
122.000000	-0.701713 	0.966543  	-0.510876 
123.000000	-0.726761 	0.943258  	-0.513143 
124.000000	-0.751809 	0.919974  	-0.515409 
125.000000	-0.776993 	0.896514  	-0.517675 
126.000000	-0.802990 	0.872000  	-0.519942 
127.000000	-0.828987 	0.847486  	-0.522208 
128.000000	-0.854984 	0.822972  	-0.524474 
129.000000	-0.880981 	0.798458  	-0.526740 
130.000000	-0.908106 	0.773409  	-0.532161 
131.000000	-0.935539 	0.748214  	-0.538443 
132.000000	-0.962972 	0.723019  	-0.544724 
133.000000	-0.990406 	0.697824  	-0.551006 
134.000000	-1.018805 	0.672578  	-0.557666 
135.000000	-1.048494 	0.647266  	-0.564831 
136.000000	-1.078183 	0.621955  	-0.571995 
137.000000	-1.107872 	0.596643  	-0.579160 
138.000000	-1.137815 	0.571363  	-0.586756 
139.000000	-1.171071 	0.546503  	-0.599950 
140.000000	-1.204327 	0.521644  	-0.613144 
141.000000	-1.237583 	0.496784  	-0.626338 
142.000000	-1.270839 	0.471924  	-0.639532 
143.000000	-1.308133 	0.447787  	-0.656629 
144.000000	-1.347043 	0.423938  	-0.675288 
145.000000	-1.385952 	0.400090  	-0.693946 
146.000000	-1.424862 	0.376242  	-0.712604 
147.000000	-1.467005 	0.352947  	-0.729160 
148.000000	-1.514969 	0.330648  	-0.741931 
149.000000	-1.562933 	0.308348  	-0.754702 
150.000000	-1.610896 	0.286049  	-0.767473 
151.000000	-1.658860 	0.263750  	-0.780244 
152.000000	-1.601658 	0.242903  	-0.773250 
153.000000	-1.544456 	0.222056  	-0.766257 
154.000000	-1.487254 	0.202216  	-0.759263 
155.000000	-1.430052 	0.182453  	-0.752269 
156.000000	-1.372850 	0.163705  	-0.745276 
157.000000	-1.315648 	0.145126  	-0.738282 
158.000000	-1.258446 	0.127553  	-0.731288 
159.000000	-1.201243 	0.110254  	-0.724295 
160.000000	-1.144041 	0.093932  	-0.710405 
161.000000	-1.086839 	0.078002  	-0.693756 
162.000000	-1.029637 	0.063003  	-0.673841 
163.000000	-0.972435 	0.048522  	-0.652111 
164.000000	-0.915233 	0.034912  	-0.630381 
165.000000	-0.858031 	0.021955  	-0.608650 
166.000000	-0.800829 	0.011982  	-0.586920 
167.000000	-0.743627 	0.004993  	-0.565190 
168.000000	-0.686425 	0.001000  	-0.543460 
169.000000	-0.629223 	0.001000  	-0.521730 
170.000000	-0.572021 	0.001000  	-0.491644 
171.000000	-0.514819 	0.001000  	-0.446518 
172.000000	-0.457617 	0.001000  	-0.400000 
173.000000	-0.400414 	0.001000  	-0.350000 
174.000000	-0.343212 	0.001000  	-0.300000 
175.000000	-0.286010 	0.001000  	-0.250000 
176.000000	-0.228808 	0.001000  	-0.200000 
177.000000	-0.171606 	0.001000  	-0.150000 
178.000000	-0.114404 	0.001000  	-0.100000 
179.000000	-0.057202 	0.001000  	-0.050000 
180.000000	0.000000  	0.001000  	0.000000  
