! AeroDyn v15 airfoil data file
! Generated from airfoilprep.py modified by D. Kim (Mar 14th, 2022) 
! start all comment lines with ! 
! ------------------------------------------------------------------------------
"DEFAULT"       InterpOrd    ! Interpolation order to use for quasi-steady table lookup {1=linear; 3=cubic spline; "default"} [default=1]
! ------------------------------------------------------------------------------
! 0.20          RelThickness ! The non-dimensional thickness of the airfoil (thickness/chord) [only used if UAMod=7] [default=0.2] (-)
  1             NonDimArea   ! The non-dimensional area of the airfoil (area/chord^2) (set to 1.0 if unsure or unneeded)
  103           NumCoords    ! The number of coordinates in the airfoil shape file (including an extra coordinate for airfoil reference).
! ......... x-y coordinates are next if NumCoords > 0 .............
! x-y coordinate of airfoil reference
!  x/c        y/c
  0.25       0
! Airfoil: 
!  x/c        y/c
0.9856391 0.0204913
0.9667372 0.0277418
0.9468709 0.0322931
0.9269744 0.0367110
0.9070717 0.0411010
0.8871655 0.0454746
0.8672566 0.0498365
0.8473448 0.0541847
0.8274287 0.0585139
0.8075077 0.0628203
0.7875790 0.0670905
0.7676436 0.0713291
0.7476974 0.0755159
0.7277392 0.0796462
0.7077696 0.0837219
0.6877859 0.0877285
0.6677859 0.0916514
0.6477696 0.0954892
0.6277354 0.0992314
0.6076822 0.1028710
0.5876058 0.1063901
0.5675057 0.1097750
0.5473823 0.1130125
0.5272330 0.1160721
0.5070507 0.1188958
0.4868297 0.1214290
0.4665677 0.1236254
0.4462667 0.1254341
0.4259324 0.1268265
0.4055729 0.1277928
0.3851981 0.1283388
0.3648163 0.1284369
0.3444380 0.1281080
0.3240715 0.1273569
0.3037268 0.1261639
0.2834119 0.1245484
0.2631364 0.1224988
0.2429080 0.1200234
0.2227373 0.1171075
0.2026279 0.1137331
0.1826010 0.1098798
0.1626906 0.1054969
0.1429253 0.1005496
0.1233439 0.0949499
0.1039934 0.0885912
0.0849327 0.0813619
0.0662920 0.0731173
0.0482517 0.0636655
0.0310998 0.0526708
0.0155185 0.0395709
0.0030953 0.0234848
-0.0003873 0.0040569
0.0138549 -0.0100627
0.0320661 -0.0191390
0.0512574 -0.0260104
0.0708634 -0.0315437
0.0907104 -0.0361863
0.1107108 -0.0401259
0.1308116 -0.0434709
0.1509946 -0.0462714
0.1712412 -0.0485892
0.1915389 -0.0504471
0.2118730 -0.0518837
0.2322309 -0.0529124
0.2525988 -0.0535597
0.2729703 -0.0538474
0.2933418 -0.0537845
0.3137101 -0.0533884
0.3340722 -0.0526855
0.3544246 -0.0516746
0.3747650 -0.0503850
0.3950896 -0.0488159
0.4153951 -0.0469827
0.4356765 -0.0448819
0.4559300 -0.0425287
0.4761522 -0.0399372
0.4963392 -0.0371194
0.5164937 -0.0340973
0.5366219 -0.0309050
0.5567255 -0.0275552
0.5768096 -0.0240846
0.5968772 -0.0205167
0.6169351 -0.0168978
0.6369903 -0.0132613
0.6570533 -0.0096618
0.6771300 -0.0061439
0.6972302 -0.0027740
0.7173604 0.0004003
0.7375292 0.0033168
0.7577432 0.0059253
0.7780047 0.0081655
0.7983075 0.0099852
0.8186427 0.0113502
0.8390019 0.0122109
0.8593749 0.0125485
0.8797526 0.0123363
0.9001187 0.0115710
0.9204558 0.0102441
0.9407487 0.0083575
0.9609858 0.0059447
0.9811590 0.0030405
1.0013072 0.0000040
! ------------------------------------------------------------------------------
"unused"        BL_file      ! The file name including the boundary layer characteristics of the profile. Unused if the aeroacoustic module is not called.
  11        	NumTabs      ! Number of airfoil tables in this file.
! ------------------------------------------------------------------------------
! data for table	1         
! ------------------------------------------------------------------------------
  0.200000  	Re           ! Reynolds number in millions
  0.000000  	UserProp     ! User property (control) setting
Flase           InclUAdata   ! Is unsteady aerodynamics data included in this table? If TRUE, then include UA coefficients below this line. Any missing coefficients will be calculated internally.
! Table of aerodynamics coefficients
  361       	NumAlf       ! Number of data lines in the following table
!Alpha      Cl          Cd          Cm/Cp
!(deg)      (-)         (-)         (-)
-180.000000	0.000000  	0.001000  	-7.468000 
-179.000000	0.051262  	0.001000  	-7.468000 
-178.000000	0.102525  	0.001000  	-7.468000 
-177.000000	0.153787  	0.001000  	-7.468000 
-176.000000	0.205049  	0.001000  	-7.468000 
-175.000000	0.256311  	0.001000  	-7.468000 
-174.000000	0.307574  	0.001000  	-7.468000 
-173.000000	0.358836  	0.001000  	-7.468000 
-172.000000	0.410098  	0.001623  	-7.468000 
-171.000000	0.461360  	0.005983  	-7.468000 
-170.000000	0.512623  	0.012778  	-7.468000 
-169.000000	0.563885  	0.021399  	-7.468000 
-168.000000	0.615147  	0.031276  	-7.468000 
-167.000000	0.666410  	0.041680  	-7.468000 
-166.000000	0.717672  	0.052784  	-7.468000 
-165.000000	0.768934  	0.064912  	-7.468000 
-164.000000	0.820196  	0.077541  	-7.468000 
-163.000000	0.871459  	0.090997  	-7.468000 
-162.000000	0.922721  	0.105250  	-7.468000 
-161.000000	0.973983  	0.119977  	-7.468000 
-160.000000	1.025245  	0.135623  	-7.468000 
-159.000000	1.076508  	0.151856  	-7.468000 
-158.000000	1.127770  	0.168530  	-7.468000 
-157.000000	1.101352  	0.187126  	-7.468000 
-156.000000	1.074934  	0.205723  	-7.468000 
-155.000000	1.048515  	0.224319  	-7.468000 
-154.000000	1.022097  	0.242915  	-7.468000 
-153.000000	0.996839  	0.261867  	-7.468000 
-152.000000	0.978539  	0.282949  	-7.468000 
-151.000000	0.960240  	0.304031  	-7.468000 
-150.000000	0.941940  	0.325113  	-7.468000 
-149.000000	0.923640  	0.346195  	-7.468000 
-148.000000	0.906440  	0.367816  	-7.468000 
-147.000000	0.891986  	0.390784  	-7.468000 
-146.000000	0.877533  	0.413753  	-7.468000 
-145.000000	0.863080  	0.436722  	-7.468000 
-144.000000	0.848627  	0.459690  	-7.468000 
-143.000000	0.834839  	0.483188  	-7.468000 
-142.000000	0.821938  	0.507391  	-7.468000 
-141.000000	0.809036  	0.531593  	-7.468000 
-140.000000	0.796135  	0.555796  	-7.468000 
-139.000000	0.783234  	0.579999  	-7.468000 
-138.000000	0.770469  	0.604515  	-7.468000 
-137.000000	0.757808  	0.629265  	-7.468000 
-136.000000	0.745147  	0.654015  	-7.468000 
-135.000000	0.732486  	0.678765  	-7.468000 
-134.000000	0.719824  	0.703515  	-7.468000 
-133.000000	0.706795  	0.728155  	-7.468000 
-132.000000	0.693618  	0.752750  	-7.468000 
-131.000000	0.680441  	0.777346  	-7.468000 
-130.000000	0.667265  	0.801941  	-7.468000 
-129.000000	0.654088  	0.826537  	-7.468000 
-128.000000	0.640122  	0.850402  	-7.468000 
-127.000000	0.626025  	0.874146  	-7.468000 
-126.000000	0.611928  	0.897890  	-7.468000 
-125.000000	0.597831  	0.921634  	-7.468000 
-124.000000	0.583734  	0.945378  	-7.468000 
-123.000000	0.568553  	0.967599  	-7.468000 
-122.000000	0.553372  	0.989820  	-7.468000 
-121.000000	0.538191  	1.012041  	-7.468000 
-120.000000	0.523010  	1.034261  	-7.468000 
-119.000000	0.507677  	1.056175  	-7.468000 
-118.000000	0.491426  	1.076245  	-7.468000 
-117.000000	0.475176  	1.096314  	-7.468000 
-116.000000	0.458925  	1.116384  	-7.468000 
-115.000000	0.442674  	1.136454  	-7.468000 
-114.000000	0.426161  	1.155748  	-7.468000 
-113.000000	0.408992  	1.173101  	-7.468000 
-112.000000	0.391822  	1.190455  	-7.468000 
-111.000000	0.374652  	1.207808  	-7.468000 
-110.000000	0.357483  	1.225162  	-7.468000 
-109.000000	0.340030  	1.241142  	-7.468000 
-108.000000	0.322199  	1.255292  	-7.468000 
-107.000000	0.304368  	1.269442  	-7.468000 
-106.000000	0.286537  	1.283592  	-7.468000 
-105.000000	0.268706  	1.297742  	-7.468000 
-104.000000	0.250692  	1.309836  	-7.468000 
-103.000000	0.232540  	1.320387  	-7.468000 
-102.000000	0.214389  	1.330939  	-7.468000 
-101.000000	0.196238  	1.341490  	-7.468000 
-100.000000	0.178086  	1.352042  	-7.468000 
-99.000000	0.159996  	1.359815  	-7.468000 
-98.000000	0.141929  	1.366476  	-7.468000 
-97.000000	0.123863  	1.373138  	-7.468000 
-96.000000	0.105796  	1.379799  	-7.468000 
-95.000000	0.087730  	1.386461  	-7.468000 
-94.000000	0.070123  	1.389634  	-7.468000 
-93.000000	0.052592  	1.392225  	-7.468000 
-92.000000	0.035061  	1.394817  	-7.468000 
-91.000000	0.017531  	1.397408  	-7.468000 
-90.000000	0.000000  	1.400000  	-7.468000 
-89.000000	-0.017531 	1.397408  	-7.468000 
-88.000000	-0.035061 	1.394817  	-7.468000 
-87.000000	-0.052592 	1.392225  	-7.468000 
-86.000000	-0.070123 	1.389634  	-7.468000 
-85.000000	-0.087730 	1.386461  	-7.468000 
-84.000000	-0.105796 	1.379799  	-7.468000 
-83.000000	-0.123863 	1.373138  	-7.468000 
-82.000000	-0.141929 	1.366476  	-7.468000 
-81.000000	-0.159996 	1.359815  	-7.468000 
-80.000000	-0.178086 	1.352042  	-7.468000 
-79.000000	-0.196238 	1.341490  	-7.468000 
-78.000000	-0.214389 	1.330939  	-7.468000 
-77.000000	-0.232540 	1.320387  	-7.468000 
-76.000000	-0.250692 	1.309836  	-7.468000 
-75.000000	-0.268706 	1.297742  	-7.468000 
-74.000000	-0.286537 	1.283592  	-7.468000 
-73.000000	-0.304368 	1.269442  	-7.468000 
-72.000000	-0.322199 	1.255292  	-7.468000 
-71.000000	-0.340030 	1.241142  	-7.468000 
-70.000000	-0.357483 	1.225162  	-7.468000 
-69.000000	-0.374652 	1.207808  	-7.468000 
-68.000000	-0.391822 	1.190455  	-7.468000 
-67.000000	-0.408992 	1.173101  	-7.468000 
-66.000000	-0.426161 	1.155748  	-7.468000 
-65.000000	-0.442674 	1.136454  	-7.468000 
-64.000000	-0.458925 	1.116384  	-7.468000 
-63.000000	-0.475176 	1.096314  	-7.468000 
-62.000000	-0.491426 	1.076245  	-7.468000 
-61.000000	-0.507677 	1.056175  	-7.468000 
-60.000000	-0.523010 	1.034261  	-7.468000 
-59.000000	-0.538191 	1.012041  	-7.468000 
-58.000000	-0.553372 	0.989820  	-7.468000 
-57.000000	-0.568553 	0.967599  	-7.468000 
-56.000000	-0.583734 	0.945378  	-7.468000 
-55.000000	-0.597831 	0.921634  	-7.468000 
-54.000000	-0.611928 	0.897890  	-7.468000 
-53.000000	-0.626025 	0.874146  	-7.468000 
-52.000000	-0.640122 	0.850402  	-7.468000 
-51.000000	-0.654088 	0.826537  	-7.468000 
-50.000000	-0.667265 	0.801941  	-7.468000 
-49.000000	-0.680441 	0.777346  	-7.468000 
-48.000000	-0.693618 	0.752750  	-7.468000 
-47.000000	-0.706795 	0.728155  	-7.468000 
-46.000000	-0.719824 	0.703515  	-7.468000 
-45.000000	-0.732486 	0.678765  	-7.468000 
-44.000000	-0.745147 	0.654015  	-7.468000 
-43.000000	-0.757808 	0.629265  	-7.468000 
-42.000000	-0.770469 	0.604515  	-7.468000 
-41.000000	-0.783234 	0.579999  	-7.468000 
-40.000000	-0.796135 	0.555796  	-7.468000 
-39.000000	-0.809036 	0.531593  	-7.468000 
-38.000000	-0.821938 	0.507391  	-7.468000 
-37.000000	-0.834839 	0.483188  	-7.468000 
-36.000000	-0.848627 	0.459690  	-7.468000 
-35.000000	-0.863080 	0.436722  	-7.468000 
-34.000000	-0.877533 	0.413753  	-7.468000 
-33.000000	-0.891986 	0.390784  	-7.468000 
-32.000000	-0.906440 	0.367816  	-7.468000 
-31.000000	-0.923640 	0.346195  	-7.468000 
-30.000000	-0.941940 	0.325113  	-7.468000 
-29.000000	-0.960240 	0.304031  	-7.468000 
-28.000000	-0.978539 	0.282949  	-7.468000 
-27.000000	-0.996839 	0.261867  	-7.468000 
-26.000000	-1.022097 	0.242915  	-7.468000 
-25.000000	-1.048515 	0.224319  	-7.468000 
-24.000000	-1.074934 	0.205723  	-7.468000 
-23.000000	-1.101352 	0.187126  	-7.468000 
-22.000000	-1.127770 	0.168530  	-7.468000 
-21.000000	-1.093289 	0.157196  	-7.468000 
-20.000000	-1.058808 	0.145862  	-7.468000 
-19.000000	-1.024328 	0.134528  	-7.468000 
-18.000000	-0.989847 	0.123193  	-7.468000 
-17.000000	-0.955366 	0.111859  	-7.468000 
-16.000000	-0.920885 	0.100525  	-7.468000 
-15.000000	-0.886404 	0.089191  	-7.468000 
-14.000000	-0.851923 	0.077857  	-7.468000 
-13.000000	-0.817442 	0.066523  	-7.468000 
-12.000000	-0.782962 	0.055188  	-7.468000 
-11.000000	-0.748481 	0.043854  	-6.332333 
-10.000000	-0.714000 	0.032520  	-4.742400 
-9.000000 	-0.564500 	0.026230  	-4.007600 
-8.000000 	-0.397700 	0.020740  	-3.225300 
-7.000000 	-0.223600 	0.014650  	-2.493500 
-6.000000 	-0.095000 	0.014730  	-1.841100 
-5.000000 	0.026700  	0.015490  	-1.281100 
-4.000000 	0.144300  	0.016400  	-0.814100 
-3.000000 	0.262900  	0.016980  	-0.734800 
-2.000000 	0.382400  	0.017500  	-0.806800 
-1.000000 	0.501000  	0.018055  	-0.884550 
0.000000  	0.619600  	0.018610  	-0.962300 
1.000000  	0.736100  	0.019220  	-1.047700 
2.000000  	0.856200  	0.019760  	-1.152300 
3.000000  	0.972400  	0.020320  	-1.297300 
4.000000  	1.088900  	0.020610  	-1.469300 
5.000000  	1.200300  	0.020870  	-1.675800 
6.000000  	1.313100  	0.020990  	-1.958100 
7.000000  	1.418300  	0.020820  	-2.293000 
8.000000  	1.513400  	0.020770  	-2.722700 
9.000000  	1.588700  	0.021850  	-3.138100 
10.000000 	1.612300  	0.025420  	-3.460700 
11.000000 	1.603300  	0.032200  	-3.708500 
12.000000 	1.598800  	0.041400  	-3.963200 
13.000000 	1.591700  	0.052500  	-4.210800 
14.000000 	1.586400  	0.065080  	-4.465500 
15.000000 	1.583200  	0.077990  	-4.788800 
16.000000 	1.580900  	0.091020  	-5.145800 
17.000000 	1.585400  	0.103320  	-5.535300 
18.000000 	1.604800  	0.112860  	-6.003200 
19.000000 	1.622700  	0.123120  	-6.488200 
20.000000 	1.623300  	0.137160  	-6.894800 
21.000000 	1.615500  	0.153070  	-7.149100 
22.000000 	1.611100  	0.168530  	-7.468000 
23.000000 	1.573360  	0.187126  	-7.468000 
24.000000 	1.535619  	0.205723  	-7.468000 
25.000000 	1.497879  	0.224319  	-7.468000 
26.000000 	1.460139  	0.242915  	-7.468000 
27.000000 	1.424055  	0.261867  	-7.468000 
28.000000 	1.397913  	0.282949  	-7.468000 
29.000000 	1.371771  	0.304031  	-7.468000 
30.000000 	1.345628  	0.325113  	-7.468000 
31.000000 	1.319486  	0.346195  	-7.468000 
32.000000 	1.294914  	0.367816  	-7.468000 
33.000000 	1.274266  	0.390784  	-7.468000 
34.000000 	1.253619  	0.413753  	-7.468000 
35.000000 	1.232972  	0.436722  	-7.468000 
36.000000 	1.212324  	0.459690  	-7.468000 
37.000000 	1.192627  	0.483188  	-7.468000 
38.000000 	1.174197  	0.507391  	-7.468000 
39.000000 	1.155766  	0.531593  	-7.468000 
40.000000 	1.137336  	0.555796  	-7.468000 
41.000000 	1.118905  	0.579999  	-7.468000 
42.000000 	1.100671  	0.604515  	-7.468000 
43.000000 	1.082583  	0.629265  	-7.468000 
44.000000 	1.064496  	0.654015  	-7.468000 
45.000000 	1.046408  	0.678765  	-7.468000 
46.000000 	1.028320  	0.703515  	-7.468000 
47.000000 	1.009707  	0.728155  	-7.468000 
48.000000 	0.990883  	0.752750  	-7.468000 
49.000000 	0.972059  	0.777346  	-7.468000 
50.000000 	0.953235  	0.801941  	-7.468000 
51.000000 	0.934411  	0.826537  	-7.468000 
52.000000 	0.914461  	0.850402  	-7.468000 
53.000000 	0.894322  	0.874146  	-7.468000 
54.000000 	0.874183  	0.897890  	-7.468000 
55.000000 	0.854045  	0.921634  	-7.468000 
56.000000 	0.833906  	0.945378  	-7.468000 
57.000000 	0.812219  	0.967599  	-7.468000 
58.000000 	0.790532  	0.989820  	-7.468000 
59.000000 	0.768845  	1.012041  	-7.468000 
60.000000 	0.747158  	1.034261  	-7.468000 
61.000000 	0.725252  	1.056175  	-7.468000 
62.000000 	0.702037  	1.076245  	-7.468000 
63.000000 	0.678822  	1.096314  	-7.468000 
64.000000 	0.655607  	1.116384  	-7.468000 
65.000000 	0.632392  	1.136454  	-7.468000 
66.000000 	0.608802  	1.155748  	-7.468000 
67.000000 	0.584274  	1.173101  	-7.468000 
68.000000 	0.559746  	1.190455  	-7.468000 
69.000000 	0.535218  	1.207808  	-7.468000 
70.000000 	0.510690  	1.225162  	-7.468000 
71.000000 	0.485757  	1.241142  	-7.468000 
72.000000 	0.460284  	1.255292  	-7.468000 
73.000000 	0.434811  	1.269442  	-7.468000 
74.000000 	0.409338  	1.283592  	-7.468000 
75.000000 	0.383865  	1.297742  	-7.468000 
76.000000 	0.358131  	1.309836  	-7.468000 
77.000000 	0.332200  	1.320387  	-7.468000 
78.000000 	0.306270  	1.330939  	-7.468000 
79.000000 	0.280340  	1.341490  	-7.468000 
80.000000 	0.254409  	1.352042  	-7.468000 
81.000000 	0.228565  	1.359815  	-7.468000 
82.000000 	0.202756  	1.366476  	-7.468000 
83.000000 	0.176947  	1.373138  	-7.468000 
84.000000 	0.151138  	1.379799  	-7.468000 
85.000000 	0.125328  	1.386461  	-7.468000 
86.000000 	0.100175  	1.389634  	-7.468000 
87.000000 	0.075131  	1.392225  	-7.468000 
88.000000 	0.050088  	1.394817  	-7.468000 
89.000000 	0.025044  	1.397408  	-7.468000 
90.000000 	0.000000  	1.400000  	-7.468000 
91.000000 	-0.017531 	1.397408  	-7.468000 
92.000000 	-0.035061 	1.394817  	-7.468000 
93.000000 	-0.052592 	1.392225  	-7.468000 
94.000000 	-0.070123 	1.389634  	-7.468000 
95.000000 	-0.087730 	1.386461  	-7.468000 
96.000000 	-0.105796 	1.379799  	-7.468000 
97.000000 	-0.123863 	1.373138  	-7.468000 
98.000000 	-0.141929 	1.366476  	-7.468000 
99.000000 	-0.159996 	1.359815  	-7.468000 
100.000000	-0.178086 	1.352042  	-7.468000 
101.000000	-0.196238 	1.341490  	-7.468000 
102.000000	-0.214389 	1.330939  	-7.468000 
103.000000	-0.232540 	1.320387  	-7.468000 
104.000000	-0.250692 	1.309836  	-7.468000 
105.000000	-0.268706 	1.297742  	-7.468000 
106.000000	-0.286537 	1.283592  	-7.468000 
107.000000	-0.304368 	1.269442  	-7.468000 
108.000000	-0.322199 	1.255292  	-7.468000 
109.000000	-0.340030 	1.241142  	-7.468000 
110.000000	-0.357483 	1.225162  	-7.468000 
111.000000	-0.374652 	1.207808  	-7.468000 
112.000000	-0.391822 	1.190455  	-7.468000 
113.000000	-0.408992 	1.173101  	-7.468000 
114.000000	-0.426161 	1.155748  	-7.468000 
115.000000	-0.442674 	1.136454  	-7.468000 
116.000000	-0.458925 	1.116384  	-7.468000 
117.000000	-0.475176 	1.096314  	-7.468000 
118.000000	-0.491426 	1.076245  	-7.468000 
119.000000	-0.507677 	1.056175  	-7.468000 
120.000000	-0.523010 	1.034261  	-7.468000 
121.000000	-0.538191 	1.012041  	-7.468000 
122.000000	-0.553372 	0.989820  	-7.468000 
123.000000	-0.568553 	0.967599  	-7.468000 
124.000000	-0.583734 	0.945378  	-7.468000 
125.000000	-0.597831 	0.921634  	-7.468000 
126.000000	-0.611928 	0.897890  	-7.468000 
127.000000	-0.626025 	0.874146  	-7.468000 
128.000000	-0.640122 	0.850402  	-7.468000 
129.000000	-0.654088 	0.826537  	-7.468000 
130.000000	-0.667265 	0.801941  	-7.468000 
131.000000	-0.680441 	0.777346  	-7.468000 
132.000000	-0.693618 	0.752750  	-7.468000 
133.000000	-0.706795 	0.728155  	-7.468000 
134.000000	-0.719824 	0.703515  	-7.468000 
135.000000	-0.732486 	0.678765  	-7.468000 
136.000000	-0.745147 	0.654015  	-7.468000 
137.000000	-0.757808 	0.629265  	-7.468000 
138.000000	-0.770469 	0.604515  	-7.468000 
139.000000	-0.783234 	0.579999  	-7.468000 
140.000000	-0.796135 	0.555796  	-7.468000 
141.000000	-0.809036 	0.531593  	-7.468000 
142.000000	-0.821938 	0.507391  	-7.468000 
143.000000	-0.834839 	0.483188  	-7.468000 
144.000000	-0.848627 	0.459690  	-7.468000 
145.000000	-0.863080 	0.436722  	-7.468000 
146.000000	-0.877533 	0.413753  	-7.468000 
147.000000	-0.891986 	0.390784  	-7.468000 
148.000000	-0.906440 	0.367816  	-7.468000 
149.000000	-0.923640 	0.346195  	-7.468000 
150.000000	-0.941940 	0.325113  	-7.468000 
151.000000	-0.960240 	0.304031  	-7.468000 
152.000000	-0.978539 	0.282949  	-7.468000 
153.000000	-0.996839 	0.261867  	-7.468000 
154.000000	-1.022097 	0.242915  	-7.468000 
155.000000	-1.048515 	0.224319  	-7.468000 
156.000000	-1.074934 	0.205723  	-7.468000 
157.000000	-1.101352 	0.187126  	-7.468000 
158.000000	-1.127770 	0.168530  	-7.468000 
159.000000	-1.076508 	0.151856  	-7.468000 
160.000000	-1.025245 	0.135623  	-7.468000 
161.000000	-0.973983 	0.119977  	-7.468000 
162.000000	-0.922721 	0.105250  	-7.468000 
163.000000	-0.871459 	0.090997  	-7.468000 
164.000000	-0.820196 	0.077541  	-7.468000 
165.000000	-0.768934 	0.064912  	-7.468000 
166.000000	-0.717672 	0.052784  	-7.468000 
167.000000	-0.666410 	0.041680  	-7.468000 
168.000000	-0.615147 	0.031276  	-7.468000 
169.000000	-0.563885 	0.021399  	-7.468000 
170.000000	-0.512623 	0.012778  	-7.468000 
171.000000	-0.461360 	0.005983  	-7.468000 
172.000000	-0.410098 	0.001623  	-7.468000 
173.000000	-0.358836 	0.001000  	-7.468000 
174.000000	-0.307574 	0.001000  	-7.468000 
175.000000	-0.256311 	0.001000  	-7.468000 
176.000000	-0.205049 	0.001000  	-7.468000 
177.000000	-0.153787 	0.001000  	-7.468000 
178.000000	-0.102525 	0.001000  	-7.468000 
179.000000	-0.051262 	0.001000  	-7.468000 
180.000000	0.000000  	0.001000  	-7.468000 
! ------------------------------------------------------------------------------
! data for table	2         
! ------------------------------------------------------------------------------
  0.300000  	Re           ! Reynolds number in millions
  0.000000  	UserProp     ! User property (control) setting
Flase           InclUAdata   ! Is unsteady aerodynamics data included in this table? If TRUE, then include UA coefficients below this line. Any missing coefficients will be calculated internally.
! Table of aerodynamics coefficients
  361       	NumAlf       ! Number of data lines in the following table
!Alpha      Cl          Cd          Cm/Cp
!(deg)      (-)         (-)         (-)
-180.000000	0.000000  	0.001000  	-8.619100 
-179.000000	0.048108  	0.001000  	-8.619100 
-178.000000	0.096215  	0.001000  	-8.619100 
-177.000000	0.144322  	0.001000  	-8.619100 
-176.000000	0.192430  	0.001000  	-8.619100 
-175.000000	0.240538  	0.001000  	-8.619100 
-174.000000	0.288645  	0.001000  	-8.619100 
-173.000000	0.336752  	0.001000  	-8.619100 
-172.000000	0.384860  	0.001000  	-8.619100 
-171.000000	0.432967  	0.001852  	-8.619100 
-170.000000	0.481075  	0.003841  	-8.619100 
-169.000000	0.529182  	0.011126  	-8.619100 
-168.000000	0.577290  	0.020528  	-8.619100 
-167.000000	0.625397  	0.031287  	-8.619100 
-166.000000	0.673505  	0.042423  	-8.619100 
-165.000000	0.721613  	0.054500  	-8.619100 
-164.000000	0.769720  	0.067306  	-8.619100 
-163.000000	0.817827  	0.080659  	-8.619100 
-162.000000	0.865935  	0.095064  	-8.619100 
-161.000000	0.914042  	0.109812  	-8.619100 
-160.000000	0.962150  	0.125570  	-8.619100 
-159.000000	1.010257  	0.141807  	-8.619100 
-158.000000	1.058365  	0.158685  	-8.619100 
-157.000000	1.106472  	0.176321  	-8.619100 
-156.000000	1.154580  	0.194260  	-8.619100 
-155.000000	1.128086  	0.213996  	-8.619100 
-154.000000	1.101591  	0.233731  	-8.619100 
-153.000000	1.075097  	0.253467  	-8.619100 
-152.000000	1.048603  	0.273202  	-8.619100 
-151.000000	1.024099  	0.293570  	-8.619100 
-150.000000	1.004573  	0.315516  	-8.619100 
-149.000000	0.985047  	0.337463  	-8.619100 
-148.000000	0.965520  	0.359410  	-8.619100 
-147.000000	0.945994  	0.381357  	-8.619100 
-146.000000	0.928439  	0.404233  	-8.619100 
-145.000000	0.912361  	0.427805  	-8.619100 
-144.000000	0.896284  	0.451378  	-8.619100 
-143.000000	0.880207  	0.474950  	-8.619100 
-142.000000	0.864129  	0.498523  	-8.619100 
-141.000000	0.849314  	0.522950  	-8.619100 
-140.000000	0.834708  	0.547520  	-8.619100 
-139.000000	0.820103  	0.572090  	-8.619100 
-138.000000	0.805498  	0.596660  	-8.619100 
-137.000000	0.790937  	0.621278  	-8.619100 
-136.000000	0.776642  	0.646191  	-8.619100 
-135.000000	0.762348  	0.671104  	-8.619100 
-134.000000	0.748053  	0.696016  	-8.619100 
-133.000000	0.733759  	0.720929  	-8.619100 
-132.000000	0.719306  	0.745705  	-8.619100 
-131.000000	0.704644  	0.770297  	-8.619100 
-130.000000	0.689982  	0.794890  	-8.619100 
-129.000000	0.675319  	0.819482  	-8.619100 
-128.000000	0.660657  	0.844075  	-8.619100 
-127.000000	0.645471  	0.867972  	-8.619100 
-126.000000	0.630076  	0.891592  	-8.619100 
-125.000000	0.614681  	0.915211  	-8.619100 
-124.000000	0.599286  	0.938830  	-8.619100 
-123.000000	0.583891  	0.962449  	-8.619100 
-122.000000	0.567618  	0.984468  	-8.619100 
-121.000000	0.551345  	1.006488  	-8.619100 
-120.000000	0.535071  	1.028507  	-8.619100 
-119.000000	0.518798  	1.050527  	-8.619100 
-118.000000	0.502280  	1.071922  	-8.619100 
-117.000000	0.485147  	1.091759  	-8.619100 
-116.000000	0.468015  	1.111596  	-8.619100 
-115.000000	0.450882  	1.131433  	-8.619100 
-114.000000	0.433750  	1.151271  	-8.619100 
-113.000000	0.416209  	1.169562  	-8.619100 
-112.000000	0.398362  	1.186693  	-8.619100 
-111.000000	0.380514  	1.203825  	-8.619100 
-110.000000	0.362667  	1.220957  	-8.619100 
-109.000000	0.344820  	1.238089  	-8.619100 
-108.000000	0.326569  	1.252516  	-8.619100 
-107.000000	0.308251  	1.266493  	-8.619100 
-106.000000	0.289933  	1.280470  	-8.619100 
-105.000000	0.271615  	1.294447  	-8.619100 
-104.000000	0.253275  	1.307922  	-8.619100 
-103.000000	0.234808  	1.318380  	-8.619100 
-102.000000	0.216340  	1.328839  	-8.619100 
-101.000000	0.197873  	1.339297  	-8.619100 
-100.000000	0.179405  	1.349756  	-8.619100 
-99.000000	0.161037  	1.358591  	-8.619100 
-98.000000	0.142801  	1.365263  	-8.619100 
-97.000000	0.124565  	1.371934  	-8.619100 
-96.000000	0.106328  	1.378606  	-8.619100 
-95.000000	0.088092  	1.385277  	-8.619100 
-94.000000	0.070324  	1.389125  	-8.619100 
-93.000000	0.052743  	1.391844  	-8.619100 
-92.000000	0.035162  	1.394563  	-8.619100 
-91.000000	0.017581  	1.397281  	-8.619100 
-90.000000	0.000000  	1.400000  	-8.619100 
-89.000000	-0.017581 	1.397281  	-8.619100 
-88.000000	-0.035162 	1.394563  	-8.619100 
-87.000000	-0.052743 	1.391844  	-8.619100 
-86.000000	-0.070324 	1.389125  	-8.619100 
-85.000000	-0.088092 	1.385277  	-8.619100 
-84.000000	-0.106328 	1.378606  	-8.619100 
-83.000000	-0.124565 	1.371934  	-8.619100 
-82.000000	-0.142801 	1.365263  	-8.619100 
-81.000000	-0.161037 	1.358591  	-8.619100 
-80.000000	-0.179405 	1.349756  	-8.619100 
-79.000000	-0.197873 	1.339297  	-8.619100 
-78.000000	-0.216340 	1.328839  	-8.619100 
-77.000000	-0.234808 	1.318380  	-8.619100 
-76.000000	-0.253275 	1.307922  	-8.619100 
-75.000000	-0.271615 	1.294447  	-8.619100 
-74.000000	-0.289933 	1.280470  	-8.619100 
-73.000000	-0.308251 	1.266493  	-8.619100 
-72.000000	-0.326569 	1.252516  	-8.619100 
-71.000000	-0.344820 	1.238089  	-8.619100 
-70.000000	-0.362667 	1.220957  	-8.619100 
-69.000000	-0.380514 	1.203825  	-8.619100 
-68.000000	-0.398362 	1.186693  	-8.619100 
-67.000000	-0.416209 	1.169562  	-8.619100 
-66.000000	-0.433750 	1.151271  	-8.619100 
-65.000000	-0.450882 	1.131433  	-8.619100 
-64.000000	-0.468015 	1.111596  	-8.619100 
-63.000000	-0.485147 	1.091759  	-8.619100 
-62.000000	-0.502280 	1.071922  	-8.619100 
-61.000000	-0.518798 	1.050527  	-8.619100 
-60.000000	-0.535071 	1.028507  	-8.619100 
-59.000000	-0.551345 	1.006488  	-8.619100 
-58.000000	-0.567618 	0.984468  	-8.619100 
-57.000000	-0.583891 	0.962449  	-8.619100 
-56.000000	-0.599286 	0.938830  	-8.619100 
-55.000000	-0.614681 	0.915211  	-8.619100 
-54.000000	-0.630076 	0.891592  	-8.619100 
-53.000000	-0.645471 	0.867972  	-8.619100 
-52.000000	-0.660657 	0.844075  	-8.619100 
-51.000000	-0.675319 	0.819482  	-8.619100 
-50.000000	-0.689982 	0.794890  	-8.619100 
-49.000000	-0.704644 	0.770297  	-8.619100 
-48.000000	-0.719306 	0.745705  	-8.619100 
-47.000000	-0.733759 	0.720929  	-8.619100 
-46.000000	-0.748053 	0.696016  	-8.619100 
-45.000000	-0.762348 	0.671104  	-8.619100 
-44.000000	-0.776642 	0.646191  	-8.619100 
-43.000000	-0.790937 	0.621278  	-8.619100 
-42.000000	-0.805498 	0.596660  	-8.619100 
-41.000000	-0.820103 	0.572090  	-8.619100 
-40.000000	-0.834708 	0.547520  	-8.619100 
-39.000000	-0.849314 	0.522950  	-8.619100 
-38.000000	-0.864129 	0.498523  	-8.619100 
-37.000000	-0.880207 	0.474950  	-8.619100 
-36.000000	-0.896284 	0.451378  	-8.619100 
-35.000000	-0.912361 	0.427805  	-8.619100 
-34.000000	-0.928439 	0.404233  	-8.619100 
-33.000000	-0.945994 	0.381357  	-8.619100 
-32.000000	-0.965520 	0.359410  	-8.619100 
-31.000000	-0.985047 	0.337463  	-8.619100 
-30.000000	-1.004573 	0.315516  	-8.619100 
-29.000000	-1.024099 	0.293570  	-8.619100 
-28.000000	-1.048603 	0.273202  	-8.619100 
-27.000000	-1.075097 	0.253467  	-8.619100 
-26.000000	-1.101591 	0.233731  	-8.619100 
-25.000000	-1.128086 	0.213996  	-8.619100 
-24.000000	-1.154580 	0.194260  	-8.619100 
-23.000000	-1.121624 	0.182318  	-8.619100 
-22.000000	-1.088669 	0.170376  	-8.619100 
-21.000000	-1.055713 	0.158434  	-8.619100 
-20.000000	-1.022757 	0.146491  	-8.619100 
-19.000000	-0.989801 	0.134549  	-8.619100 
-18.000000	-0.956846 	0.122607  	-8.619100 
-17.000000	-0.923890 	0.110665  	-8.619100 
-16.000000	-0.890934 	0.098723  	-8.619100 
-15.000000	-0.857979 	0.086781  	-8.619100 
-14.000000	-0.825023 	0.074839  	-8.619100 
-13.000000	-0.792067 	0.062896  	-8.619100 
-12.000000	-0.759111 	0.050954  	-8.619100 
-11.000000	-0.726156 	0.039012  	-6.775700 
-10.000000	-0.693200 	0.027070  	-4.932300 
-9.000000 	-0.537200 	0.021970  	-4.047500 
-8.000000 	-0.373500 	0.017660  	-3.232800 
-7.000000 	-0.225500 	0.013470  	-2.512900 
-6.000000 	-0.091200 	0.012430  	-1.846400 
-5.000000 	0.033800  	0.012650  	-1.276400 
-4.000000 	0.156600  	0.013140  	-0.802500 
-3.000000 	0.278600  	0.013490  	-0.749600 
-2.000000 	0.400300  	0.013880  	-0.822800 
-1.000000 	0.521400  	0.014290  	-0.901500 
0.000000  	0.642500  	0.014760  	-0.983700 
1.000000  	0.762900  	0.015200  	-1.071400 
2.000000  	0.880700  	0.015670  	-1.174200 
3.000000  	0.998800  	0.016070  	-1.323200 
4.000000  	1.113300  	0.016360  	-1.497900 
5.000000  	1.227500  	0.016650  	-1.715600 
6.000000  	1.336500  	0.016830  	-1.996900 
7.000000  	1.440900  	0.017030  	-2.345500 
8.000000  	1.536100  	0.017700  	-2.781800 
9.000000  	1.603000  	0.019910  	-3.191400 
10.000000 	1.621900  	0.024110  	-3.506200 
11.000000 	1.631500  	0.030330  	-3.804100 
12.000000 	1.638200  	0.039160  	-4.099200 
13.000000 	1.638900  	0.049880  	-4.374400 
14.000000 	1.626800  	0.061780  	-4.648400 
15.000000 	1.620700  	0.075210  	-4.999800 
16.000000 	1.610900  	0.089550  	-5.329200 
17.000000 	1.603000  	0.103910  	-5.658600 
18.000000 	1.603800  	0.117330  	-6.047700 
19.000000 	1.611500  	0.129790  	-6.503600 
20.000000 	1.620500  	0.142240  	-6.958100 
21.000000 	1.629000  	0.154900  	-7.373500 
22.000000 	1.635300  	0.168140  	-7.792400 
23.000000 	1.642600  	0.181150  	-8.202600 
24.000000 	1.649400  	0.194260  	-8.619100 
25.000000 	1.611551  	0.213996  	-8.619100 
26.000000 	1.573702  	0.233731  	-8.619100 
27.000000 	1.535853  	0.253467  	-8.619100 
28.000000 	1.498004  	0.273202  	-8.619100 
29.000000 	1.462999  	0.293570  	-8.619100 
30.000000 	1.435104  	0.315516  	-8.619100 
31.000000 	1.407210  	0.337463  	-8.619100 
32.000000 	1.379315  	0.359410  	-8.619100 
33.000000 	1.351420  	0.381357  	-8.619100 
34.000000 	1.326341  	0.404233  	-8.619100 
35.000000 	1.303373  	0.427805  	-8.619100 
36.000000 	1.280406  	0.451378  	-8.619100 
37.000000 	1.257438  	0.474950  	-8.619100 
38.000000 	1.234470  	0.498523  	-8.619100 
39.000000 	1.213305  	0.522950  	-8.619100 
40.000000 	1.192440  	0.547520  	-8.619100 
41.000000 	1.171576  	0.572090  	-8.619100 
42.000000 	1.150711  	0.596660  	-8.619100 
43.000000 	1.129909  	0.621278  	-8.619100 
44.000000 	1.109489  	0.646191  	-8.619100 
45.000000 	1.089068  	0.671104  	-8.619100 
46.000000 	1.068647  	0.696016  	-8.619100 
47.000000 	1.048226  	0.720929  	-8.619100 
48.000000 	1.027581  	0.745705  	-8.619100 
49.000000 	1.006634  	0.770297  	-8.619100 
50.000000 	0.985688  	0.794890  	-8.619100 
51.000000 	0.964742  	0.819482  	-8.619100 
52.000000 	0.943796  	0.844075  	-8.619100 
53.000000 	0.922102  	0.867972  	-8.619100 
54.000000 	0.900109  	0.891592  	-8.619100 
55.000000 	0.878116  	0.915211  	-8.619100 
56.000000 	0.856123  	0.938830  	-8.619100 
57.000000 	0.834130  	0.962449  	-8.619100 
58.000000 	0.810882  	0.984468  	-8.619100 
59.000000 	0.787635  	1.006488  	-8.619100 
60.000000 	0.764388  	1.028507  	-8.619100 
61.000000 	0.741140  	1.050527  	-8.619100 
62.000000 	0.717542  	1.071922  	-8.619100 
63.000000 	0.693067  	1.091759  	-8.619100 
64.000000 	0.668592  	1.111596  	-8.619100 
65.000000 	0.644117  	1.131433  	-8.619100 
66.000000 	0.619642  	1.151271  	-8.619100 
67.000000 	0.594584  	1.169562  	-8.619100 
68.000000 	0.569088  	1.186693  	-8.619100 
69.000000 	0.543592  	1.203825  	-8.619100 
70.000000 	0.518096  	1.220957  	-8.619100 
71.000000 	0.492600  	1.238089  	-8.619100 
72.000000 	0.466527  	1.252516  	-8.619100 
73.000000 	0.440359  	1.266493  	-8.619100 
74.000000 	0.414190  	1.280470  	-8.619100 
75.000000 	0.388021  	1.294447  	-8.619100 
76.000000 	0.361822  	1.307922  	-8.619100 
77.000000 	0.335440  	1.318380  	-8.619100 
78.000000 	0.309058  	1.328839  	-8.619100 
79.000000 	0.282676  	1.339297  	-8.619100 
80.000000 	0.256293  	1.349756  	-8.619100 
81.000000 	0.230053  	1.358591  	-8.619100 
82.000000 	0.204001  	1.365263  	-8.619100 
83.000000 	0.177949  	1.371934  	-8.619100 
84.000000 	0.151898  	1.378606  	-8.619100 
85.000000 	0.125846  	1.385277  	-8.619100 
86.000000 	0.100463  	1.389125  	-8.619100 
87.000000 	0.075347  	1.391844  	-8.619100 
88.000000 	0.050231  	1.394563  	-8.619100 
89.000000 	0.025116  	1.397281  	-8.619100 
90.000000 	0.000000  	1.400000  	-8.619100 
91.000000 	-0.017581 	1.397281  	-8.619100 
92.000000 	-0.035162 	1.394563  	-8.619100 
93.000000 	-0.052743 	1.391844  	-8.619100 
94.000000 	-0.070324 	1.389125  	-8.619100 
95.000000 	-0.088092 	1.385277  	-8.619100 
96.000000 	-0.106328 	1.378606  	-8.619100 
97.000000 	-0.124565 	1.371934  	-8.619100 
98.000000 	-0.142801 	1.365263  	-8.619100 
99.000000 	-0.161037 	1.358591  	-8.619100 
100.000000	-0.179405 	1.349756  	-8.619100 
101.000000	-0.197873 	1.339297  	-8.619100 
102.000000	-0.216340 	1.328839  	-8.619100 
103.000000	-0.234808 	1.318380  	-8.619100 
104.000000	-0.253275 	1.307922  	-8.619100 
105.000000	-0.271615 	1.294447  	-8.619100 
106.000000	-0.289933 	1.280470  	-8.619100 
107.000000	-0.308251 	1.266493  	-8.619100 
108.000000	-0.326569 	1.252516  	-8.619100 
109.000000	-0.344820 	1.238089  	-8.619100 
110.000000	-0.362667 	1.220957  	-8.619100 
111.000000	-0.380514 	1.203825  	-8.619100 
112.000000	-0.398362 	1.186693  	-8.619100 
113.000000	-0.416209 	1.169562  	-8.619100 
114.000000	-0.433750 	1.151271  	-8.619100 
115.000000	-0.450882 	1.131433  	-8.619100 
116.000000	-0.468015 	1.111596  	-8.619100 
117.000000	-0.485147 	1.091759  	-8.619100 
118.000000	-0.502280 	1.071922  	-8.619100 
119.000000	-0.518798 	1.050527  	-8.619100 
120.000000	-0.535071 	1.028507  	-8.619100 
121.000000	-0.551345 	1.006488  	-8.619100 
122.000000	-0.567618 	0.984468  	-8.619100 
123.000000	-0.583891 	0.962449  	-8.619100 
124.000000	-0.599286 	0.938830  	-8.619100 
125.000000	-0.614681 	0.915211  	-8.619100 
126.000000	-0.630076 	0.891592  	-8.619100 
127.000000	-0.645471 	0.867972  	-8.619100 
128.000000	-0.660657 	0.844075  	-8.619100 
129.000000	-0.675319 	0.819482  	-8.619100 
130.000000	-0.689982 	0.794890  	-8.619100 
131.000000	-0.704644 	0.770297  	-8.619100 
132.000000	-0.719306 	0.745705  	-8.619100 
133.000000	-0.733759 	0.720929  	-8.619100 
134.000000	-0.748053 	0.696016  	-8.619100 
135.000000	-0.762348 	0.671104  	-8.619100 
136.000000	-0.776642 	0.646191  	-8.619100 
137.000000	-0.790937 	0.621278  	-8.619100 
138.000000	-0.805498 	0.596660  	-8.619100 
139.000000	-0.820103 	0.572090  	-8.619100 
140.000000	-0.834708 	0.547520  	-8.619100 
141.000000	-0.849314 	0.522950  	-8.619100 
142.000000	-0.864129 	0.498523  	-8.619100 
143.000000	-0.880207 	0.474950  	-8.619100 
144.000000	-0.896284 	0.451378  	-8.619100 
145.000000	-0.912361 	0.427805  	-8.619100 
146.000000	-0.928439 	0.404233  	-8.619100 
147.000000	-0.945994 	0.381357  	-8.619100 
148.000000	-0.965520 	0.359410  	-8.619100 
149.000000	-0.985047 	0.337463  	-8.619100 
150.000000	-1.004573 	0.315516  	-8.619100 
151.000000	-1.024099 	0.293570  	-8.619100 
152.000000	-1.048603 	0.273202  	-8.619100 
153.000000	-1.075097 	0.253467  	-8.619100 
154.000000	-1.101591 	0.233731  	-8.619100 
155.000000	-1.128086 	0.213996  	-8.619100 
156.000000	-1.154580 	0.194260  	-8.619100 
157.000000	-1.106472 	0.176321  	-8.619100 
158.000000	-1.058365 	0.158685  	-8.619100 
159.000000	-1.010257 	0.141807  	-8.619100 
160.000000	-0.962150 	0.125570  	-8.619100 
161.000000	-0.914042 	0.109812  	-8.619100 
162.000000	-0.865935 	0.095064  	-8.619100 
163.000000	-0.817827 	0.080659  	-8.619100 
164.000000	-0.769720 	0.067306  	-8.619100 
165.000000	-0.721613 	0.054500  	-8.619100 
166.000000	-0.673505 	0.042423  	-8.619100 
167.000000	-0.625397 	0.031287  	-8.619100 
168.000000	-0.577290 	0.020528  	-8.619100 
169.000000	-0.529182 	0.011126  	-8.619100 
170.000000	-0.481075 	0.003841  	-8.619100 
171.000000	-0.432967 	0.001852  	-8.619100 
172.000000	-0.384860 	0.001000  	-8.619100 
173.000000	-0.336752 	0.001000  	-8.619100 
174.000000	-0.288645 	0.001000  	-8.619100 
175.000000	-0.240538 	0.001000  	-8.619100 
176.000000	-0.192430 	0.001000  	-8.619100 
177.000000	-0.144322 	0.001000  	-8.619100 
178.000000	-0.096215 	0.001000  	-8.619100 
179.000000	-0.048108 	0.001000  	-8.619100 
180.000000	0.000000  	0.001000  	-8.619100 
! ------------------------------------------------------------------------------
! data for table	3         
! ------------------------------------------------------------------------------
  0.400000  	Re           ! Reynolds number in millions
  0.000000  	UserProp     ! User property (control) setting
Flase           InclUAdata   ! Is unsteady aerodynamics data included in this table? If TRUE, then include UA coefficients below this line. Any missing coefficients will be calculated internally.
! Table of aerodynamics coefficients
  361       	NumAlf       ! Number of data lines in the following table
!Alpha      Cl          Cd          Cm/Cp
!(deg)      (-)         (-)         (-)
-180.000000	0.000000  	0.001000  	-9.089300 
-179.000000	0.041961  	0.001000  	-9.089300 
-178.000000	0.083922  	0.001000  	-9.089300 
-177.000000	0.125883  	0.001000  	-9.089300 
-176.000000	0.167844  	0.001000  	-9.089300 
-175.000000	0.209806  	0.001000  	-9.089300 
-174.000000	0.251767  	0.001000  	-9.089300 
-173.000000	0.293728  	0.001000  	-9.089300 
-172.000000	0.335689  	0.001000  	-9.089300 
-171.000000	0.377650  	0.001000  	-9.089300 
-170.000000	0.419611  	0.003562  	-9.089300 
-169.000000	0.461572  	0.010735  	-9.089300 
-168.000000	0.503533  	0.019340  	-9.089300 
-167.000000	0.545494  	0.029853  	-9.089300 
-166.000000	0.587456  	0.041110  	-9.089300 
-165.000000	0.629417  	0.053112  	-9.089300 
-164.000000	0.671378  	0.065934  	-9.089300 
-163.000000	0.713339  	0.079371  	-9.089300 
-162.000000	0.755300  	0.093693  	-9.089300 
-161.000000	0.797261  	0.108506  	-9.089300 
-160.000000	0.839222  	0.124254  	-9.089300 
-159.000000	0.881183  	0.140375  	-9.089300 
-158.000000	0.923144  	0.157469  	-9.089300 
-157.000000	0.965106  	0.174828  	-9.089300 
-156.000000	1.007067  	0.193180  	-9.089300 
-155.000000	1.049028  	0.211698  	-9.089300 
-154.000000	1.090989  	0.231216  	-9.089300 
-153.000000	1.132950  	0.250810  	-9.089300 
-152.000000	1.108434  	0.271984  	-9.089300 
-151.000000	1.083918  	0.293157  	-9.089300 
-150.000000	1.059402  	0.314331  	-9.089300 
-149.000000	1.034885  	0.335505  	-9.089300 
-148.000000	1.012893  	0.357572  	-9.089300 
-147.000000	0.993424  	0.380534  	-9.089300 
-146.000000	0.973955  	0.403497  	-9.089300 
-145.000000	0.954487  	0.426459  	-9.089300 
-144.000000	0.935018  	0.449421  	-9.089300 
-143.000000	0.918116  	0.473613  	-9.089300 
-142.000000	0.901214  	0.497806  	-9.089300 
-141.000000	0.884313  	0.521998  	-9.089300 
-140.000000	0.867411  	0.546191  	-9.089300 
-139.000000	0.851056  	0.570705  	-9.089300 
-138.000000	0.835249  	0.595541  	-9.089300 
-137.000000	0.819441  	0.620377  	-9.089300 
-136.000000	0.803633  	0.645213  	-9.089300 
-135.000000	0.787825  	0.670049  	-9.089300 
-134.000000	0.772218  	0.694926  	-9.089300 
-133.000000	0.756611  	0.719803  	-9.089300 
-132.000000	0.741003  	0.744680  	-9.089300 
-131.000000	0.725396  	0.769557  	-9.089300 
-130.000000	0.709625  	0.794153  	-9.089300 
-129.000000	0.693691  	0.818469  	-9.089300 
-128.000000	0.677756  	0.842784  	-9.089300 
-127.000000	0.661821  	0.867100  	-9.089300 
-126.000000	0.645887  	0.891415  	-9.089300 
-125.000000	0.629346  	0.914581  	-9.089300 
-124.000000	0.612805  	0.937747  	-9.089300 
-123.000000	0.596264  	0.960913  	-9.089300 
-122.000000	0.579723  	0.984079  	-9.089300 
-121.000000	0.562830  	1.006391  	-9.089300 
-120.000000	0.545584  	1.027848  	-9.089300 
-119.000000	0.528339  	1.049305  	-9.089300 
-118.000000	0.511093  	1.070763  	-9.089300 
-117.000000	0.493848  	1.092220  	-9.089300 
-116.000000	0.475936  	1.111452  	-9.089300 
-115.000000	0.458025  	1.130685  	-9.089300 
-114.000000	0.440113  	1.149917  	-9.089300 
-113.000000	0.422202  	1.169149  	-9.089300 
-112.000000	0.404030  	1.187038  	-9.089300 
-111.000000	0.385599  	1.203585  	-9.089300 
-110.000000	0.367167  	1.220131  	-9.089300 
-109.000000	0.348736  	1.236677  	-9.089300 
-108.000000	0.330304  	1.253223  	-9.089300 
-107.000000	0.311584  	1.266688  	-9.089300 
-106.000000	0.292863  	1.280153  	-9.089300 
-105.000000	0.274142  	1.293619  	-9.089300 
-104.000000	0.255421  	1.307084  	-9.089300 
-103.000000	0.236705  	1.318850  	-9.089300 
-102.000000	0.217992  	1.328916  	-9.089300 
-101.000000	0.199279  	1.338981  	-9.089300 
-100.000000	0.180567  	1.349047  	-9.089300 
-99.000000	0.161854  	1.359113  	-9.089300 
-98.000000	0.143498  	1.365546  	-9.089300 
-97.000000	0.125143  	1.371978  	-9.089300 
-96.000000	0.106787  	1.378410  	-9.089300 
-95.000000	0.088431  	1.384842  	-9.089300 
-94.000000	0.070448  	1.389385  	-9.089300 
-93.000000	0.052836  	1.392039  	-9.089300 
-92.000000	0.035224  	1.394693  	-9.089300 
-91.000000	0.017612  	1.397346  	-9.089300 
-90.000000	0.000000  	1.400000  	-9.089300 
-89.000000	-0.017612 	1.397346  	-9.089300 
-88.000000	-0.035224 	1.394693  	-9.089300 
-87.000000	-0.052836 	1.392039  	-9.089300 
-86.000000	-0.070448 	1.389385  	-9.089300 
-85.000000	-0.088431 	1.384842  	-9.089300 
-84.000000	-0.106787 	1.378410  	-9.089300 
-83.000000	-0.125143 	1.371978  	-9.089300 
-82.000000	-0.143498 	1.365546  	-9.089300 
-81.000000	-0.161854 	1.359113  	-9.089300 
-80.000000	-0.180567 	1.349047  	-9.089300 
-79.000000	-0.199279 	1.338981  	-9.089300 
-78.000000	-0.217992 	1.328916  	-9.089300 
-77.000000	-0.236705 	1.318850  	-9.089300 
-76.000000	-0.255421 	1.307084  	-9.089300 
-75.000000	-0.274142 	1.293619  	-9.089300 
-74.000000	-0.292863 	1.280153  	-9.089300 
-73.000000	-0.311584 	1.266688  	-9.089300 
-72.000000	-0.330304 	1.253223  	-9.089300 
-71.000000	-0.348736 	1.236677  	-9.089300 
-70.000000	-0.367167 	1.220131  	-9.089300 
-69.000000	-0.385599 	1.203585  	-9.089300 
-68.000000	-0.404030 	1.187038  	-9.089300 
-67.000000	-0.422202 	1.169149  	-9.089300 
-66.000000	-0.440113 	1.149917  	-9.089300 
-65.000000	-0.458025 	1.130685  	-9.089300 
-64.000000	-0.475936 	1.111452  	-9.089300 
-63.000000	-0.493848 	1.092220  	-9.089300 
-62.000000	-0.511093 	1.070763  	-9.089300 
-61.000000	-0.528339 	1.049305  	-9.089300 
-60.000000	-0.545584 	1.027848  	-9.089300 
-59.000000	-0.562830 	1.006391  	-9.089300 
-58.000000	-0.579723 	0.984079  	-9.089300 
-57.000000	-0.596264 	0.960913  	-9.089300 
-56.000000	-0.612805 	0.937747  	-9.089300 
-55.000000	-0.629346 	0.914581  	-9.089300 
-54.000000	-0.645887 	0.891415  	-9.089300 
-53.000000	-0.661821 	0.867100  	-9.089300 
-52.000000	-0.677756 	0.842784  	-9.089300 
-51.000000	-0.693691 	0.818469  	-9.089300 
-50.000000	-0.709625 	0.794153  	-9.089300 
-49.000000	-0.725396 	0.769557  	-9.089300 
-48.000000	-0.741003 	0.744680  	-9.089300 
-47.000000	-0.756611 	0.719803  	-9.089300 
-46.000000	-0.772218 	0.694926  	-9.089300 
-45.000000	-0.787825 	0.670049  	-9.089300 
-44.000000	-0.803633 	0.645213  	-9.089300 
-43.000000	-0.819441 	0.620377  	-9.089300 
-42.000000	-0.835249 	0.595541  	-9.089300 
-41.000000	-0.851056 	0.570705  	-9.089300 
-40.000000	-0.867411 	0.546191  	-9.089300 
-39.000000	-0.884313 	0.521998  	-9.089300 
-38.000000	-0.901214 	0.497806  	-9.089300 
-37.000000	-0.918116 	0.473613  	-9.089300 
-36.000000	-0.935018 	0.449421  	-9.089300 
-35.000000	-0.954487 	0.426459  	-9.089300 
-34.000000	-0.973955 	0.403497  	-9.089300 
-33.000000	-0.993424 	0.380534  	-9.089300 
-32.000000	-1.012893 	0.357572  	-9.089300 
-31.000000	-1.034885 	0.335505  	-9.089300 
-30.000000	-1.059402 	0.314331  	-9.089300 
-29.000000	-1.083918 	0.293157  	-9.089300 
-28.000000	-1.108434 	0.271984  	-9.089300 
-27.000000	-1.132950 	0.250810  	-9.089300 
-26.000000	-1.106694 	0.237503  	-9.089300 
-25.000000	-1.080438 	0.224196  	-9.089300 
-24.000000	-1.054182 	0.210889  	-9.089300 
-23.000000	-1.027926 	0.197582  	-9.089300 
-22.000000	-1.001671 	0.184275  	-9.089300 
-21.000000	-0.975415 	0.170968  	-9.089300 
-20.000000	-0.949159 	0.157661  	-9.089300 
-19.000000	-0.922903 	0.144354  	-9.089300 
-18.000000	-0.896647 	0.131046  	-9.089300 
-17.000000	-0.870391 	0.117739  	-9.089300 
-16.000000	-0.844135 	0.104432  	-9.089300 
-15.000000	-0.817879 	0.091125  	-9.089300 
-14.000000	-0.791624 	0.077818  	-9.089300 
-13.000000	-0.765368 	0.064511  	-9.089300 
-12.000000	-0.739112 	0.051204  	-8.372194 
-11.000000	-0.712856 	0.037897  	-6.698947 
-10.000000	-0.686600 	0.024590  	-5.025700 
-9.000000 	-0.508300 	0.019200  	-4.037000 
-8.000000 	-0.368600 	0.016200  	-3.260500 
-7.000000 	-0.227100 	0.013040  	-2.529400 
-6.000000 	-0.089500 	0.011420  	-1.851600 
-5.000000 	0.037000  	0.011340  	-1.276200 
-4.000000 	0.161000  	0.011600  	-0.798900 
-3.000000 	0.284300  	0.011850  	-0.755700 
-2.000000 	0.406700  	0.012140  	-0.829700 
-1.000000 	0.528500  	0.012460  	-0.908900 
0.000000  	0.649700  	0.012830  	-0.991900 
1.000000  	0.769900  	0.013240  	-1.079600 
2.000000  	0.889400  	0.013610  	-1.182300 
3.000000  	1.006500  	0.013940  	-1.332100 
4.000000  	1.122100  	0.014210  	-1.508600 
5.000000  	1.235300  	0.014490  	-1.728200 
6.000000  	1.345500  	0.014760  	-2.013000 
7.000000  	1.450800  	0.015180  	-2.369100 
8.000000  	1.545000  	0.016300  	-2.807300 
9.000000  	1.607500  	0.019220  	-3.210000 
10.000000 	1.640700  	0.022920  	-3.561300 
11.000000 	1.659000  	0.028290  	-3.889600 
12.000000 	1.672200  	0.036290  	-4.210300 
13.000000 	1.675900  	0.046580  	-4.504500 
14.000000 	1.670000  	0.058550  	-4.829400 
15.000000 	1.659000  	0.071190  	-5.188700 
16.000000 	1.645900  	0.085840  	-5.515800 
17.000000 	1.634200  	0.100830  	-5.841900 
18.000000 	1.624500  	0.115930  	-6.195500 
19.000000 	1.623400  	0.130090  	-6.616100 
20.000000 	1.625000  	0.144050  	-7.032600 
21.000000 	1.629100  	0.157700  	-7.421500 
22.000000 	1.632800  	0.171530  	-7.830900 
23.000000 	1.639100  	0.184820  	-8.238800 
24.000000 	1.643900  	0.198630  	-8.636200 
25.000000 	1.637700  	0.215170  	-8.928400 
26.000000 	1.629000  	0.232520  	-9.029800 
27.000000 	1.618500  	0.250810  	-9.089300 
28.000000 	1.583477  	0.271984  	-9.089300 
29.000000 	1.548454  	0.293157  	-9.089300 
30.000000 	1.513431  	0.314331  	-9.089300 
31.000000 	1.478408  	0.335505  	-9.089300 
32.000000 	1.446990  	0.357572  	-9.089300 
33.000000 	1.419177  	0.380534  	-9.089300 
34.000000 	1.391365  	0.403497  	-9.089300 
35.000000 	1.363552  	0.426459  	-9.089300 
36.000000 	1.335740  	0.449421  	-9.089300 
37.000000 	1.311595  	0.473613  	-9.089300 
38.000000 	1.287449  	0.497806  	-9.089300 
39.000000 	1.263304  	0.521998  	-9.089300 
40.000000 	1.239159  	0.546191  	-9.089300 
41.000000 	1.215795  	0.570705  	-9.089300 
42.000000 	1.193212  	0.595541  	-9.089300 
43.000000 	1.170630  	0.620377  	-9.089300 
44.000000 	1.148047  	0.645213  	-9.089300 
45.000000 	1.125465  	0.670049  	-9.089300 
46.000000 	1.103168  	0.694926  	-9.089300 
47.000000 	1.080872  	0.719803  	-9.089300 
48.000000 	1.058576  	0.744680  	-9.089300 
49.000000 	1.036280  	0.769557  	-9.089300 
50.000000 	1.013750  	0.794153  	-9.089300 
51.000000 	0.990987  	0.818469  	-9.089300 
52.000000 	0.968223  	0.842784  	-9.089300 
53.000000 	0.945459  	0.867100  	-9.089300 
54.000000 	0.922695  	0.891415  	-9.089300 
55.000000 	0.899065  	0.914581  	-9.089300 
56.000000 	0.875435  	0.937747  	-9.089300 
57.000000 	0.851806  	0.960913  	-9.089300 
58.000000 	0.828176  	0.984079  	-9.089300 
59.000000 	0.804042  	1.006391  	-9.089300 
60.000000 	0.779406  	1.027848  	-9.089300 
61.000000 	0.754769  	1.049305  	-9.089300 
62.000000 	0.730133  	1.070763  	-9.089300 
63.000000 	0.705496  	1.092220  	-9.089300 
64.000000 	0.679909  	1.111452  	-9.089300 
65.000000 	0.654321  	1.130685  	-9.089300 
66.000000 	0.628733  	1.149917  	-9.089300 
67.000000 	0.603145  	1.169149  	-9.089300 
68.000000 	0.577186  	1.187038  	-9.089300 
69.000000 	0.550855  	1.203585  	-9.089300 
70.000000 	0.524525  	1.220131  	-9.089300 
71.000000 	0.498194  	1.236677  	-9.089300 
72.000000 	0.471864  	1.253223  	-9.089300 
73.000000 	0.445120  	1.266688  	-9.089300 
74.000000 	0.418376  	1.280153  	-9.089300 
75.000000 	0.391632  	1.293619  	-9.089300 
76.000000 	0.364888  	1.307084  	-9.089300 
77.000000 	0.338149  	1.318850  	-9.089300 
78.000000 	0.311417  	1.328916  	-9.089300 
79.000000 	0.284685  	1.338981  	-9.089300 
80.000000 	0.257952  	1.349047  	-9.089300 
81.000000 	0.231220  	1.359113  	-9.089300 
82.000000 	0.204998  	1.365546  	-9.089300 
83.000000 	0.178775  	1.371978  	-9.089300 
84.000000 	0.152553  	1.378410  	-9.089300 
85.000000 	0.126331  	1.384842  	-9.089300 
86.000000 	0.100640  	1.389385  	-9.089300 
87.000000 	0.075480  	1.392039  	-9.089300 
88.000000 	0.050320  	1.394693  	-9.089300 
89.000000 	0.025160  	1.397346  	-9.089300 
90.000000 	0.000000  	1.400000  	-9.089300 
91.000000 	-0.017612 	1.397346  	-9.089300 
92.000000 	-0.035224 	1.394693  	-9.089300 
93.000000 	-0.052836 	1.392039  	-9.089300 
94.000000 	-0.070448 	1.389385  	-9.089300 
95.000000 	-0.088431 	1.384842  	-9.089300 
96.000000 	-0.106787 	1.378410  	-9.089300 
97.000000 	-0.125143 	1.371978  	-9.089300 
98.000000 	-0.143498 	1.365546  	-9.089300 
99.000000 	-0.161854 	1.359113  	-9.089300 
100.000000	-0.180567 	1.349047  	-9.089300 
101.000000	-0.199279 	1.338981  	-9.089300 
102.000000	-0.217992 	1.328916  	-9.089300 
103.000000	-0.236705 	1.318850  	-9.089300 
104.000000	-0.255421 	1.307084  	-9.089300 
105.000000	-0.274142 	1.293619  	-9.089300 
106.000000	-0.292863 	1.280153  	-9.089300 
107.000000	-0.311584 	1.266688  	-9.089300 
108.000000	-0.330304 	1.253223  	-9.089300 
109.000000	-0.348736 	1.236677  	-9.089300 
110.000000	-0.367167 	1.220131  	-9.089300 
111.000000	-0.385599 	1.203585  	-9.089300 
112.000000	-0.404030 	1.187038  	-9.089300 
113.000000	-0.422202 	1.169149  	-9.089300 
114.000000	-0.440113 	1.149917  	-9.089300 
115.000000	-0.458025 	1.130685  	-9.089300 
116.000000	-0.475936 	1.111452  	-9.089300 
117.000000	-0.493848 	1.092220  	-9.089300 
118.000000	-0.511093 	1.070763  	-9.089300 
119.000000	-0.528339 	1.049305  	-9.089300 
120.000000	-0.545584 	1.027848  	-9.089300 
121.000000	-0.562830 	1.006391  	-9.089300 
122.000000	-0.579723 	0.984079  	-9.089300 
123.000000	-0.596264 	0.960913  	-9.089300 
124.000000	-0.612805 	0.937747  	-9.089300 
125.000000	-0.629346 	0.914581  	-9.089300 
126.000000	-0.645887 	0.891415  	-9.089300 
127.000000	-0.661821 	0.867100  	-9.089300 
128.000000	-0.677756 	0.842784  	-9.089300 
129.000000	-0.693691 	0.818469  	-9.089300 
130.000000	-0.709625 	0.794153  	-9.089300 
131.000000	-0.725396 	0.769557  	-9.089300 
132.000000	-0.741003 	0.744680  	-9.089300 
133.000000	-0.756611 	0.719803  	-9.089300 
134.000000	-0.772218 	0.694926  	-9.089300 
135.000000	-0.787825 	0.670049  	-9.089300 
136.000000	-0.803633 	0.645213  	-9.089300 
137.000000	-0.819441 	0.620377  	-9.089300 
138.000000	-0.835249 	0.595541  	-9.089300 
139.000000	-0.851056 	0.570705  	-9.089300 
140.000000	-0.867411 	0.546191  	-9.089300 
141.000000	-0.884313 	0.521998  	-9.089300 
142.000000	-0.901214 	0.497806  	-9.089300 
143.000000	-0.918116 	0.473613  	-9.089300 
144.000000	-0.935018 	0.449421  	-9.089300 
145.000000	-0.954487 	0.426459  	-9.089300 
146.000000	-0.973955 	0.403497  	-9.089300 
147.000000	-0.993424 	0.380534  	-9.089300 
148.000000	-1.012893 	0.357572  	-9.089300 
149.000000	-1.034885 	0.335505  	-9.089300 
150.000000	-1.059402 	0.314331  	-9.089300 
151.000000	-1.083918 	0.293157  	-9.089300 
152.000000	-1.108434 	0.271984  	-9.089300 
153.000000	-1.132950 	0.250810  	-9.089300 
154.000000	-1.090989 	0.231216  	-9.089300 
155.000000	-1.049028 	0.211698  	-9.089300 
156.000000	-1.007067 	0.193180  	-9.089300 
157.000000	-0.965106 	0.174828  	-9.089300 
158.000000	-0.923144 	0.157469  	-9.089300 
159.000000	-0.881183 	0.140375  	-9.089300 
160.000000	-0.839222 	0.124254  	-9.089300 
161.000000	-0.797261 	0.108506  	-9.089300 
162.000000	-0.755300 	0.093693  	-9.089300 
163.000000	-0.713339 	0.079371  	-9.089300 
164.000000	-0.671378 	0.065934  	-9.089300 
165.000000	-0.629417 	0.053112  	-9.089300 
166.000000	-0.587456 	0.041110  	-9.089300 
167.000000	-0.545494 	0.029853  	-9.089300 
168.000000	-0.503533 	0.019340  	-9.089300 
169.000000	-0.461572 	0.010735  	-9.089300 
170.000000	-0.419611 	0.003562  	-9.089300 
171.000000	-0.377650 	0.001000  	-9.089300 
172.000000	-0.335689 	0.001000  	-9.089300 
173.000000	-0.293728 	0.001000  	-9.089300 
174.000000	-0.251767 	0.001000  	-9.089300 
175.000000	-0.209806 	0.001000  	-9.089300 
176.000000	-0.167844 	0.001000  	-9.089300 
177.000000	-0.125883 	0.001000  	-9.089300 
178.000000	-0.083922 	0.001000  	-9.089300 
179.000000	-0.041961 	0.001000  	-9.089300 
180.000000	0.000000  	0.001000  	-9.089300 
! ------------------------------------------------------------------------------
! data for table	4         
! ------------------------------------------------------------------------------
  0.500000  	Re           ! Reynolds number in millions
  0.000000  	UserProp     ! User property (control) setting
Flase           InclUAdata   ! Is unsteady aerodynamics data included in this table? If TRUE, then include UA coefficients below this line. Any missing coefficients will be calculated internally.
! Table of aerodynamics coefficients
  361       	NumAlf       ! Number of data lines in the following table
!Alpha      Cl          Cd          Cm/Cp
!(deg)      (-)         (-)         (-)
-180.000000	0.000000  	0.001000  	-9.333200 
-179.000000	0.040330  	0.001000  	-9.333200 
-178.000000	0.080660  	0.001000  	-9.333200 
-177.000000	0.120990  	0.001000  	-9.333200 
-176.000000	0.161320  	0.001000  	-9.333200 
-175.000000	0.201650  	0.001000  	-9.333200 
-174.000000	0.241980  	0.001000  	-9.333200 
-173.000000	0.282310  	0.001000  	-9.333200 
-172.000000	0.322640  	0.001000  	-9.333200 
-171.000000	0.362970  	0.001000  	-9.333200 
-170.000000	0.403300  	0.001000  	-9.333200 
-169.000000	0.443630  	0.009458  	-9.333200 
-168.000000	0.483960  	0.017917  	-9.333200 
-167.000000	0.524290  	0.028797  	-9.333200 
-166.000000	0.564620  	0.039677  	-9.333200 
-165.000000	0.604950  	0.052089  	-9.333200 
-164.000000	0.645280  	0.064501  	-9.333200 
-163.000000	0.685610  	0.078384  	-9.333200 
-162.000000	0.725940  	0.092267  	-9.333200 
-161.000000	0.766270  	0.107555  	-9.333200 
-160.000000	0.806600  	0.122843  	-9.333200 
-159.000000	0.846930  	0.139462  	-9.333200 
-158.000000	0.887260  	0.156081  	-9.333200 
-157.000000	0.927590  	0.173951  	-9.333200 
-156.000000	0.967920  	0.191821  	-9.333200 
-155.000000	1.008250  	0.210856  	-9.333200 
-154.000000	1.048580  	0.229892  	-9.333200 
-153.000000	1.088910  	0.250001  	-9.333200 
-152.000000	1.129240  	0.270110  	-9.333200 
-151.000000	1.105030  	0.291723  	-9.333200 
-150.000000	1.080820  	0.313336  	-9.333200 
-149.000000	1.056610  	0.334949  	-9.333200 
-148.000000	1.032400  	0.356562  	-9.333200 
-147.000000	1.010802  	0.379119  	-9.333200 
-146.000000	0.991164  	0.402383  	-9.333200 
-145.000000	0.971526  	0.425648  	-9.333200 
-144.000000	0.951887  	0.448912  	-9.333200 
-143.000000	0.932585  	0.472334  	-9.333200 
-142.000000	0.915294  	0.496702  	-9.333200 
-141.000000	0.898004  	0.521071  	-9.333200 
-140.000000	0.880714  	0.545439  	-9.333200 
-139.000000	0.863424  	0.569808  	-9.333200 
-138.000000	0.846852  	0.594556  	-9.333200 
-137.000000	0.830569  	0.619456  	-9.333200 
-136.000000	0.814285  	0.644356  	-9.333200 
-135.000000	0.798002  	0.669256  	-9.333200 
-134.000000	0.781771  	0.694140  	-9.333200 
-133.000000	0.765673  	0.718987  	-9.333200 
-132.000000	0.749576  	0.743834  	-9.333200 
-131.000000	0.733478  	0.768681  	-9.333200 
-130.000000	0.717380  	0.793528  	-9.333200 
-129.000000	0.701025  	0.817831  	-9.333200 
-128.000000	0.684627  	0.842042  	-9.333200 
-127.000000	0.668229  	0.866254  	-9.333200 
-126.000000	0.651832  	0.890465  	-9.333200 
-125.000000	0.635196  	0.914161  	-9.333200 
-124.000000	0.618243  	0.937171  	-9.333200 
-123.000000	0.601290  	0.960180  	-9.333200 
-122.000000	0.584337  	0.983189  	-9.333200 
-121.000000	0.567385  	1.006199  	-9.333200 
-120.000000	0.549791  	1.027468  	-9.333200 
-119.000000	0.532198  	1.048738  	-9.333200 
-118.000000	0.514605  	1.070008  	-9.333200 
-117.000000	0.497012  	1.091278  	-9.333200 
-116.000000	0.479078  	1.111271  	-9.333200 
-115.000000	0.460888  	1.130306  	-9.333200 
-114.000000	0.442698  	1.149340  	-9.333200 
-113.000000	0.424508  	1.168375  	-9.333200 
-112.000000	0.406254  	1.187028  	-9.333200 
-111.000000	0.387612  	1.203386  	-9.333200 
-110.000000	0.368971  	1.219745  	-9.333200 
-109.000000	0.350330  	1.236103  	-9.333200 
-108.000000	0.331689  	1.252461  	-9.333200 
-107.000000	0.312886  	1.266639  	-9.333200 
-106.000000	0.294019  	1.279943  	-9.333200 
-105.000000	0.275153  	1.293248  	-9.333200 
-104.000000	0.256286  	1.306552  	-9.333200 
-103.000000	0.237437  	1.318897  	-9.333200 
-102.000000	0.218634  	1.328844  	-9.333200 
-101.000000	0.199831  	1.338790  	-9.333200 
-100.000000	0.181028  	1.348737  	-9.333200 
-99.000000	0.162225  	1.358683  	-9.333200 
-98.000000	0.143767  	1.365559  	-9.333200 
-97.000000	0.125366  	1.371924  	-9.333200 
-96.000000	0.106965  	1.378288  	-9.333200 
-95.000000	0.088564  	1.384653  	-9.333200 
-94.000000	0.070497  	1.389423  	-9.333200 
-93.000000	0.052872  	1.392067  	-9.333200 
-92.000000	0.035248  	1.394711  	-9.333200 
-91.000000	0.017624  	1.397356  	-9.333200 
-90.000000	0.000000  	1.400000  	-9.333200 
-89.000000	-0.017624 	1.397356  	-9.333200 
-88.000000	-0.035248 	1.394711  	-9.333200 
-87.000000	-0.052872 	1.392067  	-9.333200 
-86.000000	-0.070497 	1.389423  	-9.333200 
-85.000000	-0.088564 	1.384653  	-9.333200 
-84.000000	-0.106965 	1.378288  	-9.333200 
-83.000000	-0.125366 	1.371924  	-9.333200 
-82.000000	-0.143767 	1.365559  	-9.333200 
-81.000000	-0.162225 	1.358683  	-9.333200 
-80.000000	-0.181028 	1.348737  	-9.333200 
-79.000000	-0.199831 	1.338790  	-9.333200 
-78.000000	-0.218634 	1.328844  	-9.333200 
-77.000000	-0.237437 	1.318897  	-9.333200 
-76.000000	-0.256286 	1.306552  	-9.333200 
-75.000000	-0.275153 	1.293248  	-9.333200 
-74.000000	-0.294019 	1.279943  	-9.333200 
-73.000000	-0.312886 	1.266639  	-9.333200 
-72.000000	-0.331689 	1.252461  	-9.333200 
-71.000000	-0.350330 	1.236103  	-9.333200 
-70.000000	-0.368971 	1.219745  	-9.333200 
-69.000000	-0.387612 	1.203386  	-9.333200 
-68.000000	-0.406254 	1.187028  	-9.333200 
-67.000000	-0.424508 	1.168375  	-9.333200 
-66.000000	-0.442698 	1.149340  	-9.333200 
-65.000000	-0.460888 	1.130306  	-9.333200 
-64.000000	-0.479078 	1.111271  	-9.333200 
-63.000000	-0.497012 	1.091278  	-9.333200 
-62.000000	-0.514605 	1.070008  	-9.333200 
-61.000000	-0.532198 	1.048738  	-9.333200 
-60.000000	-0.549791 	1.027468  	-9.333200 
-59.000000	-0.567385 	1.006199  	-9.333200 
-58.000000	-0.584337 	0.983189  	-9.333200 
-57.000000	-0.601290 	0.960180  	-9.333200 
-56.000000	-0.618243 	0.937171  	-9.333200 
-55.000000	-0.635196 	0.914161  	-9.333200 
-54.000000	-0.651832 	0.890465  	-9.333200 
-53.000000	-0.668229 	0.866254  	-9.333200 
-52.000000	-0.684627 	0.842042  	-9.333200 
-51.000000	-0.701025 	0.817831  	-9.333200 
-50.000000	-0.717380 	0.793528  	-9.333200 
-49.000000	-0.733478 	0.768681  	-9.333200 
-48.000000	-0.749576 	0.743834  	-9.333200 
-47.000000	-0.765673 	0.718987  	-9.333200 
-46.000000	-0.781771 	0.694140  	-9.333200 
-45.000000	-0.798002 	0.669256  	-9.333200 
-44.000000	-0.814285 	0.644356  	-9.333200 
-43.000000	-0.830569 	0.619456  	-9.333200 
-42.000000	-0.846852 	0.594556  	-9.333200 
-41.000000	-0.863424 	0.569808  	-9.333200 
-40.000000	-0.880714 	0.545439  	-9.333200 
-39.000000	-0.898004 	0.521071  	-9.333200 
-38.000000	-0.915294 	0.496702  	-9.333200 
-37.000000	-0.932585 	0.472334  	-9.333200 
-36.000000	-0.951887 	0.448912  	-9.333200 
-35.000000	-0.971526 	0.425648  	-9.333200 
-34.000000	-0.991164 	0.402383  	-9.333200 
-33.000000	-1.010802 	0.379119  	-9.333200 
-32.000000	-1.032400 	0.356562  	-9.333200 
-31.000000	-1.056610 	0.334949  	-9.333200 
-30.000000	-1.080820 	0.313336  	-9.333200 
-29.000000	-1.105030 	0.291723  	-9.333200 
-28.000000	-1.129240 	0.270110  	-9.333200 
-27.000000	-1.103932 	0.256348  	-9.333200 
-26.000000	-1.078624 	0.242587  	-9.333200 
-25.000000	-1.053317 	0.228825  	-9.333200 
-24.000000	-1.028009 	0.215063  	-9.333200 
-23.000000	-1.002701 	0.201302  	-9.333200 
-22.000000	-0.977393 	0.187540  	-9.333200 
-21.000000	-0.952086 	0.173778  	-9.333200 
-20.000000	-0.926778 	0.160017  	-9.333200 
-19.000000	-0.901470 	0.146255  	-9.333200 
-18.000000	-0.876162 	0.132493  	-9.333200 
-17.000000	-0.850854 	0.118732  	-9.333200 
-16.000000	-0.825547 	0.104970  	-9.333200 
-15.000000	-0.800239 	0.091208  	-9.333200 
-14.000000	-0.774931 	0.077447  	-9.333200 
-13.000000	-0.749623 	0.063685  	-9.333200 
-12.000000	-0.724316 	0.049923  	-8.385133 
-11.000000	-0.699008 	0.036162  	-6.726017 
-10.000000	-0.673700 	0.022400  	-5.066900 
-9.000000 	-0.494700 	0.017640  	-4.037200 
-8.000000 	-0.365200 	0.015240  	-3.274700 
-7.000000 	-0.227100 	0.012730  	-2.545400 
-6.000000 	-0.094050 	0.011635  	-1.911700 
-5.000000 	0.039000  	0.010540  	-1.278000 
-4.000000 	0.163400  	0.010640  	-0.796900 
-3.000000 	0.286600  	0.010870  	-0.759200 
-2.000000 	0.409300  	0.011090  	-0.833300 
-1.000000 	0.531200  	0.011360  	-0.912800 
0.000000  	0.652400  	0.011660  	-0.995600 
1.000000  	0.772800  	0.012000  	-1.083200 
2.000000  	0.892300  	0.012330  	-1.185600 
3.000000  	1.009500  	0.012580  	-1.336100 
4.000000  	1.125400  	0.012880  	-1.513300 
5.000000  	1.239300  	0.013170  	-1.735300 
6.000000  	1.350400  	0.013500  	-2.023500 
7.000000  	1.456300  	0.014100  	-2.384100 
8.000000  	1.549000  	0.015600  	-2.822600 
9.000000  	1.612800  	0.018690  	-3.224000 
10.000000 	1.659100  	0.021930  	-3.608400 
11.000000 	1.680600  	0.026660  	-3.949200 
12.000000 	1.697500  	0.033970  	-4.293500 
13.000000 	1.704100  	0.043740  	-4.608000 
14.000000 	1.702400  	0.055100  	-4.965200 
15.000000 	1.692700  	0.068060  	-5.333600 
16.000000 	1.681200  	0.081520  	-5.683800 
17.000000 	1.667200  	0.096610  	-6.048300 
18.000000 	1.654600  	0.112000  	-6.389000 
19.000000 	1.642200  	0.127830  	-6.741000 
20.000000 	1.632200  	0.143670  	-7.125500 
21.000000 	1.631300  	0.158490  	-7.471200 
22.000000 	1.629300  	0.173480  	-7.865400 
23.000000 	1.629000  	0.188590  	-8.217500 
24.000000 	1.628300  	0.203830  	-8.574600 
25.000000 	1.630200  	0.218530  	-8.918100 
26.000000 	1.623100  	0.236070  	-9.072600 
27.000000 	1.614100  	0.254130  	-9.164500 
28.000000 	1.613200  	0.270110  	-9.333200 
29.000000 	1.578614  	0.291723  	-9.333200 
30.000000 	1.544028  	0.313336  	-9.333200 
31.000000 	1.509443  	0.334949  	-9.333200 
32.000000 	1.474857  	0.356562  	-9.333200 
33.000000 	1.444003  	0.379119  	-9.333200 
34.000000 	1.415948  	0.402383  	-9.333200 
35.000000 	1.387894  	0.425648  	-9.333200 
36.000000 	1.359839  	0.448912  	-9.333200 
37.000000 	1.332264  	0.472334  	-9.333200 
38.000000 	1.307563  	0.496702  	-9.333200 
39.000000 	1.282863  	0.521071  	-9.333200 
40.000000 	1.258163  	0.545439  	-9.333200 
41.000000 	1.233462  	0.569808  	-9.333200 
42.000000 	1.209789  	0.594556  	-9.333200 
43.000000 	1.186527  	0.619456  	-9.333200 
44.000000 	1.163265  	0.644356  	-9.333200 
45.000000 	1.140002  	0.669256  	-9.333200 
46.000000 	1.116816  	0.694140  	-9.333200 
47.000000 	1.093819  	0.718987  	-9.333200 
48.000000 	1.070822  	0.743834  	-9.333200 
49.000000 	1.047825  	0.768681  	-9.333200 
50.000000 	1.024829  	0.793528  	-9.333200 
51.000000 	1.001464  	0.817831  	-9.333200 
52.000000 	0.978039  	0.842042  	-9.333200 
53.000000 	0.954613  	0.866254  	-9.333200 
54.000000 	0.931188  	0.890465  	-9.333200 
55.000000 	0.907423  	0.914161  	-9.333200 
56.000000 	0.883204  	0.937171  	-9.333200 
57.000000 	0.858986  	0.960180  	-9.333200 
58.000000 	0.834768  	0.983189  	-9.333200 
59.000000 	0.810550  	1.006199  	-9.333200 
60.000000 	0.785416  	1.027468  	-9.333200 
61.000000 	0.760283  	1.048738  	-9.333200 
62.000000 	0.735150  	1.070008  	-9.333200 
63.000000 	0.710017  	1.091278  	-9.333200 
64.000000 	0.684397  	1.111271  	-9.333200 
65.000000 	0.658411  	1.130306  	-9.333200 
66.000000 	0.632425  	1.149340  	-9.333200 
67.000000 	0.606440  	1.168375  	-9.333200 
68.000000 	0.580362  	1.187028  	-9.333200 
69.000000 	0.553732  	1.203386  	-9.333200 
70.000000 	0.527102  	1.219745  	-9.333200 
71.000000 	0.500471  	1.236103  	-9.333200 
72.000000 	0.473841  	1.252461  	-9.333200 
73.000000 	0.446980  	1.266639  	-9.333200 
74.000000 	0.420028  	1.279943  	-9.333200 
75.000000 	0.393075  	1.293248  	-9.333200 
76.000000 	0.366123  	1.306552  	-9.333200 
77.000000 	0.339196  	1.318897  	-9.333200 
78.000000 	0.312335  	1.328844  	-9.333200 
79.000000 	0.285473  	1.338790  	-9.333200 
80.000000 	0.258612  	1.348737  	-9.333200 
81.000000 	0.231750  	1.358683  	-9.333200 
82.000000 	0.205381  	1.365559  	-9.333200 
83.000000 	0.179095  	1.371924  	-9.333200 
84.000000 	0.152808  	1.378288  	-9.333200 
85.000000 	0.126521  	1.384653  	-9.333200 
86.000000 	0.100709  	1.389423  	-9.333200 
87.000000 	0.075532  	1.392067  	-9.333200 
88.000000 	0.050355  	1.394711  	-9.333200 
89.000000 	0.025177  	1.397356  	-9.333200 
90.000000 	0.000000  	1.400000  	-9.333200 
91.000000 	-0.017624 	1.397356  	-9.333200 
92.000000 	-0.035248 	1.394711  	-9.333200 
93.000000 	-0.052872 	1.392067  	-9.333200 
94.000000 	-0.070497 	1.389423  	-9.333200 
95.000000 	-0.088564 	1.384653  	-9.333200 
96.000000 	-0.106965 	1.378288  	-9.333200 
97.000000 	-0.125366 	1.371924  	-9.333200 
98.000000 	-0.143767 	1.365559  	-9.333200 
99.000000 	-0.162225 	1.358683  	-9.333200 
100.000000	-0.181028 	1.348737  	-9.333200 
101.000000	-0.199831 	1.338790  	-9.333200 
102.000000	-0.218634 	1.328844  	-9.333200 
103.000000	-0.237437 	1.318897  	-9.333200 
104.000000	-0.256286 	1.306552  	-9.333200 
105.000000	-0.275153 	1.293248  	-9.333200 
106.000000	-0.294019 	1.279943  	-9.333200 
107.000000	-0.312886 	1.266639  	-9.333200 
108.000000	-0.331689 	1.252461  	-9.333200 
109.000000	-0.350330 	1.236103  	-9.333200 
110.000000	-0.368971 	1.219745  	-9.333200 
111.000000	-0.387612 	1.203386  	-9.333200 
112.000000	-0.406254 	1.187028  	-9.333200 
113.000000	-0.424508 	1.168375  	-9.333200 
114.000000	-0.442698 	1.149340  	-9.333200 
115.000000	-0.460888 	1.130306  	-9.333200 
116.000000	-0.479078 	1.111271  	-9.333200 
117.000000	-0.497012 	1.091278  	-9.333200 
118.000000	-0.514605 	1.070008  	-9.333200 
119.000000	-0.532198 	1.048738  	-9.333200 
120.000000	-0.549791 	1.027468  	-9.333200 
121.000000	-0.567385 	1.006199  	-9.333200 
122.000000	-0.584337 	0.983189  	-9.333200 
123.000000	-0.601290 	0.960180  	-9.333200 
124.000000	-0.618243 	0.937171  	-9.333200 
125.000000	-0.635196 	0.914161  	-9.333200 
126.000000	-0.651832 	0.890465  	-9.333200 
127.000000	-0.668229 	0.866254  	-9.333200 
128.000000	-0.684627 	0.842042  	-9.333200 
129.000000	-0.701025 	0.817831  	-9.333200 
130.000000	-0.717380 	0.793528  	-9.333200 
131.000000	-0.733478 	0.768681  	-9.333200 
132.000000	-0.749576 	0.743834  	-9.333200 
133.000000	-0.765673 	0.718987  	-9.333200 
134.000000	-0.781771 	0.694140  	-9.333200 
135.000000	-0.798002 	0.669256  	-9.333200 
136.000000	-0.814285 	0.644356  	-9.333200 
137.000000	-0.830569 	0.619456  	-9.333200 
138.000000	-0.846852 	0.594556  	-9.333200 
139.000000	-0.863424 	0.569808  	-9.333200 
140.000000	-0.880714 	0.545439  	-9.333200 
141.000000	-0.898004 	0.521071  	-9.333200 
142.000000	-0.915294 	0.496702  	-9.333200 
143.000000	-0.932585 	0.472334  	-9.333200 
144.000000	-0.951887 	0.448912  	-9.333200 
145.000000	-0.971526 	0.425648  	-9.333200 
146.000000	-0.991164 	0.402383  	-9.333200 
147.000000	-1.010802 	0.379119  	-9.333200 
148.000000	-1.032400 	0.356562  	-9.333200 
149.000000	-1.056610 	0.334949  	-9.333200 
150.000000	-1.080820 	0.313336  	-9.333200 
151.000000	-1.105030 	0.291723  	-9.333200 
152.000000	-1.129240 	0.270110  	-9.333200 
153.000000	-1.088910 	0.250001  	-9.333200 
154.000000	-1.048580 	0.229892  	-9.333200 
155.000000	-1.008250 	0.210856  	-9.333200 
156.000000	-0.967920 	0.191821  	-9.333200 
157.000000	-0.927590 	0.173951  	-9.333200 
158.000000	-0.887260 	0.156081  	-9.333200 
159.000000	-0.846930 	0.139462  	-9.333200 
160.000000	-0.806600 	0.122843  	-9.333200 
161.000000	-0.766270 	0.107555  	-9.333200 
162.000000	-0.725940 	0.092267  	-9.333200 
163.000000	-0.685610 	0.078384  	-9.333200 
164.000000	-0.645280 	0.064501  	-9.333200 
165.000000	-0.604950 	0.052089  	-9.333200 
166.000000	-0.564620 	0.039677  	-9.333200 
167.000000	-0.524290 	0.028797  	-9.333200 
168.000000	-0.483960 	0.017917  	-9.333200 
169.000000	-0.443630 	0.009458  	-9.333200 
170.000000	-0.403300 	0.001000  	-9.333200 
171.000000	-0.362970 	0.001000  	-9.333200 
172.000000	-0.322640 	0.001000  	-9.333200 
173.000000	-0.282310 	0.001000  	-9.333200 
174.000000	-0.241980 	0.001000  	-9.333200 
175.000000	-0.201650 	0.001000  	-9.333200 
176.000000	-0.161320 	0.001000  	-9.333200 
177.000000	-0.120990 	0.001000  	-9.333200 
178.000000	-0.080660 	0.001000  	-9.333200 
179.000000	-0.040330 	0.001000  	-9.333200 
180.000000	0.000000  	0.001000  	-9.333200 
! ------------------------------------------------------------------------------
! data for table	5         
! ------------------------------------------------------------------------------
  0.600000  	Re           ! Reynolds number in millions
  0.000000  	UserProp     ! User property (control) setting
Flase           InclUAdata   ! Is unsteady aerodynamics data included in this table? If TRUE, then include UA coefficients below this line. Any missing coefficients will be calculated internally.
! Table of aerodynamics coefficients
  361       	NumAlf       ! Number of data lines in the following table
!Alpha      Cl          Cd          Cm/Cp
!(deg)      (-)         (-)         (-)
-180.000000	0.000000  	0.001000  	-9.362500 
-179.000000	0.038802  	0.001000  	-9.362500 
-178.000000	0.077603  	0.001000  	-9.362500 
-177.000000	0.116405  	0.001000  	-9.362500 
-176.000000	0.155207  	0.001000  	-9.362500 
-175.000000	0.194009  	0.001000  	-9.362500 
-174.000000	0.232810  	0.001000  	-9.362500 
-173.000000	0.271612  	0.001000  	-9.362500 
-172.000000	0.310414  	0.001000  	-9.362500 
-171.000000	0.349216  	0.001000  	-9.362500 
-170.000000	0.388017  	0.001000  	-9.362500 
-169.000000	0.426819  	0.007001  	-9.362500 
-168.000000	0.465621  	0.016335  	-9.362500 
-167.000000	0.504422  	0.026763  	-9.362500 
-166.000000	0.543224  	0.038012  	-9.362500 
-165.000000	0.582026  	0.050047  	-9.362500 
-164.000000	0.620828  	0.062868  	-9.362500 
-163.000000	0.659629  	0.076335  	-9.362500 
-162.000000	0.698431  	0.090662  	-9.362500 
-161.000000	0.737233  	0.105501  	-9.362500 
-160.000000	0.776034  	0.121261  	-9.362500 
-159.000000	0.814836  	0.137407  	-9.362500 
-158.000000	0.853638  	0.154518  	-9.362500 
-157.000000	0.892440  	0.171899  	-9.362500 
-156.000000	0.931241  	0.190273  	-9.362500 
-155.000000	0.970043  	0.208813  	-9.362500 
-154.000000	1.008845  	0.228355  	-9.362500 
-153.000000	1.047647  	0.247972  	-9.362500 
-152.000000	1.086448  	0.268581  	-9.362500 
-151.000000	1.125250  	0.289190  	-9.362500 
-150.000000	1.101274  	0.311226  	-9.362500 
-149.000000	1.077298  	0.333263  	-9.362500 
-148.000000	1.053322  	0.355299  	-9.362500 
-147.000000	1.029346  	0.377336  	-9.362500 
-146.000000	1.008035  	0.400347  	-9.362500 
-145.000000	0.988203  	0.423901  	-9.362500 
-144.000000	0.968372  	0.447454  	-9.362500 
-143.000000	0.948541  	0.471007  	-9.362500 
-142.000000	0.929323  	0.494841  	-9.362500 
-141.000000	0.911641  	0.519375  	-9.362500 
-140.000000	0.893958  	0.543909  	-9.362500 
-139.000000	0.876276  	0.568444  	-9.362500 
-138.000000	0.858593  	0.592978  	-9.362500 
-137.000000	0.841772  	0.617905  	-9.362500 
-136.000000	0.825017  	0.642863  	-9.362500 
-135.000000	0.808262  	0.667821  	-9.362500 
-134.000000	0.791508  	0.692779  	-9.362500 
-133.000000	0.774852  	0.717654  	-9.362500 
-132.000000	0.758272  	0.742469  	-9.362500 
-131.000000	0.741692  	0.767283  	-9.362500 
-130.000000	0.725112  	0.792098  	-9.362500 
-129.000000	0.708473  	0.816761  	-9.362500 
-128.000000	0.691621  	0.840870  	-9.362500 
-127.000000	0.674769  	0.864978  	-9.362500 
-126.000000	0.657917  	0.889087  	-9.362500 
-125.000000	0.641065  	0.913196  	-9.362500 
-124.000000	0.623781  	0.936232  	-9.362500 
-123.000000	0.606425  	0.959089  	-9.362500 
-122.000000	0.589069  	0.981946  	-9.362500 
-121.000000	0.571713  	1.004804  	-9.362500 
-120.000000	0.554068  	1.026777  	-9.362500 
-119.000000	0.536135  	1.047867  	-9.362500 
-118.000000	0.518202  	1.068957  	-9.362500 
-117.000000	0.500269  	1.090046  	-9.362500 
-116.000000	0.482260  	1.110816  	-9.362500 
-115.000000	0.463798  	1.129663  	-9.362500 
-114.000000	0.445337  	1.148511  	-9.362500 
-113.000000	0.426875  	1.167358  	-9.362500 
-112.000000	0.408413  	1.186205  	-9.362500 
-111.000000	0.389650  	1.202959  	-9.362500 
-110.000000	0.370804  	1.219141  	-9.362500 
-109.000000	0.351958  	1.235324  	-9.362500 
-108.000000	0.333112  	1.251506  	-9.362500 
-107.000000	0.314197  	1.266392  	-9.362500 
-106.000000	0.295188  	1.279549  	-9.362500 
-105.000000	0.276179  	1.292706  	-9.362500 
-104.000000	0.257170  	1.305863  	-9.362500 
-103.000000	0.238169  	1.318783  	-9.362500 
-102.000000	0.219278  	1.328624  	-9.362500 
-101.000000	0.200387  	1.338464  	-9.362500 
-100.000000	0.181497  	1.348305  	-9.362500 
-99.000000	0.162606  	1.358146  	-9.362500 
-98.000000	0.144034  	1.365466  	-9.362500 
-97.000000	0.125589  	1.371777  	-9.362500 
-96.000000	0.107144  	1.378088  	-9.362500 
-95.000000	0.088700  	1.384399  	-9.362500 
-94.000000	0.070544  	1.389403  	-9.362500 
-93.000000	0.052908  	1.392052  	-9.362500 
-92.000000	0.035272  	1.394701  	-9.362500 
-91.000000	0.017636  	1.397351  	-9.362500 
-90.000000	0.000000  	1.400000  	-9.362500 
-89.000000	-0.017636 	1.397351  	-9.362500 
-88.000000	-0.035272 	1.394701  	-9.362500 
-87.000000	-0.052908 	1.392052  	-9.362500 
-86.000000	-0.070544 	1.389403  	-9.362500 
-85.000000	-0.088700 	1.384399  	-9.362500 
-84.000000	-0.107144 	1.378088  	-9.362500 
-83.000000	-0.125589 	1.371777  	-9.362500 
-82.000000	-0.144034 	1.365466  	-9.362500 
-81.000000	-0.162606 	1.358146  	-9.362500 
-80.000000	-0.181497 	1.348305  	-9.362500 
-79.000000	-0.200387 	1.338464  	-9.362500 
-78.000000	-0.219278 	1.328624  	-9.362500 
-77.000000	-0.238169 	1.318783  	-9.362500 
-76.000000	-0.257170 	1.305863  	-9.362500 
-75.000000	-0.276179 	1.292706  	-9.362500 
-74.000000	-0.295188 	1.279549  	-9.362500 
-73.000000	-0.314197 	1.266392  	-9.362500 
-72.000000	-0.333112 	1.251506  	-9.362500 
-71.000000	-0.351958 	1.235324  	-9.362500 
-70.000000	-0.370804 	1.219141  	-9.362500 
-69.000000	-0.389650 	1.202959  	-9.362500 
-68.000000	-0.408413 	1.186205  	-9.362500 
-67.000000	-0.426875 	1.167358  	-9.362500 
-66.000000	-0.445337 	1.148511  	-9.362500 
-65.000000	-0.463798 	1.129663  	-9.362500 
-64.000000	-0.482260 	1.110816  	-9.362500 
-63.000000	-0.500269 	1.090046  	-9.362500 
-62.000000	-0.518202 	1.068957  	-9.362500 
-61.000000	-0.536135 	1.047867  	-9.362500 
-60.000000	-0.554068 	1.026777  	-9.362500 
-59.000000	-0.571713 	1.004804  	-9.362500 
-58.000000	-0.589069 	0.981946  	-9.362500 
-57.000000	-0.606425 	0.959089  	-9.362500 
-56.000000	-0.623781 	0.936232  	-9.362500 
-55.000000	-0.641065 	0.913196  	-9.362500 
-54.000000	-0.657917 	0.889087  	-9.362500 
-53.000000	-0.674769 	0.864978  	-9.362500 
-52.000000	-0.691621 	0.840870  	-9.362500 
-51.000000	-0.708473 	0.816761  	-9.362500 
-50.000000	-0.725112 	0.792098  	-9.362500 
-49.000000	-0.741692 	0.767283  	-9.362500 
-48.000000	-0.758272 	0.742469  	-9.362500 
-47.000000	-0.774852 	0.717654  	-9.362500 
-46.000000	-0.791508 	0.692779  	-9.362500 
-45.000000	-0.808262 	0.667821  	-9.362500 
-44.000000	-0.825017 	0.642863  	-9.362500 
-43.000000	-0.841772 	0.617905  	-9.362500 
-42.000000	-0.858593 	0.592978  	-9.362500 
-41.000000	-0.876276 	0.568444  	-9.362500 
-40.000000	-0.893958 	0.543909  	-9.362500 
-39.000000	-0.911641 	0.519375  	-9.362500 
-38.000000	-0.929323 	0.494841  	-9.362500 
-37.000000	-0.948541 	0.471007  	-9.362500 
-36.000000	-0.968372 	0.447454  	-9.362500 
-35.000000	-0.988203 	0.423901  	-9.362500 
-34.000000	-1.008035 	0.400347  	-9.362500 
-33.000000	-1.029346 	0.377336  	-9.362500 
-32.000000	-1.053322 	0.355299  	-9.362500 
-31.000000	-1.077298 	0.333263  	-9.362500 
-30.000000	-1.101274 	0.311226  	-9.362500 
-29.000000	-1.125250 	0.289190  	-9.362500 
-28.000000	-1.100347 	0.275054  	-9.362500 
-27.000000	-1.075445 	0.260918  	-9.362500 
-26.000000	-1.050542 	0.246783  	-9.362500 
-25.000000	-1.025639 	0.232647  	-9.362500 
-24.000000	-1.000737 	0.218511  	-9.362500 
-23.000000	-0.975834 	0.204375  	-9.362500 
-22.000000	-0.950932 	0.190239  	-9.362500 
-21.000000	-0.926029 	0.176104  	-9.362500 
-20.000000	-0.901126 	0.161968  	-9.362500 
-19.000000	-0.876224 	0.147832  	-9.362500 
-18.000000	-0.851321 	0.133696  	-9.362500 
-17.000000	-0.826418 	0.119561  	-9.362500 
-16.000000	-0.801516 	0.105425  	-9.362500 
-15.000000	-0.776613 	0.091289  	-9.362500 
-14.000000	-0.751711 	0.077153  	-9.362500 
-13.000000	-0.726808 	0.063017  	-9.362500 
-12.000000	-0.701905 	0.048882  	-8.224711 
-11.000000	-0.677003 	0.034746  	-6.631805 
-10.000000	-0.652100 	0.020610  	-5.038900 
-9.000000 	-0.491200 	0.016740  	-4.060700 
-8.000000 	-0.362300 	0.014580  	-3.285700 
-7.000000 	-0.226000 	0.012440  	-2.548700 
-6.000000 	-0.086900 	0.010430  	-1.857900 
-5.000000 	0.040800  	0.010000  	-1.277000 
-4.000000 	0.165300  	0.010000  	-0.794900 
-3.000000 	0.288500  	0.010170  	-0.761600 
-2.000000 	0.411200  	0.010380  	-0.835800 
-1.000000 	0.533300  	0.010610  	-0.915500 
0.000000  	0.654500  	0.010880  	-0.998600 
1.000000  	0.775300  	0.011200  	-1.086200 
2.000000  	0.894500  	0.011460  	-1.188000 
3.000000  	1.011700  	0.011660  	-1.338700 
4.000000  	1.128100  	0.011980  	-1.516700 
5.000000  	1.242800  	0.012250  	-1.740600 
6.000000  	1.354500  	0.012660  	-2.030700 
7.000000  	1.460900  	0.013400  	-2.394700 
8.000000  	1.550800  	0.015290  	-2.829300 
9.000000  	1.618600  	0.018230  	-3.241000 
10.000000 	1.673500  	0.021120  	-3.648700 
11.000000 	1.697200  	0.025480  	-3.999200 
12.000000 	1.717500  	0.032190  	-4.358900 
13.000000 	1.728000  	0.041390  	-4.690300 
14.000000 	1.728500  	0.052400  	-5.081800 
15.000000 	1.722100  	0.064760  	-5.479800 
16.000000 	1.710200  	0.078000  	-5.835900 
17.000000 	1.698600  	0.092590  	-6.226300 
18.000000 	1.683300  	0.108170  	-6.572600 
19.000000 	1.662700  	0.125080  	-6.888800 
20.000000 	1.658100  	0.140070  	-7.325100 
21.000000 	1.645600  	0.156640  	-7.598800 
22.000000 	1.640400  	0.172430  	-7.981700 
23.000000 	1.635700  	0.188170  	-8.300100 
24.000000 	1.633000  	0.203910  	-8.654300 
25.000000 	1.628900  	0.220240  	-8.925500 
26.000000 	1.629300  	0.235400  	-9.193900 
27.000000 	1.621800  	0.253140  	-9.324600 
28.000000 	1.612900  	0.271470  	-9.362500 
29.000000 	1.607500  	0.289190  	-9.357300 
30.000000 	1.573249  	0.311226  	-9.358493 
31.000000 	1.538997  	0.333263  	-9.359687 
32.000000 	1.504746  	0.355299  	-9.360880 
33.000000 	1.470495  	0.377336  	-9.362074 
34.000000 	1.440050  	0.400347  	-9.362500 
35.000000 	1.411719  	0.423901  	-9.362500 
36.000000 	1.383389  	0.447454  	-9.362500 
37.000000 	1.355058  	0.471007  	-9.362500 
38.000000 	1.327605  	0.494841  	-9.362500 
39.000000 	1.302344  	0.519375  	-9.362500 
40.000000 	1.277083  	0.543909  	-9.362500 
41.000000 	1.251823  	0.568444  	-9.362500 
42.000000 	1.226562  	0.592978  	-9.362500 
43.000000 	1.202532  	0.617905  	-9.362500 
44.000000 	1.178596  	0.642863  	-9.362500 
45.000000 	1.154661  	0.667821  	-9.362500 
46.000000 	1.130725  	0.692779  	-9.362500 
47.000000 	1.106932  	0.717654  	-9.362500 
48.000000 	1.083246  	0.742469  	-9.362500 
49.000000 	1.059560  	0.767283  	-9.362500 
50.000000 	1.035874  	0.792098  	-9.362500 
51.000000 	1.012104  	0.816761  	-9.362500 
52.000000 	0.988030  	0.840870  	-9.362500 
53.000000 	0.963955  	0.864978  	-9.362500 
54.000000 	0.939881  	0.889087  	-9.362500 
55.000000 	0.915806  	0.913196  	-9.362500 
56.000000 	0.891115  	0.936232  	-9.362500 
57.000000 	0.866321  	0.959089  	-9.362500 
58.000000 	0.841527  	0.981946  	-9.362500 
59.000000 	0.816732  	1.004804  	-9.362500 
60.000000 	0.791526  	1.026777  	-9.362500 
61.000000 	0.765907  	1.047867  	-9.362500 
62.000000 	0.740288  	1.068957  	-9.362500 
63.000000 	0.714670  	1.090046  	-9.362500 
64.000000 	0.688943  	1.110816  	-9.362500 
65.000000 	0.662569  	1.129663  	-9.362500 
66.000000 	0.636195  	1.148511  	-9.362500 
67.000000 	0.609821  	1.167358  	-9.362500 
68.000000 	0.583447  	1.186205  	-9.362500 
69.000000 	0.556642  	1.202959  	-9.362500 
70.000000 	0.529720  	1.219141  	-9.362500 
71.000000 	0.502797  	1.235324  	-9.362500 
72.000000 	0.475875  	1.251506  	-9.362500 
73.000000 	0.448852  	1.266392  	-9.362500 
74.000000 	0.421697  	1.279549  	-9.362500 
75.000000 	0.394541  	1.292706  	-9.362500 
76.000000 	0.367385  	1.305863  	-9.362500 
77.000000 	0.340242  	1.318783  	-9.362500 
78.000000 	0.313255  	1.328624  	-9.362500 
79.000000 	0.286268  	1.338464  	-9.362500 
80.000000 	0.259281  	1.348305  	-9.362500 
81.000000 	0.232294  	1.358146  	-9.362500 
82.000000 	0.205762  	1.365466  	-9.362500 
83.000000 	0.179413  	1.371777  	-9.362500 
84.000000 	0.153063  	1.378088  	-9.362500 
85.000000 	0.126714  	1.384399  	-9.362500 
86.000000 	0.100777  	1.389403  	-9.362500 
87.000000 	0.075583  	1.392052  	-9.362500 
88.000000 	0.050388  	1.394701  	-9.362500 
89.000000 	0.025194  	1.397351  	-9.362500 
90.000000 	0.000000  	1.400000  	-9.362500 
91.000000 	-0.017636 	1.397351  	-9.362500 
92.000000 	-0.035272 	1.394701  	-9.362500 
93.000000 	-0.052908 	1.392052  	-9.362500 
94.000000 	-0.070544 	1.389403  	-9.362500 
95.000000 	-0.088700 	1.384399  	-9.362500 
96.000000 	-0.107144 	1.378088  	-9.362500 
97.000000 	-0.125589 	1.371777  	-9.362500 
98.000000 	-0.144034 	1.365466  	-9.362500 
99.000000 	-0.162606 	1.358146  	-9.362500 
100.000000	-0.181497 	1.348305  	-9.362500 
101.000000	-0.200387 	1.338464  	-9.362500 
102.000000	-0.219278 	1.328624  	-9.362500 
103.000000	-0.238169 	1.318783  	-9.362500 
104.000000	-0.257170 	1.305863  	-9.362500 
105.000000	-0.276179 	1.292706  	-9.362500 
106.000000	-0.295188 	1.279549  	-9.362500 
107.000000	-0.314197 	1.266392  	-9.362500 
108.000000	-0.333112 	1.251506  	-9.362500 
109.000000	-0.351958 	1.235324  	-9.362500 
110.000000	-0.370804 	1.219141  	-9.362500 
111.000000	-0.389650 	1.202959  	-9.362500 
112.000000	-0.408413 	1.186205  	-9.362500 
113.000000	-0.426875 	1.167358  	-9.362500 
114.000000	-0.445337 	1.148511  	-9.362500 
115.000000	-0.463798 	1.129663  	-9.362500 
116.000000	-0.482260 	1.110816  	-9.362500 
117.000000	-0.500269 	1.090046  	-9.362500 
118.000000	-0.518202 	1.068957  	-9.362500 
119.000000	-0.536135 	1.047867  	-9.362500 
120.000000	-0.554068 	1.026777  	-9.362500 
121.000000	-0.571713 	1.004804  	-9.362500 
122.000000	-0.589069 	0.981946  	-9.362500 
123.000000	-0.606425 	0.959089  	-9.362500 
124.000000	-0.623781 	0.936232  	-9.362500 
125.000000	-0.641065 	0.913196  	-9.362500 
126.000000	-0.657917 	0.889087  	-9.362500 
127.000000	-0.674769 	0.864978  	-9.362500 
128.000000	-0.691621 	0.840870  	-9.362500 
129.000000	-0.708473 	0.816761  	-9.362500 
130.000000	-0.725112 	0.792098  	-9.362500 
131.000000	-0.741692 	0.767283  	-9.362500 
132.000000	-0.758272 	0.742469  	-9.362500 
133.000000	-0.774852 	0.717654  	-9.362500 
134.000000	-0.791508 	0.692779  	-9.362500 
135.000000	-0.808262 	0.667821  	-9.362500 
136.000000	-0.825017 	0.642863  	-9.362500 
137.000000	-0.841772 	0.617905  	-9.362500 
138.000000	-0.858593 	0.592978  	-9.362500 
139.000000	-0.876276 	0.568444  	-9.362500 
140.000000	-0.893958 	0.543909  	-9.362500 
141.000000	-0.911641 	0.519375  	-9.362500 
142.000000	-0.929323 	0.494841  	-9.362500 
143.000000	-0.948541 	0.471007  	-9.362500 
144.000000	-0.968372 	0.447454  	-9.362500 
145.000000	-0.988203 	0.423901  	-9.362500 
146.000000	-1.008035 	0.400347  	-9.362500 
147.000000	-1.029346 	0.377336  	-9.362500 
148.000000	-1.053322 	0.355299  	-9.362500 
149.000000	-1.077298 	0.333263  	-9.362500 
150.000000	-1.101274 	0.311226  	-9.362500 
151.000000	-1.125250 	0.289190  	-9.362500 
152.000000	-1.086448 	0.268581  	-9.362500 
153.000000	-1.047647 	0.247972  	-9.362500 
154.000000	-1.008845 	0.228355  	-9.362500 
155.000000	-0.970043 	0.208813  	-9.362500 
156.000000	-0.931241 	0.190273  	-9.362500 
157.000000	-0.892440 	0.171899  	-9.362500 
158.000000	-0.853638 	0.154518  	-9.362500 
159.000000	-0.814836 	0.137407  	-9.362500 
160.000000	-0.776034 	0.121261  	-9.362500 
161.000000	-0.737233 	0.105501  	-9.362500 
162.000000	-0.698431 	0.090662  	-9.362500 
163.000000	-0.659629 	0.076335  	-9.362500 
164.000000	-0.620828 	0.062868  	-9.362500 
165.000000	-0.582026 	0.050047  	-9.362500 
166.000000	-0.543224 	0.038012  	-9.362500 
167.000000	-0.504422 	0.026763  	-9.362500 
168.000000	-0.465621 	0.016335  	-9.362500 
169.000000	-0.426819 	0.007001  	-9.362500 
170.000000	-0.388017 	0.001000  	-9.362500 
171.000000	-0.349216 	0.001000  	-9.362500 
172.000000	-0.310414 	0.001000  	-9.362500 
173.000000	-0.271612 	0.001000  	-9.362500 
174.000000	-0.232810 	0.001000  	-9.362500 
175.000000	-0.194009 	0.001000  	-9.362500 
176.000000	-0.155207 	0.001000  	-9.362500 
177.000000	-0.116405 	0.001000  	-9.362500 
178.000000	-0.077603 	0.001000  	-9.362500 
179.000000	-0.038802 	0.001000  	-9.362500 
180.000000	0.000000  	0.001000  	-9.362500 
! ------------------------------------------------------------------------------
! data for table	6         
! ------------------------------------------------------------------------------
  0.700000  	Re           ! Reynolds number in millions
  0.000000  	UserProp     ! User property (control) setting
Flase           InclUAdata   ! Is unsteady aerodynamics data included in this table? If TRUE, then include UA coefficients below this line. Any missing coefficients will be calculated internally.
! Table of aerodynamics coefficients
  361       	NumAlf       ! Number of data lines in the following table
!Alpha      Cl          Cd          Cm/Cp
!(deg)      (-)         (-)         (-)
-180.000000	0.000000  	0.001000  	-9.535600 
-179.000000	0.039017  	0.001000  	-9.535600 
-178.000000	0.078033  	0.001000  	-9.535600 
-177.000000	0.117050  	0.001000  	-9.535600 
-176.000000	0.156066  	0.001000  	-9.535600 
-175.000000	0.195083  	0.001000  	-9.535600 
-174.000000	0.234099  	0.001000  	-9.535600 
-173.000000	0.273116  	0.001000  	-9.535600 
-172.000000	0.312132  	0.001000  	-9.535600 
-171.000000	0.351149  	0.001000  	-9.535600 
-170.000000	0.390166  	0.001000  	-9.535600 
-169.000000	0.429182  	0.005847  	-9.535600 
-168.000000	0.468199  	0.013386  	-9.535600 
-167.000000	0.507215  	0.023054  	-9.535600 
-166.000000	0.546232  	0.034318  	-9.535600 
-165.000000	0.585248  	0.046370  	-9.535600 
-164.000000	0.624265  	0.059209  	-9.535600 
-163.000000	0.663281  	0.072694  	-9.535600 
-162.000000	0.702298  	0.087042  	-9.535600 
-161.000000	0.741314  	0.101902  	-9.535600 
-160.000000	0.780331  	0.117684  	-9.535600 
-159.000000	0.819348  	0.133853  	-9.535600 
-158.000000	0.858364  	0.150988  	-9.535600 
-157.000000	0.897381  	0.168395  	-9.535600 
-156.000000	0.936397  	0.186795  	-9.535600 
-155.000000	0.975414  	0.205363  	-9.535600 
-154.000000	1.014430  	0.224933  	-9.535600 
-153.000000	1.053447  	0.244580  	-9.535600 
-152.000000	1.092463  	0.265220  	-9.535600 
-151.000000	1.131480  	0.285860  	-9.535600 
-150.000000	1.107224  	0.307931  	-9.535600 
-149.000000	1.082968  	0.330002  	-9.535600 
-148.000000	1.058712  	0.352073  	-9.535600 
-147.000000	1.034456  	0.374143  	-9.535600 
-146.000000	1.012901  	0.397192  	-9.535600 
-145.000000	0.992847  	0.420784  	-9.535600 
-144.000000	0.972793  	0.444376  	-9.535600 
-143.000000	0.952739  	0.467968  	-9.535600 
-142.000000	0.933311  	0.491841  	-9.535600 
-141.000000	0.915446  	0.516418  	-9.535600 
-140.000000	0.897582  	0.540995  	-9.535600 
-139.000000	0.879718  	0.565572  	-9.535600 
-138.000000	0.861853  	0.590149  	-9.535600 
-137.000000	0.844879  	0.615122  	-9.535600 
-136.000000	0.827973  	0.640126  	-9.535600 
-135.000000	0.811067  	0.665130  	-9.535600 
-134.000000	0.794161  	0.690134  	-9.535600 
-133.000000	0.777369  	0.715059  	-9.535600 
-132.000000	0.760662  	0.739923  	-9.535600 
-131.000000	0.743955  	0.764787  	-9.535600 
-130.000000	0.727248  	0.789652  	-9.535600 
-129.000000	0.710487  	0.814365  	-9.535600 
-128.000000	0.693528  	0.838527  	-9.535600 
-127.000000	0.676569  	0.862689  	-9.535600 
-126.000000	0.659610  	0.886851  	-9.535600 
-125.000000	0.642652  	0.911012  	-9.535600 
-124.000000	0.625275  	0.934104  	-9.535600 
-123.000000	0.607830  	0.957017  	-9.535600 
-122.000000	0.590384  	0.979930  	-9.535600 
-121.000000	0.572938  	1.002843  	-9.535600 
-120.000000	0.555211  	1.024874  	-9.535600 
-119.000000	0.537203  	1.046022  	-9.535600 
-118.000000	0.519195  	1.067170  	-9.535600 
-117.000000	0.501187  	1.088319  	-9.535600 
-116.000000	0.483105  	1.109147  	-9.535600 
-115.000000	0.464582  	1.128055  	-9.535600 
-114.000000	0.446059  	1.146963  	-9.535600 
-113.000000	0.427535  	1.165871  	-9.535600 
-112.000000	0.409012  	1.184779  	-9.535600 
-111.000000	0.390197  	1.201595  	-9.535600 
-110.000000	0.371302  	1.217840  	-9.535600 
-109.000000	0.352407  	1.234085  	-9.535600 
-108.000000	0.333512  	1.250330  	-9.535600 
-107.000000	0.314552  	1.265279  	-9.535600 
-106.000000	0.295505  	1.278500  	-9.535600 
-105.000000	0.276459  	1.291721  	-9.535600 
-104.000000	0.257412  	1.304942  	-9.535600 
-103.000000	0.238375  	1.317926  	-9.535600 
-102.000000	0.219457  	1.327832  	-9.535600 
-101.000000	0.200540  	1.337738  	-9.535600 
-100.000000	0.181622  	1.347645  	-9.535600 
-99.000000	0.162705  	1.357551  	-9.535600 
-98.000000	0.144114  	1.364936  	-9.535600 
-97.000000	0.125654  	1.371313  	-9.535600 
-96.000000	0.107193  	1.377690  	-9.535600 
-95.000000	0.088733  	1.384067  	-9.535600 
-94.000000	0.070565  	1.389137  	-9.535600 
-93.000000	0.052924  	1.391853  	-9.535600 
-92.000000	0.035282  	1.394568  	-9.535600 
-91.000000	0.017641  	1.397284  	-9.535600 
-90.000000	0.000000  	1.400000  	-9.535600 
-89.000000	-0.017641 	1.397284  	-9.535600 
-88.000000	-0.035282 	1.394568  	-9.535600 
-87.000000	-0.052924 	1.391853  	-9.535600 
-86.000000	-0.070565 	1.389137  	-9.535600 
-85.000000	-0.088733 	1.384067  	-9.535600 
-84.000000	-0.107193 	1.377690  	-9.535600 
-83.000000	-0.125654 	1.371313  	-9.535600 
-82.000000	-0.144114 	1.364936  	-9.535600 
-81.000000	-0.162705 	1.357551  	-9.535600 
-80.000000	-0.181622 	1.347645  	-9.535600 
-79.000000	-0.200540 	1.337738  	-9.535600 
-78.000000	-0.219457 	1.327832  	-9.535600 
-77.000000	-0.238375 	1.317926  	-9.535600 
-76.000000	-0.257412 	1.304942  	-9.535600 
-75.000000	-0.276459 	1.291721  	-9.535600 
-74.000000	-0.295505 	1.278500  	-9.535600 
-73.000000	-0.314552 	1.265279  	-9.535600 
-72.000000	-0.333512 	1.250330  	-9.535600 
-71.000000	-0.352407 	1.234085  	-9.535600 
-70.000000	-0.371302 	1.217840  	-9.535600 
-69.000000	-0.390197 	1.201595  	-9.535600 
-68.000000	-0.409012 	1.184779  	-9.535600 
-67.000000	-0.427535 	1.165871  	-9.535600 
-66.000000	-0.446059 	1.146963  	-9.535600 
-65.000000	-0.464582 	1.128055  	-9.535600 
-64.000000	-0.483105 	1.109147  	-9.535600 
-63.000000	-0.501187 	1.088319  	-9.535600 
-62.000000	-0.519195 	1.067170  	-9.535600 
-61.000000	-0.537203 	1.046022  	-9.535600 
-60.000000	-0.555211 	1.024874  	-9.535600 
-59.000000	-0.572938 	1.002843  	-9.535600 
-58.000000	-0.590384 	0.979930  	-9.535600 
-57.000000	-0.607830 	0.957017  	-9.535600 
-56.000000	-0.625275 	0.934104  	-9.535600 
-55.000000	-0.642652 	0.911012  	-9.535600 
-54.000000	-0.659610 	0.886851  	-9.535600 
-53.000000	-0.676569 	0.862689  	-9.535600 
-52.000000	-0.693528 	0.838527  	-9.535600 
-51.000000	-0.710487 	0.814365  	-9.535600 
-50.000000	-0.727248 	0.789652  	-9.535600 
-49.000000	-0.743955 	0.764787  	-9.535600 
-48.000000	-0.760662 	0.739923  	-9.535600 
-47.000000	-0.777369 	0.715059  	-9.535600 
-46.000000	-0.794161 	0.690134  	-9.535600 
-45.000000	-0.811067 	0.665130  	-9.535600 
-44.000000	-0.827973 	0.640126  	-9.535600 
-43.000000	-0.844879 	0.615122  	-9.535600 
-42.000000	-0.861853 	0.590149  	-9.535600 
-41.000000	-0.879718 	0.565572  	-9.535600 
-40.000000	-0.897582 	0.540995  	-9.535600 
-39.000000	-0.915446 	0.516418  	-9.535600 
-38.000000	-0.933311 	0.491841  	-9.535600 
-37.000000	-0.952739 	0.467968  	-9.535600 
-36.000000	-0.972793 	0.444376  	-9.535600 
-35.000000	-0.992847 	0.420784  	-9.535600 
-34.000000	-1.012901 	0.397192  	-9.535600 
-33.000000	-1.034456 	0.374143  	-9.535600 
-32.000000	-1.058712 	0.352073  	-9.535600 
-31.000000	-1.082968 	0.330002  	-9.535600 
-30.000000	-1.107224 	0.307931  	-9.535600 
-29.000000	-1.131480 	0.285860  	-9.535600 
-28.000000	-1.105044 	0.271807  	-9.535600 
-27.000000	-1.078608 	0.257754  	-9.535600 
-26.000000	-1.052173 	0.243701  	-9.535600 
-25.000000	-1.025737 	0.229647  	-9.535600 
-24.000000	-0.999301 	0.215594  	-9.535600 
-23.000000	-0.972865 	0.201541  	-9.535600 
-22.000000	-0.946429 	0.187488  	-9.535600 
-21.000000	-0.919994 	0.173435  	-9.535600 
-20.000000	-0.893558 	0.159382  	-9.535600 
-19.000000	-0.867122 	0.145328  	-9.535600 
-18.000000	-0.840686 	0.131275  	-9.535600 
-17.000000	-0.814251 	0.117222  	-9.535600 
-16.000000	-0.787815 	0.103169  	-9.535600 
-15.000000	-0.761379 	0.089116  	-9.535600 
-14.000000	-0.734943 	0.075063  	-9.535600 
-13.000000	-0.708507 	0.061009  	-9.535600 
-12.000000	-0.682072 	0.046956  	-8.343442 
-11.000000	-0.655636 	0.032903  	-6.674421 
-10.000000	-0.629200 	0.018850  	-5.005400 
-9.000000 	-0.488300 	0.015880  	-4.077200 
-8.000000 	-0.359700 	0.014040  	-3.298000 
-7.000000 	-0.224700 	0.012160  	-2.546000 
-6.000000 	-0.085800 	0.010150  	-1.857800 
-5.000000 	0.042200  	0.009610  	-1.275500 
-4.000000 	0.166800  	0.009540  	-0.793500 
-3.000000 	0.290000  	0.009680  	-0.763500 
-2.000000 	0.412600  	0.009830  	-0.837800 
-1.000000 	0.534600  	0.010040  	-0.917700 
0.000000  	0.655800  	0.010280  	-1.000500 
1.000000  	0.776500  	0.010570  	-1.087700 
2.000000  	0.895700  	0.010780  	-1.188900 
3.000000  	1.013400  	0.010980  	-1.340500 
4.000000  	1.130100  	0.011320  	-1.518500 
5.000000  	1.245200  	0.011600  	-1.744300 
6.000000  	1.357500  	0.012040  	-2.034900 
7.000000  	1.463500  	0.012940  	-2.402700 
8.000000  	1.551800  	0.015090  	-2.830900 
9.000000  	1.623900  	0.017820  	-3.256500 
10.000000 	1.683700  	0.020500  	-3.680300 
11.000000 	1.711700  	0.024460  	-4.044500 
12.000000 	1.733700  	0.030720  	-4.413600 
13.000000 	1.747700  	0.039400  	-4.763400 
14.000000 	1.752100  	0.049850  	-5.189900 
15.000000 	1.747200  	0.061890  	-5.585300 
16.000000 	1.736200  	0.075370  	-5.972800 
17.000000 	1.721200  	0.089680  	-6.338900 
18.000000 	1.710800  	0.104400  	-6.754900 
19.000000 	1.696900  	0.120110  	-7.111500 
20.000000 	1.674800  	0.137620  	-7.424800 
21.000000 	1.671100  	0.152640  	-7.811900 
22.000000 	1.656100  	0.169830  	-8.096500 
23.000000 	1.652300  	0.185440  	-8.461100 
24.000000 	1.644400  	0.201890  	-8.726300 
25.000000 	1.640000  	0.218000  	-9.019200 
26.000000 	1.634900  	0.234350  	-9.256100 
27.000000 	1.633200  	0.249940  	-9.493100 
28.000000 	1.623800  	0.268130  	-9.535600 
29.000000 	1.616400  	0.285860  	-9.532900 
30.000000 	1.581749  	0.307931  	-9.533520 
31.000000 	1.547097  	0.330002  	-9.534139 
32.000000 	1.512446  	0.352073  	-9.534759 
33.000000 	1.477794  	0.374143  	-9.535379 
34.000000 	1.447002  	0.397192  	-9.535600 
35.000000 	1.418353  	0.420784  	-9.535600 
36.000000 	1.389704  	0.444376  	-9.535600 
37.000000 	1.361056  	0.467968  	-9.535600 
38.000000 	1.333301  	0.491841  	-9.535600 
39.000000 	1.307780  	0.516418  	-9.535600 
40.000000 	1.282260  	0.540995  	-9.535600 
41.000000 	1.256740  	0.565572  	-9.535600 
42.000000 	1.231219  	0.590149  	-9.535600 
43.000000 	1.206970  	0.615122  	-9.535600 
44.000000 	1.182819  	0.640126  	-9.535600 
45.000000 	1.158667  	0.665130  	-9.535600 
46.000000 	1.134516  	0.690134  	-9.535600 
47.000000 	1.110527  	0.715059  	-9.535600 
48.000000 	1.086660  	0.739923  	-9.535600 
49.000000 	1.062793  	0.764787  	-9.535600 
50.000000 	1.038926  	0.789652  	-9.535600 
51.000000 	1.014982  	0.814365  	-9.535600 
52.000000 	0.990755  	0.838527  	-9.535600 
53.000000 	0.966528  	0.862689  	-9.535600 
54.000000 	0.942301  	0.886851  	-9.535600 
55.000000 	0.918074  	0.911012  	-9.535600 
56.000000 	0.893250  	0.934104  	-9.535600 
57.000000 	0.868328  	0.957017  	-9.535600 
58.000000 	0.843405  	0.979930  	-9.535600 
59.000000 	0.818483  	1.002843  	-9.535600 
60.000000 	0.793159  	1.024874  	-9.535600 
61.000000 	0.767433  	1.046022  	-9.535600 
62.000000 	0.741707  	1.067170  	-9.535600 
63.000000 	0.715981  	1.088319  	-9.535600 
64.000000 	0.690150  	1.109147  	-9.535600 
65.000000 	0.663689  	1.128055  	-9.535600 
66.000000 	0.637227  	1.146963  	-9.535600 
67.000000 	0.610765  	1.165871  	-9.535600 
68.000000 	0.584303  	1.184779  	-9.535600 
69.000000 	0.557424  	1.201595  	-9.535600 
70.000000 	0.530431  	1.217840  	-9.535600 
71.000000 	0.503438  	1.234085  	-9.535600 
72.000000 	0.476445  	1.250330  	-9.535600 
73.000000 	0.449360  	1.265279  	-9.535600 
74.000000 	0.422150  	1.278500  	-9.535600 
75.000000 	0.394941  	1.291721  	-9.535600 
76.000000 	0.367731  	1.304942  	-9.535600 
77.000000 	0.340535  	1.317926  	-9.535600 
78.000000 	0.313510  	1.327832  	-9.535600 
79.000000 	0.286486  	1.337738  	-9.535600 
80.000000 	0.259461  	1.347645  	-9.535600 
81.000000 	0.232436  	1.357551  	-9.535600 
82.000000 	0.205877  	1.364936  	-9.535600 
83.000000 	0.179505  	1.371313  	-9.535600 
84.000000 	0.153133  	1.377690  	-9.535600 
85.000000 	0.126761  	1.384067  	-9.535600 
86.000000 	0.100807  	1.389137  	-9.535600 
87.000000 	0.075605  	1.391853  	-9.535600 
88.000000 	0.050403  	1.394568  	-9.535600 
89.000000 	0.025202  	1.397284  	-9.535600 
90.000000 	0.000000  	1.400000  	-9.535600 
91.000000 	-0.017641 	1.397284  	-9.535600 
92.000000 	-0.035282 	1.394568  	-9.535600 
93.000000 	-0.052924 	1.391853  	-9.535600 
94.000000 	-0.070565 	1.389137  	-9.535600 
95.000000 	-0.088733 	1.384067  	-9.535600 
96.000000 	-0.107193 	1.377690  	-9.535600 
97.000000 	-0.125654 	1.371313  	-9.535600 
98.000000 	-0.144114 	1.364936  	-9.535600 
99.000000 	-0.162705 	1.357551  	-9.535600 
100.000000	-0.181622 	1.347645  	-9.535600 
101.000000	-0.200540 	1.337738  	-9.535600 
102.000000	-0.219457 	1.327832  	-9.535600 
103.000000	-0.238375 	1.317926  	-9.535600 
104.000000	-0.257412 	1.304942  	-9.535600 
105.000000	-0.276459 	1.291721  	-9.535600 
106.000000	-0.295505 	1.278500  	-9.535600 
107.000000	-0.314552 	1.265279  	-9.535600 
108.000000	-0.333512 	1.250330  	-9.535600 
109.000000	-0.352407 	1.234085  	-9.535600 
110.000000	-0.371302 	1.217840  	-9.535600 
111.000000	-0.390197 	1.201595  	-9.535600 
112.000000	-0.409012 	1.184779  	-9.535600 
113.000000	-0.427535 	1.165871  	-9.535600 
114.000000	-0.446059 	1.146963  	-9.535600 
115.000000	-0.464582 	1.128055  	-9.535600 
116.000000	-0.483105 	1.109147  	-9.535600 
117.000000	-0.501187 	1.088319  	-9.535600 
118.000000	-0.519195 	1.067170  	-9.535600 
119.000000	-0.537203 	1.046022  	-9.535600 
120.000000	-0.555211 	1.024874  	-9.535600 
121.000000	-0.572938 	1.002843  	-9.535600 
122.000000	-0.590384 	0.979930  	-9.535600 
123.000000	-0.607830 	0.957017  	-9.535600 
124.000000	-0.625275 	0.934104  	-9.535600 
125.000000	-0.642652 	0.911012  	-9.535600 
126.000000	-0.659610 	0.886851  	-9.535600 
127.000000	-0.676569 	0.862689  	-9.535600 
128.000000	-0.693528 	0.838527  	-9.535600 
129.000000	-0.710487 	0.814365  	-9.535600 
130.000000	-0.727248 	0.789652  	-9.535600 
131.000000	-0.743955 	0.764787  	-9.535600 
132.000000	-0.760662 	0.739923  	-9.535600 
133.000000	-0.777369 	0.715059  	-9.535600 
134.000000	-0.794161 	0.690134  	-9.535600 
135.000000	-0.811067 	0.665130  	-9.535600 
136.000000	-0.827973 	0.640126  	-9.535600 
137.000000	-0.844879 	0.615122  	-9.535600 
138.000000	-0.861853 	0.590149  	-9.535600 
139.000000	-0.879718 	0.565572  	-9.535600 
140.000000	-0.897582 	0.540995  	-9.535600 
141.000000	-0.915446 	0.516418  	-9.535600 
142.000000	-0.933311 	0.491841  	-9.535600 
143.000000	-0.952739 	0.467968  	-9.535600 
144.000000	-0.972793 	0.444376  	-9.535600 
145.000000	-0.992847 	0.420784  	-9.535600 
146.000000	-1.012901 	0.397192  	-9.535600 
147.000000	-1.034456 	0.374143  	-9.535600 
148.000000	-1.058712 	0.352073  	-9.535600 
149.000000	-1.082968 	0.330002  	-9.535600 
150.000000	-1.107224 	0.307931  	-9.535600 
151.000000	-1.131480 	0.285860  	-9.535600 
152.000000	-1.092463 	0.265220  	-9.535600 
153.000000	-1.053447 	0.244580  	-9.535600 
154.000000	-1.014430 	0.224933  	-9.535600 
155.000000	-0.975414 	0.205363  	-9.535600 
156.000000	-0.936397 	0.186795  	-9.535600 
157.000000	-0.897381 	0.168395  	-9.535600 
158.000000	-0.858364 	0.150988  	-9.535600 
159.000000	-0.819348 	0.133853  	-9.535600 
160.000000	-0.780331 	0.117684  	-9.535600 
161.000000	-0.741314 	0.101902  	-9.535600 
162.000000	-0.702298 	0.087042  	-9.535600 
163.000000	-0.663281 	0.072694  	-9.535600 
164.000000	-0.624265 	0.059209  	-9.535600 
165.000000	-0.585248 	0.046370  	-9.535600 
166.000000	-0.546232 	0.034318  	-9.535600 
167.000000	-0.507215 	0.023054  	-9.535600 
168.000000	-0.468199 	0.013386  	-9.535600 
169.000000	-0.429182 	0.005847  	-9.535600 
170.000000	-0.390166 	0.001000  	-9.535600 
171.000000	-0.351149 	0.001000  	-9.535600 
172.000000	-0.312132 	0.001000  	-9.535600 
173.000000	-0.273116 	0.001000  	-9.535600 
174.000000	-0.234099 	0.001000  	-9.535600 
175.000000	-0.195083 	0.001000  	-9.535600 
176.000000	-0.156066 	0.001000  	-9.535600 
177.000000	-0.117050 	0.001000  	-9.535600 
178.000000	-0.078033 	0.001000  	-9.535600 
179.000000	-0.039017 	0.001000  	-9.535600 
180.000000	0.000000  	0.001000  	-9.535600 
! ------------------------------------------------------------------------------
! data for table	7         
! ------------------------------------------------------------------------------
  0.800000  	Re           ! Reynolds number in millions
  0.000000  	UserProp     ! User property (control) setting
Flase           InclUAdata   ! Is unsteady aerodynamics data included in this table? If TRUE, then include UA coefficients below this line. Any missing coefficients will be calculated internally.
! Table of aerodynamics coefficients
  361       	NumAlf       ! Number of data lines in the following table
!Alpha      Cl          Cd          Cm/Cp
!(deg)      (-)         (-)         (-)
-180.000000	0.000000  	0.001000  	-9.647800 
-179.000000	0.039125  	0.001000  	-9.647800 
-178.000000	0.078250  	0.001000  	-9.647800 
-177.000000	0.117376  	0.001000  	-9.647800 
-176.000000	0.156501  	0.001000  	-9.647800 
-175.000000	0.195626  	0.001000  	-9.647800 
-174.000000	0.234751  	0.001000  	-9.647800 
-173.000000	0.273876  	0.001000  	-9.647800 
-172.000000	0.313001  	0.001000  	-9.647800 
-171.000000	0.352127  	0.001000  	-9.647800 
-170.000000	0.391252  	0.001000  	-9.647800 
-169.000000	0.430377  	0.005538  	-9.647800 
-168.000000	0.469502  	0.012598  	-9.647800 
-167.000000	0.508627  	0.022063  	-9.647800 
-166.000000	0.547752  	0.033331  	-9.647800 
-165.000000	0.586878  	0.045387  	-9.647800 
-164.000000	0.626003  	0.058231  	-9.647800 
-163.000000	0.665128  	0.071721  	-9.647800 
-162.000000	0.704253  	0.086074  	-9.647800 
-161.000000	0.743378  	0.100940  	-9.647800 
-160.000000	0.782503  	0.116728  	-9.647800 
-159.000000	0.821629  	0.132903  	-9.647800 
-158.000000	0.860754  	0.150045  	-9.647800 
-157.000000	0.899879  	0.167458  	-9.647800 
-156.000000	0.939004  	0.185866  	-9.647800 
-155.000000	0.978129  	0.204440  	-9.647800 
-154.000000	1.017254  	0.224019  	-9.647800 
-153.000000	1.056380  	0.243673  	-9.647800 
-152.000000	1.095505  	0.264322  	-9.647800 
-151.000000	1.134630  	0.284970  	-9.647800 
-150.000000	1.110232  	0.307050  	-9.647800 
-149.000000	1.085835  	0.329130  	-9.647800 
-148.000000	1.061437  	0.351210  	-9.647800 
-147.000000	1.037040  	0.373290  	-9.647800 
-146.000000	1.015362  	0.396349  	-9.647800 
-145.000000	0.995195  	0.419951  	-9.647800 
-144.000000	0.975028  	0.443553  	-9.647800 
-143.000000	0.954862  	0.467155  	-9.647800 
-142.000000	0.935327  	0.491039  	-9.647800 
-141.000000	0.917370  	0.515628  	-9.647800 
-140.000000	0.899414  	0.540216  	-9.647800 
-139.000000	0.881458  	0.564804  	-9.647800 
-138.000000	0.863502  	0.589393  	-9.647800 
-137.000000	0.846450  	0.614378  	-9.647800 
-136.000000	0.829468  	0.639395  	-9.647800 
-135.000000	0.812485  	0.664411  	-9.647800 
-134.000000	0.795503  	0.689428  	-9.647800 
-133.000000	0.778641  	0.714365  	-9.647800 
-132.000000	0.761870  	0.739242  	-9.647800 
-131.000000	0.745099  	0.764120  	-9.647800 
-130.000000	0.728328  	0.788998  	-9.647800 
-129.000000	0.711506  	0.813725  	-9.647800 
-128.000000	0.694493  	0.837901  	-9.647800 
-127.000000	0.677480  	0.862077  	-9.647800 
-126.000000	0.660467  	0.886253  	-9.647800 
-125.000000	0.643454  	0.910429  	-9.647800 
-124.000000	0.626031  	0.933535  	-9.647800 
-123.000000	0.608540  	0.956463  	-9.647800 
-122.000000	0.591049  	0.979391  	-9.647800 
-121.000000	0.573558  	1.002319  	-9.647800 
-120.000000	0.555789  	1.024365  	-9.647800 
-119.000000	0.537743  	1.045529  	-9.647800 
-118.000000	0.519697  	1.066693  	-9.647800 
-117.000000	0.501651  	1.087857  	-9.647800 
-116.000000	0.483533  	1.108701  	-9.647800 
-115.000000	0.464978  	1.127625  	-9.647800 
-114.000000	0.446424  	1.146549  	-9.647800 
-113.000000	0.427869  	1.165474  	-9.647800 
-112.000000	0.409315  	1.184398  	-9.647800 
-111.000000	0.390473  	1.201230  	-9.647800 
-110.000000	0.371553  	1.217492  	-9.647800 
-109.000000	0.352634  	1.233754  	-9.647800 
-108.000000	0.333714  	1.250016  	-9.647800 
-107.000000	0.314731  	1.264982  	-9.647800 
-106.000000	0.295666  	1.278220  	-9.647800 
-105.000000	0.276600  	1.291458  	-9.647800 
-104.000000	0.257534  	1.304696  	-9.647800 
-103.000000	0.238478  	1.317697  	-9.647800 
-102.000000	0.219548  	1.327621  	-9.647800 
-101.000000	0.200617  	1.337544  	-9.647800 
-100.000000	0.181686  	1.347468  	-9.647800 
-99.000000	0.162755  	1.357392  	-9.647800 
-98.000000	0.144155  	1.364795  	-9.647800 
-97.000000	0.125686  	1.371189  	-9.647800 
-96.000000	0.107218  	1.377584  	-9.647800 
-95.000000	0.088749  	1.383979  	-9.647800 
-94.000000	0.070575  	1.389066  	-9.647800 
-93.000000	0.052931  	1.391800  	-9.647800 
-92.000000	0.035288  	1.394533  	-9.647800 
-91.000000	0.017644  	1.397267  	-9.647800 
-90.000000	0.000000  	1.400000  	-9.647800 
-89.000000	-0.017644 	1.397267  	-9.647800 
-88.000000	-0.035288 	1.394533  	-9.647800 
-87.000000	-0.052931 	1.391800  	-9.647800 
-86.000000	-0.070575 	1.389066  	-9.647800 
-85.000000	-0.088749 	1.383979  	-9.647800 
-84.000000	-0.107218 	1.377584  	-9.647800 
-83.000000	-0.125686 	1.371189  	-9.647800 
-82.000000	-0.144155 	1.364795  	-9.647800 
-81.000000	-0.162755 	1.357392  	-9.647800 
-80.000000	-0.181686 	1.347468  	-9.647800 
-79.000000	-0.200617 	1.337544  	-9.647800 
-78.000000	-0.219548 	1.327621  	-9.647800 
-77.000000	-0.238478 	1.317697  	-9.647800 
-76.000000	-0.257534 	1.304696  	-9.647800 
-75.000000	-0.276600 	1.291458  	-9.647800 
-74.000000	-0.295666 	1.278220  	-9.647800 
-73.000000	-0.314731 	1.264982  	-9.647800 
-72.000000	-0.333714 	1.250016  	-9.647800 
-71.000000	-0.352634 	1.233754  	-9.647800 
-70.000000	-0.371553 	1.217492  	-9.647800 
-69.000000	-0.390473 	1.201230  	-9.647800 
-68.000000	-0.409315 	1.184398  	-9.647800 
-67.000000	-0.427869 	1.165474  	-9.647800 
-66.000000	-0.446424 	1.146549  	-9.647800 
-65.000000	-0.464978 	1.127625  	-9.647800 
-64.000000	-0.483533 	1.108701  	-9.647800 
-63.000000	-0.501651 	1.087857  	-9.647800 
-62.000000	-0.519697 	1.066693  	-9.647800 
-61.000000	-0.537743 	1.045529  	-9.647800 
-60.000000	-0.555789 	1.024365  	-9.647800 
-59.000000	-0.573558 	1.002319  	-9.647800 
-58.000000	-0.591049 	0.979391  	-9.647800 
-57.000000	-0.608540 	0.956463  	-9.647800 
-56.000000	-0.626031 	0.933535  	-9.647800 
-55.000000	-0.643454 	0.910429  	-9.647800 
-54.000000	-0.660467 	0.886253  	-9.647800 
-53.000000	-0.677480 	0.862077  	-9.647800 
-52.000000	-0.694493 	0.837901  	-9.647800 
-51.000000	-0.711506 	0.813725  	-9.647800 
-50.000000	-0.728328 	0.788998  	-9.647800 
-49.000000	-0.745099 	0.764120  	-9.647800 
-48.000000	-0.761870 	0.739242  	-9.647800 
-47.000000	-0.778641 	0.714365  	-9.647800 
-46.000000	-0.795503 	0.689428  	-9.647800 
-45.000000	-0.812485 	0.664411  	-9.647800 
-44.000000	-0.829468 	0.639395  	-9.647800 
-43.000000	-0.846450 	0.614378  	-9.647800 
-42.000000	-0.863502 	0.589393  	-9.647800 
-41.000000	-0.881458 	0.564804  	-9.647800 
-40.000000	-0.899414 	0.540216  	-9.647800 
-39.000000	-0.917370 	0.515628  	-9.647800 
-38.000000	-0.935327 	0.491039  	-9.647800 
-37.000000	-0.954862 	0.467155  	-9.647800 
-36.000000	-0.975028 	0.443553  	-9.647800 
-35.000000	-0.995195 	0.419951  	-9.647800 
-34.000000	-1.015362 	0.396349  	-9.647800 
-33.000000	-1.037040 	0.373290  	-9.647800 
-32.000000	-1.061437 	0.351210  	-9.647800 
-31.000000	-1.085835 	0.329130  	-9.647800 
-30.000000	-1.110232 	0.307050  	-9.647800 
-29.000000	-1.134630 	0.284970  	-9.647800 
-28.000000	-1.107207 	0.270903  	-9.647800 
-27.000000	-1.079785 	0.256836  	-9.647800 
-26.000000	-1.052362 	0.242769  	-9.647800 
-25.000000	-1.024939 	0.228703  	-9.647800 
-24.000000	-0.997517 	0.214636  	-9.647800 
-23.000000	-0.970094 	0.200569  	-9.647800 
-22.000000	-0.942672 	0.186502  	-9.647800 
-21.000000	-0.915249 	0.172435  	-9.647800 
-20.000000	-0.887826 	0.158368  	-9.647800 
-19.000000	-0.860404 	0.144302  	-9.647800 
-18.000000	-0.832981 	0.130235  	-9.647800 
-17.000000	-0.805558 	0.116168  	-9.647800 
-16.000000	-0.778136 	0.102101  	-9.647800 
-15.000000	-0.750713 	0.088034  	-9.647800 
-14.000000	-0.723291 	0.073967  	-9.647800 
-13.000000	-0.695868 	0.059901  	-9.647800 
-12.000000	-0.668445 	0.045834  	-8.421668 
-11.000000	-0.641023 	0.031767  	-6.705084 
-10.000000	-0.613600 	0.017700  	-4.988500 
-9.000000 	-0.486500 	0.015370  	-4.093800 
-8.000000 	-0.357600 	0.013650  	-3.302200 
-7.000000 	-0.223300 	0.011910  	-2.545900 
-6.000000 	-0.085000 	0.009970  	-1.858000 
-5.000000 	0.043500  	0.009340  	-1.274200 
-4.000000 	0.168300  	0.009190  	-0.791800 
-3.000000 	0.291600  	0.009260  	-0.765100 
-2.000000 	0.414200  	0.009390  	-0.839300 
-1.000000 	0.536100  	0.009550  	-0.919200 
0.000000  	0.657400  	0.009770  	-1.002200 
1.000000  	0.777800  	0.010010  	-1.089200 
2.000000  	0.897100  	0.010240  	-1.190300 
3.000000  	1.015200  	0.010520  	-1.342200 
4.000000  	1.132500  	0.010770  	-1.521200 
5.000000  	1.247900  	0.011100  	-1.748200 
6.000000  	1.360200  	0.011590  	-2.039400 
7.000000  	1.465600  	0.012620  	-2.407800 
8.000000  	1.553000  	0.014930  	-2.834700 
9.000000  	1.628900  	0.017450  	-3.270700 
10.000000 	1.692000  	0.020010  	-3.703900 
11.000000 	1.723300  	0.023700  	-4.078400 
12.000000 	1.746300  	0.029640  	-4.455200 
13.000000 	1.764300  	0.037750  	-4.826400 
14.000000 	1.770500  	0.047920  	-5.272100 
15.000000 	1.765000  	0.059890  	-5.669900 
16.000000 	1.759600  	0.072570  	-6.095800 
17.000000 	1.748500  	0.086160  	-6.490100 
18.000000 	1.734300  	0.101220  	-6.895500 
19.000000 	1.714900  	0.117540  	-7.233300 
20.000000 	1.704400  	0.133060  	-7.640700 
21.000000 	1.683200  	0.150780  	-7.915700 
22.000000 	1.677100  	0.166360  	-8.283200 
23.000000 	1.660800  	0.184110  	-8.553900 
24.000000 	1.655800  	0.200070  	-8.854400 
25.000000 	1.645900  	0.217030  	-9.105000 
26.000000 	1.640800  	0.233470  	-9.349800 
27.000000 	1.634000  	0.250400  	-9.515600 
28.000000 	1.628700  	0.267140  	-9.644900 
29.000000 	1.620900  	0.284970  	-9.647800 
30.000000 	1.586046  	0.307050  	-9.647800 
31.000000 	1.551193  	0.329130  	-9.647800 
32.000000 	1.516339  	0.351210  	-9.647800 
33.000000 	1.481485  	0.373290  	-9.647800 
34.000000 	1.450517  	0.396349  	-9.647800 
35.000000 	1.421707  	0.419951  	-9.647800 
36.000000 	1.392898  	0.443553  	-9.647800 
37.000000 	1.364088  	0.467155  	-9.647800 
38.000000 	1.336181  	0.491039  	-9.647800 
39.000000 	1.310529  	0.515628  	-9.647800 
40.000000 	1.284877  	0.540216  	-9.647800 
41.000000 	1.259226  	0.564804  	-9.647800 
42.000000 	1.233574  	0.589393  	-9.647800 
43.000000 	1.209214  	0.614378  	-9.647800 
44.000000 	1.184954  	0.639395  	-9.647800 
45.000000 	1.160693  	0.664411  	-9.647800 
46.000000 	1.136433  	0.689428  	-9.647800 
47.000000 	1.112345  	0.714365  	-9.647800 
48.000000 	1.088386  	0.739242  	-9.647800 
49.000000 	1.064428  	0.764120  	-9.647800 
50.000000 	1.040469  	0.788998  	-9.647800 
51.000000 	1.016436  	0.813725  	-9.647800 
52.000000 	0.992132  	0.837901  	-9.647800 
53.000000 	0.967828  	0.862077  	-9.647800 
54.000000 	0.943524  	0.886253  	-9.647800 
55.000000 	0.919220  	0.910429  	-9.647800 
56.000000 	0.894330  	0.933535  	-9.647800 
57.000000 	0.869343  	0.956463  	-9.647800 
58.000000 	0.844355  	0.979391  	-9.647800 
59.000000 	0.819368  	1.002319  	-9.647800 
60.000000 	0.793984  	1.024365  	-9.647800 
61.000000 	0.768204  	1.045529  	-9.647800 
62.000000 	0.742424  	1.066693  	-9.647800 
63.000000 	0.716645  	1.087857  	-9.647800 
64.000000 	0.690761  	1.108701  	-9.647800 
65.000000 	0.664255  	1.127625  	-9.647800 
66.000000 	0.637748  	1.146549  	-9.647800 
67.000000 	0.611242  	1.165474  	-9.647800 
68.000000 	0.584736  	1.184398  	-9.647800 
69.000000 	0.557819  	1.201230  	-9.647800 
70.000000 	0.530791  	1.217492  	-9.647800 
71.000000 	0.503762  	1.233754  	-9.647800 
72.000000 	0.476734  	1.250016  	-9.647800 
73.000000 	0.449616  	1.264982  	-9.647800 
74.000000 	0.422380  	1.278220  	-9.647800 
75.000000 	0.395143  	1.291458  	-9.647800 
76.000000 	0.367906  	1.304696  	-9.647800 
77.000000 	0.340684  	1.317697  	-9.647800 
78.000000 	0.313640  	1.327621  	-9.647800 
79.000000 	0.286596  	1.337544  	-9.647800 
80.000000 	0.259552  	1.347468  	-9.647800 
81.000000 	0.232508  	1.357392  	-9.647800 
82.000000 	0.205935  	1.364795  	-9.647800 
83.000000 	0.179552  	1.371189  	-9.647800 
84.000000 	0.153168  	1.377584  	-9.647800 
85.000000 	0.126785  	1.383979  	-9.647800 
86.000000 	0.100822  	1.389066  	-9.647800 
87.000000 	0.075616  	1.391800  	-9.647800 
88.000000 	0.050411  	1.394533  	-9.647800 
89.000000 	0.025205  	1.397267  	-9.647800 
90.000000 	0.000000  	1.400000  	-9.647800 
91.000000 	-0.017644 	1.397267  	-9.647800 
92.000000 	-0.035288 	1.394533  	-9.647800 
93.000000 	-0.052931 	1.391800  	-9.647800 
94.000000 	-0.070575 	1.389066  	-9.647800 
95.000000 	-0.088749 	1.383979  	-9.647800 
96.000000 	-0.107218 	1.377584  	-9.647800 
97.000000 	-0.125686 	1.371189  	-9.647800 
98.000000 	-0.144155 	1.364795  	-9.647800 
99.000000 	-0.162755 	1.357392  	-9.647800 
100.000000	-0.181686 	1.347468  	-9.647800 
101.000000	-0.200617 	1.337544  	-9.647800 
102.000000	-0.219548 	1.327621  	-9.647800 
103.000000	-0.238478 	1.317697  	-9.647800 
104.000000	-0.257534 	1.304696  	-9.647800 
105.000000	-0.276600 	1.291458  	-9.647800 
106.000000	-0.295666 	1.278220  	-9.647800 
107.000000	-0.314731 	1.264982  	-9.647800 
108.000000	-0.333714 	1.250016  	-9.647800 
109.000000	-0.352634 	1.233754  	-9.647800 
110.000000	-0.371553 	1.217492  	-9.647800 
111.000000	-0.390473 	1.201230  	-9.647800 
112.000000	-0.409315 	1.184398  	-9.647800 
113.000000	-0.427869 	1.165474  	-9.647800 
114.000000	-0.446424 	1.146549  	-9.647800 
115.000000	-0.464978 	1.127625  	-9.647800 
116.000000	-0.483533 	1.108701  	-9.647800 
117.000000	-0.501651 	1.087857  	-9.647800 
118.000000	-0.519697 	1.066693  	-9.647800 
119.000000	-0.537743 	1.045529  	-9.647800 
120.000000	-0.555789 	1.024365  	-9.647800 
121.000000	-0.573558 	1.002319  	-9.647800 
122.000000	-0.591049 	0.979391  	-9.647800 
123.000000	-0.608540 	0.956463  	-9.647800 
124.000000	-0.626031 	0.933535  	-9.647800 
125.000000	-0.643454 	0.910429  	-9.647800 
126.000000	-0.660467 	0.886253  	-9.647800 
127.000000	-0.677480 	0.862077  	-9.647800 
128.000000	-0.694493 	0.837901  	-9.647800 
129.000000	-0.711506 	0.813725  	-9.647800 
130.000000	-0.728328 	0.788998  	-9.647800 
131.000000	-0.745099 	0.764120  	-9.647800 
132.000000	-0.761870 	0.739242  	-9.647800 
133.000000	-0.778641 	0.714365  	-9.647800 
134.000000	-0.795503 	0.689428  	-9.647800 
135.000000	-0.812485 	0.664411  	-9.647800 
136.000000	-0.829468 	0.639395  	-9.647800 
137.000000	-0.846450 	0.614378  	-9.647800 
138.000000	-0.863502 	0.589393  	-9.647800 
139.000000	-0.881458 	0.564804  	-9.647800 
140.000000	-0.899414 	0.540216  	-9.647800 
141.000000	-0.917370 	0.515628  	-9.647800 
142.000000	-0.935327 	0.491039  	-9.647800 
143.000000	-0.954862 	0.467155  	-9.647800 
144.000000	-0.975028 	0.443553  	-9.647800 
145.000000	-0.995195 	0.419951  	-9.647800 
146.000000	-1.015362 	0.396349  	-9.647800 
147.000000	-1.037040 	0.373290  	-9.647800 
148.000000	-1.061437 	0.351210  	-9.647800 
149.000000	-1.085835 	0.329130  	-9.647800 
150.000000	-1.110232 	0.307050  	-9.647800 
151.000000	-1.134630 	0.284970  	-9.647800 
152.000000	-1.095505 	0.264322  	-9.647800 
153.000000	-1.056380 	0.243673  	-9.647800 
154.000000	-1.017254 	0.224019  	-9.647800 
155.000000	-0.978129 	0.204440  	-9.647800 
156.000000	-0.939004 	0.185866  	-9.647800 
157.000000	-0.899879 	0.167458  	-9.647800 
158.000000	-0.860754 	0.150045  	-9.647800 
159.000000	-0.821629 	0.132903  	-9.647800 
160.000000	-0.782503 	0.116728  	-9.647800 
161.000000	-0.743378 	0.100940  	-9.647800 
162.000000	-0.704253 	0.086074  	-9.647800 
163.000000	-0.665128 	0.071721  	-9.647800 
164.000000	-0.626003 	0.058231  	-9.647800 
165.000000	-0.586878 	0.045387  	-9.647800 
166.000000	-0.547752 	0.033331  	-9.647800 
167.000000	-0.508627 	0.022063  	-9.647800 
168.000000	-0.469502 	0.012598  	-9.647800 
169.000000	-0.430377 	0.005538  	-9.647800 
170.000000	-0.391252 	0.001000  	-9.647800 
171.000000	-0.352127 	0.001000  	-9.647800 
172.000000	-0.313001 	0.001000  	-9.647800 
173.000000	-0.273876 	0.001000  	-9.647800 
174.000000	-0.234751 	0.001000  	-9.647800 
175.000000	-0.195626 	0.001000  	-9.647800 
176.000000	-0.156501 	0.001000  	-9.647800 
177.000000	-0.117376 	0.001000  	-9.647800 
178.000000	-0.078250 	0.001000  	-9.647800 
179.000000	-0.039125 	0.001000  	-9.647800 
180.000000	0.000000  	0.001000  	-9.647800 
! ------------------------------------------------------------------------------
! data for table	8         
! ------------------------------------------------------------------------------
  0.900000  	Re           ! Reynolds number in millions
  0.000000  	UserProp     ! User property (control) setting
Flase           InclUAdata   ! Is unsteady aerodynamics data included in this table? If TRUE, then include UA coefficients below this line. Any missing coefficients will be calculated internally.
! Table of aerodynamics coefficients
  361       	NumAlf       ! Number of data lines in the following table
!Alpha      Cl          Cd          Cm/Cp
!(deg)      (-)         (-)         (-)
-180.000000	0.000000  	0.001000  	-9.737200 
-179.000000	0.039212  	0.001000  	-9.737200 
-178.000000	0.078424  	0.001000  	-9.737200 
-177.000000	0.117636  	0.001000  	-9.737200 
-176.000000	0.156848  	0.001000  	-9.737200 
-175.000000	0.196060  	0.001000  	-9.737200 
-174.000000	0.235272  	0.001000  	-9.737200 
-173.000000	0.274484  	0.001000  	-9.737200 
-172.000000	0.313697  	0.001000  	-9.737200 
-171.000000	0.352909  	0.001000  	-9.737200 
-170.000000	0.392121  	0.001000  	-9.737200 
-169.000000	0.431333  	0.005244  	-9.737200 
-168.000000	0.470545  	0.011845  	-9.737200 
-167.000000	0.509757  	0.021116  	-9.737200 
-166.000000	0.548969  	0.032388  	-9.737200 
-165.000000	0.588181  	0.044449  	-9.737200 
-164.000000	0.627393  	0.057297  	-9.737200 
-163.000000	0.666605  	0.070792  	-9.737200 
-162.000000	0.705817  	0.085150  	-9.737200 
-161.000000	0.745029  	0.100021  	-9.737200 
-160.000000	0.784241  	0.115815  	-9.737200 
-159.000000	0.823453  	0.131996  	-9.737200 
-158.000000	0.862666  	0.149144  	-9.737200 
-157.000000	0.901878  	0.166564  	-9.737200 
-156.000000	0.941090  	0.184978  	-9.737200 
-155.000000	0.980302  	0.203560  	-9.737200 
-154.000000	1.019514  	0.223145  	-9.737200 
-153.000000	1.058726  	0.242808  	-9.737200 
-152.000000	1.097938  	0.263464  	-9.737200 
-151.000000	1.137150  	0.284120  	-9.737200 
-150.000000	1.112639  	0.306209  	-9.737200 
-149.000000	1.088128  	0.328298  	-9.737200 
-148.000000	1.063617  	0.350387  	-9.737200 
-147.000000	1.039106  	0.372475  	-9.737200 
-146.000000	1.017330  	0.395543  	-9.737200 
-145.000000	0.997074  	0.419155  	-9.737200 
-144.000000	0.976817  	0.442768  	-9.737200 
-143.000000	0.956560  	0.466380  	-9.737200 
-142.000000	0.936939  	0.490274  	-9.737200 
-141.000000	0.918910  	0.514873  	-9.737200 
-140.000000	0.900880  	0.539472  	-9.737200 
-139.000000	0.882850  	0.564071  	-9.737200 
-138.000000	0.864820  	0.588670  	-9.737200 
-137.000000	0.847706  	0.613668  	-9.737200 
-136.000000	0.830663  	0.638696  	-9.737200 
-135.000000	0.813620  	0.663724  	-9.737200 
-134.000000	0.796576  	0.688753  	-9.737200 
-133.000000	0.779659  	0.713702  	-9.737200 
-132.000000	0.762837  	0.738593  	-9.737200 
-131.000000	0.746015  	0.763483  	-9.737200 
-130.000000	0.729193  	0.788373  	-9.737200 
-129.000000	0.712320  	0.813113  	-9.737200 
-128.000000	0.695264  	0.837303  	-9.737200 
-127.000000	0.678208  	0.861492  	-9.737200 
-126.000000	0.661152  	0.885682  	-9.737200 
-125.000000	0.644096  	0.909871  	-9.737200 
-124.000000	0.626636  	0.932992  	-9.737200 
-123.000000	0.609108  	0.955934  	-9.737200 
-122.000000	0.591581  	0.978877  	-9.737200 
-121.000000	0.574053  	1.001819  	-9.737200 
-120.000000	0.556251  	1.023880  	-9.737200 
-119.000000	0.538175  	1.045058  	-9.737200 
-118.000000	0.520099  	1.066237  	-9.737200 
-117.000000	0.502023  	1.087416  	-9.737200 
-116.000000	0.483874  	1.108275  	-9.737200 
-115.000000	0.465295  	1.127215  	-9.737200 
-114.000000	0.446716  	1.146154  	-9.737200 
-113.000000	0.428136  	1.165094  	-9.737200 
-112.000000	0.409557  	1.184034  	-9.737200 
-111.000000	0.390695  	1.200882  	-9.737200 
-110.000000	0.371755  	1.217160  	-9.737200 
-109.000000	0.352815  	1.233438  	-9.737200 
-108.000000	0.333875  	1.249715  	-9.737200 
-107.000000	0.314875  	1.264698  	-9.737200 
-106.000000	0.295794  	1.277952  	-9.737200 
-105.000000	0.276713  	1.291207  	-9.737200 
-104.000000	0.257632  	1.304461  	-9.737200 
-103.000000	0.238562  	1.317479  	-9.737200 
-102.000000	0.219620  	1.327419  	-9.737200 
-101.000000	0.200679  	1.337359  	-9.737200 
-100.000000	0.181737  	1.347299  	-9.737200 
-99.000000	0.162795  	1.357240  	-9.737200 
-98.000000	0.144187  	1.364659  	-9.737200 
-97.000000	0.125712  	1.371071  	-9.737200 
-96.000000	0.107237  	1.377483  	-9.737200 
-95.000000	0.088763  	1.383894  	-9.737200 
-94.000000	0.070584  	1.388998  	-9.737200 
-93.000000	0.052938  	1.391749  	-9.737200 
-92.000000	0.035292  	1.394499  	-9.737200 
-91.000000	0.017646  	1.397250  	-9.737200 
-90.000000	0.000000  	1.400000  	-9.737200 
-89.000000	-0.017646 	1.397250  	-9.737200 
-88.000000	-0.035292 	1.394499  	-9.737200 
-87.000000	-0.052938 	1.391749  	-9.737200 
-86.000000	-0.070584 	1.388998  	-9.737200 
-85.000000	-0.088763 	1.383894  	-9.737200 
-84.000000	-0.107237 	1.377483  	-9.737200 
-83.000000	-0.125712 	1.371071  	-9.737200 
-82.000000	-0.144187 	1.364659  	-9.737200 
-81.000000	-0.162795 	1.357240  	-9.737200 
-80.000000	-0.181737 	1.347299  	-9.737200 
-79.000000	-0.200679 	1.337359  	-9.737200 
-78.000000	-0.219620 	1.327419  	-9.737200 
-77.000000	-0.238562 	1.317479  	-9.737200 
-76.000000	-0.257632 	1.304461  	-9.737200 
-75.000000	-0.276713 	1.291207  	-9.737200 
-74.000000	-0.295794 	1.277952  	-9.737200 
-73.000000	-0.314875 	1.264698  	-9.737200 
-72.000000	-0.333875 	1.249715  	-9.737200 
-71.000000	-0.352815 	1.233438  	-9.737200 
-70.000000	-0.371755 	1.217160  	-9.737200 
-69.000000	-0.390695 	1.200882  	-9.737200 
-68.000000	-0.409557 	1.184034  	-9.737200 
-67.000000	-0.428136 	1.165094  	-9.737200 
-66.000000	-0.446716 	1.146154  	-9.737200 
-65.000000	-0.465295 	1.127215  	-9.737200 
-64.000000	-0.483874 	1.108275  	-9.737200 
-63.000000	-0.502023 	1.087416  	-9.737200 
-62.000000	-0.520099 	1.066237  	-9.737200 
-61.000000	-0.538175 	1.045058  	-9.737200 
-60.000000	-0.556251 	1.023880  	-9.737200 
-59.000000	-0.574053 	1.001819  	-9.737200 
-58.000000	-0.591581 	0.978877  	-9.737200 
-57.000000	-0.609108 	0.955934  	-9.737200 
-56.000000	-0.626636 	0.932992  	-9.737200 
-55.000000	-0.644096 	0.909871  	-9.737200 
-54.000000	-0.661152 	0.885682  	-9.737200 
-53.000000	-0.678208 	0.861492  	-9.737200 
-52.000000	-0.695264 	0.837303  	-9.737200 
-51.000000	-0.712320 	0.813113  	-9.737200 
-50.000000	-0.729193 	0.788373  	-9.737200 
-49.000000	-0.746015 	0.763483  	-9.737200 
-48.000000	-0.762837 	0.738593  	-9.737200 
-47.000000	-0.779659 	0.713702  	-9.737200 
-46.000000	-0.796576 	0.688753  	-9.737200 
-45.000000	-0.813620 	0.663724  	-9.737200 
-44.000000	-0.830663 	0.638696  	-9.737200 
-43.000000	-0.847706 	0.613668  	-9.737200 
-42.000000	-0.864820 	0.588670  	-9.737200 
-41.000000	-0.882850 	0.564071  	-9.737200 
-40.000000	-0.900880 	0.539472  	-9.737200 
-39.000000	-0.918910 	0.514873  	-9.737200 
-38.000000	-0.936939 	0.490274  	-9.737200 
-37.000000	-0.956560 	0.466380  	-9.737200 
-36.000000	-0.976817 	0.442768  	-9.737200 
-35.000000	-0.997074 	0.419155  	-9.737200 
-34.000000	-1.017330 	0.395543  	-9.737200 
-33.000000	-1.039106 	0.372475  	-9.737200 
-32.000000	-1.063617 	0.350387  	-9.737200 
-31.000000	-1.088128 	0.328298  	-9.737200 
-30.000000	-1.112639 	0.306209  	-9.737200 
-29.000000	-1.137150 	0.284120  	-9.737200 
-28.000000	-1.109405 	0.270073  	-9.737200 
-27.000000	-1.081661 	0.256026  	-9.737200 
-26.000000	-1.053916 	0.241979  	-9.737200 
-25.000000	-1.026171 	0.227933  	-9.737200 
-24.000000	-0.998426 	0.213886  	-9.737200 
-23.000000	-0.970682 	0.199839  	-9.737200 
-22.000000	-0.942937 	0.185792  	-9.737200 
-21.000000	-0.915192 	0.171745  	-9.737200 
-20.000000	-0.887447 	0.157698  	-9.737200 
-19.000000	-0.859703 	0.143652  	-9.737200 
-18.000000	-0.831958 	0.129605  	-9.737200 
-17.000000	-0.804213 	0.115558  	-9.737200 
-16.000000	-0.776468 	0.101511  	-9.737200 
-15.000000	-0.748724 	0.087464  	-9.737200 
-14.000000	-0.720979 	0.073417  	-9.737200 
-13.000000	-0.693234 	0.059371  	-9.737200 
-12.000000	-0.665489 	0.045324  	-8.488542 
-11.000000	-0.637745 	0.031277  	-6.740421 
-10.000000	-0.610000 	0.017230  	-4.992300 
-9.000000 	-0.484600 	0.014890  	-4.102400 
-8.000000 	-0.355500 	0.013290  	-3.305600 
-7.000000 	-0.221900 	0.011690  	-2.545200 
-6.000000 	-0.084000 	0.009810  	-1.857500 
-5.000000 	0.044900  	0.009080  	-1.272300 
-4.000000 	0.169500  	0.008930  	-0.790500 
-3.000000 	0.292800  	0.008970  	-0.766400 
-2.000000 	0.415300  	0.009080  	-0.840500 
-1.000000 	0.537200  	0.009250  	-0.920400 
0.000000  	0.658100  	0.009460  	-1.005450 
1.000000  	0.779000  	0.009670  	-1.090500 
2.000000  	0.898400  	0.009860  	-1.191400 
3.000000  	1.016900  	0.010070  	-1.343900 
4.000000  	1.134000  	0.010390  	-1.523000 
5.000000  	1.249800  	0.010720  	-1.751000 
6.000000  	1.362300  	0.011270  	-2.043000 
7.000000  	1.466900  	0.012450  	-2.411100 
8.000000  	1.554100  	0.014820  	-2.838100 
9.000000  	1.633100  	0.017160  	-3.282400 
10.000000 	1.698400  	0.019620  	-3.722500 
11.000000 	1.732500  	0.023110  	-4.105500 
12.000000 	1.757500  	0.028680  	-4.492000 
13.000000 	1.776300  	0.036570  	-4.874800 
14.000000 	1.785200  	0.046370  	-5.338400 
15.000000 	1.784400  	0.057720  	-5.761300 
16.000000 	1.775500  	0.070690  	-6.179800 
17.000000 	1.763700  	0.084250  	-6.575300 
18.000000 	1.754700  	0.098460  	-7.022800 
19.000000 	1.739300  	0.114040  	-7.393800 
20.000000 	1.722000  	0.130410  	-7.771000 
21.000000 	1.708800  	0.146590  	-8.118300 
22.000000 	1.693900  	0.163520  	-8.433900 
23.000000 	1.678500  	0.180970  	-8.724800 
24.000000 	1.667700  	0.197920  	-8.991400 
25.000000 	1.655900  	0.215260  	-9.230100 
26.000000 	1.646700  	0.232420  	-9.442800 
27.000000 	1.639300  	0.249450  	-9.607000 
28.000000 	1.631100  	0.266930  	-9.693100 
29.000000 	1.624500  	0.284120  	-9.737200 
30.000000 	1.589484  	0.306209  	-9.737200 
31.000000 	1.554469  	0.328298  	-9.737200 
32.000000 	1.519453  	0.350387  	-9.737200 
33.000000 	1.484438  	0.372475  	-9.737200 
34.000000 	1.453329  	0.395543  	-9.737200 
35.000000 	1.424391  	0.419155  	-9.737200 
36.000000 	1.395453  	0.442768  	-9.737200 
37.000000 	1.366514  	0.466380  	-9.737200 
38.000000 	1.338485  	0.490274  	-9.737200 
39.000000 	1.312728  	0.514873  	-9.737200 
40.000000 	1.286971  	0.539472  	-9.737200 
41.000000 	1.261214  	0.564071  	-9.737200 
42.000000 	1.235458  	0.588670  	-9.737200 
43.000000 	1.211009  	0.613668  	-9.737200 
44.000000 	1.186662  	0.638696  	-9.737200 
45.000000 	1.162314  	0.663724  	-9.737200 
46.000000 	1.137966  	0.688753  	-9.737200 
47.000000 	1.113799  	0.713702  	-9.737200 
48.000000 	1.089767  	0.738593  	-9.737200 
49.000000 	1.065736  	0.763483  	-9.737200 
50.000000 	1.041704  	0.788373  	-9.737200 
51.000000 	1.017600  	0.813113  	-9.737200 
52.000000 	0.993234  	0.837303  	-9.737200 
53.000000 	0.968869  	0.861492  	-9.737200 
54.000000 	0.944503  	0.885682  	-9.737200 
55.000000 	0.920137  	0.909871  	-9.737200 
56.000000 	0.895194  	0.932992  	-9.737200 
57.000000 	0.870155  	0.955934  	-9.737200 
58.000000 	0.845115  	0.978877  	-9.737200 
59.000000 	0.820076  	1.001819  	-9.737200 
60.000000 	0.794645  	1.023880  	-9.737200 
61.000000 	0.768822  	1.045058  	-9.737200 
62.000000 	0.742998  	1.066237  	-9.737200 
63.000000 	0.717175  	1.087416  	-9.737200 
64.000000 	0.691249  	1.108275  	-9.737200 
65.000000 	0.664707  	1.127215  	-9.737200 
66.000000 	0.638165  	1.146154  	-9.737200 
67.000000 	0.611624  	1.165094  	-9.737200 
68.000000 	0.585082  	1.184034  	-9.737200 
69.000000 	0.558135  	1.200882  	-9.737200 
70.000000 	0.531078  	1.217160  	-9.737200 
71.000000 	0.504021  	1.233438  	-9.737200 
72.000000 	0.476965  	1.249715  	-9.737200 
73.000000 	0.449821  	1.264698  	-9.737200 
74.000000 	0.422563  	1.277952  	-9.737200 
75.000000 	0.395305  	1.291207  	-9.737200 
76.000000 	0.368046  	1.304461  	-9.737200 
77.000000 	0.340802  	1.317479  	-9.737200 
78.000000 	0.313743  	1.327419  	-9.737200 
79.000000 	0.286684  	1.337359  	-9.737200 
80.000000 	0.259624  	1.347299  	-9.737200 
81.000000 	0.232565  	1.357240  	-9.737200 
82.000000 	0.205982  	1.364659  	-9.737200 
83.000000 	0.179589  	1.371071  	-9.737200 
84.000000 	0.153196  	1.377483  	-9.737200 
85.000000 	0.126804  	1.383894  	-9.737200 
86.000000 	0.100834  	1.388998  	-9.737200 
87.000000 	0.075625  	1.391749  	-9.737200 
88.000000 	0.050417  	1.394499  	-9.737200 
89.000000 	0.025208  	1.397250  	-9.737200 
90.000000 	0.000000  	1.400000  	-9.737200 
91.000000 	-0.017646 	1.397250  	-9.737200 
92.000000 	-0.035292 	1.394499  	-9.737200 
93.000000 	-0.052938 	1.391749  	-9.737200 
94.000000 	-0.070584 	1.388998  	-9.737200 
95.000000 	-0.088763 	1.383894  	-9.737200 
96.000000 	-0.107237 	1.377483  	-9.737200 
97.000000 	-0.125712 	1.371071  	-9.737200 
98.000000 	-0.144187 	1.364659  	-9.737200 
99.000000 	-0.162795 	1.357240  	-9.737200 
100.000000	-0.181737 	1.347299  	-9.737200 
101.000000	-0.200679 	1.337359  	-9.737200 
102.000000	-0.219620 	1.327419  	-9.737200 
103.000000	-0.238562 	1.317479  	-9.737200 
104.000000	-0.257632 	1.304461  	-9.737200 
105.000000	-0.276713 	1.291207  	-9.737200 
106.000000	-0.295794 	1.277952  	-9.737200 
107.000000	-0.314875 	1.264698  	-9.737200 
108.000000	-0.333875 	1.249715  	-9.737200 
109.000000	-0.352815 	1.233438  	-9.737200 
110.000000	-0.371755 	1.217160  	-9.737200 
111.000000	-0.390695 	1.200882  	-9.737200 
112.000000	-0.409557 	1.184034  	-9.737200 
113.000000	-0.428136 	1.165094  	-9.737200 
114.000000	-0.446716 	1.146154  	-9.737200 
115.000000	-0.465295 	1.127215  	-9.737200 
116.000000	-0.483874 	1.108275  	-9.737200 
117.000000	-0.502023 	1.087416  	-9.737200 
118.000000	-0.520099 	1.066237  	-9.737200 
119.000000	-0.538175 	1.045058  	-9.737200 
120.000000	-0.556251 	1.023880  	-9.737200 
121.000000	-0.574053 	1.001819  	-9.737200 
122.000000	-0.591581 	0.978877  	-9.737200 
123.000000	-0.609108 	0.955934  	-9.737200 
124.000000	-0.626636 	0.932992  	-9.737200 
125.000000	-0.644096 	0.909871  	-9.737200 
126.000000	-0.661152 	0.885682  	-9.737200 
127.000000	-0.678208 	0.861492  	-9.737200 
128.000000	-0.695264 	0.837303  	-9.737200 
129.000000	-0.712320 	0.813113  	-9.737200 
130.000000	-0.729193 	0.788373  	-9.737200 
131.000000	-0.746015 	0.763483  	-9.737200 
132.000000	-0.762837 	0.738593  	-9.737200 
133.000000	-0.779659 	0.713702  	-9.737200 
134.000000	-0.796576 	0.688753  	-9.737200 
135.000000	-0.813620 	0.663724  	-9.737200 
136.000000	-0.830663 	0.638696  	-9.737200 
137.000000	-0.847706 	0.613668  	-9.737200 
138.000000	-0.864820 	0.588670  	-9.737200 
139.000000	-0.882850 	0.564071  	-9.737200 
140.000000	-0.900880 	0.539472  	-9.737200 
141.000000	-0.918910 	0.514873  	-9.737200 
142.000000	-0.936939 	0.490274  	-9.737200 
143.000000	-0.956560 	0.466380  	-9.737200 
144.000000	-0.976817 	0.442768  	-9.737200 
145.000000	-0.997074 	0.419155  	-9.737200 
146.000000	-1.017330 	0.395543  	-9.737200 
147.000000	-1.039106 	0.372475  	-9.737200 
148.000000	-1.063617 	0.350387  	-9.737200 
149.000000	-1.088128 	0.328298  	-9.737200 
150.000000	-1.112639 	0.306209  	-9.737200 
151.000000	-1.137150 	0.284120  	-9.737200 
152.000000	-1.097938 	0.263464  	-9.737200 
153.000000	-1.058726 	0.242808  	-9.737200 
154.000000	-1.019514 	0.223145  	-9.737200 
155.000000	-0.980302 	0.203560  	-9.737200 
156.000000	-0.941090 	0.184978  	-9.737200 
157.000000	-0.901878 	0.166564  	-9.737200 
158.000000	-0.862666 	0.149144  	-9.737200 
159.000000	-0.823453 	0.131996  	-9.737200 
160.000000	-0.784241 	0.115815  	-9.737200 
161.000000	-0.745029 	0.100021  	-9.737200 
162.000000	-0.705817 	0.085150  	-9.737200 
163.000000	-0.666605 	0.070792  	-9.737200 
164.000000	-0.627393 	0.057297  	-9.737200 
165.000000	-0.588181 	0.044449  	-9.737200 
166.000000	-0.548969 	0.032388  	-9.737200 
167.000000	-0.509757 	0.021116  	-9.737200 
168.000000	-0.470545 	0.011845  	-9.737200 
169.000000	-0.431333 	0.005244  	-9.737200 
170.000000	-0.392121 	0.001000  	-9.737200 
171.000000	-0.352909 	0.001000  	-9.737200 
172.000000	-0.313697 	0.001000  	-9.737200 
173.000000	-0.274484 	0.001000  	-9.737200 
174.000000	-0.235272 	0.001000  	-9.737200 
175.000000	-0.196060 	0.001000  	-9.737200 
176.000000	-0.156848 	0.001000  	-9.737200 
177.000000	-0.117636 	0.001000  	-9.737200 
178.000000	-0.078424 	0.001000  	-9.737200 
179.000000	-0.039212 	0.001000  	-9.737200 
180.000000	0.000000  	0.001000  	-9.737200 
! ------------------------------------------------------------------------------
! data for table	9         
! ------------------------------------------------------------------------------
  1.000000  	Re           ! Reynolds number in millions
  0.000000  	UserProp     ! User property (control) setting
Flase           InclUAdata   ! Is unsteady aerodynamics data included in this table? If TRUE, then include UA coefficients below this line. Any missing coefficients will be calculated internally.
! Table of aerodynamics coefficients
  361       	NumAlf       ! Number of data lines in the following table
!Alpha      Cl          Cd          Cm/Cp
!(deg)      (-)         (-)         (-)
-180.000000	0.000000  	0.001000  	-9.749700 
-179.000000	0.039210  	0.001000  	-9.749700 
-178.000000	0.078419  	0.001000  	-9.749700 
-177.000000	0.117629  	0.001000  	-9.749700 
-176.000000	0.156839  	0.001000  	-9.749700 
-175.000000	0.196048  	0.001000  	-9.749700 
-174.000000	0.235258  	0.001000  	-9.749700 
-173.000000	0.274468  	0.001000  	-9.749700 
-172.000000	0.313677  	0.001000  	-9.749700 
-171.000000	0.352887  	0.001000  	-9.749700 
-170.000000	0.392097  	0.001000  	-9.749700 
-169.000000	0.431306  	0.005920  	-9.749700 
-168.000000	0.470516  	0.013572  	-9.749700 
-167.000000	0.509726  	0.023288  	-9.749700 
-166.000000	0.548935  	0.034551  	-9.749700 
-165.000000	0.588145  	0.046602  	-9.749700 
-164.000000	0.627354  	0.059440  	-9.749700 
-163.000000	0.666564  	0.072924  	-9.749700 
-162.000000	0.705774  	0.087270  	-9.749700 
-161.000000	0.744983  	0.102129  	-9.749700 
-160.000000	0.784193  	0.117910  	-9.749700 
-159.000000	0.823403  	0.134077  	-9.749700 
-158.000000	0.862612  	0.151211  	-9.749700 
-157.000000	0.901822  	0.168616  	-9.749700 
-156.000000	0.941032  	0.187014  	-9.749700 
-155.000000	0.980241  	0.205580  	-9.749700 
-154.000000	1.019451  	0.225149  	-9.749700 
-153.000000	1.058661  	0.244794  	-9.749700 
-152.000000	1.097870  	0.265432  	-9.749700 
-151.000000	1.137080  	0.286070  	-9.749700 
-150.000000	1.112572  	0.308139  	-9.749700 
-149.000000	1.088065  	0.330207  	-9.749700 
-148.000000	1.063557  	0.352276  	-9.749700 
-147.000000	1.039049  	0.374345  	-9.749700 
-146.000000	1.017276  	0.397391  	-9.749700 
-145.000000	0.997021  	0.420981  	-9.749700 
-144.000000	0.976767  	0.444570  	-9.749700 
-143.000000	0.956513  	0.468159  	-9.749700 
-142.000000	0.936895  	0.492030  	-9.749700 
-141.000000	0.918867  	0.516604  	-9.749700 
-140.000000	0.900839  	0.541179  	-9.749700 
-139.000000	0.882811  	0.565753  	-9.749700 
-138.000000	0.864784  	0.590327  	-9.749700 
-137.000000	0.847672  	0.615298  	-9.749700 
-136.000000	0.830630  	0.640299  	-9.749700 
-135.000000	0.813588  	0.665300  	-9.749700 
-134.000000	0.796547  	0.690301  	-9.749700 
-133.000000	0.779631  	0.715222  	-9.749700 
-132.000000	0.762810  	0.740083  	-9.749700 
-131.000000	0.745989  	0.764945  	-9.749700 
-130.000000	0.729169  	0.789806  	-9.749700 
-129.000000	0.712298  	0.814516  	-9.749700 
-128.000000	0.695243  	0.838675  	-9.749700 
-127.000000	0.678188  	0.862833  	-9.749700 
-126.000000	0.661133  	0.886992  	-9.749700 
-125.000000	0.644078  	0.911150  	-9.749700 
-124.000000	0.626619  	0.934238  	-9.749700 
-123.000000	0.609092  	0.957148  	-9.749700 
-122.000000	0.591566  	0.980057  	-9.749700 
-121.000000	0.574039  	1.002967  	-9.749700 
-120.000000	0.556238  	1.024994  	-9.749700 
-119.000000	0.538163  	1.046139  	-9.749700 
-118.000000	0.520088  	1.067283  	-9.749700 
-117.000000	0.502012  	1.088428  	-9.749700 
-116.000000	0.483865  	1.109252  	-9.749700 
-115.000000	0.465286  	1.128156  	-9.749700 
-114.000000	0.446708  	1.147061  	-9.749700 
-113.000000	0.428129  	1.165965  	-9.749700 
-112.000000	0.409550  	1.184869  	-9.749700 
-111.000000	0.390688  	1.201681  	-9.749700 
-110.000000	0.371749  	1.217922  	-9.749700 
-109.000000	0.352810  	1.234163  	-9.749700 
-108.000000	0.333871  	1.250404  	-9.749700 
-107.000000	0.314871  	1.265349  	-9.749700 
-106.000000	0.295791  	1.278566  	-9.749700 
-105.000000	0.276710  	1.291783  	-9.749700 
-104.000000	0.257630  	1.305000  	-9.749700 
-103.000000	0.238559  	1.317980  	-9.749700 
-102.000000	0.219618  	1.327882  	-9.749700 
-101.000000	0.200677  	1.337784  	-9.749700 
-100.000000	0.181736  	1.347686  	-9.749700 
-99.000000	0.162794  	1.357588  	-9.749700 
-98.000000	0.144186  	1.364969  	-9.749700 
-97.000000	0.125712  	1.371342  	-9.749700 
-96.000000	0.107237  	1.377715  	-9.749700 
-95.000000	0.088762  	1.384088  	-9.749700 
-94.000000	0.070584  	1.389154  	-9.749700 
-93.000000	0.052938  	1.391865  	-9.749700 
-92.000000	0.035292  	1.394577  	-9.749700 
-91.000000	0.017646  	1.397288  	-9.749700 
-90.000000	0.000000  	1.400000  	-9.749700 
-89.000000	-0.017646 	1.397288  	-9.749700 
-88.000000	-0.035292 	1.394577  	-9.749700 
-87.000000	-0.052938 	1.391865  	-9.749700 
-86.000000	-0.070584 	1.389154  	-9.749700 
-85.000000	-0.088762 	1.384088  	-9.749700 
-84.000000	-0.107237 	1.377715  	-9.749700 
-83.000000	-0.125712 	1.371342  	-9.749700 
-82.000000	-0.144186 	1.364969  	-9.749700 
-81.000000	-0.162794 	1.357588  	-9.749700 
-80.000000	-0.181736 	1.347686  	-9.749700 
-79.000000	-0.200677 	1.337784  	-9.749700 
-78.000000	-0.219618 	1.327882  	-9.749700 
-77.000000	-0.238559 	1.317980  	-9.749700 
-76.000000	-0.257630 	1.305000  	-9.749700 
-75.000000	-0.276710 	1.291783  	-9.749700 
-74.000000	-0.295791 	1.278566  	-9.749700 
-73.000000	-0.314871 	1.265349  	-9.749700 
-72.000000	-0.333871 	1.250404  	-9.749700 
-71.000000	-0.352810 	1.234163  	-9.749700 
-70.000000	-0.371749 	1.217922  	-9.749700 
-69.000000	-0.390688 	1.201681  	-9.749700 
-68.000000	-0.409550 	1.184869  	-9.749700 
-67.000000	-0.428129 	1.165965  	-9.749700 
-66.000000	-0.446708 	1.147061  	-9.749700 
-65.000000	-0.465286 	1.128156  	-9.749700 
-64.000000	-0.483865 	1.109252  	-9.749700 
-63.000000	-0.502012 	1.088428  	-9.749700 
-62.000000	-0.520088 	1.067283  	-9.749700 
-61.000000	-0.538163 	1.046139  	-9.749700 
-60.000000	-0.556238 	1.024994  	-9.749700 
-59.000000	-0.574039 	1.002967  	-9.749700 
-58.000000	-0.591566 	0.980057  	-9.749700 
-57.000000	-0.609092 	0.957148  	-9.749700 
-56.000000	-0.626619 	0.934238  	-9.749700 
-55.000000	-0.644078 	0.911150  	-9.749700 
-54.000000	-0.661133 	0.886992  	-9.749700 
-53.000000	-0.678188 	0.862833  	-9.749700 
-52.000000	-0.695243 	0.838675  	-9.749700 
-51.000000	-0.712298 	0.814516  	-9.749700 
-50.000000	-0.729169 	0.789806  	-9.749700 
-49.000000	-0.745989 	0.764945  	-9.749700 
-48.000000	-0.762810 	0.740083  	-9.749700 
-47.000000	-0.779631 	0.715222  	-9.749700 
-46.000000	-0.796547 	0.690301  	-9.749700 
-45.000000	-0.813588 	0.665300  	-9.749700 
-44.000000	-0.830630 	0.640299  	-9.749700 
-43.000000	-0.847672 	0.615298  	-9.749700 
-42.000000	-0.864784 	0.590327  	-9.749700 
-41.000000	-0.882811 	0.565753  	-9.749700 
-40.000000	-0.900839 	0.541179  	-9.749700 
-39.000000	-0.918867 	0.516604  	-9.749700 
-38.000000	-0.936895 	0.492030  	-9.749700 
-37.000000	-0.956513 	0.468159  	-9.749700 
-36.000000	-0.976767 	0.444570  	-9.749700 
-35.000000	-0.997021 	0.420981  	-9.749700 
-34.000000	-1.017276 	0.397391  	-9.749700 
-33.000000	-1.039049 	0.374345  	-9.749700 
-32.000000	-1.063557 	0.352276  	-9.749700 
-31.000000	-1.088065 	0.330207  	-9.749700 
-30.000000	-1.112572 	0.308139  	-9.749700 
-29.000000	-1.137080 	0.286070  	-9.749700 
-28.000000	-1.109228 	0.271880  	-9.749700 
-27.000000	-1.081377 	0.257690  	-9.749700 
-26.000000	-1.053525 	0.243500  	-9.749700 
-25.000000	-1.025674 	0.229310  	-9.749700 
-24.000000	-0.997822 	0.215120  	-9.749700 
-23.000000	-0.969971 	0.200930  	-9.749700 
-22.000000	-0.942119 	0.186740  	-9.749700 
-21.000000	-0.914267 	0.172550  	-9.749700 
-20.000000	-0.886416 	0.158360  	-9.749700 
-19.000000	-0.858564 	0.144170  	-9.749700 
-18.000000	-0.830713 	0.129980  	-9.749700 
-17.000000	-0.802861 	0.115790  	-9.749700 
-16.000000	-0.775009 	0.101600  	-9.749700 
-15.000000	-0.747158 	0.087410  	-9.749700 
-14.000000	-0.719306 	0.073220  	-9.749700 
-13.000000	-0.691455 	0.059030  	-9.749700 
-12.000000	-0.663603 	0.044840  	-8.498858 
-11.000000	-0.635752 	0.030650  	-6.747679 
-10.000000	-0.607900 	0.016460  	-4.996500 
-9.000000 	-0.482700 	0.014460  	-4.128300 
-8.000000 	-0.353600 	0.013000  	-3.296100 
-7.000000 	-0.220600 	0.011520  	-2.546700 
-6.000000 	-0.083200 	0.009710  	-1.851500 
-5.000000 	0.046300  	0.008900  	-1.270200 
-4.000000 	0.171200  	0.008690  	-0.786800 
-3.000000 	0.294400  	0.008710  	-0.767400 
-2.000000 	0.416900  	0.008820  	-0.842000 
-1.000000 	0.538800  	0.008960  	-0.921500 
0.000000  	0.660100  	0.009140  	-1.005200 
1.000000  	0.780700  	0.009350  	-1.092500 
2.000000  	0.900500  	0.009510  	-1.193100 
3.000000  	1.018900  	0.009760  	-1.345900 
4.000000  	1.136700  	0.010030  	-1.526300 
5.000000  	1.252700  	0.010400  	-1.754100 
6.000000  	1.364900  	0.011010  	-2.045800 
7.000000  	1.469100  	0.012290  	-2.415700 
8.000000  	1.556200  	0.014700  	-2.840100 
9.000000  	1.637300  	0.016900  	-3.299200 
10.000000 	1.705700  	0.019240  	-3.749600 
11.000000 	1.741400  	0.022620  	-4.131900 
12.000000 	1.768800  	0.027840  	-4.529300 
13.000000 	1.790000  	0.035340  	-4.937400 
14.000000 	1.800500  	0.044910  	-5.397500 
15.000000 	1.800000  	0.056140  	-5.841400 
16.000000 	1.793100  	0.068800  	-6.260800 
17.000000 	1.783000  	0.081990  	-6.694000 
18.000000 	1.771500  	0.096420  	-7.139900 
19.000000 	1.758600  	0.111450  	-7.557300 
20.000000 	1.732400  	0.129030  	-7.870800 
21.000000 	1.724900  	0.144230  	-8.272500 
22.000000 	1.700700  	0.162690  	-8.557600 
23.000000 	1.691700  	0.179000  	-8.961600 
24.000000 	1.669900  	0.198090  	-9.063200 
25.000000 	1.663000  	0.214650  	-9.343900 
26.000000 	1.649500  	0.232980  	-9.600500 
27.000000 	1.642100  	0.250180  	-9.715200 
28.000000 	1.632100  	0.268240  	-9.749700 
29.000000 	1.624400  	0.286070  	-9.706100 
30.000000 	1.589389  	0.308139  	-9.716107 
31.000000 	1.554378  	0.330207  	-9.726113 
32.000000 	1.519367  	0.352276  	-9.736120 
33.000000 	1.484356  	0.374345  	-9.746126 
34.000000 	1.453251  	0.397391  	-9.749700 
35.000000 	1.424316  	0.420981  	-9.749700 
36.000000 	1.395382  	0.444570  	-9.749700 
37.000000 	1.366447  	0.468159  	-9.749700 
38.000000 	1.338421  	0.492030  	-9.749700 
39.000000 	1.312667  	0.516604  	-9.749700 
40.000000 	1.286913  	0.541179  	-9.749700 
41.000000 	1.261159  	0.565753  	-9.749700 
42.000000 	1.235405  	0.590327  	-9.749700 
43.000000 	1.210959  	0.615298  	-9.749700 
44.000000 	1.186614  	0.640299  	-9.749700 
45.000000 	1.162269  	0.665300  	-9.749700 
46.000000 	1.137924  	0.690301  	-9.749700 
47.000000 	1.113759  	0.715222  	-9.749700 
48.000000 	1.089729  	0.740083  	-9.749700 
49.000000 	1.065699  	0.764945  	-9.749700 
50.000000 	1.041669  	0.789806  	-9.749700 
51.000000 	1.017568  	0.814516  	-9.749700 
52.000000 	0.993204  	0.838675  	-9.749700 
53.000000 	0.968840  	0.862833  	-9.749700 
54.000000 	0.944476  	0.886992  	-9.749700 
55.000000 	0.920111  	0.911150  	-9.749700 
56.000000 	0.895170  	0.934238  	-9.749700 
57.000000 	0.870132  	0.957148  	-9.749700 
58.000000 	0.845094  	0.980057  	-9.749700 
59.000000 	0.820056  	1.002967  	-9.749700 
60.000000 	0.794626  	1.024994  	-9.749700 
61.000000 	0.768804  	1.046139  	-9.749700 
62.000000 	0.742982  	1.067283  	-9.749700 
63.000000 	0.717160  	1.088428  	-9.749700 
64.000000 	0.691236  	1.109252  	-9.749700 
65.000000 	0.664695  	1.128156  	-9.749700 
66.000000 	0.638154  	1.147061  	-9.749700 
67.000000 	0.611613  	1.165965  	-9.749700 
68.000000 	0.585072  	1.184869  	-9.749700 
69.000000 	0.558126  	1.201681  	-9.749700 
70.000000 	0.531070  	1.217922  	-9.749700 
71.000000 	0.504014  	1.234163  	-9.749700 
72.000000 	0.476958  	1.250404  	-9.749700 
73.000000 	0.449816  	1.265349  	-9.749700 
74.000000 	0.422558  	1.278566  	-9.749700 
75.000000 	0.395300  	1.291783  	-9.749700 
76.000000 	0.368042  	1.305000  	-9.749700 
77.000000 	0.340799  	1.317980  	-9.749700 
78.000000 	0.313740  	1.327882  	-9.749700 
79.000000 	0.286681  	1.337784  	-9.749700 
80.000000 	0.259622  	1.347686  	-9.749700 
81.000000 	0.232563  	1.357588  	-9.749700 
82.000000 	0.205980  	1.364969  	-9.749700 
83.000000 	0.179588  	1.371342  	-9.749700 
84.000000 	0.153196  	1.377715  	-9.749700 
85.000000 	0.126803  	1.384088  	-9.749700 
86.000000 	0.100834  	1.389154  	-9.749700 
87.000000 	0.075625  	1.391865  	-9.749700 
88.000000 	0.050417  	1.394577  	-9.749700 
89.000000 	0.025208  	1.397288  	-9.749700 
90.000000 	0.000000  	1.400000  	-9.749700 
91.000000 	-0.017646 	1.397288  	-9.749700 
92.000000 	-0.035292 	1.394577  	-9.749700 
93.000000 	-0.052938 	1.391865  	-9.749700 
94.000000 	-0.070584 	1.389154  	-9.749700 
95.000000 	-0.088762 	1.384088  	-9.749700 
96.000000 	-0.107237 	1.377715  	-9.749700 
97.000000 	-0.125712 	1.371342  	-9.749700 
98.000000 	-0.144186 	1.364969  	-9.749700 
99.000000 	-0.162794 	1.357588  	-9.749700 
100.000000	-0.181736 	1.347686  	-9.749700 
101.000000	-0.200677 	1.337784  	-9.749700 
102.000000	-0.219618 	1.327882  	-9.749700 
103.000000	-0.238559 	1.317980  	-9.749700 
104.000000	-0.257630 	1.305000  	-9.749700 
105.000000	-0.276710 	1.291783  	-9.749700 
106.000000	-0.295791 	1.278566  	-9.749700 
107.000000	-0.314871 	1.265349  	-9.749700 
108.000000	-0.333871 	1.250404  	-9.749700 
109.000000	-0.352810 	1.234163  	-9.749700 
110.000000	-0.371749 	1.217922  	-9.749700 
111.000000	-0.390688 	1.201681  	-9.749700 
112.000000	-0.409550 	1.184869  	-9.749700 
113.000000	-0.428129 	1.165965  	-9.749700 
114.000000	-0.446708 	1.147061  	-9.749700 
115.000000	-0.465286 	1.128156  	-9.749700 
116.000000	-0.483865 	1.109252  	-9.749700 
117.000000	-0.502012 	1.088428  	-9.749700 
118.000000	-0.520088 	1.067283  	-9.749700 
119.000000	-0.538163 	1.046139  	-9.749700 
120.000000	-0.556238 	1.024994  	-9.749700 
121.000000	-0.574039 	1.002967  	-9.749700 
122.000000	-0.591566 	0.980057  	-9.749700 
123.000000	-0.609092 	0.957148  	-9.749700 
124.000000	-0.626619 	0.934238  	-9.749700 
125.000000	-0.644078 	0.911150  	-9.749700 
126.000000	-0.661133 	0.886992  	-9.749700 
127.000000	-0.678188 	0.862833  	-9.749700 
128.000000	-0.695243 	0.838675  	-9.749700 
129.000000	-0.712298 	0.814516  	-9.749700 
130.000000	-0.729169 	0.789806  	-9.749700 
131.000000	-0.745989 	0.764945  	-9.749700 
132.000000	-0.762810 	0.740083  	-9.749700 
133.000000	-0.779631 	0.715222  	-9.749700 
134.000000	-0.796547 	0.690301  	-9.749700 
135.000000	-0.813588 	0.665300  	-9.749700 
136.000000	-0.830630 	0.640299  	-9.749700 
137.000000	-0.847672 	0.615298  	-9.749700 
138.000000	-0.864784 	0.590327  	-9.749700 
139.000000	-0.882811 	0.565753  	-9.749700 
140.000000	-0.900839 	0.541179  	-9.749700 
141.000000	-0.918867 	0.516604  	-9.749700 
142.000000	-0.936895 	0.492030  	-9.749700 
143.000000	-0.956513 	0.468159  	-9.749700 
144.000000	-0.976767 	0.444570  	-9.749700 
145.000000	-0.997021 	0.420981  	-9.749700 
146.000000	-1.017276 	0.397391  	-9.749700 
147.000000	-1.039049 	0.374345  	-9.749700 
148.000000	-1.063557 	0.352276  	-9.749700 
149.000000	-1.088065 	0.330207  	-9.749700 
150.000000	-1.112572 	0.308139  	-9.749700 
151.000000	-1.137080 	0.286070  	-9.749700 
152.000000	-1.097870 	0.265432  	-9.749700 
153.000000	-1.058661 	0.244794  	-9.749700 
154.000000	-1.019451 	0.225149  	-9.749700 
155.000000	-0.980241 	0.205580  	-9.749700 
156.000000	-0.941032 	0.187014  	-9.749700 
157.000000	-0.901822 	0.168616  	-9.749700 
158.000000	-0.862612 	0.151211  	-9.749700 
159.000000	-0.823403 	0.134077  	-9.749700 
160.000000	-0.784193 	0.117910  	-9.749700 
161.000000	-0.744983 	0.102129  	-9.749700 
162.000000	-0.705774 	0.087270  	-9.749700 
163.000000	-0.666564 	0.072924  	-9.749700 
164.000000	-0.627354 	0.059440  	-9.749700 
165.000000	-0.588145 	0.046602  	-9.749700 
166.000000	-0.548935 	0.034551  	-9.749700 
167.000000	-0.509726 	0.023288  	-9.749700 
168.000000	-0.470516 	0.013572  	-9.749700 
169.000000	-0.431306 	0.005920  	-9.749700 
170.000000	-0.392097 	0.001000  	-9.749700 
171.000000	-0.352887 	0.001000  	-9.749700 
172.000000	-0.313677 	0.001000  	-9.749700 
173.000000	-0.274468 	0.001000  	-9.749700 
174.000000	-0.235258 	0.001000  	-9.749700 
175.000000	-0.196048 	0.001000  	-9.749700 
176.000000	-0.156839 	0.001000  	-9.749700 
177.000000	-0.117629 	0.001000  	-9.749700 
178.000000	-0.078419 	0.001000  	-9.749700 
179.000000	-0.039210 	0.001000  	-9.749700 
180.000000	0.000000  	0.001000  	-9.749700 
! ------------------------------------------------------------------------------
! data for table	10        
! ------------------------------------------------------------------------------
  1.100000  	Re           ! Reynolds number in millions
  0.000000  	UserProp     ! User property (control) setting
Flase           InclUAdata   ! Is unsteady aerodynamics data included in this table? If TRUE, then include UA coefficients below this line. Any missing coefficients will be calculated internally.
! Table of aerodynamics coefficients
  361       	NumAlf       ! Number of data lines in the following table
!Alpha      Cl          Cd          Cm/Cp
!(deg)      (-)         (-)         (-)
-180.000000	0.000000  	0.001000  	-9.832300 
-179.000000	0.039297  	0.001000  	-9.832300 
-178.000000	0.078593  	0.001000  	-9.832300 
-177.000000	0.117890  	0.001000  	-9.832300 
-176.000000	0.157186  	0.001000  	-9.832300 
-175.000000	0.196483  	0.001000  	-9.832300 
-174.000000	0.235779  	0.001000  	-9.832300 
-173.000000	0.275076  	0.001000  	-9.832300 
-172.000000	0.314372  	0.001000  	-9.832300 
-171.000000	0.353669  	0.001000  	-9.832300 
-170.000000	0.392966  	0.001000  	-9.832300 
-169.000000	0.432262  	0.005628  	-9.832300 
-168.000000	0.471559  	0.012828  	-9.832300 
-167.000000	0.510855  	0.022352  	-9.832300 
-166.000000	0.550152  	0.033620  	-9.832300 
-165.000000	0.589448  	0.045674  	-9.832300 
-164.000000	0.628745  	0.058517  	-9.832300 
-163.000000	0.668041  	0.072006  	-9.832300 
-162.000000	0.707338  	0.086357  	-9.832300 
-161.000000	0.746634  	0.101221  	-9.832300 
-160.000000	0.785931  	0.117007  	-9.832300 
-159.000000	0.825228  	0.133180  	-9.832300 
-158.000000	0.864524  	0.150320  	-9.832300 
-157.000000	0.903821  	0.167732  	-9.832300 
-156.000000	0.943117  	0.186137  	-9.832300 
-155.000000	0.982414  	0.204710  	-9.832300 
-154.000000	1.021710  	0.224286  	-9.832300 
-153.000000	1.061007  	0.243938  	-9.832300 
-152.000000	1.100303  	0.264584  	-9.832300 
-151.000000	1.139600  	0.285230  	-9.832300 
-150.000000	1.114979  	0.307307  	-9.832300 
-149.000000	1.090358  	0.329385  	-9.832300 
-148.000000	1.065737  	0.351462  	-9.832300 
-147.000000	1.041116  	0.373539  	-9.832300 
-146.000000	1.019244  	0.396595  	-9.832300 
-145.000000	0.998900  	0.420194  	-9.832300 
-144.000000	0.978555  	0.443794  	-9.832300 
-143.000000	0.958211  	0.467393  	-9.832300 
-142.000000	0.938508  	0.491274  	-9.832300 
-141.000000	0.920406  	0.515859  	-9.832300 
-140.000000	0.902305  	0.540444  	-9.832300 
-139.000000	0.884204  	0.565028  	-9.832300 
-138.000000	0.866102  	0.589613  	-9.832300 
-137.000000	0.848928  	0.614596  	-9.832300 
-136.000000	0.831826  	0.639608  	-9.832300 
-135.000000	0.814723  	0.664621  	-9.832300 
-134.000000	0.797620  	0.689634  	-9.832300 
-133.000000	0.780649  	0.714567  	-9.832300 
-132.000000	0.763777  	0.739441  	-9.832300 
-131.000000	0.746905  	0.764315  	-9.832300 
-130.000000	0.730033  	0.789189  	-9.832300 
-129.000000	0.713112  	0.813912  	-9.832300 
-128.000000	0.696014  	0.838084  	-9.832300 
-127.000000	0.678916  	0.862256  	-9.832300 
-126.000000	0.661818  	0.886427  	-9.832300 
-125.000000	0.644720  	0.910599  	-9.832300 
-124.000000	0.627224  	0.933701  	-9.832300 
-123.000000	0.609661  	0.956625  	-9.832300 
-122.000000	0.592098  	0.979549  	-9.832300 
-121.000000	0.574535  	1.002472  	-9.832300 
-120.000000	0.556701  	1.024514  	-9.832300 
-119.000000	0.538595  	1.045673  	-9.832300 
-118.000000	0.520489  	1.066833  	-9.832300 
-117.000000	0.502384  	1.087992  	-9.832300 
-116.000000	0.484207  	1.108831  	-9.832300 
-115.000000	0.465603  	1.127751  	-9.832300 
-114.000000	0.447000  	1.146670  	-9.832300 
-113.000000	0.428396  	1.165590  	-9.832300 
-112.000000	0.409793  	1.184509  	-9.832300 
-111.000000	0.390910  	1.201337  	-9.832300 
-110.000000	0.371951  	1.217594  	-9.832300 
-109.000000	0.352991  	1.233851  	-9.832300 
-108.000000	0.334032  	1.250108  	-9.832300 
-107.000000	0.315015  	1.265069  	-9.832300 
-106.000000	0.295919  	1.278302  	-9.832300 
-105.000000	0.276823  	1.291535  	-9.832300 
-104.000000	0.257728  	1.304768  	-9.832300 
-103.000000	0.238642  	1.317764  	-9.832300 
-102.000000	0.219690  	1.327683  	-9.832300 
-101.000000	0.200738  	1.337601  	-9.832300 
-100.000000	0.181786  	1.347520  	-9.832300 
-99.000000	0.162834  	1.357438  	-9.832300 
-98.000000	0.144219  	1.364836  	-9.832300 
-97.000000	0.125738  	1.371225  	-9.832300 
-96.000000	0.107257  	1.377615  	-9.832300 
-95.000000	0.088776  	1.384005  	-9.832300 
-94.000000	0.070592  	1.389087  	-9.832300 
-93.000000	0.052944  	1.391815  	-9.832300 
-92.000000	0.035296  	1.394543  	-9.832300 
-91.000000	0.017648  	1.397272  	-9.832300 
-90.000000	0.000000  	1.400000  	-9.832300 
-89.000000	-0.017648 	1.397272  	-9.832300 
-88.000000	-0.035296 	1.394543  	-9.832300 
-87.000000	-0.052944 	1.391815  	-9.832300 
-86.000000	-0.070592 	1.389087  	-9.832300 
-85.000000	-0.088776 	1.384005  	-9.832300 
-84.000000	-0.107257 	1.377615  	-9.832300 
-83.000000	-0.125738 	1.371225  	-9.832300 
-82.000000	-0.144219 	1.364836  	-9.832300 
-81.000000	-0.162834 	1.357438  	-9.832300 
-80.000000	-0.181786 	1.347520  	-9.832300 
-79.000000	-0.200738 	1.337601  	-9.832300 
-78.000000	-0.219690 	1.327683  	-9.832300 
-77.000000	-0.238642 	1.317764  	-9.832300 
-76.000000	-0.257728 	1.304768  	-9.832300 
-75.000000	-0.276823 	1.291535  	-9.832300 
-74.000000	-0.295919 	1.278302  	-9.832300 
-73.000000	-0.315015 	1.265069  	-9.832300 
-72.000000	-0.334032 	1.250108  	-9.832300 
-71.000000	-0.352991 	1.233851  	-9.832300 
-70.000000	-0.371951 	1.217594  	-9.832300 
-69.000000	-0.390910 	1.201337  	-9.832300 
-68.000000	-0.409793 	1.184509  	-9.832300 
-67.000000	-0.428396 	1.165590  	-9.832300 
-66.000000	-0.447000 	1.146670  	-9.832300 
-65.000000	-0.465603 	1.127751  	-9.832300 
-64.000000	-0.484207 	1.108831  	-9.832300 
-63.000000	-0.502384 	1.087992  	-9.832300 
-62.000000	-0.520489 	1.066833  	-9.832300 
-61.000000	-0.538595 	1.045673  	-9.832300 
-60.000000	-0.556701 	1.024514  	-9.832300 
-59.000000	-0.574535 	1.002472  	-9.832300 
-58.000000	-0.592098 	0.979549  	-9.832300 
-57.000000	-0.609661 	0.956625  	-9.832300 
-56.000000	-0.627224 	0.933701  	-9.832300 
-55.000000	-0.644720 	0.910599  	-9.832300 
-54.000000	-0.661818 	0.886427  	-9.832300 
-53.000000	-0.678916 	0.862256  	-9.832300 
-52.000000	-0.696014 	0.838084  	-9.832300 
-51.000000	-0.713112 	0.813912  	-9.832300 
-50.000000	-0.730033 	0.789189  	-9.832300 
-49.000000	-0.746905 	0.764315  	-9.832300 
-48.000000	-0.763777 	0.739441  	-9.832300 
-47.000000	-0.780649 	0.714567  	-9.832300 
-46.000000	-0.797620 	0.689634  	-9.832300 
-45.000000	-0.814723 	0.664621  	-9.832300 
-44.000000	-0.831826 	0.639608  	-9.832300 
-43.000000	-0.848928 	0.614596  	-9.832300 
-42.000000	-0.866102 	0.589613  	-9.832300 
-41.000000	-0.884204 	0.565028  	-9.832300 
-40.000000	-0.902305 	0.540444  	-9.832300 
-39.000000	-0.920406 	0.515859  	-9.832300 
-38.000000	-0.938508 	0.491274  	-9.832300 
-37.000000	-0.958211 	0.467393  	-9.832300 
-36.000000	-0.978555 	0.443794  	-9.832300 
-35.000000	-0.998900 	0.420194  	-9.832300 
-34.000000	-1.019244 	0.396595  	-9.832300 
-33.000000	-1.041116 	0.373539  	-9.832300 
-32.000000	-1.065737 	0.351462  	-9.832300 
-31.000000	-1.090358 	0.329385  	-9.832300 
-30.000000	-1.114979 	0.307307  	-9.832300 
-29.000000	-1.139600 	0.285230  	-9.832300 
-28.000000	-1.111532 	0.271054  	-9.832300 
-27.000000	-1.083463 	0.256877  	-9.832300 
-26.000000	-1.055395 	0.242701  	-9.832300 
-25.000000	-1.027326 	0.228525  	-9.832300 
-24.000000	-0.999258 	0.214348  	-9.832300 
-23.000000	-0.971189 	0.200172  	-9.832300 
-22.000000	-0.943121 	0.185996  	-9.832300 
-21.000000	-0.915053 	0.171819  	-9.832300 
-20.000000	-0.886984 	0.157643  	-9.832300 
-19.000000	-0.858916 	0.143467  	-9.832300 
-18.000000	-0.830847 	0.129291  	-9.832300 
-17.000000	-0.802779 	0.115114  	-9.832300 
-16.000000	-0.774711 	0.100938  	-9.832300 
-15.000000	-0.746642 	0.086762  	-9.832300 
-14.000000	-0.718574 	0.072585  	-9.832300 
-13.000000	-0.690505 	0.058409  	-9.832300 
-12.000000	-0.662437 	0.044233  	-8.564879 
-11.000000	-0.634368 	0.030056  	-6.790489 
-10.000000	-0.606300 	0.015880  	-5.016100 
-9.000000 	-0.480800 	0.014090  	-4.136500 
-8.000000 	-0.352300 	0.012790  	-3.297600 
-7.000000 	-0.219200 	0.011340  	-2.545400 
-6.000000 	-0.082800 	0.009650  	-1.851400 
-5.000000 	0.047300  	0.008740  	-1.268900 
-4.000000 	0.172200  	0.008510  	-0.785300 
-3.000000 	0.295600  	0.008480  	-0.768400 
-2.000000 	0.418200  	0.008550  	-0.843100 
-1.000000 	0.540100  	0.008680  	-0.922600 
0.000000  	0.661100  	0.008860  	-1.008100 
1.000000  	0.782100  	0.009040  	-1.093600 
2.000000  	0.901700  	0.009250  	-1.194100 
3.000000  	1.020500  	0.009480  	-1.347300 
4.000000  	1.138200  	0.009760  	-1.527800 
5.000000  	1.254300  	0.010130  	-1.756400 
6.000000  	1.366500  	0.010800  	-2.048400 
7.000000  	1.469700  	0.012220  	-2.417700 
8.000000  	1.557600  	0.014590  	-2.843800 
9.000000  	1.640700  	0.016660  	-3.308700 
10.000000 	1.710400  	0.018960  	-3.763100 
11.000000 	1.748800  	0.022170  	-4.155000 
12.000000 	1.776800  	0.027200  	-4.555300 
13.000000 	1.799500  	0.034420  	-4.975300 
14.000000 	1.812100  	0.043690  	-5.450000 
15.000000 	1.812100  	0.054810  	-5.898900 
16.000000 	1.808800  	0.066930  	-6.342800 
17.000000 	1.801700  	0.080100  	-6.800600 
18.000000 	1.787900  	0.094250  	-7.239600 
19.000000 	1.773400  	0.109390  	-7.655500 
20.000000 	1.756400  	0.125390  	-8.039100 
21.000000 	1.741400  	0.141580  	-8.401700 
22.000000 	1.723500  	0.158730  	-8.751000 
23.000000 	1.708100  	0.176030  	-9.122700 
24.000000 	1.689200  	0.194310  	-9.264200 
25.000000 	1.674500  	0.212330  	-9.482900 
26.000000 	1.661500  	0.230360  	-9.764500 
27.000000 	1.647300  	0.249050  	-9.800400 
28.000000 	1.636600  	0.267220  	-9.832300 
29.000000 	1.628000  	0.285230  	-9.787000 
30.000000 	1.592827  	0.307307  	-9.797397 
31.000000 	1.557654  	0.329385  	-9.807793 
32.000000 	1.522481  	0.351462  	-9.818190 
33.000000 	1.487308  	0.373539  	-9.828587 
34.000000 	1.456063  	0.396595  	-9.832300 
35.000000 	1.427000  	0.420194  	-9.832300 
36.000000 	1.397936  	0.443794  	-9.832300 
37.000000 	1.368873  	0.467393  	-9.832300 
38.000000 	1.340725  	0.491274  	-9.832300 
39.000000 	1.314866  	0.515859  	-9.832300 
40.000000 	1.289007  	0.540444  	-9.832300 
41.000000 	1.263148  	0.565028  	-9.832300 
42.000000 	1.237289  	0.589613  	-9.832300 
43.000000 	1.212755  	0.614596  	-9.832300 
44.000000 	1.188322  	0.639608  	-9.832300 
45.000000 	1.163890  	0.664621  	-9.832300 
46.000000 	1.139457  	0.689634  	-9.832300 
47.000000 	1.115213  	0.714567  	-9.832300 
48.000000 	1.091110  	0.739441  	-9.832300 
49.000000 	1.067007  	0.764315  	-9.832300 
50.000000 	1.042904  	0.789189  	-9.832300 
51.000000 	1.018732  	0.813912  	-9.832300 
52.000000 	0.994306  	0.838084  	-9.832300 
53.000000 	0.969880  	0.862256  	-9.832300 
54.000000 	0.945454  	0.886427  	-9.832300 
55.000000 	0.921029  	0.910599  	-9.832300 
56.000000 	0.896034  	0.933701  	-9.832300 
57.000000 	0.870944  	0.956625  	-9.832300 
58.000000 	0.845854  	0.979549  	-9.832300 
59.000000 	0.820764  	1.002472  	-9.832300 
60.000000 	0.795287  	1.024514  	-9.832300 
61.000000 	0.769422  	1.045673  	-9.832300 
62.000000 	0.743556  	1.066833  	-9.832300 
63.000000 	0.717691  	1.087992  	-9.832300 
64.000000 	0.691724  	1.108831  	-9.832300 
65.000000 	0.665147  	1.127751  	-9.832300 
66.000000 	0.638571  	1.146670  	-9.832300 
67.000000 	0.611995  	1.165590  	-9.832300 
68.000000 	0.585418  	1.184509  	-9.832300 
69.000000 	0.558442  	1.201337  	-9.832300 
70.000000 	0.531358  	1.217594  	-9.832300 
71.000000 	0.504273  	1.233851  	-9.832300 
72.000000 	0.477189  	1.250108  	-9.832300 
73.000000 	0.450021  	1.265069  	-9.832300 
74.000000 	0.422741  	1.278302  	-9.832300 
75.000000 	0.395462  	1.291535  	-9.832300 
76.000000 	0.368182  	1.304768  	-9.832300 
77.000000 	0.340918  	1.317764  	-9.832300 
78.000000 	0.313843  	1.327683  	-9.832300 
79.000000 	0.286769  	1.337601  	-9.832300 
80.000000 	0.259695  	1.347520  	-9.832300 
81.000000 	0.232621  	1.357438  	-9.832300 
82.000000 	0.206027  	1.364836  	-9.832300 
83.000000 	0.179625  	1.371225  	-9.832300 
84.000000 	0.153224  	1.377615  	-9.832300 
85.000000 	0.126822  	1.384005  	-9.832300 
86.000000 	0.100846  	1.389087  	-9.832300 
87.000000 	0.075634  	1.391815  	-9.832300 
88.000000 	0.050423  	1.394543  	-9.832300 
89.000000 	0.025211  	1.397272  	-9.832300 
90.000000 	0.000000  	1.400000  	-9.832300 
91.000000 	-0.017648 	1.397272  	-9.832300 
92.000000 	-0.035296 	1.394543  	-9.832300 
93.000000 	-0.052944 	1.391815  	-9.832300 
94.000000 	-0.070592 	1.389087  	-9.832300 
95.000000 	-0.088776 	1.384005  	-9.832300 
96.000000 	-0.107257 	1.377615  	-9.832300 
97.000000 	-0.125738 	1.371225  	-9.832300 
98.000000 	-0.144219 	1.364836  	-9.832300 
99.000000 	-0.162834 	1.357438  	-9.832300 
100.000000	-0.181786 	1.347520  	-9.832300 
101.000000	-0.200738 	1.337601  	-9.832300 
102.000000	-0.219690 	1.327683  	-9.832300 
103.000000	-0.238642 	1.317764  	-9.832300 
104.000000	-0.257728 	1.304768  	-9.832300 
105.000000	-0.276823 	1.291535  	-9.832300 
106.000000	-0.295919 	1.278302  	-9.832300 
107.000000	-0.315015 	1.265069  	-9.832300 
108.000000	-0.334032 	1.250108  	-9.832300 
109.000000	-0.352991 	1.233851  	-9.832300 
110.000000	-0.371951 	1.217594  	-9.832300 
111.000000	-0.390910 	1.201337  	-9.832300 
112.000000	-0.409793 	1.184509  	-9.832300 
113.000000	-0.428396 	1.165590  	-9.832300 
114.000000	-0.447000 	1.146670  	-9.832300 
115.000000	-0.465603 	1.127751  	-9.832300 
116.000000	-0.484207 	1.108831  	-9.832300 
117.000000	-0.502384 	1.087992  	-9.832300 
118.000000	-0.520489 	1.066833  	-9.832300 
119.000000	-0.538595 	1.045673  	-9.832300 
120.000000	-0.556701 	1.024514  	-9.832300 
121.000000	-0.574535 	1.002472  	-9.832300 
122.000000	-0.592098 	0.979549  	-9.832300 
123.000000	-0.609661 	0.956625  	-9.832300 
124.000000	-0.627224 	0.933701  	-9.832300 
125.000000	-0.644720 	0.910599  	-9.832300 
126.000000	-0.661818 	0.886427  	-9.832300 
127.000000	-0.678916 	0.862256  	-9.832300 
128.000000	-0.696014 	0.838084  	-9.832300 
129.000000	-0.713112 	0.813912  	-9.832300 
130.000000	-0.730033 	0.789189  	-9.832300 
131.000000	-0.746905 	0.764315  	-9.832300 
132.000000	-0.763777 	0.739441  	-9.832300 
133.000000	-0.780649 	0.714567  	-9.832300 
134.000000	-0.797620 	0.689634  	-9.832300 
135.000000	-0.814723 	0.664621  	-9.832300 
136.000000	-0.831826 	0.639608  	-9.832300 
137.000000	-0.848928 	0.614596  	-9.832300 
138.000000	-0.866102 	0.589613  	-9.832300 
139.000000	-0.884204 	0.565028  	-9.832300 
140.000000	-0.902305 	0.540444  	-9.832300 
141.000000	-0.920406 	0.515859  	-9.832300 
142.000000	-0.938508 	0.491274  	-9.832300 
143.000000	-0.958211 	0.467393  	-9.832300 
144.000000	-0.978555 	0.443794  	-9.832300 
145.000000	-0.998900 	0.420194  	-9.832300 
146.000000	-1.019244 	0.396595  	-9.832300 
147.000000	-1.041116 	0.373539  	-9.832300 
148.000000	-1.065737 	0.351462  	-9.832300 
149.000000	-1.090358 	0.329385  	-9.832300 
150.000000	-1.114979 	0.307307  	-9.832300 
151.000000	-1.139600 	0.285230  	-9.832300 
152.000000	-1.100303 	0.264584  	-9.832300 
153.000000	-1.061007 	0.243938  	-9.832300 
154.000000	-1.021710 	0.224286  	-9.832300 
155.000000	-0.982414 	0.204710  	-9.832300 
156.000000	-0.943117 	0.186137  	-9.832300 
157.000000	-0.903821 	0.167732  	-9.832300 
158.000000	-0.864524 	0.150320  	-9.832300 
159.000000	-0.825228 	0.133180  	-9.832300 
160.000000	-0.785931 	0.117007  	-9.832300 
161.000000	-0.746634 	0.101221  	-9.832300 
162.000000	-0.707338 	0.086357  	-9.832300 
163.000000	-0.668041 	0.072006  	-9.832300 
164.000000	-0.628745 	0.058517  	-9.832300 
165.000000	-0.589448 	0.045674  	-9.832300 
166.000000	-0.550152 	0.033620  	-9.832300 
167.000000	-0.510855 	0.022352  	-9.832300 
168.000000	-0.471559 	0.012828  	-9.832300 
169.000000	-0.432262 	0.005628  	-9.832300 
170.000000	-0.392966 	0.001000  	-9.832300 
171.000000	-0.353669 	0.001000  	-9.832300 
172.000000	-0.314372 	0.001000  	-9.832300 
173.000000	-0.275076 	0.001000  	-9.832300 
174.000000	-0.235779 	0.001000  	-9.832300 
175.000000	-0.196483 	0.001000  	-9.832300 
176.000000	-0.157186 	0.001000  	-9.832300 
177.000000	-0.117890 	0.001000  	-9.832300 
178.000000	-0.078593 	0.001000  	-9.832300 
179.000000	-0.039297 	0.001000  	-9.832300 
180.000000	0.000000  	0.001000  	-9.832300 
! ------------------------------------------------------------------------------
! data for table	11        
! ------------------------------------------------------------------------------
  1.200000  	Re           ! Reynolds number in millions
  0.000000  	UserProp     ! User property (control) setting
Flase           InclUAdata   ! Is unsteady aerodynamics data included in this table? If TRUE, then include UA coefficients below this line. Any missing coefficients will be calculated internally.
! Table of aerodynamics coefficients
  361       	NumAlf       ! Number of data lines in the following table
!Alpha      Cl          Cd          Cm/Cp
!(deg)      (-)         (-)         (-)
-180.000000	0.000000  	0.001000  	-9.807700 
-179.000000	0.039004  	0.001000  	-9.807700 
-178.000000	0.078009  	0.001000  	-9.807700 
-177.000000	0.117013  	0.001000  	-9.807700 
-176.000000	0.156018  	0.001000  	-9.807700 
-175.000000	0.195022  	0.001000  	-9.807700 
-174.000000	0.234027  	0.001000  	-9.807700 
-173.000000	0.273031  	0.001000  	-9.807700 
-172.000000	0.312036  	0.001000  	-9.807700 
-171.000000	0.351040  	0.001065  	-9.807700 
-170.000000	0.390045  	0.001156  	-9.807700 
-169.000000	0.429049  	0.007370  	-9.807700 
-168.000000	0.468054  	0.016985  	-9.807700 
-167.000000	0.507058  	0.027532  	-9.807700 
-166.000000	0.546063  	0.038778  	-9.807700 
-165.000000	0.585067  	0.050809  	-9.807700 
-164.000000	0.624072  	0.063627  	-9.807700 
-163.000000	0.663076  	0.077089  	-9.807700 
-162.000000	0.702081  	0.091413  	-9.807700 
-161.000000	0.741085  	0.106247  	-9.807700 
-160.000000	0.780090  	0.122002  	-9.807700 
-159.000000	0.819094  	0.138143  	-9.807700 
-158.000000	0.858099  	0.155249  	-9.807700 
-157.000000	0.897103  	0.172625  	-9.807700 
-156.000000	0.936108  	0.190993  	-9.807700 
-155.000000	0.975112  	0.209528  	-9.807700 
-154.000000	1.014117  	0.229064  	-9.807700 
-153.000000	1.053121  	0.248675  	-9.807700 
-152.000000	1.092126  	0.269278  	-9.807700 
-151.000000	1.131130  	0.289880  	-9.807700 
-150.000000	1.106890  	0.311909  	-9.807700 
-149.000000	1.082649  	0.333939  	-9.807700 
-148.000000	1.058409  	0.355968  	-9.807700 
-147.000000	1.034169  	0.377997  	-9.807700 
-146.000000	1.012628  	0.401001  	-9.807700 
-145.000000	0.992586  	0.424547  	-9.807700 
-144.000000	0.972545  	0.448092  	-9.807700 
-143.000000	0.952503  	0.471637  	-9.807700 
-142.000000	0.933087  	0.495462  	-9.807700 
-141.000000	0.915233  	0.519988  	-9.807700 
-140.000000	0.897378  	0.544513  	-9.807700 
-139.000000	0.879524  	0.569039  	-9.807700 
-138.000000	0.861670  	0.593564  	-9.807700 
-137.000000	0.844704  	0.618482  	-9.807700 
-136.000000	0.827807  	0.643430  	-9.807700 
-135.000000	0.810910  	0.668378  	-9.807700 
-134.000000	0.794012  	0.693326  	-9.807700 
-133.000000	0.777228  	0.718192  	-9.807700 
-132.000000	0.760528  	0.742996  	-9.807700 
-131.000000	0.743828  	0.767801  	-9.807700 
-130.000000	0.727128  	0.792605  	-9.807700 
-129.000000	0.710374  	0.817257  	-9.807700 
-128.000000	0.693421  	0.841355  	-9.807700 
-127.000000	0.676468  	0.865453  	-9.807700 
-126.000000	0.659515  	0.889551  	-9.807700 
-125.000000	0.642562  	0.913648  	-9.807700 
-124.000000	0.625191  	0.936673  	-9.807700 
-123.000000	0.607751  	0.959519  	-9.807700 
-122.000000	0.590310  	0.982364  	-9.807700 
-121.000000	0.572869  	1.005210  	-9.807700 
-120.000000	0.555147  	1.027172  	-9.807700 
-119.000000	0.537143  	1.048249  	-9.807700 
-118.000000	0.519139  	1.069327  	-9.807700 
-117.000000	0.501135  	1.090404  	-9.807700 
-116.000000	0.483058  	1.111162  	-9.807700 
-115.000000	0.464538  	1.129996  	-9.807700 
-114.000000	0.446018  	1.148831  	-9.807700 
-113.000000	0.427498  	1.167666  	-9.807700 
-112.000000	0.408978  	1.186501  	-9.807700 
-111.000000	0.390166  	1.203241  	-9.807700 
-110.000000	0.371274  	1.219411  	-9.807700 
-109.000000	0.352382  	1.235580  	-9.807700 
-108.000000	0.333489  	1.251750  	-9.807700 
-107.000000	0.314532  	1.266623  	-9.807700 
-106.000000	0.295487  	1.279766  	-9.807700 
-105.000000	0.276443  	1.292910  	-9.807700 
-104.000000	0.257398  	1.306053  	-9.807700 
-103.000000	0.238363  	1.318960  	-9.807700 
-102.000000	0.219447  	1.328788  	-9.807700 
-101.000000	0.200531  	1.338615  	-9.807700 
-100.000000	0.181615  	1.348442  	-9.807700 
-99.000000	0.162700  	1.358270  	-9.807700 
-98.000000	0.144110  	1.365576  	-9.807700 
-97.000000	0.125650  	1.371873  	-9.807700 
-96.000000	0.107190  	1.378170  	-9.807700 
-95.000000	0.088731  	1.384468  	-9.807700 
-94.000000	0.070564  	1.389458  	-9.807700 
-93.000000	0.052923  	1.392093  	-9.807700 
-92.000000	0.035282  	1.394729  	-9.807700 
-91.000000	0.017641  	1.397364  	-9.807700 
-90.000000	0.000000  	1.400000  	-9.807700 
-89.000000	-0.017641 	1.397364  	-9.807700 
-88.000000	-0.035282 	1.394729  	-9.807700 
-87.000000	-0.052923 	1.392093  	-9.807700 
-86.000000	-0.070564 	1.389458  	-9.807700 
-85.000000	-0.088731 	1.384468  	-9.807700 
-84.000000	-0.107190 	1.378170  	-9.807700 
-83.000000	-0.125650 	1.371873  	-9.807700 
-82.000000	-0.144110 	1.365576  	-9.807700 
-81.000000	-0.162700 	1.358270  	-9.807700 
-80.000000	-0.181615 	1.348442  	-9.807700 
-79.000000	-0.200531 	1.338615  	-9.807700 
-78.000000	-0.219447 	1.328788  	-9.807700 
-77.000000	-0.238363 	1.318960  	-9.807700 
-76.000000	-0.257398 	1.306053  	-9.807700 
-75.000000	-0.276443 	1.292910  	-9.807700 
-74.000000	-0.295487 	1.279766  	-9.807700 
-73.000000	-0.314532 	1.266623  	-9.807700 
-72.000000	-0.333489 	1.251750  	-9.807700 
-71.000000	-0.352382 	1.235580  	-9.807700 
-70.000000	-0.371274 	1.219411  	-9.807700 
-69.000000	-0.390166 	1.203241  	-9.807700 
-68.000000	-0.408978 	1.186501  	-9.807700 
-67.000000	-0.427498 	1.167666  	-9.807700 
-66.000000	-0.446018 	1.148831  	-9.807700 
-65.000000	-0.464538 	1.129996  	-9.807700 
-64.000000	-0.483058 	1.111162  	-9.807700 
-63.000000	-0.501135 	1.090404  	-9.807700 
-62.000000	-0.519139 	1.069327  	-9.807700 
-61.000000	-0.537143 	1.048249  	-9.807700 
-60.000000	-0.555147 	1.027172  	-9.807700 
-59.000000	-0.572869 	1.005210  	-9.807700 
-58.000000	-0.590310 	0.982364  	-9.807700 
-57.000000	-0.607751 	0.959519  	-9.807700 
-56.000000	-0.625191 	0.936673  	-9.807700 
-55.000000	-0.642562 	0.913648  	-9.807700 
-54.000000	-0.659515 	0.889551  	-9.807700 
-53.000000	-0.676468 	0.865453  	-9.807700 
-52.000000	-0.693421 	0.841355  	-9.807700 
-51.000000	-0.710374 	0.817257  	-9.807700 
-50.000000	-0.727128 	0.792605  	-9.807700 
-49.000000	-0.743828 	0.767801  	-9.807700 
-48.000000	-0.760528 	0.742996  	-9.807700 
-47.000000	-0.777228 	0.718192  	-9.807700 
-46.000000	-0.794012 	0.693326  	-9.807700 
-45.000000	-0.810910 	0.668378  	-9.807700 
-44.000000	-0.827807 	0.643430  	-9.807700 
-43.000000	-0.844704 	0.618482  	-9.807700 
-42.000000	-0.861670 	0.593564  	-9.807700 
-41.000000	-0.879524 	0.569039  	-9.807700 
-40.000000	-0.897378 	0.544513  	-9.807700 
-39.000000	-0.915233 	0.519988  	-9.807700 
-38.000000	-0.933087 	0.495462  	-9.807700 
-37.000000	-0.952503 	0.471637  	-9.807700 
-36.000000	-0.972545 	0.448092  	-9.807700 
-35.000000	-0.992586 	0.424547  	-9.807700 
-34.000000	-1.012628 	0.401001  	-9.807700 
-33.000000	-1.034169 	0.377997  	-9.807700 
-32.000000	-1.058409 	0.355968  	-9.807700 
-31.000000	-1.082649 	0.333939  	-9.807700 
-30.000000	-1.106890 	0.311909  	-9.807700 
-29.000000	-1.131130 	0.289880  	-9.807700 
-28.000000	-1.103502 	0.275448  	-9.807700 
-27.000000	-1.075874 	0.261016  	-9.807700 
-26.000000	-1.048246 	0.246584  	-9.807700 
-25.000000	-1.020618 	0.232152  	-9.807700 
-24.000000	-0.992991 	0.217719  	-9.807700 
-23.000000	-0.965363 	0.203287  	-9.807700 
-22.000000	-0.937735 	0.188855  	-9.807700 
-21.000000	-0.910107 	0.174423  	-9.807700 
-20.000000	-0.882479 	0.159991  	-9.807700 
-19.000000	-0.854851 	0.145559  	-9.807700 
-18.000000	-0.827223 	0.131127  	-9.807700 
-17.000000	-0.799595 	0.116695  	-9.807700 
-16.000000	-0.771967 	0.102263  	-9.807700 
-15.000000	-0.744339 	0.087831  	-9.807700 
-14.000000	-0.716712 	0.073398  	-9.807700 
-13.000000	-0.689084 	0.058966  	-9.807700 
-12.000000	-0.661456 	0.044534  	-8.550621 
-11.000000	-0.633828 	0.030102  	-6.790711 
-10.000000	-0.606200 	0.015670  	-5.030800 
-9.000000 	-0.479400 	0.013810  	-4.146800 
-8.000000 	-0.350700 	0.012550  	-3.309400 
-7.000000 	-0.218000 	0.011170  	-2.542300 
-6.000000 	-0.082200 	0.009570  	-1.855600 
-5.000000 	0.048100  	0.008610  	-1.271200 
-4.000000 	0.173100  	0.008330  	-0.785500 
-3.000000 	0.296400  	0.008300  	-0.769500 
-2.000000 	0.419000  	0.008360  	-0.843900 
-1.000000 	0.541000  	0.008460  	-0.923600 
0.000000  	0.662500  	0.008600  	-1.007200 
1.000000  	0.783100  	0.008790  	-1.094400 
2.000000  	0.902900  	0.008980  	-1.195300 
3.000000  	1.021800  	0.009220  	-1.348300 
4.000000  	1.139400  	0.009540  	-1.528500 
5.000000  	1.255500  	0.009920  	-1.758800 
6.000000  	1.367500  	0.010630  	-2.051500 
7.000000  	1.469400  	0.012190  	-2.415800 
8.000000  	1.558800  	0.014430  	-2.851900 
9.000000  	1.642900  	0.016450  	-3.307800 
10.000000 	1.715000  	0.018640  	-3.773100 
11.000000 	1.754200  	0.021790  	-4.179500 
12.000000 	1.783700  	0.026570  	-4.580200 
13.000000 	1.808900  	0.033420  	-5.009500 
14.000000 	1.823300  	0.042400  	-5.510900 
15.000000 	1.822100  	0.053540  	-5.946100 
16.000000 	1.818800  	0.065570  	-6.408800 
17.000000 	1.808600  	0.079050  	-6.828800 
18.000000 	1.803000  	0.092010  	-7.304900 
19.000000 	1.781100  	0.108010  	-7.666400 
20.000000 	1.769000  	0.123120  	-8.106000 
21.000000 	1.751000  	0.139530  	-8.494500 
22.000000 	1.724400  	0.158060  	-8.761900 
23.000000 	1.712500  	0.174560  	-9.117900 
24.000000 	1.689100  	0.193920  	-9.303800 
25.000000 	1.672400  	0.212490  	-9.510900 
26.000000 	1.656700  	0.231250  	-9.698200 
27.000000 	1.642000  	0.250470  	-9.765400 
28.000000 	1.625300  	0.270890  	-9.759600 
29.000000 	1.615900  	0.289880  	-9.807700 
30.000000 	1.581271  	0.311909  	-9.807700 
31.000000 	1.546642  	0.333939  	-9.807700 
32.000000 	1.512013  	0.355968  	-9.807700 
33.000000 	1.477384  	0.377997  	-9.807700 
34.000000 	1.446611  	0.401001  	-9.807700 
35.000000 	1.417980  	0.424547  	-9.807700 
36.000000 	1.389350  	0.448092  	-9.807700 
37.000000 	1.360719  	0.471637  	-9.807700 
38.000000 	1.332981  	0.495462  	-9.807700 
39.000000 	1.307475  	0.519988  	-9.807700 
40.000000 	1.281969  	0.544513  	-9.807700 
41.000000 	1.256463  	0.569039  	-9.807700 
42.000000 	1.230957  	0.593564  	-9.807700 
43.000000 	1.206721  	0.618482  	-9.807700 
44.000000 	1.182581  	0.643430  	-9.807700 
45.000000 	1.158442  	0.668378  	-9.807700 
46.000000 	1.134303  	0.693326  	-9.807700 
47.000000 	1.110325  	0.718192  	-9.807700 
48.000000 	1.086468  	0.742996  	-9.807700 
49.000000 	1.062611  	0.767801  	-9.807700 
50.000000 	1.038754  	0.792605  	-9.807700 
51.000000 	1.014820  	0.817257  	-9.807700 
52.000000 	0.990602  	0.841355  	-9.807700 
53.000000 	0.966383  	0.865453  	-9.807700 
54.000000 	0.942165  	0.889551  	-9.807700 
55.000000 	0.917946  	0.913648  	-9.807700 
56.000000 	0.893130  	0.936673  	-9.807700 
57.000000 	0.868215  	0.959519  	-9.807700 
58.000000 	0.843300  	0.982364  	-9.807700 
59.000000 	0.818385  	1.005210  	-9.807700 
60.000000 	0.793067  	1.027172  	-9.807700 
61.000000 	0.767347  	1.048249  	-9.807700 
62.000000 	0.741627  	1.069327  	-9.807700 
63.000000 	0.715908  	1.090404  	-9.807700 
64.000000 	0.690083  	1.111162  	-9.807700 
65.000000 	0.663626  	1.129996  	-9.807700 
66.000000 	0.637169  	1.148831  	-9.807700 
67.000000 	0.610712  	1.167666  	-9.807700 
68.000000 	0.584255  	1.186501  	-9.807700 
69.000000 	0.557380  	1.203241  	-9.807700 
70.000000 	0.530391  	1.219411  	-9.807700 
71.000000 	0.503402  	1.235580  	-9.807700 
72.000000 	0.476413  	1.251750  	-9.807700 
73.000000 	0.449331  	1.266623  	-9.807700 
74.000000 	0.422125  	1.279766  	-9.807700 
75.000000 	0.394918  	1.292910  	-9.807700 
76.000000 	0.367712  	1.306053  	-9.807700 
77.000000 	0.340519  	1.318960  	-9.807700 
78.000000 	0.313496  	1.328788  	-9.807700 
79.000000 	0.286473  	1.338615  	-9.807700 
80.000000 	0.259451  	1.348442  	-9.807700 
81.000000 	0.232428  	1.358270  	-9.807700 
82.000000 	0.205871  	1.365576  	-9.807700 
83.000000 	0.179500  	1.371873  	-9.807700 
84.000000 	0.153129  	1.378170  	-9.807700 
85.000000 	0.126758  	1.384468  	-9.807700 
86.000000 	0.100805  	1.389458  	-9.807700 
87.000000 	0.075604  	1.392093  	-9.807700 
88.000000 	0.050403  	1.394729  	-9.807700 
89.000000 	0.025201  	1.397364  	-9.807700 
90.000000 	0.000000  	1.400000  	-9.807700 
91.000000 	-0.017641 	1.397364  	-9.807700 
92.000000 	-0.035282 	1.394729  	-9.807700 
93.000000 	-0.052923 	1.392093  	-9.807700 
94.000000 	-0.070564 	1.389458  	-9.807700 
95.000000 	-0.088731 	1.384468  	-9.807700 
96.000000 	-0.107190 	1.378170  	-9.807700 
97.000000 	-0.125650 	1.371873  	-9.807700 
98.000000 	-0.144110 	1.365576  	-9.807700 
99.000000 	-0.162700 	1.358270  	-9.807700 
100.000000	-0.181615 	1.348442  	-9.807700 
101.000000	-0.200531 	1.338615  	-9.807700 
102.000000	-0.219447 	1.328788  	-9.807700 
103.000000	-0.238363 	1.318960  	-9.807700 
104.000000	-0.257398 	1.306053  	-9.807700 
105.000000	-0.276443 	1.292910  	-9.807700 
106.000000	-0.295487 	1.279766  	-9.807700 
107.000000	-0.314532 	1.266623  	-9.807700 
108.000000	-0.333489 	1.251750  	-9.807700 
109.000000	-0.352382 	1.235580  	-9.807700 
110.000000	-0.371274 	1.219411  	-9.807700 
111.000000	-0.390166 	1.203241  	-9.807700 
112.000000	-0.408978 	1.186501  	-9.807700 
113.000000	-0.427498 	1.167666  	-9.807700 
114.000000	-0.446018 	1.148831  	-9.807700 
115.000000	-0.464538 	1.129996  	-9.807700 
116.000000	-0.483058 	1.111162  	-9.807700 
117.000000	-0.501135 	1.090404  	-9.807700 
118.000000	-0.519139 	1.069327  	-9.807700 
119.000000	-0.537143 	1.048249  	-9.807700 
120.000000	-0.555147 	1.027172  	-9.807700 
121.000000	-0.572869 	1.005210  	-9.807700 
122.000000	-0.590310 	0.982364  	-9.807700 
123.000000	-0.607751 	0.959519  	-9.807700 
124.000000	-0.625191 	0.936673  	-9.807700 
125.000000	-0.642562 	0.913648  	-9.807700 
126.000000	-0.659515 	0.889551  	-9.807700 
127.000000	-0.676468 	0.865453  	-9.807700 
128.000000	-0.693421 	0.841355  	-9.807700 
129.000000	-0.710374 	0.817257  	-9.807700 
130.000000	-0.727128 	0.792605  	-9.807700 
131.000000	-0.743828 	0.767801  	-9.807700 
132.000000	-0.760528 	0.742996  	-9.807700 
133.000000	-0.777228 	0.718192  	-9.807700 
134.000000	-0.794012 	0.693326  	-9.807700 
135.000000	-0.810910 	0.668378  	-9.807700 
136.000000	-0.827807 	0.643430  	-9.807700 
137.000000	-0.844704 	0.618482  	-9.807700 
138.000000	-0.861670 	0.593564  	-9.807700 
139.000000	-0.879524 	0.569039  	-9.807700 
140.000000	-0.897378 	0.544513  	-9.807700 
141.000000	-0.915233 	0.519988  	-9.807700 
142.000000	-0.933087 	0.495462  	-9.807700 
143.000000	-0.952503 	0.471637  	-9.807700 
144.000000	-0.972545 	0.448092  	-9.807700 
145.000000	-0.992586 	0.424547  	-9.807700 
146.000000	-1.012628 	0.401001  	-9.807700 
147.000000	-1.034169 	0.377997  	-9.807700 
148.000000	-1.058409 	0.355968  	-9.807700 
149.000000	-1.082649 	0.333939  	-9.807700 
150.000000	-1.106890 	0.311909  	-9.807700 
151.000000	-1.131130 	0.289880  	-9.807700 
152.000000	-1.092126 	0.269278  	-9.807700 
153.000000	-1.053121 	0.248675  	-9.807700 
154.000000	-1.014117 	0.229064  	-9.807700 
155.000000	-0.975112 	0.209528  	-9.807700 
156.000000	-0.936108 	0.190993  	-9.807700 
157.000000	-0.897103 	0.172625  	-9.807700 
158.000000	-0.858099 	0.155249  	-9.807700 
159.000000	-0.819094 	0.138143  	-9.807700 
160.000000	-0.780090 	0.122002  	-9.807700 
161.000000	-0.741085 	0.106247  	-9.807700 
162.000000	-0.702081 	0.091413  	-9.807700 
163.000000	-0.663076 	0.077089  	-9.807700 
164.000000	-0.624072 	0.063627  	-9.807700 
165.000000	-0.585067 	0.050809  	-9.807700 
166.000000	-0.546063 	0.038778  	-9.807700 
167.000000	-0.507058 	0.027532  	-9.807700 
168.000000	-0.468054 	0.016985  	-9.807700 
169.000000	-0.429049 	0.007370  	-9.807700 
170.000000	-0.390045 	0.001156  	-9.807700 
171.000000	-0.351040 	0.001065  	-9.807700 
172.000000	-0.312036 	0.001000  	-9.807700 
173.000000	-0.273031 	0.001000  	-9.807700 
174.000000	-0.234027 	0.001000  	-9.807700 
175.000000	-0.195022 	0.001000  	-9.807700 
176.000000	-0.156018 	0.001000  	-9.807700 
177.000000	-0.117013 	0.001000  	-9.807700 
178.000000	-0.078009 	0.001000  	-9.807700 
179.000000	-0.039004 	0.001000  	-9.807700 
180.000000	0.000000  	0.001000  	-9.807700 
