! AeroDyn v15 airfoil data file
! Generated from airfoilprep.py modified by D. Kim (Mar 14th, 2022) 
! start all comment lines with ! 
! ------------------------------------------------------------------------------
"DEFAULT"       InterpOrd    ! Interpolation order to use for quasi-steady table lookup {1=linear; 3=cubic spline; "default"} [default=1]
! ------------------------------------------------------------------------------
! 0.20          RelThickness ! The non-dimensional thickness of the airfoil (thickness/chord) [only used if UAMod=7] [default=0.2] (-)
  1             NonDimArea   ! The non-dimensional area of the airfoil (area/chord^2) (set to 1.0 if unsure or unneeded)
  94           NumCoords    ! The number of coordinates in the airfoil shape file (including an extra coordinate for airfoil reference).
! ......... x-y coordinates are next if NumCoords > 0 .............
! x-y coordinate of airfoil reference
!  x/c        y/c
  0.25       0
! Airfoil: 
!  x/c        y/c
0.99140008 0.07981877
0.96851232 0.08561591
0.94547208 0.09087084
0.92240359 0.09597822
0.89932820 0.10105525
0.87625205 0.10612933
0.85317459 0.11120228
0.83009370 0.11626308
0.80700716 0.12129928
0.78391278 0.12629841
0.76080834 0.13124800
0.73769161 0.13613561
0.71456029 0.14094869
0.69141188 0.14567385
0.66824371 0.15029715
0.64505250 0.15480166
0.62183407 0.15916552
0.59858435 0.16336633
0.57528542 0.16737718
0.55192692 0.17115637
0.52851592 0.17465711
0.50505907 0.17782893
0.48156318 0.18062011
0.45803554 0.18297943
0.43448414 0.18486051
0.41091774 0.18623274
0.38734367 0.18707061
0.36376666 0.18737171
0.34018882 0.18714870
0.31661434 0.18617980
0.29306258 0.18435376
0.26959779 0.18153525
0.24628706 0.17764664
0.22318669 0.17268939
0.20034811 0.16666857
0.17782452 0.15956964
0.15567523 0.15135010
0.13393228 0.14194045
0.11274631 0.13130743
0.09230782 0.11940055
0.07281233 0.10613503
0.05445712 0.09140822
0.03751166 0.07503609
0.02239120 0.05672472
0.01006380 0.03656667
0.00186198 0.01463213
0.00046684 -0.00855288
0.00673711 -0.03118013
0.01787700 -0.05233555
0.03189753 -0.07130714
0.04792208 -0.08847606
0.06550594 -0.10411937
0.08433310 -0.11841874
0.10416993 -0.13144433
0.12479977 -0.14319192
0.14600771 -0.15365079
0.16776182 -0.16287356
0.19000746 -0.17083765
0.21267301 -0.17750212
0.23568853 -0.18281527
0.25898103 -0.18672367
0.28246842 -0.18921921
0.30603870 -0.19036523
0.32963247 -0.19015633
0.35321975 -0.18899891
0.37677884 -0.18700992
0.40027740 -0.18426518
0.42367594 -0.18085593
0.44694276 -0.17684211
0.47008932 -0.17227352
0.49312917 -0.16719763
0.51607292 -0.16166381
0.53893284 -0.15573791
0.56172253 -0.14949238
0.58445584 -0.14299993
0.60714829 -0.13633789
0.62982101 -0.12959881
0.65249770 -0.12287933
0.67520534 -0.11628575
0.69797178 -0.10992972
0.72082758 -0.10392201
0.74381531 -0.09837239
0.76693519 -0.09340883
0.79018075 -0.08916159
0.813544347 -0.085756407
0.837017076 -0.083303689
0.860591813 -0.081934481
0.884212258 -0.081985017
0.907765564 -0.083810845
0.931134399 -0.087268087
0.954308375 -0.091863695
0.97734917 -0.097099096
1.00003246 -0.10212362
! ------------------------------------------------------------------------------
"unused"        BL_file      ! The file name including the boundary layer characteristics of the profile. Unused if the aeroacoustic module is not called.
  11        	NumTabs      ! Number of airfoil tables in this file.
! ------------------------------------------------------------------------------
! data for table	1         
! ------------------------------------------------------------------------------
  0.200000  	Re           ! Reynolds number in millions
  0.000000  	UserProp     ! User property (control) setting
Flase           InclUAdata   ! Is unsteady aerodynamics data included in this table? If TRUE, then include UA coefficients below this line. Any missing coefficients will be calculated internally.
! Table of aerodynamics coefficients
  361       	NumAlf       ! Number of data lines in the following table
!Alpha      Cl          Cd          Cm/Cp
!(deg)      (-)         (-)         (-)
-180.000000	0.000000  	0.001000  	-6.468800 
-179.000000	0.054455  	0.001000  	-6.468800 
-178.000000	0.108910  	0.001000  	-6.468800 
-177.000000	0.163366  	0.001000  	-6.468800 
-176.000000	0.217821  	0.001000  	-6.468800 
-175.000000	0.272276  	0.001000  	-6.468800 
-174.000000	0.326731  	0.001000  	-6.468800 
-173.000000	0.381186  	0.001000  	-6.468800 
-172.000000	0.435641  	0.001000  	-6.468800 
-171.000000	0.490097  	0.001000  	-6.468800 
-170.000000	0.544552  	0.001000  	-6.468800 
-169.000000	0.599007  	0.001000  	-6.468800 
-168.000000	0.653462  	0.001000  	-6.468800 
-167.000000	0.707917  	0.004627  	-6.468800 
-166.000000	0.762372  	0.010974  	-6.468800 
-165.000000	0.816828  	0.020630  	-6.468800 
-164.000000	0.871283  	0.033593  	-6.468800 
-163.000000	0.925738  	0.047210  	-6.468800 
-162.000000	0.980193  	0.061698  	-6.468800 
-161.000000	1.034648  	0.076705  	-6.468800 
-160.000000	1.089103  	0.092643  	-6.468800 
-159.000000	1.143559  	0.108973  	-6.468800 
-158.000000	1.198014  	0.126281  	-6.468800 
-157.000000	1.252469  	0.143863  	-6.468800 
-156.000000	1.306924  	0.162451  	-6.468800 
-155.000000	1.361379  	0.181209  	-6.468800 
-154.000000	1.415834  	0.200983  	-6.468800 
-153.000000	1.470290  	0.220834  	-6.468800 
-152.000000	1.524745  	0.241692  	-6.468800 
-151.000000	1.579200  	0.262550  	-6.468800 
-150.000000	1.534817  	0.284862  	-6.468800 
-149.000000	1.490435  	0.307173  	-6.468800 
-148.000000	1.446052  	0.329485  	-6.468800 
-147.000000	1.401669  	0.351796  	-6.468800 
-146.000000	1.362636  	0.375105  	-6.468800 
-145.000000	1.326574  	0.398967  	-6.468800 
-144.000000	1.290513  	0.422829  	-6.468800 
-143.000000	1.254451  	0.446691  	-6.468800 
-142.000000	1.219856  	0.470843  	-6.468800 
-141.000000	1.188925  	0.495718  	-6.468800 
-140.000000	1.157994  	0.520593  	-6.468800 
-139.000000	1.127063  	0.545468  	-6.468800 
-138.000000	1.096132  	0.570344  	-6.468800 
-137.000000	1.068147  	0.595640  	-6.468800 
-136.000000	1.040389  	0.620968  	-6.468800 
-135.000000	1.012631  	0.646297  	-6.468800 
-134.000000	0.984873  	0.671625  	-6.468800 
-133.000000	0.958227  	0.696888  	-6.468800 
-132.000000	0.932414  	0.722101  	-6.468800 
-131.000000	0.906601  	0.747315  	-6.468800 
-130.000000	0.880788  	0.772528  	-6.468800 
-129.000000	0.855228  	0.797595  	-6.468800 
-128.000000	0.830596  	0.822128  	-6.468800 
-127.000000	0.805965  	0.846661  	-6.468800 
-126.000000	0.781333  	0.871194  	-6.468800 
-125.000000	0.756701  	0.895727  	-6.468800 
-124.000000	0.732697  	0.919207  	-6.468800 
-123.000000	0.708797  	0.942512  	-6.468800 
-122.000000	0.684897  	0.965816  	-6.468800 
-121.000000	0.660997  	0.989121  	-6.468800 
-120.000000	0.637350  	1.011552  	-6.468800 
-119.000000	0.613956  	1.033110  	-6.468800 
-118.000000	0.590562  	1.054667  	-6.468800 
-117.000000	0.567168  	1.076225  	-6.468800 
-116.000000	0.543838  	1.097465  	-6.468800 
-115.000000	0.520891  	1.116798  	-6.468800 
-114.000000	0.497944  	1.136131  	-6.468800 
-113.000000	0.474998  	1.155464  	-6.468800 
-112.000000	0.452051  	1.174797  	-6.468800 
-111.000000	0.429509  	1.192048  	-6.468800 
-110.000000	0.407077  	1.208731  	-6.468800 
-109.000000	0.384645  	1.225414  	-6.468800 
-108.000000	0.362213  	1.242097  	-6.468800 
-107.000000	0.340073  	1.257489  	-6.468800 
-106.000000	0.318323  	1.271158  	-6.468800 
-105.000000	0.296573  	1.284828  	-6.468800 
-104.000000	0.274823  	1.298498  	-6.468800 
-103.000000	0.253139  	1.311931  	-6.468800 
-102.000000	0.232314  	1.322294  	-6.468800 
-101.000000	0.211489  	1.332657  	-6.468800 
-100.000000	0.190664  	1.343020  	-6.468800 
-99.000000	0.169840  	1.353382  	-6.468800 
-98.000000	0.149893  	1.361228  	-6.468800 
-97.000000	0.130297  	1.368067  	-6.468800 
-96.000000	0.110701  	1.374907  	-6.468800 
-95.000000	0.091105  	1.381746  	-6.468800 
-94.000000	0.072073  	1.387278  	-6.468800 
-93.000000	0.054054  	1.390459  	-6.468800 
-92.000000	0.036036  	1.393639  	-6.468800 
-91.000000	0.018018  	1.396820  	-6.468800 
-90.000000	0.000000  	1.400000  	-6.468800 
-89.000000	-0.018018 	1.396820  	-6.468800 
-88.000000	-0.036036 	1.393639  	-6.468800 
-87.000000	-0.054054 	1.390459  	-6.468800 
-86.000000	-0.072073 	1.387278  	-6.468800 
-85.000000	-0.091105 	1.381746  	-6.468800 
-84.000000	-0.110701 	1.374907  	-6.468800 
-83.000000	-0.130297 	1.368067  	-6.468800 
-82.000000	-0.149893 	1.361228  	-6.468800 
-81.000000	-0.169840 	1.353382  	-6.468800 
-80.000000	-0.190664 	1.343020  	-6.468800 
-79.000000	-0.211489 	1.332657  	-6.468800 
-78.000000	-0.232314 	1.322294  	-6.468800 
-77.000000	-0.253139 	1.311931  	-6.468800 
-76.000000	-0.274823 	1.298498  	-6.468800 
-75.000000	-0.296573 	1.284828  	-6.468800 
-74.000000	-0.318323 	1.271158  	-6.468800 
-73.000000	-0.340073 	1.257489  	-6.468800 
-72.000000	-0.362213 	1.242097  	-6.468800 
-71.000000	-0.384645 	1.225414  	-6.468800 
-70.000000	-0.407077 	1.208731  	-6.468800 
-69.000000	-0.429509 	1.192048  	-6.468800 
-68.000000	-0.452051 	1.174797  	-6.468800 
-67.000000	-0.474998 	1.155464  	-6.468800 
-66.000000	-0.497944 	1.136131  	-6.468800 
-65.000000	-0.520891 	1.116798  	-6.468800 
-64.000000	-0.543838 	1.097465  	-6.468800 
-63.000000	-0.567168 	1.076225  	-6.468800 
-62.000000	-0.590562 	1.054667  	-6.468800 
-61.000000	-0.613956 	1.033110  	-6.468800 
-60.000000	-0.637350 	1.011552  	-6.468800 
-59.000000	-0.660997 	0.989121  	-6.468800 
-58.000000	-0.684897 	0.965816  	-6.468800 
-57.000000	-0.708797 	0.942512  	-6.468800 
-56.000000	-0.732697 	0.919207  	-6.468800 
-55.000000	-0.756701 	0.895727  	-6.468800 
-54.000000	-0.781333 	0.871194  	-6.468800 
-53.000000	-0.805965 	0.846661  	-6.468800 
-52.000000	-0.830596 	0.822128  	-6.468800 
-51.000000	-0.855228 	0.797595  	-6.468800 
-50.000000	-0.880788 	0.772528  	-6.468800 
-49.000000	-0.906601 	0.747315  	-6.468800 
-48.000000	-0.932414 	0.722101  	-6.468800 
-47.000000	-0.958227 	0.696888  	-6.468800 
-46.000000	-0.984873 	0.671625  	-6.468800 
-45.000000	-1.012631 	0.646297  	-6.468800 
-44.000000	-1.040389 	0.620968  	-6.468800 
-43.000000	-1.068147 	0.595640  	-6.468800 
-42.000000	-1.096132 	0.570344  	-6.468800 
-41.000000	-1.127063 	0.545468  	-6.468800 
-40.000000	-1.157994 	0.520593  	-6.468800 
-39.000000	-1.188925 	0.495718  	-6.468800 
-38.000000	-1.219856 	0.470843  	-6.468800 
-37.000000	-1.254451 	0.446691  	-6.468800 
-36.000000	-1.290513 	0.422829  	-6.468800 
-35.000000	-1.326574 	0.398967  	-6.468800 
-34.000000	-1.362636 	0.375105  	-6.468800 
-33.000000	-1.401669 	0.351796  	-6.468800 
-32.000000	-1.446052 	0.329485  	-6.468800 
-31.000000	-1.490435 	0.307173  	-6.468800 
-30.000000	-1.534817 	0.284862  	-6.468800 
-29.000000	-1.579200 	0.262550  	-6.468800 
-28.000000	-1.508705 	0.256234  	-6.468800 
-27.000000	-1.438210 	0.249919  	-6.468800 
-26.000000	-1.367715 	0.243604  	-6.468800 
-25.000000	-1.297220 	0.237288  	-6.468800 
-24.000000	-1.226725 	0.230972  	-6.468800 
-23.000000	-1.156230 	0.224657  	-6.468800 
-22.000000	-1.085735 	0.218341  	-6.468800 
-21.000000	-1.015240 	0.212026  	-6.468800 
-20.000000	-0.944745 	0.205710  	-6.468800 
-19.000000	-0.874250 	0.199395  	-6.468800 
-18.000000	-0.803755 	0.193079  	-6.468800 
-17.000000	-0.733260 	0.186764  	-6.468800 
-16.000000	-0.662765 	0.180449  	-6.468800 
-15.000000	-0.592270 	0.174133  	-6.468800 
-14.000000	-0.521775 	0.167818  	-6.468800 
-13.000000	-0.451280 	0.161502  	-6.468800 
-12.000000	-0.380785 	0.155187  	-6.468800 
-11.000000	-0.310290 	0.148871  	-4.856900 
-10.000000	-0.239795 	0.142556  	-2.976350 
-9.000000 	-0.169300 	0.136240  	-1.095800 
-8.000000 	-0.196367 	0.113223  	-1.248700 
-7.000000 	-0.223433 	0.090207  	-1.401600 
-6.000000 	-0.250500 	0.067190  	-1.554500 
-5.000000 	-0.132700 	0.067890  	-1.422100 
-4.000000 	0.043400  	0.054440  	-1.378900 
-3.000000 	0.240300  	0.048300  	-1.279300 
-2.000000 	0.384700  	0.047840  	-1.312600 
-1.000000 	0.535600  	0.047120  	-1.438500 
0.000000  	0.680600  	0.047150  	-1.562300 
1.000000  	0.815800  	0.047520  	-1.686900 
2.000000  	0.961100  	0.047910  	-1.820600 
3.000000  	1.087400  	0.048860  	-1.948000 
4.000000  	1.222600  	0.049640  	-2.087800 
5.000000  	1.357900  	0.050820  	-2.233900 
6.000000  	1.477800  	0.052190  	-2.380200 
7.000000  	1.604000  	0.053460  	-2.539800 
8.000000  	1.729200  	0.055300  	-2.707500 
9.000000  	1.844600  	0.056670  	-2.883600 
10.000000 	1.952500  	0.059040  	-3.065900 
11.000000 	2.067200  	0.061100  	-3.275000 
12.000000 	2.171300  	0.063020  	-3.491400 
13.000000 	2.235800  	0.067160  	-3.679000 
14.000000 	2.266100  	0.073330  	-3.845600 
15.000000 	2.289800  	0.079930  	-4.019600 
16.000000 	2.294300  	0.088890  	-4.173000 
17.000000 	2.275700  	0.101730  	-4.297200 
18.000000 	2.175600  	0.127090  	-4.271100 
19.000000 	2.173800  	0.141813  	-4.421000 
20.000000 	2.172000  	0.156537  	-4.570900 
21.000000 	2.170200  	0.171260  	-4.720800 
22.000000 	2.199500  	0.180840  	-4.985000 
23.000000 	2.217700  	0.191730  	-5.225500 
24.000000 	2.206900  	0.207490  	-5.383500 
25.000000 	2.230500  	0.216930  	-5.650400 
26.000000 	2.264400  	0.223990  	-5.947300 
27.000000 	2.242700  	0.240080  	-6.058700 
28.000000 	2.247600  	0.252000  	-6.258000 
29.000000 	2.256000  	0.262550  	-6.468800 
30.000000 	2.192596  	0.284862  	-6.468800 
31.000000 	2.129192  	0.307173  	-6.468800 
32.000000 	2.065789  	0.329485  	-6.468800 
33.000000 	2.002385  	0.351796  	-6.468800 
34.000000 	1.946623  	0.375105  	-6.468800 
35.000000 	1.895106  	0.398967  	-6.468800 
36.000000 	1.843590  	0.422829  	-6.468800 
37.000000 	1.792073  	0.446691  	-6.468800 
38.000000 	1.742651  	0.470843  	-6.468800 
39.000000 	1.698464  	0.495718  	-6.468800 
40.000000 	1.654277  	0.520593  	-6.468800 
41.000000 	1.610089  	0.545468  	-6.468800 
42.000000 	1.565902  	0.570344  	-6.468800 
43.000000 	1.525924  	0.595640  	-6.468800 
44.000000 	1.486270  	0.620968  	-6.468800 
45.000000 	1.446616  	0.646297  	-6.468800 
46.000000 	1.406962  	0.671625  	-6.468800 
47.000000 	1.368895  	0.696888  	-6.468800 
48.000000 	1.332020  	0.722101  	-6.468800 
49.000000 	1.295144  	0.747315  	-6.468800 
50.000000 	1.258268  	0.772528  	-6.468800 
51.000000 	1.221754  	0.797595  	-6.468800 
52.000000 	1.186566  	0.822128  	-6.468800 
53.000000 	1.151378  	0.846661  	-6.468800 
54.000000 	1.116190  	0.871194  	-6.468800 
55.000000 	1.081002  	0.895727  	-6.468800 
56.000000 	1.046709  	0.919207  	-6.468800 
57.000000 	1.012567  	0.942512  	-6.468800 
58.000000 	0.978424  	0.965816  	-6.468800 
59.000000 	0.944281  	0.989121  	-6.468800 
60.000000 	0.910499  	1.011552  	-6.468800 
61.000000 	0.877080  	1.033110  	-6.468800 
62.000000 	0.843660  	1.054667  	-6.468800 
63.000000 	0.810240  	1.076225  	-6.468800 
64.000000 	0.776912  	1.097465  	-6.468800 
65.000000 	0.744130  	1.116798  	-6.468800 
66.000000 	0.711349  	1.136131  	-6.468800 
67.000000 	0.678568  	1.155464  	-6.468800 
68.000000 	0.645787  	1.174797  	-6.468800 
69.000000 	0.613584  	1.192048  	-6.468800 
70.000000 	0.581538  	1.208731  	-6.468800 
71.000000 	0.549493  	1.225414  	-6.468800 
72.000000 	0.517447  	1.242097  	-6.468800 
73.000000 	0.485819  	1.257489  	-6.468800 
74.000000 	0.454747  	1.271158  	-6.468800 
75.000000 	0.423676  	1.284828  	-6.468800 
76.000000 	0.392604  	1.298498  	-6.468800 
77.000000 	0.361627  	1.311931  	-6.468800 
78.000000 	0.331877  	1.322294  	-6.468800 
79.000000 	0.302127  	1.332657  	-6.468800 
80.000000 	0.272378  	1.343020  	-6.468800 
81.000000 	0.242628  	1.353382  	-6.468800 
82.000000 	0.214132  	1.361228  	-6.468800 
83.000000 	0.186138  	1.368067  	-6.468800 
84.000000 	0.158144  	1.374907  	-6.468800 
85.000000 	0.130150  	1.381746  	-6.468800 
86.000000 	0.102961  	1.387278  	-6.468800 
87.000000 	0.077221  	1.390459  	-6.468800 
88.000000 	0.051480  	1.393639  	-6.468800 
89.000000 	0.025740  	1.396820  	-6.468800 
90.000000 	0.000000  	1.400000  	-6.468800 
91.000000 	-0.018018 	1.396820  	-6.468800 
92.000000 	-0.036036 	1.393639  	-6.468800 
93.000000 	-0.054054 	1.390459  	-6.468800 
94.000000 	-0.072073 	1.387278  	-6.468800 
95.000000 	-0.091105 	1.381746  	-6.468800 
96.000000 	-0.110701 	1.374907  	-6.468800 
97.000000 	-0.130297 	1.368067  	-6.468800 
98.000000 	-0.149893 	1.361228  	-6.468800 
99.000000 	-0.169840 	1.353382  	-6.468800 
100.000000	-0.190664 	1.343020  	-6.468800 
101.000000	-0.211489 	1.332657  	-6.468800 
102.000000	-0.232314 	1.322294  	-6.468800 
103.000000	-0.253139 	1.311931  	-6.468800 
104.000000	-0.274823 	1.298498  	-6.468800 
105.000000	-0.296573 	1.284828  	-6.468800 
106.000000	-0.318323 	1.271158  	-6.468800 
107.000000	-0.340073 	1.257489  	-6.468800 
108.000000	-0.362213 	1.242097  	-6.468800 
109.000000	-0.384645 	1.225414  	-6.468800 
110.000000	-0.407077 	1.208731  	-6.468800 
111.000000	-0.429509 	1.192048  	-6.468800 
112.000000	-0.452051 	1.174797  	-6.468800 
113.000000	-0.474998 	1.155464  	-6.468800 
114.000000	-0.497944 	1.136131  	-6.468800 
115.000000	-0.520891 	1.116798  	-6.468800 
116.000000	-0.543838 	1.097465  	-6.468800 
117.000000	-0.567168 	1.076225  	-6.468800 
118.000000	-0.590562 	1.054667  	-6.468800 
119.000000	-0.613956 	1.033110  	-6.468800 
120.000000	-0.637350 	1.011552  	-6.468800 
121.000000	-0.660997 	0.989121  	-6.468800 
122.000000	-0.684897 	0.965816  	-6.468800 
123.000000	-0.708797 	0.942512  	-6.468800 
124.000000	-0.732697 	0.919207  	-6.468800 
125.000000	-0.756701 	0.895727  	-6.468800 
126.000000	-0.781333 	0.871194  	-6.468800 
127.000000	-0.805965 	0.846661  	-6.468800 
128.000000	-0.830596 	0.822128  	-6.468800 
129.000000	-0.855228 	0.797595  	-6.468800 
130.000000	-0.880788 	0.772528  	-6.468800 
131.000000	-0.906601 	0.747315  	-6.468800 
132.000000	-0.932414 	0.722101  	-6.468800 
133.000000	-0.958227 	0.696888  	-6.468800 
134.000000	-0.984873 	0.671625  	-6.468800 
135.000000	-1.012631 	0.646297  	-6.468800 
136.000000	-1.040389 	0.620968  	-6.468800 
137.000000	-1.068147 	0.595640  	-6.468800 
138.000000	-1.096132 	0.570344  	-6.468800 
139.000000	-1.127063 	0.545468  	-6.468800 
140.000000	-1.157994 	0.520593  	-6.468800 
141.000000	-1.188925 	0.495718  	-6.468800 
142.000000	-1.219856 	0.470843  	-6.468800 
143.000000	-1.254451 	0.446691  	-6.468800 
144.000000	-1.290513 	0.422829  	-6.468800 
145.000000	-1.326574 	0.398967  	-6.468800 
146.000000	-1.362636 	0.375105  	-6.468800 
147.000000	-1.401669 	0.351796  	-6.468800 
148.000000	-1.446052 	0.329485  	-6.468800 
149.000000	-1.490435 	0.307173  	-6.468800 
150.000000	-1.534817 	0.284862  	-6.468800 
151.000000	-1.579200 	0.262550  	-6.468800 
152.000000	-1.524745 	0.241692  	-6.468800 
153.000000	-1.470290 	0.220834  	-6.468800 
154.000000	-1.415834 	0.200983  	-6.468800 
155.000000	-1.361379 	0.181209  	-6.468800 
156.000000	-1.306924 	0.162451  	-6.468800 
157.000000	-1.252469 	0.143863  	-6.468800 
158.000000	-1.198014 	0.126281  	-6.468800 
159.000000	-1.143559 	0.108973  	-6.468800 
160.000000	-1.089103 	0.092643  	-6.468800 
161.000000	-1.034648 	0.076705  	-6.468800 
162.000000	-0.980193 	0.061698  	-6.468800 
163.000000	-0.925738 	0.047210  	-6.468800 
164.000000	-0.871283 	0.033593  	-6.468800 
165.000000	-0.816828 	0.020630  	-6.468800 
166.000000	-0.762372 	0.010974  	-6.468800 
167.000000	-0.707917 	0.004627  	-6.468800 
168.000000	-0.653462 	0.001000  	-6.468800 
169.000000	-0.599007 	0.001000  	-6.468800 
170.000000	-0.544552 	0.001000  	-6.468800 
171.000000	-0.490097 	0.001000  	-6.468800 
172.000000	-0.435641 	0.001000  	-6.468800 
173.000000	-0.381186 	0.001000  	-6.468800 
174.000000	-0.326731 	0.001000  	-6.468800 
175.000000	-0.272276 	0.001000  	-6.468800 
176.000000	-0.217821 	0.001000  	-6.468800 
177.000000	-0.163366 	0.001000  	-6.468800 
178.000000	-0.108910 	0.001000  	-6.468800 
179.000000	-0.054455 	0.001000  	-6.468800 
180.000000	0.000000  	0.001000  	-6.468800 
! ------------------------------------------------------------------------------
! data for table	2         
! ------------------------------------------------------------------------------
  0.300000  	Re           ! Reynolds number in millions
  0.000000  	UserProp     ! User property (control) setting
Flase           InclUAdata   ! Is unsteady aerodynamics data included in this table? If TRUE, then include UA coefficients below this line. Any missing coefficients will be calculated internally.
! Table of aerodynamics coefficients
  361       	NumAlf       ! Number of data lines in the following table
!Alpha      Cl          Cd          Cm/Cp
!(deg)      (-)         (-)         (-)
-180.000000	0.000000  	0.001000  	-6.620900 
-179.000000	0.055114  	0.001000  	-6.620900 
-178.000000	0.110228  	0.001000  	-6.620900 
-177.000000	0.165342  	0.001000  	-6.620900 
-176.000000	0.220457  	0.001000  	-6.620900 
-175.000000	0.275571  	0.001000  	-6.620900 
-174.000000	0.330685  	0.001000  	-6.620900 
-173.000000	0.385799  	0.001000  	-6.620900 
-172.000000	0.440913  	0.001000  	-6.620900 
-171.000000	0.496027  	0.001000  	-6.620900 
-170.000000	0.551141  	0.001000  	-6.620900 
-169.000000	0.606256  	0.001000  	-6.620900 
-168.000000	0.661370  	0.001000  	-6.620900 
-167.000000	0.716484  	0.004621  	-6.620900 
-166.000000	0.771598  	0.010957  	-6.620900 
-165.000000	0.826712  	0.020607  	-6.620900 
-164.000000	0.881826  	0.033571  	-6.620900 
-163.000000	0.936940  	0.047188  	-6.620900 
-162.000000	0.992054  	0.061677  	-6.620900 
-161.000000	1.047169  	0.076683  	-6.620900 
-160.000000	1.102283  	0.092622  	-6.620900 
-159.000000	1.157397  	0.108952  	-6.620900 
-158.000000	1.212511  	0.126260  	-6.620900 
-157.000000	1.267625  	0.143842  	-6.620900 
-156.000000	1.322739  	0.162431  	-6.620900 
-155.000000	1.377853  	0.181188  	-6.620900 
-154.000000	1.432968  	0.200962  	-6.620900 
-153.000000	1.488082  	0.220814  	-6.620900 
-152.000000	1.543196  	0.241672  	-6.620900 
-151.000000	1.598310  	0.262530  	-6.620900 
-150.000000	1.553068  	0.284842  	-6.620900 
-149.000000	1.507827  	0.307154  	-6.620900 
-148.000000	1.462585  	0.329465  	-6.620900 
-147.000000	1.417343  	0.351777  	-6.620900 
-146.000000	1.377564  	0.375086  	-6.620900 
-145.000000	1.340819  	0.398948  	-6.620900 
-144.000000	1.304074  	0.422811  	-6.620900 
-143.000000	1.267329  	0.446673  	-6.620900 
-142.000000	1.232086  	0.470825  	-6.620900 
-141.000000	1.200597  	0.495700  	-6.620900 
-140.000000	1.169109  	0.520576  	-6.620900 
-139.000000	1.137620  	0.545451  	-6.620900 
-138.000000	1.106131  	0.570327  	-6.620900 
-137.000000	1.077677  	0.595623  	-6.620900 
-136.000000	1.049456  	0.620952  	-6.620900 
-135.000000	1.021234  	0.646281  	-6.620900 
-134.000000	0.993013  	0.671610  	-6.620900 
-133.000000	0.965946  	0.696873  	-6.620900 
-132.000000	0.939745  	0.722086  	-6.620900 
-131.000000	0.913543  	0.747300  	-6.620900 
-130.000000	0.887341  	0.772513  	-6.620900 
-129.000000	0.861406  	0.797581  	-6.620900 
-128.000000	0.836447  	0.822114  	-6.620900 
-127.000000	0.811488  	0.846647  	-6.620900 
-126.000000	0.786528  	0.871181  	-6.620900 
-125.000000	0.761569  	0.895714  	-6.620900 
-124.000000	0.737282  	0.919194  	-6.620900 
-123.000000	0.713106  	0.942499  	-6.620900 
-122.000000	0.688931  	0.965804  	-6.620900 
-121.000000	0.664755  	0.989109  	-6.620900 
-120.000000	0.640856  	1.011541  	-6.620900 
-119.000000	0.617232  	1.033099  	-6.620900 
-118.000000	0.593608  	1.054657  	-6.620900 
-117.000000	0.569984  	1.076214  	-6.620900 
-116.000000	0.546430  	1.097455  	-6.620900 
-115.000000	0.523295  	1.116788  	-6.620900 
-114.000000	0.500159  	1.136121  	-6.620900 
-113.000000	0.477024  	1.155455  	-6.620900 
-112.000000	0.453888  	1.174788  	-6.620900 
-111.000000	0.431187  	1.192040  	-6.620900 
-110.000000	0.408604  	1.208723  	-6.620900 
-109.000000	0.386021  	1.225407  	-6.620900 
-108.000000	0.363438  	1.242090  	-6.620900 
-107.000000	0.341163  	1.257482  	-6.620900 
-106.000000	0.319297  	1.271152  	-6.620900 
-105.000000	0.297431  	1.284822  	-6.620900 
-104.000000	0.275566  	1.298492  	-6.620900 
-103.000000	0.253769  	1.311926  	-6.620900 
-102.000000	0.232863  	1.322289  	-6.620900 
-101.000000	0.211956  	1.332652  	-6.620900 
-100.000000	0.191050  	1.343016  	-6.620900 
-99.000000	0.170144  	1.353379  	-6.620900 
-98.000000	0.150139  	1.361225  	-6.620900 
-97.000000	0.130495  	1.368065  	-6.620900 
-96.000000	0.110851  	1.374904  	-6.620900 
-95.000000	0.091206  	1.381744  	-6.620900 
-94.000000	0.072137  	1.387277  	-6.620900 
-93.000000	0.054103  	1.390457  	-6.620900 
-92.000000	0.036068  	1.393638  	-6.620900 
-91.000000	0.018034  	1.396819  	-6.620900 
-90.000000	0.000000  	1.400000  	-6.620900 
-89.000000	-0.018034 	1.396819  	-6.620900 
-88.000000	-0.036068 	1.393638  	-6.620900 
-87.000000	-0.054103 	1.390457  	-6.620900 
-86.000000	-0.072137 	1.387277  	-6.620900 
-85.000000	-0.091206 	1.381744  	-6.620900 
-84.000000	-0.110851 	1.374904  	-6.620900 
-83.000000	-0.130495 	1.368065  	-6.620900 
-82.000000	-0.150139 	1.361225  	-6.620900 
-81.000000	-0.170144 	1.353379  	-6.620900 
-80.000000	-0.191050 	1.343016  	-6.620900 
-79.000000	-0.211956 	1.332652  	-6.620900 
-78.000000	-0.232863 	1.322289  	-6.620900 
-77.000000	-0.253769 	1.311926  	-6.620900 
-76.000000	-0.275566 	1.298492  	-6.620900 
-75.000000	-0.297431 	1.284822  	-6.620900 
-74.000000	-0.319297 	1.271152  	-6.620900 
-73.000000	-0.341163 	1.257482  	-6.620900 
-72.000000	-0.363438 	1.242090  	-6.620900 
-71.000000	-0.386021 	1.225407  	-6.620900 
-70.000000	-0.408604 	1.208723  	-6.620900 
-69.000000	-0.431187 	1.192040  	-6.620900 
-68.000000	-0.453888 	1.174788  	-6.620900 
-67.000000	-0.477024 	1.155455  	-6.620900 
-66.000000	-0.500159 	1.136121  	-6.620900 
-65.000000	-0.523295 	1.116788  	-6.620900 
-64.000000	-0.546430 	1.097455  	-6.620900 
-63.000000	-0.569984 	1.076214  	-6.620900 
-62.000000	-0.593608 	1.054657  	-6.620900 
-61.000000	-0.617232 	1.033099  	-6.620900 
-60.000000	-0.640856 	1.011541  	-6.620900 
-59.000000	-0.664755 	0.989109  	-6.620900 
-58.000000	-0.688931 	0.965804  	-6.620900 
-57.000000	-0.713106 	0.942499  	-6.620900 
-56.000000	-0.737282 	0.919194  	-6.620900 
-55.000000	-0.761569 	0.895714  	-6.620900 
-54.000000	-0.786528 	0.871181  	-6.620900 
-53.000000	-0.811488 	0.846647  	-6.620900 
-52.000000	-0.836447 	0.822114  	-6.620900 
-51.000000	-0.861406 	0.797581  	-6.620900 
-50.000000	-0.887341 	0.772513  	-6.620900 
-49.000000	-0.913543 	0.747300  	-6.620900 
-48.000000	-0.939745 	0.722086  	-6.620900 
-47.000000	-0.965946 	0.696873  	-6.620900 
-46.000000	-0.993013 	0.671610  	-6.620900 
-45.000000	-1.021234 	0.646281  	-6.620900 
-44.000000	-1.049456 	0.620952  	-6.620900 
-43.000000	-1.077677 	0.595623  	-6.620900 
-42.000000	-1.106131 	0.570327  	-6.620900 
-41.000000	-1.137620 	0.545451  	-6.620900 
-40.000000	-1.169109 	0.520576  	-6.620900 
-39.000000	-1.200597 	0.495700  	-6.620900 
-38.000000	-1.232086 	0.470825  	-6.620900 
-37.000000	-1.267329 	0.446673  	-6.620900 
-36.000000	-1.304074 	0.422811  	-6.620900 
-35.000000	-1.340819 	0.398948  	-6.620900 
-34.000000	-1.377564 	0.375086  	-6.620900 
-33.000000	-1.417343 	0.351777  	-6.620900 
-32.000000	-1.462585 	0.329465  	-6.620900 
-31.000000	-1.507827 	0.307154  	-6.620900 
-30.000000	-1.553068 	0.284842  	-6.620900 
-29.000000	-1.598310 	0.262530  	-6.620900 
-28.000000	-1.546794 	0.253302  	-6.620900 
-27.000000	-1.495277 	0.244074  	-6.620900 
-26.000000	-1.443761 	0.234846  	-6.620900 
-25.000000	-1.392245 	0.225618  	-6.620900 
-24.000000	-1.340728 	0.216391  	-6.620900 
-23.000000	-1.289212 	0.207163  	-6.620900 
-22.000000	-1.237696 	0.197935  	-6.620900 
-21.000000	-1.186179 	0.188707  	-6.620900 
-20.000000	-1.134663 	0.179479  	-6.620900 
-19.000000	-1.083147 	0.170251  	-6.620900 
-18.000000	-1.031631 	0.161023  	-6.620900 
-17.000000	-0.980114 	0.151795  	-6.620900 
-16.000000	-0.928598 	0.142567  	-6.620900 
-15.000000	-0.877082 	0.133339  	-6.620900 
-14.000000	-0.825565 	0.124112  	-6.620900 
-13.000000	-0.774049 	0.114884  	-6.620900 
-12.000000	-0.722533 	0.105656  	-5.372479 
-11.000000	-0.671016 	0.096428  	-3.624689 
-10.000000	-0.619500 	0.087200  	-1.876900 
-9.000000 	-0.521650 	0.065425  	-1.910200 
-8.000000 	-0.423800 	0.043650  	-1.943500 
-7.000000 	-0.269800 	0.042770  	-1.807800 
-6.000000 	-0.130100 	0.042410  	-1.676900 
-5.000000 	0.012700  	0.042330  	-1.547300 
-4.000000 	0.162000  	0.042170  	-1.423000 
-3.000000 	0.299500  	0.042320  	-1.299000 
-2.000000 	0.444700  	0.042550  	-1.353800 
-1.000000 	0.582300  	0.042810  	-1.475800 
0.000000  	0.724300  	0.043260  	-1.600700 
1.000000  	0.859000  	0.043730  	-1.727400 
2.000000  	0.996400  	0.044300  	-1.857900 
3.000000  	1.131800  	0.045010  	-1.993300 
4.000000  	1.262200  	0.045780  	-2.131800 
5.000000  	1.393400  	0.046570  	-2.278400 
6.000000  	1.523400  	0.047590  	-2.431900 
7.000000  	1.647800  	0.048660  	-2.593200 
8.000000  	1.770100  	0.049820  	-2.762000 
9.000000  	1.892300  	0.051230  	-2.943700 
10.000000 	2.003800  	0.052700  	-3.134900 
11.000000 	2.113200  	0.054650  	-3.341600 
12.000000 	2.218000  	0.056590  	-3.561900 
13.000000 	2.286200  	0.060490  	-3.758900 
14.000000 	2.297400  	0.068230  	-3.906800 
15.000000 	2.311500  	0.076690  	-4.069700 
16.000000 	2.316700  	0.087360  	-4.224900 
17.000000 	2.299500  	0.101590  	-4.352500 
18.000000 	2.277200  	0.118530  	-4.468000 
19.000000 	2.262800  	0.134580  	-4.598000 
20.000000 	2.258100  	0.149440  	-4.745500 
21.000000 	2.243100  	0.165760  	-4.905600 
22.000000 	2.252300  	0.178010  	-5.133700 
23.000000 	2.241100  	0.193820  	-5.303500 
24.000000 	2.246500  	0.206400  	-5.516500 
25.000000 	2.255600  	0.218030  	-5.751100 
26.000000 	2.256600  	0.230930  	-5.948500 
27.000000 	2.263300  	0.242430  	-6.161300 
28.000000 	2.272900  	0.253050  	-6.391700 
29.000000 	2.283300  	0.262530  	-6.620900 
30.000000 	2.218669  	0.284842  	-6.620900 
31.000000 	2.154038  	0.307154  	-6.620900 
32.000000 	2.089407  	0.329465  	-6.620900 
33.000000 	2.024776  	0.351777  	-6.620900 
34.000000 	1.967948  	0.375086  	-6.620900 
35.000000 	1.915455  	0.398948  	-6.620900 
36.000000 	1.862963  	0.422811  	-6.620900 
37.000000 	1.810470  	0.446673  	-6.620900 
38.000000 	1.760123  	0.470825  	-6.620900 
39.000000 	1.715139  	0.495700  	-6.620900 
40.000000 	1.670155  	0.520576  	-6.620900 
41.000000 	1.625171  	0.545451  	-6.620900 
42.000000 	1.580188  	0.570327  	-6.620900 
43.000000 	1.539538  	0.595623  	-6.620900 
44.000000 	1.499222  	0.620952  	-6.620900 
45.000000 	1.458906  	0.646281  	-6.620900 
46.000000 	1.418590  	0.671610  	-6.620900 
47.000000 	1.379923  	0.696873  	-6.620900 
48.000000 	1.342492  	0.722086  	-6.620900 
49.000000 	1.305061  	0.747300  	-6.620900 
50.000000 	1.267631  	0.772513  	-6.620900 
51.000000 	1.230580  	0.797581  	-6.620900 
52.000000 	1.194924  	0.822114  	-6.620900 
53.000000 	1.159268  	0.846647  	-6.620900 
54.000000 	1.123612  	0.871181  	-6.620900 
55.000000 	1.087956  	0.895714  	-6.620900 
56.000000 	1.053260  	0.919194  	-6.620900 
57.000000 	1.018723  	0.942499  	-6.620900 
58.000000 	0.984187  	0.965804  	-6.620900 
59.000000 	0.949650  	0.989109  	-6.620900 
60.000000 	0.915508  	1.011541  	-6.620900 
61.000000 	0.881760  	1.033099  	-6.620900 
62.000000 	0.848012  	1.054657  	-6.620900 
63.000000 	0.814263  	1.076214  	-6.620900 
64.000000 	0.780615  	1.097455  	-6.620900 
65.000000 	0.747564  	1.116788  	-6.620900 
66.000000 	0.714513  	1.136121  	-6.620900 
67.000000 	0.681462  	1.155455  	-6.620900 
68.000000 	0.648411  	1.174788  	-6.620900 
69.000000 	0.615981  	1.192040  	-6.620900 
70.000000 	0.583720  	1.208723  	-6.620900 
71.000000 	0.551459  	1.225407  	-6.620900 
72.000000 	0.519197  	1.242090  	-6.620900 
73.000000 	0.487375  	1.257482  	-6.620900 
74.000000 	0.456139  	1.271152  	-6.620900 
75.000000 	0.424902  	1.284822  	-6.620900 
76.000000 	0.393666  	1.298492  	-6.620900 
77.000000 	0.362527  	1.311926  	-6.620900 
78.000000 	0.332661  	1.322289  	-6.620900 
79.000000 	0.302795  	1.332652  	-6.620900 
80.000000 	0.272929  	1.343016  	-6.620900 
81.000000 	0.243063  	1.353379  	-6.620900 
82.000000 	0.214485  	1.361225  	-6.620900 
83.000000 	0.186421  	1.368065  	-6.620900 
84.000000 	0.158358  	1.374904  	-6.620900 
85.000000 	0.130295  	1.381744  	-6.620900 
86.000000 	0.103053  	1.387277  	-6.620900 
87.000000 	0.077290  	1.390457  	-6.620900 
88.000000 	0.051526  	1.393638  	-6.620900 
89.000000 	0.025763  	1.396819  	-6.620900 
90.000000 	0.000000  	1.400000  	-6.620900 
91.000000 	-0.018034 	1.396819  	-6.620900 
92.000000 	-0.036068 	1.393638  	-6.620900 
93.000000 	-0.054103 	1.390457  	-6.620900 
94.000000 	-0.072137 	1.387277  	-6.620900 
95.000000 	-0.091206 	1.381744  	-6.620900 
96.000000 	-0.110851 	1.374904  	-6.620900 
97.000000 	-0.130495 	1.368065  	-6.620900 
98.000000 	-0.150139 	1.361225  	-6.620900 
99.000000 	-0.170144 	1.353379  	-6.620900 
100.000000	-0.191050 	1.343016  	-6.620900 
101.000000	-0.211956 	1.332652  	-6.620900 
102.000000	-0.232863 	1.322289  	-6.620900 
103.000000	-0.253769 	1.311926  	-6.620900 
104.000000	-0.275566 	1.298492  	-6.620900 
105.000000	-0.297431 	1.284822  	-6.620900 
106.000000	-0.319297 	1.271152  	-6.620900 
107.000000	-0.341163 	1.257482  	-6.620900 
108.000000	-0.363438 	1.242090  	-6.620900 
109.000000	-0.386021 	1.225407  	-6.620900 
110.000000	-0.408604 	1.208723  	-6.620900 
111.000000	-0.431187 	1.192040  	-6.620900 
112.000000	-0.453888 	1.174788  	-6.620900 
113.000000	-0.477024 	1.155455  	-6.620900 
114.000000	-0.500159 	1.136121  	-6.620900 
115.000000	-0.523295 	1.116788  	-6.620900 
116.000000	-0.546430 	1.097455  	-6.620900 
117.000000	-0.569984 	1.076214  	-6.620900 
118.000000	-0.593608 	1.054657  	-6.620900 
119.000000	-0.617232 	1.033099  	-6.620900 
120.000000	-0.640856 	1.011541  	-6.620900 
121.000000	-0.664755 	0.989109  	-6.620900 
122.000000	-0.688931 	0.965804  	-6.620900 
123.000000	-0.713106 	0.942499  	-6.620900 
124.000000	-0.737282 	0.919194  	-6.620900 
125.000000	-0.761569 	0.895714  	-6.620900 
126.000000	-0.786528 	0.871181  	-6.620900 
127.000000	-0.811488 	0.846647  	-6.620900 
128.000000	-0.836447 	0.822114  	-6.620900 
129.000000	-0.861406 	0.797581  	-6.620900 
130.000000	-0.887341 	0.772513  	-6.620900 
131.000000	-0.913543 	0.747300  	-6.620900 
132.000000	-0.939745 	0.722086  	-6.620900 
133.000000	-0.965946 	0.696873  	-6.620900 
134.000000	-0.993013 	0.671610  	-6.620900 
135.000000	-1.021234 	0.646281  	-6.620900 
136.000000	-1.049456 	0.620952  	-6.620900 
137.000000	-1.077677 	0.595623  	-6.620900 
138.000000	-1.106131 	0.570327  	-6.620900 
139.000000	-1.137620 	0.545451  	-6.620900 
140.000000	-1.169109 	0.520576  	-6.620900 
141.000000	-1.200597 	0.495700  	-6.620900 
142.000000	-1.232086 	0.470825  	-6.620900 
143.000000	-1.267329 	0.446673  	-6.620900 
144.000000	-1.304074 	0.422811  	-6.620900 
145.000000	-1.340819 	0.398948  	-6.620900 
146.000000	-1.377564 	0.375086  	-6.620900 
147.000000	-1.417343 	0.351777  	-6.620900 
148.000000	-1.462585 	0.329465  	-6.620900 
149.000000	-1.507827 	0.307154  	-6.620900 
150.000000	-1.553068 	0.284842  	-6.620900 
151.000000	-1.598310 	0.262530  	-6.620900 
152.000000	-1.543196 	0.241672  	-6.620900 
153.000000	-1.488082 	0.220814  	-6.620900 
154.000000	-1.432968 	0.200962  	-6.620900 
155.000000	-1.377853 	0.181188  	-6.620900 
156.000000	-1.322739 	0.162431  	-6.620900 
157.000000	-1.267625 	0.143842  	-6.620900 
158.000000	-1.212511 	0.126260  	-6.620900 
159.000000	-1.157397 	0.108952  	-6.620900 
160.000000	-1.102283 	0.092622  	-6.620900 
161.000000	-1.047169 	0.076683  	-6.620900 
162.000000	-0.992054 	0.061677  	-6.620900 
163.000000	-0.936940 	0.047188  	-6.620900 
164.000000	-0.881826 	0.033571  	-6.620900 
165.000000	-0.826712 	0.020607  	-6.620900 
166.000000	-0.771598 	0.010957  	-6.620900 
167.000000	-0.716484 	0.004621  	-6.620900 
168.000000	-0.661370 	0.001000  	-6.620900 
169.000000	-0.606256 	0.001000  	-6.620900 
170.000000	-0.551141 	0.001000  	-6.620900 
171.000000	-0.496027 	0.001000  	-6.620900 
172.000000	-0.440913 	0.001000  	-6.620900 
173.000000	-0.385799 	0.001000  	-6.620900 
174.000000	-0.330685 	0.001000  	-6.620900 
175.000000	-0.275571 	0.001000  	-6.620900 
176.000000	-0.220457 	0.001000  	-6.620900 
177.000000	-0.165342 	0.001000  	-6.620900 
178.000000	-0.110228 	0.001000  	-6.620900 
179.000000	-0.055114 	0.001000  	-6.620900 
180.000000	0.000000  	0.001000  	-6.620900 
! ------------------------------------------------------------------------------
! data for table	3         
! ------------------------------------------------------------------------------
  0.400000  	Re           ! Reynolds number in millions
  0.000000  	UserProp     ! User property (control) setting
Flase           InclUAdata   ! Is unsteady aerodynamics data included in this table? If TRUE, then include UA coefficients below this line. Any missing coefficients will be calculated internally.
! Table of aerodynamics coefficients
  361       	NumAlf       ! Number of data lines in the following table
!Alpha      Cl          Cd          Cm/Cp
!(deg)      (-)         (-)         (-)
-180.000000	0.000000  	0.001000  	-6.630000 
-179.000000	0.055054  	0.001000  	-6.630000 
-178.000000	0.110108  	0.001000  	-6.630000 
-177.000000	0.165161  	0.001000  	-6.630000 
-176.000000	0.220215  	0.001000  	-6.630000 
-175.000000	0.275269  	0.001000  	-6.630000 
-174.000000	0.330323  	0.001000  	-6.630000 
-173.000000	0.385377  	0.001000  	-6.630000 
-172.000000	0.440430  	0.001000  	-6.630000 
-171.000000	0.495484  	0.001000  	-6.630000 
-170.000000	0.550538  	0.001000  	-6.630000 
-169.000000	0.605592  	0.001000  	-6.630000 
-168.000000	0.660646  	0.001000  	-6.630000 
-167.000000	0.715699  	0.005702  	-6.630000 
-166.000000	0.770753  	0.013930  	-6.630000 
-165.000000	0.825807  	0.024517  	-6.630000 
-164.000000	0.880861  	0.037461  	-6.630000 
-163.000000	0.935914  	0.051058  	-6.630000 
-162.000000	0.990968  	0.065525  	-6.630000 
-161.000000	1.046022  	0.080510  	-6.630000 
-160.000000	1.101076  	0.096425  	-6.630000 
-159.000000	1.156130  	0.112730  	-6.630000 
-158.000000	1.211183  	0.130012  	-6.630000 
-157.000000	1.266237  	0.147568  	-6.630000 
-156.000000	1.321291  	0.166128  	-6.630000 
-155.000000	1.376345  	0.184856  	-6.630000 
-154.000000	1.431399  	0.204599  	-6.630000 
-153.000000	1.486452  	0.224420  	-6.630000 
-152.000000	1.541506  	0.245245  	-6.630000 
-151.000000	1.596560  	0.266070  	-6.630000 
-150.000000	1.551397  	0.288345  	-6.630000 
-149.000000	1.506234  	0.310621  	-6.630000 
-148.000000	1.461071  	0.332896  	-6.630000 
-147.000000	1.415908  	0.355171  	-6.630000 
-146.000000	1.376197  	0.378440  	-6.630000 
-145.000000	1.339514  	0.402262  	-6.630000 
-144.000000	1.302832  	0.426083  	-6.630000 
-143.000000	1.266150  	0.449904  	-6.630000 
-142.000000	1.230966  	0.474014  	-6.630000 
-141.000000	1.199528  	0.498844  	-6.630000 
-140.000000	1.168091  	0.523674  	-6.630000 
-139.000000	1.136653  	0.548504  	-6.630000 
-138.000000	1.105216  	0.573334  	-6.630000 
-137.000000	1.076804  	0.598582  	-6.630000 
-136.000000	1.048625  	0.623861  	-6.630000 
-135.000000	1.020447  	0.649141  	-6.630000 
-134.000000	0.992268  	0.674420  	-6.630000 
-133.000000	0.965239  	0.699632  	-6.630000 
-132.000000	0.939073  	0.724793  	-6.630000 
-131.000000	0.912907  	0.749953  	-6.630000 
-130.000000	0.886741  	0.775114  	-6.630000 
-129.000000	0.860840  	0.800128  	-6.630000 
-128.000000	0.835911  	0.824604  	-6.630000 
-127.000000	0.810982  	0.849081  	-6.630000 
-126.000000	0.786053  	0.873558  	-6.630000 
-125.000000	0.761123  	0.898035  	-6.630000 
-124.000000	0.736862  	0.921457  	-6.630000 
-123.000000	0.712712  	0.944702  	-6.630000 
-122.000000	0.688561  	0.967948  	-6.630000 
-121.000000	0.664411  	0.991193  	-6.630000 
-120.000000	0.640534  	1.013564  	-6.630000 
-119.000000	0.616932  	1.035060  	-6.630000 
-118.000000	0.593329  	1.056555  	-6.630000 
-117.000000	0.569726  	1.078051  	-6.630000 
-116.000000	0.546193  	1.099229  	-6.630000 
-115.000000	0.523075  	1.118498  	-6.630000 
-114.000000	0.499956  	1.137766  	-6.630000 
-113.000000	0.476838  	1.157035  	-6.630000 
-112.000000	0.453720  	1.176304  	-6.630000 
-111.000000	0.431033  	1.193489  	-6.630000 
-110.000000	0.408464  	1.210106  	-6.630000 
-109.000000	0.385895  	1.226723  	-6.630000 
-108.000000	0.363326  	1.243340  	-6.630000 
-107.000000	0.341063  	1.258665  	-6.630000 
-106.000000	0.319208  	1.272267  	-6.630000 
-105.000000	0.297353  	1.285869  	-6.630000 
-104.000000	0.275498  	1.299471  	-6.630000 
-103.000000	0.253711  	1.312837  	-6.630000 
-102.000000	0.232812  	1.323130  	-6.630000 
-101.000000	0.211914  	1.333424  	-6.630000 
-100.000000	0.191015  	1.343718  	-6.630000 
-99.000000	0.170116  	1.354012  	-6.630000 
-98.000000	0.150117  	1.361788  	-6.630000 
-97.000000	0.130477  	1.368557  	-6.630000 
-96.000000	0.110837  	1.375327  	-6.630000 
-95.000000	0.091197  	1.382096  	-6.630000 
-94.000000	0.072131  	1.387559  	-6.630000 
-93.000000	0.054098  	1.390669  	-6.630000 
-92.000000	0.036066  	1.393779  	-6.630000 
-91.000000	0.018033  	1.396890  	-6.630000 
-90.000000	0.000000  	1.400000  	-6.630000 
-89.000000	-0.018033 	1.396890  	-6.630000 
-88.000000	-0.036066 	1.393779  	-6.630000 
-87.000000	-0.054098 	1.390669  	-6.630000 
-86.000000	-0.072131 	1.387559  	-6.630000 
-85.000000	-0.091197 	1.382096  	-6.630000 
-84.000000	-0.110837 	1.375327  	-6.630000 
-83.000000	-0.130477 	1.368557  	-6.630000 
-82.000000	-0.150117 	1.361788  	-6.630000 
-81.000000	-0.170116 	1.354012  	-6.630000 
-80.000000	-0.191015 	1.343718  	-6.630000 
-79.000000	-0.211914 	1.333424  	-6.630000 
-78.000000	-0.232812 	1.323130  	-6.630000 
-77.000000	-0.253711 	1.312837  	-6.630000 
-76.000000	-0.275498 	1.299471  	-6.630000 
-75.000000	-0.297353 	1.285869  	-6.630000 
-74.000000	-0.319208 	1.272267  	-6.630000 
-73.000000	-0.341063 	1.258665  	-6.630000 
-72.000000	-0.363326 	1.243340  	-6.630000 
-71.000000	-0.385895 	1.226723  	-6.630000 
-70.000000	-0.408464 	1.210106  	-6.630000 
-69.000000	-0.431033 	1.193489  	-6.630000 
-68.000000	-0.453720 	1.176304  	-6.630000 
-67.000000	-0.476838 	1.157035  	-6.630000 
-66.000000	-0.499956 	1.137766  	-6.630000 
-65.000000	-0.523075 	1.118498  	-6.630000 
-64.000000	-0.546193 	1.099229  	-6.630000 
-63.000000	-0.569726 	1.078051  	-6.630000 
-62.000000	-0.593329 	1.056555  	-6.630000 
-61.000000	-0.616932 	1.035060  	-6.630000 
-60.000000	-0.640534 	1.013564  	-6.630000 
-59.000000	-0.664411 	0.991193  	-6.630000 
-58.000000	-0.688561 	0.967948  	-6.630000 
-57.000000	-0.712712 	0.944702  	-6.630000 
-56.000000	-0.736862 	0.921457  	-6.630000 
-55.000000	-0.761123 	0.898035  	-6.630000 
-54.000000	-0.786053 	0.873558  	-6.630000 
-53.000000	-0.810982 	0.849081  	-6.630000 
-52.000000	-0.835911 	0.824604  	-6.630000 
-51.000000	-0.860840 	0.800128  	-6.630000 
-50.000000	-0.886741 	0.775114  	-6.630000 
-49.000000	-0.912907 	0.749953  	-6.630000 
-48.000000	-0.939073 	0.724793  	-6.630000 
-47.000000	-0.965239 	0.699632  	-6.630000 
-46.000000	-0.992268 	0.674420  	-6.630000 
-45.000000	-1.020447 	0.649141  	-6.630000 
-44.000000	-1.048625 	0.623861  	-6.630000 
-43.000000	-1.076804 	0.598582  	-6.630000 
-42.000000	-1.105216 	0.573334  	-6.630000 
-41.000000	-1.136653 	0.548504  	-6.630000 
-40.000000	-1.168091 	0.523674  	-6.630000 
-39.000000	-1.199528 	0.498844  	-6.630000 
-38.000000	-1.230966 	0.474014  	-6.630000 
-37.000000	-1.266150 	0.449904  	-6.630000 
-36.000000	-1.302832 	0.426083  	-6.630000 
-35.000000	-1.339514 	0.402262  	-6.630000 
-34.000000	-1.376197 	0.378440  	-6.630000 
-33.000000	-1.415908 	0.355171  	-6.630000 
-32.000000	-1.461071 	0.332896  	-6.630000 
-31.000000	-1.506234 	0.310621  	-6.630000 
-30.000000	-1.551397 	0.288345  	-6.630000 
-29.000000	-1.596560 	0.266070  	-6.630000 
-28.000000	-1.548536 	0.254209  	-6.630000 
-27.000000	-1.500512 	0.242349  	-6.630000 
-26.000000	-1.452487 	0.230488  	-6.630000 
-25.000000	-1.404463 	0.218628  	-6.630000 
-24.000000	-1.356439 	0.206767  	-6.630000 
-23.000000	-1.308415 	0.194907  	-6.630000 
-22.000000	-1.260391 	0.183046  	-6.630000 
-21.000000	-1.212366 	0.171186  	-6.630000 
-20.000000	-1.164342 	0.159325  	-6.630000 
-19.000000	-1.116318 	0.147465  	-6.630000 
-18.000000	-1.068294 	0.135604  	-6.630000 
-17.000000	-1.020269 	0.123744  	-6.630000 
-16.000000	-0.972245 	0.111883  	-6.630000 
-15.000000	-0.924221 	0.100023  	-6.630000 
-14.000000	-0.876197 	0.088162  	-6.630000 
-13.000000	-0.828173 	0.076302  	-6.630000 
-12.000000	-0.780148 	0.064441  	-5.476132 
-11.000000	-0.732124 	0.052581  	-3.860716 
-10.000000	-0.684100 	0.040720  	-2.245300 
-9.000000 	-0.545500 	0.040670  	-2.102800 
-8.000000 	-0.396900 	0.040530  	-1.959100 
-7.000000 	-0.256500 	0.040370  	-1.824600 
-6.000000 	-0.114200 	0.040520  	-1.688200 
-5.000000 	0.032400  	0.040670  	-1.558700 
-4.000000 	0.172900  	0.040760  	-1.432600 
-3.000000 	0.315300  	0.041050  	-1.308400 
-2.000000 	0.457000  	0.041330  	-1.365300 
-1.000000 	0.596900  	0.041720  	-1.489600 
0.000000  	0.736300  	0.042150  	-1.614200 
1.000000  	0.874500  	0.042680  	-1.743600 
2.000000  	1.010300  	0.043210  	-1.873800 
3.000000  	1.145300  	0.043820  	-2.010600 
4.000000  	1.278200  	0.044530  	-2.151500 
5.000000  	1.409300  	0.045200  	-2.298500 
6.000000  	1.537800  	0.046030  	-2.451900 
7.000000  	1.665200  	0.046910  	-2.615800 
8.000000  	1.788300  	0.047990  	-2.786200 
9.000000  	1.908100  	0.049130  	-2.966700 
10.000000 	2.024100  	0.050610  	-3.162500 
11.000000 	2.133500  	0.052270  	-3.371500 
12.000000 	2.227800  	0.054840  	-3.581100 
13.000000 	2.286000  	0.059540  	-3.767700 
14.000000 	2.301100  	0.067690  	-3.920700 
15.000000 	2.305000  	0.078360  	-4.068300 
16.000000 	2.311400  	0.090040  	-4.222800 
17.000000 	2.309500  	0.103510  	-4.374000 
18.000000 	2.301400  	0.118690  	-4.515200 
19.000000 	2.286600  	0.134700  	-4.647000 
20.000000 	2.272400  	0.150670  	-4.778300 
21.000000 	2.258200  	0.166730  	-4.945700 
22.000000 	2.253000  	0.181190  	-5.139700 
23.000000 	2.248200  	0.195630  	-5.328200 
24.000000 	2.247300  	0.209180  	-5.526900 
25.000000 	2.250900  	0.221720  	-5.746500 
26.000000 	2.257300  	0.233590  	-5.960600 
27.000000 	2.265350  	0.244565  	-6.184550 
28.000000 	2.273400  	0.255540  	-6.408500 
29.000000 	2.280800  	0.266070  	-6.630000 
30.000000 	2.216281  	0.288345  	-6.630000 
31.000000 	2.151763  	0.310621  	-6.630000 
32.000000 	2.087244  	0.332896  	-6.630000 
33.000000 	2.022725  	0.355171  	-6.630000 
34.000000 	1.965995  	0.378440  	-6.630000 
35.000000 	1.913592  	0.402262  	-6.630000 
36.000000 	1.861189  	0.426083  	-6.630000 
37.000000 	1.808786  	0.449904  	-6.630000 
38.000000 	1.758523  	0.474014  	-6.630000 
39.000000 	1.713612  	0.498844  	-6.630000 
40.000000 	1.668701  	0.523674  	-6.630000 
41.000000 	1.623790  	0.548504  	-6.630000 
42.000000 	1.578879  	0.573334  	-6.630000 
43.000000 	1.538292  	0.598582  	-6.630000 
44.000000 	1.498036  	0.623861  	-6.630000 
45.000000 	1.457781  	0.649141  	-6.630000 
46.000000 	1.417526  	0.674420  	-6.630000 
47.000000 	1.378913  	0.699632  	-6.630000 
48.000000 	1.341533  	0.724793  	-6.630000 
49.000000 	1.304153  	0.749953  	-6.630000 
50.000000 	1.266773  	0.775114  	-6.630000 
51.000000 	1.229772  	0.800128  	-6.630000 
52.000000 	1.194159  	0.824604  	-6.630000 
53.000000 	1.158545  	0.849081  	-6.630000 
54.000000 	1.122932  	0.873558  	-6.630000 
55.000000 	1.087319  	0.898035  	-6.630000 
56.000000 	1.052660  	0.921457  	-6.630000 
57.000000 	1.018159  	0.944702  	-6.630000 
58.000000 	0.983659  	0.967948  	-6.630000 
59.000000 	0.949158  	0.991193  	-6.630000 
60.000000 	0.915049  	1.013564  	-6.630000 
61.000000 	0.881331  	1.035060  	-6.630000 
62.000000 	0.847613  	1.056555  	-6.630000 
63.000000 	0.813895  	1.078051  	-6.630000 
64.000000 	0.780276  	1.099229  	-6.630000 
65.000000 	0.747249  	1.118498  	-6.630000 
66.000000 	0.714223  	1.137766  	-6.630000 
67.000000 	0.681197  	1.157035  	-6.630000 
68.000000 	0.648171  	1.176304  	-6.630000 
69.000000 	0.615761  	1.193489  	-6.630000 
70.000000 	0.583520  	1.210106  	-6.630000 
71.000000 	0.551279  	1.226723  	-6.630000 
72.000000 	0.519037  	1.243340  	-6.630000 
73.000000 	0.487233  	1.258665  	-6.630000 
74.000000 	0.456011  	1.272267  	-6.630000 
75.000000 	0.424790  	1.285869  	-6.630000 
76.000000 	0.393568  	1.299471  	-6.630000 
77.000000 	0.362444  	1.312837  	-6.630000 
78.000000 	0.332589  	1.323130  	-6.630000 
79.000000 	0.302734  	1.333424  	-6.630000 
80.000000 	0.272878  	1.343718  	-6.630000 
81.000000 	0.243023  	1.354012  	-6.630000 
82.000000 	0.214452  	1.361788  	-6.630000 
83.000000 	0.186395  	1.368557  	-6.630000 
84.000000 	0.158338  	1.375327  	-6.630000 
85.000000 	0.130281  	1.382096  	-6.630000 
86.000000 	0.103044  	1.387559  	-6.630000 
87.000000 	0.077283  	1.390669  	-6.630000 
88.000000 	0.051522  	1.393779  	-6.630000 
89.000000 	0.025761  	1.396890  	-6.630000 
90.000000 	0.000000  	1.400000  	-6.630000 
91.000000 	-0.018033 	1.396890  	-6.630000 
92.000000 	-0.036066 	1.393779  	-6.630000 
93.000000 	-0.054098 	1.390669  	-6.630000 
94.000000 	-0.072131 	1.387559  	-6.630000 
95.000000 	-0.091197 	1.382096  	-6.630000 
96.000000 	-0.110837 	1.375327  	-6.630000 
97.000000 	-0.130477 	1.368557  	-6.630000 
98.000000 	-0.150117 	1.361788  	-6.630000 
99.000000 	-0.170116 	1.354012  	-6.630000 
100.000000	-0.191015 	1.343718  	-6.630000 
101.000000	-0.211914 	1.333424  	-6.630000 
102.000000	-0.232812 	1.323130  	-6.630000 
103.000000	-0.253711 	1.312837  	-6.630000 
104.000000	-0.275498 	1.299471  	-6.630000 
105.000000	-0.297353 	1.285869  	-6.630000 
106.000000	-0.319208 	1.272267  	-6.630000 
107.000000	-0.341063 	1.258665  	-6.630000 
108.000000	-0.363326 	1.243340  	-6.630000 
109.000000	-0.385895 	1.226723  	-6.630000 
110.000000	-0.408464 	1.210106  	-6.630000 
111.000000	-0.431033 	1.193489  	-6.630000 
112.000000	-0.453720 	1.176304  	-6.630000 
113.000000	-0.476838 	1.157035  	-6.630000 
114.000000	-0.499956 	1.137766  	-6.630000 
115.000000	-0.523075 	1.118498  	-6.630000 
116.000000	-0.546193 	1.099229  	-6.630000 
117.000000	-0.569726 	1.078051  	-6.630000 
118.000000	-0.593329 	1.056555  	-6.630000 
119.000000	-0.616932 	1.035060  	-6.630000 
120.000000	-0.640534 	1.013564  	-6.630000 
121.000000	-0.664411 	0.991193  	-6.630000 
122.000000	-0.688561 	0.967948  	-6.630000 
123.000000	-0.712712 	0.944702  	-6.630000 
124.000000	-0.736862 	0.921457  	-6.630000 
125.000000	-0.761123 	0.898035  	-6.630000 
126.000000	-0.786053 	0.873558  	-6.630000 
127.000000	-0.810982 	0.849081  	-6.630000 
128.000000	-0.835911 	0.824604  	-6.630000 
129.000000	-0.860840 	0.800128  	-6.630000 
130.000000	-0.886741 	0.775114  	-6.630000 
131.000000	-0.912907 	0.749953  	-6.630000 
132.000000	-0.939073 	0.724793  	-6.630000 
133.000000	-0.965239 	0.699632  	-6.630000 
134.000000	-0.992268 	0.674420  	-6.630000 
135.000000	-1.020447 	0.649141  	-6.630000 
136.000000	-1.048625 	0.623861  	-6.630000 
137.000000	-1.076804 	0.598582  	-6.630000 
138.000000	-1.105216 	0.573334  	-6.630000 
139.000000	-1.136653 	0.548504  	-6.630000 
140.000000	-1.168091 	0.523674  	-6.630000 
141.000000	-1.199528 	0.498844  	-6.630000 
142.000000	-1.230966 	0.474014  	-6.630000 
143.000000	-1.266150 	0.449904  	-6.630000 
144.000000	-1.302832 	0.426083  	-6.630000 
145.000000	-1.339514 	0.402262  	-6.630000 
146.000000	-1.376197 	0.378440  	-6.630000 
147.000000	-1.415908 	0.355171  	-6.630000 
148.000000	-1.461071 	0.332896  	-6.630000 
149.000000	-1.506234 	0.310621  	-6.630000 
150.000000	-1.551397 	0.288345  	-6.630000 
151.000000	-1.596560 	0.266070  	-6.630000 
152.000000	-1.541506 	0.245245  	-6.630000 
153.000000	-1.486452 	0.224420  	-6.630000 
154.000000	-1.431399 	0.204599  	-6.630000 
155.000000	-1.376345 	0.184856  	-6.630000 
156.000000	-1.321291 	0.166128  	-6.630000 
157.000000	-1.266237 	0.147568  	-6.630000 
158.000000	-1.211183 	0.130012  	-6.630000 
159.000000	-1.156130 	0.112730  	-6.630000 
160.000000	-1.101076 	0.096425  	-6.630000 
161.000000	-1.046022 	0.080510  	-6.630000 
162.000000	-0.990968 	0.065525  	-6.630000 
163.000000	-0.935914 	0.051058  	-6.630000 
164.000000	-0.880861 	0.037461  	-6.630000 
165.000000	-0.825807 	0.024517  	-6.630000 
166.000000	-0.770753 	0.013930  	-6.630000 
167.000000	-0.715699 	0.005702  	-6.630000 
168.000000	-0.660646 	0.001000  	-6.630000 
169.000000	-0.605592 	0.001000  	-6.630000 
170.000000	-0.550538 	0.001000  	-6.630000 
171.000000	-0.495484 	0.001000  	-6.630000 
172.000000	-0.440430 	0.001000  	-6.630000 
173.000000	-0.385377 	0.001000  	-6.630000 
174.000000	-0.330323 	0.001000  	-6.630000 
175.000000	-0.275269 	0.001000  	-6.630000 
176.000000	-0.220215 	0.001000  	-6.630000 
177.000000	-0.165161 	0.001000  	-6.630000 
178.000000	-0.110108 	0.001000  	-6.630000 
179.000000	-0.055054 	0.001000  	-6.630000 
180.000000	0.000000  	0.001000  	-6.630000 
! ------------------------------------------------------------------------------
! data for table	4         
! ------------------------------------------------------------------------------
  0.500000  	Re           ! Reynolds number in millions
  0.000000  	UserProp     ! User property (control) setting
Flase           InclUAdata   ! Is unsteady aerodynamics data included in this table? If TRUE, then include UA coefficients below this line. Any missing coefficients will be calculated internally.
! Table of aerodynamics coefficients
  361       	NumAlf       ! Number of data lines in the following table
!Alpha      Cl          Cd          Cm/Cp
!(deg)      (-)         (-)         (-)
-180.000000	0.000000  	0.001000  	-6.642100 
-179.000000	0.055076  	0.001000  	-6.642100 
-178.000000	0.110151  	0.001000  	-6.642100 
-177.000000	0.165227  	0.001000  	-6.642100 
-176.000000	0.220302  	0.001000  	-6.642100 
-175.000000	0.275378  	0.001000  	-6.642100 
-174.000000	0.330453  	0.001000  	-6.642100 
-173.000000	0.385529  	0.001000  	-6.642100 
-172.000000	0.440604  	0.001000  	-6.642100 
-171.000000	0.495680  	0.001000  	-6.642100 
-170.000000	0.550755  	0.001000  	-6.642100 
-169.000000	0.605831  	0.001000  	-6.642100 
-168.000000	0.660906  	0.001000  	-6.642100 
-167.000000	0.715982  	0.006105  	-6.642100 
-166.000000	0.771057  	0.015039  	-6.642100 
-165.000000	0.826133  	0.025974  	-6.642100 
-164.000000	0.881208  	0.038912  	-6.642100 
-163.000000	0.936284  	0.052502  	-6.642100 
-162.000000	0.991359  	0.066961  	-6.642100 
-161.000000	1.046435  	0.081936  	-6.642100 
-160.000000	1.101510  	0.097843  	-6.642100 
-159.000000	1.156586  	0.114139  	-6.642100 
-158.000000	1.211661  	0.131411  	-6.642100 
-157.000000	1.266737  	0.148957  	-6.642100 
-156.000000	1.321812  	0.167506  	-6.642100 
-155.000000	1.376888  	0.186224  	-6.642100 
-154.000000	1.431963  	0.205956  	-6.642100 
-153.000000	1.487039  	0.225764  	-6.642100 
-152.000000	1.542114  	0.246577  	-6.642100 
-151.000000	1.597190  	0.267390  	-6.642100 
-150.000000	1.551999  	0.289652  	-6.642100 
-149.000000	1.506807  	0.311913  	-6.642100 
-148.000000	1.461616  	0.334175  	-6.642100 
-147.000000	1.416424  	0.356437  	-6.642100 
-146.000000	1.376689  	0.379691  	-6.642100 
-145.000000	1.339984  	0.403497  	-6.642100 
-144.000000	1.303279  	0.427303  	-6.642100 
-143.000000	1.266574  	0.451109  	-6.642100 
-142.000000	1.231369  	0.475203  	-6.642100 
-141.000000	1.199913  	0.500016  	-6.642100 
-140.000000	1.168457  	0.524829  	-6.642100 
-139.000000	1.137001  	0.549643  	-6.642100 
-138.000000	1.105545  	0.574456  	-6.642100 
-137.000000	1.077118  	0.599685  	-6.642100 
-136.000000	1.048924  	0.624946  	-6.642100 
-135.000000	1.020730  	0.650207  	-6.642100 
-134.000000	0.992536  	0.675469  	-6.642100 
-133.000000	0.965494  	0.700661  	-6.642100 
-132.000000	0.939315  	0.725802  	-6.642100 
-131.000000	0.913136  	0.750942  	-6.642100 
-130.000000	0.886957  	0.776083  	-6.642100 
-129.000000	0.861044  	0.801077  	-6.642100 
-128.000000	0.836104  	0.825533  	-6.642100 
-127.000000	0.811164  	0.849989  	-6.642100 
-126.000000	0.786224  	0.874445  	-6.642100 
-125.000000	0.761284  	0.898901  	-6.642100 
-124.000000	0.737013  	0.922300  	-6.642100 
-123.000000	0.712854  	0.945524  	-6.642100 
-122.000000	0.688694  	0.968747  	-6.642100 
-121.000000	0.664535  	0.991970  	-6.642100 
-120.000000	0.640650  	1.014318  	-6.642100 
-119.000000	0.617040  	1.035791  	-6.642100 
-118.000000	0.593430  	1.057263  	-6.642100 
-117.000000	0.569819  	1.078736  	-6.642100 
-116.000000	0.546278  	1.099890  	-6.642100 
-115.000000	0.523154  	1.119135  	-6.642100 
-114.000000	0.500029  	1.138380  	-6.642100 
-113.000000	0.476905  	1.157625  	-6.642100 
-112.000000	0.453780  	1.176869  	-6.642100 
-111.000000	0.431088  	1.194030  	-6.642100 
-110.000000	0.408514  	1.210622  	-6.642100 
-109.000000	0.385940  	1.227214  	-6.642100 
-108.000000	0.363366  	1.243807  	-6.642100 
-107.000000	0.341099  	1.259106  	-6.642100 
-106.000000	0.319240  	1.272683  	-6.642100 
-105.000000	0.297381  	1.286259  	-6.642100 
-104.000000	0.275522  	1.299836  	-6.642100 
-103.000000	0.253732  	1.313176  	-6.642100 
-102.000000	0.232830  	1.323444  	-6.642100 
-101.000000	0.211929  	1.333712  	-6.642100 
-100.000000	0.191028  	1.343980  	-6.642100 
-99.000000	0.170126  	1.354248  	-6.642100 
-98.000000	0.150125  	1.361998  	-6.642100 
-97.000000	0.130483  	1.368741  	-6.642100 
-96.000000	0.110842  	1.375485  	-6.642100 
-95.000000	0.091200  	1.382228  	-6.642100 
-94.000000	0.072133  	1.387664  	-6.642100 
-93.000000	0.054100  	1.390748  	-6.642100 
-92.000000	0.036067  	1.393832  	-6.642100 
-91.000000	0.018033  	1.396916  	-6.642100 
-90.000000	0.000000  	1.400000  	-6.642100 
-89.000000	-0.018033 	1.396916  	-6.642100 
-88.000000	-0.036067 	1.393832  	-6.642100 
-87.000000	-0.054100 	1.390748  	-6.642100 
-86.000000	-0.072133 	1.387664  	-6.642100 
-85.000000	-0.091200 	1.382228  	-6.642100 
-84.000000	-0.110842 	1.375485  	-6.642100 
-83.000000	-0.130483 	1.368741  	-6.642100 
-82.000000	-0.150125 	1.361998  	-6.642100 
-81.000000	-0.170126 	1.354248  	-6.642100 
-80.000000	-0.191028 	1.343980  	-6.642100 
-79.000000	-0.211929 	1.333712  	-6.642100 
-78.000000	-0.232830 	1.323444  	-6.642100 
-77.000000	-0.253732 	1.313176  	-6.642100 
-76.000000	-0.275522 	1.299836  	-6.642100 
-75.000000	-0.297381 	1.286259  	-6.642100 
-74.000000	-0.319240 	1.272683  	-6.642100 
-73.000000	-0.341099 	1.259106  	-6.642100 
-72.000000	-0.363366 	1.243807  	-6.642100 
-71.000000	-0.385940 	1.227214  	-6.642100 
-70.000000	-0.408514 	1.210622  	-6.642100 
-69.000000	-0.431088 	1.194030  	-6.642100 
-68.000000	-0.453780 	1.176869  	-6.642100 
-67.000000	-0.476905 	1.157625  	-6.642100 
-66.000000	-0.500029 	1.138380  	-6.642100 
-65.000000	-0.523154 	1.119135  	-6.642100 
-64.000000	-0.546278 	1.099890  	-6.642100 
-63.000000	-0.569819 	1.078736  	-6.642100 
-62.000000	-0.593430 	1.057263  	-6.642100 
-61.000000	-0.617040 	1.035791  	-6.642100 
-60.000000	-0.640650 	1.014318  	-6.642100 
-59.000000	-0.664535 	0.991970  	-6.642100 
-58.000000	-0.688694 	0.968747  	-6.642100 
-57.000000	-0.712854 	0.945524  	-6.642100 
-56.000000	-0.737013 	0.922300  	-6.642100 
-55.000000	-0.761284 	0.898901  	-6.642100 
-54.000000	-0.786224 	0.874445  	-6.642100 
-53.000000	-0.811164 	0.849989  	-6.642100 
-52.000000	-0.836104 	0.825533  	-6.642100 
-51.000000	-0.861044 	0.801077  	-6.642100 
-50.000000	-0.886957 	0.776083  	-6.642100 
-49.000000	-0.913136 	0.750942  	-6.642100 
-48.000000	-0.939315 	0.725802  	-6.642100 
-47.000000	-0.965494 	0.700661  	-6.642100 
-46.000000	-0.992536 	0.675469  	-6.642100 
-45.000000	-1.020730 	0.650207  	-6.642100 
-44.000000	-1.048924 	0.624946  	-6.642100 
-43.000000	-1.077118 	0.599685  	-6.642100 
-42.000000	-1.105545 	0.574456  	-6.642100 
-41.000000	-1.137001 	0.549643  	-6.642100 
-40.000000	-1.168457 	0.524829  	-6.642100 
-39.000000	-1.199913 	0.500016  	-6.642100 
-38.000000	-1.231369 	0.475203  	-6.642100 
-37.000000	-1.266574 	0.451109  	-6.642100 
-36.000000	-1.303279 	0.427303  	-6.642100 
-35.000000	-1.339984 	0.403497  	-6.642100 
-34.000000	-1.376689 	0.379691  	-6.642100 
-33.000000	-1.416424 	0.356437  	-6.642100 
-32.000000	-1.461616 	0.334175  	-6.642100 
-31.000000	-1.506807 	0.311913  	-6.642100 
-30.000000	-1.551999 	0.289652  	-6.642100 
-29.000000	-1.597190 	0.267390  	-6.642100 
-28.000000	-1.548769 	0.255387  	-6.642100 
-27.000000	-1.500349 	0.243385  	-6.642100 
-26.000000	-1.451928 	0.231382  	-6.642100 
-25.000000	-1.403508 	0.219379  	-6.642100 
-24.000000	-1.355087 	0.207377  	-6.642100 
-23.000000	-1.306667 	0.195374  	-6.642100 
-22.000000	-1.258246 	0.183372  	-6.642100 
-21.000000	-1.209826 	0.171369  	-6.642100 
-20.000000	-1.161405 	0.159366  	-6.642100 
-19.000000	-1.112985 	0.147364  	-6.642100 
-18.000000	-1.064564 	0.135361  	-6.642100 
-17.000000	-1.016144 	0.123358  	-6.642100 
-16.000000	-0.967723 	0.111356  	-6.642100 
-15.000000	-0.919303 	0.099353  	-6.642100 
-14.000000	-0.870882 	0.087351  	-6.642100 
-13.000000	-0.822462 	0.075348  	-6.642100 
-12.000000	-0.774041 	0.063345  	-5.488258 
-11.000000	-0.725621 	0.051343  	-3.872879 
-10.000000	-0.677200 	0.039340  	-2.257500 
-9.000000 	-0.535400 	0.039260  	-2.113600 
-8.000000 	-0.394100 	0.039410  	-1.971400 
-7.000000 	-0.249000 	0.039540  	-1.831600 
-6.000000 	-0.104900 	0.039680  	-1.697100 
-5.000000 	0.037200  	0.039930  	-1.566100 
-4.000000 	0.180500  	0.040230  	-1.437100 
-3.000000 	0.322500  	0.040520  	-1.314100 
-2.000000 	0.463600  	0.040890  	-1.371900 
-1.000000 	0.604500  	0.041250  	-1.497200 
0.000000  	0.744000  	0.041680  	-1.622700 
1.000000  	0.882100  	0.042150  	-1.752200 
2.000000  	1.018900  	0.042680  	-1.883900 
3.000000  	1.153400  	0.043280  	-2.020900 
4.000000  	1.287500  	0.043800  	-2.163300 
5.000000  	1.418900  	0.044480  	-2.310400 
6.000000  	1.548600  	0.045200  	-2.465900 
7.000000  	1.675600  	0.045990  	-2.628900 
8.000000  	1.799500  	0.046930  	-2.801300 
9.000000  	1.921100  	0.048010  	-2.983100 
10.000000 	2.036000  	0.049370  	-3.179100 
11.000000 	2.146300  	0.051010  	-3.389700 
12.000000 	2.242300  	0.053480  	-3.601800 
13.000000 	2.285400  	0.059350  	-3.772500 
14.000000 	2.305200  	0.067830  	-3.930100 
15.000000 	2.322500  	0.077740  	-4.096300 
16.000000 	2.332200  	0.089210  	-4.257600 
17.000000 	2.333600  	0.102670  	-4.415600 
18.000000 	2.318900  	0.118410  	-4.548300 
19.000000 	2.304500  	0.134330  	-4.682500 
20.000000 	2.283600  	0.151120  	-4.802400 
21.000000 	2.268800  	0.167070  	-4.973100 
22.000000 	2.258100  	0.182400  	-5.154200 
23.000000 	2.252100  	0.196770  	-5.341500 
24.000000 	2.249400  	0.210600  	-5.536900 
25.000000 	2.253000  	0.223100  	-5.757400 
26.000000 	2.258900  	0.234840  	-5.971900 
27.000000 	2.266700  	0.246080  	-6.190500 
28.000000 	2.274300  	0.256930  	-6.420400 
29.000000 	2.281700  	0.267390  	-6.642100 
30.000000 	2.217141  	0.289652  	-6.642100 
31.000000 	2.152582  	0.311913  	-6.642100 
32.000000 	2.088023  	0.334175  	-6.642100 
33.000000 	2.023463  	0.356437  	-6.642100 
34.000000 	1.966698  	0.379691  	-6.642100 
35.000000 	1.914263  	0.403497  	-6.642100 
36.000000 	1.861827  	0.427303  	-6.642100 
37.000000 	1.809392  	0.451109  	-6.642100 
38.000000 	1.759099  	0.475203  	-6.642100 
39.000000 	1.714162  	0.500016  	-6.642100 
40.000000 	1.669225  	0.524829  	-6.642100 
41.000000 	1.624288  	0.549643  	-6.642100 
42.000000 	1.579350  	0.574456  	-6.642100 
43.000000 	1.538740  	0.599685  	-6.642100 
44.000000 	1.498463  	0.624946  	-6.642100 
45.000000 	1.458186  	0.650207  	-6.642100 
46.000000 	1.417909  	0.675469  	-6.642100 
47.000000 	1.379277  	0.700661  	-6.642100 
48.000000 	1.341879  	0.725802  	-6.642100 
49.000000 	1.304480  	0.750942  	-6.642100 
50.000000 	1.267082  	0.776083  	-6.642100 
51.000000 	1.230063  	0.801077  	-6.642100 
52.000000 	1.194434  	0.825533  	-6.642100 
53.000000 	1.158806  	0.849989  	-6.642100 
54.000000 	1.123177  	0.874445  	-6.642100 
55.000000 	1.087548  	0.898901  	-6.642100 
56.000000 	1.052876  	0.922300  	-6.642100 
57.000000 	1.018362  	0.945524  	-6.642100 
58.000000 	0.983849  	0.968747  	-6.642100 
59.000000 	0.949336  	0.991970  	-6.642100 
60.000000 	0.915214  	1.014318  	-6.642100 
61.000000 	0.881485  	1.035791  	-6.642100 
62.000000 	0.847756  	1.057263  	-6.642100 
63.000000 	0.814028  	1.078736  	-6.642100 
64.000000 	0.780398  	1.099890  	-6.642100 
65.000000 	0.747363  	1.119135  	-6.642100 
66.000000 	0.714328  	1.138380  	-6.642100 
67.000000 	0.681293  	1.157625  	-6.642100 
68.000000 	0.648257  	1.176869  	-6.642100 
69.000000 	0.615840  	1.194030  	-6.642100 
70.000000 	0.583592  	1.210622  	-6.642100 
71.000000 	0.551343  	1.227214  	-6.642100 
72.000000 	0.519095  	1.243807  	-6.642100 
73.000000 	0.487284  	1.259106  	-6.642100 
74.000000 	0.456057  	1.272683  	-6.642100 
75.000000 	0.424830  	1.286259  	-6.642100 
76.000000 	0.393603  	1.299836  	-6.642100 
77.000000 	0.362474  	1.313176  	-6.642100 
78.000000 	0.332615  	1.323444  	-6.642100 
79.000000 	0.302756  	1.333712  	-6.642100 
80.000000 	0.272897  	1.343980  	-6.642100 
81.000000 	0.243037  	1.354248  	-6.642100 
82.000000 	0.214464  	1.361998  	-6.642100 
83.000000 	0.186405  	1.368741  	-6.642100 
84.000000 	0.158345  	1.375485  	-6.642100 
85.000000 	0.130286  	1.382228  	-6.642100 
86.000000 	0.103047  	1.387664  	-6.642100 
87.000000 	0.077286  	1.390748  	-6.642100 
88.000000 	0.051524  	1.393832  	-6.642100 
89.000000 	0.025762  	1.396916  	-6.642100 
90.000000 	0.000000  	1.400000  	-6.642100 
91.000000 	-0.018033 	1.396916  	-6.642100 
92.000000 	-0.036067 	1.393832  	-6.642100 
93.000000 	-0.054100 	1.390748  	-6.642100 
94.000000 	-0.072133 	1.387664  	-6.642100 
95.000000 	-0.091200 	1.382228  	-6.642100 
96.000000 	-0.110842 	1.375485  	-6.642100 
97.000000 	-0.130483 	1.368741  	-6.642100 
98.000000 	-0.150125 	1.361998  	-6.642100 
99.000000 	-0.170126 	1.354248  	-6.642100 
100.000000	-0.191028 	1.343980  	-6.642100 
101.000000	-0.211929 	1.333712  	-6.642100 
102.000000	-0.232830 	1.323444  	-6.642100 
103.000000	-0.253732 	1.313176  	-6.642100 
104.000000	-0.275522 	1.299836  	-6.642100 
105.000000	-0.297381 	1.286259  	-6.642100 
106.000000	-0.319240 	1.272683  	-6.642100 
107.000000	-0.341099 	1.259106  	-6.642100 
108.000000	-0.363366 	1.243807  	-6.642100 
109.000000	-0.385940 	1.227214  	-6.642100 
110.000000	-0.408514 	1.210622  	-6.642100 
111.000000	-0.431088 	1.194030  	-6.642100 
112.000000	-0.453780 	1.176869  	-6.642100 
113.000000	-0.476905 	1.157625  	-6.642100 
114.000000	-0.500029 	1.138380  	-6.642100 
115.000000	-0.523154 	1.119135  	-6.642100 
116.000000	-0.546278 	1.099890  	-6.642100 
117.000000	-0.569819 	1.078736  	-6.642100 
118.000000	-0.593430 	1.057263  	-6.642100 
119.000000	-0.617040 	1.035791  	-6.642100 
120.000000	-0.640650 	1.014318  	-6.642100 
121.000000	-0.664535 	0.991970  	-6.642100 
122.000000	-0.688694 	0.968747  	-6.642100 
123.000000	-0.712854 	0.945524  	-6.642100 
124.000000	-0.737013 	0.922300  	-6.642100 
125.000000	-0.761284 	0.898901  	-6.642100 
126.000000	-0.786224 	0.874445  	-6.642100 
127.000000	-0.811164 	0.849989  	-6.642100 
128.000000	-0.836104 	0.825533  	-6.642100 
129.000000	-0.861044 	0.801077  	-6.642100 
130.000000	-0.886957 	0.776083  	-6.642100 
131.000000	-0.913136 	0.750942  	-6.642100 
132.000000	-0.939315 	0.725802  	-6.642100 
133.000000	-0.965494 	0.700661  	-6.642100 
134.000000	-0.992536 	0.675469  	-6.642100 
135.000000	-1.020730 	0.650207  	-6.642100 
136.000000	-1.048924 	0.624946  	-6.642100 
137.000000	-1.077118 	0.599685  	-6.642100 
138.000000	-1.105545 	0.574456  	-6.642100 
139.000000	-1.137001 	0.549643  	-6.642100 
140.000000	-1.168457 	0.524829  	-6.642100 
141.000000	-1.199913 	0.500016  	-6.642100 
142.000000	-1.231369 	0.475203  	-6.642100 
143.000000	-1.266574 	0.451109  	-6.642100 
144.000000	-1.303279 	0.427303  	-6.642100 
145.000000	-1.339984 	0.403497  	-6.642100 
146.000000	-1.376689 	0.379691  	-6.642100 
147.000000	-1.416424 	0.356437  	-6.642100 
148.000000	-1.461616 	0.334175  	-6.642100 
149.000000	-1.506807 	0.311913  	-6.642100 
150.000000	-1.551999 	0.289652  	-6.642100 
151.000000	-1.597190 	0.267390  	-6.642100 
152.000000	-1.542114 	0.246577  	-6.642100 
153.000000	-1.487039 	0.225764  	-6.642100 
154.000000	-1.431963 	0.205956  	-6.642100 
155.000000	-1.376888 	0.186224  	-6.642100 
156.000000	-1.321812 	0.167506  	-6.642100 
157.000000	-1.266737 	0.148957  	-6.642100 
158.000000	-1.211661 	0.131411  	-6.642100 
159.000000	-1.156586 	0.114139  	-6.642100 
160.000000	-1.101510 	0.097843  	-6.642100 
161.000000	-1.046435 	0.081936  	-6.642100 
162.000000	-0.991359 	0.066961  	-6.642100 
163.000000	-0.936284 	0.052502  	-6.642100 
164.000000	-0.881208 	0.038912  	-6.642100 
165.000000	-0.826133 	0.025974  	-6.642100 
166.000000	-0.771057 	0.015039  	-6.642100 
167.000000	-0.715982 	0.006105  	-6.642100 
168.000000	-0.660906 	0.001000  	-6.642100 
169.000000	-0.605831 	0.001000  	-6.642100 
170.000000	-0.550755 	0.001000  	-6.642100 
171.000000	-0.495680 	0.001000  	-6.642100 
172.000000	-0.440604 	0.001000  	-6.642100 
173.000000	-0.385529 	0.001000  	-6.642100 
174.000000	-0.330453 	0.001000  	-6.642100 
175.000000	-0.275378 	0.001000  	-6.642100 
176.000000	-0.220302 	0.001000  	-6.642100 
177.000000	-0.165227 	0.001000  	-6.642100 
178.000000	-0.110151 	0.001000  	-6.642100 
179.000000	-0.055076 	0.001000  	-6.642100 
180.000000	0.000000  	0.001000  	-6.642100 
! ------------------------------------------------------------------------------
! data for table	5         
! ------------------------------------------------------------------------------
  0.600000  	Re           ! Reynolds number in millions
  0.000000  	UserProp     ! User property (control) setting
Flase           InclUAdata   ! Is unsteady aerodynamics data included in this table? If TRUE, then include UA coefficients below this line. Any missing coefficients will be calculated internally.
! Table of aerodynamics coefficients
  361       	NumAlf       ! Number of data lines in the following table
!Alpha      Cl          Cd          Cm/Cp
!(deg)      (-)         (-)         (-)
-180.000000	0.000000  	0.001000  	-6.657000 
-179.000000	0.055129  	0.001000  	-6.657000 
-178.000000	0.110257  	0.001000  	-6.657000 
-177.000000	0.165386  	0.001000  	-6.657000 
-176.000000	0.220514  	0.001000  	-6.657000 
-175.000000	0.275643  	0.001000  	-6.657000 
-174.000000	0.330772  	0.001000  	-6.657000 
-173.000000	0.385900  	0.001000  	-6.657000 
-172.000000	0.441029  	0.001000  	-6.657000 
-171.000000	0.496158  	0.001000  	-6.657000 
-170.000000	0.551286  	0.001000  	-6.657000 
-169.000000	0.606415  	0.001000  	-6.657000 
-168.000000	0.661543  	0.001000  	-6.657000 
-167.000000	0.716672  	0.006288  	-6.657000 
-166.000000	0.771801  	0.015542  	-6.657000 
-165.000000	0.826929  	0.026637  	-6.657000 
-164.000000	0.882058  	0.039571  	-6.657000 
-163.000000	0.937187  	0.053158  	-6.657000 
-162.000000	0.992315  	0.067613  	-6.657000 
-161.000000	1.047444  	0.082585  	-6.657000 
-160.000000	1.102572  	0.098487  	-6.657000 
-159.000000	1.157701  	0.114780  	-6.657000 
-158.000000	1.212830  	0.132047  	-6.657000 
-157.000000	1.267958  	0.149588  	-6.657000 
-156.000000	1.323087  	0.168133  	-6.657000 
-155.000000	1.378216  	0.186846  	-6.657000 
-154.000000	1.433344  	0.206572  	-6.657000 
-153.000000	1.488473  	0.226376  	-6.657000 
-152.000000	1.543601  	0.247183  	-6.657000 
-151.000000	1.598730  	0.267990  	-6.657000 
-150.000000	1.553469  	0.290245  	-6.657000 
-149.000000	1.508209  	0.312501  	-6.657000 
-148.000000	1.462948  	0.334756  	-6.657000 
-147.000000	1.417688  	0.357012  	-6.657000 
-146.000000	1.377892  	0.380260  	-6.657000 
-145.000000	1.341132  	0.404059  	-6.657000 
-144.000000	1.304372  	0.427858  	-6.657000 
-143.000000	1.267612  	0.451657  	-6.657000 
-142.000000	1.232355  	0.475743  	-6.657000 
-141.000000	1.200854  	0.500549  	-6.657000 
-140.000000	1.169353  	0.525355  	-6.657000 
-139.000000	1.137852  	0.550160  	-6.657000 
-138.000000	1.106351  	0.574966  	-6.657000 
-137.000000	1.077886  	0.600187  	-6.657000 
-136.000000	1.049655  	0.625439  	-6.657000 
-135.000000	1.021424  	0.650692  	-6.657000 
-134.000000	0.993192  	0.675945  	-6.657000 
-133.000000	0.966116  	0.701129  	-6.657000 
-132.000000	0.939906  	0.726260  	-6.657000 
-131.000000	0.913696  	0.751392  	-6.657000 
-130.000000	0.887485  	0.776524  	-6.657000 
-129.000000	0.861542  	0.801509  	-6.657000 
-128.000000	0.836575  	0.825955  	-6.657000 
-127.000000	0.811609  	0.850402  	-6.657000 
-126.000000	0.786643  	0.874848  	-6.657000 
-125.000000	0.761676  	0.899294  	-6.657000 
-124.000000	0.737382  	0.922684  	-6.657000 
-123.000000	0.713201  	0.945897  	-6.657000 
-122.000000	0.689019  	0.969110  	-6.657000 
-121.000000	0.664838  	0.992323  	-6.657000 
-120.000000	0.640933  	1.014661  	-6.657000 
-119.000000	0.617304  	1.036123  	-6.657000 
-118.000000	0.593675  	1.057585  	-6.657000 
-117.000000	0.570046  	1.079047  	-6.657000 
-116.000000	0.546487  	1.100191  	-6.657000 
-115.000000	0.523348  	1.119425  	-6.657000 
-114.000000	0.500208  	1.138659  	-6.657000 
-113.000000	0.477068  	1.157893  	-6.657000 
-112.000000	0.453928  	1.177126  	-6.657000 
-111.000000	0.431223  	1.194276  	-6.657000 
-110.000000	0.408637  	1.210857  	-6.657000 
-109.000000	0.386051  	1.227438  	-6.657000 
-108.000000	0.363465  	1.244018  	-6.657000 
-107.000000	0.341187  	1.259307  	-6.657000 
-106.000000	0.319319  	1.272872  	-6.657000 
-105.000000	0.297450  	1.286437  	-6.657000 
-104.000000	0.275582  	1.300002  	-6.657000 
-103.000000	0.253783  	1.313330  	-6.657000 
-102.000000	0.232875  	1.323587  	-6.657000 
-101.000000	0.211967  	1.333843  	-6.657000 
-100.000000	0.191059  	1.344099  	-6.657000 
-99.000000	0.170151  	1.354355  	-6.657000 
-98.000000	0.150145  	1.362094  	-6.657000 
-97.000000	0.130499  	1.368825  	-6.657000 
-96.000000	0.110854  	1.375556  	-6.657000 
-95.000000	0.091208  	1.382288  	-6.657000 
-94.000000	0.072138  	1.387712  	-6.657000 
-93.000000	0.054104  	1.390784  	-6.657000 
-92.000000	0.036069  	1.393856  	-6.657000 
-91.000000	0.018035  	1.396928  	-6.657000 
-90.000000	0.000000  	1.400000  	-6.657000 
-89.000000	-0.018035 	1.396928  	-6.657000 
-88.000000	-0.036069 	1.393856  	-6.657000 
-87.000000	-0.054104 	1.390784  	-6.657000 
-86.000000	-0.072138 	1.387712  	-6.657000 
-85.000000	-0.091208 	1.382288  	-6.657000 
-84.000000	-0.110854 	1.375556  	-6.657000 
-83.000000	-0.130499 	1.368825  	-6.657000 
-82.000000	-0.150145 	1.362094  	-6.657000 
-81.000000	-0.170151 	1.354355  	-6.657000 
-80.000000	-0.191059 	1.344099  	-6.657000 
-79.000000	-0.211967 	1.333843  	-6.657000 
-78.000000	-0.232875 	1.323587  	-6.657000 
-77.000000	-0.253783 	1.313330  	-6.657000 
-76.000000	-0.275582 	1.300002  	-6.657000 
-75.000000	-0.297450 	1.286437  	-6.657000 
-74.000000	-0.319319 	1.272872  	-6.657000 
-73.000000	-0.341187 	1.259307  	-6.657000 
-72.000000	-0.363465 	1.244018  	-6.657000 
-71.000000	-0.386051 	1.227438  	-6.657000 
-70.000000	-0.408637 	1.210857  	-6.657000 
-69.000000	-0.431223 	1.194276  	-6.657000 
-68.000000	-0.453928 	1.177126  	-6.657000 
-67.000000	-0.477068 	1.157893  	-6.657000 
-66.000000	-0.500208 	1.138659  	-6.657000 
-65.000000	-0.523348 	1.119425  	-6.657000 
-64.000000	-0.546487 	1.100191  	-6.657000 
-63.000000	-0.570046 	1.079047  	-6.657000 
-62.000000	-0.593675 	1.057585  	-6.657000 
-61.000000	-0.617304 	1.036123  	-6.657000 
-60.000000	-0.640933 	1.014661  	-6.657000 
-59.000000	-0.664838 	0.992323  	-6.657000 
-58.000000	-0.689019 	0.969110  	-6.657000 
-57.000000	-0.713201 	0.945897  	-6.657000 
-56.000000	-0.737382 	0.922684  	-6.657000 
-55.000000	-0.761676 	0.899294  	-6.657000 
-54.000000	-0.786643 	0.874848  	-6.657000 
-53.000000	-0.811609 	0.850402  	-6.657000 
-52.000000	-0.836575 	0.825955  	-6.657000 
-51.000000	-0.861542 	0.801509  	-6.657000 
-50.000000	-0.887485 	0.776524  	-6.657000 
-49.000000	-0.913696 	0.751392  	-6.657000 
-48.000000	-0.939906 	0.726260  	-6.657000 
-47.000000	-0.966116 	0.701129  	-6.657000 
-46.000000	-0.993192 	0.675945  	-6.657000 
-45.000000	-1.021424 	0.650692  	-6.657000 
-44.000000	-1.049655 	0.625439  	-6.657000 
-43.000000	-1.077886 	0.600187  	-6.657000 
-42.000000	-1.106351 	0.574966  	-6.657000 
-41.000000	-1.137852 	0.550160  	-6.657000 
-40.000000	-1.169353 	0.525355  	-6.657000 
-39.000000	-1.200854 	0.500549  	-6.657000 
-38.000000	-1.232355 	0.475743  	-6.657000 
-37.000000	-1.267612 	0.451657  	-6.657000 
-36.000000	-1.304372 	0.427858  	-6.657000 
-35.000000	-1.341132 	0.404059  	-6.657000 
-34.000000	-1.377892 	0.380260  	-6.657000 
-33.000000	-1.417688 	0.357012  	-6.657000 
-32.000000	-1.462948 	0.334756  	-6.657000 
-31.000000	-1.508209 	0.312501  	-6.657000 
-30.000000	-1.553469 	0.290245  	-6.657000 
-29.000000	-1.598730 	0.267990  	-6.657000 
-28.000000	-1.550244 	0.255915  	-6.657000 
-27.000000	-1.501758 	0.243841  	-6.657000 
-26.000000	-1.453273 	0.231766  	-6.657000 
-25.000000	-1.404787 	0.219691  	-6.657000 
-24.000000	-1.356301 	0.207616  	-6.657000 
-23.000000	-1.307815 	0.195542  	-6.657000 
-22.000000	-1.259329 	0.183467  	-6.657000 
-21.000000	-1.210844 	0.171392  	-6.657000 
-20.000000	-1.162358 	0.159317  	-6.657000 
-19.000000	-1.113872 	0.147243  	-6.657000 
-18.000000	-1.065386 	0.135168  	-6.657000 
-17.000000	-1.016901 	0.123093  	-6.657000 
-16.000000	-0.968415 	0.111018  	-6.657000 
-15.000000	-0.919929 	0.098944  	-6.657000 
-14.000000	-0.871443 	0.086869  	-6.657000 
-13.000000	-0.822957 	0.074794  	-6.657000 
-12.000000	-0.774472 	0.062719  	-5.502026 
-11.000000	-0.725986 	0.050645  	-3.885063 
-10.000000	-0.677500 	0.038570  	-2.268100 
-9.000000 	-0.532900 	0.038730  	-2.119300 
-8.000000 	-0.388300 	0.038860  	-1.977900 
-7.000000 	-0.245400 	0.039070  	-1.837500 
-6.000000 	-0.101200 	0.039340  	-1.701300 
-5.000000 	0.042800  	0.039600  	-1.570100 
-4.000000 	0.185200  	0.039900  	-1.440200 
-3.000000 	0.327700  	0.040230  	-1.316300 
-2.000000 	0.469300  	0.040570  	-1.377100 
-1.000000 	0.609800  	0.040950  	-1.502600 
0.000000  	0.749400  	0.041380  	-1.628700 
1.000000  	0.887600  	0.041840  	-1.758500 
2.000000  	1.024700  	0.042310  	-1.891100 
3.000000  	1.160500  	0.042800  	-2.029100 
4.000000  	1.293900  	0.043400  	-2.170800 
5.000000  	1.426400  	0.043940  	-2.319700 
6.000000  	1.556000  	0.044610  	-2.474800 
7.000000  	1.684100  	0.045320  	-2.639500 
8.000000  	1.809200  	0.046190  	-2.812700 
9.000000  	1.930700  	0.047160  	-2.995500 
10.000000 	2.048200  	0.048360  	-3.194000 
11.000000 	2.158000  	0.050000  	-3.405300 
12.000000 	2.259500  	0.052090  	-3.624000 
13.000000 	2.303700  	0.057980  	-3.796900 
14.000000 	2.322400  	0.066690  	-3.955100 
15.000000 	2.344900  	0.076210  	-4.130100 
16.000000 	2.354600  	0.087820  	-4.293800 
17.000000 	2.351000  	0.101730  	-4.445700 
18.000000 	2.342700  	0.116730  	-4.591200 
19.000000 	2.316500  	0.134010  	-4.706300 
20.000000 	2.300200  	0.150090  	-4.836700 
21.000000 	2.279100  	0.166840  	-4.998600 
22.000000 	2.266600  	0.182290  	-5.177000 
23.000000 	2.257500  	0.197180  	-5.357100 
24.000000 	2.252700  	0.211130  	-5.549100 
25.000000 	2.259600  	0.223120  	-5.780100 
26.000000 	2.264600  	0.235090  	-5.992600 
27.000000 	2.270400  	0.246510  	-6.206700 
28.000000 	2.277200  	0.257420  	-6.436000 
29.000000 	2.283900  	0.267990  	-6.657000 
30.000000 	2.219242  	0.290245  	-6.657000 
31.000000 	2.154584  	0.312501  	-6.657000 
32.000000 	2.089926  	0.334756  	-6.657000 
33.000000 	2.025268  	0.357012  	-6.657000 
34.000000 	1.968417  	0.380260  	-6.657000 
35.000000 	1.915903  	0.404059  	-6.657000 
36.000000 	1.863389  	0.427858  	-6.657000 
37.000000 	1.810875  	0.451657  	-6.657000 
38.000000 	1.760507  	0.475743  	-6.657000 
39.000000 	1.715506  	0.500549  	-6.657000 
40.000000 	1.670504  	0.525355  	-6.657000 
41.000000 	1.625503  	0.550160  	-6.657000 
42.000000 	1.580502  	0.574966  	-6.657000 
43.000000 	1.539837  	0.600187  	-6.657000 
44.000000 	1.499507  	0.625439  	-6.657000 
45.000000 	1.459177  	0.650692  	-6.657000 
46.000000 	1.418846  	0.675945  	-6.657000 
47.000000 	1.380166  	0.701129  	-6.657000 
48.000000 	1.342722  	0.726260  	-6.657000 
49.000000 	1.305279  	0.751392  	-6.657000 
50.000000 	1.267836  	0.776524  	-6.657000 
51.000000 	1.230774  	0.801509  	-6.657000 
52.000000 	1.195108  	0.825955  	-6.657000 
53.000000 	1.159441  	0.850402  	-6.657000 
54.000000 	1.123775  	0.874848  	-6.657000 
55.000000 	1.088109  	0.899294  	-6.657000 
56.000000 	1.053404  	0.922684  	-6.657000 
57.000000 	1.018858  	0.945897  	-6.657000 
58.000000 	0.984313  	0.969110  	-6.657000 
59.000000 	0.949768  	0.992323  	-6.657000 
60.000000 	0.915618  	1.014661  	-6.657000 
61.000000 	0.881863  	1.036123  	-6.657000 
62.000000 	0.848107  	1.057585  	-6.657000 
63.000000 	0.814352  	1.079047  	-6.657000 
64.000000 	0.780696  	1.100191  	-6.657000 
65.000000 	0.747639  	1.119425  	-6.657000 
66.000000 	0.714583  	1.138659  	-6.657000 
67.000000 	0.681526  	1.157893  	-6.657000 
68.000000 	0.648469  	1.177126  	-6.657000 
69.000000 	0.616034  	1.194276  	-6.657000 
70.000000 	0.583768  	1.210857  	-6.657000 
71.000000 	0.551502  	1.227438  	-6.657000 
72.000000 	0.519236  	1.244018  	-6.657000 
73.000000 	0.487409  	1.259307  	-6.657000 
74.000000 	0.456169  	1.272872  	-6.657000 
75.000000 	0.424929  	1.286437  	-6.657000 
76.000000 	0.393689  	1.300002  	-6.657000 
77.000000 	0.362547  	1.313330  	-6.657000 
78.000000 	0.332678  	1.323587  	-6.657000 
79.000000 	0.302810  	1.333843  	-6.657000 
80.000000 	0.272941  	1.344099  	-6.657000 
81.000000 	0.243072  	1.354355  	-6.657000 
82.000000 	0.214492  	1.362094  	-6.657000 
83.000000 	0.186427  	1.368825  	-6.657000 
84.000000 	0.158363  	1.375556  	-6.657000 
85.000000 	0.130298  	1.382288  	-6.657000 
86.000000 	0.103055  	1.387712  	-6.657000 
87.000000 	0.077291  	1.390784  	-6.657000 
88.000000 	0.051527  	1.393856  	-6.657000 
89.000000 	0.025764  	1.396928  	-6.657000 
90.000000 	0.000000  	1.400000  	-6.657000 
91.000000 	-0.018035 	1.396928  	-6.657000 
92.000000 	-0.036069 	1.393856  	-6.657000 
93.000000 	-0.054104 	1.390784  	-6.657000 
94.000000 	-0.072138 	1.387712  	-6.657000 
95.000000 	-0.091208 	1.382288  	-6.657000 
96.000000 	-0.110854 	1.375556  	-6.657000 
97.000000 	-0.130499 	1.368825  	-6.657000 
98.000000 	-0.150145 	1.362094  	-6.657000 
99.000000 	-0.170151 	1.354355  	-6.657000 
100.000000	-0.191059 	1.344099  	-6.657000 
101.000000	-0.211967 	1.333843  	-6.657000 
102.000000	-0.232875 	1.323587  	-6.657000 
103.000000	-0.253783 	1.313330  	-6.657000 
104.000000	-0.275582 	1.300002  	-6.657000 
105.000000	-0.297450 	1.286437  	-6.657000 
106.000000	-0.319319 	1.272872  	-6.657000 
107.000000	-0.341187 	1.259307  	-6.657000 
108.000000	-0.363465 	1.244018  	-6.657000 
109.000000	-0.386051 	1.227438  	-6.657000 
110.000000	-0.408637 	1.210857  	-6.657000 
111.000000	-0.431223 	1.194276  	-6.657000 
112.000000	-0.453928 	1.177126  	-6.657000 
113.000000	-0.477068 	1.157893  	-6.657000 
114.000000	-0.500208 	1.138659  	-6.657000 
115.000000	-0.523348 	1.119425  	-6.657000 
116.000000	-0.546487 	1.100191  	-6.657000 
117.000000	-0.570046 	1.079047  	-6.657000 
118.000000	-0.593675 	1.057585  	-6.657000 
119.000000	-0.617304 	1.036123  	-6.657000 
120.000000	-0.640933 	1.014661  	-6.657000 
121.000000	-0.664838 	0.992323  	-6.657000 
122.000000	-0.689019 	0.969110  	-6.657000 
123.000000	-0.713201 	0.945897  	-6.657000 
124.000000	-0.737382 	0.922684  	-6.657000 
125.000000	-0.761676 	0.899294  	-6.657000 
126.000000	-0.786643 	0.874848  	-6.657000 
127.000000	-0.811609 	0.850402  	-6.657000 
128.000000	-0.836575 	0.825955  	-6.657000 
129.000000	-0.861542 	0.801509  	-6.657000 
130.000000	-0.887485 	0.776524  	-6.657000 
131.000000	-0.913696 	0.751392  	-6.657000 
132.000000	-0.939906 	0.726260  	-6.657000 
133.000000	-0.966116 	0.701129  	-6.657000 
134.000000	-0.993192 	0.675945  	-6.657000 
135.000000	-1.021424 	0.650692  	-6.657000 
136.000000	-1.049655 	0.625439  	-6.657000 
137.000000	-1.077886 	0.600187  	-6.657000 
138.000000	-1.106351 	0.574966  	-6.657000 
139.000000	-1.137852 	0.550160  	-6.657000 
140.000000	-1.169353 	0.525355  	-6.657000 
141.000000	-1.200854 	0.500549  	-6.657000 
142.000000	-1.232355 	0.475743  	-6.657000 
143.000000	-1.267612 	0.451657  	-6.657000 
144.000000	-1.304372 	0.427858  	-6.657000 
145.000000	-1.341132 	0.404059  	-6.657000 
146.000000	-1.377892 	0.380260  	-6.657000 
147.000000	-1.417688 	0.357012  	-6.657000 
148.000000	-1.462948 	0.334756  	-6.657000 
149.000000	-1.508209 	0.312501  	-6.657000 
150.000000	-1.553469 	0.290245  	-6.657000 
151.000000	-1.598730 	0.267990  	-6.657000 
152.000000	-1.543601 	0.247183  	-6.657000 
153.000000	-1.488473 	0.226376  	-6.657000 
154.000000	-1.433344 	0.206572  	-6.657000 
155.000000	-1.378216 	0.186846  	-6.657000 
156.000000	-1.323087 	0.168133  	-6.657000 
157.000000	-1.267958 	0.149588  	-6.657000 
158.000000	-1.212830 	0.132047  	-6.657000 
159.000000	-1.157701 	0.114780  	-6.657000 
160.000000	-1.102572 	0.098487  	-6.657000 
161.000000	-1.047444 	0.082585  	-6.657000 
162.000000	-0.992315 	0.067613  	-6.657000 
163.000000	-0.937187 	0.053158  	-6.657000 
164.000000	-0.882058 	0.039571  	-6.657000 
165.000000	-0.826929 	0.026637  	-6.657000 
166.000000	-0.771801 	0.015542  	-6.657000 
167.000000	-0.716672 	0.006288  	-6.657000 
168.000000	-0.661543 	0.001000  	-6.657000 
169.000000	-0.606415 	0.001000  	-6.657000 
170.000000	-0.551286 	0.001000  	-6.657000 
171.000000	-0.496158 	0.001000  	-6.657000 
172.000000	-0.441029 	0.001000  	-6.657000 
173.000000	-0.385900 	0.001000  	-6.657000 
174.000000	-0.330772 	0.001000  	-6.657000 
175.000000	-0.275643 	0.001000  	-6.657000 
176.000000	-0.220514 	0.001000  	-6.657000 
177.000000	-0.165386 	0.001000  	-6.657000 
178.000000	-0.110257 	0.001000  	-6.657000 
179.000000	-0.055129 	0.001000  	-6.657000 
180.000000	0.000000  	0.001000  	-6.657000 
! ------------------------------------------------------------------------------
! data for table	6         
! ------------------------------------------------------------------------------
  0.700000  	Re           ! Reynolds number in millions
  0.000000  	UserProp     ! User property (control) setting
Flase           InclUAdata   ! Is unsteady aerodynamics data included in this table? If TRUE, then include UA coefficients below this line. Any missing coefficients will be calculated internally.
! Table of aerodynamics coefficients
  361       	NumAlf       ! Number of data lines in the following table
!Alpha      Cl          Cd          Cm/Cp
!(deg)      (-)         (-)         (-)
-180.000000	0.000000  	0.001000  	-6.684300 
-179.000000	0.055281  	0.001000  	-6.684300 
-178.000000	0.110561  	0.001000  	-6.684300 
-177.000000	0.165842  	0.001000  	-6.684300 
-176.000000	0.221123  	0.001000  	-6.684300 
-175.000000	0.276403  	0.001000  	-6.684300 
-174.000000	0.331684  	0.001000  	-6.684300 
-173.000000	0.386965  	0.001000  	-6.684300 
-172.000000	0.442246  	0.001000  	-6.684300 
-171.000000	0.497526  	0.001000  	-6.684300 
-170.000000	0.552807  	0.001000  	-6.684300 
-169.000000	0.608088  	0.001000  	-6.684300 
-168.000000	0.663368  	0.001000  	-6.684300 
-167.000000	0.718649  	0.006178  	-6.684300 
-166.000000	0.773930  	0.015240  	-6.684300 
-165.000000	0.829210  	0.026239  	-6.684300 
-164.000000	0.884491  	0.039176  	-6.684300 
-163.000000	0.939772  	0.052764  	-6.684300 
-162.000000	0.995052  	0.067222  	-6.684300 
-161.000000	1.050333  	0.082196  	-6.684300 
-160.000000	1.105614  	0.098101  	-6.684300 
-159.000000	1.160894  	0.114395  	-6.684300 
-158.000000	1.216175  	0.131666  	-6.684300 
-157.000000	1.271456  	0.149209  	-6.684300 
-156.000000	1.326737  	0.167757  	-6.684300 
-155.000000	1.382017  	0.186473  	-6.684300 
-154.000000	1.437298  	0.206202  	-6.684300 
-153.000000	1.492579  	0.226009  	-6.684300 
-152.000000	1.547859  	0.246819  	-6.684300 
-151.000000	1.603140  	0.267630  	-6.684300 
-150.000000	1.557681  	0.289889  	-6.684300 
-149.000000	1.512222  	0.312148  	-6.684300 
-148.000000	1.466763  	0.334407  	-6.684300 
-147.000000	1.421305  	0.356667  	-6.684300 
-146.000000	1.381337  	0.379918  	-6.684300 
-145.000000	1.344419  	0.403722  	-6.684300 
-144.000000	1.307502  	0.427525  	-6.684300 
-143.000000	1.270584  	0.451328  	-6.684300 
-142.000000	1.235177  	0.475419  	-6.684300 
-141.000000	1.203548  	0.500229  	-6.684300 
-140.000000	1.171918  	0.525039  	-6.684300 
-139.000000	1.140288  	0.549850  	-6.684300 
-138.000000	1.108659  	0.574660  	-6.684300 
-137.000000	1.080085  	0.599886  	-6.684300 
-136.000000	1.051747  	0.625143  	-6.684300 
-135.000000	1.023409  	0.650401  	-6.684300 
-134.000000	0.995071  	0.675659  	-6.684300 
-133.000000	0.967897  	0.700848  	-6.684300 
-132.000000	0.941597  	0.725985  	-6.684300 
-131.000000	0.915298  	0.751122  	-6.684300 
-130.000000	0.888998  	0.776260  	-6.684300 
-129.000000	0.862968  	0.801250  	-6.684300 
-128.000000	0.837926  	0.825702  	-6.684300 
-127.000000	0.812884  	0.850154  	-6.684300 
-126.000000	0.787842  	0.874606  	-6.684300 
-125.000000	0.762800  	0.899058  	-6.684300 
-124.000000	0.738441  	0.922454  	-6.684300 
-123.000000	0.714195  	0.945673  	-6.684300 
-122.000000	0.689950  	0.968892  	-6.684300 
-121.000000	0.665705  	0.992112  	-6.684300 
-120.000000	0.641742  	1.014455  	-6.684300 
-119.000000	0.618060  	1.035924  	-6.684300 
-118.000000	0.594378  	1.057392  	-6.684300 
-117.000000	0.570696  	1.078860  	-6.684300 
-116.000000	0.547086  	1.100011  	-6.684300 
-115.000000	0.523902  	1.119251  	-6.684300 
-114.000000	0.500719  	1.138491  	-6.684300 
-113.000000	0.477536  	1.157732  	-6.684300 
-112.000000	0.454352  	1.176972  	-6.684300 
-111.000000	0.431611  	1.194128  	-6.684300 
-110.000000	0.408990  	1.210716  	-6.684300 
-109.000000	0.386369  	1.227304  	-6.684300 
-108.000000	0.363748  	1.243891  	-6.684300 
-107.000000	0.341438  	1.259187  	-6.684300 
-106.000000	0.319543  	1.272758  	-6.684300 
-105.000000	0.297648  	1.286330  	-6.684300 
-104.000000	0.275754  	1.299902  	-6.684300 
-103.000000	0.253928  	1.313238  	-6.684300 
-102.000000	0.233001  	1.323501  	-6.684300 
-101.000000	0.212075  	1.333764  	-6.684300 
-100.000000	0.191148  	1.344027  	-6.684300 
-99.000000	0.170221  	1.354291  	-6.684300 
-98.000000	0.150202  	1.362036  	-6.684300 
-97.000000	0.130545  	1.368775  	-6.684300 
-96.000000	0.110888  	1.375513  	-6.684300 
-95.000000	0.091232  	1.382252  	-6.684300 
-94.000000	0.072153  	1.387683  	-6.684300 
-93.000000	0.054115  	1.390762  	-6.684300 
-92.000000	0.036077  	1.393842  	-6.684300 
-91.000000	0.018038  	1.396921  	-6.684300 
-90.000000	0.000000  	1.400000  	-6.684300 
-89.000000	-0.018038 	1.396921  	-6.684300 
-88.000000	-0.036077 	1.393842  	-6.684300 
-87.000000	-0.054115 	1.390762  	-6.684300 
-86.000000	-0.072153 	1.387683  	-6.684300 
-85.000000	-0.091232 	1.382252  	-6.684300 
-84.000000	-0.110888 	1.375513  	-6.684300 
-83.000000	-0.130545 	1.368775  	-6.684300 
-82.000000	-0.150202 	1.362036  	-6.684300 
-81.000000	-0.170221 	1.354291  	-6.684300 
-80.000000	-0.191148 	1.344027  	-6.684300 
-79.000000	-0.212075 	1.333764  	-6.684300 
-78.000000	-0.233001 	1.323501  	-6.684300 
-77.000000	-0.253928 	1.313238  	-6.684300 
-76.000000	-0.275754 	1.299902  	-6.684300 
-75.000000	-0.297648 	1.286330  	-6.684300 
-74.000000	-0.319543 	1.272758  	-6.684300 
-73.000000	-0.341438 	1.259187  	-6.684300 
-72.000000	-0.363748 	1.243891  	-6.684300 
-71.000000	-0.386369 	1.227304  	-6.684300 
-70.000000	-0.408990 	1.210716  	-6.684300 
-69.000000	-0.431611 	1.194128  	-6.684300 
-68.000000	-0.454352 	1.176972  	-6.684300 
-67.000000	-0.477536 	1.157732  	-6.684300 
-66.000000	-0.500719 	1.138491  	-6.684300 
-65.000000	-0.523902 	1.119251  	-6.684300 
-64.000000	-0.547086 	1.100011  	-6.684300 
-63.000000	-0.570696 	1.078860  	-6.684300 
-62.000000	-0.594378 	1.057392  	-6.684300 
-61.000000	-0.618060 	1.035924  	-6.684300 
-60.000000	-0.641742 	1.014455  	-6.684300 
-59.000000	-0.665705 	0.992112  	-6.684300 
-58.000000	-0.689950 	0.968892  	-6.684300 
-57.000000	-0.714195 	0.945673  	-6.684300 
-56.000000	-0.738441 	0.922454  	-6.684300 
-55.000000	-0.762800 	0.899058  	-6.684300 
-54.000000	-0.787842 	0.874606  	-6.684300 
-53.000000	-0.812884 	0.850154  	-6.684300 
-52.000000	-0.837926 	0.825702  	-6.684300 
-51.000000	-0.862968 	0.801250  	-6.684300 
-50.000000	-0.888998 	0.776260  	-6.684300 
-49.000000	-0.915298 	0.751122  	-6.684300 
-48.000000	-0.941597 	0.725985  	-6.684300 
-47.000000	-0.967897 	0.700848  	-6.684300 
-46.000000	-0.995071 	0.675659  	-6.684300 
-45.000000	-1.023409 	0.650401  	-6.684300 
-44.000000	-1.051747 	0.625143  	-6.684300 
-43.000000	-1.080085 	0.599886  	-6.684300 
-42.000000	-1.108659 	0.574660  	-6.684300 
-41.000000	-1.140288 	0.549850  	-6.684300 
-40.000000	-1.171918 	0.525039  	-6.684300 
-39.000000	-1.203548 	0.500229  	-6.684300 
-38.000000	-1.235177 	0.475419  	-6.684300 
-37.000000	-1.270584 	0.451328  	-6.684300 
-36.000000	-1.307502 	0.427525  	-6.684300 
-35.000000	-1.344419 	0.403722  	-6.684300 
-34.000000	-1.381337 	0.379918  	-6.684300 
-33.000000	-1.421305 	0.356667  	-6.684300 
-32.000000	-1.466763 	0.334407  	-6.684300 
-31.000000	-1.512222 	0.312148  	-6.684300 
-30.000000	-1.557681 	0.289889  	-6.684300 
-29.000000	-1.603140 	0.267630  	-6.684300 
-28.000000	-1.545176 	0.256723  	-6.684300 
-27.000000	-1.487212 	0.245817  	-6.684300 
-26.000000	-1.429249 	0.234910  	-6.684300 
-25.000000	-1.371285 	0.224003  	-6.684300 
-24.000000	-1.313321 	0.213097  	-6.684300 
-23.000000	-1.255357 	0.202190  	-6.684300 
-22.000000	-1.197393 	0.191283  	-6.684300 
-21.000000	-1.139430 	0.180377  	-6.684300 
-20.000000	-1.081466 	0.169470  	-6.684300 
-19.000000	-1.023502 	0.158563  	-6.684300 
-18.000000	-0.965538 	0.147657  	-6.684300 
-17.000000	-0.907574 	0.136750  	-6.684300 
-16.000000	-0.849610 	0.125843  	-6.684300 
-15.000000	-0.791647 	0.114937  	-6.684300 
-14.000000	-0.733683 	0.104030  	-6.684300 
-13.000000	-0.675719 	0.093123  	-6.684300 
-12.000000	-0.617755 	0.082217  	-6.684300 
-11.000000	-0.559791 	0.071310  	-6.684300 
-10.000000	-0.501828 	0.060403  	-5.116600 
-9.000000 	-0.443864 	0.049497  	-3.548900 
-8.000000 	-0.385900 	0.038590  	-1.981200 
-7.000000 	-0.241500 	0.038820  	-1.840600 
-6.000000 	-0.097800 	0.039100  	-1.705100 
-5.000000 	0.045800  	0.039410  	-1.572100 
-4.000000 	0.188900  	0.039720  	-1.442200 
-3.000000 	0.331400  	0.040050  	-1.318300 
-2.000000 	0.472800  	0.040420  	-1.380400 
-1.000000 	0.613700  	0.040810  	-1.506400 
0.000000  	0.753400  	0.041190  	-1.632900 
1.000000  	0.892000  	0.041620  	-1.763100 
2.000000  	1.029100  	0.042080  	-1.896100 
3.000000  	1.164800  	0.042550  	-2.034500 
4.000000  	1.299500  	0.042990  	-2.177500 
5.000000  	1.431100  	0.043610  	-2.325300 
6.000000  	1.562800  	0.044100  	-2.482900 
7.000000  	1.690200  	0.044870  	-2.646500 
8.000000  	1.817200  	0.045520  	-2.822400 
9.000000  	1.938500  	0.046550  	-3.004400 
10.000000 	2.059100  	0.047490  	-3.207200 
11.000000 	2.170700  	0.048990  	-3.420600 
12.000000 	2.274300  	0.050970  	-3.642500 
13.000000 	2.343100  	0.055140  	-3.845800 
14.000000 	2.352300  	0.064320  	-3.995100 
15.000000 	2.369900  	0.074170  	-4.166600 
16.000000 	2.381200  	0.085520  	-4.335400 
17.000000 	2.379000  	0.099220  	-4.492400 
18.000000 	2.354000  	0.116090  	-4.612200 
19.000000 	2.340100  	0.131780  	-4.751400 
20.000000 	2.310800  	0.149490  	-4.858900 
21.000000 	2.293300  	0.165630  	-5.032900 
22.000000 	2.276400  	0.181690  	-5.202400 
23.000000 	2.263200  	0.197080  	-5.373400 
24.000000 	2.263800  	0.210210  	-5.582100 
25.000000 	2.264900  	0.223030  	-5.798200 
26.000000 	2.269750  	0.234785  	-6.010800 
27.000000 	2.274600  	0.246540  	-6.223400 
28.000000 	2.282800  	0.257210  	-6.459900 
29.000000 	2.290200  	0.267630  	-6.684300 
30.000000 	2.225259  	0.289889  	-6.684300 
31.000000 	2.160318  	0.312148  	-6.684300 
32.000000 	2.095376  	0.334407  	-6.684300 
33.000000 	2.030435  	0.356667  	-6.684300 
34.000000 	1.973338  	0.379918  	-6.684300 
35.000000 	1.920599  	0.403722  	-6.684300 
36.000000 	1.867859  	0.427525  	-6.684300 
37.000000 	1.815120  	0.451328  	-6.684300 
38.000000 	1.764539  	0.475419  	-6.684300 
39.000000 	1.719354  	0.500229  	-6.684300 
40.000000 	1.674169  	0.525039  	-6.684300 
41.000000 	1.628983  	0.549850  	-6.684300 
42.000000 	1.583798  	0.574660  	-6.684300 
43.000000 	1.542979  	0.599886  	-6.684300 
44.000000 	1.502496  	0.625143  	-6.684300 
45.000000 	1.462013  	0.650401  	-6.684300 
46.000000 	1.421530  	0.675659  	-6.684300 
47.000000 	1.382710  	0.700848  	-6.684300 
48.000000 	1.345139  	0.725985  	-6.684300 
49.000000 	1.307568  	0.751122  	-6.684300 
50.000000 	1.269997  	0.776260  	-6.684300 
51.000000 	1.232811  	0.801250  	-6.684300 
52.000000 	1.197036  	0.825702  	-6.684300 
53.000000 	1.161262  	0.850154  	-6.684300 
54.000000 	1.125488  	0.874606  	-6.684300 
55.000000 	1.089714  	0.899058  	-6.684300 
56.000000 	1.054915  	0.922454  	-6.684300 
57.000000 	1.020279  	0.945673  	-6.684300 
58.000000 	0.985643  	0.968892  	-6.684300 
59.000000 	0.951007  	0.992112  	-6.684300 
60.000000 	0.916774  	1.014455  	-6.684300 
61.000000 	0.882943  	1.035924  	-6.684300 
62.000000 	0.849111  	1.057392  	-6.684300 
63.000000 	0.815280  	1.078860  	-6.684300 
64.000000 	0.781551  	1.100011  	-6.684300 
65.000000 	0.748432  	1.119251  	-6.684300 
66.000000 	0.715313  	1.138491  	-6.684300 
67.000000 	0.682194  	1.157732  	-6.684300 
68.000000 	0.649075  	1.176972  	-6.684300 
69.000000 	0.616587  	1.194128  	-6.684300 
70.000000 	0.584271  	1.210716  	-6.684300 
71.000000 	0.551955  	1.227304  	-6.684300 
72.000000 	0.519640  	1.243891  	-6.684300 
73.000000 	0.487769  	1.259187  	-6.684300 
74.000000 	0.456490  	1.272758  	-6.684300 
75.000000 	0.425212  	1.286330  	-6.684300 
76.000000 	0.393934  	1.299902  	-6.684300 
77.000000 	0.362754  	1.313238  	-6.684300 
78.000000 	0.332859  	1.323501  	-6.684300 
79.000000 	0.302964  	1.333764  	-6.684300 
80.000000 	0.273068  	1.344027  	-6.684300 
81.000000 	0.243173  	1.354291  	-6.684300 
82.000000 	0.214574  	1.362036  	-6.684300 
83.000000 	0.186493  	1.368775  	-6.684300 
84.000000 	0.158412  	1.375513  	-6.684300 
85.000000 	0.130331  	1.382252  	-6.684300 
86.000000 	0.103076  	1.387683  	-6.684300 
87.000000 	0.077307  	1.390762  	-6.684300 
88.000000 	0.051538  	1.393842  	-6.684300 
89.000000 	0.025769  	1.396921  	-6.684300 
90.000000 	0.000000  	1.400000  	-6.684300 
91.000000 	-0.018038 	1.396921  	-6.684300 
92.000000 	-0.036077 	1.393842  	-6.684300 
93.000000 	-0.054115 	1.390762  	-6.684300 
94.000000 	-0.072153 	1.387683  	-6.684300 
95.000000 	-0.091232 	1.382252  	-6.684300 
96.000000 	-0.110888 	1.375513  	-6.684300 
97.000000 	-0.130545 	1.368775  	-6.684300 
98.000000 	-0.150202 	1.362036  	-6.684300 
99.000000 	-0.170221 	1.354291  	-6.684300 
100.000000	-0.191148 	1.344027  	-6.684300 
101.000000	-0.212075 	1.333764  	-6.684300 
102.000000	-0.233001 	1.323501  	-6.684300 
103.000000	-0.253928 	1.313238  	-6.684300 
104.000000	-0.275754 	1.299902  	-6.684300 
105.000000	-0.297648 	1.286330  	-6.684300 
106.000000	-0.319543 	1.272758  	-6.684300 
107.000000	-0.341438 	1.259187  	-6.684300 
108.000000	-0.363748 	1.243891  	-6.684300 
109.000000	-0.386369 	1.227304  	-6.684300 
110.000000	-0.408990 	1.210716  	-6.684300 
111.000000	-0.431611 	1.194128  	-6.684300 
112.000000	-0.454352 	1.176972  	-6.684300 
113.000000	-0.477536 	1.157732  	-6.684300 
114.000000	-0.500719 	1.138491  	-6.684300 
115.000000	-0.523902 	1.119251  	-6.684300 
116.000000	-0.547086 	1.100011  	-6.684300 
117.000000	-0.570696 	1.078860  	-6.684300 
118.000000	-0.594378 	1.057392  	-6.684300 
119.000000	-0.618060 	1.035924  	-6.684300 
120.000000	-0.641742 	1.014455  	-6.684300 
121.000000	-0.665705 	0.992112  	-6.684300 
122.000000	-0.689950 	0.968892  	-6.684300 
123.000000	-0.714195 	0.945673  	-6.684300 
124.000000	-0.738441 	0.922454  	-6.684300 
125.000000	-0.762800 	0.899058  	-6.684300 
126.000000	-0.787842 	0.874606  	-6.684300 
127.000000	-0.812884 	0.850154  	-6.684300 
128.000000	-0.837926 	0.825702  	-6.684300 
129.000000	-0.862968 	0.801250  	-6.684300 
130.000000	-0.888998 	0.776260  	-6.684300 
131.000000	-0.915298 	0.751122  	-6.684300 
132.000000	-0.941597 	0.725985  	-6.684300 
133.000000	-0.967897 	0.700848  	-6.684300 
134.000000	-0.995071 	0.675659  	-6.684300 
135.000000	-1.023409 	0.650401  	-6.684300 
136.000000	-1.051747 	0.625143  	-6.684300 
137.000000	-1.080085 	0.599886  	-6.684300 
138.000000	-1.108659 	0.574660  	-6.684300 
139.000000	-1.140288 	0.549850  	-6.684300 
140.000000	-1.171918 	0.525039  	-6.684300 
141.000000	-1.203548 	0.500229  	-6.684300 
142.000000	-1.235177 	0.475419  	-6.684300 
143.000000	-1.270584 	0.451328  	-6.684300 
144.000000	-1.307502 	0.427525  	-6.684300 
145.000000	-1.344419 	0.403722  	-6.684300 
146.000000	-1.381337 	0.379918  	-6.684300 
147.000000	-1.421305 	0.356667  	-6.684300 
148.000000	-1.466763 	0.334407  	-6.684300 
149.000000	-1.512222 	0.312148  	-6.684300 
150.000000	-1.557681 	0.289889  	-6.684300 
151.000000	-1.603140 	0.267630  	-6.684300 
152.000000	-1.547859 	0.246819  	-6.684300 
153.000000	-1.492579 	0.226009  	-6.684300 
154.000000	-1.437298 	0.206202  	-6.684300 
155.000000	-1.382017 	0.186473  	-6.684300 
156.000000	-1.326737 	0.167757  	-6.684300 
157.000000	-1.271456 	0.149209  	-6.684300 
158.000000	-1.216175 	0.131666  	-6.684300 
159.000000	-1.160894 	0.114395  	-6.684300 
160.000000	-1.105614 	0.098101  	-6.684300 
161.000000	-1.050333 	0.082196  	-6.684300 
162.000000	-0.995052 	0.067222  	-6.684300 
163.000000	-0.939772 	0.052764  	-6.684300 
164.000000	-0.884491 	0.039176  	-6.684300 
165.000000	-0.829210 	0.026239  	-6.684300 
166.000000	-0.773930 	0.015240  	-6.684300 
167.000000	-0.718649 	0.006178  	-6.684300 
168.000000	-0.663368 	0.001000  	-6.684300 
169.000000	-0.608088 	0.001000  	-6.684300 
170.000000	-0.552807 	0.001000  	-6.684300 
171.000000	-0.497526 	0.001000  	-6.684300 
172.000000	-0.442246 	0.001000  	-6.684300 
173.000000	-0.386965 	0.001000  	-6.684300 
174.000000	-0.331684 	0.001000  	-6.684300 
175.000000	-0.276403 	0.001000  	-6.684300 
176.000000	-0.221123 	0.001000  	-6.684300 
177.000000	-0.165842 	0.001000  	-6.684300 
178.000000	-0.110561 	0.001000  	-6.684300 
179.000000	-0.055281 	0.001000  	-6.684300 
180.000000	0.000000  	0.001000  	-6.684300 
! ------------------------------------------------------------------------------
! data for table	7         
! ------------------------------------------------------------------------------
  0.800000  	Re           ! Reynolds number in millions
  0.000000  	UserProp     ! User property (control) setting
Flase           InclUAdata   ! Is unsteady aerodynamics data included in this table? If TRUE, then include UA coefficients below this line. Any missing coefficients will be calculated internally.
! Table of aerodynamics coefficients
  361       	NumAlf       ! Number of data lines in the following table
!Alpha      Cl          Cd          Cm/Cp
!(deg)      (-)         (-)         (-)
-180.000000	0.000000  	0.001000  	-6.713300 
-179.000000	0.055447  	0.001000  	-6.713300 
-178.000000	0.110894  	0.001000  	-6.713300 
-177.000000	0.166342  	0.001000  	-6.713300 
-176.000000	0.221789  	0.001000  	-6.713300 
-175.000000	0.277236  	0.001000  	-6.713300 
-174.000000	0.332683  	0.001000  	-6.713300 
-173.000000	0.388131  	0.001000  	-6.713300 
-172.000000	0.443578  	0.001000  	-6.713300 
-171.000000	0.499025  	0.001000  	-6.713300 
-170.000000	0.554472  	0.001000  	-6.713300 
-169.000000	0.609920  	0.001000  	-6.713300 
-168.000000	0.665367  	0.001000  	-6.713300 
-167.000000	0.720814  	0.005980  	-6.713300 
-166.000000	0.776261  	0.014694  	-6.713300 
-165.000000	0.831709  	0.025521  	-6.713300 
-164.000000	0.887156  	0.038461  	-6.713300 
-163.000000	0.942603  	0.052053  	-6.713300 
-162.000000	0.998050  	0.066515  	-6.713300 
-161.000000	1.053498  	0.081493  	-6.713300 
-160.000000	1.108945  	0.097402  	-6.713300 
-159.000000	1.164392  	0.113702  	-6.713300 
-158.000000	1.219839  	0.130977  	-6.713300 
-157.000000	1.275287  	0.148525  	-6.713300 
-156.000000	1.330734  	0.167078  	-6.713300 
-155.000000	1.386181  	0.185799  	-6.713300 
-154.000000	1.441628  	0.205534  	-6.713300 
-153.000000	1.497076  	0.225347  	-6.713300 
-152.000000	1.552523  	0.246163  	-6.713300 
-151.000000	1.607970  	0.266980  	-6.713300 
-150.000000	1.562294  	0.289246  	-6.713300 
-149.000000	1.516618  	0.311512  	-6.713300 
-148.000000	1.470942  	0.333778  	-6.713300 
-147.000000	1.425266  	0.356043  	-6.713300 
-146.000000	1.385109  	0.379303  	-6.713300 
-145.000000	1.348019  	0.403113  	-6.713300 
-144.000000	1.310929  	0.426924  	-6.713300 
-143.000000	1.273839  	0.450735  	-6.713300 
-142.000000	1.238269  	0.474834  	-6.713300 
-141.000000	1.206498  	0.499652  	-6.713300 
-140.000000	1.174727  	0.524471  	-6.713300 
-139.000000	1.142957  	0.549289  	-6.713300 
-138.000000	1.111186  	0.574108  	-6.713300 
-137.000000	1.082494  	0.599342  	-6.713300 
-136.000000	1.054039  	0.624609  	-6.713300 
-135.000000	1.025583  	0.649876  	-6.713300 
-134.000000	0.997128  	0.675143  	-6.713300 
-133.000000	0.969848  	0.700341  	-6.713300 
-132.000000	0.943450  	0.725488  	-6.713300 
-131.000000	0.917052  	0.750635  	-6.713300 
-130.000000	0.890654  	0.775782  	-6.713300 
-129.000000	0.864529  	0.800782  	-6.713300 
-128.000000	0.839404  	0.825245  	-6.713300 
-127.000000	0.814279  	0.849707  	-6.713300 
-126.000000	0.789155  	0.874169  	-6.713300 
-125.000000	0.764030  	0.898632  	-6.713300 
-124.000000	0.739599  	0.922038  	-6.713300 
-123.000000	0.715285  	0.945268  	-6.713300 
-122.000000	0.690970  	0.968499  	-6.713300 
-121.000000	0.666655  	0.991729  	-6.713300 
-120.000000	0.642628  	1.014084  	-6.713300 
-119.000000	0.618888  	1.035564  	-6.713300 
-118.000000	0.595148  	1.057043  	-6.713300 
-117.000000	0.571408  	1.078523  	-6.713300 
-116.000000	0.547741  	1.099685  	-6.713300 
-115.000000	0.524510  	1.118937  	-6.713300 
-114.000000	0.501279  	1.138189  	-6.713300 
-113.000000	0.478048  	1.157442  	-6.713300 
-112.000000	0.454816  	1.176694  	-6.713300 
-111.000000	0.432035  	1.193862  	-6.713300 
-110.000000	0.409376  	1.210462  	-6.713300 
-109.000000	0.386717  	1.227062  	-6.713300 
-108.000000	0.364057  	1.243662  	-6.713300 
-107.000000	0.341713  	1.258969  	-6.713300 
-106.000000	0.319789  	1.272554  	-6.713300 
-105.000000	0.297865  	1.286138  	-6.713300 
-104.000000	0.275942  	1.299722  	-6.713300 
-103.000000	0.254087  	1.313071  	-6.713300 
-102.000000	0.233140  	1.323347  	-6.713300 
-101.000000	0.212193  	1.333623  	-6.713300 
-100.000000	0.191245  	1.343898  	-6.713300 
-99.000000	0.170298  	1.354174  	-6.713300 
-98.000000	0.150264  	1.361933  	-6.713300 
-97.000000	0.130595  	1.368684  	-6.713300 
-96.000000	0.110926  	1.375436  	-6.713300 
-95.000000	0.091257  	1.382187  	-6.713300 
-94.000000	0.072170  	1.387631  	-6.713300 
-93.000000	0.054127  	1.390724  	-6.713300 
-92.000000	0.036085  	1.393816  	-6.713300 
-91.000000	0.018042  	1.396908  	-6.713300 
-90.000000	0.000000  	1.400000  	-6.713300 
-89.000000	-0.018042 	1.396908  	-6.713300 
-88.000000	-0.036085 	1.393816  	-6.713300 
-87.000000	-0.054127 	1.390724  	-6.713300 
-86.000000	-0.072170 	1.387631  	-6.713300 
-85.000000	-0.091257 	1.382187  	-6.713300 
-84.000000	-0.110926 	1.375436  	-6.713300 
-83.000000	-0.130595 	1.368684  	-6.713300 
-82.000000	-0.150264 	1.361933  	-6.713300 
-81.000000	-0.170298 	1.354174  	-6.713300 
-80.000000	-0.191245 	1.343898  	-6.713300 
-79.000000	-0.212193 	1.333623  	-6.713300 
-78.000000	-0.233140 	1.323347  	-6.713300 
-77.000000	-0.254087 	1.313071  	-6.713300 
-76.000000	-0.275942 	1.299722  	-6.713300 
-75.000000	-0.297865 	1.286138  	-6.713300 
-74.000000	-0.319789 	1.272554  	-6.713300 
-73.000000	-0.341713 	1.258969  	-6.713300 
-72.000000	-0.364057 	1.243662  	-6.713300 
-71.000000	-0.386717 	1.227062  	-6.713300 
-70.000000	-0.409376 	1.210462  	-6.713300 
-69.000000	-0.432035 	1.193862  	-6.713300 
-68.000000	-0.454816 	1.176694  	-6.713300 
-67.000000	-0.478048 	1.157442  	-6.713300 
-66.000000	-0.501279 	1.138189  	-6.713300 
-65.000000	-0.524510 	1.118937  	-6.713300 
-64.000000	-0.547741 	1.099685  	-6.713300 
-63.000000	-0.571408 	1.078523  	-6.713300 
-62.000000	-0.595148 	1.057043  	-6.713300 
-61.000000	-0.618888 	1.035564  	-6.713300 
-60.000000	-0.642628 	1.014084  	-6.713300 
-59.000000	-0.666655 	0.991729  	-6.713300 
-58.000000	-0.690970 	0.968499  	-6.713300 
-57.000000	-0.715285 	0.945268  	-6.713300 
-56.000000	-0.739599 	0.922038  	-6.713300 
-55.000000	-0.764030 	0.898632  	-6.713300 
-54.000000	-0.789155 	0.874169  	-6.713300 
-53.000000	-0.814279 	0.849707  	-6.713300 
-52.000000	-0.839404 	0.825245  	-6.713300 
-51.000000	-0.864529 	0.800782  	-6.713300 
-50.000000	-0.890654 	0.775782  	-6.713300 
-49.000000	-0.917052 	0.750635  	-6.713300 
-48.000000	-0.943450 	0.725488  	-6.713300 
-47.000000	-0.969848 	0.700341  	-6.713300 
-46.000000	-0.997128 	0.675143  	-6.713300 
-45.000000	-1.025583 	0.649876  	-6.713300 
-44.000000	-1.054039 	0.624609  	-6.713300 
-43.000000	-1.082494 	0.599342  	-6.713300 
-42.000000	-1.111186 	0.574108  	-6.713300 
-41.000000	-1.142957 	0.549289  	-6.713300 
-40.000000	-1.174727 	0.524471  	-6.713300 
-39.000000	-1.206498 	0.499652  	-6.713300 
-38.000000	-1.238269 	0.474834  	-6.713300 
-37.000000	-1.273839 	0.450735  	-6.713300 
-36.000000	-1.310929 	0.426924  	-6.713300 
-35.000000	-1.348019 	0.403113  	-6.713300 
-34.000000	-1.385109 	0.379303  	-6.713300 
-33.000000	-1.425266 	0.356043  	-6.713300 
-32.000000	-1.470942 	0.333778  	-6.713300 
-31.000000	-1.516618 	0.311512  	-6.713300 
-30.000000	-1.562294 	0.289246  	-6.713300 
-29.000000	-1.607970 	0.266980  	-6.713300 
-28.000000	-1.558714 	0.254925  	-6.713300 
-27.000000	-1.509457 	0.242869  	-6.713300 
-26.000000	-1.460201 	0.230814  	-6.713300 
-25.000000	-1.410945 	0.218759  	-6.713300 
-24.000000	-1.361688 	0.206704  	-6.713300 
-23.000000	-1.312432 	0.194648  	-6.713300 
-22.000000	-1.263176 	0.182593  	-6.713300 
-21.000000	-1.213919 	0.170538  	-6.713300 
-20.000000	-1.164663 	0.158483  	-6.713300 
-19.000000	-1.115407 	0.146427  	-6.713300 
-18.000000	-1.066151 	0.134372  	-6.713300 
-17.000000	-1.016894 	0.122317  	-6.713300 
-16.000000	-0.967638 	0.110262  	-6.713300 
-15.000000	-0.918382 	0.098206  	-6.713300 
-14.000000	-0.869125 	0.086151  	-6.713300 
-13.000000	-0.819869 	0.074096  	-6.713300 
-12.000000	-0.770613 	0.062041  	-5.545616 
-11.000000	-0.721356 	0.049985  	-3.910858 
-10.000000	-0.672100 	0.037930  	-2.276100 
-9.000000 	-0.529400 	0.038110  	-2.129000 
-8.000000 	-0.384100 	0.038390  	-1.984700 
-7.000000 	-0.239200 	0.038690  	-1.842100 
-6.000000 	-0.095100 	0.038980  	-1.707700 
-5.000000 	0.048700  	0.039300  	-1.573800 
-4.000000 	0.191700  	0.039620  	-1.443200 
-3.000000 	0.334600  	0.039970  	-1.319700 
-2.000000 	0.476200  	0.040310  	-1.383400 
-1.000000 	0.617300  	0.040670  	-1.509800 
0.000000  	0.756900  	0.041050  	-1.636500 
1.000000  	0.895700  	0.041460  	-1.767000 
2.000000  	1.033100  	0.041870  	-1.900600 
3.000000  	1.168700  	0.042310  	-2.038900 
4.000000  	1.303300  	0.042760  	-2.182100 
5.000000  	1.436600  	0.043210  	-2.331400 
6.000000  	1.566900  	0.043820  	-2.487800 
7.000000  	1.696600  	0.044340  	-2.653800 
8.000000  	1.822500  	0.045110  	-2.828700 
9.000000  	1.947300  	0.045840  	-3.014400 
10.000000 	2.065900  	0.046930  	-3.215300 
11.000000 	2.183100  	0.048000  	-3.435300 
12.000000 	2.286800  	0.049990  	-3.657500 
13.000000 	2.374400  	0.052960  	-3.884300 
14.000000 	2.382700  	0.061780  	-4.035900 
15.000000 	2.401400  	0.071360  	-4.211600 
16.000000 	2.406400  	0.083220  	-4.374700 
17.000000 	2.390700  	0.098410  	-4.512200 
18.000000 	2.379600  	0.113470  	-4.657500 
19.000000 	2.351800  	0.130800  	-4.774100 
20.000000 	2.328000  	0.147780  	-4.895900 
21.000000 	2.305000  	0.164600  	-5.061200 
22.000000 	2.284700  	0.181090  	-5.223600 
23.000000 	2.272400  	0.196290  	-5.398400 
24.000000 	2.268000  	0.210130  	-5.595400 
25.000000 	2.271800  	0.222490  	-5.820300 
26.000000 	2.277400  	0.234270  	-6.036900 
27.000000 	2.283950  	0.245360  	-6.263600 
28.000000 	2.290500  	0.256450  	-6.490300 
29.000000 	2.297100  	0.266980  	-6.713300 
30.000000 	2.231849  	0.289246  	-6.713300 
31.000000 	2.166597  	0.311512  	-6.713300 
32.000000 	2.101346  	0.333778  	-6.713300 
33.000000 	2.036094  	0.356043  	-6.713300 
34.000000 	1.978728  	0.379303  	-6.713300 
35.000000 	1.925742  	0.403113  	-6.713300 
36.000000 	1.872756  	0.426924  	-6.713300 
37.000000 	1.819770  	0.450735  	-6.713300 
38.000000 	1.768955  	0.474834  	-6.713300 
39.000000 	1.723569  	0.499652  	-6.713300 
40.000000 	1.678182  	0.524471  	-6.713300 
41.000000 	1.632795  	0.549289  	-6.713300 
42.000000 	1.587409  	0.574108  	-6.713300 
43.000000 	1.546420  	0.599342  	-6.713300 
44.000000 	1.505770  	0.624609  	-6.713300 
45.000000 	1.465119  	0.649876  	-6.713300 
46.000000 	1.424469  	0.675143  	-6.713300 
47.000000 	1.385498  	0.700341  	-6.713300 
48.000000 	1.347786  	0.725488  	-6.713300 
49.000000 	1.310075  	0.750635  	-6.713300 
50.000000 	1.272363  	0.775782  	-6.713300 
51.000000 	1.235041  	0.800782  	-6.713300 
52.000000 	1.199149  	0.825245  	-6.713300 
53.000000 	1.163256  	0.849707  	-6.713300 
54.000000 	1.127364  	0.874169  	-6.713300 
55.000000 	1.091471  	0.898632  	-6.713300 
56.000000 	1.056571  	0.922038  	-6.713300 
57.000000 	1.021835  	0.945268  	-6.713300 
58.000000 	0.987100  	0.968499  	-6.713300 
59.000000 	0.952364  	0.991729  	-6.713300 
60.000000 	0.918040  	1.014084  	-6.713300 
61.000000 	0.884125  	1.035564  	-6.713300 
62.000000 	0.850211  	1.057043  	-6.713300 
63.000000 	0.816297  	1.078523  	-6.713300 
64.000000 	0.782487  	1.099685  	-6.713300 
65.000000 	0.749300  	1.118937  	-6.713300 
66.000000 	0.716112  	1.138189  	-6.713300 
67.000000 	0.682925  	1.157442  	-6.713300 
68.000000 	0.649738  	1.176694  	-6.713300 
69.000000 	0.617193  	1.193862  	-6.713300 
70.000000 	0.584822  	1.210462  	-6.713300 
71.000000 	0.552452  	1.227062  	-6.713300 
72.000000 	0.520082  	1.243662  	-6.713300 
73.000000 	0.488162  	1.258969  	-6.713300 
74.000000 	0.456842  	1.272554  	-6.713300 
75.000000 	0.425522  	1.286138  	-6.713300 
76.000000 	0.394202  	1.299722  	-6.713300 
77.000000 	0.362982  	1.313071  	-6.713300 
78.000000 	0.333057  	1.323347  	-6.713300 
79.000000 	0.303132  	1.333623  	-6.713300 
80.000000 	0.273208  	1.343898  	-6.713300 
81.000000 	0.243283  	1.354174  	-6.713300 
82.000000 	0.214663  	1.361933  	-6.713300 
83.000000 	0.186564  	1.368684  	-6.713300 
84.000000 	0.158466  	1.375436  	-6.713300 
85.000000 	0.130368  	1.382187  	-6.713300 
86.000000 	0.103099  	1.387631  	-6.713300 
87.000000 	0.077324  	1.390724  	-6.713300 
88.000000 	0.051550  	1.393816  	-6.713300 
89.000000 	0.025775  	1.396908  	-6.713300 
90.000000 	0.000000  	1.400000  	-6.713300 
91.000000 	-0.018042 	1.396908  	-6.713300 
92.000000 	-0.036085 	1.393816  	-6.713300 
93.000000 	-0.054127 	1.390724  	-6.713300 
94.000000 	-0.072170 	1.387631  	-6.713300 
95.000000 	-0.091257 	1.382187  	-6.713300 
96.000000 	-0.110926 	1.375436  	-6.713300 
97.000000 	-0.130595 	1.368684  	-6.713300 
98.000000 	-0.150264 	1.361933  	-6.713300 
99.000000 	-0.170298 	1.354174  	-6.713300 
100.000000	-0.191245 	1.343898  	-6.713300 
101.000000	-0.212193 	1.333623  	-6.713300 
102.000000	-0.233140 	1.323347  	-6.713300 
103.000000	-0.254087 	1.313071  	-6.713300 
104.000000	-0.275942 	1.299722  	-6.713300 
105.000000	-0.297865 	1.286138  	-6.713300 
106.000000	-0.319789 	1.272554  	-6.713300 
107.000000	-0.341713 	1.258969  	-6.713300 
108.000000	-0.364057 	1.243662  	-6.713300 
109.000000	-0.386717 	1.227062  	-6.713300 
110.000000	-0.409376 	1.210462  	-6.713300 
111.000000	-0.432035 	1.193862  	-6.713300 
112.000000	-0.454816 	1.176694  	-6.713300 
113.000000	-0.478048 	1.157442  	-6.713300 
114.000000	-0.501279 	1.138189  	-6.713300 
115.000000	-0.524510 	1.118937  	-6.713300 
116.000000	-0.547741 	1.099685  	-6.713300 
117.000000	-0.571408 	1.078523  	-6.713300 
118.000000	-0.595148 	1.057043  	-6.713300 
119.000000	-0.618888 	1.035564  	-6.713300 
120.000000	-0.642628 	1.014084  	-6.713300 
121.000000	-0.666655 	0.991729  	-6.713300 
122.000000	-0.690970 	0.968499  	-6.713300 
123.000000	-0.715285 	0.945268  	-6.713300 
124.000000	-0.739599 	0.922038  	-6.713300 
125.000000	-0.764030 	0.898632  	-6.713300 
126.000000	-0.789155 	0.874169  	-6.713300 
127.000000	-0.814279 	0.849707  	-6.713300 
128.000000	-0.839404 	0.825245  	-6.713300 
129.000000	-0.864529 	0.800782  	-6.713300 
130.000000	-0.890654 	0.775782  	-6.713300 
131.000000	-0.917052 	0.750635  	-6.713300 
132.000000	-0.943450 	0.725488  	-6.713300 
133.000000	-0.969848 	0.700341  	-6.713300 
134.000000	-0.997128 	0.675143  	-6.713300 
135.000000	-1.025583 	0.649876  	-6.713300 
136.000000	-1.054039 	0.624609  	-6.713300 
137.000000	-1.082494 	0.599342  	-6.713300 
138.000000	-1.111186 	0.574108  	-6.713300 
139.000000	-1.142957 	0.549289  	-6.713300 
140.000000	-1.174727 	0.524471  	-6.713300 
141.000000	-1.206498 	0.499652  	-6.713300 
142.000000	-1.238269 	0.474834  	-6.713300 
143.000000	-1.273839 	0.450735  	-6.713300 
144.000000	-1.310929 	0.426924  	-6.713300 
145.000000	-1.348019 	0.403113  	-6.713300 
146.000000	-1.385109 	0.379303  	-6.713300 
147.000000	-1.425266 	0.356043  	-6.713300 
148.000000	-1.470942 	0.333778  	-6.713300 
149.000000	-1.516618 	0.311512  	-6.713300 
150.000000	-1.562294 	0.289246  	-6.713300 
151.000000	-1.607970 	0.266980  	-6.713300 
152.000000	-1.552523 	0.246163  	-6.713300 
153.000000	-1.497076 	0.225347  	-6.713300 
154.000000	-1.441628 	0.205534  	-6.713300 
155.000000	-1.386181 	0.185799  	-6.713300 
156.000000	-1.330734 	0.167078  	-6.713300 
157.000000	-1.275287 	0.148525  	-6.713300 
158.000000	-1.219839 	0.130977  	-6.713300 
159.000000	-1.164392 	0.113702  	-6.713300 
160.000000	-1.108945 	0.097402  	-6.713300 
161.000000	-1.053498 	0.081493  	-6.713300 
162.000000	-0.998050 	0.066515  	-6.713300 
163.000000	-0.942603 	0.052053  	-6.713300 
164.000000	-0.887156 	0.038461  	-6.713300 
165.000000	-0.831709 	0.025521  	-6.713300 
166.000000	-0.776261 	0.014694  	-6.713300 
167.000000	-0.720814 	0.005980  	-6.713300 
168.000000	-0.665367 	0.001000  	-6.713300 
169.000000	-0.609920 	0.001000  	-6.713300 
170.000000	-0.554472 	0.001000  	-6.713300 
171.000000	-0.499025 	0.001000  	-6.713300 
172.000000	-0.443578 	0.001000  	-6.713300 
173.000000	-0.388131 	0.001000  	-6.713300 
174.000000	-0.332683 	0.001000  	-6.713300 
175.000000	-0.277236 	0.001000  	-6.713300 
176.000000	-0.221789 	0.001000  	-6.713300 
177.000000	-0.166342 	0.001000  	-6.713300 
178.000000	-0.110894 	0.001000  	-6.713300 
179.000000	-0.055447 	0.001000  	-6.713300 
180.000000	0.000000  	0.001000  	-6.713300 
! ------------------------------------------------------------------------------
! data for table	8         
! ------------------------------------------------------------------------------
  0.900000  	Re           ! Reynolds number in millions
  0.000000  	UserProp     ! User property (control) setting
Flase           InclUAdata   ! Is unsteady aerodynamics data included in this table? If TRUE, then include UA coefficients below this line. Any missing coefficients will be calculated internally.
! Table of aerodynamics coefficients
  361       	NumAlf       ! Number of data lines in the following table
!Alpha      Cl          Cd          Cm/Cp
!(deg)      (-)         (-)         (-)
-180.000000	0.000000  	0.001000  	-6.726800 
-179.000000	0.055515  	0.001000  	-6.726800 
-178.000000	0.111030  	0.001000  	-6.726800 
-177.000000	0.166544  	0.001000  	-6.726800 
-176.000000	0.222059  	0.001000  	-6.726800 
-175.000000	0.277574  	0.001000  	-6.726800 
-174.000000	0.333089  	0.001000  	-6.726800 
-173.000000	0.388604  	0.001000  	-6.726800 
-172.000000	0.444119  	0.001000  	-6.726800 
-171.000000	0.499633  	0.001000  	-6.726800 
-170.000000	0.555148  	0.001000  	-6.726800 
-169.000000	0.610663  	0.001000  	-6.726800 
-168.000000	0.666178  	0.001000  	-6.726800 
-167.000000	0.721693  	0.005952  	-6.726800 
-166.000000	0.777208  	0.014619  	-6.726800 
-165.000000	0.832722  	0.025422  	-6.726800 
-164.000000	0.888237  	0.038362  	-6.726800 
-163.000000	0.943752  	0.051955  	-6.726800 
-162.000000	0.999267  	0.066417  	-6.726800 
-161.000000	1.054782  	0.081396  	-6.726800 
-160.000000	1.110297  	0.097306  	-6.726800 
-159.000000	1.165811  	0.113606  	-6.726800 
-158.000000	1.221326  	0.130881  	-6.726800 
-157.000000	1.276841  	0.148431  	-6.726800 
-156.000000	1.332356  	0.166984  	-6.726800 
-155.000000	1.387871  	0.185706  	-6.726800 
-154.000000	1.443386  	0.205442  	-6.726800 
-153.000000	1.498900  	0.225255  	-6.726800 
-152.000000	1.554415  	0.246073  	-6.726800 
-151.000000	1.609930  	0.266890  	-6.726800 
-150.000000	1.564166  	0.289157  	-6.726800 
-149.000000	1.518402  	0.311424  	-6.726800 
-148.000000	1.472638  	0.333690  	-6.726800 
-147.000000	1.426874  	0.355957  	-6.726800 
-146.000000	1.386641  	0.379217  	-6.726800 
-145.000000	1.349480  	0.403029  	-6.726800 
-144.000000	1.312320  	0.426841  	-6.726800 
-143.000000	1.275160  	0.450653  	-6.726800 
-142.000000	1.239523  	0.474753  	-6.726800 
-141.000000	1.207695  	0.499572  	-6.726800 
-140.000000	1.175867  	0.524392  	-6.726800 
-139.000000	1.144040  	0.549211  	-6.726800 
-138.000000	1.112212  	0.574031  	-6.726800 
-137.000000	1.083471  	0.599267  	-6.726800 
-136.000000	1.054969  	0.624535  	-6.726800 
-135.000000	1.026466  	0.649803  	-6.726800 
-134.000000	0.997963  	0.675072  	-6.726800 
-133.000000	0.970640  	0.700271  	-6.726800 
-132.000000	0.944202  	0.725419  	-6.726800 
-131.000000	0.917764  	0.750568  	-6.726800 
-130.000000	0.891326  	0.775716  	-6.726800 
-129.000000	0.865163  	0.800718  	-6.726800 
-128.000000	0.840004  	0.825181  	-6.726800 
-127.000000	0.814846  	0.849645  	-6.726800 
-126.000000	0.789688  	0.874109  	-6.726800 
-125.000000	0.764529  	0.898573  	-6.726800 
-124.000000	0.740070  	0.921981  	-6.726800 
-123.000000	0.715727  	0.945212  	-6.726800 
-122.000000	0.691384  	0.968444  	-6.726800 
-121.000000	0.667041  	0.991676  	-6.726800 
-120.000000	0.642987  	1.014032  	-6.726800 
-119.000000	0.619224  	1.035514  	-6.726800 
-118.000000	0.595460  	1.056995  	-6.726800 
-117.000000	0.571697  	1.078477  	-6.726800 
-116.000000	0.548007  	1.099640  	-6.726800 
-115.000000	0.524756  	1.118894  	-6.726800 
-114.000000	0.501506  	1.138148  	-6.726800 
-113.000000	0.478255  	1.157401  	-6.726800 
-112.000000	0.455005  	1.176655  	-6.726800 
-111.000000	0.432207  	1.193825  	-6.726800 
-110.000000	0.409532  	1.210427  	-6.726800 
-109.000000	0.386858  	1.227028  	-6.726800 
-108.000000	0.364183  	1.243630  	-6.726800 
-107.000000	0.341825  	1.258939  	-6.726800 
-106.000000	0.319889  	1.272525  	-6.726800 
-105.000000	0.297954  	1.286111  	-6.726800 
-104.000000	0.276018  	1.299698  	-6.726800 
-103.000000	0.254152  	1.313047  	-6.726800 
-102.000000	0.233196  	1.323325  	-6.726800 
-101.000000	0.212241  	1.333603  	-6.726800 
-100.000000	0.191285  	1.343881  	-6.726800 
-99.000000	0.170329  	1.354158  	-6.726800 
-98.000000	0.150289  	1.361919  	-6.726800 
-97.000000	0.130615  	1.368672  	-6.726800 
-96.000000	0.110942  	1.375425  	-6.726800 
-95.000000	0.091268  	1.382178  	-6.726800 
-94.000000	0.072176  	1.387624  	-6.726800 
-93.000000	0.054132  	1.390718  	-6.726800 
-92.000000	0.036088  	1.393812  	-6.726800 
-91.000000	0.018044  	1.396906  	-6.726800 
-90.000000	0.000000  	1.400000  	-6.726800 
-89.000000	-0.018044 	1.396906  	-6.726800 
-88.000000	-0.036088 	1.393812  	-6.726800 
-87.000000	-0.054132 	1.390718  	-6.726800 
-86.000000	-0.072176 	1.387624  	-6.726800 
-85.000000	-0.091268 	1.382178  	-6.726800 
-84.000000	-0.110942 	1.375425  	-6.726800 
-83.000000	-0.130615 	1.368672  	-6.726800 
-82.000000	-0.150289 	1.361919  	-6.726800 
-81.000000	-0.170329 	1.354158  	-6.726800 
-80.000000	-0.191285 	1.343881  	-6.726800 
-79.000000	-0.212241 	1.333603  	-6.726800 
-78.000000	-0.233196 	1.323325  	-6.726800 
-77.000000	-0.254152 	1.313047  	-6.726800 
-76.000000	-0.276018 	1.299698  	-6.726800 
-75.000000	-0.297954 	1.286111  	-6.726800 
-74.000000	-0.319889 	1.272525  	-6.726800 
-73.000000	-0.341825 	1.258939  	-6.726800 
-72.000000	-0.364183 	1.243630  	-6.726800 
-71.000000	-0.386858 	1.227028  	-6.726800 
-70.000000	-0.409532 	1.210427  	-6.726800 
-69.000000	-0.432207 	1.193825  	-6.726800 
-68.000000	-0.455005 	1.176655  	-6.726800 
-67.000000	-0.478255 	1.157401  	-6.726800 
-66.000000	-0.501506 	1.138148  	-6.726800 
-65.000000	-0.524756 	1.118894  	-6.726800 
-64.000000	-0.548007 	1.099640  	-6.726800 
-63.000000	-0.571697 	1.078477  	-6.726800 
-62.000000	-0.595460 	1.056995  	-6.726800 
-61.000000	-0.619224 	1.035514  	-6.726800 
-60.000000	-0.642987 	1.014032  	-6.726800 
-59.000000	-0.667041 	0.991676  	-6.726800 
-58.000000	-0.691384 	0.968444  	-6.726800 
-57.000000	-0.715727 	0.945212  	-6.726800 
-56.000000	-0.740070 	0.921981  	-6.726800 
-55.000000	-0.764529 	0.898573  	-6.726800 
-54.000000	-0.789688 	0.874109  	-6.726800 
-53.000000	-0.814846 	0.849645  	-6.726800 
-52.000000	-0.840004 	0.825181  	-6.726800 
-51.000000	-0.865163 	0.800718  	-6.726800 
-50.000000	-0.891326 	0.775716  	-6.726800 
-49.000000	-0.917764 	0.750568  	-6.726800 
-48.000000	-0.944202 	0.725419  	-6.726800 
-47.000000	-0.970640 	0.700271  	-6.726800 
-46.000000	-0.997963 	0.675072  	-6.726800 
-45.000000	-1.026466 	0.649803  	-6.726800 
-44.000000	-1.054969 	0.624535  	-6.726800 
-43.000000	-1.083471 	0.599267  	-6.726800 
-42.000000	-1.112212 	0.574031  	-6.726800 
-41.000000	-1.144040 	0.549211  	-6.726800 
-40.000000	-1.175867 	0.524392  	-6.726800 
-39.000000	-1.207695 	0.499572  	-6.726800 
-38.000000	-1.239523 	0.474753  	-6.726800 
-37.000000	-1.275160 	0.450653  	-6.726800 
-36.000000	-1.312320 	0.426841  	-6.726800 
-35.000000	-1.349480 	0.403029  	-6.726800 
-34.000000	-1.386641 	0.379217  	-6.726800 
-33.000000	-1.426874 	0.355957  	-6.726800 
-32.000000	-1.472638 	0.333690  	-6.726800 
-31.000000	-1.518402 	0.311424  	-6.726800 
-30.000000	-1.564166 	0.289157  	-6.726800 
-29.000000	-1.609930 	0.266890  	-6.726800 
-28.000000	-1.560602 	0.254829  	-6.726800 
-27.000000	-1.511274 	0.242768  	-6.726800 
-26.000000	-1.461946 	0.230707  	-6.726800 
-25.000000	-1.412618 	0.218646  	-6.726800 
-24.000000	-1.363291 	0.206585  	-6.726800 
-23.000000	-1.313963 	0.194524  	-6.726800 
-22.000000	-1.264635 	0.182463  	-6.726800 
-21.000000	-1.215307 	0.170402  	-6.726800 
-20.000000	-1.165979 	0.158341  	-6.726800 
-19.000000	-1.116651 	0.146279  	-6.726800 
-18.000000	-1.067323 	0.134218  	-6.726800 
-17.000000	-1.017995 	0.122157  	-6.726800 
-16.000000	-0.968667 	0.110096  	-6.726800 
-15.000000	-0.919339 	0.098035  	-6.726800 
-14.000000	-0.870012 	0.085974  	-6.726800 
-13.000000	-0.820684 	0.073913  	-6.726800 
-12.000000	-0.771356 	0.061852  	-5.556668 
-11.000000	-0.722028 	0.049791  	-3.918484 
-10.000000	-0.672700 	0.037730  	-2.280300 
-9.000000 	-0.526700 	0.037990  	-2.130500 
-8.000000 	-0.381900 	0.038270  	-1.987000 
-7.000000 	-0.236800 	0.038570  	-1.843600 
-6.000000 	-0.092400 	0.038880  	-1.708200 
-5.000000 	0.051700  	0.039210  	-1.574900 
-4.000000 	0.194800  	0.039550  	-1.444100 
-3.000000 	0.337000  	0.039880  	-1.320100 
-2.000000 	0.479400  	0.040240  	-1.386000 
-1.000000 	0.619600  	0.040580  	-1.512100 
0.000000  	0.759700  	0.040980  	-1.639400 
1.000000  	0.898300  	0.041370  	-1.769700 
2.000000  	1.035600  	0.041730  	-1.903600 
3.000000  	1.172300  	0.042110  	-2.042900 
4.000000  	1.306600  	0.042580  	-2.185600 
5.000000  	1.440600  	0.042940  	-2.336000 
6.000000  	1.571000  	0.043500  	-2.492300 
7.000000  	1.701700  	0.043950  	-2.659700 
8.000000  	1.827600  	0.044710  	-2.834200 
9.000000  	1.954000  	0.045270  	-3.022100 
10.000000 	2.073600  	0.046300  	-3.224100 
11.000000 	2.192200  	0.047280  	-3.446200 
12.000000 	2.301200  	0.048850  	-3.674600 
13.000000 	2.391600  	0.051680  	-3.905900 
14.000000 	2.404200  	0.060060  	-4.064600 
15.000000 	2.420700  	0.069680  	-4.239200 
16.000000 	2.422900  	0.081730  	-4.400400 
17.000000 	2.418600  	0.095380  	-4.558400 
18.000000 	2.394000  	0.112090  	-4.683200 
19.000000 	2.369100  	0.128990  	-4.807000 
20.000000 	2.342600  	0.146230  	-4.929000 
21.000000 	2.313700  	0.163840  	-5.082200 
22.000000 	2.294900  	0.180000  	-5.249900 
23.000000 	2.277100  	0.196050  	-5.411800 
24.000000 	2.280100  	0.208700  	-5.630400 
25.000000 	2.283200  	0.221150  	-5.855400 
26.000000 	2.284800  	0.233490  	-6.061500 
27.000000 	2.289400  	0.245070  	-6.276000 
28.000000 	2.293600  	0.256340  	-6.503900 
29.000000 	2.299900  	0.266890  	-6.726800 
30.000000 	2.234523  	0.289157  	-6.726800 
31.000000 	2.169145  	0.311424  	-6.726800 
32.000000 	2.103768  	0.333690  	-6.726800 
33.000000 	2.038391  	0.355957  	-6.726800 
34.000000 	1.980915  	0.379217  	-6.726800 
35.000000 	1.927829  	0.403029  	-6.726800 
36.000000 	1.874743  	0.426841  	-6.726800 
37.000000 	1.821657  	0.450653  	-6.726800 
38.000000 	1.770747  	0.474753  	-6.726800 
39.000000 	1.725279  	0.499572  	-6.726800 
40.000000 	1.679811  	0.524392  	-6.726800 
41.000000 	1.634342  	0.549211  	-6.726800 
42.000000 	1.588874  	0.574031  	-6.726800 
43.000000 	1.547816  	0.599267  	-6.726800 
44.000000 	1.507098  	0.624535  	-6.726800 
45.000000 	1.466380  	0.649803  	-6.726800 
46.000000 	1.425661  	0.675072  	-6.726800 
47.000000 	1.386629  	0.700271  	-6.726800 
48.000000 	1.348860  	0.725419  	-6.726800 
49.000000 	1.311092  	0.750568  	-6.726800 
50.000000 	1.273323  	0.775716  	-6.726800 
51.000000 	1.235947  	0.800718  	-6.726800 
52.000000 	1.200006  	0.825181  	-6.726800 
53.000000 	1.164066  	0.849645  	-6.726800 
54.000000 	1.128125  	0.874109  	-6.726800 
55.000000 	1.092185  	0.898573  	-6.726800 
56.000000 	1.057242  	0.921981  	-6.726800 
57.000000 	1.022467  	0.945212  	-6.726800 
58.000000 	0.987691  	0.968444  	-6.726800 
59.000000 	0.952915  	0.991676  	-6.726800 
60.000000 	0.918553  	1.014032  	-6.726800 
61.000000 	0.884605  	1.035514  	-6.726800 
62.000000 	0.850658  	1.056995  	-6.726800 
63.000000 	0.816710  	1.078477  	-6.726800 
64.000000 	0.782867  	1.099640  	-6.726800 
65.000000 	0.749652  	1.118894  	-6.726800 
66.000000 	0.716437  	1.138148  	-6.726800 
67.000000 	0.683222  	1.157401  	-6.726800 
68.000000 	0.650007  	1.176655  	-6.726800 
69.000000 	0.617438  	1.193825  	-6.726800 
70.000000 	0.585046  	1.210427  	-6.726800 
71.000000 	0.552654  	1.227028  	-6.726800 
72.000000 	0.520262  	1.243630  	-6.726800 
73.000000 	0.488322  	1.258939  	-6.726800 
74.000000 	0.456985  	1.272525  	-6.726800 
75.000000 	0.425648  	1.286111  	-6.726800 
76.000000 	0.394311  	1.299698  	-6.726800 
77.000000 	0.363074  	1.313047  	-6.726800 
78.000000 	0.333138  	1.323325  	-6.726800 
79.000000 	0.303201  	1.333603  	-6.726800 
80.000000 	0.273264  	1.343881  	-6.726800 
81.000000 	0.243327  	1.354158  	-6.726800 
82.000000 	0.214699  	1.361919  	-6.726800 
83.000000 	0.186593  	1.368672  	-6.726800 
84.000000 	0.158488  	1.375425  	-6.726800 
85.000000 	0.130383  	1.382178  	-6.726800 
86.000000 	0.103109  	1.387624  	-6.726800 
87.000000 	0.077332  	1.390718  	-6.726800 
88.000000 	0.051554  	1.393812  	-6.726800 
89.000000 	0.025777  	1.396906  	-6.726800 
90.000000 	0.000000  	1.400000  	-6.726800 
91.000000 	-0.018044 	1.396906  	-6.726800 
92.000000 	-0.036088 	1.393812  	-6.726800 
93.000000 	-0.054132 	1.390718  	-6.726800 
94.000000 	-0.072176 	1.387624  	-6.726800 
95.000000 	-0.091268 	1.382178  	-6.726800 
96.000000 	-0.110942 	1.375425  	-6.726800 
97.000000 	-0.130615 	1.368672  	-6.726800 
98.000000 	-0.150289 	1.361919  	-6.726800 
99.000000 	-0.170329 	1.354158  	-6.726800 
100.000000	-0.191285 	1.343881  	-6.726800 
101.000000	-0.212241 	1.333603  	-6.726800 
102.000000	-0.233196 	1.323325  	-6.726800 
103.000000	-0.254152 	1.313047  	-6.726800 
104.000000	-0.276018 	1.299698  	-6.726800 
105.000000	-0.297954 	1.286111  	-6.726800 
106.000000	-0.319889 	1.272525  	-6.726800 
107.000000	-0.341825 	1.258939  	-6.726800 
108.000000	-0.364183 	1.243630  	-6.726800 
109.000000	-0.386858 	1.227028  	-6.726800 
110.000000	-0.409532 	1.210427  	-6.726800 
111.000000	-0.432207 	1.193825  	-6.726800 
112.000000	-0.455005 	1.176655  	-6.726800 
113.000000	-0.478255 	1.157401  	-6.726800 
114.000000	-0.501506 	1.138148  	-6.726800 
115.000000	-0.524756 	1.118894  	-6.726800 
116.000000	-0.548007 	1.099640  	-6.726800 
117.000000	-0.571697 	1.078477  	-6.726800 
118.000000	-0.595460 	1.056995  	-6.726800 
119.000000	-0.619224 	1.035514  	-6.726800 
120.000000	-0.642987 	1.014032  	-6.726800 
121.000000	-0.667041 	0.991676  	-6.726800 
122.000000	-0.691384 	0.968444  	-6.726800 
123.000000	-0.715727 	0.945212  	-6.726800 
124.000000	-0.740070 	0.921981  	-6.726800 
125.000000	-0.764529 	0.898573  	-6.726800 
126.000000	-0.789688 	0.874109  	-6.726800 
127.000000	-0.814846 	0.849645  	-6.726800 
128.000000	-0.840004 	0.825181  	-6.726800 
129.000000	-0.865163 	0.800718  	-6.726800 
130.000000	-0.891326 	0.775716  	-6.726800 
131.000000	-0.917764 	0.750568  	-6.726800 
132.000000	-0.944202 	0.725419  	-6.726800 
133.000000	-0.970640 	0.700271  	-6.726800 
134.000000	-0.997963 	0.675072  	-6.726800 
135.000000	-1.026466 	0.649803  	-6.726800 
136.000000	-1.054969 	0.624535  	-6.726800 
137.000000	-1.083471 	0.599267  	-6.726800 
138.000000	-1.112212 	0.574031  	-6.726800 
139.000000	-1.144040 	0.549211  	-6.726800 
140.000000	-1.175867 	0.524392  	-6.726800 
141.000000	-1.207695 	0.499572  	-6.726800 
142.000000	-1.239523 	0.474753  	-6.726800 
143.000000	-1.275160 	0.450653  	-6.726800 
144.000000	-1.312320 	0.426841  	-6.726800 
145.000000	-1.349480 	0.403029  	-6.726800 
146.000000	-1.386641 	0.379217  	-6.726800 
147.000000	-1.426874 	0.355957  	-6.726800 
148.000000	-1.472638 	0.333690  	-6.726800 
149.000000	-1.518402 	0.311424  	-6.726800 
150.000000	-1.564166 	0.289157  	-6.726800 
151.000000	-1.609930 	0.266890  	-6.726800 
152.000000	-1.554415 	0.246073  	-6.726800 
153.000000	-1.498900 	0.225255  	-6.726800 
154.000000	-1.443386 	0.205442  	-6.726800 
155.000000	-1.387871 	0.185706  	-6.726800 
156.000000	-1.332356 	0.166984  	-6.726800 
157.000000	-1.276841 	0.148431  	-6.726800 
158.000000	-1.221326 	0.130881  	-6.726800 
159.000000	-1.165811 	0.113606  	-6.726800 
160.000000	-1.110297 	0.097306  	-6.726800 
161.000000	-1.054782 	0.081396  	-6.726800 
162.000000	-0.999267 	0.066417  	-6.726800 
163.000000	-0.943752 	0.051955  	-6.726800 
164.000000	-0.888237 	0.038362  	-6.726800 
165.000000	-0.832722 	0.025422  	-6.726800 
166.000000	-0.777208 	0.014619  	-6.726800 
167.000000	-0.721693 	0.005952  	-6.726800 
168.000000	-0.666178 	0.001000  	-6.726800 
169.000000	-0.610663 	0.001000  	-6.726800 
170.000000	-0.555148 	0.001000  	-6.726800 
171.000000	-0.499633 	0.001000  	-6.726800 
172.000000	-0.444119 	0.001000  	-6.726800 
173.000000	-0.388604 	0.001000  	-6.726800 
174.000000	-0.333089 	0.001000  	-6.726800 
175.000000	-0.277574 	0.001000  	-6.726800 
176.000000	-0.222059 	0.001000  	-6.726800 
177.000000	-0.166544 	0.001000  	-6.726800 
178.000000	-0.111030 	0.001000  	-6.726800 
179.000000	-0.055515 	0.001000  	-6.726800 
180.000000	0.000000  	0.001000  	-6.726800 
! ------------------------------------------------------------------------------
! data for table	9         
! ------------------------------------------------------------------------------
  1.000000  	Re           ! Reynolds number in millions
  0.000000  	UserProp     ! User property (control) setting
Flase           InclUAdata   ! Is unsteady aerodynamics data included in this table? If TRUE, then include UA coefficients below this line. Any missing coefficients will be calculated internally.
! Table of aerodynamics coefficients
  361       	NumAlf       ! Number of data lines in the following table
!Alpha      Cl          Cd          Cm/Cp
!(deg)      (-)         (-)         (-)
-180.000000	0.000000  	0.001000  	-6.754100 
-179.000000	0.055725  	0.001000  	-6.754100 
-178.000000	0.111450  	0.001000  	-6.754100 
-177.000000	0.167174  	0.001000  	-6.754100 
-176.000000	0.222899  	0.001000  	-6.754100 
-175.000000	0.278624  	0.001000  	-6.754100 
-174.000000	0.334349  	0.001000  	-6.754100 
-173.000000	0.390074  	0.001000  	-6.754100 
-172.000000	0.445799  	0.001000  	-6.754100 
-171.000000	0.501523  	0.001000  	-6.754100 
-170.000000	0.557248  	0.001000  	-6.754100 
-169.000000	0.612973  	0.001000  	-6.754100 
-168.000000	0.668698  	0.001000  	-6.754100 
-167.000000	0.724423  	0.005604  	-6.754100 
-166.000000	0.780148  	0.013661  	-6.754100 
-165.000000	0.835872  	0.024163  	-6.754100 
-164.000000	0.891597  	0.037110  	-6.754100 
-163.000000	0.947322  	0.050709  	-6.754100 
-162.000000	1.003047  	0.065178  	-6.754100 
-161.000000	1.058772  	0.080164  	-6.754100 
-160.000000	1.114497  	0.096081  	-6.754100 
-159.000000	1.170221  	0.112389  	-6.754100 
-158.000000	1.225946  	0.129673  	-6.754100 
-157.000000	1.281671  	0.147231  	-6.754100 
-156.000000	1.337396  	0.165793  	-6.754100 
-155.000000	1.393121  	0.184525  	-6.754100 
-154.000000	1.448846  	0.204271  	-6.754100 
-153.000000	1.504570  	0.224094  	-6.754100 
-152.000000	1.560295  	0.244922  	-6.754100 
-151.000000	1.616020  	0.265750  	-6.754100 
-150.000000	1.569982  	0.288029  	-6.754100 
-149.000000	1.523944  	0.310307  	-6.754100 
-148.000000	1.477906  	0.332586  	-6.754100 
-147.000000	1.431869  	0.354864  	-6.754100 
-146.000000	1.391398  	0.378137  	-6.754100 
-145.000000	1.354020  	0.401962  	-6.754100 
-144.000000	1.316642  	0.425787  	-6.754100 
-143.000000	1.279264  	0.449612  	-6.754100 
-142.000000	1.243421  	0.473726  	-6.754100 
-141.000000	1.211415  	0.498560  	-6.754100 
-140.000000	1.179410  	0.523394  	-6.754100 
-139.000000	1.147404  	0.548228  	-6.754100 
-138.000000	1.115398  	0.573062  	-6.754100 
-137.000000	1.086508  	0.598314  	-6.754100 
-136.000000	1.057858  	0.623598  	-6.754100 
-135.000000	1.029208  	0.648882  	-6.754100 
-134.000000	1.000557  	0.674166  	-6.754100 
-133.000000	0.973100  	0.699383  	-6.754100 
-132.000000	0.946538  	0.724548  	-6.754100 
-131.000000	0.919977  	0.749713  	-6.754100 
-130.000000	0.893415  	0.774878  	-6.754100 
-129.000000	0.867131  	0.799897  	-6.754100 
-128.000000	0.841869  	0.824379  	-6.754100 
-127.000000	0.816606  	0.848861  	-6.754100 
-126.000000	0.791343  	0.873343  	-6.754100 
-125.000000	0.766081  	0.897825  	-6.754100 
-124.000000	0.741531  	0.921252  	-6.754100 
-123.000000	0.717100  	0.944503  	-6.754100 
-122.000000	0.692669  	0.967754  	-6.754100 
-121.000000	0.668238  	0.991005  	-6.754100 
-120.000000	0.644105  	1.013381  	-6.754100 
-119.000000	0.620268  	1.034882  	-6.754100 
-118.000000	0.596431  	1.056384  	-6.754100 
-117.000000	0.572594  	1.077885  	-6.754100 
-116.000000	0.548833  	1.099068  	-6.754100 
-115.000000	0.525522  	1.118343  	-6.754100 
-114.000000	0.502212  	1.137618  	-6.754100 
-113.000000	0.478901  	1.156892  	-6.754100 
-112.000000	0.455590  	1.176167  	-6.754100 
-111.000000	0.432742  	1.193358  	-6.754100 
-110.000000	0.410019  	1.209981  	-6.754100 
-109.000000	0.387296  	1.226604  	-6.754100 
-108.000000	0.364573  	1.243227  	-6.754100 
-107.000000	0.342172  	1.258558  	-6.754100 
-106.000000	0.320200  	1.272166  	-6.754100 
-105.000000	0.298227  	1.285774  	-6.754100 
-104.000000	0.276255  	1.299382  	-6.754100 
-103.000000	0.254353  	1.312754  	-6.754100 
-102.000000	0.233371  	1.323054  	-6.754100 
-101.000000	0.212390  	1.333354  	-6.754100 
-100.000000	0.191408  	1.343654  	-6.754100 
-99.000000	0.170426  	1.353955  	-6.754100 
-98.000000	0.150368  	1.361737  	-6.754100 
-97.000000	0.130679  	1.368513  	-6.754100 
-96.000000	0.110989  	1.375289  	-6.754100 
-95.000000	0.091300  	1.382064  	-6.754100 
-94.000000	0.072197  	1.387533  	-6.754100 
-93.000000	0.054147  	1.390650  	-6.754100 
-92.000000	0.036098  	1.393767  	-6.754100 
-91.000000	0.018049  	1.396883  	-6.754100 
-90.000000	0.000000  	1.400000  	-6.754100 
-89.000000	-0.018049 	1.396883  	-6.754100 
-88.000000	-0.036098 	1.393767  	-6.754100 
-87.000000	-0.054147 	1.390650  	-6.754100 
-86.000000	-0.072197 	1.387533  	-6.754100 
-85.000000	-0.091300 	1.382064  	-6.754100 
-84.000000	-0.110989 	1.375289  	-6.754100 
-83.000000	-0.130679 	1.368513  	-6.754100 
-82.000000	-0.150368 	1.361737  	-6.754100 
-81.000000	-0.170426 	1.353955  	-6.754100 
-80.000000	-0.191408 	1.343654  	-6.754100 
-79.000000	-0.212390 	1.333354  	-6.754100 
-78.000000	-0.233371 	1.323054  	-6.754100 
-77.000000	-0.254353 	1.312754  	-6.754100 
-76.000000	-0.276255 	1.299382  	-6.754100 
-75.000000	-0.298227 	1.285774  	-6.754100 
-74.000000	-0.320200 	1.272166  	-6.754100 
-73.000000	-0.342172 	1.258558  	-6.754100 
-72.000000	-0.364573 	1.243227  	-6.754100 
-71.000000	-0.387296 	1.226604  	-6.754100 
-70.000000	-0.410019 	1.209981  	-6.754100 
-69.000000	-0.432742 	1.193358  	-6.754100 
-68.000000	-0.455590 	1.176167  	-6.754100 
-67.000000	-0.478901 	1.156892  	-6.754100 
-66.000000	-0.502212 	1.137618  	-6.754100 
-65.000000	-0.525522 	1.118343  	-6.754100 
-64.000000	-0.548833 	1.099068  	-6.754100 
-63.000000	-0.572594 	1.077885  	-6.754100 
-62.000000	-0.596431 	1.056384  	-6.754100 
-61.000000	-0.620268 	1.034882  	-6.754100 
-60.000000	-0.644105 	1.013381  	-6.754100 
-59.000000	-0.668238 	0.991005  	-6.754100 
-58.000000	-0.692669 	0.967754  	-6.754100 
-57.000000	-0.717100 	0.944503  	-6.754100 
-56.000000	-0.741531 	0.921252  	-6.754100 
-55.000000	-0.766081 	0.897825  	-6.754100 
-54.000000	-0.791343 	0.873343  	-6.754100 
-53.000000	-0.816606 	0.848861  	-6.754100 
-52.000000	-0.841869 	0.824379  	-6.754100 
-51.000000	-0.867131 	0.799897  	-6.754100 
-50.000000	-0.893415 	0.774878  	-6.754100 
-49.000000	-0.919977 	0.749713  	-6.754100 
-48.000000	-0.946538 	0.724548  	-6.754100 
-47.000000	-0.973100 	0.699383  	-6.754100 
-46.000000	-1.000557 	0.674166  	-6.754100 
-45.000000	-1.029208 	0.648882  	-6.754100 
-44.000000	-1.057858 	0.623598  	-6.754100 
-43.000000	-1.086508 	0.598314  	-6.754100 
-42.000000	-1.115398 	0.573062  	-6.754100 
-41.000000	-1.147404 	0.548228  	-6.754100 
-40.000000	-1.179410 	0.523394  	-6.754100 
-39.000000	-1.211415 	0.498560  	-6.754100 
-38.000000	-1.243421 	0.473726  	-6.754100 
-37.000000	-1.279264 	0.449612  	-6.754100 
-36.000000	-1.316642 	0.425787  	-6.754100 
-35.000000	-1.354020 	0.401962  	-6.754100 
-34.000000	-1.391398 	0.378137  	-6.754100 
-33.000000	-1.431869 	0.354864  	-6.754100 
-32.000000	-1.477906 	0.332586  	-6.754100 
-31.000000	-1.523944 	0.310307  	-6.754100 
-30.000000	-1.569982 	0.288029  	-6.754100 
-29.000000	-1.616020 	0.265750  	-6.754100 
-28.000000	-1.566351 	0.253742  	-6.754100 
-27.000000	-1.516681 	0.241733  	-6.754100 
-26.000000	-1.467012 	0.229725  	-6.754100 
-25.000000	-1.417342 	0.217716  	-6.754100 
-24.000000	-1.367673 	0.205708  	-6.754100 
-23.000000	-1.318003 	0.193699  	-6.754100 
-22.000000	-1.268334 	0.181691  	-6.754100 
-21.000000	-1.218664 	0.169683  	-6.754100 
-20.000000	-1.168995 	0.157674  	-6.754100 
-19.000000	-1.119325 	0.145666  	-6.754100 
-18.000000	-1.069656 	0.133657  	-6.754100 
-17.000000	-1.019986 	0.121649  	-6.754100 
-16.000000	-0.970317 	0.109641  	-6.754100 
-15.000000	-0.920647 	0.097632  	-6.754100 
-14.000000	-0.870978 	0.085624  	-6.754100 
-13.000000	-0.821308 	0.073615  	-6.754100 
-12.000000	-0.771639 	0.061607  	-5.577705 
-11.000000	-0.721969 	0.049598  	-3.930753 
-10.000000	-0.672300 	0.037590  	-2.283800 
-9.000000 	-0.525400 	0.037880  	-2.132700 
-8.000000 	-0.379700 	0.038190  	-1.987200 
-7.000000 	-0.234900 	0.038510  	-1.847100 
-6.000000 	-0.089900 	0.038840  	-1.707900 
-5.000000 	0.053700  	0.039180  	-1.576100 
-4.000000 	0.196700  	0.039510  	-1.446500 
-3.000000 	0.339900  	0.039860  	-1.318500 
-2.000000 	0.481100  	0.040180  	-1.389400 
-1.000000 	0.622600  	0.040540  	-1.512900 
0.000000  	0.761700  	0.040880  	-1.641800 
1.000000  	0.900800  	0.041260  	-1.772000 
2.000000  	1.038600  	0.041610  	-1.907200 
3.000000  	1.174900  	0.041980  	-2.045300 
4.000000  	1.309300  	0.042380  	-2.188400 
5.000000  	1.443600  	0.042730  	-2.338700 
6.000000  	1.574500  	0.043270  	-2.496100 
7.000000  	1.705600  	0.043650  	-2.664700 
8.000000  	1.832400  	0.044300  	-2.839400 
9.000000  	1.959100  	0.044870  	-3.027900 
10.000000 	2.079800  	0.045820  	-3.230800 
11.000000 	2.199900  	0.046630  	-3.455200 
12.000000 	2.309900  	0.048170  	-3.685700 
13.000000 	2.405800  	0.050590  	-3.922800 
14.000000 	2.434600  	0.057610  	-4.104600 
15.000000 	2.445300  	0.067390  	-4.273500 
16.000000 	2.442900  	0.079800  	-4.432000 
17.000000 	2.436800  	0.093530  	-4.588400 
18.000000 	2.408600  	0.110550  	-4.707900 
19.000000 	2.384600  	0.127310  	-4.834000 
20.000000 	2.355400  	0.144840  	-4.960400 
21.000000 	2.326700  	0.162330  	-5.107600 
22.000000 	2.305700  	0.178780  	-5.274300 
23.000000 	2.287900  	0.194730  	-5.444800 
24.000000 	2.286400  	0.208130  	-5.649500 
25.000000 	2.290200  	0.220390  	-5.872200 
26.000000 	2.295000  	0.232220  	-6.095000 
27.000000 	2.299800  	0.243720  	-6.322900 
28.000000 	2.303400  	0.255040  	-6.535500 
29.000000 	2.308600  	0.265750  	-6.754100 
30.000000 	2.242832  	0.288029  	-6.754100 
31.000000 	2.177063  	0.310307  	-6.754100 
32.000000 	2.111295  	0.332586  	-6.754100 
33.000000 	2.045526  	0.354864  	-6.754100 
34.000000 	1.987711  	0.378137  	-6.754100 
35.000000 	1.934314  	0.401962  	-6.754100 
36.000000 	1.880917  	0.425787  	-6.754100 
37.000000 	1.827520  	0.449612  	-6.754100 
38.000000 	1.776315  	0.473726  	-6.754100 
39.000000 	1.730593  	0.498560  	-6.754100 
40.000000 	1.684871  	0.523394  	-6.754100 
41.000000 	1.639149  	0.548228  	-6.754100 
42.000000 	1.593426  	0.573062  	-6.754100 
43.000000 	1.552155  	0.598314  	-6.754100 
44.000000 	1.511226  	0.623598  	-6.754100 
45.000000 	1.470297  	0.648882  	-6.754100 
46.000000 	1.429367  	0.674166  	-6.754100 
47.000000 	1.390143  	0.699383  	-6.754100 
48.000000 	1.352198  	0.724548  	-6.754100 
49.000000 	1.314252  	0.749713  	-6.754100 
50.000000 	1.276307  	0.774878  	-6.754100 
51.000000 	1.238759  	0.799897  	-6.754100 
52.000000 	1.202670  	0.824379  	-6.754100 
53.000000 	1.166580  	0.848861  	-6.754100 
54.000000 	1.130490  	0.873343  	-6.754100 
55.000000 	1.094401  	0.897825  	-6.754100 
56.000000 	1.059330  	0.921252  	-6.754100 
57.000000 	1.024429  	0.944503  	-6.754100 
58.000000 	0.989527  	0.967754  	-6.754100 
59.000000 	0.954626  	0.991005  	-6.754100 
60.000000 	0.920149  	1.013381  	-6.754100 
61.000000 	0.886097  	1.034882  	-6.754100 
62.000000 	0.852044  	1.056384  	-6.754100 
63.000000 	0.817992  	1.077885  	-6.754100 
64.000000 	0.784047  	1.099068  	-6.754100 
65.000000 	0.750746  	1.118343  	-6.754100 
66.000000 	0.717445  	1.137618  	-6.754100 
67.000000 	0.684144  	1.156892  	-6.754100 
68.000000 	0.650843  	1.176167  	-6.754100 
69.000000 	0.618202  	1.193358  	-6.754100 
70.000000 	0.585741  	1.209981  	-6.754100 
71.000000 	0.553280  	1.226604  	-6.754100 
72.000000 	0.520819  	1.243227  	-6.754100 
73.000000 	0.488817  	1.258558  	-6.754100 
74.000000 	0.457428  	1.272166  	-6.754100 
75.000000 	0.426039  	1.285774  	-6.754100 
76.000000 	0.394649  	1.299382  	-6.754100 
77.000000 	0.363361  	1.312754  	-6.754100 
78.000000 	0.333387  	1.323054  	-6.754100 
79.000000 	0.303414  	1.333354  	-6.754100 
80.000000 	0.273440  	1.343654  	-6.754100 
81.000000 	0.243466  	1.353955  	-6.754100 
82.000000 	0.214811  	1.361737  	-6.754100 
83.000000 	0.186684  	1.368513  	-6.754100 
84.000000 	0.158556  	1.375289  	-6.754100 
85.000000 	0.130429  	1.382064  	-6.754100 
86.000000 	0.103138  	1.387533  	-6.754100 
87.000000 	0.077354  	1.390650  	-6.754100 
88.000000 	0.051569  	1.393767  	-6.754100 
89.000000 	0.025785  	1.396883  	-6.754100 
90.000000 	0.000000  	1.400000  	-6.754100 
91.000000 	-0.018049 	1.396883  	-6.754100 
92.000000 	-0.036098 	1.393767  	-6.754100 
93.000000 	-0.054147 	1.390650  	-6.754100 
94.000000 	-0.072197 	1.387533  	-6.754100 
95.000000 	-0.091300 	1.382064  	-6.754100 
96.000000 	-0.110989 	1.375289  	-6.754100 
97.000000 	-0.130679 	1.368513  	-6.754100 
98.000000 	-0.150368 	1.361737  	-6.754100 
99.000000 	-0.170426 	1.353955  	-6.754100 
100.000000	-0.191408 	1.343654  	-6.754100 
101.000000	-0.212390 	1.333354  	-6.754100 
102.000000	-0.233371 	1.323054  	-6.754100 
103.000000	-0.254353 	1.312754  	-6.754100 
104.000000	-0.276255 	1.299382  	-6.754100 
105.000000	-0.298227 	1.285774  	-6.754100 
106.000000	-0.320200 	1.272166  	-6.754100 
107.000000	-0.342172 	1.258558  	-6.754100 
108.000000	-0.364573 	1.243227  	-6.754100 
109.000000	-0.387296 	1.226604  	-6.754100 
110.000000	-0.410019 	1.209981  	-6.754100 
111.000000	-0.432742 	1.193358  	-6.754100 
112.000000	-0.455590 	1.176167  	-6.754100 
113.000000	-0.478901 	1.156892  	-6.754100 
114.000000	-0.502212 	1.137618  	-6.754100 
115.000000	-0.525522 	1.118343  	-6.754100 
116.000000	-0.548833 	1.099068  	-6.754100 
117.000000	-0.572594 	1.077885  	-6.754100 
118.000000	-0.596431 	1.056384  	-6.754100 
119.000000	-0.620268 	1.034882  	-6.754100 
120.000000	-0.644105 	1.013381  	-6.754100 
121.000000	-0.668238 	0.991005  	-6.754100 
122.000000	-0.692669 	0.967754  	-6.754100 
123.000000	-0.717100 	0.944503  	-6.754100 
124.000000	-0.741531 	0.921252  	-6.754100 
125.000000	-0.766081 	0.897825  	-6.754100 
126.000000	-0.791343 	0.873343  	-6.754100 
127.000000	-0.816606 	0.848861  	-6.754100 
128.000000	-0.841869 	0.824379  	-6.754100 
129.000000	-0.867131 	0.799897  	-6.754100 
130.000000	-0.893415 	0.774878  	-6.754100 
131.000000	-0.919977 	0.749713  	-6.754100 
132.000000	-0.946538 	0.724548  	-6.754100 
133.000000	-0.973100 	0.699383  	-6.754100 
134.000000	-1.000557 	0.674166  	-6.754100 
135.000000	-1.029208 	0.648882  	-6.754100 
136.000000	-1.057858 	0.623598  	-6.754100 
137.000000	-1.086508 	0.598314  	-6.754100 
138.000000	-1.115398 	0.573062  	-6.754100 
139.000000	-1.147404 	0.548228  	-6.754100 
140.000000	-1.179410 	0.523394  	-6.754100 
141.000000	-1.211415 	0.498560  	-6.754100 
142.000000	-1.243421 	0.473726  	-6.754100 
143.000000	-1.279264 	0.449612  	-6.754100 
144.000000	-1.316642 	0.425787  	-6.754100 
145.000000	-1.354020 	0.401962  	-6.754100 
146.000000	-1.391398 	0.378137  	-6.754100 
147.000000	-1.431869 	0.354864  	-6.754100 
148.000000	-1.477906 	0.332586  	-6.754100 
149.000000	-1.523944 	0.310307  	-6.754100 
150.000000	-1.569982 	0.288029  	-6.754100 
151.000000	-1.616020 	0.265750  	-6.754100 
152.000000	-1.560295 	0.244922  	-6.754100 
153.000000	-1.504570 	0.224094  	-6.754100 
154.000000	-1.448846 	0.204271  	-6.754100 
155.000000	-1.393121 	0.184525  	-6.754100 
156.000000	-1.337396 	0.165793  	-6.754100 
157.000000	-1.281671 	0.147231  	-6.754100 
158.000000	-1.225946 	0.129673  	-6.754100 
159.000000	-1.170221 	0.112389  	-6.754100 
160.000000	-1.114497 	0.096081  	-6.754100 
161.000000	-1.058772 	0.080164  	-6.754100 
162.000000	-1.003047 	0.065178  	-6.754100 
163.000000	-0.947322 	0.050709  	-6.754100 
164.000000	-0.891597 	0.037110  	-6.754100 
165.000000	-0.835872 	0.024163  	-6.754100 
166.000000	-0.780148 	0.013661  	-6.754100 
167.000000	-0.724423 	0.005604  	-6.754100 
168.000000	-0.668698 	0.001000  	-6.754100 
169.000000	-0.612973 	0.001000  	-6.754100 
170.000000	-0.557248 	0.001000  	-6.754100 
171.000000	-0.501523 	0.001000  	-6.754100 
172.000000	-0.445799 	0.001000  	-6.754100 
173.000000	-0.390074 	0.001000  	-6.754100 
174.000000	-0.334349 	0.001000  	-6.754100 
175.000000	-0.278624 	0.001000  	-6.754100 
176.000000	-0.222899 	0.001000  	-6.754100 
177.000000	-0.167174 	0.001000  	-6.754100 
178.000000	-0.111450 	0.001000  	-6.754100 
179.000000	-0.055725 	0.001000  	-6.754100 
180.000000	0.000000  	0.001000  	-6.754100 
! ------------------------------------------------------------------------------
! data for table	10        
! ------------------------------------------------------------------------------
  1.100000  	Re           ! Reynolds number in millions
  0.000000  	UserProp     ! User property (control) setting
Flase           InclUAdata   ! Is unsteady aerodynamics data included in this table? If TRUE, then include UA coefficients below this line. Any missing coefficients will be calculated internally.
! Table of aerodynamics coefficients
  361       	NumAlf       ! Number of data lines in the following table
!Alpha      Cl          Cd          Cm/Cp
!(deg)      (-)         (-)         (-)
-180.000000	0.000000  	0.001000  	-6.775800 
-179.000000	0.055858  	0.001000  	-6.775800 
-178.000000	0.111715  	0.001000  	-6.775800 
-177.000000	0.167573  	0.001000  	-6.775800 
-176.000000	0.223430  	0.001000  	-6.775800 
-175.000000	0.279288  	0.001000  	-6.775800 
-174.000000	0.335146  	0.001000  	-6.775800 
-173.000000	0.391003  	0.001000  	-6.775800 
-172.000000	0.446861  	0.001000  	-6.775800 
-171.000000	0.502718  	0.001000  	-6.775800 
-170.000000	0.558576  	0.001000  	-6.775800 
-169.000000	0.614433  	0.001000  	-6.775800 
-168.000000	0.670291  	0.001000  	-6.775800 
-167.000000	0.726149  	0.005421  	-6.775800 
-166.000000	0.782006  	0.013158  	-6.775800 
-165.000000	0.837864  	0.023501  	-6.775800 
-164.000000	0.893721  	0.036450  	-6.775800 
-163.000000	0.949579  	0.050053  	-6.775800 
-162.000000	1.005437  	0.064525  	-6.775800 
-161.000000	1.061294  	0.079515  	-6.775800 
-160.000000	1.117152  	0.095436  	-6.775800 
-159.000000	1.173009  	0.111748  	-6.775800 
-158.000000	1.228867  	0.129037  	-6.775800 
-157.000000	1.284724  	0.146599  	-6.775800 
-156.000000	1.340582  	0.165167  	-6.775800 
-155.000000	1.396440  	0.183903  	-6.775800 
-154.000000	1.452297  	0.203654  	-6.775800 
-153.000000	1.508155  	0.223483  	-6.775800 
-152.000000	1.564012  	0.244316  	-6.775800 
-151.000000	1.619870  	0.265150  	-6.775800 
-150.000000	1.573659  	0.287435  	-6.775800 
-149.000000	1.527448  	0.309720  	-6.775800 
-148.000000	1.481237  	0.332004  	-6.775800 
-147.000000	1.435026  	0.354289  	-6.775800 
-146.000000	1.394405  	0.377569  	-6.775800 
-145.000000	1.356889  	0.401401  	-6.775800 
-144.000000	1.319374  	0.425233  	-6.775800 
-143.000000	1.281858  	0.449065  	-6.775800 
-142.000000	1.245885  	0.473185  	-6.775800 
-141.000000	1.213767  	0.498027  	-6.775800 
-140.000000	1.181649  	0.522869  	-6.775800 
-139.000000	1.149531  	0.547711  	-6.775800 
-138.000000	1.117413  	0.572553  	-6.775800 
-137.000000	1.088428  	0.597813  	-6.775800 
-136.000000	1.059685  	0.623105  	-6.775800 
-135.000000	1.030941  	0.648398  	-6.775800 
-134.000000	1.002197  	0.673690  	-6.775800 
-133.000000	0.974655  	0.698915  	-6.775800 
-132.000000	0.948015  	0.724089  	-6.775800 
-131.000000	0.921375  	0.749263  	-6.775800 
-130.000000	0.894735  	0.774438  	-6.775800 
-129.000000	0.868376  	0.799466  	-6.775800 
-128.000000	0.843047  	0.823957  	-6.775800 
-127.000000	0.817719  	0.848449  	-6.775800 
-126.000000	0.792390  	0.872940  	-6.775800 
-125.000000	0.767061  	0.897432  	-6.775800 
-124.000000	0.742455  	0.920869  	-6.775800 
-123.000000	0.717968  	0.944130  	-6.775800 
-122.000000	0.693482  	0.967391  	-6.775800 
-121.000000	0.668996  	0.990652  	-6.775800 
-120.000000	0.644811  	1.013038  	-6.775800 
-119.000000	0.620928  	1.034550  	-6.775800 
-118.000000	0.597045  	1.056062  	-6.775800 
-117.000000	0.573162  	1.077574  	-6.775800 
-116.000000	0.549355  	1.098768  	-6.775800 
-115.000000	0.526006  	1.118053  	-6.775800 
-114.000000	0.502658  	1.137339  	-6.775800 
-113.000000	0.479309  	1.156625  	-6.775800 
-112.000000	0.455960  	1.175910  	-6.775800 
-111.000000	0.433080  	1.193113  	-6.775800 
-110.000000	0.410327  	1.209747  	-6.775800 
-109.000000	0.387573  	1.226381  	-6.775800 
-108.000000	0.364820  	1.243015  	-6.775800 
-107.000000	0.342392  	1.258358  	-6.775800 
-106.000000	0.320396  	1.271977  	-6.775800 
-105.000000	0.298400  	1.285597  	-6.775800 
-104.000000	0.276404  	1.299217  	-6.775800 
-103.000000	0.254480  	1.312600  	-6.775800 
-102.000000	0.233482  	1.322912  	-6.775800 
-101.000000	0.212484  	1.333224  	-6.775800 
-100.000000	0.191486  	1.343535  	-6.775800 
-99.000000	0.170488  	1.353847  	-6.775800 
-98.000000	0.150417  	1.361642  	-6.775800 
-97.000000	0.130718  	1.368429  	-6.775800 
-96.000000	0.111019  	1.375217  	-6.775800 
-95.000000	0.091320  	1.382005  	-6.775800 
-94.000000	0.072210  	1.387485  	-6.775800 
-93.000000	0.054157  	1.390614  	-6.775800 
-92.000000	0.036105  	1.393743  	-6.775800 
-91.000000	0.018052  	1.396871  	-6.775800 
-90.000000	0.000000  	1.400000  	-6.775800 
-89.000000	-0.018052 	1.396871  	-6.775800 
-88.000000	-0.036105 	1.393743  	-6.775800 
-87.000000	-0.054157 	1.390614  	-6.775800 
-86.000000	-0.072210 	1.387485  	-6.775800 
-85.000000	-0.091320 	1.382005  	-6.775800 
-84.000000	-0.111019 	1.375217  	-6.775800 
-83.000000	-0.130718 	1.368429  	-6.775800 
-82.000000	-0.150417 	1.361642  	-6.775800 
-81.000000	-0.170488 	1.353847  	-6.775800 
-80.000000	-0.191486 	1.343535  	-6.775800 
-79.000000	-0.212484 	1.333224  	-6.775800 
-78.000000	-0.233482 	1.322912  	-6.775800 
-77.000000	-0.254480 	1.312600  	-6.775800 
-76.000000	-0.276404 	1.299217  	-6.775800 
-75.000000	-0.298400 	1.285597  	-6.775800 
-74.000000	-0.320396 	1.271977  	-6.775800 
-73.000000	-0.342392 	1.258358  	-6.775800 
-72.000000	-0.364820 	1.243015  	-6.775800 
-71.000000	-0.387573 	1.226381  	-6.775800 
-70.000000	-0.410327 	1.209747  	-6.775800 
-69.000000	-0.433080 	1.193113  	-6.775800 
-68.000000	-0.455960 	1.175910  	-6.775800 
-67.000000	-0.479309 	1.156625  	-6.775800 
-66.000000	-0.502658 	1.137339  	-6.775800 
-65.000000	-0.526006 	1.118053  	-6.775800 
-64.000000	-0.549355 	1.098768  	-6.775800 
-63.000000	-0.573162 	1.077574  	-6.775800 
-62.000000	-0.597045 	1.056062  	-6.775800 
-61.000000	-0.620928 	1.034550  	-6.775800 
-60.000000	-0.644811 	1.013038  	-6.775800 
-59.000000	-0.668996 	0.990652  	-6.775800 
-58.000000	-0.693482 	0.967391  	-6.775800 
-57.000000	-0.717968 	0.944130  	-6.775800 
-56.000000	-0.742455 	0.920869  	-6.775800 
-55.000000	-0.767061 	0.897432  	-6.775800 
-54.000000	-0.792390 	0.872940  	-6.775800 
-53.000000	-0.817719 	0.848449  	-6.775800 
-52.000000	-0.843047 	0.823957  	-6.775800 
-51.000000	-0.868376 	0.799466  	-6.775800 
-50.000000	-0.894735 	0.774438  	-6.775800 
-49.000000	-0.921375 	0.749263  	-6.775800 
-48.000000	-0.948015 	0.724089  	-6.775800 
-47.000000	-0.974655 	0.698915  	-6.775800 
-46.000000	-1.002197 	0.673690  	-6.775800 
-45.000000	-1.030941 	0.648398  	-6.775800 
-44.000000	-1.059685 	0.623105  	-6.775800 
-43.000000	-1.088428 	0.597813  	-6.775800 
-42.000000	-1.117413 	0.572553  	-6.775800 
-41.000000	-1.149531 	0.547711  	-6.775800 
-40.000000	-1.181649 	0.522869  	-6.775800 
-39.000000	-1.213767 	0.498027  	-6.775800 
-38.000000	-1.245885 	0.473185  	-6.775800 
-37.000000	-1.281858 	0.449065  	-6.775800 
-36.000000	-1.319374 	0.425233  	-6.775800 
-35.000000	-1.356889 	0.401401  	-6.775800 
-34.000000	-1.394405 	0.377569  	-6.775800 
-33.000000	-1.435026 	0.354289  	-6.775800 
-32.000000	-1.481237 	0.332004  	-6.775800 
-31.000000	-1.527448 	0.309720  	-6.775800 
-30.000000	-1.573659 	0.287435  	-6.775800 
-29.000000	-1.619870 	0.265150  	-6.775800 
-28.000000	-1.569903 	0.253170  	-6.775800 
-27.000000	-1.519936 	0.241190  	-6.775800 
-26.000000	-1.469969 	0.229210  	-6.775800 
-25.000000	-1.420003 	0.217230  	-6.775800 
-24.000000	-1.370036 	0.205250  	-6.775800 
-23.000000	-1.320069 	0.193270  	-6.775800 
-22.000000	-1.270102 	0.181290  	-6.775800 
-21.000000	-1.220135 	0.169310  	-6.775800 
-20.000000	-1.170168 	0.157330  	-6.775800 
-19.000000	-1.120202 	0.145350  	-6.775800 
-18.000000	-1.070235 	0.133370  	-6.775800 
-17.000000	-1.020268 	0.121390  	-6.775800 
-16.000000	-0.970301 	0.109410  	-6.775800 
-15.000000	-0.920334 	0.097430  	-6.775800 
-14.000000	-0.870367 	0.085450  	-6.775800 
-13.000000	-0.820401 	0.073470  	-6.775800 
-12.000000	-0.770434 	0.061490  	-5.593879 
-11.000000	-0.720467 	0.049510  	-3.939189 
-10.000000	-0.670500 	0.037530  	-2.284500 
-9.000000 	-0.523400 	0.037810  	-2.133900 
-8.000000 	-0.377700 	0.038140  	-1.988400 
-7.000000 	-0.232700 	0.038450  	-1.847000 
-6.000000 	-0.087600 	0.038800  	-1.708700 
-5.000000 	0.056400  	0.039150  	-1.576400 
-4.000000 	0.198900  	0.039470  	-1.446400 
-3.000000 	0.342200  	0.039820  	-1.318900 
-2.000000 	0.483600  	0.040150  	-1.391500 
-1.000000 	0.624600  	0.040490  	-1.514700 
0.000000  	0.763800  	0.040840  	-1.643800 
1.000000  	0.902800  	0.041210  	-1.774000 
2.000000  	1.040500  	0.041530  	-1.909300 
3.000000  	1.177100  	0.041840  	-2.047800 
4.000000  	1.311900  	0.042240  	-2.191000 
5.000000  	1.446500  	0.042550  	-2.342000 
6.000000  	1.577800  	0.043030  	-2.499600 
7.000000  	1.709200  	0.043370  	-2.668800 
8.000000  	1.836000  	0.044020  	-2.843300 
9.000000  	1.964100  	0.044450  	-3.033600 
10.000000 	2.085700  	0.045320  	-3.237400 
11.000000 	2.206200  	0.046120  	-3.462600 
12.000000 	2.319600  	0.047380  	-3.697200 
13.000000 	2.420200  	0.049460  	-3.940800 
14.000000 	2.456200  	0.055950  	-4.132800 
15.000000 	2.463900  	0.065730  	-4.299700 
16.000000 	2.466700  	0.077380  	-4.468700 
17.000000 	2.450200  	0.092160  	-4.610800 
18.000000 	2.424900  	0.108720  	-4.736400 
19.000000 	2.399800  	0.125610  	-4.862800 
20.000000 	2.361200  	0.144340  	-4.973600 
21.000000 	2.338800  	0.160890  	-5.136100 
22.000000 	2.309500  	0.178520  	-5.284100 
23.000000 	2.301600  	0.192970  	-5.481700 
24.000000 	2.296500  	0.206890  	-5.678200 
25.000000 	2.296600  	0.219680  	-5.891900 
26.000000 	2.298600  	0.231940  	-6.107800 
27.000000 	2.303900  	0.243330  	-6.337600 
28.000000 	2.310200  	0.254210  	-6.560400 
29.000000 	2.314100  	0.265150  	-6.775800 
30.000000 	2.248084  	0.287435  	-6.775800 
31.000000 	2.182069  	0.309720  	-6.775800 
32.000000 	2.116053  	0.332004  	-6.775800 
33.000000 	2.050037  	0.354289  	-6.775800 
34.000000 	1.992007  	0.377569  	-6.775800 
35.000000 	1.938413  	0.401401  	-6.775800 
36.000000 	1.884820  	0.425233  	-6.775800 
37.000000 	1.831226  	0.449065  	-6.775800 
38.000000 	1.779835  	0.473185  	-6.775800 
39.000000 	1.733953  	0.498027  	-6.775800 
40.000000 	1.688070  	0.522869  	-6.775800 
41.000000 	1.642187  	0.547711  	-6.775800 
42.000000 	1.596304  	0.572553  	-6.775800 
43.000000 	1.554898  	0.597813  	-6.775800 
44.000000 	1.513835  	0.623105  	-6.775800 
45.000000 	1.472773  	0.648398  	-6.775800 
46.000000 	1.431710  	0.673690  	-6.775800 
47.000000 	1.392365  	0.698915  	-6.775800 
48.000000 	1.354308  	0.724089  	-6.775800 
49.000000 	1.316250  	0.749263  	-6.775800 
50.000000 	1.278193  	0.774438  	-6.775800 
51.000000 	1.240537  	0.799466  	-6.775800 
52.000000 	1.204353  	0.823957  	-6.775800 
53.000000 	1.168170  	0.848449  	-6.775800 
54.000000 	1.131986  	0.872940  	-6.775800 
55.000000 	1.095802  	0.897432  	-6.775800 
56.000000 	1.060649  	0.920869  	-6.775800 
57.000000 	1.025669  	0.944130  	-6.775800 
58.000000 	0.990688  	0.967391  	-6.775800 
59.000000 	0.955708  	0.990652  	-6.775800 
60.000000 	0.921158  	1.013038  	-6.775800 
61.000000 	0.887040  	1.034550  	-6.775800 
62.000000 	0.852921  	1.056062  	-6.775800 
63.000000 	0.818802  	1.077574  	-6.775800 
64.000000 	0.784793  	1.098768  	-6.775800 
65.000000 	0.751438  	1.118053  	-6.775800 
66.000000 	0.718082  	1.137339  	-6.775800 
67.000000 	0.684727  	1.156625  	-6.775800 
68.000000 	0.651372  	1.175910  	-6.775800 
69.000000 	0.618685  	1.193113  	-6.775800 
70.000000 	0.586181  	1.209747  	-6.775800 
71.000000 	0.553676  	1.226381  	-6.775800 
72.000000 	0.521172  	1.243015  	-6.775800 
73.000000 	0.489131  	1.258358  	-6.775800 
74.000000 	0.457708  	1.271977  	-6.775800 
75.000000 	0.426286  	1.285597  	-6.775800 
76.000000 	0.394863  	1.299217  	-6.775800 
77.000000 	0.363543  	1.312600  	-6.775800 
78.000000 	0.333545  	1.322912  	-6.775800 
79.000000 	0.303548  	1.333224  	-6.775800 
80.000000 	0.273551  	1.343535  	-6.775800 
81.000000 	0.243554  	1.353847  	-6.775800 
82.000000 	0.214882  	1.361642  	-6.775800 
83.000000 	0.186741  	1.368429  	-6.775800 
84.000000 	0.158599  	1.375217  	-6.775800 
85.000000 	0.130458  	1.382005  	-6.775800 
86.000000 	0.103157  	1.387485  	-6.775800 
87.000000 	0.077367  	1.390614  	-6.775800 
88.000000 	0.051578  	1.393743  	-6.775800 
89.000000 	0.025789  	1.396871  	-6.775800 
90.000000 	0.000000  	1.400000  	-6.775800 
91.000000 	-0.018052 	1.396871  	-6.775800 
92.000000 	-0.036105 	1.393743  	-6.775800 
93.000000 	-0.054157 	1.390614  	-6.775800 
94.000000 	-0.072210 	1.387485  	-6.775800 
95.000000 	-0.091320 	1.382005  	-6.775800 
96.000000 	-0.111019 	1.375217  	-6.775800 
97.000000 	-0.130718 	1.368429  	-6.775800 
98.000000 	-0.150417 	1.361642  	-6.775800 
99.000000 	-0.170488 	1.353847  	-6.775800 
100.000000	-0.191486 	1.343535  	-6.775800 
101.000000	-0.212484 	1.333224  	-6.775800 
102.000000	-0.233482 	1.322912  	-6.775800 
103.000000	-0.254480 	1.312600  	-6.775800 
104.000000	-0.276404 	1.299217  	-6.775800 
105.000000	-0.298400 	1.285597  	-6.775800 
106.000000	-0.320396 	1.271977  	-6.775800 
107.000000	-0.342392 	1.258358  	-6.775800 
108.000000	-0.364820 	1.243015  	-6.775800 
109.000000	-0.387573 	1.226381  	-6.775800 
110.000000	-0.410327 	1.209747  	-6.775800 
111.000000	-0.433080 	1.193113  	-6.775800 
112.000000	-0.455960 	1.175910  	-6.775800 
113.000000	-0.479309 	1.156625  	-6.775800 
114.000000	-0.502658 	1.137339  	-6.775800 
115.000000	-0.526006 	1.118053  	-6.775800 
116.000000	-0.549355 	1.098768  	-6.775800 
117.000000	-0.573162 	1.077574  	-6.775800 
118.000000	-0.597045 	1.056062  	-6.775800 
119.000000	-0.620928 	1.034550  	-6.775800 
120.000000	-0.644811 	1.013038  	-6.775800 
121.000000	-0.668996 	0.990652  	-6.775800 
122.000000	-0.693482 	0.967391  	-6.775800 
123.000000	-0.717968 	0.944130  	-6.775800 
124.000000	-0.742455 	0.920869  	-6.775800 
125.000000	-0.767061 	0.897432  	-6.775800 
126.000000	-0.792390 	0.872940  	-6.775800 
127.000000	-0.817719 	0.848449  	-6.775800 
128.000000	-0.843047 	0.823957  	-6.775800 
129.000000	-0.868376 	0.799466  	-6.775800 
130.000000	-0.894735 	0.774438  	-6.775800 
131.000000	-0.921375 	0.749263  	-6.775800 
132.000000	-0.948015 	0.724089  	-6.775800 
133.000000	-0.974655 	0.698915  	-6.775800 
134.000000	-1.002197 	0.673690  	-6.775800 
135.000000	-1.030941 	0.648398  	-6.775800 
136.000000	-1.059685 	0.623105  	-6.775800 
137.000000	-1.088428 	0.597813  	-6.775800 
138.000000	-1.117413 	0.572553  	-6.775800 
139.000000	-1.149531 	0.547711  	-6.775800 
140.000000	-1.181649 	0.522869  	-6.775800 
141.000000	-1.213767 	0.498027  	-6.775800 
142.000000	-1.245885 	0.473185  	-6.775800 
143.000000	-1.281858 	0.449065  	-6.775800 
144.000000	-1.319374 	0.425233  	-6.775800 
145.000000	-1.356889 	0.401401  	-6.775800 
146.000000	-1.394405 	0.377569  	-6.775800 
147.000000	-1.435026 	0.354289  	-6.775800 
148.000000	-1.481237 	0.332004  	-6.775800 
149.000000	-1.527448 	0.309720  	-6.775800 
150.000000	-1.573659 	0.287435  	-6.775800 
151.000000	-1.619870 	0.265150  	-6.775800 
152.000000	-1.564012 	0.244316  	-6.775800 
153.000000	-1.508155 	0.223483  	-6.775800 
154.000000	-1.452297 	0.203654  	-6.775800 
155.000000	-1.396440 	0.183903  	-6.775800 
156.000000	-1.340582 	0.165167  	-6.775800 
157.000000	-1.284724 	0.146599  	-6.775800 
158.000000	-1.228867 	0.129037  	-6.775800 
159.000000	-1.173009 	0.111748  	-6.775800 
160.000000	-1.117152 	0.095436  	-6.775800 
161.000000	-1.061294 	0.079515  	-6.775800 
162.000000	-1.005437 	0.064525  	-6.775800 
163.000000	-0.949579 	0.050053  	-6.775800 
164.000000	-0.893721 	0.036450  	-6.775800 
165.000000	-0.837864 	0.023501  	-6.775800 
166.000000	-0.782006 	0.013158  	-6.775800 
167.000000	-0.726149 	0.005421  	-6.775800 
168.000000	-0.670291 	0.001000  	-6.775800 
169.000000	-0.614433 	0.001000  	-6.775800 
170.000000	-0.558576 	0.001000  	-6.775800 
171.000000	-0.502718 	0.001000  	-6.775800 
172.000000	-0.446861 	0.001000  	-6.775800 
173.000000	-0.391003 	0.001000  	-6.775800 
174.000000	-0.335146 	0.001000  	-6.775800 
175.000000	-0.279288 	0.001000  	-6.775800 
176.000000	-0.223430 	0.001000  	-6.775800 
177.000000	-0.167573 	0.001000  	-6.775800 
178.000000	-0.111715 	0.001000  	-6.775800 
179.000000	-0.055858 	0.001000  	-6.775800 
180.000000	0.000000  	0.001000  	-6.775800 
! ------------------------------------------------------------------------------
! data for table	11        
! ------------------------------------------------------------------------------
  1.200000  	Re           ! Reynolds number in millions
  0.000000  	UserProp     ! User property (control) setting
Flase           InclUAdata   ! Is unsteady aerodynamics data included in this table? If TRUE, then include UA coefficients below this line. Any missing coefficients will be calculated internally.
! Table of aerodynamics coefficients
  361       	NumAlf       ! Number of data lines in the following table
!Alpha      Cl          Cd          Cm/Cp
!(deg)      (-)         (-)         (-)
-180.000000	0.000000  	0.001000  	-6.821500 
-179.000000	0.056152  	0.001000  	-6.821500 
-178.000000	0.112304  	0.001000  	-6.821500 
-177.000000	0.168456  	0.001000  	-6.821500 
-176.000000	0.224608  	0.001000  	-6.821500 
-175.000000	0.280760  	0.001000  	-6.821500 
-174.000000	0.336912  	0.001000  	-6.821500 
-173.000000	0.393064  	0.001000  	-6.821500 
-172.000000	0.449217  	0.001000  	-6.821500 
-171.000000	0.505369  	0.001000  	-6.821500 
-170.000000	0.561521  	0.001000  	-6.821500 
-169.000000	0.617673  	0.001000  	-6.821500 
-168.000000	0.673825  	0.001000  	-6.821500 
-167.000000	0.729977  	0.004880  	-6.821500 
-166.000000	0.786129  	0.011671  	-6.821500 
-165.000000	0.842281  	0.021546  	-6.821500 
-164.000000	0.898433  	0.034505  	-6.821500 
-163.000000	0.954585  	0.048118  	-6.821500 
-162.000000	1.010737  	0.062601  	-6.821500 
-161.000000	1.066889  	0.077602  	-6.821500 
-160.000000	1.123041  	0.093535  	-6.821500 
-159.000000	1.179193  	0.109859  	-6.821500 
-158.000000	1.235346  	0.127161  	-6.821500 
-157.000000	1.291498  	0.144737  	-6.821500 
-156.000000	1.347650  	0.163318  	-6.821500 
-155.000000	1.403802  	0.182069  	-6.821500 
-154.000000	1.459954  	0.201836  	-6.821500 
-153.000000	1.516106  	0.221679  	-6.821500 
-152.000000	1.572258  	0.242530  	-6.821500 
-151.000000	1.628410  	0.263380  	-6.821500 
-150.000000	1.581815  	0.285683  	-6.821500 
-149.000000	1.535220  	0.307986  	-6.821500 
-148.000000	1.488625  	0.330289  	-6.821500 
-147.000000	1.442031  	0.352592  	-6.821500 
-146.000000	1.401076  	0.375891  	-6.821500 
-145.000000	1.363255  	0.399744  	-6.821500 
-144.000000	1.325434  	0.423596  	-6.821500 
-143.000000	1.287613  	0.447449  	-6.821500 
-142.000000	1.251350  	0.471591  	-6.821500 
-141.000000	1.218983  	0.496455  	-6.821500 
-140.000000	1.186616  	0.521320  	-6.821500 
-139.000000	1.154249  	0.546184  	-6.821500 
-138.000000	1.121882  	0.571049  	-6.821500 
-137.000000	1.092687  	0.596334  	-6.821500 
-136.000000	1.063736  	0.621651  	-6.821500 
-135.000000	1.034786  	0.646968  	-6.821500 
-134.000000	1.005835  	0.672285  	-6.821500 
-133.000000	0.978105  	0.697535  	-6.821500 
-132.000000	0.951291  	0.722736  	-6.821500 
-131.000000	0.924478  	0.747937  	-6.821500 
-130.000000	0.897664  	0.773137  	-6.821500 
-129.000000	0.871137  	0.798192  	-6.821500 
-128.000000	0.845662  	0.822712  	-6.821500 
-127.000000	0.820187  	0.847232  	-6.821500 
-126.000000	0.794712  	0.871751  	-6.821500 
-125.000000	0.769237  	0.896271  	-6.821500 
-124.000000	0.744504  	0.919737  	-6.821500 
-123.000000	0.719894  	0.943028  	-6.821500 
-122.000000	0.695285  	0.966319  	-6.821500 
-121.000000	0.670675  	0.989610  	-6.821500 
-120.000000	0.646378  	1.012026  	-6.821500 
-119.000000	0.622392  	1.033569  	-6.821500 
-118.000000	0.598406  	1.055112  	-6.821500 
-117.000000	0.574420  	1.076655  	-6.821500 
-116.000000	0.550513  	1.097881  	-6.821500 
-115.000000	0.527080  	1.117198  	-6.821500 
-114.000000	0.503647  	1.136516  	-6.821500 
-113.000000	0.480214  	1.155834  	-6.821500 
-112.000000	0.456781  	1.175152  	-6.821500 
-111.000000	0.433830  	1.192388  	-6.821500 
-110.000000	0.411009  	1.209055  	-6.821500 
-109.000000	0.388188  	1.225723  	-6.821500 
-108.000000	0.365368  	1.242390  	-6.821500 
-107.000000	0.342879  	1.257766  	-6.821500 
-106.000000	0.320831  	1.271420  	-6.821500 
-105.000000	0.298784  	1.285074  	-6.821500 
-104.000000	0.276736  	1.298727  	-6.821500 
-103.000000	0.254761  	1.312145  	-6.821500 
-102.000000	0.233727  	1.322491  	-6.821500 
-101.000000	0.212693  	1.332838  	-6.821500 
-100.000000	0.191658  	1.343184  	-6.821500 
-99.000000	0.170624  	1.353531  	-6.821500 
-98.000000	0.150528  	1.361360  	-6.821500 
-97.000000	0.130807  	1.368183  	-6.821500 
-96.000000	0.111086  	1.375006  	-6.821500 
-95.000000	0.091366  	1.381828  	-6.821500 
-94.000000	0.072238  	1.387344  	-6.821500 
-93.000000	0.054179  	1.390508  	-6.821500 
-92.000000	0.036119  	1.393672  	-6.821500 
-91.000000	0.018060  	1.396836  	-6.821500 
-90.000000	0.000000  	1.400000  	-6.821500 
-89.000000	-0.018060 	1.396836  	-6.821500 
-88.000000	-0.036119 	1.393672  	-6.821500 
-87.000000	-0.054179 	1.390508  	-6.821500 
-86.000000	-0.072238 	1.387344  	-6.821500 
-85.000000	-0.091366 	1.381828  	-6.821500 
-84.000000	-0.111086 	1.375006  	-6.821500 
-83.000000	-0.130807 	1.368183  	-6.821500 
-82.000000	-0.150528 	1.361360  	-6.821500 
-81.000000	-0.170624 	1.353531  	-6.821500 
-80.000000	-0.191658 	1.343184  	-6.821500 
-79.000000	-0.212693 	1.332838  	-6.821500 
-78.000000	-0.233727 	1.322491  	-6.821500 
-77.000000	-0.254761 	1.312145  	-6.821500 
-76.000000	-0.276736 	1.298727  	-6.821500 
-75.000000	-0.298784 	1.285074  	-6.821500 
-74.000000	-0.320831 	1.271420  	-6.821500 
-73.000000	-0.342879 	1.257766  	-6.821500 
-72.000000	-0.365368 	1.242390  	-6.821500 
-71.000000	-0.388188 	1.225723  	-6.821500 
-70.000000	-0.411009 	1.209055  	-6.821500 
-69.000000	-0.433830 	1.192388  	-6.821500 
-68.000000	-0.456781 	1.175152  	-6.821500 
-67.000000	-0.480214 	1.155834  	-6.821500 
-66.000000	-0.503647 	1.136516  	-6.821500 
-65.000000	-0.527080 	1.117198  	-6.821500 
-64.000000	-0.550513 	1.097881  	-6.821500 
-63.000000	-0.574420 	1.076655  	-6.821500 
-62.000000	-0.598406 	1.055112  	-6.821500 
-61.000000	-0.622392 	1.033569  	-6.821500 
-60.000000	-0.646378 	1.012026  	-6.821500 
-59.000000	-0.670675 	0.989610  	-6.821500 
-58.000000	-0.695285 	0.966319  	-6.821500 
-57.000000	-0.719894 	0.943028  	-6.821500 
-56.000000	-0.744504 	0.919737  	-6.821500 
-55.000000	-0.769237 	0.896271  	-6.821500 
-54.000000	-0.794712 	0.871751  	-6.821500 
-53.000000	-0.820187 	0.847232  	-6.821500 
-52.000000	-0.845662 	0.822712  	-6.821500 
-51.000000	-0.871137 	0.798192  	-6.821500 
-50.000000	-0.897664 	0.773137  	-6.821500 
-49.000000	-0.924478 	0.747937  	-6.821500 
-48.000000	-0.951291 	0.722736  	-6.821500 
-47.000000	-0.978105 	0.697535  	-6.821500 
-46.000000	-1.005835 	0.672285  	-6.821500 
-45.000000	-1.034786 	0.646968  	-6.821500 
-44.000000	-1.063736 	0.621651  	-6.821500 
-43.000000	-1.092687 	0.596334  	-6.821500 
-42.000000	-1.121882 	0.571049  	-6.821500 
-41.000000	-1.154249 	0.546184  	-6.821500 
-40.000000	-1.186616 	0.521320  	-6.821500 
-39.000000	-1.218983 	0.496455  	-6.821500 
-38.000000	-1.251350 	0.471591  	-6.821500 
-37.000000	-1.287613 	0.447449  	-6.821500 
-36.000000	-1.325434 	0.423596  	-6.821500 
-35.000000	-1.363255 	0.399744  	-6.821500 
-34.000000	-1.401076 	0.375891  	-6.821500 
-33.000000	-1.442031 	0.352592  	-6.821500 
-32.000000	-1.488625 	0.330289  	-6.821500 
-31.000000	-1.535220 	0.307986  	-6.821500 
-30.000000	-1.581815 	0.285683  	-6.821500 
-29.000000	-1.628410 	0.263380  	-6.821500 
-28.000000	-1.577899 	0.251490  	-6.821500 
-27.000000	-1.527388 	0.239600  	-6.821500 
-26.000000	-1.476877 	0.227710  	-6.821500 
-25.000000	-1.426366 	0.215820  	-6.821500 
-24.000000	-1.375855 	0.203930  	-6.821500 
-23.000000	-1.325344 	0.192040  	-6.821500 
-22.000000	-1.274833 	0.180150  	-6.821500 
-21.000000	-1.224322 	0.168260  	-6.821500 
-20.000000	-1.173811 	0.156370  	-6.821500 
-19.000000	-1.123299 	0.144480  	-6.821500 
-18.000000	-1.072788 	0.132590  	-6.821500 
-17.000000	-1.022277 	0.120700  	-6.821500 
-16.000000	-0.971766 	0.108810  	-6.821500 
-15.000000	-0.921255 	0.096920  	-6.821500 
-14.000000	-0.870744 	0.085030  	-6.821500 
-13.000000	-0.820233 	0.073140  	-6.821500 
-12.000000	-0.769722 	0.061250  	-5.627658 
-11.000000	-0.719211 	0.049360  	-3.956279 
-10.000000	-0.668700 	0.037470  	-2.284900 
-9.000000 	-0.521700 	0.037770  	-2.134700 
-8.000000 	-0.375300 	0.038090  	-1.988900 
-7.000000 	-0.230400 	0.038420  	-1.847400 
-6.000000 	-0.086100 	0.038770  	-1.709100 
-5.000000 	0.058700  	0.039130  	-1.576700 
-4.000000 	0.201300  	0.039460  	-1.446400 
-3.000000 	0.343800  	0.039790  	-1.319100 
-2.000000 	0.485700  	0.040140  	-1.393200 
-1.000000 	0.625900  	0.040460  	-1.516000 
0.000000  	0.766000  	0.040800  	-1.645700 
1.000000  	0.904900  	0.041120  	-1.776000 
2.000000  	1.042000  	0.041460  	-1.910800 
3.000000  	1.179100  	0.041740  	-2.049900 
4.000000  	1.314600  	0.042080  	-2.194000 
5.000000  	1.448600  	0.042420  	-2.344500 
6.000000  	1.581100  	0.042790  	-2.503100 
7.000000  	1.711900  	0.043160  	-2.671800 
8.000000  	1.840400  	0.043670  	-2.848100 
9.000000  	1.967900  	0.044140  	-3.037800 
10.000000 	2.091200  	0.044840  	-3.243600 
11.000000 	2.210800  	0.045760  	-3.467900 
12.000000 	2.326800  	0.046800  	-3.705900 
13.000000 	2.431200  	0.048590  	-3.954700 
14.000000 	2.497100  	0.052940  	-4.185400 
15.000000 	2.487500  	0.063590  	-4.332700 
16.000000 	2.481300  	0.075910  	-4.491200 
17.000000 	2.460900  	0.091090  	-4.628500 
18.000000 	2.441400  	0.106890  	-4.765500 
19.000000 	2.406000  	0.125000  	-4.874900 
20.000000 	2.378900  	0.142190  	-5.012600 
21.000000 	2.342400  	0.160600  	-5.145200 
22.000000 	2.323400  	0.176740  	-5.319500 
23.000000 	2.310500  	0.191900  	-5.505700 
24.000000 	2.302300  	0.206240  	-5.694900 
25.000000 	2.300000  	0.219410  	-5.902200 
26.000000 	2.306800  	0.230890  	-6.134500 
27.000000 	2.313900  	0.241980  	-6.371500 
28.000000 	2.320600  	0.252780  	-6.597300 
29.000000 	2.326300  	0.263380  	-6.821500 
30.000000 	2.259736  	0.285683  	-6.821500 
31.000000 	2.193172  	0.307986  	-6.821500 
32.000000 	2.126608  	0.330289  	-6.821500 
33.000000 	2.060044  	0.352592  	-6.821500 
34.000000 	2.001537  	0.375891  	-6.821500 
35.000000 	1.947507  	0.399744  	-6.821500 
36.000000 	1.893477  	0.423596  	-6.821500 
37.000000 	1.839447  	0.447449  	-6.821500 
38.000000 	1.787643  	0.471591  	-6.821500 
39.000000 	1.741405  	0.496455  	-6.821500 
40.000000 	1.695166  	0.521320  	-6.821500 
41.000000 	1.648927  	0.546184  	-6.821500 
42.000000 	1.602688  	0.571049  	-6.821500 
43.000000 	1.560981  	0.596334  	-6.821500 
44.000000 	1.519623  	0.621651  	-6.821500 
45.000000 	1.478265  	0.646968  	-6.821500 
46.000000 	1.436907  	0.672285  	-6.821500 
47.000000 	1.397293  	0.697535  	-6.821500 
48.000000 	1.358988  	0.722736  	-6.821500 
49.000000 	1.320682  	0.747937  	-6.821500 
50.000000 	1.282377  	0.773137  	-6.821500 
51.000000 	1.244481  	0.798192  	-6.821500 
52.000000 	1.208088  	0.822712  	-6.821500 
53.000000 	1.171695  	0.847232  	-6.821500 
54.000000 	1.135302  	0.871751  	-6.821500 
55.000000 	1.098910  	0.896271  	-6.821500 
56.000000 	1.063577  	0.919737  	-6.821500 
57.000000 	1.028420  	0.943028  	-6.821500 
58.000000 	0.993264  	0.966319  	-6.821500 
59.000000 	0.958108  	0.989610  	-6.821500 
60.000000 	0.923397  	1.012026  	-6.821500 
61.000000 	0.889131  	1.033569  	-6.821500 
62.000000 	0.854866  	1.055112  	-6.821500 
63.000000 	0.820600  	1.076655  	-6.821500 
64.000000 	0.786448  	1.097881  	-6.821500 
65.000000 	0.752972  	1.117198  	-6.821500 
66.000000 	0.719496  	1.136516  	-6.821500 
67.000000 	0.686021  	1.155834  	-6.821500 
68.000000 	0.652545  	1.175152  	-6.821500 
69.000000 	0.619756  	1.192388  	-6.821500 
70.000000 	0.587156  	1.209055  	-6.821500 
71.000000 	0.554555  	1.225723  	-6.821500 
72.000000 	0.521954  	1.242390  	-6.821500 
73.000000 	0.489826  	1.257766  	-6.821500 
74.000000 	0.458330  	1.271420  	-6.821500 
75.000000 	0.426834  	1.285074  	-6.821500 
76.000000 	0.395338  	1.298727  	-6.821500 
77.000000 	0.363945  	1.312145  	-6.821500 
78.000000 	0.333896  	1.322491  	-6.821500 
79.000000 	0.303846  	1.332838  	-6.821500 
80.000000 	0.273797  	1.343184  	-6.821500 
81.000000 	0.243748  	1.353531  	-6.821500 
82.000000 	0.215040  	1.361360  	-6.821500 
83.000000 	0.186867  	1.368183  	-6.821500 
84.000000 	0.158695  	1.375006  	-6.821500 
85.000000 	0.130522  	1.381828  	-6.821500 
86.000000 	0.103198  	1.387344  	-6.821500 
87.000000 	0.077398  	1.390508  	-6.821500 
88.000000 	0.051599  	1.393672  	-6.821500 
89.000000 	0.025799  	1.396836  	-6.821500 
90.000000 	0.000000  	1.400000  	-6.821500 
91.000000 	-0.018060 	1.396836  	-6.821500 
92.000000 	-0.036119 	1.393672  	-6.821500 
93.000000 	-0.054179 	1.390508  	-6.821500 
94.000000 	-0.072238 	1.387344  	-6.821500 
95.000000 	-0.091366 	1.381828  	-6.821500 
96.000000 	-0.111086 	1.375006  	-6.821500 
97.000000 	-0.130807 	1.368183  	-6.821500 
98.000000 	-0.150528 	1.361360  	-6.821500 
99.000000 	-0.170624 	1.353531  	-6.821500 
100.000000	-0.191658 	1.343184  	-6.821500 
101.000000	-0.212693 	1.332838  	-6.821500 
102.000000	-0.233727 	1.322491  	-6.821500 
103.000000	-0.254761 	1.312145  	-6.821500 
104.000000	-0.276736 	1.298727  	-6.821500 
105.000000	-0.298784 	1.285074  	-6.821500 
106.000000	-0.320831 	1.271420  	-6.821500 
107.000000	-0.342879 	1.257766  	-6.821500 
108.000000	-0.365368 	1.242390  	-6.821500 
109.000000	-0.388188 	1.225723  	-6.821500 
110.000000	-0.411009 	1.209055  	-6.821500 
111.000000	-0.433830 	1.192388  	-6.821500 
112.000000	-0.456781 	1.175152  	-6.821500 
113.000000	-0.480214 	1.155834  	-6.821500 
114.000000	-0.503647 	1.136516  	-6.821500 
115.000000	-0.527080 	1.117198  	-6.821500 
116.000000	-0.550513 	1.097881  	-6.821500 
117.000000	-0.574420 	1.076655  	-6.821500 
118.000000	-0.598406 	1.055112  	-6.821500 
119.000000	-0.622392 	1.033569  	-6.821500 
120.000000	-0.646378 	1.012026  	-6.821500 
121.000000	-0.670675 	0.989610  	-6.821500 
122.000000	-0.695285 	0.966319  	-6.821500 
123.000000	-0.719894 	0.943028  	-6.821500 
124.000000	-0.744504 	0.919737  	-6.821500 
125.000000	-0.769237 	0.896271  	-6.821500 
126.000000	-0.794712 	0.871751  	-6.821500 
127.000000	-0.820187 	0.847232  	-6.821500 
128.000000	-0.845662 	0.822712  	-6.821500 
129.000000	-0.871137 	0.798192  	-6.821500 
130.000000	-0.897664 	0.773137  	-6.821500 
131.000000	-0.924478 	0.747937  	-6.821500 
132.000000	-0.951291 	0.722736  	-6.821500 
133.000000	-0.978105 	0.697535  	-6.821500 
134.000000	-1.005835 	0.672285  	-6.821500 
135.000000	-1.034786 	0.646968  	-6.821500 
136.000000	-1.063736 	0.621651  	-6.821500 
137.000000	-1.092687 	0.596334  	-6.821500 
138.000000	-1.121882 	0.571049  	-6.821500 
139.000000	-1.154249 	0.546184  	-6.821500 
140.000000	-1.186616 	0.521320  	-6.821500 
141.000000	-1.218983 	0.496455  	-6.821500 
142.000000	-1.251350 	0.471591  	-6.821500 
143.000000	-1.287613 	0.447449  	-6.821500 
144.000000	-1.325434 	0.423596  	-6.821500 
145.000000	-1.363255 	0.399744  	-6.821500 
146.000000	-1.401076 	0.375891  	-6.821500 
147.000000	-1.442031 	0.352592  	-6.821500 
148.000000	-1.488625 	0.330289  	-6.821500 
149.000000	-1.535220 	0.307986  	-6.821500 
150.000000	-1.581815 	0.285683  	-6.821500 
151.000000	-1.628410 	0.263380  	-6.821500 
152.000000	-1.572258 	0.242530  	-6.821500 
153.000000	-1.516106 	0.221679  	-6.821500 
154.000000	-1.459954 	0.201836  	-6.821500 
155.000000	-1.403802 	0.182069  	-6.821500 
156.000000	-1.347650 	0.163318  	-6.821500 
157.000000	-1.291498 	0.144737  	-6.821500 
158.000000	-1.235346 	0.127161  	-6.821500 
159.000000	-1.179193 	0.109859  	-6.821500 
160.000000	-1.123041 	0.093535  	-6.821500 
161.000000	-1.066889 	0.077602  	-6.821500 
162.000000	-1.010737 	0.062601  	-6.821500 
163.000000	-0.954585 	0.048118  	-6.821500 
164.000000	-0.898433 	0.034505  	-6.821500 
165.000000	-0.842281 	0.021546  	-6.821500 
166.000000	-0.786129 	0.011671  	-6.821500 
167.000000	-0.729977 	0.004880  	-6.821500 
168.000000	-0.673825 	0.001000  	-6.821500 
169.000000	-0.617673 	0.001000  	-6.821500 
170.000000	-0.561521 	0.001000  	-6.821500 
171.000000	-0.505369 	0.001000  	-6.821500 
172.000000	-0.449217 	0.001000  	-6.821500 
173.000000	-0.393064 	0.001000  	-6.821500 
174.000000	-0.336912 	0.001000  	-6.821500 
175.000000	-0.280760 	0.001000  	-6.821500 
176.000000	-0.224608 	0.001000  	-6.821500 
177.000000	-0.168456 	0.001000  	-6.821500 
178.000000	-0.112304 	0.001000  	-6.821500 
179.000000	-0.056152 	0.001000  	-6.821500 
180.000000	0.000000  	0.001000  	-6.821500 
