! AeroDyn v15 airfoil data file
! Generated from airfoilprep.py modified by D. Kim (Mar 14th, 2022) 
! start all comment lines with ! 
! ------------------------------------------------------------------------------
"DEFAULT"       InterpOrd    ! Interpolation order to use for quasi-steady table lookup {1=linear; 3=cubic spline; "default"} [default=1]
! ------------------------------------------------------------------------------
! 0.20          RelThickness ! The non-dimensional thickness of the airfoil (thickness/chord) [only used if UAMod=7] [default=0.2] (-)
  1             NonDimArea   ! The non-dimensional area of the airfoil (area/chord^2) (set to 1.0 if unsure or unneeded)
  103           NumCoords    ! The number of coordinates in the airfoil shape file (including an extra coordinate for airfoil reference).
! ......... x-y coordinates are next if NumCoords > 0 .............
! x-y coordinate of airfoil reference
!  x/c        y/c
  0.25       0
! Airfoil: 
!  x/c        y/c
1.0013064 -0.0993822
0.9802154 -0.0948308
0.9591415 -0.0901837
0.9379877 -0.0859409
0.9166845 -0.0825177
0.8952250 -0.0803128
0.8736643 -0.0795728
0.8520981 -0.0801361
0.8305808 -0.0816973
0.8091366 -0.0841086
0.7877933 -0.0872766
0.7665611 -0.0911105
0.7454385 -0.0955209
0.7244224 -0.1004108
0.7035041 -0.1056880
0.6826630 -0.1112650
0.6618775 -0.1170570
0.6411271 -0.1229833
0.6203918 -0.1289658
0.5996535 -0.1349310
0.5788905 -0.1408121
0.5580841 -0.1465434
0.5372231 -0.1520659
0.5162967 -0.1573224
0.4952963 -0.1622631
0.4742132 -0.1668387
0.4530428 -0.1710092
0.4317893 -0.1747338
0.4104570 -0.1779727
0.3890517 -0.1806925
0.3675830 -0.1828583
0.3460630 -0.1844126
0.3245027 -0.1852463
0.3029249 -0.1852211
0.2813771 -0.1841545
0.2599149 -0.1819660
0.2385997 -0.1786323
0.2174926 -0.1741623
0.1966514 -0.1685810
0.1761291 -0.1619235
0.1559756 -0.1542212
0.1362419 -0.1454990
0.1169859 -0.1357619
0.0982864 -0.1249997
0.0802438 -0.1131766
0.0629879 -0.1002275
0.0467164 -0.0860649
0.0317179 -0.0705629
0.0184324 -0.0535704
0.0075725 -0.0349562
0.0003403 -0.0146712
-0.0008103 0.0067528
0.0050258 0.0274628
0.0151439 0.0464824
0.0280118 0.0637916
0.0428142 0.0794787
0.0590453 0.0936853
0.0763678 0.1065440
0.0945385 0.1181639
0.1133985 0.1286426
0.1328157 0.1380582
0.1526836 0.1464669
0.1729301 0.1539225
0.1934921 0.1604638
0.2143155 0.1661119
0.2353570 0.1708847
0.2565763 0.1747942
0.2779337 0.1778498
0.2993950 0.1800642
0.3209265 0.1814862
0.3424910 0.1822243
0.3640666 0.1824081
0.3856427 0.1821441
0.4072087 0.1814329
0.4287559 0.1802967
0.4502779 0.1787520
0.4717682 0.1768165
0.4932208 0.1745189
0.5146353 0.1718915
0.5360137 0.1689724
0.5573578 0.1657984
0.5786696 0.1624073
0.5999508 0.1588335
0.6212035 0.1551048
0.6424322 0.1512423
0.6636398 0.1472653
0.6848287 0.1431872
0.7060007 0.1390216
0.7271575 0.1347793
0.7483009 0.1304721
0.7694326 0.1261083
0.7905549 0.1216993
0.8116697 0.1172543
0.8327786 0.1127813
0.8538840 0.1082913
0.8749874 0.1037923
0.8960900 0.0992895
0.9171927 0.0947873
0.9382923 0.0902704
0.9593773 0.0856819
0.9804063 0.0808547
1.0013069 0.0754949
! ------------------------------------------------------------------------------
"unused"        BL_file      ! The file name including the boundary layer characteristics of the profile. Unused if the aeroacoustic module is not called.
  11        	NumTabs      ! Number of airfoil tables in this file.
! ------------------------------------------------------------------------------
! data for table	1         
! ------------------------------------------------------------------------------
  0.200000  	Re           ! Reynolds number in millions
  0.000000  	UserProp     ! User property (control) setting
Flase           InclUAdata   ! Is unsteady aerodynamics data included in this table? If TRUE, then include UA coefficients below this line. Any missing coefficients will be calculated internally.
! Table of aerodynamics coefficients
  361       	NumAlf       ! Number of data lines in the following table
!Alpha      Cl          Cd          Cm/Cp
!(deg)      (-)         (-)         (-)
-180.000000	0.000000  	0.001000  	-6.690900 
-179.000000	0.053721  	0.001000  	-6.690900 
-178.000000	0.107443  	0.001000  	-6.690900 
-177.000000	0.161164  	0.001000  	-6.690900 
-176.000000	0.214886  	0.001000  	-6.690900 
-175.000000	0.268607  	0.001000  	-6.690900 
-174.000000	0.322328  	0.001000  	-6.690900 
-173.000000	0.376050  	0.001000  	-6.690900 
-172.000000	0.429771  	0.001000  	-6.690900 
-171.000000	0.483492  	0.001000  	-6.690900 
-170.000000	0.537214  	0.001000  	-6.690900 
-169.000000	0.590935  	0.001000  	-6.690900 
-168.000000	0.644657  	0.001000  	-6.690900 
-167.000000	0.698378  	0.005589  	-6.690900 
-166.000000	0.752099  	0.013619  	-6.690900 
-165.000000	0.805821  	0.024108  	-6.690900 
-164.000000	0.859542  	0.037055  	-6.690900 
-163.000000	0.913263  	0.050654  	-6.690900 
-162.000000	0.966985  	0.065123  	-6.690900 
-161.000000	1.020706  	0.080110  	-6.690900 
-160.000000	1.074428  	0.096027  	-6.690900 
-159.000000	1.128149  	0.112335  	-6.690900 
-158.000000	1.181870  	0.129620  	-6.690900 
-157.000000	1.235592  	0.147178  	-6.690900 
-156.000000	1.289313  	0.165741  	-6.690900 
-155.000000	1.343034  	0.184473  	-6.690900 
-154.000000	1.396756  	0.204219  	-6.690900 
-153.000000	1.450477  	0.224043  	-6.690900 
-152.000000	1.504199  	0.244871  	-6.690900 
-151.000000	1.557920  	0.265700  	-6.690900 
-150.000000	1.514494  	0.287979  	-6.690900 
-149.000000	1.471068  	0.310258  	-6.690900 
-148.000000	1.427642  	0.332537  	-6.690900 
-147.000000	1.384216  	0.354816  	-6.690900 
-146.000000	1.346013  	0.378090  	-6.690900 
-145.000000	1.310712  	0.401915  	-6.690900 
-144.000000	1.275412  	0.425741  	-6.690900 
-143.000000	1.240111  	0.449567  	-6.690900 
-142.000000	1.206236  	0.473681  	-6.690900 
-141.000000	1.175926  	0.498515  	-6.690900 
-140.000000	1.145616  	0.523350  	-6.690900 
-139.000000	1.115306  	0.548185  	-6.690900 
-138.000000	1.084996  	0.573020  	-6.690900 
-137.000000	1.057535  	0.598273  	-6.690900 
-136.000000	1.030293  	0.623557  	-6.690900 
-135.000000	1.003051  	0.648842  	-6.690900 
-134.000000	0.975809  	0.674127  	-6.690900 
-133.000000	0.949631  	0.699344  	-6.690900 
-132.000000	0.924250  	0.724510  	-6.690900 
-131.000000	0.898870  	0.749676  	-6.690900 
-130.000000	0.873490  	0.774842  	-6.690900 
-129.000000	0.848349  	0.799861  	-6.690900 
-128.000000	0.824082  	0.824344  	-6.690900 
-127.000000	0.799815  	0.848827  	-6.690900 
-126.000000	0.775547  	0.873310  	-6.690900 
-125.000000	0.751280  	0.897793  	-6.690900 
-124.000000	0.727591  	0.921220  	-6.690900 
-123.000000	0.703998  	0.944472  	-6.690900 
-122.000000	0.680404  	0.967724  	-6.690900 
-121.000000	0.656811  	0.990975  	-6.690900 
-120.000000	0.633446  	1.013352  	-6.690900 
-119.000000	0.610308  	1.034855  	-6.690900 
-118.000000	0.587170  	1.056357  	-6.690900 
-117.000000	0.564032  	1.077859  	-6.690900 
-116.000000	0.540951  	1.099043  	-6.690900 
-115.000000	0.518215  	1.118319  	-6.690900 
-114.000000	0.495478  	1.137595  	-6.690900 
-113.000000	0.472742  	1.156870  	-6.690900 
-112.000000	0.450005  	1.176146  	-6.690900 
-111.000000	0.427640  	1.193338  	-6.690900 
-110.000000	0.405376  	1.209962  	-6.690900 
-109.000000	0.383113  	1.226586  	-6.690900 
-108.000000	0.360849  	1.243210  	-6.690900 
-107.000000	0.338860  	1.258542  	-6.690900 
-106.000000	0.317239  	1.272151  	-6.690900 
-105.000000	0.295617  	1.285760  	-6.690900 
-104.000000	0.273995  	1.299369  	-6.690900 
-103.000000	0.252437  	1.312741  	-6.690900 
-102.000000	0.231703  	1.323042  	-6.690900 
-101.000000	0.210969  	1.333343  	-6.690900 
-100.000000	0.190235  	1.343645  	-6.690900 
-99.000000	0.169500  	1.353946  	-6.690900 
-98.000000	0.149618  	1.361729  	-6.690900 
-97.000000	0.130076  	1.368506  	-6.690900 
-96.000000	0.110534  	1.375283  	-6.690900 
-95.000000	0.090992  	1.382059  	-6.690900 
-94.000000	0.072001  	1.387529  	-6.690900 
-93.000000	0.054001  	1.390647  	-6.690900 
-92.000000	0.036000  	1.393765  	-6.690900 
-91.000000	0.018000  	1.396882  	-6.690900 
-90.000000	0.000000  	1.400000  	-6.690900 
-89.000000	-0.018000 	1.396882  	-6.690900 
-88.000000	-0.036000 	1.393765  	-6.690900 
-87.000000	-0.054001 	1.390647  	-6.690900 
-86.000000	-0.072001 	1.387529  	-6.690900 
-85.000000	-0.090992 	1.382059  	-6.690900 
-84.000000	-0.110534 	1.375283  	-6.690900 
-83.000000	-0.130076 	1.368506  	-6.690900 
-82.000000	-0.149618 	1.361729  	-6.690900 
-81.000000	-0.169500 	1.353946  	-6.690900 
-80.000000	-0.190235 	1.343645  	-6.690900 
-79.000000	-0.210969 	1.333343  	-6.690900 
-78.000000	-0.231703 	1.323042  	-6.690900 
-77.000000	-0.252437 	1.312741  	-6.690900 
-76.000000	-0.273995 	1.299369  	-6.690900 
-75.000000	-0.295617 	1.285760  	-6.690900 
-74.000000	-0.317239 	1.272151  	-6.690900 
-73.000000	-0.338860 	1.258542  	-6.690900 
-72.000000	-0.360849 	1.243210  	-6.690900 
-71.000000	-0.383113 	1.226586  	-6.690900 
-70.000000	-0.405376 	1.209962  	-6.690900 
-69.000000	-0.427640 	1.193338  	-6.690900 
-68.000000	-0.450005 	1.176146  	-6.690900 
-67.000000	-0.472742 	1.156870  	-6.690900 
-66.000000	-0.495478 	1.137595  	-6.690900 
-65.000000	-0.518215 	1.118319  	-6.690900 
-64.000000	-0.540951 	1.099043  	-6.690900 
-63.000000	-0.564032 	1.077859  	-6.690900 
-62.000000	-0.587170 	1.056357  	-6.690900 
-61.000000	-0.610308 	1.034855  	-6.690900 
-60.000000	-0.633446 	1.013352  	-6.690900 
-59.000000	-0.656811 	0.990975  	-6.690900 
-58.000000	-0.680404 	0.967724  	-6.690900 
-57.000000	-0.703998 	0.944472  	-6.690900 
-56.000000	-0.727591 	0.921220  	-6.690900 
-55.000000	-0.751280 	0.897793  	-6.690900 
-54.000000	-0.775547 	0.873310  	-6.690900 
-53.000000	-0.799815 	0.848827  	-6.690900 
-52.000000	-0.824082 	0.824344  	-6.690900 
-51.000000	-0.848349 	0.799861  	-6.690900 
-50.000000	-0.873490 	0.774842  	-6.690900 
-49.000000	-0.898870 	0.749676  	-6.690900 
-48.000000	-0.924250 	0.724510  	-6.690900 
-47.000000	-0.949631 	0.699344  	-6.690900 
-46.000000	-0.975809 	0.674127  	-6.690900 
-45.000000	-1.003051 	0.648842  	-6.690900 
-44.000000	-1.030293 	0.623557  	-6.690900 
-43.000000	-1.057535 	0.598273  	-6.690900 
-42.000000	-1.084996 	0.573020  	-6.690900 
-41.000000	-1.115306 	0.548185  	-6.690900 
-40.000000	-1.145616 	0.523350  	-6.690900 
-39.000000	-1.175926 	0.498515  	-6.690900 
-38.000000	-1.206236 	0.473681  	-6.690900 
-37.000000	-1.240111 	0.449567  	-6.690900 
-36.000000	-1.275412 	0.425741  	-6.690900 
-35.000000	-1.310712 	0.401915  	-6.690900 
-34.000000	-1.346013 	0.378090  	-6.690900 
-33.000000	-1.384216 	0.354816  	-6.690900 
-32.000000	-1.427642 	0.332537  	-6.690900 
-31.000000	-1.471068 	0.310258  	-6.690900 
-30.000000	-1.514494 	0.287979  	-6.690900 
-29.000000	-1.557920 	0.265700  	-6.690900 
-28.000000	-1.502915 	0.257289  	-6.690900 
-27.000000	-1.447909 	0.248877  	-6.690900 
-26.000000	-1.392904 	0.240466  	-6.690900 
-25.000000	-1.337898 	0.232055  	-6.690900 
-24.000000	-1.282893 	0.223643  	-6.690900 
-23.000000	-1.227887 	0.215232  	-6.690900 
-22.000000	-1.172882 	0.206820  	-6.690900 
-21.000000	-1.117876 	0.198409  	-6.690900 
-20.000000	-1.062871 	0.189998  	-6.690900 
-19.000000	-1.007865 	0.181586  	-6.690900 
-18.000000	-0.952860 	0.173175  	-6.690900 
-17.000000	-0.897855 	0.164764  	-6.690900 
-16.000000	-0.842849 	0.156352  	-6.690900 
-15.000000	-0.787844 	0.147941  	-6.690900 
-14.000000	-0.732838 	0.139530  	-6.690900 
-13.000000	-0.677833 	0.131118  	-6.690900 
-12.000000	-0.622827 	0.122707  	-6.690900 
-11.000000	-0.567822 	0.114295  	-6.690900 
-10.000000	-0.512816 	0.105884  	-6.455414 
-9.000000 	-0.457811 	0.097473  	-4.807009 
-8.000000 	-0.402805 	0.089061  	-3.158605 
-7.000000 	-0.347800 	0.080650  	-1.510200 
-6.000000 	-0.251800 	0.074570  	-1.437700 
-5.000000 	-0.120300 	0.059660  	-1.424200 
-4.000000 	0.082200  	0.048600  	-1.348600 
-3.000000 	0.255200  	0.045810  	-1.238300 
-2.000000 	0.387100  	0.046080  	-1.271900 
-1.000000 	0.542600  	0.045260  	-1.397100 
0.000000  	0.674900  	0.045750  	-1.515200 
1.000000  	0.818600  	0.045820  	-1.643100 
2.000000  	0.959100  	0.046420  	-1.774000 
3.000000  	1.086300  	0.047280  	-1.903000 
4.000000  	1.223100  	0.048140  	-2.044700 
5.000000  	1.357100  	0.049220  	-2.192900 
6.000000  	1.475900  	0.050520  	-2.337200 
7.000000  	1.603000  	0.051970  	-2.500500 
8.000000  	1.730500  	0.053280  	-2.678200 
9.000000  	1.838900  	0.055250  	-2.854100 
10.000000 	1.956700  	0.056950  	-3.058500 
11.000000 	2.069200  	0.058670  	-3.278400 
12.000000 	2.160400  	0.061670  	-3.495900 
13.000000 	2.234400  	0.065030  	-3.716600 
14.000000 	2.278200  	0.069960  	-3.919100 
15.000000 	2.289600  	0.077440  	-4.093800 
16.000000 	2.267100  	0.088800  	-4.223100 
17.000000 	2.212500  	0.106430  	-4.296100 
18.000000 	2.166200  	0.125920  	-4.373600 
19.000000 	2.178600  	0.138320  	-4.562600 
20.000000 	2.156500  	0.156340  	-4.679800 
21.000000 	2.167300  	0.169060  	-4.885900 
22.000000 	2.174000  	0.182200  	-5.114200 
23.000000 	2.170500  	0.197130  	-5.308700 
24.000000 	2.194600  	0.206770  	-5.588900 
25.000000 	2.209200  	0.217750  	-5.843200 
26.000000 	2.200000  	0.232090  	-6.021400 
27.000000 	2.207100  	0.244470  	-6.237900 
28.000000 	2.217300  	0.255500  	-6.467600 
29.000000 	2.225600  	0.265700  	-6.690900 
30.000000 	2.163563  	0.287979  	-6.690900 
31.000000 	2.101526  	0.310258  	-6.690900 
32.000000 	2.039488  	0.332537  	-6.690900 
33.000000 	1.977451  	0.354816  	-6.690900 
34.000000 	1.922876  	0.378090  	-6.690900 
35.000000 	1.872446  	0.401915  	-6.690900 
36.000000 	1.822017  	0.425741  	-6.690900 
37.000000 	1.771587  	0.449567  	-6.690900 
38.000000 	1.723194  	0.473681  	-6.690900 
39.000000 	1.679895  	0.498515  	-6.690900 
40.000000 	1.636595  	0.523350  	-6.690900 
41.000000 	1.593295  	0.548185  	-6.690900 
42.000000 	1.549995  	0.573020  	-6.690900 
43.000000 	1.510765  	0.598273  	-6.690900 
44.000000 	1.471847  	0.623557  	-6.690900 
45.000000 	1.432930  	0.648842  	-6.690900 
46.000000 	1.394012  	0.674127  	-6.690900 
47.000000 	1.356615  	0.699344  	-6.690900 
48.000000 	1.320358  	0.724510  	-6.690900 
49.000000 	1.284100  	0.749676  	-6.690900 
50.000000 	1.247843  	0.774842  	-6.690900 
51.000000 	1.211927  	0.799861  	-6.690900 
52.000000 	1.177259  	0.824344  	-6.690900 
53.000000 	1.142592  	0.848827  	-6.690900 
54.000000 	1.107925  	0.873310  	-6.690900 
55.000000 	1.073258  	0.897793  	-6.690900 
56.000000 	1.039416  	0.921220  	-6.690900 
57.000000 	1.005711  	0.944472  	-6.690900 
58.000000 	0.972006  	0.967724  	-6.690900 
59.000000 	0.938302  	0.990975  	-6.690900 
60.000000 	0.904922  	1.013352  	-6.690900 
61.000000 	0.871868  	1.034855  	-6.690900 
62.000000 	0.838814  	1.056357  	-6.690900 
63.000000 	0.805760  	1.077859  	-6.690900 
64.000000 	0.772788  	1.099043  	-6.690900 
65.000000 	0.740307  	1.118319  	-6.690900 
66.000000 	0.707826  	1.137595  	-6.690900 
67.000000 	0.675345  	1.156870  	-6.690900 
68.000000 	0.642865  	1.176146  	-6.690900 
69.000000 	0.610915  	1.193338  	-6.690900 
70.000000 	0.579109  	1.209962  	-6.690900 
71.000000 	0.547304  	1.226586  	-6.690900 
72.000000 	0.515498  	1.243210  	-6.690900 
73.000000 	0.484086  	1.258542  	-6.690900 
74.000000 	0.453198  	1.272151  	-6.690900 
75.000000 	0.422310  	1.285760  	-6.690900 
76.000000 	0.391422  	1.299369  	-6.690900 
77.000000 	0.360624  	1.312741  	-6.690900 
78.000000 	0.331004  	1.323042  	-6.690900 
79.000000 	0.301384  	1.333343  	-6.690900 
80.000000 	0.271764  	1.343645  	-6.690900 
81.000000 	0.242143  	1.353946  	-6.690900 
82.000000 	0.213740  	1.361729  	-6.690900 
83.000000 	0.185823  	1.368506  	-6.690900 
84.000000 	0.157906  	1.375283  	-6.690900 
85.000000 	0.129989  	1.382059  	-6.690900 
86.000000 	0.102858  	1.387529  	-6.690900 
87.000000 	0.077144  	1.390647  	-6.690900 
88.000000 	0.051429  	1.393765  	-6.690900 
89.000000 	0.025715  	1.396882  	-6.690900 
90.000000 	0.000000  	1.400000  	-6.690900 
91.000000 	-0.018000 	1.396882  	-6.690900 
92.000000 	-0.036000 	1.393765  	-6.690900 
93.000000 	-0.054001 	1.390647  	-6.690900 
94.000000 	-0.072001 	1.387529  	-6.690900 
95.000000 	-0.090992 	1.382059  	-6.690900 
96.000000 	-0.110534 	1.375283  	-6.690900 
97.000000 	-0.130076 	1.368506  	-6.690900 
98.000000 	-0.149618 	1.361729  	-6.690900 
99.000000 	-0.169500 	1.353946  	-6.690900 
100.000000	-0.190235 	1.343645  	-6.690900 
101.000000	-0.210969 	1.333343  	-6.690900 
102.000000	-0.231703 	1.323042  	-6.690900 
103.000000	-0.252437 	1.312741  	-6.690900 
104.000000	-0.273995 	1.299369  	-6.690900 
105.000000	-0.295617 	1.285760  	-6.690900 
106.000000	-0.317239 	1.272151  	-6.690900 
107.000000	-0.338860 	1.258542  	-6.690900 
108.000000	-0.360849 	1.243210  	-6.690900 
109.000000	-0.383113 	1.226586  	-6.690900 
110.000000	-0.405376 	1.209962  	-6.690900 
111.000000	-0.427640 	1.193338  	-6.690900 
112.000000	-0.450005 	1.176146  	-6.690900 
113.000000	-0.472742 	1.156870  	-6.690900 
114.000000	-0.495478 	1.137595  	-6.690900 
115.000000	-0.518215 	1.118319  	-6.690900 
116.000000	-0.540951 	1.099043  	-6.690900 
117.000000	-0.564032 	1.077859  	-6.690900 
118.000000	-0.587170 	1.056357  	-6.690900 
119.000000	-0.610308 	1.034855  	-6.690900 
120.000000	-0.633446 	1.013352  	-6.690900 
121.000000	-0.656811 	0.990975  	-6.690900 
122.000000	-0.680404 	0.967724  	-6.690900 
123.000000	-0.703998 	0.944472  	-6.690900 
124.000000	-0.727591 	0.921220  	-6.690900 
125.000000	-0.751280 	0.897793  	-6.690900 
126.000000	-0.775547 	0.873310  	-6.690900 
127.000000	-0.799815 	0.848827  	-6.690900 
128.000000	-0.824082 	0.824344  	-6.690900 
129.000000	-0.848349 	0.799861  	-6.690900 
130.000000	-0.873490 	0.774842  	-6.690900 
131.000000	-0.898870 	0.749676  	-6.690900 
132.000000	-0.924250 	0.724510  	-6.690900 
133.000000	-0.949631 	0.699344  	-6.690900 
134.000000	-0.975809 	0.674127  	-6.690900 
135.000000	-1.003051 	0.648842  	-6.690900 
136.000000	-1.030293 	0.623557  	-6.690900 
137.000000	-1.057535 	0.598273  	-6.690900 
138.000000	-1.084996 	0.573020  	-6.690900 
139.000000	-1.115306 	0.548185  	-6.690900 
140.000000	-1.145616 	0.523350  	-6.690900 
141.000000	-1.175926 	0.498515  	-6.690900 
142.000000	-1.206236 	0.473681  	-6.690900 
143.000000	-1.240111 	0.449567  	-6.690900 
144.000000	-1.275412 	0.425741  	-6.690900 
145.000000	-1.310712 	0.401915  	-6.690900 
146.000000	-1.346013 	0.378090  	-6.690900 
147.000000	-1.384216 	0.354816  	-6.690900 
148.000000	-1.427642 	0.332537  	-6.690900 
149.000000	-1.471068 	0.310258  	-6.690900 
150.000000	-1.514494 	0.287979  	-6.690900 
151.000000	-1.557920 	0.265700  	-6.690900 
152.000000	-1.504199 	0.244871  	-6.690900 
153.000000	-1.450477 	0.224043  	-6.690900 
154.000000	-1.396756 	0.204219  	-6.690900 
155.000000	-1.343034 	0.184473  	-6.690900 
156.000000	-1.289313 	0.165741  	-6.690900 
157.000000	-1.235592 	0.147178  	-6.690900 
158.000000	-1.181870 	0.129620  	-6.690900 
159.000000	-1.128149 	0.112335  	-6.690900 
160.000000	-1.074428 	0.096027  	-6.690900 
161.000000	-1.020706 	0.080110  	-6.690900 
162.000000	-0.966985 	0.065123  	-6.690900 
163.000000	-0.913263 	0.050654  	-6.690900 
164.000000	-0.859542 	0.037055  	-6.690900 
165.000000	-0.805821 	0.024108  	-6.690900 
166.000000	-0.752099 	0.013619  	-6.690900 
167.000000	-0.698378 	0.005589  	-6.690900 
168.000000	-0.644657 	0.001000  	-6.690900 
169.000000	-0.590935 	0.001000  	-6.690900 
170.000000	-0.537214 	0.001000  	-6.690900 
171.000000	-0.483492 	0.001000  	-6.690900 
172.000000	-0.429771 	0.001000  	-6.690900 
173.000000	-0.376050 	0.001000  	-6.690900 
174.000000	-0.322328 	0.001000  	-6.690900 
175.000000	-0.268607 	0.001000  	-6.690900 
176.000000	-0.214886 	0.001000  	-6.690900 
177.000000	-0.161164 	0.001000  	-6.690900 
178.000000	-0.107443 	0.001000  	-6.690900 
179.000000	-0.053721 	0.001000  	-6.690900 
180.000000	0.000000  	0.001000  	-6.690900 
! ------------------------------------------------------------------------------
! data for table	2         
! ------------------------------------------------------------------------------
  0.300000  	Re           ! Reynolds number in millions
  0.000000  	UserProp     ! User property (control) setting
Flase           InclUAdata   ! Is unsteady aerodynamics data included in this table? If TRUE, then include UA coefficients below this line. Any missing coefficients will be calculated internally.
! Table of aerodynamics coefficients
  361       	NumAlf       ! Number of data lines in the following table
!Alpha      Cl          Cd          Cm/Cp
!(deg)      (-)         (-)         (-)
-180.000000	0.000000  	0.001000  	-6.811400 
-179.000000	0.054105  	0.001000  	-6.811400 
-178.000000	0.108210  	0.001000  	-6.811400 
-177.000000	0.162316  	0.001000  	-6.811400 
-176.000000	0.216421  	0.001000  	-6.811400 
-175.000000	0.270526  	0.001000  	-6.811400 
-174.000000	0.324631  	0.001000  	-6.811400 
-173.000000	0.378736  	0.001000  	-6.811400 
-172.000000	0.432841  	0.001000  	-6.811400 
-171.000000	0.486947  	0.001000  	-6.811400 
-170.000000	0.541052  	0.001000  	-6.811400 
-169.000000	0.595157  	0.001000  	-6.811400 
-168.000000	0.649262  	0.001000  	-6.811400 
-167.000000	0.703367  	0.006068  	-6.811400 
-166.000000	0.757472  	0.014938  	-6.811400 
-165.000000	0.811578  	0.025842  	-6.811400 
-164.000000	0.865683  	0.038780  	-6.811400 
-163.000000	0.919788  	0.052370  	-6.811400 
-162.000000	0.973893  	0.066830  	-6.811400 
-161.000000	1.027998  	0.081807  	-6.811400 
-160.000000	1.082103  	0.097714  	-6.811400 
-159.000000	1.136209  	0.114011  	-6.811400 
-158.000000	1.190314  	0.131284  	-6.811400 
-157.000000	1.244419  	0.148831  	-6.811400 
-156.000000	1.298524  	0.167381  	-6.811400 
-155.000000	1.352629  	0.186100  	-6.811400 
-154.000000	1.406734  	0.205832  	-6.811400 
-153.000000	1.460840  	0.225642  	-6.811400 
-152.000000	1.514945  	0.246456  	-6.811400 
-151.000000	1.569050  	0.267270  	-6.811400 
-150.000000	1.525124  	0.289533  	-6.811400 
-149.000000	1.481197  	0.311796  	-6.811400 
-148.000000	1.437271  	0.334059  	-6.811400 
-147.000000	1.393344  	0.356321  	-6.811400 
-146.000000	1.354707  	0.379577  	-6.811400 
-145.000000	1.319009  	0.403385  	-6.811400 
-144.000000	1.283310  	0.427192  	-6.811400 
-143.000000	1.247611  	0.451000  	-6.811400 
-142.000000	1.213359  	0.475095  	-6.811400 
-141.000000	1.182725  	0.499910  	-6.811400 
-140.000000	1.152090  	0.524724  	-6.811400 
-139.000000	1.121455  	0.549539  	-6.811400 
-138.000000	1.090820  	0.574354  	-6.811400 
-137.000000	1.063085  	0.599585  	-6.811400 
-136.000000	1.035574  	0.624848  	-6.811400 
-135.000000	1.008062  	0.650110  	-6.811400 
-134.000000	0.980550  	0.675373  	-6.811400 
-133.000000	0.954127  	0.700567  	-6.811400 
-132.000000	0.928520  	0.725710  	-6.811400 
-131.000000	0.902914  	0.750853  	-6.811400 
-130.000000	0.877307  	0.775995  	-6.811400 
-129.000000	0.851947  	0.800991  	-6.811400 
-128.000000	0.827489  	0.825449  	-6.811400 
-127.000000	0.803031  	0.849906  	-6.811400 
-126.000000	0.778573  	0.874364  	-6.811400 
-125.000000	0.754116  	0.898822  	-6.811400 
-124.000000	0.730261  	0.922223  	-6.811400 
-123.000000	0.706508  	0.945449  	-6.811400 
-122.000000	0.682754  	0.968674  	-6.811400 
-121.000000	0.659000  	0.991900  	-6.811400 
-120.000000	0.635487  	1.014250  	-6.811400 
-119.000000	0.612216  	1.035724  	-6.811400 
-118.000000	0.588944  	1.057199  	-6.811400 
-117.000000	0.565672  	1.078674  	-6.811400 
-116.000000	0.542461  	1.099830  	-6.811400 
-115.000000	0.519615  	1.119077  	-6.811400 
-114.000000	0.496768  	1.138324  	-6.811400 
-113.000000	0.473922  	1.157571  	-6.811400 
-112.000000	0.451075  	1.176818  	-6.811400 
-111.000000	0.428617  	1.193981  	-6.811400 
-110.000000	0.406266  	1.210575  	-6.811400 
-109.000000	0.383914  	1.227170  	-6.811400 
-108.000000	0.361562  	1.243764  	-6.811400 
-107.000000	0.339495  	1.259066  	-6.811400 
-106.000000	0.317806  	1.272645  	-6.811400 
-105.000000	0.296117  	1.286224  	-6.811400 
-104.000000	0.274428  	1.299803  	-6.811400 
-103.000000	0.252804  	1.313145  	-6.811400 
-102.000000	0.232022  	1.323415  	-6.811400 
-101.000000	0.211241  	1.333686  	-6.811400 
-100.000000	0.190459  	1.343956  	-6.811400 
-99.000000	0.169678  	1.354226  	-6.811400 
-98.000000	0.149762  	1.361979  	-6.811400 
-97.000000	0.130191  	1.368725  	-6.811400 
-96.000000	0.110621  	1.375470  	-6.811400 
-95.000000	0.091051  	1.382216  	-6.811400 
-94.000000	0.072038  	1.387655  	-6.811400 
-93.000000	0.054029  	1.390741  	-6.811400 
-92.000000	0.036019  	1.393827  	-6.811400 
-91.000000	0.018010  	1.396914  	-6.811400 
-90.000000	0.000000  	1.400000  	-6.811400 
-89.000000	-0.018010 	1.396914  	-6.811400 
-88.000000	-0.036019 	1.393827  	-6.811400 
-87.000000	-0.054029 	1.390741  	-6.811400 
-86.000000	-0.072038 	1.387655  	-6.811400 
-85.000000	-0.091051 	1.382216  	-6.811400 
-84.000000	-0.110621 	1.375470  	-6.811400 
-83.000000	-0.130191 	1.368725  	-6.811400 
-82.000000	-0.149762 	1.361979  	-6.811400 
-81.000000	-0.169678 	1.354226  	-6.811400 
-80.000000	-0.190459 	1.343956  	-6.811400 
-79.000000	-0.211241 	1.333686  	-6.811400 
-78.000000	-0.232022 	1.323415  	-6.811400 
-77.000000	-0.252804 	1.313145  	-6.811400 
-76.000000	-0.274428 	1.299803  	-6.811400 
-75.000000	-0.296117 	1.286224  	-6.811400 
-74.000000	-0.317806 	1.272645  	-6.811400 
-73.000000	-0.339495 	1.259066  	-6.811400 
-72.000000	-0.361562 	1.243764  	-6.811400 
-71.000000	-0.383914 	1.227170  	-6.811400 
-70.000000	-0.406266 	1.210575  	-6.811400 
-69.000000	-0.428617 	1.193981  	-6.811400 
-68.000000	-0.451075 	1.176818  	-6.811400 
-67.000000	-0.473922 	1.157571  	-6.811400 
-66.000000	-0.496768 	1.138324  	-6.811400 
-65.000000	-0.519615 	1.119077  	-6.811400 
-64.000000	-0.542461 	1.099830  	-6.811400 
-63.000000	-0.565672 	1.078674  	-6.811400 
-62.000000	-0.588944 	1.057199  	-6.811400 
-61.000000	-0.612216 	1.035724  	-6.811400 
-60.000000	-0.635487 	1.014250  	-6.811400 
-59.000000	-0.659000 	0.991900  	-6.811400 
-58.000000	-0.682754 	0.968674  	-6.811400 
-57.000000	-0.706508 	0.945449  	-6.811400 
-56.000000	-0.730261 	0.922223  	-6.811400 
-55.000000	-0.754116 	0.898822  	-6.811400 
-54.000000	-0.778573 	0.874364  	-6.811400 
-53.000000	-0.803031 	0.849906  	-6.811400 
-52.000000	-0.827489 	0.825449  	-6.811400 
-51.000000	-0.851947 	0.800991  	-6.811400 
-50.000000	-0.877307 	0.775995  	-6.811400 
-49.000000	-0.902914 	0.750853  	-6.811400 
-48.000000	-0.928520 	0.725710  	-6.811400 
-47.000000	-0.954127 	0.700567  	-6.811400 
-46.000000	-0.980550 	0.675373  	-6.811400 
-45.000000	-1.008062 	0.650110  	-6.811400 
-44.000000	-1.035574 	0.624848  	-6.811400 
-43.000000	-1.063085 	0.599585  	-6.811400 
-42.000000	-1.090820 	0.574354  	-6.811400 
-41.000000	-1.121455 	0.549539  	-6.811400 
-40.000000	-1.152090 	0.524724  	-6.811400 
-39.000000	-1.182725 	0.499910  	-6.811400 
-38.000000	-1.213359 	0.475095  	-6.811400 
-37.000000	-1.247611 	0.451000  	-6.811400 
-36.000000	-1.283310 	0.427192  	-6.811400 
-35.000000	-1.319009 	0.403385  	-6.811400 
-34.000000	-1.354707 	0.379577  	-6.811400 
-33.000000	-1.393344 	0.356321  	-6.811400 
-32.000000	-1.437271 	0.334059  	-6.811400 
-31.000000	-1.481197 	0.311796  	-6.811400 
-30.000000	-1.525124 	0.289533  	-6.811400 
-29.000000	-1.569050 	0.267270  	-6.811400 
-28.000000	-1.523616 	0.255492  	-6.811400 
-27.000000	-1.478182 	0.243713  	-6.811400 
-26.000000	-1.432747 	0.231935  	-6.811400 
-25.000000	-1.387313 	0.220156  	-6.811400 
-24.000000	-1.341879 	0.208378  	-6.811400 
-23.000000	-1.296445 	0.196599  	-6.811400 
-22.000000	-1.251011 	0.184821  	-6.811400 
-21.000000	-1.205576 	0.173043  	-6.811400 
-20.000000	-1.160142 	0.161264  	-6.811400 
-19.000000	-1.114708 	0.149486  	-6.811400 
-18.000000	-1.069274 	0.137707  	-6.811400 
-17.000000	-1.023839 	0.125929  	-6.811400 
-16.000000	-0.978405 	0.114151  	-6.811400 
-15.000000	-0.932971 	0.102372  	-6.811400 
-14.000000	-0.887537 	0.090594  	-6.811400 
-13.000000	-0.842103 	0.078815  	-6.811400 
-12.000000	-0.796668 	0.067037  	-5.592900 
-11.000000	-0.751234 	0.055258  	-3.887000 
-10.000000	-0.705800 	0.043480  	-2.181100 
-9.000000 	-0.560500 	0.042430  	-2.032600 
-8.000000 	-0.418600 	0.041950  	-1.893300 
-7.000000 	-0.269800 	0.041100  	-1.761200 
-6.000000 	-0.132700 	0.041070  	-1.628400 
-5.000000 	0.015100  	0.040870  	-1.501100 
-4.000000 	0.155800  	0.040790  	-1.377200 
-3.000000 	0.297500  	0.040980  	-1.257100 
-2.000000 	0.439900  	0.041100  	-1.308200 
-1.000000 	0.579200  	0.041420  	-1.428200 
0.000000  	0.718400  	0.041750  	-1.550600 
1.000000  	0.857300  	0.042290  	-1.679100 
2.000000  	0.991200  	0.042820  	-1.808400 
3.000000  	1.126100  	0.043480  	-1.943500 
4.000000  	1.259500  	0.044290  	-2.085000 
5.000000  	1.389000  	0.045040  	-2.231200 
6.000000  	1.516600  	0.046020  	-2.385000 
7.000000  	1.644400  	0.047020  	-2.551200 
8.000000  	1.766500  	0.048270  	-2.726000 
9.000000  	1.885800  	0.049580  	-2.914600 
10.000000 	2.001600  	0.051030  	-3.120300 
11.000000 	2.107700  	0.053000  	-3.335800 
12.000000 	2.207300  	0.055190  	-3.568300 
13.000000 	2.282600  	0.058750  	-3.796700 
14.000000 	2.270500  	0.067850  	-3.929500 
15.000000 	2.271400  	0.078390  	-4.085100 
16.000000 	2.263500  	0.090840  	-4.232700 
17.000000 	2.257200  	0.104870  	-4.387900 
18.000000 	2.241900  	0.120600  	-4.529600 
19.000000 	2.224700  	0.137380  	-4.667000 
20.000000 	2.212700  	0.153150  	-4.816000 
21.000000 	2.201300  	0.169110  	-4.984200 
22.000000 	2.203200  	0.182780  	-5.205500 
23.000000 	2.198700  	0.197470  	-5.407700 
24.000000 	2.206600  	0.209770  	-5.643200 
25.000000 	2.217600  	0.221160  	-5.894300 
26.000000 	2.218700  	0.234250  	-6.113900 
27.000000 	2.223700  	0.246270  	-6.335500 
28.000000 	2.232100  	0.256710  	-6.567600 
29.000000 	2.241500  	0.267270  	-6.811400 
30.000000 	2.178748  	0.289533  	-6.811400 
31.000000 	2.115996  	0.311796  	-6.811400 
32.000000 	2.053244  	0.334059  	-6.811400 
33.000000 	1.990492  	0.356321  	-6.811400 
34.000000 	1.935296  	0.379577  	-6.811400 
35.000000 	1.884298  	0.403385  	-6.811400 
36.000000 	1.833300  	0.427192  	-6.811400 
37.000000 	1.782302  	0.451000  	-6.811400 
38.000000 	1.733371  	0.475095  	-6.811400 
39.000000 	1.689607  	0.499910  	-6.811400 
40.000000 	1.645843  	0.524724  	-6.811400 
41.000000 	1.602079  	0.549539  	-6.811400 
42.000000 	1.558315  	0.574354  	-6.811400 
43.000000 	1.518694  	0.599585  	-6.811400 
44.000000 	1.479391  	0.624848  	-6.811400 
45.000000 	1.440088  	0.650110  	-6.811400 
46.000000 	1.400785  	0.675373  	-6.811400 
47.000000 	1.363038  	0.700567  	-6.811400 
48.000000 	1.326457  	0.725710  	-6.811400 
49.000000 	1.289877  	0.750853  	-6.811400 
50.000000 	1.253296  	0.775995  	-6.811400 
51.000000 	1.217067  	0.800991  	-6.811400 
52.000000 	1.182127  	0.825449  	-6.811400 
53.000000 	1.147187  	0.849906  	-6.811400 
54.000000 	1.112248  	0.874364  	-6.811400 
55.000000 	1.077308  	0.898822  	-6.811400 
56.000000 	1.043231  	0.922223  	-6.811400 
57.000000 	1.009297  	0.945449  	-6.811400 
58.000000 	0.975363  	0.968674  	-6.811400 
59.000000 	0.941429  	0.991900  	-6.811400 
60.000000 	0.907839  	1.014250  	-6.811400 
61.000000 	0.874594  	1.035724  	-6.811400 
62.000000 	0.841349  	1.057199  	-6.811400 
63.000000 	0.808103  	1.078674  	-6.811400 
64.000000 	0.774945  	1.099830  	-6.811400 
65.000000 	0.742307  	1.119077  	-6.811400 
66.000000 	0.709669  	1.138324  	-6.811400 
67.000000 	0.677031  	1.157571  	-6.811400 
68.000000 	0.644393  	1.176818  	-6.811400 
69.000000 	0.612311  	1.193981  	-6.811400 
70.000000 	0.580380  	1.210575  	-6.811400 
71.000000 	0.548449  	1.227170  	-6.811400 
72.000000 	0.516518  	1.243764  	-6.811400 
73.000000 	0.484993  	1.259066  	-6.811400 
74.000000 	0.454008  	1.272645  	-6.811400 
75.000000 	0.423024  	1.286224  	-6.811400 
76.000000 	0.392040  	1.299803  	-6.811400 
77.000000 	0.361148  	1.313145  	-6.811400 
78.000000 	0.331461  	1.323415  	-6.811400 
79.000000 	0.301773  	1.333686  	-6.811400 
80.000000 	0.272085  	1.343956  	-6.811400 
81.000000 	0.242397  	1.354226  	-6.811400 
82.000000 	0.213945  	1.361979  	-6.811400 
83.000000 	0.185988  	1.368725  	-6.811400 
84.000000 	0.158030  	1.375470  	-6.811400 
85.000000 	0.130073  	1.382216  	-6.811400 
86.000000 	0.102912  	1.387655  	-6.811400 
87.000000 	0.077184  	1.390741  	-6.811400 
88.000000 	0.051456  	1.393827  	-6.811400 
89.000000 	0.025728  	1.396914  	-6.811400 
90.000000 	0.000000  	1.400000  	-6.811400 
91.000000 	-0.018010 	1.396914  	-6.811400 
92.000000 	-0.036019 	1.393827  	-6.811400 
93.000000 	-0.054029 	1.390741  	-6.811400 
94.000000 	-0.072038 	1.387655  	-6.811400 
95.000000 	-0.091051 	1.382216  	-6.811400 
96.000000 	-0.110621 	1.375470  	-6.811400 
97.000000 	-0.130191 	1.368725  	-6.811400 
98.000000 	-0.149762 	1.361979  	-6.811400 
99.000000 	-0.169678 	1.354226  	-6.811400 
100.000000	-0.190459 	1.343956  	-6.811400 
101.000000	-0.211241 	1.333686  	-6.811400 
102.000000	-0.232022 	1.323415  	-6.811400 
103.000000	-0.252804 	1.313145  	-6.811400 
104.000000	-0.274428 	1.299803  	-6.811400 
105.000000	-0.296117 	1.286224  	-6.811400 
106.000000	-0.317806 	1.272645  	-6.811400 
107.000000	-0.339495 	1.259066  	-6.811400 
108.000000	-0.361562 	1.243764  	-6.811400 
109.000000	-0.383914 	1.227170  	-6.811400 
110.000000	-0.406266 	1.210575  	-6.811400 
111.000000	-0.428617 	1.193981  	-6.811400 
112.000000	-0.451075 	1.176818  	-6.811400 
113.000000	-0.473922 	1.157571  	-6.811400 
114.000000	-0.496768 	1.138324  	-6.811400 
115.000000	-0.519615 	1.119077  	-6.811400 
116.000000	-0.542461 	1.099830  	-6.811400 
117.000000	-0.565672 	1.078674  	-6.811400 
118.000000	-0.588944 	1.057199  	-6.811400 
119.000000	-0.612216 	1.035724  	-6.811400 
120.000000	-0.635487 	1.014250  	-6.811400 
121.000000	-0.659000 	0.991900  	-6.811400 
122.000000	-0.682754 	0.968674  	-6.811400 
123.000000	-0.706508 	0.945449  	-6.811400 
124.000000	-0.730261 	0.922223  	-6.811400 
125.000000	-0.754116 	0.898822  	-6.811400 
126.000000	-0.778573 	0.874364  	-6.811400 
127.000000	-0.803031 	0.849906  	-6.811400 
128.000000	-0.827489 	0.825449  	-6.811400 
129.000000	-0.851947 	0.800991  	-6.811400 
130.000000	-0.877307 	0.775995  	-6.811400 
131.000000	-0.902914 	0.750853  	-6.811400 
132.000000	-0.928520 	0.725710  	-6.811400 
133.000000	-0.954127 	0.700567  	-6.811400 
134.000000	-0.980550 	0.675373  	-6.811400 
135.000000	-1.008062 	0.650110  	-6.811400 
136.000000	-1.035574 	0.624848  	-6.811400 
137.000000	-1.063085 	0.599585  	-6.811400 
138.000000	-1.090820 	0.574354  	-6.811400 
139.000000	-1.121455 	0.549539  	-6.811400 
140.000000	-1.152090 	0.524724  	-6.811400 
141.000000	-1.182725 	0.499910  	-6.811400 
142.000000	-1.213359 	0.475095  	-6.811400 
143.000000	-1.247611 	0.451000  	-6.811400 
144.000000	-1.283310 	0.427192  	-6.811400 
145.000000	-1.319009 	0.403385  	-6.811400 
146.000000	-1.354707 	0.379577  	-6.811400 
147.000000	-1.393344 	0.356321  	-6.811400 
148.000000	-1.437271 	0.334059  	-6.811400 
149.000000	-1.481197 	0.311796  	-6.811400 
150.000000	-1.525124 	0.289533  	-6.811400 
151.000000	-1.569050 	0.267270  	-6.811400 
152.000000	-1.514945 	0.246456  	-6.811400 
153.000000	-1.460840 	0.225642  	-6.811400 
154.000000	-1.406734 	0.205832  	-6.811400 
155.000000	-1.352629 	0.186100  	-6.811400 
156.000000	-1.298524 	0.167381  	-6.811400 
157.000000	-1.244419 	0.148831  	-6.811400 
158.000000	-1.190314 	0.131284  	-6.811400 
159.000000	-1.136209 	0.114011  	-6.811400 
160.000000	-1.082103 	0.097714  	-6.811400 
161.000000	-1.027998 	0.081807  	-6.811400 
162.000000	-0.973893 	0.066830  	-6.811400 
163.000000	-0.919788 	0.052370  	-6.811400 
164.000000	-0.865683 	0.038780  	-6.811400 
165.000000	-0.811578 	0.025842  	-6.811400 
166.000000	-0.757472 	0.014938  	-6.811400 
167.000000	-0.703367 	0.006068  	-6.811400 
168.000000	-0.649262 	0.001000  	-6.811400 
169.000000	-0.595157 	0.001000  	-6.811400 
170.000000	-0.541052 	0.001000  	-6.811400 
171.000000	-0.486947 	0.001000  	-6.811400 
172.000000	-0.432841 	0.001000  	-6.811400 
173.000000	-0.378736 	0.001000  	-6.811400 
174.000000	-0.324631 	0.001000  	-6.811400 
175.000000	-0.270526 	0.001000  	-6.811400 
176.000000	-0.216421 	0.001000  	-6.811400 
177.000000	-0.162316 	0.001000  	-6.811400 
178.000000	-0.108210 	0.001000  	-6.811400 
179.000000	-0.054105 	0.001000  	-6.811400 
180.000000	0.000000  	0.001000  	-6.811400 
! ------------------------------------------------------------------------------
! data for table	3         
! ------------------------------------------------------------------------------
  0.400000  	Re           ! Reynolds number in millions
  0.000000  	UserProp     ! User property (control) setting
Flase           InclUAdata   ! Is unsteady aerodynamics data included in this table? If TRUE, then include UA coefficients below this line. Any missing coefficients will be calculated internally.
! Table of aerodynamics coefficients
  361       	NumAlf       ! Number of data lines in the following table
!Alpha      Cl          Cd          Cm/Cp
!(deg)      (-)         (-)         (-)
-180.000000	0.000000  	0.001000  	-6.817100 
-179.000000	0.054009  	0.001000  	-6.817100 
-178.000000	0.108017  	0.001000  	-6.817100 
-177.000000	0.162026  	0.001000  	-6.817100 
-176.000000	0.216034  	0.001000  	-6.817100 
-175.000000	0.270043  	0.001000  	-6.817100 
-174.000000	0.324052  	0.001000  	-6.817100 
-173.000000	0.378060  	0.001000  	-6.817100 
-172.000000	0.432069  	0.001000  	-6.817100 
-171.000000	0.486078  	0.001000  	-6.817100 
-170.000000	0.540086  	0.001000  	-6.817100 
-169.000000	0.594095  	0.001000  	-6.817100 
-168.000000	0.648103  	0.001000  	-6.817100 
-167.000000	0.702112  	0.007021  	-6.817100 
-166.000000	0.756121  	0.017558  	-6.817100 
-165.000000	0.810129  	0.029287  	-6.817100 
-164.000000	0.864138  	0.042209  	-6.817100 
-163.000000	0.918147  	0.055781  	-6.817100 
-162.000000	0.972155  	0.070222  	-6.817100 
-161.000000	1.026164  	0.085179  	-6.817100 
-160.000000	1.080172  	0.101065  	-6.817100 
-159.000000	1.134181  	0.117341  	-6.817100 
-158.000000	1.188190  	0.134591  	-6.817100 
-157.000000	1.242198  	0.152114  	-6.817100 
-156.000000	1.296207  	0.170639  	-6.817100 
-155.000000	1.350216  	0.189333  	-6.817100 
-154.000000	1.404224  	0.209038  	-6.817100 
-153.000000	1.458233  	0.228821  	-6.817100 
-152.000000	1.512241  	0.249605  	-6.817100 
-151.000000	1.566250  	0.270390  	-6.817100 
-150.000000	1.522449  	0.292621  	-6.817100 
-149.000000	1.478649  	0.314851  	-6.817100 
-148.000000	1.434848  	0.337082  	-6.817100 
-147.000000	1.391048  	0.359313  	-6.817100 
-146.000000	1.352520  	0.382534  	-6.817100 
-145.000000	1.316922  	0.406305  	-6.817100 
-144.000000	1.281323  	0.430076  	-6.817100 
-143.000000	1.245724  	0.453847  	-6.817100 
-142.000000	1.211567  	0.477905  	-6.817100 
-141.000000	1.181014  	0.502680  	-6.817100 
-140.000000	1.150461  	0.527455  	-6.817100 
-139.000000	1.119908  	0.552230  	-6.817100 
-138.000000	1.089355  	0.577005  	-6.817100 
-137.000000	1.061689  	0.602192  	-6.817100 
-136.000000	1.034245  	0.627412  	-6.817100 
-135.000000	1.006801  	0.652631  	-6.817100 
-134.000000	0.979357  	0.677851  	-6.817100 
-133.000000	0.952996  	0.703000  	-6.817100 
-132.000000	0.927446  	0.728095  	-6.817100 
-131.000000	0.901896  	0.753191  	-6.817100 
-130.000000	0.876347  	0.778287  	-6.817100 
-129.000000	0.851042  	0.803236  	-6.817100 
-128.000000	0.826632  	0.827644  	-6.817100 
-127.000000	0.802222  	0.852052  	-6.817100 
-126.000000	0.777812  	0.876460  	-6.817100 
-125.000000	0.753402  	0.900868  	-6.817100 
-124.000000	0.729590  	0.924217  	-6.817100 
-123.000000	0.705876  	0.947390  	-6.817100 
-122.000000	0.682163  	0.970563  	-6.817100 
-121.000000	0.658450  	0.993736  	-6.817100 
-120.000000	0.634974  	1.016033  	-6.817100 
-119.000000	0.611736  	1.037453  	-6.817100 
-118.000000	0.588498  	1.058873  	-6.817100 
-117.000000	0.565260  	1.080292  	-6.817100 
-116.000000	0.542081  	1.101394  	-6.817100 
-115.000000	0.519263  	1.120584  	-6.817100 
-114.000000	0.496444  	1.139774  	-6.817100 
-113.000000	0.473625  	1.158964  	-6.817100 
-112.000000	0.450806  	1.178154  	-6.817100 
-111.000000	0.428372  	1.195259  	-6.817100 
-110.000000	0.406042  	1.211795  	-6.817100 
-109.000000	0.383712  	1.228330  	-6.817100 
-108.000000	0.361383  	1.244866  	-6.817100 
-107.000000	0.339335  	1.260109  	-6.817100 
-106.000000	0.317663  	1.273628  	-6.817100 
-105.000000	0.295991  	1.287146  	-6.817100 
-104.000000	0.274319  	1.300665  	-6.817100 
-103.000000	0.252712  	1.313948  	-6.817100 
-102.000000	0.231942  	1.324157  	-6.817100 
-101.000000	0.211172  	1.334366  	-6.817100 
-100.000000	0.190403  	1.344575  	-6.817100 
-99.000000	0.169633  	1.354784  	-6.817100 
-98.000000	0.149725  	1.362475  	-6.817100 
-97.000000	0.130162  	1.369159  	-6.817100 
-96.000000	0.110599  	1.375843  	-6.817100 
-95.000000	0.091036  	1.382527  	-6.817100 
-94.000000	0.072029  	1.387903  	-6.817100 
-93.000000	0.054022  	1.390928  	-6.817100 
-92.000000	0.036014  	1.393952  	-6.817100 
-91.000000	0.018007  	1.396976  	-6.817100 
-90.000000	0.000000  	1.400000  	-6.817100 
-89.000000	-0.018007 	1.396976  	-6.817100 
-88.000000	-0.036014 	1.393952  	-6.817100 
-87.000000	-0.054022 	1.390928  	-6.817100 
-86.000000	-0.072029 	1.387903  	-6.817100 
-85.000000	-0.091036 	1.382527  	-6.817100 
-84.000000	-0.110599 	1.375843  	-6.817100 
-83.000000	-0.130162 	1.369159  	-6.817100 
-82.000000	-0.149725 	1.362475  	-6.817100 
-81.000000	-0.169633 	1.354784  	-6.817100 
-80.000000	-0.190403 	1.344575  	-6.817100 
-79.000000	-0.211172 	1.334366  	-6.817100 
-78.000000	-0.231942 	1.324157  	-6.817100 
-77.000000	-0.252712 	1.313948  	-6.817100 
-76.000000	-0.274319 	1.300665  	-6.817100 
-75.000000	-0.295991 	1.287146  	-6.817100 
-74.000000	-0.317663 	1.273628  	-6.817100 
-73.000000	-0.339335 	1.260109  	-6.817100 
-72.000000	-0.361383 	1.244866  	-6.817100 
-71.000000	-0.383712 	1.228330  	-6.817100 
-70.000000	-0.406042 	1.211795  	-6.817100 
-69.000000	-0.428372 	1.195259  	-6.817100 
-68.000000	-0.450806 	1.178154  	-6.817100 
-67.000000	-0.473625 	1.158964  	-6.817100 
-66.000000	-0.496444 	1.139774  	-6.817100 
-65.000000	-0.519263 	1.120584  	-6.817100 
-64.000000	-0.542081 	1.101394  	-6.817100 
-63.000000	-0.565260 	1.080292  	-6.817100 
-62.000000	-0.588498 	1.058873  	-6.817100 
-61.000000	-0.611736 	1.037453  	-6.817100 
-60.000000	-0.634974 	1.016033  	-6.817100 
-59.000000	-0.658450 	0.993736  	-6.817100 
-58.000000	-0.682163 	0.970563  	-6.817100 
-57.000000	-0.705876 	0.947390  	-6.817100 
-56.000000	-0.729590 	0.924217  	-6.817100 
-55.000000	-0.753402 	0.900868  	-6.817100 
-54.000000	-0.777812 	0.876460  	-6.817100 
-53.000000	-0.802222 	0.852052  	-6.817100 
-52.000000	-0.826632 	0.827644  	-6.817100 
-51.000000	-0.851042 	0.803236  	-6.817100 
-50.000000	-0.876347 	0.778287  	-6.817100 
-49.000000	-0.901896 	0.753191  	-6.817100 
-48.000000	-0.927446 	0.728095  	-6.817100 
-47.000000	-0.952996 	0.703000  	-6.817100 
-46.000000	-0.979357 	0.677851  	-6.817100 
-45.000000	-1.006801 	0.652631  	-6.817100 
-44.000000	-1.034245 	0.627412  	-6.817100 
-43.000000	-1.061689 	0.602192  	-6.817100 
-42.000000	-1.089355 	0.577005  	-6.817100 
-41.000000	-1.119908 	0.552230  	-6.817100 
-40.000000	-1.150461 	0.527455  	-6.817100 
-39.000000	-1.181014 	0.502680  	-6.817100 
-38.000000	-1.211567 	0.477905  	-6.817100 
-37.000000	-1.245724 	0.453847  	-6.817100 
-36.000000	-1.281323 	0.430076  	-6.817100 
-35.000000	-1.316922 	0.406305  	-6.817100 
-34.000000	-1.352520 	0.382534  	-6.817100 
-33.000000	-1.391048 	0.359313  	-6.817100 
-32.000000	-1.434848 	0.337082  	-6.817100 
-31.000000	-1.478649 	0.314851  	-6.817100 
-30.000000	-1.522449 	0.292621  	-6.817100 
-29.000000	-1.566250 	0.270390  	-6.817100 
-28.000000	-1.519800 	0.258232  	-6.817100 
-27.000000	-1.473350 	0.246073  	-6.817100 
-26.000000	-1.426900 	0.233915  	-6.817100 
-25.000000	-1.380450 	0.221756  	-6.817100 
-24.000000	-1.334000 	0.209598  	-6.817100 
-23.000000	-1.287550 	0.197439  	-6.817100 
-22.000000	-1.241100 	0.185281  	-6.817100 
-21.000000	-1.194650 	0.173123  	-6.817100 
-20.000000	-1.148200 	0.160964  	-6.817100 
-19.000000	-1.101750 	0.148806  	-6.817100 
-18.000000	-1.055300 	0.136647  	-6.817100 
-17.000000	-1.008850 	0.124489  	-6.817100 
-16.000000	-0.962400 	0.112331  	-6.817100 
-15.000000	-0.915950 	0.100172  	-6.817100 
-14.000000	-0.869500 	0.088014  	-6.817100 
-13.000000	-0.823050 	0.075855  	-6.817100 
-12.000000	-0.776600 	0.063697  	-5.600363 
-11.000000	-0.730150 	0.051538  	-3.896932 
-10.000000	-0.683700 	0.039380  	-2.193500 
-9.000000 	-0.543700 	0.039290  	-2.050900 
-8.000000 	-0.399200 	0.039060  	-1.910800 
-7.000000 	-0.259900 	0.039090  	-1.775200 
-6.000000 	-0.115300 	0.039170  	-1.640300 
-5.000000 	0.027800  	0.039190  	-1.512900 
-4.000000 	0.168900  	0.039400  	-1.385500 
-3.000000 	0.312200  	0.039650  	-1.266000 
-2.000000 	0.451600  	0.039940  	-1.319200 
-1.000000 	0.592900  	0.040280  	-1.441000 
0.000000  	0.731100  	0.040660  	-1.564000 
1.000000  	0.869100  	0.041110  	-1.692700 
2.000000  	1.005800  	0.041670  	-1.824300 
3.000000  	1.139700  	0.042260  	-1.959800 
4.000000  	1.272400  	0.042890  	-2.102200 
5.000000  	1.404400  	0.043570  	-2.250600 
6.000000  	1.533200  	0.044450  	-2.405500 
7.000000  	1.659500  	0.045250  	-2.571300 
8.000000  	1.783400  	0.046310  	-2.748500 
9.000000  	1.904000  	0.047480  	-2.939500 
10.000000 	2.018600  	0.048870  	-3.144600 
11.000000 	2.127900  	0.050640  	-3.365300 
12.000000 	2.222100  	0.053120  	-3.593500 
13.000000 	2.268400  	0.058540  	-3.787600 
14.000000 	2.277800  	0.067430  	-3.947100 
15.000000 	2.286800  	0.077940  	-4.114700 
16.000000 	2.287500  	0.090280  	-4.276900 
17.000000 	2.279200  	0.104960  	-4.430500 
18.000000 	2.262900  	0.120950  	-4.572600 
19.000000 	2.243400  	0.137920  	-4.708100 
20.000000 	2.225600  	0.154410  	-4.847500 
21.000000 	2.212400  	0.170500  	-5.016400 
22.000000 	2.205000  	0.185430  	-5.214900 
23.000000 	2.203700  	0.199510  	-5.427400 
24.000000 	2.205800  	0.212750  	-5.649000 
25.000000 	2.212000  	0.224940  	-5.885400 
26.000000 	2.217000  	0.237260  	-6.119800 
27.000000 	2.223400  	0.248950  	-6.346900 
28.000000 	2.230400  	0.260120  	-6.577400 
29.000000 	2.237500  	0.270390  	-6.817100 
30.000000 	2.174928  	0.292621  	-6.817100 
31.000000 	2.112356  	0.314851  	-6.817100 
32.000000 	2.049783  	0.337082  	-6.817100 
33.000000 	1.987211  	0.359313  	-6.817100 
34.000000 	1.932172  	0.382534  	-6.817100 
35.000000 	1.881316  	0.406305  	-6.817100 
36.000000 	1.830461  	0.430076  	-6.817100 
37.000000 	1.779606  	0.453847  	-6.817100 
38.000000 	1.730811  	0.477905  	-6.817100 
39.000000 	1.687163  	0.502680  	-6.817100 
40.000000 	1.643516  	0.527455  	-6.817100 
41.000000 	1.599869  	0.552230  	-6.817100 
42.000000 	1.556222  	0.577005  	-6.817100 
43.000000 	1.516699  	0.602192  	-6.817100 
44.000000 	1.477493  	0.627412  	-6.817100 
45.000000 	1.438287  	0.652631  	-6.817100 
46.000000 	1.399081  	0.677851  	-6.817100 
47.000000 	1.361422  	0.703000  	-6.817100 
48.000000 	1.324923  	0.728095  	-6.817100 
49.000000 	1.288423  	0.753191  	-6.817100 
50.000000 	1.251924  	0.778287  	-6.817100 
51.000000 	1.215774  	0.803236  	-6.817100 
52.000000 	1.180903  	0.827644  	-6.817100 
53.000000 	1.146031  	0.852052  	-6.817100 
54.000000 	1.111160  	0.876460  	-6.817100 
55.000000 	1.076289  	0.900868  	-6.817100 
56.000000 	1.042271  	0.924217  	-6.817100 
57.000000 	1.008395  	0.947390  	-6.817100 
58.000000 	0.974518  	0.970563  	-6.817100 
59.000000 	0.940642  	0.993736  	-6.817100 
60.000000 	0.907105  	1.016033  	-6.817100 
61.000000 	0.873908  	1.037453  	-6.817100 
62.000000 	0.840711  	1.058873  	-6.817100 
63.000000 	0.807514  	1.080292  	-6.817100 
64.000000 	0.774402  	1.101394  	-6.817100 
65.000000 	0.741804  	1.120584  	-6.817100 
66.000000 	0.709205  	1.139774  	-6.817100 
67.000000 	0.676607  	1.158964  	-6.817100 
68.000000 	0.644009  	1.178154  	-6.817100 
69.000000 	0.611959  	1.195259  	-6.817100 
70.000000 	0.580060  	1.211795  	-6.817100 
71.000000 	0.548161  	1.228330  	-6.817100 
72.000000 	0.516261  	1.244866  	-6.817100 
73.000000 	0.484765  	1.260109  	-6.817100 
74.000000 	0.453805  	1.273628  	-6.817100 
75.000000 	0.422845  	1.287146  	-6.817100 
76.000000 	0.391884  	1.300665  	-6.817100 
77.000000 	0.361017  	1.313948  	-6.817100 
78.000000 	0.331346  	1.324157  	-6.817100 
79.000000 	0.301675  	1.334366  	-6.817100 
80.000000 	0.272004  	1.344575  	-6.817100 
81.000000 	0.242333  	1.354784  	-6.817100 
82.000000 	0.213893  	1.362475  	-6.817100 
83.000000 	0.185946  	1.369159  	-6.817100 
84.000000 	0.157999  	1.375843  	-6.817100 
85.000000 	0.130052  	1.382527  	-6.817100 
86.000000 	0.102899  	1.387903  	-6.817100 
87.000000 	0.077174  	1.390928  	-6.817100 
88.000000 	0.051449  	1.393952  	-6.817100 
89.000000 	0.025725  	1.396976  	-6.817100 
90.000000 	0.000000  	1.400000  	-6.817100 
91.000000 	-0.018007 	1.396976  	-6.817100 
92.000000 	-0.036014 	1.393952  	-6.817100 
93.000000 	-0.054022 	1.390928  	-6.817100 
94.000000 	-0.072029 	1.387903  	-6.817100 
95.000000 	-0.091036 	1.382527  	-6.817100 
96.000000 	-0.110599 	1.375843  	-6.817100 
97.000000 	-0.130162 	1.369159  	-6.817100 
98.000000 	-0.149725 	1.362475  	-6.817100 
99.000000 	-0.169633 	1.354784  	-6.817100 
100.000000	-0.190403 	1.344575  	-6.817100 
101.000000	-0.211172 	1.334366  	-6.817100 
102.000000	-0.231942 	1.324157  	-6.817100 
103.000000	-0.252712 	1.313948  	-6.817100 
104.000000	-0.274319 	1.300665  	-6.817100 
105.000000	-0.295991 	1.287146  	-6.817100 
106.000000	-0.317663 	1.273628  	-6.817100 
107.000000	-0.339335 	1.260109  	-6.817100 
108.000000	-0.361383 	1.244866  	-6.817100 
109.000000	-0.383712 	1.228330  	-6.817100 
110.000000	-0.406042 	1.211795  	-6.817100 
111.000000	-0.428372 	1.195259  	-6.817100 
112.000000	-0.450806 	1.178154  	-6.817100 
113.000000	-0.473625 	1.158964  	-6.817100 
114.000000	-0.496444 	1.139774  	-6.817100 
115.000000	-0.519263 	1.120584  	-6.817100 
116.000000	-0.542081 	1.101394  	-6.817100 
117.000000	-0.565260 	1.080292  	-6.817100 
118.000000	-0.588498 	1.058873  	-6.817100 
119.000000	-0.611736 	1.037453  	-6.817100 
120.000000	-0.634974 	1.016033  	-6.817100 
121.000000	-0.658450 	0.993736  	-6.817100 
122.000000	-0.682163 	0.970563  	-6.817100 
123.000000	-0.705876 	0.947390  	-6.817100 
124.000000	-0.729590 	0.924217  	-6.817100 
125.000000	-0.753402 	0.900868  	-6.817100 
126.000000	-0.777812 	0.876460  	-6.817100 
127.000000	-0.802222 	0.852052  	-6.817100 
128.000000	-0.826632 	0.827644  	-6.817100 
129.000000	-0.851042 	0.803236  	-6.817100 
130.000000	-0.876347 	0.778287  	-6.817100 
131.000000	-0.901896 	0.753191  	-6.817100 
132.000000	-0.927446 	0.728095  	-6.817100 
133.000000	-0.952996 	0.703000  	-6.817100 
134.000000	-0.979357 	0.677851  	-6.817100 
135.000000	-1.006801 	0.652631  	-6.817100 
136.000000	-1.034245 	0.627412  	-6.817100 
137.000000	-1.061689 	0.602192  	-6.817100 
138.000000	-1.089355 	0.577005  	-6.817100 
139.000000	-1.119908 	0.552230  	-6.817100 
140.000000	-1.150461 	0.527455  	-6.817100 
141.000000	-1.181014 	0.502680  	-6.817100 
142.000000	-1.211567 	0.477905  	-6.817100 
143.000000	-1.245724 	0.453847  	-6.817100 
144.000000	-1.281323 	0.430076  	-6.817100 
145.000000	-1.316922 	0.406305  	-6.817100 
146.000000	-1.352520 	0.382534  	-6.817100 
147.000000	-1.391048 	0.359313  	-6.817100 
148.000000	-1.434848 	0.337082  	-6.817100 
149.000000	-1.478649 	0.314851  	-6.817100 
150.000000	-1.522449 	0.292621  	-6.817100 
151.000000	-1.566250 	0.270390  	-6.817100 
152.000000	-1.512241 	0.249605  	-6.817100 
153.000000	-1.458233 	0.228821  	-6.817100 
154.000000	-1.404224 	0.209038  	-6.817100 
155.000000	-1.350216 	0.189333  	-6.817100 
156.000000	-1.296207 	0.170639  	-6.817100 
157.000000	-1.242198 	0.152114  	-6.817100 
158.000000	-1.188190 	0.134591  	-6.817100 
159.000000	-1.134181 	0.117341  	-6.817100 
160.000000	-1.080172 	0.101065  	-6.817100 
161.000000	-1.026164 	0.085179  	-6.817100 
162.000000	-0.972155 	0.070222  	-6.817100 
163.000000	-0.918147 	0.055781  	-6.817100 
164.000000	-0.864138 	0.042209  	-6.817100 
165.000000	-0.810129 	0.029287  	-6.817100 
166.000000	-0.756121 	0.017558  	-6.817100 
167.000000	-0.702112 	0.007021  	-6.817100 
168.000000	-0.648103 	0.001000  	-6.817100 
169.000000	-0.594095 	0.001000  	-6.817100 
170.000000	-0.540086 	0.001000  	-6.817100 
171.000000	-0.486078 	0.001000  	-6.817100 
172.000000	-0.432069 	0.001000  	-6.817100 
173.000000	-0.378060 	0.001000  	-6.817100 
174.000000	-0.324052 	0.001000  	-6.817100 
175.000000	-0.270043 	0.001000  	-6.817100 
176.000000	-0.216034 	0.001000  	-6.817100 
177.000000	-0.162026 	0.001000  	-6.817100 
178.000000	-0.108017 	0.001000  	-6.817100 
179.000000	-0.054009 	0.001000  	-6.817100 
180.000000	0.000000  	0.001000  	-6.817100 
! ------------------------------------------------------------------------------
! data for table	4         
! ------------------------------------------------------------------------------
  0.500000  	Re           ! Reynolds number in millions
  0.000000  	UserProp     ! User property (control) setting
Flase           InclUAdata   ! Is unsteady aerodynamics data included in this table? If TRUE, then include UA coefficients below this line. Any missing coefficients will be calculated internally.
! Table of aerodynamics coefficients
  361       	NumAlf       ! Number of data lines in the following table
!Alpha      Cl          Cd          Cm/Cp
!(deg)      (-)         (-)         (-)
-180.000000	0.000000  	0.001000  	-6.838000 
-179.000000	0.054067  	0.001000  	-6.838000 
-178.000000	0.108133  	0.001000  	-6.838000 
-177.000000	0.162200  	0.001000  	-6.838000 
-176.000000	0.216266  	0.001000  	-6.838000 
-175.000000	0.270333  	0.001000  	-6.838000 
-174.000000	0.324399  	0.001000  	-6.838000 
-173.000000	0.378466  	0.001000  	-6.838000 
-172.000000	0.432532  	0.001000  	-6.838000 
-171.000000	0.486599  	0.001000  	-6.838000 
-170.000000	0.540666  	0.001000  	-6.838000 
-169.000000	0.594732  	0.001009  	-6.838000 
-168.000000	0.648799  	0.001024  	-6.838000 
-167.000000	0.702865  	0.007504  	-6.838000 
-166.000000	0.756932  	0.018833  	-6.838000 
-165.000000	0.810998  	0.030954  	-6.838000 
-164.000000	0.865065  	0.043868  	-6.838000 
-163.000000	0.919131  	0.057432  	-6.838000 
-162.000000	0.973198  	0.071864  	-6.838000 
-161.000000	1.027264  	0.086812  	-6.838000 
-160.000000	1.081331  	0.102688  	-6.838000 
-159.000000	1.135398  	0.118953  	-6.838000 
-158.000000	1.189464  	0.136191  	-6.838000 
-157.000000	1.243531  	0.153703  	-6.838000 
-156.000000	1.297597  	0.172216  	-6.838000 
-155.000000	1.351664  	0.190897  	-6.838000 
-154.000000	1.405730  	0.210590  	-6.838000 
-153.000000	1.459797  	0.230359  	-6.838000 
-152.000000	1.513863  	0.251129  	-6.838000 
-151.000000	1.567930  	0.271900  	-6.838000 
-150.000000	1.524054  	0.294115  	-6.838000 
-149.000000	1.480178  	0.316330  	-6.838000 
-148.000000	1.436302  	0.338545  	-6.838000 
-147.000000	1.392426  	0.360760  	-6.838000 
-146.000000	1.353832  	0.383964  	-6.838000 
-145.000000	1.318174  	0.407718  	-6.838000 
-144.000000	1.282515  	0.431472  	-6.838000 
-143.000000	1.246857  	0.455226  	-6.838000 
-142.000000	1.212643  	0.479266  	-6.838000 
-141.000000	1.182041  	0.504021  	-6.838000 
-140.000000	1.151439  	0.528777  	-6.838000 
-139.000000	1.120836  	0.553532  	-6.838000 
-138.000000	1.090234  	0.578288  	-6.838000 
-137.000000	1.062527  	0.603455  	-6.838000 
-136.000000	1.035042  	0.628653  	-6.838000 
-135.000000	1.007557  	0.653851  	-6.838000 
-134.000000	0.980073  	0.679050  	-6.838000 
-133.000000	0.953674  	0.704177  	-6.838000 
-132.000000	0.928090  	0.729250  	-6.838000 
-131.000000	0.902507  	0.754323  	-6.838000 
-130.000000	0.876923  	0.779396  	-6.838000 
-129.000000	0.851585  	0.804322  	-6.838000 
-128.000000	0.827146  	0.828706  	-6.838000 
-127.000000	0.802708  	0.853090  	-6.838000 
-126.000000	0.778269  	0.877474  	-6.838000 
-125.000000	0.753830  	0.901858  	-6.838000 
-124.000000	0.729993  	0.925182  	-6.838000 
-123.000000	0.706255  	0.948330  	-6.838000 
-122.000000	0.682517  	0.971478  	-6.838000 
-121.000000	0.658780  	0.994625  	-6.838000 
-120.000000	0.635282  	1.016896  	-6.838000 
-119.000000	0.612024  	1.038289  	-6.838000 
-118.000000	0.588765  	1.059682  	-6.838000 
-117.000000	0.565507  	1.081076  	-6.838000 
-116.000000	0.542309  	1.102151  	-6.838000 
-115.000000	0.519474  	1.121313  	-6.838000 
-114.000000	0.496638  	1.140476  	-6.838000 
-113.000000	0.473803  	1.159638  	-6.838000 
-112.000000	0.450967  	1.178801  	-6.838000 
-111.000000	0.428519  	1.195877  	-6.838000 
-110.000000	0.406176  	1.212385  	-6.838000 
-109.000000	0.383833  	1.228892  	-6.838000 
-108.000000	0.361491  	1.245399  	-6.838000 
-107.000000	0.339431  	1.260614  	-6.838000 
-106.000000	0.317749  	1.274103  	-6.838000 
-105.000000	0.296067  	1.287593  	-6.838000 
-104.000000	0.274384  	1.301083  	-6.838000 
-103.000000	0.252767  	1.314336  	-6.838000 
-102.000000	0.231990  	1.324516  	-6.838000 
-101.000000	0.211213  	1.334695  	-6.838000 
-100.000000	0.190437  	1.344875  	-6.838000 
-99.000000	0.169660  	1.355054  	-6.838000 
-98.000000	0.149747  	1.362715  	-6.838000 
-97.000000	0.130180  	1.369369  	-6.838000 
-96.000000	0.110613  	1.376023  	-6.838000 
-95.000000	0.091045  	1.382677  	-6.838000 
-94.000000	0.072035  	1.388024  	-6.838000 
-93.000000	0.054026  	1.391018  	-6.838000 
-92.000000	0.036017  	1.394012  	-6.838000 
-91.000000	0.018009  	1.397006  	-6.838000 
-90.000000	0.000000  	1.400000  	-6.838000 
-89.000000	-0.018009 	1.397006  	-6.838000 
-88.000000	-0.036017 	1.394012  	-6.838000 
-87.000000	-0.054026 	1.391018  	-6.838000 
-86.000000	-0.072035 	1.388024  	-6.838000 
-85.000000	-0.091045 	1.382677  	-6.838000 
-84.000000	-0.110613 	1.376023  	-6.838000 
-83.000000	-0.130180 	1.369369  	-6.838000 
-82.000000	-0.149747 	1.362715  	-6.838000 
-81.000000	-0.169660 	1.355054  	-6.838000 
-80.000000	-0.190437 	1.344875  	-6.838000 
-79.000000	-0.211213 	1.334695  	-6.838000 
-78.000000	-0.231990 	1.324516  	-6.838000 
-77.000000	-0.252767 	1.314336  	-6.838000 
-76.000000	-0.274384 	1.301083  	-6.838000 
-75.000000	-0.296067 	1.287593  	-6.838000 
-74.000000	-0.317749 	1.274103  	-6.838000 
-73.000000	-0.339431 	1.260614  	-6.838000 
-72.000000	-0.361491 	1.245399  	-6.838000 
-71.000000	-0.383833 	1.228892  	-6.838000 
-70.000000	-0.406176 	1.212385  	-6.838000 
-69.000000	-0.428519 	1.195877  	-6.838000 
-68.000000	-0.450967 	1.178801  	-6.838000 
-67.000000	-0.473803 	1.159638  	-6.838000 
-66.000000	-0.496638 	1.140476  	-6.838000 
-65.000000	-0.519474 	1.121313  	-6.838000 
-64.000000	-0.542309 	1.102151  	-6.838000 
-63.000000	-0.565507 	1.081076  	-6.838000 
-62.000000	-0.588765 	1.059682  	-6.838000 
-61.000000	-0.612024 	1.038289  	-6.838000 
-60.000000	-0.635282 	1.016896  	-6.838000 
-59.000000	-0.658780 	0.994625  	-6.838000 
-58.000000	-0.682517 	0.971478  	-6.838000 
-57.000000	-0.706255 	0.948330  	-6.838000 
-56.000000	-0.729993 	0.925182  	-6.838000 
-55.000000	-0.753830 	0.901858  	-6.838000 
-54.000000	-0.778269 	0.877474  	-6.838000 
-53.000000	-0.802708 	0.853090  	-6.838000 
-52.000000	-0.827146 	0.828706  	-6.838000 
-51.000000	-0.851585 	0.804322  	-6.838000 
-50.000000	-0.876923 	0.779396  	-6.838000 
-49.000000	-0.902507 	0.754323  	-6.838000 
-48.000000	-0.928090 	0.729250  	-6.838000 
-47.000000	-0.953674 	0.704177  	-6.838000 
-46.000000	-0.980073 	0.679050  	-6.838000 
-45.000000	-1.007557 	0.653851  	-6.838000 
-44.000000	-1.035042 	0.628653  	-6.838000 
-43.000000	-1.062527 	0.603455  	-6.838000 
-42.000000	-1.090234 	0.578288  	-6.838000 
-41.000000	-1.120836 	0.553532  	-6.838000 
-40.000000	-1.151439 	0.528777  	-6.838000 
-39.000000	-1.182041 	0.504021  	-6.838000 
-38.000000	-1.212643 	0.479266  	-6.838000 
-37.000000	-1.246857 	0.455226  	-6.838000 
-36.000000	-1.282515 	0.431472  	-6.838000 
-35.000000	-1.318174 	0.407718  	-6.838000 
-34.000000	-1.353832 	0.383964  	-6.838000 
-33.000000	-1.392426 	0.360760  	-6.838000 
-32.000000	-1.436302 	0.338545  	-6.838000 
-31.000000	-1.480178 	0.316330  	-6.838000 
-30.000000	-1.524054 	0.294115  	-6.838000 
-29.000000	-1.567930 	0.271900  	-6.838000 
-28.000000	-1.520881 	0.259589  	-6.838000 
-27.000000	-1.473832 	0.247279  	-6.838000 
-26.000000	-1.426783 	0.234968  	-6.838000 
-25.000000	-1.379734 	0.222658  	-6.838000 
-24.000000	-1.332685 	0.210347  	-6.838000 
-23.000000	-1.285636 	0.198037  	-6.838000 
-22.000000	-1.238587 	0.185726  	-6.838000 
-21.000000	-1.191538 	0.173416  	-6.838000 
-20.000000	-1.144489 	0.161105  	-6.838000 
-19.000000	-1.097441 	0.148795  	-6.838000 
-18.000000	-1.050392 	0.136484  	-6.838000 
-17.000000	-1.003343 	0.124174  	-6.838000 
-16.000000	-0.956294 	0.111863  	-6.838000 
-15.000000	-0.909245 	0.099553  	-6.838000 
-14.000000	-0.862196 	0.087242  	-6.838000 
-13.000000	-0.815147 	0.074932  	-6.838000 
-12.000000	-0.768098 	0.062621  	-5.618447 
-11.000000	-0.721049 	0.050311  	-3.911074 
-10.000000	-0.674000 	0.038000  	-2.203700 
-9.000000 	-0.538100 	0.038000  	-2.062100 
-8.000000 	-0.396100 	0.038130  	-1.920200 
-7.000000 	-0.250700 	0.038260  	-1.781300 
-6.000000 	-0.109300 	0.038370  	-1.648800 
-5.000000 	0.033600  	0.038580  	-1.518200 
-4.000000 	0.176800  	0.038810  	-1.391900 
-3.000000 	0.318000  	0.039070  	-1.270300 
-2.000000 	0.459800  	0.039400  	-1.326400 
-1.000000 	0.599200  	0.039775  	-1.449250 
0.000000  	0.738600  	0.040150  	-1.572100 
1.000000  	0.876300  	0.040600  	-1.700900 
2.000000  	1.012700  	0.041100  	-1.832700 
3.000000  	1.148400  	0.041580  	-1.970500 
4.000000  	1.282300  	0.042140  	-2.113700 
5.000000  	1.413000  	0.042830  	-2.261700 
6.000000  	1.541700  	0.043555  	-2.423150 
7.000000  	1.670400  	0.044280  	-2.584600 
8.000000  	1.794800  	0.045180  	-2.763300 
9.000000  	1.913400  	0.046405  	-2.962800 
10.000000 	2.032000  	0.047630  	-3.162300 
11.000000 	2.142100  	0.049170  	-3.385200 
12.000000 	2.239100  	0.051590  	-3.617300 
13.000000 	2.280600  	0.057460  	-3.807500 
14.000000 	2.295000  	0.066360  	-3.974800 
15.000000 	2.307300  	0.076810  	-4.148400 
16.000000 	2.309100  	0.089340  	-4.314400 
17.000000 	2.303800  	0.103630  	-4.475200 
18.000000 	2.281000  	0.120550  	-4.608000 
19.000000 	2.261300  	0.137270  	-4.745700 
20.000000 	2.236000  	0.154790  	-4.871800 
21.000000 	2.222800  	0.170700  	-5.044900 
22.000000 	2.212600  	0.186080  	-5.237100 
23.000000 	2.208000  	0.200480  	-5.442500 
24.000000 	2.211500  	0.213470  	-5.671000 
25.000000 	2.211900  	0.226680  	-5.890000 
26.000000 	2.216400  	0.238880  	-6.124300 
27.000000 	2.224600  	0.250230  	-6.358200 
28.000000 	2.232600  	0.261210  	-6.595400 
29.000000 	2.239900  	0.271900  	-6.838000 
30.000000 	2.177220  	0.294115  	-6.838000 
31.000000 	2.114540  	0.316330  	-6.838000 
32.000000 	2.051860  	0.338545  	-6.838000 
33.000000 	1.989180  	0.360760  	-6.838000 
34.000000 	1.934046  	0.383964  	-6.838000 
35.000000 	1.883105  	0.407718  	-6.838000 
36.000000 	1.832164  	0.431472  	-6.838000 
37.000000 	1.781224  	0.455226  	-6.838000 
38.000000 	1.732347  	0.479266  	-6.838000 
39.000000 	1.688629  	0.504021  	-6.838000 
40.000000 	1.644912  	0.528777  	-6.838000 
41.000000 	1.601195  	0.553532  	-6.838000 
42.000000 	1.557478  	0.578288  	-6.838000 
43.000000 	1.517896  	0.603455  	-6.838000 
44.000000 	1.478632  	0.628653  	-6.838000 
45.000000 	1.439368  	0.653851  	-6.838000 
46.000000 	1.400104  	0.679050  	-6.838000 
47.000000 	1.362392  	0.704177  	-6.838000 
48.000000 	1.325843  	0.729250  	-6.838000 
49.000000 	1.289295  	0.754323  	-6.838000 
50.000000 	1.252747  	0.779396  	-6.838000 
51.000000 	1.216550  	0.804322  	-6.838000 
52.000000 	1.181637  	0.828706  	-6.838000 
53.000000 	1.146725  	0.853090  	-6.838000 
54.000000 	1.111813  	0.877474  	-6.838000 
55.000000 	1.076900  	0.901858  	-6.838000 
56.000000 	1.042847  	0.925182  	-6.838000 
57.000000 	1.008936  	0.948330  	-6.838000 
58.000000 	0.975025  	0.971478  	-6.838000 
59.000000 	0.941114  	0.994625  	-6.838000 
60.000000 	0.907546  	1.016896  	-6.838000 
61.000000 	0.874320  	1.038289  	-6.838000 
62.000000 	0.841094  	1.059682  	-6.838000 
63.000000 	0.807867  	1.081076  	-6.838000 
64.000000 	0.774728  	1.102151  	-6.838000 
65.000000 	0.742106  	1.121313  	-6.838000 
66.000000 	0.709483  	1.140476  	-6.838000 
67.000000 	0.676861  	1.159638  	-6.838000 
68.000000 	0.644239  	1.178801  	-6.838000 
69.000000 	0.612170  	1.195877  	-6.838000 
70.000000 	0.580252  	1.212385  	-6.838000 
71.000000 	0.548333  	1.228892  	-6.838000 
72.000000 	0.516415  	1.245399  	-6.838000 
73.000000 	0.484901  	1.260614  	-6.838000 
74.000000 	0.453927  	1.274103  	-6.838000 
75.000000 	0.422952  	1.287593  	-6.838000 
76.000000 	0.391978  	1.301083  	-6.838000 
77.000000 	0.361096  	1.314336  	-6.838000 
78.000000 	0.331415  	1.324516  	-6.838000 
79.000000 	0.301734  	1.334695  	-6.838000 
80.000000 	0.272052  	1.344875  	-6.838000 
81.000000 	0.242371  	1.355054  	-6.838000 
82.000000 	0.213924  	1.362715  	-6.838000 
83.000000 	0.185971  	1.369369  	-6.838000 
84.000000 	0.158018  	1.376023  	-6.838000 
85.000000 	0.130065  	1.382677  	-6.838000 
86.000000 	0.102907  	1.388024  	-6.838000 
87.000000 	0.077180  	1.391018  	-6.838000 
88.000000 	0.051453  	1.394012  	-6.838000 
89.000000 	0.025727  	1.397006  	-6.838000 
90.000000 	0.000000  	1.400000  	-6.838000 
91.000000 	-0.018009 	1.397006  	-6.838000 
92.000000 	-0.036017 	1.394012  	-6.838000 
93.000000 	-0.054026 	1.391018  	-6.838000 
94.000000 	-0.072035 	1.388024  	-6.838000 
95.000000 	-0.091045 	1.382677  	-6.838000 
96.000000 	-0.110613 	1.376023  	-6.838000 
97.000000 	-0.130180 	1.369369  	-6.838000 
98.000000 	-0.149747 	1.362715  	-6.838000 
99.000000 	-0.169660 	1.355054  	-6.838000 
100.000000	-0.190437 	1.344875  	-6.838000 
101.000000	-0.211213 	1.334695  	-6.838000 
102.000000	-0.231990 	1.324516  	-6.838000 
103.000000	-0.252767 	1.314336  	-6.838000 
104.000000	-0.274384 	1.301083  	-6.838000 
105.000000	-0.296067 	1.287593  	-6.838000 
106.000000	-0.317749 	1.274103  	-6.838000 
107.000000	-0.339431 	1.260614  	-6.838000 
108.000000	-0.361491 	1.245399  	-6.838000 
109.000000	-0.383833 	1.228892  	-6.838000 
110.000000	-0.406176 	1.212385  	-6.838000 
111.000000	-0.428519 	1.195877  	-6.838000 
112.000000	-0.450967 	1.178801  	-6.838000 
113.000000	-0.473803 	1.159638  	-6.838000 
114.000000	-0.496638 	1.140476  	-6.838000 
115.000000	-0.519474 	1.121313  	-6.838000 
116.000000	-0.542309 	1.102151  	-6.838000 
117.000000	-0.565507 	1.081076  	-6.838000 
118.000000	-0.588765 	1.059682  	-6.838000 
119.000000	-0.612024 	1.038289  	-6.838000 
120.000000	-0.635282 	1.016896  	-6.838000 
121.000000	-0.658780 	0.994625  	-6.838000 
122.000000	-0.682517 	0.971478  	-6.838000 
123.000000	-0.706255 	0.948330  	-6.838000 
124.000000	-0.729993 	0.925182  	-6.838000 
125.000000	-0.753830 	0.901858  	-6.838000 
126.000000	-0.778269 	0.877474  	-6.838000 
127.000000	-0.802708 	0.853090  	-6.838000 
128.000000	-0.827146 	0.828706  	-6.838000 
129.000000	-0.851585 	0.804322  	-6.838000 
130.000000	-0.876923 	0.779396  	-6.838000 
131.000000	-0.902507 	0.754323  	-6.838000 
132.000000	-0.928090 	0.729250  	-6.838000 
133.000000	-0.953674 	0.704177  	-6.838000 
134.000000	-0.980073 	0.679050  	-6.838000 
135.000000	-1.007557 	0.653851  	-6.838000 
136.000000	-1.035042 	0.628653  	-6.838000 
137.000000	-1.062527 	0.603455  	-6.838000 
138.000000	-1.090234 	0.578288  	-6.838000 
139.000000	-1.120836 	0.553532  	-6.838000 
140.000000	-1.151439 	0.528777  	-6.838000 
141.000000	-1.182041 	0.504021  	-6.838000 
142.000000	-1.212643 	0.479266  	-6.838000 
143.000000	-1.246857 	0.455226  	-6.838000 
144.000000	-1.282515 	0.431472  	-6.838000 
145.000000	-1.318174 	0.407718  	-6.838000 
146.000000	-1.353832 	0.383964  	-6.838000 
147.000000	-1.392426 	0.360760  	-6.838000 
148.000000	-1.436302 	0.338545  	-6.838000 
149.000000	-1.480178 	0.316330  	-6.838000 
150.000000	-1.524054 	0.294115  	-6.838000 
151.000000	-1.567930 	0.271900  	-6.838000 
152.000000	-1.513863 	0.251129  	-6.838000 
153.000000	-1.459797 	0.230359  	-6.838000 
154.000000	-1.405730 	0.210590  	-6.838000 
155.000000	-1.351664 	0.190897  	-6.838000 
156.000000	-1.297597 	0.172216  	-6.838000 
157.000000	-1.243531 	0.153703  	-6.838000 
158.000000	-1.189464 	0.136191  	-6.838000 
159.000000	-1.135398 	0.118953  	-6.838000 
160.000000	-1.081331 	0.102688  	-6.838000 
161.000000	-1.027264 	0.086812  	-6.838000 
162.000000	-0.973198 	0.071864  	-6.838000 
163.000000	-0.919131 	0.057432  	-6.838000 
164.000000	-0.865065 	0.043868  	-6.838000 
165.000000	-0.810998 	0.030954  	-6.838000 
166.000000	-0.756932 	0.018833  	-6.838000 
167.000000	-0.702865 	0.007504  	-6.838000 
168.000000	-0.648799 	0.001024  	-6.838000 
169.000000	-0.594732 	0.001009  	-6.838000 
170.000000	-0.540666 	0.001000  	-6.838000 
171.000000	-0.486599 	0.001000  	-6.838000 
172.000000	-0.432532 	0.001000  	-6.838000 
173.000000	-0.378466 	0.001000  	-6.838000 
174.000000	-0.324399 	0.001000  	-6.838000 
175.000000	-0.270333 	0.001000  	-6.838000 
176.000000	-0.216266 	0.001000  	-6.838000 
177.000000	-0.162200 	0.001000  	-6.838000 
178.000000	-0.108133 	0.001000  	-6.838000 
179.000000	-0.054067 	0.001000  	-6.838000 
180.000000	0.000000  	0.001000  	-6.838000 
! ------------------------------------------------------------------------------
! data for table	5         
! ------------------------------------------------------------------------------
  0.600000  	Re           ! Reynolds number in millions
  0.000000  	UserProp     ! User property (control) setting
Flase           InclUAdata   ! Is unsteady aerodynamics data included in this table? If TRUE, then include UA coefficients below this line. Any missing coefficients will be calculated internally.
! Table of aerodynamics coefficients
  361       	NumAlf       ! Number of data lines in the following table
!Alpha      Cl          Cd          Cm/Cp
!(deg)      (-)         (-)         (-)
-180.000000	0.000000  	0.001000  	-6.861300 
-179.000000	0.054166  	0.001000  	-6.861300 
-178.000000	0.108331  	0.001000  	-6.861300 
-177.000000	0.162497  	0.001000  	-6.861300 
-176.000000	0.216662  	0.001000  	-6.861300 
-175.000000	0.270828  	0.001000  	-6.861300 
-174.000000	0.324993  	0.001000  	-6.861300 
-173.000000	0.379159  	0.001000  	-6.861300 
-172.000000	0.433324  	0.001000  	-6.861300 
-171.000000	0.487490  	0.001000  	-6.861300 
-170.000000	0.541655  	0.001000  	-6.861300 
-169.000000	0.595821  	0.001110  	-6.861300 
-168.000000	0.649986  	0.001281  	-6.861300 
-167.000000	0.704152  	0.007827  	-6.861300 
-166.000000	0.758317  	0.019155  	-6.861300 
-165.000000	0.812483  	0.031275  	-6.861300 
-164.000000	0.866648  	0.044187  	-6.861300 
-163.000000	0.920814  	0.057749  	-6.861300 
-162.000000	0.974979  	0.072179  	-6.861300 
-161.000000	1.029145  	0.087125  	-6.861300 
-160.000000	1.083310  	0.102999  	-6.861300 
-159.000000	1.137476  	0.119262  	-6.861300 
-158.000000	1.191641  	0.136499  	-6.861300 
-157.000000	1.245807  	0.154008  	-6.861300 
-156.000000	1.299972  	0.172519  	-6.861300 
-155.000000	1.354138  	0.191198  	-6.861300 
-154.000000	1.408303  	0.210888  	-6.861300 
-153.000000	1.462469  	0.230654  	-6.861300 
-152.000000	1.516634  	0.251422  	-6.861300 
-151.000000	1.570800  	0.272190  	-6.861300 
-150.000000	1.526795  	0.294402  	-6.861300 
-149.000000	1.482790  	0.316614  	-6.861300 
-148.000000	1.438785  	0.338826  	-6.861300 
-147.000000	1.394780  	0.361038  	-6.861300 
-146.000000	1.356074  	0.384239  	-6.861300 
-145.000000	1.320313  	0.407990  	-6.861300 
-144.000000	1.284552  	0.431740  	-6.861300 
-143.000000	1.248791  	0.455490  	-6.861300 
-142.000000	1.214479  	0.479527  	-6.861300 
-141.000000	1.183794  	0.504279  	-6.861300 
-140.000000	1.153108  	0.529031  	-6.861300 
-139.000000	1.122422  	0.553782  	-6.861300 
-138.000000	1.091736  	0.578534  	-6.861300 
-137.000000	1.063958  	0.603697  	-6.861300 
-136.000000	1.036404  	0.628891  	-6.861300 
-135.000000	1.008849  	0.654086  	-6.861300 
-134.000000	0.981295  	0.679280  	-6.861300 
-133.000000	0.954833  	0.704403  	-6.861300 
-132.000000	0.929191  	0.729472  	-6.861300 
-131.000000	0.903549  	0.754540  	-6.861300 
-130.000000	0.877907  	0.779609  	-6.861300 
-129.000000	0.852512  	0.804531  	-6.861300 
-128.000000	0.828025  	0.828910  	-6.861300 
-127.000000	0.803537  	0.853289  	-6.861300 
-126.000000	0.779049  	0.877669  	-6.861300 
-125.000000	0.754561  	0.902048  	-6.861300 
-124.000000	0.730681  	0.925368  	-6.861300 
-123.000000	0.706902  	0.948510  	-6.861300 
-122.000000	0.683123  	0.971653  	-6.861300 
-121.000000	0.659344  	0.994796  	-6.861300 
-120.000000	0.635809  	1.017061  	-6.861300 
-119.000000	0.612516  	1.038450  	-6.861300 
-118.000000	0.589223  	1.059838  	-6.861300 
-117.000000	0.565930  	1.081226  	-6.861300 
-116.000000	0.542699  	1.102296  	-6.861300 
-115.000000	0.519835  	1.121453  	-6.861300 
-114.000000	0.496971  	1.140610  	-6.861300 
-113.000000	0.474107  	1.159768  	-6.861300 
-112.000000	0.451243  	1.178925  	-6.861300 
-111.000000	0.428771  	1.195996  	-6.861300 
-110.000000	0.406406  	1.212498  	-6.861300 
-109.000000	0.384040  	1.229000  	-6.861300 
-108.000000	0.361675  	1.245502  	-6.861300 
-107.000000	0.339595  	1.260710  	-6.861300 
-106.000000	0.317895  	1.274195  	-6.861300 
-105.000000	0.296196  	1.287679  	-6.861300 
-104.000000	0.274496  	1.301163  	-6.861300 
-103.000000	0.252862  	1.314411  	-6.861300 
-102.000000	0.232073  	1.324584  	-6.861300 
-101.000000	0.211284  	1.334758  	-6.861300 
-100.000000	0.190495  	1.344932  	-6.861300 
-99.000000	0.169706  	1.355106  	-6.861300 
-98.000000	0.149784  	1.362762  	-6.861300 
-97.000000	0.130210  	1.369410  	-6.861300 
-96.000000	0.110635  	1.376058  	-6.861300 
-95.000000	0.091060  	1.382706  	-6.861300 
-94.000000	0.072044  	1.388047  	-6.861300 
-93.000000	0.054033  	1.391035  	-6.861300 
-92.000000	0.036022  	1.394023  	-6.861300 
-91.000000	0.018011  	1.397012  	-6.861300 
-90.000000	0.000000  	1.400000  	-6.861300 
-89.000000	-0.018011 	1.397012  	-6.861300 
-88.000000	-0.036022 	1.394023  	-6.861300 
-87.000000	-0.054033 	1.391035  	-6.861300 
-86.000000	-0.072044 	1.388047  	-6.861300 
-85.000000	-0.091060 	1.382706  	-6.861300 
-84.000000	-0.110635 	1.376058  	-6.861300 
-83.000000	-0.130210 	1.369410  	-6.861300 
-82.000000	-0.149784 	1.362762  	-6.861300 
-81.000000	-0.169706 	1.355106  	-6.861300 
-80.000000	-0.190495 	1.344932  	-6.861300 
-79.000000	-0.211284 	1.334758  	-6.861300 
-78.000000	-0.232073 	1.324584  	-6.861300 
-77.000000	-0.252862 	1.314411  	-6.861300 
-76.000000	-0.274496 	1.301163  	-6.861300 
-75.000000	-0.296196 	1.287679  	-6.861300 
-74.000000	-0.317895 	1.274195  	-6.861300 
-73.000000	-0.339595 	1.260710  	-6.861300 
-72.000000	-0.361675 	1.245502  	-6.861300 
-71.000000	-0.384040 	1.229000  	-6.861300 
-70.000000	-0.406406 	1.212498  	-6.861300 
-69.000000	-0.428771 	1.195996  	-6.861300 
-68.000000	-0.451243 	1.178925  	-6.861300 
-67.000000	-0.474107 	1.159768  	-6.861300 
-66.000000	-0.496971 	1.140610  	-6.861300 
-65.000000	-0.519835 	1.121453  	-6.861300 
-64.000000	-0.542699 	1.102296  	-6.861300 
-63.000000	-0.565930 	1.081226  	-6.861300 
-62.000000	-0.589223 	1.059838  	-6.861300 
-61.000000	-0.612516 	1.038450  	-6.861300 
-60.000000	-0.635809 	1.017061  	-6.861300 
-59.000000	-0.659344 	0.994796  	-6.861300 
-58.000000	-0.683123 	0.971653  	-6.861300 
-57.000000	-0.706902 	0.948510  	-6.861300 
-56.000000	-0.730681 	0.925368  	-6.861300 
-55.000000	-0.754561 	0.902048  	-6.861300 
-54.000000	-0.779049 	0.877669  	-6.861300 
-53.000000	-0.803537 	0.853289  	-6.861300 
-52.000000	-0.828025 	0.828910  	-6.861300 
-51.000000	-0.852512 	0.804531  	-6.861300 
-50.000000	-0.877907 	0.779609  	-6.861300 
-49.000000	-0.903549 	0.754540  	-6.861300 
-48.000000	-0.929191 	0.729472  	-6.861300 
-47.000000	-0.954833 	0.704403  	-6.861300 
-46.000000	-0.981295 	0.679280  	-6.861300 
-45.000000	-1.008849 	0.654086  	-6.861300 
-44.000000	-1.036404 	0.628891  	-6.861300 
-43.000000	-1.063958 	0.603697  	-6.861300 
-42.000000	-1.091736 	0.578534  	-6.861300 
-41.000000	-1.122422 	0.553782  	-6.861300 
-40.000000	-1.153108 	0.529031  	-6.861300 
-39.000000	-1.183794 	0.504279  	-6.861300 
-38.000000	-1.214479 	0.479527  	-6.861300 
-37.000000	-1.248791 	0.455490  	-6.861300 
-36.000000	-1.284552 	0.431740  	-6.861300 
-35.000000	-1.320313 	0.407990  	-6.861300 
-34.000000	-1.356074 	0.384239  	-6.861300 
-33.000000	-1.394780 	0.361038  	-6.861300 
-32.000000	-1.438785 	0.338826  	-6.861300 
-31.000000	-1.482790 	0.316614  	-6.861300 
-30.000000	-1.526795 	0.294402  	-6.861300 
-29.000000	-1.570800 	0.272190  	-6.861300 
-28.000000	-1.523753 	0.259827  	-6.861300 
-27.000000	-1.476705 	0.247464  	-6.861300 
-26.000000	-1.429658 	0.235101  	-6.861300 
-25.000000	-1.382611 	0.222737  	-6.861300 
-24.000000	-1.335563 	0.210374  	-6.861300 
-23.000000	-1.288516 	0.198011  	-6.861300 
-22.000000	-1.241468 	0.185648  	-6.861300 
-21.000000	-1.194421 	0.173285  	-6.861300 
-20.000000	-1.147374 	0.160922  	-6.861300 
-19.000000	-1.100326 	0.148558  	-6.861300 
-18.000000	-1.053279 	0.136195  	-6.861300 
-17.000000	-1.006232 	0.123832  	-6.861300 
-16.000000	-0.959184 	0.111469  	-6.861300 
-15.000000	-0.912137 	0.099106  	-6.861300 
-14.000000	-0.865089 	0.086743  	-6.861300 
-13.000000	-0.818042 	0.074379  	-6.861300 
-12.000000	-0.770995 	0.062016  	-5.638484 
-11.000000	-0.723947 	0.049653  	-3.926542 
-10.000000	-0.676900 	0.037290  	-2.214600 
-9.000000 	-0.533700 	0.037490  	-2.066600 
-8.000000 	-0.391800 	0.037570  	-1.926900 
-7.000000 	-0.248500 	0.037770  	-1.786800 
-6.000000 	-0.104200 	0.038020  	-1.652300 
-5.000000 	0.038200  	0.038220  	-1.522100 
-4.000000 	0.180600  	0.038500  	-1.395000 
-3.000000 	0.322700  	0.038790  	-1.273300 
-2.000000 	0.463800  	0.039100  	-1.330600 
-1.000000 	0.604600  	0.039420  	-1.452800 
0.000000  	0.743900  	0.039790  	-1.577600 
1.000000  	0.882200  	0.040200  	-1.707100 
2.000000  	1.019100  	0.040650  	-1.839600 
3.000000  	1.154400  	0.041140  	-1.977400 
4.000000  	1.287500  	0.041740  	-2.120300 
5.000000  	1.420700  	0.042190  	-2.270900 
6.000000  	1.550400  	0.042890  	-2.426900 
7.000000  	1.678900  	0.043530  	-2.595000 
8.000000  	1.803700  	0.044390  	-2.773800 
9.000000  	1.926200  	0.045330  	-2.967300 
10.000000 	2.044100  	0.046480  	-3.177500 
11.000000 	2.154000  	0.048140  	-3.400600 
12.000000 	2.256600  	0.050140  	-3.640600 
13.000000 	2.315100  	0.054930  	-3.853100 
14.000000 	2.327000  	0.063840  	-4.020700 
15.000000 	2.340400  	0.074120  	-4.198900 
16.000000 	2.340400  	0.086730  	-4.366300 
17.000000 	2.320800  	0.102680  	-4.506500 
18.000000 	2.305800  	0.118450  	-4.655400 
19.000000 	2.272600  	0.136900  	-4.769500 
20.000000 	2.255100  	0.153290  	-4.913800 
21.000000 	2.239200  	0.169440  	-5.090400 
22.000000 	2.223300  	0.185590  	-5.267000 
23.000000 	2.217500  	0.200110  	-5.471100 
24.000000 	2.212200  	0.214370  	-5.676900 
25.000000 	2.218000  	0.226720  	-5.913100 
26.000000 	2.224700  	0.238560  	-6.156300 
27.000000 	2.231400  	0.250080  	-6.386800 
28.000000 	2.238500  	0.261180  	-6.624000 
29.000000 	2.244000  	0.272190  	-6.861300 
30.000000 	2.181136  	0.294402  	-6.861300 
31.000000 	2.118271  	0.316614  	-6.861300 
32.000000 	2.055407  	0.338826  	-6.861300 
33.000000 	1.992542  	0.361038  	-6.861300 
34.000000 	1.937249  	0.384239  	-6.861300 
35.000000 	1.886161  	0.407990  	-6.861300 
36.000000 	1.835074  	0.431740  	-6.861300 
37.000000 	1.783987  	0.455490  	-6.861300 
38.000000 	1.734971  	0.479527  	-6.861300 
39.000000 	1.691134  	0.504279  	-6.861300 
40.000000 	1.647297  	0.529031  	-6.861300 
41.000000 	1.603460  	0.553782  	-6.861300 
42.000000 	1.559623  	0.578534  	-6.861300 
43.000000 	1.519940  	0.603697  	-6.861300 
44.000000 	1.480577  	0.628891  	-6.861300 
45.000000 	1.441214  	0.654086  	-6.861300 
46.000000 	1.401850  	0.679280  	-6.861300 
47.000000 	1.364048  	0.704403  	-6.861300 
48.000000 	1.327416  	0.729472  	-6.861300 
49.000000 	1.290785  	0.754540  	-6.861300 
50.000000 	1.254153  	0.779609  	-6.861300 
51.000000 	1.217875  	0.804531  	-6.861300 
52.000000 	1.182892  	0.828910  	-6.861300 
53.000000 	1.147910  	0.853289  	-6.861300 
54.000000 	1.112927  	0.877669  	-6.861300 
55.000000 	1.077945  	0.902048  	-6.861300 
56.000000 	1.043830  	0.925368  	-6.861300 
57.000000 	1.009860  	0.948510  	-6.861300 
58.000000 	0.975891  	0.971653  	-6.861300 
59.000000 	0.941921  	0.994796  	-6.861300 
60.000000 	0.908298  	1.017061  	-6.861300 
61.000000 	0.875023  	1.038450  	-6.861300 
62.000000 	0.841747  	1.059838  	-6.861300 
63.000000 	0.808472  	1.081226  	-6.861300 
64.000000 	0.775284  	1.102296  	-6.861300 
65.000000 	0.742621  	1.121453  	-6.861300 
66.000000 	0.709959  	1.140610  	-6.861300 
67.000000 	0.677296  	1.159768  	-6.861300 
68.000000 	0.644633  	1.178925  	-6.861300 
69.000000 	0.612530  	1.195996  	-6.861300 
70.000000 	0.580579  	1.212498  	-6.861300 
71.000000 	0.548629  	1.229000  	-6.861300 
72.000000 	0.516678  	1.245502  	-6.861300 
73.000000 	0.485135  	1.260710  	-6.861300 
74.000000 	0.454136  	1.274195  	-6.861300 
75.000000 	0.423137  	1.287679  	-6.861300 
76.000000 	0.392137  	1.301163  	-6.861300 
77.000000 	0.361231  	1.314411  	-6.861300 
78.000000 	0.331532  	1.324584  	-6.861300 
79.000000 	0.301834  	1.334758  	-6.861300 
80.000000 	0.272135  	1.344932  	-6.861300 
81.000000 	0.242437  	1.355106  	-6.861300 
82.000000 	0.213977  	1.362762  	-6.861300 
83.000000 	0.186014  	1.369410  	-6.861300 
84.000000 	0.158050  	1.376058  	-6.861300 
85.000000 	0.130086  	1.382706  	-6.861300 
86.000000 	0.102920  	1.388047  	-6.861300 
87.000000 	0.077190  	1.391035  	-6.861300 
88.000000 	0.051460  	1.394023  	-6.861300 
89.000000 	0.025730  	1.397012  	-6.861300 
90.000000 	0.000000  	1.400000  	-6.861300 
91.000000 	-0.018011 	1.397012  	-6.861300 
92.000000 	-0.036022 	1.394023  	-6.861300 
93.000000 	-0.054033 	1.391035  	-6.861300 
94.000000 	-0.072044 	1.388047  	-6.861300 
95.000000 	-0.091060 	1.382706  	-6.861300 
96.000000 	-0.110635 	1.376058  	-6.861300 
97.000000 	-0.130210 	1.369410  	-6.861300 
98.000000 	-0.149784 	1.362762  	-6.861300 
99.000000 	-0.169706 	1.355106  	-6.861300 
100.000000	-0.190495 	1.344932  	-6.861300 
101.000000	-0.211284 	1.334758  	-6.861300 
102.000000	-0.232073 	1.324584  	-6.861300 
103.000000	-0.252862 	1.314411  	-6.861300 
104.000000	-0.274496 	1.301163  	-6.861300 
105.000000	-0.296196 	1.287679  	-6.861300 
106.000000	-0.317895 	1.274195  	-6.861300 
107.000000	-0.339595 	1.260710  	-6.861300 
108.000000	-0.361675 	1.245502  	-6.861300 
109.000000	-0.384040 	1.229000  	-6.861300 
110.000000	-0.406406 	1.212498  	-6.861300 
111.000000	-0.428771 	1.195996  	-6.861300 
112.000000	-0.451243 	1.178925  	-6.861300 
113.000000	-0.474107 	1.159768  	-6.861300 
114.000000	-0.496971 	1.140610  	-6.861300 
115.000000	-0.519835 	1.121453  	-6.861300 
116.000000	-0.542699 	1.102296  	-6.861300 
117.000000	-0.565930 	1.081226  	-6.861300 
118.000000	-0.589223 	1.059838  	-6.861300 
119.000000	-0.612516 	1.038450  	-6.861300 
120.000000	-0.635809 	1.017061  	-6.861300 
121.000000	-0.659344 	0.994796  	-6.861300 
122.000000	-0.683123 	0.971653  	-6.861300 
123.000000	-0.706902 	0.948510  	-6.861300 
124.000000	-0.730681 	0.925368  	-6.861300 
125.000000	-0.754561 	0.902048  	-6.861300 
126.000000	-0.779049 	0.877669  	-6.861300 
127.000000	-0.803537 	0.853289  	-6.861300 
128.000000	-0.828025 	0.828910  	-6.861300 
129.000000	-0.852512 	0.804531  	-6.861300 
130.000000	-0.877907 	0.779609  	-6.861300 
131.000000	-0.903549 	0.754540  	-6.861300 
132.000000	-0.929191 	0.729472  	-6.861300 
133.000000	-0.954833 	0.704403  	-6.861300 
134.000000	-0.981295 	0.679280  	-6.861300 
135.000000	-1.008849 	0.654086  	-6.861300 
136.000000	-1.036404 	0.628891  	-6.861300 
137.000000	-1.063958 	0.603697  	-6.861300 
138.000000	-1.091736 	0.578534  	-6.861300 
139.000000	-1.122422 	0.553782  	-6.861300 
140.000000	-1.153108 	0.529031  	-6.861300 
141.000000	-1.183794 	0.504279  	-6.861300 
142.000000	-1.214479 	0.479527  	-6.861300 
143.000000	-1.248791 	0.455490  	-6.861300 
144.000000	-1.284552 	0.431740  	-6.861300 
145.000000	-1.320313 	0.407990  	-6.861300 
146.000000	-1.356074 	0.384239  	-6.861300 
147.000000	-1.394780 	0.361038  	-6.861300 
148.000000	-1.438785 	0.338826  	-6.861300 
149.000000	-1.482790 	0.316614  	-6.861300 
150.000000	-1.526795 	0.294402  	-6.861300 
151.000000	-1.570800 	0.272190  	-6.861300 
152.000000	-1.516634 	0.251422  	-6.861300 
153.000000	-1.462469 	0.230654  	-6.861300 
154.000000	-1.408303 	0.210888  	-6.861300 
155.000000	-1.354138 	0.191198  	-6.861300 
156.000000	-1.299972 	0.172519  	-6.861300 
157.000000	-1.245807 	0.154008  	-6.861300 
158.000000	-1.191641 	0.136499  	-6.861300 
159.000000	-1.137476 	0.119262  	-6.861300 
160.000000	-1.083310 	0.102999  	-6.861300 
161.000000	-1.029145 	0.087125  	-6.861300 
162.000000	-0.974979 	0.072179  	-6.861300 
163.000000	-0.920814 	0.057749  	-6.861300 
164.000000	-0.866648 	0.044187  	-6.861300 
165.000000	-0.812483 	0.031275  	-6.861300 
166.000000	-0.758317 	0.019155  	-6.861300 
167.000000	-0.704152 	0.007827  	-6.861300 
168.000000	-0.649986 	0.001281  	-6.861300 
169.000000	-0.595821 	0.001110  	-6.861300 
170.000000	-0.541655 	0.001000  	-6.861300 
171.000000	-0.487490 	0.001000  	-6.861300 
172.000000	-0.433324 	0.001000  	-6.861300 
173.000000	-0.379159 	0.001000  	-6.861300 
174.000000	-0.324993 	0.001000  	-6.861300 
175.000000	-0.270828 	0.001000  	-6.861300 
176.000000	-0.216662 	0.001000  	-6.861300 
177.000000	-0.162497 	0.001000  	-6.861300 
178.000000	-0.108331 	0.001000  	-6.861300 
179.000000	-0.054166 	0.001000  	-6.861300 
180.000000	0.000000  	0.001000  	-6.861300 
! ------------------------------------------------------------------------------
! data for table	6         
! ------------------------------------------------------------------------------
  0.700000  	Re           ! Reynolds number in millions
  0.000000  	UserProp     ! User property (control) setting
Flase           InclUAdata   ! Is unsteady aerodynamics data included in this table? If TRUE, then include UA coefficients below this line. Any missing coefficients will be calculated internally.
! Table of aerodynamics coefficients
  361       	NumAlf       ! Number of data lines in the following table
!Alpha      Cl          Cd          Cm/Cp
!(deg)      (-)         (-)         (-)
-180.000000	0.000000  	0.001000  	-6.880700 
-179.000000	0.054252  	0.001000  	-6.880700 
-178.000000	0.108505  	0.001000  	-6.880700 
-177.000000	0.162757  	0.001000  	-6.880700 
-176.000000	0.217010  	0.001000  	-6.880700 
-175.000000	0.271262  	0.001000  	-6.880700 
-174.000000	0.325514  	0.001000  	-6.880700 
-173.000000	0.379767  	0.001000  	-6.880700 
-172.000000	0.434019  	0.001000  	-6.880700 
-171.000000	0.488272  	0.001000  	-6.880700 
-170.000000	0.542524  	0.001000  	-6.880700 
-169.000000	0.596777  	0.001120  	-6.880700 
-168.000000	0.651029  	0.001307  	-6.880700 
-167.000000	0.705281  	0.007860  	-6.880700 
-166.000000	0.759534  	0.019188  	-6.880700 
-165.000000	0.813786  	0.031308  	-6.880700 
-164.000000	0.868039  	0.044220  	-6.880700 
-163.000000	0.922291  	0.057782  	-6.880700 
-162.000000	0.976543  	0.072212  	-6.880700 
-161.000000	1.030796  	0.087158  	-6.880700 
-160.000000	1.085048  	0.103031  	-6.880700 
-159.000000	1.139301  	0.119294  	-6.880700 
-158.000000	1.193553  	0.136531  	-6.880700 
-157.000000	1.247806  	0.154040  	-6.880700 
-156.000000	1.302058  	0.172550  	-6.880700 
-155.000000	1.356310  	0.191229  	-6.880700 
-154.000000	1.410563  	0.210918  	-6.880700 
-153.000000	1.464815  	0.230685  	-6.880700 
-152.000000	1.519068  	0.251452  	-6.880700 
-151.000000	1.573320  	0.272220  	-6.880700 
-150.000000	1.529202  	0.294432  	-6.880700 
-149.000000	1.485083  	0.316643  	-6.880700 
-148.000000	1.440965  	0.338855  	-6.880700 
-147.000000	1.396847  	0.361067  	-6.880700 
-146.000000	1.358043  	0.384268  	-6.880700 
-145.000000	1.322191  	0.408018  	-6.880700 
-144.000000	1.286340  	0.431768  	-6.880700 
-143.000000	1.250489  	0.455518  	-6.880700 
-142.000000	1.216092  	0.479554  	-6.880700 
-141.000000	1.185333  	0.504305  	-6.880700 
-140.000000	1.154574  	0.529057  	-6.880700 
-139.000000	1.123814  	0.553808  	-6.880700 
-138.000000	1.093055  	0.578560  	-6.880700 
-137.000000	1.065215  	0.603722  	-6.880700 
-136.000000	1.037599  	0.628916  	-6.880700 
-135.000000	1.009984  	0.654110  	-6.880700 
-134.000000	0.982369  	0.679304  	-6.880700 
-133.000000	0.955851  	0.704426  	-6.880700 
-132.000000	0.930158  	0.729494  	-6.880700 
-131.000000	0.904465  	0.754563  	-6.880700 
-130.000000	0.878771  	0.779631  	-6.880700 
-129.000000	0.853327  	0.804552  	-6.880700 
-128.000000	0.828796  	0.828931  	-6.880700 
-127.000000	0.804265  	0.853310  	-6.880700 
-126.000000	0.779734  	0.877689  	-6.880700 
-125.000000	0.755203  	0.902068  	-6.880700 
-124.000000	0.731286  	0.925387  	-6.880700 
-123.000000	0.707471  	0.948529  	-6.880700 
-122.000000	0.683655  	0.971671  	-6.880700 
-121.000000	0.659840  	0.994814  	-6.880700 
-120.000000	0.636271  	1.017079  	-6.880700 
-119.000000	0.612948  	1.038466  	-6.880700 
-118.000000	0.589625  	1.059854  	-6.880700 
-117.000000	0.566302  	1.081242  	-6.880700 
-116.000000	0.543040  	1.102311  	-6.880700 
-115.000000	0.520152  	1.121468  	-6.880700 
-114.000000	0.497263  	1.140624  	-6.880700 
-113.000000	0.474374  	1.159781  	-6.880700 
-112.000000	0.451486  	1.178938  	-6.880700 
-111.000000	0.428992  	1.196008  	-6.880700 
-110.000000	0.406607  	1.212510  	-6.880700 
-109.000000	0.384222  	1.229011  	-6.880700 
-108.000000	0.361836  	1.245512  	-6.880700 
-107.000000	0.339738  	1.260721  	-6.880700 
-106.000000	0.318023  	1.274204  	-6.880700 
-105.000000	0.296309  	1.287688  	-6.880700 
-104.000000	0.274594  	1.301171  	-6.880700 
-103.000000	0.252945  	1.314418  	-6.880700 
-102.000000	0.232145  	1.324592  	-6.880700 
-101.000000	0.211345  	1.334765  	-6.880700 
-100.000000	0.190546  	1.344938  	-6.880700 
-99.000000	0.169746  	1.355112  	-6.880700 
-98.000000	0.149817  	1.362766  	-6.880700 
-97.000000	0.130236  	1.369414  	-6.880700 
-96.000000	0.110655  	1.376061  	-6.880700 
-95.000000	0.091074  	1.382709  	-6.880700 
-94.000000	0.072053  	1.388049  	-6.880700 
-93.000000	0.054040  	1.391037  	-6.880700 
-92.000000	0.036026  	1.394025  	-6.880700 
-91.000000	0.018013  	1.397012  	-6.880700 
-90.000000	0.000000  	1.400000  	-6.880700 
-89.000000	-0.018013 	1.397012  	-6.880700 
-88.000000	-0.036026 	1.394025  	-6.880700 
-87.000000	-0.054040 	1.391037  	-6.880700 
-86.000000	-0.072053 	1.388049  	-6.880700 
-85.000000	-0.091074 	1.382709  	-6.880700 
-84.000000	-0.110655 	1.376061  	-6.880700 
-83.000000	-0.130236 	1.369414  	-6.880700 
-82.000000	-0.149817 	1.362766  	-6.880700 
-81.000000	-0.169746 	1.355112  	-6.880700 
-80.000000	-0.190546 	1.344938  	-6.880700 
-79.000000	-0.211345 	1.334765  	-6.880700 
-78.000000	-0.232145 	1.324592  	-6.880700 
-77.000000	-0.252945 	1.314418  	-6.880700 
-76.000000	-0.274594 	1.301171  	-6.880700 
-75.000000	-0.296309 	1.287688  	-6.880700 
-74.000000	-0.318023 	1.274204  	-6.880700 
-73.000000	-0.339738 	1.260721  	-6.880700 
-72.000000	-0.361836 	1.245512  	-6.880700 
-71.000000	-0.384222 	1.229011  	-6.880700 
-70.000000	-0.406607 	1.212510  	-6.880700 
-69.000000	-0.428992 	1.196008  	-6.880700 
-68.000000	-0.451486 	1.178938  	-6.880700 
-67.000000	-0.474374 	1.159781  	-6.880700 
-66.000000	-0.497263 	1.140624  	-6.880700 
-65.000000	-0.520152 	1.121468  	-6.880700 
-64.000000	-0.543040 	1.102311  	-6.880700 
-63.000000	-0.566302 	1.081242  	-6.880700 
-62.000000	-0.589625 	1.059854  	-6.880700 
-61.000000	-0.612948 	1.038466  	-6.880700 
-60.000000	-0.636271 	1.017079  	-6.880700 
-59.000000	-0.659840 	0.994814  	-6.880700 
-58.000000	-0.683655 	0.971671  	-6.880700 
-57.000000	-0.707471 	0.948529  	-6.880700 
-56.000000	-0.731286 	0.925387  	-6.880700 
-55.000000	-0.755203 	0.902068  	-6.880700 
-54.000000	-0.779734 	0.877689  	-6.880700 
-53.000000	-0.804265 	0.853310  	-6.880700 
-52.000000	-0.828796 	0.828931  	-6.880700 
-51.000000	-0.853327 	0.804552  	-6.880700 
-50.000000	-0.878771 	0.779631  	-6.880700 
-49.000000	-0.904465 	0.754563  	-6.880700 
-48.000000	-0.930158 	0.729494  	-6.880700 
-47.000000	-0.955851 	0.704426  	-6.880700 
-46.000000	-0.982369 	0.679304  	-6.880700 
-45.000000	-1.009984 	0.654110  	-6.880700 
-44.000000	-1.037599 	0.628916  	-6.880700 
-43.000000	-1.065215 	0.603722  	-6.880700 
-42.000000	-1.093055 	0.578560  	-6.880700 
-41.000000	-1.123814 	0.553808  	-6.880700 
-40.000000	-1.154574 	0.529057  	-6.880700 
-39.000000	-1.185333 	0.504305  	-6.880700 
-38.000000	-1.216092 	0.479554  	-6.880700 
-37.000000	-1.250489 	0.455518  	-6.880700 
-36.000000	-1.286340 	0.431768  	-6.880700 
-35.000000	-1.322191 	0.408018  	-6.880700 
-34.000000	-1.358043 	0.384268  	-6.880700 
-33.000000	-1.396847 	0.361067  	-6.880700 
-32.000000	-1.440965 	0.338855  	-6.880700 
-31.000000	-1.485083 	0.316643  	-6.880700 
-30.000000	-1.529202 	0.294432  	-6.880700 
-29.000000	-1.573320 	0.272220  	-6.880700 
-28.000000	-1.526087 	0.259833  	-6.880700 
-27.000000	-1.478855 	0.247446  	-6.880700 
-26.000000	-1.431622 	0.235059  	-6.880700 
-25.000000	-1.384389 	0.222673  	-6.880700 
-24.000000	-1.337157 	0.210286  	-6.880700 
-23.000000	-1.289924 	0.197899  	-6.880700 
-22.000000	-1.242692 	0.185512  	-6.880700 
-21.000000	-1.195459 	0.173125  	-6.880700 
-20.000000	-1.148226 	0.160738  	-6.880700 
-19.000000	-1.100994 	0.148352  	-6.880700 
-18.000000	-1.053761 	0.135965  	-6.880700 
-17.000000	-1.006528 	0.123578  	-6.880700 
-16.000000	-0.959296 	0.111191  	-6.880700 
-15.000000	-0.912063 	0.098804  	-6.880700 
-14.000000	-0.864831 	0.086417  	-6.880700 
-13.000000	-0.817598 	0.074031  	-6.880700 
-12.000000	-0.770365 	0.061644  	-5.654463 
-11.000000	-0.723133 	0.049257  	-3.937732 
-10.000000	-0.675900 	0.036870  	-2.221000 
-9.000000 	-0.533200 	0.037100  	-2.072200 
-8.000000 	-0.388000 	0.037340  	-1.929100 
-7.000000 	-0.245400 	0.037520  	-1.790200 
-6.000000 	-0.101800 	0.037780  	-1.655700 
-5.000000 	0.041700  	0.038040  	-1.523500 
-4.000000 	0.184400  	0.038300  	-1.397500 
-3.000000 	0.326400  	0.038590  	-1.274300 
-2.000000 	0.468000  	0.038900  	-1.334300 
-1.000000 	0.608300  	0.039240  	-1.456400 
0.000000  	0.747800  	0.039620  	-1.581600 
1.000000  	0.885700  	0.040020  	-1.711000 
2.000000  	1.022900  	0.040430  	-1.843900 
3.000000  	1.159200  	0.040810  	-1.983000 
4.000000  	1.293500  	0.041280  	-2.127100 
5.000000  	1.425200  	0.041870  	-2.276300 
6.000000  	1.557000  	0.042320  	-2.434700 
7.000000  	1.684200  	0.043090  	-2.601100 
8.000000  	1.812100  	0.043670  	-2.783500 
9.000000  	1.933700  	0.044670  	-2.976100 
10.000000 	2.054400  	0.045590  	-3.190100 
11.000000 	2.168400  	0.046950  	-3.418200 
12.000000 	2.270500  	0.049020  	-3.658400 
13.000000 	2.348500  	0.052610  	-3.896000 
14.000000 	2.355100  	0.061570  	-4.060600 
15.000000 	2.364700  	0.072090  	-4.235900 
16.000000 	2.361800  	0.084940  	-4.401700 
17.000000 	2.351100  	0.099650  	-4.560800 
18.000000 	2.318700  	0.117580  	-4.680100 
19.000000 	2.295700  	0.134580  	-4.816400 
20.000000 	2.262600  	0.153050  	-4.930700 
21.000000 	2.248000  	0.168950  	-5.111000 
22.000000 	2.231000  	0.185200  	-5.288800 
23.000000 	2.225500  	0.199620  	-5.494900 
24.000000 	2.223400  	0.213370  	-5.712800 
25.000000 	2.224400  	0.226360  	-5.936500 
26.000000 	2.228300  	0.238630  	-6.172000 
27.000000 	2.235900  	0.250000  	-6.406100 
28.000000 	2.243100  	0.261080  	-6.646000 
29.000000 	2.247600  	0.272220  	-6.880700 
30.000000 	2.184574  	0.294432  	-6.880700 
31.000000 	2.121548  	0.316643  	-6.880700 
32.000000 	2.058521  	0.338855  	-6.880700 
33.000000 	1.995495  	0.361067  	-6.880700 
34.000000 	1.940061  	0.384268  	-6.880700 
35.000000 	1.888845  	0.408018  	-6.880700 
36.000000 	1.837629  	0.431768  	-6.880700 
37.000000 	1.786413  	0.455518  	-6.880700 
38.000000 	1.737275  	0.479554  	-6.880700 
39.000000 	1.693333  	0.504305  	-6.880700 
40.000000 	1.649391  	0.529057  	-6.880700 
41.000000 	1.605449  	0.553808  	-6.880700 
42.000000 	1.561507  	0.578560  	-6.880700 
43.000000 	1.521735  	0.603722  	-6.880700 
44.000000 	1.482285  	0.628916  	-6.880700 
45.000000 	1.442834  	0.654110  	-6.880700 
46.000000 	1.403384  	0.679304  	-6.880700 
47.000000 	1.365502  	0.704426  	-6.880700 
48.000000 	1.328797  	0.729494  	-6.880700 
49.000000 	1.292093  	0.754563  	-6.880700 
50.000000 	1.255388  	0.779631  	-6.880700 
51.000000 	1.219039  	0.804552  	-6.880700 
52.000000 	1.183995  	0.828931  	-6.880700 
53.000000 	1.148950  	0.853310  	-6.880700 
54.000000 	1.113906  	0.877689  	-6.880700 
55.000000 	1.078862  	0.902068  	-6.880700 
56.000000 	1.044694  	0.925387  	-6.880700 
57.000000 	1.010672  	0.948529  	-6.880700 
58.000000 	0.976650  	0.971671  	-6.880700 
59.000000 	0.942629  	0.994814  	-6.880700 
60.000000 	0.908958  	1.017079  	-6.880700 
61.000000 	0.875640  	1.038466  	-6.880700 
62.000000 	0.842321  	1.059854  	-6.880700 
63.000000 	0.809002  	1.081242  	-6.880700 
64.000000 	0.775772  	1.102311  	-6.880700 
65.000000 	0.743074  	1.121468  	-6.880700 
66.000000 	0.710376  	1.140624  	-6.880700 
67.000000 	0.677678  	1.159781  	-6.880700 
68.000000 	0.644979  	1.178938  	-6.880700 
69.000000 	0.612846  	1.196008  	-6.880700 
70.000000 	0.580867  	1.212510  	-6.880700 
71.000000 	0.548888  	1.229011  	-6.880700 
72.000000 	0.516909  	1.245512  	-6.880700 
73.000000 	0.485340  	1.260721  	-6.880700 
74.000000 	0.454319  	1.274204  	-6.880700 
75.000000 	0.423298  	1.287688  	-6.880700 
76.000000 	0.392277  	1.301171  	-6.880700 
77.000000 	0.361350  	1.314418  	-6.880700 
78.000000 	0.331636  	1.324592  	-6.880700 
79.000000 	0.301922  	1.334765  	-6.880700 
80.000000 	0.272208  	1.344938  	-6.880700 
81.000000 	0.242494  	1.355112  	-6.880700 
82.000000 	0.214024  	1.362766  	-6.880700 
83.000000 	0.186051  	1.369414  	-6.880700 
84.000000 	0.158078  	1.376061  	-6.880700 
85.000000 	0.130105  	1.382709  	-6.880700 
86.000000 	0.102933  	1.388049  	-6.880700 
87.000000 	0.077199  	1.391037  	-6.880700 
88.000000 	0.051466  	1.394025  	-6.880700 
89.000000 	0.025733  	1.397012  	-6.880700 
90.000000 	0.000000  	1.400000  	-6.880700 
91.000000 	-0.018013 	1.397012  	-6.880700 
92.000000 	-0.036026 	1.394025  	-6.880700 
93.000000 	-0.054040 	1.391037  	-6.880700 
94.000000 	-0.072053 	1.388049  	-6.880700 
95.000000 	-0.091074 	1.382709  	-6.880700 
96.000000 	-0.110655 	1.376061  	-6.880700 
97.000000 	-0.130236 	1.369414  	-6.880700 
98.000000 	-0.149817 	1.362766  	-6.880700 
99.000000 	-0.169746 	1.355112  	-6.880700 
100.000000	-0.190546 	1.344938  	-6.880700 
101.000000	-0.211345 	1.334765  	-6.880700 
102.000000	-0.232145 	1.324592  	-6.880700 
103.000000	-0.252945 	1.314418  	-6.880700 
104.000000	-0.274594 	1.301171  	-6.880700 
105.000000	-0.296309 	1.287688  	-6.880700 
106.000000	-0.318023 	1.274204  	-6.880700 
107.000000	-0.339738 	1.260721  	-6.880700 
108.000000	-0.361836 	1.245512  	-6.880700 
109.000000	-0.384222 	1.229011  	-6.880700 
110.000000	-0.406607 	1.212510  	-6.880700 
111.000000	-0.428992 	1.196008  	-6.880700 
112.000000	-0.451486 	1.178938  	-6.880700 
113.000000	-0.474374 	1.159781  	-6.880700 
114.000000	-0.497263 	1.140624  	-6.880700 
115.000000	-0.520152 	1.121468  	-6.880700 
116.000000	-0.543040 	1.102311  	-6.880700 
117.000000	-0.566302 	1.081242  	-6.880700 
118.000000	-0.589625 	1.059854  	-6.880700 
119.000000	-0.612948 	1.038466  	-6.880700 
120.000000	-0.636271 	1.017079  	-6.880700 
121.000000	-0.659840 	0.994814  	-6.880700 
122.000000	-0.683655 	0.971671  	-6.880700 
123.000000	-0.707471 	0.948529  	-6.880700 
124.000000	-0.731286 	0.925387  	-6.880700 
125.000000	-0.755203 	0.902068  	-6.880700 
126.000000	-0.779734 	0.877689  	-6.880700 
127.000000	-0.804265 	0.853310  	-6.880700 
128.000000	-0.828796 	0.828931  	-6.880700 
129.000000	-0.853327 	0.804552  	-6.880700 
130.000000	-0.878771 	0.779631  	-6.880700 
131.000000	-0.904465 	0.754563  	-6.880700 
132.000000	-0.930158 	0.729494  	-6.880700 
133.000000	-0.955851 	0.704426  	-6.880700 
134.000000	-0.982369 	0.679304  	-6.880700 
135.000000	-1.009984 	0.654110  	-6.880700 
136.000000	-1.037599 	0.628916  	-6.880700 
137.000000	-1.065215 	0.603722  	-6.880700 
138.000000	-1.093055 	0.578560  	-6.880700 
139.000000	-1.123814 	0.553808  	-6.880700 
140.000000	-1.154574 	0.529057  	-6.880700 
141.000000	-1.185333 	0.504305  	-6.880700 
142.000000	-1.216092 	0.479554  	-6.880700 
143.000000	-1.250489 	0.455518  	-6.880700 
144.000000	-1.286340 	0.431768  	-6.880700 
145.000000	-1.322191 	0.408018  	-6.880700 
146.000000	-1.358043 	0.384268  	-6.880700 
147.000000	-1.396847 	0.361067  	-6.880700 
148.000000	-1.440965 	0.338855  	-6.880700 
149.000000	-1.485083 	0.316643  	-6.880700 
150.000000	-1.529202 	0.294432  	-6.880700 
151.000000	-1.573320 	0.272220  	-6.880700 
152.000000	-1.519068 	0.251452  	-6.880700 
153.000000	-1.464815 	0.230685  	-6.880700 
154.000000	-1.410563 	0.210918  	-6.880700 
155.000000	-1.356310 	0.191229  	-6.880700 
156.000000	-1.302058 	0.172550  	-6.880700 
157.000000	-1.247806 	0.154040  	-6.880700 
158.000000	-1.193553 	0.136531  	-6.880700 
159.000000	-1.139301 	0.119294  	-6.880700 
160.000000	-1.085048 	0.103031  	-6.880700 
161.000000	-1.030796 	0.087158  	-6.880700 
162.000000	-0.976543 	0.072212  	-6.880700 
163.000000	-0.922291 	0.057782  	-6.880700 
164.000000	-0.868039 	0.044220  	-6.880700 
165.000000	-0.813786 	0.031308  	-6.880700 
166.000000	-0.759534 	0.019188  	-6.880700 
167.000000	-0.705281 	0.007860  	-6.880700 
168.000000	-0.651029 	0.001307  	-6.880700 
169.000000	-0.596777 	0.001120  	-6.880700 
170.000000	-0.542524 	0.001000  	-6.880700 
171.000000	-0.488272 	0.001000  	-6.880700 
172.000000	-0.434019 	0.001000  	-6.880700 
173.000000	-0.379767 	0.001000  	-6.880700 
174.000000	-0.325514 	0.001000  	-6.880700 
175.000000	-0.271262 	0.001000  	-6.880700 
176.000000	-0.217010 	0.001000  	-6.880700 
177.000000	-0.162757 	0.001000  	-6.880700 
178.000000	-0.108505 	0.001000  	-6.880700 
179.000000	-0.054252 	0.001000  	-6.880700 
180.000000	0.000000  	0.001000  	-6.880700 
! ------------------------------------------------------------------------------
! data for table	7         
! ------------------------------------------------------------------------------
  0.800000  	Re           ! Reynolds number in millions
  0.000000  	UserProp     ! User property (control) setting
Flase           InclUAdata   ! Is unsteady aerodynamics data included in this table? If TRUE, then include UA coefficients below this line. Any missing coefficients will be calculated internally.
! Table of aerodynamics coefficients
  361       	NumAlf       ! Number of data lines in the following table
!Alpha      Cl          Cd          Cm/Cp
!(deg)      (-)         (-)         (-)
-180.000000	0.000000  	0.001000  	-6.921100 
-179.000000	0.054470  	0.001000  	-6.921100 
-178.000000	0.108939  	0.001000  	-6.921100 
-177.000000	0.163409  	0.001000  	-6.921100 
-176.000000	0.217879  	0.001000  	-6.921100 
-175.000000	0.272348  	0.001000  	-6.921100 
-174.000000	0.326818  	0.001000  	-6.921100 
-173.000000	0.381288  	0.001000  	-6.921100 
-172.000000	0.435757  	0.001000  	-6.921100 
-171.000000	0.490227  	0.001000  	-6.921100 
-170.000000	0.544697  	0.001000  	-6.921100 
-169.000000	0.599166  	0.001000  	-6.921100 
-168.000000	0.653636  	0.001000  	-6.921100 
-167.000000	0.708106  	0.007250  	-6.921100 
-166.000000	0.762575  	0.018188  	-6.921100 
-165.000000	0.817045  	0.030115  	-6.921100 
-164.000000	0.871514  	0.043033  	-6.921100 
-163.000000	0.925984  	0.056601  	-6.921100 
-162.000000	0.980454  	0.071038  	-6.921100 
-161.000000	1.034923  	0.085990  	-6.921100 
-160.000000	1.089393  	0.101871  	-6.921100 
-159.000000	1.143863  	0.118142  	-6.921100 
-158.000000	1.198332  	0.135386  	-6.921100 
-157.000000	1.252802  	0.152903  	-6.921100 
-156.000000	1.307272  	0.171422  	-6.921100 
-155.000000	1.361741  	0.190110  	-6.921100 
-154.000000	1.416211  	0.209809  	-6.921100 
-153.000000	1.470681  	0.229585  	-6.921100 
-152.000000	1.525150  	0.250362  	-6.921100 
-151.000000	1.579620  	0.271140  	-6.921100 
-150.000000	1.535218  	0.293363  	-6.921100 
-149.000000	1.490817  	0.315586  	-6.921100 
-148.000000	1.446415  	0.337809  	-6.921100 
-147.000000	1.402014  	0.360032  	-6.921100 
-146.000000	1.362964  	0.383244  	-6.921100 
-145.000000	1.326887  	0.407007  	-6.921100 
-144.000000	1.290811  	0.430769  	-6.921100 
-143.000000	1.254734  	0.454532  	-6.921100 
-142.000000	1.220124  	0.478581  	-6.921100 
-141.000000	1.189181  	0.503346  	-6.921100 
-140.000000	1.158238  	0.528112  	-6.921100 
-139.000000	1.127295  	0.552877  	-6.921100 
-138.000000	1.096351  	0.577642  	-6.921100 
-137.000000	1.068356  	0.602819  	-6.921100 
-136.000000	1.040588  	0.628028  	-6.921100 
-135.000000	1.012820  	0.653237  	-6.921100 
-134.000000	0.985052  	0.678446  	-6.921100 
-133.000000	0.958396  	0.703584  	-6.921100 
-132.000000	0.932575  	0.728669  	-6.921100 
-131.000000	0.906753  	0.753753  	-6.921100 
-130.000000	0.880932  	0.778838  	-6.921100 
-129.000000	0.855364  	0.803775  	-6.921100 
-128.000000	0.830725  	0.828171  	-6.921100 
-127.000000	0.806086  	0.852567  	-6.921100 
-126.000000	0.781447  	0.876964  	-6.921100 
-125.000000	0.756808  	0.901360  	-6.921100 
-124.000000	0.732797  	0.924697  	-6.921100 
-123.000000	0.708891  	0.947857  	-6.921100 
-122.000000	0.684985  	0.971017  	-6.921100 
-121.000000	0.661079  	0.994178  	-6.921100 
-120.000000	0.637427  	1.016461  	-6.921100 
-119.000000	0.614028  	1.037868  	-6.921100 
-118.000000	0.590629  	1.059275  	-6.921100 
-117.000000	0.567230  	1.080682  	-6.921100 
-116.000000	0.543895  	1.101770  	-6.921100 
-115.000000	0.520944  	1.120946  	-6.921100 
-114.000000	0.497993  	1.140123  	-6.921100 
-113.000000	0.475042  	1.159299  	-6.921100 
-112.000000	0.452091  	1.178475  	-6.921100 
-111.000000	0.429546  	1.195566  	-6.921100 
-110.000000	0.407110  	1.212088  	-6.921100 
-109.000000	0.384675  	1.228609  	-6.921100 
-108.000000	0.362240  	1.245131  	-6.921100 
-107.000000	0.340097  	1.260360  	-6.921100 
-106.000000	0.318345  	1.273864  	-6.921100 
-105.000000	0.296592  	1.287368  	-6.921100 
-104.000000	0.274839  	1.300873  	-6.921100 
-103.000000	0.253152  	1.314140  	-6.921100 
-102.000000	0.232326  	1.324335  	-6.921100 
-101.000000	0.211499  	1.334529  	-6.921100 
-100.000000	0.190673  	1.344724  	-6.921100 
-99.000000	0.169846  	1.354918  	-6.921100 
-98.000000	0.149898  	1.362595  	-6.921100 
-97.000000	0.130301  	1.369263  	-6.921100 
-96.000000	0.110704  	1.375932  	-6.921100 
-95.000000	0.091107  	1.382601  	-6.921100 
-94.000000	0.072074  	1.387963  	-6.921100 
-93.000000	0.054056  	1.390972  	-6.921100 
-92.000000	0.036037  	1.393982  	-6.921100 
-91.000000	0.018019  	1.396991  	-6.921100 
-90.000000	0.000000  	1.400000  	-6.921100 
-89.000000	-0.018019 	1.396991  	-6.921100 
-88.000000	-0.036037 	1.393982  	-6.921100 
-87.000000	-0.054056 	1.390972  	-6.921100 
-86.000000	-0.072074 	1.387963  	-6.921100 
-85.000000	-0.091107 	1.382601  	-6.921100 
-84.000000	-0.110704 	1.375932  	-6.921100 
-83.000000	-0.130301 	1.369263  	-6.921100 
-82.000000	-0.149898 	1.362595  	-6.921100 
-81.000000	-0.169846 	1.354918  	-6.921100 
-80.000000	-0.190673 	1.344724  	-6.921100 
-79.000000	-0.211499 	1.334529  	-6.921100 
-78.000000	-0.232326 	1.324335  	-6.921100 
-77.000000	-0.253152 	1.314140  	-6.921100 
-76.000000	-0.274839 	1.300873  	-6.921100 
-75.000000	-0.296592 	1.287368  	-6.921100 
-74.000000	-0.318345 	1.273864  	-6.921100 
-73.000000	-0.340097 	1.260360  	-6.921100 
-72.000000	-0.362240 	1.245131  	-6.921100 
-71.000000	-0.384675 	1.228609  	-6.921100 
-70.000000	-0.407110 	1.212088  	-6.921100 
-69.000000	-0.429546 	1.195566  	-6.921100 
-68.000000	-0.452091 	1.178475  	-6.921100 
-67.000000	-0.475042 	1.159299  	-6.921100 
-66.000000	-0.497993 	1.140123  	-6.921100 
-65.000000	-0.520944 	1.120946  	-6.921100 
-64.000000	-0.543895 	1.101770  	-6.921100 
-63.000000	-0.567230 	1.080682  	-6.921100 
-62.000000	-0.590629 	1.059275  	-6.921100 
-61.000000	-0.614028 	1.037868  	-6.921100 
-60.000000	-0.637427 	1.016461  	-6.921100 
-59.000000	-0.661079 	0.994178  	-6.921100 
-58.000000	-0.684985 	0.971017  	-6.921100 
-57.000000	-0.708891 	0.947857  	-6.921100 
-56.000000	-0.732797 	0.924697  	-6.921100 
-55.000000	-0.756808 	0.901360  	-6.921100 
-54.000000	-0.781447 	0.876964  	-6.921100 
-53.000000	-0.806086 	0.852567  	-6.921100 
-52.000000	-0.830725 	0.828171  	-6.921100 
-51.000000	-0.855364 	0.803775  	-6.921100 
-50.000000	-0.880932 	0.778838  	-6.921100 
-49.000000	-0.906753 	0.753753  	-6.921100 
-48.000000	-0.932575 	0.728669  	-6.921100 
-47.000000	-0.958396 	0.703584  	-6.921100 
-46.000000	-0.985052 	0.678446  	-6.921100 
-45.000000	-1.012820 	0.653237  	-6.921100 
-44.000000	-1.040588 	0.628028  	-6.921100 
-43.000000	-1.068356 	0.602819  	-6.921100 
-42.000000	-1.096351 	0.577642  	-6.921100 
-41.000000	-1.127295 	0.552877  	-6.921100 
-40.000000	-1.158238 	0.528112  	-6.921100 
-39.000000	-1.189181 	0.503346  	-6.921100 
-38.000000	-1.220124 	0.478581  	-6.921100 
-37.000000	-1.254734 	0.454532  	-6.921100 
-36.000000	-1.290811 	0.430769  	-6.921100 
-35.000000	-1.326887 	0.407007  	-6.921100 
-34.000000	-1.362964 	0.383244  	-6.921100 
-33.000000	-1.402014 	0.360032  	-6.921100 
-32.000000	-1.446415 	0.337809  	-6.921100 
-31.000000	-1.490817 	0.315586  	-6.921100 
-30.000000	-1.535218 	0.293363  	-6.921100 
-29.000000	-1.579620 	0.271140  	-6.921100 
-28.000000	-1.531966 	0.258799  	-6.921100 
-27.000000	-1.484313 	0.246458  	-6.921100 
-26.000000	-1.436659 	0.234117  	-6.921100 
-25.000000	-1.389005 	0.221776  	-6.921100 
-24.000000	-1.341352 	0.209435  	-6.921100 
-23.000000	-1.293698 	0.197094  	-6.921100 
-22.000000	-1.246044 	0.184753  	-6.921100 
-21.000000	-1.198391 	0.172412  	-6.921100 
-20.000000	-1.150737 	0.160071  	-6.921100 
-19.000000	-1.103083 	0.147729  	-6.921100 
-18.000000	-1.055429 	0.135388  	-6.921100 
-17.000000	-1.007776 	0.123047  	-6.921100 
-16.000000	-0.960122 	0.110706  	-6.921100 
-15.000000	-0.912468 	0.098365  	-6.921100 
-14.000000	-0.864815 	0.086024  	-6.921100 
-13.000000	-0.817161 	0.073683  	-6.921100 
-12.000000	-0.769507 	0.061342  	-5.685153 
-11.000000	-0.721854 	0.049001  	-3.954826 
-10.000000	-0.674200 	0.036660  	-2.224500 
-9.000000 	-0.531300 	0.036890  	-2.076200 
-8.000000 	-0.386800 	0.037140  	-1.932500 
-7.000000 	-0.242300 	0.037390  	-1.791400 
-6.000000 	-0.098700 	0.037630  	-1.657800 
-5.000000 	0.044500  	0.037900  	-1.524900 
-4.000000 	0.187200  	0.038190  	-1.399000 
-3.000000 	0.329600  	0.038490  	-1.275200 
-2.000000 	0.470500  	0.038800  	-1.336700 
-1.000000 	0.611400  	0.039140  	-1.459200 
0.000000  	0.750900  	0.039460  	-1.584700 
1.000000  	0.889500  	0.039820  	-1.714700 
2.000000  	1.026900  	0.040200  	-1.847900 
3.000000  	1.162400  	0.040640  	-1.986500 
4.000000  	1.297500  	0.040990  	-2.131800 
5.000000  	1.430200  	0.041460  	-2.281800 
6.000000  	1.561600  	0.041960  	-2.440200 
7.000000  	1.690900  	0.042530  	-2.608600 
8.000000  	1.817400  	0.043230  	-2.789700 
9.000000  	1.942200  	0.043940  	-2.985700 
10.000000 	2.060700  	0.045090  	-3.197500 
11.000000 	2.179200  	0.046030  	-3.431400 
12.000000 	2.287100  	0.047690  	-3.679000 
13.000000 	2.376600  	0.050530  	-3.932100 
14.000000 	2.383300  	0.059270  	-4.099700 
15.000000 	2.394000  	0.069390  	-4.280200 
16.000000 	2.390800  	0.082110  	-4.448800 
17.000000 	2.363900  	0.098590  	-4.584100 
18.000000 	2.343100  	0.114980  	-4.725900 
19.000000 	2.304300  	0.133980  	-4.834400 
20.000000 	2.285100  	0.150450  	-4.980200 
21.000000 	2.256200  	0.168350  	-5.132500 
22.000000 	2.244600  	0.183710  	-5.325900 
23.000000 	2.237100  	0.198420  	-5.528500 
24.000000 	2.234900  	0.212000  	-5.746450 
25.000000 	2.232700  	0.225580  	-5.964400 
26.000000 	2.239800  	0.237270  	-6.213100 
27.000000 	2.247000  	0.248640  	-6.448000 
28.000000 	2.253600  	0.259770  	-6.689800 
29.000000 	2.256600  	0.271140  	-6.921100 
30.000000 	2.193169  	0.293363  	-6.921100 
31.000000 	2.129738  	0.315586  	-6.921100 
32.000000 	2.066308  	0.337809  	-6.921100 
33.000000 	2.002877  	0.360032  	-6.921100 
34.000000 	1.947091  	0.383244  	-6.921100 
35.000000 	1.895553  	0.407007  	-6.921100 
36.000000 	1.844015  	0.430769  	-6.921100 
37.000000 	1.792477  	0.454532  	-6.921100 
38.000000 	1.743035  	0.478581  	-6.921100 
39.000000 	1.698830  	0.503346  	-6.921100 
40.000000 	1.654626  	0.528112  	-6.921100 
41.000000 	1.610421  	0.552877  	-6.921100 
42.000000 	1.566216  	0.577642  	-6.921100 
43.000000 	1.526224  	0.602819  	-6.921100 
44.000000 	1.486555  	0.628028  	-6.921100 
45.000000 	1.446886  	0.653237  	-6.921100 
46.000000 	1.407217  	0.678446  	-6.921100 
47.000000 	1.369138  	0.703584  	-6.921100 
48.000000 	1.332250  	0.728669  	-6.921100 
49.000000 	1.295362  	0.753753  	-6.921100 
50.000000 	1.258474  	0.778838  	-6.921100 
51.000000 	1.221948  	0.803775  	-6.921100 
52.000000 	1.186750  	0.828171  	-6.921100 
53.000000 	1.151551  	0.852567  	-6.921100 
54.000000 	1.116353  	0.876964  	-6.921100 
55.000000 	1.081155  	0.901360  	-6.921100 
56.000000 	1.046853  	0.924697  	-6.921100 
57.000000 	1.012702  	0.947857  	-6.921100 
58.000000 	0.978550  	0.971017  	-6.921100 
59.000000 	0.944399  	0.994178  	-6.921100 
60.000000 	0.910610  	1.016461  	-6.921100 
61.000000 	0.877183  	1.037868  	-6.921100 
62.000000 	0.843756  	1.059275  	-6.921100 
63.000000 	0.810329  	1.080682  	-6.921100 
64.000000 	0.776993  	1.101770  	-6.921100 
65.000000 	0.744206  	1.120946  	-6.921100 
66.000000 	0.711419  	1.140123  	-6.921100 
67.000000 	0.678632  	1.159299  	-6.921100 
68.000000 	0.645845  	1.178475  	-6.921100 
69.000000 	0.613636  	1.195566  	-6.921100 
70.000000 	0.581586  	1.212088  	-6.921100 
71.000000 	0.549536  	1.228609  	-6.921100 
72.000000 	0.517486  	1.245131  	-6.921100 
73.000000 	0.485853  	1.260360  	-6.921100 
74.000000 	0.454778  	1.273864  	-6.921100 
75.000000 	0.423703  	1.287368  	-6.921100 
76.000000 	0.392627  	1.300873  	-6.921100 
77.000000 	0.361646  	1.314140  	-6.921100 
78.000000 	0.331894  	1.324335  	-6.921100 
79.000000 	0.302142  	1.334529  	-6.921100 
80.000000 	0.272390  	1.344724  	-6.921100 
81.000000 	0.242637  	1.354918  	-6.921100 
82.000000 	0.214140  	1.362595  	-6.921100 
83.000000 	0.186144  	1.369263  	-6.921100 
84.000000 	0.158149  	1.375932  	-6.921100 
85.000000 	0.130153  	1.382601  	-6.921100 
86.000000 	0.102963  	1.387963  	-6.921100 
87.000000 	0.077222  	1.390972  	-6.921100 
88.000000 	0.051481  	1.393982  	-6.921100 
89.000000 	0.025741  	1.396991  	-6.921100 
90.000000 	0.000000  	1.400000  	-6.921100 
91.000000 	-0.018019 	1.396991  	-6.921100 
92.000000 	-0.036037 	1.393982  	-6.921100 
93.000000 	-0.054056 	1.390972  	-6.921100 
94.000000 	-0.072074 	1.387963  	-6.921100 
95.000000 	-0.091107 	1.382601  	-6.921100 
96.000000 	-0.110704 	1.375932  	-6.921100 
97.000000 	-0.130301 	1.369263  	-6.921100 
98.000000 	-0.149898 	1.362595  	-6.921100 
99.000000 	-0.169846 	1.354918  	-6.921100 
100.000000	-0.190673 	1.344724  	-6.921100 
101.000000	-0.211499 	1.334529  	-6.921100 
102.000000	-0.232326 	1.324335  	-6.921100 
103.000000	-0.253152 	1.314140  	-6.921100 
104.000000	-0.274839 	1.300873  	-6.921100 
105.000000	-0.296592 	1.287368  	-6.921100 
106.000000	-0.318345 	1.273864  	-6.921100 
107.000000	-0.340097 	1.260360  	-6.921100 
108.000000	-0.362240 	1.245131  	-6.921100 
109.000000	-0.384675 	1.228609  	-6.921100 
110.000000	-0.407110 	1.212088  	-6.921100 
111.000000	-0.429546 	1.195566  	-6.921100 
112.000000	-0.452091 	1.178475  	-6.921100 
113.000000	-0.475042 	1.159299  	-6.921100 
114.000000	-0.497993 	1.140123  	-6.921100 
115.000000	-0.520944 	1.120946  	-6.921100 
116.000000	-0.543895 	1.101770  	-6.921100 
117.000000	-0.567230 	1.080682  	-6.921100 
118.000000	-0.590629 	1.059275  	-6.921100 
119.000000	-0.614028 	1.037868  	-6.921100 
120.000000	-0.637427 	1.016461  	-6.921100 
121.000000	-0.661079 	0.994178  	-6.921100 
122.000000	-0.684985 	0.971017  	-6.921100 
123.000000	-0.708891 	0.947857  	-6.921100 
124.000000	-0.732797 	0.924697  	-6.921100 
125.000000	-0.756808 	0.901360  	-6.921100 
126.000000	-0.781447 	0.876964  	-6.921100 
127.000000	-0.806086 	0.852567  	-6.921100 
128.000000	-0.830725 	0.828171  	-6.921100 
129.000000	-0.855364 	0.803775  	-6.921100 
130.000000	-0.880932 	0.778838  	-6.921100 
131.000000	-0.906753 	0.753753  	-6.921100 
132.000000	-0.932575 	0.728669  	-6.921100 
133.000000	-0.958396 	0.703584  	-6.921100 
134.000000	-0.985052 	0.678446  	-6.921100 
135.000000	-1.012820 	0.653237  	-6.921100 
136.000000	-1.040588 	0.628028  	-6.921100 
137.000000	-1.068356 	0.602819  	-6.921100 
138.000000	-1.096351 	0.577642  	-6.921100 
139.000000	-1.127295 	0.552877  	-6.921100 
140.000000	-1.158238 	0.528112  	-6.921100 
141.000000	-1.189181 	0.503346  	-6.921100 
142.000000	-1.220124 	0.478581  	-6.921100 
143.000000	-1.254734 	0.454532  	-6.921100 
144.000000	-1.290811 	0.430769  	-6.921100 
145.000000	-1.326887 	0.407007  	-6.921100 
146.000000	-1.362964 	0.383244  	-6.921100 
147.000000	-1.402014 	0.360032  	-6.921100 
148.000000	-1.446415 	0.337809  	-6.921100 
149.000000	-1.490817 	0.315586  	-6.921100 
150.000000	-1.535218 	0.293363  	-6.921100 
151.000000	-1.579620 	0.271140  	-6.921100 
152.000000	-1.525150 	0.250362  	-6.921100 
153.000000	-1.470681 	0.229585  	-6.921100 
154.000000	-1.416211 	0.209809  	-6.921100 
155.000000	-1.361741 	0.190110  	-6.921100 
156.000000	-1.307272 	0.171422  	-6.921100 
157.000000	-1.252802 	0.152903  	-6.921100 
158.000000	-1.198332 	0.135386  	-6.921100 
159.000000	-1.143863 	0.118142  	-6.921100 
160.000000	-1.089393 	0.101871  	-6.921100 
161.000000	-1.034923 	0.085990  	-6.921100 
162.000000	-0.980454 	0.071038  	-6.921100 
163.000000	-0.925984 	0.056601  	-6.921100 
164.000000	-0.871514 	0.043033  	-6.921100 
165.000000	-0.817045 	0.030115  	-6.921100 
166.000000	-0.762575 	0.018188  	-6.921100 
167.000000	-0.708106 	0.007250  	-6.921100 
168.000000	-0.653636 	0.001000  	-6.921100 
169.000000	-0.599166 	0.001000  	-6.921100 
170.000000	-0.544697 	0.001000  	-6.921100 
171.000000	-0.490227 	0.001000  	-6.921100 
172.000000	-0.435757 	0.001000  	-6.921100 
173.000000	-0.381288 	0.001000  	-6.921100 
174.000000	-0.326818 	0.001000  	-6.921100 
175.000000	-0.272348 	0.001000  	-6.921100 
176.000000	-0.217879 	0.001000  	-6.921100 
177.000000	-0.163409 	0.001000  	-6.921100 
178.000000	-0.108939 	0.001000  	-6.921100 
179.000000	-0.054470 	0.001000  	-6.921100 
180.000000	0.000000  	0.001000  	-6.921100 
! ------------------------------------------------------------------------------
! data for table	8         
! ------------------------------------------------------------------------------
  0.900000  	Re           ! Reynolds number in millions
  0.000000  	UserProp     ! User property (control) setting
Flase           InclUAdata   ! Is unsteady aerodynamics data included in this table? If TRUE, then include UA coefficients below this line. Any missing coefficients will be calculated internally.
! Table of aerodynamics coefficients
  361       	NumAlf       ! Number of data lines in the following table
!Alpha      Cl          Cd          Cm/Cp
!(deg)      (-)         (-)         (-)
-180.000000	0.000000  	0.001000  	-6.944100 
-179.000000	0.054588  	0.001000  	-6.944100 
-178.000000	0.109176  	0.001000  	-6.944100 
-177.000000	0.163764  	0.001000  	-6.944100 
-176.000000	0.218352  	0.001000  	-6.944100 
-175.000000	0.272940  	0.001000  	-6.944100 
-174.000000	0.327528  	0.001000  	-6.944100 
-173.000000	0.382116  	0.001000  	-6.944100 
-172.000000	0.436703  	0.001000  	-6.944100 
-171.000000	0.491291  	0.001000  	-6.944100 
-170.000000	0.545879  	0.001000  	-6.944100 
-169.000000	0.600467  	0.001000  	-6.944100 
-168.000000	0.655055  	0.001000  	-6.944100 
-167.000000	0.709643  	0.007113  	-6.944100 
-166.000000	0.764231  	0.017810  	-6.944100 
-165.000000	0.818819  	0.029618  	-6.944100 
-164.000000	0.873407  	0.042538  	-6.944100 
-163.000000	0.927995  	0.056109  	-6.944100 
-162.000000	0.982583  	0.070548  	-6.944100 
-161.000000	1.037171  	0.085504  	-6.944100 
-160.000000	1.091759  	0.101388  	-6.944100 
-159.000000	1.146347  	0.117661  	-6.944100 
-158.000000	1.200934  	0.134909  	-6.944100 
-157.000000	1.255522  	0.152430  	-6.944100 
-156.000000	1.310110  	0.170952  	-6.944100 
-155.000000	1.364698  	0.189644  	-6.944100 
-154.000000	1.419286  	0.209346  	-6.944100 
-153.000000	1.473874  	0.229126  	-6.944100 
-152.000000	1.528462  	0.249908  	-6.944100 
-151.000000	1.583050  	0.270690  	-6.944100 
-150.000000	1.538494  	0.292918  	-6.944100 
-149.000000	1.493939  	0.315145  	-6.944100 
-148.000000	1.449383  	0.337373  	-6.944100 
-147.000000	1.404827  	0.359600  	-6.944100 
-146.000000	1.365643  	0.382818  	-6.944100 
-145.000000	1.329444  	0.406586  	-6.944100 
-144.000000	1.293245  	0.430353  	-6.944100 
-143.000000	1.257046  	0.454121  	-6.944100 
-142.000000	1.222320  	0.478176  	-6.944100 
-141.000000	1.191276  	0.502947  	-6.944100 
-140.000000	1.160233  	0.527718  	-6.944100 
-139.000000	1.129190  	0.552489  	-6.944100 
-138.000000	1.098146  	0.577260  	-6.944100 
-137.000000	1.070067  	0.602443  	-6.944100 
-136.000000	1.042216  	0.627658  	-6.944100 
-135.000000	1.014364  	0.652874  	-6.944100 
-134.000000	0.986513  	0.678089  	-6.944100 
-133.000000	0.959782  	0.703233  	-6.944100 
-132.000000	0.933891  	0.728325  	-6.944100 
-131.000000	0.907999  	0.753416  	-6.944100 
-130.000000	0.882108  	0.778507  	-6.944100 
-129.000000	0.856473  	0.803451  	-6.944100 
-128.000000	0.831775  	0.827855  	-6.944100 
-127.000000	0.807077  	0.852258  	-6.944100 
-126.000000	0.782380  	0.876661  	-6.944100 
-125.000000	0.757682  	0.901065  	-6.944100 
-124.000000	0.733620  	0.924409  	-6.944100 
-123.000000	0.709665  	0.947577  	-6.944100 
-122.000000	0.685709  	0.970745  	-6.944100 
-121.000000	0.661754  	0.993913  	-6.944100 
-120.000000	0.638056  	1.016204  	-6.944100 
-119.000000	0.614616  	1.037619  	-6.944100 
-118.000000	0.591176  	1.059033  	-6.944100 
-117.000000	0.567735  	1.080448  	-6.944100 
-116.000000	0.544360  	1.101544  	-6.944100 
-115.000000	0.521376  	1.120729  	-6.944100 
-114.000000	0.498391  	1.139913  	-6.944100 
-113.000000	0.475406  	1.159098  	-6.944100 
-112.000000	0.452421  	1.178283  	-6.944100 
-111.000000	0.429847  	1.195382  	-6.944100 
-110.000000	0.407384  	1.211912  	-6.944100 
-109.000000	0.384922  	1.228442  	-6.944100 
-108.000000	0.362460  	1.244972  	-6.944100 
-107.000000	0.340293  	1.260209  	-6.944100 
-106.000000	0.318519  	1.273722  	-6.944100 
-105.000000	0.296746  	1.287235  	-6.944100 
-104.000000	0.274972  	1.300748  	-6.944100 
-103.000000	0.253266  	1.314025  	-6.944100 
-102.000000	0.232424  	1.324228  	-6.944100 
-101.000000	0.211583  	1.334431  	-6.944100 
-100.000000	0.190742  	1.344635  	-6.944100 
-99.000000	0.169901  	1.354838  	-6.944100 
-98.000000	0.149942  	1.362523  	-6.944100 
-97.000000	0.130337  	1.369201  	-6.944100 
-96.000000	0.110731  	1.375879  	-6.944100 
-95.000000	0.091125  	1.382556  	-6.944100 
-94.000000	0.072086  	1.387927  	-6.944100 
-93.000000	0.054064  	1.390945  	-6.944100 
-92.000000	0.036043  	1.393964  	-6.944100 
-91.000000	0.018021  	1.396982  	-6.944100 
-90.000000	0.000000  	1.400000  	-6.944100 
-89.000000	-0.018021 	1.396982  	-6.944100 
-88.000000	-0.036043 	1.393964  	-6.944100 
-87.000000	-0.054064 	1.390945  	-6.944100 
-86.000000	-0.072086 	1.387927  	-6.944100 
-85.000000	-0.091125 	1.382556  	-6.944100 
-84.000000	-0.110731 	1.375879  	-6.944100 
-83.000000	-0.130337 	1.369201  	-6.944100 
-82.000000	-0.149942 	1.362523  	-6.944100 
-81.000000	-0.169901 	1.354838  	-6.944100 
-80.000000	-0.190742 	1.344635  	-6.944100 
-79.000000	-0.211583 	1.334431  	-6.944100 
-78.000000	-0.232424 	1.324228  	-6.944100 
-77.000000	-0.253266 	1.314025  	-6.944100 
-76.000000	-0.274972 	1.300748  	-6.944100 
-75.000000	-0.296746 	1.287235  	-6.944100 
-74.000000	-0.318519 	1.273722  	-6.944100 
-73.000000	-0.340293 	1.260209  	-6.944100 
-72.000000	-0.362460 	1.244972  	-6.944100 
-71.000000	-0.384922 	1.228442  	-6.944100 
-70.000000	-0.407384 	1.211912  	-6.944100 
-69.000000	-0.429847 	1.195382  	-6.944100 
-68.000000	-0.452421 	1.178283  	-6.944100 
-67.000000	-0.475406 	1.159098  	-6.944100 
-66.000000	-0.498391 	1.139913  	-6.944100 
-65.000000	-0.521376 	1.120729  	-6.944100 
-64.000000	-0.544360 	1.101544  	-6.944100 
-63.000000	-0.567735 	1.080448  	-6.944100 
-62.000000	-0.591176 	1.059033  	-6.944100 
-61.000000	-0.614616 	1.037619  	-6.944100 
-60.000000	-0.638056 	1.016204  	-6.944100 
-59.000000	-0.661754 	0.993913  	-6.944100 
-58.000000	-0.685709 	0.970745  	-6.944100 
-57.000000	-0.709665 	0.947577  	-6.944100 
-56.000000	-0.733620 	0.924409  	-6.944100 
-55.000000	-0.757682 	0.901065  	-6.944100 
-54.000000	-0.782380 	0.876661  	-6.944100 
-53.000000	-0.807077 	0.852258  	-6.944100 
-52.000000	-0.831775 	0.827855  	-6.944100 
-51.000000	-0.856473 	0.803451  	-6.944100 
-50.000000	-0.882108 	0.778507  	-6.944100 
-49.000000	-0.907999 	0.753416  	-6.944100 
-48.000000	-0.933891 	0.728325  	-6.944100 
-47.000000	-0.959782 	0.703233  	-6.944100 
-46.000000	-0.986513 	0.678089  	-6.944100 
-45.000000	-1.014364 	0.652874  	-6.944100 
-44.000000	-1.042216 	0.627658  	-6.944100 
-43.000000	-1.070067 	0.602443  	-6.944100 
-42.000000	-1.098146 	0.577260  	-6.944100 
-41.000000	-1.129190 	0.552489  	-6.944100 
-40.000000	-1.160233 	0.527718  	-6.944100 
-39.000000	-1.191276 	0.502947  	-6.944100 
-38.000000	-1.222320 	0.478176  	-6.944100 
-37.000000	-1.257046 	0.454121  	-6.944100 
-36.000000	-1.293245 	0.430353  	-6.944100 
-35.000000	-1.329444 	0.406586  	-6.944100 
-34.000000	-1.365643 	0.382818  	-6.944100 
-33.000000	-1.404827 	0.359600  	-6.944100 
-32.000000	-1.449383 	0.337373  	-6.944100 
-31.000000	-1.493939 	0.315145  	-6.944100 
-30.000000	-1.538494 	0.292918  	-6.944100 
-29.000000	-1.583050 	0.270690  	-6.944100 
-28.000000	-1.535158 	0.258366  	-6.944100 
-27.000000	-1.487266 	0.246043  	-6.944100 
-26.000000	-1.439374 	0.233719  	-6.944100 
-25.000000	-1.391482 	0.221395  	-6.944100 
-24.000000	-1.343589 	0.209072  	-6.944100 
-23.000000	-1.295697 	0.196748  	-6.944100 
-22.000000	-1.247805 	0.184424  	-6.944100 
-21.000000	-1.199913 	0.172101  	-6.944100 
-20.000000	-1.152021 	0.159777  	-6.944100 
-19.000000	-1.104129 	0.147453  	-6.944100 
-18.000000	-1.056237 	0.135129  	-6.944100 
-17.000000	-1.008345 	0.122806  	-6.944100 
-16.000000	-0.960453 	0.110482  	-6.944100 
-15.000000	-0.912561 	0.098158  	-6.944100 
-14.000000	-0.864668 	0.085835  	-6.944100 
-13.000000	-0.816776 	0.073511  	-6.944100 
-12.000000	-0.768884 	0.061187  	-5.702600 
-11.000000	-0.720992 	0.048864  	-3.964500 
-10.000000	-0.673100 	0.036540  	-2.226400 
-9.000000 	-0.529400 	0.036760  	-2.078800 
-8.000000 	-0.384600 	0.037010  	-1.934300 
-7.000000 	-0.240300 	0.037280  	-1.793200 
-6.000000 	-0.096400 	0.037550  	-1.659300 
-5.000000 	0.047100  	0.037850  	-1.525800 
-4.000000 	0.189500  	0.038140  	-1.399500 
-3.000000 	0.332100  	0.038450  	-1.276000 
-2.000000 	0.473400  	0.038730  	-1.339100 
-1.000000 	0.614300  	0.039040  	-1.461800 
0.000000  	0.753500  	0.039350  	-1.587400 
1.000000  	0.892400  	0.039700  	-1.717700 
2.000000  	1.029900  	0.040040  	-1.851000 
3.000000  	1.165800  	0.040400  	-1.990300 
4.000000  	1.300000  	0.040840  	-2.134700 
5.000000  	1.434300  	0.041160  	-2.286500 
6.000000  	1.564800  	0.041720  	-2.443700 
7.000000  	1.695900  	0.042110  	-2.614200 
8.000000  	1.821900  	0.042840  	-2.794600 
9.000000  	1.948700  	0.043380  	-2.993100 
10.000000 	2.069600  	0.044320  	-3.207800 
11.000000 	2.186400  	0.045430  	-3.440200 
12.000000 	2.298600  	0.046770  	-3.693400 
13.000000 	2.395000  	0.049120  	-3.955800 
14.000000 	2.415600  	0.056660  	-4.143900 
15.000000 	2.418000  	0.067190  	-4.316600 
16.000000 	2.404000  	0.080920  	-4.470700 
17.000000 	2.390800  	0.095670  	-4.631600 
18.000000 	2.352100  	0.114190  	-4.743200 
19.000000 	2.327300  	0.131300  	-4.881600 
20.000000 	2.293900  	0.149660  	-4.999800 
21.000000 	2.273500  	0.166230  	-5.176600 
22.000000 	2.257600  	0.182200  	-5.361200 
23.000000 	2.240900  	0.198210  	-5.540300 
24.000000 	2.240900  	0.211580  	-5.768600 
25.000000 	2.242900  	0.224350  	-5.998400 
26.000000 	2.247800  	0.236340  	-6.242100 
27.000000 	2.253800  	0.247900  	-6.474600 
28.000000 	2.259700  	0.259130  	-6.716100 
29.000000 	2.261500  	0.270690  	-6.944100 
30.000000 	2.197849  	0.292918  	-6.944100 
31.000000 	2.134198  	0.315145  	-6.944100 
32.000000 	2.070547  	0.337373  	-6.944100 
33.000000 	2.006896  	0.359600  	-6.944100 
34.000000 	1.950919  	0.382818  	-6.944100 
35.000000 	1.899206  	0.406586  	-6.944100 
36.000000 	1.847493  	0.430353  	-6.944100 
37.000000 	1.795780  	0.454121  	-6.944100 
38.000000 	1.746171  	0.478176  	-6.944100 
39.000000 	1.701823  	0.502947  	-6.944100 
40.000000 	1.657476  	0.527718  	-6.944100 
41.000000 	1.613128  	0.552489  	-6.944100 
42.000000 	1.568780  	0.577260  	-6.944100 
43.000000 	1.528667  	0.602443  	-6.944100 
44.000000 	1.488880  	0.627658  	-6.944100 
45.000000 	1.449092  	0.652874  	-6.944100 
46.000000 	1.409305  	0.678089  	-6.944100 
47.000000 	1.371117  	0.703233  	-6.944100 
48.000000 	1.334130  	0.728325  	-6.944100 
49.000000 	1.297142  	0.753416  	-6.944100 
50.000000 	1.260155  	0.778507  	-6.944100 
51.000000 	1.223532  	0.803451  	-6.944100 
52.000000 	1.188250  	0.827855  	-6.944100 
53.000000 	1.152968  	0.852258  	-6.944100 
54.000000 	1.117685  	0.876661  	-6.944100 
55.000000 	1.082403  	0.901065  	-6.944100 
56.000000 	1.048029  	0.924409  	-6.944100 
57.000000 	1.013807  	0.947577  	-6.944100 
58.000000 	0.979585  	0.970745  	-6.944100 
59.000000 	0.945363  	0.993913  	-6.944100 
60.000000 	0.911508  	1.016204  	-6.944100 
61.000000 	0.878023  	1.037619  	-6.944100 
62.000000 	0.844537  	1.059033  	-6.944100 
63.000000 	0.811051  	1.080448  	-6.944100 
64.000000 	0.777658  	1.101544  	-6.944100 
65.000000 	0.744822  	1.120729  	-6.944100 
66.000000 	0.711987  	1.139913  	-6.944100 
67.000000 	0.679151  	1.159098  	-6.944100 
68.000000 	0.646316  	1.178283  	-6.944100 
69.000000 	0.614067  	1.195382  	-6.944100 
70.000000 	0.581978  	1.211912  	-6.944100 
71.000000 	0.549889  	1.228442  	-6.944100 
72.000000 	0.517800  	1.244972  	-6.944100 
73.000000 	0.486133  	1.260209  	-6.944100 
74.000000 	0.455028  	1.273722  	-6.944100 
75.000000 	0.423923  	1.287235  	-6.944100 
76.000000 	0.392818  	1.300748  	-6.944100 
77.000000 	0.361808  	1.314025  	-6.944100 
78.000000 	0.332035  	1.324228  	-6.944100 
79.000000 	0.302262  	1.334431  	-6.944100 
80.000000 	0.272489  	1.344635  	-6.944100 
81.000000 	0.242716  	1.354838  	-6.944100 
82.000000 	0.214203  	1.362523  	-6.944100 
83.000000 	0.186195  	1.369201  	-6.944100 
84.000000 	0.158187  	1.375879  	-6.944100 
85.000000 	0.130179  	1.382556  	-6.944100 
86.000000 	0.102979  	1.387927  	-6.944100 
87.000000 	0.077235  	1.390945  	-6.944100 
88.000000 	0.051490  	1.393964  	-6.944100 
89.000000 	0.025745  	1.396982  	-6.944100 
90.000000 	0.000000  	1.400000  	-6.944100 
91.000000 	-0.018021 	1.396982  	-6.944100 
92.000000 	-0.036043 	1.393964  	-6.944100 
93.000000 	-0.054064 	1.390945  	-6.944100 
94.000000 	-0.072086 	1.387927  	-6.944100 
95.000000 	-0.091125 	1.382556  	-6.944100 
96.000000 	-0.110731 	1.375879  	-6.944100 
97.000000 	-0.130337 	1.369201  	-6.944100 
98.000000 	-0.149942 	1.362523  	-6.944100 
99.000000 	-0.169901 	1.354838  	-6.944100 
100.000000	-0.190742 	1.344635  	-6.944100 
101.000000	-0.211583 	1.334431  	-6.944100 
102.000000	-0.232424 	1.324228  	-6.944100 
103.000000	-0.253266 	1.314025  	-6.944100 
104.000000	-0.274972 	1.300748  	-6.944100 
105.000000	-0.296746 	1.287235  	-6.944100 
106.000000	-0.318519 	1.273722  	-6.944100 
107.000000	-0.340293 	1.260209  	-6.944100 
108.000000	-0.362460 	1.244972  	-6.944100 
109.000000	-0.384922 	1.228442  	-6.944100 
110.000000	-0.407384 	1.211912  	-6.944100 
111.000000	-0.429847 	1.195382  	-6.944100 
112.000000	-0.452421 	1.178283  	-6.944100 
113.000000	-0.475406 	1.159098  	-6.944100 
114.000000	-0.498391 	1.139913  	-6.944100 
115.000000	-0.521376 	1.120729  	-6.944100 
116.000000	-0.544360 	1.101544  	-6.944100 
117.000000	-0.567735 	1.080448  	-6.944100 
118.000000	-0.591176 	1.059033  	-6.944100 
119.000000	-0.614616 	1.037619  	-6.944100 
120.000000	-0.638056 	1.016204  	-6.944100 
121.000000	-0.661754 	0.993913  	-6.944100 
122.000000	-0.685709 	0.970745  	-6.944100 
123.000000	-0.709665 	0.947577  	-6.944100 
124.000000	-0.733620 	0.924409  	-6.944100 
125.000000	-0.757682 	0.901065  	-6.944100 
126.000000	-0.782380 	0.876661  	-6.944100 
127.000000	-0.807077 	0.852258  	-6.944100 
128.000000	-0.831775 	0.827855  	-6.944100 
129.000000	-0.856473 	0.803451  	-6.944100 
130.000000	-0.882108 	0.778507  	-6.944100 
131.000000	-0.907999 	0.753416  	-6.944100 
132.000000	-0.933891 	0.728325  	-6.944100 
133.000000	-0.959782 	0.703233  	-6.944100 
134.000000	-0.986513 	0.678089  	-6.944100 
135.000000	-1.014364 	0.652874  	-6.944100 
136.000000	-1.042216 	0.627658  	-6.944100 
137.000000	-1.070067 	0.602443  	-6.944100 
138.000000	-1.098146 	0.577260  	-6.944100 
139.000000	-1.129190 	0.552489  	-6.944100 
140.000000	-1.160233 	0.527718  	-6.944100 
141.000000	-1.191276 	0.502947  	-6.944100 
142.000000	-1.222320 	0.478176  	-6.944100 
143.000000	-1.257046 	0.454121  	-6.944100 
144.000000	-1.293245 	0.430353  	-6.944100 
145.000000	-1.329444 	0.406586  	-6.944100 
146.000000	-1.365643 	0.382818  	-6.944100 
147.000000	-1.404827 	0.359600  	-6.944100 
148.000000	-1.449383 	0.337373  	-6.944100 
149.000000	-1.493939 	0.315145  	-6.944100 
150.000000	-1.538494 	0.292918  	-6.944100 
151.000000	-1.583050 	0.270690  	-6.944100 
152.000000	-1.528462 	0.249908  	-6.944100 
153.000000	-1.473874 	0.229126  	-6.944100 
154.000000	-1.419286 	0.209346  	-6.944100 
155.000000	-1.364698 	0.189644  	-6.944100 
156.000000	-1.310110 	0.170952  	-6.944100 
157.000000	-1.255522 	0.152430  	-6.944100 
158.000000	-1.200934 	0.134909  	-6.944100 
159.000000	-1.146347 	0.117661  	-6.944100 
160.000000	-1.091759 	0.101388  	-6.944100 
161.000000	-1.037171 	0.085504  	-6.944100 
162.000000	-0.982583 	0.070548  	-6.944100 
163.000000	-0.927995 	0.056109  	-6.944100 
164.000000	-0.873407 	0.042538  	-6.944100 
165.000000	-0.818819 	0.029618  	-6.944100 
166.000000	-0.764231 	0.017810  	-6.944100 
167.000000	-0.709643 	0.007113  	-6.944100 
168.000000	-0.655055 	0.001000  	-6.944100 
169.000000	-0.600467 	0.001000  	-6.944100 
170.000000	-0.545879 	0.001000  	-6.944100 
171.000000	-0.491291 	0.001000  	-6.944100 
172.000000	-0.436703 	0.001000  	-6.944100 
173.000000	-0.382116 	0.001000  	-6.944100 
174.000000	-0.327528 	0.001000  	-6.944100 
175.000000	-0.272940 	0.001000  	-6.944100 
176.000000	-0.218352 	0.001000  	-6.944100 
177.000000	-0.163764 	0.001000  	-6.944100 
178.000000	-0.109176 	0.001000  	-6.944100 
179.000000	-0.054588 	0.001000  	-6.944100 
180.000000	0.000000  	0.001000  	-6.944100 
! ------------------------------------------------------------------------------
! data for table	9         
! ------------------------------------------------------------------------------
  1.000000  	Re           ! Reynolds number in millions
  0.000000  	UserProp     ! User property (control) setting
Flase           InclUAdata   ! Is unsteady aerodynamics data included in this table? If TRUE, then include UA coefficients below this line. Any missing coefficients will be calculated internally.
! Table of aerodynamics coefficients
  361       	NumAlf       ! Number of data lines in the following table
!Alpha      Cl          Cd          Cm/Cp
!(deg)      (-)         (-)         (-)
-180.000000	0.000000  	0.001000  	-6.985600 
-179.000000	0.054839  	0.001000  	-6.985600 
-178.000000	0.109678  	0.001000  	-6.985600 
-177.000000	0.164517  	0.001000  	-6.985600 
-176.000000	0.219356  	0.001000  	-6.985600 
-175.000000	0.274195  	0.001000  	-6.985600 
-174.000000	0.329034  	0.001000  	-6.985600 
-173.000000	0.383873  	0.001000  	-6.985600 
-172.000000	0.438712  	0.001000  	-6.985600 
-171.000000	0.493551  	0.001000  	-6.985600 
-170.000000	0.548390  	0.001000  	-6.985600 
-169.000000	0.603229  	0.001000  	-6.985600 
-168.000000	0.658068  	0.001000  	-6.985600 
-167.000000	0.712907  	0.006655  	-6.985600 
-166.000000	0.767746  	0.016550  	-6.985600 
-165.000000	0.822584  	0.027962  	-6.985600 
-164.000000	0.877423  	0.040890  	-6.985600 
-163.000000	0.932262  	0.054469  	-6.985600 
-162.000000	0.987101  	0.068918  	-6.985600 
-161.000000	1.041940  	0.083882  	-6.985600 
-160.000000	1.096779  	0.099776  	-6.985600 
-159.000000	1.151618  	0.116060  	-6.985600 
-158.000000	1.206457  	0.133319  	-6.985600 
-157.000000	1.261296  	0.150851  	-6.985600 
-156.000000	1.316135  	0.169386  	-6.985600 
-155.000000	1.370974  	0.188089  	-6.985600 
-154.000000	1.425813  	0.207805  	-6.985600 
-153.000000	1.480652  	0.227598  	-6.985600 
-152.000000	1.535491  	0.248394  	-6.985600 
-151.000000	1.590330  	0.269190  	-6.985600 
-150.000000	1.545447  	0.291433  	-6.985600 
-149.000000	1.500564  	0.313676  	-6.985600 
-148.000000	1.455681  	0.335919  	-6.985600 
-147.000000	1.410798  	0.358162  	-6.985600 
-146.000000	1.371330  	0.381397  	-6.985600 
-145.000000	1.334871  	0.405182  	-6.985600 
-144.000000	1.298411  	0.428967  	-6.985600 
-143.000000	1.261952  	0.452752  	-6.985600 
-142.000000	1.226979  	0.476824  	-6.985600 
-141.000000	1.195723  	0.501615  	-6.985600 
-140.000000	1.164467  	0.526405  	-6.985600 
-139.000000	1.133211  	0.551195  	-6.985600 
-138.000000	1.101956  	0.575985  	-6.985600 
-137.000000	1.073697  	0.601190  	-6.985600 
-136.000000	1.045670  	0.626426  	-6.985600 
-135.000000	1.017642  	0.651662  	-6.985600 
-134.000000	0.989614  	0.676898  	-6.985600 
-133.000000	0.962723  	0.702064  	-6.985600 
-132.000000	0.936683  	0.727178  	-6.985600 
-131.000000	0.910644  	0.752292  	-6.985600 
-130.000000	0.884605  	0.777406  	-6.985600 
-129.000000	0.858826  	0.802372  	-6.985600 
-128.000000	0.834004  	0.826799  	-6.985600 
-127.000000	0.809181  	0.851227  	-6.985600 
-126.000000	0.784359  	0.875654  	-6.985600 
-125.000000	0.759536  	0.900081  	-6.985600 
-124.000000	0.735367  	0.923450  	-6.985600 
-123.000000	0.711307  	0.946644  	-6.985600 
-122.000000	0.687246  	0.969837  	-6.985600 
-121.000000	0.663186  	0.993030  	-6.985600 
-120.000000	0.639392  	1.015347  	-6.985600 
-119.000000	0.615864  	1.036788  	-6.985600 
-118.000000	0.592336  	1.058229  	-6.985600 
-117.000000	0.568808  	1.079670  	-6.985600 
-116.000000	0.545348  	1.100792  	-6.985600 
-115.000000	0.522291  	1.120004  	-6.985600 
-114.000000	0.499234  	1.139216  	-6.985600 
-113.000000	0.476178  	1.158428  	-6.985600 
-112.000000	0.453121  	1.177640  	-6.985600 
-111.000000	0.430486  	1.194767  	-6.985600 
-110.000000	0.407966  	1.211326  	-6.985600 
-109.000000	0.385446  	1.227884  	-6.985600 
-108.000000	0.362927  	1.244442  	-6.985600 
-107.000000	0.340708  	1.259708  	-6.985600 
-106.000000	0.318890  	1.273250  	-6.985600 
-105.000000	0.297073  	1.286792  	-6.985600 
-104.000000	0.275256  	1.300333  	-6.985600 
-103.000000	0.253506  	1.313639  	-6.985600 
-102.000000	0.232633  	1.323872  	-6.985600 
-101.000000	0.211761  	1.334104  	-6.985600 
-100.000000	0.190889  	1.344337  	-6.985600 
-99.000000	0.170017  	1.354570  	-6.985600 
-98.000000	0.150036  	1.362284  	-6.985600 
-97.000000	0.130412  	1.368992  	-6.985600 
-96.000000	0.110788  	1.375699  	-6.985600 
-95.000000	0.091164  	1.382407  	-6.985600 
-94.000000	0.072110  	1.387808  	-6.985600 
-93.000000	0.054083  	1.390856  	-6.985600 
-92.000000	0.036055  	1.393904  	-6.985600 
-91.000000	0.018028  	1.396952  	-6.985600 
-90.000000	0.000000  	1.400000  	-6.985600 
-89.000000	-0.018028 	1.396952  	-6.985600 
-88.000000	-0.036055 	1.393904  	-6.985600 
-87.000000	-0.054083 	1.390856  	-6.985600 
-86.000000	-0.072110 	1.387808  	-6.985600 
-85.000000	-0.091164 	1.382407  	-6.985600 
-84.000000	-0.110788 	1.375699  	-6.985600 
-83.000000	-0.130412 	1.368992  	-6.985600 
-82.000000	-0.150036 	1.362284  	-6.985600 
-81.000000	-0.170017 	1.354570  	-6.985600 
-80.000000	-0.190889 	1.344337  	-6.985600 
-79.000000	-0.211761 	1.334104  	-6.985600 
-78.000000	-0.232633 	1.323872  	-6.985600 
-77.000000	-0.253506 	1.313639  	-6.985600 
-76.000000	-0.275256 	1.300333  	-6.985600 
-75.000000	-0.297073 	1.286792  	-6.985600 
-74.000000	-0.318890 	1.273250  	-6.985600 
-73.000000	-0.340708 	1.259708  	-6.985600 
-72.000000	-0.362927 	1.244442  	-6.985600 
-71.000000	-0.385446 	1.227884  	-6.985600 
-70.000000	-0.407966 	1.211326  	-6.985600 
-69.000000	-0.430486 	1.194767  	-6.985600 
-68.000000	-0.453121 	1.177640  	-6.985600 
-67.000000	-0.476178 	1.158428  	-6.985600 
-66.000000	-0.499234 	1.139216  	-6.985600 
-65.000000	-0.522291 	1.120004  	-6.985600 
-64.000000	-0.545348 	1.100792  	-6.985600 
-63.000000	-0.568808 	1.079670  	-6.985600 
-62.000000	-0.592336 	1.058229  	-6.985600 
-61.000000	-0.615864 	1.036788  	-6.985600 
-60.000000	-0.639392 	1.015347  	-6.985600 
-59.000000	-0.663186 	0.993030  	-6.985600 
-58.000000	-0.687246 	0.969837  	-6.985600 
-57.000000	-0.711307 	0.946644  	-6.985600 
-56.000000	-0.735367 	0.923450  	-6.985600 
-55.000000	-0.759536 	0.900081  	-6.985600 
-54.000000	-0.784359 	0.875654  	-6.985600 
-53.000000	-0.809181 	0.851227  	-6.985600 
-52.000000	-0.834004 	0.826799  	-6.985600 
-51.000000	-0.858826 	0.802372  	-6.985600 
-50.000000	-0.884605 	0.777406  	-6.985600 
-49.000000	-0.910644 	0.752292  	-6.985600 
-48.000000	-0.936683 	0.727178  	-6.985600 
-47.000000	-0.962723 	0.702064  	-6.985600 
-46.000000	-0.989614 	0.676898  	-6.985600 
-45.000000	-1.017642 	0.651662  	-6.985600 
-44.000000	-1.045670 	0.626426  	-6.985600 
-43.000000	-1.073697 	0.601190  	-6.985600 
-42.000000	-1.101956 	0.575985  	-6.985600 
-41.000000	-1.133211 	0.551195  	-6.985600 
-40.000000	-1.164467 	0.526405  	-6.985600 
-39.000000	-1.195723 	0.501615  	-6.985600 
-38.000000	-1.226979 	0.476824  	-6.985600 
-37.000000	-1.261952 	0.452752  	-6.985600 
-36.000000	-1.298411 	0.428967  	-6.985600 
-35.000000	-1.334871 	0.405182  	-6.985600 
-34.000000	-1.371330 	0.381397  	-6.985600 
-33.000000	-1.410798 	0.358162  	-6.985600 
-32.000000	-1.455681 	0.335919  	-6.985600 
-31.000000	-1.500564 	0.313676  	-6.985600 
-30.000000	-1.545447 	0.291433  	-6.985600 
-29.000000	-1.590330 	0.269190  	-6.985600 
-28.000000	-1.542034 	0.256939  	-6.985600 
-27.000000	-1.493737 	0.244689  	-6.985600 
-26.000000	-1.445441 	0.232438  	-6.985600 
-25.000000	-1.397145 	0.220188  	-6.985600 
-24.000000	-1.348848 	0.207937  	-6.985600 
-23.000000	-1.300552 	0.195687  	-6.985600 
-22.000000	-1.252256 	0.183436  	-6.985600 
-21.000000	-1.203959 	0.171186  	-6.985600 
-20.000000	-1.155663 	0.158935  	-6.985600 
-19.000000	-1.107367 	0.146685  	-6.985600 
-18.000000	-1.059071 	0.134434  	-6.985600 
-17.000000	-1.010774 	0.122184  	-6.985600 
-16.000000	-0.962478 	0.109933  	-6.985600 
-15.000000	-0.914182 	0.097683  	-6.985600 
-14.000000	-0.865885 	0.085432  	-6.985600 
-13.000000	-0.817589 	0.073182  	-6.985600 
-12.000000	-0.769293 	0.060931  	-5.734047 
-11.000000	-0.720996 	0.048681  	-3.981874 
-10.000000	-0.672700 	0.036430  	-2.229700 
-9.000000 	-0.527300 	0.036690  	-2.079500 
-8.000000 	-0.382600 	0.036950  	-1.937550 
-7.000000 	-0.237900 	0.037210  	-1.795600 
-6.000000 	-0.093900 	0.037510  	-1.658700 
-5.000000 	0.049100  	0.037790  	-1.527700 
-4.000000 	0.192500  	0.038100  	-1.398900 
-3.000000 	0.334400  	0.038390  	-1.276100 
-2.000000 	0.475900  	0.038690  	-1.341400 
-1.000000 	0.616300  	0.038980  	-1.463300 
0.000000  	0.756200  	0.039290  	-1.590000 
1.000000  	0.894200  	0.039605  	-1.722150 
2.000000  	1.032200  	0.039920  	-1.854300 
3.000000  	1.168400  	0.040280  	-1.993400 
4.000000  	1.303700  	0.040600  	-2.138500 
5.000000  	1.437300  	0.040960  	-2.289700 
6.000000  	1.568800  	0.041390  	-2.448400 
7.000000  	1.699600  	0.041810  	-2.617800 
8.000000  	1.827000  	0.042430  	-2.799800 
9.000000  	1.953800  	0.042950  	-2.998700 
10.000000 	2.074700  	0.043890  	-3.213700 
11.000000 	2.195200  	0.044700  	-3.450800 
12.000000 	2.307700  	0.046020  	-3.705800 
13.000000 	2.407900  	0.048130  	-3.973400 
14.000000 	2.441000  	0.054670  	-4.179300 
15.000000 	2.439100  	0.065280  	-4.348600 
16.000000 	2.424500  	0.078840  	-4.505300 
17.000000 	2.407800  	0.093870  	-4.661800 
18.000000 	2.368800  	0.112360  	-4.776800 
19.000000 	2.341500  	0.129700  	-4.911100 
20.000000 	2.306200  	0.148300  	-5.028400 
21.000000 	2.284300  	0.165060  	-5.201400 
22.000000 	2.265900  	0.181320  	-5.383300 
23.000000 	2.249100  	0.197320  	-5.570200 
24.000000 	2.250800  	0.210350  	-5.796400 
25.000000 	2.254400  	0.222830  	-6.035000 
26.000000 	2.256900  	0.235240  	-6.264500 
27.000000 	2.260700  	0.247070  	-6.514200 
28.000000 	2.266100  	0.258310  	-6.745400 
29.000000 	2.271900  	0.269190  	-6.985600 
30.000000 	2.207781  	0.291433  	-6.985600 
31.000000 	2.143663  	0.313676  	-6.985600 
32.000000 	2.079544  	0.335919  	-6.985600 
33.000000 	2.015426  	0.358162  	-6.985600 
34.000000 	1.959043  	0.381397  	-6.985600 
35.000000 	1.906958  	0.405182  	-6.985600 
36.000000 	1.854873  	0.428967  	-6.985600 
37.000000 	1.802788  	0.452752  	-6.985600 
38.000000 	1.752827  	0.476824  	-6.985600 
39.000000 	1.708176  	0.501615  	-6.985600 
40.000000 	1.663525  	0.526405  	-6.985600 
41.000000 	1.618873  	0.551195  	-6.985600 
42.000000 	1.574222  	0.575985  	-6.985600 
43.000000 	1.533853  	0.601190  	-6.985600 
44.000000 	1.493814  	0.626426  	-6.985600 
45.000000 	1.453774  	0.651662  	-6.985600 
46.000000 	1.413735  	0.676898  	-6.985600 
47.000000 	1.375318  	0.702064  	-6.985600 
48.000000 	1.338119  	0.727178  	-6.985600 
49.000000 	1.300920  	0.752292  	-6.985600 
50.000000 	1.263721  	0.777406  	-6.985600 
51.000000 	1.226895  	0.802372  	-6.985600 
52.000000 	1.191434  	0.826799  	-6.985600 
53.000000 	1.155973  	0.851227  	-6.985600 
54.000000 	1.120513  	0.875654  	-6.985600 
55.000000 	1.085052  	0.900081  	-6.985600 
56.000000 	1.050524  	0.923450  	-6.985600 
57.000000 	1.016152  	0.946644  	-6.985600 
58.000000 	0.981780  	0.969837  	-6.985600 
59.000000 	0.947408  	0.993030  	-6.985600 
60.000000 	0.913416  	1.015347  	-6.985600 
61.000000 	0.879805  	1.036788  	-6.985600 
62.000000 	0.846194  	1.058229  	-6.985600 
63.000000 	0.812583  	1.079670  	-6.985600 
64.000000 	0.779068  	1.100792  	-6.985600 
65.000000 	0.746130  	1.120004  	-6.985600 
66.000000 	0.713192  	1.139216  	-6.985600 
67.000000 	0.680254  	1.158428  	-6.985600 
68.000000 	0.647315  	1.177640  	-6.985600 
69.000000 	0.614980  	1.194767  	-6.985600 
70.000000 	0.582809  	1.211326  	-6.985600 
71.000000 	0.550638  	1.227884  	-6.985600 
72.000000 	0.518467  	1.244442  	-6.985600 
73.000000 	0.486725  	1.259708  	-6.985600 
74.000000 	0.455558  	1.273250  	-6.985600 
75.000000 	0.424390  	1.286792  	-6.985600 
76.000000 	0.393222  	1.300333  	-6.985600 
77.000000 	0.362151  	1.313639  	-6.985600 
78.000000 	0.332334  	1.323872  	-6.985600 
79.000000 	0.302516  	1.334104  	-6.985600 
80.000000 	0.272699  	1.344337  	-6.985600 
81.000000 	0.242881  	1.354570  	-6.985600 
82.000000 	0.214337  	1.362284  	-6.985600 
83.000000 	0.186303  	1.368992  	-6.985600 
84.000000 	0.158269  	1.375699  	-6.985600 
85.000000 	0.130234  	1.382407  	-6.985600 
86.000000 	0.103014  	1.387808  	-6.985600 
87.000000 	0.077261  	1.390856  	-6.985600 
88.000000 	0.051507  	1.393904  	-6.985600 
89.000000 	0.025754  	1.396952  	-6.985600 
90.000000 	0.000000  	1.400000  	-6.985600 
91.000000 	-0.018028 	1.396952  	-6.985600 
92.000000 	-0.036055 	1.393904  	-6.985600 
93.000000 	-0.054083 	1.390856  	-6.985600 
94.000000 	-0.072110 	1.387808  	-6.985600 
95.000000 	-0.091164 	1.382407  	-6.985600 
96.000000 	-0.110788 	1.375699  	-6.985600 
97.000000 	-0.130412 	1.368992  	-6.985600 
98.000000 	-0.150036 	1.362284  	-6.985600 
99.000000 	-0.170017 	1.354570  	-6.985600 
100.000000	-0.190889 	1.344337  	-6.985600 
101.000000	-0.211761 	1.334104  	-6.985600 
102.000000	-0.232633 	1.323872  	-6.985600 
103.000000	-0.253506 	1.313639  	-6.985600 
104.000000	-0.275256 	1.300333  	-6.985600 
105.000000	-0.297073 	1.286792  	-6.985600 
106.000000	-0.318890 	1.273250  	-6.985600 
107.000000	-0.340708 	1.259708  	-6.985600 
108.000000	-0.362927 	1.244442  	-6.985600 
109.000000	-0.385446 	1.227884  	-6.985600 
110.000000	-0.407966 	1.211326  	-6.985600 
111.000000	-0.430486 	1.194767  	-6.985600 
112.000000	-0.453121 	1.177640  	-6.985600 
113.000000	-0.476178 	1.158428  	-6.985600 
114.000000	-0.499234 	1.139216  	-6.985600 
115.000000	-0.522291 	1.120004  	-6.985600 
116.000000	-0.545348 	1.100792  	-6.985600 
117.000000	-0.568808 	1.079670  	-6.985600 
118.000000	-0.592336 	1.058229  	-6.985600 
119.000000	-0.615864 	1.036788  	-6.985600 
120.000000	-0.639392 	1.015347  	-6.985600 
121.000000	-0.663186 	0.993030  	-6.985600 
122.000000	-0.687246 	0.969837  	-6.985600 
123.000000	-0.711307 	0.946644  	-6.985600 
124.000000	-0.735367 	0.923450  	-6.985600 
125.000000	-0.759536 	0.900081  	-6.985600 
126.000000	-0.784359 	0.875654  	-6.985600 
127.000000	-0.809181 	0.851227  	-6.985600 
128.000000	-0.834004 	0.826799  	-6.985600 
129.000000	-0.858826 	0.802372  	-6.985600 
130.000000	-0.884605 	0.777406  	-6.985600 
131.000000	-0.910644 	0.752292  	-6.985600 
132.000000	-0.936683 	0.727178  	-6.985600 
133.000000	-0.962723 	0.702064  	-6.985600 
134.000000	-0.989614 	0.676898  	-6.985600 
135.000000	-1.017642 	0.651662  	-6.985600 
136.000000	-1.045670 	0.626426  	-6.985600 
137.000000	-1.073697 	0.601190  	-6.985600 
138.000000	-1.101956 	0.575985  	-6.985600 
139.000000	-1.133211 	0.551195  	-6.985600 
140.000000	-1.164467 	0.526405  	-6.985600 
141.000000	-1.195723 	0.501615  	-6.985600 
142.000000	-1.226979 	0.476824  	-6.985600 
143.000000	-1.261952 	0.452752  	-6.985600 
144.000000	-1.298411 	0.428967  	-6.985600 
145.000000	-1.334871 	0.405182  	-6.985600 
146.000000	-1.371330 	0.381397  	-6.985600 
147.000000	-1.410798 	0.358162  	-6.985600 
148.000000	-1.455681 	0.335919  	-6.985600 
149.000000	-1.500564 	0.313676  	-6.985600 
150.000000	-1.545447 	0.291433  	-6.985600 
151.000000	-1.590330 	0.269190  	-6.985600 
152.000000	-1.535491 	0.248394  	-6.985600 
153.000000	-1.480652 	0.227598  	-6.985600 
154.000000	-1.425813 	0.207805  	-6.985600 
155.000000	-1.370974 	0.188089  	-6.985600 
156.000000	-1.316135 	0.169386  	-6.985600 
157.000000	-1.261296 	0.150851  	-6.985600 
158.000000	-1.206457 	0.133319  	-6.985600 
159.000000	-1.151618 	0.116060  	-6.985600 
160.000000	-1.096779 	0.099776  	-6.985600 
161.000000	-1.041940 	0.083882  	-6.985600 
162.000000	-0.987101 	0.068918  	-6.985600 
163.000000	-0.932262 	0.054469  	-6.985600 
164.000000	-0.877423 	0.040890  	-6.985600 
165.000000	-0.822584 	0.027962  	-6.985600 
166.000000	-0.767746 	0.016550  	-6.985600 
167.000000	-0.712907 	0.006655  	-6.985600 
168.000000	-0.658068 	0.001000  	-6.985600 
169.000000	-0.603229 	0.001000  	-6.985600 
170.000000	-0.548390 	0.001000  	-6.985600 
171.000000	-0.493551 	0.001000  	-6.985600 
172.000000	-0.438712 	0.001000  	-6.985600 
173.000000	-0.383873 	0.001000  	-6.985600 
174.000000	-0.329034 	0.001000  	-6.985600 
175.000000	-0.274195 	0.001000  	-6.985600 
176.000000	-0.219356 	0.001000  	-6.985600 
177.000000	-0.164517 	0.001000  	-6.985600 
178.000000	-0.109678 	0.001000  	-6.985600 
179.000000	-0.054839 	0.001000  	-6.985600 
180.000000	0.000000  	0.001000  	-6.985600 
! ------------------------------------------------------------------------------
! data for table	10        
! ------------------------------------------------------------------------------
  1.100000  	Re           ! Reynolds number in millions
  0.000000  	UserProp     ! User property (control) setting
Flase           InclUAdata   ! Is unsteady aerodynamics data included in this table? If TRUE, then include UA coefficients below this line. Any missing coefficients will be calculated internally.
! Table of aerodynamics coefficients
  361       	NumAlf       ! Number of data lines in the following table
!Alpha      Cl          Cd          Cm/Cp
!(deg)      (-)         (-)         (-)
-180.000000	0.000000  	0.001000  	-7.003100 
-179.000000	0.054933  	0.001000  	-7.003100 
-178.000000	0.109866  	0.001000  	-7.003100 
-177.000000	0.164799  	0.001000  	-7.003100 
-176.000000	0.219732  	0.001000  	-7.003100 
-175.000000	0.274666  	0.001000  	-7.003100 
-174.000000	0.329599  	0.001000  	-7.003100 
-173.000000	0.384532  	0.001000  	-7.003100 
-172.000000	0.439465  	0.001000  	-7.003100 
-171.000000	0.494398  	0.001000  	-7.003100 
-170.000000	0.549331  	0.001000  	-7.003100 
-169.000000	0.604264  	0.001000  	-7.003100 
-168.000000	0.659197  	0.001000  	-7.003100 
-167.000000	0.714130  	0.006523  	-7.003100 
-166.000000	0.769063  	0.016189  	-7.003100 
-165.000000	0.823997  	0.027487  	-7.003100 
-164.000000	0.878930  	0.040417  	-7.003100 
-163.000000	0.933863  	0.053999  	-7.003100 
-162.000000	0.988796  	0.068450  	-7.003100 
-161.000000	1.043729  	0.083417  	-7.003100 
-160.000000	1.098662  	0.099314  	-7.003100 
-159.000000	1.153595  	0.115601  	-7.003100 
-158.000000	1.208528  	0.132863  	-7.003100 
-157.000000	1.263461  	0.150399  	-7.003100 
-156.000000	1.318394  	0.168937  	-7.003100 
-155.000000	1.373328  	0.187644  	-7.003100 
-154.000000	1.428261  	0.207363  	-7.003100 
-153.000000	1.483194  	0.227160  	-7.003100 
-152.000000	1.538127  	0.247960  	-7.003100 
-151.000000	1.593060  	0.268760  	-7.003100 
-150.000000	1.548054  	0.291007  	-7.003100 
-149.000000	1.503049  	0.313255  	-7.003100 
-148.000000	1.458043  	0.335502  	-7.003100 
-147.000000	1.413037  	0.357750  	-7.003100 
-146.000000	1.373463  	0.380989  	-7.003100 
-145.000000	1.336905  	0.404779  	-7.003100 
-144.000000	1.300348  	0.428569  	-7.003100 
-143.000000	1.263791  	0.452360  	-7.003100 
-142.000000	1.228726  	0.476437  	-7.003100 
-141.000000	1.197391  	0.501233  	-7.003100 
-140.000000	1.166055  	0.526028  	-7.003100 
-139.000000	1.134720  	0.550824  	-7.003100 
-138.000000	1.103384  	0.575620  	-7.003100 
-137.000000	1.075059  	0.600830  	-7.003100 
-136.000000	1.046965  	0.626072  	-7.003100 
-135.000000	1.018871  	0.651314  	-7.003100 
-134.000000	0.990777  	0.676556  	-7.003100 
-133.000000	0.963825  	0.701729  	-7.003100 
-132.000000	0.937731  	0.726849  	-7.003100 
-131.000000	0.911636  	0.751969  	-7.003100 
-130.000000	0.885541  	0.777090  	-7.003100 
-129.000000	0.859709  	0.802063  	-7.003100 
-128.000000	0.834840  	0.826497  	-7.003100 
-127.000000	0.809970  	0.850931  	-7.003100 
-126.000000	0.785101  	0.875365  	-7.003100 
-125.000000	0.760232  	0.899799  	-7.003100 
-124.000000	0.736022  	0.923176  	-7.003100 
-123.000000	0.711922  	0.946376  	-7.003100 
-122.000000	0.687822  	0.969576  	-7.003100 
-121.000000	0.663723  	0.992777  	-7.003100 
-120.000000	0.639892  	1.015101  	-7.003100 
-119.000000	0.616332  	1.036550  	-7.003100 
-118.000000	0.592771  	1.057998  	-7.003100 
-117.000000	0.569211  	1.079447  	-7.003100 
-116.000000	0.545718  	1.100577  	-7.003100 
-115.000000	0.522634  	1.119797  	-7.003100 
-114.000000	0.499551  	1.139017  	-7.003100 
-113.000000	0.476467  	1.158236  	-7.003100 
-112.000000	0.453383  	1.177456  	-7.003100 
-111.000000	0.430726  	1.194591  	-7.003100 
-110.000000	0.408184  	1.211158  	-7.003100 
-109.000000	0.385643  	1.227724  	-7.003100 
-108.000000	0.363102  	1.244290  	-7.003100 
-107.000000	0.340863  	1.259564  	-7.003100 
-106.000000	0.319030  	1.273114  	-7.003100 
-105.000000	0.297196  	1.286664  	-7.003100 
-104.000000	0.275362  	1.300215  	-7.003100 
-103.000000	0.253596  	1.313528  	-7.003100 
-102.000000	0.232712  	1.323769  	-7.003100 
-101.000000	0.211828  	1.334011  	-7.003100 
-100.000000	0.190944  	1.344252  	-7.003100 
-99.000000	0.170060  	1.354493  	-7.003100 
-98.000000	0.150071  	1.362216  	-7.003100 
-97.000000	0.130440  	1.368932  	-7.003100 
-96.000000	0.110809  	1.375648  	-7.003100 
-95.000000	0.091178  	1.382364  	-7.003100 
-94.000000	0.072119  	1.387773  	-7.003100 
-93.000000	0.054089  	1.390830  	-7.003100 
-92.000000	0.036060  	1.393887  	-7.003100 
-91.000000	0.018030  	1.396943  	-7.003100 
-90.000000	0.000000  	1.400000  	-7.003100 
-89.000000	-0.018030 	1.396943  	-7.003100 
-88.000000	-0.036060 	1.393887  	-7.003100 
-87.000000	-0.054089 	1.390830  	-7.003100 
-86.000000	-0.072119 	1.387773  	-7.003100 
-85.000000	-0.091178 	1.382364  	-7.003100 
-84.000000	-0.110809 	1.375648  	-7.003100 
-83.000000	-0.130440 	1.368932  	-7.003100 
-82.000000	-0.150071 	1.362216  	-7.003100 
-81.000000	-0.170060 	1.354493  	-7.003100 
-80.000000	-0.190944 	1.344252  	-7.003100 
-79.000000	-0.211828 	1.334011  	-7.003100 
-78.000000	-0.232712 	1.323769  	-7.003100 
-77.000000	-0.253596 	1.313528  	-7.003100 
-76.000000	-0.275362 	1.300215  	-7.003100 
-75.000000	-0.297196 	1.286664  	-7.003100 
-74.000000	-0.319030 	1.273114  	-7.003100 
-73.000000	-0.340863 	1.259564  	-7.003100 
-72.000000	-0.363102 	1.244290  	-7.003100 
-71.000000	-0.385643 	1.227724  	-7.003100 
-70.000000	-0.408184 	1.211158  	-7.003100 
-69.000000	-0.430726 	1.194591  	-7.003100 
-68.000000	-0.453383 	1.177456  	-7.003100 
-67.000000	-0.476467 	1.158236  	-7.003100 
-66.000000	-0.499551 	1.139017  	-7.003100 
-65.000000	-0.522634 	1.119797  	-7.003100 
-64.000000	-0.545718 	1.100577  	-7.003100 
-63.000000	-0.569211 	1.079447  	-7.003100 
-62.000000	-0.592771 	1.057998  	-7.003100 
-61.000000	-0.616332 	1.036550  	-7.003100 
-60.000000	-0.639892 	1.015101  	-7.003100 
-59.000000	-0.663723 	0.992777  	-7.003100 
-58.000000	-0.687822 	0.969576  	-7.003100 
-57.000000	-0.711922 	0.946376  	-7.003100 
-56.000000	-0.736022 	0.923176  	-7.003100 
-55.000000	-0.760232 	0.899799  	-7.003100 
-54.000000	-0.785101 	0.875365  	-7.003100 
-53.000000	-0.809970 	0.850931  	-7.003100 
-52.000000	-0.834840 	0.826497  	-7.003100 
-51.000000	-0.859709 	0.802063  	-7.003100 
-50.000000	-0.885541 	0.777090  	-7.003100 
-49.000000	-0.911636 	0.751969  	-7.003100 
-48.000000	-0.937731 	0.726849  	-7.003100 
-47.000000	-0.963825 	0.701729  	-7.003100 
-46.000000	-0.990777 	0.676556  	-7.003100 
-45.000000	-1.018871 	0.651314  	-7.003100 
-44.000000	-1.046965 	0.626072  	-7.003100 
-43.000000	-1.075059 	0.600830  	-7.003100 
-42.000000	-1.103384 	0.575620  	-7.003100 
-41.000000	-1.134720 	0.550824  	-7.003100 
-40.000000	-1.166055 	0.526028  	-7.003100 
-39.000000	-1.197391 	0.501233  	-7.003100 
-38.000000	-1.228726 	0.476437  	-7.003100 
-37.000000	-1.263791 	0.452360  	-7.003100 
-36.000000	-1.300348 	0.428569  	-7.003100 
-35.000000	-1.336905 	0.404779  	-7.003100 
-34.000000	-1.373463 	0.380989  	-7.003100 
-33.000000	-1.413037 	0.357750  	-7.003100 
-32.000000	-1.458043 	0.335502  	-7.003100 
-31.000000	-1.503049 	0.313255  	-7.003100 
-30.000000	-1.548054 	0.291007  	-7.003100 
-29.000000	-1.593060 	0.268760  	-7.003100 
-28.000000	-1.544546 	0.256528  	-7.003100 
-27.000000	-1.496033 	0.244297  	-7.003100 
-26.000000	-1.447519 	0.232065  	-7.003100 
-25.000000	-1.399005 	0.219834  	-7.003100 
-24.000000	-1.350492 	0.207602  	-7.003100 
-23.000000	-1.301978 	0.195371  	-7.003100 
-22.000000	-1.253464 	0.183139  	-7.003100 
-21.000000	-1.204951 	0.170907  	-7.003100 
-20.000000	-1.156437 	0.158676  	-7.003100 
-19.000000	-1.107923 	0.146444  	-7.003100 
-18.000000	-1.059409 	0.134213  	-7.003100 
-17.000000	-1.010896 	0.121981  	-7.003100 
-16.000000	-0.962382 	0.109749  	-7.003100 
-15.000000	-0.913868 	0.097518  	-7.003100 
-14.000000	-0.865355 	0.085286  	-7.003100 
-13.000000	-0.816841 	0.073055  	-7.003100 
-12.000000	-0.768327 	0.060823  	-5.747311 
-11.000000	-0.719814 	0.048592  	-3.989205 
-10.000000	-0.671300 	0.036360  	-2.231100 
-9.000000 	-0.525300 	0.036620  	-2.080400 
-8.000000 	-0.380600 	0.036900  	-1.936000 
-7.000000 	-0.236200 	0.037180  	-1.796100 
-6.000000 	-0.091600 	0.037490  	-1.659400 
-5.000000 	0.051400  	0.037780  	-1.528100 
-4.000000 	0.194200  	0.038080  	-1.399300 
-3.000000 	0.336600  	0.038380  	-1.276400 
-2.000000 	0.477400  	0.038640  	-1.342800 
-1.000000 	0.618600  	0.038930  	-1.465300 
0.000000  	0.757900  	0.039220  	-1.591700 
1.000000  	0.896500  	0.039520  	-1.720800 
2.000000  	1.034400  	0.039820  	-1.856600 
3.000000  	1.170900  	0.040120  	-1.996100 
4.000000  	1.305500  	0.040500  	-2.140300 
5.000000  	1.440000  	0.040750  	-2.292700 
6.000000  	1.571300  	0.041230  	-2.450900 
7.000000  	1.703300  	0.041520  	-2.621800 
8.000000  	1.830500  	0.042140  	-2.803500 
9.000000  	1.958300  	0.042560  	-3.003700 
10.000000 	2.081200  	0.043330  	-3.221200 
11.000000 	2.200100  	0.044310  	-3.456600 
12.000000 	2.314900  	0.045430  	-3.714900 
13.000000 	2.417600  	0.047370  	-3.986200 
14.000000 	2.462300  	0.053100  	-4.208300 
15.000000 	2.453400  	0.064010  	-4.369700 
16.000000 	2.446700  	0.076570  	-4.541200 
17.000000 	2.416400  	0.092990  	-4.676900 
18.000000 	2.389400  	0.109980  	-4.815300 
19.000000 	2.350100  	0.128800  	-4.928800 
20.000000 	2.323400  	0.146170  	-5.065700 
21.000000 	2.297000  	0.163500  	-5.233500 
22.000000 	2.269800  	0.180980  	-5.394500 
23.000000 	2.263700  	0.195390  	-5.612300 
24.000000 	2.259300  	0.209290  	-5.822500 
25.000000 	2.260900  	0.222080  	-6.056500 
26.000000 	2.262200  	0.234660  	-6.283200 
27.000000 	2.266733  	0.246027  	-6.523167 
28.000000 	2.271267  	0.257393  	-6.763133 
29.000000 	2.275800  	0.268760  	-7.003100 
30.000000 	2.211506  	0.291007  	-7.003100 
31.000000 	2.147212  	0.313255  	-7.003100 
32.000000 	2.082918  	0.335502  	-7.003100 
33.000000 	2.018624  	0.357750  	-7.003100 
34.000000 	1.962089  	0.380989  	-7.003100 
35.000000 	1.909865  	0.404779  	-7.003100 
36.000000 	1.857641  	0.428569  	-7.003100 
37.000000 	1.805416  	0.452360  	-7.003100 
38.000000 	1.755323  	0.476437  	-7.003100 
39.000000 	1.710558  	0.501233  	-7.003100 
40.000000 	1.665793  	0.526028  	-7.003100 
41.000000 	1.621028  	0.550824  	-7.003100 
42.000000 	1.576263  	0.575620  	-7.003100 
43.000000 	1.535798  	0.600830  	-7.003100 
44.000000 	1.495664  	0.626072  	-7.003100 
45.000000 	1.455530  	0.651314  	-7.003100 
46.000000 	1.415396  	0.676556  	-7.003100 
47.000000 	1.376894  	0.701729  	-7.003100 
48.000000 	1.339615  	0.726849  	-7.003100 
49.000000 	1.302337  	0.751969  	-7.003100 
50.000000 	1.265059  	0.777090  	-7.003100 
51.000000 	1.228155  	0.802063  	-7.003100 
52.000000 	1.192628  	0.826497  	-7.003100 
53.000000 	1.157100  	0.850931  	-7.003100 
54.000000 	1.121573  	0.875365  	-7.003100 
55.000000 	1.086045  	0.899799  	-7.003100 
56.000000 	1.051460  	0.923176  	-7.003100 
57.000000 	1.017032  	0.946376  	-7.003100 
58.000000 	0.982603  	0.969576  	-7.003100 
59.000000 	0.948175  	0.992777  	-7.003100 
60.000000 	0.914132  	1.015101  	-7.003100 
61.000000 	0.880474  	1.036550  	-7.003100 
62.000000 	0.846816  	1.057998  	-7.003100 
63.000000 	0.813158  	1.079447  	-7.003100 
64.000000 	0.779597  	1.100577  	-7.003100 
65.000000 	0.746621  	1.119797  	-7.003100 
66.000000 	0.713644  	1.139017  	-7.003100 
67.000000 	0.680667  	1.158236  	-7.003100 
68.000000 	0.647690  	1.177456  	-7.003100 
69.000000 	0.615322  	1.194591  	-7.003100 
70.000000 	0.583120  	1.211158  	-7.003100 
71.000000 	0.550918  	1.227724  	-7.003100 
72.000000 	0.518717  	1.244290  	-7.003100 
73.000000 	0.486948  	1.259564  	-7.003100 
74.000000 	0.455756  	1.273114  	-7.003100 
75.000000 	0.424565  	1.286664  	-7.003100 
76.000000 	0.393374  	1.300215  	-7.003100 
77.000000 	0.362280  	1.313528  	-7.003100 
78.000000 	0.332445  	1.323769  	-7.003100 
79.000000 	0.302611  	1.334011  	-7.003100 
80.000000 	0.272777  	1.344252  	-7.003100 
81.000000 	0.242943  	1.354493  	-7.003100 
82.000000 	0.214388  	1.362216  	-7.003100 
83.000000 	0.186343  	1.368932  	-7.003100 
84.000000 	0.158299  	1.375648  	-7.003100 
85.000000 	0.130255  	1.382364  	-7.003100 
86.000000 	0.103028  	1.387773  	-7.003100 
87.000000 	0.077271  	1.390830  	-7.003100 
88.000000 	0.051514  	1.393887  	-7.003100 
89.000000 	0.025757  	1.396943  	-7.003100 
90.000000 	0.000000  	1.400000  	-7.003100 
91.000000 	-0.018030 	1.396943  	-7.003100 
92.000000 	-0.036060 	1.393887  	-7.003100 
93.000000 	-0.054089 	1.390830  	-7.003100 
94.000000 	-0.072119 	1.387773  	-7.003100 
95.000000 	-0.091178 	1.382364  	-7.003100 
96.000000 	-0.110809 	1.375648  	-7.003100 
97.000000 	-0.130440 	1.368932  	-7.003100 
98.000000 	-0.150071 	1.362216  	-7.003100 
99.000000 	-0.170060 	1.354493  	-7.003100 
100.000000	-0.190944 	1.344252  	-7.003100 
101.000000	-0.211828 	1.334011  	-7.003100 
102.000000	-0.232712 	1.323769  	-7.003100 
103.000000	-0.253596 	1.313528  	-7.003100 
104.000000	-0.275362 	1.300215  	-7.003100 
105.000000	-0.297196 	1.286664  	-7.003100 
106.000000	-0.319030 	1.273114  	-7.003100 
107.000000	-0.340863 	1.259564  	-7.003100 
108.000000	-0.363102 	1.244290  	-7.003100 
109.000000	-0.385643 	1.227724  	-7.003100 
110.000000	-0.408184 	1.211158  	-7.003100 
111.000000	-0.430726 	1.194591  	-7.003100 
112.000000	-0.453383 	1.177456  	-7.003100 
113.000000	-0.476467 	1.158236  	-7.003100 
114.000000	-0.499551 	1.139017  	-7.003100 
115.000000	-0.522634 	1.119797  	-7.003100 
116.000000	-0.545718 	1.100577  	-7.003100 
117.000000	-0.569211 	1.079447  	-7.003100 
118.000000	-0.592771 	1.057998  	-7.003100 
119.000000	-0.616332 	1.036550  	-7.003100 
120.000000	-0.639892 	1.015101  	-7.003100 
121.000000	-0.663723 	0.992777  	-7.003100 
122.000000	-0.687822 	0.969576  	-7.003100 
123.000000	-0.711922 	0.946376  	-7.003100 
124.000000	-0.736022 	0.923176  	-7.003100 
125.000000	-0.760232 	0.899799  	-7.003100 
126.000000	-0.785101 	0.875365  	-7.003100 
127.000000	-0.809970 	0.850931  	-7.003100 
128.000000	-0.834840 	0.826497  	-7.003100 
129.000000	-0.859709 	0.802063  	-7.003100 
130.000000	-0.885541 	0.777090  	-7.003100 
131.000000	-0.911636 	0.751969  	-7.003100 
132.000000	-0.937731 	0.726849  	-7.003100 
133.000000	-0.963825 	0.701729  	-7.003100 
134.000000	-0.990777 	0.676556  	-7.003100 
135.000000	-1.018871 	0.651314  	-7.003100 
136.000000	-1.046965 	0.626072  	-7.003100 
137.000000	-1.075059 	0.600830  	-7.003100 
138.000000	-1.103384 	0.575620  	-7.003100 
139.000000	-1.134720 	0.550824  	-7.003100 
140.000000	-1.166055 	0.526028  	-7.003100 
141.000000	-1.197391 	0.501233  	-7.003100 
142.000000	-1.228726 	0.476437  	-7.003100 
143.000000	-1.263791 	0.452360  	-7.003100 
144.000000	-1.300348 	0.428569  	-7.003100 
145.000000	-1.336905 	0.404779  	-7.003100 
146.000000	-1.373463 	0.380989  	-7.003100 
147.000000	-1.413037 	0.357750  	-7.003100 
148.000000	-1.458043 	0.335502  	-7.003100 
149.000000	-1.503049 	0.313255  	-7.003100 
150.000000	-1.548054 	0.291007  	-7.003100 
151.000000	-1.593060 	0.268760  	-7.003100 
152.000000	-1.538127 	0.247960  	-7.003100 
153.000000	-1.483194 	0.227160  	-7.003100 
154.000000	-1.428261 	0.207363  	-7.003100 
155.000000	-1.373328 	0.187644  	-7.003100 
156.000000	-1.318394 	0.168937  	-7.003100 
157.000000	-1.263461 	0.150399  	-7.003100 
158.000000	-1.208528 	0.132863  	-7.003100 
159.000000	-1.153595 	0.115601  	-7.003100 
160.000000	-1.098662 	0.099314  	-7.003100 
161.000000	-1.043729 	0.083417  	-7.003100 
162.000000	-0.988796 	0.068450  	-7.003100 
163.000000	-0.933863 	0.053999  	-7.003100 
164.000000	-0.878930 	0.040417  	-7.003100 
165.000000	-0.823997 	0.027487  	-7.003100 
166.000000	-0.769063 	0.016189  	-7.003100 
167.000000	-0.714130 	0.006523  	-7.003100 
168.000000	-0.659197 	0.001000  	-7.003100 
169.000000	-0.604264 	0.001000  	-7.003100 
170.000000	-0.549331 	0.001000  	-7.003100 
171.000000	-0.494398 	0.001000  	-7.003100 
172.000000	-0.439465 	0.001000  	-7.003100 
173.000000	-0.384532 	0.001000  	-7.003100 
174.000000	-0.329599 	0.001000  	-7.003100 
175.000000	-0.274666 	0.001000  	-7.003100 
176.000000	-0.219732 	0.001000  	-7.003100 
177.000000	-0.164799 	0.001000  	-7.003100 
178.000000	-0.109866 	0.001000  	-7.003100 
179.000000	-0.054933 	0.001000  	-7.003100 
180.000000	0.000000  	0.001000  	-7.003100 
! ------------------------------------------------------------------------------
! data for table	11        
! ------------------------------------------------------------------------------
  1.200000  	Re           ! Reynolds number in millions
  0.000000  	UserProp     ! User property (control) setting
Flase           InclUAdata   ! Is unsteady aerodynamics data included in this table? If TRUE, then include UA coefficients below this line. Any missing coefficients will be calculated internally.
! Table of aerodynamics coefficients
  361       	NumAlf       ! Number of data lines in the following table
!Alpha      Cl          Cd          Cm/Cp
!(deg)      (-)         (-)         (-)
-180.000000	0.000000  	0.001000  	-7.039700 
-179.000000	0.055148  	0.001000  	-7.039700 
-178.000000	0.110296  	0.001000  	-7.039700 
-177.000000	0.165444  	0.001000  	-7.039700 
-176.000000	0.220592  	0.001000  	-7.039700 
-175.000000	0.275740  	0.001000  	-7.039700 
-174.000000	0.330888  	0.001000  	-7.039700 
-173.000000	0.386036  	0.001000  	-7.039700 
-172.000000	0.441183  	0.001000  	-7.039700 
-171.000000	0.496331  	0.001000  	-7.039700 
-170.000000	0.551479  	0.001000  	-7.039700 
-169.000000	0.606627  	0.001000  	-7.039700 
-168.000000	0.661775  	0.001000  	-7.039700 
-167.000000	0.716923  	0.006139  	-7.039700 
-166.000000	0.772071  	0.015131  	-7.039700 
-165.000000	0.827219  	0.026096  	-7.039700 
-164.000000	0.882367  	0.039033  	-7.039700 
-163.000000	0.937515  	0.052622  	-7.039700 
-162.000000	0.992663  	0.067080  	-7.039700 
-161.000000	1.047811  	0.082055  	-7.039700 
-160.000000	1.102959  	0.097961  	-7.039700 
-159.000000	1.158107  	0.114257  	-7.039700 
-158.000000	1.213254  	0.131528  	-7.039700 
-157.000000	1.268402  	0.149073  	-7.039700 
-156.000000	1.323550  	0.167621  	-7.039700 
-155.000000	1.378698  	0.186338  	-7.039700 
-154.000000	1.433846  	0.206069  	-7.039700 
-153.000000	1.488994  	0.225877  	-7.039700 
-152.000000	1.544142  	0.246688  	-7.039700 
-151.000000	1.599290  	0.267500  	-7.039700 
-150.000000	1.554004  	0.289760  	-7.039700 
-149.000000	1.508718  	0.312021  	-7.039700 
-148.000000	1.463433  	0.334281  	-7.039700 
-147.000000	1.418147  	0.356542  	-7.039700 
-146.000000	1.378329  	0.379795  	-7.039700 
-145.000000	1.341549  	0.403600  	-7.039700 
-144.000000	1.304769  	0.427405  	-7.039700 
-143.000000	1.267990  	0.451210  	-7.039700 
-142.000000	1.232713  	0.475302  	-7.039700 
-141.000000	1.201196  	0.500114  	-7.039700 
-140.000000	1.169679  	0.524926  	-7.039700 
-139.000000	1.138161  	0.549738  	-7.039700 
-138.000000	1.106644  	0.574549  	-7.039700 
-137.000000	1.078165  	0.599777  	-7.039700 
-136.000000	1.049921  	0.625037  	-7.039700 
-135.000000	1.021676  	0.650296  	-7.039700 
-134.000000	0.993431  	0.675556  	-7.039700 
-133.000000	0.966342  	0.700747  	-7.039700 
-132.000000	0.940121  	0.725886  	-7.039700 
-131.000000	0.913899  	0.751025  	-7.039700 
-130.000000	0.887678  	0.776164  	-7.039700 
-129.000000	0.861723  	0.801156  	-7.039700 
-128.000000	0.836747  	0.825610  	-7.039700 
-127.000000	0.811771  	0.850065  	-7.039700 
-126.000000	0.786795  	0.874519  	-7.039700 
-125.000000	0.761819  	0.898973  	-7.039700 
-124.000000	0.737517  	0.922370  	-7.039700 
-123.000000	0.713327  	0.945592  	-7.039700 
-122.000000	0.689138  	0.968813  	-7.039700 
-121.000000	0.664948  	0.992035  	-7.039700 
-120.000000	0.641035  	1.014381  	-7.039700 
-119.000000	0.617400  	1.035852  	-7.039700 
-118.000000	0.593764  	1.057322  	-7.039700 
-117.000000	0.570129  	1.078793  	-7.039700 
-116.000000	0.546563  	1.099945  	-7.039700 
-115.000000	0.523418  	1.119188  	-7.039700 
-114.000000	0.500273  	1.138431  	-7.039700 
-113.000000	0.477127  	1.157674  	-7.039700 
-112.000000	0.453982  	1.176917  	-7.039700 
-111.000000	0.431273  	1.194075  	-7.039700 
-110.000000	0.408682  	1.210665  	-7.039700 
-109.000000	0.386092  	1.227255  	-7.039700 
-108.000000	0.363501  	1.243845  	-7.039700 
-107.000000	0.341219  	1.259143  	-7.039700 
-106.000000	0.319347  	1.272717  	-7.039700 
-105.000000	0.297476  	1.286292  	-7.039700 
-104.000000	0.275604  	1.299866  	-7.039700 
-103.000000	0.253801  	1.313204  	-7.039700 
-102.000000	0.232891  	1.323470  	-7.039700 
-101.000000	0.211980  	1.333736  	-7.039700 
-100.000000	0.191070  	1.344002  	-7.039700 
-99.000000	0.170160  	1.354267  	-7.039700 
-98.000000	0.150152  	1.362016  	-7.039700 
-97.000000	0.130505  	1.368757  	-7.039700 
-96.000000	0.110858  	1.375498  	-7.039700 
-95.000000	0.091211  	1.382239  	-7.039700 
-94.000000	0.072140  	1.387673  	-7.039700 
-93.000000	0.054105  	1.390755  	-7.039700 
-92.000000	0.036070  	1.393836  	-7.039700 
-91.000000	0.018035  	1.396918  	-7.039700 
-90.000000	0.000000  	1.400000  	-7.039700 
-89.000000	-0.018035 	1.396918  	-7.039700 
-88.000000	-0.036070 	1.393836  	-7.039700 
-87.000000	-0.054105 	1.390755  	-7.039700 
-86.000000	-0.072140 	1.387673  	-7.039700 
-85.000000	-0.091211 	1.382239  	-7.039700 
-84.000000	-0.110858 	1.375498  	-7.039700 
-83.000000	-0.130505 	1.368757  	-7.039700 
-82.000000	-0.150152 	1.362016  	-7.039700 
-81.000000	-0.170160 	1.354267  	-7.039700 
-80.000000	-0.191070 	1.344002  	-7.039700 
-79.000000	-0.211980 	1.333736  	-7.039700 
-78.000000	-0.232891 	1.323470  	-7.039700 
-77.000000	-0.253801 	1.313204  	-7.039700 
-76.000000	-0.275604 	1.299866  	-7.039700 
-75.000000	-0.297476 	1.286292  	-7.039700 
-74.000000	-0.319347 	1.272717  	-7.039700 
-73.000000	-0.341219 	1.259143  	-7.039700 
-72.000000	-0.363501 	1.243845  	-7.039700 
-71.000000	-0.386092 	1.227255  	-7.039700 
-70.000000	-0.408682 	1.210665  	-7.039700 
-69.000000	-0.431273 	1.194075  	-7.039700 
-68.000000	-0.453982 	1.176917  	-7.039700 
-67.000000	-0.477127 	1.157674  	-7.039700 
-66.000000	-0.500273 	1.138431  	-7.039700 
-65.000000	-0.523418 	1.119188  	-7.039700 
-64.000000	-0.546563 	1.099945  	-7.039700 
-63.000000	-0.570129 	1.078793  	-7.039700 
-62.000000	-0.593764 	1.057322  	-7.039700 
-61.000000	-0.617400 	1.035852  	-7.039700 
-60.000000	-0.641035 	1.014381  	-7.039700 
-59.000000	-0.664948 	0.992035  	-7.039700 
-58.000000	-0.689138 	0.968813  	-7.039700 
-57.000000	-0.713327 	0.945592  	-7.039700 
-56.000000	-0.737517 	0.922370  	-7.039700 
-55.000000	-0.761819 	0.898973  	-7.039700 
-54.000000	-0.786795 	0.874519  	-7.039700 
-53.000000	-0.811771 	0.850065  	-7.039700 
-52.000000	-0.836747 	0.825610  	-7.039700 
-51.000000	-0.861723 	0.801156  	-7.039700 
-50.000000	-0.887678 	0.776164  	-7.039700 
-49.000000	-0.913899 	0.751025  	-7.039700 
-48.000000	-0.940121 	0.725886  	-7.039700 
-47.000000	-0.966342 	0.700747  	-7.039700 
-46.000000	-0.993431 	0.675556  	-7.039700 
-45.000000	-1.021676 	0.650296  	-7.039700 
-44.000000	-1.049921 	0.625037  	-7.039700 
-43.000000	-1.078165 	0.599777  	-7.039700 
-42.000000	-1.106644 	0.574549  	-7.039700 
-41.000000	-1.138161 	0.549738  	-7.039700 
-40.000000	-1.169679 	0.524926  	-7.039700 
-39.000000	-1.201196 	0.500114  	-7.039700 
-38.000000	-1.232713 	0.475302  	-7.039700 
-37.000000	-1.267990 	0.451210  	-7.039700 
-36.000000	-1.304769 	0.427405  	-7.039700 
-35.000000	-1.341549 	0.403600  	-7.039700 
-34.000000	-1.378329 	0.379795  	-7.039700 
-33.000000	-1.418147 	0.356542  	-7.039700 
-32.000000	-1.463433 	0.334281  	-7.039700 
-31.000000	-1.508718 	0.312021  	-7.039700 
-30.000000	-1.554004 	0.289760  	-7.039700 
-29.000000	-1.599290 	0.267500  	-7.039700 
-28.000000	-1.550364 	0.255333  	-7.039700 
-27.000000	-1.501438 	0.243166  	-7.039700 
-26.000000	-1.452513 	0.230999  	-7.039700 
-25.000000	-1.403587 	0.218833  	-7.039700 
-24.000000	-1.354661 	0.206666  	-7.039700 
-23.000000	-1.305735 	0.194499  	-7.039700 
-22.000000	-1.256809 	0.182332  	-7.039700 
-21.000000	-1.207884 	0.170165  	-7.039700 
-20.000000	-1.158958 	0.157998  	-7.039700 
-19.000000	-1.110032 	0.145832  	-7.039700 
-18.000000	-1.061106 	0.133665  	-7.039700 
-17.000000	-1.012181 	0.121498  	-7.039700 
-16.000000	-0.963255 	0.109331  	-7.039700 
-15.000000	-0.914329 	0.097164  	-7.039700 
-14.000000	-0.865403 	0.084997  	-7.039700 
-13.000000	-0.816477 	0.072831  	-7.039700 
-12.000000	-0.767552 	0.060664  	-5.774305 
-11.000000	-0.718626 	0.048497  	-4.002753 
-10.000000	-0.669700 	0.036330  	-2.231200 
-9.000000 	-0.524050 	0.036595  	-2.083800 
-8.000000 	-0.378400 	0.036860  	-1.936400 
-7.000000 	-0.234600 	0.037160  	-1.795900 
-6.000000 	-0.089700 	0.037490  	-1.660000 
-5.000000 	0.052850  	0.037770  	-1.529550 
-4.000000 	0.195400  	0.038050  	-1.399100 
-3.000000 	0.338600  	0.038360  	-1.276500 
-2.000000 	0.479400  	0.038610  	-1.344400 
-1.000000 	0.620400  	0.038900  	-1.466800 
0.000000  	0.759200  	0.039180  	-1.593000 
1.000000  	0.898200  	0.039480  	-1.722400 
2.000000  	1.036000  	0.039750  	-1.858300 
3.000000  	1.172900  	0.040010  	-1.998100 
4.000000  	1.307700  	0.040330  	-2.142700 
5.000000  	1.442300  	0.040600  	-2.295300 
6.000000  	1.574600  	0.040980  	-2.454400 
7.000000  	1.706100  	0.041310  	-2.624900 
8.000000  	1.834600  	0.041780  	-2.807900 
9.000000  	1.961800  	0.042270  	-3.007600 
10.000000 	2.086400  	0.042890  	-3.227100 
11.000000 	2.205400  	0.043830  	-3.463000 
12.000000 	2.320000  	0.045020  	-3.721200 
13.000000 	2.424000  	0.046870  	-3.994600 
14.000000 	2.498700  	0.050600  	-4.257000 
15.000000 	2.475100  	0.062030  	-4.401800 
16.000000 	2.457400  	0.075530  	-4.558600 
17.000000 	2.433700  	0.091080  	-4.707200 
18.000000 	2.401000  	0.108660  	-4.837200 
19.000000 	2.365300  	0.126970  	-4.959400 
20.000000 	2.335500  	0.144690  	-5.092200 
21.000000 	2.302300  	0.162960  	-5.246900 
22.000000 	2.284500  	0.179040  	-5.434500 
23.000000 	2.273100  	0.194150  	-5.639900 
24.000000 	2.263800  	0.208830  	-5.836500 
25.000000 	2.266400  	0.221440  	-6.074500 
26.000000 	2.272200  	0.233240  	-6.317600 
27.000000 	2.275200  	0.245220  	-6.569200 
28.000000 	2.279900  	0.256550  	-6.800500 
29.000000 	2.284700  	0.267500  	-7.039700 
30.000000 	2.220006  	0.289760  	-7.039700 
31.000000 	2.155312  	0.312021  	-7.039700 
32.000000 	2.090618  	0.334281  	-7.039700 
33.000000 	2.025924  	0.356542  	-7.039700 
34.000000 	1.969042  	0.379795  	-7.039700 
35.000000 	1.916499  	0.403600  	-7.039700 
36.000000 	1.863956  	0.427405  	-7.039700 
37.000000 	1.811414  	0.451210  	-7.039700 
38.000000 	1.761019  	0.475302  	-7.039700 
39.000000 	1.715994  	0.500114  	-7.039700 
40.000000 	1.670970  	0.524926  	-7.039700 
41.000000 	1.625945  	0.549738  	-7.039700 
42.000000 	1.580920  	0.574549  	-7.039700 
43.000000 	1.540236  	0.599777  	-7.039700 
44.000000 	1.499887  	0.625037  	-7.039700 
45.000000 	1.459537  	0.650296  	-7.039700 
46.000000 	1.419187  	0.675556  	-7.039700 
47.000000 	1.380489  	0.700747  	-7.039700 
48.000000 	1.343029  	0.725886  	-7.039700 
49.000000 	1.305570  	0.751025  	-7.039700 
50.000000 	1.268111  	0.776164  	-7.039700 
51.000000 	1.231033  	0.801156  	-7.039700 
52.000000 	1.195353  	0.825610  	-7.039700 
53.000000 	1.159673  	0.850065  	-7.039700 
54.000000 	1.123993  	0.874519  	-7.039700 
55.000000 	1.088313  	0.898973  	-7.039700 
56.000000 	1.053595  	0.922370  	-7.039700 
57.000000 	1.019039  	0.945592  	-7.039700 
58.000000 	0.984482  	0.968813  	-7.039700 
59.000000 	0.949926  	0.992035  	-7.039700 
60.000000 	0.915765  	1.014381  	-7.039700 
61.000000 	0.882000  	1.035852  	-7.039700 
62.000000 	0.848235  	1.057322  	-7.039700 
63.000000 	0.814470  	1.078793  	-7.039700 
64.000000 	0.780805  	1.099945  	-7.039700 
65.000000 	0.747740  	1.119188  	-7.039700 
66.000000 	0.714675  	1.138431  	-7.039700 
67.000000 	0.681611  	1.157674  	-7.039700 
68.000000 	0.648546  	1.176917  	-7.039700 
69.000000 	0.616104  	1.194075  	-7.039700 
70.000000 	0.583832  	1.210665  	-7.039700 
71.000000 	0.551559  	1.227255  	-7.039700 
72.000000 	0.519287  	1.243845  	-7.039700 
73.000000 	0.487455  	1.259143  	-7.039700 
74.000000 	0.456210  	1.272717  	-7.039700 
75.000000 	0.424965  	1.286292  	-7.039700 
76.000000 	0.393720  	1.299866  	-7.039700 
77.000000 	0.362573  	1.313204  	-7.039700 
78.000000 	0.332701  	1.323470  	-7.039700 
79.000000 	0.302829  	1.333736  	-7.039700 
80.000000 	0.272957  	1.344002  	-7.039700 
81.000000 	0.243085  	1.354267  	-7.039700 
82.000000 	0.214503  	1.362016  	-7.039700 
83.000000 	0.186436  	1.368757  	-7.039700 
84.000000 	0.158369  	1.375498  	-7.039700 
85.000000 	0.130302  	1.382239  	-7.039700 
86.000000 	0.103058  	1.387673  	-7.039700 
87.000000 	0.077293  	1.390755  	-7.039700 
88.000000 	0.051529  	1.393836  	-7.039700 
89.000000 	0.025764  	1.396918  	-7.039700 
90.000000 	0.000000  	1.400000  	-7.039700 
91.000000 	-0.018035 	1.396918  	-7.039700 
92.000000 	-0.036070 	1.393836  	-7.039700 
93.000000 	-0.054105 	1.390755  	-7.039700 
94.000000 	-0.072140 	1.387673  	-7.039700 
95.000000 	-0.091211 	1.382239  	-7.039700 
96.000000 	-0.110858 	1.375498  	-7.039700 
97.000000 	-0.130505 	1.368757  	-7.039700 
98.000000 	-0.150152 	1.362016  	-7.039700 
99.000000 	-0.170160 	1.354267  	-7.039700 
100.000000	-0.191070 	1.344002  	-7.039700 
101.000000	-0.211980 	1.333736  	-7.039700 
102.000000	-0.232891 	1.323470  	-7.039700 
103.000000	-0.253801 	1.313204  	-7.039700 
104.000000	-0.275604 	1.299866  	-7.039700 
105.000000	-0.297476 	1.286292  	-7.039700 
106.000000	-0.319347 	1.272717  	-7.039700 
107.000000	-0.341219 	1.259143  	-7.039700 
108.000000	-0.363501 	1.243845  	-7.039700 
109.000000	-0.386092 	1.227255  	-7.039700 
110.000000	-0.408682 	1.210665  	-7.039700 
111.000000	-0.431273 	1.194075  	-7.039700 
112.000000	-0.453982 	1.176917  	-7.039700 
113.000000	-0.477127 	1.157674  	-7.039700 
114.000000	-0.500273 	1.138431  	-7.039700 
115.000000	-0.523418 	1.119188  	-7.039700 
116.000000	-0.546563 	1.099945  	-7.039700 
117.000000	-0.570129 	1.078793  	-7.039700 
118.000000	-0.593764 	1.057322  	-7.039700 
119.000000	-0.617400 	1.035852  	-7.039700 
120.000000	-0.641035 	1.014381  	-7.039700 
121.000000	-0.664948 	0.992035  	-7.039700 
122.000000	-0.689138 	0.968813  	-7.039700 
123.000000	-0.713327 	0.945592  	-7.039700 
124.000000	-0.737517 	0.922370  	-7.039700 
125.000000	-0.761819 	0.898973  	-7.039700 
126.000000	-0.786795 	0.874519  	-7.039700 
127.000000	-0.811771 	0.850065  	-7.039700 
128.000000	-0.836747 	0.825610  	-7.039700 
129.000000	-0.861723 	0.801156  	-7.039700 
130.000000	-0.887678 	0.776164  	-7.039700 
131.000000	-0.913899 	0.751025  	-7.039700 
132.000000	-0.940121 	0.725886  	-7.039700 
133.000000	-0.966342 	0.700747  	-7.039700 
134.000000	-0.993431 	0.675556  	-7.039700 
135.000000	-1.021676 	0.650296  	-7.039700 
136.000000	-1.049921 	0.625037  	-7.039700 
137.000000	-1.078165 	0.599777  	-7.039700 
138.000000	-1.106644 	0.574549  	-7.039700 
139.000000	-1.138161 	0.549738  	-7.039700 
140.000000	-1.169679 	0.524926  	-7.039700 
141.000000	-1.201196 	0.500114  	-7.039700 
142.000000	-1.232713 	0.475302  	-7.039700 
143.000000	-1.267990 	0.451210  	-7.039700 
144.000000	-1.304769 	0.427405  	-7.039700 
145.000000	-1.341549 	0.403600  	-7.039700 
146.000000	-1.378329 	0.379795  	-7.039700 
147.000000	-1.418147 	0.356542  	-7.039700 
148.000000	-1.463433 	0.334281  	-7.039700 
149.000000	-1.508718 	0.312021  	-7.039700 
150.000000	-1.554004 	0.289760  	-7.039700 
151.000000	-1.599290 	0.267500  	-7.039700 
152.000000	-1.544142 	0.246688  	-7.039700 
153.000000	-1.488994 	0.225877  	-7.039700 
154.000000	-1.433846 	0.206069  	-7.039700 
155.000000	-1.378698 	0.186338  	-7.039700 
156.000000	-1.323550 	0.167621  	-7.039700 
157.000000	-1.268402 	0.149073  	-7.039700 
158.000000	-1.213254 	0.131528  	-7.039700 
159.000000	-1.158107 	0.114257  	-7.039700 
160.000000	-1.102959 	0.097961  	-7.039700 
161.000000	-1.047811 	0.082055  	-7.039700 
162.000000	-0.992663 	0.067080  	-7.039700 
163.000000	-0.937515 	0.052622  	-7.039700 
164.000000	-0.882367 	0.039033  	-7.039700 
165.000000	-0.827219 	0.026096  	-7.039700 
166.000000	-0.772071 	0.015131  	-7.039700 
167.000000	-0.716923 	0.006139  	-7.039700 
168.000000	-0.661775 	0.001000  	-7.039700 
169.000000	-0.606627 	0.001000  	-7.039700 
170.000000	-0.551479 	0.001000  	-7.039700 
171.000000	-0.496331 	0.001000  	-7.039700 
172.000000	-0.441183 	0.001000  	-7.039700 
173.000000	-0.386036 	0.001000  	-7.039700 
174.000000	-0.330888 	0.001000  	-7.039700 
175.000000	-0.275740 	0.001000  	-7.039700 
176.000000	-0.220592 	0.001000  	-7.039700 
177.000000	-0.165444 	0.001000  	-7.039700 
178.000000	-0.110296 	0.001000  	-7.039700 
179.000000	-0.055148 	0.001000  	-7.039700 
180.000000	0.000000  	0.001000  	-7.039700 
