! AeroDyn v15 airfoil data file
! Generated from airfoilprep.py modified by D. Kim (Mar 14th, 2022) 
! start all comment lines with ! 
! ------------------------------------------------------------------------------
"DEFAULT"       InterpOrd    ! Interpolation order to use for quasi-steady table lookup {1=linear; 3=cubic spline; "default"} [default=1]
! ------------------------------------------------------------------------------
! 0.20          RelThickness ! The non-dimensional thickness of the airfoil (thickness/chord) [only used if UAMod=7] [default=0.2] (-)
  1             NonDimArea   ! The non-dimensional area of the airfoil (area/chord^2) (set to 1.0 if unsure or unneeded)
  103           NumCoords    ! The number of coordinates in the airfoil shape file (including an extra coordinate for airfoil reference).
! ......... x-y coordinates are next if NumCoords > 0 .............
! x-y coordinate of airfoil reference
!  x/c        y/c
  0.25       0
! Airfoil: 
!  x/c        y/c
1.0013064 -0.0993822
0.9802154 -0.0948308
0.9591415 -0.0901837
0.9379877 -0.0859409
0.9166845 -0.0825177
0.8952250 -0.0803128
0.8736643 -0.0795728
0.8520981 -0.0801361
0.8305808 -0.0816973
0.8091366 -0.0841086
0.7877933 -0.0872766
0.7665611 -0.0911105
0.7454385 -0.0955209
0.7244224 -0.1004108
0.7035041 -0.1056880
0.6826630 -0.1112650
0.6618775 -0.1170570
0.6411271 -0.1229833
0.6203918 -0.1289658
0.5996535 -0.1349310
0.5788905 -0.1408121
0.5580841 -0.1465434
0.5372231 -0.1520659
0.5162967 -0.1573224
0.4952963 -0.1622631
0.4742132 -0.1668387
0.4530428 -0.1710092
0.4317893 -0.1747338
0.4104570 -0.1779727
0.3890517 -0.1806925
0.3675830 -0.1828583
0.3460630 -0.1844126
0.3245027 -0.1852463
0.3029249 -0.1852211
0.2813771 -0.1841545
0.2599149 -0.1819660
0.2385997 -0.1786323
0.2174926 -0.1741623
0.1966514 -0.1685810
0.1761291 -0.1619235
0.1559756 -0.1542212
0.1362419 -0.1454990
0.1169859 -0.1357619
0.0982864 -0.1249997
0.0802438 -0.1131766
0.0629879 -0.1002275
0.0467164 -0.0860649
0.0317179 -0.0705629
0.0184324 -0.0535704
0.0075725 -0.0349562
0.0003403 -0.0146712
-0.0008103 0.0067528
0.0050258 0.0274628
0.0151439 0.0464824
0.0280118 0.0637916
0.0428142 0.0794787
0.0590453 0.0936853
0.0763678 0.1065440
0.0945385 0.1181639
0.1133985 0.1286426
0.1328157 0.1380582
0.1526836 0.1464669
0.1729301 0.1539225
0.1934921 0.1604638
0.2143155 0.1661119
0.2353570 0.1708847
0.2565763 0.1747942
0.2779337 0.1778498
0.2993950 0.1800642
0.3209265 0.1814862
0.3424910 0.1822243
0.3640666 0.1824081
0.3856427 0.1821441
0.4072087 0.1814329
0.4287559 0.1802967
0.4502779 0.1787520
0.4717682 0.1768165
0.4932208 0.1745189
0.5146353 0.1718915
0.5360137 0.1689724
0.5573578 0.1657984
0.5786696 0.1624073
0.5999508 0.1588335
0.6212035 0.1551048
0.6424322 0.1512423
0.6636398 0.1472653
0.6848287 0.1431872
0.7060007 0.1390216
0.7271575 0.1347793
0.7483009 0.1304721
0.7694326 0.1261083
0.7905549 0.1216993
0.8116697 0.1172543
0.8327786 0.1127813
0.8538840 0.1082913
0.8749874 0.1037923
0.8960900 0.0992895
0.9171927 0.0947873
0.9382923 0.0902704
0.9593773 0.0856819
0.9804063 0.0808547
1.0013069 0.0754949
! ------------------------------------------------------------------------------
"unused"        BL_file      ! The file name including the boundary layer characteristics of the profile. Unused if the aeroacoustic module is not called.
  11        	NumTabs      ! Number of airfoil tables in this file.
! ------------------------------------------------------------------------------
! data for table	1         
! ------------------------------------------------------------------------------
  0.200000  	Re           ! Reynolds number in millions
  0.000000  	UserProp     ! User property (control) setting
Flase           InclUAdata   ! Is unsteady aerodynamics data included in this table? If TRUE, then include UA coefficients below this line. Any missing coefficients will be calculated internally.
! Table of aerodynamics coefficients
  361       	NumAlf       ! Number of data lines in the following table
!Alpha      Cl          Cd          Cm/Cp
!(deg)      (-)         (-)         (-)
-180.000000	0.000000  	0.001000  	0.000000  
-179.000000	0.053721  	0.001000  	0.040000  
-178.000000	0.107443  	0.001000  	0.080000  
-177.000000	0.161164  	0.001000  	0.120000  
-176.000000	0.214886  	0.001000  	0.160000  
-175.000000	0.268607  	0.001000  	0.200000  
-174.000000	0.322328  	0.001000  	0.240000  
-173.000000	0.376050  	0.001000  	0.280000  
-172.000000	0.429771  	0.001000  	0.320000  
-171.000000	0.483492  	0.001000  	0.357620  
-170.000000	0.537214  	0.001000  	0.394288  
-169.000000	0.590935  	0.001000  	0.420673  
-168.000000	0.644657  	0.001000  	0.441346  
-167.000000	0.698378  	0.005589  	0.462018  
-166.000000	0.752099  	0.013619  	0.482691  
-165.000000	0.805821  	0.024108  	0.503364  
-164.000000	0.859542  	0.037055  	0.524037  
-163.000000	0.913263  	0.050654  	0.544710  
-162.000000	0.966985  	0.065123  	0.565382  
-161.000000	1.020706  	0.080110  	0.584404  
-160.000000	1.074428  	0.096027  	0.600455  
-159.000000	1.128149  	0.112335  	0.613996  
-158.000000	1.181870  	0.129620  	0.621264  
-157.000000	1.235592  	0.147178  	0.628531  
-156.000000	1.289313  	0.165741  	0.635799  
-155.000000	1.343034  	0.184473  	0.643067  
-154.000000	1.396756  	0.204219  	0.650334  
-153.000000	1.450477  	0.224043  	0.657602  
-152.000000	1.504199  	0.244871  	0.664870  
-151.000000	1.557920  	0.265700  	0.672138  
-150.000000	1.514494  	0.287979  	0.661768  
-149.000000	1.471068  	0.310258  	0.651399  
-148.000000	1.427642  	0.332537  	0.641030  
-147.000000	1.384216  	0.354816  	0.630661  
-146.000000	1.346013  	0.378090  	0.616914  
-145.000000	1.310712  	0.401915  	0.601292  
-144.000000	1.275412  	0.425741  	0.585669  
-143.000000	1.240111  	0.449567  	0.570046  
-142.000000	1.206236  	0.473681  	0.555766  
-141.000000	1.175926  	0.498515  	0.544845  
-140.000000	1.145616  	0.523350  	0.533923  
-139.000000	1.115306  	0.548185  	0.523001  
-138.000000	1.084996  	0.573020  	0.512080  
-137.000000	1.057535  	0.598273  	0.505975  
-136.000000	1.030293  	0.623557  	0.500241  
-135.000000	1.003051  	0.648842  	0.494507  
-134.000000	0.975809  	0.674127  	0.488772  
-133.000000	0.949631  	0.699344  	0.483473  
-132.000000	0.924250  	0.724510  	0.478500  
-131.000000	0.898870  	0.749676  	0.473527  
-130.000000	0.873490  	0.774842  	0.468554  
-129.000000	0.848349  	0.799861  	0.464323  
-128.000000	0.824082  	0.824344  	0.462810  
-127.000000	0.799815  	0.848827  	0.461298  
-126.000000	0.775547  	0.873310  	0.459785  
-125.000000	0.751280  	0.897793  	0.458273  
-124.000000	0.727591  	0.921220  	0.456760  
-123.000000	0.703998  	0.944472  	0.455248  
-122.000000	0.680404  	0.967724  	0.453735  
-121.000000	0.656811  	0.990975  	0.452223  
-120.000000	0.633446  	1.013352  	0.451391  
-119.000000	0.610308  	1.034855  	0.451238  
-118.000000	0.587170  	1.056357  	0.451086  
-117.000000	0.564032  	1.077859  	0.450934  
-116.000000	0.540951  	1.099043  	0.450807  
-115.000000	0.518215  	1.118319  	0.450831  
-114.000000	0.495478  	1.137595  	0.450855  
-113.000000	0.472742  	1.156870  	0.450879  
-112.000000	0.450005  	1.176146  	0.450903  
-111.000000	0.427640  	1.193338  	0.450919  
-110.000000	0.405376  	1.209962  	0.450933  
-109.000000	0.383113  	1.226586  	0.450948  
-108.000000	0.360849  	1.243210  	0.450962  
-107.000000	0.338860  	1.258542  	0.450973  
-106.000000	0.317239  	1.272151  	0.450980  
-105.000000	0.295617  	1.285760  	0.450988  
-104.000000	0.273995  	1.299369  	0.450995  
-103.000000	0.252437  	1.312741  	0.450980  
-102.000000	0.231703  	1.323042  	0.450679  
-101.000000	0.210969  	1.333343  	0.450377  
-100.000000	0.190235  	1.343645  	0.450075  
-99.000000	0.169500  	1.353946  	0.449774  
-98.000000	0.149618  	1.361729  	0.448945  
-97.000000	0.130076  	1.368506  	0.447905  
-96.000000	0.110534  	1.375283  	0.446865  
-95.000000	0.090992  	1.382059  	0.445825  
-94.000000	0.072001  	1.387529  	0.444786  
-93.000000	0.054001  	1.390647  	0.443746  
-92.000000	0.036000  	1.393765  	0.442706  
-91.000000	0.018000  	1.396882  	0.441666  
-90.000000	0.000000  	1.400000  	0.440626  
-89.000000	-0.018000 	1.396882  	0.437400  
-88.000000	-0.036000 	1.393765  	0.434173  
-87.000000	-0.054001 	1.390647  	0.430947  
-86.000000	-0.072001 	1.387529  	0.427720  
-85.000000	-0.090992 	1.382059  	0.424494  
-84.000000	-0.110534 	1.375283  	0.421267  
-83.000000	-0.130076 	1.368506  	0.418041  
-82.000000	-0.149618 	1.361729  	0.414814  
-81.000000	-0.169500 	1.353946  	0.411427  
-80.000000	-0.190235 	1.343645  	0.407638  
-79.000000	-0.210969 	1.333343  	0.403850  
-78.000000	-0.231703 	1.323042  	0.400061  
-77.000000	-0.252437 	1.312741  	0.396272  
-76.000000	-0.273995 	1.299369  	0.392265  
-75.000000	-0.295617 	1.285760  	0.388241  
-74.000000	-0.317239 	1.272151  	0.384217  
-73.000000	-0.338860 	1.258542  	0.380193  
-72.000000	-0.360849 	1.243210  	0.376165  
-71.000000	-0.383113 	1.226586  	0.372133  
-70.000000	-0.405376 	1.209962  	0.368102  
-69.000000	-0.427640 	1.193338  	0.364070  
-68.000000	-0.450005 	1.176146  	0.360037  
-67.000000	-0.472742 	1.156870  	0.355994  
-66.000000	-0.495478 	1.137595  	0.351952  
-65.000000	-0.518215 	1.118319  	0.347910  
-64.000000	-0.540951 	1.099043  	0.343867  
-63.000000	-0.564032 	1.077859  	0.339881  
-62.000000	-0.587170 	1.056357  	0.335903  
-61.000000	-0.610308 	1.034855  	0.331926  
-60.000000	-0.633446 	1.013352  	0.327949  
-59.000000	-0.656811 	0.990975  	0.324222  
-58.000000	-0.680404 	0.967724  	0.320745  
-57.000000	-0.703998 	0.944472  	0.317269  
-56.000000	-0.727591 	0.921220  	0.313792  
-55.000000	-0.751280 	0.897793  	0.310316  
-54.000000	-0.775547 	0.873310  	0.306839  
-53.000000	-0.799815 	0.848827  	0.303363  
-52.000000	-0.824082 	0.824344  	0.299886  
-51.000000	-0.848349 	0.799861  	0.296410  
-50.000000	-0.873490 	0.774842  	0.293378  
-49.000000	-0.898870 	0.749676  	0.290468  
-48.000000	-0.924250 	0.724510  	0.287557  
-47.000000	-0.949631 	0.699344  	0.284646  
-46.000000	-0.975809 	0.674127  	0.281789  
-45.000000	-1.003051 	0.648842  	0.279003  
-44.000000	-1.030293 	0.623557  	0.276217  
-43.000000	-1.057535 	0.598273  	0.273431  
-42.000000	-1.084996 	0.573020  	0.270617  
-41.000000	-1.115306 	0.548185  	0.267433  
-40.000000	-1.145616 	0.523350  	0.264250  
-39.000000	-1.175926 	0.498515  	0.261066  
-38.000000	-1.206236 	0.473681  	0.257883  
-37.000000	-1.240111 	0.449567  	0.254442  
-36.000000	-1.275412 	0.425741  	0.250899  
-35.000000	-1.310712 	0.401915  	0.247355  
-34.000000	-1.346013 	0.378090  	0.243812  
-33.000000	-1.384216 	0.354816  	0.239462  
-32.000000	-1.427642 	0.332537  	0.233661  
-31.000000	-1.471068 	0.310258  	0.227861  
-30.000000	-1.514494 	0.287979  	0.222061  
-29.000000	-1.557920 	0.265700  	0.216260  
-28.000000	-1.502915 	0.257289  	0.202883  
-27.000000	-1.447909 	0.248877  	0.189506  
-26.000000	-1.392904 	0.240466  	0.176129  
-25.000000	-1.337898 	0.232055  	0.162752  
-24.000000	-1.282893 	0.223643  	0.149375  
-23.000000	-1.227887 	0.215232  	0.135998  
-22.000000	-1.172882 	0.206820  	0.122621  
-21.000000	-1.117876 	0.198409  	0.109223  
-20.000000	-1.062871 	0.189998  	0.095699  
-19.000000	-1.007865 	0.181586  	0.081950  
-18.000000	-0.952860 	0.173175  	0.068033  
-17.000000	-0.897855 	0.164764  	0.054116  
-16.000000	-0.842849 	0.156352  	0.040199  
-15.000000	-0.787844 	0.147941  	0.026283  
-14.000000	-0.732838 	0.139530  	0.012366  
-13.000000	-0.677833 	0.131118  	-0.001551 
-12.000000	-0.622827 	0.122707  	-0.015468 
-11.000000	-0.567822 	0.114295  	-0.029385 
-10.000000	-0.512816 	0.105884  	-0.040668 
-9.000000 	-0.457811 	0.097473  	-0.036145 
-8.000000 	-0.402805 	0.089061  	-0.031623 
-7.000000 	-0.347800 	0.080650  	-0.027100 
-6.000000 	-0.251800 	0.074570  	-0.034600 
-5.000000 	-0.120300 	0.059660  	-0.065200 
-4.000000 	0.082200  	0.048600  	-0.108000 
-3.000000 	0.255200  	0.045810  	-0.131100 
-2.000000 	0.387100  	0.046080  	-0.138200 
-1.000000 	0.542600  	0.045260  	-0.153500 
0.000000  	0.674900  	0.045750  	-0.160500 
1.000000  	0.818600  	0.045820  	-0.171500 
2.000000  	0.959100  	0.046420  	-0.181300 
3.000000  	1.086300  	0.047280  	-0.186900 
4.000000  	1.223100  	0.048140  	-0.195600 
5.000000  	1.357100  	0.049220  	-0.203300 
6.000000  	1.475900  	0.050520  	-0.206900 
7.000000  	1.603000  	0.051970  	-0.213000 
8.000000  	1.730500  	0.053280  	-0.219300 
9.000000  	1.838900  	0.055250  	-0.220800 
10.000000 	1.956700  	0.056950  	-0.224900 
11.000000 	2.069200  	0.058670  	-0.227900 
12.000000 	2.160400  	0.061670  	-0.227000 
13.000000 	2.234400  	0.065030  	-0.222500 
14.000000 	2.278200  	0.069960  	-0.213000 
15.000000 	2.289600  	0.077440  	-0.200000 
16.000000 	2.267100  	0.088800  	-0.187300 
17.000000 	2.212500  	0.106430  	-0.179500 
18.000000 	2.166200  	0.125920  	-0.178500 
19.000000 	2.178600  	0.138320  	-0.181100 
20.000000 	2.156500  	0.156340  	-0.186800 
21.000000 	2.167300  	0.169060  	-0.192600 
22.000000 	2.174000  	0.182200  	-0.199700 
23.000000 	2.170500  	0.197130  	-0.209100 
24.000000 	2.194600  	0.206770  	-0.216400 
25.000000 	2.209200  	0.217750  	-0.225400 
26.000000 	2.200000  	0.232090  	-0.238200 
27.000000 	2.207100  	0.244470  	-0.250800 
28.000000 	2.217300  	0.255500  	-0.263000 
29.000000 	2.225600  	0.265700  	-0.275500 
30.000000 	2.163563  	0.287979  	-0.280053 
31.000000 	2.101526  	0.310258  	-0.284606 
32.000000 	2.039488  	0.332537  	-0.289159 
33.000000 	1.977451  	0.354816  	-0.293712 
34.000000 	1.922876  	0.378090  	-0.297639 
35.000000 	1.872446  	0.401915  	-0.301219 
36.000000 	1.822017  	0.425741  	-0.304799 
37.000000 	1.771587  	0.449567  	-0.308379 
38.000000 	1.723194  	0.473681  	-0.311690 
39.000000 	1.679895  	0.498515  	-0.314326 
40.000000 	1.636595  	0.523350  	-0.316963 
41.000000 	1.593295  	0.548185  	-0.319600 
42.000000 	1.549995  	0.573020  	-0.322237 
43.000000 	1.510765  	0.598273  	-0.323907 
44.000000 	1.471847  	0.623557  	-0.325503 
45.000000 	1.432930  	0.648842  	-0.327100 
46.000000 	1.394012  	0.674127  	-0.328696 
47.000000 	1.356615  	0.699344  	-0.330329 
48.000000 	1.320358  	0.724510  	-0.331990 
49.000000 	1.284100  	0.749676  	-0.333651 
50.000000 	1.247843  	0.774842  	-0.335312 
51.000000 	1.211927  	0.799861  	-0.337037 
52.000000 	1.177259  	0.824344  	-0.338993 
53.000000 	1.142592  	0.848827  	-0.340949 
54.000000 	1.107925  	0.873310  	-0.342905 
55.000000 	1.073258  	0.897793  	-0.344861 
56.000000 	1.039416  	0.921220  	-0.346817 
57.000000 	1.005711  	0.944472  	-0.348774 
58.000000 	0.972006  	0.967724  	-0.350730 
59.000000 	0.938302  	0.990975  	-0.352686 
60.000000 	0.904922  	1.013352  	-0.354945 
61.000000 	0.871868  	1.034855  	-0.357507 
62.000000 	0.838814  	1.056357  	-0.360069 
63.000000 	0.805760  	1.077859  	-0.362631 
64.000000 	0.772788  	1.099043  	-0.365204 
65.000000 	0.740307  	1.118319  	-0.367845 
66.000000 	0.707826  	1.137595  	-0.370485 
67.000000 	0.675345  	1.156870  	-0.373126 
68.000000 	0.642865  	1.176146  	-0.375766 
69.000000 	0.610915  	1.193338  	-0.378603 
70.000000 	0.579109  	1.209962  	-0.381493 
71.000000 	0.547304  	1.226586  	-0.384382 
72.000000 	0.515498  	1.243210  	-0.387272 
73.000000 	0.484086  	1.258542  	-0.390236 
74.000000 	0.453198  	1.272151  	-0.393299 
75.000000 	0.422310  	1.285760  	-0.396362 
76.000000 	0.391422  	1.299369  	-0.399426 
77.000000 	0.360624  	1.312741  	-0.402485 
78.000000 	0.331004  	1.323042  	-0.405498 
79.000000 	0.301384  	1.333343  	-0.408512 
80.000000 	0.271764  	1.343645  	-0.411525 
81.000000 	0.242143  	1.353946  	-0.414539 
82.000000 	0.213740  	1.361729  	-0.417467 
83.000000 	0.185823  	1.368506  	-0.420362 
84.000000 	0.157906  	1.375283  	-0.423257 
85.000000 	0.129989  	1.382059  	-0.426152 
86.000000 	0.102858  	1.387529  	-0.429047 
87.000000 	0.077144  	1.390647  	-0.431942 
88.000000 	0.051429  	1.393765  	-0.434837 
89.000000 	0.025715  	1.396882  	-0.437732 
90.000000 	0.000000  	1.400000  	-0.440626 
91.000000 	-0.018000 	1.396882  	-0.441666 
92.000000 	-0.036000 	1.393765  	-0.442706 
93.000000 	-0.054001 	1.390647  	-0.443746 
94.000000 	-0.072001 	1.387529  	-0.444786 
95.000000 	-0.090992 	1.382059  	-0.445825 
96.000000 	-0.110534 	1.375283  	-0.446865 
97.000000 	-0.130076 	1.368506  	-0.447905 
98.000000 	-0.149618 	1.361729  	-0.448945 
99.000000 	-0.169500 	1.353946  	-0.449774 
100.000000	-0.190235 	1.343645  	-0.450075 
101.000000	-0.210969 	1.333343  	-0.450377 
102.000000	-0.231703 	1.323042  	-0.450679 
103.000000	-0.252437 	1.312741  	-0.450980 
104.000000	-0.273995 	1.299369  	-0.450995 
105.000000	-0.295617 	1.285760  	-0.450988 
106.000000	-0.317239 	1.272151  	-0.450980 
107.000000	-0.338860 	1.258542  	-0.450973 
108.000000	-0.360849 	1.243210  	-0.450962 
109.000000	-0.383113 	1.226586  	-0.450948 
110.000000	-0.405376 	1.209962  	-0.450933 
111.000000	-0.427640 	1.193338  	-0.450919 
112.000000	-0.450005 	1.176146  	-0.450903 
113.000000	-0.472742 	1.156870  	-0.450879 
114.000000	-0.495478 	1.137595  	-0.450855 
115.000000	-0.518215 	1.118319  	-0.450831 
116.000000	-0.540951 	1.099043  	-0.450807 
117.000000	-0.564032 	1.077859  	-0.450934 
118.000000	-0.587170 	1.056357  	-0.451086 
119.000000	-0.610308 	1.034855  	-0.451238 
120.000000	-0.633446 	1.013352  	-0.451391 
121.000000	-0.656811 	0.990975  	-0.452223 
122.000000	-0.680404 	0.967724  	-0.453735 
123.000000	-0.703998 	0.944472  	-0.455248 
124.000000	-0.727591 	0.921220  	-0.456760 
125.000000	-0.751280 	0.897793  	-0.458273 
126.000000	-0.775547 	0.873310  	-0.459785 
127.000000	-0.799815 	0.848827  	-0.461298 
128.000000	-0.824082 	0.824344  	-0.462810 
129.000000	-0.848349 	0.799861  	-0.464323 
130.000000	-0.873490 	0.774842  	-0.468554 
131.000000	-0.898870 	0.749676  	-0.473527 
132.000000	-0.924250 	0.724510  	-0.478500 
133.000000	-0.949631 	0.699344  	-0.483473 
134.000000	-0.975809 	0.674127  	-0.488772 
135.000000	-1.003051 	0.648842  	-0.494507 
136.000000	-1.030293 	0.623557  	-0.500241 
137.000000	-1.057535 	0.598273  	-0.505975 
138.000000	-1.084996 	0.573020  	-0.512080 
139.000000	-1.115306 	0.548185  	-0.523001 
140.000000	-1.145616 	0.523350  	-0.533923 
141.000000	-1.175926 	0.498515  	-0.544845 
142.000000	-1.206236 	0.473681  	-0.555766 
143.000000	-1.240111 	0.449567  	-0.570046 
144.000000	-1.275412 	0.425741  	-0.585669 
145.000000	-1.310712 	0.401915  	-0.601292 
146.000000	-1.346013 	0.378090  	-0.616914 
147.000000	-1.384216 	0.354816  	-0.630661 
148.000000	-1.427642 	0.332537  	-0.641030 
149.000000	-1.471068 	0.310258  	-0.651399 
150.000000	-1.514494 	0.287979  	-0.661768 
151.000000	-1.557920 	0.265700  	-0.672138 
152.000000	-1.504199 	0.244871  	-0.664870 
153.000000	-1.450477 	0.224043  	-0.657602 
154.000000	-1.396756 	0.204219  	-0.650334 
155.000000	-1.343034 	0.184473  	-0.643067 
156.000000	-1.289313 	0.165741  	-0.635799 
157.000000	-1.235592 	0.147178  	-0.628531 
158.000000	-1.181870 	0.129620  	-0.621264 
159.000000	-1.128149 	0.112335  	-0.613996 
160.000000	-1.074428 	0.096027  	-0.605135 
161.000000	-1.020706 	0.080110  	-0.595636 
162.000000	-0.966985 	0.065123  	-0.585382 
163.000000	-0.913263 	0.050654  	-0.574710 
164.000000	-0.859542 	0.037055  	-0.564037 
165.000000	-0.805821 	0.024108  	-0.553364 
166.000000	-0.752099 	0.013619  	-0.542691 
167.000000	-0.698378 	0.005589  	-0.532018 
168.000000	-0.644657 	0.001000  	-0.521346 
169.000000	-0.590935 	0.001000  	-0.510673 
170.000000	-0.537214 	0.001000  	-0.488376 
171.000000	-0.483492 	0.001000  	-0.445157 
172.000000	-0.429771 	0.001000  	-0.400000 
173.000000	-0.376050 	0.001000  	-0.350000 
174.000000	-0.322328 	0.001000  	-0.300000 
175.000000	-0.268607 	0.001000  	-0.250000 
176.000000	-0.214886 	0.001000  	-0.200000 
177.000000	-0.161164 	0.001000  	-0.150000 
178.000000	-0.107443 	0.001000  	-0.100000 
179.000000	-0.053721 	0.001000  	-0.050000 
180.000000	0.000000  	0.001000  	0.000000  
! ------------------------------------------------------------------------------
! data for table	2         
! ------------------------------------------------------------------------------
  0.300000  	Re           ! Reynolds number in millions
  0.000000  	UserProp     ! User property (control) setting
Flase           InclUAdata   ! Is unsteady aerodynamics data included in this table? If TRUE, then include UA coefficients below this line. Any missing coefficients will be calculated internally.
! Table of aerodynamics coefficients
  361       	NumAlf       ! Number of data lines in the following table
!Alpha      Cl          Cd          Cm/Cp
!(deg)      (-)         (-)         (-)
-180.000000	0.000000  	0.001000  	0.000000  
-179.000000	0.054105  	0.001000  	0.040000  
-178.000000	0.108210  	0.001000  	0.080000  
-177.000000	0.162316  	0.001000  	0.120000  
-176.000000	0.216421  	0.001000  	0.160000  
-175.000000	0.270526  	0.001000  	0.200000  
-174.000000	0.324631  	0.001000  	0.240000  
-173.000000	0.378736  	0.001000  	0.280000  
-172.000000	0.432841  	0.001000  	0.320000  
-171.000000	0.486947  	0.001000  	0.358410  
-170.000000	0.541052  	0.001000  	0.396184  
-169.000000	0.595157  	0.001000  	0.427090  
-168.000000	0.649262  	0.001000  	0.454181  
-167.000000	0.703367  	0.006068  	0.481271  
-166.000000	0.757472  	0.014938  	0.508362  
-165.000000	0.811578  	0.025842  	0.535452  
-164.000000	0.865683  	0.038780  	0.562543  
-163.000000	0.919788  	0.052370  	0.589633  
-162.000000	0.973893  	0.066830  	0.616724  
-161.000000	1.027998  	0.081807  	0.641336  
-160.000000	1.082103  	0.097714  	0.661488  
-159.000000	1.136209  	0.114011  	0.677873  
-158.000000	1.190314  	0.131284  	0.684841  
-157.000000	1.244419  	0.148831  	0.691809  
-156.000000	1.298524  	0.167381  	0.698777  
-155.000000	1.352629  	0.186100  	0.705745  
-154.000000	1.406734  	0.205832  	0.712713  
-153.000000	1.460840  	0.225642  	0.719681  
-152.000000	1.514945  	0.246456  	0.726649  
-151.000000	1.569050  	0.267270  	0.733617  
-150.000000	1.525124  	0.289533  	0.722264  
-149.000000	1.481197  	0.311796  	0.710910  
-148.000000	1.437271  	0.334059  	0.699556  
-147.000000	1.393344  	0.356321  	0.688203  
-146.000000	1.354707  	0.379577  	0.673341  
-145.000000	1.319009  	0.403385  	0.656529  
-144.000000	1.283310  	0.427192  	0.639718  
-143.000000	1.247611  	0.451000  	0.622907  
-142.000000	1.213359  	0.475095  	0.607527  
-141.000000	1.182725  	0.499910  	0.595724  
-140.000000	1.152090  	0.524724  	0.583922  
-139.000000	1.121455  	0.549539  	0.572120  
-138.000000	1.090820  	0.574354  	0.560318  
-137.000000	1.063085  	0.599585  	0.553648  
-136.000000	1.035574  	0.624848  	0.547373  
-135.000000	1.008062  	0.650110  	0.541098  
-134.000000	0.980550  	0.675373  	0.534823  
-133.000000	0.954127  	0.700567  	0.529007  
-132.000000	0.928520  	0.725710  	0.523534  
-131.000000	0.902914  	0.750853  	0.518062  
-130.000000	0.877307  	0.775995  	0.512590  
-129.000000	0.851947  	0.800991  	0.507899  
-128.000000	0.827489  	0.825449  	0.506075  
-127.000000	0.803031  	0.849906  	0.504250  
-126.000000	0.778573  	0.874364  	0.502426  
-125.000000	0.754116  	0.898822  	0.500602  
-124.000000	0.730261  	0.922223  	0.498778  
-123.000000	0.706508  	0.945449  	0.496953  
-122.000000	0.682754  	0.968674  	0.495129  
-121.000000	0.659000  	0.991900  	0.493305  
-120.000000	0.635487  	1.014250  	0.492194  
-119.000000	0.612216  	1.035724  	0.491797  
-118.000000	0.588944  	1.057199  	0.491400  
-117.000000	0.565672  	1.078674  	0.491003  
-116.000000	0.542461  	1.099830  	0.490632  
-115.000000	0.519615  	1.119077  	0.490420  
-114.000000	0.496768  	1.138324  	0.490208  
-113.000000	0.473922  	1.157571  	0.489996  
-112.000000	0.451075  	1.176818  	0.489784  
-111.000000	0.428617  	1.193981  	0.489570  
-110.000000	0.406266  	1.210575  	0.489357  
-109.000000	0.383914  	1.227170  	0.489143  
-108.000000	0.361562  	1.243764  	0.488929  
-107.000000	0.339495  	1.259066  	0.488715  
-106.000000	0.317806  	1.272645  	0.488501  
-105.000000	0.296117  	1.286224  	0.488286  
-104.000000	0.274428  	1.299803  	0.488071  
-103.000000	0.252804  	1.313145  	0.487834  
-102.000000	0.232022  	1.323415  	0.487309  
-101.000000	0.211241  	1.333686  	0.486784  
-100.000000	0.190459  	1.343956  	0.486258  
-99.000000	0.169678  	1.354226  	0.485733  
-98.000000	0.149762  	1.361979  	0.484677  
-97.000000	0.130191  	1.368725  	0.483409  
-96.000000	0.110621  	1.375470  	0.482141  
-95.000000	0.091051  	1.382216  	0.480873  
-94.000000	0.072038  	1.387655  	0.479605  
-93.000000	0.054029  	1.390741  	0.478337  
-92.000000	0.036019  	1.393827  	0.477069  
-91.000000	0.018010  	1.396914  	0.475801  
-90.000000	0.000000  	1.400000  	0.474533  
-89.000000	-0.018010 	1.396914  	0.471096  
-88.000000	-0.036019 	1.393827  	0.467658  
-87.000000	-0.054029 	1.390741  	0.464221  
-86.000000	-0.072038 	1.387655  	0.460784  
-85.000000	-0.091051 	1.382216  	0.457346  
-84.000000	-0.110621 	1.375470  	0.453909  
-83.000000	-0.130191 	1.368725  	0.450471  
-82.000000	-0.149762 	1.361979  	0.447034  
-81.000000	-0.169678 	1.354226  	0.443439  
-80.000000	-0.190459 	1.343956  	0.439451  
-79.000000	-0.211241 	1.333686  	0.435462  
-78.000000	-0.232022 	1.323415  	0.431474  
-77.000000	-0.252804 	1.313145  	0.427485  
-76.000000	-0.274428 	1.299803  	0.423282  
-75.000000	-0.296117 	1.286224  	0.419063  
-74.000000	-0.317806 	1.272645  	0.414844  
-73.000000	-0.339495 	1.259066  	0.410625  
-72.000000	-0.361562 	1.243764  	0.406402  
-71.000000	-0.383914 	1.227170  	0.402177  
-70.000000	-0.406266 	1.210575  	0.397953  
-69.000000	-0.428617 	1.193981  	0.393728  
-68.000000	-0.451075 	1.176818  	0.389502  
-67.000000	-0.473922 	1.157571  	0.385269  
-66.000000	-0.496768 	1.138324  	0.381036  
-65.000000	-0.519615 	1.119077  	0.376804  
-64.000000	-0.542461 	1.099830  	0.372571  
-63.000000	-0.565672 	1.078674  	0.368390  
-62.000000	-0.588944 	1.057199  	0.364217  
-61.000000	-0.612216 	1.035724  	0.360044  
-60.000000	-0.635487 	1.014250  	0.355871  
-59.000000	-0.659000 	0.991900  	0.351929  
-58.000000	-0.682754 	0.968674  	0.348218  
-57.000000	-0.706508 	0.945449  	0.344507  
-56.000000	-0.730261 	0.922223  	0.340795  
-55.000000	-0.754116 	0.898822  	0.337084  
-54.000000	-0.778573 	0.874364  	0.333373  
-53.000000	-0.803031 	0.849906  	0.329662  
-52.000000	-0.827489 	0.825449  	0.325950  
-51.000000	-0.851947 	0.800991  	0.322239  
-50.000000	-0.877307 	0.775995  	0.318856  
-49.000000	-0.902914 	0.750853  	0.315563  
-48.000000	-0.928520 	0.725710  	0.312269  
-47.000000	-0.954127 	0.700567  	0.308976  
-46.000000	-0.980550 	0.675373  	0.305722  
-45.000000	-1.008062 	0.650110  	0.302520  
-44.000000	-1.035574 	0.624848  	0.299319  
-43.000000	-1.063085 	0.599585  	0.296117  
-42.000000	-1.090820 	0.574354  	0.292866  
-41.000000	-1.121455 	0.549539  	0.288970  
-40.000000	-1.152090 	0.524724  	0.285074  
-39.000000	-1.182725 	0.499910  	0.281178  
-38.000000	-1.213359 	0.475095  	0.277283  
-37.000000	-1.247611 	0.451000  	0.272937  
-36.000000	-1.283310 	0.427192  	0.268412  
-35.000000	-1.319009 	0.403385  	0.263887  
-34.000000	-1.354707 	0.379577  	0.259362  
-33.000000	-1.393344 	0.356321  	0.254061  
-32.000000	-1.437271 	0.334059  	0.247364  
-31.000000	-1.481197 	0.311796  	0.240667  
-30.000000	-1.525124 	0.289533  	0.233970  
-29.000000	-1.569050 	0.267270  	0.227273  
-28.000000	-1.523616 	0.255492  	0.213284  
-27.000000	-1.478182 	0.243713  	0.199295  
-26.000000	-1.432747 	0.231935  	0.185306  
-25.000000	-1.387313 	0.220156  	0.171317  
-24.000000	-1.341879 	0.208378  	0.157328  
-23.000000	-1.296445 	0.196599  	0.143339  
-22.000000	-1.251011 	0.184821  	0.129350  
-21.000000	-1.205576 	0.173043  	0.115361  
-20.000000	-1.160142 	0.161264  	0.102588  
-19.000000	-1.114708 	0.149486  	0.091235  
-18.000000	-1.069274 	0.137707  	0.081097  
-17.000000	-1.023839 	0.125929  	0.070960  
-16.000000	-0.978405 	0.114151  	0.060823  
-15.000000	-0.932971 	0.102372  	0.050686  
-14.000000	-0.887537 	0.090594  	0.040549  
-13.000000	-0.842103 	0.078815  	0.030412  
-12.000000	-0.796668 	0.067037  	0.002116  
-11.000000	-0.751234 	0.055258  	-0.033442 
-10.000000	-0.705800 	0.043480  	-0.069000 
-9.000000 	-0.560500 	0.042430  	-0.079600 
-8.000000 	-0.418600 	0.041950  	-0.090900 
-7.000000 	-0.269800 	0.041100  	-0.104500 
-6.000000 	-0.132700 	0.041070  	-0.113400 
-5.000000 	0.015100  	0.040870  	-0.125800 
-4.000000 	0.155800  	0.040790  	-0.135800 
-3.000000 	0.297500  	0.040980  	-0.145900 
-2.000000 	0.439900  	0.041100  	-0.156200 
-1.000000 	0.579200  	0.041420  	-0.165300 
0.000000  	0.718400  	0.041750  	-0.174400 
1.000000  	0.857300  	0.042290  	-0.183300 
2.000000  	0.991200  	0.042820  	-0.190800 
3.000000  	1.126100  	0.043480  	-0.198600 
4.000000  	1.259500  	0.044290  	-0.205900 
5.000000  	1.389000  	0.045040  	-0.212100 
6.000000  	1.516600  	0.046020  	-0.217900 
7.000000  	1.644400  	0.047020  	-0.223700 
8.000000  	1.766500  	0.048270  	-0.228200 
9.000000  	1.885800  	0.049580  	-0.232100 
10.000000 	2.001600  	0.051030  	-0.235300 
11.000000 	2.107700  	0.053000  	-0.236500 
12.000000 	2.207300  	0.055190  	-0.236400 
13.000000 	2.282600  	0.058750  	-0.231700 
14.000000 	2.270500  	0.067850  	-0.211600 
15.000000 	2.271400  	0.078390  	-0.199600 
16.000000 	2.263500  	0.090840  	-0.191000 
17.000000 	2.257200  	0.104870  	-0.187000 
18.000000 	2.241900  	0.120600  	-0.185700 
19.000000 	2.224700  	0.137380  	-0.187600 
20.000000 	2.212700  	0.153150  	-0.191400 
21.000000 	2.201300  	0.169110  	-0.197500 
22.000000 	2.203200  	0.182780  	-0.204300 
23.000000 	2.198700  	0.197470  	-0.212900 
24.000000 	2.206600  	0.209770  	-0.221500 
25.000000 	2.217600  	0.221160  	-0.230400 
26.000000 	2.218700  	0.234250  	-0.241500 
27.000000 	2.223700  	0.246270  	-0.252600 
28.000000 	2.232100  	0.256710  	-0.264000 
29.000000 	2.241500  	0.267270  	-0.276200 
30.000000 	2.178748  	0.289533  	-0.282411 
31.000000 	2.115996  	0.311796  	-0.288623 
32.000000 	2.053244  	0.334059  	-0.294834 
33.000000 	1.990492  	0.356321  	-0.301045 
34.000000 	1.935296  	0.379577  	-0.306503 
35.000000 	1.884298  	0.403385  	-0.311542 
36.000000 	1.833300  	0.427192  	-0.316581 
37.000000 	1.782302  	0.451000  	-0.321620 
38.000000 	1.733371  	0.475095  	-0.326277 
39.000000 	1.689607  	0.499910  	-0.329979 
40.000000 	1.645843  	0.524724  	-0.333681 
41.000000 	1.602079  	0.549539  	-0.337383 
42.000000 	1.558315  	0.574354  	-0.341085 
43.000000 	1.518694  	0.599585  	-0.343417 
44.000000 	1.479391  	0.624848  	-0.345644 
45.000000 	1.440088  	0.650110  	-0.347870 
46.000000 	1.400785  	0.675373  	-0.350097 
47.000000 	1.363038  	0.700567  	-0.352330 
48.000000 	1.326457  	0.725710  	-0.354569 
49.000000 	1.289877  	0.750853  	-0.356808 
50.000000 	1.253296  	0.775995  	-0.359047 
51.000000 	1.217067  	0.800991  	-0.361297 
52.000000 	1.182127  	0.825449  	-0.363592 
53.000000 	1.147187  	0.849906  	-0.365887 
54.000000 	1.112248  	0.874364  	-0.368182 
55.000000 	1.077308  	0.898822  	-0.370477 
56.000000 	1.043231  	0.922223  	-0.372772 
57.000000 	1.009297  	0.945449  	-0.375067 
58.000000 	0.975363  	0.968674  	-0.377362 
59.000000 	0.941429  	0.991900  	-0.379657 
60.000000 	0.907839  	1.014250  	-0.382210 
61.000000 	0.874594  	1.035724  	-0.385020 
62.000000 	0.841349  	1.057199  	-0.387830 
63.000000 	0.808103  	1.078674  	-0.390640 
64.000000 	0.774945  	1.099830  	-0.393460 
65.000000 	0.742307  	1.119077  	-0.396337 
66.000000 	0.709669  	1.138324  	-0.399214 
67.000000 	0.677031  	1.157571  	-0.402091 
68.000000 	0.644393  	1.176818  	-0.404969 
69.000000 	0.612311  	1.193981  	-0.408029 
70.000000 	0.580380  	1.210575  	-0.411140 
71.000000 	0.548449  	1.227170  	-0.414251 
72.000000 	0.516518  	1.243764  	-0.417362 
73.000000 	0.484993  	1.259066  	-0.420543 
74.000000 	0.454008  	1.272645  	-0.423816 
75.000000 	0.423024  	1.286224  	-0.427090 
76.000000 	0.392040  	1.299803  	-0.430363 
77.000000 	0.361148  	1.313145  	-0.433633 
78.000000 	0.331461  	1.323415  	-0.436858 
79.000000 	0.301773  	1.333686  	-0.440082 
80.000000 	0.272085  	1.343956  	-0.443307 
81.000000 	0.242397  	1.354226  	-0.446531 
82.000000 	0.213945  	1.361979  	-0.449672 
83.000000 	0.185988  	1.368725  	-0.452780 
84.000000 	0.158030  	1.375470  	-0.455887 
85.000000 	0.130073  	1.382216  	-0.458995 
86.000000 	0.102912  	1.387655  	-0.462103 
87.000000 	0.077184  	1.390741  	-0.465210 
88.000000 	0.051456  	1.393827  	-0.468318 
89.000000 	0.025728  	1.396914  	-0.471426 
90.000000 	0.000000  	1.400000  	-0.474533 
91.000000 	-0.018010 	1.396914  	-0.475801 
92.000000 	-0.036019 	1.393827  	-0.477069 
93.000000 	-0.054029 	1.390741  	-0.478337 
94.000000 	-0.072038 	1.387655  	-0.479605 
95.000000 	-0.091051 	1.382216  	-0.480873 
96.000000 	-0.110621 	1.375470  	-0.482141 
97.000000 	-0.130191 	1.368725  	-0.483409 
98.000000 	-0.149762 	1.361979  	-0.484677 
99.000000 	-0.169678 	1.354226  	-0.485733 
100.000000	-0.190459 	1.343956  	-0.486258 
101.000000	-0.211241 	1.333686  	-0.486784 
102.000000	-0.232022 	1.323415  	-0.487309 
103.000000	-0.252804 	1.313145  	-0.487834 
104.000000	-0.274428 	1.299803  	-0.488071 
105.000000	-0.296117 	1.286224  	-0.488286 
106.000000	-0.317806 	1.272645  	-0.488501 
107.000000	-0.339495 	1.259066  	-0.488715 
108.000000	-0.361562 	1.243764  	-0.488929 
109.000000	-0.383914 	1.227170  	-0.489143 
110.000000	-0.406266 	1.210575  	-0.489357 
111.000000	-0.428617 	1.193981  	-0.489570 
112.000000	-0.451075 	1.176818  	-0.489784 
113.000000	-0.473922 	1.157571  	-0.489996 
114.000000	-0.496768 	1.138324  	-0.490208 
115.000000	-0.519615 	1.119077  	-0.490420 
116.000000	-0.542461 	1.099830  	-0.490632 
117.000000	-0.565672 	1.078674  	-0.491003 
118.000000	-0.588944 	1.057199  	-0.491400 
119.000000	-0.612216 	1.035724  	-0.491797 
120.000000	-0.635487 	1.014250  	-0.492194 
121.000000	-0.659000 	0.991900  	-0.493305 
122.000000	-0.682754 	0.968674  	-0.495129 
123.000000	-0.706508 	0.945449  	-0.496953 
124.000000	-0.730261 	0.922223  	-0.498778 
125.000000	-0.754116 	0.898822  	-0.500602 
126.000000	-0.778573 	0.874364  	-0.502426 
127.000000	-0.803031 	0.849906  	-0.504250 
128.000000	-0.827489 	0.825449  	-0.506075 
129.000000	-0.851947 	0.800991  	-0.507899 
130.000000	-0.877307 	0.775995  	-0.512590 
131.000000	-0.902914 	0.750853  	-0.518062 
132.000000	-0.928520 	0.725710  	-0.523534 
133.000000	-0.954127 	0.700567  	-0.529007 
134.000000	-0.980550 	0.675373  	-0.534823 
135.000000	-1.008062 	0.650110  	-0.541098 
136.000000	-1.035574 	0.624848  	-0.547373 
137.000000	-1.063085 	0.599585  	-0.553648 
138.000000	-1.090820 	0.574354  	-0.560318 
139.000000	-1.121455 	0.549539  	-0.572120 
140.000000	-1.152090 	0.524724  	-0.583922 
141.000000	-1.182725 	0.499910  	-0.595724 
142.000000	-1.213359 	0.475095  	-0.607527 
143.000000	-1.247611 	0.451000  	-0.622907 
144.000000	-1.283310 	0.427192  	-0.639718 
145.000000	-1.319009 	0.403385  	-0.656529 
146.000000	-1.354707 	0.379577  	-0.673341 
147.000000	-1.393344 	0.356321  	-0.688203 
148.000000	-1.437271 	0.334059  	-0.699556 
149.000000	-1.481197 	0.311796  	-0.710910 
150.000000	-1.525124 	0.289533  	-0.722264 
151.000000	-1.569050 	0.267270  	-0.733617 
152.000000	-1.514945 	0.246456  	-0.726649 
153.000000	-1.460840 	0.225642  	-0.719681 
154.000000	-1.406734 	0.205832  	-0.712713 
155.000000	-1.352629 	0.186100  	-0.705745 
156.000000	-1.298524 	0.167381  	-0.698777 
157.000000	-1.244419 	0.148831  	-0.691809 
158.000000	-1.190314 	0.131284  	-0.684841 
159.000000	-1.136209 	0.114011  	-0.677873 
160.000000	-1.082103 	0.097714  	-0.666167 
161.000000	-1.027998 	0.081807  	-0.652567 
162.000000	-0.973893 	0.066830  	-0.636724 
163.000000	-0.919788 	0.052370  	-0.619633 
164.000000	-0.865683 	0.038780  	-0.602543 
165.000000	-0.811578 	0.025842  	-0.585452 
166.000000	-0.757472 	0.014938  	-0.568362 
167.000000	-0.703367 	0.006068  	-0.551271 
168.000000	-0.649262 	0.001000  	-0.534181 
169.000000	-0.595157 	0.001000  	-0.517090 
170.000000	-0.541052 	0.001000  	-0.490273 
171.000000	-0.486947 	0.001000  	-0.445947 
172.000000	-0.432841 	0.001000  	-0.400000 
173.000000	-0.378736 	0.001000  	-0.350000 
174.000000	-0.324631 	0.001000  	-0.300000 
175.000000	-0.270526 	0.001000  	-0.250000 
176.000000	-0.216421 	0.001000  	-0.200000 
177.000000	-0.162316 	0.001000  	-0.150000 
178.000000	-0.108210 	0.001000  	-0.100000 
179.000000	-0.054105 	0.001000  	-0.050000 
180.000000	0.000000  	0.001000  	0.000000  
! ------------------------------------------------------------------------------
! data for table	3         
! ------------------------------------------------------------------------------
  0.400000  	Re           ! Reynolds number in millions
  0.000000  	UserProp     ! User property (control) setting
Flase           InclUAdata   ! Is unsteady aerodynamics data included in this table? If TRUE, then include UA coefficients below this line. Any missing coefficients will be calculated internally.
! Table of aerodynamics coefficients
  361       	NumAlf       ! Number of data lines in the following table
!Alpha      Cl          Cd          Cm/Cp
!(deg)      (-)         (-)         (-)
-180.000000	0.000000  	0.001000  	0.000000  
-179.000000	0.054009  	0.001000  	0.040000  
-178.000000	0.108017  	0.001000  	0.080000  
-177.000000	0.162026  	0.001000  	0.120000  
-176.000000	0.216034  	0.001000  	0.160000  
-175.000000	0.270043  	0.001000  	0.200000  
-174.000000	0.324052  	0.001000  	0.240000  
-173.000000	0.378060  	0.001000  	0.280000  
-172.000000	0.432069  	0.001000  	0.320000  
-171.000000	0.486078  	0.001000  	0.358468  
-170.000000	0.540086  	0.001000  	0.396323  
-169.000000	0.594095  	0.001000  	0.427560  
-168.000000	0.648103  	0.001000  	0.455121  
-167.000000	0.702112  	0.007021  	0.482681  
-166.000000	0.756121  	0.017558  	0.510241  
-165.000000	0.810129  	0.029287  	0.537802  
-164.000000	0.864138  	0.042209  	0.565362  
-163.000000	0.918147  	0.055781  	0.592922  
-162.000000	0.972155  	0.070222  	0.620483  
-161.000000	1.026164  	0.085179  	0.645506  
-160.000000	1.080172  	0.101065  	0.665961  
-159.000000	1.134181  	0.117341  	0.682559  
-158.000000	1.188190  	0.134591  	0.689514  
-157.000000	1.242198  	0.152114  	0.696469  
-156.000000	1.296207  	0.170639  	0.703425  
-155.000000	1.350216  	0.189333  	0.710380  
-154.000000	1.404224  	0.209038  	0.717335  
-153.000000	1.458233  	0.228821  	0.724291  
-152.000000	1.512241  	0.249605  	0.731246  
-151.000000	1.566250  	0.270390  	0.738201  
-150.000000	1.522449  	0.292621  	0.726847  
-149.000000	1.478649  	0.314851  	0.715494  
-148.000000	1.434848  	0.337082  	0.704140  
-147.000000	1.391048  	0.359313  	0.692786  
-146.000000	1.352520  	0.382534  	0.677927  
-145.000000	1.316922  	0.406305  	0.661119  
-144.000000	1.281323  	0.430076  	0.644312  
-143.000000	1.245724  	0.453847  	0.627505  
-142.000000	1.211567  	0.477905  	0.612128  
-141.000000	1.181014  	0.502680  	0.600327  
-140.000000	1.150461  	0.527455  	0.588525  
-139.000000	1.119908  	0.552230  	0.576724  
-138.000000	1.089355  	0.577005  	0.564923  
-137.000000	1.061689  	0.602192  	0.558252  
-136.000000	1.034245  	0.627412  	0.551975  
-135.000000	1.006801  	0.652631  	0.545698  
-134.000000	0.979357  	0.677851  	0.539422  
-133.000000	0.952996  	0.703000  	0.533603  
-132.000000	0.927446  	0.728095  	0.528127  
-131.000000	0.901896  	0.753191  	0.522651  
-130.000000	0.876347  	0.778287  	0.517175  
-129.000000	0.851042  	0.803236  	0.512480  
-128.000000	0.826632  	0.827644  	0.510645  
-127.000000	0.802222  	0.852052  	0.508810  
-126.000000	0.777812  	0.876460  	0.506975  
-125.000000	0.753402  	0.900868  	0.505140  
-124.000000	0.729590  	0.924217  	0.503305  
-123.000000	0.705876  	0.947390  	0.501470  
-122.000000	0.682163  	0.970563  	0.499635  
-121.000000	0.658450  	0.993736  	0.497800  
-120.000000	0.634974  	1.016033  	0.496675  
-119.000000	0.611736  	1.037453  	0.496260  
-118.000000	0.588498  	1.058873  	0.495845  
-117.000000	0.565260  	1.080292  	0.495430  
-116.000000	0.542081  	1.101394  	0.495042  
-115.000000	0.519263  	1.120584  	0.494811  
-114.000000	0.496444  	1.139774  	0.494580  
-113.000000	0.473625  	1.158964  	0.494349  
-112.000000	0.450806  	1.178154  	0.494118  
-111.000000	0.428372  	1.195259  	0.493883  
-110.000000	0.406042  	1.211795  	0.493648  
-109.000000	0.383712  	1.228330  	0.493412  
-108.000000	0.361383  	1.244866  	0.493176  
-107.000000	0.339335  	1.260109  	0.492939  
-106.000000	0.317663  	1.273628  	0.492700  
-105.000000	0.295991  	1.287146  	0.492461  
-104.000000	0.274319  	1.300665  	0.492222  
-103.000000	0.252712  	1.313948  	0.491961  
-102.000000	0.231942  	1.324157  	0.491410  
-101.000000	0.211172  	1.334366  	0.490860  
-100.000000	0.190403  	1.344575  	0.490309  
-99.000000	0.169633  	1.354784  	0.489759  
-98.000000	0.149725  	1.362475  	0.488677  
-97.000000	0.130162  	1.369159  	0.487382  
-96.000000	0.110599  	1.375843  	0.486088  
-95.000000	0.091036  	1.382527  	0.484793  
-94.000000	0.072029  	1.387903  	0.483499  
-93.000000	0.054022  	1.390928  	0.482205  
-92.000000	0.036014  	1.393952  	0.480910  
-91.000000	0.018007  	1.396976  	0.479616  
-90.000000	0.000000  	1.400000  	0.478321  
-89.000000	-0.018007 	1.396976  	0.474887  
-88.000000	-0.036014 	1.393952  	0.471454  
-87.000000	-0.054022 	1.390928  	0.468020  
-86.000000	-0.072029 	1.387903  	0.464586  
-85.000000	-0.091036 	1.382527  	0.461152  
-84.000000	-0.110599 	1.375843  	0.457718  
-83.000000	-0.130162 	1.369159  	0.454284  
-82.000000	-0.149725 	1.362475  	0.450850  
-81.000000	-0.169633 	1.354784  	0.447258  
-80.000000	-0.190403 	1.344575  	0.443270  
-79.000000	-0.211172 	1.334366  	0.439282  
-78.000000	-0.231942 	1.324157  	0.435294  
-77.000000	-0.252712 	1.313948  	0.431306  
-76.000000	-0.274319 	1.300665  	0.427102  
-75.000000	-0.295991 	1.287146  	0.422882  
-74.000000	-0.317663 	1.273628  	0.418662  
-73.000000	-0.339335 	1.260109  	0.414442  
-72.000000	-0.361383 	1.244866  	0.410217  
-71.000000	-0.383712 	1.228330  	0.405988  
-70.000000	-0.406042 	1.211795  	0.401760  
-69.000000	-0.428372 	1.195259  	0.397531  
-68.000000	-0.450806 	1.178154  	0.393300  
-67.000000	-0.473625 	1.158964  	0.389059  
-66.000000	-0.496444 	1.139774  	0.384819  
-65.000000	-0.519263 	1.120584  	0.380578  
-64.000000	-0.542081 	1.101394  	0.376338  
-63.000000	-0.565260 	1.080292  	0.372148  
-62.000000	-0.588498 	1.058873  	0.367966  
-61.000000	-0.611736 	1.037453  	0.363784  
-60.000000	-0.634974 	1.016033  	0.359602  
-59.000000	-0.658450 	0.993736  	0.355646  
-58.000000	-0.682163 	0.970563  	0.351917  
-57.000000	-0.705876 	0.947390  	0.348188  
-56.000000	-0.729590 	0.924217  	0.344458  
-55.000000	-0.753402 	0.900868  	0.340729  
-54.000000	-0.777812 	0.876460  	0.336999  
-53.000000	-0.802222 	0.852052  	0.333270  
-52.000000	-0.826632 	0.827644  	0.329541  
-51.000000	-0.851042 	0.803236  	0.325811  
-50.000000	-0.876347 	0.778287  	0.322400  
-49.000000	-0.901896 	0.753191  	0.319076  
-48.000000	-0.927446 	0.728095  	0.315752  
-47.000000	-0.952996 	0.703000  	0.312428  
-46.000000	-0.979357 	0.677851  	0.309142  
-45.000000	-1.006801 	0.652631  	0.305908  
-44.000000	-1.034245 	0.627412  	0.302673  
-43.000000	-1.061689 	0.602192  	0.299438  
-42.000000	-1.089355 	0.577005  	0.296152  
-41.000000	-1.119908 	0.552230  	0.292209  
-40.000000	-1.150461 	0.527455  	0.288266  
-39.000000	-1.181014 	0.502680  	0.284323  
-38.000000	-1.211567 	0.477905  	0.280380  
-37.000000	-1.245724 	0.453847  	0.275978  
-36.000000	-1.281323 	0.430076  	0.271393  
-35.000000	-1.316922 	0.406305  	0.266807  
-34.000000	-1.352520 	0.382534  	0.262222  
-33.000000	-1.391048 	0.359313  	0.256866  
-32.000000	-1.434848 	0.337082  	0.250124  
-31.000000	-1.478649 	0.314851  	0.243381  
-30.000000	-1.522449 	0.292621  	0.236639  
-29.000000	-1.566250 	0.270390  	0.229896  
-28.000000	-1.519800 	0.258232  	0.215911  
-27.000000	-1.473350 	0.246073  	0.201926  
-26.000000	-1.426900 	0.233915  	0.187940  
-25.000000	-1.380450 	0.221756  	0.173955  
-24.000000	-1.334000 	0.209598  	0.159970  
-23.000000	-1.287550 	0.197439  	0.145985  
-22.000000	-1.241100 	0.185281  	0.132000  
-21.000000	-1.194650 	0.173123  	0.118014  
-20.000000	-1.148200 	0.160964  	0.105160  
-19.000000	-1.101750 	0.148806  	0.093626  
-18.000000	-1.055300 	0.136647  	0.083223  
-17.000000	-1.008850 	0.124489  	0.072820  
-16.000000	-0.962400 	0.112331  	0.062417  
-15.000000	-0.915950 	0.100172  	0.052015  
-14.000000	-0.869500 	0.088014  	0.041612  
-13.000000	-0.823050 	0.075855  	0.031209  
-12.000000	-0.776600 	0.063697  	0.000543  
-11.000000	-0.730150 	0.051538  	-0.038229 
-10.000000	-0.683700 	0.039380  	-0.077000 
-9.000000 	-0.543700 	0.039290  	-0.087200 
-8.000000 	-0.399200 	0.039060  	-0.098900 
-7.000000 	-0.259900 	0.039090  	-0.108500 
-6.000000 	-0.115300 	0.039170  	-0.119700 
-5.000000 	0.027800  	0.039190  	-0.130400 
-4.000000 	0.168900  	0.039400  	-0.140200 
-3.000000 	0.312200  	0.039650  	-0.150600 
-2.000000 	0.451600  	0.039940  	-0.159800 
-1.000000 	0.592900  	0.040280  	-0.169400 
0.000000  	0.731100  	0.040660  	-0.178100 
1.000000  	0.869100  	0.041110  	-0.186700 
2.000000  	1.005800  	0.041670  	-0.194900 
3.000000  	1.139700  	0.042260  	-0.202300 
4.000000  	1.272400  	0.042890  	-0.209400 
5.000000  	1.404400  	0.043570  	-0.216200 
6.000000  	1.533200  	0.044450  	-0.222200 
7.000000  	1.659500  	0.045250  	-0.227500 
8.000000  	1.783400  	0.046310  	-0.232400 
9.000000  	1.904000  	0.047480  	-0.236500 
10.000000 	2.018600  	0.048870  	-0.239200 
11.000000 	2.127900  	0.050640  	-0.241000 
12.000000 	2.222100  	0.053120  	-0.239500 
13.000000 	2.268400  	0.058540  	-0.228600 
14.000000 	2.277800  	0.067430  	-0.213500 
15.000000 	2.286800  	0.077940  	-0.203100 
16.000000 	2.287500  	0.090280  	-0.195700 
17.000000 	2.279200  	0.104960  	-0.191500 
18.000000 	2.262900  	0.120950  	-0.189800 
19.000000 	2.243400  	0.137920  	-0.191200 
20.000000 	2.225600  	0.154410  	-0.194700 
21.000000 	2.212400  	0.170500  	-0.200500 
22.000000 	2.205000  	0.185430  	-0.207400 
23.000000 	2.203700  	0.199510  	-0.215600 
24.000000 	2.205800  	0.212750  	-0.224600 
25.000000 	2.212000  	0.224940  	-0.233900 
26.000000 	2.217000  	0.237260  	-0.244300 
27.000000 	2.223400  	0.248950  	-0.255200 
28.000000 	2.230400  	0.260120  	-0.266400 
29.000000 	2.237500  	0.270390  	-0.278200 
30.000000 	2.174928  	0.292621  	-0.284502 
31.000000 	2.112356  	0.314851  	-0.290804 
32.000000 	2.049783  	0.337082  	-0.297106 
33.000000 	1.987211  	0.359313  	-0.303408 
34.000000 	1.932172  	0.382534  	-0.308952 
35.000000 	1.881316  	0.406305  	-0.314076 
36.000000 	1.830461  	0.430076  	-0.319199 
37.000000 	1.779606  	0.453847  	-0.324322 
38.000000 	1.730811  	0.477905  	-0.329058 
39.000000 	1.687163  	0.502680  	-0.332826 
40.000000 	1.643516  	0.527455  	-0.336594 
41.000000 	1.599869  	0.552230  	-0.340363 
42.000000 	1.556222  	0.577005  	-0.344131 
43.000000 	1.516699  	0.602192  	-0.346511 
44.000000 	1.477493  	0.627412  	-0.348784 
45.000000 	1.438287  	0.652631  	-0.351057 
46.000000 	1.399081  	0.677851  	-0.353331 
47.000000 	1.361422  	0.703000  	-0.355609 
48.000000 	1.324923  	0.728095  	-0.357891 
49.000000 	1.288423  	0.753191  	-0.360173 
50.000000 	1.251924  	0.778287  	-0.362455 
51.000000 	1.215774  	0.803236  	-0.364745 
52.000000 	1.180903  	0.827644  	-0.367065 
53.000000 	1.146031  	0.852052  	-0.369386 
54.000000 	1.111160  	0.876460  	-0.371707 
55.000000 	1.076289  	0.900868  	-0.374028 
56.000000 	1.042271  	0.924217  	-0.376349 
57.000000 	1.008395  	0.947390  	-0.378669 
58.000000 	0.974518  	0.970563  	-0.380990 
59.000000 	0.940642  	0.993736  	-0.383311 
60.000000 	0.907105  	1.016033  	-0.385883 
61.000000 	0.873908  	1.037453  	-0.388707 
62.000000 	0.840711  	1.058873  	-0.391530 
63.000000 	0.807514  	1.080292  	-0.394354 
64.000000 	0.774402  	1.101394  	-0.397187 
65.000000 	0.741804  	1.120584  	-0.400076 
66.000000 	0.709205  	1.139774  	-0.402965 
67.000000 	0.676607  	1.158964  	-0.405854 
68.000000 	0.644009  	1.178154  	-0.408743 
69.000000 	0.611959  	1.195259  	-0.411811 
70.000000 	0.580060  	1.211795  	-0.414928 
71.000000 	0.548161  	1.228330  	-0.418045 
72.000000 	0.516261  	1.244866  	-0.421163 
73.000000 	0.484765  	1.260109  	-0.424348 
74.000000 	0.453805  	1.273628  	-0.427624 
75.000000 	0.422845  	1.287146  	-0.430899 
76.000000 	0.391884  	1.300665  	-0.434175 
77.000000 	0.361017  	1.313948  	-0.437447 
78.000000 	0.331346  	1.324157  	-0.440672 
79.000000 	0.301675  	1.334366  	-0.443898 
80.000000 	0.272004  	1.344575  	-0.447123 
81.000000 	0.242333  	1.354784  	-0.450348 
82.000000 	0.213893  	1.362475  	-0.453487 
83.000000 	0.185946  	1.369159  	-0.456591 
84.000000 	0.157999  	1.375843  	-0.459695 
85.000000 	0.130052  	1.382527  	-0.462800 
86.000000 	0.102899  	1.387903  	-0.465904 
87.000000 	0.077174  	1.390928  	-0.469008 
88.000000 	0.051449  	1.393952  	-0.472113 
89.000000 	0.025725  	1.396976  	-0.475217 
90.000000 	0.000000  	1.400000  	-0.478321 
91.000000 	-0.018007 	1.396976  	-0.479616 
92.000000 	-0.036014 	1.393952  	-0.480910 
93.000000 	-0.054022 	1.390928  	-0.482205 
94.000000 	-0.072029 	1.387903  	-0.483499 
95.000000 	-0.091036 	1.382527  	-0.484793 
96.000000 	-0.110599 	1.375843  	-0.486088 
97.000000 	-0.130162 	1.369159  	-0.487382 
98.000000 	-0.149725 	1.362475  	-0.488677 
99.000000 	-0.169633 	1.354784  	-0.489759 
100.000000	-0.190403 	1.344575  	-0.490309 
101.000000	-0.211172 	1.334366  	-0.490860 
102.000000	-0.231942 	1.324157  	-0.491410 
103.000000	-0.252712 	1.313948  	-0.491961 
104.000000	-0.274319 	1.300665  	-0.492222 
105.000000	-0.295991 	1.287146  	-0.492461 
106.000000	-0.317663 	1.273628  	-0.492700 
107.000000	-0.339335 	1.260109  	-0.492939 
108.000000	-0.361383 	1.244866  	-0.493176 
109.000000	-0.383712 	1.228330  	-0.493412 
110.000000	-0.406042 	1.211795  	-0.493648 
111.000000	-0.428372 	1.195259  	-0.493883 
112.000000	-0.450806 	1.178154  	-0.494118 
113.000000	-0.473625 	1.158964  	-0.494349 
114.000000	-0.496444 	1.139774  	-0.494580 
115.000000	-0.519263 	1.120584  	-0.494811 
116.000000	-0.542081 	1.101394  	-0.495042 
117.000000	-0.565260 	1.080292  	-0.495430 
118.000000	-0.588498 	1.058873  	-0.495845 
119.000000	-0.611736 	1.037453  	-0.496260 
120.000000	-0.634974 	1.016033  	-0.496675 
121.000000	-0.658450 	0.993736  	-0.497800 
122.000000	-0.682163 	0.970563  	-0.499635 
123.000000	-0.705876 	0.947390  	-0.501470 
124.000000	-0.729590 	0.924217  	-0.503305 
125.000000	-0.753402 	0.900868  	-0.505140 
126.000000	-0.777812 	0.876460  	-0.506975 
127.000000	-0.802222 	0.852052  	-0.508810 
128.000000	-0.826632 	0.827644  	-0.510645 
129.000000	-0.851042 	0.803236  	-0.512480 
130.000000	-0.876347 	0.778287  	-0.517175 
131.000000	-0.901896 	0.753191  	-0.522651 
132.000000	-0.927446 	0.728095  	-0.528127 
133.000000	-0.952996 	0.703000  	-0.533603 
134.000000	-0.979357 	0.677851  	-0.539422 
135.000000	-1.006801 	0.652631  	-0.545698 
136.000000	-1.034245 	0.627412  	-0.551975 
137.000000	-1.061689 	0.602192  	-0.558252 
138.000000	-1.089355 	0.577005  	-0.564923 
139.000000	-1.119908 	0.552230  	-0.576724 
140.000000	-1.150461 	0.527455  	-0.588525 
141.000000	-1.181014 	0.502680  	-0.600327 
142.000000	-1.211567 	0.477905  	-0.612128 
143.000000	-1.245724 	0.453847  	-0.627505 
144.000000	-1.281323 	0.430076  	-0.644312 
145.000000	-1.316922 	0.406305  	-0.661119 
146.000000	-1.352520 	0.382534  	-0.677927 
147.000000	-1.391048 	0.359313  	-0.692786 
148.000000	-1.434848 	0.337082  	-0.704140 
149.000000	-1.478649 	0.314851  	-0.715494 
150.000000	-1.522449 	0.292621  	-0.726847 
151.000000	-1.566250 	0.270390  	-0.738201 
152.000000	-1.512241 	0.249605  	-0.731246 
153.000000	-1.458233 	0.228821  	-0.724291 
154.000000	-1.404224 	0.209038  	-0.717335 
155.000000	-1.350216 	0.189333  	-0.710380 
156.000000	-1.296207 	0.170639  	-0.703425 
157.000000	-1.242198 	0.152114  	-0.696469 
158.000000	-1.188190 	0.134591  	-0.689514 
159.000000	-1.134181 	0.117341  	-0.682559 
160.000000	-1.080172 	0.101065  	-0.670641 
161.000000	-1.026164 	0.085179  	-0.656737 
162.000000	-0.972155 	0.070222  	-0.640483 
163.000000	-0.918147 	0.055781  	-0.622922 
164.000000	-0.864138 	0.042209  	-0.605362 
165.000000	-0.810129 	0.029287  	-0.587802 
166.000000	-0.756121 	0.017558  	-0.570241 
167.000000	-0.702112 	0.007021  	-0.552681 
168.000000	-0.648103 	0.001000  	-0.535121 
169.000000	-0.594095 	0.001000  	-0.517560 
170.000000	-0.540086 	0.001000  	-0.490412 
171.000000	-0.486078 	0.001000  	-0.446005 
172.000000	-0.432069 	0.001000  	-0.400000 
173.000000	-0.378060 	0.001000  	-0.350000 
174.000000	-0.324052 	0.001000  	-0.300000 
175.000000	-0.270043 	0.001000  	-0.250000 
176.000000	-0.216034 	0.001000  	-0.200000 
177.000000	-0.162026 	0.001000  	-0.150000 
178.000000	-0.108017 	0.001000  	-0.100000 
179.000000	-0.054009 	0.001000  	-0.050000 
180.000000	0.000000  	0.001000  	0.000000  
! ------------------------------------------------------------------------------
! data for table	4         
! ------------------------------------------------------------------------------
  0.500000  	Re           ! Reynolds number in millions
  0.000000  	UserProp     ! User property (control) setting
Flase           InclUAdata   ! Is unsteady aerodynamics data included in this table? If TRUE, then include UA coefficients below this line. Any missing coefficients will be calculated internally.
! Table of aerodynamics coefficients
  361       	NumAlf       ! Number of data lines in the following table
!Alpha      Cl          Cd          Cm/Cp
!(deg)      (-)         (-)         (-)
-180.000000	0.000000  	0.001000  	0.000000  
-179.000000	0.054067  	0.001000  	0.040000  
-178.000000	0.108133  	0.001000  	0.080000  
-177.000000	0.162200  	0.001000  	0.120000  
-176.000000	0.216266  	0.001000  	0.160000  
-175.000000	0.270333  	0.001000  	0.200000  
-174.000000	0.324399  	0.001000  	0.240000  
-173.000000	0.378466  	0.001000  	0.280000  
-172.000000	0.432532  	0.001000  	0.320000  
-171.000000	0.486599  	0.001000  	0.358505  
-170.000000	0.540666  	0.001000  	0.396411  
-169.000000	0.594732  	0.001009  	0.427858  
-168.000000	0.648799  	0.001024  	0.455715  
-167.000000	0.702865  	0.007504  	0.483573  
-166.000000	0.756932  	0.018833  	0.511430  
-165.000000	0.810998  	0.030954  	0.539288  
-164.000000	0.865065  	0.043868  	0.567146  
-163.000000	0.919131  	0.057432  	0.595003  
-162.000000	0.973198  	0.071864  	0.622861  
-161.000000	1.027264  	0.086812  	0.648144  
-160.000000	1.081331  	0.102688  	0.668792  
-159.000000	1.135398  	0.118953  	0.685528  
-158.000000	1.189464  	0.136191  	0.692479  
-157.000000	1.243531  	0.153703  	0.699431  
-156.000000	1.297597  	0.172216  	0.706383  
-155.000000	1.351664  	0.190897  	0.713334  
-154.000000	1.405730  	0.210590  	0.720286  
-153.000000	1.459797  	0.230359  	0.727237  
-152.000000	1.513863  	0.251129  	0.734189  
-151.000000	1.567930  	0.271900  	0.741141  
-150.000000	1.524054  	0.294115  	0.729743  
-149.000000	1.480178  	0.316330  	0.718346  
-148.000000	1.436302  	0.338545  	0.706948  
-147.000000	1.392426  	0.360760  	0.695550  
-146.000000	1.353832  	0.383964  	0.680639  
-145.000000	1.318174  	0.407718  	0.663776  
-144.000000	1.282515  	0.431472  	0.646912  
-143.000000	1.246857  	0.455226  	0.630049  
-142.000000	1.212643  	0.479266  	0.614620  
-141.000000	1.182041  	0.504021  	0.602775  
-140.000000	1.151439  	0.528777  	0.590931  
-139.000000	1.120836  	0.553532  	0.579087  
-138.000000	1.090234  	0.578288  	0.567243  
-137.000000	1.062527  	0.603455  	0.560541  
-136.000000	1.035042  	0.628653  	0.554235  
-135.000000	1.007557  	0.653851  	0.547929  
-134.000000	0.980073  	0.679050  	0.541623  
-133.000000	0.953674  	0.704177  	0.535776  
-132.000000	0.928090  	0.729250  	0.530273  
-131.000000	0.902507  	0.754323  	0.524770  
-130.000000	0.876923  	0.779396  	0.519267  
-129.000000	0.851585  	0.804322  	0.514545  
-128.000000	0.827146  	0.828706  	0.512691  
-127.000000	0.802708  	0.853090  	0.510837  
-126.000000	0.778269  	0.877474  	0.508982  
-125.000000	0.753830  	0.901858  	0.507128  
-124.000000	0.729993  	0.925182  	0.505274  
-123.000000	0.706255  	0.948330  	0.503420  
-122.000000	0.682517  	0.971478  	0.501565  
-121.000000	0.658780  	0.994625  	0.499711  
-120.000000	0.635282  	1.016896  	0.498568  
-119.000000	0.612024  	1.038289  	0.498137  
-118.000000	0.588765  	1.059682  	0.497706  
-117.000000	0.565507  	1.081076  	0.497275  
-116.000000	0.542309  	1.102151  	0.496870  
-115.000000	0.519474  	1.121313  	0.496624  
-114.000000	0.496638  	1.140476  	0.496377  
-113.000000	0.473803  	1.159638  	0.496130  
-112.000000	0.450967  	1.178801  	0.495884  
-111.000000	0.428519  	1.195877  	0.495634  
-110.000000	0.406176  	1.212385  	0.495384  
-109.000000	0.383833  	1.228892  	0.495133  
-108.000000	0.361491  	1.245399  	0.494882  
-107.000000	0.339431  	1.260614  	0.494631  
-106.000000	0.317749  	1.274103  	0.494377  
-105.000000	0.296067  	1.287593  	0.494124  
-104.000000	0.274384  	1.301083  	0.493871  
-103.000000	0.252767  	1.314336  	0.493595  
-102.000000	0.231990  	1.324516  	0.493031  
-101.000000	0.211213  	1.334695  	0.492466  
-100.000000	0.190437  	1.344875  	0.491902  
-99.000000	0.169660  	1.355054  	0.491337  
-98.000000	0.149747  	1.362715  	0.490242  
-97.000000	0.130180  	1.369369  	0.488934  
-96.000000	0.110613  	1.376023  	0.487626  
-95.000000	0.091045  	1.382677  	0.486318  
-94.000000	0.072035  	1.388024  	0.485010  
-93.000000	0.054026  	1.391018  	0.483702  
-92.000000	0.036017  	1.394012  	0.482394  
-91.000000	0.018009  	1.397006  	0.481086  
-90.000000	0.000000  	1.400000  	0.479778  
-89.000000	-0.018009 	1.397006  	0.476346  
-88.000000	-0.036017 	1.394012  	0.472913  
-87.000000	-0.054026 	1.391018  	0.469481  
-86.000000	-0.072035 	1.388024  	0.466049  
-85.000000	-0.091045 	1.382677  	0.462616  
-84.000000	-0.110613 	1.376023  	0.459184  
-83.000000	-0.130180 	1.369369  	0.455752  
-82.000000	-0.149747 	1.362715  	0.452319  
-81.000000	-0.169660 	1.355054  	0.448729  
-80.000000	-0.190437 	1.344875  	0.444741  
-79.000000	-0.211213 	1.334695  	0.440754  
-78.000000	-0.231990 	1.324516  	0.436767  
-77.000000	-0.252767 	1.314336  	0.432780  
-76.000000	-0.274384 	1.301083  	0.428577  
-75.000000	-0.296067 	1.287593  	0.424358  
-74.000000	-0.317749 	1.274103  	0.420138  
-73.000000	-0.339431 	1.260614  	0.415919  
-72.000000	-0.361491 	1.245399  	0.411694  
-71.000000	-0.383833 	1.228892  	0.407466  
-70.000000	-0.406176 	1.212385  	0.403237  
-69.000000	-0.428519 	1.195877  	0.399009  
-68.000000	-0.450967 	1.178801  	0.394778  
-67.000000	-0.473803 	1.159638  	0.390537  
-66.000000	-0.496638 	1.140476  	0.386296  
-65.000000	-0.519474 	1.121313  	0.382055  
-64.000000	-0.542309 	1.102151  	0.377813  
-63.000000	-0.565507 	1.081076  	0.373622  
-62.000000	-0.588765 	1.059682  	0.369439  
-61.000000	-0.612024 	1.038289  	0.365257  
-60.000000	-0.635282 	1.016896  	0.361074  
-59.000000	-0.658780 	0.994625  	0.357116  
-58.000000	-0.682517 	0.971478  	0.353383  
-57.000000	-0.706255 	0.948330  	0.349650  
-56.000000	-0.729993 	0.925182  	0.345917  
-55.000000	-0.753830 	0.901858  	0.342185  
-54.000000	-0.778269 	0.877474  	0.338452  
-53.000000	-0.802708 	0.853090  	0.334719  
-52.000000	-0.827146 	0.828706  	0.330986  
-51.000000	-0.851585 	0.804322  	0.327253  
-50.000000	-0.876923 	0.779396  	0.323835  
-49.000000	-0.902507 	0.754323  	0.320502  
-48.000000	-0.928090 	0.729250  	0.317169  
-47.000000	-0.953674 	0.704177  	0.313835  
-46.000000	-0.980073 	0.679050  	0.310540  
-45.000000	-1.007557 	0.653851  	0.307295  
-44.000000	-1.035042 	0.628653  	0.304050  
-43.000000	-1.062527 	0.603455  	0.300805  
-42.000000	-1.090234 	0.578288  	0.297508  
-41.000000	-1.120836 	0.553532  	0.293545  
-40.000000	-1.151439 	0.528777  	0.289582  
-39.000000	-1.182041 	0.504021  	0.285618  
-38.000000	-1.212643 	0.479266  	0.281655  
-37.000000	-1.246857 	0.455226  	0.277227  
-36.000000	-1.282515 	0.431472  	0.272613  
-35.000000	-1.318174 	0.407718  	0.267998  
-34.000000	-1.353832 	0.383964  	0.263384  
-33.000000	-1.392426 	0.360760  	0.258000  
-32.000000	-1.436302 	0.338545  	0.251230  
-31.000000	-1.480178 	0.316330  	0.244460  
-30.000000	-1.524054 	0.294115  	0.237690  
-29.000000	-1.567930 	0.271900  	0.230920  
-28.000000	-1.520881 	0.259589  	0.216912  
-27.000000	-1.473832 	0.247279  	0.202905  
-26.000000	-1.426783 	0.234968  	0.188897  
-25.000000	-1.379734 	0.222658  	0.174889  
-24.000000	-1.332685 	0.210347  	0.160882  
-23.000000	-1.285636 	0.198037  	0.146874  
-22.000000	-1.238587 	0.185726  	0.132867  
-21.000000	-1.191538 	0.173416  	0.118859  
-20.000000	-1.144489 	0.161105  	0.105964  
-19.000000	-1.097441 	0.148795  	0.094366  
-18.000000	-1.050392 	0.136484  	0.083881  
-17.000000	-1.003343 	0.124174  	0.073396  
-16.000000	-0.956294 	0.111863  	0.062911  
-15.000000	-0.909245 	0.099553  	0.052426  
-14.000000	-0.862196 	0.087242  	0.041941  
-13.000000	-0.815147 	0.074932  	0.031455  
-12.000000	-0.768098 	0.062621  	-0.000319 
-11.000000	-0.721049 	0.050311  	-0.040610 
-10.000000	-0.674000 	0.038000  	-0.080900 
-9.000000 	-0.538100 	0.038000  	-0.089800 
-8.000000 	-0.396100 	0.038130  	-0.100300 
-7.000000 	-0.250700 	0.038260  	-0.111700 
-6.000000 	-0.109300 	0.038370  	-0.121900 
-5.000000 	0.033600  	0.038580  	-0.132200 
-4.000000 	0.176800  	0.038810  	-0.142600 
-3.000000 	0.318000  	0.039070  	-0.152300 
-2.000000 	0.459800  	0.039400  	-0.162100 
-1.000000 	0.599200  	0.039775  	-0.171150 
0.000000  	0.738600  	0.040150  	-0.180200 
1.000000  	0.876300  	0.040600  	-0.188700 
2.000000  	1.012700  	0.041100  	-0.196800 
3.000000  	1.148400  	0.041580  	-0.204600 
4.000000  	1.282300  	0.042140  	-0.211900 
5.000000  	1.413000  	0.042830  	-0.218400 
6.000000  	1.541700  	0.043555  	-0.224350 
7.000000  	1.670400  	0.044280  	-0.230300 
8.000000  	1.794800  	0.045180  	-0.235100 
9.000000  	1.913400  	0.046405  	-0.238700 
10.000000 	2.032000  	0.047630  	-0.242300 
11.000000 	2.142100  	0.049170  	-0.244000 
12.000000 	2.239100  	0.051590  	-0.243100 
13.000000 	2.280600  	0.057460  	-0.230900 
14.000000 	2.295000  	0.066360  	-0.216700 
15.000000 	2.307300  	0.076810  	-0.206600 
16.000000 	2.309100  	0.089340  	-0.199200 
17.000000 	2.303800  	0.103630  	-0.194700 
18.000000 	2.281000  	0.120550  	-0.192600 
19.000000 	2.261300  	0.137270  	-0.193300 
20.000000 	2.236000  	0.154790  	-0.196700 
21.000000 	2.222800  	0.170700  	-0.202000 
22.000000 	2.212600  	0.186080  	-0.209000 
23.000000 	2.208000  	0.200480  	-0.217000 
24.000000 	2.211500  	0.213470  	-0.225700 
25.000000 	2.211900  	0.226680  	-0.235600 
26.000000 	2.216400  	0.238880  	-0.245900 
27.000000 	2.224600  	0.250230  	-0.256400 
28.000000 	2.232600  	0.261210  	-0.267500 
29.000000 	2.239900  	0.271900  	-0.279000 
30.000000 	2.177220  	0.294115  	-0.285349 
31.000000 	2.114540  	0.316330  	-0.291699 
32.000000 	2.051860  	0.338545  	-0.298048 
33.000000 	1.989180  	0.360760  	-0.304397 
34.000000 	1.934046  	0.383964  	-0.309985 
35.000000 	1.883105  	0.407718  	-0.315148 
36.000000 	1.832164  	0.431472  	-0.320312 
37.000000 	1.781224  	0.455226  	-0.325476 
38.000000 	1.732347  	0.479266  	-0.330249 
39.000000 	1.688629  	0.504021  	-0.334045 
40.000000 	1.644912  	0.528777  	-0.337842 
41.000000 	1.601195  	0.553532  	-0.341638 
42.000000 	1.557478  	0.578288  	-0.345434 
43.000000 	1.517896  	0.603455  	-0.347830 
44.000000 	1.478632  	0.628653  	-0.350117 
45.000000 	1.439368  	0.653851  	-0.352405 
46.000000 	1.400104  	0.679050  	-0.354693 
47.000000 	1.362392  	0.704177  	-0.356984 
48.000000 	1.325843  	0.729250  	-0.359278 
49.000000 	1.289295  	0.754323  	-0.361573 
50.000000 	1.252747  	0.779396  	-0.363867 
51.000000 	1.216550  	0.804322  	-0.366169 
52.000000 	1.181637  	0.828706  	-0.368494 
53.000000 	1.146725  	0.853090  	-0.370820 
54.000000 	1.111813  	0.877474  	-0.373146 
55.000000 	1.076900  	0.901858  	-0.375471 
56.000000 	1.042847  	0.925182  	-0.377797 
57.000000 	1.008936  	0.948330  	-0.380122 
58.000000 	0.975025  	0.971478  	-0.382448 
59.000000 	0.941114  	0.994625  	-0.384774 
60.000000 	0.907546  	1.016896  	-0.387349 
61.000000 	0.874320  	1.038289  	-0.390174 
62.000000 	0.841094  	1.059682  	-0.393000 
63.000000 	0.807867  	1.081076  	-0.395825 
64.000000 	0.774728  	1.102151  	-0.398659 
65.000000 	0.742106  	1.121313  	-0.401549 
66.000000 	0.709483  	1.140476  	-0.404439 
67.000000 	0.676861  	1.159638  	-0.407329 
68.000000 	0.644239  	1.178801  	-0.410219 
69.000000 	0.612170  	1.195877  	-0.413288 
70.000000 	0.580252  	1.212385  	-0.416405 
71.000000 	0.548333  	1.228892  	-0.419522 
72.000000 	0.516415  	1.245399  	-0.422640 
73.000000 	0.484901  	1.260614  	-0.425824 
74.000000 	0.453927  	1.274103  	-0.429100 
75.000000 	0.422952  	1.287593  	-0.432375 
76.000000 	0.391978  	1.301083  	-0.435650 
77.000000 	0.361096  	1.314336  	-0.438921 
78.000000 	0.331415  	1.324516  	-0.442146 
79.000000 	0.301734  	1.334695  	-0.445370 
80.000000 	0.272052  	1.344875  	-0.448594 
81.000000 	0.242371  	1.355054  	-0.451818 
82.000000 	0.213924  	1.362715  	-0.454956 
83.000000 	0.185971  	1.369369  	-0.458059 
84.000000 	0.158018  	1.376023  	-0.461162 
85.000000 	0.130065  	1.382677  	-0.464264 
86.000000 	0.102907  	1.388024  	-0.467367 
87.000000 	0.077180  	1.391018  	-0.470470 
88.000000 	0.051453  	1.394012  	-0.473573 
89.000000 	0.025727  	1.397006  	-0.476675 
90.000000 	0.000000  	1.400000  	-0.479778 
91.000000 	-0.018009 	1.397006  	-0.481086 
92.000000 	-0.036017 	1.394012  	-0.482394 
93.000000 	-0.054026 	1.391018  	-0.483702 
94.000000 	-0.072035 	1.388024  	-0.485010 
95.000000 	-0.091045 	1.382677  	-0.486318 
96.000000 	-0.110613 	1.376023  	-0.487626 
97.000000 	-0.130180 	1.369369  	-0.488934 
98.000000 	-0.149747 	1.362715  	-0.490242 
99.000000 	-0.169660 	1.355054  	-0.491337 
100.000000	-0.190437 	1.344875  	-0.491902 
101.000000	-0.211213 	1.334695  	-0.492466 
102.000000	-0.231990 	1.324516  	-0.493031 
103.000000	-0.252767 	1.314336  	-0.493595 
104.000000	-0.274384 	1.301083  	-0.493871 
105.000000	-0.296067 	1.287593  	-0.494124 
106.000000	-0.317749 	1.274103  	-0.494377 
107.000000	-0.339431 	1.260614  	-0.494631 
108.000000	-0.361491 	1.245399  	-0.494882 
109.000000	-0.383833 	1.228892  	-0.495133 
110.000000	-0.406176 	1.212385  	-0.495384 
111.000000	-0.428519 	1.195877  	-0.495634 
112.000000	-0.450967 	1.178801  	-0.495884 
113.000000	-0.473803 	1.159638  	-0.496130 
114.000000	-0.496638 	1.140476  	-0.496377 
115.000000	-0.519474 	1.121313  	-0.496624 
116.000000	-0.542309 	1.102151  	-0.496870 
117.000000	-0.565507 	1.081076  	-0.497275 
118.000000	-0.588765 	1.059682  	-0.497706 
119.000000	-0.612024 	1.038289  	-0.498137 
120.000000	-0.635282 	1.016896  	-0.498568 
121.000000	-0.658780 	0.994625  	-0.499711 
122.000000	-0.682517 	0.971478  	-0.501565 
123.000000	-0.706255 	0.948330  	-0.503420 
124.000000	-0.729993 	0.925182  	-0.505274 
125.000000	-0.753830 	0.901858  	-0.507128 
126.000000	-0.778269 	0.877474  	-0.508982 
127.000000	-0.802708 	0.853090  	-0.510837 
128.000000	-0.827146 	0.828706  	-0.512691 
129.000000	-0.851585 	0.804322  	-0.514545 
130.000000	-0.876923 	0.779396  	-0.519267 
131.000000	-0.902507 	0.754323  	-0.524770 
132.000000	-0.928090 	0.729250  	-0.530273 
133.000000	-0.953674 	0.704177  	-0.535776 
134.000000	-0.980073 	0.679050  	-0.541623 
135.000000	-1.007557 	0.653851  	-0.547929 
136.000000	-1.035042 	0.628653  	-0.554235 
137.000000	-1.062527 	0.603455  	-0.560541 
138.000000	-1.090234 	0.578288  	-0.567243 
139.000000	-1.120836 	0.553532  	-0.579087 
140.000000	-1.151439 	0.528777  	-0.590931 
141.000000	-1.182041 	0.504021  	-0.602775 
142.000000	-1.212643 	0.479266  	-0.614620 
143.000000	-1.246857 	0.455226  	-0.630049 
144.000000	-1.282515 	0.431472  	-0.646912 
145.000000	-1.318174 	0.407718  	-0.663776 
146.000000	-1.353832 	0.383964  	-0.680639 
147.000000	-1.392426 	0.360760  	-0.695550 
148.000000	-1.436302 	0.338545  	-0.706948 
149.000000	-1.480178 	0.316330  	-0.718346 
150.000000	-1.524054 	0.294115  	-0.729743 
151.000000	-1.567930 	0.271900  	-0.741141 
152.000000	-1.513863 	0.251129  	-0.734189 
153.000000	-1.459797 	0.230359  	-0.727237 
154.000000	-1.405730 	0.210590  	-0.720286 
155.000000	-1.351664 	0.190897  	-0.713334 
156.000000	-1.297597 	0.172216  	-0.706383 
157.000000	-1.243531 	0.153703  	-0.699431 
158.000000	-1.189464 	0.136191  	-0.692479 
159.000000	-1.135398 	0.118953  	-0.685528 
160.000000	-1.081331 	0.102688  	-0.673472 
161.000000	-1.027264 	0.086812  	-0.659375 
162.000000	-0.973198 	0.071864  	-0.642861 
163.000000	-0.919131 	0.057432  	-0.625003 
164.000000	-0.865065 	0.043868  	-0.607146 
165.000000	-0.810998 	0.030954  	-0.589288 
166.000000	-0.756932 	0.018833  	-0.571430 
167.000000	-0.702865 	0.007504  	-0.553573 
168.000000	-0.648799 	0.001024  	-0.535715 
169.000000	-0.594732 	0.001009  	-0.517858 
170.000000	-0.540666 	0.001000  	-0.490500 
171.000000	-0.486599 	0.001000  	-0.446042 
172.000000	-0.432532 	0.001000  	-0.400000 
173.000000	-0.378466 	0.001000  	-0.350000 
174.000000	-0.324399 	0.001000  	-0.300000 
175.000000	-0.270333 	0.001000  	-0.250000 
176.000000	-0.216266 	0.001000  	-0.200000 
177.000000	-0.162200 	0.001000  	-0.150000 
178.000000	-0.108133 	0.001000  	-0.100000 
179.000000	-0.054067 	0.001000  	-0.050000 
180.000000	0.000000  	0.001000  	0.000000  
! ------------------------------------------------------------------------------
! data for table	5         
! ------------------------------------------------------------------------------
  0.600000  	Re           ! Reynolds number in millions
  0.000000  	UserProp     ! User property (control) setting
Flase           InclUAdata   ! Is unsteady aerodynamics data included in this table? If TRUE, then include UA coefficients below this line. Any missing coefficients will be calculated internally.
! Table of aerodynamics coefficients
  361       	NumAlf       ! Number of data lines in the following table
!Alpha      Cl          Cd          Cm/Cp
!(deg)      (-)         (-)         (-)
-180.000000	0.000000  	0.001000  	0.000000  
-179.000000	0.054166  	0.001000  	0.040000  
-178.000000	0.108331  	0.001000  	0.080000  
-177.000000	0.162497  	0.001000  	0.120000  
-176.000000	0.216662  	0.001000  	0.160000  
-175.000000	0.270828  	0.001000  	0.200000  
-174.000000	0.324993  	0.001000  	0.240000  
-173.000000	0.379159  	0.001000  	0.280000  
-172.000000	0.433324  	0.001000  	0.320000  
-171.000000	0.487490  	0.001000  	0.358543  
-170.000000	0.541655  	0.001000  	0.396503  
-169.000000	0.595821  	0.001110  	0.428167  
-168.000000	0.649986  	0.001281  	0.456334  
-167.000000	0.704152  	0.007827  	0.484501  
-166.000000	0.758317  	0.019155  	0.512668  
-165.000000	0.812483  	0.031275  	0.540835  
-164.000000	0.866648  	0.044187  	0.569002  
-163.000000	0.920814  	0.057749  	0.597169  
-162.000000	0.974979  	0.072179  	0.625336  
-161.000000	1.029145  	0.087125  	0.650889  
-160.000000	1.083310  	0.102999  	0.671738  
-159.000000	1.137476  	0.119262  	0.688614  
-158.000000	1.191641  	0.136499  	0.695559  
-157.000000	1.245807  	0.154008  	0.702503  
-156.000000	1.299972  	0.172519  	0.709448  
-155.000000	1.354138  	0.191198  	0.716392  
-154.000000	1.408303  	0.210888  	0.723337  
-153.000000	1.462469  	0.230654  	0.730281  
-152.000000	1.516634  	0.251422  	0.737226  
-151.000000	1.570800  	0.272190  	0.744170  
-150.000000	1.526795  	0.294402  	0.732705  
-149.000000	1.482790  	0.316614  	0.721239  
-148.000000	1.438785  	0.338826  	0.709773  
-147.000000	1.394780  	0.361038  	0.698308  
-146.000000	1.356074  	0.384239  	0.683317  
-145.000000	1.320313  	0.407990  	0.666367  
-144.000000	1.284552  	0.431740  	0.649418  
-143.000000	1.248791  	0.455490  	0.632468  
-142.000000	1.214479  	0.479527  	0.616959  
-141.000000	1.183794  	0.504279  	0.605050  
-140.000000	1.153108  	0.529031  	0.593140  
-139.000000	1.122422  	0.553782  	0.581231  
-138.000000	1.091736  	0.578534  	0.569322  
-137.000000	1.063958  	0.603697  	0.562578  
-136.000000	1.036404  	0.628891  	0.556231  
-135.000000	1.008849  	0.654086  	0.549883  
-134.000000	0.981295  	0.679280  	0.543536  
-133.000000	0.954833  	0.704403  	0.537650  
-132.000000	0.929191  	0.729472  	0.532108  
-131.000000	0.903549  	0.754540  	0.526567  
-130.000000	0.877907  	0.779609  	0.521026  
-129.000000	0.852512  	0.804531  	0.516270  
-128.000000	0.828025  	0.828910  	0.514393  
-127.000000	0.803537  	0.853289  	0.512517  
-126.000000	0.779049  	0.877669  	0.510640  
-125.000000	0.754561  	0.902048  	0.508763  
-124.000000	0.730681  	0.925368  	0.506886  
-123.000000	0.706902  	0.948510  	0.505009  
-122.000000	0.683123  	0.971653  	0.503132  
-121.000000	0.659344  	0.994796  	0.501255  
-120.000000	0.635809  	1.017061  	0.500094  
-119.000000	0.612516  	1.038450  	0.499647  
-118.000000	0.589223  	1.059838  	0.499201  
-117.000000	0.565930  	1.081226  	0.498755  
-116.000000	0.542699  	1.102296  	0.498335  
-115.000000	0.519835  	1.121453  	0.498075  
-114.000000	0.496971  	1.140610  	0.497814  
-113.000000	0.474107  	1.159768  	0.497553  
-112.000000	0.451243  	1.178925  	0.497292  
-111.000000	0.428771  	1.195996  	0.497030  
-110.000000	0.406406  	1.212498  	0.496768  
-109.000000	0.384040  	1.229000  	0.496505  
-108.000000	0.361675  	1.245502  	0.496243  
-107.000000	0.339595  	1.260710  	0.495980  
-106.000000	0.317895  	1.274195  	0.495716  
-105.000000	0.296196  	1.287679  	0.495452  
-104.000000	0.274496  	1.301163  	0.495189  
-103.000000	0.252862  	1.314411  	0.494903  
-102.000000	0.232073  	1.324584  	0.494328  
-101.000000	0.211284  	1.334758  	0.493754  
-100.000000	0.190495  	1.344932  	0.493179  
-99.000000	0.169706  	1.355106  	0.492605  
-98.000000	0.149784  	1.362762  	0.491500  
-97.000000	0.130210  	1.369410  	0.490183  
-96.000000	0.110635  	1.376058  	0.488866  
-95.000000	0.091060  	1.382706  	0.487549  
-94.000000	0.072044  	1.388047  	0.486232  
-93.000000	0.054033  	1.391035  	0.484915  
-92.000000	0.036022  	1.394023  	0.483598  
-91.000000	0.018011  	1.397012  	0.482281  
-90.000000	0.000000  	1.400000  	0.480964  
-89.000000	-0.018011 	1.397012  	0.477526  
-88.000000	-0.036022 	1.394023  	0.474088  
-87.000000	-0.054033 	1.391035  	0.470650  
-86.000000	-0.072044 	1.388047  	0.467211  
-85.000000	-0.091060 	1.382706  	0.463773  
-84.000000	-0.110635 	1.376058  	0.460335  
-83.000000	-0.130210 	1.369410  	0.456897  
-82.000000	-0.149784 	1.362762  	0.453459  
-81.000000	-0.169706 	1.355106  	0.449863  
-80.000000	-0.190495 	1.344932  	0.445871  
-79.000000	-0.211284 	1.334758  	0.441879  
-78.000000	-0.232073 	1.324584  	0.437887  
-77.000000	-0.252862 	1.314411  	0.433895  
-76.000000	-0.274496 	1.301163  	0.429687  
-75.000000	-0.296196 	1.287679  	0.425463  
-74.000000	-0.317895 	1.274195  	0.421239  
-73.000000	-0.339595 	1.260710  	0.417016  
-72.000000	-0.361675 	1.245502  	0.412787  
-71.000000	-0.384040 	1.229000  	0.408555  
-70.000000	-0.406406 	1.212498  	0.404322  
-69.000000	-0.428771 	1.195996  	0.400090  
-68.000000	-0.451243 	1.178925  	0.395855  
-67.000000	-0.474107 	1.159768  	0.391611  
-66.000000	-0.496971 	1.140610  	0.387367  
-65.000000	-0.519835 	1.121453  	0.383123  
-64.000000	-0.542699 	1.102296  	0.378879  
-63.000000	-0.565930 	1.081226  	0.374684  
-62.000000	-0.589223 	1.059838  	0.370499  
-61.000000	-0.612516 	1.038450  	0.366313  
-60.000000	-0.635809 	1.017061  	0.362127  
-59.000000	-0.659344 	0.994796  	0.358166  
-58.000000	-0.683123 	0.971653  	0.354430  
-57.000000	-0.706902 	0.948510  	0.350694  
-56.000000	-0.730681 	0.925368  	0.346958  
-55.000000	-0.754561 	0.902048  	0.343222  
-54.000000	-0.779049 	0.877669  	0.339486  
-53.000000	-0.803537 	0.853289  	0.335750  
-52.000000	-0.828025 	0.828910  	0.332014  
-51.000000	-0.852512 	0.804531  	0.328278  
-50.000000	-0.877907 	0.779609  	0.324852  
-49.000000	-0.903549 	0.754540  	0.321511  
-48.000000	-0.929191 	0.729472  	0.318170  
-47.000000	-0.954833 	0.704403  	0.314829  
-46.000000	-0.981295 	0.679280  	0.311526  
-45.000000	-1.008849 	0.654086  	0.308272  
-44.000000	-1.036404 	0.628891  	0.305017  
-43.000000	-1.063958 	0.603697  	0.301763  
-42.000000	-1.091736 	0.578534  	0.298457  
-41.000000	-1.122422 	0.553782  	0.294473  
-40.000000	-1.153108 	0.529031  	0.290488  
-39.000000	-1.183794 	0.504279  	0.286503  
-38.000000	-1.214479 	0.479527  	0.282519  
-37.000000	-1.248791 	0.455490  	0.278061  
-36.000000	-1.284552 	0.431740  	0.273415  
-35.000000	-1.320313 	0.407990  	0.268768  
-34.000000	-1.356074 	0.384239  	0.264121  
-33.000000	-1.394780 	0.361038  	0.258704  
-32.000000	-1.438785 	0.338826  	0.251899  
-31.000000	-1.482790 	0.316614  	0.245094  
-30.000000	-1.526795 	0.294402  	0.238289  
-29.000000	-1.570800 	0.272190  	0.231484  
-28.000000	-1.523753 	0.259827  	0.217434  
-27.000000	-1.476705 	0.247464  	0.203383  
-26.000000	-1.429658 	0.235101  	0.189333  
-25.000000	-1.382611 	0.222737  	0.175282  
-24.000000	-1.335563 	0.210374  	0.161232  
-23.000000	-1.288516 	0.198011  	0.147181  
-22.000000	-1.241468 	0.185648  	0.133131  
-21.000000	-1.194421 	0.173285  	0.119080  
-20.000000	-1.147374 	0.160922  	0.106150  
-19.000000	-1.100326 	0.148558  	0.094527  
-18.000000	-1.053279 	0.136195  	0.084024  
-17.000000	-1.006232 	0.123832  	0.073521  
-16.000000	-0.959184 	0.111469  	0.063018  
-15.000000	-0.912137 	0.099106  	0.052515  
-14.000000	-0.865089 	0.086743  	0.042012  
-13.000000	-0.818042 	0.074379  	0.031509  
-12.000000	-0.770995 	0.062016  	-0.000152 
-11.000000	-0.723947 	0.049653  	-0.040276 
-10.000000	-0.676900 	0.037290  	-0.080400 
-9.000000 	-0.533700 	0.037490  	-0.091400 
-8.000000 	-0.391800 	0.037570  	-0.101900 
-7.000000 	-0.248500 	0.037770  	-0.112600 
-6.000000 	-0.104200 	0.038020  	-0.123500 
-5.000000 	0.038200  	0.038220  	-0.133700 
-4.000000 	0.180600  	0.038500  	-0.143800 
-3.000000 	0.322700  	0.038790  	-0.153700 
-2.000000 	0.463800  	0.039100  	-0.163300 
-1.000000 	0.604600  	0.039420  	-0.172700 
0.000000  	0.743900  	0.039790  	-0.181600 
1.000000  	0.882200  	0.040200  	-0.190200 
2.000000  	1.019100  	0.040650  	-0.198400 
3.000000  	1.154400  	0.041140  	-0.206100 
4.000000  	1.287500  	0.041740  	-0.213300 
5.000000  	1.420700  	0.042190  	-0.220300 
6.000000  	1.550400  	0.042890  	-0.226500 
7.000000  	1.678900  	0.043530  	-0.232200 
8.000000  	1.803700  	0.044390  	-0.237200 
9.000000  	1.926200  	0.045330  	-0.241600 
10.000000 	2.044100  	0.046480  	-0.244900 
11.000000 	2.154000  	0.048140  	-0.246600 
12.000000 	2.256600  	0.050140  	-0.246700 
13.000000 	2.315100  	0.054930  	-0.237700 
14.000000 	2.327000  	0.063840  	-0.222000 
15.000000 	2.340400  	0.074120  	-0.211300 
16.000000 	2.340400  	0.086730  	-0.202900 
17.000000 	2.320800  	0.102680  	-0.197000 
18.000000 	2.305800  	0.118450  	-0.194600 
19.000000 	2.272600  	0.136900  	-0.194800 
20.000000 	2.255100  	0.153290  	-0.197700 
21.000000 	2.239200  	0.169440  	-0.203600 
22.000000 	2.223300  	0.185590  	-0.209500 
23.000000 	2.217500  	0.200110  	-0.217400 
24.000000 	2.212200  	0.214370  	-0.226600 
25.000000 	2.218000  	0.226720  	-0.235900 
26.000000 	2.224700  	0.238560  	-0.245800 
27.000000 	2.231400  	0.250080  	-0.256400 
28.000000 	2.238500  	0.261180  	-0.267500 
29.000000 	2.244000  	0.272190  	-0.279300 
30.000000 	2.181136  	0.294402  	-0.285706 
31.000000 	2.118271  	0.316614  	-0.292113 
32.000000 	2.055407  	0.338826  	-0.298519 
33.000000 	1.992542  	0.361038  	-0.304926 
34.000000 	1.937249  	0.384239  	-0.310564 
35.000000 	1.886161  	0.407990  	-0.315776 
36.000000 	1.835074  	0.431740  	-0.320987 
37.000000 	1.783987  	0.455490  	-0.326199 
38.000000 	1.734971  	0.479527  	-0.331015 
39.000000 	1.691134  	0.504279  	-0.334843 
40.000000 	1.647297  	0.529031  	-0.338671 
41.000000 	1.603460  	0.553782  	-0.342499 
42.000000 	1.559623  	0.578534  	-0.346327 
43.000000 	1.519940  	0.603697  	-0.348738 
44.000000 	1.480577  	0.628891  	-0.351039 
45.000000 	1.441214  	0.654086  	-0.353341 
46.000000 	1.401850  	0.679280  	-0.355642 
47.000000 	1.364048  	0.704403  	-0.357946 
48.000000 	1.327416  	0.729472  	-0.360253 
49.000000 	1.290785  	0.754540  	-0.362560 
50.000000 	1.254153  	0.779609  	-0.364866 
51.000000 	1.217875  	0.804531  	-0.367178 
52.000000 	1.182892  	0.828910  	-0.369508 
53.000000 	1.147910  	0.853289  	-0.371839 
54.000000 	1.112927  	0.877669  	-0.374169 
55.000000 	1.077945  	0.902048  	-0.376499 
56.000000 	1.043830  	0.925368  	-0.378829 
57.000000 	1.009860  	0.948510  	-0.381160 
58.000000 	0.975891  	0.971653  	-0.383490 
59.000000 	0.941921  	0.994796  	-0.385820 
60.000000 	0.908298  	1.017061  	-0.388400 
61.000000 	0.875023  	1.038450  	-0.391228 
62.000000 	0.841747  	1.059838  	-0.394057 
63.000000 	0.808472  	1.081226  	-0.396886 
64.000000 	0.775284  	1.102296  	-0.399723 
65.000000 	0.742621  	1.121453  	-0.402617 
66.000000 	0.709959  	1.140610  	-0.405510 
67.000000 	0.677296  	1.159768  	-0.408403 
68.000000 	0.644633  	1.178925  	-0.411296 
69.000000 	0.612530  	1.195996  	-0.414369 
70.000000 	0.580579  	1.212498  	-0.417490 
71.000000 	0.548629  	1.229000  	-0.420611 
72.000000 	0.516678  	1.245502  	-0.423733 
73.000000 	0.485135  	1.260710  	-0.426922 
74.000000 	0.454136  	1.274195  	-0.430201 
75.000000 	0.423137  	1.287679  	-0.433481 
76.000000 	0.392137  	1.301163  	-0.436760 
77.000000 	0.361231  	1.314411  	-0.440036 
78.000000 	0.331532  	1.324584  	-0.443266 
79.000000 	0.301834  	1.334758  	-0.446495 
80.000000 	0.272135  	1.344932  	-0.449724 
81.000000 	0.242437  	1.355106  	-0.452953 
82.000000 	0.213977  	1.362762  	-0.456096 
83.000000 	0.186014  	1.369410  	-0.459204 
84.000000 	0.158050  	1.376058  	-0.462313 
85.000000 	0.130086  	1.382706  	-0.465421 
86.000000 	0.102920  	1.388047  	-0.468530 
87.000000 	0.077190  	1.391035  	-0.471638 
88.000000 	0.051460  	1.394023  	-0.474747 
89.000000 	0.025730  	1.397012  	-0.477855 
90.000000 	0.000000  	1.400000  	-0.480964 
91.000000 	-0.018011 	1.397012  	-0.482281 
92.000000 	-0.036022 	1.394023  	-0.483598 
93.000000 	-0.054033 	1.391035  	-0.484915 
94.000000 	-0.072044 	1.388047  	-0.486232 
95.000000 	-0.091060 	1.382706  	-0.487549 
96.000000 	-0.110635 	1.376058  	-0.488866 
97.000000 	-0.130210 	1.369410  	-0.490183 
98.000000 	-0.149784 	1.362762  	-0.491500 
99.000000 	-0.169706 	1.355106  	-0.492605 
100.000000	-0.190495 	1.344932  	-0.493179 
101.000000	-0.211284 	1.334758  	-0.493754 
102.000000	-0.232073 	1.324584  	-0.494328 
103.000000	-0.252862 	1.314411  	-0.494903 
104.000000	-0.274496 	1.301163  	-0.495189 
105.000000	-0.296196 	1.287679  	-0.495452 
106.000000	-0.317895 	1.274195  	-0.495716 
107.000000	-0.339595 	1.260710  	-0.495980 
108.000000	-0.361675 	1.245502  	-0.496243 
109.000000	-0.384040 	1.229000  	-0.496505 
110.000000	-0.406406 	1.212498  	-0.496768 
111.000000	-0.428771 	1.195996  	-0.497030 
112.000000	-0.451243 	1.178925  	-0.497292 
113.000000	-0.474107 	1.159768  	-0.497553 
114.000000	-0.496971 	1.140610  	-0.497814 
115.000000	-0.519835 	1.121453  	-0.498075 
116.000000	-0.542699 	1.102296  	-0.498335 
117.000000	-0.565930 	1.081226  	-0.498755 
118.000000	-0.589223 	1.059838  	-0.499201 
119.000000	-0.612516 	1.038450  	-0.499647 
120.000000	-0.635809 	1.017061  	-0.500094 
121.000000	-0.659344 	0.994796  	-0.501255 
122.000000	-0.683123 	0.971653  	-0.503132 
123.000000	-0.706902 	0.948510  	-0.505009 
124.000000	-0.730681 	0.925368  	-0.506886 
125.000000	-0.754561 	0.902048  	-0.508763 
126.000000	-0.779049 	0.877669  	-0.510640 
127.000000	-0.803537 	0.853289  	-0.512517 
128.000000	-0.828025 	0.828910  	-0.514393 
129.000000	-0.852512 	0.804531  	-0.516270 
130.000000	-0.877907 	0.779609  	-0.521026 
131.000000	-0.903549 	0.754540  	-0.526567 
132.000000	-0.929191 	0.729472  	-0.532108 
133.000000	-0.954833 	0.704403  	-0.537650 
134.000000	-0.981295 	0.679280  	-0.543536 
135.000000	-1.008849 	0.654086  	-0.549883 
136.000000	-1.036404 	0.628891  	-0.556231 
137.000000	-1.063958 	0.603697  	-0.562578 
138.000000	-1.091736 	0.578534  	-0.569322 
139.000000	-1.122422 	0.553782  	-0.581231 
140.000000	-1.153108 	0.529031  	-0.593140 
141.000000	-1.183794 	0.504279  	-0.605050 
142.000000	-1.214479 	0.479527  	-0.616959 
143.000000	-1.248791 	0.455490  	-0.632468 
144.000000	-1.284552 	0.431740  	-0.649418 
145.000000	-1.320313 	0.407990  	-0.666367 
146.000000	-1.356074 	0.384239  	-0.683317 
147.000000	-1.394780 	0.361038  	-0.698308 
148.000000	-1.438785 	0.338826  	-0.709773 
149.000000	-1.482790 	0.316614  	-0.721239 
150.000000	-1.526795 	0.294402  	-0.732705 
151.000000	-1.570800 	0.272190  	-0.744170 
152.000000	-1.516634 	0.251422  	-0.737226 
153.000000	-1.462469 	0.230654  	-0.730281 
154.000000	-1.408303 	0.210888  	-0.723337 
155.000000	-1.354138 	0.191198  	-0.716392 
156.000000	-1.299972 	0.172519  	-0.709448 
157.000000	-1.245807 	0.154008  	-0.702503 
158.000000	-1.191641 	0.136499  	-0.695559 
159.000000	-1.137476 	0.119262  	-0.688614 
160.000000	-1.083310 	0.102999  	-0.676418 
161.000000	-1.029145 	0.087125  	-0.662121 
162.000000	-0.974979 	0.072179  	-0.645336 
163.000000	-0.920814 	0.057749  	-0.627169 
164.000000	-0.866648 	0.044187  	-0.609002 
165.000000	-0.812483 	0.031275  	-0.590835 
166.000000	-0.758317 	0.019155  	-0.572668 
167.000000	-0.704152 	0.007827  	-0.554501 
168.000000	-0.649986 	0.001281  	-0.536334 
169.000000	-0.595821 	0.001110  	-0.518167 
170.000000	-0.541655 	0.001000  	-0.490591 
171.000000	-0.487490 	0.001000  	-0.446080 
172.000000	-0.433324 	0.001000  	-0.400000 
173.000000	-0.379159 	0.001000  	-0.350000 
174.000000	-0.324993 	0.001000  	-0.300000 
175.000000	-0.270828 	0.001000  	-0.250000 
176.000000	-0.216662 	0.001000  	-0.200000 
177.000000	-0.162497 	0.001000  	-0.150000 
178.000000	-0.108331 	0.001000  	-0.100000 
179.000000	-0.054166 	0.001000  	-0.050000 
180.000000	0.000000  	0.001000  	0.000000  
! ------------------------------------------------------------------------------
! data for table	6         
! ------------------------------------------------------------------------------
  0.700000  	Re           ! Reynolds number in millions
  0.000000  	UserProp     ! User property (control) setting
Flase           InclUAdata   ! Is unsteady aerodynamics data included in this table? If TRUE, then include UA coefficients below this line. Any missing coefficients will be calculated internally.
! Table of aerodynamics coefficients
  361       	NumAlf       ! Number of data lines in the following table
!Alpha      Cl          Cd          Cm/Cp
!(deg)      (-)         (-)         (-)
-180.000000	0.000000  	0.001000  	0.000000  
-179.000000	0.054252  	0.001000  	0.040000  
-178.000000	0.108505  	0.001000  	0.080000  
-177.000000	0.162757  	0.001000  	0.120000  
-176.000000	0.217010  	0.001000  	0.160000  
-175.000000	0.271262  	0.001000  	0.200000  
-174.000000	0.325514  	0.001000  	0.240000  
-173.000000	0.379767  	0.001000  	0.280000  
-172.000000	0.434019  	0.001000  	0.320000  
-171.000000	0.488272  	0.001000  	0.358572  
-170.000000	0.542524  	0.001000  	0.396573  
-169.000000	0.596777  	0.001120  	0.428404  
-168.000000	0.651029  	0.001307  	0.456808  
-167.000000	0.705281  	0.007860  	0.485212  
-166.000000	0.759534  	0.019188  	0.513615  
-165.000000	0.813786  	0.031308  	0.542019  
-164.000000	0.868039  	0.044220  	0.570423  
-163.000000	0.922291  	0.057782  	0.598827  
-162.000000	0.976543  	0.072212  	0.627231  
-161.000000	1.030796  	0.087158  	0.652991  
-160.000000	1.085048  	0.103031  	0.673993  
-159.000000	1.139301  	0.119294  	0.690976  
-158.000000	1.193553  	0.136531  	0.697914  
-157.000000	1.247806  	0.154040  	0.704851  
-156.000000	1.302058  	0.172550  	0.711789  
-155.000000	1.356310  	0.191229  	0.718726  
-154.000000	1.410563  	0.210918  	0.725664  
-153.000000	1.464815  	0.230685  	0.732601  
-152.000000	1.519068  	0.251452  	0.739539  
-151.000000	1.573320  	0.272220  	0.746476  
-150.000000	1.529202  	0.294432  	0.734950  
-149.000000	1.485083  	0.316643  	0.723424  
-148.000000	1.440965  	0.338855  	0.711898  
-147.000000	1.396847  	0.361067  	0.700372  
-146.000000	1.358043  	0.384268  	0.685310  
-145.000000	1.322191  	0.408018  	0.668284  
-144.000000	1.286340  	0.431768  	0.651258  
-143.000000	1.250489  	0.455518  	0.634232  
-142.000000	1.216092  	0.479554  	0.618651  
-141.000000	1.185333  	0.504305  	0.606685  
-140.000000	1.154574  	0.529057  	0.594718  
-139.000000	1.123814  	0.553808  	0.582752  
-138.000000	1.093055  	0.578560  	0.570786  
-137.000000	1.065215  	0.603722  	0.564003  
-136.000000	1.037599  	0.628916  	0.557620  
-135.000000	1.009984  	0.654110  	0.551237  
-134.000000	0.982369  	0.679304  	0.544853  
-133.000000	0.955851  	0.704426  	0.538932  
-132.000000	0.930158  	0.729494  	0.533358  
-131.000000	0.904465  	0.754563  	0.527784  
-130.000000	0.878771  	0.779631  	0.522210  
-129.000000	0.853327  	0.804552  	0.517423  
-128.000000	0.828796  	0.828931  	0.515527  
-127.000000	0.804265  	0.853310  	0.513631  
-126.000000	0.779734  	0.877689  	0.511735  
-125.000000	0.755203  	0.902068  	0.509839  
-124.000000	0.731286  	0.925387  	0.507943  
-123.000000	0.707471  	0.948529  	0.506046  
-122.000000	0.683655  	0.971671  	0.504150  
-121.000000	0.659840  	0.994814  	0.502254  
-120.000000	0.636271  	1.017079  	0.501077  
-119.000000	0.612948  	1.038466  	0.500618  
-118.000000	0.589625  	1.059854  	0.500159  
-117.000000	0.566302  	1.081242  	0.499701  
-116.000000	0.543040  	1.102311  	0.499269  
-115.000000	0.520152  	1.121468  	0.498997  
-114.000000	0.497263  	1.140624  	0.498724  
-113.000000	0.474374  	1.159781  	0.498452  
-112.000000	0.451486  	1.178938  	0.498180  
-111.000000	0.428992  	1.196008  	0.497908  
-110.000000	0.406607  	1.212510  	0.497636  
-109.000000	0.384222  	1.229011  	0.497364  
-108.000000	0.361836  	1.245512  	0.497092  
-107.000000	0.339738  	1.260721  	0.496820  
-106.000000	0.318023  	1.274204  	0.496548  
-105.000000	0.296309  	1.287688  	0.496277  
-104.000000	0.274594  	1.301171  	0.496005  
-103.000000	0.252945  	1.314418  	0.495711  
-102.000000	0.232145  	1.324592  	0.495129  
-101.000000	0.211345  	1.334765  	0.494546  
-100.000000	0.190546  	1.344938  	0.493964  
-99.000000	0.169746  	1.355112  	0.493382  
-98.000000	0.149817  	1.362766  	0.492270  
-97.000000	0.130236  	1.369414  	0.490946  
-96.000000	0.110655  	1.376061  	0.489622  
-95.000000	0.091074  	1.382709  	0.488298  
-94.000000	0.072053  	1.388049  	0.486974  
-93.000000	0.054040  	1.391037  	0.485650  
-92.000000	0.036026  	1.394025  	0.484326  
-91.000000	0.018013  	1.397012  	0.483002  
-90.000000	0.000000  	1.400000  	0.481678  
-89.000000	-0.018013 	1.397012  	0.478234  
-88.000000	-0.036026 	1.394025  	0.474789  
-87.000000	-0.054040 	1.391037  	0.471345  
-86.000000	-0.072053 	1.388049  	0.467901  
-85.000000	-0.091074 	1.382709  	0.464456  
-84.000000	-0.110655 	1.376061  	0.461012  
-83.000000	-0.130236 	1.369414  	0.457568  
-82.000000	-0.149817 	1.362766  	0.454123  
-81.000000	-0.169746 	1.355112  	0.450521  
-80.000000	-0.190546 	1.344938  	0.446524  
-79.000000	-0.211345 	1.334765  	0.442527  
-78.000000	-0.232145 	1.324592  	0.438529  
-77.000000	-0.252945 	1.314418  	0.434532  
-76.000000	-0.274594 	1.301171  	0.430320  
-75.000000	-0.296309 	1.287688  	0.426091  
-74.000000	-0.318023 	1.274204  	0.421862  
-73.000000	-0.339738 	1.260721  	0.417634  
-72.000000	-0.361836 	1.245512  	0.413400  
-71.000000	-0.384222 	1.229011  	0.409164  
-70.000000	-0.406607 	1.212510  	0.404928  
-69.000000	-0.428992 	1.196008  	0.400691  
-68.000000	-0.451486 	1.178938  	0.396453  
-67.000000	-0.474374 	1.159781  	0.392205  
-66.000000	-0.497263 	1.140624  	0.387958  
-65.000000	-0.520152 	1.121468  	0.383710  
-64.000000	-0.543040 	1.102311  	0.379463  
-63.000000	-0.566302 	1.081242  	0.375266  
-62.000000	-0.589625 	1.059854  	0.371077  
-61.000000	-0.612948 	1.038466  	0.366888  
-60.000000	-0.636271 	1.017079  	0.362699  
-59.000000	-0.659840 	0.994814  	0.358735  
-58.000000	-0.683655 	0.971671  	0.354996  
-57.000000	-0.707471 	0.948529  	0.351257  
-56.000000	-0.731286 	0.925387  	0.347518  
-55.000000	-0.755203 	0.902068  	0.343779  
-54.000000	-0.779734 	0.877689  	0.340040  
-53.000000	-0.804265 	0.853310  	0.336301  
-52.000000	-0.828796 	0.828931  	0.332562  
-51.000000	-0.853327 	0.804552  	0.328823  
-50.000000	-0.878771 	0.779631  	0.325391  
-49.000000	-0.904465 	0.754563  	0.322043  
-48.000000	-0.930158 	0.729494  	0.318695  
-47.000000	-0.955851 	0.704426  	0.315347  
-46.000000	-0.982369 	0.679304  	0.312036  
-45.000000	-1.009984 	0.654110  	0.308774  
-44.000000	-1.037599 	0.628916  	0.305513  
-43.000000	-1.065215 	0.603722  	0.302251  
-42.000000	-1.093055 	0.578560  	0.298936  
-41.000000	-1.123814 	0.553808  	0.294933  
-40.000000	-1.154574 	0.529057  	0.290929  
-39.000000	-1.185333 	0.504305  	0.286926  
-38.000000	-1.216092 	0.479554  	0.282923  
-37.000000	-1.250489 	0.455518  	0.278440  
-36.000000	-1.286340 	0.431768  	0.273764  
-35.000000	-1.322191 	0.408018  	0.269089  
-34.000000	-1.358043 	0.384268  	0.264414  
-33.000000	-1.396847 	0.361067  	0.258968  
-32.000000	-1.440965 	0.338855  	0.252133  
-31.000000	-1.485083 	0.316643  	0.245299  
-30.000000	-1.529202 	0.294432  	0.238464  
-29.000000	-1.573320 	0.272220  	0.231629  
-28.000000	-1.526087 	0.259833  	0.217545  
-27.000000	-1.478855 	0.247446  	0.203461  
-26.000000	-1.431622 	0.235059  	0.189377  
-25.000000	-1.384389 	0.222673  	0.175293  
-24.000000	-1.337157 	0.210286  	0.161209  
-23.000000	-1.289924 	0.197899  	0.147125  
-22.000000	-1.242692 	0.185512  	0.133041  
-21.000000	-1.195459 	0.173125  	0.118957  
-20.000000	-1.148226 	0.160738  	0.106008  
-19.000000	-1.100994 	0.148352  	0.094385  
-18.000000	-1.053761 	0.135965  	0.083898  
-17.000000	-1.006528 	0.123578  	0.073411  
-16.000000	-0.959296 	0.111191  	0.062923  
-15.000000	-0.912063 	0.098804  	0.052436  
-14.000000	-0.864831 	0.086417  	0.041949  
-13.000000	-0.817598 	0.074031  	0.031462  
-12.000000	-0.770365 	0.061644  	-0.000341 
-11.000000	-0.723133 	0.049257  	-0.040671 
-10.000000	-0.675900 	0.036870  	-0.081000 
-9.000000 	-0.533200 	0.037100  	-0.091800 
-8.000000 	-0.388000 	0.037340  	-0.103100 
-7.000000 	-0.245400 	0.037520  	-0.113700 
-6.000000 	-0.101800 	0.037780  	-0.124300 
-5.000000 	0.041700  	0.038040  	-0.134700 
-4.000000 	0.184400  	0.038300  	-0.144900 
-3.000000 	0.326400  	0.038590  	-0.154800 
-2.000000 	0.468000  	0.038900  	-0.164400 
-1.000000 	0.608300  	0.039240  	-0.173700 
0.000000  	0.747800  	0.039620  	-0.182700 
1.000000  	0.885700  	0.040020  	-0.191200 
2.000000  	1.022900  	0.040430  	-0.199400 
3.000000  	1.159200  	0.040810  	-0.207400 
4.000000  	1.293500  	0.041280  	-0.214700 
5.000000  	1.425200  	0.041870  	-0.221400 
6.000000  	1.557000  	0.042320  	-0.228000 
7.000000  	1.684200  	0.043090  	-0.233600 
8.000000  	1.812100  	0.043670  	-0.239100 
9.000000  	1.933700  	0.044670  	-0.243300 
10.000000 	2.054400  	0.045590  	-0.247200 
11.000000 	2.168400  	0.046950  	-0.249700 
12.000000 	2.270500  	0.049020  	-0.249600 
13.000000 	2.348500  	0.052610  	-0.244600 
14.000000 	2.355100  	0.061570  	-0.226800 
15.000000 	2.364700  	0.072090  	-0.214800 
16.000000 	2.361800  	0.084940  	-0.205600 
17.000000 	2.351100  	0.099650  	-0.199500 
18.000000 	2.318700  	0.117580  	-0.195900 
19.000000 	2.295700  	0.134580  	-0.195800 
20.000000 	2.262600  	0.153050  	-0.198500 
21.000000 	2.248000  	0.168950  	-0.203200 
22.000000 	2.231000  	0.185200  	-0.209900 
23.000000 	2.225500  	0.199620  	-0.217600 
24.000000 	2.223400  	0.213370  	-0.226400 
25.000000 	2.224400  	0.226360  	-0.235800 
26.000000 	2.228300  	0.238630  	-0.245900 
27.000000 	2.235900  	0.250000  	-0.256300 
28.000000 	2.243100  	0.261080  	-0.267300 
29.000000 	2.247600  	0.272220  	-0.279200 
30.000000 	2.184574  	0.294432  	-0.285657 
31.000000 	2.121548  	0.316643  	-0.292114 
32.000000 	2.058521  	0.338855  	-0.298572 
33.000000 	1.995495  	0.361067  	-0.305029 
34.000000 	1.940061  	0.384268  	-0.310713 
35.000000 	1.888845  	0.408018  	-0.315967 
36.000000 	1.837629  	0.431768  	-0.321221 
37.000000 	1.786413  	0.455518  	-0.326475 
38.000000 	1.737275  	0.479554  	-0.331329 
39.000000 	1.693333  	0.504305  	-0.335185 
40.000000 	1.649391  	0.529057  	-0.339042 
41.000000 	1.605449  	0.553808  	-0.342898 
42.000000 	1.561507  	0.578560  	-0.346754 
43.000000 	1.521735  	0.603722  	-0.349178 
44.000000 	1.482285  	0.628916  	-0.351491 
45.000000 	1.442834  	0.654110  	-0.353805 
46.000000 	1.403384  	0.679304  	-0.356119 
47.000000 	1.365502  	0.704426  	-0.358435 
48.000000 	1.328797  	0.729494  	-0.360752 
49.000000 	1.292093  	0.754563  	-0.363070 
50.000000 	1.255388  	0.779631  	-0.365387 
51.000000 	1.219039  	0.804552  	-0.367708 
52.000000 	1.183995  	0.828931  	-0.370043 
53.000000 	1.148950  	0.853310  	-0.372377 
54.000000 	1.113906  	0.877689  	-0.374712 
55.000000 	1.078862  	0.902068  	-0.377047 
56.000000 	1.044694  	0.925387  	-0.379381 
57.000000 	1.010672  	0.948529  	-0.381716 
58.000000 	0.976650  	0.971671  	-0.384050 
59.000000 	0.942629  	0.994814  	-0.386385 
60.000000 	0.908958  	1.017079  	-0.388968 
61.000000 	0.875640  	1.038466  	-0.391801 
62.000000 	0.842321  	1.059854  	-0.394633 
63.000000 	0.809002  	1.081242  	-0.397465 
64.000000 	0.775772  	1.102311  	-0.400306 
65.000000 	0.743074  	1.121468  	-0.403203 
66.000000 	0.710376  	1.140624  	-0.406100 
67.000000 	0.677678  	1.159781  	-0.408997 
68.000000 	0.644979  	1.178938  	-0.411893 
69.000000 	0.612846  	1.196008  	-0.414970 
70.000000 	0.580867  	1.212510  	-0.418095 
71.000000 	0.548888  	1.229011  	-0.421221 
72.000000 	0.516909  	1.245512  	-0.424346 
73.000000 	0.485340  	1.260721  	-0.427540 
74.000000 	0.454319  	1.274204  	-0.430824 
75.000000 	0.423298  	1.287688  	-0.434109 
76.000000 	0.392277  	1.301171  	-0.437393 
77.000000 	0.361350  	1.314418  	-0.440674 
78.000000 	0.331636  	1.324592  	-0.443908 
79.000000 	0.301922  	1.334765  	-0.447143 
80.000000 	0.272208  	1.344938  	-0.450377 
81.000000 	0.242494  	1.355112  	-0.453611 
82.000000 	0.214024  	1.362766  	-0.456760 
83.000000 	0.186051  	1.369414  	-0.459875 
84.000000 	0.158078  	1.376061  	-0.462990 
85.000000 	0.130105  	1.382709  	-0.466104 
86.000000 	0.102933  	1.388049  	-0.469219 
87.000000 	0.077199  	1.391037  	-0.472334 
88.000000 	0.051466  	1.394025  	-0.475448 
89.000000 	0.025733  	1.397012  	-0.478563 
90.000000 	0.000000  	1.400000  	-0.481678 
91.000000 	-0.018013 	1.397012  	-0.483002 
92.000000 	-0.036026 	1.394025  	-0.484326 
93.000000 	-0.054040 	1.391037  	-0.485650 
94.000000 	-0.072053 	1.388049  	-0.486974 
95.000000 	-0.091074 	1.382709  	-0.488298 
96.000000 	-0.110655 	1.376061  	-0.489622 
97.000000 	-0.130236 	1.369414  	-0.490946 
98.000000 	-0.149817 	1.362766  	-0.492270 
99.000000 	-0.169746 	1.355112  	-0.493382 
100.000000	-0.190546 	1.344938  	-0.493964 
101.000000	-0.211345 	1.334765  	-0.494546 
102.000000	-0.232145 	1.324592  	-0.495129 
103.000000	-0.252945 	1.314418  	-0.495711 
104.000000	-0.274594 	1.301171  	-0.496005 
105.000000	-0.296309 	1.287688  	-0.496277 
106.000000	-0.318023 	1.274204  	-0.496548 
107.000000	-0.339738 	1.260721  	-0.496820 
108.000000	-0.361836 	1.245512  	-0.497092 
109.000000	-0.384222 	1.229011  	-0.497364 
110.000000	-0.406607 	1.212510  	-0.497636 
111.000000	-0.428992 	1.196008  	-0.497908 
112.000000	-0.451486 	1.178938  	-0.498180 
113.000000	-0.474374 	1.159781  	-0.498452 
114.000000	-0.497263 	1.140624  	-0.498724 
115.000000	-0.520152 	1.121468  	-0.498997 
116.000000	-0.543040 	1.102311  	-0.499269 
117.000000	-0.566302 	1.081242  	-0.499701 
118.000000	-0.589625 	1.059854  	-0.500159 
119.000000	-0.612948 	1.038466  	-0.500618 
120.000000	-0.636271 	1.017079  	-0.501077 
121.000000	-0.659840 	0.994814  	-0.502254 
122.000000	-0.683655 	0.971671  	-0.504150 
123.000000	-0.707471 	0.948529  	-0.506046 
124.000000	-0.731286 	0.925387  	-0.507943 
125.000000	-0.755203 	0.902068  	-0.509839 
126.000000	-0.779734 	0.877689  	-0.511735 
127.000000	-0.804265 	0.853310  	-0.513631 
128.000000	-0.828796 	0.828931  	-0.515527 
129.000000	-0.853327 	0.804552  	-0.517423 
130.000000	-0.878771 	0.779631  	-0.522210 
131.000000	-0.904465 	0.754563  	-0.527784 
132.000000	-0.930158 	0.729494  	-0.533358 
133.000000	-0.955851 	0.704426  	-0.538932 
134.000000	-0.982369 	0.679304  	-0.544853 
135.000000	-1.009984 	0.654110  	-0.551237 
136.000000	-1.037599 	0.628916  	-0.557620 
137.000000	-1.065215 	0.603722  	-0.564003 
138.000000	-1.093055 	0.578560  	-0.570786 
139.000000	-1.123814 	0.553808  	-0.582752 
140.000000	-1.154574 	0.529057  	-0.594718 
141.000000	-1.185333 	0.504305  	-0.606685 
142.000000	-1.216092 	0.479554  	-0.618651 
143.000000	-1.250489 	0.455518  	-0.634232 
144.000000	-1.286340 	0.431768  	-0.651258 
145.000000	-1.322191 	0.408018  	-0.668284 
146.000000	-1.358043 	0.384268  	-0.685310 
147.000000	-1.396847 	0.361067  	-0.700372 
148.000000	-1.440965 	0.338855  	-0.711898 
149.000000	-1.485083 	0.316643  	-0.723424 
150.000000	-1.529202 	0.294432  	-0.734950 
151.000000	-1.573320 	0.272220  	-0.746476 
152.000000	-1.519068 	0.251452  	-0.739539 
153.000000	-1.464815 	0.230685  	-0.732601 
154.000000	-1.410563 	0.210918  	-0.725664 
155.000000	-1.356310 	0.191229  	-0.718726 
156.000000	-1.302058 	0.172550  	-0.711789 
157.000000	-1.247806 	0.154040  	-0.704851 
158.000000	-1.193553 	0.136531  	-0.697914 
159.000000	-1.139301 	0.119294  	-0.690976 
160.000000	-1.085048 	0.103031  	-0.678673 
161.000000	-1.030796 	0.087158  	-0.664223 
162.000000	-0.976543 	0.072212  	-0.647231 
163.000000	-0.922291 	0.057782  	-0.628827 
164.000000	-0.868039 	0.044220  	-0.610423 
165.000000	-0.813786 	0.031308  	-0.592019 
166.000000	-0.759534 	0.019188  	-0.573615 
167.000000	-0.705281 	0.007860  	-0.555212 
168.000000	-0.651029 	0.001307  	-0.536808 
169.000000	-0.596777 	0.001120  	-0.518404 
170.000000	-0.542524 	0.001000  	-0.490661 
171.000000	-0.488272 	0.001000  	-0.446109 
172.000000	-0.434019 	0.001000  	-0.400000 
173.000000	-0.379767 	0.001000  	-0.350000 
174.000000	-0.325514 	0.001000  	-0.300000 
175.000000	-0.271262 	0.001000  	-0.250000 
176.000000	-0.217010 	0.001000  	-0.200000 
177.000000	-0.162757 	0.001000  	-0.150000 
178.000000	-0.108505 	0.001000  	-0.100000 
179.000000	-0.054252 	0.001000  	-0.050000 
180.000000	0.000000  	0.001000  	0.000000  
! ------------------------------------------------------------------------------
! data for table	7         
! ------------------------------------------------------------------------------
  0.800000  	Re           ! Reynolds number in millions
  0.000000  	UserProp     ! User property (control) setting
Flase           InclUAdata   ! Is unsteady aerodynamics data included in this table? If TRUE, then include UA coefficients below this line. Any missing coefficients will be calculated internally.
! Table of aerodynamics coefficients
  361       	NumAlf       ! Number of data lines in the following table
!Alpha      Cl          Cd          Cm/Cp
!(deg)      (-)         (-)         (-)
-180.000000	0.000000  	0.001000  	0.000000  
-179.000000	0.054470  	0.001000  	0.040000  
-178.000000	0.108939  	0.001000  	0.080000  
-177.000000	0.163409  	0.001000  	0.120000  
-176.000000	0.217879  	0.001000  	0.160000  
-175.000000	0.272348  	0.001000  	0.200000  
-174.000000	0.326818  	0.001000  	0.240000  
-173.000000	0.381288  	0.001000  	0.280000  
-172.000000	0.435757  	0.001000  	0.320000  
-171.000000	0.490227  	0.001000  	0.358625  
-170.000000	0.544697  	0.001000  	0.396700  
-169.000000	0.599166  	0.001000  	0.428835  
-168.000000	0.653636  	0.001000  	0.457670  
-167.000000	0.708106  	0.007250  	0.486505  
-166.000000	0.762575  	0.018188  	0.515340  
-165.000000	0.817045  	0.030115  	0.544175  
-164.000000	0.871514  	0.043033  	0.573010  
-163.000000	0.925984  	0.056601  	0.601844  
-162.000000	0.980454  	0.071038  	0.630679  
-161.000000	1.034923  	0.085990  	0.656816  
-160.000000	1.089393  	0.101871  	0.678094  
-159.000000	1.143863  	0.118142  	0.695271  
-158.000000	1.198332  	0.135386  	0.702193  
-157.000000	1.252802  	0.152903  	0.709114  
-156.000000	1.307272  	0.171422  	0.716036  
-155.000000	1.361741  	0.190110  	0.722958  
-154.000000	1.416211  	0.209809  	0.729879  
-153.000000	1.470681  	0.229585  	0.736801  
-152.000000	1.525150  	0.250362  	0.743722  
-151.000000	1.579620  	0.271140  	0.750644  
-150.000000	1.535218  	0.293363  	0.738976  
-149.000000	1.490817  	0.315586  	0.727307  
-148.000000	1.446415  	0.337809  	0.715638  
-147.000000	1.402014  	0.360032  	0.703970  
-146.000000	1.362964  	0.383244  	0.688741  
-145.000000	1.326887  	0.407007  	0.671535  
-144.000000	1.290811  	0.430769  	0.654329  
-143.000000	1.254734  	0.454532  	0.637123  
-142.000000	1.220124  	0.478581  	0.621375  
-141.000000	1.189181  	0.503346  	0.609275  
-140.000000	1.158238  	0.528112  	0.597174  
-139.000000	1.127295  	0.552877  	0.585074  
-138.000000	1.096351  	0.577642  	0.572973  
-137.000000	1.068356  	0.602819  	0.566104  
-136.000000	1.040588  	0.628028  	0.559638  
-135.000000	1.012820  	0.653237  	0.553171  
-134.000000	0.985052  	0.678446  	0.546704  
-133.000000	0.958396  	0.703584  	0.540704  
-132.000000	0.932575  	0.728669  	0.535054  
-131.000000	0.906753  	0.753753  	0.529404  
-130.000000	0.880932  	0.778838  	0.523755  
-129.000000	0.855364  	0.803775  	0.518900  
-128.000000	0.830725  	0.828171  	0.516963  
-127.000000	0.806086  	0.852567  	0.515025  
-126.000000	0.781447  	0.876964  	0.513088  
-125.000000	0.756808  	0.901360  	0.511151  
-124.000000	0.732797  	0.924697  	0.509213  
-123.000000	0.708891  	0.947857  	0.507276  
-122.000000	0.684985  	0.971017  	0.505338  
-121.000000	0.661079  	0.994178  	0.503401  
-120.000000	0.637427  	1.016461  	0.502191  
-119.000000	0.614028  	1.037868  	0.501710  
-118.000000	0.590629  	1.059275  	0.501228  
-117.000000	0.567230  	1.080682  	0.500746  
-116.000000	0.543895  	1.101770  	0.500291  
-115.000000	0.520944  	1.120946  	0.499998  
-114.000000	0.497993  	1.140123  	0.499705  
-113.000000	0.475042  	1.159299  	0.499411  
-112.000000	0.452091  	1.178475  	0.499118  
-111.000000	0.429546  	1.195566  	0.498830  
-110.000000	0.407110  	1.212088  	0.498542  
-109.000000	0.384675  	1.228609  	0.498255  
-108.000000	0.362240  	1.245131  	0.497967  
-107.000000	0.340097  	1.260360  	0.497681  
-106.000000	0.318345  	1.273864  	0.497398  
-105.000000	0.296592  	1.287368  	0.497114  
-104.000000	0.274839  	1.300873  	0.496831  
-103.000000	0.253152  	1.314140  	0.496525  
-102.000000	0.232326  	1.324335  	0.495932  
-101.000000	0.211499  	1.334529  	0.495339  
-100.000000	0.190673  	1.344724  	0.494745  
-99.000000	0.169846  	1.354918  	0.494152  
-98.000000	0.149898  	1.362595  	0.493031  
-97.000000	0.130301  	1.369263  	0.491698  
-96.000000	0.110704  	1.375932  	0.490365  
-95.000000	0.091107  	1.382601  	0.489032  
-94.000000	0.072074  	1.387963  	0.487699  
-93.000000	0.054056  	1.390972  	0.486367  
-92.000000	0.036037  	1.393982  	0.485034  
-91.000000	0.018019  	1.396991  	0.483701  
-90.000000	0.000000  	1.400000  	0.482368  
-89.000000	-0.018019 	1.396991  	0.478906  
-88.000000	-0.036037 	1.393982  	0.475443  
-87.000000	-0.054056 	1.390972  	0.471980  
-86.000000	-0.072074 	1.387963  	0.468518  
-85.000000	-0.091107 	1.382601  	0.465055  
-84.000000	-0.110704 	1.375932  	0.461593  
-83.000000	-0.130301 	1.369263  	0.458130  
-82.000000	-0.149898 	1.362595  	0.454667  
-81.000000	-0.169846 	1.354918  	0.451048  
-80.000000	-0.190673 	1.344724  	0.447035  
-79.000000	-0.211499 	1.334529  	0.443023  
-78.000000	-0.232326 	1.324335  	0.439011  
-77.000000	-0.253152 	1.314140  	0.434999  
-76.000000	-0.274839 	1.300873  	0.430773  
-75.000000	-0.296592 	1.287368  	0.426531  
-74.000000	-0.318345 	1.273864  	0.422288  
-73.000000	-0.340097 	1.260360  	0.418046  
-72.000000	-0.362240 	1.245131  	0.413801  
-71.000000	-0.384675 	1.228609  	0.409553  
-70.000000	-0.407110 	1.212088  	0.405306  
-69.000000	-0.429546 	1.195566  	0.401058  
-68.000000	-0.452091 	1.178475  	0.396809  
-67.000000	-0.475042 	1.159299  	0.392554  
-66.000000	-0.497993 	1.140123  	0.388300  
-65.000000	-0.520944 	1.120946  	0.384045  
-64.000000	-0.543895 	1.101770  	0.379790  
-63.000000	-0.567230 	1.080682  	0.375585  
-62.000000	-0.590629 	1.059275  	0.371389  
-61.000000	-0.614028 	1.037868  	0.367193  
-60.000000	-0.637427 	1.016461  	0.362996  
-59.000000	-0.661079 	0.994178  	0.359027  
-58.000000	-0.684985 	0.971017  	0.355283  
-57.000000	-0.708891 	0.947857  	0.351540  
-56.000000	-0.732797 	0.924697  	0.347797  
-55.000000	-0.756808 	0.901360  	0.344054  
-54.000000	-0.781447 	0.876964  	0.340310  
-53.000000	-0.806086 	0.852567  	0.336567  
-52.000000	-0.830725 	0.828171  	0.332824  
-51.000000	-0.855364 	0.803775  	0.329080  
-50.000000	-0.880932 	0.778838  	0.325639  
-49.000000	-0.906753 	0.753753  	0.322280  
-48.000000	-0.932575 	0.728669  	0.318922  
-47.000000	-0.958396 	0.703584  	0.315563  
-46.000000	-0.985052 	0.678446  	0.312240  
-45.000000	-1.012820 	0.653237  	0.308966  
-44.000000	-1.040588 	0.628028  	0.305692  
-43.000000	-1.068356 	0.602819  	0.302417  
-42.000000	-1.096351 	0.577642  	0.299088  
-41.000000	-1.127295 	0.552877  	0.295050  
-40.000000	-1.158238 	0.528112  	0.291011  
-39.000000	-1.189181 	0.503346  	0.286972  
-38.000000	-1.220124 	0.478581  	0.282934  
-37.000000	-1.254734 	0.454532  	0.278400  
-36.000000	-1.290811 	0.430769  	0.273669  
-35.000000	-1.326887 	0.407007  	0.268937  
-34.000000	-1.362964 	0.383244  	0.264206  
-33.000000	-1.402014 	0.360032  	0.258702  
-32.000000	-1.446415 	0.337809  	0.251807  
-31.000000	-1.490817 	0.315586  	0.244912  
-30.000000	-1.535218 	0.293363  	0.238017  
-29.000000	-1.579620 	0.271140  	0.231122  
-28.000000	-1.531966 	0.258799  	0.216964  
-27.000000	-1.484313 	0.246458  	0.202806  
-26.000000	-1.436659 	0.234117  	0.188648  
-25.000000	-1.389005 	0.221776  	0.174489  
-24.000000	-1.341352 	0.209435  	0.160331  
-23.000000	-1.293698 	0.197094  	0.146173  
-22.000000	-1.246044 	0.184753  	0.132015  
-21.000000	-1.198391 	0.172412  	0.117857  
-20.000000	-1.150737 	0.160071  	0.104895  
-19.000000	-1.103083 	0.147729  	0.093329  
-18.000000	-1.055429 	0.135388  	0.082959  
-17.000000	-1.007776 	0.123047  	0.072589  
-16.000000	-0.960122 	0.110706  	0.062219  
-15.000000	-0.912468 	0.098365  	0.051849  
-14.000000	-0.864815 	0.086024  	0.041479  
-13.000000	-0.817161 	0.073683  	0.031110  
-12.000000	-0.769507 	0.061342  	-0.000760 
-11.000000	-0.721854 	0.049001  	-0.041230 
-10.000000	-0.674200 	0.036660  	-0.081700 
-9.000000 	-0.531300 	0.036890  	-0.092500 
-8.000000 	-0.386800 	0.037140  	-0.103600 
-7.000000 	-0.242300 	0.037390  	-0.114600 
-6.000000 	-0.098700 	0.037630  	-0.125200 
-5.000000 	0.044500  	0.037900  	-0.135600 
-4.000000 	0.187200  	0.038190  	-0.145700 
-3.000000 	0.329600  	0.038490  	-0.155700 
-2.000000 	0.470500  	0.038800  	-0.165100 
-1.000000 	0.611400  	0.039140  	-0.174600 
0.000000  	0.750900  	0.039460  	-0.183500 
1.000000  	0.889500  	0.039820  	-0.192200 
2.000000  	1.026900  	0.040200  	-0.200500 
3.000000  	1.162400  	0.040640  	-0.208200 
4.000000  	1.297500  	0.040990  	-0.215700 
5.000000  	1.430200  	0.041460  	-0.222600 
6.000000  	1.561600  	0.041960  	-0.229100 
7.000000  	1.690900  	0.042530  	-0.235100 
8.000000  	1.817400  	0.043230  	-0.240300 
9.000000  	1.942200  	0.043940  	-0.245100 
10.000000 	2.060700  	0.045090  	-0.248600 
11.000000 	2.179200  	0.046030  	-0.251900 
12.000000 	2.287100  	0.047690  	-0.253000 
13.000000 	2.376600  	0.050530  	-0.250400 
14.000000 	2.383300  	0.059270  	-0.231700 
15.000000 	2.394000  	0.069390  	-0.218800 
16.000000 	2.390800  	0.082110  	-0.208700 
17.000000 	2.363900  	0.098590  	-0.200900 
18.000000 	2.343100  	0.114980  	-0.197400 
19.000000 	2.304300  	0.133980  	-0.196600 
20.000000 	2.285100  	0.150450  	-0.198700 
21.000000 	2.256200  	0.168350  	-0.203500 
22.000000 	2.244600  	0.183710  	-0.209700 
23.000000 	2.237100  	0.198420  	-0.217400 
24.000000 	2.234900  	0.212000  	-0.226450 
25.000000 	2.232700  	0.225580  	-0.235500 
26.000000 	2.239800  	0.237270  	-0.245000 
27.000000 	2.247000  	0.248640  	-0.255200 
28.000000 	2.253600  	0.259770  	-0.266100 
29.000000 	2.256600  	0.271140  	-0.278200 
30.000000 	2.193169  	0.293363  	-0.284761 
31.000000 	2.129738  	0.315586  	-0.291323 
32.000000 	2.066308  	0.337809  	-0.297884 
33.000000 	2.002877  	0.360032  	-0.304446 
34.000000 	1.947091  	0.383244  	-0.310222 
35.000000 	1.895553  	0.407007  	-0.315562 
36.000000 	1.844015  	0.430769  	-0.320902 
37.000000 	1.792477  	0.454532  	-0.326241 
38.000000 	1.743035  	0.478581  	-0.331173 
39.000000 	1.698830  	0.503346  	-0.335084 
40.000000 	1.654626  	0.528112  	-0.338995 
41.000000 	1.610421  	0.552877  	-0.342906 
42.000000 	1.566216  	0.577642  	-0.346817 
43.000000 	1.526224  	0.602819  	-0.349265 
44.000000 	1.486555  	0.628028  	-0.351599 
45.000000 	1.446886  	0.653237  	-0.353934 
46.000000 	1.407217  	0.678446  	-0.356269 
47.000000 	1.369138  	0.703584  	-0.358604 
48.000000 	1.332250  	0.728669  	-0.360940 
49.000000 	1.295362  	0.753753  	-0.363276 
50.000000 	1.258474  	0.778838  	-0.365612 
51.000000 	1.221948  	0.803775  	-0.367949 
52.000000 	1.186750  	0.828171  	-0.370290 
53.000000 	1.151551  	0.852567  	-0.372631 
54.000000 	1.116353  	0.876964  	-0.374972 
55.000000 	1.081155  	0.901360  	-0.377313 
56.000000 	1.046853  	0.924697  	-0.379654 
57.000000 	1.012702  	0.947857  	-0.381995 
58.000000 	0.978550  	0.971017  	-0.384336 
59.000000 	0.944399  	0.994178  	-0.386677 
60.000000 	0.910610  	1.016461  	-0.389267 
61.000000 	0.877183  	1.037868  	-0.392107 
62.000000 	0.843756  	1.059275  	-0.394947 
63.000000 	0.810329  	1.080682  	-0.397786 
64.000000 	0.776993  	1.101770  	-0.400635 
65.000000 	0.744206  	1.120946  	-0.403540 
66.000000 	0.711419  	1.140123  	-0.406444 
67.000000 	0.678632  	1.159299  	-0.409349 
68.000000 	0.645845  	1.178475  	-0.412253 
69.000000 	0.613636  	1.195566  	-0.415340 
70.000000 	0.581586  	1.212088  	-0.418476 
71.000000 	0.549536  	1.228609  	-0.421613 
72.000000 	0.517486  	1.245131  	-0.424749 
73.000000 	0.485853  	1.260360  	-0.427955 
74.000000 	0.454778  	1.273864  	-0.431253 
75.000000 	0.423703  	1.287368  	-0.434550 
76.000000 	0.392627  	1.300873  	-0.437848 
77.000000 	0.361646  	1.314140  	-0.441142 
78.000000 	0.331894  	1.324335  	-0.444391 
79.000000 	0.302142  	1.334529  	-0.447641 
80.000000 	0.272390  	1.344724  	-0.450890 
81.000000 	0.242637  	1.354918  	-0.454139 
82.000000 	0.214140  	1.362595  	-0.457305 
83.000000 	0.186144  	1.369263  	-0.460438 
84.000000 	0.158149  	1.375932  	-0.463571 
85.000000 	0.130153  	1.382601  	-0.466704 
86.000000 	0.102963  	1.387963  	-0.469836 
87.000000 	0.077222  	1.390972  	-0.472969 
88.000000 	0.051481  	1.393982  	-0.476102 
89.000000 	0.025741  	1.396991  	-0.479235 
90.000000 	0.000000  	1.400000  	-0.482368 
91.000000 	-0.018019 	1.396991  	-0.483701 
92.000000 	-0.036037 	1.393982  	-0.485034 
93.000000 	-0.054056 	1.390972  	-0.486367 
94.000000 	-0.072074 	1.387963  	-0.487699 
95.000000 	-0.091107 	1.382601  	-0.489032 
96.000000 	-0.110704 	1.375932  	-0.490365 
97.000000 	-0.130301 	1.369263  	-0.491698 
98.000000 	-0.149898 	1.362595  	-0.493031 
99.000000 	-0.169846 	1.354918  	-0.494152 
100.000000	-0.190673 	1.344724  	-0.494745 
101.000000	-0.211499 	1.334529  	-0.495339 
102.000000	-0.232326 	1.324335  	-0.495932 
103.000000	-0.253152 	1.314140  	-0.496525 
104.000000	-0.274839 	1.300873  	-0.496831 
105.000000	-0.296592 	1.287368  	-0.497114 
106.000000	-0.318345 	1.273864  	-0.497398 
107.000000	-0.340097 	1.260360  	-0.497681 
108.000000	-0.362240 	1.245131  	-0.497967 
109.000000	-0.384675 	1.228609  	-0.498255 
110.000000	-0.407110 	1.212088  	-0.498542 
111.000000	-0.429546 	1.195566  	-0.498830 
112.000000	-0.452091 	1.178475  	-0.499118 
113.000000	-0.475042 	1.159299  	-0.499411 
114.000000	-0.497993 	1.140123  	-0.499705 
115.000000	-0.520944 	1.120946  	-0.499998 
116.000000	-0.543895 	1.101770  	-0.500291 
117.000000	-0.567230 	1.080682  	-0.500746 
118.000000	-0.590629 	1.059275  	-0.501228 
119.000000	-0.614028 	1.037868  	-0.501710 
120.000000	-0.637427 	1.016461  	-0.502191 
121.000000	-0.661079 	0.994178  	-0.503401 
122.000000	-0.684985 	0.971017  	-0.505338 
123.000000	-0.708891 	0.947857  	-0.507276 
124.000000	-0.732797 	0.924697  	-0.509213 
125.000000	-0.756808 	0.901360  	-0.511151 
126.000000	-0.781447 	0.876964  	-0.513088 
127.000000	-0.806086 	0.852567  	-0.515025 
128.000000	-0.830725 	0.828171  	-0.516963 
129.000000	-0.855364 	0.803775  	-0.518900 
130.000000	-0.880932 	0.778838  	-0.523755 
131.000000	-0.906753 	0.753753  	-0.529404 
132.000000	-0.932575 	0.728669  	-0.535054 
133.000000	-0.958396 	0.703584  	-0.540704 
134.000000	-0.985052 	0.678446  	-0.546704 
135.000000	-1.012820 	0.653237  	-0.553171 
136.000000	-1.040588 	0.628028  	-0.559638 
137.000000	-1.068356 	0.602819  	-0.566104 
138.000000	-1.096351 	0.577642  	-0.572973 
139.000000	-1.127295 	0.552877  	-0.585074 
140.000000	-1.158238 	0.528112  	-0.597174 
141.000000	-1.189181 	0.503346  	-0.609275 
142.000000	-1.220124 	0.478581  	-0.621375 
143.000000	-1.254734 	0.454532  	-0.637123 
144.000000	-1.290811 	0.430769  	-0.654329 
145.000000	-1.326887 	0.407007  	-0.671535 
146.000000	-1.362964 	0.383244  	-0.688741 
147.000000	-1.402014 	0.360032  	-0.703970 
148.000000	-1.446415 	0.337809  	-0.715638 
149.000000	-1.490817 	0.315586  	-0.727307 
150.000000	-1.535218 	0.293363  	-0.738976 
151.000000	-1.579620 	0.271140  	-0.750644 
152.000000	-1.525150 	0.250362  	-0.743722 
153.000000	-1.470681 	0.229585  	-0.736801 
154.000000	-1.416211 	0.209809  	-0.729879 
155.000000	-1.361741 	0.190110  	-0.722958 
156.000000	-1.307272 	0.171422  	-0.716036 
157.000000	-1.252802 	0.152903  	-0.709114 
158.000000	-1.198332 	0.135386  	-0.702193 
159.000000	-1.143863 	0.118142  	-0.695271 
160.000000	-1.089393 	0.101871  	-0.682774 
161.000000	-1.034923 	0.085990  	-0.668047 
162.000000	-0.980454 	0.071038  	-0.650679 
163.000000	-0.925984 	0.056601  	-0.631844 
164.000000	-0.871514 	0.043033  	-0.613010 
165.000000	-0.817045 	0.030115  	-0.594175 
166.000000	-0.762575 	0.018188  	-0.575340 
167.000000	-0.708106 	0.007250  	-0.556505 
168.000000	-0.653636 	0.001000  	-0.537670 
169.000000	-0.599166 	0.001000  	-0.518835 
170.000000	-0.544697 	0.001000  	-0.490789 
171.000000	-0.490227 	0.001000  	-0.446162 
172.000000	-0.435757 	0.001000  	-0.400000 
173.000000	-0.381288 	0.001000  	-0.350000 
174.000000	-0.326818 	0.001000  	-0.300000 
175.000000	-0.272348 	0.001000  	-0.250000 
176.000000	-0.217879 	0.001000  	-0.200000 
177.000000	-0.163409 	0.001000  	-0.150000 
178.000000	-0.108939 	0.001000  	-0.100000 
179.000000	-0.054470 	0.001000  	-0.050000 
180.000000	0.000000  	0.001000  	0.000000  
! ------------------------------------------------------------------------------
! data for table	8         
! ------------------------------------------------------------------------------
  0.900000  	Re           ! Reynolds number in millions
  0.000000  	UserProp     ! User property (control) setting
Flase           InclUAdata   ! Is unsteady aerodynamics data included in this table? If TRUE, then include UA coefficients below this line. Any missing coefficients will be calculated internally.
! Table of aerodynamics coefficients
  361       	NumAlf       ! Number of data lines in the following table
!Alpha      Cl          Cd          Cm/Cp
!(deg)      (-)         (-)         (-)
-180.000000	0.000000  	0.001000  	0.000000  
-179.000000	0.054588  	0.001000  	0.040000  
-178.000000	0.109176  	0.001000  	0.080000  
-177.000000	0.163764  	0.001000  	0.120000  
-176.000000	0.218352  	0.001000  	0.160000  
-175.000000	0.272940  	0.001000  	0.200000  
-174.000000	0.327528  	0.001000  	0.240000  
-173.000000	0.382116  	0.001000  	0.280000  
-172.000000	0.436703  	0.001000  	0.320000  
-171.000000	0.491291  	0.001000  	0.358659  
-170.000000	0.545879  	0.001000  	0.396782  
-169.000000	0.600467  	0.001000  	0.429114  
-168.000000	0.655055  	0.001000  	0.458228  
-167.000000	0.709643  	0.007113  	0.487342  
-166.000000	0.764231  	0.017810  	0.516456  
-165.000000	0.818819  	0.029618  	0.545570  
-164.000000	0.873407  	0.042538  	0.574683  
-163.000000	0.927995  	0.056109  	0.603797  
-162.000000	0.982583  	0.070548  	0.632911  
-161.000000	1.037171  	0.085504  	0.659291  
-160.000000	1.091759  	0.101388  	0.680748  
-159.000000	1.146347  	0.117661  	0.698050  
-158.000000	1.200934  	0.134909  	0.704961  
-157.000000	1.255522  	0.152430  	0.711871  
-156.000000	1.310110  	0.170952  	0.718782  
-155.000000	1.364698  	0.189644  	0.725693  
-154.000000	1.419286  	0.209346  	0.732603  
-153.000000	1.473874  	0.229126  	0.739514  
-152.000000	1.528462  	0.249908  	0.746425  
-151.000000	1.583050  	0.270690  	0.753335  
-150.000000	1.538494  	0.292918  	0.741583  
-149.000000	1.493939  	0.315145  	0.729830  
-148.000000	1.449383  	0.337373  	0.718077  
-147.000000	1.404827  	0.359600  	0.706324  
-146.000000	1.365643  	0.382818  	0.690998  
-145.000000	1.329444  	0.406586  	0.673686  
-144.000000	1.293245  	0.430353  	0.656374  
-143.000000	1.257046  	0.454121  	0.639062  
-142.000000	1.222320  	0.478176  	0.623216  
-141.000000	1.191276  	0.502947  	0.611037  
-140.000000	1.160233  	0.527718  	0.598857  
-139.000000	1.129190  	0.552489  	0.586678  
-138.000000	1.098146  	0.577260  	0.574498  
-137.000000	1.070067  	0.602443  	0.567578  
-136.000000	1.042216  	0.627658  	0.561062  
-135.000000	1.014364  	0.652874  	0.554546  
-134.000000	0.986513  	0.678089  	0.548031  
-133.000000	0.959782  	0.703233  	0.541984  
-132.000000	0.933891  	0.728325  	0.536289  
-131.000000	0.907999  	0.753416  	0.530595  
-130.000000	0.882108  	0.778507  	0.524900  
-129.000000	0.856473  	0.803451  	0.520005  
-128.000000	0.831775  	0.827855  	0.518043  
-127.000000	0.807077  	0.852258  	0.516081  
-126.000000	0.782380  	0.876661  	0.514118  
-125.000000	0.757682  	0.901065  	0.512156  
-124.000000	0.733620  	0.924409  	0.510194  
-123.000000	0.709665  	0.947577  	0.508231  
-122.000000	0.685709  	0.970745  	0.506269  
-121.000000	0.661754  	0.993913  	0.504307  
-120.000000	0.638056  	1.016204  	0.503077  
-119.000000	0.614616  	1.037619  	0.502580  
-118.000000	0.591176  	1.059033  	0.502084  
-117.000000	0.567735  	1.080448  	0.501587  
-116.000000	0.544360  	1.101544  	0.501117  
-115.000000	0.521376  	1.120729  	0.500810  
-114.000000	0.498391  	1.139913  	0.500504  
-113.000000	0.475406  	1.159098  	0.500197  
-112.000000	0.452421  	1.178283  	0.499890  
-111.000000	0.429847  	1.195382  	0.499590  
-110.000000	0.407384  	1.211912  	0.499292  
-109.000000	0.384922  	1.228442  	0.498994  
-108.000000	0.362460  	1.244972  	0.498695  
-107.000000	0.340293  	1.260209  	0.498400  
-106.000000	0.318519  	1.273722  	0.498107  
-105.000000	0.296746  	1.287235  	0.497815  
-104.000000	0.274972  	1.300748  	0.497523  
-103.000000	0.253266  	1.314025  	0.497209  
-102.000000	0.232424  	1.324228  	0.496607  
-101.000000	0.211583  	1.334431  	0.496006  
-100.000000	0.190742  	1.344635  	0.495404  
-99.000000	0.169901  	1.354838  	0.494803  
-98.000000	0.149942  	1.362523  	0.493674  
-97.000000	0.130337  	1.369201  	0.492334  
-96.000000	0.110731  	1.375879  	0.490994  
-95.000000	0.091125  	1.382556  	0.489654  
-94.000000	0.072086  	1.387927  	0.488314  
-93.000000	0.054064  	1.390945  	0.486974  
-92.000000	0.036043  	1.393964  	0.485634  
-91.000000	0.018021  	1.396982  	0.484294  
-90.000000	0.000000  	1.400000  	0.482954  
-89.000000	-0.018021 	1.396982  	0.479480  
-88.000000	-0.036043 	1.393964  	0.476006  
-87.000000	-0.054064 	1.390945  	0.472533  
-86.000000	-0.072086 	1.387927  	0.469059  
-85.000000	-0.091125 	1.382556  	0.465586  
-84.000000	-0.110731 	1.375879  	0.462112  
-83.000000	-0.130337 	1.369201  	0.458638  
-82.000000	-0.149942 	1.362523  	0.455165  
-81.000000	-0.169901 	1.354838  	0.451535  
-80.000000	-0.190742 	1.344635  	0.447513  
-79.000000	-0.211583 	1.334431  	0.443492  
-78.000000	-0.232424 	1.324228  	0.439470  
-77.000000	-0.253266 	1.314025  	0.435449  
-76.000000	-0.274972 	1.300748  	0.431215  
-75.000000	-0.296746 	1.287235  	0.426964  
-74.000000	-0.318519 	1.273722  	0.422713  
-73.000000	-0.340293 	1.260209  	0.418462  
-72.000000	-0.362460 	1.244972  	0.414209  
-71.000000	-0.384922 	1.228442  	0.409955  
-70.000000	-0.407384 	1.211912  	0.405700  
-69.000000	-0.429847 	1.195382  	0.401445  
-68.000000	-0.452421 	1.178283  	0.397189  
-67.000000	-0.475406 	1.159098  	0.392929  
-66.000000	-0.498391 	1.139913  	0.388669  
-65.000000	-0.521376 	1.120729  	0.384408  
-64.000000	-0.544360 	1.101544  	0.380148  
-63.000000	-0.567735 	1.080448  	0.375938  
-62.000000	-0.591176 	1.059033  	0.371736  
-61.000000	-0.614616 	1.037619  	0.367535  
-60.000000	-0.638056 	1.016204  	0.363333  
-59.000000	-0.661754 	0.993913  	0.359358  
-58.000000	-0.685709 	0.970745  	0.355611  
-57.000000	-0.709665 	0.947577  	0.351863  
-56.000000	-0.733620 	0.924409  	0.348116  
-55.000000	-0.757682 	0.901065  	0.344368  
-54.000000	-0.782380 	0.876661  	0.340620  
-53.000000	-0.807077 	0.852258  	0.336873  
-52.000000	-0.831775 	0.827855  	0.333125  
-51.000000	-0.856473 	0.803451  	0.329377  
-50.000000	-0.882108 	0.778507  	0.325928  
-49.000000	-0.907999 	0.753416  	0.322560  
-48.000000	-0.933891 	0.728325  	0.319191  
-47.000000	-0.959782 	0.703233  	0.315823  
-46.000000	-0.986513 	0.678089  	0.312491  
-45.000000	-1.014364 	0.652874  	0.309206  
-44.000000	-1.042216 	0.627658  	0.305921  
-43.000000	-1.070067 	0.602443  	0.302636  
-42.000000	-1.098146 	0.577260  	0.299296  
-41.000000	-1.129190 	0.552489  	0.295232  
-40.000000	-1.160233 	0.527718  	0.291168  
-39.000000	-1.191276 	0.502947  	0.287104  
-38.000000	-1.222320 	0.478176  	0.283040  
-37.000000	-1.257046 	0.454121  	0.278471  
-36.000000	-1.293245 	0.430353  	0.273701  
-35.000000	-1.329444 	0.406586  	0.268930  
-34.000000	-1.365643 	0.382818  	0.264160  
-33.000000	-1.404827 	0.359600  	0.258616  
-32.000000	-1.449383 	0.337373  	0.251681  
-31.000000	-1.493939 	0.315145  	0.244746  
-30.000000	-1.538494 	0.292918  	0.237811  
-29.000000	-1.583050 	0.270690  	0.230875  
-28.000000	-1.535158 	0.258366  	0.216673  
-27.000000	-1.487266 	0.246043  	0.202470  
-26.000000	-1.439374 	0.233719  	0.188267  
-25.000000	-1.391482 	0.221395  	0.174065  
-24.000000	-1.343589 	0.209072  	0.159862  
-23.000000	-1.295697 	0.196748  	0.145659  
-22.000000	-1.247805 	0.184424  	0.131457  
-21.000000	-1.199913 	0.172101  	0.117254  
-20.000000	-1.152021 	0.159777  	0.104282  
-19.000000	-1.104129 	0.147453  	0.092746  
-18.000000	-1.056237 	0.135129  	0.082441  
-17.000000	-1.008345 	0.122806  	0.072136  
-16.000000	-0.960453 	0.110482  	0.061831  
-15.000000	-0.912561 	0.098158  	0.051526  
-14.000000	-0.864668 	0.085835  	0.041220  
-13.000000	-0.816776 	0.073511  	0.030915  
-12.000000	-0.768884 	0.061187  	-0.001021 
-11.000000	-0.720992 	0.048864  	-0.041611 
-10.000000	-0.673100 	0.036540  	-0.082200 
-9.000000 	-0.529400 	0.036760  	-0.093200 
-8.000000 	-0.384600 	0.037010  	-0.104400 
-7.000000 	-0.240300 	0.037280  	-0.115300 
-6.000000 	-0.096400 	0.037550  	-0.125900 
-5.000000 	0.047100  	0.037850  	-0.136400 
-4.000000 	0.189500  	0.038140  	-0.146400 
-3.000000 	0.332100  	0.038450  	-0.156400 
-2.000000 	0.473400  	0.038730  	-0.166000 
-1.000000 	0.614300  	0.039040  	-0.175400 
0.000000  	0.753500  	0.039350  	-0.184200 
1.000000  	0.892400  	0.039700  	-0.193000 
2.000000  	1.029900  	0.040040  	-0.201200 
3.000000  	1.165800  	0.040400  	-0.209000 
4.000000  	1.300000  	0.040840  	-0.216400 
5.000000  	1.434300  	0.041160  	-0.223600 
6.000000  	1.564800  	0.041720  	-0.229900 
7.000000  	1.695900  	0.042110  	-0.236200 
8.000000  	1.821900  	0.042840  	-0.241400 
9.000000  	1.948700  	0.043380  	-0.246600 
10.000000 	2.069600  	0.044320  	-0.250500 
11.000000 	2.186400  	0.045430  	-0.253500 
12.000000 	2.298600  	0.046770  	-0.255500 
13.000000 	2.395000  	0.049120  	-0.254100 
14.000000 	2.415600  	0.056660  	-0.237600 
15.000000 	2.418000  	0.067190  	-0.222300 
16.000000 	2.404000  	0.080920  	-0.210300 
17.000000 	2.390800  	0.095670  	-0.203000 
18.000000 	2.352100  	0.114190  	-0.198200 
19.000000 	2.327300  	0.131300  	-0.197200 
20.000000 	2.293900  	0.149660  	-0.199100 
21.000000 	2.273500  	0.166230  	-0.203300 
22.000000 	2.257600  	0.182200  	-0.209500 
23.000000 	2.240900  	0.198210  	-0.217500 
24.000000 	2.240900  	0.211580  	-0.225700 
25.000000 	2.242900  	0.224350  	-0.234800 
26.000000 	2.247800  	0.236340  	-0.244400 
27.000000 	2.253800  	0.247900  	-0.254600 
28.000000 	2.259700  	0.259130  	-0.265500 
29.000000 	2.261500  	0.270690  	-0.277600 
30.000000 	2.197849  	0.292918  	-0.284232 
31.000000 	2.134198  	0.315145  	-0.290864 
32.000000 	2.070547  	0.337373  	-0.297496 
33.000000 	2.006896  	0.359600  	-0.304128 
34.000000 	1.950919  	0.382818  	-0.309967 
35.000000 	1.899206  	0.406586  	-0.315366 
36.000000 	1.847493  	0.430353  	-0.320764 
37.000000 	1.795780  	0.454121  	-0.326163 
38.000000 	1.746171  	0.478176  	-0.331148 
39.000000 	1.701823  	0.502947  	-0.335098 
40.000000 	1.657476  	0.527718  	-0.339048 
41.000000 	1.613128  	0.552489  	-0.342998 
42.000000 	1.568780  	0.577260  	-0.346948 
43.000000 	1.528667  	0.602443  	-0.349414 
44.000000 	1.488880  	0.627658  	-0.351765 
45.000000 	1.449092  	0.652874  	-0.354117 
46.000000 	1.409305  	0.678089  	-0.356469 
47.000000 	1.371117  	0.703233  	-0.358820 
48.000000 	1.334130  	0.728325  	-0.361171 
49.000000 	1.297142  	0.753416  	-0.363522 
50.000000 	1.260155  	0.778507  	-0.365873 
51.000000 	1.223532  	0.803451  	-0.368223 
52.000000 	1.188250  	0.827855  	-0.370570 
53.000000 	1.152968  	0.852258  	-0.372918 
54.000000 	1.117685  	0.876661  	-0.375265 
55.000000 	1.082403  	0.901065  	-0.377612 
56.000000 	1.048029  	0.924409  	-0.379960 
57.000000 	1.013807  	0.947577  	-0.382307 
58.000000 	0.979585  	0.970745  	-0.384655 
59.000000 	0.945363  	0.993913  	-0.387002 
60.000000 	0.911508  	1.016204  	-0.389599 
61.000000 	0.878023  	1.037619  	-0.392444 
62.000000 	0.844537  	1.059033  	-0.395290 
63.000000 	0.811051  	1.080448  	-0.398136 
64.000000 	0.777658  	1.101544  	-0.400991 
65.000000 	0.744822  	1.120729  	-0.403901 
66.000000 	0.711987  	1.139913  	-0.406812 
67.000000 	0.679151  	1.159098  	-0.409722 
68.000000 	0.646316  	1.178283  	-0.412632 
69.000000 	0.614067  	1.195382  	-0.415726 
70.000000 	0.581978  	1.211912  	-0.418870 
71.000000 	0.549889  	1.228442  	-0.422014 
72.000000 	0.517800  	1.244972  	-0.425158 
73.000000 	0.486133  	1.260209  	-0.428372 
74.000000 	0.455028  	1.273722  	-0.431678 
75.000000 	0.423923  	1.287235  	-0.434984 
76.000000 	0.392818  	1.300748  	-0.438290 
77.000000 	0.361808  	1.314025  	-0.441593 
78.000000 	0.332035  	1.324228  	-0.444851 
79.000000 	0.302262  	1.334431  	-0.448109 
80.000000 	0.272489  	1.344635  	-0.451368 
81.000000 	0.242716  	1.354838  	-0.454626 
82.000000 	0.214203  	1.362523  	-0.457803 
83.000000 	0.186195  	1.369201  	-0.460946 
84.000000 	0.158187  	1.375879  	-0.464090 
85.000000 	0.130179  	1.382556  	-0.467234 
86.000000 	0.102979  	1.387927  	-0.470378 
87.000000 	0.077235  	1.390945  	-0.473522 
88.000000 	0.051490  	1.393964  	-0.476666 
89.000000 	0.025745  	1.396982  	-0.479810 
90.000000 	0.000000  	1.400000  	-0.482954 
91.000000 	-0.018021 	1.396982  	-0.484294 
92.000000 	-0.036043 	1.393964  	-0.485634 
93.000000 	-0.054064 	1.390945  	-0.486974 
94.000000 	-0.072086 	1.387927  	-0.488314 
95.000000 	-0.091125 	1.382556  	-0.489654 
96.000000 	-0.110731 	1.375879  	-0.490994 
97.000000 	-0.130337 	1.369201  	-0.492334 
98.000000 	-0.149942 	1.362523  	-0.493674 
99.000000 	-0.169901 	1.354838  	-0.494803 
100.000000	-0.190742 	1.344635  	-0.495404 
101.000000	-0.211583 	1.334431  	-0.496006 
102.000000	-0.232424 	1.324228  	-0.496607 
103.000000	-0.253266 	1.314025  	-0.497209 
104.000000	-0.274972 	1.300748  	-0.497523 
105.000000	-0.296746 	1.287235  	-0.497815 
106.000000	-0.318519 	1.273722  	-0.498107 
107.000000	-0.340293 	1.260209  	-0.498400 
108.000000	-0.362460 	1.244972  	-0.498695 
109.000000	-0.384922 	1.228442  	-0.498994 
110.000000	-0.407384 	1.211912  	-0.499292 
111.000000	-0.429847 	1.195382  	-0.499590 
112.000000	-0.452421 	1.178283  	-0.499890 
113.000000	-0.475406 	1.159098  	-0.500197 
114.000000	-0.498391 	1.139913  	-0.500504 
115.000000	-0.521376 	1.120729  	-0.500810 
116.000000	-0.544360 	1.101544  	-0.501117 
117.000000	-0.567735 	1.080448  	-0.501587 
118.000000	-0.591176 	1.059033  	-0.502084 
119.000000	-0.614616 	1.037619  	-0.502580 
120.000000	-0.638056 	1.016204  	-0.503077 
121.000000	-0.661754 	0.993913  	-0.504307 
122.000000	-0.685709 	0.970745  	-0.506269 
123.000000	-0.709665 	0.947577  	-0.508231 
124.000000	-0.733620 	0.924409  	-0.510194 
125.000000	-0.757682 	0.901065  	-0.512156 
126.000000	-0.782380 	0.876661  	-0.514118 
127.000000	-0.807077 	0.852258  	-0.516081 
128.000000	-0.831775 	0.827855  	-0.518043 
129.000000	-0.856473 	0.803451  	-0.520005 
130.000000	-0.882108 	0.778507  	-0.524900 
131.000000	-0.907999 	0.753416  	-0.530595 
132.000000	-0.933891 	0.728325  	-0.536289 
133.000000	-0.959782 	0.703233  	-0.541984 
134.000000	-0.986513 	0.678089  	-0.548031 
135.000000	-1.014364 	0.652874  	-0.554546 
136.000000	-1.042216 	0.627658  	-0.561062 
137.000000	-1.070067 	0.602443  	-0.567578 
138.000000	-1.098146 	0.577260  	-0.574498 
139.000000	-1.129190 	0.552489  	-0.586678 
140.000000	-1.160233 	0.527718  	-0.598857 
141.000000	-1.191276 	0.502947  	-0.611037 
142.000000	-1.222320 	0.478176  	-0.623216 
143.000000	-1.257046 	0.454121  	-0.639062 
144.000000	-1.293245 	0.430353  	-0.656374 
145.000000	-1.329444 	0.406586  	-0.673686 
146.000000	-1.365643 	0.382818  	-0.690998 
147.000000	-1.404827 	0.359600  	-0.706324 
148.000000	-1.449383 	0.337373  	-0.718077 
149.000000	-1.493939 	0.315145  	-0.729830 
150.000000	-1.538494 	0.292918  	-0.741583 
151.000000	-1.583050 	0.270690  	-0.753335 
152.000000	-1.528462 	0.249908  	-0.746425 
153.000000	-1.473874 	0.229126  	-0.739514 
154.000000	-1.419286 	0.209346  	-0.732603 
155.000000	-1.364698 	0.189644  	-0.725693 
156.000000	-1.310110 	0.170952  	-0.718782 
157.000000	-1.255522 	0.152430  	-0.711871 
158.000000	-1.200934 	0.134909  	-0.704961 
159.000000	-1.146347 	0.117661  	-0.698050 
160.000000	-1.091759 	0.101388  	-0.685428 
161.000000	-1.037171 	0.085504  	-0.670522 
162.000000	-0.982583 	0.070548  	-0.652911 
163.000000	-0.927995 	0.056109  	-0.633797 
164.000000	-0.873407 	0.042538  	-0.614683 
165.000000	-0.818819 	0.029618  	-0.595570 
166.000000	-0.764231 	0.017810  	-0.576456 
167.000000	-0.709643 	0.007113  	-0.557342 
168.000000	-0.655055 	0.001000  	-0.538228 
169.000000	-0.600467 	0.001000  	-0.519114 
170.000000	-0.545879 	0.001000  	-0.490871 
171.000000	-0.491291 	0.001000  	-0.446196 
172.000000	-0.436703 	0.001000  	-0.400000 
173.000000	-0.382116 	0.001000  	-0.350000 
174.000000	-0.327528 	0.001000  	-0.300000 
175.000000	-0.272940 	0.001000  	-0.250000 
176.000000	-0.218352 	0.001000  	-0.200000 
177.000000	-0.163764 	0.001000  	-0.150000 
178.000000	-0.109176 	0.001000  	-0.100000 
179.000000	-0.054588 	0.001000  	-0.050000 
180.000000	0.000000  	0.001000  	0.000000  
! ------------------------------------------------------------------------------
! data for table	9         
! ------------------------------------------------------------------------------
  1.000000  	Re           ! Reynolds number in millions
  0.000000  	UserProp     ! User property (control) setting
Flase           InclUAdata   ! Is unsteady aerodynamics data included in this table? If TRUE, then include UA coefficients below this line. Any missing coefficients will be calculated internally.
! Table of aerodynamics coefficients
  361       	NumAlf       ! Number of data lines in the following table
!Alpha      Cl          Cd          Cm/Cp
!(deg)      (-)         (-)         (-)
-180.000000	0.000000  	0.001000  	0.000000  
-179.000000	0.054839  	0.001000  	0.040000  
-178.000000	0.109678  	0.001000  	0.080000  
-177.000000	0.164517  	0.001000  	0.120000  
-176.000000	0.219356  	0.001000  	0.160000  
-175.000000	0.274195  	0.001000  	0.200000  
-174.000000	0.329034  	0.001000  	0.240000  
-173.000000	0.383873  	0.001000  	0.280000  
-172.000000	0.438712  	0.001000  	0.320000  
-171.000000	0.493551  	0.001000  	0.358715  
-170.000000	0.548390  	0.001000  	0.396915  
-169.000000	0.603229  	0.001000  	0.429563  
-168.000000	0.658068  	0.001000  	0.459126  
-167.000000	0.712907  	0.006655  	0.488688  
-166.000000	0.767746  	0.016550  	0.518251  
-165.000000	0.822584  	0.027962  	0.547814  
-164.000000	0.877423  	0.040890  	0.577377  
-163.000000	0.932262  	0.054469  	0.606939  
-162.000000	0.987101  	0.068918  	0.636502  
-161.000000	1.041940  	0.083882  	0.663273  
-160.000000	1.096779  	0.099776  	0.685019  
-159.000000	1.151618  	0.116060  	0.702521  
-158.000000	1.206457  	0.133319  	0.709414  
-157.000000	1.261296  	0.150851  	0.716306  
-156.000000	1.316135  	0.169386  	0.723199  
-155.000000	1.370974  	0.188089  	0.730092  
-154.000000	1.425813  	0.207805  	0.736985  
-153.000000	1.480652  	0.227598  	0.743878  
-152.000000	1.535491  	0.248394  	0.750771  
-151.000000	1.590330  	0.269190  	0.757664  
-150.000000	1.545447  	0.291433  	0.745749  
-149.000000	1.500564  	0.313676  	0.733834  
-148.000000	1.455681  	0.335919  	0.721919  
-147.000000	1.410798  	0.358162  	0.710004  
-146.000000	1.371330  	0.381397  	0.694488  
-145.000000	1.334871  	0.405182  	0.676971  
-144.000000	1.298411  	0.428967  	0.659454  
-143.000000	1.261952  	0.452752  	0.641937  
-142.000000	1.226979  	0.476824  	0.625901  
-141.000000	1.195723  	0.501615  	0.613569  
-140.000000	1.164467  	0.526405  	0.601237  
-139.000000	1.133211  	0.551195  	0.588905  
-138.000000	1.101956  	0.575985  	0.576574  
-137.000000	1.073697  	0.601190  	0.569555  
-136.000000	1.045670  	0.626426  	0.562945  
-135.000000	1.017642  	0.651662  	0.556335  
-134.000000	0.989614  	0.676898  	0.549725  
-133.000000	0.962723  	0.702064  	0.543589  
-132.000000	0.936683  	0.727178  	0.537808  
-131.000000	0.910644  	0.752292  	0.532028  
-130.000000	0.884605  	0.777406  	0.526248  
-129.000000	0.858826  	0.802372  	0.521276  
-128.000000	0.834004  	0.826799  	0.519268  
-127.000000	0.809181  	0.851227  	0.517260  
-126.000000	0.784359  	0.875654  	0.515252  
-125.000000	0.759536  	0.900081  	0.513244  
-124.000000	0.735367  	0.923450  	0.511236  
-123.000000	0.711307  	0.946644  	0.509228  
-122.000000	0.687246  	0.969837  	0.507220  
-121.000000	0.663186  	0.993030  	0.505212  
-120.000000	0.639392  	1.015347  	0.503947  
-119.000000	0.615864  	1.036788  	0.503425  
-118.000000	0.592336  	1.058229  	0.502904  
-117.000000	0.568808  	1.079670  	0.502382  
-116.000000	0.545348  	1.100792  	0.501888  
-115.000000	0.522291  	1.120004  	0.501559  
-114.000000	0.499234  	1.139216  	0.501230  
-113.000000	0.476178  	1.158428  	0.500901  
-112.000000	0.453121  	1.177640  	0.500572  
-111.000000	0.430486  	1.194767  	0.500255  
-110.000000	0.407966  	1.211326  	0.499941  
-109.000000	0.385446  	1.227884  	0.499627  
-108.000000	0.362927  	1.244442  	0.499313  
-107.000000	0.340708  	1.259708  	0.499003  
-106.000000	0.318890  	1.273250  	0.498700  
-105.000000	0.297073  	1.286792  	0.498396  
-104.000000	0.275256  	1.300333  	0.498092  
-103.000000	0.253506  	1.313639  	0.497767  
-102.000000	0.232633  	1.323872  	0.497155  
-101.000000	0.211761  	1.334104  	0.496543  
-100.000000	0.190889  	1.344337  	0.495931  
-99.000000	0.170017  	1.354570  	0.495320  
-98.000000	0.150036  	1.362284  	0.494182  
-97.000000	0.130412  	1.368992  	0.492834  
-96.000000	0.110788  	1.375699  	0.491486  
-95.000000	0.091164  	1.382407  	0.490138  
-94.000000	0.072110  	1.387808  	0.488790  
-93.000000	0.054083  	1.390856  	0.487442  
-92.000000	0.036055  	1.393904  	0.486094  
-91.000000	0.018028  	1.396952  	0.484746  
-90.000000	0.000000  	1.400000  	0.483398  
-89.000000	-0.018028 	1.396952  	0.479903  
-88.000000	-0.036055 	1.393904  	0.476408  
-87.000000	-0.054083 	1.390856  	0.472913  
-86.000000	-0.072110 	1.387808  	0.469418  
-85.000000	-0.091164 	1.382407  	0.465923  
-84.000000	-0.110788 	1.375699  	0.462428  
-83.000000	-0.130412 	1.368992  	0.458933  
-82.000000	-0.150036 	1.362284  	0.455438  
-81.000000	-0.170017 	1.354570  	0.451788  
-80.000000	-0.190889 	1.344337  	0.447749  
-79.000000	-0.211761 	1.334104  	0.443710  
-78.000000	-0.232633 	1.323872  	0.439672  
-77.000000	-0.253506 	1.313639  	0.435633  
-76.000000	-0.275256 	1.300333  	0.431383  
-75.000000	-0.297073 	1.286792  	0.427116  
-74.000000	-0.318890 	1.273250  	0.422850  
-73.000000	-0.340708 	1.259708  	0.418584  
-72.000000	-0.362927 	1.244442  	0.414317  
-71.000000	-0.385446 	1.227884  	0.410050  
-70.000000	-0.407966 	1.211326  	0.405782  
-69.000000	-0.430486 	1.194767  	0.401515  
-68.000000	-0.453121 	1.177640  	0.397247  
-67.000000	-0.476178 	1.158428  	0.392979  
-66.000000	-0.499234 	1.139216  	0.388710  
-65.000000	-0.522291 	1.120004  	0.384441  
-64.000000	-0.545348 	1.100792  	0.380173  
-63.000000	-0.568808 	1.079670  	0.375955  
-62.000000	-0.592336 	1.058229  	0.371745  
-61.000000	-0.615864 	1.036788  	0.367536  
-60.000000	-0.639392 	1.015347  	0.363327  
-59.000000	-0.663186 	0.993030  	0.359346  
-58.000000	-0.687246 	0.969837  	0.355594  
-57.000000	-0.711307 	0.946644  	0.351843  
-56.000000	-0.735367 	0.923450  	0.348091  
-55.000000	-0.759536 	0.900081  	0.344340  
-54.000000	-0.784359 	0.875654  	0.340588  
-53.000000	-0.809181 	0.851227  	0.336836  
-52.000000	-0.834004 	0.826799  	0.333085  
-51.000000	-0.858826 	0.802372  	0.329333  
-50.000000	-0.884605 	0.777406  	0.325874  
-49.000000	-0.910644 	0.752292  	0.322495  
-48.000000	-0.936683 	0.727178  	0.319116  
-47.000000	-0.962723 	0.702064  	0.315737  
-46.000000	-0.989614 	0.676898  	0.312393  
-45.000000	-1.017642 	0.651662  	0.309096  
-44.000000	-1.045670 	0.626426  	0.305799  
-43.000000	-1.073697 	0.601190  	0.302502  
-42.000000	-1.101956 	0.575985  	0.299147  
-41.000000	-1.133211 	0.551195  	0.295045  
-40.000000	-1.164467 	0.526405  	0.290943  
-39.000000	-1.195723 	0.501615  	0.286841  
-38.000000	-1.226979 	0.476824  	0.282739  
-37.000000	-1.261952 	0.452752  	0.278116  
-36.000000	-1.298411 	0.428967  	0.273284  
-35.000000	-1.334871 	0.405182  	0.268453  
-34.000000	-1.371330 	0.381397  	0.263621  
-33.000000	-1.410798 	0.358162  	0.258015  
-32.000000	-1.455681 	0.335919  	0.251013  
-31.000000	-1.500564 	0.313676  	0.244012  
-30.000000	-1.545447 	0.291433  	0.237010  
-29.000000	-1.590330 	0.269190  	0.230009  
-28.000000	-1.542034 	0.256939  	0.215722  
-27.000000	-1.493737 	0.244689  	0.201436  
-26.000000	-1.445441 	0.232438  	0.187149  
-25.000000	-1.397145 	0.220188  	0.172863  
-24.000000	-1.348848 	0.207937  	0.158576  
-23.000000	-1.300552 	0.195687  	0.144289  
-22.000000	-1.252256 	0.183436  	0.130003  
-21.000000	-1.203959 	0.171186  	0.115716  
-20.000000	-1.155663 	0.158935  	0.102738  
-19.000000	-1.107367 	0.146685  	0.091287  
-18.000000	-1.059071 	0.134434  	0.081144  
-17.000000	-1.010774 	0.122184  	0.071001  
-16.000000	-0.962478 	0.109933  	0.060858  
-15.000000	-0.914182 	0.097683  	0.050715  
-14.000000	-0.865885 	0.085432  	0.040572  
-13.000000	-0.817589 	0.073182  	0.030429  
-12.000000	-0.769293 	0.060931  	-0.001398 
-11.000000	-0.720996 	0.048681  	-0.041899 
-10.000000	-0.672700 	0.036430  	-0.082400 
-9.000000 	-0.527300 	0.036690  	-0.093900 
-8.000000 	-0.382600 	0.036950  	-0.105000 
-7.000000 	-0.237900 	0.037210  	-0.116100 
-6.000000 	-0.093900 	0.037510  	-0.126700 
-5.000000 	0.049100  	0.037790  	-0.136900 
-4.000000 	0.192500  	0.038100  	-0.147300 
-3.000000 	0.334400  	0.038390  	-0.157000 
-2.000000 	0.475900  	0.038690  	-0.166700 
-1.000000 	0.616300  	0.038980  	-0.175900 
0.000000  	0.756200  	0.039290  	-0.185000 
1.000000  	0.894200  	0.039605  	-0.193400 
2.000000  	1.032200  	0.039920  	-0.201800 
3.000000  	1.168400  	0.040280  	-0.209700 
4.000000  	1.303700  	0.040600  	-0.217300 
5.000000  	1.437300  	0.040960  	-0.224300 
6.000000  	1.568800  	0.041390  	-0.230800 
7.000000  	1.699600  	0.041810  	-0.237100 
8.000000  	1.827000  	0.042430  	-0.242500 
9.000000  	1.953800  	0.042950  	-0.247700 
10.000000 	2.074700  	0.043890  	-0.251700 
11.000000 	2.195200  	0.044700  	-0.255400 
12.000000 	2.307700  	0.046020  	-0.257400 
13.000000 	2.407900  	0.048130  	-0.256900 
14.000000 	2.441000  	0.054670  	-0.242400 
15.000000 	2.439100  	0.065280  	-0.225500 
16.000000 	2.424500  	0.078840  	-0.212600 
17.000000 	2.407800  	0.093870  	-0.204500 
18.000000 	2.368800  	0.112360  	-0.199100 
19.000000 	2.341500  	0.129700  	-0.197800 
20.000000 	2.306200  	0.148300  	-0.199400 
21.000000 	2.284300  	0.165060  	-0.203400 
22.000000 	2.265900  	0.181320  	-0.209500 
23.000000 	2.249100  	0.197320  	-0.217300 
24.000000 	2.250800  	0.210350  	-0.225200 
25.000000 	2.254400  	0.222830  	-0.233900 
26.000000 	2.256900  	0.235240  	-0.243700 
27.000000 	2.260700  	0.247070  	-0.254000 
28.000000 	2.266100  	0.258310  	-0.264800 
29.000000 	2.271900  	0.269190  	-0.276200 
30.000000 	2.207781  	0.291433  	-0.282946 
31.000000 	2.143663  	0.313676  	-0.289693 
32.000000 	2.079544  	0.335919  	-0.296439 
33.000000 	2.015426  	0.358162  	-0.303186 
34.000000 	1.959043  	0.381397  	-0.309126 
35.000000 	1.906958  	0.405182  	-0.314618 
36.000000 	1.854873  	0.428967  	-0.320110 
37.000000 	1.802788  	0.452752  	-0.325603 
38.000000 	1.752827  	0.476824  	-0.330671 
39.000000 	1.708176  	0.501615  	-0.334681 
40.000000 	1.663525  	0.526405  	-0.338690 
41.000000 	1.618873  	0.551195  	-0.342700 
42.000000 	1.574222  	0.575985  	-0.346709 
43.000000 	1.533853  	0.601190  	-0.349199 
44.000000 	1.493814  	0.626426  	-0.351572 
45.000000 	1.453774  	0.651662  	-0.353946 
46.000000 	1.413735  	0.676898  	-0.356319 
47.000000 	1.375318  	0.702064  	-0.358690 
48.000000 	1.338119  	0.727178  	-0.361060 
49.000000 	1.300920  	0.752292  	-0.363429 
50.000000 	1.263721  	0.777406  	-0.365799 
51.000000 	1.226895  	0.802372  	-0.368165 
52.000000 	1.191434  	0.826799  	-0.370518 
53.000000 	1.155973  	0.851227  	-0.372872 
54.000000 	1.120513  	0.875654  	-0.375225 
55.000000 	1.085052  	0.900081  	-0.377579 
56.000000 	1.050524  	0.923450  	-0.379932 
57.000000 	1.016152  	0.946644  	-0.382286 
58.000000 	0.981780  	0.969837  	-0.384639 
59.000000 	0.947408  	0.993030  	-0.386992 
60.000000 	0.913416  	1.015347  	-0.389596 
61.000000 	0.879805  	1.036788  	-0.392450 
62.000000 	0.846194  	1.058229  	-0.395304 
63.000000 	0.812583  	1.079670  	-0.398157 
64.000000 	0.779068  	1.100792  	-0.401020 
65.000000 	0.746130  	1.120004  	-0.403939 
66.000000 	0.713192  	1.139216  	-0.406858 
67.000000 	0.680254  	1.158428  	-0.409776 
68.000000 	0.647315  	1.177640  	-0.412695 
69.000000 	0.614980  	1.194767  	-0.415800 
70.000000 	0.582809  	1.211326  	-0.418957 
71.000000 	0.550638  	1.227884  	-0.422113 
72.000000 	0.518467  	1.244442  	-0.425269 
73.000000 	0.486725  	1.259708  	-0.428496 
74.000000 	0.455558  	1.273250  	-0.431818 
75.000000 	0.424390  	1.286792  	-0.435139 
76.000000 	0.393222  	1.300333  	-0.438461 
77.000000 	0.362151  	1.313639  	-0.441779 
78.000000 	0.332334  	1.323872  	-0.445054 
79.000000 	0.302516  	1.334104  	-0.448329 
80.000000 	0.272699  	1.344337  	-0.451605 
81.000000 	0.242881  	1.354570  	-0.454880 
82.000000 	0.214337  	1.362284  	-0.458077 
83.000000 	0.186303  	1.368992  	-0.461242 
84.000000 	0.158269  	1.375699  	-0.464407 
85.000000 	0.130234  	1.382407  	-0.467572 
86.000000 	0.103014  	1.387808  	-0.470737 
87.000000 	0.077261  	1.390856  	-0.473902 
88.000000 	0.051507  	1.393904  	-0.477067 
89.000000 	0.025754  	1.396952  	-0.480233 
90.000000 	0.000000  	1.400000  	-0.483398 
91.000000 	-0.018028 	1.396952  	-0.484746 
92.000000 	-0.036055 	1.393904  	-0.486094 
93.000000 	-0.054083 	1.390856  	-0.487442 
94.000000 	-0.072110 	1.387808  	-0.488790 
95.000000 	-0.091164 	1.382407  	-0.490138 
96.000000 	-0.110788 	1.375699  	-0.491486 
97.000000 	-0.130412 	1.368992  	-0.492834 
98.000000 	-0.150036 	1.362284  	-0.494182 
99.000000 	-0.170017 	1.354570  	-0.495320 
100.000000	-0.190889 	1.344337  	-0.495931 
101.000000	-0.211761 	1.334104  	-0.496543 
102.000000	-0.232633 	1.323872  	-0.497155 
103.000000	-0.253506 	1.313639  	-0.497767 
104.000000	-0.275256 	1.300333  	-0.498092 
105.000000	-0.297073 	1.286792  	-0.498396 
106.000000	-0.318890 	1.273250  	-0.498700 
107.000000	-0.340708 	1.259708  	-0.499003 
108.000000	-0.362927 	1.244442  	-0.499313 
109.000000	-0.385446 	1.227884  	-0.499627 
110.000000	-0.407966 	1.211326  	-0.499941 
111.000000	-0.430486 	1.194767  	-0.500255 
112.000000	-0.453121 	1.177640  	-0.500572 
113.000000	-0.476178 	1.158428  	-0.500901 
114.000000	-0.499234 	1.139216  	-0.501230 
115.000000	-0.522291 	1.120004  	-0.501559 
116.000000	-0.545348 	1.100792  	-0.501888 
117.000000	-0.568808 	1.079670  	-0.502382 
118.000000	-0.592336 	1.058229  	-0.502904 
119.000000	-0.615864 	1.036788  	-0.503425 
120.000000	-0.639392 	1.015347  	-0.503947 
121.000000	-0.663186 	0.993030  	-0.505212 
122.000000	-0.687246 	0.969837  	-0.507220 
123.000000	-0.711307 	0.946644  	-0.509228 
124.000000	-0.735367 	0.923450  	-0.511236 
125.000000	-0.759536 	0.900081  	-0.513244 
126.000000	-0.784359 	0.875654  	-0.515252 
127.000000	-0.809181 	0.851227  	-0.517260 
128.000000	-0.834004 	0.826799  	-0.519268 
129.000000	-0.858826 	0.802372  	-0.521276 
130.000000	-0.884605 	0.777406  	-0.526248 
131.000000	-0.910644 	0.752292  	-0.532028 
132.000000	-0.936683 	0.727178  	-0.537808 
133.000000	-0.962723 	0.702064  	-0.543589 
134.000000	-0.989614 	0.676898  	-0.549725 
135.000000	-1.017642 	0.651662  	-0.556335 
136.000000	-1.045670 	0.626426  	-0.562945 
137.000000	-1.073697 	0.601190  	-0.569555 
138.000000	-1.101956 	0.575985  	-0.576574 
139.000000	-1.133211 	0.551195  	-0.588905 
140.000000	-1.164467 	0.526405  	-0.601237 
141.000000	-1.195723 	0.501615  	-0.613569 
142.000000	-1.226979 	0.476824  	-0.625901 
143.000000	-1.261952 	0.452752  	-0.641937 
144.000000	-1.298411 	0.428967  	-0.659454 
145.000000	-1.334871 	0.405182  	-0.676971 
146.000000	-1.371330 	0.381397  	-0.694488 
147.000000	-1.410798 	0.358162  	-0.710004 
148.000000	-1.455681 	0.335919  	-0.721919 
149.000000	-1.500564 	0.313676  	-0.733834 
150.000000	-1.545447 	0.291433  	-0.745749 
151.000000	-1.590330 	0.269190  	-0.757664 
152.000000	-1.535491 	0.248394  	-0.750771 
153.000000	-1.480652 	0.227598  	-0.743878 
154.000000	-1.425813 	0.207805  	-0.736985 
155.000000	-1.370974 	0.188089  	-0.730092 
156.000000	-1.316135 	0.169386  	-0.723199 
157.000000	-1.261296 	0.150851  	-0.716306 
158.000000	-1.206457 	0.133319  	-0.709414 
159.000000	-1.151618 	0.116060  	-0.702521 
160.000000	-1.096779 	0.099776  	-0.689699 
161.000000	-1.041940 	0.083882  	-0.674505 
162.000000	-0.987101 	0.068918  	-0.656502 
163.000000	-0.932262 	0.054469  	-0.636939 
164.000000	-0.877423 	0.040890  	-0.617377 
165.000000	-0.822584 	0.027962  	-0.597814 
166.000000	-0.767746 	0.016550  	-0.578251 
167.000000	-0.712907 	0.006655  	-0.558688 
168.000000	-0.658068 	0.001000  	-0.539126 
169.000000	-0.603229 	0.001000  	-0.519563 
170.000000	-0.548390 	0.001000  	-0.491004 
171.000000	-0.493551 	0.001000  	-0.446252 
172.000000	-0.438712 	0.001000  	-0.400000 
173.000000	-0.383873 	0.001000  	-0.350000 
174.000000	-0.329034 	0.001000  	-0.300000 
175.000000	-0.274195 	0.001000  	-0.250000 
176.000000	-0.219356 	0.001000  	-0.200000 
177.000000	-0.164517 	0.001000  	-0.150000 
178.000000	-0.109678 	0.001000  	-0.100000 
179.000000	-0.054839 	0.001000  	-0.050000 
180.000000	0.000000  	0.001000  	0.000000  
! ------------------------------------------------------------------------------
! data for table	10        
! ------------------------------------------------------------------------------
  1.100000  	Re           ! Reynolds number in millions
  0.000000  	UserProp     ! User property (control) setting
Flase           InclUAdata   ! Is unsteady aerodynamics data included in this table? If TRUE, then include UA coefficients below this line. Any missing coefficients will be calculated internally.
! Table of aerodynamics coefficients
  361       	NumAlf       ! Number of data lines in the following table
!Alpha      Cl          Cd          Cm/Cp
!(deg)      (-)         (-)         (-)
-180.000000	0.000000  	0.001000  	0.000000  
-179.000000	0.054933  	0.001000  	0.040000  
-178.000000	0.109866  	0.001000  	0.080000  
-177.000000	0.164799  	0.001000  	0.120000  
-176.000000	0.219732  	0.001000  	0.160000  
-175.000000	0.274666  	0.001000  	0.200000  
-174.000000	0.329599  	0.001000  	0.240000  
-173.000000	0.384532  	0.001000  	0.280000  
-172.000000	0.439465  	0.001000  	0.320000  
-171.000000	0.494398  	0.001000  	0.358744  
-170.000000	0.549331  	0.001000  	0.396986  
-169.000000	0.604264  	0.001000  	0.429801  
-168.000000	0.659197  	0.001000  	0.459602  
-167.000000	0.714130  	0.006523  	0.489403  
-166.000000	0.769063  	0.016189  	0.519204  
-165.000000	0.823997  	0.027487  	0.549005  
-164.000000	0.878930  	0.040417  	0.578806  
-163.000000	0.933863  	0.053999  	0.608607  
-162.000000	0.988796  	0.068450  	0.638408  
-161.000000	1.043729  	0.083417  	0.665386  
-160.000000	1.098662  	0.099314  	0.687285  
-159.000000	1.153595  	0.115601  	0.704893  
-158.000000	1.208528  	0.132863  	0.711777  
-157.000000	1.263461  	0.150399  	0.718660  
-156.000000	1.318394  	0.168937  	0.725544  
-155.000000	1.373328  	0.187644  	0.732427  
-154.000000	1.428261  	0.207363  	0.739311  
-153.000000	1.483194  	0.227160  	0.746194  
-152.000000	1.538127  	0.247960  	0.753078  
-151.000000	1.593060  	0.268760  	0.759961  
-150.000000	1.548054  	0.291007  	0.747978  
-149.000000	1.503049  	0.313255  	0.735994  
-148.000000	1.458043  	0.335502  	0.724011  
-147.000000	1.413037  	0.357750  	0.712028  
-146.000000	1.373463  	0.380989  	0.696432  
-145.000000	1.336905  	0.404779  	0.678829  
-144.000000	1.300348  	0.428569  	0.661225  
-143.000000	1.263791  	0.452360  	0.643622  
-142.000000	1.228726  	0.476437  	0.627507  
-141.000000	1.197391  	0.501233  	0.615111  
-140.000000	1.166055  	0.526028  	0.602715  
-139.000000	1.134720  	0.550824  	0.590319  
-138.000000	1.103384  	0.575620  	0.577924  
-137.000000	1.075059  	0.600830  	0.570863  
-136.000000	1.046965  	0.626072  	0.564214  
-135.000000	1.018871  	0.651314  	0.557564  
-134.000000	0.990777  	0.676556  	0.550914  
-133.000000	0.963825  	0.701729  	0.544741  
-132.000000	0.937731  	0.726849  	0.538924  
-131.000000	0.911636  	0.751969  	0.533108  
-130.000000	0.885541  	0.777090  	0.527292  
-129.000000	0.859709  	0.802063  	0.522287  
-128.000000	0.834840  	0.826497  	0.520259  
-127.000000	0.809970  	0.850931  	0.518231  
-126.000000	0.785101  	0.875365  	0.516203  
-125.000000	0.760232  	0.899799  	0.514175  
-124.000000	0.736022  	0.923176  	0.512147  
-123.000000	0.711922  	0.946376  	0.510119  
-122.000000	0.687822  	0.969576  	0.508091  
-121.000000	0.663723  	0.992777  	0.506063  
-120.000000	0.639892  	1.015101  	0.504783  
-119.000000	0.616332  	1.036550  	0.504249  
-118.000000	0.592771  	1.057998  	0.503716  
-117.000000	0.569211  	1.079447  	0.503182  
-116.000000	0.545718  	1.100577  	0.502676  
-115.000000	0.522634  	1.119797  	0.502337  
-114.000000	0.499551  	1.139017  	0.501997  
-113.000000	0.476467  	1.158236  	0.501657  
-112.000000	0.453383  	1.177456  	0.501317  
-111.000000	0.430726  	1.194591  	0.500991  
-110.000000	0.408184  	1.211158  	0.500669  
-109.000000	0.385643  	1.227724  	0.500346  
-108.000000	0.363102  	1.244290  	0.500024  
-107.000000	0.340863  	1.259564  	0.499707  
-106.000000	0.319030  	1.273114  	0.499396  
-105.000000	0.297196  	1.286664  	0.499086  
-104.000000	0.275362  	1.300215  	0.498776  
-103.000000	0.253596  	1.313528  	0.498443  
-102.000000	0.232712  	1.323769  	0.497825  
-101.000000	0.211828  	1.334011  	0.497207  
-100.000000	0.190944  	1.344252  	0.496588  
-99.000000	0.170060  	1.354493  	0.495970  
-98.000000	0.150071  	1.362216  	0.494827  
-97.000000	0.130440  	1.368932  	0.493473  
-96.000000	0.110809  	1.375648  	0.492120  
-95.000000	0.091178  	1.382364  	0.490766  
-94.000000	0.072119  	1.387773  	0.489412  
-93.000000	0.054089  	1.390830  	0.488059  
-92.000000	0.036060  	1.393887  	0.486705  
-91.000000	0.018030  	1.396943  	0.485351  
-90.000000	0.000000  	1.400000  	0.483998  
-89.000000	-0.018030 	1.396943  	0.480493  
-88.000000	-0.036060 	1.393887  	0.476989  
-87.000000	-0.054089 	1.390830  	0.473485  
-86.000000	-0.072119 	1.387773  	0.469981  
-85.000000	-0.091178 	1.382364  	0.466476  
-84.000000	-0.110809 	1.375648  	0.462972  
-83.000000	-0.130440 	1.368932  	0.459468  
-82.000000	-0.150071 	1.362216  	0.455963  
-81.000000	-0.170060 	1.354493  	0.452304  
-80.000000	-0.190944 	1.344252  	0.448258  
-79.000000	-0.211828 	1.334011  	0.444211  
-78.000000	-0.232712 	1.323769  	0.440164  
-77.000000	-0.253596 	1.313528  	0.436118  
-76.000000	-0.275362 	1.300215  	0.431861  
-75.000000	-0.297196 	1.286664  	0.427587  
-74.000000	-0.319030 	1.273114  	0.423313  
-73.000000	-0.340863 	1.259564  	0.419040  
-72.000000	-0.363102 	1.244290  	0.414766  
-71.000000	-0.385643 	1.227724  	0.410493  
-70.000000	-0.408184 	1.211158  	0.406219  
-69.000000	-0.430726 	1.194591  	0.401946  
-68.000000	-0.453383 	1.177456  	0.397672  
-67.000000	-0.476467 	1.158236  	0.393399  
-66.000000	-0.499551 	1.139017  	0.389125  
-65.000000	-0.522634 	1.119797  	0.384852  
-64.000000	-0.545718 	1.100577  	0.380579  
-63.000000	-0.569211 	1.079447  	0.376356  
-62.000000	-0.592771 	1.057998  	0.372142  
-61.000000	-0.616332 	1.036550  	0.367928  
-60.000000	-0.639892 	1.015101  	0.363714  
-59.000000	-0.663723 	0.992777  	0.359729  
-58.000000	-0.687822 	0.969576  	0.355974  
-57.000000	-0.711922 	0.946376  	0.352219  
-56.000000	-0.736022 	0.923176  	0.348463  
-55.000000	-0.760232 	0.899799  	0.344708  
-54.000000	-0.785101 	0.875365  	0.340952  
-53.000000	-0.809970 	0.850931  	0.337197  
-52.000000	-0.834840 	0.826497  	0.333441  
-51.000000	-0.859709 	0.802063  	0.329686  
-50.000000	-0.885541 	0.777090  	0.326220  
-49.000000	-0.911636 	0.751969  	0.322833  
-48.000000	-0.937731 	0.726849  	0.319446  
-47.000000	-0.963825 	0.701729  	0.316059  
-46.000000	-0.990777 	0.676556  	0.312706  
-45.000000	-1.018871 	0.651314  	0.309400  
-44.000000	-1.046965 	0.626072  	0.306094  
-43.000000	-1.075059 	0.600830  	0.302788  
-42.000000	-1.103384 	0.575620  	0.299424  
-41.000000	-1.134720 	0.550824  	0.295300  
-40.000000	-1.166055 	0.526028  	0.291177  
-39.000000	-1.197391 	0.501233  	0.287054  
-38.000000	-1.228726 	0.476437  	0.282931  
-37.000000	-1.263791 	0.452360  	0.278278  
-36.000000	-1.300348 	0.428569  	0.273414  
-35.000000	-1.336905 	0.404779  	0.268550  
-34.000000	-1.373463 	0.380989  	0.263686  
-33.000000	-1.413037 	0.357750  	0.258047  
-32.000000	-1.458043 	0.335502  	0.251012  
-31.000000	-1.503049 	0.313255  	0.243978  
-30.000000	-1.548054 	0.291007  	0.236943  
-29.000000	-1.593060 	0.268760  	0.229909  
-28.000000	-1.544546 	0.256528  	0.215587  
-27.000000	-1.496033 	0.244297  	0.201266  
-26.000000	-1.447519 	0.232065  	0.186944  
-25.000000	-1.399005 	0.219834  	0.172623  
-24.000000	-1.350492 	0.207602  	0.158301  
-23.000000	-1.301978 	0.195371  	0.143980  
-22.000000	-1.253464 	0.183139  	0.129658  
-21.000000	-1.204951 	0.170907  	0.115337  
-20.000000	-1.156437 	0.158676  	0.102348  
-19.000000	-1.107923 	0.146444  	0.090914  
-18.000000	-1.059409 	0.134213  	0.080812  
-17.000000	-1.010896 	0.121981  	0.070711  
-16.000000	-0.962382 	0.109749  	0.060609  
-15.000000	-0.913868 	0.097518  	0.050508  
-14.000000	-0.865355 	0.085286  	0.040406  
-13.000000	-0.816841 	0.073055  	0.030305  
-12.000000	-0.768327 	0.060823  	-0.001613 
-11.000000	-0.719814 	0.048592  	-0.042256 
-10.000000	-0.671300 	0.036360  	-0.082900 
-9.000000 	-0.525300 	0.036620  	-0.094600 
-8.000000 	-0.380600 	0.036900  	-0.105700 
-7.000000 	-0.236200 	0.037180  	-0.116600 
-6.000000 	-0.091600 	0.037490  	-0.127400 
-5.000000 	0.051400  	0.037780  	-0.137700 
-4.000000 	0.194200  	0.038080  	-0.147800 
-3.000000 	0.336600  	0.038380  	-0.157700 
-2.000000 	0.477400  	0.038640  	-0.167100 
-1.000000 	0.618600  	0.038930  	-0.176500 
0.000000  	0.757900  	0.039220  	-0.185400 
1.000000  	0.896500  	0.039520  	-0.194000 
2.000000  	1.034400  	0.039820  	-0.202400 
3.000000  	1.170900  	0.040120  	-0.210300 
4.000000  	1.305500  	0.040500  	-0.217700 
5.000000  	1.440000  	0.040750  	-0.224900 
6.000000  	1.571300  	0.041230  	-0.231400 
7.000000  	1.703300  	0.041520  	-0.237900 
8.000000  	1.830500  	0.042140  	-0.243300 
9.000000  	1.958300  	0.042560  	-0.248700 
10.000000 	2.081200  	0.043330  	-0.253000 
11.000000 	2.200100  	0.044310  	-0.256500 
12.000000 	2.314900  	0.045430  	-0.258900 
13.000000 	2.417600  	0.047370  	-0.258900 
14.000000 	2.462300  	0.053100  	-0.246700 
15.000000 	2.453400  	0.064010  	-0.227700 
16.000000 	2.446700  	0.076570  	-0.215100 
17.000000 	2.416400  	0.092990  	-0.205300 
18.000000 	2.389400  	0.109980  	-0.200200 
19.000000 	2.350100  	0.128800  	-0.198200 
20.000000 	2.323400  	0.146170  	-0.199500 
21.000000 	2.297000  	0.163500  	-0.203300 
22.000000 	2.269800  	0.180980  	-0.209500 
23.000000 	2.263700  	0.195390  	-0.216500 
24.000000 	2.259300  	0.209290  	-0.224700 
25.000000 	2.260900  	0.222080  	-0.233500 
26.000000 	2.262200  	0.234660  	-0.243300 
27.000000 	2.266733  	0.246027  	-0.254133 
28.000000 	2.271267  	0.257393  	-0.264967 
29.000000 	2.275800  	0.268760  	-0.275800 
30.000000 	2.211506  	0.291007  	-0.282605 
31.000000 	2.147212  	0.313255  	-0.289410 
32.000000 	2.082918  	0.335502  	-0.296215 
33.000000 	2.018624  	0.357750  	-0.303020 
34.000000 	1.962089  	0.380989  	-0.309013 
35.000000 	1.909865  	0.404779  	-0.314555 
36.000000 	1.857641  	0.428569  	-0.320096 
37.000000 	1.805416  	0.452360  	-0.325638 
38.000000 	1.755323  	0.476437  	-0.330751 
39.000000 	1.710558  	0.501233  	-0.334793 
40.000000 	1.665793  	0.526028  	-0.338835 
41.000000 	1.621028  	0.550824  	-0.342877 
42.000000 	1.576263  	0.575620  	-0.346919 
43.000000 	1.535798  	0.600830  	-0.349425 
44.000000 	1.495664  	0.626072  	-0.351812 
45.000000 	1.455530  	0.651314  	-0.354200 
46.000000 	1.415396  	0.676556  	-0.356588 
47.000000 	1.376894  	0.701729  	-0.358972 
48.000000 	1.339615  	0.726849  	-0.361355 
49.000000 	1.302337  	0.751969  	-0.363737 
50.000000 	1.265059  	0.777090  	-0.366120 
51.000000 	1.228155  	0.802063  	-0.368497 
52.000000 	1.192628  	0.826497  	-0.370856 
53.000000 	1.157100  	0.850931  	-0.373215 
54.000000 	1.121573  	0.875365  	-0.375574 
55.000000 	1.086045  	0.899799  	-0.377933 
56.000000 	1.051460  	0.923176  	-0.380292 
57.000000 	1.017032  	0.946376  	-0.382651 
58.000000 	0.982603  	0.969576  	-0.385010 
59.000000 	0.948175  	0.992777  	-0.387369 
60.000000 	0.914132  	1.015101  	-0.389978 
61.000000 	0.880474  	1.036550  	-0.392837 
62.000000 	0.846816  	1.057998  	-0.395696 
63.000000 	0.813158  	1.079447  	-0.398555 
64.000000 	0.779597  	1.100577  	-0.401424 
65.000000 	0.746621  	1.119797  	-0.404347 
66.000000 	0.713644  	1.139017  	-0.407271 
67.000000 	0.680667  	1.158236  	-0.410195 
68.000000 	0.647690  	1.177456  	-0.413119 
69.000000 	0.615322  	1.194591  	-0.416230 
70.000000 	0.583120  	1.211158  	-0.419393 
71.000000 	0.550918  	1.227724  	-0.422556 
72.000000 	0.518717  	1.244290  	-0.425719 
73.000000 	0.486948  	1.259564  	-0.428952 
74.000000 	0.455756  	1.273114  	-0.432281 
75.000000 	0.424565  	1.286664  	-0.435610 
76.000000 	0.393374  	1.300215  	-0.438938 
77.000000 	0.362280  	1.313528  	-0.442264 
78.000000 	0.332445  	1.323769  	-0.445547 
79.000000 	0.302611  	1.334011  	-0.448830 
80.000000 	0.272777  	1.344252  	-0.452113 
81.000000 	0.242943  	1.354493  	-0.455396 
82.000000 	0.214388  	1.362216  	-0.458602 
83.000000 	0.186343  	1.368932  	-0.461776 
84.000000 	0.158299  	1.375648  	-0.464951 
85.000000 	0.130255  	1.382364  	-0.468125 
86.000000 	0.103028  	1.387773  	-0.471300 
87.000000 	0.077271  	1.390830  	-0.474474 
88.000000 	0.051514  	1.393887  	-0.477649 
89.000000 	0.025757  	1.396943  	-0.480823 
90.000000 	0.000000  	1.400000  	-0.483998 
91.000000 	-0.018030 	1.396943  	-0.485351 
92.000000 	-0.036060 	1.393887  	-0.486705 
93.000000 	-0.054089 	1.390830  	-0.488059 
94.000000 	-0.072119 	1.387773  	-0.489412 
95.000000 	-0.091178 	1.382364  	-0.490766 
96.000000 	-0.110809 	1.375648  	-0.492120 
97.000000 	-0.130440 	1.368932  	-0.493473 
98.000000 	-0.150071 	1.362216  	-0.494827 
99.000000 	-0.170060 	1.354493  	-0.495970 
100.000000	-0.190944 	1.344252  	-0.496588 
101.000000	-0.211828 	1.334011  	-0.497207 
102.000000	-0.232712 	1.323769  	-0.497825 
103.000000	-0.253596 	1.313528  	-0.498443 
104.000000	-0.275362 	1.300215  	-0.498776 
105.000000	-0.297196 	1.286664  	-0.499086 
106.000000	-0.319030 	1.273114  	-0.499396 
107.000000	-0.340863 	1.259564  	-0.499707 
108.000000	-0.363102 	1.244290  	-0.500024 
109.000000	-0.385643 	1.227724  	-0.500346 
110.000000	-0.408184 	1.211158  	-0.500669 
111.000000	-0.430726 	1.194591  	-0.500991 
112.000000	-0.453383 	1.177456  	-0.501317 
113.000000	-0.476467 	1.158236  	-0.501657 
114.000000	-0.499551 	1.139017  	-0.501997 
115.000000	-0.522634 	1.119797  	-0.502337 
116.000000	-0.545718 	1.100577  	-0.502676 
117.000000	-0.569211 	1.079447  	-0.503182 
118.000000	-0.592771 	1.057998  	-0.503716 
119.000000	-0.616332 	1.036550  	-0.504249 
120.000000	-0.639892 	1.015101  	-0.504783 
121.000000	-0.663723 	0.992777  	-0.506063 
122.000000	-0.687822 	0.969576  	-0.508091 
123.000000	-0.711922 	0.946376  	-0.510119 
124.000000	-0.736022 	0.923176  	-0.512147 
125.000000	-0.760232 	0.899799  	-0.514175 
126.000000	-0.785101 	0.875365  	-0.516203 
127.000000	-0.809970 	0.850931  	-0.518231 
128.000000	-0.834840 	0.826497  	-0.520259 
129.000000	-0.859709 	0.802063  	-0.522287 
130.000000	-0.885541 	0.777090  	-0.527292 
131.000000	-0.911636 	0.751969  	-0.533108 
132.000000	-0.937731 	0.726849  	-0.538924 
133.000000	-0.963825 	0.701729  	-0.544741 
134.000000	-0.990777 	0.676556  	-0.550914 
135.000000	-1.018871 	0.651314  	-0.557564 
136.000000	-1.046965 	0.626072  	-0.564214 
137.000000	-1.075059 	0.600830  	-0.570863 
138.000000	-1.103384 	0.575620  	-0.577924 
139.000000	-1.134720 	0.550824  	-0.590319 
140.000000	-1.166055 	0.526028  	-0.602715 
141.000000	-1.197391 	0.501233  	-0.615111 
142.000000	-1.228726 	0.476437  	-0.627507 
143.000000	-1.263791 	0.452360  	-0.643622 
144.000000	-1.300348 	0.428569  	-0.661225 
145.000000	-1.336905 	0.404779  	-0.678829 
146.000000	-1.373463 	0.380989  	-0.696432 
147.000000	-1.413037 	0.357750  	-0.712028 
148.000000	-1.458043 	0.335502  	-0.724011 
149.000000	-1.503049 	0.313255  	-0.735994 
150.000000	-1.548054 	0.291007  	-0.747978 
151.000000	-1.593060 	0.268760  	-0.759961 
152.000000	-1.538127 	0.247960  	-0.753078 
153.000000	-1.483194 	0.227160  	-0.746194 
154.000000	-1.428261 	0.207363  	-0.739311 
155.000000	-1.373328 	0.187644  	-0.732427 
156.000000	-1.318394 	0.168937  	-0.725544 
157.000000	-1.263461 	0.150399  	-0.718660 
158.000000	-1.208528 	0.132863  	-0.711777 
159.000000	-1.153595 	0.115601  	-0.704893 
160.000000	-1.098662 	0.099314  	-0.691965 
161.000000	-1.043729 	0.083417  	-0.676618 
162.000000	-0.988796 	0.068450  	-0.658408 
163.000000	-0.933863 	0.053999  	-0.638607 
164.000000	-0.878930 	0.040417  	-0.618806 
165.000000	-0.823997 	0.027487  	-0.599005 
166.000000	-0.769063 	0.016189  	-0.579204 
167.000000	-0.714130 	0.006523  	-0.559403 
168.000000	-0.659197 	0.001000  	-0.539602 
169.000000	-0.604264 	0.001000  	-0.519801 
170.000000	-0.549331 	0.001000  	-0.491074 
171.000000	-0.494398 	0.001000  	-0.446281 
172.000000	-0.439465 	0.001000  	-0.400000 
173.000000	-0.384532 	0.001000  	-0.350000 
174.000000	-0.329599 	0.001000  	-0.300000 
175.000000	-0.274666 	0.001000  	-0.250000 
176.000000	-0.219732 	0.001000  	-0.200000 
177.000000	-0.164799 	0.001000  	-0.150000 
178.000000	-0.109866 	0.001000  	-0.100000 
179.000000	-0.054933 	0.001000  	-0.050000 
180.000000	0.000000  	0.001000  	0.000000  
! ------------------------------------------------------------------------------
! data for table	11        
! ------------------------------------------------------------------------------
  1.200000  	Re           ! Reynolds number in millions
  0.000000  	UserProp     ! User property (control) setting
Flase           InclUAdata   ! Is unsteady aerodynamics data included in this table? If TRUE, then include UA coefficients below this line. Any missing coefficients will be calculated internally.
! Table of aerodynamics coefficients
  361       	NumAlf       ! Number of data lines in the following table
!Alpha      Cl          Cd          Cm/Cp
!(deg)      (-)         (-)         (-)
-180.000000	0.000000  	0.001000  	0.000000  
-179.000000	0.055148  	0.001000  	0.040000  
-178.000000	0.110296  	0.001000  	0.080000  
-177.000000	0.165444  	0.001000  	0.120000  
-176.000000	0.220592  	0.001000  	0.160000  
-175.000000	0.275740  	0.001000  	0.200000  
-174.000000	0.330888  	0.001000  	0.240000  
-173.000000	0.386036  	0.001000  	0.280000  
-172.000000	0.441183  	0.001000  	0.320000  
-171.000000	0.496331  	0.001000  	0.358790  
-170.000000	0.551479  	0.001000  	0.397096  
-169.000000	0.606627  	0.001000  	0.430176  
-168.000000	0.661775  	0.001000  	0.460353  
-167.000000	0.716923  	0.006139  	0.490529  
-166.000000	0.772071  	0.015131  	0.520705  
-165.000000	0.827219  	0.026096  	0.550881  
-164.000000	0.882367  	0.039033  	0.581058  
-163.000000	0.937515  	0.052622  	0.611234  
-162.000000	0.992663  	0.067080  	0.641410  
-161.000000	1.047811  	0.082055  	0.668716  
-160.000000	1.102959  	0.097961  	0.690855  
-159.000000	1.158107  	0.114257  	0.708631  
-158.000000	1.213254  	0.131528  	0.715500  
-157.000000	1.268402  	0.149073  	0.722368  
-156.000000	1.323550  	0.167621  	0.729237  
-155.000000	1.378698  	0.186338  	0.736106  
-154.000000	1.433846  	0.206069  	0.742974  
-153.000000	1.488994  	0.225877  	0.749843  
-152.000000	1.544142  	0.246688  	0.756711  
-151.000000	1.599290  	0.267500  	0.763580  
-150.000000	1.554004  	0.289760  	0.751459  
-149.000000	1.508718  	0.312021  	0.739338  
-148.000000	1.463433  	0.334281  	0.727217  
-147.000000	1.418147  	0.356542  	0.715096  
-146.000000	1.378329  	0.379795  	0.699339  
-145.000000	1.341549  	0.403600  	0.681561  
-144.000000	1.304769  	0.427405  	0.663784  
-143.000000	1.267990  	0.451210  	0.646006  
-142.000000	1.232713  	0.475302  	0.629729  
-141.000000	1.201196  	0.500114  	0.617204  
-140.000000	1.169679  	0.524926  	0.604679  
-139.000000	1.138161  	0.549738  	0.592153  
-138.000000	1.106644  	0.574549  	0.579628  
-137.000000	1.078165  	0.599777  	0.572484  
-136.000000	1.049921  	0.625037  	0.565754  
-135.000000	1.021676  	0.650296  	0.559024  
-134.000000	0.993431  	0.675556  	0.552294  
-133.000000	0.966342  	0.700747  	0.546045  
-132.000000	0.940121  	0.725886  	0.540156  
-131.000000	0.913899  	0.751025  	0.534267  
-130.000000	0.887678  	0.776164  	0.528378  
-129.000000	0.861723  	0.801156  	0.523308  
-128.000000	0.836747  	0.825610  	0.521241  
-127.000000	0.811771  	0.850065  	0.519175  
-126.000000	0.786795  	0.874519  	0.517108  
-125.000000	0.761819  	0.898973  	0.515041  
-124.000000	0.737517  	0.922370  	0.512974  
-123.000000	0.713327  	0.945592  	0.510908  
-122.000000	0.689138  	0.968813  	0.508841  
-121.000000	0.664948  	0.992035  	0.506774  
-120.000000	0.641035  	1.014381  	0.505463  
-119.000000	0.617400  	1.035852  	0.504909  
-118.000000	0.593764  	1.057322  	0.504354  
-117.000000	0.570129  	1.078793  	0.503800  
-116.000000	0.546563  	1.099945  	0.503274  
-115.000000	0.523418  	1.119188  	0.502915  
-114.000000	0.500273  	1.138431  	0.502557  
-113.000000	0.477127  	1.157674  	0.502198  
-112.000000	0.453982  	1.176917  	0.501840  
-111.000000	0.431273  	1.194075  	0.501499  
-110.000000	0.408682  	1.210665  	0.501164  
-109.000000	0.386092  	1.227255  	0.500828  
-108.000000	0.363501  	1.243845  	0.500493  
-107.000000	0.341219  	1.259143  	0.500164  
-106.000000	0.319347  	1.272717  	0.499844  
-105.000000	0.297476  	1.286292  	0.499524  
-104.000000	0.275604  	1.299866  	0.499204  
-103.000000	0.253801  	1.313204  	0.498863  
-102.000000	0.232891  	1.323470  	0.498236  
-101.000000	0.211980  	1.333736  	0.497609  
-100.000000	0.191070  	1.344002  	0.496982  
-99.000000	0.170160  	1.354267  	0.496355  
-98.000000	0.150152  	1.362016  	0.495205  
-97.000000	0.130505  	1.368757  	0.493845  
-96.000000	0.110858  	1.375498  	0.492485  
-95.000000	0.091211  	1.382239  	0.491125  
-94.000000	0.072140  	1.387673  	0.489764  
-93.000000	0.054105  	1.390755  	0.488404  
-92.000000	0.036070  	1.393836  	0.487044  
-91.000000	0.018035  	1.396918  	0.485684  
-90.000000	0.000000  	1.400000  	0.484324  
-89.000000	-0.018035 	1.396918  	0.480802  
-88.000000	-0.036070 	1.393836  	0.477280  
-87.000000	-0.054105 	1.390755  	0.473758  
-86.000000	-0.072140 	1.387673  	0.470236  
-85.000000	-0.091211 	1.382239  	0.466714  
-84.000000	-0.110858 	1.375498  	0.463192  
-83.000000	-0.130505 	1.368757  	0.459670  
-82.000000	-0.150152 	1.362016  	0.456148  
-81.000000	-0.170160 	1.354267  	0.452472  
-80.000000	-0.191070 	1.344002  	0.448411  
-79.000000	-0.211980 	1.333736  	0.444350  
-78.000000	-0.232891 	1.323470  	0.440290  
-77.000000	-0.253801 	1.313204  	0.436229  
-76.000000	-0.275604 	1.299866  	0.431958  
-75.000000	-0.297476 	1.286292  	0.427672  
-74.000000	-0.319347 	1.272717  	0.423386  
-73.000000	-0.341219 	1.259143  	0.419099  
-72.000000	-0.363501 	1.243845  	0.414814  
-71.000000	-0.386092 	1.227255  	0.410531  
-70.000000	-0.408682 	1.210665  	0.406247  
-69.000000	-0.431273 	1.194075  	0.401963  
-68.000000	-0.453982 	1.176917  	0.397680  
-67.000000	-0.477127 	1.157674  	0.393400  
-66.000000	-0.500273 	1.138431  	0.389120  
-65.000000	-0.523418 	1.119188  	0.384840  
-64.000000	-0.546563 	1.099945  	0.380560  
-63.000000	-0.570129 	1.078793  	0.376331  
-62.000000	-0.593764 	1.057322  	0.372111  
-61.000000	-0.617400 	1.035852  	0.367891  
-60.000000	-0.641035 	1.014381  	0.363670  
-59.000000	-0.664948 	0.992035  	0.359681  
-58.000000	-0.689138 	0.968813  	0.355923  
-57.000000	-0.713327 	0.945592  	0.352164  
-56.000000	-0.737517 	0.922370  	0.348406  
-55.000000	-0.761819 	0.898973  	0.344647  
-54.000000	-0.786795 	0.874519  	0.340889  
-53.000000	-0.811771 	0.850065  	0.337130  
-52.000000	-0.836747 	0.825610  	0.333372  
-51.000000	-0.861723 	0.801156  	0.329614  
-50.000000	-0.887678 	0.776164  	0.326140  
-49.000000	-0.913899 	0.751025  	0.322744  
-48.000000	-0.940121 	0.725886  	0.319348  
-47.000000	-0.966342 	0.700747  	0.315953  
-46.000000	-0.993431 	0.675556  	0.312591  
-45.000000	-1.021676 	0.650296  	0.309275  
-44.000000	-1.049921 	0.625037  	0.305959  
-43.000000	-1.078165 	0.599777  	0.302643  
-42.000000	-1.106644 	0.574549  	0.299267  
-41.000000	-1.138161 	0.549738  	0.295112  
-40.000000	-1.169679 	0.524926  	0.290957  
-39.000000	-1.201196 	0.500114  	0.286802  
-38.000000	-1.232713 	0.475302  	0.282647  
-37.000000	-1.267990 	0.451210  	0.277949  
-36.000000	-1.304769 	0.427405  	0.273034  
-35.000000	-1.341549 	0.403600  	0.268119  
-34.000000	-1.378329 	0.379795  	0.263204  
-33.000000	-1.418147 	0.356542  	0.257512  
-32.000000	-1.463433 	0.334281  	0.250422  
-31.000000	-1.508718 	0.312021  	0.243332  
-30.000000	-1.554004 	0.289760  	0.236243  
-29.000000	-1.599290 	0.267500  	0.229153  
-28.000000	-1.550364 	0.255333  	0.214762  
-27.000000	-1.501438 	0.243166  	0.200372  
-26.000000	-1.452513 	0.230999  	0.185981  
-25.000000	-1.403587 	0.218833  	0.171591  
-24.000000	-1.354661 	0.206666  	0.157201  
-23.000000	-1.305735 	0.194499  	0.142810  
-22.000000	-1.256809 	0.182332  	0.128420  
-21.000000	-1.207884 	0.170165  	0.114029  
-20.000000	-1.158958 	0.157998  	0.101037  
-19.000000	-1.110032 	0.145832  	0.089675  
-18.000000	-1.061106 	0.133665  	0.079711  
-17.000000	-1.012181 	0.121498  	0.069747  
-16.000000	-0.963255 	0.109331  	0.059783  
-15.000000	-0.914329 	0.097164  	0.049819  
-14.000000	-0.865403 	0.084997  	0.039856  
-13.000000	-0.816477 	0.072831  	0.029892  
-12.000000	-0.767552 	0.060664  	-0.002046 
-11.000000	-0.718626 	0.048497  	-0.042773 
-10.000000	-0.669700 	0.036330  	-0.083500 
-9.000000 	-0.524050 	0.036595  	-0.094950 
-8.000000 	-0.378400 	0.036860  	-0.106400 
-7.000000 	-0.234600 	0.037160  	-0.117100 
-6.000000 	-0.089700 	0.037490  	-0.128000 
-5.000000 	0.052850  	0.037770  	-0.138050 
-4.000000 	0.195400  	0.038050  	-0.148100 
-3.000000 	0.338600  	0.038360  	-0.158300 
-2.000000 	0.479400  	0.038610  	-0.167600 
-1.000000 	0.620400  	0.038900  	-0.177000 
0.000000  	0.759200  	0.039180  	-0.185700 
1.000000  	0.898200  	0.039480  	-0.194500 
2.000000  	1.036000  	0.039750  	-0.202800 
3.000000  	1.172900  	0.040010  	-0.210800 
4.000000  	1.307700  	0.040330  	-0.218200 
5.000000  	1.442300  	0.040600  	-0.225500 
6.000000  	1.574600  	0.040980  	-0.232200 
7.000000  	1.706100  	0.041310  	-0.238600 
8.000000  	1.834600  	0.041780  	-0.244200 
9.000000  	1.961800  	0.042270  	-0.249500 
10.000000 	2.086400  	0.042890  	-0.254200 
11.000000 	2.205400  	0.043830  	-0.257600 
12.000000 	2.320000  	0.045020  	-0.260000 
13.000000 	2.424000  	0.046870  	-0.260300 
14.000000 	2.498700  	0.050600  	-0.254400 
15.000000 	2.475100  	0.062030  	-0.231100 
16.000000 	2.457400  	0.075530  	-0.216400 
17.000000 	2.433700  	0.091080  	-0.206700 
18.000000 	2.401000  	0.108660  	-0.200900 
19.000000 	2.365300  	0.126970  	-0.198600 
20.000000 	2.335500  	0.144690  	-0.199600 
21.000000 	2.302300  	0.162960  	-0.203400 
22.000000 	2.284500  	0.179040  	-0.209000 
23.000000 	2.273100  	0.194150  	-0.216100 
24.000000 	2.263800  	0.208830  	-0.224600 
25.000000 	2.266400  	0.221440  	-0.233200 
26.000000 	2.272200  	0.233240  	-0.242300 
27.000000 	2.275200  	0.245220  	-0.252600 
28.000000 	2.279900  	0.256550  	-0.263300 
29.000000 	2.284700  	0.267500  	-0.274600 
30.000000 	2.220006  	0.289760  	-0.281501 
31.000000 	2.155312  	0.312021  	-0.288402 
32.000000 	2.090618  	0.334281  	-0.295303 
33.000000 	2.025924  	0.356542  	-0.302204 
34.000000 	1.969042  	0.379795  	-0.308282 
35.000000 	1.916499  	0.403600  	-0.313902 
36.000000 	1.863956  	0.427405  	-0.319522 
37.000000 	1.811414  	0.451210  	-0.325141 
38.000000 	1.761019  	0.475302  	-0.330325 
39.000000 	1.715994  	0.500114  	-0.334416 
40.000000 	1.670970  	0.524926  	-0.338508 
41.000000 	1.625945  	0.549738  	-0.342599 
42.000000 	1.580920  	0.574549  	-0.346691 
43.000000 	1.540236  	0.599777  	-0.349217 
44.000000 	1.499887  	0.625037  	-0.351622 
45.000000 	1.459537  	0.650296  	-0.354027 
46.000000 	1.419187  	0.675556  	-0.356432 
47.000000 	1.380489  	0.700747  	-0.358833 
48.000000 	1.343029  	0.725886  	-0.361230 
49.000000 	1.305570  	0.751025  	-0.363628 
50.000000 	1.268111  	0.776164  	-0.366026 
51.000000 	1.231033  	0.801156  	-0.368416 
52.000000 	1.195353  	0.825610  	-0.370780 
53.000000 	1.159673  	0.850065  	-0.373143 
54.000000 	1.123993  	0.874519  	-0.375507 
55.000000 	1.088313  	0.898973  	-0.377870 
56.000000 	1.053595  	0.922370  	-0.380234 
57.000000 	1.019039  	0.945592  	-0.382598 
58.000000 	0.984482  	0.968813  	-0.384961 
59.000000 	0.949926  	0.992035  	-0.387325 
60.000000 	0.915765  	1.014381  	-0.389939 
61.000000 	0.882000  	1.035852  	-0.392805 
62.000000 	0.848235  	1.057322  	-0.395670 
63.000000 	0.814470  	1.078793  	-0.398535 
64.000000 	0.780805  	1.099945  	-0.401410 
65.000000 	0.747740  	1.119188  	-0.404340 
66.000000 	0.714675  	1.138431  	-0.407270 
67.000000 	0.681611  	1.157674  	-0.410201 
68.000000 	0.648546  	1.176917  	-0.413131 
69.000000 	0.616104  	1.194075  	-0.416252 
70.000000 	0.583832  	1.210665  	-0.419425 
71.000000 	0.551559  	1.227255  	-0.422597 
72.000000 	0.519287  	1.243845  	-0.425770 
73.000000 	0.487455  	1.259143  	-0.429015 
74.000000 	0.456210  	1.272717  	-0.432356 
75.000000 	0.424965  	1.286292  	-0.435697 
76.000000 	0.393720  	1.299866  	-0.439038 
77.000000 	0.362573  	1.313204  	-0.442376 
78.000000 	0.332701  	1.323470  	-0.445674 
79.000000 	0.302829  	1.333736  	-0.448971 
80.000000 	0.272957  	1.344002  	-0.452268 
81.000000 	0.243085  	1.354267  	-0.455565 
82.000000 	0.214503  	1.362016  	-0.458787 
83.000000 	0.186436  	1.368757  	-0.461979 
84.000000 	0.158369  	1.375498  	-0.465171 
85.000000 	0.130302  	1.382239  	-0.468364 
86.000000 	0.103058  	1.387673  	-0.471556 
87.000000 	0.077293  	1.390755  	-0.474748 
88.000000 	0.051529  	1.393836  	-0.477940 
89.000000 	0.025764  	1.396918  	-0.481132 
90.000000 	0.000000  	1.400000  	-0.484324 
91.000000 	-0.018035 	1.396918  	-0.485684 
92.000000 	-0.036070 	1.393836  	-0.487044 
93.000000 	-0.054105 	1.390755  	-0.488404 
94.000000 	-0.072140 	1.387673  	-0.489764 
95.000000 	-0.091211 	1.382239  	-0.491125 
96.000000 	-0.110858 	1.375498  	-0.492485 
97.000000 	-0.130505 	1.368757  	-0.493845 
98.000000 	-0.150152 	1.362016  	-0.495205 
99.000000 	-0.170160 	1.354267  	-0.496355 
100.000000	-0.191070 	1.344002  	-0.496982 
101.000000	-0.211980 	1.333736  	-0.497609 
102.000000	-0.232891 	1.323470  	-0.498236 
103.000000	-0.253801 	1.313204  	-0.498863 
104.000000	-0.275604 	1.299866  	-0.499204 
105.000000	-0.297476 	1.286292  	-0.499524 
106.000000	-0.319347 	1.272717  	-0.499844 
107.000000	-0.341219 	1.259143  	-0.500164 
108.000000	-0.363501 	1.243845  	-0.500493 
109.000000	-0.386092 	1.227255  	-0.500828 
110.000000	-0.408682 	1.210665  	-0.501164 
111.000000	-0.431273 	1.194075  	-0.501499 
112.000000	-0.453982 	1.176917  	-0.501840 
113.000000	-0.477127 	1.157674  	-0.502198 
114.000000	-0.500273 	1.138431  	-0.502557 
115.000000	-0.523418 	1.119188  	-0.502915 
116.000000	-0.546563 	1.099945  	-0.503274 
117.000000	-0.570129 	1.078793  	-0.503800 
118.000000	-0.593764 	1.057322  	-0.504354 
119.000000	-0.617400 	1.035852  	-0.504909 
120.000000	-0.641035 	1.014381  	-0.505463 
121.000000	-0.664948 	0.992035  	-0.506774 
122.000000	-0.689138 	0.968813  	-0.508841 
123.000000	-0.713327 	0.945592  	-0.510908 
124.000000	-0.737517 	0.922370  	-0.512974 
125.000000	-0.761819 	0.898973  	-0.515041 
126.000000	-0.786795 	0.874519  	-0.517108 
127.000000	-0.811771 	0.850065  	-0.519175 
128.000000	-0.836747 	0.825610  	-0.521241 
129.000000	-0.861723 	0.801156  	-0.523308 
130.000000	-0.887678 	0.776164  	-0.528378 
131.000000	-0.913899 	0.751025  	-0.534267 
132.000000	-0.940121 	0.725886  	-0.540156 
133.000000	-0.966342 	0.700747  	-0.546045 
134.000000	-0.993431 	0.675556  	-0.552294 
135.000000	-1.021676 	0.650296  	-0.559024 
136.000000	-1.049921 	0.625037  	-0.565754 
137.000000	-1.078165 	0.599777  	-0.572484 
138.000000	-1.106644 	0.574549  	-0.579628 
139.000000	-1.138161 	0.549738  	-0.592153 
140.000000	-1.169679 	0.524926  	-0.604679 
141.000000	-1.201196 	0.500114  	-0.617204 
142.000000	-1.232713 	0.475302  	-0.629729 
143.000000	-1.267990 	0.451210  	-0.646006 
144.000000	-1.304769 	0.427405  	-0.663784 
145.000000	-1.341549 	0.403600  	-0.681561 
146.000000	-1.378329 	0.379795  	-0.699339 
147.000000	-1.418147 	0.356542  	-0.715096 
148.000000	-1.463433 	0.334281  	-0.727217 
149.000000	-1.508718 	0.312021  	-0.739338 
150.000000	-1.554004 	0.289760  	-0.751459 
151.000000	-1.599290 	0.267500  	-0.763580 
152.000000	-1.544142 	0.246688  	-0.756711 
153.000000	-1.488994 	0.225877  	-0.749843 
154.000000	-1.433846 	0.206069  	-0.742974 
155.000000	-1.378698 	0.186338  	-0.736106 
156.000000	-1.323550 	0.167621  	-0.729237 
157.000000	-1.268402 	0.149073  	-0.722368 
158.000000	-1.213254 	0.131528  	-0.715500 
159.000000	-1.158107 	0.114257  	-0.708631 
160.000000	-1.102959 	0.097961  	-0.695535 
161.000000	-1.047811 	0.082055  	-0.679947 
162.000000	-0.992663 	0.067080  	-0.661410 
163.000000	-0.937515 	0.052622  	-0.641234 
164.000000	-0.882367 	0.039033  	-0.621058 
165.000000	-0.827219 	0.026096  	-0.600881 
166.000000	-0.772071 	0.015131  	-0.580705 
167.000000	-0.716923 	0.006139  	-0.560529 
168.000000	-0.661775 	0.001000  	-0.540353 
169.000000	-0.606627 	0.001000  	-0.520176 
170.000000	-0.551479 	0.001000  	-0.491185 
171.000000	-0.496331 	0.001000  	-0.446327 
172.000000	-0.441183 	0.001000  	-0.400000 
173.000000	-0.386036 	0.001000  	-0.350000 
174.000000	-0.330888 	0.001000  	-0.300000 
175.000000	-0.275740 	0.001000  	-0.250000 
176.000000	-0.220592 	0.001000  	-0.200000 
177.000000	-0.165444 	0.001000  	-0.150000 
178.000000	-0.110296 	0.001000  	-0.100000 
179.000000	-0.055148 	0.001000  	-0.050000 
180.000000	0.000000  	0.001000  	0.000000  
