! AeroDyn v15 airfoil data file
! Generated from airfoilprep.py modified by D. Kim (Mar 14th, 2022) 
! start all comment lines with ! 
! ------------------------------------------------------------------------------
"DEFAULT"       InterpOrd    ! Interpolation order to use for quasi-steady table lookup {1=linear; 3=cubic spline; "default"} [default=1]
! ------------------------------------------------------------------------------
! 0.20          RelThickness ! The non-dimensional thickness of the airfoil (thickness/chord) [only used if UAMod=7] [default=0.2] (-)
  1             NonDimArea   ! The non-dimensional area of the airfoil (area/chord^2) (set to 1.0 if unsure or unneeded)
  103           NumCoords    ! The number of coordinates in the airfoil shape file (including an extra coordinate for airfoil reference).
! ......... x-y coordinates are next if NumCoords > 0 .............
! x-y coordinate of airfoil reference
!  x/c        y/c
  0.25       0
! Airfoil: 
!  x/c        y/c
1.0013125 -0.0839176
0.9805519 -0.0796460
0.9598082 -0.0752785
0.9389957 -0.0712737
0.9180536 -0.0680066
0.8969723 -0.0658419
0.8757954 -0.0650247
0.8546067 -0.0654361
0.8334572 -0.0667920
0.8123685 -0.0689428
0.7913668 -0.0718051
0.7704617 -0.0752955
0.7496537 -0.0793373
0.7289417 -0.0838419
0.7083193 -0.0887247
0.6877694 -0.0939064
0.6672732 -0.0993082
0.6468128 -0.1048547
0.6263712 -0.1104734
0.6059322 -0.1160949
0.5854765 -0.1216566
0.5649875 -0.1270992
0.5444538 -0.1323646
0.5238650 -0.1373995
0.5032131 -0.1421584
0.4824893 -0.1465946
0.4616869 -0.1506693
0.4408067 -0.1543445
0.4198563 -0.1575864
0.3988432 -0.1603619
0.3777742 -0.1626394
0.3566555 -0.1643840
0.3354914 -0.1655319
0.3142980 -0.1659653
0.2931090 -0.1655517
0.2719611 -0.1641771
0.2509016 -0.1617916
0.2299830 -0.1583829
0.2092540 -0.1539659
0.1887618 -0.1485568
0.1685495 -0.1421799
0.1486608 -0.1348549
0.1291442 -0.1265852
0.1100620 -0.1173616
0.0914937 -0.1071491
0.0735358 -0.0958769
0.0563558 -0.0834586
0.0402002 -0.0697673
0.0254150 -0.0545903
0.0126351 -0.0377074
0.0029518 -0.0188735
-0.0013143 0.0017595
0.0027678 0.0224319
0.0124982 0.0412026
0.0254251 0.0579912
0.0404063 0.0729714
0.0568192 0.0863721
0.0742771 0.0983862
0.0925194 0.1091614
0.1113829 0.1188252
0.1307383 0.1274722
0.1504820 0.1351744
0.1705488 0.1419960
0.1908826 0.1479822
0.2114316 0.1531631
0.2321586 0.1575632
0.2530361 0.1611994
0.2740363 0.1640803
0.2951284 0.1662228
0.3162804 0.1676579
0.3374611 0.1684673
0.3586544 0.1687411
0.3798505 0.1686076
0.4010396 0.1680541
0.4222143 0.1671083
0.4433687 0.1657769
0.4644968 0.1640789
0.4855926 0.1620387
0.5066553 0.1596828
0.5276858 0.1570425
0.5486856 0.1541543
0.5696562 0.1510541
0.5905982 0.1477708
0.6115140 0.1443351
0.6324075 0.1407671
0.6532815 0.1370862
0.6741381 0.1333054
0.6949788 0.1294368
0.7158057 0.1254941
0.7366191 0.1214834
0.7574216 0.1174165
0.7782148 0.1133023
0.7990004 0.1091496
0.8197801 0.1049668
0.8405553 0.1007620
0.8613276 0.0965432
0.8820987 0.0923184
0.9028695 0.0880921
0.9236400 0.0838644
0.9444060 0.0796149
0.9651464 0.0752425
0.9856410 0.0698727
! ------------------------------------------------------------------------------
"unused"        BL_file      ! The file name including the boundary layer characteristics of the profile. Unused if the aeroacoustic module is not called.
  11        	NumTabs      ! Number of airfoil tables in this file.
! ------------------------------------------------------------------------------
! data for table	1         
! ------------------------------------------------------------------------------
  0.200000  	Re           ! Reynolds number in millions
  0.000000  	UserProp     ! User property (control) setting
Flase           InclUAdata   ! Is unsteady aerodynamics data included in this table? If TRUE, then include UA coefficients below this line. Any missing coefficients will be calculated internally.
! Table of aerodynamics coefficients
  361       	NumAlf       ! Number of data lines in the following table
!Alpha      Cl          Cd          Cm/Cp
!(deg)      (-)         (-)         (-)
-180.000000	0.000000  	0.001000  	-7.241400 
-179.000000	0.051503  	0.001000  	-7.241400 
-178.000000	0.103006  	0.001000  	-7.241400 
-177.000000	0.154509  	0.001000  	-7.241400 
-176.000000	0.206012  	0.001000  	-7.241400 
-175.000000	0.257516  	0.001000  	-7.241400 
-174.000000	0.309019  	0.001000  	-7.241400 
-173.000000	0.360522  	0.001000  	-7.241400 
-172.000000	0.412025  	0.001000  	-7.241400 
-171.000000	0.463528  	0.001000  	-7.241400 
-170.000000	0.515031  	0.001000  	-7.241400 
-169.000000	0.566534  	0.001000  	-7.241400 
-168.000000	0.618037  	0.001000  	-7.241400 
-167.000000	0.669540  	0.007171  	-7.241400 
-166.000000	0.721043  	0.017969  	-7.241400 
-165.000000	0.772547  	0.029828  	-7.241400 
-164.000000	0.824050  	0.042747  	-7.241400 
-163.000000	0.875553  	0.056317  	-7.241400 
-162.000000	0.927056  	0.070755  	-7.241400 
-161.000000	0.978559  	0.085709  	-7.241400 
-160.000000	1.030062  	0.101592  	-7.241400 
-159.000000	1.081565  	0.117864  	-7.241400 
-158.000000	1.133068  	0.135110  	-7.241400 
-157.000000	1.184571  	0.152630  	-7.241400 
-156.000000	1.236074  	0.171151  	-7.241400 
-155.000000	1.287578  	0.189841  	-7.241400 
-154.000000	1.339081  	0.209542  	-7.241400 
-153.000000	1.390584  	0.229320  	-7.241400 
-152.000000	1.442087  	0.250100  	-7.241400 
-151.000000	1.493590  	0.270880  	-7.241400 
-150.000000	1.453056  	0.293106  	-7.241400 
-149.000000	1.412522  	0.315331  	-7.241400 
-148.000000	1.371987  	0.337557  	-7.241400 
-147.000000	1.331453  	0.359782  	-7.241400 
-146.000000	1.295762  	0.382998  	-7.241400 
-145.000000	1.262761  	0.406764  	-7.241400 
-144.000000	1.229761  	0.430529  	-7.241400 
-143.000000	1.196760  	0.454295  	-7.241400 
-142.000000	1.165064  	0.478347  	-7.241400 
-141.000000	1.136632  	0.503115  	-7.241400 
-140.000000	1.108199  	0.527884  	-7.241400 
-139.000000	1.079767  	0.552653  	-7.241400 
-138.000000	1.051335  	0.577421  	-7.241400 
-137.000000	1.025455  	0.602602  	-7.241400 
-136.000000	0.999772  	0.627815  	-7.241400 
-135.000000	0.974089  	0.653027  	-7.241400 
-134.000000	0.948407  	0.678240  	-7.241400 
-133.000000	0.923644  	0.703381  	-7.241400 
-132.000000	0.899573  	0.728470  	-7.241400 
-131.000000	0.875501  	0.753559  	-7.241400 
-130.000000	0.851429  	0.778647  	-7.241400 
-129.000000	0.827552  	0.803588  	-7.241400 
-128.000000	0.804387  	0.827988  	-7.241400 
-127.000000	0.781223  	0.852389  	-7.241400 
-126.000000	0.758058  	0.876789  	-7.241400 
-125.000000	0.734893  	0.901189  	-7.241400 
-124.000000	0.712156  	0.924531  	-7.241400 
-123.000000	0.689490  	0.947695  	-7.241400 
-122.000000	0.666824  	0.970860  	-7.241400 
-121.000000	0.644159  	0.994025  	-7.241400 
-120.000000	0.621644  	1.016313  	-7.241400 
-119.000000	0.599280  	1.037724  	-7.241400 
-118.000000	0.576916  	1.059135  	-7.241400 
-117.000000	0.554552  	1.080547  	-7.241400 
-116.000000	0.532225  	1.101639  	-7.241400 
-115.000000	0.510124  	1.120821  	-7.241400 
-114.000000	0.488023  	1.140002  	-7.241400 
-113.000000	0.465922  	1.159183  	-7.241400 
-112.000000	0.443821  	1.178364  	-7.241400 
-111.000000	0.421992  	1.195459  	-7.241400 
-110.000000	0.400236  	1.211986  	-7.241400 
-109.000000	0.378481  	1.228513  	-7.241400 
-108.000000	0.356725  	1.245039  	-7.241400 
-107.000000	0.335193  	1.260273  	-7.241400 
-106.000000	0.313960  	1.273782  	-7.241400 
-105.000000	0.292727  	1.287291  	-7.241400 
-104.000000	0.271494  	1.300801  	-7.241400 
-103.000000	0.250316  	1.314074  	-7.241400 
-102.000000	0.229855  	1.324273  	-7.241400 
-101.000000	0.209395  	1.334473  	-7.241400 
-100.000000	0.188935  	1.344672  	-7.241400 
-99.000000	0.168475  	1.354872  	-7.241400 
-98.000000	0.148788  	1.362553  	-7.241400 
-97.000000	0.129409  	1.369227  	-7.241400 
-96.000000	0.110030  	1.375901  	-7.241400 
-95.000000	0.090651  	1.382575  	-7.241400 
-94.000000	0.071784  	1.387942  	-7.241400 
-93.000000	0.053838  	1.390957  	-7.241400 
-92.000000	0.035892  	1.393971  	-7.241400 
-91.000000	0.017946  	1.396986  	-7.241400 
-90.000000	0.000000  	1.400000  	-7.241400 
-89.000000	-0.017946 	1.396986  	-7.241400 
-88.000000	-0.035892 	1.393971  	-7.241400 
-87.000000	-0.053838 	1.390957  	-7.241400 
-86.000000	-0.071784 	1.387942  	-7.241400 
-85.000000	-0.090651 	1.382575  	-7.241400 
-84.000000	-0.110030 	1.375901  	-7.241400 
-83.000000	-0.129409 	1.369227  	-7.241400 
-82.000000	-0.148788 	1.362553  	-7.241400 
-81.000000	-0.168475 	1.354872  	-7.241400 
-80.000000	-0.188935 	1.344672  	-7.241400 
-79.000000	-0.209395 	1.334473  	-7.241400 
-78.000000	-0.229855 	1.324273  	-7.241400 
-77.000000	-0.250316 	1.314074  	-7.241400 
-76.000000	-0.271494 	1.300801  	-7.241400 
-75.000000	-0.292727 	1.287291  	-7.241400 
-74.000000	-0.313960 	1.273782  	-7.241400 
-73.000000	-0.335193 	1.260273  	-7.241400 
-72.000000	-0.356725 	1.245039  	-7.241400 
-71.000000	-0.378481 	1.228513  	-7.241400 
-70.000000	-0.400236 	1.211986  	-7.241400 
-69.000000	-0.421992 	1.195459  	-7.241400 
-68.000000	-0.443821 	1.178364  	-7.241400 
-67.000000	-0.465922 	1.159183  	-7.241400 
-66.000000	-0.488023 	1.140002  	-7.241400 
-65.000000	-0.510124 	1.120821  	-7.241400 
-64.000000	-0.532225 	1.101639  	-7.241400 
-63.000000	-0.554552 	1.080547  	-7.241400 
-62.000000	-0.576916 	1.059135  	-7.241400 
-61.000000	-0.599280 	1.037724  	-7.241400 
-60.000000	-0.621644 	1.016313  	-7.241400 
-59.000000	-0.644159 	0.994025  	-7.241400 
-58.000000	-0.666824 	0.970860  	-7.241400 
-57.000000	-0.689490 	0.947695  	-7.241400 
-56.000000	-0.712156 	0.924531  	-7.241400 
-55.000000	-0.734893 	0.901189  	-7.241400 
-54.000000	-0.758058 	0.876789  	-7.241400 
-53.000000	-0.781223 	0.852389  	-7.241400 
-52.000000	-0.804387 	0.827988  	-7.241400 
-51.000000	-0.827552 	0.803588  	-7.241400 
-50.000000	-0.851429 	0.778647  	-7.241400 
-49.000000	-0.875501 	0.753559  	-7.241400 
-48.000000	-0.899573 	0.728470  	-7.241400 
-47.000000	-0.923644 	0.703381  	-7.241400 
-46.000000	-0.948407 	0.678240  	-7.241400 
-45.000000	-0.974089 	0.653027  	-7.241400 
-44.000000	-0.999772 	0.627815  	-7.241400 
-43.000000	-1.025455 	0.602602  	-7.241400 
-42.000000	-1.051335 	0.577421  	-7.241400 
-41.000000	-1.079767 	0.552653  	-7.241400 
-40.000000	-1.108199 	0.527884  	-7.241400 
-39.000000	-1.136632 	0.503115  	-7.241400 
-38.000000	-1.165064 	0.478347  	-7.241400 
-37.000000	-1.196760 	0.454295  	-7.241400 
-36.000000	-1.229761 	0.430529  	-7.241400 
-35.000000	-1.262761 	0.406764  	-7.241400 
-34.000000	-1.295762 	0.382998  	-7.241400 
-33.000000	-1.331453 	0.359782  	-7.241400 
-32.000000	-1.371987 	0.337557  	-7.241400 
-31.000000	-1.412522 	0.315331  	-7.241400 
-30.000000	-1.453056 	0.293106  	-7.241400 
-29.000000	-1.493590 	0.270880  	-7.241400 
-28.000000	-1.441790 	0.261120  	-7.241400 
-27.000000	-1.389991 	0.251361  	-7.241400 
-26.000000	-1.338191 	0.241601  	-7.241400 
-25.000000	-1.286392 	0.231842  	-7.241400 
-24.000000	-1.234592 	0.222082  	-7.241400 
-23.000000	-1.182793 	0.212323  	-7.241400 
-22.000000	-1.130993 	0.202563  	-7.241400 
-21.000000	-1.079194 	0.192804  	-7.241400 
-20.000000	-1.027394 	0.183044  	-7.241400 
-19.000000	-0.975595 	0.173285  	-7.241400 
-18.000000	-0.923795 	0.163525  	-7.241400 
-17.000000	-0.871995 	0.153765  	-7.241400 
-16.000000	-0.820196 	0.144006  	-7.241400 
-15.000000	-0.768396 	0.134246  	-7.241400 
-14.000000	-0.716597 	0.124487  	-7.241400 
-13.000000	-0.664797 	0.114727  	-7.241400 
-12.000000	-0.612998 	0.104968  	-7.241400 
-11.000000	-0.561198 	0.095208  	-7.241400 
-10.000000	-0.509399 	0.085449  	-6.976795 
-9.000000 	-0.457599 	0.075689  	-5.124564 
-8.000000 	-0.405800 	0.065930  	-3.272332 
-7.000000 	-0.354000 	0.056170  	-1.420100 
-6.000000 	-0.243400 	0.057110  	-1.289200 
-5.000000 	-0.109500 	0.043940  	-1.271400 
-4.000000 	0.086600  	0.042670  	-1.244600 
-3.000000 	0.235500  	0.041530  	-1.133400 
-2.000000 	0.375700  	0.041470  	-1.153600 
-1.000000 	0.510500  	0.041460  	-1.264600 
0.000000  	0.653100  	0.041450  	-1.383500 
1.000000  	0.780600  	0.042070  	-1.500200 
2.000000  	0.914900  	0.042590  	-1.626000 
3.000000  	1.048800  	0.043280  	-1.758700 
4.000000  	1.175900  	0.044170  	-1.895300 
5.000000  	1.299500  	0.045180  	-2.041400 
6.000000  	1.426200  	0.046300  	-2.203600 
7.000000  	1.550600  	0.047600  	-2.382900 
8.000000  	1.670900  	0.048980  	-2.580900 
9.000000  	1.784000  	0.050320  	-2.798800 
10.000000 	1.897900  	0.051790  	-3.046400 
11.000000 	2.004800  	0.053550  	-3.318700 
12.000000 	2.097100  	0.055980  	-3.604700 
13.000000 	2.156200  	0.059970  	-3.869800 
14.000000 	2.134200  	0.069330  	-4.028100 
15.000000 	2.116700  	0.081540  	-4.203800 
16.000000 	2.098400  	0.095540  	-4.387600 
17.000000 	2.081800  	0.111060  	-4.565200 
18.000000 	2.064200  	0.127990  	-4.740200 
19.000000 	2.064900  	0.142150  	-4.951500 
20.000000 	2.057300  	0.158220  	-5.143500 
21.000000 	2.066400  	0.171310  	-5.374400 
22.000000 	2.066800  	0.186250  	-5.584900 
23.000000 	2.081300  	0.198280  	-5.845000 
24.000000 	2.094700  	0.209770  	-6.102850 
25.000000 	2.108100  	0.221260  	-6.360700 
26.000000 	2.116600  	0.234190  	-6.591700 
27.000000 	2.124400  	0.246570  	-6.817800 
28.000000 	2.129400  	0.258930  	-7.037700 
29.000000 	2.133700  	0.270880  	-7.241400 
30.000000 	2.075794  	0.293106  	-7.241400 
31.000000 	2.017888  	0.315331  	-7.241400 
32.000000 	1.959982  	0.337557  	-7.241400 
33.000000 	1.902076  	0.359782  	-7.241400 
34.000000 	1.851089  	0.382998  	-7.241400 
35.000000 	1.803945  	0.406764  	-7.241400 
36.000000 	1.756801  	0.430529  	-7.241400 
37.000000 	1.709657  	0.454295  	-7.241400 
38.000000 	1.664378  	0.478347  	-7.241400 
39.000000 	1.623760  	0.503115  	-7.241400 
40.000000 	1.583142  	0.527884  	-7.241400 
41.000000 	1.542524  	0.552653  	-7.241400 
42.000000 	1.501906  	0.577421  	-7.241400 
43.000000 	1.464936  	0.602602  	-7.241400 
44.000000 	1.428246  	0.627815  	-7.241400 
45.000000 	1.391556  	0.653027  	-7.241400 
46.000000 	1.354867  	0.678240  	-7.241400 
47.000000 	1.319492  	0.703381  	-7.241400 
48.000000 	1.285104  	0.728470  	-7.241400 
49.000000 	1.250715  	0.753559  	-7.241400 
50.000000 	1.216327  	0.778647  	-7.241400 
51.000000 	1.182217  	0.803588  	-7.241400 
52.000000 	1.149124  	0.827988  	-7.241400 
53.000000 	1.116032  	0.852389  	-7.241400 
54.000000 	1.082940  	0.876789  	-7.241400 
55.000000 	1.049848  	0.901189  	-7.241400 
56.000000 	1.017366  	0.924531  	-7.241400 
57.000000 	0.984986  	0.947695  	-7.241400 
58.000000 	0.952606  	0.970860  	-7.241400 
59.000000 	0.920227  	0.994025  	-7.241400 
60.000000 	0.888062  	1.016313  	-7.241400 
61.000000 	0.856114  	1.037724  	-7.241400 
62.000000 	0.824165  	1.059135  	-7.241400 
63.000000 	0.792217  	1.080547  	-7.241400 
64.000000 	0.760322  	1.101639  	-7.241400 
65.000000 	0.728749  	1.120821  	-7.241400 
66.000000 	0.697176  	1.140002  	-7.241400 
67.000000 	0.665603  	1.159183  	-7.241400 
68.000000 	0.634030  	1.178364  	-7.241400 
69.000000 	0.602845  	1.195459  	-7.241400 
70.000000 	0.571766  	1.211986  	-7.241400 
71.000000 	0.540687  	1.228513  	-7.241400 
72.000000 	0.509607  	1.245039  	-7.241400 
73.000000 	0.478848  	1.260273  	-7.241400 
74.000000 	0.448514  	1.273782  	-7.241400 
75.000000 	0.418181  	1.287291  	-7.241400 
76.000000 	0.387848  	1.300801  	-7.241400 
77.000000 	0.357594  	1.314074  	-7.241400 
78.000000 	0.328365  	1.324273  	-7.241400 
79.000000 	0.299136  	1.334473  	-7.241400 
80.000000 	0.269908  	1.344672  	-7.241400 
81.000000 	0.240679  	1.354872  	-7.241400 
82.000000 	0.212554  	1.362553  	-7.241400 
83.000000 	0.184870  	1.369227  	-7.241400 
84.000000 	0.157186  	1.375901  	-7.241400 
85.000000 	0.129502  	1.382575  	-7.241400 
86.000000 	0.102549  	1.387942  	-7.241400 
87.000000 	0.076912  	1.390957  	-7.241400 
88.000000 	0.051274  	1.393971  	-7.241400 
89.000000 	0.025637  	1.396986  	-7.241400 
90.000000 	0.000000  	1.400000  	-7.241400 
91.000000 	-0.017946 	1.396986  	-7.241400 
92.000000 	-0.035892 	1.393971  	-7.241400 
93.000000 	-0.053838 	1.390957  	-7.241400 
94.000000 	-0.071784 	1.387942  	-7.241400 
95.000000 	-0.090651 	1.382575  	-7.241400 
96.000000 	-0.110030 	1.375901  	-7.241400 
97.000000 	-0.129409 	1.369227  	-7.241400 
98.000000 	-0.148788 	1.362553  	-7.241400 
99.000000 	-0.168475 	1.354872  	-7.241400 
100.000000	-0.188935 	1.344672  	-7.241400 
101.000000	-0.209395 	1.334473  	-7.241400 
102.000000	-0.229855 	1.324273  	-7.241400 
103.000000	-0.250316 	1.314074  	-7.241400 
104.000000	-0.271494 	1.300801  	-7.241400 
105.000000	-0.292727 	1.287291  	-7.241400 
106.000000	-0.313960 	1.273782  	-7.241400 
107.000000	-0.335193 	1.260273  	-7.241400 
108.000000	-0.356725 	1.245039  	-7.241400 
109.000000	-0.378481 	1.228513  	-7.241400 
110.000000	-0.400236 	1.211986  	-7.241400 
111.000000	-0.421992 	1.195459  	-7.241400 
112.000000	-0.443821 	1.178364  	-7.241400 
113.000000	-0.465922 	1.159183  	-7.241400 
114.000000	-0.488023 	1.140002  	-7.241400 
115.000000	-0.510124 	1.120821  	-7.241400 
116.000000	-0.532225 	1.101639  	-7.241400 
117.000000	-0.554552 	1.080547  	-7.241400 
118.000000	-0.576916 	1.059135  	-7.241400 
119.000000	-0.599280 	1.037724  	-7.241400 
120.000000	-0.621644 	1.016313  	-7.241400 
121.000000	-0.644159 	0.994025  	-7.241400 
122.000000	-0.666824 	0.970860  	-7.241400 
123.000000	-0.689490 	0.947695  	-7.241400 
124.000000	-0.712156 	0.924531  	-7.241400 
125.000000	-0.734893 	0.901189  	-7.241400 
126.000000	-0.758058 	0.876789  	-7.241400 
127.000000	-0.781223 	0.852389  	-7.241400 
128.000000	-0.804387 	0.827988  	-7.241400 
129.000000	-0.827552 	0.803588  	-7.241400 
130.000000	-0.851429 	0.778647  	-7.241400 
131.000000	-0.875501 	0.753559  	-7.241400 
132.000000	-0.899573 	0.728470  	-7.241400 
133.000000	-0.923644 	0.703381  	-7.241400 
134.000000	-0.948407 	0.678240  	-7.241400 
135.000000	-0.974089 	0.653027  	-7.241400 
136.000000	-0.999772 	0.627815  	-7.241400 
137.000000	-1.025455 	0.602602  	-7.241400 
138.000000	-1.051335 	0.577421  	-7.241400 
139.000000	-1.079767 	0.552653  	-7.241400 
140.000000	-1.108199 	0.527884  	-7.241400 
141.000000	-1.136632 	0.503115  	-7.241400 
142.000000	-1.165064 	0.478347  	-7.241400 
143.000000	-1.196760 	0.454295  	-7.241400 
144.000000	-1.229761 	0.430529  	-7.241400 
145.000000	-1.262761 	0.406764  	-7.241400 
146.000000	-1.295762 	0.382998  	-7.241400 
147.000000	-1.331453 	0.359782  	-7.241400 
148.000000	-1.371987 	0.337557  	-7.241400 
149.000000	-1.412522 	0.315331  	-7.241400 
150.000000	-1.453056 	0.293106  	-7.241400 
151.000000	-1.493590 	0.270880  	-7.241400 
152.000000	-1.442087 	0.250100  	-7.241400 
153.000000	-1.390584 	0.229320  	-7.241400 
154.000000	-1.339081 	0.209542  	-7.241400 
155.000000	-1.287578 	0.189841  	-7.241400 
156.000000	-1.236074 	0.171151  	-7.241400 
157.000000	-1.184571 	0.152630  	-7.241400 
158.000000	-1.133068 	0.135110  	-7.241400 
159.000000	-1.081565 	0.117864  	-7.241400 
160.000000	-1.030062 	0.101592  	-7.241400 
161.000000	-0.978559 	0.085709  	-7.241400 
162.000000	-0.927056 	0.070755  	-7.241400 
163.000000	-0.875553 	0.056317  	-7.241400 
164.000000	-0.824050 	0.042747  	-7.241400 
165.000000	-0.772547 	0.029828  	-7.241400 
166.000000	-0.721043 	0.017969  	-7.241400 
167.000000	-0.669540 	0.007171  	-7.241400 
168.000000	-0.618037 	0.001000  	-7.241400 
169.000000	-0.566534 	0.001000  	-7.241400 
170.000000	-0.515031 	0.001000  	-7.241400 
171.000000	-0.463528 	0.001000  	-7.241400 
172.000000	-0.412025 	0.001000  	-7.241400 
173.000000	-0.360522 	0.001000  	-7.241400 
174.000000	-0.309019 	0.001000  	-7.241400 
175.000000	-0.257516 	0.001000  	-7.241400 
176.000000	-0.206012 	0.001000  	-7.241400 
177.000000	-0.154509 	0.001000  	-7.241400 
178.000000	-0.103006 	0.001000  	-7.241400 
179.000000	-0.051503 	0.001000  	-7.241400 
180.000000	0.000000  	0.001000  	-7.241400 
! ------------------------------------------------------------------------------
! data for table	2         
! ------------------------------------------------------------------------------
  0.300000  	Re           ! Reynolds number in millions
  0.000000  	UserProp     ! User property (control) setting
Flase           InclUAdata   ! Is unsteady aerodynamics data included in this table? If TRUE, then include UA coefficients below this line. Any missing coefficients will be calculated internally.
! Table of aerodynamics coefficients
  361       	NumAlf       ! Number of data lines in the following table
!Alpha      Cl          Cd          Cm/Cp
!(deg)      (-)         (-)         (-)
-180.000000	0.000000  	0.001000  	-7.350300 
-179.000000	0.051674  	0.001000  	-7.350300 
-178.000000	0.103349  	0.001000  	-7.350300 
-177.000000	0.155023  	0.001000  	-7.350300 
-176.000000	0.206698  	0.001000  	-7.350300 
-175.000000	0.258372  	0.001000  	-7.350300 
-174.000000	0.310047  	0.001000  	-7.350300 
-173.000000	0.361721  	0.001000  	-7.350300 
-172.000000	0.413396  	0.001000  	-7.350300 
-171.000000	0.465070  	0.001000  	-7.350300 
-170.000000	0.516745  	0.001000  	-7.350300 
-169.000000	0.568419  	0.002052  	-7.350300 
-168.000000	0.620094  	0.003689  	-7.350300 
-167.000000	0.671768  	0.010857  	-7.350300 
-166.000000	0.723443  	0.022172  	-7.350300 
-165.000000	0.775117  	0.034278  	-7.350300 
-164.000000	0.826792  	0.047176  	-7.350300 
-163.000000	0.878466  	0.060723  	-7.350300 
-162.000000	0.930141  	0.075137  	-7.350300 
-161.000000	0.981815  	0.090065  	-7.350300 
-160.000000	1.033490  	0.105921  	-7.350300 
-159.000000	1.085164  	0.122166  	-7.350300 
-158.000000	1.136839  	0.139382  	-7.350300 
-157.000000	1.188513  	0.156871  	-7.350300 
-156.000000	1.240188  	0.175360  	-7.350300 
-155.000000	1.291862  	0.194016  	-7.350300 
-154.000000	1.343537  	0.213682  	-7.350300 
-153.000000	1.395211  	0.233425  	-7.350300 
-152.000000	1.446886  	0.254168  	-7.350300 
-151.000000	1.498560  	0.274910  	-7.350300 
-150.000000	1.457802  	0.297094  	-7.350300 
-149.000000	1.417045  	0.319278  	-7.350300 
-148.000000	1.376287  	0.341462  	-7.350300 
-147.000000	1.335530  	0.363646  	-7.350300 
-146.000000	1.299644  	0.386817  	-7.350300 
-145.000000	1.266466  	0.410535  	-7.350300 
-144.000000	1.233287  	0.434254  	-7.350300 
-143.000000	1.200109  	0.457973  	-7.350300 
-142.000000	1.168245  	0.481977  	-7.350300 
-141.000000	1.139668  	0.506694  	-7.350300 
-140.000000	1.111090  	0.531411  	-7.350300 
-139.000000	1.082513  	0.556128  	-7.350300 
-138.000000	1.053935  	0.580845  	-7.350300 
-137.000000	1.027934  	0.605970  	-7.350300 
-136.000000	1.002130  	0.631127  	-7.350300 
-135.000000	0.976327  	0.656283  	-7.350300 
-134.000000	0.950524  	0.681440  	-7.350300 
-133.000000	0.925652  	0.706523  	-7.350300 
-132.000000	0.901479  	0.731551  	-7.350300 
-131.000000	0.877306  	0.756579  	-7.350300 
-130.000000	0.853133  	0.781608  	-7.350300 
-129.000000	0.829158  	0.806487  	-7.350300 
-128.000000	0.805909  	0.830824  	-7.350300 
-127.000000	0.782659  	0.855160  	-7.350300 
-126.000000	0.759409  	0.879496  	-7.350300 
-125.000000	0.736159  	0.903832  	-7.350300 
-124.000000	0.713349  	0.927106  	-7.350300 
-123.000000	0.690611  	0.950203  	-7.350300 
-122.000000	0.667874  	0.973300  	-7.350300 
-121.000000	0.645136  	0.996397  	-7.350300 
-120.000000	0.622555  	1.018616  	-7.350300 
-119.000000	0.600132  	1.039956  	-7.350300 
-118.000000	0.577708  	1.061297  	-7.350300 
-117.000000	0.555284  	1.082638  	-7.350300 
-116.000000	0.532899  	1.103659  	-7.350300 
-115.000000	0.510749  	1.122767  	-7.350300 
-114.000000	0.488599  	1.141874  	-7.350300 
-113.000000	0.466449  	1.160982  	-7.350300 
-112.000000	0.444299  	1.180090  	-7.350300 
-111.000000	0.422428  	1.197110  	-7.350300 
-110.000000	0.400633  	1.213561  	-7.350300 
-109.000000	0.378838  	1.230012  	-7.350300 
-108.000000	0.357044  	1.246463  	-7.350300 
-107.000000	0.335477  	1.261620  	-7.350300 
-106.000000	0.314213  	1.275051  	-7.350300 
-105.000000	0.292950  	1.288483  	-7.350300 
-104.000000	0.271687  	1.301915  	-7.350300 
-103.000000	0.250479  	1.315110  	-7.350300 
-102.000000	0.229998  	1.325231  	-7.350300 
-101.000000	0.209517  	1.335351  	-7.350300 
-100.000000	0.189036  	1.345472  	-7.350300 
-99.000000	0.168555  	1.355593  	-7.350300 
-98.000000	0.148852  	1.363194  	-7.350300 
-97.000000	0.129460  	1.369788  	-7.350300 
-96.000000	0.110069  	1.376383  	-7.350300 
-95.000000	0.090678  	1.382977  	-7.350300 
-94.000000	0.071801  	1.388264  	-7.350300 
-93.000000	0.053851  	1.391198  	-7.350300 
-92.000000	0.035901  	1.394132  	-7.350300 
-91.000000	0.017950  	1.397066  	-7.350300 
-90.000000	0.000000  	1.400000  	-7.350300 
-89.000000	-0.017950 	1.397066  	-7.350300 
-88.000000	-0.035901 	1.394132  	-7.350300 
-87.000000	-0.053851 	1.391198  	-7.350300 
-86.000000	-0.071801 	1.388264  	-7.350300 
-85.000000	-0.090678 	1.382977  	-7.350300 
-84.000000	-0.110069 	1.376383  	-7.350300 
-83.000000	-0.129460 	1.369788  	-7.350300 
-82.000000	-0.148852 	1.363194  	-7.350300 
-81.000000	-0.168555 	1.355593  	-7.350300 
-80.000000	-0.189036 	1.345472  	-7.350300 
-79.000000	-0.209517 	1.335351  	-7.350300 
-78.000000	-0.229998 	1.325231  	-7.350300 
-77.000000	-0.250479 	1.315110  	-7.350300 
-76.000000	-0.271687 	1.301915  	-7.350300 
-75.000000	-0.292950 	1.288483  	-7.350300 
-74.000000	-0.314213 	1.275051  	-7.350300 
-73.000000	-0.335477 	1.261620  	-7.350300 
-72.000000	-0.357044 	1.246463  	-7.350300 
-71.000000	-0.378838 	1.230012  	-7.350300 
-70.000000	-0.400633 	1.213561  	-7.350300 
-69.000000	-0.422428 	1.197110  	-7.350300 
-68.000000	-0.444299 	1.180090  	-7.350300 
-67.000000	-0.466449 	1.160982  	-7.350300 
-66.000000	-0.488599 	1.141874  	-7.350300 
-65.000000	-0.510749 	1.122767  	-7.350300 
-64.000000	-0.532899 	1.103659  	-7.350300 
-63.000000	-0.555284 	1.082638  	-7.350300 
-62.000000	-0.577708 	1.061297  	-7.350300 
-61.000000	-0.600132 	1.039956  	-7.350300 
-60.000000	-0.622555 	1.018616  	-7.350300 
-59.000000	-0.645136 	0.996397  	-7.350300 
-58.000000	-0.667874 	0.973300  	-7.350300 
-57.000000	-0.690611 	0.950203  	-7.350300 
-56.000000	-0.713349 	0.927106  	-7.350300 
-55.000000	-0.736159 	0.903832  	-7.350300 
-54.000000	-0.759409 	0.879496  	-7.350300 
-53.000000	-0.782659 	0.855160  	-7.350300 
-52.000000	-0.805909 	0.830824  	-7.350300 
-51.000000	-0.829158 	0.806487  	-7.350300 
-50.000000	-0.853133 	0.781608  	-7.350300 
-49.000000	-0.877306 	0.756579  	-7.350300 
-48.000000	-0.901479 	0.731551  	-7.350300 
-47.000000	-0.925652 	0.706523  	-7.350300 
-46.000000	-0.950524 	0.681440  	-7.350300 
-45.000000	-0.976327 	0.656283  	-7.350300 
-44.000000	-1.002130 	0.631127  	-7.350300 
-43.000000	-1.027934 	0.605970  	-7.350300 
-42.000000	-1.053935 	0.580845  	-7.350300 
-41.000000	-1.082513 	0.556128  	-7.350300 
-40.000000	-1.111090 	0.531411  	-7.350300 
-39.000000	-1.139668 	0.506694  	-7.350300 
-38.000000	-1.168245 	0.481977  	-7.350300 
-37.000000	-1.200109 	0.457973  	-7.350300 
-36.000000	-1.233287 	0.434254  	-7.350300 
-35.000000	-1.266466 	0.410535  	-7.350300 
-34.000000	-1.299644 	0.386817  	-7.350300 
-33.000000	-1.335530 	0.363646  	-7.350300 
-32.000000	-1.376287 	0.341462  	-7.350300 
-31.000000	-1.417045 	0.319278  	-7.350300 
-30.000000	-1.457802 	0.297094  	-7.350300 
-29.000000	-1.498560 	0.274910  	-7.350300 
-28.000000	-1.458652 	0.262564  	-7.350300 
-27.000000	-1.418743 	0.250217  	-7.350300 
-26.000000	-1.378835 	0.237871  	-7.350300 
-25.000000	-1.338926 	0.225525  	-7.350300 
-24.000000	-1.299018 	0.213178  	-7.350300 
-23.000000	-1.259109 	0.200832  	-7.350300 
-22.000000	-1.219201 	0.188486  	-7.350300 
-21.000000	-1.179293 	0.176139  	-7.350300 
-20.000000	-1.139384 	0.163793  	-7.350300 
-19.000000	-1.099476 	0.151447  	-7.350300 
-18.000000	-1.059567 	0.139101  	-7.350300 
-17.000000	-1.019659 	0.126754  	-7.350300 
-16.000000	-0.979751 	0.114408  	-7.350300 
-15.000000	-0.939842 	0.102062  	-7.350300 
-14.000000	-0.899934 	0.089715  	-7.350300 
-13.000000	-0.860025 	0.077369  	-7.350300 
-12.000000	-0.820117 	0.065023  	-5.961800 
-11.000000	-0.780208 	0.052676  	-4.017900 
-10.000000	-0.740300 	0.040330  	-2.074000 
-9.000000 	-0.577800 	0.038520  	-1.913900 
-8.000000 	-0.410000 	0.036900  	-1.761900 
-7.000000 	-0.280700 	0.036900  	-1.634300 
-6.000000 	-0.138700 	0.036740  	-1.506300 
-5.000000 	-0.002400 	0.036620  	-1.385100 
-4.000000 	0.136300  	0.036770  	-1.265200 
-3.000000 	0.273900  	0.036820  	-1.151800 
-2.000000 	0.411900  	0.037090  	-1.179500 
-1.000000 	0.546500  	0.037360  	-1.292600 
0.000000  	0.682800  	0.037750  	-1.409800 
1.000000  	0.815900  	0.038220  	-1.531500 
2.000000  	0.947800  	0.038760  	-1.657200 
3.000000  	1.079100  	0.039410  	-1.790000 
4.000000  	1.209500  	0.040180  	-1.930400 
5.000000  	1.335800  	0.041050  	-2.079900 
6.000000  	1.460700  	0.041980  	-2.243400 
7.000000  	1.584500  	0.042920  	-2.425000 
8.000000  	1.706200  	0.044100  	-2.626700 
9.000000  	1.820900  	0.045400  	-2.849500 
10.000000 	1.932600  	0.046920  	-3.098900 
11.000000 	2.037600  	0.048840  	-3.373600 
12.000000 	2.124700  	0.051550  	-3.658100 
13.000000 	2.159700  	0.057450  	-3.892200 
14.000000 	2.153600  	0.067840  	-4.075500 
15.000000 	2.142700  	0.080680  	-4.266100 
16.000000 	2.125600  	0.096080  	-4.455500 
17.000000 	2.104800  	0.112690  	-4.625400 
18.000000 	2.085900  	0.129790  	-4.803800 
19.000000 	2.071900  	0.146530  	-4.980300 
20.000000 	2.065700  	0.162170  	-5.179400 
21.000000 	2.064800  	0.177270  	-5.382200 
22.000000 	2.070400  	0.190880  	-5.614400 
23.000000 	2.078700  	0.204090  	-5.855900 
24.000000 	2.088400  	0.216860  	-6.105800 
25.000000 	2.099400  	0.229130  	-6.358300 
26.000000 	2.109650  	0.240825  	-6.604800 
27.000000 	2.119900  	0.252520  	-6.851300 
28.000000 	2.130700  	0.263980  	-7.107000 
29.000000 	2.140800  	0.274910  	-7.350300 
30.000000 	2.082575  	0.297094  	-7.350300 
31.000000 	2.024350  	0.319278  	-7.350300 
32.000000 	1.966125  	0.341462  	-7.350300 
33.000000 	1.907899  	0.363646  	-7.350300 
34.000000 	1.856635  	0.386817  	-7.350300 
35.000000 	1.809237  	0.410535  	-7.350300 
36.000000 	1.761839  	0.434254  	-7.350300 
37.000000 	1.714442  	0.457973  	-7.350300 
38.000000 	1.668922  	0.481977  	-7.350300 
39.000000 	1.628097  	0.506694  	-7.350300 
40.000000 	1.587272  	0.531411  	-7.350300 
41.000000 	1.546447  	0.556128  	-7.350300 
42.000000 	1.505622  	0.580845  	-7.350300 
43.000000 	1.468477  	0.605970  	-7.350300 
44.000000 	1.431615  	0.631127  	-7.350300 
45.000000 	1.394753  	0.656283  	-7.350300 
46.000000 	1.357891  	0.681440  	-7.350300 
47.000000 	1.322360  	0.706523  	-7.350300 
48.000000 	1.287827  	0.731551  	-7.350300 
49.000000 	1.253295  	0.756579  	-7.350300 
50.000000 	1.218762  	0.781608  	-7.350300 
51.000000 	1.184512  	0.806487  	-7.350300 
52.000000 	1.151298  	0.830824  	-7.350300 
53.000000 	1.118084  	0.855160  	-7.350300 
54.000000 	1.084870  	0.879496  	-7.350300 
55.000000 	1.051656  	0.903832  	-7.350300 
56.000000 	1.019070  	0.927106  	-7.350300 
57.000000 	0.986587  	0.950203  	-7.350300 
58.000000 	0.954105  	0.973300  	-7.350300 
59.000000 	0.921623  	0.996397  	-7.350300 
60.000000 	0.889365  	1.018616  	-7.350300 
61.000000 	0.857331  	1.039956  	-7.350300 
62.000000 	0.825297  	1.061297  	-7.350300 
63.000000 	0.793263  	1.082638  	-7.350300 
64.000000 	0.761285  	1.103659  	-7.350300 
65.000000 	0.729642  	1.122767  	-7.350300 
66.000000 	0.697999  	1.141874  	-7.350300 
67.000000 	0.666356  	1.160982  	-7.350300 
68.000000 	0.634713  	1.180090  	-7.350300 
69.000000 	0.603469  	1.197110  	-7.350300 
70.000000 	0.572333  	1.213561  	-7.350300 
71.000000 	0.541198  	1.230012  	-7.350300 
72.000000 	0.510062  	1.246463  	-7.350300 
73.000000 	0.479252  	1.261620  	-7.350300 
74.000000 	0.448876  	1.275051  	-7.350300 
75.000000 	0.418500  	1.288483  	-7.350300 
76.000000 	0.388124  	1.301915  	-7.350300 
77.000000 	0.357828  	1.315110  	-7.350300 
78.000000 	0.328569  	1.325231  	-7.350300 
79.000000 	0.299310  	1.335351  	-7.350300 
80.000000 	0.270051  	1.345472  	-7.350300 
81.000000 	0.240792  	1.355593  	-7.350300 
82.000000 	0.212645  	1.363194  	-7.350300 
83.000000 	0.184943  	1.369788  	-7.350300 
84.000000 	0.157241  	1.376383  	-7.350300 
85.000000 	0.129540  	1.382977  	-7.350300 
86.000000 	0.102573  	1.388264  	-7.350300 
87.000000 	0.076930  	1.391198  	-7.350300 
88.000000 	0.051286  	1.394132  	-7.350300 
89.000000 	0.025643  	1.397066  	-7.350300 
90.000000 	0.000000  	1.400000  	-7.350300 
91.000000 	-0.017950 	1.397066  	-7.350300 
92.000000 	-0.035901 	1.394132  	-7.350300 
93.000000 	-0.053851 	1.391198  	-7.350300 
94.000000 	-0.071801 	1.388264  	-7.350300 
95.000000 	-0.090678 	1.382977  	-7.350300 
96.000000 	-0.110069 	1.376383  	-7.350300 
97.000000 	-0.129460 	1.369788  	-7.350300 
98.000000 	-0.148852 	1.363194  	-7.350300 
99.000000 	-0.168555 	1.355593  	-7.350300 
100.000000	-0.189036 	1.345472  	-7.350300 
101.000000	-0.209517 	1.335351  	-7.350300 
102.000000	-0.229998 	1.325231  	-7.350300 
103.000000	-0.250479 	1.315110  	-7.350300 
104.000000	-0.271687 	1.301915  	-7.350300 
105.000000	-0.292950 	1.288483  	-7.350300 
106.000000	-0.314213 	1.275051  	-7.350300 
107.000000	-0.335477 	1.261620  	-7.350300 
108.000000	-0.357044 	1.246463  	-7.350300 
109.000000	-0.378838 	1.230012  	-7.350300 
110.000000	-0.400633 	1.213561  	-7.350300 
111.000000	-0.422428 	1.197110  	-7.350300 
112.000000	-0.444299 	1.180090  	-7.350300 
113.000000	-0.466449 	1.160982  	-7.350300 
114.000000	-0.488599 	1.141874  	-7.350300 
115.000000	-0.510749 	1.122767  	-7.350300 
116.000000	-0.532899 	1.103659  	-7.350300 
117.000000	-0.555284 	1.082638  	-7.350300 
118.000000	-0.577708 	1.061297  	-7.350300 
119.000000	-0.600132 	1.039956  	-7.350300 
120.000000	-0.622555 	1.018616  	-7.350300 
121.000000	-0.645136 	0.996397  	-7.350300 
122.000000	-0.667874 	0.973300  	-7.350300 
123.000000	-0.690611 	0.950203  	-7.350300 
124.000000	-0.713349 	0.927106  	-7.350300 
125.000000	-0.736159 	0.903832  	-7.350300 
126.000000	-0.759409 	0.879496  	-7.350300 
127.000000	-0.782659 	0.855160  	-7.350300 
128.000000	-0.805909 	0.830824  	-7.350300 
129.000000	-0.829158 	0.806487  	-7.350300 
130.000000	-0.853133 	0.781608  	-7.350300 
131.000000	-0.877306 	0.756579  	-7.350300 
132.000000	-0.901479 	0.731551  	-7.350300 
133.000000	-0.925652 	0.706523  	-7.350300 
134.000000	-0.950524 	0.681440  	-7.350300 
135.000000	-0.976327 	0.656283  	-7.350300 
136.000000	-1.002130 	0.631127  	-7.350300 
137.000000	-1.027934 	0.605970  	-7.350300 
138.000000	-1.053935 	0.580845  	-7.350300 
139.000000	-1.082513 	0.556128  	-7.350300 
140.000000	-1.111090 	0.531411  	-7.350300 
141.000000	-1.139668 	0.506694  	-7.350300 
142.000000	-1.168245 	0.481977  	-7.350300 
143.000000	-1.200109 	0.457973  	-7.350300 
144.000000	-1.233287 	0.434254  	-7.350300 
145.000000	-1.266466 	0.410535  	-7.350300 
146.000000	-1.299644 	0.386817  	-7.350300 
147.000000	-1.335530 	0.363646  	-7.350300 
148.000000	-1.376287 	0.341462  	-7.350300 
149.000000	-1.417045 	0.319278  	-7.350300 
150.000000	-1.457802 	0.297094  	-7.350300 
151.000000	-1.498560 	0.274910  	-7.350300 
152.000000	-1.446886 	0.254168  	-7.350300 
153.000000	-1.395211 	0.233425  	-7.350300 
154.000000	-1.343537 	0.213682  	-7.350300 
155.000000	-1.291862 	0.194016  	-7.350300 
156.000000	-1.240188 	0.175360  	-7.350300 
157.000000	-1.188513 	0.156871  	-7.350300 
158.000000	-1.136839 	0.139382  	-7.350300 
159.000000	-1.085164 	0.122166  	-7.350300 
160.000000	-1.033490 	0.105921  	-7.350300 
161.000000	-0.981815 	0.090065  	-7.350300 
162.000000	-0.930141 	0.075137  	-7.350300 
163.000000	-0.878466 	0.060723  	-7.350300 
164.000000	-0.826792 	0.047176  	-7.350300 
165.000000	-0.775117 	0.034278  	-7.350300 
166.000000	-0.723443 	0.022172  	-7.350300 
167.000000	-0.671768 	0.010857  	-7.350300 
168.000000	-0.620094 	0.003689  	-7.350300 
169.000000	-0.568419 	0.002052  	-7.350300 
170.000000	-0.516745 	0.001000  	-7.350300 
171.000000	-0.465070 	0.001000  	-7.350300 
172.000000	-0.413396 	0.001000  	-7.350300 
173.000000	-0.361721 	0.001000  	-7.350300 
174.000000	-0.310047 	0.001000  	-7.350300 
175.000000	-0.258372 	0.001000  	-7.350300 
176.000000	-0.206698 	0.001000  	-7.350300 
177.000000	-0.155023 	0.001000  	-7.350300 
178.000000	-0.103349 	0.001000  	-7.350300 
179.000000	-0.051674 	0.001000  	-7.350300 
180.000000	0.000000  	0.001000  	-7.350300 
! ------------------------------------------------------------------------------
! data for table	3         
! ------------------------------------------------------------------------------
  0.400000  	Re           ! Reynolds number in millions
  0.000000  	UserProp     ! User property (control) setting
Flase           InclUAdata   ! Is unsteady aerodynamics data included in this table? If TRUE, then include UA coefficients below this line. Any missing coefficients will be calculated internally.
! Table of aerodynamics coefficients
  361       	NumAlf       ! Number of data lines in the following table
!Alpha      Cl          Cd          Cm/Cp
!(deg)      (-)         (-)         (-)
-180.000000	0.000000  	0.001000  	-7.356200 
-179.000000	0.051566  	0.001000  	-7.356200 
-178.000000	0.103132  	0.001000  	-7.356200 
-177.000000	0.154698  	0.001000  	-7.356200 
-176.000000	0.206263  	0.001000  	-7.356200 
-175.000000	0.257829  	0.001000  	-7.356200 
-174.000000	0.309395  	0.001000  	-7.356200 
-173.000000	0.360961  	0.001000  	-7.356200 
-172.000000	0.412527  	0.001000  	-7.356200 
-171.000000	0.464093  	0.001000  	-7.356200 
-170.000000	0.515659  	0.001000  	-7.356200 
-169.000000	0.567224  	0.003283  	-7.356200 
-168.000000	0.618790  	0.006833  	-7.356200 
-167.000000	0.670356  	0.014811  	-7.356200 
-166.000000	0.721922  	0.026110  	-7.356200 
-165.000000	0.773488  	0.038198  	-7.356200 
-164.000000	0.825054  	0.051077  	-7.356200 
-163.000000	0.876620  	0.064604  	-7.356200 
-162.000000	0.928186  	0.078996  	-7.356200 
-161.000000	0.979751  	0.093903  	-7.356200 
-160.000000	1.031317  	0.109735  	-7.356200 
-159.000000	1.082883  	0.125955  	-7.356200 
-158.000000	1.134449  	0.143145  	-7.356200 
-157.000000	1.186015  	0.160607  	-7.356200 
-156.000000	1.237581  	0.179067  	-7.356200 
-155.000000	1.289147  	0.197695  	-7.356200 
-154.000000	1.340712  	0.217330  	-7.356200 
-153.000000	1.392278  	0.237042  	-7.356200 
-152.000000	1.443844  	0.257751  	-7.356200 
-151.000000	1.495410  	0.278460  	-7.356200 
-150.000000	1.454794  	0.300607  	-7.356200 
-149.000000	1.414178  	0.322755  	-7.356200 
-148.000000	1.373562  	0.344902  	-7.356200 
-147.000000	1.332946  	0.367049  	-7.356200 
-146.000000	1.297184  	0.390180  	-7.356200 
-145.000000	1.264118  	0.413858  	-7.356200 
-144.000000	1.231052  	0.437536  	-7.356200 
-143.000000	1.197986  	0.461213  	-7.356200 
-142.000000	1.166229  	0.485175  	-7.356200 
-141.000000	1.137744  	0.509847  	-7.356200 
-140.000000	1.109258  	0.534518  	-7.356200 
-139.000000	1.080772  	0.559190  	-7.356200 
-138.000000	1.052287  	0.583861  	-7.356200 
-137.000000	1.026363  	0.608937  	-7.356200 
-136.000000	1.000636  	0.634044  	-7.356200 
-135.000000	0.974909  	0.659151  	-7.356200 
-134.000000	0.949182  	0.684259  	-7.356200 
-133.000000	0.924380  	0.709290  	-7.356200 
-132.000000	0.900271  	0.734265  	-7.356200 
-131.000000	0.876162  	0.759240  	-7.356200 
-130.000000	0.852053  	0.784215  	-7.356200 
-129.000000	0.828140  	0.809041  	-7.356200 
-128.000000	0.804944  	0.833321  	-7.356200 
-127.000000	0.781749  	0.857601  	-7.356200 
-126.000000	0.758553  	0.881880  	-7.356200 
-125.000000	0.735357  	0.906160  	-7.356200 
-124.000000	0.712593  	0.929375  	-7.356200 
-123.000000	0.689901  	0.952412  	-7.356200 
-122.000000	0.667209  	0.975450  	-7.356200 
-121.000000	0.644517  	0.998487  	-7.356200 
-120.000000	0.621978  	1.020645  	-7.356200 
-119.000000	0.599592  	1.041923  	-7.356200 
-118.000000	0.577206  	1.063201  	-7.356200 
-117.000000	0.554820  	1.084479  	-7.356200 
-116.000000	0.532472  	1.105438  	-7.356200 
-115.000000	0.510353  	1.124481  	-7.356200 
-114.000000	0.488234  	1.143524  	-7.356200 
-113.000000	0.466115  	1.162567  	-7.356200 
-112.000000	0.443996  	1.181610  	-7.356200 
-111.000000	0.422152  	1.198564  	-7.356200 
-110.000000	0.400382  	1.214948  	-7.356200 
-109.000000	0.378612  	1.231332  	-7.356200 
-108.000000	0.356842  	1.247716  	-7.356200 
-107.000000	0.335297  	1.262806  	-7.356200 
-106.000000	0.314053  	1.276169  	-7.356200 
-105.000000	0.292809  	1.289533  	-7.356200 
-104.000000	0.271564  	1.302896  	-7.356200 
-103.000000	0.250376  	1.316023  	-7.356200 
-102.000000	0.229908  	1.326074  	-7.356200 
-101.000000	0.209440  	1.336125  	-7.356200 
-100.000000	0.188972  	1.346176  	-7.356200 
-99.000000	0.168504  	1.356227  	-7.356200 
-98.000000	0.148811  	1.363759  	-7.356200 
-97.000000	0.129428  	1.370283  	-7.356200 
-96.000000	0.110044  	1.376807  	-7.356200 
-95.000000	0.090661  	1.383330  	-7.356200 
-94.000000	0.071790  	1.388547  	-7.356200 
-93.000000	0.053843  	1.391410  	-7.356200 
-92.000000	0.035895  	1.394273  	-7.356200 
-91.000000	0.017948  	1.397137  	-7.356200 
-90.000000	0.000000  	1.400000  	-7.356200 
-89.000000	-0.017948 	1.397137  	-7.356200 
-88.000000	-0.035895 	1.394273  	-7.356200 
-87.000000	-0.053843 	1.391410  	-7.356200 
-86.000000	-0.071790 	1.388547  	-7.356200 
-85.000000	-0.090661 	1.383330  	-7.356200 
-84.000000	-0.110044 	1.376807  	-7.356200 
-83.000000	-0.129428 	1.370283  	-7.356200 
-82.000000	-0.148811 	1.363759  	-7.356200 
-81.000000	-0.168504 	1.356227  	-7.356200 
-80.000000	-0.188972 	1.346176  	-7.356200 
-79.000000	-0.209440 	1.336125  	-7.356200 
-78.000000	-0.229908 	1.326074  	-7.356200 
-77.000000	-0.250376 	1.316023  	-7.356200 
-76.000000	-0.271564 	1.302896  	-7.356200 
-75.000000	-0.292809 	1.289533  	-7.356200 
-74.000000	-0.314053 	1.276169  	-7.356200 
-73.000000	-0.335297 	1.262806  	-7.356200 
-72.000000	-0.356842 	1.247716  	-7.356200 
-71.000000	-0.378612 	1.231332  	-7.356200 
-70.000000	-0.400382 	1.214948  	-7.356200 
-69.000000	-0.422152 	1.198564  	-7.356200 
-68.000000	-0.443996 	1.181610  	-7.356200 
-67.000000	-0.466115 	1.162567  	-7.356200 
-66.000000	-0.488234 	1.143524  	-7.356200 
-65.000000	-0.510353 	1.124481  	-7.356200 
-64.000000	-0.532472 	1.105438  	-7.356200 
-63.000000	-0.554820 	1.084479  	-7.356200 
-62.000000	-0.577206 	1.063201  	-7.356200 
-61.000000	-0.599592 	1.041923  	-7.356200 
-60.000000	-0.621978 	1.020645  	-7.356200 
-59.000000	-0.644517 	0.998487  	-7.356200 
-58.000000	-0.667209 	0.975450  	-7.356200 
-57.000000	-0.689901 	0.952412  	-7.356200 
-56.000000	-0.712593 	0.929375  	-7.356200 
-55.000000	-0.735357 	0.906160  	-7.356200 
-54.000000	-0.758553 	0.881880  	-7.356200 
-53.000000	-0.781749 	0.857601  	-7.356200 
-52.000000	-0.804944 	0.833321  	-7.356200 
-51.000000	-0.828140 	0.809041  	-7.356200 
-50.000000	-0.852053 	0.784215  	-7.356200 
-49.000000	-0.876162 	0.759240  	-7.356200 
-48.000000	-0.900271 	0.734265  	-7.356200 
-47.000000	-0.924380 	0.709290  	-7.356200 
-46.000000	-0.949182 	0.684259  	-7.356200 
-45.000000	-0.974909 	0.659151  	-7.356200 
-44.000000	-1.000636 	0.634044  	-7.356200 
-43.000000	-1.026363 	0.608937  	-7.356200 
-42.000000	-1.052287 	0.583861  	-7.356200 
-41.000000	-1.080772 	0.559190  	-7.356200 
-40.000000	-1.109258 	0.534518  	-7.356200 
-39.000000	-1.137744 	0.509847  	-7.356200 
-38.000000	-1.166229 	0.485175  	-7.356200 
-37.000000	-1.197986 	0.461213  	-7.356200 
-36.000000	-1.231052 	0.437536  	-7.356200 
-35.000000	-1.264118 	0.413858  	-7.356200 
-34.000000	-1.297184 	0.390180  	-7.356200 
-33.000000	-1.332946 	0.367049  	-7.356200 
-32.000000	-1.373562 	0.344902  	-7.356200 
-31.000000	-1.414178 	0.322755  	-7.356200 
-30.000000	-1.454794 	0.300607  	-7.356200 
-29.000000	-1.495410 	0.278460  	-7.356200 
-28.000000	-1.443476 	0.266856  	-7.356200 
-27.000000	-1.391542 	0.255251  	-7.356200 
-26.000000	-1.339609 	0.243647  	-7.356200 
-25.000000	-1.287675 	0.232043  	-7.356200 
-24.000000	-1.235741 	0.220439  	-7.356200 
-23.000000	-1.183807 	0.208834  	-7.356200 
-22.000000	-1.131873 	0.197230  	-7.356200 
-21.000000	-1.079940 	0.185626  	-7.356200 
-20.000000	-1.028006 	0.174021  	-7.356200 
-19.000000	-0.976072 	0.162417  	-7.356200 
-18.000000	-0.924138 	0.150813  	-7.356200 
-17.000000	-0.872204 	0.139209  	-7.356200 
-16.000000	-0.820270 	0.127604  	-7.356200 
-15.000000	-0.768337 	0.116000  	-7.356200 
-14.000000	-0.716403 	0.104396  	-7.356200 
-13.000000	-0.664469 	0.092791  	-7.356200 
-12.000000	-0.612535 	0.081187  	-7.356200 
-11.000000	-0.560601 	0.069583  	-7.356200 
-10.000000	-0.508668 	0.057979  	-5.496767 
-9.000000 	-0.456734 	0.046374  	-3.637333 
-8.000000 	-0.404800 	0.034770  	-1.777900 
-7.000000 	-0.267200 	0.034900  	-1.645400 
-6.000000 	-0.128600 	0.034930  	-1.518600 
-5.000000 	0.008900  	0.035110  	-1.393600 
-4.000000 	0.148000  	0.035320  	-1.274800 
-3.000000 	0.284900  	0.035550  	-1.158400 
-2.000000 	0.422800  	0.035820  	-1.189100 
-1.000000 	0.558500  	0.036170  	-1.303500 
0.000000  	0.693400  	0.036570  	-1.420900 
1.000000  	0.828300  	0.036990  	-1.544300 
2.000000  	0.961100  	0.037500  	-1.671200 
3.000000  	1.091900  	0.038080  	-1.804500 
4.000000  	1.221700  	0.038730  	-1.945200 
5.000000  	1.349800  	0.039470  	-2.096100 
6.000000  	1.476100  	0.040300  	-2.261300 
7.000000  	1.599800  	0.041120  	-2.443700 
8.000000  	1.721100  	0.042140  	-2.646600 
9.000000  	1.839200  	0.043370  	-2.874300 
10.000000 	1.950900  	0.044810  	-3.126300 
11.000000 	2.056000  	0.046650  	-3.403600 
12.000000 	2.147400  	0.049330  	-3.696700 
13.000000 	2.180900  	0.055560  	-3.931900 
14.000000 	2.183300  	0.065830  	-4.131300 
15.000000 	2.171400  	0.079220  	-4.327000 
16.000000 	2.151500  	0.095100  	-4.513700 
17.000000 	2.127500  	0.112280  	-4.680700 
18.000000 	2.102000  	0.130330  	-4.846100 
19.000000 	2.086500  	0.147190  	-5.022600 
20.000000 	2.075500  	0.163560  	-5.210800 
21.000000 	2.074600  	0.178390  	-5.416600 
22.000000 	2.075000  	0.192930  	-5.634500 
23.000000 	2.080700  	0.206510  	-5.870400 
24.000000 	2.090200  	0.219300  	-6.121900 
25.000000 	2.100400  	0.231680  	-6.374400 
26.000000 	2.110300  	0.243820  	-6.622700 
27.000000 	2.118600  	0.255940  	-6.864800 
28.000000 	2.127400  	0.267140  	-7.115900 
29.000000 	2.136300  	0.278460  	-7.356200 
30.000000 	2.078277  	0.300607  	-7.356200 
31.000000 	2.020254  	0.322755  	-7.356200 
32.000000 	1.962231  	0.344902  	-7.356200 
33.000000 	1.904209  	0.367049  	-7.356200 
34.000000 	1.853120  	0.390180  	-7.356200 
35.000000 	1.805883  	0.413858  	-7.356200 
36.000000 	1.758646  	0.437536  	-7.356200 
37.000000 	1.711409  	0.461213  	-7.356200 
38.000000 	1.666042  	0.485175  	-7.356200 
39.000000 	1.625348  	0.509847  	-7.356200 
40.000000 	1.584654  	0.534518  	-7.356200 
41.000000 	1.543961  	0.559190  	-7.356200 
42.000000 	1.503267  	0.583861  	-7.356200 
43.000000 	1.466233  	0.608937  	-7.356200 
44.000000 	1.429480  	0.634044  	-7.356200 
45.000000 	1.392727  	0.659151  	-7.356200 
46.000000 	1.355974  	0.684259  	-7.356200 
47.000000 	1.320542  	0.709290  	-7.356200 
48.000000 	1.286101  	0.734265  	-7.356200 
49.000000 	1.251660  	0.759240  	-7.356200 
50.000000 	1.217219  	0.784215  	-7.356200 
51.000000 	1.183057  	0.809041  	-7.356200 
52.000000 	1.149920  	0.833321  	-7.356200 
53.000000 	1.116784  	0.857601  	-7.356200 
54.000000 	1.083647  	0.881880  	-7.356200 
55.000000 	1.050510  	0.906160  	-7.356200 
56.000000 	1.017990  	0.929375  	-7.356200 
57.000000 	0.985573  	0.952412  	-7.356200 
58.000000 	0.953155  	0.975450  	-7.356200 
59.000000 	0.920738  	0.998487  	-7.356200 
60.000000 	0.888539  	1.020645  	-7.356200 
61.000000 	0.856559  	1.041923  	-7.356200 
62.000000 	0.824580  	1.063201  	-7.356200 
63.000000 	0.792600  	1.084479  	-7.356200 
64.000000 	0.760674  	1.105438  	-7.356200 
65.000000 	0.729076  	1.124481  	-7.356200 
66.000000 	0.697477  	1.143524  	-7.356200 
67.000000 	0.665879  	1.162567  	-7.356200 
68.000000 	0.634280  	1.181610  	-7.356200 
69.000000 	0.603074  	1.198564  	-7.356200 
70.000000 	0.571974  	1.214948  	-7.356200 
71.000000 	0.540874  	1.231332  	-7.356200 
72.000000 	0.509774  	1.247716  	-7.356200 
73.000000 	0.478996  	1.262806  	-7.356200 
74.000000 	0.448647  	1.276169  	-7.356200 
75.000000 	0.418298  	1.289533  	-7.356200 
76.000000 	0.387949  	1.302896  	-7.356200 
77.000000 	0.357679  	1.316023  	-7.356200 
78.000000 	0.328440  	1.326074  	-7.356200 
79.000000 	0.299200  	1.336125  	-7.356200 
80.000000 	0.269960  	1.346176  	-7.356200 
81.000000 	0.240720  	1.356227  	-7.356200 
82.000000 	0.212587  	1.363759  	-7.356200 
83.000000 	0.184897  	1.370283  	-7.356200 
84.000000 	0.157206  	1.376807  	-7.356200 
85.000000 	0.129516  	1.383330  	-7.356200 
86.000000 	0.102558  	1.388547  	-7.356200 
87.000000 	0.076918  	1.391410  	-7.356200 
88.000000 	0.051279  	1.394273  	-7.356200 
89.000000 	0.025639  	1.397137  	-7.356200 
90.000000 	0.000000  	1.400000  	-7.356200 
91.000000 	-0.017948 	1.397137  	-7.356200 
92.000000 	-0.035895 	1.394273  	-7.356200 
93.000000 	-0.053843 	1.391410  	-7.356200 
94.000000 	-0.071790 	1.388547  	-7.356200 
95.000000 	-0.090661 	1.383330  	-7.356200 
96.000000 	-0.110044 	1.376807  	-7.356200 
97.000000 	-0.129428 	1.370283  	-7.356200 
98.000000 	-0.148811 	1.363759  	-7.356200 
99.000000 	-0.168504 	1.356227  	-7.356200 
100.000000	-0.188972 	1.346176  	-7.356200 
101.000000	-0.209440 	1.336125  	-7.356200 
102.000000	-0.229908 	1.326074  	-7.356200 
103.000000	-0.250376 	1.316023  	-7.356200 
104.000000	-0.271564 	1.302896  	-7.356200 
105.000000	-0.292809 	1.289533  	-7.356200 
106.000000	-0.314053 	1.276169  	-7.356200 
107.000000	-0.335297 	1.262806  	-7.356200 
108.000000	-0.356842 	1.247716  	-7.356200 
109.000000	-0.378612 	1.231332  	-7.356200 
110.000000	-0.400382 	1.214948  	-7.356200 
111.000000	-0.422152 	1.198564  	-7.356200 
112.000000	-0.443996 	1.181610  	-7.356200 
113.000000	-0.466115 	1.162567  	-7.356200 
114.000000	-0.488234 	1.143524  	-7.356200 
115.000000	-0.510353 	1.124481  	-7.356200 
116.000000	-0.532472 	1.105438  	-7.356200 
117.000000	-0.554820 	1.084479  	-7.356200 
118.000000	-0.577206 	1.063201  	-7.356200 
119.000000	-0.599592 	1.041923  	-7.356200 
120.000000	-0.621978 	1.020645  	-7.356200 
121.000000	-0.644517 	0.998487  	-7.356200 
122.000000	-0.667209 	0.975450  	-7.356200 
123.000000	-0.689901 	0.952412  	-7.356200 
124.000000	-0.712593 	0.929375  	-7.356200 
125.000000	-0.735357 	0.906160  	-7.356200 
126.000000	-0.758553 	0.881880  	-7.356200 
127.000000	-0.781749 	0.857601  	-7.356200 
128.000000	-0.804944 	0.833321  	-7.356200 
129.000000	-0.828140 	0.809041  	-7.356200 
130.000000	-0.852053 	0.784215  	-7.356200 
131.000000	-0.876162 	0.759240  	-7.356200 
132.000000	-0.900271 	0.734265  	-7.356200 
133.000000	-0.924380 	0.709290  	-7.356200 
134.000000	-0.949182 	0.684259  	-7.356200 
135.000000	-0.974909 	0.659151  	-7.356200 
136.000000	-1.000636 	0.634044  	-7.356200 
137.000000	-1.026363 	0.608937  	-7.356200 
138.000000	-1.052287 	0.583861  	-7.356200 
139.000000	-1.080772 	0.559190  	-7.356200 
140.000000	-1.109258 	0.534518  	-7.356200 
141.000000	-1.137744 	0.509847  	-7.356200 
142.000000	-1.166229 	0.485175  	-7.356200 
143.000000	-1.197986 	0.461213  	-7.356200 
144.000000	-1.231052 	0.437536  	-7.356200 
145.000000	-1.264118 	0.413858  	-7.356200 
146.000000	-1.297184 	0.390180  	-7.356200 
147.000000	-1.332946 	0.367049  	-7.356200 
148.000000	-1.373562 	0.344902  	-7.356200 
149.000000	-1.414178 	0.322755  	-7.356200 
150.000000	-1.454794 	0.300607  	-7.356200 
151.000000	-1.495410 	0.278460  	-7.356200 
152.000000	-1.443844 	0.257751  	-7.356200 
153.000000	-1.392278 	0.237042  	-7.356200 
154.000000	-1.340712 	0.217330  	-7.356200 
155.000000	-1.289147 	0.197695  	-7.356200 
156.000000	-1.237581 	0.179067  	-7.356200 
157.000000	-1.186015 	0.160607  	-7.356200 
158.000000	-1.134449 	0.143145  	-7.356200 
159.000000	-1.082883 	0.125955  	-7.356200 
160.000000	-1.031317 	0.109735  	-7.356200 
161.000000	-0.979751 	0.093903  	-7.356200 
162.000000	-0.928186 	0.078996  	-7.356200 
163.000000	-0.876620 	0.064604  	-7.356200 
164.000000	-0.825054 	0.051077  	-7.356200 
165.000000	-0.773488 	0.038198  	-7.356200 
166.000000	-0.721922 	0.026110  	-7.356200 
167.000000	-0.670356 	0.014811  	-7.356200 
168.000000	-0.618790 	0.006833  	-7.356200 
169.000000	-0.567224 	0.003283  	-7.356200 
170.000000	-0.515659 	0.001000  	-7.356200 
171.000000	-0.464093 	0.001000  	-7.356200 
172.000000	-0.412527 	0.001000  	-7.356200 
173.000000	-0.360961 	0.001000  	-7.356200 
174.000000	-0.309395 	0.001000  	-7.356200 
175.000000	-0.257829 	0.001000  	-7.356200 
176.000000	-0.206263 	0.001000  	-7.356200 
177.000000	-0.154698 	0.001000  	-7.356200 
178.000000	-0.103132 	0.001000  	-7.356200 
179.000000	-0.051566 	0.001000  	-7.356200 
180.000000	0.000000  	0.001000  	-7.356200 
! ------------------------------------------------------------------------------
! data for table	4         
! ------------------------------------------------------------------------------
  0.500000  	Re           ! Reynolds number in millions
  0.000000  	UserProp     ! User property (control) setting
Flase           InclUAdata   ! Is unsteady aerodynamics data included in this table? If TRUE, then include UA coefficients below this line. Any missing coefficients will be calculated internally.
! Table of aerodynamics coefficients
  361       	NumAlf       ! Number of data lines in the following table
!Alpha      Cl          Cd          Cm/Cp
!(deg)      (-)         (-)         (-)
-180.000000	0.000000  	0.001000  	-7.369200 
-179.000000	0.051551  	0.001000  	-7.369200 
-178.000000	0.103103  	0.001000  	-7.369200 
-177.000000	0.154654  	0.001000  	-7.369200 
-176.000000	0.206206  	0.001000  	-7.369200 
-175.000000	0.257757  	0.001000  	-7.369200 
-174.000000	0.309308  	0.001000  	-7.369200 
-173.000000	0.360860  	0.001000  	-7.369200 
-172.000000	0.412411  	0.001000  	-7.369200 
-171.000000	0.463962  	0.001000  	-7.369200 
-170.000000	0.515514  	0.001000  	-7.369200 
-169.000000	0.567065  	0.003851  	-7.369200 
-168.000000	0.618617  	0.008285  	-7.369200 
-167.000000	0.670168  	0.016638  	-7.369200 
-166.000000	0.721719  	0.027929  	-7.369200 
-165.000000	0.773271  	0.040009  	-7.369200 
-164.000000	0.824822  	0.052879  	-7.369200 
-163.000000	0.876373  	0.066397  	-7.369200 
-162.000000	0.927925  	0.080779  	-7.369200 
-161.000000	0.979476  	0.095676  	-7.369200 
-160.000000	1.031028  	0.111496  	-7.369200 
-159.000000	1.082579  	0.127705  	-7.369200 
-158.000000	1.134130  	0.144883  	-7.369200 
-157.000000	1.185682  	0.162333  	-7.369200 
-156.000000	1.237233  	0.180780  	-7.369200 
-155.000000	1.288784  	0.199394  	-7.369200 
-154.000000	1.340336  	0.219015  	-7.369200 
-153.000000	1.391887  	0.238712  	-7.369200 
-152.000000	1.443439  	0.259406  	-7.369200 
-151.000000	1.494990  	0.280100  	-7.369200 
-150.000000	1.454393  	0.302230  	-7.369200 
-149.000000	1.413796  	0.324361  	-7.369200 
-148.000000	1.373199  	0.346491  	-7.369200 
-147.000000	1.332601  	0.368621  	-7.369200 
-146.000000	1.296856  	0.391734  	-7.369200 
-145.000000	1.263805  	0.415393  	-7.369200 
-144.000000	1.230754  	0.439052  	-7.369200 
-143.000000	1.197703  	0.462710  	-7.369200 
-142.000000	1.165960  	0.486652  	-7.369200 
-141.000000	1.137487  	0.511303  	-7.369200 
-140.000000	1.109014  	0.535954  	-7.369200 
-139.000000	1.080540  	0.560604  	-7.369200 
-138.000000	1.052067  	0.585255  	-7.369200 
-137.000000	1.026153  	0.610308  	-7.369200 
-136.000000	1.000437  	0.635392  	-7.369200 
-135.000000	0.974720  	0.660477  	-7.369200 
-134.000000	0.949003  	0.685561  	-7.369200 
-133.000000	0.924210  	0.710569  	-7.369200 
-132.000000	0.900110  	0.735519  	-7.369200 
-131.000000	0.876009  	0.760470  	-7.369200 
-130.000000	0.851909  	0.785420  	-7.369200 
-129.000000	0.828004  	0.810221  	-7.369200 
-128.000000	0.804816  	0.834475  	-7.369200 
-127.000000	0.781627  	0.858728  	-7.369200 
-126.000000	0.758439  	0.882982  	-7.369200 
-125.000000	0.735250  	0.907235  	-7.369200 
-124.000000	0.712492  	0.930423  	-7.369200 
-123.000000	0.689806  	0.953433  	-7.369200 
-122.000000	0.667120  	0.976443  	-7.369200 
-121.000000	0.644434  	0.999453  	-7.369200 
-120.000000	0.621900  	1.021582  	-7.369200 
-119.000000	0.599520  	1.042832  	-7.369200 
-118.000000	0.577139  	1.064081  	-7.369200 
-117.000000	0.554758  	1.085330  	-7.369200 
-116.000000	0.532415  	1.106260  	-7.369200 
-115.000000	0.510300  	1.125273  	-7.369200 
-114.000000	0.488185  	1.144286  	-7.369200 
-113.000000	0.466071  	1.163299  	-7.369200 
-112.000000	0.443956  	1.182313  	-7.369200 
-111.000000	0.422115  	1.199236  	-7.369200 
-110.000000	0.400348  	1.215589  	-7.369200 
-109.000000	0.378581  	1.231942  	-7.369200 
-108.000000	0.356815  	1.248296  	-7.369200 
-107.000000	0.335273  	1.263354  	-7.369200 
-106.000000	0.314031  	1.276686  	-7.369200 
-105.000000	0.292790  	1.290018  	-7.369200 
-104.000000	0.271548  	1.303350  	-7.369200 
-103.000000	0.250362  	1.316445  	-7.369200 
-102.000000	0.229896  	1.326464  	-7.369200 
-101.000000	0.209430  	1.336483  	-7.369200 
-100.000000	0.188964  	1.346502  	-7.369200 
-99.000000	0.168498  	1.356521  	-7.369200 
-98.000000	0.148806  	1.364020  	-7.369200 
-97.000000	0.129423  	1.370511  	-7.369200 
-96.000000	0.110041  	1.377002  	-7.369200 
-95.000000	0.090659  	1.383494  	-7.369200 
-94.000000	0.071789  	1.388678  	-7.369200 
-93.000000	0.053842  	1.391508  	-7.369200 
-92.000000	0.035894  	1.394339  	-7.369200 
-91.000000	0.017947  	1.397169  	-7.369200 
-90.000000	0.000000  	1.400000  	-7.369200 
-89.000000	-0.017947 	1.397169  	-7.369200 
-88.000000	-0.035894 	1.394339  	-7.369200 
-87.000000	-0.053842 	1.391508  	-7.369200 
-86.000000	-0.071789 	1.388678  	-7.369200 
-85.000000	-0.090659 	1.383494  	-7.369200 
-84.000000	-0.110041 	1.377002  	-7.369200 
-83.000000	-0.129423 	1.370511  	-7.369200 
-82.000000	-0.148806 	1.364020  	-7.369200 
-81.000000	-0.168498 	1.356521  	-7.369200 
-80.000000	-0.188964 	1.346502  	-7.369200 
-79.000000	-0.209430 	1.336483  	-7.369200 
-78.000000	-0.229896 	1.326464  	-7.369200 
-77.000000	-0.250362 	1.316445  	-7.369200 
-76.000000	-0.271548 	1.303350  	-7.369200 
-75.000000	-0.292790 	1.290018  	-7.369200 
-74.000000	-0.314031 	1.276686  	-7.369200 
-73.000000	-0.335273 	1.263354  	-7.369200 
-72.000000	-0.356815 	1.248296  	-7.369200 
-71.000000	-0.378581 	1.231942  	-7.369200 
-70.000000	-0.400348 	1.215589  	-7.369200 
-69.000000	-0.422115 	1.199236  	-7.369200 
-68.000000	-0.443956 	1.182313  	-7.369200 
-67.000000	-0.466071 	1.163299  	-7.369200 
-66.000000	-0.488185 	1.144286  	-7.369200 
-65.000000	-0.510300 	1.125273  	-7.369200 
-64.000000	-0.532415 	1.106260  	-7.369200 
-63.000000	-0.554758 	1.085330  	-7.369200 
-62.000000	-0.577139 	1.064081  	-7.369200 
-61.000000	-0.599520 	1.042832  	-7.369200 
-60.000000	-0.621900 	1.021582  	-7.369200 
-59.000000	-0.644434 	0.999453  	-7.369200 
-58.000000	-0.667120 	0.976443  	-7.369200 
-57.000000	-0.689806 	0.953433  	-7.369200 
-56.000000	-0.712492 	0.930423  	-7.369200 
-55.000000	-0.735250 	0.907235  	-7.369200 
-54.000000	-0.758439 	0.882982  	-7.369200 
-53.000000	-0.781627 	0.858728  	-7.369200 
-52.000000	-0.804816 	0.834475  	-7.369200 
-51.000000	-0.828004 	0.810221  	-7.369200 
-50.000000	-0.851909 	0.785420  	-7.369200 
-49.000000	-0.876009 	0.760470  	-7.369200 
-48.000000	-0.900110 	0.735519  	-7.369200 
-47.000000	-0.924210 	0.710569  	-7.369200 
-46.000000	-0.949003 	0.685561  	-7.369200 
-45.000000	-0.974720 	0.660477  	-7.369200 
-44.000000	-1.000437 	0.635392  	-7.369200 
-43.000000	-1.026153 	0.610308  	-7.369200 
-42.000000	-1.052067 	0.585255  	-7.369200 
-41.000000	-1.080540 	0.560604  	-7.369200 
-40.000000	-1.109014 	0.535954  	-7.369200 
-39.000000	-1.137487 	0.511303  	-7.369200 
-38.000000	-1.165960 	0.486652  	-7.369200 
-37.000000	-1.197703 	0.462710  	-7.369200 
-36.000000	-1.230754 	0.439052  	-7.369200 
-35.000000	-1.263805 	0.415393  	-7.369200 
-34.000000	-1.296856 	0.391734  	-7.369200 
-33.000000	-1.332601 	0.368621  	-7.369200 
-32.000000	-1.373199 	0.346491  	-7.369200 
-31.000000	-1.413796 	0.324361  	-7.369200 
-30.000000	-1.454393 	0.302230  	-7.369200 
-29.000000	-1.494990 	0.280100  	-7.369200 
-28.000000	-1.453412 	0.267218  	-7.369200 
-27.000000	-1.411833 	0.254336  	-7.369200 
-26.000000	-1.370255 	0.241454  	-7.369200 
-25.000000	-1.328676 	0.228572  	-7.369200 
-24.000000	-1.287098 	0.215689  	-7.369200 
-23.000000	-1.245519 	0.202807  	-7.369200 
-22.000000	-1.203941 	0.189925  	-7.369200 
-21.000000	-1.162363 	0.177043  	-7.369200 
-20.000000	-1.120784 	0.164161  	-7.369200 
-19.000000	-1.079206 	0.151279  	-7.369200 
-18.000000	-1.037627 	0.138397  	-7.369200 
-17.000000	-0.996049 	0.125515  	-7.369200 
-16.000000	-0.954471 	0.112633  	-7.369200 
-15.000000	-0.912892 	0.099751  	-7.369200 
-14.000000	-0.871314 	0.086868  	-7.369200 
-13.000000	-0.829735 	0.073986  	-7.369200 
-12.000000	-0.788157 	0.061104  	-5.979305 
-11.000000	-0.746578 	0.048222  	-4.033453 
-10.000000	-0.705000 	0.035340  	-2.087600 
-9.000000 	-0.535300 	0.033630  	-1.921500 
-8.000000 	-0.399100 	0.033910  	-1.785400 
-7.000000 	-0.261900 	0.034020  	-1.652200 
-6.000000 	-0.123050 	0.034225  	-1.525350 
-5.000000 	0.015800  	0.034430  	-1.398500 
-4.000000 	0.153400  	0.034680  	-1.279000 
-3.000000 	0.291500  	0.034990  	-1.162200 
-2.000000 	0.428500  	0.035270  	-1.194500 
-1.000000 	0.565500  	0.035600  	-1.309800 
0.000000  	0.700900  	0.035980  	-1.428200 
1.000000  	0.834900  	0.036430  	-1.551500 
2.000000  	0.968100  	0.036900  	-1.679000 
3.000000  	1.099800  	0.037420  	-1.813100 
4.000000  	1.229700  	0.038040  	-1.954400 
5.000000  	1.358700  	0.038600  	-2.106400 
6.000000  	1.485600  	0.039280  	-2.272200 
7.000000  	1.610200  	0.040110  	-2.455900 
8.000000  	1.731500  	0.041110  	-2.659800 
9.000000  	1.850600  	0.042100  	-2.889800 
10.000000 	1.966000  	0.043340  	-3.147400 
11.000000 	2.074000  	0.044980  	-3.430300 
12.000000 	2.169500  	0.047380  	-3.731400 
13.000000 	2.209700  	0.053400  	-3.979700 
14.000000 	2.214900  	0.063220  	-4.188200 
15.000000 	2.198100  	0.077270  	-4.382000 
16.000000 	2.179500  	0.092880  	-4.574300 
17.000000 	2.150900  	0.110670  	-4.735800 
18.000000 	2.128050  	0.128370  	-4.904800 
19.000000 	2.105200  	0.146070  	-5.073800 
20.000000 	2.087500  	0.163300  	-5.247100 
21.000000 	2.085900  	0.178180  	-5.453300 
22.000000 	2.088200  	0.192340  	-5.679700 
23.000000 	2.090400  	0.206480  	-5.907600 
24.000000 	2.097700  	0.219303  	-6.151733 
25.000000 	2.105000  	0.232127  	-6.395867 
26.000000 	2.112300  	0.244950  	-6.640000 
27.000000 	2.120500  	0.257090  	-6.883500 
28.000000 	2.128100  	0.268595  	-7.126350 
29.000000 	2.135700  	0.280100  	-7.369200 
30.000000 	2.077704  	0.302230  	-7.369200 
31.000000 	2.019708  	0.324361  	-7.369200 
32.000000 	1.961712  	0.346491  	-7.369200 
33.000000 	1.903716  	0.368621  	-7.369200 
34.000000 	1.852651  	0.391734  	-7.369200 
35.000000 	1.805435  	0.415393  	-7.369200 
36.000000 	1.758220  	0.439052  	-7.369200 
37.000000 	1.711005  	0.462710  	-7.369200 
38.000000 	1.665658  	0.486652  	-7.369200 
39.000000 	1.624981  	0.511303  	-7.369200 
40.000000 	1.584305  	0.535954  	-7.369200 
41.000000 	1.543629  	0.560604  	-7.369200 
42.000000 	1.502953  	0.585255  	-7.369200 
43.000000 	1.465933  	0.610308  	-7.369200 
44.000000 	1.429195  	0.635392  	-7.369200 
45.000000 	1.392457  	0.660477  	-7.369200 
46.000000 	1.355718  	0.685561  	-7.369200 
47.000000 	1.320300  	0.710569  	-7.369200 
48.000000 	1.285871  	0.735519  	-7.369200 
49.000000 	1.251442  	0.760470  	-7.369200 
50.000000 	1.217013  	0.785420  	-7.369200 
51.000000 	1.182863  	0.810221  	-7.369200 
52.000000 	1.149737  	0.834475  	-7.369200 
53.000000 	1.116610  	0.858728  	-7.369200 
54.000000 	1.083484  	0.882982  	-7.369200 
55.000000 	1.050357  	0.907235  	-7.369200 
56.000000 	1.017846  	0.930423  	-7.369200 
57.000000 	0.985437  	0.953433  	-7.369200 
58.000000 	0.953029  	0.976443  	-7.369200 
59.000000 	0.920620  	0.999453  	-7.369200 
60.000000 	0.888429  	1.021582  	-7.369200 
61.000000 	0.856457  	1.042832  	-7.369200 
62.000000 	0.824484  	1.064081  	-7.369200 
63.000000 	0.792511  	1.085330  	-7.369200 
64.000000 	0.760593  	1.106260  	-7.369200 
65.000000 	0.729000  	1.125273  	-7.369200 
66.000000 	0.697408  	1.144286  	-7.369200 
67.000000 	0.665815  	1.163299  	-7.369200 
68.000000 	0.634223  	1.182313  	-7.369200 
69.000000 	0.603021  	1.199236  	-7.369200 
70.000000 	0.571926  	1.215589  	-7.369200 
71.000000 	0.540831  	1.231942  	-7.369200 
72.000000 	0.509735  	1.248296  	-7.369200 
73.000000 	0.478962  	1.263354  	-7.369200 
74.000000 	0.448616  	1.276686  	-7.369200 
75.000000 	0.418271  	1.290018  	-7.369200 
76.000000 	0.387926  	1.303350  	-7.369200 
77.000000 	0.357660  	1.316445  	-7.369200 
78.000000 	0.328422  	1.326464  	-7.369200 
79.000000 	0.299185  	1.336483  	-7.369200 
80.000000 	0.269948  	1.346502  	-7.369200 
81.000000 	0.240711  	1.356521  	-7.369200 
82.000000 	0.212580  	1.364020  	-7.369200 
83.000000 	0.184891  	1.370511  	-7.369200 
84.000000 	0.157202  	1.377002  	-7.369200 
85.000000 	0.129513  	1.383494  	-7.369200 
86.000000 	0.102556  	1.388678  	-7.369200 
87.000000 	0.076917  	1.391508  	-7.369200 
88.000000 	0.051278  	1.394339  	-7.369200 
89.000000 	0.025639  	1.397169  	-7.369200 
90.000000 	0.000000  	1.400000  	-7.369200 
91.000000 	-0.017947 	1.397169  	-7.369200 
92.000000 	-0.035894 	1.394339  	-7.369200 
93.000000 	-0.053842 	1.391508  	-7.369200 
94.000000 	-0.071789 	1.388678  	-7.369200 
95.000000 	-0.090659 	1.383494  	-7.369200 
96.000000 	-0.110041 	1.377002  	-7.369200 
97.000000 	-0.129423 	1.370511  	-7.369200 
98.000000 	-0.148806 	1.364020  	-7.369200 
99.000000 	-0.168498 	1.356521  	-7.369200 
100.000000	-0.188964 	1.346502  	-7.369200 
101.000000	-0.209430 	1.336483  	-7.369200 
102.000000	-0.229896 	1.326464  	-7.369200 
103.000000	-0.250362 	1.316445  	-7.369200 
104.000000	-0.271548 	1.303350  	-7.369200 
105.000000	-0.292790 	1.290018  	-7.369200 
106.000000	-0.314031 	1.276686  	-7.369200 
107.000000	-0.335273 	1.263354  	-7.369200 
108.000000	-0.356815 	1.248296  	-7.369200 
109.000000	-0.378581 	1.231942  	-7.369200 
110.000000	-0.400348 	1.215589  	-7.369200 
111.000000	-0.422115 	1.199236  	-7.369200 
112.000000	-0.443956 	1.182313  	-7.369200 
113.000000	-0.466071 	1.163299  	-7.369200 
114.000000	-0.488185 	1.144286  	-7.369200 
115.000000	-0.510300 	1.125273  	-7.369200 
116.000000	-0.532415 	1.106260  	-7.369200 
117.000000	-0.554758 	1.085330  	-7.369200 
118.000000	-0.577139 	1.064081  	-7.369200 
119.000000	-0.599520 	1.042832  	-7.369200 
120.000000	-0.621900 	1.021582  	-7.369200 
121.000000	-0.644434 	0.999453  	-7.369200 
122.000000	-0.667120 	0.976443  	-7.369200 
123.000000	-0.689806 	0.953433  	-7.369200 
124.000000	-0.712492 	0.930423  	-7.369200 
125.000000	-0.735250 	0.907235  	-7.369200 
126.000000	-0.758439 	0.882982  	-7.369200 
127.000000	-0.781627 	0.858728  	-7.369200 
128.000000	-0.804816 	0.834475  	-7.369200 
129.000000	-0.828004 	0.810221  	-7.369200 
130.000000	-0.851909 	0.785420  	-7.369200 
131.000000	-0.876009 	0.760470  	-7.369200 
132.000000	-0.900110 	0.735519  	-7.369200 
133.000000	-0.924210 	0.710569  	-7.369200 
134.000000	-0.949003 	0.685561  	-7.369200 
135.000000	-0.974720 	0.660477  	-7.369200 
136.000000	-1.000437 	0.635392  	-7.369200 
137.000000	-1.026153 	0.610308  	-7.369200 
138.000000	-1.052067 	0.585255  	-7.369200 
139.000000	-1.080540 	0.560604  	-7.369200 
140.000000	-1.109014 	0.535954  	-7.369200 
141.000000	-1.137487 	0.511303  	-7.369200 
142.000000	-1.165960 	0.486652  	-7.369200 
143.000000	-1.197703 	0.462710  	-7.369200 
144.000000	-1.230754 	0.439052  	-7.369200 
145.000000	-1.263805 	0.415393  	-7.369200 
146.000000	-1.296856 	0.391734  	-7.369200 
147.000000	-1.332601 	0.368621  	-7.369200 
148.000000	-1.373199 	0.346491  	-7.369200 
149.000000	-1.413796 	0.324361  	-7.369200 
150.000000	-1.454393 	0.302230  	-7.369200 
151.000000	-1.494990 	0.280100  	-7.369200 
152.000000	-1.443439 	0.259406  	-7.369200 
153.000000	-1.391887 	0.238712  	-7.369200 
154.000000	-1.340336 	0.219015  	-7.369200 
155.000000	-1.288784 	0.199394  	-7.369200 
156.000000	-1.237233 	0.180780  	-7.369200 
157.000000	-1.185682 	0.162333  	-7.369200 
158.000000	-1.134130 	0.144883  	-7.369200 
159.000000	-1.082579 	0.127705  	-7.369200 
160.000000	-1.031028 	0.111496  	-7.369200 
161.000000	-0.979476 	0.095676  	-7.369200 
162.000000	-0.927925 	0.080779  	-7.369200 
163.000000	-0.876373 	0.066397  	-7.369200 
164.000000	-0.824822 	0.052879  	-7.369200 
165.000000	-0.773271 	0.040009  	-7.369200 
166.000000	-0.721719 	0.027929  	-7.369200 
167.000000	-0.670168 	0.016638  	-7.369200 
168.000000	-0.618617 	0.008285  	-7.369200 
169.000000	-0.567065 	0.003851  	-7.369200 
170.000000	-0.515514 	0.001000  	-7.369200 
171.000000	-0.463962 	0.001000  	-7.369200 
172.000000	-0.412411 	0.001000  	-7.369200 
173.000000	-0.360860 	0.001000  	-7.369200 
174.000000	-0.309308 	0.001000  	-7.369200 
175.000000	-0.257757 	0.001000  	-7.369200 
176.000000	-0.206206 	0.001000  	-7.369200 
177.000000	-0.154654 	0.001000  	-7.369200 
178.000000	-0.103103 	0.001000  	-7.369200 
179.000000	-0.051551 	0.001000  	-7.369200 
180.000000	0.000000  	0.001000  	-7.369200 
! ------------------------------------------------------------------------------
! data for table	5         
! ------------------------------------------------------------------------------
  0.600000  	Re           ! Reynolds number in millions
  0.000000  	UserProp     ! User property (control) setting
Flase           InclUAdata   ! Is unsteady aerodynamics data included in this table? If TRUE, then include UA coefficients below this line. Any missing coefficients will be calculated internally.
! Table of aerodynamics coefficients
  361       	NumAlf       ! Number of data lines in the following table
!Alpha      Cl          Cd          Cm/Cp
!(deg)      (-)         (-)         (-)
-180.000000	0.000000  	0.001000  	-7.405100 
-179.000000	0.051679  	0.001000  	-7.405100 
-178.000000	0.103359  	0.001000  	-7.405100 
-177.000000	0.155038  	0.001000  	-7.405100 
-176.000000	0.206717  	0.001000  	-7.405100 
-175.000000	0.258397  	0.001000  	-7.405100 
-174.000000	0.310076  	0.001000  	-7.405100 
-173.000000	0.361755  	0.001000  	-7.405100 
-172.000000	0.413434  	0.001000  	-7.405100 
-171.000000	0.465114  	0.001000  	-7.405100 
-170.000000	0.516793  	0.001000  	-7.405100 
-169.000000	0.568472  	0.003844  	-7.405100 
-168.000000	0.620152  	0.008268  	-7.405100 
-167.000000	0.671831  	0.016616  	-7.405100 
-166.000000	0.723510  	0.027907  	-7.405100 
-165.000000	0.775190  	0.039987  	-7.405100 
-164.000000	0.826869  	0.052857  	-7.405100 
-163.000000	0.878548  	0.066375  	-7.405100 
-162.000000	0.930228  	0.080758  	-7.405100 
-161.000000	0.981907  	0.095654  	-7.405100 
-160.000000	1.033586  	0.111475  	-7.405100 
-159.000000	1.085266  	0.127684  	-7.405100 
-158.000000	1.136945  	0.144862  	-7.405100 
-157.000000	1.188624  	0.162312  	-7.405100 
-156.000000	1.240303  	0.180759  	-7.405100 
-155.000000	1.291983  	0.199373  	-7.405100 
-154.000000	1.343662  	0.218994  	-7.405100 
-153.000000	1.395341  	0.238692  	-7.405100 
-152.000000	1.447021  	0.259386  	-7.405100 
-151.000000	1.498700  	0.280080  	-7.405100 
-150.000000	1.457936  	0.302211  	-7.405100 
-149.000000	1.417172  	0.324341  	-7.405100 
-148.000000	1.376408  	0.346472  	-7.405100 
-147.000000	1.335644  	0.368602  	-7.405100 
-146.000000	1.299754  	0.391715  	-7.405100 
-145.000000	1.266570  	0.415374  	-7.405100 
-144.000000	1.233387  	0.439033  	-7.405100 
-143.000000	1.200203  	0.462692  	-7.405100 
-142.000000	1.168335  	0.486634  	-7.405100 
-141.000000	1.139753  	0.511285  	-7.405100 
-140.000000	1.111172  	0.535936  	-7.405100 
-139.000000	1.082590  	0.560587  	-7.405100 
-138.000000	1.054008  	0.585238  	-7.405100 
-137.000000	1.028003  	0.610291  	-7.405100 
-136.000000	1.002197  	0.635376  	-7.405100 
-135.000000	0.976390  	0.660460  	-7.405100 
-134.000000	0.950583  	0.685545  	-7.405100 
-133.000000	0.925709  	0.710553  	-7.405100 
-132.000000	0.901533  	0.735504  	-7.405100 
-131.000000	0.877357  	0.760455  	-7.405100 
-130.000000	0.853181  	0.785405  	-7.405100 
-129.000000	0.829204  	0.810207  	-7.405100 
-128.000000	0.805952  	0.834461  	-7.405100 
-127.000000	0.782699  	0.858715  	-7.405100 
-126.000000	0.759447  	0.882968  	-7.405100 
-125.000000	0.736195  	0.907222  	-7.405100 
-124.000000	0.713382  	0.930410  	-7.405100 
-123.000000	0.690643  	0.953420  	-7.405100 
-122.000000	0.667903  	0.976430  	-7.405100 
-121.000000	0.645164  	0.999441  	-7.405100 
-120.000000	0.622581  	1.021571  	-7.405100 
-119.000000	0.600156  	1.042820  	-7.405100 
-118.000000	0.577730  	1.064070  	-7.405100 
-117.000000	0.555305  	1.085320  	-7.405100 
-116.000000	0.532918  	1.106250  	-7.405100 
-115.000000	0.510767  	1.125264  	-7.405100 
-114.000000	0.488615  	1.144277  	-7.405100 
-113.000000	0.466464  	1.163290  	-7.405100 
-112.000000	0.444313  	1.182304  	-7.405100 
-111.000000	0.422440  	1.199228  	-7.405100 
-110.000000	0.400644  	1.215581  	-7.405100 
-109.000000	0.378849  	1.231935  	-7.405100 
-108.000000	0.357053  	1.248289  	-7.405100 
-107.000000	0.335485  	1.263347  	-7.405100 
-106.000000	0.314220  	1.276680  	-7.405100 
-105.000000	0.292956  	1.290012  	-7.405100 
-104.000000	0.271692  	1.303344  	-7.405100 
-103.000000	0.250484  	1.316440  	-7.405100 
-102.000000	0.230002  	1.326459  	-7.405100 
-101.000000	0.209520  	1.336478  	-7.405100 
-100.000000	0.189039  	1.346498  	-7.405100 
-99.000000	0.168557  	1.356517  	-7.405100 
-98.000000	0.148854  	1.364017  	-7.405100 
-97.000000	0.129462  	1.370508  	-7.405100 
-96.000000	0.110070  	1.377000  	-7.405100 
-95.000000	0.090678  	1.383492  	-7.405100 
-94.000000	0.071801  	1.388676  	-7.405100 
-93.000000	0.053851  	1.391507  	-7.405100 
-92.000000	0.035901  	1.394338  	-7.405100 
-91.000000	0.017950  	1.397169  	-7.405100 
-90.000000	0.000000  	1.400000  	-7.405100 
-89.000000	-0.017950 	1.397169  	-7.405100 
-88.000000	-0.035901 	1.394338  	-7.405100 
-87.000000	-0.053851 	1.391507  	-7.405100 
-86.000000	-0.071801 	1.388676  	-7.405100 
-85.000000	-0.090678 	1.383492  	-7.405100 
-84.000000	-0.110070 	1.377000  	-7.405100 
-83.000000	-0.129462 	1.370508  	-7.405100 
-82.000000	-0.148854 	1.364017  	-7.405100 
-81.000000	-0.168557 	1.356517  	-7.405100 
-80.000000	-0.189039 	1.346498  	-7.405100 
-79.000000	-0.209520 	1.336478  	-7.405100 
-78.000000	-0.230002 	1.326459  	-7.405100 
-77.000000	-0.250484 	1.316440  	-7.405100 
-76.000000	-0.271692 	1.303344  	-7.405100 
-75.000000	-0.292956 	1.290012  	-7.405100 
-74.000000	-0.314220 	1.276680  	-7.405100 
-73.000000	-0.335485 	1.263347  	-7.405100 
-72.000000	-0.357053 	1.248289  	-7.405100 
-71.000000	-0.378849 	1.231935  	-7.405100 
-70.000000	-0.400644 	1.215581  	-7.405100 
-69.000000	-0.422440 	1.199228  	-7.405100 
-68.000000	-0.444313 	1.182304  	-7.405100 
-67.000000	-0.466464 	1.163290  	-7.405100 
-66.000000	-0.488615 	1.144277  	-7.405100 
-65.000000	-0.510767 	1.125264  	-7.405100 
-64.000000	-0.532918 	1.106250  	-7.405100 
-63.000000	-0.555305 	1.085320  	-7.405100 
-62.000000	-0.577730 	1.064070  	-7.405100 
-61.000000	-0.600156 	1.042820  	-7.405100 
-60.000000	-0.622581 	1.021571  	-7.405100 
-59.000000	-0.645164 	0.999441  	-7.405100 
-58.000000	-0.667903 	0.976430  	-7.405100 
-57.000000	-0.690643 	0.953420  	-7.405100 
-56.000000	-0.713382 	0.930410  	-7.405100 
-55.000000	-0.736195 	0.907222  	-7.405100 
-54.000000	-0.759447 	0.882968  	-7.405100 
-53.000000	-0.782699 	0.858715  	-7.405100 
-52.000000	-0.805952 	0.834461  	-7.405100 
-51.000000	-0.829204 	0.810207  	-7.405100 
-50.000000	-0.853181 	0.785405  	-7.405100 
-49.000000	-0.877357 	0.760455  	-7.405100 
-48.000000	-0.901533 	0.735504  	-7.405100 
-47.000000	-0.925709 	0.710553  	-7.405100 
-46.000000	-0.950583 	0.685545  	-7.405100 
-45.000000	-0.976390 	0.660460  	-7.405100 
-44.000000	-1.002197 	0.635376  	-7.405100 
-43.000000	-1.028003 	0.610291  	-7.405100 
-42.000000	-1.054008 	0.585238  	-7.405100 
-41.000000	-1.082590 	0.560587  	-7.405100 
-40.000000	-1.111172 	0.535936  	-7.405100 
-39.000000	-1.139753 	0.511285  	-7.405100 
-38.000000	-1.168335 	0.486634  	-7.405100 
-37.000000	-1.200203 	0.462692  	-7.405100 
-36.000000	-1.233387 	0.439033  	-7.405100 
-35.000000	-1.266570 	0.415374  	-7.405100 
-34.000000	-1.299754 	0.391715  	-7.405100 
-33.000000	-1.335644 	0.368602  	-7.405100 
-32.000000	-1.376408 	0.346472  	-7.405100 
-31.000000	-1.417172 	0.324341  	-7.405100 
-30.000000	-1.457936 	0.302211  	-7.405100 
-29.000000	-1.498700 	0.280080  	-7.405100 
-28.000000	-1.456279 	0.267127  	-7.405100 
-27.000000	-1.413858 	0.254174  	-7.405100 
-26.000000	-1.371437 	0.241221  	-7.405100 
-25.000000	-1.329016 	0.228267  	-7.405100 
-24.000000	-1.286595 	0.215314  	-7.405100 
-23.000000	-1.244174 	0.202361  	-7.405100 
-22.000000	-1.201753 	0.189408  	-7.405100 
-21.000000	-1.159332 	0.176455  	-7.405100 
-20.000000	-1.116911 	0.163502  	-7.405100 
-19.000000	-1.074489 	0.150548  	-7.405100 
-18.000000	-1.032068 	0.137595  	-7.405100 
-17.000000	-0.989647 	0.124642  	-7.405100 
-16.000000	-0.947226 	0.111689  	-7.405100 
-15.000000	-0.904805 	0.098736  	-7.405100 
-14.000000	-0.862384 	0.085783  	-7.405100 
-13.000000	-0.819963 	0.072829  	-7.405100 
-12.000000	-0.777542 	0.059876  	-6.005284 
-11.000000	-0.735121 	0.046923  	-4.045542 
-10.000000	-0.692700 	0.033970  	-2.085800 
-9.000000 	-0.533000 	0.033100  	-1.927600 
-8.000000 	-0.397400 	0.033400  	-1.791100 
-7.000000 	-0.258200 	0.033640  	-1.655500 
-6.000000 	-0.119500 	0.033820  	-1.528100 
-5.000000 	0.019100  	0.034100  	-1.401600 
-4.000000 	0.158000  	0.034350  	-1.282000 
-3.000000 	0.295900  	0.034650  	-1.163600 
-2.000000 	0.433400  	0.034960  	-1.198700 
-1.000000 	0.569700  	0.035320  	-1.313900 
0.000000  	0.705700  	0.035670  	-1.433000 
1.000000  	0.840500  	0.036060  	-1.557000 
2.000000  	0.973800  	0.036500  	-1.684800 
3.000000  	1.105800  	0.036970  	-1.819500 
4.000000  	1.236500  	0.037480  	-1.961600 
5.000000  	1.365400  	0.038060  	-2.113400 
6.000000  	1.491900  	0.038760  	-2.279300 
7.000000  	1.618000  	0.039380  	-2.465000 
8.000000  	1.741100  	0.040170  	-2.671300 
9.000000  	1.860900  	0.041170  	-2.902600 
10.000000 	1.976200  	0.042390  	-3.161600 
11.000000 	2.086700  	0.043850  	-3.448700 
12.000000 	2.188300  	0.045870  	-3.760200 
13.000000 	2.258600  	0.049910  	-4.056100 
14.000000 	2.241500  	0.060990  	-4.235300 
15.000000 	2.228800  	0.074380  	-4.443800 
16.000000 	2.205200  	0.090490  	-4.629300 
17.000000 	2.169800  	0.109060  	-4.780000 
18.000000 	2.143400  	0.127010  	-4.950000 
19.000000 	2.121200  	0.144730  	-5.117300 
20.000000 	2.108900  	0.161050  	-5.308500 
21.000000 	2.098500  	0.177200  	-5.493200 
22.000000 	2.098400  	0.191650  	-5.715000 
23.000000 	2.102600  	0.205380  	-5.952600 
24.000000 	2.109900  	0.218380  	-6.204000 
25.000000 	2.116600  	0.231270  	-6.450400 
26.000000 	2.122900  	0.244030  	-6.689500 
27.000000 	2.129900  	0.256360  	-6.932200 
28.000000 	2.136700  	0.268400  	-7.180100 
29.000000 	2.141000  	0.280080  	-7.405100 
30.000000 	2.082766  	0.302211  	-7.405100 
31.000000 	2.024532  	0.324341  	-7.405100 
32.000000 	1.966298  	0.346472  	-7.405100 
33.000000 	1.908063  	0.368602  	-7.405100 
34.000000 	1.856791  	0.391715  	-7.405100 
35.000000 	1.809386  	0.415374  	-7.405100 
36.000000 	1.761981  	0.439033  	-7.405100 
37.000000 	1.714576  	0.462692  	-7.405100 
38.000000 	1.669050  	0.486634  	-7.405100 
39.000000 	1.628219  	0.511285  	-7.405100 
40.000000 	1.587388  	0.535936  	-7.405100 
41.000000 	1.546557  	0.560587  	-7.405100 
42.000000 	1.505726  	0.585238  	-7.405100 
43.000000 	1.468576  	0.610291  	-7.405100 
44.000000 	1.431710  	0.635376  	-7.405100 
45.000000 	1.394843  	0.660460  	-7.405100 
46.000000 	1.357976  	0.685545  	-7.405100 
47.000000 	1.322441  	0.710553  	-7.405100 
48.000000 	1.287904  	0.735504  	-7.405100 
49.000000 	1.253367  	0.760455  	-7.405100 
50.000000 	1.218831  	0.785405  	-7.405100 
51.000000 	1.184577  	0.810207  	-7.405100 
52.000000 	1.151359  	0.834461  	-7.405100 
53.000000 	1.118142  	0.858715  	-7.405100 
54.000000 	1.084925  	0.882968  	-7.405100 
55.000000 	1.051707  	0.907222  	-7.405100 
56.000000 	1.019118  	0.930410  	-7.405100 
57.000000 	0.986632  	0.953420  	-7.405100 
58.000000 	0.954147  	0.976430  	-7.405100 
59.000000 	0.921662  	0.999441  	-7.405100 
60.000000 	0.889402  	1.021571  	-7.405100 
61.000000 	0.857365  	1.042820  	-7.405100 
62.000000 	0.825329  	1.064070  	-7.405100 
63.000000 	0.793292  	1.085320  	-7.405100 
64.000000 	0.761312  	1.106250  	-7.405100 
65.000000 	0.729667  	1.125264  	-7.405100 
66.000000 	0.698022  	1.144277  	-7.405100 
67.000000 	0.666377  	1.163290  	-7.405100 
68.000000 	0.634732  	1.182304  	-7.405100 
69.000000 	0.603486  	1.199228  	-7.405100 
70.000000 	0.572349  	1.215581  	-7.405100 
71.000000 	0.541212  	1.231935  	-7.405100 
72.000000 	0.510075  	1.248289  	-7.405100 
73.000000 	0.479264  	1.263347  	-7.405100 
74.000000 	0.448886  	1.276680  	-7.405100 
75.000000 	0.418509  	1.290012  	-7.405100 
76.000000 	0.388132  	1.303344  	-7.405100 
77.000000 	0.357834  	1.316440  	-7.405100 
78.000000 	0.328575  	1.326459  	-7.405100 
79.000000 	0.299315  	1.336478  	-7.405100 
80.000000 	0.270055  	1.346498  	-7.405100 
81.000000 	0.240795  	1.356517  	-7.405100 
82.000000 	0.212648  	1.364017  	-7.405100 
83.000000 	0.184946  	1.370508  	-7.405100 
84.000000 	0.157243  	1.377000  	-7.405100 
85.000000 	0.129541  	1.383492  	-7.405100 
86.000000 	0.102574  	1.388676  	-7.405100 
87.000000 	0.076930  	1.391507  	-7.405100 
88.000000 	0.051287  	1.394338  	-7.405100 
89.000000 	0.025643  	1.397169  	-7.405100 
90.000000 	0.000000  	1.400000  	-7.405100 
91.000000 	-0.017950 	1.397169  	-7.405100 
92.000000 	-0.035901 	1.394338  	-7.405100 
93.000000 	-0.053851 	1.391507  	-7.405100 
94.000000 	-0.071801 	1.388676  	-7.405100 
95.000000 	-0.090678 	1.383492  	-7.405100 
96.000000 	-0.110070 	1.377000  	-7.405100 
97.000000 	-0.129462 	1.370508  	-7.405100 
98.000000 	-0.148854 	1.364017  	-7.405100 
99.000000 	-0.168557 	1.356517  	-7.405100 
100.000000	-0.189039 	1.346498  	-7.405100 
101.000000	-0.209520 	1.336478  	-7.405100 
102.000000	-0.230002 	1.326459  	-7.405100 
103.000000	-0.250484 	1.316440  	-7.405100 
104.000000	-0.271692 	1.303344  	-7.405100 
105.000000	-0.292956 	1.290012  	-7.405100 
106.000000	-0.314220 	1.276680  	-7.405100 
107.000000	-0.335485 	1.263347  	-7.405100 
108.000000	-0.357053 	1.248289  	-7.405100 
109.000000	-0.378849 	1.231935  	-7.405100 
110.000000	-0.400644 	1.215581  	-7.405100 
111.000000	-0.422440 	1.199228  	-7.405100 
112.000000	-0.444313 	1.182304  	-7.405100 
113.000000	-0.466464 	1.163290  	-7.405100 
114.000000	-0.488615 	1.144277  	-7.405100 
115.000000	-0.510767 	1.125264  	-7.405100 
116.000000	-0.532918 	1.106250  	-7.405100 
117.000000	-0.555305 	1.085320  	-7.405100 
118.000000	-0.577730 	1.064070  	-7.405100 
119.000000	-0.600156 	1.042820  	-7.405100 
120.000000	-0.622581 	1.021571  	-7.405100 
121.000000	-0.645164 	0.999441  	-7.405100 
122.000000	-0.667903 	0.976430  	-7.405100 
123.000000	-0.690643 	0.953420  	-7.405100 
124.000000	-0.713382 	0.930410  	-7.405100 
125.000000	-0.736195 	0.907222  	-7.405100 
126.000000	-0.759447 	0.882968  	-7.405100 
127.000000	-0.782699 	0.858715  	-7.405100 
128.000000	-0.805952 	0.834461  	-7.405100 
129.000000	-0.829204 	0.810207  	-7.405100 
130.000000	-0.853181 	0.785405  	-7.405100 
131.000000	-0.877357 	0.760455  	-7.405100 
132.000000	-0.901533 	0.735504  	-7.405100 
133.000000	-0.925709 	0.710553  	-7.405100 
134.000000	-0.950583 	0.685545  	-7.405100 
135.000000	-0.976390 	0.660460  	-7.405100 
136.000000	-1.002197 	0.635376  	-7.405100 
137.000000	-1.028003 	0.610291  	-7.405100 
138.000000	-1.054008 	0.585238  	-7.405100 
139.000000	-1.082590 	0.560587  	-7.405100 
140.000000	-1.111172 	0.535936  	-7.405100 
141.000000	-1.139753 	0.511285  	-7.405100 
142.000000	-1.168335 	0.486634  	-7.405100 
143.000000	-1.200203 	0.462692  	-7.405100 
144.000000	-1.233387 	0.439033  	-7.405100 
145.000000	-1.266570 	0.415374  	-7.405100 
146.000000	-1.299754 	0.391715  	-7.405100 
147.000000	-1.335644 	0.368602  	-7.405100 
148.000000	-1.376408 	0.346472  	-7.405100 
149.000000	-1.417172 	0.324341  	-7.405100 
150.000000	-1.457936 	0.302211  	-7.405100 
151.000000	-1.498700 	0.280080  	-7.405100 
152.000000	-1.447021 	0.259386  	-7.405100 
153.000000	-1.395341 	0.238692  	-7.405100 
154.000000	-1.343662 	0.218994  	-7.405100 
155.000000	-1.291983 	0.199373  	-7.405100 
156.000000	-1.240303 	0.180759  	-7.405100 
157.000000	-1.188624 	0.162312  	-7.405100 
158.000000	-1.136945 	0.144862  	-7.405100 
159.000000	-1.085266 	0.127684  	-7.405100 
160.000000	-1.033586 	0.111475  	-7.405100 
161.000000	-0.981907 	0.095654  	-7.405100 
162.000000	-0.930228 	0.080758  	-7.405100 
163.000000	-0.878548 	0.066375  	-7.405100 
164.000000	-0.826869 	0.052857  	-7.405100 
165.000000	-0.775190 	0.039987  	-7.405100 
166.000000	-0.723510 	0.027907  	-7.405100 
167.000000	-0.671831 	0.016616  	-7.405100 
168.000000	-0.620152 	0.008268  	-7.405100 
169.000000	-0.568472 	0.003844  	-7.405100 
170.000000	-0.516793 	0.001000  	-7.405100 
171.000000	-0.465114 	0.001000  	-7.405100 
172.000000	-0.413434 	0.001000  	-7.405100 
173.000000	-0.361755 	0.001000  	-7.405100 
174.000000	-0.310076 	0.001000  	-7.405100 
175.000000	-0.258397 	0.001000  	-7.405100 
176.000000	-0.206717 	0.001000  	-7.405100 
177.000000	-0.155038 	0.001000  	-7.405100 
178.000000	-0.103359 	0.001000  	-7.405100 
179.000000	-0.051679 	0.001000  	-7.405100 
180.000000	0.000000  	0.001000  	-7.405100 
! ------------------------------------------------------------------------------
! data for table	6         
! ------------------------------------------------------------------------------
  0.700000  	Re           ! Reynolds number in millions
  0.000000  	UserProp     ! User property (control) setting
Flase           InclUAdata   ! Is unsteady aerodynamics data included in this table? If TRUE, then include UA coefficients below this line. Any missing coefficients will be calculated internally.
! Table of aerodynamics coefficients
  361       	NumAlf       ! Number of data lines in the following table
!Alpha      Cl          Cd          Cm/Cp
!(deg)      (-)         (-)         (-)
-180.000000	0.000000  	0.001000  	-7.435100 
-179.000000	0.051793  	0.001000  	-7.435100 
-178.000000	0.103586  	0.001000  	-7.435100 
-177.000000	0.155378  	0.001000  	-7.435100 
-176.000000	0.207171  	0.001000  	-7.435100 
-175.000000	0.258964  	0.001000  	-7.435100 
-174.000000	0.310757  	0.001000  	-7.435100 
-173.000000	0.362549  	0.001000  	-7.435100 
-172.000000	0.414342  	0.001000  	-7.435100 
-171.000000	0.466135  	0.001000  	-7.435100 
-170.000000	0.517928  	0.001000  	-7.435100 
-169.000000	0.569720  	0.003937  	-7.435100 
-168.000000	0.621513  	0.008507  	-7.435100 
-167.000000	0.673306  	0.016917  	-7.435100 
-166.000000	0.725099  	0.028206  	-7.435100 
-165.000000	0.776891  	0.040285  	-7.435100 
-164.000000	0.828684  	0.053154  	-7.435100 
-163.000000	0.880477  	0.066670  	-7.435100 
-162.000000	0.932270  	0.081051  	-7.435100 
-161.000000	0.984062  	0.095946  	-7.435100 
-160.000000	1.035855  	0.111765  	-7.435100 
-159.000000	1.087648  	0.127972  	-7.435100 
-158.000000	1.139441  	0.145148  	-7.435100 
-157.000000	1.191233  	0.162596  	-7.435100 
-156.000000	1.243026  	0.181041  	-7.435100 
-155.000000	1.294819  	0.199653  	-7.435100 
-154.000000	1.346612  	0.219272  	-7.435100 
-153.000000	1.398404  	0.238967  	-7.435100 
-152.000000	1.450197  	0.259659  	-7.435100 
-151.000000	1.501990  	0.280350  	-7.435100 
-150.000000	1.461078  	0.302478  	-7.435100 
-149.000000	1.420166  	0.324606  	-7.435100 
-148.000000	1.379255  	0.346733  	-7.435100 
-147.000000	1.338343  	0.368861  	-7.435100 
-146.000000	1.302324  	0.391971  	-7.435100 
-145.000000	1.269023  	0.415627  	-7.435100 
-144.000000	1.235722  	0.439283  	-7.435100 
-143.000000	1.202420  	0.462938  	-7.435100 
-142.000000	1.170440  	0.486878  	-7.435100 
-141.000000	1.141763  	0.511525  	-7.435100 
-140.000000	1.113085  	0.536172  	-7.435100 
-139.000000	1.084408  	0.560820  	-7.435100 
-138.000000	1.055730  	0.585467  	-7.435100 
-137.000000	1.029644  	0.610517  	-7.435100 
-136.000000	1.003758  	0.635598  	-7.435100 
-135.000000	0.977871  	0.660679  	-7.435100 
-134.000000	0.951985  	0.685759  	-7.435100 
-133.000000	0.927038  	0.710763  	-7.435100 
-132.000000	0.902795  	0.735710  	-7.435100 
-131.000000	0.878552  	0.760657  	-7.435100 
-130.000000	0.854310  	0.785604  	-7.435100 
-129.000000	0.830267  	0.810401  	-7.435100 
-128.000000	0.806959  	0.834651  	-7.435100 
-127.000000	0.783650  	0.858900  	-7.435100 
-126.000000	0.760342  	0.883150  	-7.435100 
-125.000000	0.737033  	0.907399  	-7.435100 
-124.000000	0.714172  	0.930583  	-7.435100 
-123.000000	0.691385  	0.953588  	-7.435100 
-122.000000	0.668598  	0.976594  	-7.435100 
-121.000000	0.645811  	0.999600  	-7.435100 
-120.000000	0.623185  	1.021725  	-7.435100 
-119.000000	0.600720  	1.042970  	-7.435100 
-118.000000	0.578255  	1.064215  	-7.435100 
-117.000000	0.555790  	1.085460  	-7.435100 
-116.000000	0.533365  	1.106385  	-7.435100 
-115.000000	0.511181  	1.125394  	-7.435100 
-114.000000	0.488997  	1.144403  	-7.435100 
-113.000000	0.466813  	1.163411  	-7.435100 
-112.000000	0.444629  	1.182420  	-7.435100 
-111.000000	0.422729  	1.199338  	-7.435100 
-110.000000	0.400907  	1.215687  	-7.435100 
-109.000000	0.379085  	1.232035  	-7.435100 
-108.000000	0.357263  	1.248384  	-7.435100 
-107.000000	0.335672  	1.263438  	-7.435100 
-106.000000	0.314388  	1.276765  	-7.435100 
-105.000000	0.293104  	1.290092  	-7.435100 
-104.000000	0.271820  	1.303419  	-7.435100 
-103.000000	0.250593  	1.316509  	-7.435100 
-102.000000	0.230097  	1.326523  	-7.435100 
-101.000000	0.209601  	1.336537  	-7.435100 
-100.000000	0.189105  	1.346551  	-7.435100 
-99.000000	0.168609  	1.356565  	-7.435100 
-98.000000	0.148896  	1.364060  	-7.435100 
-97.000000	0.129496  	1.370546  	-7.435100 
-96.000000	0.110096  	1.377032  	-7.435100 
-95.000000	0.090696  	1.383519  	-7.435100 
-94.000000	0.071813  	1.388698  	-7.435100 
-93.000000	0.053859  	1.391523  	-7.435100 
-92.000000	0.035906  	1.394349  	-7.435100 
-91.000000	0.017953  	1.397174  	-7.435100 
-90.000000	0.000000  	1.400000  	-7.435100 
-89.000000	-0.017953 	1.397174  	-7.435100 
-88.000000	-0.035906 	1.394349  	-7.435100 
-87.000000	-0.053859 	1.391523  	-7.435100 
-86.000000	-0.071813 	1.388698  	-7.435100 
-85.000000	-0.090696 	1.383519  	-7.435100 
-84.000000	-0.110096 	1.377032  	-7.435100 
-83.000000	-0.129496 	1.370546  	-7.435100 
-82.000000	-0.148896 	1.364060  	-7.435100 
-81.000000	-0.168609 	1.356565  	-7.435100 
-80.000000	-0.189105 	1.346551  	-7.435100 
-79.000000	-0.209601 	1.336537  	-7.435100 
-78.000000	-0.230097 	1.326523  	-7.435100 
-77.000000	-0.250593 	1.316509  	-7.435100 
-76.000000	-0.271820 	1.303419  	-7.435100 
-75.000000	-0.293104 	1.290092  	-7.435100 
-74.000000	-0.314388 	1.276765  	-7.435100 
-73.000000	-0.335672 	1.263438  	-7.435100 
-72.000000	-0.357263 	1.248384  	-7.435100 
-71.000000	-0.379085 	1.232035  	-7.435100 
-70.000000	-0.400907 	1.215687  	-7.435100 
-69.000000	-0.422729 	1.199338  	-7.435100 
-68.000000	-0.444629 	1.182420  	-7.435100 
-67.000000	-0.466813 	1.163411  	-7.435100 
-66.000000	-0.488997 	1.144403  	-7.435100 
-65.000000	-0.511181 	1.125394  	-7.435100 
-64.000000	-0.533365 	1.106385  	-7.435100 
-63.000000	-0.555790 	1.085460  	-7.435100 
-62.000000	-0.578255 	1.064215  	-7.435100 
-61.000000	-0.600720 	1.042970  	-7.435100 
-60.000000	-0.623185 	1.021725  	-7.435100 
-59.000000	-0.645811 	0.999600  	-7.435100 
-58.000000	-0.668598 	0.976594  	-7.435100 
-57.000000	-0.691385 	0.953588  	-7.435100 
-56.000000	-0.714172 	0.930583  	-7.435100 
-55.000000	-0.737033 	0.907399  	-7.435100 
-54.000000	-0.760342 	0.883150  	-7.435100 
-53.000000	-0.783650 	0.858900  	-7.435100 
-52.000000	-0.806959 	0.834651  	-7.435100 
-51.000000	-0.830267 	0.810401  	-7.435100 
-50.000000	-0.854310 	0.785604  	-7.435100 
-49.000000	-0.878552 	0.760657  	-7.435100 
-48.000000	-0.902795 	0.735710  	-7.435100 
-47.000000	-0.927038 	0.710763  	-7.435100 
-46.000000	-0.951985 	0.685759  	-7.435100 
-45.000000	-0.977871 	0.660679  	-7.435100 
-44.000000	-1.003758 	0.635598  	-7.435100 
-43.000000	-1.029644 	0.610517  	-7.435100 
-42.000000	-1.055730 	0.585467  	-7.435100 
-41.000000	-1.084408 	0.560820  	-7.435100 
-40.000000	-1.113085 	0.536172  	-7.435100 
-39.000000	-1.141763 	0.511525  	-7.435100 
-38.000000	-1.170440 	0.486878  	-7.435100 
-37.000000	-1.202420 	0.462938  	-7.435100 
-36.000000	-1.235722 	0.439283  	-7.435100 
-35.000000	-1.269023 	0.415627  	-7.435100 
-34.000000	-1.302324 	0.391971  	-7.435100 
-33.000000	-1.338343 	0.368861  	-7.435100 
-32.000000	-1.379255 	0.346733  	-7.435100 
-31.000000	-1.420166 	0.324606  	-7.435100 
-30.000000	-1.461078 	0.302478  	-7.435100 
-29.000000	-1.501990 	0.280350  	-7.435100 
-28.000000	-1.458606 	0.267329  	-7.435100 
-27.000000	-1.415223 	0.254309  	-7.435100 
-26.000000	-1.371839 	0.241288  	-7.435100 
-25.000000	-1.328455 	0.228268  	-7.435100 
-24.000000	-1.285072 	0.215247  	-7.435100 
-23.000000	-1.241688 	0.202227  	-7.435100 
-22.000000	-1.198304 	0.189206  	-7.435100 
-21.000000	-1.154921 	0.176186  	-7.435100 
-20.000000	-1.111537 	0.163165  	-7.435100 
-19.000000	-1.068153 	0.150145  	-7.435100 
-18.000000	-1.024769 	0.137124  	-7.435100 
-17.000000	-0.981386 	0.124104  	-7.435100 
-16.000000	-0.938002 	0.111083  	-7.435100 
-15.000000	-0.894618 	0.098063  	-7.435100 
-14.000000	-0.851235 	0.085042  	-7.435100 
-13.000000	-0.807851 	0.072022  	-7.435100 
-12.000000	-0.764467 	0.059001  	-6.026153 
-11.000000	-0.721084 	0.045981  	-4.053626 
-10.000000	-0.677700 	0.032960  	-2.081100 
-9.000000 	-0.532200 	0.032850  	-1.930800 
-8.000000 	-0.394700 	0.033090  	-1.794600 
-7.000000 	-0.255800 	0.033350  	-1.658800 
-6.000000 	-0.116400 	0.033630  	-1.529600 
-5.000000 	0.022600  	0.033870  	-1.404000 
-4.000000 	0.161100  	0.034170  	-1.283100 
-3.000000 	0.299200  	0.034480  	-1.164900 
-2.000000 	0.436700  	0.034780  	-1.201500 
-1.000000 	0.573800  	0.035090  	-1.317400 
0.000000  	0.709600  	0.035440  	-1.436700 
1.000000  	0.844000  	0.035850  	-1.560600 
2.000000  	0.977600  	0.036270  	-1.688700 
3.000000  	1.109800  	0.036720  	-1.823600 
4.000000  	1.240700  	0.037190  	-1.966200 
5.000000  	1.370700  	0.037650  	-2.119100 
6.000000  	1.498400  	0.038210  	-2.286200 
7.000000  	1.623600  	0.038900  	-2.471200 
8.000000  	1.747600  	0.039610  	-2.679000 
9.000000  	1.869300  	0.040400  	-2.913200 
10.000000 	1.987100  	0.041410  	-3.176100 
11.000000 	2.099800  	0.042730  	-3.467300 
12.000000 	2.202200  	0.044710  	-3.781800 
13.000000 	2.282400  	0.048160  	-4.093800 
14.000000 	2.267700  	0.058700  	-4.280800 
15.000000 	2.254500  	0.071890  	-4.495100 
16.000000 	2.224300  	0.088600  	-4.670200 
17.000000 	2.192900  	0.106580  	-4.833300 
18.000000 	2.163900  	0.124780  	-5.000300 
19.000000 	2.140600  	0.142530  	-5.169400 
20.000000 	2.121700  	0.159810  	-5.345300 
21.000000 	2.117000  	0.174940  	-5.550400 
22.000000 	2.115200  	0.189620  	-5.771300 
23.000000 	2.114500  	0.204060  	-5.996300 
24.000000 	2.118800  	0.217490  	-6.239800 
25.000000 	2.124625  	0.230120  	-6.482925 
26.000000 	2.130450  	0.242750  	-6.726050 
27.000000 	2.136275  	0.255380  	-6.969175 
28.000000 	2.142100  	0.268010  	-7.212300 
29.000000 	2.145700  	0.280350  	-7.435100 
30.000000 	2.087255  	0.302478  	-7.435100 
31.000000 	2.028809  	0.324606  	-7.435100 
32.000000 	1.970364  	0.346733  	-7.435100 
33.000000 	1.911918  	0.368861  	-7.435100 
34.000000 	1.860462  	0.391971  	-7.435100 
35.000000 	1.812889  	0.415627  	-7.435100 
36.000000 	1.765316  	0.439283  	-7.435100 
37.000000 	1.717744  	0.462938  	-7.435100 
38.000000 	1.672058  	0.486878  	-7.435100 
39.000000 	1.631090  	0.511525  	-7.435100 
40.000000 	1.590122  	0.536172  	-7.435100 
41.000000 	1.549154  	0.560820  	-7.435100 
42.000000 	1.508186  	0.585467  	-7.435100 
43.000000 	1.470920  	0.610517  	-7.435100 
44.000000 	1.433939  	0.635598  	-7.435100 
45.000000 	1.396959  	0.660679  	-7.435100 
46.000000 	1.359978  	0.685759  	-7.435100 
47.000000 	1.324339  	0.710763  	-7.435100 
48.000000 	1.289707  	0.735710  	-7.435100 
49.000000 	1.255075  	0.760657  	-7.435100 
50.000000 	1.220442  	0.785604  	-7.435100 
51.000000 	1.186096  	0.810401  	-7.435100 
52.000000 	1.152798  	0.834651  	-7.435100 
53.000000 	1.119500  	0.858900  	-7.435100 
54.000000 	1.086202  	0.883150  	-7.435100 
55.000000 	1.052905  	0.907399  	-7.435100 
56.000000 	1.020245  	0.930583  	-7.435100 
57.000000 	0.987692  	0.953588  	-7.435100 
58.000000 	0.955140  	0.976594  	-7.435100 
59.000000 	0.922587  	0.999600  	-7.435100 
60.000000 	0.890264  	1.021725  	-7.435100 
61.000000 	0.858171  	1.042970  	-7.435100 
62.000000 	0.826078  	1.064215  	-7.435100 
63.000000 	0.793985  	1.085460  	-7.435100 
64.000000 	0.761949  	1.106385  	-7.435100 
65.000000 	0.730258  	1.125394  	-7.435100 
66.000000 	0.698567  	1.144403  	-7.435100 
67.000000 	0.666875  	1.163411  	-7.435100 
68.000000 	0.635184  	1.182420  	-7.435100 
69.000000 	0.603899  	1.199338  	-7.435100 
70.000000 	0.572725  	1.215687  	-7.435100 
71.000000 	0.541551  	1.232035  	-7.435100 
72.000000 	0.510376  	1.248384  	-7.435100 
73.000000 	0.479532  	1.263438  	-7.435100 
74.000000 	0.449126  	1.276765  	-7.435100 
75.000000 	0.418720  	1.290092  	-7.435100 
76.000000 	0.388315  	1.303419  	-7.435100 
77.000000 	0.357989  	1.316509  	-7.435100 
78.000000 	0.328710  	1.326523  	-7.435100 
79.000000 	0.299430  	1.336537  	-7.435100 
80.000000 	0.270150  	1.346551  	-7.435100 
81.000000 	0.240870  	1.356565  	-7.435100 
82.000000 	0.212709  	1.364060  	-7.435100 
83.000000 	0.184994  	1.370546  	-7.435100 
84.000000 	0.157280  	1.377032  	-7.435100 
85.000000 	0.129566  	1.383519  	-7.435100 
86.000000 	0.102589  	1.388698  	-7.435100 
87.000000 	0.076942  	1.391523  	-7.435100 
88.000000 	0.051295  	1.394349  	-7.435100 
89.000000 	0.025647  	1.397174  	-7.435100 
90.000000 	0.000000  	1.400000  	-7.435100 
91.000000 	-0.017953 	1.397174  	-7.435100 
92.000000 	-0.035906 	1.394349  	-7.435100 
93.000000 	-0.053859 	1.391523  	-7.435100 
94.000000 	-0.071813 	1.388698  	-7.435100 
95.000000 	-0.090696 	1.383519  	-7.435100 
96.000000 	-0.110096 	1.377032  	-7.435100 
97.000000 	-0.129496 	1.370546  	-7.435100 
98.000000 	-0.148896 	1.364060  	-7.435100 
99.000000 	-0.168609 	1.356565  	-7.435100 
100.000000	-0.189105 	1.346551  	-7.435100 
101.000000	-0.209601 	1.336537  	-7.435100 
102.000000	-0.230097 	1.326523  	-7.435100 
103.000000	-0.250593 	1.316509  	-7.435100 
104.000000	-0.271820 	1.303419  	-7.435100 
105.000000	-0.293104 	1.290092  	-7.435100 
106.000000	-0.314388 	1.276765  	-7.435100 
107.000000	-0.335672 	1.263438  	-7.435100 
108.000000	-0.357263 	1.248384  	-7.435100 
109.000000	-0.379085 	1.232035  	-7.435100 
110.000000	-0.400907 	1.215687  	-7.435100 
111.000000	-0.422729 	1.199338  	-7.435100 
112.000000	-0.444629 	1.182420  	-7.435100 
113.000000	-0.466813 	1.163411  	-7.435100 
114.000000	-0.488997 	1.144403  	-7.435100 
115.000000	-0.511181 	1.125394  	-7.435100 
116.000000	-0.533365 	1.106385  	-7.435100 
117.000000	-0.555790 	1.085460  	-7.435100 
118.000000	-0.578255 	1.064215  	-7.435100 
119.000000	-0.600720 	1.042970  	-7.435100 
120.000000	-0.623185 	1.021725  	-7.435100 
121.000000	-0.645811 	0.999600  	-7.435100 
122.000000	-0.668598 	0.976594  	-7.435100 
123.000000	-0.691385 	0.953588  	-7.435100 
124.000000	-0.714172 	0.930583  	-7.435100 
125.000000	-0.737033 	0.907399  	-7.435100 
126.000000	-0.760342 	0.883150  	-7.435100 
127.000000	-0.783650 	0.858900  	-7.435100 
128.000000	-0.806959 	0.834651  	-7.435100 
129.000000	-0.830267 	0.810401  	-7.435100 
130.000000	-0.854310 	0.785604  	-7.435100 
131.000000	-0.878552 	0.760657  	-7.435100 
132.000000	-0.902795 	0.735710  	-7.435100 
133.000000	-0.927038 	0.710763  	-7.435100 
134.000000	-0.951985 	0.685759  	-7.435100 
135.000000	-0.977871 	0.660679  	-7.435100 
136.000000	-1.003758 	0.635598  	-7.435100 
137.000000	-1.029644 	0.610517  	-7.435100 
138.000000	-1.055730 	0.585467  	-7.435100 
139.000000	-1.084408 	0.560820  	-7.435100 
140.000000	-1.113085 	0.536172  	-7.435100 
141.000000	-1.141763 	0.511525  	-7.435100 
142.000000	-1.170440 	0.486878  	-7.435100 
143.000000	-1.202420 	0.462938  	-7.435100 
144.000000	-1.235722 	0.439283  	-7.435100 
145.000000	-1.269023 	0.415627  	-7.435100 
146.000000	-1.302324 	0.391971  	-7.435100 
147.000000	-1.338343 	0.368861  	-7.435100 
148.000000	-1.379255 	0.346733  	-7.435100 
149.000000	-1.420166 	0.324606  	-7.435100 
150.000000	-1.461078 	0.302478  	-7.435100 
151.000000	-1.501990 	0.280350  	-7.435100 
152.000000	-1.450197 	0.259659  	-7.435100 
153.000000	-1.398404 	0.238967  	-7.435100 
154.000000	-1.346612 	0.219272  	-7.435100 
155.000000	-1.294819 	0.199653  	-7.435100 
156.000000	-1.243026 	0.181041  	-7.435100 
157.000000	-1.191233 	0.162596  	-7.435100 
158.000000	-1.139441 	0.145148  	-7.435100 
159.000000	-1.087648 	0.127972  	-7.435100 
160.000000	-1.035855 	0.111765  	-7.435100 
161.000000	-0.984062 	0.095946  	-7.435100 
162.000000	-0.932270 	0.081051  	-7.435100 
163.000000	-0.880477 	0.066670  	-7.435100 
164.000000	-0.828684 	0.053154  	-7.435100 
165.000000	-0.776891 	0.040285  	-7.435100 
166.000000	-0.725099 	0.028206  	-7.435100 
167.000000	-0.673306 	0.016917  	-7.435100 
168.000000	-0.621513 	0.008507  	-7.435100 
169.000000	-0.569720 	0.003937  	-7.435100 
170.000000	-0.517928 	0.001000  	-7.435100 
171.000000	-0.466135 	0.001000  	-7.435100 
172.000000	-0.414342 	0.001000  	-7.435100 
173.000000	-0.362549 	0.001000  	-7.435100 
174.000000	-0.310757 	0.001000  	-7.435100 
175.000000	-0.258964 	0.001000  	-7.435100 
176.000000	-0.207171 	0.001000  	-7.435100 
177.000000	-0.155378 	0.001000  	-7.435100 
178.000000	-0.103586 	0.001000  	-7.435100 
179.000000	-0.051793 	0.001000  	-7.435100 
180.000000	0.000000  	0.001000  	-7.435100 
! ------------------------------------------------------------------------------
! data for table	7         
! ------------------------------------------------------------------------------
  0.800000  	Re           ! Reynolds number in millions
  0.000000  	UserProp     ! User property (control) setting
Flase           InclUAdata   ! Is unsteady aerodynamics data included in this table? If TRUE, then include UA coefficients below this line. Any missing coefficients will be calculated internally.
! Table of aerodynamics coefficients
  361       	NumAlf       ! Number of data lines in the following table
!Alpha      Cl          Cd          Cm/Cp
!(deg)      (-)         (-)         (-)
-180.000000	0.000000  	0.001000  	-7.485400 
-179.000000	0.052010  	0.001000  	-7.485400 
-178.000000	0.104020  	0.001000  	-7.485400 
-177.000000	0.156030  	0.001000  	-7.485400 
-176.000000	0.208040  	0.001000  	-7.485400 
-175.000000	0.260050  	0.001000  	-7.485400 
-174.000000	0.312060  	0.001000  	-7.485400 
-173.000000	0.364070  	0.001000  	-7.485400 
-172.000000	0.416080  	0.001000  	-7.485400 
-171.000000	0.468090  	0.001000  	-7.485400 
-170.000000	0.520100  	0.001000  	-7.485400 
-169.000000	0.572110  	0.003494  	-7.485400 
-168.000000	0.624120  	0.007373  	-7.485400 
-167.000000	0.676130  	0.015491  	-7.485400 
-166.000000	0.728140  	0.026786  	-7.485400 
-165.000000	0.780150  	0.038872  	-7.485400 
-164.000000	0.832160  	0.051747  	-7.485400 
-163.000000	0.884170  	0.065271  	-7.485400 
-162.000000	0.936180  	0.079660  	-7.485400 
-161.000000	0.988190  	0.094562  	-7.485400 
-160.000000	1.040200  	0.110390  	-7.485400 
-159.000000	1.092210  	0.126606  	-7.485400 
-158.000000	1.144220  	0.143791  	-7.485400 
-157.000000	1.196230  	0.161249  	-7.485400 
-156.000000	1.248240  	0.179704  	-7.485400 
-155.000000	1.300250  	0.198327  	-7.485400 
-154.000000	1.352260  	0.217957  	-7.485400 
-153.000000	1.404270  	0.237663  	-7.485400 
-152.000000	1.456280  	0.258367  	-7.485400 
-151.000000	1.508290  	0.279070  	-7.485400 
-150.000000	1.467095  	0.301211  	-7.485400 
-149.000000	1.425900  	0.323352  	-7.485400 
-148.000000	1.384705  	0.345493  	-7.485400 
-147.000000	1.343510  	0.367634  	-7.485400 
-146.000000	1.307245  	0.390758  	-7.485400 
-145.000000	1.273719  	0.414429  	-7.485400 
-144.000000	1.240192  	0.438100  	-7.485400 
-143.000000	1.206666  	0.461770  	-7.485400 
-142.000000	1.174472  	0.485725  	-7.485400 
-141.000000	1.145611  	0.510388  	-7.485400 
-140.000000	1.116750  	0.535052  	-7.485400 
-139.000000	1.087888  	0.559716  	-7.485400 
-138.000000	1.059027  	0.584380  	-7.485400 
-137.000000	1.032786  	0.609447  	-7.485400 
-136.000000	1.006747  	0.634546  	-7.485400 
-135.000000	0.980707  	0.659644  	-7.485400 
-134.000000	0.954668  	0.684743  	-7.485400 
-133.000000	0.929582  	0.709766  	-7.485400 
-132.000000	0.905212  	0.734732  	-7.485400 
-131.000000	0.880841  	0.759698  	-7.485400 
-130.000000	0.856470  	0.784664  	-7.485400 
-129.000000	0.832304  	0.809480  	-7.485400 
-128.000000	0.808887  	0.833750  	-7.485400 
-127.000000	0.785471  	0.858020  	-7.485400 
-126.000000	0.762054  	0.882290  	-7.485400 
-125.000000	0.738638  	0.906560  	-7.485400 
-124.000000	0.715683  	0.929764  	-7.485400 
-123.000000	0.692805  	0.952792  	-7.485400 
-122.000000	0.669928  	0.975819  	-7.485400 
-121.000000	0.647050  	0.998846  	-7.485400 
-120.000000	0.624340  	1.020993  	-7.485400 
-119.000000	0.601800  	1.042261  	-7.485400 
-118.000000	0.579259  	1.063528  	-7.485400 
-117.000000	0.556718  	1.084796  	-7.485400 
-116.000000	0.534219  	1.105744  	-7.485400 
-115.000000	0.511973  	1.124776  	-7.485400 
-114.000000	0.489727  	1.143808  	-7.485400 
-113.000000	0.467481  	1.162840  	-7.485400 
-112.000000	0.445234  	1.181871  	-7.485400 
-111.000000	0.423282  	1.198814  	-7.485400 
-110.000000	0.401411  	1.215187  	-7.485400 
-109.000000	0.379539  	1.231559  	-7.485400 
-108.000000	0.357667  	1.247932  	-7.485400 
-107.000000	0.336031  	1.263010  	-7.485400 
-106.000000	0.314709  	1.276362  	-7.485400 
-105.000000	0.293387  	1.289713  	-7.485400 
-104.000000	0.272065  	1.303065  	-7.485400 
-103.000000	0.250800  	1.316180  	-7.485400 
-102.000000	0.230278  	1.326219  	-7.485400 
-101.000000	0.209755  	1.336258  	-7.485400 
-100.000000	0.189232  	1.346297  	-7.485400 
-99.000000	0.168710  	1.356336  	-7.485400 
-98.000000	0.148977  	1.363856  	-7.485400 
-97.000000	0.129561  	1.370368  	-7.485400 
-96.000000	0.110145  	1.376879  	-7.485400 
-95.000000	0.090729  	1.383391  	-7.485400 
-94.000000	0.071834  	1.388596  	-7.485400 
-93.000000	0.053875  	1.391447  	-7.485400 
-92.000000	0.035917  	1.394298  	-7.485400 
-91.000000	0.017958  	1.397149  	-7.485400 
-90.000000	0.000000  	1.400000  	-7.485400 
-89.000000	-0.017958 	1.397149  	-7.485400 
-88.000000	-0.035917 	1.394298  	-7.485400 
-87.000000	-0.053875 	1.391447  	-7.485400 
-86.000000	-0.071834 	1.388596  	-7.485400 
-85.000000	-0.090729 	1.383391  	-7.485400 
-84.000000	-0.110145 	1.376879  	-7.485400 
-83.000000	-0.129561 	1.370368  	-7.485400 
-82.000000	-0.148977 	1.363856  	-7.485400 
-81.000000	-0.168710 	1.356336  	-7.485400 
-80.000000	-0.189232 	1.346297  	-7.485400 
-79.000000	-0.209755 	1.336258  	-7.485400 
-78.000000	-0.230278 	1.326219  	-7.485400 
-77.000000	-0.250800 	1.316180  	-7.485400 
-76.000000	-0.272065 	1.303065  	-7.485400 
-75.000000	-0.293387 	1.289713  	-7.485400 
-74.000000	-0.314709 	1.276362  	-7.485400 
-73.000000	-0.336031 	1.263010  	-7.485400 
-72.000000	-0.357667 	1.247932  	-7.485400 
-71.000000	-0.379539 	1.231559  	-7.485400 
-70.000000	-0.401411 	1.215187  	-7.485400 
-69.000000	-0.423282 	1.198814  	-7.485400 
-68.000000	-0.445234 	1.181871  	-7.485400 
-67.000000	-0.467481 	1.162840  	-7.485400 
-66.000000	-0.489727 	1.143808  	-7.485400 
-65.000000	-0.511973 	1.124776  	-7.485400 
-64.000000	-0.534219 	1.105744  	-7.485400 
-63.000000	-0.556718 	1.084796  	-7.485400 
-62.000000	-0.579259 	1.063528  	-7.485400 
-61.000000	-0.601800 	1.042261  	-7.485400 
-60.000000	-0.624340 	1.020993  	-7.485400 
-59.000000	-0.647050 	0.998846  	-7.485400 
-58.000000	-0.669928 	0.975819  	-7.485400 
-57.000000	-0.692805 	0.952792  	-7.485400 
-56.000000	-0.715683 	0.929764  	-7.485400 
-55.000000	-0.738638 	0.906560  	-7.485400 
-54.000000	-0.762054 	0.882290  	-7.485400 
-53.000000	-0.785471 	0.858020  	-7.485400 
-52.000000	-0.808887 	0.833750  	-7.485400 
-51.000000	-0.832304 	0.809480  	-7.485400 
-50.000000	-0.856470 	0.784664  	-7.485400 
-49.000000	-0.880841 	0.759698  	-7.485400 
-48.000000	-0.905212 	0.734732  	-7.485400 
-47.000000	-0.929582 	0.709766  	-7.485400 
-46.000000	-0.954668 	0.684743  	-7.485400 
-45.000000	-0.980707 	0.659644  	-7.485400 
-44.000000	-1.006747 	0.634546  	-7.485400 
-43.000000	-1.032786 	0.609447  	-7.485400 
-42.000000	-1.059027 	0.584380  	-7.485400 
-41.000000	-1.087888 	0.559716  	-7.485400 
-40.000000	-1.116750 	0.535052  	-7.485400 
-39.000000	-1.145611 	0.510388  	-7.485400 
-38.000000	-1.174472 	0.485725  	-7.485400 
-37.000000	-1.206666 	0.461770  	-7.485400 
-36.000000	-1.240192 	0.438100  	-7.485400 
-35.000000	-1.273719 	0.414429  	-7.485400 
-34.000000	-1.307245 	0.390758  	-7.485400 
-33.000000	-1.343510 	0.367634  	-7.485400 
-32.000000	-1.384705 	0.345493  	-7.485400 
-31.000000	-1.425900 	0.323352  	-7.485400 
-30.000000	-1.467095 	0.301211  	-7.485400 
-29.000000	-1.508290 	0.279070  	-7.485400 
-28.000000	-1.464001 	0.266081  	-7.485400 
-27.000000	-1.419712 	0.253091  	-7.485400 
-26.000000	-1.375423 	0.240102  	-7.485400 
-25.000000	-1.331134 	0.227112  	-7.485400 
-24.000000	-1.286845 	0.214123  	-7.485400 
-23.000000	-1.242556 	0.201133  	-7.485400 
-22.000000	-1.198267 	0.188144  	-7.485400 
-21.000000	-1.153978 	0.175154  	-7.485400 
-20.000000	-1.109689 	0.162165  	-7.485400 
-19.000000	-1.065401 	0.149175  	-7.485400 
-18.000000	-1.021112 	0.136186  	-7.485400 
-17.000000	-0.976823 	0.123196  	-7.485400 
-16.000000	-0.932534 	0.110207  	-7.485400 
-15.000000	-0.888245 	0.097217  	-7.485400 
-14.000000	-0.843956 	0.084228  	-7.485400 
-13.000000	-0.799667 	0.071238  	-7.485400 
-12.000000	-0.755378 	0.058249  	-6.062347 
-11.000000	-0.711089 	0.045259  	-4.070074 
-10.000000	-0.666800 	0.032270  	-2.077800 
-9.000000 	-0.531400 	0.032640  	-1.934100 
-8.000000 	-0.392400 	0.032940  	-1.795700 
-7.000000 	-0.253200 	0.033190  	-1.661000 
-6.000000 	-0.113900 	0.033470  	-1.531100 
-5.000000 	0.025000  	0.033760  	-1.405600 
-4.000000 	0.164000  	0.034040  	-1.284100 
-3.000000 	0.302000  	0.034330  	-1.165300 
-2.000000 	0.440000  	0.034630  	-1.204200 
-1.000000 	0.576700  	0.034950  	-1.320000 
0.000000  	0.712300  	0.035310  	-1.439300 
1.000000  	0.847500  	0.035650  	-1.563900 
2.000000  	0.981400  	0.036030  	-1.692300 
3.000000  	1.113900  	0.036440  	-1.827600 
4.000000  	1.244800  	0.036890  	-1.970300 
5.000000  	1.373900  	0.037420  	-2.122500 
6.000000  	1.503000  	0.037860  	-2.291200 
7.000000  	1.629600  	0.038410  	-2.477800 
8.000000  	1.753000  	0.039140  	-2.685300 
9.000000  	1.874700  	0.039930  	-2.919800 
10.000000 	1.994400  	0.040790  	-3.185800 
11.000000 	2.107700  	0.042050  	-3.478800 
12.000000 	2.213000  	0.043820  	-3.798600 
13.000000 	2.297100  	0.047050  	-4.117300 
14.000000 	2.291700  	0.056620  	-4.324000 
15.000000 	2.269600  	0.070430  	-4.525300 
16.000000 	2.245100  	0.086410  	-4.714100 
17.000000 	2.212200  	0.104440  	-4.877500 
18.000000 	2.180600  	0.122920  	-5.041200 
19.000000 	2.156700  	0.140690  	-5.212000 
20.000000 	2.143300  	0.157040  	-5.406400 
21.000000 	2.130800  	0.173260  	-5.593100 
22.000000 	2.124000  	0.188710  	-5.801000 
23.000000 	2.126400  	0.202570  	-6.038800 
24.000000 	2.132300  	0.215700  	-6.291100 
25.000000 	2.138800  	0.228490  	-6.544300 
26.000000 	2.143300  	0.241460  	-6.781500 
27.000000 	2.148300  	0.254040  	-7.023900 
28.000000 	2.153200  	0.266380  	-7.269400 
29.000000 	2.154700  	0.279070  	-7.485400 
30.000000 	2.095850  	0.301211  	-7.485400 
31.000000 	2.037000  	0.323352  	-7.485400 
32.000000 	1.978150  	0.345493  	-7.485400 
33.000000 	1.919300  	0.367634  	-7.485400 
34.000000 	1.867493  	0.390758  	-7.485400 
35.000000 	1.819598  	0.414429  	-7.485400 
36.000000 	1.771703  	0.438100  	-7.485400 
37.000000 	1.723809  	0.461770  	-7.485400 
38.000000 	1.677818  	0.485725  	-7.485400 
39.000000 	1.636587  	0.510388  	-7.485400 
40.000000 	1.595356  	0.535052  	-7.485400 
41.000000 	1.554126  	0.559716  	-7.485400 
42.000000 	1.512895  	0.584380  	-7.485400 
43.000000 	1.475408  	0.609447  	-7.485400 
44.000000 	1.438209  	0.634546  	-7.485400 
45.000000 	1.401011  	0.659644  	-7.485400 
46.000000 	1.363812  	0.684743  	-7.485400 
47.000000 	1.327975  	0.709766  	-7.485400 
48.000000 	1.293160  	0.734732  	-7.485400 
49.000000 	1.258344  	0.759698  	-7.485400 
50.000000 	1.223529  	0.784664  	-7.485400 
51.000000 	1.189006  	0.809480  	-7.485400 
52.000000 	1.155554  	0.833750  	-7.485400 
53.000000 	1.122101  	0.858020  	-7.485400 
54.000000 	1.088649  	0.882290  	-7.485400 
55.000000 	1.055197  	0.906560  	-7.485400 
56.000000 	1.022405  	0.929764  	-7.485400 
57.000000 	0.989722  	0.952792  	-7.485400 
58.000000 	0.957039  	0.975819  	-7.485400 
59.000000 	0.924357  	0.998846  	-7.485400 
60.000000 	0.891915  	1.020993  	-7.485400 
61.000000 	0.859714  	1.042261  	-7.485400 
62.000000 	0.827513  	1.063528  	-7.485400 
63.000000 	0.795311  	1.084796  	-7.485400 
64.000000 	0.763170  	1.105744  	-7.485400 
65.000000 	0.731390  	1.124776  	-7.485400 
66.000000 	0.699610  	1.143808  	-7.485400 
67.000000 	0.667829  	1.162840  	-7.485400 
68.000000 	0.636049  	1.181871  	-7.485400 
69.000000 	0.604689  	1.198814  	-7.485400 
70.000000 	0.573444  	1.215187  	-7.485400 
71.000000 	0.542199  	1.231559  	-7.485400 
72.000000 	0.510953  	1.247932  	-7.485400 
73.000000 	0.480045  	1.263010  	-7.485400 
74.000000 	0.449585  	1.276362  	-7.485400 
75.000000 	0.419125  	1.289713  	-7.485400 
76.000000 	0.388665  	1.303065  	-7.485400 
77.000000 	0.358286  	1.316180  	-7.485400 
78.000000 	0.328968  	1.326219  	-7.485400 
79.000000 	0.299650  	1.336258  	-7.485400 
80.000000 	0.270332  	1.346297  	-7.485400 
81.000000 	0.241014  	1.356336  	-7.485400 
82.000000 	0.212825  	1.363856  	-7.485400 
83.000000 	0.185088  	1.370368  	-7.485400 
84.000000 	0.157350  	1.376879  	-7.485400 
85.000000 	0.129613  	1.383391  	-7.485400 
86.000000 	0.102620  	1.388596  	-7.485400 
87.000000 	0.076965  	1.391447  	-7.485400 
88.000000 	0.051310  	1.394298  	-7.485400 
89.000000 	0.025655  	1.397149  	-7.485400 
90.000000 	0.000000  	1.400000  	-7.485400 
91.000000 	-0.017958 	1.397149  	-7.485400 
92.000000 	-0.035917 	1.394298  	-7.485400 
93.000000 	-0.053875 	1.391447  	-7.485400 
94.000000 	-0.071834 	1.388596  	-7.485400 
95.000000 	-0.090729 	1.383391  	-7.485400 
96.000000 	-0.110145 	1.376879  	-7.485400 
97.000000 	-0.129561 	1.370368  	-7.485400 
98.000000 	-0.148977 	1.363856  	-7.485400 
99.000000 	-0.168710 	1.356336  	-7.485400 
100.000000	-0.189232 	1.346297  	-7.485400 
101.000000	-0.209755 	1.336258  	-7.485400 
102.000000	-0.230278 	1.326219  	-7.485400 
103.000000	-0.250800 	1.316180  	-7.485400 
104.000000	-0.272065 	1.303065  	-7.485400 
105.000000	-0.293387 	1.289713  	-7.485400 
106.000000	-0.314709 	1.276362  	-7.485400 
107.000000	-0.336031 	1.263010  	-7.485400 
108.000000	-0.357667 	1.247932  	-7.485400 
109.000000	-0.379539 	1.231559  	-7.485400 
110.000000	-0.401411 	1.215187  	-7.485400 
111.000000	-0.423282 	1.198814  	-7.485400 
112.000000	-0.445234 	1.181871  	-7.485400 
113.000000	-0.467481 	1.162840  	-7.485400 
114.000000	-0.489727 	1.143808  	-7.485400 
115.000000	-0.511973 	1.124776  	-7.485400 
116.000000	-0.534219 	1.105744  	-7.485400 
117.000000	-0.556718 	1.084796  	-7.485400 
118.000000	-0.579259 	1.063528  	-7.485400 
119.000000	-0.601800 	1.042261  	-7.485400 
120.000000	-0.624340 	1.020993  	-7.485400 
121.000000	-0.647050 	0.998846  	-7.485400 
122.000000	-0.669928 	0.975819  	-7.485400 
123.000000	-0.692805 	0.952792  	-7.485400 
124.000000	-0.715683 	0.929764  	-7.485400 
125.000000	-0.738638 	0.906560  	-7.485400 
126.000000	-0.762054 	0.882290  	-7.485400 
127.000000	-0.785471 	0.858020  	-7.485400 
128.000000	-0.808887 	0.833750  	-7.485400 
129.000000	-0.832304 	0.809480  	-7.485400 
130.000000	-0.856470 	0.784664  	-7.485400 
131.000000	-0.880841 	0.759698  	-7.485400 
132.000000	-0.905212 	0.734732  	-7.485400 
133.000000	-0.929582 	0.709766  	-7.485400 
134.000000	-0.954668 	0.684743  	-7.485400 
135.000000	-0.980707 	0.659644  	-7.485400 
136.000000	-1.006747 	0.634546  	-7.485400 
137.000000	-1.032786 	0.609447  	-7.485400 
138.000000	-1.059027 	0.584380  	-7.485400 
139.000000	-1.087888 	0.559716  	-7.485400 
140.000000	-1.116750 	0.535052  	-7.485400 
141.000000	-1.145611 	0.510388  	-7.485400 
142.000000	-1.174472 	0.485725  	-7.485400 
143.000000	-1.206666 	0.461770  	-7.485400 
144.000000	-1.240192 	0.438100  	-7.485400 
145.000000	-1.273719 	0.414429  	-7.485400 
146.000000	-1.307245 	0.390758  	-7.485400 
147.000000	-1.343510 	0.367634  	-7.485400 
148.000000	-1.384705 	0.345493  	-7.485400 
149.000000	-1.425900 	0.323352  	-7.485400 
150.000000	-1.467095 	0.301211  	-7.485400 
151.000000	-1.508290 	0.279070  	-7.485400 
152.000000	-1.456280 	0.258367  	-7.485400 
153.000000	-1.404270 	0.237663  	-7.485400 
154.000000	-1.352260 	0.217957  	-7.485400 
155.000000	-1.300250 	0.198327  	-7.485400 
156.000000	-1.248240 	0.179704  	-7.485400 
157.000000	-1.196230 	0.161249  	-7.485400 
158.000000	-1.144220 	0.143791  	-7.485400 
159.000000	-1.092210 	0.126606  	-7.485400 
160.000000	-1.040200 	0.110390  	-7.485400 
161.000000	-0.988190 	0.094562  	-7.485400 
162.000000	-0.936180 	0.079660  	-7.485400 
163.000000	-0.884170 	0.065271  	-7.485400 
164.000000	-0.832160 	0.051747  	-7.485400 
165.000000	-0.780150 	0.038872  	-7.485400 
166.000000	-0.728140 	0.026786  	-7.485400 
167.000000	-0.676130 	0.015491  	-7.485400 
168.000000	-0.624120 	0.007373  	-7.485400 
169.000000	-0.572110 	0.003494  	-7.485400 
170.000000	-0.520100 	0.001000  	-7.485400 
171.000000	-0.468090 	0.001000  	-7.485400 
172.000000	-0.416080 	0.001000  	-7.485400 
173.000000	-0.364070 	0.001000  	-7.485400 
174.000000	-0.312060 	0.001000  	-7.485400 
175.000000	-0.260050 	0.001000  	-7.485400 
176.000000	-0.208040 	0.001000  	-7.485400 
177.000000	-0.156030 	0.001000  	-7.485400 
178.000000	-0.104020 	0.001000  	-7.485400 
179.000000	-0.052010 	0.001000  	-7.485400 
180.000000	0.000000  	0.001000  	-7.485400 
! ------------------------------------------------------------------------------
! data for table	8         
! ------------------------------------------------------------------------------
  0.900000  	Re           ! Reynolds number in millions
  0.000000  	UserProp     ! User property (control) setting
Flase           InclUAdata   ! Is unsteady aerodynamics data included in this table? If TRUE, then include UA coefficients below this line. Any missing coefficients will be calculated internally.
! Table of aerodynamics coefficients
  361       	NumAlf       ! Number of data lines in the following table
!Alpha      Cl          Cd          Cm/Cp
!(deg)      (-)         (-)         (-)
-180.000000	0.000000  	0.001000  	-7.550700 
-179.000000	0.052300  	0.001000  	-7.550700 
-178.000000	0.104599  	0.001000  	-7.550700 
-177.000000	0.156899  	0.001000  	-7.550700 
-176.000000	0.209199  	0.001000  	-7.550700 
-175.000000	0.261498  	0.001000  	-7.550700 
-174.000000	0.313798  	0.001000  	-7.550700 
-173.000000	0.366098  	0.001000  	-7.550700 
-172.000000	0.418397  	0.001000  	-7.550700 
-171.000000	0.470697  	0.001000  	-7.550700 
-170.000000	0.522997  	0.001000  	-7.550700 
-169.000000	0.575296  	0.002804  	-7.550700 
-168.000000	0.627596  	0.005611  	-7.550700 
-167.000000	0.679896  	0.013274  	-7.550700 
-166.000000	0.732195  	0.024579  	-7.550700 
-165.000000	0.784495  	0.036675  	-7.550700 
-164.000000	0.836794  	0.049560  	-7.550700 
-163.000000	0.889094  	0.063095  	-7.550700 
-162.000000	0.941394  	0.077496  	-7.550700 
-161.000000	0.993693  	0.092411  	-7.550700 
-160.000000	1.045993  	0.108252  	-7.550700 
-159.000000	1.098293  	0.124482  	-7.550700 
-158.000000	1.150592  	0.141682  	-7.550700 
-157.000000	1.202892  	0.159155  	-7.550700 
-156.000000	1.255192  	0.177626  	-7.550700 
-155.000000	1.307491  	0.196265  	-7.550700 
-154.000000	1.359791  	0.215912  	-7.550700 
-153.000000	1.412091  	0.235636  	-7.550700 
-152.000000	1.464390  	0.256358  	-7.550700 
-151.000000	1.516690  	0.277080  	-7.550700 
-150.000000	1.475117  	0.299242  	-7.550700 
-149.000000	1.433545  	0.321403  	-7.550700 
-148.000000	1.391972  	0.343565  	-7.550700 
-147.000000	1.350400  	0.365726  	-7.550700 
-146.000000	1.313806  	0.388873  	-7.550700 
-145.000000	1.279980  	0.412566  	-7.550700 
-144.000000	1.246153  	0.436260  	-7.550700 
-143.000000	1.212327  	0.459954  	-7.550700 
-142.000000	1.179849  	0.483932  	-7.550700 
-141.000000	1.150742  	0.508621  	-7.550700 
-140.000000	1.121635  	0.533310  	-7.550700 
-139.000000	1.092529  	0.558000  	-7.550700 
-138.000000	1.063422  	0.582689  	-7.550700 
-137.000000	1.036975  	0.607784  	-7.550700 
-136.000000	1.010732  	0.632910  	-7.550700 
-135.000000	0.984489  	0.658036  	-7.550700 
-134.000000	0.958246  	0.683163  	-7.550700 
-133.000000	0.932976  	0.708214  	-7.550700 
-132.000000	0.908434  	0.733210  	-7.550700 
-131.000000	0.883892  	0.758206  	-7.550700 
-130.000000	0.859351  	0.783202  	-7.550700 
-129.000000	0.835020  	0.808049  	-7.550700 
-128.000000	0.811459  	0.832350  	-7.550700 
-127.000000	0.787899  	0.856652  	-7.550700 
-126.000000	0.764338  	0.880953  	-7.550700 
-125.000000	0.740778  	0.905255  	-7.550700 
-124.000000	0.717699  	0.928493  	-7.550700 
-123.000000	0.694700  	0.951553  	-7.550700 
-122.000000	0.671701  	0.974614  	-7.550700 
-121.000000	0.648702  	0.997675  	-7.550700 
-120.000000	0.625882  	1.019856  	-7.550700 
-119.000000	0.603240  	1.041159  	-7.550700 
-118.000000	0.580598  	1.062461  	-7.550700 
-117.000000	0.557956  	1.083763  	-7.550700 
-116.000000	0.535359  	1.104747  	-7.550700 
-115.000000	0.513029  	1.123815  	-7.550700 
-114.000000	0.490700  	1.142883  	-7.550700 
-113.000000	0.468371  	1.161951  	-7.550700 
-112.000000	0.446042  	1.181019  	-7.550700 
-111.000000	0.424020  	1.197999  	-7.550700 
-110.000000	0.402082  	1.214409  	-7.550700 
-109.000000	0.380144  	1.230819  	-7.550700 
-108.000000	0.358206  	1.247229  	-7.550700 
-107.000000	0.336510  	1.262345  	-7.550700 
-106.000000	0.315137  	1.275735  	-7.550700 
-105.000000	0.293765  	1.289125  	-7.550700 
-104.000000	0.272392  	1.302515  	-7.550700 
-103.000000	0.251077  	1.315668  	-7.550700 
-102.000000	0.230519  	1.325746  	-7.550700 
-101.000000	0.209960  	1.335824  	-7.550700 
-100.000000	0.189402  	1.345902  	-7.550700 
-99.000000	0.168843  	1.355981  	-7.550700 
-98.000000	0.149086  	1.363539  	-7.550700 
-97.000000	0.129648  	1.370091  	-7.550700 
-96.000000	0.110211  	1.376642  	-7.550700 
-95.000000	0.090774  	1.383193  	-7.550700 
-94.000000	0.071862  	1.388437  	-7.550700 
-93.000000	0.053897  	1.391328  	-7.550700 
-92.000000	0.035931  	1.394218  	-7.550700 
-91.000000	0.017966  	1.397109  	-7.550700 
-90.000000	0.000000  	1.400000  	-7.550700 
-89.000000	-0.017966 	1.397109  	-7.550700 
-88.000000	-0.035931 	1.394218  	-7.550700 
-87.000000	-0.053897 	1.391328  	-7.550700 
-86.000000	-0.071862 	1.388437  	-7.550700 
-85.000000	-0.090774 	1.383193  	-7.550700 
-84.000000	-0.110211 	1.376642  	-7.550700 
-83.000000	-0.129648 	1.370091  	-7.550700 
-82.000000	-0.149086 	1.363539  	-7.550700 
-81.000000	-0.168843 	1.355981  	-7.550700 
-80.000000	-0.189402 	1.345902  	-7.550700 
-79.000000	-0.209960 	1.335824  	-7.550700 
-78.000000	-0.230519 	1.325746  	-7.550700 
-77.000000	-0.251077 	1.315668  	-7.550700 
-76.000000	-0.272392 	1.302515  	-7.550700 
-75.000000	-0.293765 	1.289125  	-7.550700 
-74.000000	-0.315137 	1.275735  	-7.550700 
-73.000000	-0.336510 	1.262345  	-7.550700 
-72.000000	-0.358206 	1.247229  	-7.550700 
-71.000000	-0.380144 	1.230819  	-7.550700 
-70.000000	-0.402082 	1.214409  	-7.550700 
-69.000000	-0.424020 	1.197999  	-7.550700 
-68.000000	-0.446042 	1.181019  	-7.550700 
-67.000000	-0.468371 	1.161951  	-7.550700 
-66.000000	-0.490700 	1.142883  	-7.550700 
-65.000000	-0.513029 	1.123815  	-7.550700 
-64.000000	-0.535359 	1.104747  	-7.550700 
-63.000000	-0.557956 	1.083763  	-7.550700 
-62.000000	-0.580598 	1.062461  	-7.550700 
-61.000000	-0.603240 	1.041159  	-7.550700 
-60.000000	-0.625882 	1.019856  	-7.550700 
-59.000000	-0.648702 	0.997675  	-7.550700 
-58.000000	-0.671701 	0.974614  	-7.550700 
-57.000000	-0.694700 	0.951553  	-7.550700 
-56.000000	-0.717699 	0.928493  	-7.550700 
-55.000000	-0.740778 	0.905255  	-7.550700 
-54.000000	-0.764338 	0.880953  	-7.550700 
-53.000000	-0.787899 	0.856652  	-7.550700 
-52.000000	-0.811459 	0.832350  	-7.550700 
-51.000000	-0.835020 	0.808049  	-7.550700 
-50.000000	-0.859351 	0.783202  	-7.550700 
-49.000000	-0.883892 	0.758206  	-7.550700 
-48.000000	-0.908434 	0.733210  	-7.550700 
-47.000000	-0.932976 	0.708214  	-7.550700 
-46.000000	-0.958246 	0.683163  	-7.550700 
-45.000000	-0.984489 	0.658036  	-7.550700 
-44.000000	-1.010732 	0.632910  	-7.550700 
-43.000000	-1.036975 	0.607784  	-7.550700 
-42.000000	-1.063422 	0.582689  	-7.550700 
-41.000000	-1.092529 	0.558000  	-7.550700 
-40.000000	-1.121635 	0.533310  	-7.550700 
-39.000000	-1.150742 	0.508621  	-7.550700 
-38.000000	-1.179849 	0.483932  	-7.550700 
-37.000000	-1.212327 	0.459954  	-7.550700 
-36.000000	-1.246153 	0.436260  	-7.550700 
-35.000000	-1.279980 	0.412566  	-7.550700 
-34.000000	-1.313806 	0.388873  	-7.550700 
-33.000000	-1.350400 	0.365726  	-7.550700 
-32.000000	-1.391972 	0.343565  	-7.550700 
-31.000000	-1.433545 	0.321403  	-7.550700 
-30.000000	-1.475117 	0.299242  	-7.550700 
-29.000000	-1.516690 	0.277080  	-7.550700 
-28.000000	-1.471891 	0.264188  	-7.550700 
-27.000000	-1.427091 	0.251297  	-7.550700 
-26.000000	-1.382292 	0.238405  	-7.550700 
-25.000000	-1.337492 	0.225514  	-7.550700 
-24.000000	-1.292693 	0.212622  	-7.550700 
-23.000000	-1.247893 	0.199731  	-7.550700 
-22.000000	-1.203094 	0.186839  	-7.550700 
-21.000000	-1.158294 	0.173947  	-7.550700 
-20.000000	-1.113495 	0.161056  	-7.550700 
-19.000000	-1.068695 	0.148164  	-7.550700 
-18.000000	-1.023896 	0.135273  	-7.550700 
-17.000000	-0.979096 	0.122381  	-7.550700 
-16.000000	-0.934297 	0.109489  	-7.550700 
-15.000000	-0.889497 	0.096598  	-7.550700 
-14.000000	-0.844698 	0.083706  	-7.550700 
-13.000000	-0.799898 	0.070815  	-7.550700 
-12.000000	-0.755099 	0.057923  	-6.110779 
-11.000000	-0.710299 	0.045032  	-4.094889 
-10.000000	-0.665500 	0.032140  	-2.079000 
-9.000000 	-0.529900 	0.032500  	-1.936300 
-8.000000 	-0.390700 	0.032810  	-1.797300 
-7.000000 	-0.251100 	0.033080  	-1.662200 
-6.000000 	-0.111400 	0.033380  	-1.532000 
-5.000000 	0.027600  	0.033650  	-1.405900 
-4.000000 	0.166800  	0.033940  	-1.284700 
-3.000000 	0.304700  	0.034230  	-1.165400 
-2.000000 	0.442500  	0.034540  	-1.206200 
-1.000000 	0.578800  	0.034850  	-1.321800 
0.000000  	0.715300  	0.035170  	-1.441900 
1.000000  	0.850300  	0.035510  	-1.566400 
2.000000  	0.983900  	0.035890  	-1.694800 
3.000000  	1.116400  	0.036260  	-1.830300 
4.000000  	1.248100  	0.036650  	-1.973700 
5.000000  	1.378200  	0.037100  	-2.126800 
6.000000  	1.505900  	0.037660  	-2.294100 
7.000000  	1.633800  	0.038080  	-2.482300 
8.000000  	1.758700  	0.038670  	-2.691800 
9.000000  	1.880900  	0.039410  	-2.927200 
10.000000 	2.000100  	0.040290  	-3.193300 
11.000000 	2.115300  	0.041390  	-3.489800 
12.000000 	2.222300  	0.043050  	-3.812900 
13.000000 	2.309600  	0.046060  	-4.137400 
14.000000 	2.300000  	0.057185  	-4.351900 
15.000000 	2.290400  	0.068310  	-4.566400 
16.000000 	2.262800  	0.084470  	-4.751400 
17.000000 	2.225900  	0.102920  	-4.909200 
18.000000 	2.198100  	0.120800  	-5.083800 
19.000000 	2.174800  	0.138430  	-5.259900 
20.000000 	2.153200  	0.155910  	-5.434600 
21.000000 	2.144800  	0.171500  	-5.635400 
22.000000 	2.140800  	0.186390  	-5.856400 
23.000000 	2.142000  	0.200380  	-6.093500 
24.000000 	2.144100  	0.214090  	-6.335900 
25.000000 	2.149500  	0.227010  	-6.588300 
26.000000 	2.154600  	0.239810  	-6.831400 
27.000000 	2.158100  	0.252620  	-7.071000 
28.000000 	2.162900  	0.264900  	-7.319700 
29.000000 	2.166700  	0.277080  	-7.550700 
30.000000 	2.107311  	0.299242  	-7.550700 
31.000000 	2.047921  	0.321403  	-7.550700 
32.000000 	1.988532  	0.343565  	-7.550700 
33.000000 	1.929142  	0.365726  	-7.550700 
34.000000 	1.876866  	0.388873  	-7.550700 
35.000000 	1.828543  	0.412566  	-7.550700 
36.000000 	1.780219  	0.436260  	-7.550700 
37.000000 	1.731895  	0.459954  	-7.550700 
38.000000 	1.685498  	0.483932  	-7.550700 
39.000000 	1.643917  	0.508621  	-7.550700 
40.000000 	1.602336  	0.533310  	-7.550700 
41.000000 	1.560755  	0.558000  	-7.550700 
42.000000 	1.519174  	0.582689  	-7.550700 
43.000000 	1.481392  	0.607784  	-7.550700 
44.000000 	1.443903  	0.632910  	-7.550700 
45.000000 	1.406413  	0.658036  	-7.550700 
46.000000 	1.368923  	0.683163  	-7.550700 
47.000000 	1.332822  	0.708214  	-7.550700 
48.000000 	1.297763  	0.733210  	-7.550700 
49.000000 	1.262704  	0.758206  	-7.550700 
50.000000 	1.227644  	0.783202  	-7.550700 
51.000000 	1.192885  	0.808049  	-7.550700 
52.000000 	1.159227  	0.832350  	-7.550700 
53.000000 	1.125570  	0.856652  	-7.550700 
54.000000 	1.091912  	0.880953  	-7.550700 
55.000000 	1.058254  	0.905255  	-7.550700 
56.000000 	1.025284  	0.928493  	-7.550700 
57.000000 	0.992428  	0.951553  	-7.550700 
58.000000 	0.959573  	0.974614  	-7.550700 
59.000000 	0.926717  	0.997675  	-7.550700 
60.000000 	0.894116  	1.019856  	-7.550700 
61.000000 	0.861771  	1.041159  	-7.550700 
62.000000 	0.829425  	1.062461  	-7.550700 
63.000000 	0.797080  	1.083763  	-7.550700 
64.000000 	0.764798  	1.104747  	-7.550700 
65.000000 	0.732899  	1.123815  	-7.550700 
66.000000 	0.701000  	1.142883  	-7.550700 
67.000000 	0.669102  	1.161951  	-7.550700 
68.000000 	0.637203  	1.181019  	-7.550700 
69.000000 	0.605743  	1.197999  	-7.550700 
70.000000 	0.574403  	1.214409  	-7.550700 
71.000000 	0.543063  	1.230819  	-7.550700 
72.000000 	0.511723  	1.247229  	-7.550700 
73.000000 	0.480729  	1.262345  	-7.550700 
74.000000 	0.450196  	1.275735  	-7.550700 
75.000000 	0.419664  	1.289125  	-7.550700 
76.000000 	0.389131  	1.302515  	-7.550700 
77.000000 	0.358682  	1.315668  	-7.550700 
78.000000 	0.329313  	1.325746  	-7.550700 
79.000000 	0.299943  	1.335824  	-7.550700 
80.000000 	0.270574  	1.345902  	-7.550700 
81.000000 	0.241205  	1.355981  	-7.550700 
82.000000 	0.212980  	1.363539  	-7.550700 
83.000000 	0.185212  	1.370091  	-7.550700 
84.000000 	0.157444  	1.376642  	-7.550700 
85.000000 	0.129677  	1.383193  	-7.550700 
86.000000 	0.102660  	1.388437  	-7.550700 
87.000000 	0.076995  	1.391328  	-7.550700 
88.000000 	0.051330  	1.394218  	-7.550700 
89.000000 	0.025665  	1.397109  	-7.550700 
90.000000 	0.000000  	1.400000  	-7.550700 
91.000000 	-0.017966 	1.397109  	-7.550700 
92.000000 	-0.035931 	1.394218  	-7.550700 
93.000000 	-0.053897 	1.391328  	-7.550700 
94.000000 	-0.071862 	1.388437  	-7.550700 
95.000000 	-0.090774 	1.383193  	-7.550700 
96.000000 	-0.110211 	1.376642  	-7.550700 
97.000000 	-0.129648 	1.370091  	-7.550700 
98.000000 	-0.149086 	1.363539  	-7.550700 
99.000000 	-0.168843 	1.355981  	-7.550700 
100.000000	-0.189402 	1.345902  	-7.550700 
101.000000	-0.209960 	1.335824  	-7.550700 
102.000000	-0.230519 	1.325746  	-7.550700 
103.000000	-0.251077 	1.315668  	-7.550700 
104.000000	-0.272392 	1.302515  	-7.550700 
105.000000	-0.293765 	1.289125  	-7.550700 
106.000000	-0.315137 	1.275735  	-7.550700 
107.000000	-0.336510 	1.262345  	-7.550700 
108.000000	-0.358206 	1.247229  	-7.550700 
109.000000	-0.380144 	1.230819  	-7.550700 
110.000000	-0.402082 	1.214409  	-7.550700 
111.000000	-0.424020 	1.197999  	-7.550700 
112.000000	-0.446042 	1.181019  	-7.550700 
113.000000	-0.468371 	1.161951  	-7.550700 
114.000000	-0.490700 	1.142883  	-7.550700 
115.000000	-0.513029 	1.123815  	-7.550700 
116.000000	-0.535359 	1.104747  	-7.550700 
117.000000	-0.557956 	1.083763  	-7.550700 
118.000000	-0.580598 	1.062461  	-7.550700 
119.000000	-0.603240 	1.041159  	-7.550700 
120.000000	-0.625882 	1.019856  	-7.550700 
121.000000	-0.648702 	0.997675  	-7.550700 
122.000000	-0.671701 	0.974614  	-7.550700 
123.000000	-0.694700 	0.951553  	-7.550700 
124.000000	-0.717699 	0.928493  	-7.550700 
125.000000	-0.740778 	0.905255  	-7.550700 
126.000000	-0.764338 	0.880953  	-7.550700 
127.000000	-0.787899 	0.856652  	-7.550700 
128.000000	-0.811459 	0.832350  	-7.550700 
129.000000	-0.835020 	0.808049  	-7.550700 
130.000000	-0.859351 	0.783202  	-7.550700 
131.000000	-0.883892 	0.758206  	-7.550700 
132.000000	-0.908434 	0.733210  	-7.550700 
133.000000	-0.932976 	0.708214  	-7.550700 
134.000000	-0.958246 	0.683163  	-7.550700 
135.000000	-0.984489 	0.658036  	-7.550700 
136.000000	-1.010732 	0.632910  	-7.550700 
137.000000	-1.036975 	0.607784  	-7.550700 
138.000000	-1.063422 	0.582689  	-7.550700 
139.000000	-1.092529 	0.558000  	-7.550700 
140.000000	-1.121635 	0.533310  	-7.550700 
141.000000	-1.150742 	0.508621  	-7.550700 
142.000000	-1.179849 	0.483932  	-7.550700 
143.000000	-1.212327 	0.459954  	-7.550700 
144.000000	-1.246153 	0.436260  	-7.550700 
145.000000	-1.279980 	0.412566  	-7.550700 
146.000000	-1.313806 	0.388873  	-7.550700 
147.000000	-1.350400 	0.365726  	-7.550700 
148.000000	-1.391972 	0.343565  	-7.550700 
149.000000	-1.433545 	0.321403  	-7.550700 
150.000000	-1.475117 	0.299242  	-7.550700 
151.000000	-1.516690 	0.277080  	-7.550700 
152.000000	-1.464390 	0.256358  	-7.550700 
153.000000	-1.412091 	0.235636  	-7.550700 
154.000000	-1.359791 	0.215912  	-7.550700 
155.000000	-1.307491 	0.196265  	-7.550700 
156.000000	-1.255192 	0.177626  	-7.550700 
157.000000	-1.202892 	0.159155  	-7.550700 
158.000000	-1.150592 	0.141682  	-7.550700 
159.000000	-1.098293 	0.124482  	-7.550700 
160.000000	-1.045993 	0.108252  	-7.550700 
161.000000	-0.993693 	0.092411  	-7.550700 
162.000000	-0.941394 	0.077496  	-7.550700 
163.000000	-0.889094 	0.063095  	-7.550700 
164.000000	-0.836794 	0.049560  	-7.550700 
165.000000	-0.784495 	0.036675  	-7.550700 
166.000000	-0.732195 	0.024579  	-7.550700 
167.000000	-0.679896 	0.013274  	-7.550700 
168.000000	-0.627596 	0.005611  	-7.550700 
169.000000	-0.575296 	0.002804  	-7.550700 
170.000000	-0.522997 	0.001000  	-7.550700 
171.000000	-0.470697 	0.001000  	-7.550700 
172.000000	-0.418397 	0.001000  	-7.550700 
173.000000	-0.366098 	0.001000  	-7.550700 
174.000000	-0.313798 	0.001000  	-7.550700 
175.000000	-0.261498 	0.001000  	-7.550700 
176.000000	-0.209199 	0.001000  	-7.550700 
177.000000	-0.156899 	0.001000  	-7.550700 
178.000000	-0.104599 	0.001000  	-7.550700 
179.000000	-0.052300 	0.001000  	-7.550700 
180.000000	0.000000  	0.001000  	-7.550700 
! ------------------------------------------------------------------------------
! data for table	9         
! ------------------------------------------------------------------------------
  1.000000  	Re           ! Reynolds number in millions
  0.000000  	UserProp     ! User property (control) setting
Flase           InclUAdata   ! Is unsteady aerodynamics data included in this table? If TRUE, then include UA coefficients below this line. Any missing coefficients will be calculated internally.
! Table of aerodynamics coefficients
  361       	NumAlf       ! Number of data lines in the following table
!Alpha      Cl          Cd          Cm/Cp
!(deg)      (-)         (-)         (-)
-180.000000	0.000000  	0.001000  	-7.594400 
-179.000000	0.052471  	0.001000  	-7.594400 
-178.000000	0.104942  	0.001000  	-7.594400 
-177.000000	0.157413  	0.001000  	-7.594400 
-176.000000	0.209884  	0.001000  	-7.594400 
-175.000000	0.262355  	0.001000  	-7.594400 
-174.000000	0.314826  	0.001000  	-7.594400 
-173.000000	0.367297  	0.001000  	-7.594400 
-172.000000	0.419768  	0.001000  	-7.594400 
-171.000000	0.472239  	0.001000  	-7.594400 
-170.000000	0.524710  	0.001000  	-7.594400 
-169.000000	0.577181  	0.002236  	-7.594400 
-168.000000	0.629652  	0.004159  	-7.594400 
-167.000000	0.682123  	0.011447  	-7.594400 
-166.000000	0.734594  	0.022760  	-7.594400 
-165.000000	0.787066  	0.034864  	-7.594400 
-164.000000	0.839537  	0.047758  	-7.594400 
-163.000000	0.892008  	0.061302  	-7.594400 
-162.000000	0.944479  	0.075713  	-7.594400 
-161.000000	0.996950  	0.090638  	-7.594400 
-160.000000	1.049421  	0.106490  	-7.594400 
-159.000000	1.101892  	0.122731  	-7.594400 
-158.000000	1.154363  	0.139944  	-7.594400 
-157.000000	1.206834  	0.157429  	-7.594400 
-156.000000	1.259305  	0.175913  	-7.594400 
-155.000000	1.311776  	0.194566  	-7.594400 
-154.000000	1.364247  	0.214227  	-7.594400 
-153.000000	1.416718  	0.233965  	-7.594400 
-152.000000	1.469189  	0.254703  	-7.594400 
-151.000000	1.521660  	0.275440  	-7.594400 
-150.000000	1.479864  	0.297618  	-7.594400 
-149.000000	1.438068  	0.319797  	-7.594400 
-148.000000	1.396272  	0.341975  	-7.594400 
-147.000000	1.354476  	0.364154  	-7.594400 
-146.000000	1.317689  	0.387319  	-7.594400 
-145.000000	1.283684  	0.411031  	-7.594400 
-144.000000	1.249680  	0.434744  	-7.594400 
-143.000000	1.215676  	0.458457  	-7.594400 
-142.000000	1.183029  	0.482455  	-7.594400 
-141.000000	1.153778  	0.507165  	-7.594400 
-140.000000	1.124526  	0.531875  	-7.594400 
-139.000000	1.095274  	0.556585  	-7.594400 
-138.000000	1.066023  	0.581295  	-7.594400 
-137.000000	1.039453  	0.606413  	-7.594400 
-136.000000	1.013090  	0.631562  	-7.594400 
-135.000000	0.986727  	0.656711  	-7.594400 
-134.000000	0.960363  	0.681861  	-7.594400 
-133.000000	0.934983  	0.706936  	-7.594400 
-132.000000	0.910341  	0.731956  	-7.594400 
-131.000000	0.885698  	0.756977  	-7.594400 
-130.000000	0.861055  	0.781997  	-7.594400 
-129.000000	0.836626  	0.806869  	-7.594400 
-128.000000	0.812981  	0.831196  	-7.594400 
-127.000000	0.789335  	0.855524  	-7.594400 
-126.000000	0.765689  	0.879852  	-7.594400 
-125.000000	0.742044  	0.904179  	-7.594400 
-124.000000	0.718891  	0.927445  	-7.594400 
-123.000000	0.695821  	0.950533  	-7.594400 
-122.000000	0.672750  	0.973621  	-7.594400 
-121.000000	0.649679  	0.996709  	-7.594400 
-120.000000	0.626793  	1.018919  	-7.594400 
-119.000000	0.604092  	1.040250  	-7.594400 
-118.000000	0.581390  	1.061581  	-7.594400 
-117.000000	0.558688  	1.082913  	-7.594400 
-116.000000	0.536033  	1.103925  	-7.594400 
-115.000000	0.513655  	1.123023  	-7.594400 
-114.000000	0.491276  	1.142121  	-7.594400 
-113.000000	0.468898  	1.161219  	-7.594400 
-112.000000	0.446520  	1.180317  	-7.594400 
-111.000000	0.424456  	1.197327  	-7.594400 
-110.000000	0.402479  	1.213768  	-7.594400 
-109.000000	0.380502  	1.230209  	-7.594400 
-108.000000	0.358524  	1.246650  	-7.594400 
-107.000000	0.336793  	1.261797  	-7.594400 
-106.000000	0.315391  	1.275218  	-7.594400 
-105.000000	0.293988  	1.288640  	-7.594400 
-104.000000	0.272585  	1.302061  	-7.594400 
-103.000000	0.251241  	1.315246  	-7.594400 
-102.000000	0.230662  	1.325357  	-7.594400 
-101.000000	0.210082  	1.335467  	-7.594400 
-100.000000	0.189502  	1.345577  	-7.594400 
-99.000000	0.168923  	1.355687  	-7.594400 
-98.000000	0.149150  	1.363279  	-7.594400 
-97.000000	0.129700  	1.369862  	-7.594400 
-96.000000	0.110250  	1.376446  	-7.594400 
-95.000000	0.090800  	1.383030  	-7.594400 
-94.000000	0.071879  	1.388306  	-7.594400 
-93.000000	0.053909  	1.391230  	-7.594400 
-92.000000	0.035939  	1.394153  	-7.594400 
-91.000000	0.017970  	1.397077  	-7.594400 
-90.000000	0.000000  	1.400000  	-7.594400 
-89.000000	-0.017970 	1.397077  	-7.594400 
-88.000000	-0.035939 	1.394153  	-7.594400 
-87.000000	-0.053909 	1.391230  	-7.594400 
-86.000000	-0.071879 	1.388306  	-7.594400 
-85.000000	-0.090800 	1.383030  	-7.594400 
-84.000000	-0.110250 	1.376446  	-7.594400 
-83.000000	-0.129700 	1.369862  	-7.594400 
-82.000000	-0.149150 	1.363279  	-7.594400 
-81.000000	-0.168923 	1.355687  	-7.594400 
-80.000000	-0.189502 	1.345577  	-7.594400 
-79.000000	-0.210082 	1.335467  	-7.594400 
-78.000000	-0.230662 	1.325357  	-7.594400 
-77.000000	-0.251241 	1.315246  	-7.594400 
-76.000000	-0.272585 	1.302061  	-7.594400 
-75.000000	-0.293988 	1.288640  	-7.594400 
-74.000000	-0.315391 	1.275218  	-7.594400 
-73.000000	-0.336793 	1.261797  	-7.594400 
-72.000000	-0.358524 	1.246650  	-7.594400 
-71.000000	-0.380502 	1.230209  	-7.594400 
-70.000000	-0.402479 	1.213768  	-7.594400 
-69.000000	-0.424456 	1.197327  	-7.594400 
-68.000000	-0.446520 	1.180317  	-7.594400 
-67.000000	-0.468898 	1.161219  	-7.594400 
-66.000000	-0.491276 	1.142121  	-7.594400 
-65.000000	-0.513655 	1.123023  	-7.594400 
-64.000000	-0.536033 	1.103925  	-7.594400 
-63.000000	-0.558688 	1.082913  	-7.594400 
-62.000000	-0.581390 	1.061581  	-7.594400 
-61.000000	-0.604092 	1.040250  	-7.594400 
-60.000000	-0.626793 	1.018919  	-7.594400 
-59.000000	-0.649679 	0.996709  	-7.594400 
-58.000000	-0.672750 	0.973621  	-7.594400 
-57.000000	-0.695821 	0.950533  	-7.594400 
-56.000000	-0.718891 	0.927445  	-7.594400 
-55.000000	-0.742044 	0.904179  	-7.594400 
-54.000000	-0.765689 	0.879852  	-7.594400 
-53.000000	-0.789335 	0.855524  	-7.594400 
-52.000000	-0.812981 	0.831196  	-7.594400 
-51.000000	-0.836626 	0.806869  	-7.594400 
-50.000000	-0.861055 	0.781997  	-7.594400 
-49.000000	-0.885698 	0.756977  	-7.594400 
-48.000000	-0.910341 	0.731956  	-7.594400 
-47.000000	-0.934983 	0.706936  	-7.594400 
-46.000000	-0.960363 	0.681861  	-7.594400 
-45.000000	-0.986727 	0.656711  	-7.594400 
-44.000000	-1.013090 	0.631562  	-7.594400 
-43.000000	-1.039453 	0.606413  	-7.594400 
-42.000000	-1.066023 	0.581295  	-7.594400 
-41.000000	-1.095274 	0.556585  	-7.594400 
-40.000000	-1.124526 	0.531875  	-7.594400 
-39.000000	-1.153778 	0.507165  	-7.594400 
-38.000000	-1.183029 	0.482455  	-7.594400 
-37.000000	-1.215676 	0.458457  	-7.594400 
-36.000000	-1.249680 	0.434744  	-7.594400 
-35.000000	-1.283684 	0.411031  	-7.594400 
-34.000000	-1.317689 	0.387319  	-7.594400 
-33.000000	-1.354476 	0.364154  	-7.594400 
-32.000000	-1.396272 	0.341975  	-7.594400 
-31.000000	-1.438068 	0.319797  	-7.594400 
-30.000000	-1.479864 	0.297618  	-7.594400 
-29.000000	-1.521660 	0.275440  	-7.594400 
-28.000000	-1.476609 	0.262629  	-7.594400 
-27.000000	-1.431559 	0.249818  	-7.594400 
-26.000000	-1.386508 	0.237007  	-7.594400 
-25.000000	-1.341458 	0.224196  	-7.594400 
-24.000000	-1.296407 	0.211385  	-7.594400 
-23.000000	-1.251357 	0.198574  	-7.594400 
-22.000000	-1.206306 	0.185763  	-7.594400 
-21.000000	-1.161256 	0.172952  	-7.594400 
-20.000000	-1.116205 	0.160141  	-7.594400 
-19.000000	-1.071155 	0.147329  	-7.594400 
-18.000000	-1.026104 	0.134518  	-7.594400 
-17.000000	-0.981054 	0.121707  	-7.594400 
-16.000000	-0.936003 	0.108896  	-7.594400 
-15.000000	-0.890953 	0.096085  	-7.594400 
-14.000000	-0.845902 	0.083274  	-7.594400 
-13.000000	-0.800852 	0.070463  	-7.594400 
-12.000000	-0.755801 	0.057652  	-6.143532 
-11.000000	-0.710751 	0.044841  	-4.112316 
-10.000000	-0.665700 	0.032030  	-2.081100 
-9.000000 	-0.528500 	0.032440  	-1.937300 
-8.000000 	-0.388600 	0.032710  	-1.798400 
-7.000000 	-0.249050 	0.032995  	-1.665850 
-6.000000 	-0.109500 	0.033280  	-1.533300 
-5.000000 	0.030100  	0.033560  	-1.405900 
-4.000000 	0.168200  	0.033860  	-1.285000 
-3.000000 	0.307000  	0.034170  	-1.166800 
-2.000000 	0.444200  	0.034440  	-1.207200 
-1.000000 	0.581600  	0.034750  	-1.324100 
0.000000  	0.717300  	0.035080  	-1.444000 
1.000000  	0.851900  	0.035400  	-1.567300 
2.000000  	0.986100  	0.035740  	-1.697100 
3.000000  	1.119000  	0.036100  	-1.832500 
4.000000  	1.250400  	0.036510  	-1.975500 
5.000000  	1.380800  	0.036900  	-2.129800 
6.000000  	1.510100  	0.037290  	-2.298300 
7.000000  	1.636900  	0.037820  	-2.485500 
8.000000  	1.761400  	0.038480  	-2.695100 
9.000000  	1.885900  	0.039010  	-2.933100 
10.000000 	2.006100  	0.039800  	-3.200400 
11.000000 	2.121000  	0.040940  	-3.498600 
12.000000 	2.228900  	0.042510  	-3.822000 
13.000000 	2.317900  	0.045400  	-4.150600 
14.000000 	2.321600  	0.054150  	-4.379700 
15.000000 	2.305400  	0.066800  	-4.595600 
16.000000 	2.276900  	0.082930  	-4.780600 
17.000000 	2.242500  	0.100980  	-4.949500 
18.000000 	2.214100  	0.118840  	-5.122200 
19.000000 	2.191900  	0.136220  	-5.304300 
20.000000 	2.170800  	0.153580  	-5.481100 
21.000000 	2.158700  	0.169620  	-5.682700 
22.000000 	2.154900  	0.184350  	-5.905600 
23.000000 	2.154300  	0.198540  	-6.139200 
24.000000 	2.158300  	0.211790  	-6.385100 
25.000000 	2.163300  	0.224680  	-6.638100 
26.000000 	2.166300  	0.237720  	-6.877000 
27.000000 	2.171400  	0.250090  	-7.129900 
28.000000 	2.175200  	0.262450  	-7.374000 
29.000000 	2.173800  	0.275440  	-7.594400 
30.000000 	2.114091  	0.297618  	-7.594400 
31.000000 	2.054383  	0.319797  	-7.594400 
32.000000 	1.994674  	0.341975  	-7.594400 
33.000000 	1.934965  	0.364154  	-7.594400 
34.000000 	1.882413  	0.387319  	-7.594400 
35.000000 	1.833835  	0.411031  	-7.594400 
36.000000 	1.785257  	0.434744  	-7.594400 
37.000000 	1.736680  	0.458457  	-7.594400 
38.000000 	1.690042  	0.482455  	-7.594400 
39.000000 	1.648254  	0.507165  	-7.594400 
40.000000 	1.606466  	0.531875  	-7.594400 
41.000000 	1.564678  	0.556585  	-7.594400 
42.000000 	1.522890  	0.581295  	-7.594400 
43.000000 	1.484933  	0.606413  	-7.594400 
44.000000 	1.447271  	0.631562  	-7.594400 
45.000000 	1.409609  	0.656711  	-7.594400 
46.000000 	1.371948  	0.681861  	-7.594400 
47.000000 	1.335690  	0.706936  	-7.594400 
48.000000 	1.300487  	0.731956  	-7.594400 
49.000000 	1.265283  	0.756977  	-7.594400 
50.000000 	1.230079  	0.781997  	-7.594400 
51.000000 	1.195180  	0.806869  	-7.594400 
52.000000 	1.161401  	0.831196  	-7.594400 
53.000000 	1.127621  	0.855524  	-7.594400 
54.000000 	1.093842  	0.879852  	-7.594400 
55.000000 	1.060063  	0.904179  	-7.594400 
56.000000 	1.026987  	0.927445  	-7.594400 
57.000000 	0.994029  	0.950533  	-7.594400 
58.000000 	0.961071  	0.973621  	-7.594400 
59.000000 	0.928114  	0.996709  	-7.594400 
60.000000 	0.895419  	1.018919  	-7.594400 
61.000000 	0.862988  	1.040250  	-7.594400 
62.000000 	0.830557  	1.061581  	-7.594400 
63.000000 	0.798126  	1.082913  	-7.594400 
64.000000 	0.765761  	1.103925  	-7.594400 
65.000000 	0.733792  	1.123023  	-7.594400 
66.000000 	0.701823  	1.142121  	-7.594400 
67.000000 	0.669854  	1.161219  	-7.594400 
68.000000 	0.637885  	1.180317  	-7.594400 
69.000000 	0.606366  	1.197327  	-7.594400 
70.000000 	0.574970  	1.213768  	-7.594400 
71.000000 	0.543574  	1.230209  	-7.594400 
72.000000 	0.512178  	1.246650  	-7.594400 
73.000000 	0.481133  	1.261797  	-7.594400 
74.000000 	0.450558  	1.275218  	-7.594400 
75.000000 	0.419983  	1.288640  	-7.594400 
76.000000 	0.389407  	1.302061  	-7.594400 
77.000000 	0.358916  	1.315246  	-7.594400 
78.000000 	0.329516  	1.325357  	-7.594400 
79.000000 	0.300117  	1.335467  	-7.594400 
80.000000 	0.270718  	1.345577  	-7.594400 
81.000000 	0.241318  	1.355687  	-7.594400 
82.000000 	0.213071  	1.363279  	-7.594400 
83.000000 	0.185286  	1.369862  	-7.594400 
84.000000 	0.157500  	1.376446  	-7.594400 
85.000000 	0.129714  	1.383030  	-7.594400 
86.000000 	0.102684  	1.388306  	-7.594400 
87.000000 	0.077013  	1.391230  	-7.594400 
88.000000 	0.051342  	1.394153  	-7.594400 
89.000000 	0.025671  	1.397077  	-7.594400 
90.000000 	0.000000  	1.400000  	-7.594400 
91.000000 	-0.017970 	1.397077  	-7.594400 
92.000000 	-0.035939 	1.394153  	-7.594400 
93.000000 	-0.053909 	1.391230  	-7.594400 
94.000000 	-0.071879 	1.388306  	-7.594400 
95.000000 	-0.090800 	1.383030  	-7.594400 
96.000000 	-0.110250 	1.376446  	-7.594400 
97.000000 	-0.129700 	1.369862  	-7.594400 
98.000000 	-0.149150 	1.363279  	-7.594400 
99.000000 	-0.168923 	1.355687  	-7.594400 
100.000000	-0.189502 	1.345577  	-7.594400 
101.000000	-0.210082 	1.335467  	-7.594400 
102.000000	-0.230662 	1.325357  	-7.594400 
103.000000	-0.251241 	1.315246  	-7.594400 
104.000000	-0.272585 	1.302061  	-7.594400 
105.000000	-0.293988 	1.288640  	-7.594400 
106.000000	-0.315391 	1.275218  	-7.594400 
107.000000	-0.336793 	1.261797  	-7.594400 
108.000000	-0.358524 	1.246650  	-7.594400 
109.000000	-0.380502 	1.230209  	-7.594400 
110.000000	-0.402479 	1.213768  	-7.594400 
111.000000	-0.424456 	1.197327  	-7.594400 
112.000000	-0.446520 	1.180317  	-7.594400 
113.000000	-0.468898 	1.161219  	-7.594400 
114.000000	-0.491276 	1.142121  	-7.594400 
115.000000	-0.513655 	1.123023  	-7.594400 
116.000000	-0.536033 	1.103925  	-7.594400 
117.000000	-0.558688 	1.082913  	-7.594400 
118.000000	-0.581390 	1.061581  	-7.594400 
119.000000	-0.604092 	1.040250  	-7.594400 
120.000000	-0.626793 	1.018919  	-7.594400 
121.000000	-0.649679 	0.996709  	-7.594400 
122.000000	-0.672750 	0.973621  	-7.594400 
123.000000	-0.695821 	0.950533  	-7.594400 
124.000000	-0.718891 	0.927445  	-7.594400 
125.000000	-0.742044 	0.904179  	-7.594400 
126.000000	-0.765689 	0.879852  	-7.594400 
127.000000	-0.789335 	0.855524  	-7.594400 
128.000000	-0.812981 	0.831196  	-7.594400 
129.000000	-0.836626 	0.806869  	-7.594400 
130.000000	-0.861055 	0.781997  	-7.594400 
131.000000	-0.885698 	0.756977  	-7.594400 
132.000000	-0.910341 	0.731956  	-7.594400 
133.000000	-0.934983 	0.706936  	-7.594400 
134.000000	-0.960363 	0.681861  	-7.594400 
135.000000	-0.986727 	0.656711  	-7.594400 
136.000000	-1.013090 	0.631562  	-7.594400 
137.000000	-1.039453 	0.606413  	-7.594400 
138.000000	-1.066023 	0.581295  	-7.594400 
139.000000	-1.095274 	0.556585  	-7.594400 
140.000000	-1.124526 	0.531875  	-7.594400 
141.000000	-1.153778 	0.507165  	-7.594400 
142.000000	-1.183029 	0.482455  	-7.594400 
143.000000	-1.215676 	0.458457  	-7.594400 
144.000000	-1.249680 	0.434744  	-7.594400 
145.000000	-1.283684 	0.411031  	-7.594400 
146.000000	-1.317689 	0.387319  	-7.594400 
147.000000	-1.354476 	0.364154  	-7.594400 
148.000000	-1.396272 	0.341975  	-7.594400 
149.000000	-1.438068 	0.319797  	-7.594400 
150.000000	-1.479864 	0.297618  	-7.594400 
151.000000	-1.521660 	0.275440  	-7.594400 
152.000000	-1.469189 	0.254703  	-7.594400 
153.000000	-1.416718 	0.233965  	-7.594400 
154.000000	-1.364247 	0.214227  	-7.594400 
155.000000	-1.311776 	0.194566  	-7.594400 
156.000000	-1.259305 	0.175913  	-7.594400 
157.000000	-1.206834 	0.157429  	-7.594400 
158.000000	-1.154363 	0.139944  	-7.594400 
159.000000	-1.101892 	0.122731  	-7.594400 
160.000000	-1.049421 	0.106490  	-7.594400 
161.000000	-0.996950 	0.090638  	-7.594400 
162.000000	-0.944479 	0.075713  	-7.594400 
163.000000	-0.892008 	0.061302  	-7.594400 
164.000000	-0.839537 	0.047758  	-7.594400 
165.000000	-0.787066 	0.034864  	-7.594400 
166.000000	-0.734594 	0.022760  	-7.594400 
167.000000	-0.682123 	0.011447  	-7.594400 
168.000000	-0.629652 	0.004159  	-7.594400 
169.000000	-0.577181 	0.002236  	-7.594400 
170.000000	-0.524710 	0.001000  	-7.594400 
171.000000	-0.472239 	0.001000  	-7.594400 
172.000000	-0.419768 	0.001000  	-7.594400 
173.000000	-0.367297 	0.001000  	-7.594400 
174.000000	-0.314826 	0.001000  	-7.594400 
175.000000	-0.262355 	0.001000  	-7.594400 
176.000000	-0.209884 	0.001000  	-7.594400 
177.000000	-0.157413 	0.001000  	-7.594400 
178.000000	-0.104942 	0.001000  	-7.594400 
179.000000	-0.052471 	0.001000  	-7.594400 
180.000000	0.000000  	0.001000  	-7.594400 
! ------------------------------------------------------------------------------
! data for table	10        
! ------------------------------------------------------------------------------
  1.100000  	Re           ! Reynolds number in millions
  0.000000  	UserProp     ! User property (control) setting
Flase           InclUAdata   ! Is unsteady aerodynamics data included in this table? If TRUE, then include UA coefficients below this line. Any missing coefficients will be calculated internally.
! Table of aerodynamics coefficients
  361       	NumAlf       ! Number of data lines in the following table
!Alpha      Cl          Cd          Cm/Cp
!(deg)      (-)         (-)         (-)
-180.000000	0.000000  	0.001000  	-7.652700 
-179.000000	0.052737  	0.001000  	-7.652700 
-178.000000	0.105473  	0.001000  	-7.652700 
-177.000000	0.158210  	0.001000  	-7.652700 
-176.000000	0.210946  	0.001000  	-7.652700 
-175.000000	0.263683  	0.001000  	-7.652700 
-174.000000	0.316419  	0.001000  	-7.652700 
-173.000000	0.369156  	0.001000  	-7.652700 
-172.000000	0.421892  	0.001000  	-7.652700 
-171.000000	0.474629  	0.001000  	-7.652700 
-170.000000	0.527366  	0.001000  	-7.652700 
-169.000000	0.580102  	0.001598  	-7.652700 
-168.000000	0.632839  	0.002529  	-7.652700 
-167.000000	0.685575  	0.009398  	-7.652700 
-166.000000	0.738312  	0.020719  	-7.652700 
-165.000000	0.791048  	0.032832  	-7.652700 
-164.000000	0.843785  	0.045736  	-7.652700 
-163.000000	0.896521  	0.059291  	-7.652700 
-162.000000	0.949258  	0.073712  	-7.652700 
-161.000000	1.001994  	0.088649  	-7.652700 
-160.000000	1.054731  	0.104514  	-7.652700 
-159.000000	1.107468  	0.120767  	-7.652700 
-158.000000	1.160204  	0.137993  	-7.652700 
-157.000000	1.212941  	0.155492  	-7.652700 
-156.000000	1.265677  	0.173991  	-7.652700 
-155.000000	1.318414  	0.192659  	-7.652700 
-154.000000	1.371150  	0.212336  	-7.652700 
-153.000000	1.423887  	0.232091  	-7.652700 
-152.000000	1.476623  	0.252845  	-7.652700 
-151.000000	1.529360  	0.273600  	-7.652700 
-150.000000	1.487218  	0.295797  	-7.652700 
-149.000000	1.445076  	0.317995  	-7.652700 
-148.000000	1.402933  	0.340192  	-7.652700 
-147.000000	1.360791  	0.362390  	-7.652700 
-146.000000	1.323704  	0.385575  	-7.652700 
-145.000000	1.289424  	0.409309  	-7.652700 
-144.000000	1.255144  	0.433043  	-7.652700 
-143.000000	1.220865  	0.456777  	-7.652700 
-142.000000	1.187957  	0.480797  	-7.652700 
-141.000000	1.158481  	0.505531  	-7.652700 
-140.000000	1.129005  	0.530265  	-7.652700 
-139.000000	1.099528  	0.554998  	-7.652700 
-138.000000	1.070052  	0.579732  	-7.652700 
-137.000000	1.043293  	0.604875  	-7.652700 
-136.000000	1.016743  	0.630050  	-7.652700 
-135.000000	0.990193  	0.655225  	-7.652700 
-134.000000	0.963643  	0.680400  	-7.652700 
-133.000000	0.938094  	0.705502  	-7.652700 
-132.000000	0.913294  	0.730550  	-7.652700 
-131.000000	0.888495  	0.755597  	-7.652700 
-130.000000	0.863696  	0.780645  	-7.652700 
-129.000000	0.839116  	0.805545  	-7.652700 
-128.000000	0.815338  	0.829902  	-7.652700 
-127.000000	0.791560  	0.854259  	-7.652700 
-126.000000	0.767783  	0.878616  	-7.652700 
-125.000000	0.744005  	0.902973  	-7.652700 
-124.000000	0.720739  	0.926269  	-7.652700 
-123.000000	0.697557  	0.949388  	-7.652700 
-122.000000	0.674375  	0.972507  	-7.652700 
-121.000000	0.651194  	0.995626  	-7.652700 
-120.000000	0.628206  	1.017867  	-7.652700 
-119.000000	0.605412  	1.039231  	-7.652700 
-118.000000	0.582617  	1.060594  	-7.652700 
-117.000000	0.559823  	1.081958  	-7.652700 
-116.000000	0.537077  	1.103003  	-7.652700 
-115.000000	0.514623  	1.122134  	-7.652700 
-114.000000	0.492169  	1.141266  	-7.652700 
-113.000000	0.469714  	1.160397  	-7.652700 
-112.000000	0.447260  	1.179529  	-7.652700 
-111.000000	0.425132  	1.196574  	-7.652700 
-110.000000	0.403094  	1.213049  	-7.652700 
-109.000000	0.381056  	1.229524  	-7.652700 
-108.000000	0.359018  	1.246000  	-7.652700 
-107.000000	0.337232  	1.261182  	-7.652700 
-106.000000	0.315783  	1.274639  	-7.652700 
-105.000000	0.294334  	1.288096  	-7.652700 
-104.000000	0.272885  	1.301553  	-7.652700 
-103.000000	0.251495  	1.314773  	-7.652700 
-102.000000	0.230883  	1.324919  	-7.652700 
-101.000000	0.210270  	1.335066  	-7.652700 
-100.000000	0.189658  	1.345212  	-7.652700 
-99.000000	0.169045  	1.355358  	-7.652700 
-98.000000	0.149249  	1.362986  	-7.652700 
-97.000000	0.129780  	1.369606  	-7.652700 
-96.000000	0.110310  	1.376226  	-7.652700 
-95.000000	0.090841  	1.382846  	-7.652700 
-94.000000	0.071905  	1.388159  	-7.652700 
-93.000000	0.053929  	1.391119  	-7.652700 
-92.000000	0.035952  	1.394080  	-7.652700 
-91.000000	0.017976  	1.397040  	-7.652700 
-90.000000	0.000000  	1.400000  	-7.652700 
-89.000000	-0.017976 	1.397040  	-7.652700 
-88.000000	-0.035952 	1.394080  	-7.652700 
-87.000000	-0.053929 	1.391119  	-7.652700 
-86.000000	-0.071905 	1.388159  	-7.652700 
-85.000000	-0.090841 	1.382846  	-7.652700 
-84.000000	-0.110310 	1.376226  	-7.652700 
-83.000000	-0.129780 	1.369606  	-7.652700 
-82.000000	-0.149249 	1.362986  	-7.652700 
-81.000000	-0.169045 	1.355358  	-7.652700 
-80.000000	-0.189658 	1.345212  	-7.652700 
-79.000000	-0.210270 	1.335066  	-7.652700 
-78.000000	-0.230883 	1.324919  	-7.652700 
-77.000000	-0.251495 	1.314773  	-7.652700 
-76.000000	-0.272885 	1.301553  	-7.652700 
-75.000000	-0.294334 	1.288096  	-7.652700 
-74.000000	-0.315783 	1.274639  	-7.652700 
-73.000000	-0.337232 	1.261182  	-7.652700 
-72.000000	-0.359018 	1.246000  	-7.652700 
-71.000000	-0.381056 	1.229524  	-7.652700 
-70.000000	-0.403094 	1.213049  	-7.652700 
-69.000000	-0.425132 	1.196574  	-7.652700 
-68.000000	-0.447260 	1.179529  	-7.652700 
-67.000000	-0.469714 	1.160397  	-7.652700 
-66.000000	-0.492169 	1.141266  	-7.652700 
-65.000000	-0.514623 	1.122134  	-7.652700 
-64.000000	-0.537077 	1.103003  	-7.652700 
-63.000000	-0.559823 	1.081958  	-7.652700 
-62.000000	-0.582617 	1.060594  	-7.652700 
-61.000000	-0.605412 	1.039231  	-7.652700 
-60.000000	-0.628206 	1.017867  	-7.652700 
-59.000000	-0.651194 	0.995626  	-7.652700 
-58.000000	-0.674375 	0.972507  	-7.652700 
-57.000000	-0.697557 	0.949388  	-7.652700 
-56.000000	-0.720739 	0.926269  	-7.652700 
-55.000000	-0.744005 	0.902973  	-7.652700 
-54.000000	-0.767783 	0.878616  	-7.652700 
-53.000000	-0.791560 	0.854259  	-7.652700 
-52.000000	-0.815338 	0.829902  	-7.652700 
-51.000000	-0.839116 	0.805545  	-7.652700 
-50.000000	-0.863696 	0.780645  	-7.652700 
-49.000000	-0.888495 	0.755597  	-7.652700 
-48.000000	-0.913294 	0.730550  	-7.652700 
-47.000000	-0.938094 	0.705502  	-7.652700 
-46.000000	-0.963643 	0.680400  	-7.652700 
-45.000000	-0.990193 	0.655225  	-7.652700 
-44.000000	-1.016743 	0.630050  	-7.652700 
-43.000000	-1.043293 	0.604875  	-7.652700 
-42.000000	-1.070052 	0.579732  	-7.652700 
-41.000000	-1.099528 	0.554998  	-7.652700 
-40.000000	-1.129005 	0.530265  	-7.652700 
-39.000000	-1.158481 	0.505531  	-7.652700 
-38.000000	-1.187957 	0.480797  	-7.652700 
-37.000000	-1.220865 	0.456777  	-7.652700 
-36.000000	-1.255144 	0.433043  	-7.652700 
-35.000000	-1.289424 	0.409309  	-7.652700 
-34.000000	-1.323704 	0.385575  	-7.652700 
-33.000000	-1.360791 	0.362390  	-7.652700 
-32.000000	-1.402933 	0.340192  	-7.652700 
-31.000000	-1.445076 	0.317995  	-7.652700 
-30.000000	-1.487218 	0.295797  	-7.652700 
-29.000000	-1.529360 	0.273600  	-7.652700 
-28.000000	-1.483857 	0.260883  	-7.652700 
-27.000000	-1.438354 	0.248166  	-7.652700 
-26.000000	-1.392851 	0.235449  	-7.652700 
-25.000000	-1.347347 	0.222733  	-7.652700 
-24.000000	-1.301844 	0.210016  	-7.652700 
-23.000000	-1.256341 	0.197299  	-7.652700 
-22.000000	-1.210838 	0.184582  	-7.652700 
-21.000000	-1.165335 	0.171865  	-7.652700 
-20.000000	-1.119832 	0.159148  	-7.652700 
-19.000000	-1.074328 	0.146432  	-7.652700 
-18.000000	-1.028825 	0.133715  	-7.652700 
-17.000000	-0.983322 	0.120998  	-7.652700 
-16.000000	-0.937819 	0.108281  	-7.652700 
-15.000000	-0.892316 	0.095564  	-7.652700 
-14.000000	-0.846813 	0.082847  	-7.652700 
-13.000000	-0.801309 	0.070131  	-7.652700 
-12.000000	-0.755806 	0.057414  	-6.186858 
-11.000000	-0.710303 	0.044697  	-4.134679 
-10.000000	-0.664800 	0.031980  	-2.082500 
-9.000000 	-0.526900 	0.032360  	-1.938100 
-8.000000 	-0.386800 	0.032650  	-1.799100 
-7.000000 	-0.246800 	0.032940  	-1.662300 
-6.000000 	-0.107800 	0.033220  	-1.533300 
-5.000000 	0.032000  	0.033530  	-1.406200 
-4.000000 	0.170500  	0.033810  	-1.285100 
-3.000000 	0.309000  	0.034110  	-1.166900 
-2.000000 	0.446400  	0.034390  	-1.208800 
-1.000000 	0.583400  	0.034700  	-1.325600 
0.000000  	0.718900  	0.035000  	-1.445400 
1.000000  	0.854200  	0.035310  	-1.569300 
2.000000  	0.988300  	0.035640  	-1.699200 
3.000000  	1.121300  	0.035970  	-1.834700 
4.000000  	1.253100  	0.036320  	-1.978100 
5.000000  	1.383000  	0.036740  	-2.131900 
6.000000  	1.512400  	0.037100  	-2.300800 
7.000000  	1.640400  	0.037530  	-2.489200 
8.000000  	1.765800  	0.038100  	-2.700000 
9.000000  	1.888800  	0.038760  	-2.936600 
10.000000 	2.009700  	0.039500  	-3.205200 
11.000000 	2.126300  	0.040490  	-3.506100 
12.000000 	2.233800  	0.042100  	-3.829700 
13.000000 	2.325300  	0.044820  	-4.162500 
14.000000 	2.341000  	0.052580  	-4.414800 
15.000000 	2.315200  	0.065830  	-4.614700 
16.000000 	2.287700  	0.081710  	-4.803800 
17.000000 	2.258300  	0.099120  	-4.985100 
18.000000 	2.230400  	0.116810  	-5.162000 
19.000000 	2.201000  	0.135120  	-5.328300 
20.000000 	2.183900  	0.151890  	-5.518000 
21.000000 	2.173300  	0.167640  	-5.727500 
22.000000 	2.167200  	0.182680  	-5.945500 
23.000000 	2.165700  	0.196930  	-6.179100 
24.000000 	2.167000  	0.210610  	-6.417900 
25.000000 	2.172000  	0.223450  	-6.673200 
26.000000 	2.175200  	0.236410  	-6.915300 
27.000000 	2.180100  	0.248790  	-7.170100 
28.000000 	2.184600  	0.260940  	-7.420800 
29.000000 	2.184800  	0.273600  	-7.652700 
30.000000 	2.124597  	0.295797  	-7.652700 
31.000000 	2.064394  	0.317995  	-7.652700 
32.000000 	2.004191  	0.340192  	-7.652700 
33.000000 	1.943988  	0.362390  	-7.652700 
34.000000 	1.891005  	0.385575  	-7.652700 
35.000000 	1.842034  	0.409309  	-7.652700 
36.000000 	1.793063  	0.433043  	-7.652700 
37.000000 	1.744092  	0.456777  	-7.652700 
38.000000 	1.697082  	0.480797  	-7.652700 
39.000000 	1.654973  	0.505531  	-7.652700 
40.000000 	1.612864  	0.530265  	-7.652700 
41.000000 	1.570755  	0.554998  	-7.652700 
42.000000 	1.528646  	0.579732  	-7.652700 
43.000000 	1.490418  	0.604875  	-7.652700 
44.000000 	1.452490  	0.630050  	-7.652700 
45.000000 	1.414562  	0.655225  	-7.652700 
46.000000 	1.376633  	0.680400  	-7.652700 
47.000000 	1.340134  	0.705502  	-7.652700 
48.000000 	1.304706  	0.730550  	-7.652700 
49.000000 	1.269279  	0.755597  	-7.652700 
50.000000 	1.233851  	0.780645  	-7.652700 
51.000000 	1.198737  	0.805545  	-7.652700 
52.000000 	1.164769  	0.829902  	-7.652700 
53.000000 	1.130801  	0.854259  	-7.652700 
54.000000 	1.096833  	0.878616  	-7.652700 
55.000000 	1.062865  	0.902973  	-7.652700 
56.000000 	1.029626  	0.926269  	-7.652700 
57.000000 	0.996510  	0.949388  	-7.652700 
58.000000 	0.963394  	0.972507  	-7.652700 
59.000000 	0.930277  	0.995626  	-7.652700 
60.000000 	0.897437  	1.017867  	-7.652700 
61.000000 	0.864874  	1.039231  	-7.652700 
62.000000 	0.832311  	1.060594  	-7.652700 
63.000000 	0.799747  	1.081958  	-7.652700 
64.000000 	0.767253  	1.103003  	-7.652700 
65.000000 	0.735176  	1.122134  	-7.652700 
66.000000 	0.703098  	1.141266  	-7.652700 
67.000000 	0.671020  	1.160397  	-7.652700 
68.000000 	0.638943  	1.179529  	-7.652700 
69.000000 	0.607332  	1.196574  	-7.652700 
70.000000 	0.575849  	1.213049  	-7.652700 
71.000000 	0.544366  	1.229524  	-7.652700 
72.000000 	0.512883  	1.246000  	-7.652700 
73.000000 	0.481760  	1.261182  	-7.652700 
74.000000 	0.451119  	1.274639  	-7.652700 
75.000000 	0.420477  	1.288096  	-7.652700 
76.000000 	0.389835  	1.301553  	-7.652700 
77.000000 	0.359279  	1.314773  	-7.652700 
78.000000 	0.329832  	1.324919  	-7.652700 
79.000000 	0.300386  	1.335066  	-7.652700 
80.000000 	0.270940  	1.345212  	-7.652700 
81.000000 	0.241493  	1.355358  	-7.652700 
82.000000 	0.213213  	1.362986  	-7.652700 
83.000000 	0.185400  	1.369606  	-7.652700 
84.000000 	0.157586  	1.376226  	-7.652700 
85.000000 	0.129773  	1.382846  	-7.652700 
86.000000 	0.102721  	1.388159  	-7.652700 
87.000000 	0.077041  	1.391119  	-7.652700 
88.000000 	0.051361  	1.394080  	-7.652700 
89.000000 	0.025680  	1.397040  	-7.652700 
90.000000 	0.000000  	1.400000  	-7.652700 
91.000000 	-0.017976 	1.397040  	-7.652700 
92.000000 	-0.035952 	1.394080  	-7.652700 
93.000000 	-0.053929 	1.391119  	-7.652700 
94.000000 	-0.071905 	1.388159  	-7.652700 
95.000000 	-0.090841 	1.382846  	-7.652700 
96.000000 	-0.110310 	1.376226  	-7.652700 
97.000000 	-0.129780 	1.369606  	-7.652700 
98.000000 	-0.149249 	1.362986  	-7.652700 
99.000000 	-0.169045 	1.355358  	-7.652700 
100.000000	-0.189658 	1.345212  	-7.652700 
101.000000	-0.210270 	1.335066  	-7.652700 
102.000000	-0.230883 	1.324919  	-7.652700 
103.000000	-0.251495 	1.314773  	-7.652700 
104.000000	-0.272885 	1.301553  	-7.652700 
105.000000	-0.294334 	1.288096  	-7.652700 
106.000000	-0.315783 	1.274639  	-7.652700 
107.000000	-0.337232 	1.261182  	-7.652700 
108.000000	-0.359018 	1.246000  	-7.652700 
109.000000	-0.381056 	1.229524  	-7.652700 
110.000000	-0.403094 	1.213049  	-7.652700 
111.000000	-0.425132 	1.196574  	-7.652700 
112.000000	-0.447260 	1.179529  	-7.652700 
113.000000	-0.469714 	1.160397  	-7.652700 
114.000000	-0.492169 	1.141266  	-7.652700 
115.000000	-0.514623 	1.122134  	-7.652700 
116.000000	-0.537077 	1.103003  	-7.652700 
117.000000	-0.559823 	1.081958  	-7.652700 
118.000000	-0.582617 	1.060594  	-7.652700 
119.000000	-0.605412 	1.039231  	-7.652700 
120.000000	-0.628206 	1.017867  	-7.652700 
121.000000	-0.651194 	0.995626  	-7.652700 
122.000000	-0.674375 	0.972507  	-7.652700 
123.000000	-0.697557 	0.949388  	-7.652700 
124.000000	-0.720739 	0.926269  	-7.652700 
125.000000	-0.744005 	0.902973  	-7.652700 
126.000000	-0.767783 	0.878616  	-7.652700 
127.000000	-0.791560 	0.854259  	-7.652700 
128.000000	-0.815338 	0.829902  	-7.652700 
129.000000	-0.839116 	0.805545  	-7.652700 
130.000000	-0.863696 	0.780645  	-7.652700 
131.000000	-0.888495 	0.755597  	-7.652700 
132.000000	-0.913294 	0.730550  	-7.652700 
133.000000	-0.938094 	0.705502  	-7.652700 
134.000000	-0.963643 	0.680400  	-7.652700 
135.000000	-0.990193 	0.655225  	-7.652700 
136.000000	-1.016743 	0.630050  	-7.652700 
137.000000	-1.043293 	0.604875  	-7.652700 
138.000000	-1.070052 	0.579732  	-7.652700 
139.000000	-1.099528 	0.554998  	-7.652700 
140.000000	-1.129005 	0.530265  	-7.652700 
141.000000	-1.158481 	0.505531  	-7.652700 
142.000000	-1.187957 	0.480797  	-7.652700 
143.000000	-1.220865 	0.456777  	-7.652700 
144.000000	-1.255144 	0.433043  	-7.652700 
145.000000	-1.289424 	0.409309  	-7.652700 
146.000000	-1.323704 	0.385575  	-7.652700 
147.000000	-1.360791 	0.362390  	-7.652700 
148.000000	-1.402933 	0.340192  	-7.652700 
149.000000	-1.445076 	0.317995  	-7.652700 
150.000000	-1.487218 	0.295797  	-7.652700 
151.000000	-1.529360 	0.273600  	-7.652700 
152.000000	-1.476623 	0.252845  	-7.652700 
153.000000	-1.423887 	0.232091  	-7.652700 
154.000000	-1.371150 	0.212336  	-7.652700 
155.000000	-1.318414 	0.192659  	-7.652700 
156.000000	-1.265677 	0.173991  	-7.652700 
157.000000	-1.212941 	0.155492  	-7.652700 
158.000000	-1.160204 	0.137993  	-7.652700 
159.000000	-1.107468 	0.120767  	-7.652700 
160.000000	-1.054731 	0.104514  	-7.652700 
161.000000	-1.001994 	0.088649  	-7.652700 
162.000000	-0.949258 	0.073712  	-7.652700 
163.000000	-0.896521 	0.059291  	-7.652700 
164.000000	-0.843785 	0.045736  	-7.652700 
165.000000	-0.791048 	0.032832  	-7.652700 
166.000000	-0.738312 	0.020719  	-7.652700 
167.000000	-0.685575 	0.009398  	-7.652700 
168.000000	-0.632839 	0.002529  	-7.652700 
169.000000	-0.580102 	0.001598  	-7.652700 
170.000000	-0.527366 	0.001000  	-7.652700 
171.000000	-0.474629 	0.001000  	-7.652700 
172.000000	-0.421892 	0.001000  	-7.652700 
173.000000	-0.369156 	0.001000  	-7.652700 
174.000000	-0.316419 	0.001000  	-7.652700 
175.000000	-0.263683 	0.001000  	-7.652700 
176.000000	-0.210946 	0.001000  	-7.652700 
177.000000	-0.158210 	0.001000  	-7.652700 
178.000000	-0.105473 	0.001000  	-7.652700 
179.000000	-0.052737 	0.001000  	-7.652700 
180.000000	0.000000  	0.001000  	-7.652700 
! ------------------------------------------------------------------------------
! data for table	11        
! ------------------------------------------------------------------------------
  1.200000  	Re           ! Reynolds number in millions
  0.000000  	UserProp     ! User property (control) setting
Flase           InclUAdata   ! Is unsteady aerodynamics data included in this table? If TRUE, then include UA coefficients below this line. Any missing coefficients will be calculated internally.
! Table of aerodynamics coefficients
  361       	NumAlf       ! Number of data lines in the following table
!Alpha      Cl          Cd          Cm/Cp
!(deg)      (-)         (-)         (-)
-180.000000	0.000000  	0.001000  	-7.706200 
-179.000000	0.052985  	0.001000  	-7.706200 
-178.000000	0.105970  	0.001000  	-7.706200 
-177.000000	0.158956  	0.001000  	-7.706200 
-176.000000	0.211941  	0.001000  	-7.706200 
-175.000000	0.264926  	0.001000  	-7.706200 
-174.000000	0.317911  	0.001000  	-7.706200 
-173.000000	0.370896  	0.001000  	-7.706200 
-172.000000	0.423881  	0.001000  	-7.706200 
-171.000000	0.476867  	0.001000  	-7.706200 
-170.000000	0.529852  	0.001000  	-7.706200 
-169.000000	0.582837  	0.001002  	-7.706200 
-168.000000	0.635822  	0.001006  	-7.706200 
-167.000000	0.688807  	0.007482  	-7.706200 
-166.000000	0.741792  	0.018811  	-7.706200 
-165.000000	0.794778  	0.030932  	-7.706200 
-164.000000	0.847763  	0.043846  	-7.706200 
-163.000000	0.900748  	0.057410  	-7.706200 
-162.000000	0.953733  	0.071842  	-7.706200 
-161.000000	1.006718  	0.086790  	-7.706200 
-160.000000	1.059703  	0.102666  	-7.706200 
-159.000000	1.112689  	0.118932  	-7.706200 
-158.000000	1.165674  	0.136170  	-7.706200 
-157.000000	1.218659  	0.153682  	-7.706200 
-156.000000	1.271644  	0.172195  	-7.706200 
-155.000000	1.324629  	0.190877  	-7.706200 
-154.000000	1.377614  	0.210569  	-7.706200 
-153.000000	1.430600  	0.230339  	-7.706200 
-152.000000	1.483585  	0.251109  	-7.706200 
-151.000000	1.536570  	0.271880  	-7.706200 
-150.000000	1.494104  	0.294095  	-7.706200 
-149.000000	1.451637  	0.316311  	-7.706200 
-148.000000	1.409171  	0.338526  	-7.706200 
-147.000000	1.366705  	0.360741  	-7.706200 
-146.000000	1.329336  	0.383945  	-7.706200 
-145.000000	1.294798  	0.407699  	-7.706200 
-144.000000	1.260261  	0.431453  	-7.706200 
-143.000000	1.225723  	0.455207  	-7.706200 
-142.000000	1.192572  	0.479248  	-7.706200 
-141.000000	1.162885  	0.504003  	-7.706200 
-140.000000	1.133198  	0.528759  	-7.706200 
-139.000000	1.103511  	0.553515  	-7.706200 
-138.000000	1.073825  	0.578271  	-7.706200 
-137.000000	1.046888  	0.603438  	-7.706200 
-136.000000	1.020164  	0.628636  	-7.706200 
-135.000000	0.993439  	0.653835  	-7.706200 
-134.000000	0.966714  	0.679034  	-7.706200 
-133.000000	0.941006  	0.704161  	-7.706200 
-132.000000	0.916060  	0.729235  	-7.706200 
-131.000000	0.891114  	0.754308  	-7.706200 
-130.000000	0.866168  	0.779382  	-7.706200 
-129.000000	0.841446  	0.804308  	-7.706200 
-128.000000	0.817545  	0.828692  	-7.706200 
-127.000000	0.793644  	0.853076  	-7.706200 
-126.000000	0.769743  	0.877461  	-7.706200 
-125.000000	0.745842  	0.901845  	-7.706200 
-124.000000	0.722468  	0.925170  	-7.706200 
-123.000000	0.699183  	0.948318  	-7.706200 
-122.000000	0.675897  	0.971465  	-7.706200 
-121.000000	0.652612  	0.994613  	-7.706200 
-120.000000	0.629529  	1.016884  	-7.706200 
-119.000000	0.606648  	1.038278  	-7.706200 
-118.000000	0.583767  	1.059672  	-7.706200 
-117.000000	0.560886  	1.081065  	-7.706200 
-116.000000	0.538055  	1.102141  	-7.706200 
-115.000000	0.515530  	1.121303  	-7.706200 
-114.000000	0.493004  	1.140466  	-7.706200 
-113.000000	0.470479  	1.159629  	-7.706200 
-112.000000	0.447953  	1.178792  	-7.706200 
-111.000000	0.425766  	1.195869  	-7.706200 
-110.000000	0.403670  	1.212377  	-7.706200 
-109.000000	0.381575  	1.228885  	-7.706200 
-108.000000	0.359480  	1.245392  	-7.706200 
-107.000000	0.337643  	1.260607  	-7.706200 
-106.000000	0.316151  	1.274097  	-7.706200 
-105.000000	0.294658  	1.287587  	-7.706200 
-104.000000	0.273165  	1.301077  	-7.706200 
-103.000000	0.251733  	1.314331  	-7.706200 
-102.000000	0.231090  	1.324511  	-7.706200 
-101.000000	0.210447  	1.334691  	-7.706200 
-100.000000	0.189803  	1.344871  	-7.706200 
-99.000000	0.169160  	1.355051  	-7.706200 
-98.000000	0.149342  	1.362712  	-7.706200 
-97.000000	0.129855  	1.369367  	-7.706200 
-96.000000	0.110367  	1.376021  	-7.706200 
-95.000000	0.090879  	1.382675  	-7.706200 
-94.000000	0.071929  	1.388022  	-7.706200 
-93.000000	0.053947  	1.391017  	-7.706200 
-92.000000	0.035965  	1.394011  	-7.706200 
-91.000000	0.017982  	1.397006  	-7.706200 
-90.000000	0.000000  	1.400000  	-7.706200 
-89.000000	-0.017982 	1.397006  	-7.706200 
-88.000000	-0.035965 	1.394011  	-7.706200 
-87.000000	-0.053947 	1.391017  	-7.706200 
-86.000000	-0.071929 	1.388022  	-7.706200 
-85.000000	-0.090879 	1.382675  	-7.706200 
-84.000000	-0.110367 	1.376021  	-7.706200 
-83.000000	-0.129855 	1.369367  	-7.706200 
-82.000000	-0.149342 	1.362712  	-7.706200 
-81.000000	-0.169160 	1.355051  	-7.706200 
-80.000000	-0.189803 	1.344871  	-7.706200 
-79.000000	-0.210447 	1.334691  	-7.706200 
-78.000000	-0.231090 	1.324511  	-7.706200 
-77.000000	-0.251733 	1.314331  	-7.706200 
-76.000000	-0.273165 	1.301077  	-7.706200 
-75.000000	-0.294658 	1.287587  	-7.706200 
-74.000000	-0.316151 	1.274097  	-7.706200 
-73.000000	-0.337643 	1.260607  	-7.706200 
-72.000000	-0.359480 	1.245392  	-7.706200 
-71.000000	-0.381575 	1.228885  	-7.706200 
-70.000000	-0.403670 	1.212377  	-7.706200 
-69.000000	-0.425766 	1.195869  	-7.706200 
-68.000000	-0.447953 	1.178792  	-7.706200 
-67.000000	-0.470479 	1.159629  	-7.706200 
-66.000000	-0.493004 	1.140466  	-7.706200 
-65.000000	-0.515530 	1.121303  	-7.706200 
-64.000000	-0.538055 	1.102141  	-7.706200 
-63.000000	-0.560886 	1.081065  	-7.706200 
-62.000000	-0.583767 	1.059672  	-7.706200 
-61.000000	-0.606648 	1.038278  	-7.706200 
-60.000000	-0.629529 	1.016884  	-7.706200 
-59.000000	-0.652612 	0.994613  	-7.706200 
-58.000000	-0.675897 	0.971465  	-7.706200 
-57.000000	-0.699183 	0.948318  	-7.706200 
-56.000000	-0.722468 	0.925170  	-7.706200 
-55.000000	-0.745842 	0.901845  	-7.706200 
-54.000000	-0.769743 	0.877461  	-7.706200 
-53.000000	-0.793644 	0.853076  	-7.706200 
-52.000000	-0.817545 	0.828692  	-7.706200 
-51.000000	-0.841446 	0.804308  	-7.706200 
-50.000000	-0.866168 	0.779382  	-7.706200 
-49.000000	-0.891114 	0.754308  	-7.706200 
-48.000000	-0.916060 	0.729235  	-7.706200 
-47.000000	-0.941006 	0.704161  	-7.706200 
-46.000000	-0.966714 	0.679034  	-7.706200 
-45.000000	-0.993439 	0.653835  	-7.706200 
-44.000000	-1.020164 	0.628636  	-7.706200 
-43.000000	-1.046888 	0.603438  	-7.706200 
-42.000000	-1.073825 	0.578271  	-7.706200 
-41.000000	-1.103511 	0.553515  	-7.706200 
-40.000000	-1.133198 	0.528759  	-7.706200 
-39.000000	-1.162885 	0.504003  	-7.706200 
-38.000000	-1.192572 	0.479248  	-7.706200 
-37.000000	-1.225723 	0.455207  	-7.706200 
-36.000000	-1.260261 	0.431453  	-7.706200 
-35.000000	-1.294798 	0.407699  	-7.706200 
-34.000000	-1.329336 	0.383945  	-7.706200 
-33.000000	-1.366705 	0.360741  	-7.706200 
-32.000000	-1.409171 	0.338526  	-7.706200 
-31.000000	-1.451637 	0.316311  	-7.706200 
-30.000000	-1.494104 	0.294095  	-7.706200 
-29.000000	-1.536570 	0.271880  	-7.706200 
-28.000000	-1.490629 	0.259252  	-7.706200 
-27.000000	-1.444689 	0.246623  	-7.706200 
-26.000000	-1.398748 	0.233995  	-7.706200 
-25.000000	-1.352808 	0.221366  	-7.706200 
-24.000000	-1.306867 	0.208738  	-7.706200 
-23.000000	-1.260927 	0.196109  	-7.706200 
-22.000000	-1.214986 	0.183481  	-7.706200 
-21.000000	-1.169046 	0.170853  	-7.706200 
-20.000000	-1.123105 	0.158224  	-7.706200 
-19.000000	-1.077165 	0.145596  	-7.706200 
-18.000000	-1.031224 	0.132967  	-7.706200 
-17.000000	-0.985284 	0.120339  	-7.706200 
-16.000000	-0.939343 	0.107711  	-7.706200 
-15.000000	-0.893403 	0.095082  	-7.706200 
-14.000000	-0.847462 	0.082454  	-7.706200 
-13.000000	-0.801522 	0.069825  	-7.706200 
-12.000000	-0.755581 	0.057197  	-6.226568 
-11.000000	-0.709641 	0.044568  	-4.155084 
-10.000000	-0.663700 	0.031940  	-2.083600 
-9.000000 	-0.525100 	0.032300  	-1.938400 
-8.000000 	-0.385700 	0.032610  	-1.799200 
-7.000000 	-0.244700 	0.032890  	-1.662600 
-6.000000 	-0.105800 	0.033190  	-1.533500 
-5.000000 	0.033700  	0.033490  	-1.406200 
-4.000000 	0.172600  	0.033780  	-1.285100 
-3.000000 	0.310400  	0.034060  	-1.166900 
-2.000000 	0.448300  	0.034350  	-1.210200 
-1.000000 	0.584900  	0.034650  	-1.326800 
0.000000  	0.720700  	0.034930  	-1.446900 
1.000000  	0.856000  	0.035240  	-1.571000 
2.000000  	0.989900  	0.035570  	-1.700700 
3.000000  	1.123000  	0.035880  	-1.836400 
4.000000  	1.255000  	0.036190  	-1.980000 
5.000000  	1.385400  	0.036540  	-2.134400 
6.000000  	1.514300  	0.036980  	-2.302600 
7.000000  	1.643100  	0.037320  	-2.492100 
8.000000  	1.769300  	0.037800  	-2.703900 
9.000000  	1.892800  	0.038400  	-2.941500 
10.000000 	2.014000  	0.039120  	-3.210800 
11.000000 	2.130900  	0.040090  	-3.512600 
12.000000 	2.237900  	0.041760  	-3.835900 
13.000000 	2.329800  	0.044470  	-4.169900 
14.000000 	2.350200  	0.051860  	-4.431400 
15.000000 	2.328700  	0.064490  	-4.640700 
16.000000 	2.299500  	0.080400  	-4.828800 
17.000000 	2.272500  	0.097410  	-5.017000 
18.000000 	2.244150  	0.115300  	-5.191900 
19.000000 	2.215800  	0.133190  	-5.366800 
20.000000 	2.198900  	0.149870  	-5.560000 
21.000000 	2.183200  	0.166300  	-5.758000 
22.000000 	2.175500  	0.181570  	-5.972600 
23.000000 	2.174300  	0.195685  	-6.206750 
24.000000 	2.173100  	0.209800  	-6.440900 
25.000000 	2.178400  	0.222580  	-6.698800 
26.000000 	2.182250  	0.235260  	-6.948450 
27.000000 	2.186100  	0.247940  	-7.198100 
28.000000 	2.191400  	0.259900  	-7.454500 
29.000000 	2.195100  	0.271880  	-7.706200 
30.000000 	2.134434  	0.294095  	-7.706200 
31.000000 	2.073768  	0.316311  	-7.706200 
32.000000 	2.013102  	0.338526  	-7.706200 
33.000000 	1.952435  	0.360741  	-7.706200 
34.000000 	1.899051  	0.383945  	-7.706200 
35.000000 	1.849712  	0.407699  	-7.706200 
36.000000 	1.800373  	0.431453  	-7.706200 
37.000000 	1.751034  	0.455207  	-7.706200 
38.000000 	1.703674  	0.479248  	-7.706200 
39.000000 	1.661264  	0.504003  	-7.706200 
40.000000 	1.618855  	0.528759  	-7.706200 
41.000000 	1.576445  	0.553515  	-7.706200 
42.000000 	1.534035  	0.578271  	-7.706200 
43.000000 	1.495555  	0.603438  	-7.706200 
44.000000 	1.457377  	0.628636  	-7.706200 
45.000000 	1.419199  	0.653835  	-7.706200 
46.000000 	1.381021  	0.679034  	-7.706200 
47.000000 	1.344295  	0.704161  	-7.706200 
48.000000 	1.308658  	0.729235  	-7.706200 
49.000000 	1.273021  	0.754308  	-7.706200 
50.000000 	1.237384  	0.779382  	-7.706200 
51.000000 	1.202066  	0.804308  	-7.706200 
52.000000 	1.167922  	0.828692  	-7.706200 
53.000000 	1.133777  	0.853076  	-7.706200 
54.000000 	1.099633  	0.877461  	-7.706200 
55.000000 	1.065488  	0.901845  	-7.706200 
56.000000 	1.032098  	0.925170  	-7.706200 
57.000000 	0.998833  	0.948318  	-7.706200 
58.000000 	0.965568  	0.971465  	-7.706200 
59.000000 	0.932303  	0.994613  	-7.706200 
60.000000 	0.899327  	1.016884  	-7.706200 
61.000000 	0.866640  	1.038278  	-7.706200 
62.000000 	0.833952  	1.059672  	-7.706200 
63.000000 	0.801265  	1.081065  	-7.706200 
64.000000 	0.768651  	1.102141  	-7.706200 
65.000000 	0.736471  	1.121303  	-7.706200 
66.000000 	0.704292  	1.140466  	-7.706200 
67.000000 	0.672112  	1.159629  	-7.706200 
68.000000 	0.639933  	1.178792  	-7.706200 
69.000000 	0.608236  	1.195869  	-7.706200 
70.000000 	0.576672  	1.212377  	-7.706200 
71.000000 	0.545108  	1.228885  	-7.706200 
72.000000 	0.513543  	1.245392  	-7.706200 
73.000000 	0.482348  	1.260607  	-7.706200 
74.000000 	0.451644  	1.274097  	-7.706200 
75.000000 	0.420940  	1.287587  	-7.706200 
76.000000 	0.390236  	1.301077  	-7.706200 
77.000000 	0.359618  	1.314331  	-7.706200 
78.000000 	0.330128  	1.324511  	-7.706200 
79.000000 	0.300638  	1.334691  	-7.706200 
80.000000 	0.271148  	1.344871  	-7.706200 
81.000000 	0.241657  	1.355051  	-7.706200 
82.000000 	0.213346  	1.362712  	-7.706200 
83.000000 	0.185507  	1.369367  	-7.706200 
84.000000 	0.157667  	1.376021  	-7.706200 
85.000000 	0.129827  	1.382675  	-7.706200 
86.000000 	0.102756  	1.388022  	-7.706200 
87.000000 	0.077067  	1.391017  	-7.706200 
88.000000 	0.051378  	1.394011  	-7.706200 
89.000000 	0.025689  	1.397006  	-7.706200 
90.000000 	0.000000  	1.400000  	-7.706200 
91.000000 	-0.017982 	1.397006  	-7.706200 
92.000000 	-0.035965 	1.394011  	-7.706200 
93.000000 	-0.053947 	1.391017  	-7.706200 
94.000000 	-0.071929 	1.388022  	-7.706200 
95.000000 	-0.090879 	1.382675  	-7.706200 
96.000000 	-0.110367 	1.376021  	-7.706200 
97.000000 	-0.129855 	1.369367  	-7.706200 
98.000000 	-0.149342 	1.362712  	-7.706200 
99.000000 	-0.169160 	1.355051  	-7.706200 
100.000000	-0.189803 	1.344871  	-7.706200 
101.000000	-0.210447 	1.334691  	-7.706200 
102.000000	-0.231090 	1.324511  	-7.706200 
103.000000	-0.251733 	1.314331  	-7.706200 
104.000000	-0.273165 	1.301077  	-7.706200 
105.000000	-0.294658 	1.287587  	-7.706200 
106.000000	-0.316151 	1.274097  	-7.706200 
107.000000	-0.337643 	1.260607  	-7.706200 
108.000000	-0.359480 	1.245392  	-7.706200 
109.000000	-0.381575 	1.228885  	-7.706200 
110.000000	-0.403670 	1.212377  	-7.706200 
111.000000	-0.425766 	1.195869  	-7.706200 
112.000000	-0.447953 	1.178792  	-7.706200 
113.000000	-0.470479 	1.159629  	-7.706200 
114.000000	-0.493004 	1.140466  	-7.706200 
115.000000	-0.515530 	1.121303  	-7.706200 
116.000000	-0.538055 	1.102141  	-7.706200 
117.000000	-0.560886 	1.081065  	-7.706200 
118.000000	-0.583767 	1.059672  	-7.706200 
119.000000	-0.606648 	1.038278  	-7.706200 
120.000000	-0.629529 	1.016884  	-7.706200 
121.000000	-0.652612 	0.994613  	-7.706200 
122.000000	-0.675897 	0.971465  	-7.706200 
123.000000	-0.699183 	0.948318  	-7.706200 
124.000000	-0.722468 	0.925170  	-7.706200 
125.000000	-0.745842 	0.901845  	-7.706200 
126.000000	-0.769743 	0.877461  	-7.706200 
127.000000	-0.793644 	0.853076  	-7.706200 
128.000000	-0.817545 	0.828692  	-7.706200 
129.000000	-0.841446 	0.804308  	-7.706200 
130.000000	-0.866168 	0.779382  	-7.706200 
131.000000	-0.891114 	0.754308  	-7.706200 
132.000000	-0.916060 	0.729235  	-7.706200 
133.000000	-0.941006 	0.704161  	-7.706200 
134.000000	-0.966714 	0.679034  	-7.706200 
135.000000	-0.993439 	0.653835  	-7.706200 
136.000000	-1.020164 	0.628636  	-7.706200 
137.000000	-1.046888 	0.603438  	-7.706200 
138.000000	-1.073825 	0.578271  	-7.706200 
139.000000	-1.103511 	0.553515  	-7.706200 
140.000000	-1.133198 	0.528759  	-7.706200 
141.000000	-1.162885 	0.504003  	-7.706200 
142.000000	-1.192572 	0.479248  	-7.706200 
143.000000	-1.225723 	0.455207  	-7.706200 
144.000000	-1.260261 	0.431453  	-7.706200 
145.000000	-1.294798 	0.407699  	-7.706200 
146.000000	-1.329336 	0.383945  	-7.706200 
147.000000	-1.366705 	0.360741  	-7.706200 
148.000000	-1.409171 	0.338526  	-7.706200 
149.000000	-1.451637 	0.316311  	-7.706200 
150.000000	-1.494104 	0.294095  	-7.706200 
151.000000	-1.536570 	0.271880  	-7.706200 
152.000000	-1.483585 	0.251109  	-7.706200 
153.000000	-1.430600 	0.230339  	-7.706200 
154.000000	-1.377614 	0.210569  	-7.706200 
155.000000	-1.324629 	0.190877  	-7.706200 
156.000000	-1.271644 	0.172195  	-7.706200 
157.000000	-1.218659 	0.153682  	-7.706200 
158.000000	-1.165674 	0.136170  	-7.706200 
159.000000	-1.112689 	0.118932  	-7.706200 
160.000000	-1.059703 	0.102666  	-7.706200 
161.000000	-1.006718 	0.086790  	-7.706200 
162.000000	-0.953733 	0.071842  	-7.706200 
163.000000	-0.900748 	0.057410  	-7.706200 
164.000000	-0.847763 	0.043846  	-7.706200 
165.000000	-0.794778 	0.030932  	-7.706200 
166.000000	-0.741792 	0.018811  	-7.706200 
167.000000	-0.688807 	0.007482  	-7.706200 
168.000000	-0.635822 	0.001006  	-7.706200 
169.000000	-0.582837 	0.001002  	-7.706200 
170.000000	-0.529852 	0.001000  	-7.706200 
171.000000	-0.476867 	0.001000  	-7.706200 
172.000000	-0.423881 	0.001000  	-7.706200 
173.000000	-0.370896 	0.001000  	-7.706200 
174.000000	-0.317911 	0.001000  	-7.706200 
175.000000	-0.264926 	0.001000  	-7.706200 
176.000000	-0.211941 	0.001000  	-7.706200 
177.000000	-0.158956 	0.001000  	-7.706200 
178.000000	-0.105970 	0.001000  	-7.706200 
179.000000	-0.052985 	0.001000  	-7.706200 
180.000000	0.000000  	0.001000  	-7.706200 
