! AeroDyn v15 airfoil data file
! Generated from airfoilprep.py modified by D. Kim (Mar 14th, 2022) 
! start all comment lines with ! 
! ------------------------------------------------------------------------------
"DEFAULT"       InterpOrd    ! Interpolation order to use for quasi-steady table lookup {1=linear; 3=cubic spline; "default"} [default=1]
! ------------------------------------------------------------------------------
! 0.20          RelThickness ! The non-dimensional thickness of the airfoil (thickness/chord) [only used if UAMod=7] [default=0.2] (-)
  1             NonDimArea   ! The non-dimensional area of the airfoil (area/chord^2) (set to 1.0 if unsure or unneeded)
  103           NumCoords    ! The number of coordinates in the airfoil shape file (including an extra coordinate for airfoil reference).
! ......... x-y coordinates are next if NumCoords > 0 .............
! x-y coordinate of airfoil reference
!  x/c        y/c
  0.25       0
! Airfoil: 
!  x/c        y/c
1.0012906 -0.0732167
0.9806021 -0.0688651
0.9599314 -0.0644143
0.9391903 -0.0603260
0.9183152 -0.0569818
0.8972953 -0.0547522
0.8761744 -0.0538919
0.8550398 -0.0542894
0.8339450 -0.0556498
0.8129128 -0.0578208
0.7919703 -0.0607171
0.7711284 -0.0642568
0.7503869 -0.0683562
0.7297454 -0.0729295
0.7091974 -0.0778895
0.6887254 -0.0831571
0.6683095 -0.0886498
0.6479321 -0.0942950
0.6275749 -0.1000158
0.6072219 -0.1057447
0.5868530 -0.1114184
0.5664506 -0.1169742
0.5460026 -0.1223549
0.5254990 -0.1275083
0.5049300 -0.1323838
0.4842872 -0.1369373
0.4635629 -0.1411262
0.4427583 -0.1449143
0.4218802 -0.1482647
0.4009359 -0.1511455
0.3799322 -0.1535237
0.3588756 -0.1553654
0.3377713 -0.1566115
0.3166351 -0.1571638
0.2954974 -0.1568965
0.2743923 -0.1557040
0.2533642 -0.1535308
0.2324621 -0.1503654
0.2117335 -0.1462132
0.1912230 -0.1410923
0.1709717 -0.1350259
0.1510227 -0.1280286
0.1314202 -0.1201075
0.1122243 -0.1112509
0.0935103 -0.1014238
0.0753689 -0.0905533
0.0579624 -0.0785487
0.0415311 -0.0652761
0.0264135 -0.0505069
0.0132547 -0.0339887
0.0031938 -0.0154365
-0.0012913 0.0051010
0.0030158 0.0256577
0.0131494 0.0441492
0.0264748 0.0605545
0.0418032 0.0751008
0.0585059 0.0880511
0.0761992 0.0996171
0.0946290 0.1099593
0.1136396 0.1192075
0.1331057 0.1274640
0.1529301 0.1348025
0.1730509 0.1412894
0.1934154 0.1469717
0.2139761 0.1518801
0.2346980 0.1560412
0.2555557 0.1594730
0.2765235 0.1621866
0.2975740 0.1641947
0.3186774 0.1655340
0.3398062 0.1662759
0.3609442 0.1665026
0.3820830 0.1663238
0.4032159 0.1657142
0.4243357 0.1647070
0.4454341 0.1633105
0.4665030 0.1615441
0.4875367 0.1594273
0.5085361 0.1569953
0.5295022 0.1542782
0.5504366 0.1513127
0.5713409 0.1481338
0.5922156 0.1447717
0.6130638 0.1412591
0.6338887 0.1376127
0.6546937 0.1338525
0.6754809 0.1299939
0.6962518 0.1260467
0.7170082 0.1220239
0.7377512 0.1179346
0.7584827 0.1137879
0.7792047 0.1095938
0.7999188 0.1053608
0.8206271 0.1010986
0.8413306 0.0968135
0.8620311 0.0925143
0.8827305 0.0882094
0.9034297 0.0839036
0.9241281 0.0795947
0.9448217 0.0752620
0.9654818 0.0707743
0.9856211 0.0644599
! ------------------------------------------------------------------------------
"unused"        BL_file      ! The file name including the boundary layer characteristics of the profile. Unused if the aeroacoustic module is not called.
  11        	NumTabs      ! Number of airfoil tables in this file.
! ------------------------------------------------------------------------------
! data for table	1         
! ------------------------------------------------------------------------------
  0.200000  	Re           ! Reynolds number in millions
  0.000000  	UserProp     ! User property (control) setting
Flase           InclUAdata   ! Is unsteady aerodynamics data included in this table? If TRUE, then include UA coefficients below this line. Any missing coefficients will be calculated internally.
! Table of aerodynamics coefficients
  361       	NumAlf       ! Number of data lines in the following table
!Alpha      Cl          Cd          Cm/Cp
!(deg)      (-)         (-)         (-)
-180.000000	0.000000  	0.001000  	-7.379100 
-179.000000	0.050308  	0.001000  	-7.379100 
-178.000000	0.100617  	0.001000  	-7.379100 
-177.000000	0.150925  	0.001000  	-7.379100 
-176.000000	0.201233  	0.001000  	-7.379100 
-175.000000	0.251541  	0.001000  	-7.379100 
-174.000000	0.301850  	0.001000  	-7.379100 
-173.000000	0.352158  	0.001000  	-7.379100 
-172.000000	0.402466  	0.001000  	-7.379100 
-171.000000	0.452774  	0.001000  	-7.379100 
-170.000000	0.503083  	0.001000  	-7.379100 
-169.000000	0.553391  	0.002461  	-7.379100 
-168.000000	0.603699  	0.004734  	-7.379100 
-167.000000	0.654008  	0.012171  	-7.379100 
-166.000000	0.704316  	0.023481  	-7.379100 
-165.000000	0.754624  	0.035581  	-7.379100 
-164.000000	0.804932  	0.048472  	-7.379100 
-163.000000	0.855241  	0.062013  	-7.379100 
-162.000000	0.905549  	0.076420  	-7.379100 
-161.000000	0.955857  	0.091341  	-7.379100 
-160.000000	1.006166  	0.107189  	-7.379100 
-159.000000	1.056474  	0.123425  	-7.379100 
-158.000000	1.106782  	0.140633  	-7.379100 
-157.000000	1.157090  	0.158113  	-7.379100 
-156.000000	1.207399  	0.176592  	-7.379100 
-155.000000	1.257707  	0.195239  	-7.379100 
-154.000000	1.308015  	0.214895  	-7.379100 
-153.000000	1.358323  	0.234627  	-7.379100 
-152.000000	1.408632  	0.255359  	-7.379100 
-151.000000	1.458940  	0.276090  	-7.379100 
-150.000000	1.419963  	0.298262  	-7.379100 
-149.000000	1.380987  	0.320434  	-7.379100 
-148.000000	1.342010  	0.342605  	-7.379100 
-147.000000	1.303034  	0.364777  	-7.379100 
-146.000000	1.268695  	0.387935  	-7.379100 
-145.000000	1.236933  	0.411640  	-7.379100 
-144.000000	1.205172  	0.435345  	-7.379100 
-143.000000	1.173410  	0.459050  	-7.379100 
-142.000000	1.142888  	0.483040  	-7.379100 
-141.000000	1.115467  	0.507742  	-7.379100 
-140.000000	1.088046  	0.532444  	-7.379100 
-139.000000	1.060624  	0.557146  	-7.379100 
-138.000000	1.033203  	0.581848  	-7.379100 
-137.000000	1.008176  	0.606956  	-7.379100 
-136.000000	0.983333  	0.632097  	-7.379100 
-135.000000	0.958490  	0.657237  	-7.379100 
-134.000000	0.933647  	0.682377  	-7.379100 
-133.000000	0.909647  	0.707443  	-7.379100 
-132.000000	0.886280  	0.732453  	-7.379100 
-131.000000	0.862913  	0.757464  	-7.379100 
-130.000000	0.839546  	0.782474  	-7.379100 
-129.000000	0.816350  	0.807336  	-7.379100 
-128.000000	0.793779  	0.831654  	-7.379100 
-127.000000	0.771208  	0.855971  	-7.379100 
-126.000000	0.748638  	0.880288  	-7.379100 
-125.000000	0.726067  	0.904606  	-7.379100 
-124.000000	0.703843  	0.927860  	-7.379100 
-123.000000	0.681676  	0.950937  	-7.379100 
-122.000000	0.659510  	0.974015  	-7.379100 
-121.000000	0.637344  	0.997092  	-7.379100 
-120.000000	0.615287  	1.019290  	-7.379100 
-119.000000	0.593340  	1.040610  	-7.379100 
-118.000000	0.571392  	1.061930  	-7.379100 
-117.000000	0.549445  	1.083250  	-7.379100 
-116.000000	0.527525  	1.104250  	-7.379100 
-115.000000	0.505766  	1.123337  	-7.379100 
-114.000000	0.484008  	1.142423  	-7.379100 
-113.000000	0.462249  	1.161509  	-7.379100 
-112.000000	0.440490  	1.180595  	-7.379100 
-111.000000	0.418949  	1.197593  	-7.379100 
-110.000000	0.397467  	1.214022  	-7.379100 
-109.000000	0.375986  	1.230451  	-7.379100 
-108.000000	0.354504  	1.246879  	-7.379100 
-107.000000	0.333218  	1.262014  	-7.379100 
-106.000000	0.312194  	1.275423  	-7.379100 
-105.000000	0.291170  	1.288832  	-7.379100 
-104.000000	0.270146  	1.302241  	-7.379100 
-103.000000	0.249173  	1.315414  	-7.379100 
-102.000000	0.228860  	1.325511  	-7.379100 
-101.000000	0.208548  	1.335609  	-7.379100 
-100.000000	0.188236  	1.345706  	-7.379100 
-99.000000	0.167923  	1.355804  	-7.379100 
-98.000000	0.148340  	1.363382  	-7.379100 
-97.000000	0.129050  	1.369953  	-7.379100 
-96.000000	0.109759  	1.376524  	-7.379100 
-95.000000	0.090468  	1.383094  	-7.379100 
-94.000000	0.071668  	1.388358  	-7.379100 
-93.000000	0.053751  	1.391268  	-7.379100 
-92.000000	0.035834  	1.394179  	-7.379100 
-91.000000	0.017917  	1.397089  	-7.379100 
-90.000000	0.000000  	1.400000  	-7.379100 
-89.000000	-0.017917 	1.397089  	-7.379100 
-88.000000	-0.035834 	1.394179  	-7.379100 
-87.000000	-0.053751 	1.391268  	-7.379100 
-86.000000	-0.071668 	1.388358  	-7.379100 
-85.000000	-0.090468 	1.383094  	-7.379100 
-84.000000	-0.109759 	1.376524  	-7.379100 
-83.000000	-0.129050 	1.369953  	-7.379100 
-82.000000	-0.148340 	1.363382  	-7.379100 
-81.000000	-0.167923 	1.355804  	-7.379100 
-80.000000	-0.188236 	1.345706  	-7.379100 
-79.000000	-0.208548 	1.335609  	-7.379100 
-78.000000	-0.228860 	1.325511  	-7.379100 
-77.000000	-0.249173 	1.315414  	-7.379100 
-76.000000	-0.270146 	1.302241  	-7.379100 
-75.000000	-0.291170 	1.288832  	-7.379100 
-74.000000	-0.312194 	1.275423  	-7.379100 
-73.000000	-0.333218 	1.262014  	-7.379100 
-72.000000	-0.354504 	1.246879  	-7.379100 
-71.000000	-0.375986 	1.230451  	-7.379100 
-70.000000	-0.397467 	1.214022  	-7.379100 
-69.000000	-0.418949 	1.197593  	-7.379100 
-68.000000	-0.440490 	1.180595  	-7.379100 
-67.000000	-0.462249 	1.161509  	-7.379100 
-66.000000	-0.484008 	1.142423  	-7.379100 
-65.000000	-0.505766 	1.123337  	-7.379100 
-64.000000	-0.527525 	1.104250  	-7.379100 
-63.000000	-0.549445 	1.083250  	-7.379100 
-62.000000	-0.571392 	1.061930  	-7.379100 
-61.000000	-0.593340 	1.040610  	-7.379100 
-60.000000	-0.615287 	1.019290  	-7.379100 
-59.000000	-0.637344 	0.997092  	-7.379100 
-58.000000	-0.659510 	0.974015  	-7.379100 
-57.000000	-0.681676 	0.950937  	-7.379100 
-56.000000	-0.703843 	0.927860  	-7.379100 
-55.000000	-0.726067 	0.904606  	-7.379100 
-54.000000	-0.748638 	0.880288  	-7.379100 
-53.000000	-0.771208 	0.855971  	-7.379100 
-52.000000	-0.793779 	0.831654  	-7.379100 
-51.000000	-0.816350 	0.807336  	-7.379100 
-50.000000	-0.839546 	0.782474  	-7.379100 
-49.000000	-0.862913 	0.757464  	-7.379100 
-48.000000	-0.886280 	0.732453  	-7.379100 
-47.000000	-0.909647 	0.707443  	-7.379100 
-46.000000	-0.933647 	0.682377  	-7.379100 
-45.000000	-0.958490 	0.657237  	-7.379100 
-44.000000	-0.983333 	0.632097  	-7.379100 
-43.000000	-1.008176 	0.606956  	-7.379100 
-42.000000	-1.033203 	0.581848  	-7.379100 
-41.000000	-1.060624 	0.557146  	-7.379100 
-40.000000	-1.088046 	0.532444  	-7.379100 
-39.000000	-1.115467 	0.507742  	-7.379100 
-38.000000	-1.142888 	0.483040  	-7.379100 
-37.000000	-1.173410 	0.459050  	-7.379100 
-36.000000	-1.205172 	0.435345  	-7.379100 
-35.000000	-1.236933 	0.411640  	-7.379100 
-34.000000	-1.268695 	0.387935  	-7.379100 
-33.000000	-1.303034 	0.364777  	-7.379100 
-32.000000	-1.342010 	0.342605  	-7.379100 
-31.000000	-1.380987 	0.320434  	-7.379100 
-30.000000	-1.419963 	0.298262  	-7.379100 
-29.000000	-1.458940 	0.276090  	-7.379100 
-28.000000	-1.411938 	0.265557  	-7.379100 
-27.000000	-1.364936 	0.255023  	-7.379100 
-26.000000	-1.317934 	0.244490  	-7.379100 
-25.000000	-1.270932 	0.233957  	-7.379100 
-24.000000	-1.223930 	0.223423  	-7.379100 
-23.000000	-1.176929 	0.212890  	-7.379100 
-22.000000	-1.129927 	0.202357  	-7.379100 
-21.000000	-1.082925 	0.191823  	-7.379100 
-20.000000	-1.035923 	0.181290  	-7.379100 
-19.000000	-0.988921 	0.170757  	-7.379100 
-18.000000	-0.941919 	0.160223  	-7.379100 
-17.000000	-0.894917 	0.149690  	-7.379100 
-16.000000	-0.847915 	0.139157  	-7.379100 
-15.000000	-0.800913 	0.128623  	-7.379100 
-14.000000	-0.753911 	0.118090  	-7.379100 
-13.000000	-0.706910 	0.107557  	-7.379100 
-12.000000	-0.659908 	0.097023  	-7.379100 
-11.000000	-0.612906 	0.086490  	-7.379100 
-10.000000	-0.565904 	0.075957  	-5.461233 
-9.000000 	-0.518902 	0.065423  	-3.543367 
-8.000000 	-0.471900 	0.054890  	-1.625500 
-7.000000 	-0.343300 	0.061040  	-1.442400 
-6.000000 	-0.225900 	0.055440  	-1.360200 
-5.000000 	-0.002000 	0.040050  	-1.300400 
-4.000000 	0.124000  	0.040270  	-1.187000 
-3.000000 	0.278100  	0.038890  	-1.076700 
-2.000000 	0.412000  	0.038980  	-1.145600 
-1.000000 	0.550200  	0.038840  	-1.256600 
0.000000  	0.694300  	0.038760  	-1.377000 
1.000000  	0.816800  	0.039550  	-1.490600 
2.000000  	0.951800  	0.039940  	-1.616800 
3.000000  	1.085100  	0.040610  	-1.750400 
4.000000  	1.205900  	0.041590  	-1.886800 
5.000000  	1.331400  	0.042550  	-2.040100 
6.000000  	1.459200  	0.043540  	-2.214400 
7.000000  	1.582900  	0.044680  	-2.407600 
8.000000  	1.692800  	0.045900  	-2.615200 
9.000000  	1.806800  	0.047260  	-2.856600 
10.000000 	1.917700  	0.048850  	-3.130100 
11.000000 	2.013200  	0.051060  	-3.418900 
12.000000 	2.079100  	0.054310  	-3.693300 
13.000000 	2.079800  	0.061550  	-3.893600 
14.000000 	2.077900  	0.071350  	-4.113200 
15.000000 	2.041600  	0.086480  	-4.265300 
16.000000 	2.026100  	0.101520  	-4.455600 
17.000000 	2.018200  	0.116160  	-4.658200 
18.000000 	2.001800  	0.133020  	-4.834200 
19.000000 	2.000600  	0.147950  	-5.043500 
20.000000 	2.005200  	0.162040  	-5.270500 
21.000000 	2.012200  	0.175650  	-5.507400 
22.000000 	2.018900  	0.189500  	-5.736600 
23.000000 	2.032500  	0.201900  	-6.007500 
24.000000 	2.050900  	0.212890  	-6.285400 
25.000000 	2.070300  	0.223410  	-6.579100 
26.000000 	2.086500  	0.233630  	-6.858700 
27.000000 	2.097700  	0.245690  	-7.108600 
28.000000 	2.095600  	0.260160  	-7.273800 
29.000000 	2.084200  	0.276090  	-7.379100 
30.000000 	2.028519  	0.298262  	-7.379100 
31.000000 	1.972838  	0.320434  	-7.379100 
32.000000 	1.917158  	0.342605  	-7.379100 
33.000000 	1.861477  	0.364777  	-7.379100 
34.000000 	1.812422  	0.387935  	-7.379100 
35.000000 	1.767048  	0.411640  	-7.379100 
36.000000 	1.721674  	0.435345  	-7.379100 
37.000000 	1.676300  	0.459050  	-7.379100 
38.000000 	1.632697  	0.483040  	-7.379100 
39.000000 	1.593524  	0.507742  	-7.379100 
40.000000 	1.554351  	0.532444  	-7.379100 
41.000000 	1.515178  	0.557146  	-7.379100 
42.000000 	1.476005  	0.581848  	-7.379100 
43.000000 	1.440251  	0.606956  	-7.379100 
44.000000 	1.404761  	0.632097  	-7.379100 
45.000000 	1.369271  	0.657237  	-7.379100 
46.000000 	1.333781  	0.682377  	-7.379100 
47.000000 	1.299496  	0.707443  	-7.379100 
48.000000 	1.266115  	0.732453  	-7.379100 
49.000000 	1.232733  	0.757464  	-7.379100 
50.000000 	1.199352  	0.782474  	-7.379100 
51.000000 	1.166214  	0.807336  	-7.379100 
52.000000 	1.133970  	0.831654  	-7.379100 
53.000000 	1.101726  	0.855971  	-7.379100 
54.000000 	1.069482  	0.880288  	-7.379100 
55.000000 	1.037238  	0.904606  	-7.379100 
56.000000 	1.005490  	0.927860  	-7.379100 
57.000000 	0.973823  	0.950937  	-7.379100 
58.000000 	0.942157  	0.974015  	-7.379100 
59.000000 	0.910491  	0.997092  	-7.379100 
60.000000 	0.878981  	1.019290  	-7.379100 
61.000000 	0.847628  	1.040610  	-7.379100 
62.000000 	0.816275  	1.061930  	-7.379100 
63.000000 	0.784922  	1.083250  	-7.379100 
64.000000 	0.753607  	1.104250  	-7.379100 
65.000000 	0.722523  	1.123337  	-7.379100 
66.000000 	0.691440  	1.142423  	-7.379100 
67.000000 	0.660356  	1.161509  	-7.379100 
68.000000 	0.629272  	1.180595  	-7.379100 
69.000000 	0.598499  	1.197593  	-7.379100 
70.000000 	0.567811  	1.214022  	-7.379100 
71.000000 	0.537122  	1.230451  	-7.379100 
72.000000 	0.506434  	1.246879  	-7.379100 
73.000000 	0.476026  	1.262014  	-7.379100 
74.000000 	0.445992  	1.275423  	-7.379100 
75.000000 	0.415957  	1.288832  	-7.379100 
76.000000 	0.385923  	1.302241  	-7.379100 
77.000000 	0.355961  	1.315414  	-7.379100 
78.000000 	0.326944  	1.325511  	-7.379100 
79.000000 	0.297926  	1.335609  	-7.379100 
80.000000 	0.268908  	1.345706  	-7.379100 
81.000000 	0.239890  	1.355804  	-7.379100 
82.000000 	0.211915  	1.363382  	-7.379100 
83.000000 	0.184356  	1.369953  	-7.379100 
84.000000 	0.156798  	1.376524  	-7.379100 
85.000000 	0.129240  	1.383094  	-7.379100 
86.000000 	0.102382  	1.388358  	-7.379100 
87.000000 	0.076787  	1.391268  	-7.379100 
88.000000 	0.051191  	1.394179  	-7.379100 
89.000000 	0.025596  	1.397089  	-7.379100 
90.000000 	0.000000  	1.400000  	-7.379100 
91.000000 	-0.017917 	1.397089  	-7.379100 
92.000000 	-0.035834 	1.394179  	-7.379100 
93.000000 	-0.053751 	1.391268  	-7.379100 
94.000000 	-0.071668 	1.388358  	-7.379100 
95.000000 	-0.090468 	1.383094  	-7.379100 
96.000000 	-0.109759 	1.376524  	-7.379100 
97.000000 	-0.129050 	1.369953  	-7.379100 
98.000000 	-0.148340 	1.363382  	-7.379100 
99.000000 	-0.167923 	1.355804  	-7.379100 
100.000000	-0.188236 	1.345706  	-7.379100 
101.000000	-0.208548 	1.335609  	-7.379100 
102.000000	-0.228860 	1.325511  	-7.379100 
103.000000	-0.249173 	1.315414  	-7.379100 
104.000000	-0.270146 	1.302241  	-7.379100 
105.000000	-0.291170 	1.288832  	-7.379100 
106.000000	-0.312194 	1.275423  	-7.379100 
107.000000	-0.333218 	1.262014  	-7.379100 
108.000000	-0.354504 	1.246879  	-7.379100 
109.000000	-0.375986 	1.230451  	-7.379100 
110.000000	-0.397467 	1.214022  	-7.379100 
111.000000	-0.418949 	1.197593  	-7.379100 
112.000000	-0.440490 	1.180595  	-7.379100 
113.000000	-0.462249 	1.161509  	-7.379100 
114.000000	-0.484008 	1.142423  	-7.379100 
115.000000	-0.505766 	1.123337  	-7.379100 
116.000000	-0.527525 	1.104250  	-7.379100 
117.000000	-0.549445 	1.083250  	-7.379100 
118.000000	-0.571392 	1.061930  	-7.379100 
119.000000	-0.593340 	1.040610  	-7.379100 
120.000000	-0.615287 	1.019290  	-7.379100 
121.000000	-0.637344 	0.997092  	-7.379100 
122.000000	-0.659510 	0.974015  	-7.379100 
123.000000	-0.681676 	0.950937  	-7.379100 
124.000000	-0.703843 	0.927860  	-7.379100 
125.000000	-0.726067 	0.904606  	-7.379100 
126.000000	-0.748638 	0.880288  	-7.379100 
127.000000	-0.771208 	0.855971  	-7.379100 
128.000000	-0.793779 	0.831654  	-7.379100 
129.000000	-0.816350 	0.807336  	-7.379100 
130.000000	-0.839546 	0.782474  	-7.379100 
131.000000	-0.862913 	0.757464  	-7.379100 
132.000000	-0.886280 	0.732453  	-7.379100 
133.000000	-0.909647 	0.707443  	-7.379100 
134.000000	-0.933647 	0.682377  	-7.379100 
135.000000	-0.958490 	0.657237  	-7.379100 
136.000000	-0.983333 	0.632097  	-7.379100 
137.000000	-1.008176 	0.606956  	-7.379100 
138.000000	-1.033203 	0.581848  	-7.379100 
139.000000	-1.060624 	0.557146  	-7.379100 
140.000000	-1.088046 	0.532444  	-7.379100 
141.000000	-1.115467 	0.507742  	-7.379100 
142.000000	-1.142888 	0.483040  	-7.379100 
143.000000	-1.173410 	0.459050  	-7.379100 
144.000000	-1.205172 	0.435345  	-7.379100 
145.000000	-1.236933 	0.411640  	-7.379100 
146.000000	-1.268695 	0.387935  	-7.379100 
147.000000	-1.303034 	0.364777  	-7.379100 
148.000000	-1.342010 	0.342605  	-7.379100 
149.000000	-1.380987 	0.320434  	-7.379100 
150.000000	-1.419963 	0.298262  	-7.379100 
151.000000	-1.458940 	0.276090  	-7.379100 
152.000000	-1.408632 	0.255359  	-7.379100 
153.000000	-1.358323 	0.234627  	-7.379100 
154.000000	-1.308015 	0.214895  	-7.379100 
155.000000	-1.257707 	0.195239  	-7.379100 
156.000000	-1.207399 	0.176592  	-7.379100 
157.000000	-1.157090 	0.158113  	-7.379100 
158.000000	-1.106782 	0.140633  	-7.379100 
159.000000	-1.056474 	0.123425  	-7.379100 
160.000000	-1.006166 	0.107189  	-7.379100 
161.000000	-0.955857 	0.091341  	-7.379100 
162.000000	-0.905549 	0.076420  	-7.379100 
163.000000	-0.855241 	0.062013  	-7.379100 
164.000000	-0.804932 	0.048472  	-7.379100 
165.000000	-0.754624 	0.035581  	-7.379100 
166.000000	-0.704316 	0.023481  	-7.379100 
167.000000	-0.654008 	0.012171  	-7.379100 
168.000000	-0.603699 	0.004734  	-7.379100 
169.000000	-0.553391 	0.002461  	-7.379100 
170.000000	-0.503083 	0.001000  	-7.379100 
171.000000	-0.452774 	0.001000  	-7.379100 
172.000000	-0.402466 	0.001000  	-7.379100 
173.000000	-0.352158 	0.001000  	-7.379100 
174.000000	-0.301850 	0.001000  	-7.379100 
175.000000	-0.251541 	0.001000  	-7.379100 
176.000000	-0.201233 	0.001000  	-7.379100 
177.000000	-0.150925 	0.001000  	-7.379100 
178.000000	-0.100617 	0.001000  	-7.379100 
179.000000	-0.050308 	0.001000  	-7.379100 
180.000000	0.000000  	0.001000  	-7.379100 
! ------------------------------------------------------------------------------
! data for table	2         
! ------------------------------------------------------------------------------
  0.300000  	Re           ! Reynolds number in millions
  0.000000  	UserProp     ! User property (control) setting
Flase           InclUAdata   ! Is unsteady aerodynamics data included in this table? If TRUE, then include UA coefficients below this line. Any missing coefficients will be calculated internally.
! Table of aerodynamics coefficients
  361       	NumAlf       ! Number of data lines in the following table
!Alpha      Cl          Cd          Cm/Cp
!(deg)      (-)         (-)         (-)
-180.000000	0.000000  	0.001000  	-7.604400 
-179.000000	0.050859  	0.001000  	-7.604400 
-178.000000	0.101717  	0.001000  	-7.604400 
-177.000000	0.152576  	0.001000  	-7.604400 
-176.000000	0.203434  	0.001000  	-7.604400 
-175.000000	0.254293  	0.001000  	-7.604400 
-174.000000	0.305152  	0.001000  	-7.604400 
-173.000000	0.356010  	0.001000  	-7.604400 
-172.000000	0.406869  	0.001000  	-7.604400 
-171.000000	0.457728  	0.001000  	-7.604400 
-170.000000	0.508586  	0.001000  	-7.604400 
-169.000000	0.559445  	0.002517  	-7.604400 
-168.000000	0.610303  	0.004876  	-7.604400 
-167.000000	0.661162  	0.012349  	-7.604400 
-166.000000	0.712021  	0.023658  	-7.604400 
-165.000000	0.762879  	0.035758  	-7.604400 
-164.000000	0.813738  	0.048648  	-7.604400 
-163.000000	0.864597  	0.062188  	-7.604400 
-162.000000	0.915455  	0.076594  	-7.604400 
-161.000000	0.966314  	0.091514  	-7.604400 
-160.000000	1.017172  	0.107361  	-7.604400 
-159.000000	1.068031  	0.123596  	-7.604400 
-158.000000	1.118890  	0.140802  	-7.604400 
-157.000000	1.169748  	0.158281  	-7.604400 
-156.000000	1.220607  	0.176759  	-7.604400 
-155.000000	1.271466  	0.195405  	-7.604400 
-154.000000	1.322324  	0.215059  	-7.604400 
-153.000000	1.373183  	0.234790  	-7.604400 
-152.000000	1.424041  	0.255520  	-7.604400 
-151.000000	1.474900  	0.276250  	-7.604400 
-150.000000	1.435206  	0.298420  	-7.604400 
-149.000000	1.395512  	0.320590  	-7.604400 
-148.000000	1.355818  	0.342760  	-7.604400 
-147.000000	1.316124  	0.364930  	-7.604400 
-146.000000	1.281162  	0.388086  	-7.604400 
-145.000000	1.248830  	0.411790  	-7.604400 
-144.000000	1.216497  	0.435493  	-7.604400 
-143.000000	1.184165  	0.459196  	-7.604400 
-142.000000	1.153103  	0.483184  	-7.604400 
-141.000000	1.125216  	0.507884  	-7.604400 
-140.000000	1.097329  	0.532584  	-7.604400 
-139.000000	1.069442  	0.557284  	-7.604400 
-138.000000	1.041555  	0.581984  	-7.604400 
-137.000000	1.016135  	0.607090  	-7.604400 
-136.000000	0.990905  	0.632228  	-7.604400 
-135.000000	0.965675  	0.657366  	-7.604400 
-134.000000	0.940445  	0.682504  	-7.604400 
-133.000000	0.916094  	0.707567  	-7.604400 
-132.000000	0.892403  	0.732576  	-7.604400 
-131.000000	0.868711  	0.757584  	-7.604400 
-130.000000	0.845020  	0.782592  	-7.604400 
-129.000000	0.821510  	0.807451  	-7.604400 
-128.000000	0.798665  	0.831766  	-7.604400 
-127.000000	0.775821  	0.856081  	-7.604400 
-126.000000	0.752977  	0.880396  	-7.604400 
-125.000000	0.730132  	0.904711  	-7.604400 
-124.000000	0.707672  	0.927962  	-7.604400 
-123.000000	0.685276  	0.951037  	-7.604400 
-122.000000	0.662879  	0.974111  	-7.604400 
-121.000000	0.640483  	0.997186  	-7.604400 
-120.000000	0.618215  	1.019382  	-7.604400 
-119.000000	0.596076  	1.040699  	-7.604400 
-118.000000	0.573936  	1.062016  	-7.604400 
-117.000000	0.551797  	1.083333  	-7.604400 
-116.000000	0.529690  	1.104331  	-7.604400 
-115.000000	0.507774  	1.123414  	-7.604400 
-114.000000	0.485857  	1.142497  	-7.604400 
-113.000000	0.463941  	1.161580  	-7.604400 
-112.000000	0.442025  	1.180664  	-7.604400 
-111.000000	0.420351  	1.197659  	-7.604400 
-110.000000	0.398743  	1.214085  	-7.604400 
-109.000000	0.377135  	1.230510  	-7.604400 
-108.000000	0.355527  	1.246936  	-7.604400 
-107.000000	0.334128  	1.262067  	-7.604400 
-106.000000	0.313008  	1.275473  	-7.604400 
-105.000000	0.291887  	1.288879  	-7.604400 
-104.000000	0.270767  	1.302285  	-7.604400 
-103.000000	0.249699  	1.315455  	-7.604400 
-102.000000	0.229319  	1.325549  	-7.604400 
-101.000000	0.208938  	1.335643  	-7.604400 
-100.000000	0.188558  	1.345738  	-7.604400 
-99.000000	0.168177  	1.355832  	-7.604400 
-98.000000	0.148546  	1.363407  	-7.604400 
-97.000000	0.129215  	1.369975  	-7.604400 
-96.000000	0.109884  	1.376543  	-7.604400 
-95.000000	0.090552  	1.383110  	-7.604400 
-94.000000	0.071721  	1.388371  	-7.604400 
-93.000000	0.053791  	1.391278  	-7.604400 
-92.000000	0.035861  	1.394185  	-7.604400 
-91.000000	0.017930  	1.397093  	-7.604400 
-90.000000	0.000000  	1.400000  	-7.604400 
-89.000000	-0.017930 	1.397093  	-7.604400 
-88.000000	-0.035861 	1.394185  	-7.604400 
-87.000000	-0.053791 	1.391278  	-7.604400 
-86.000000	-0.071721 	1.388371  	-7.604400 
-85.000000	-0.090552 	1.383110  	-7.604400 
-84.000000	-0.109884 	1.376543  	-7.604400 
-83.000000	-0.129215 	1.369975  	-7.604400 
-82.000000	-0.148546 	1.363407  	-7.604400 
-81.000000	-0.168177 	1.355832  	-7.604400 
-80.000000	-0.188558 	1.345738  	-7.604400 
-79.000000	-0.208938 	1.335643  	-7.604400 
-78.000000	-0.229319 	1.325549  	-7.604400 
-77.000000	-0.249699 	1.315455  	-7.604400 
-76.000000	-0.270767 	1.302285  	-7.604400 
-75.000000	-0.291887 	1.288879  	-7.604400 
-74.000000	-0.313008 	1.275473  	-7.604400 
-73.000000	-0.334128 	1.262067  	-7.604400 
-72.000000	-0.355527 	1.246936  	-7.604400 
-71.000000	-0.377135 	1.230510  	-7.604400 
-70.000000	-0.398743 	1.214085  	-7.604400 
-69.000000	-0.420351 	1.197659  	-7.604400 
-68.000000	-0.442025 	1.180664  	-7.604400 
-67.000000	-0.463941 	1.161580  	-7.604400 
-66.000000	-0.485857 	1.142497  	-7.604400 
-65.000000	-0.507774 	1.123414  	-7.604400 
-64.000000	-0.529690 	1.104331  	-7.604400 
-63.000000	-0.551797 	1.083333  	-7.604400 
-62.000000	-0.573936 	1.062016  	-7.604400 
-61.000000	-0.596076 	1.040699  	-7.604400 
-60.000000	-0.618215 	1.019382  	-7.604400 
-59.000000	-0.640483 	0.997186  	-7.604400 
-58.000000	-0.662879 	0.974111  	-7.604400 
-57.000000	-0.685276 	0.951037  	-7.604400 
-56.000000	-0.707672 	0.927962  	-7.604400 
-55.000000	-0.730132 	0.904711  	-7.604400 
-54.000000	-0.752977 	0.880396  	-7.604400 
-53.000000	-0.775821 	0.856081  	-7.604400 
-52.000000	-0.798665 	0.831766  	-7.604400 
-51.000000	-0.821510 	0.807451  	-7.604400 
-50.000000	-0.845020 	0.782592  	-7.604400 
-49.000000	-0.868711 	0.757584  	-7.604400 
-48.000000	-0.892403 	0.732576  	-7.604400 
-47.000000	-0.916094 	0.707567  	-7.604400 
-46.000000	-0.940445 	0.682504  	-7.604400 
-45.000000	-0.965675 	0.657366  	-7.604400 
-44.000000	-0.990905 	0.632228  	-7.604400 
-43.000000	-1.016135 	0.607090  	-7.604400 
-42.000000	-1.041555 	0.581984  	-7.604400 
-41.000000	-1.069442 	0.557284  	-7.604400 
-40.000000	-1.097329 	0.532584  	-7.604400 
-39.000000	-1.125216 	0.507884  	-7.604400 
-38.000000	-1.153103 	0.483184  	-7.604400 
-37.000000	-1.184165 	0.459196  	-7.604400 
-36.000000	-1.216497 	0.435493  	-7.604400 
-35.000000	-1.248830 	0.411790  	-7.604400 
-34.000000	-1.281162 	0.388086  	-7.604400 
-33.000000	-1.316124 	0.364930  	-7.604400 
-32.000000	-1.355818 	0.342760  	-7.604400 
-31.000000	-1.395512 	0.320590  	-7.604400 
-30.000000	-1.435206 	0.298420  	-7.604400 
-29.000000	-1.474900 	0.276250  	-7.604400 
-28.000000	-1.428275 	0.264225  	-7.604400 
-27.000000	-1.381650 	0.252201  	-7.604400 
-26.000000	-1.335025 	0.240176  	-7.604400 
-25.000000	-1.288400 	0.228152  	-7.604400 
-24.000000	-1.241775 	0.216127  	-7.604400 
-23.000000	-1.195150 	0.204103  	-7.604400 
-22.000000	-1.148525 	0.192078  	-7.604400 
-21.000000	-1.101900 	0.180054  	-7.604400 
-20.000000	-1.055275 	0.168029  	-7.604400 
-19.000000	-1.008650 	0.156005  	-7.604400 
-18.000000	-0.962025 	0.143981  	-7.604400 
-17.000000	-0.915400 	0.131956  	-7.604400 
-16.000000	-0.868775 	0.119931  	-7.604400 
-15.000000	-0.822150 	0.107907  	-7.604400 
-14.000000	-0.775525 	0.095882  	-7.604400 
-13.000000	-0.728900 	0.083858  	-7.604400 
-12.000000	-0.682275 	0.071833  	-7.604400 
-11.000000	-0.635650 	0.059809  	-5.878650 
-10.000000	-0.589025 	0.047784  	-3.865275 
-9.000000 	-0.542400 	0.035760  	-1.851900 
-8.000000 	-0.356600 	0.033770  	-1.690800 
-7.000000 	-0.228000 	0.033610  	-1.566700 
-6.000000 	-0.087400 	0.033460  	-1.440100 
-5.000000 	0.048400  	0.033320  	-1.322500 
-4.000000 	0.186800  	0.033440  	-1.203900 
-3.000000 	0.322900  	0.033500  	-1.093500 
-2.000000 	0.460700  	0.033800  	-1.178100 
-1.000000 	0.593100  	0.034120  	-1.288400 
0.000000  	0.728500  	0.034450  	-1.405700 
1.000000  	0.860600  	0.034960  	-1.525900 
2.000000  	0.990100  	0.035500  	-1.651100 
3.000000  	1.119700  	0.036170  	-1.784400 
4.000000  	1.248800  	0.036950  	-1.927800 
5.000000  	1.372200  	0.037840  	-2.081400 
6.000000  	1.495200  	0.038810  	-2.254300 
7.000000  	1.617000  	0.039910  	-2.448700 
8.000000  	1.733700  	0.041160  	-2.666500 
9.000000  	1.845100  	0.042550  	-2.910600 
10.000000 	1.951700  	0.044280  	-3.183700 
11.000000 	2.043900  	0.046630  	-3.473900 
12.000000 	2.107400  	0.050520  	-3.750200 
13.000000 	2.100900  	0.059670  	-3.943600 
14.000000 	2.094500  	0.071260  	-4.157400 
15.000000 	2.076300  	0.086170  	-4.346800 
16.000000 	2.051000  	0.102800  	-4.521300 
17.000000 	2.032800  	0.119730  	-4.702400 
18.000000 	2.017700  	0.136250  	-4.885100 
19.000000 	2.009000  	0.152430  	-5.077600 
20.000000 	2.008800  	0.167140  	-5.292000 
21.000000 	2.013300  	0.181320  	-5.524500 
22.000000 	2.020700  	0.194860  	-5.762100 
23.000000 	2.033100  	0.207270  	-6.033800 
24.000000 	2.043500  	0.220050  	-6.281800 
25.000000 	2.054500  	0.232420  	-6.544400 
26.000000 	2.065700  	0.244470  	-6.805800 
27.000000 	2.077700  	0.255530  	-7.060500 
28.000000 	2.089700  	0.266590  	-7.315200 
29.000000 	2.107000  	0.276250  	-7.604400 
30.000000 	2.050294  	0.298420  	-7.604400 
31.000000 	1.993589  	0.320590  	-7.604400 
32.000000 	1.936883  	0.342760  	-7.604400 
33.000000 	1.880177  	0.364930  	-7.604400 
34.000000 	1.830232  	0.388086  	-7.604400 
35.000000 	1.784043  	0.411790  	-7.604400 
36.000000 	1.737853  	0.435493  	-7.604400 
37.000000 	1.691664  	0.459196  	-7.604400 
38.000000 	1.647289  	0.483184  	-7.604400 
39.000000 	1.607451  	0.507884  	-7.604400 
40.000000 	1.567612  	0.532584  	-7.604400 
41.000000 	1.527774  	0.557284  	-7.604400 
42.000000 	1.487935  	0.581984  	-7.604400 
43.000000 	1.451621  	0.607090  	-7.604400 
44.000000 	1.415579  	0.632228  	-7.604400 
45.000000 	1.379536  	0.657366  	-7.604400 
46.000000 	1.343493  	0.682504  	-7.604400 
47.000000 	1.308706  	0.707567  	-7.604400 
48.000000 	1.274861  	0.732576  	-7.604400 
49.000000 	1.241016  	0.757584  	-7.604400 
50.000000 	1.207171  	0.782592  	-7.604400 
51.000000 	1.173585  	0.807451  	-7.604400 
52.000000 	1.140950  	0.831766  	-7.604400 
53.000000 	1.108316  	0.856081  	-7.604400 
54.000000 	1.075681  	0.880396  	-7.604400 
55.000000 	1.043046  	0.904711  	-7.604400 
56.000000 	1.010960  	0.927962  	-7.604400 
57.000000 	0.978965  	0.951037  	-7.604400 
58.000000 	0.946970  	0.974111  	-7.604400 
59.000000 	0.914975  	0.997186  	-7.604400 
60.000000 	0.883164  	1.019382  	-7.604400 
61.000000 	0.851537  	1.040699  	-7.604400 
62.000000 	0.819909  	1.062016  	-7.604400 
63.000000 	0.788282  	1.083333  	-7.604400 
64.000000 	0.756700  	1.104331  	-7.604400 
65.000000 	0.725391  	1.123414  	-7.604400 
66.000000 	0.694082  	1.142497  	-7.604400 
67.000000 	0.662773  	1.161580  	-7.604400 
68.000000 	0.631464  	1.180664  	-7.604400 
69.000000 	0.600501  	1.197659  	-7.604400 
70.000000 	0.569632  	1.214085  	-7.604400 
71.000000 	0.538764  	1.230510  	-7.604400 
72.000000 	0.507896  	1.246936  	-7.604400 
73.000000 	0.477326  	1.262067  	-7.604400 
74.000000 	0.447154  	1.275473  	-7.604400 
75.000000 	0.416982  	1.288879  	-7.604400 
76.000000 	0.386810  	1.302285  	-7.604400 
77.000000 	0.356713  	1.315455  	-7.604400 
78.000000 	0.327598  	1.325549  	-7.604400 
79.000000 	0.298483  	1.335643  	-7.604400 
80.000000 	0.269368  	1.345738  	-7.604400 
81.000000 	0.240254  	1.355832  	-7.604400 
82.000000 	0.212209  	1.363407  	-7.604400 
83.000000 	0.184593  	1.369975  	-7.604400 
84.000000 	0.156977  	1.376543  	-7.604400 
85.000000 	0.129360  	1.383110  	-7.604400 
86.000000 	0.102459  	1.388371  	-7.604400 
87.000000 	0.076844  	1.391278  	-7.604400 
88.000000 	0.051230  	1.394185  	-7.604400 
89.000000 	0.025615  	1.397093  	-7.604400 
90.000000 	0.000000  	1.400000  	-7.604400 
91.000000 	-0.017930 	1.397093  	-7.604400 
92.000000 	-0.035861 	1.394185  	-7.604400 
93.000000 	-0.053791 	1.391278  	-7.604400 
94.000000 	-0.071721 	1.388371  	-7.604400 
95.000000 	-0.090552 	1.383110  	-7.604400 
96.000000 	-0.109884 	1.376543  	-7.604400 
97.000000 	-0.129215 	1.369975  	-7.604400 
98.000000 	-0.148546 	1.363407  	-7.604400 
99.000000 	-0.168177 	1.355832  	-7.604400 
100.000000	-0.188558 	1.345738  	-7.604400 
101.000000	-0.208938 	1.335643  	-7.604400 
102.000000	-0.229319 	1.325549  	-7.604400 
103.000000	-0.249699 	1.315455  	-7.604400 
104.000000	-0.270767 	1.302285  	-7.604400 
105.000000	-0.291887 	1.288879  	-7.604400 
106.000000	-0.313008 	1.275473  	-7.604400 
107.000000	-0.334128 	1.262067  	-7.604400 
108.000000	-0.355527 	1.246936  	-7.604400 
109.000000	-0.377135 	1.230510  	-7.604400 
110.000000	-0.398743 	1.214085  	-7.604400 
111.000000	-0.420351 	1.197659  	-7.604400 
112.000000	-0.442025 	1.180664  	-7.604400 
113.000000	-0.463941 	1.161580  	-7.604400 
114.000000	-0.485857 	1.142497  	-7.604400 
115.000000	-0.507774 	1.123414  	-7.604400 
116.000000	-0.529690 	1.104331  	-7.604400 
117.000000	-0.551797 	1.083333  	-7.604400 
118.000000	-0.573936 	1.062016  	-7.604400 
119.000000	-0.596076 	1.040699  	-7.604400 
120.000000	-0.618215 	1.019382  	-7.604400 
121.000000	-0.640483 	0.997186  	-7.604400 
122.000000	-0.662879 	0.974111  	-7.604400 
123.000000	-0.685276 	0.951037  	-7.604400 
124.000000	-0.707672 	0.927962  	-7.604400 
125.000000	-0.730132 	0.904711  	-7.604400 
126.000000	-0.752977 	0.880396  	-7.604400 
127.000000	-0.775821 	0.856081  	-7.604400 
128.000000	-0.798665 	0.831766  	-7.604400 
129.000000	-0.821510 	0.807451  	-7.604400 
130.000000	-0.845020 	0.782592  	-7.604400 
131.000000	-0.868711 	0.757584  	-7.604400 
132.000000	-0.892403 	0.732576  	-7.604400 
133.000000	-0.916094 	0.707567  	-7.604400 
134.000000	-0.940445 	0.682504  	-7.604400 
135.000000	-0.965675 	0.657366  	-7.604400 
136.000000	-0.990905 	0.632228  	-7.604400 
137.000000	-1.016135 	0.607090  	-7.604400 
138.000000	-1.041555 	0.581984  	-7.604400 
139.000000	-1.069442 	0.557284  	-7.604400 
140.000000	-1.097329 	0.532584  	-7.604400 
141.000000	-1.125216 	0.507884  	-7.604400 
142.000000	-1.153103 	0.483184  	-7.604400 
143.000000	-1.184165 	0.459196  	-7.604400 
144.000000	-1.216497 	0.435493  	-7.604400 
145.000000	-1.248830 	0.411790  	-7.604400 
146.000000	-1.281162 	0.388086  	-7.604400 
147.000000	-1.316124 	0.364930  	-7.604400 
148.000000	-1.355818 	0.342760  	-7.604400 
149.000000	-1.395512 	0.320590  	-7.604400 
150.000000	-1.435206 	0.298420  	-7.604400 
151.000000	-1.474900 	0.276250  	-7.604400 
152.000000	-1.424041 	0.255520  	-7.604400 
153.000000	-1.373183 	0.234790  	-7.604400 
154.000000	-1.322324 	0.215059  	-7.604400 
155.000000	-1.271466 	0.195405  	-7.604400 
156.000000	-1.220607 	0.176759  	-7.604400 
157.000000	-1.169748 	0.158281  	-7.604400 
158.000000	-1.118890 	0.140802  	-7.604400 
159.000000	-1.068031 	0.123596  	-7.604400 
160.000000	-1.017172 	0.107361  	-7.604400 
161.000000	-0.966314 	0.091514  	-7.604400 
162.000000	-0.915455 	0.076594  	-7.604400 
163.000000	-0.864597 	0.062188  	-7.604400 
164.000000	-0.813738 	0.048648  	-7.604400 
165.000000	-0.762879 	0.035758  	-7.604400 
166.000000	-0.712021 	0.023658  	-7.604400 
167.000000	-0.661162 	0.012349  	-7.604400 
168.000000	-0.610303 	0.004876  	-7.604400 
169.000000	-0.559445 	0.002517  	-7.604400 
170.000000	-0.508586 	0.001000  	-7.604400 
171.000000	-0.457728 	0.001000  	-7.604400 
172.000000	-0.406869 	0.001000  	-7.604400 
173.000000	-0.356010 	0.001000  	-7.604400 
174.000000	-0.305152 	0.001000  	-7.604400 
175.000000	-0.254293 	0.001000  	-7.604400 
176.000000	-0.203434 	0.001000  	-7.604400 
177.000000	-0.152576 	0.001000  	-7.604400 
178.000000	-0.101717 	0.001000  	-7.604400 
179.000000	-0.050859 	0.001000  	-7.604400 
180.000000	0.000000  	0.001000  	-7.604400 
! ------------------------------------------------------------------------------
! data for table	3         
! ------------------------------------------------------------------------------
  0.400000  	Re           ! Reynolds number in millions
  0.000000  	UserProp     ! User property (control) setting
Flase           InclUAdata   ! Is unsteady aerodynamics data included in this table? If TRUE, then include UA coefficients below this line. Any missing coefficients will be calculated internally.
! Table of aerodynamics coefficients
  361       	NumAlf       ! Number of data lines in the following table
!Alpha      Cl          Cd          Cm/Cp
!(deg)      (-)         (-)         (-)
-180.000000	0.000000  	0.001000  	-7.559600 
-179.000000	0.050523  	0.001000  	-7.559600 
-178.000000	0.101046  	0.001000  	-7.559600 
-177.000000	0.151569  	0.001000  	-7.559600 
-176.000000	0.202092  	0.001000  	-7.559600 
-175.000000	0.252616  	0.001000  	-7.559600 
-174.000000	0.303139  	0.001000  	-7.559600 
-173.000000	0.353662  	0.001000  	-7.559600 
-172.000000	0.404185  	0.001000  	-7.559600 
-171.000000	0.454708  	0.001000  	-7.559600 
-170.000000	0.505231  	0.001000  	-7.559600 
-169.000000	0.555754  	0.004544  	-7.559600 
-168.000000	0.606277  	0.010057  	-7.559600 
-167.000000	0.656800  	0.018866  	-7.559600 
-166.000000	0.707323  	0.030148  	-7.559600 
-165.000000	0.757847  	0.042218  	-7.559600 
-164.000000	0.808370  	0.055077  	-7.559600 
-163.000000	0.858893  	0.068584  	-7.559600 
-162.000000	0.909416  	0.082954  	-7.559600 
-161.000000	0.959939  	0.097837  	-7.559600 
-160.000000	1.010462  	0.113645  	-7.559600 
-159.000000	1.060985  	0.129840  	-7.559600 
-158.000000	1.111508  	0.147003  	-7.559600 
-157.000000	1.162031  	0.164438  	-7.559600 
-156.000000	1.212554  	0.182868  	-7.559600 
-155.000000	1.263078  	0.201467  	-7.559600 
-154.000000	1.313601  	0.221070  	-7.559600 
-153.000000	1.364124  	0.240750  	-7.559600 
-152.000000	1.414647  	0.261425  	-7.559600 
-151.000000	1.465170  	0.282100  	-7.559600 
-150.000000	1.425913  	0.304210  	-7.559600 
-149.000000	1.386657  	0.326319  	-7.559600 
-148.000000	1.347400  	0.348429  	-7.559600 
-147.000000	1.308144  	0.370539  	-7.559600 
-146.000000	1.273562  	0.393629  	-7.559600 
-145.000000	1.241577  	0.417265  	-7.559600 
-144.000000	1.209593  	0.440900  	-7.559600 
-143.000000	1.177608  	0.464536  	-7.559600 
-142.000000	1.146875  	0.488454  	-7.559600 
-141.000000	1.119272  	0.513079  	-7.559600 
-140.000000	1.091669  	0.537704  	-7.559600 
-139.000000	1.064066  	0.562329  	-7.559600 
-138.000000	1.036463  	0.586954  	-7.559600 
-137.000000	1.011283  	0.611980  	-7.559600 
-136.000000	0.986289  	0.637036  	-7.559600 
-135.000000	0.961295  	0.662092  	-7.559600 
-134.000000	0.936301  	0.687149  	-7.559600 
-133.000000	0.912164  	0.712128  	-7.559600 
-132.000000	0.888670  	0.737048  	-7.559600 
-131.000000	0.865177  	0.761969  	-7.559600 
-130.000000	0.841683  	0.786889  	-7.559600 
-129.000000	0.818364  	0.811660  	-7.559600 
-128.000000	0.795686  	0.835882  	-7.559600 
-127.000000	0.773009  	0.860103  	-7.559600 
-126.000000	0.750331  	0.884325  	-7.559600 
-125.000000	0.727654  	0.908547  	-7.559600 
-124.000000	0.705337  	0.931701  	-7.559600 
-123.000000	0.683081  	0.954677  	-7.559600 
-122.000000	0.660825  	0.977654  	-7.559600 
-121.000000	0.638569  	1.000630  	-7.559600 
-120.000000	0.616430  	1.022725  	-7.559600 
-119.000000	0.594408  	1.043939  	-7.559600 
-118.000000	0.572385  	1.065154  	-7.559600 
-117.000000	0.550363  	1.086368  	-7.559600 
-116.000000	0.528370  	1.107262  	-7.559600 
-115.000000	0.506550  	1.126239  	-7.559600 
-114.000000	0.484730  	1.145216  	-7.559600 
-113.000000	0.462909  	1.164192  	-7.559600 
-112.000000	0.441089  	1.183169  	-7.559600 
-111.000000	0.419496  	1.200055  	-7.559600 
-110.000000	0.397965  	1.216371  	-7.559600 
-109.000000	0.376434  	1.232686  	-7.559600 
-108.000000	0.354903  	1.249002  	-7.559600 
-107.000000	0.333573  	1.264022  	-7.559600 
-106.000000	0.312512  	1.277316  	-7.559600 
-105.000000	0.291450  	1.290609  	-7.559600 
-104.000000	0.270388  	1.303903  	-7.559600 
-103.000000	0.249378  	1.316959  	-7.559600 
-102.000000	0.229039  	1.326939  	-7.559600 
-101.000000	0.208700  	1.336919  	-7.559600 
-100.000000	0.188361  	1.346899  	-7.559600 
-99.000000	0.168022  	1.356878  	-7.559600 
-98.000000	0.148421  	1.364338  	-7.559600 
-97.000000	0.129114  	1.370790  	-7.559600 
-96.000000	0.109807  	1.377241  	-7.559600 
-95.000000	0.090501  	1.383693  	-7.559600 
-94.000000	0.071689  	1.388837  	-7.559600 
-93.000000	0.053766  	1.391628  	-7.559600 
-92.000000	0.035844  	1.394419  	-7.559600 
-91.000000	0.017922  	1.397209  	-7.559600 
-90.000000	0.000000  	1.400000  	-7.559600 
-89.000000	-0.017922 	1.397209  	-7.559600 
-88.000000	-0.035844 	1.394419  	-7.559600 
-87.000000	-0.053766 	1.391628  	-7.559600 
-86.000000	-0.071689 	1.388837  	-7.559600 
-85.000000	-0.090501 	1.383693  	-7.559600 
-84.000000	-0.109807 	1.377241  	-7.559600 
-83.000000	-0.129114 	1.370790  	-7.559600 
-82.000000	-0.148421 	1.364338  	-7.559600 
-81.000000	-0.168022 	1.356878  	-7.559600 
-80.000000	-0.188361 	1.346899  	-7.559600 
-79.000000	-0.208700 	1.336919  	-7.559600 
-78.000000	-0.229039 	1.326939  	-7.559600 
-77.000000	-0.249378 	1.316959  	-7.559600 
-76.000000	-0.270388 	1.303903  	-7.559600 
-75.000000	-0.291450 	1.290609  	-7.559600 
-74.000000	-0.312512 	1.277316  	-7.559600 
-73.000000	-0.333573 	1.264022  	-7.559600 
-72.000000	-0.354903 	1.249002  	-7.559600 
-71.000000	-0.376434 	1.232686  	-7.559600 
-70.000000	-0.397965 	1.216371  	-7.559600 
-69.000000	-0.419496 	1.200055  	-7.559600 
-68.000000	-0.441089 	1.183169  	-7.559600 
-67.000000	-0.462909 	1.164192  	-7.559600 
-66.000000	-0.484730 	1.145216  	-7.559600 
-65.000000	-0.506550 	1.126239  	-7.559600 
-64.000000	-0.528370 	1.107262  	-7.559600 
-63.000000	-0.550363 	1.086368  	-7.559600 
-62.000000	-0.572385 	1.065154  	-7.559600 
-61.000000	-0.594408 	1.043939  	-7.559600 
-60.000000	-0.616430 	1.022725  	-7.559600 
-59.000000	-0.638569 	1.000630  	-7.559600 
-58.000000	-0.660825 	0.977654  	-7.559600 
-57.000000	-0.683081 	0.954677  	-7.559600 
-56.000000	-0.705337 	0.931701  	-7.559600 
-55.000000	-0.727654 	0.908547  	-7.559600 
-54.000000	-0.750331 	0.884325  	-7.559600 
-53.000000	-0.773009 	0.860103  	-7.559600 
-52.000000	-0.795686 	0.835882  	-7.559600 
-51.000000	-0.818364 	0.811660  	-7.559600 
-50.000000	-0.841683 	0.786889  	-7.559600 
-49.000000	-0.865177 	0.761969  	-7.559600 
-48.000000	-0.888670 	0.737048  	-7.559600 
-47.000000	-0.912164 	0.712128  	-7.559600 
-46.000000	-0.936301 	0.687149  	-7.559600 
-45.000000	-0.961295 	0.662092  	-7.559600 
-44.000000	-0.986289 	0.637036  	-7.559600 
-43.000000	-1.011283 	0.611980  	-7.559600 
-42.000000	-1.036463 	0.586954  	-7.559600 
-41.000000	-1.064066 	0.562329  	-7.559600 
-40.000000	-1.091669 	0.537704  	-7.559600 
-39.000000	-1.119272 	0.513079  	-7.559600 
-38.000000	-1.146875 	0.488454  	-7.559600 
-37.000000	-1.177608 	0.464536  	-7.559600 
-36.000000	-1.209593 	0.440900  	-7.559600 
-35.000000	-1.241577 	0.417265  	-7.559600 
-34.000000	-1.273562 	0.393629  	-7.559600 
-33.000000	-1.308144 	0.370539  	-7.559600 
-32.000000	-1.347400 	0.348429  	-7.559600 
-31.000000	-1.386657 	0.326319  	-7.559600 
-30.000000	-1.425913 	0.304210  	-7.559600 
-29.000000	-1.465170 	0.282100  	-7.559600 
-28.000000	-1.424319 	0.269085  	-7.559600 
-27.000000	-1.383468 	0.256069  	-7.559600 
-26.000000	-1.342617 	0.243054  	-7.559600 
-25.000000	-1.301766 	0.230039  	-7.559600 
-24.000000	-1.260915 	0.217024  	-7.559600 
-23.000000	-1.220064 	0.204008  	-7.559600 
-22.000000	-1.179213 	0.190993  	-7.559600 
-21.000000	-1.138362 	0.177978  	-7.559600 
-20.000000	-1.097511 	0.164963  	-7.559600 
-19.000000	-1.056659 	0.151947  	-7.559600 
-18.000000	-1.015808 	0.138932  	-7.559600 
-17.000000	-0.974957 	0.125917  	-7.559600 
-16.000000	-0.934106 	0.112902  	-7.559600 
-15.000000	-0.893255 	0.099886  	-7.559600 
-14.000000	-0.852404 	0.086871  	-7.559600 
-13.000000	-0.811553 	0.073856  	-7.559600 
-12.000000	-0.770702 	0.060841  	-6.102968 
-11.000000	-0.729851 	0.047825  	-4.063684 
-10.000000	-0.689000 	0.034810  	-2.024400 
-9.000000 	-0.494100 	0.031750  	-1.845600 
-8.000000 	-0.349400 	0.031290  	-1.705100 
-7.000000 	-0.213400 	0.031380  	-1.576700 
-6.000000 	-0.074700 	0.031380  	-1.451100 
-5.000000 	0.061400  	0.031580  	-1.330100 
-4.000000 	0.200200  	0.031700  	-1.212200 
-3.000000 	0.335900  	0.031950  	-1.099400 
-2.000000 	0.472300  	0.032220  	-1.188000 
-1.000000 	0.607100  	0.032610  	-1.300300 
0.000000  	0.740700  	0.032980  	-1.417400 
1.000000  	0.874000  	0.033430  	-1.539000 
2.000000  	1.005500  	0.033980  	-1.665900 
3.000000  	1.134400  	0.034580  	-1.799500 
4.000000  	1.262300  	0.035270  	-1.942600 
5.000000  	1.388900  	0.036050  	-2.099000 
6.000000  	1.512400  	0.036970  	-2.273600 
7.000000  	1.632900  	0.037960  	-2.468300 
8.000000  	1.751400  	0.039110  	-2.689500 
9.000000  	1.864500  	0.040490  	-2.937900 
10.000000 	1.970800  	0.042130  	-3.213700 
11.000000 	2.067900  	0.044340  	-3.514000 
12.000000 	2.135500  	0.048140  	-3.799900 
13.000000 	2.129600  	0.057570  	-3.998700 
14.000000 	2.127900  	0.069170  	-4.227100 
15.000000 	2.108100  	0.084500  	-4.416200 
16.000000 	2.076000  	0.102140  	-4.581200 
17.000000 	2.053500  	0.119560  	-4.757100 
18.000000 	2.035800  	0.136550  	-4.935900 
19.000000 	2.024500  	0.152980  	-5.124100 
20.000000 	2.021500  	0.168060  	-5.334100 
21.000000 	2.023500  	0.182580  	-5.562600 
22.000000 	2.027500  	0.196580  	-5.792400 
23.000000 	2.034000  	0.209990  	-6.046200 
24.000000 	2.045200  	0.222600  	-6.299100 
25.000000 	2.055500  	0.235100  	-6.563600 
26.000000 	2.064800  	0.247490  	-6.819400 
27.000000 	2.074600  	0.259440  	-7.072600 
28.000000 	2.085100  	0.270870  	-7.318700 
29.000000 	2.093100  	0.282100  	-7.559600 
30.000000 	2.037019  	0.304210  	-7.559600 
31.000000 	1.980938  	0.326319  	-7.559600 
32.000000 	1.924857  	0.348429  	-7.559600 
33.000000 	1.868777  	0.370539  	-7.559600 
34.000000 	1.819374  	0.393629  	-7.559600 
35.000000 	1.773682  	0.417265  	-7.559600 
36.000000 	1.727989  	0.440900  	-7.559600 
37.000000 	1.682297  	0.464536  	-7.559600 
38.000000 	1.638393  	0.488454  	-7.559600 
39.000000 	1.598960  	0.513079  	-7.559600 
40.000000 	1.559527  	0.537704  	-7.559600 
41.000000 	1.520095  	0.562329  	-7.559600 
42.000000 	1.480662  	0.586954  	-7.559600 
43.000000 	1.444690  	0.611980  	-7.559600 
44.000000 	1.408984  	0.637036  	-7.559600 
45.000000 	1.373278  	0.662092  	-7.559600 
46.000000 	1.337572  	0.687149  	-7.559600 
47.000000 	1.303091  	0.712128  	-7.559600 
48.000000 	1.269529  	0.737048  	-7.559600 
49.000000 	1.235966  	0.761969  	-7.559600 
50.000000 	1.202404  	0.786889  	-7.559600 
51.000000 	1.169091  	0.811660  	-7.559600 
52.000000 	1.136695  	0.835882  	-7.559600 
53.000000 	1.104298  	0.860103  	-7.559600 
54.000000 	1.071902  	0.884325  	-7.559600 
55.000000 	1.039505  	0.908547  	-7.559600 
56.000000 	1.007625  	0.931701  	-7.559600 
57.000000 	0.975830  	0.954677  	-7.559600 
58.000000 	0.944036  	0.977654  	-7.559600 
59.000000 	0.912241  	1.000630  	-7.559600 
60.000000 	0.880614  	1.022725  	-7.559600 
61.000000 	0.849154  	1.043939  	-7.559600 
62.000000 	0.817694  	1.065154  	-7.559600 
63.000000 	0.786233  	1.086368  	-7.559600 
64.000000 	0.754814  	1.107262  	-7.559600 
65.000000 	0.723643  	1.126239  	-7.559600 
66.000000 	0.692471  	1.145216  	-7.559600 
67.000000 	0.661299  	1.164192  	-7.559600 
68.000000 	0.630128  	1.183169  	-7.559600 
69.000000 	0.599280  	1.200055  	-7.559600 
70.000000 	0.568522  	1.216371  	-7.559600 
71.000000 	0.537763  	1.232686  	-7.559600 
72.000000 	0.507004  	1.249002  	-7.559600 
73.000000 	0.476533  	1.264022  	-7.559600 
74.000000 	0.446445  	1.277316  	-7.559600 
75.000000 	0.416357  	1.290609  	-7.559600 
76.000000 	0.386269  	1.303903  	-7.559600 
77.000000 	0.356255  	1.316959  	-7.559600 
78.000000 	0.327199  	1.326939  	-7.559600 
79.000000 	0.298143  	1.336919  	-7.559600 
80.000000 	0.269088  	1.346899  	-7.559600 
81.000000 	0.240032  	1.356878  	-7.559600 
82.000000 	0.212030  	1.364338  	-7.559600 
83.000000 	0.184449  	1.370790  	-7.559600 
84.000000 	0.156868  	1.377241  	-7.559600 
85.000000 	0.129287  	1.383693  	-7.559600 
86.000000 	0.102412  	1.388837  	-7.559600 
87.000000 	0.076809  	1.391628  	-7.559600 
88.000000 	0.051206  	1.394419  	-7.559600 
89.000000 	0.025603  	1.397209  	-7.559600 
90.000000 	0.000000  	1.400000  	-7.559600 
91.000000 	-0.017922 	1.397209  	-7.559600 
92.000000 	-0.035844 	1.394419  	-7.559600 
93.000000 	-0.053766 	1.391628  	-7.559600 
94.000000 	-0.071689 	1.388837  	-7.559600 
95.000000 	-0.090501 	1.383693  	-7.559600 
96.000000 	-0.109807 	1.377241  	-7.559600 
97.000000 	-0.129114 	1.370790  	-7.559600 
98.000000 	-0.148421 	1.364338  	-7.559600 
99.000000 	-0.168022 	1.356878  	-7.559600 
100.000000	-0.188361 	1.346899  	-7.559600 
101.000000	-0.208700 	1.336919  	-7.559600 
102.000000	-0.229039 	1.326939  	-7.559600 
103.000000	-0.249378 	1.316959  	-7.559600 
104.000000	-0.270388 	1.303903  	-7.559600 
105.000000	-0.291450 	1.290609  	-7.559600 
106.000000	-0.312512 	1.277316  	-7.559600 
107.000000	-0.333573 	1.264022  	-7.559600 
108.000000	-0.354903 	1.249002  	-7.559600 
109.000000	-0.376434 	1.232686  	-7.559600 
110.000000	-0.397965 	1.216371  	-7.559600 
111.000000	-0.419496 	1.200055  	-7.559600 
112.000000	-0.441089 	1.183169  	-7.559600 
113.000000	-0.462909 	1.164192  	-7.559600 
114.000000	-0.484730 	1.145216  	-7.559600 
115.000000	-0.506550 	1.126239  	-7.559600 
116.000000	-0.528370 	1.107262  	-7.559600 
117.000000	-0.550363 	1.086368  	-7.559600 
118.000000	-0.572385 	1.065154  	-7.559600 
119.000000	-0.594408 	1.043939  	-7.559600 
120.000000	-0.616430 	1.022725  	-7.559600 
121.000000	-0.638569 	1.000630  	-7.559600 
122.000000	-0.660825 	0.977654  	-7.559600 
123.000000	-0.683081 	0.954677  	-7.559600 
124.000000	-0.705337 	0.931701  	-7.559600 
125.000000	-0.727654 	0.908547  	-7.559600 
126.000000	-0.750331 	0.884325  	-7.559600 
127.000000	-0.773009 	0.860103  	-7.559600 
128.000000	-0.795686 	0.835882  	-7.559600 
129.000000	-0.818364 	0.811660  	-7.559600 
130.000000	-0.841683 	0.786889  	-7.559600 
131.000000	-0.865177 	0.761969  	-7.559600 
132.000000	-0.888670 	0.737048  	-7.559600 
133.000000	-0.912164 	0.712128  	-7.559600 
134.000000	-0.936301 	0.687149  	-7.559600 
135.000000	-0.961295 	0.662092  	-7.559600 
136.000000	-0.986289 	0.637036  	-7.559600 
137.000000	-1.011283 	0.611980  	-7.559600 
138.000000	-1.036463 	0.586954  	-7.559600 
139.000000	-1.064066 	0.562329  	-7.559600 
140.000000	-1.091669 	0.537704  	-7.559600 
141.000000	-1.119272 	0.513079  	-7.559600 
142.000000	-1.146875 	0.488454  	-7.559600 
143.000000	-1.177608 	0.464536  	-7.559600 
144.000000	-1.209593 	0.440900  	-7.559600 
145.000000	-1.241577 	0.417265  	-7.559600 
146.000000	-1.273562 	0.393629  	-7.559600 
147.000000	-1.308144 	0.370539  	-7.559600 
148.000000	-1.347400 	0.348429  	-7.559600 
149.000000	-1.386657 	0.326319  	-7.559600 
150.000000	-1.425913 	0.304210  	-7.559600 
151.000000	-1.465170 	0.282100  	-7.559600 
152.000000	-1.414647 	0.261425  	-7.559600 
153.000000	-1.364124 	0.240750  	-7.559600 
154.000000	-1.313601 	0.221070  	-7.559600 
155.000000	-1.263078 	0.201467  	-7.559600 
156.000000	-1.212554 	0.182868  	-7.559600 
157.000000	-1.162031 	0.164438  	-7.559600 
158.000000	-1.111508 	0.147003  	-7.559600 
159.000000	-1.060985 	0.129840  	-7.559600 
160.000000	-1.010462 	0.113645  	-7.559600 
161.000000	-0.959939 	0.097837  	-7.559600 
162.000000	-0.909416 	0.082954  	-7.559600 
163.000000	-0.858893 	0.068584  	-7.559600 
164.000000	-0.808370 	0.055077  	-7.559600 
165.000000	-0.757847 	0.042218  	-7.559600 
166.000000	-0.707323 	0.030148  	-7.559600 
167.000000	-0.656800 	0.018866  	-7.559600 
168.000000	-0.606277 	0.010057  	-7.559600 
169.000000	-0.555754 	0.004544  	-7.559600 
170.000000	-0.505231 	0.001000  	-7.559600 
171.000000	-0.454708 	0.001000  	-7.559600 
172.000000	-0.404185 	0.001000  	-7.559600 
173.000000	-0.353662 	0.001000  	-7.559600 
174.000000	-0.303139 	0.001000  	-7.559600 
175.000000	-0.252616 	0.001000  	-7.559600 
176.000000	-0.202092 	0.001000  	-7.559600 
177.000000	-0.151569 	0.001000  	-7.559600 
178.000000	-0.101046 	0.001000  	-7.559600 
179.000000	-0.050523 	0.001000  	-7.559600 
180.000000	0.000000  	0.001000  	-7.559600 
! ------------------------------------------------------------------------------
! data for table	4         
! ------------------------------------------------------------------------------
  0.500000  	Re           ! Reynolds number in millions
  0.000000  	UserProp     ! User property (control) setting
Flase           InclUAdata   ! Is unsteady aerodynamics data included in this table? If TRUE, then include UA coefficients below this line. Any missing coefficients will be calculated internally.
! Table of aerodynamics coefficients
  361       	NumAlf       ! Number of data lines in the following table
!Alpha      Cl          Cd          Cm/Cp
!(deg)      (-)         (-)         (-)
-180.000000	0.000000  	0.001000  	-7.560000 
-179.000000	0.050463  	0.001000  	-7.560000 
-178.000000	0.100926  	0.001000  	-7.560000 
-177.000000	0.151388  	0.001000  	-7.560000 
-176.000000	0.201851  	0.001000  	-7.560000 
-175.000000	0.252314  	0.001000  	-7.560000 
-174.000000	0.302777  	0.001000  	-7.560000 
-173.000000	0.353239  	0.001000  	-7.560000 
-172.000000	0.403702  	0.001000  	-7.560000 
-171.000000	0.454165  	0.001000  	-7.560000 
-170.000000	0.504628  	0.001000  	-7.560000 
-169.000000	0.555090  	0.005504  	-7.560000 
-168.000000	0.605553  	0.012510  	-7.560000 
-167.000000	0.656016  	0.021951  	-7.560000 
-166.000000	0.706479  	0.033220  	-7.560000 
-165.000000	0.756941  	0.045277  	-7.560000 
-164.000000	0.807404  	0.058121  	-7.560000 
-163.000000	0.857867  	0.071612  	-7.560000 
-162.000000	0.908330  	0.085966  	-7.560000 
-161.000000	0.958792  	0.100832  	-7.560000 
-160.000000	1.009255  	0.116620  	-7.560000 
-159.000000	1.059718  	0.132796  	-7.560000 
-158.000000	1.110181  	0.149939  	-7.560000 
-157.000000	1.160643  	0.167353  	-7.560000 
-156.000000	1.211106  	0.185761  	-7.560000 
-155.000000	1.261569  	0.204337  	-7.560000 
-154.000000	1.312032  	0.223916  	-7.560000 
-153.000000	1.362494  	0.243572  	-7.560000 
-152.000000	1.412957  	0.264221  	-7.560000 
-151.000000	1.463420  	0.284870  	-7.560000 
-150.000000	1.424242  	0.306951  	-7.560000 
-149.000000	1.385064  	0.329032  	-7.560000 
-148.000000	1.345886  	0.351113  	-7.560000 
-147.000000	1.306708  	0.373194  	-7.560000 
-146.000000	1.272195  	0.396254  	-7.560000 
-145.000000	1.240273  	0.419857  	-7.560000 
-144.000000	1.208351  	0.443461  	-7.560000 
-143.000000	1.176429  	0.467064  	-7.560000 
-142.000000	1.145755  	0.490949  	-7.560000 
-141.000000	1.118203  	0.515539  	-7.560000 
-140.000000	1.090651  	0.540128  	-7.560000 
-139.000000	1.063099  	0.564718  	-7.560000 
-138.000000	1.035547  	0.589308  	-7.560000 
-137.000000	1.010410  	0.614295  	-7.560000 
-136.000000	0.985458  	0.639313  	-7.560000 
-135.000000	0.960507  	0.664330  	-7.560000 
-134.000000	0.935555  	0.689348  	-7.560000 
-133.000000	0.911457  	0.714287  	-7.560000 
-132.000000	0.887999  	0.739166  	-7.560000 
-131.000000	0.864541  	0.764045  	-7.560000 
-130.000000	0.841083  	0.788924  	-7.560000 
-129.000000	0.817798  	0.813653  	-7.560000 
-128.000000	0.795151  	0.837831  	-7.560000 
-127.000000	0.772503  	0.862008  	-7.560000 
-126.000000	0.749856  	0.886186  	-7.560000 
-125.000000	0.727208  	0.910363  	-7.560000 
-124.000000	0.704918  	0.933471  	-7.560000 
-123.000000	0.682687  	0.956401  	-7.560000 
-122.000000	0.660456  	0.979331  	-7.560000 
-121.000000	0.638225  	1.002261  	-7.560000 
-120.000000	0.616109  	1.024308  	-7.560000 
-119.000000	0.594108  	1.045474  	-7.560000 
-118.000000	0.572107  	1.066639  	-7.560000 
-117.000000	0.550105  	1.087805  	-7.560000 
-116.000000	0.528133  	1.108651  	-7.560000 
-115.000000	0.506330  	1.127577  	-7.560000 
-114.000000	0.484527  	1.146503  	-7.560000 
-113.000000	0.462724  	1.165429  	-7.560000 
-112.000000	0.440921  	1.184355  	-7.560000 
-111.000000	0.419343  	1.201189  	-7.560000 
-110.000000	0.397825  	1.217453  	-7.560000 
-109.000000	0.376308  	1.233717  	-7.560000 
-108.000000	0.354791  	1.249980  	-7.560000 
-107.000000	0.333473  	1.264948  	-7.560000 
-106.000000	0.312422  	1.278188  	-7.560000 
-105.000000	0.291371  	1.291428  	-7.560000 
-104.000000	0.270320  	1.304668  	-7.560000 
-103.000000	0.249321  	1.317672  	-7.560000 
-102.000000	0.228989  	1.327597  	-7.560000 
-101.000000	0.208658  	1.337523  	-7.560000 
-100.000000	0.188326  	1.347448  	-7.560000 
-99.000000	0.167995  	1.357374  	-7.560000 
-98.000000	0.148398  	1.364779  	-7.560000 
-97.000000	0.129096  	1.371175  	-7.560000 
-96.000000	0.109794  	1.377572  	-7.560000 
-95.000000	0.090491  	1.383969  	-7.560000 
-94.000000	0.071683  	1.389058  	-7.560000 
-93.000000	0.053762  	1.391794  	-7.560000 
-92.000000	0.035841  	1.394529  	-7.560000 
-91.000000	0.017921  	1.397265  	-7.560000 
-90.000000	0.000000  	1.400000  	-7.560000 
-89.000000	-0.017921 	1.397265  	-7.560000 
-88.000000	-0.035841 	1.394529  	-7.560000 
-87.000000	-0.053762 	1.391794  	-7.560000 
-86.000000	-0.071683 	1.389058  	-7.560000 
-85.000000	-0.090491 	1.383969  	-7.560000 
-84.000000	-0.109794 	1.377572  	-7.560000 
-83.000000	-0.129096 	1.371175  	-7.560000 
-82.000000	-0.148398 	1.364779  	-7.560000 
-81.000000	-0.167995 	1.357374  	-7.560000 
-80.000000	-0.188326 	1.347448  	-7.560000 
-79.000000	-0.208658 	1.337523  	-7.560000 
-78.000000	-0.228989 	1.327597  	-7.560000 
-77.000000	-0.249321 	1.317672  	-7.560000 
-76.000000	-0.270320 	1.304668  	-7.560000 
-75.000000	-0.291371 	1.291428  	-7.560000 
-74.000000	-0.312422 	1.278188  	-7.560000 
-73.000000	-0.333473 	1.264948  	-7.560000 
-72.000000	-0.354791 	1.249980  	-7.560000 
-71.000000	-0.376308 	1.233717  	-7.560000 
-70.000000	-0.397825 	1.217453  	-7.560000 
-69.000000	-0.419343 	1.201189  	-7.560000 
-68.000000	-0.440921 	1.184355  	-7.560000 
-67.000000	-0.462724 	1.165429  	-7.560000 
-66.000000	-0.484527 	1.146503  	-7.560000 
-65.000000	-0.506330 	1.127577  	-7.560000 
-64.000000	-0.528133 	1.108651  	-7.560000 
-63.000000	-0.550105 	1.087805  	-7.560000 
-62.000000	-0.572107 	1.066639  	-7.560000 
-61.000000	-0.594108 	1.045474  	-7.560000 
-60.000000	-0.616109 	1.024308  	-7.560000 
-59.000000	-0.638225 	1.002261  	-7.560000 
-58.000000	-0.660456 	0.979331  	-7.560000 
-57.000000	-0.682687 	0.956401  	-7.560000 
-56.000000	-0.704918 	0.933471  	-7.560000 
-55.000000	-0.727208 	0.910363  	-7.560000 
-54.000000	-0.749856 	0.886186  	-7.560000 
-53.000000	-0.772503 	0.862008  	-7.560000 
-52.000000	-0.795151 	0.837831  	-7.560000 
-51.000000	-0.817798 	0.813653  	-7.560000 
-50.000000	-0.841083 	0.788924  	-7.560000 
-49.000000	-0.864541 	0.764045  	-7.560000 
-48.000000	-0.887999 	0.739166  	-7.560000 
-47.000000	-0.911457 	0.714287  	-7.560000 
-46.000000	-0.935555 	0.689348  	-7.560000 
-45.000000	-0.960507 	0.664330  	-7.560000 
-44.000000	-0.985458 	0.639313  	-7.560000 
-43.000000	-1.010410 	0.614295  	-7.560000 
-42.000000	-1.035547 	0.589308  	-7.560000 
-41.000000	-1.063099 	0.564718  	-7.560000 
-40.000000	-1.090651 	0.540128  	-7.560000 
-39.000000	-1.118203 	0.515539  	-7.560000 
-38.000000	-1.145755 	0.490949  	-7.560000 
-37.000000	-1.176429 	0.467064  	-7.560000 
-36.000000	-1.208351 	0.443461  	-7.560000 
-35.000000	-1.240273 	0.419857  	-7.560000 
-34.000000	-1.272195 	0.396254  	-7.560000 
-33.000000	-1.306708 	0.373194  	-7.560000 
-32.000000	-1.345886 	0.351113  	-7.560000 
-31.000000	-1.385064 	0.329032  	-7.560000 
-30.000000	-1.424242 	0.306951  	-7.560000 
-29.000000	-1.463420 	0.284870  	-7.560000 
-28.000000	-1.421508 	0.271589  	-7.560000 
-27.000000	-1.379597 	0.258308  	-7.560000 
-26.000000	-1.337685 	0.245027  	-7.560000 
-25.000000	-1.295774 	0.231746  	-7.560000 
-24.000000	-1.253862 	0.218465  	-7.560000 
-23.000000	-1.211951 	0.205184  	-7.560000 
-22.000000	-1.170039 	0.191903  	-7.560000 
-21.000000	-1.128127 	0.178622  	-7.560000 
-20.000000	-1.086216 	0.165341  	-7.560000 
-19.000000	-1.044304 	0.152059  	-7.560000 
-18.000000	-1.002393 	0.138778  	-7.560000 
-17.000000	-0.960481 	0.125497  	-7.560000 
-16.000000	-0.918569 	0.112216  	-7.560000 
-15.000000	-0.876658 	0.098935  	-7.560000 
-14.000000	-0.834746 	0.085654  	-7.560000 
-13.000000	-0.792835 	0.072373  	-7.560000 
-12.000000	-0.750923 	0.059092  	-6.102421 
-11.000000	-0.709012 	0.045811  	-4.061811 
-10.000000	-0.667100 	0.032530  	-2.021200 
-9.000000 	-0.479400 	0.030100  	-1.846500 
-8.000000 	-0.343200 	0.030320  	-1.711700 
-7.000000 	-0.206600 	0.030390  	-1.582700 
-6.000000 	-0.069200 	0.030580  	-1.456000 
-5.000000 	0.069300  	0.030750  	-1.334200 
-4.000000 	0.206000  	0.030990  	-1.216000 
-3.000000 	0.343600  	0.031230  	-1.102500 
-2.000000 	0.479400  	0.031540  	-1.194000 
-1.000000 	0.614900  	0.031860  	-1.307200 
0.000000  	0.749200  	0.032270  	-1.425000 
1.000000  	0.881400  	0.032730  	-1.546400 
2.000000  	1.013300  	0.033210  	-1.673900 
3.000000  	1.143600  	0.033760  	-1.808700 
4.000000  	1.271900  	0.034420  	-1.952300 
5.000000  	1.397900  	0.035140  	-2.108800 
6.000000  	1.521900  	0.035980  	-2.284300 
7.000000  	1.644600  	0.036840  	-2.482100 
8.000000  	1.763600  	0.037830  	-2.705000 
9.000000  	1.878900  	0.039040  	-2.957300 
10.000000 	1.988600  	0.040570  	-3.239900 
11.000000 	2.086600  	0.042690  	-3.544100 
12.000000 	2.166200  	0.045950  	-3.850800 
13.000000 	2.164200  	0.054830  	-4.064800 
14.000000 	2.159300  	0.066690  	-4.290500 
15.000000 	2.135800  	0.082290  	-4.475700 
16.000000 	2.100300  	0.100500  	-4.637900 
17.000000 	2.077400  	0.117750  	-4.818200 
18.000000 	2.055100  	0.135360  	-4.988700 
19.000000 	2.045000  	0.151480  	-5.184600 
20.000000 	2.041050  	0.166700  	-5.397700 
21.000000 	2.037100  	0.181920  	-5.610800 
22.000000 	2.040800  	0.195970  	-5.843800 
23.000000 	2.046900  	0.209450  	-6.099800 
24.000000 	2.053700  	0.222740  	-6.340200 
25.000000 	2.060900  	0.235750  	-6.595400 
26.000000 	2.069300  	0.248300  	-6.850100 
27.000000 	2.077500  	0.260580  	-7.097800 
28.000000 	2.084500  	0.272830  	-7.326000 
29.000000 	2.090600  	0.284870  	-7.560000 
30.000000 	2.034632  	0.306951  	-7.560000 
31.000000 	1.978663  	0.329032  	-7.560000 
32.000000 	1.922695  	0.351113  	-7.560000 
33.000000 	1.866726  	0.373194  	-7.560000 
34.000000 	1.817421  	0.396254  	-7.560000 
35.000000 	1.771818  	0.419857  	-7.560000 
36.000000 	1.726215  	0.443461  	-7.560000 
37.000000 	1.680612  	0.467064  	-7.560000 
38.000000 	1.636793  	0.490949  	-7.560000 
39.000000 	1.597433  	0.515539  	-7.560000 
40.000000 	1.558073  	0.540128  	-7.560000 
41.000000 	1.518713  	0.564718  	-7.560000 
42.000000 	1.479354  	0.589308  	-7.560000 
43.000000 	1.443443  	0.614295  	-7.560000 
44.000000 	1.407798  	0.639313  	-7.560000 
45.000000 	1.372153  	0.664330  	-7.560000 
46.000000 	1.336508  	0.689348  	-7.560000 
47.000000 	1.302082  	0.714287  	-7.560000 
48.000000 	1.268570  	0.739166  	-7.560000 
49.000000 	1.235058  	0.764045  	-7.560000 
50.000000 	1.201547  	0.788924  	-7.560000 
51.000000 	1.168283  	0.813653  	-7.560000 
52.000000 	1.135930  	0.837831  	-7.560000 
53.000000 	1.103576  	0.862008  	-7.560000 
54.000000 	1.071222  	0.886186  	-7.560000 
55.000000 	1.038869  	0.910363  	-7.560000 
56.000000 	1.007025  	0.933471  	-7.560000 
57.000000 	0.975267  	0.956401  	-7.560000 
58.000000 	0.943508  	0.979331  	-7.560000 
59.000000 	0.911750  	1.002261  	-7.560000 
60.000000 	0.880155  	1.024308  	-7.560000 
61.000000 	0.848725  	1.045474  	-7.560000 
62.000000 	0.817295  	1.066639  	-7.560000 
63.000000 	0.785865  	1.087805  	-7.560000 
64.000000 	0.754475  	1.108651  	-7.560000 
65.000000 	0.723328  	1.127577  	-7.560000 
66.000000 	0.692181  	1.146503  	-7.560000 
67.000000 	0.661034  	1.165429  	-7.560000 
68.000000 	0.629887  	1.184355  	-7.560000 
69.000000 	0.599061  	1.201189  	-7.560000 
70.000000 	0.568322  	1.217453  	-7.560000 
71.000000 	0.537583  	1.233717  	-7.560000 
72.000000 	0.506844  	1.249980  	-7.560000 
73.000000 	0.476391  	1.264948  	-7.560000 
74.000000 	0.446318  	1.278188  	-7.560000 
75.000000 	0.416245  	1.291428  	-7.560000 
76.000000 	0.386172  	1.304668  	-7.560000 
77.000000 	0.356172  	1.317672  	-7.560000 
78.000000 	0.327127  	1.327597  	-7.560000 
79.000000 	0.298082  	1.337523  	-7.560000 
80.000000 	0.269037  	1.347448  	-7.560000 
81.000000 	0.239992  	1.357374  	-7.560000 
82.000000 	0.211997  	1.364779  	-7.560000 
83.000000 	0.184423  	1.371175  	-7.560000 
84.000000 	0.156848  	1.377572  	-7.560000 
85.000000 	0.129274  	1.383969  	-7.560000 
86.000000 	0.102404  	1.389058  	-7.560000 
87.000000 	0.076803  	1.391794  	-7.560000 
88.000000 	0.051202  	1.394529  	-7.560000 
89.000000 	0.025601  	1.397265  	-7.560000 
90.000000 	0.000000  	1.400000  	-7.560000 
91.000000 	-0.017921 	1.397265  	-7.560000 
92.000000 	-0.035841 	1.394529  	-7.560000 
93.000000 	-0.053762 	1.391794  	-7.560000 
94.000000 	-0.071683 	1.389058  	-7.560000 
95.000000 	-0.090491 	1.383969  	-7.560000 
96.000000 	-0.109794 	1.377572  	-7.560000 
97.000000 	-0.129096 	1.371175  	-7.560000 
98.000000 	-0.148398 	1.364779  	-7.560000 
99.000000 	-0.167995 	1.357374  	-7.560000 
100.000000	-0.188326 	1.347448  	-7.560000 
101.000000	-0.208658 	1.337523  	-7.560000 
102.000000	-0.228989 	1.327597  	-7.560000 
103.000000	-0.249321 	1.317672  	-7.560000 
104.000000	-0.270320 	1.304668  	-7.560000 
105.000000	-0.291371 	1.291428  	-7.560000 
106.000000	-0.312422 	1.278188  	-7.560000 
107.000000	-0.333473 	1.264948  	-7.560000 
108.000000	-0.354791 	1.249980  	-7.560000 
109.000000	-0.376308 	1.233717  	-7.560000 
110.000000	-0.397825 	1.217453  	-7.560000 
111.000000	-0.419343 	1.201189  	-7.560000 
112.000000	-0.440921 	1.184355  	-7.560000 
113.000000	-0.462724 	1.165429  	-7.560000 
114.000000	-0.484527 	1.146503  	-7.560000 
115.000000	-0.506330 	1.127577  	-7.560000 
116.000000	-0.528133 	1.108651  	-7.560000 
117.000000	-0.550105 	1.087805  	-7.560000 
118.000000	-0.572107 	1.066639  	-7.560000 
119.000000	-0.594108 	1.045474  	-7.560000 
120.000000	-0.616109 	1.024308  	-7.560000 
121.000000	-0.638225 	1.002261  	-7.560000 
122.000000	-0.660456 	0.979331  	-7.560000 
123.000000	-0.682687 	0.956401  	-7.560000 
124.000000	-0.704918 	0.933471  	-7.560000 
125.000000	-0.727208 	0.910363  	-7.560000 
126.000000	-0.749856 	0.886186  	-7.560000 
127.000000	-0.772503 	0.862008  	-7.560000 
128.000000	-0.795151 	0.837831  	-7.560000 
129.000000	-0.817798 	0.813653  	-7.560000 
130.000000	-0.841083 	0.788924  	-7.560000 
131.000000	-0.864541 	0.764045  	-7.560000 
132.000000	-0.887999 	0.739166  	-7.560000 
133.000000	-0.911457 	0.714287  	-7.560000 
134.000000	-0.935555 	0.689348  	-7.560000 
135.000000	-0.960507 	0.664330  	-7.560000 
136.000000	-0.985458 	0.639313  	-7.560000 
137.000000	-1.010410 	0.614295  	-7.560000 
138.000000	-1.035547 	0.589308  	-7.560000 
139.000000	-1.063099 	0.564718  	-7.560000 
140.000000	-1.090651 	0.540128  	-7.560000 
141.000000	-1.118203 	0.515539  	-7.560000 
142.000000	-1.145755 	0.490949  	-7.560000 
143.000000	-1.176429 	0.467064  	-7.560000 
144.000000	-1.208351 	0.443461  	-7.560000 
145.000000	-1.240273 	0.419857  	-7.560000 
146.000000	-1.272195 	0.396254  	-7.560000 
147.000000	-1.306708 	0.373194  	-7.560000 
148.000000	-1.345886 	0.351113  	-7.560000 
149.000000	-1.385064 	0.329032  	-7.560000 
150.000000	-1.424242 	0.306951  	-7.560000 
151.000000	-1.463420 	0.284870  	-7.560000 
152.000000	-1.412957 	0.264221  	-7.560000 
153.000000	-1.362494 	0.243572  	-7.560000 
154.000000	-1.312032 	0.223916  	-7.560000 
155.000000	-1.261569 	0.204337  	-7.560000 
156.000000	-1.211106 	0.185761  	-7.560000 
157.000000	-1.160643 	0.167353  	-7.560000 
158.000000	-1.110181 	0.149939  	-7.560000 
159.000000	-1.059718 	0.132796  	-7.560000 
160.000000	-1.009255 	0.116620  	-7.560000 
161.000000	-0.958792 	0.100832  	-7.560000 
162.000000	-0.908330 	0.085966  	-7.560000 
163.000000	-0.857867 	0.071612  	-7.560000 
164.000000	-0.807404 	0.058121  	-7.560000 
165.000000	-0.756941 	0.045277  	-7.560000 
166.000000	-0.706479 	0.033220  	-7.560000 
167.000000	-0.656016 	0.021951  	-7.560000 
168.000000	-0.605553 	0.012510  	-7.560000 
169.000000	-0.555090 	0.005504  	-7.560000 
170.000000	-0.504628 	0.001000  	-7.560000 
171.000000	-0.454165 	0.001000  	-7.560000 
172.000000	-0.403702 	0.001000  	-7.560000 
173.000000	-0.353239 	0.001000  	-7.560000 
174.000000	-0.302777 	0.001000  	-7.560000 
175.000000	-0.252314 	0.001000  	-7.560000 
176.000000	-0.201851 	0.001000  	-7.560000 
177.000000	-0.151388 	0.001000  	-7.560000 
178.000000	-0.100926 	0.001000  	-7.560000 
179.000000	-0.050463 	0.001000  	-7.560000 
180.000000	0.000000  	0.001000  	-7.560000 
! ------------------------------------------------------------------------------
! data for table	5         
! ------------------------------------------------------------------------------
  0.600000  	Re           ! Reynolds number in millions
  0.000000  	UserProp     ! User property (control) setting
Flase           InclUAdata   ! Is unsteady aerodynamics data included in this table? If TRUE, then include UA coefficients below this line. Any missing coefficients will be calculated internally.
! Table of aerodynamics coefficients
  361       	NumAlf       ! Number of data lines in the following table
!Alpha      Cl          Cd          Cm/Cp
!(deg)      (-)         (-)         (-)
-180.000000	0.000000  	0.001000  	-7.587100 
-179.000000	0.050533  	0.001000  	-7.587100 
-178.000000	0.101066  	0.001000  	-7.587100 
-177.000000	0.151598  	0.001000  	-7.587100 
-176.000000	0.202131  	0.001000  	-7.587100 
-175.000000	0.252664  	0.001000  	-7.587100 
-174.000000	0.303197  	0.001000  	-7.587100 
-173.000000	0.353729  	0.001000  	-7.587100 
-172.000000	0.404262  	0.001000  	-7.587100 
-171.000000	0.454795  	0.001000  	-7.587100 
-170.000000	0.505328  	0.001000  	-7.587100 
-169.000000	0.555860  	0.005628  	-7.587100 
-168.000000	0.606393  	0.012828  	-7.587100 
-167.000000	0.656926  	0.022352  	-7.587100 
-166.000000	0.707459  	0.033620  	-7.587100 
-165.000000	0.757991  	0.045674  	-7.587100 
-164.000000	0.808524  	0.058517  	-7.587100 
-163.000000	0.859057  	0.072006  	-7.587100 
-162.000000	0.909590  	0.086357  	-7.587100 
-161.000000	0.960122  	0.101221  	-7.587100 
-160.000000	1.010655  	0.117007  	-7.587100 
-159.000000	1.061188  	0.133180  	-7.587100 
-158.000000	1.111721  	0.150320  	-7.587100 
-157.000000	1.162253  	0.167732  	-7.587100 
-156.000000	1.212786  	0.186137  	-7.587100 
-155.000000	1.263319  	0.204710  	-7.587100 
-154.000000	1.313852  	0.224286  	-7.587100 
-153.000000	1.364384  	0.243938  	-7.587100 
-152.000000	1.414917  	0.264584  	-7.587100 
-151.000000	1.465450  	0.285230  	-7.587100 
-150.000000	1.426181  	0.307307  	-7.587100 
-149.000000	1.386912  	0.329385  	-7.587100 
-148.000000	1.347642  	0.351462  	-7.587100 
-147.000000	1.308373  	0.373539  	-7.587100 
-146.000000	1.273781  	0.396595  	-7.587100 
-145.000000	1.241786  	0.420194  	-7.587100 
-144.000000	1.209791  	0.443794  	-7.587100 
-143.000000	1.177797  	0.467393  	-7.587100 
-142.000000	1.147054  	0.491274  	-7.587100 
-141.000000	1.119443  	0.515859  	-7.587100 
-140.000000	1.091832  	0.540444  	-7.587100 
-139.000000	1.064221  	0.565028  	-7.587100 
-138.000000	1.036610  	0.589613  	-7.587100 
-137.000000	1.011422  	0.614596  	-7.587100 
-136.000000	0.986422  	0.639608  	-7.587100 
-135.000000	0.961421  	0.664621  	-7.587100 
-134.000000	0.936420  	0.689634  	-7.587100 
-133.000000	0.912277  	0.714567  	-7.587100 
-132.000000	0.888778  	0.739441  	-7.587100 
-131.000000	0.865278  	0.764315  	-7.587100 
-130.000000	0.841779  	0.789189  	-7.587100 
-129.000000	0.818454  	0.813912  	-7.587100 
-128.000000	0.795772  	0.838084  	-7.587100 
-127.000000	0.773090  	0.862256  	-7.587100 
-126.000000	0.750407  	0.886427  	-7.587100 
-125.000000	0.727725  	0.910599  	-7.587100 
-124.000000	0.705405  	0.933701  	-7.587100 
-123.000000	0.683144  	0.956625  	-7.587100 
-122.000000	0.660884  	0.979549  	-7.587100 
-121.000000	0.638624  	1.002472  	-7.587100 
-120.000000	0.616481  	1.024514  	-7.587100 
-119.000000	0.594456  	1.045673  	-7.587100 
-118.000000	0.572430  	1.066833  	-7.587100 
-117.000000	0.550405  	1.087992  	-7.587100 
-116.000000	0.528408  	1.108831  	-7.587100 
-115.000000	0.506585  	1.127751  	-7.587100 
-114.000000	0.484762  	1.146670  	-7.587100 
-113.000000	0.462939  	1.165590  	-7.587100 
-112.000000	0.441116  	1.184509  	-7.587100 
-111.000000	0.419521  	1.201337  	-7.587100 
-110.000000	0.397988  	1.217594  	-7.587100 
-109.000000	0.376454  	1.233851  	-7.587100 
-108.000000	0.354921  	1.250108  	-7.587100 
-107.000000	0.333589  	1.265069  	-7.587100 
-106.000000	0.312526  	1.278302  	-7.587100 
-105.000000	0.291463  	1.291535  	-7.587100 
-104.000000	0.270399  	1.304768  	-7.587100 
-103.000000	0.249388  	1.317764  	-7.587100 
-102.000000	0.229047  	1.327683  	-7.587100 
-101.000000	0.208707  	1.337601  	-7.587100 
-100.000000	0.188367  	1.347520  	-7.587100 
-99.000000	0.168027  	1.357438  	-7.587100 
-98.000000	0.148424  	1.364836  	-7.587100 
-97.000000	0.129117  	1.371225  	-7.587100 
-96.000000	0.109810  	1.377615  	-7.587100 
-95.000000	0.090502  	1.384005  	-7.587100 
-94.000000	0.071689  	1.389087  	-7.587100 
-93.000000	0.053767  	1.391815  	-7.587100 
-92.000000	0.035845  	1.394543  	-7.587100 
-91.000000	0.017922  	1.397272  	-7.587100 
-90.000000	0.000000  	1.400000  	-7.587100 
-89.000000	-0.017922 	1.397272  	-7.587100 
-88.000000	-0.035845 	1.394543  	-7.587100 
-87.000000	-0.053767 	1.391815  	-7.587100 
-86.000000	-0.071689 	1.389087  	-7.587100 
-85.000000	-0.090502 	1.384005  	-7.587100 
-84.000000	-0.109810 	1.377615  	-7.587100 
-83.000000	-0.129117 	1.371225  	-7.587100 
-82.000000	-0.148424 	1.364836  	-7.587100 
-81.000000	-0.168027 	1.357438  	-7.587100 
-80.000000	-0.188367 	1.347520  	-7.587100 
-79.000000	-0.208707 	1.337601  	-7.587100 
-78.000000	-0.229047 	1.327683  	-7.587100 
-77.000000	-0.249388 	1.317764  	-7.587100 
-76.000000	-0.270399 	1.304768  	-7.587100 
-75.000000	-0.291463 	1.291535  	-7.587100 
-74.000000	-0.312526 	1.278302  	-7.587100 
-73.000000	-0.333589 	1.265069  	-7.587100 
-72.000000	-0.354921 	1.250108  	-7.587100 
-71.000000	-0.376454 	1.233851  	-7.587100 
-70.000000	-0.397988 	1.217594  	-7.587100 
-69.000000	-0.419521 	1.201337  	-7.587100 
-68.000000	-0.441116 	1.184509  	-7.587100 
-67.000000	-0.462939 	1.165590  	-7.587100 
-66.000000	-0.484762 	1.146670  	-7.587100 
-65.000000	-0.506585 	1.127751  	-7.587100 
-64.000000	-0.528408 	1.108831  	-7.587100 
-63.000000	-0.550405 	1.087992  	-7.587100 
-62.000000	-0.572430 	1.066833  	-7.587100 
-61.000000	-0.594456 	1.045673  	-7.587100 
-60.000000	-0.616481 	1.024514  	-7.587100 
-59.000000	-0.638624 	1.002472  	-7.587100 
-58.000000	-0.660884 	0.979549  	-7.587100 
-57.000000	-0.683144 	0.956625  	-7.587100 
-56.000000	-0.705405 	0.933701  	-7.587100 
-55.000000	-0.727725 	0.910599  	-7.587100 
-54.000000	-0.750407 	0.886427  	-7.587100 
-53.000000	-0.773090 	0.862256  	-7.587100 
-52.000000	-0.795772 	0.838084  	-7.587100 
-51.000000	-0.818454 	0.813912  	-7.587100 
-50.000000	-0.841779 	0.789189  	-7.587100 
-49.000000	-0.865278 	0.764315  	-7.587100 
-48.000000	-0.888778 	0.739441  	-7.587100 
-47.000000	-0.912277 	0.714567  	-7.587100 
-46.000000	-0.936420 	0.689634  	-7.587100 
-45.000000	-0.961421 	0.664621  	-7.587100 
-44.000000	-0.986422 	0.639608  	-7.587100 
-43.000000	-1.011422 	0.614596  	-7.587100 
-42.000000	-1.036610 	0.589613  	-7.587100 
-41.000000	-1.064221 	0.565028  	-7.587100 
-40.000000	-1.091832 	0.540444  	-7.587100 
-39.000000	-1.119443 	0.515859  	-7.587100 
-38.000000	-1.147054 	0.491274  	-7.587100 
-37.000000	-1.177797 	0.467393  	-7.587100 
-36.000000	-1.209791 	0.443794  	-7.587100 
-35.000000	-1.241786 	0.420194  	-7.587100 
-34.000000	-1.273781 	0.396595  	-7.587100 
-33.000000	-1.308373 	0.373539  	-7.587100 
-32.000000	-1.347642 	0.351462  	-7.587100 
-31.000000	-1.386912 	0.329385  	-7.587100 
-30.000000	-1.426181 	0.307307  	-7.587100 
-29.000000	-1.465450 	0.285230  	-7.587100 
-28.000000	-1.415912 	0.272444  	-7.587100 
-27.000000	-1.366375 	0.259659  	-7.587100 
-26.000000	-1.316837 	0.246873  	-7.587100 
-25.000000	-1.267300 	0.234088  	-7.587100 
-24.000000	-1.217762 	0.221302  	-7.587100 
-23.000000	-1.168225 	0.208517  	-7.587100 
-22.000000	-1.118687 	0.195731  	-7.587100 
-21.000000	-1.069150 	0.182946  	-7.587100 
-20.000000	-1.019613 	0.170160  	-7.587100 
-19.000000	-0.970075 	0.157375  	-7.587100 
-18.000000	-0.920538 	0.144589  	-7.587100 
-17.000000	-0.871000 	0.131804  	-7.587100 
-16.000000	-0.821462 	0.119018  	-7.587100 
-15.000000	-0.771925 	0.106233  	-7.587100 
-14.000000	-0.722387 	0.093447  	-7.587100 
-13.000000	-0.672850 	0.080662  	-7.587100 
-12.000000	-0.623312 	0.067876  	-7.587100 
-11.000000	-0.573775 	0.055091  	-5.866000 
-10.000000	-0.524238 	0.042305  	-3.858050 
-9.000000 	-0.474700 	0.029520  	-1.850100 
-8.000000 	-0.340700 	0.029740  	-1.716900 
-7.000000 	-0.202500 	0.029940  	-1.585100 
-6.000000 	-0.064600 	0.030120  	-1.459600 
-5.000000 	0.073500  	0.030340  	-1.336000 
-4.000000 	0.211300  	0.030570  	-1.218500 
-3.000000 	0.348100  	0.030860  	-1.103700 
-2.000000 	0.484300  	0.031170  	-1.198100 
-1.000000 	0.619900  	0.031490  	-1.311700 
0.000000  	0.754600  	0.031830  	-1.430000 
1.000000  	0.888000  	0.032230  	-1.552300 
2.000000  	1.019800  	0.032710  	-1.680100 
3.000000  	1.149800  	0.033240  	-1.815100 
4.000000  	1.278500  	0.033820  	-1.959000 
5.000000  	1.405900  	0.034450  	-2.116900 
6.000000  	1.531100  	0.035170  	-2.293900 
7.000000  	1.653600  	0.036000  	-2.492200 
8.000000  	1.773200  	0.036980  	-2.716500 
9.000000  	1.889400  	0.038130  	-2.971200 
10.000000 	2.001000  	0.039460  	-3.257800 
11.000000 	2.105400  	0.041220  	-3.572700 
12.000000 	2.186300  	0.044470  	-3.884100 
13.000000 	2.195800  	0.052360  	-4.123900 
14.000000 	2.184800  	0.064390  	-4.341600 
15.000000 	2.159100  	0.080220  	-4.526400 
16.000000 	2.127600  	0.097830  	-4.701000 
17.000000 	2.100500  	0.115520  	-4.876600 
18.000000 	2.074500  	0.133560  	-5.041100 
19.000000 	2.063300  	0.149710  	-5.238300 
20.000000 	2.056500  	0.165300  	-5.444300 
21.000000 	2.050800  	0.180710  	-5.658000 
22.000000 	2.051200  	0.195210  	-5.883900 
23.000000 	2.058900  	0.208370  	-6.148800 
24.000000 	2.065600  	0.221600  	-6.393700 
25.000000 	2.072400  	0.234650  	-6.650400 
26.000000 	2.079400  	0.247390  	-6.903400 
27.000000 	2.085100  	0.260140  	-7.142400 
28.000000 	2.088900  	0.272950  	-7.357500 
29.000000 	2.093500  	0.285230  	-7.587100 
30.000000 	2.037401  	0.307307  	-7.587100 
31.000000 	1.981302  	0.329385  	-7.587100 
32.000000 	1.925203  	0.351462  	-7.587100 
33.000000 	1.869105  	0.373539  	-7.587100 
34.000000 	1.819687  	0.396595  	-7.587100 
35.000000 	1.773980  	0.420194  	-7.587100 
36.000000 	1.728273  	0.443794  	-7.587100 
37.000000 	1.682567  	0.467393  	-7.587100 
38.000000 	1.638649  	0.491274  	-7.587100 
39.000000 	1.599205  	0.515859  	-7.587100 
40.000000 	1.559760  	0.540444  	-7.587100 
41.000000 	1.520316  	0.565028  	-7.587100 
42.000000 	1.480871  	0.589613  	-7.587100 
43.000000 	1.444889  	0.614596  	-7.587100 
44.000000 	1.409174  	0.639608  	-7.587100 
45.000000 	1.373458  	0.664621  	-7.587100 
46.000000 	1.337743  	0.689634  	-7.587100 
47.000000 	1.303253  	0.714567  	-7.587100 
48.000000 	1.269682  	0.739441  	-7.587100 
49.000000 	1.236112  	0.764315  	-7.587100 
50.000000 	1.202541  	0.789189  	-7.587100 
51.000000 	1.169221  	0.813912  	-7.587100 
52.000000 	1.136817  	0.838084  	-7.587100 
53.000000 	1.104414  	0.862256  	-7.587100 
54.000000 	1.072011  	0.886427  	-7.587100 
55.000000 	1.039607  	0.910599  	-7.587100 
56.000000 	1.007721  	0.933701  	-7.587100 
57.000000 	0.975921  	0.956625  	-7.587100 
58.000000 	0.944120  	0.979549  	-7.587100 
59.000000 	0.912320  	1.002472  	-7.587100 
60.000000 	0.880687  	1.024514  	-7.587100 
61.000000 	0.849222  	1.045673  	-7.587100 
62.000000 	0.817757  	1.066833  	-7.587100 
63.000000 	0.786292  	1.087992  	-7.587100 
64.000000 	0.754869  	1.108831  	-7.587100 
65.000000 	0.723693  	1.127751  	-7.587100 
66.000000 	0.692517  	1.146670  	-7.587100 
67.000000 	0.661342  	1.165590  	-7.587100 
68.000000 	0.630166  	1.184509  	-7.587100 
69.000000 	0.599316  	1.201337  	-7.587100 
70.000000 	0.568554  	1.217594  	-7.587100 
71.000000 	0.537792  	1.233851  	-7.587100 
72.000000 	0.507030  	1.250108  	-7.587100 
73.000000 	0.476556  	1.265069  	-7.587100 
74.000000 	0.446466  	1.278302  	-7.587100 
75.000000 	0.416375  	1.291535  	-7.587100 
76.000000 	0.386285  	1.304768  	-7.587100 
77.000000 	0.356268  	1.317764  	-7.587100 
78.000000 	0.327211  	1.327683  	-7.587100 
79.000000 	0.298153  	1.337601  	-7.587100 
80.000000 	0.269096  	1.347520  	-7.587100 
81.000000 	0.240038  	1.357438  	-7.587100 
82.000000 	0.212035  	1.364836  	-7.587100 
83.000000 	0.184453  	1.371225  	-7.587100 
84.000000 	0.156871  	1.377615  	-7.587100 
85.000000 	0.129289  	1.384005  	-7.587100 
86.000000 	0.102414  	1.389087  	-7.587100 
87.000000 	0.076810  	1.391815  	-7.587100 
88.000000 	0.051207  	1.394543  	-7.587100 
89.000000 	0.025603  	1.397272  	-7.587100 
90.000000 	0.000000  	1.400000  	-7.587100 
91.000000 	-0.017922 	1.397272  	-7.587100 
92.000000 	-0.035845 	1.394543  	-7.587100 
93.000000 	-0.053767 	1.391815  	-7.587100 
94.000000 	-0.071689 	1.389087  	-7.587100 
95.000000 	-0.090502 	1.384005  	-7.587100 
96.000000 	-0.109810 	1.377615  	-7.587100 
97.000000 	-0.129117 	1.371225  	-7.587100 
98.000000 	-0.148424 	1.364836  	-7.587100 
99.000000 	-0.168027 	1.357438  	-7.587100 
100.000000	-0.188367 	1.347520  	-7.587100 
101.000000	-0.208707 	1.337601  	-7.587100 
102.000000	-0.229047 	1.327683  	-7.587100 
103.000000	-0.249388 	1.317764  	-7.587100 
104.000000	-0.270399 	1.304768  	-7.587100 
105.000000	-0.291463 	1.291535  	-7.587100 
106.000000	-0.312526 	1.278302  	-7.587100 
107.000000	-0.333589 	1.265069  	-7.587100 
108.000000	-0.354921 	1.250108  	-7.587100 
109.000000	-0.376454 	1.233851  	-7.587100 
110.000000	-0.397988 	1.217594  	-7.587100 
111.000000	-0.419521 	1.201337  	-7.587100 
112.000000	-0.441116 	1.184509  	-7.587100 
113.000000	-0.462939 	1.165590  	-7.587100 
114.000000	-0.484762 	1.146670  	-7.587100 
115.000000	-0.506585 	1.127751  	-7.587100 
116.000000	-0.528408 	1.108831  	-7.587100 
117.000000	-0.550405 	1.087992  	-7.587100 
118.000000	-0.572430 	1.066833  	-7.587100 
119.000000	-0.594456 	1.045673  	-7.587100 
120.000000	-0.616481 	1.024514  	-7.587100 
121.000000	-0.638624 	1.002472  	-7.587100 
122.000000	-0.660884 	0.979549  	-7.587100 
123.000000	-0.683144 	0.956625  	-7.587100 
124.000000	-0.705405 	0.933701  	-7.587100 
125.000000	-0.727725 	0.910599  	-7.587100 
126.000000	-0.750407 	0.886427  	-7.587100 
127.000000	-0.773090 	0.862256  	-7.587100 
128.000000	-0.795772 	0.838084  	-7.587100 
129.000000	-0.818454 	0.813912  	-7.587100 
130.000000	-0.841779 	0.789189  	-7.587100 
131.000000	-0.865278 	0.764315  	-7.587100 
132.000000	-0.888778 	0.739441  	-7.587100 
133.000000	-0.912277 	0.714567  	-7.587100 
134.000000	-0.936420 	0.689634  	-7.587100 
135.000000	-0.961421 	0.664621  	-7.587100 
136.000000	-0.986422 	0.639608  	-7.587100 
137.000000	-1.011422 	0.614596  	-7.587100 
138.000000	-1.036610 	0.589613  	-7.587100 
139.000000	-1.064221 	0.565028  	-7.587100 
140.000000	-1.091832 	0.540444  	-7.587100 
141.000000	-1.119443 	0.515859  	-7.587100 
142.000000	-1.147054 	0.491274  	-7.587100 
143.000000	-1.177797 	0.467393  	-7.587100 
144.000000	-1.209791 	0.443794  	-7.587100 
145.000000	-1.241786 	0.420194  	-7.587100 
146.000000	-1.273781 	0.396595  	-7.587100 
147.000000	-1.308373 	0.373539  	-7.587100 
148.000000	-1.347642 	0.351462  	-7.587100 
149.000000	-1.386912 	0.329385  	-7.587100 
150.000000	-1.426181 	0.307307  	-7.587100 
151.000000	-1.465450 	0.285230  	-7.587100 
152.000000	-1.414917 	0.264584  	-7.587100 
153.000000	-1.364384 	0.243938  	-7.587100 
154.000000	-1.313852 	0.224286  	-7.587100 
155.000000	-1.263319 	0.204710  	-7.587100 
156.000000	-1.212786 	0.186137  	-7.587100 
157.000000	-1.162253 	0.167732  	-7.587100 
158.000000	-1.111721 	0.150320  	-7.587100 
159.000000	-1.061188 	0.133180  	-7.587100 
160.000000	-1.010655 	0.117007  	-7.587100 
161.000000	-0.960122 	0.101221  	-7.587100 
162.000000	-0.909590 	0.086357  	-7.587100 
163.000000	-0.859057 	0.072006  	-7.587100 
164.000000	-0.808524 	0.058517  	-7.587100 
165.000000	-0.757991 	0.045674  	-7.587100 
166.000000	-0.707459 	0.033620  	-7.587100 
167.000000	-0.656926 	0.022352  	-7.587100 
168.000000	-0.606393 	0.012828  	-7.587100 
169.000000	-0.555860 	0.005628  	-7.587100 
170.000000	-0.505328 	0.001000  	-7.587100 
171.000000	-0.454795 	0.001000  	-7.587100 
172.000000	-0.404262 	0.001000  	-7.587100 
173.000000	-0.353729 	0.001000  	-7.587100 
174.000000	-0.303197 	0.001000  	-7.587100 
175.000000	-0.252664 	0.001000  	-7.587100 
176.000000	-0.202131 	0.001000  	-7.587100 
177.000000	-0.151598 	0.001000  	-7.587100 
178.000000	-0.101066 	0.001000  	-7.587100 
179.000000	-0.050533 	0.001000  	-7.587100 
180.000000	0.000000  	0.001000  	-7.587100 
! ------------------------------------------------------------------------------
! data for table	6         
! ------------------------------------------------------------------------------
  0.700000  	Re           ! Reynolds number in millions
  0.000000  	UserProp     ! User property (control) setting
Flase           InclUAdata   ! Is unsteady aerodynamics data included in this table? If TRUE, then include UA coefficients below this line. Any missing coefficients will be calculated internally.
! Table of aerodynamics coefficients
  361       	NumAlf       ! Number of data lines in the following table
!Alpha      Cl          Cd          Cm/Cp
!(deg)      (-)         (-)         (-)
-180.000000	0.000000  	0.001000  	-7.644200 
-179.000000	0.050748  	0.001000  	-7.644200 
-178.000000	0.101495  	0.001000  	-7.644200 
-177.000000	0.152243  	0.001000  	-7.644200 
-176.000000	0.202990  	0.001000  	-7.644200 
-175.000000	0.253738  	0.001000  	-7.644200 
-174.000000	0.304486  	0.001000  	-7.644200 
-173.000000	0.355233  	0.001000  	-7.644200 
-172.000000	0.405981  	0.001000  	-7.644200 
-171.000000	0.456728  	0.001000  	-7.644200 
-170.000000	0.507476  	0.001000  	-7.644200 
-169.000000	0.558223  	0.005261  	-7.644200 
-168.000000	0.608971  	0.011890  	-7.644200 
-167.000000	0.659719  	0.021172  	-7.644200 
-166.000000	0.710466  	0.032444  	-7.644200 
-165.000000	0.761214  	0.044504  	-7.644200 
-164.000000	0.811961  	0.057352  	-7.644200 
-163.000000	0.862709  	0.070847  	-7.644200 
-162.000000	0.913457  	0.085205  	-7.644200 
-161.000000	0.964204  	0.100075  	-7.644200 
-160.000000	1.014952  	0.115869  	-7.644200 
-159.000000	1.065699  	0.132049  	-7.644200 
-158.000000	1.116447  	0.149197  	-7.644200 
-157.000000	1.167194  	0.166616  	-7.644200 
-156.000000	1.217942  	0.185030  	-7.644200 
-155.000000	1.268690  	0.203611  	-7.644200 
-154.000000	1.319437  	0.223197  	-7.644200 
-153.000000	1.370185  	0.242858  	-7.644200 
-152.000000	1.420932  	0.263514  	-7.644200 
-151.000000	1.471680  	0.284170  	-7.644200 
-150.000000	1.432131  	0.306258  	-7.644200 
-149.000000	1.392581  	0.328347  	-7.644200 
-148.000000	1.353032  	0.350435  	-7.644200 
-147.000000	1.313483  	0.372523  	-7.644200 
-146.000000	1.278647  	0.395591  	-7.644200 
-145.000000	1.246430  	0.419202  	-7.644200 
-144.000000	1.214212  	0.442814  	-7.644200 
-143.000000	1.181995  	0.466425  	-7.644200 
-142.000000	1.151042  	0.490319  	-7.644200 
-141.000000	1.123249  	0.514917  	-7.644200 
-140.000000	1.095456  	0.539516  	-7.644200 
-139.000000	1.067663  	0.564114  	-7.644200 
-138.000000	1.039870  	0.588713  	-7.644200 
-137.000000	1.014529  	0.613710  	-7.644200 
-136.000000	0.989377  	0.638737  	-7.644200 
-135.000000	0.964226  	0.663765  	-7.644200 
-134.000000	0.939074  	0.688792  	-7.644200 
-133.000000	0.914794  	0.713741  	-7.644200 
-132.000000	0.891168  	0.738631  	-7.644200 
-131.000000	0.867541  	0.763520  	-7.644200 
-130.000000	0.843915  	0.788410  	-7.644200 
-129.000000	0.820469  	0.813149  	-7.644200 
-128.000000	0.797679  	0.837338  	-7.644200 
-127.000000	0.774890  	0.861527  	-7.644200 
-126.000000	0.752101  	0.885715  	-7.644200 
-125.000000	0.729312  	0.909904  	-7.644200 
-124.000000	0.706899  	0.933024  	-7.644200 
-123.000000	0.684549  	0.955965  	-7.644200 
-122.000000	0.662199  	0.978907  	-7.644200 
-121.000000	0.639849  	1.001848  	-7.644200 
-120.000000	0.617624  	1.023908  	-7.644200 
-119.000000	0.595524  	1.045086  	-7.644200 
-118.000000	0.573423  	1.066264  	-7.644200 
-117.000000	0.551323  	1.087442  	-7.644200 
-116.000000	0.529253  	1.108300  	-7.644200 
-115.000000	0.507369  	1.127239  	-7.644200 
-114.000000	0.485484  	1.146178  	-7.644200 
-113.000000	0.463600  	1.165117  	-7.644200 
-112.000000	0.441715  	1.184055  	-7.644200 
-111.000000	0.420068  	1.200903  	-7.644200 
-110.000000	0.398485  	1.217180  	-7.644200 
-109.000000	0.376903  	1.233456  	-7.644200 
-108.000000	0.355320  	1.249733  	-7.644200 
-107.000000	0.333944  	1.264714  	-7.644200 
-106.000000	0.312843  	1.277968  	-7.644200 
-105.000000	0.291742  	1.291221  	-7.644200 
-104.000000	0.270642  	1.304475  	-7.644200 
-103.000000	0.249593  	1.317492  	-7.644200 
-102.000000	0.229226  	1.327431  	-7.644200 
-101.000000	0.208860  	1.337370  	-7.644200 
-100.000000	0.188493  	1.347309  	-7.644200 
-99.000000	0.168126  	1.357248  	-7.644200 
-98.000000	0.148505  	1.364667  	-7.644200 
-97.000000	0.129182  	1.371078  	-7.644200 
-96.000000	0.109858  	1.377489  	-7.644200 
-95.000000	0.090535  	1.383899  	-7.644200 
-94.000000	0.071710  	1.389002  	-7.644200 
-93.000000	0.053783  	1.391752  	-7.644200 
-92.000000	0.035855  	1.394501  	-7.644200 
-91.000000	0.017928  	1.397251  	-7.644200 
-90.000000	0.000000  	1.400000  	-7.644200 
-89.000000	-0.017928 	1.397251  	-7.644200 
-88.000000	-0.035855 	1.394501  	-7.644200 
-87.000000	-0.053783 	1.391752  	-7.644200 
-86.000000	-0.071710 	1.389002  	-7.644200 
-85.000000	-0.090535 	1.383899  	-7.644200 
-84.000000	-0.109858 	1.377489  	-7.644200 
-83.000000	-0.129182 	1.371078  	-7.644200 
-82.000000	-0.148505 	1.364667  	-7.644200 
-81.000000	-0.168126 	1.357248  	-7.644200 
-80.000000	-0.188493 	1.347309  	-7.644200 
-79.000000	-0.208860 	1.337370  	-7.644200 
-78.000000	-0.229226 	1.327431  	-7.644200 
-77.000000	-0.249593 	1.317492  	-7.644200 
-76.000000	-0.270642 	1.304475  	-7.644200 
-75.000000	-0.291742 	1.291221  	-7.644200 
-74.000000	-0.312843 	1.277968  	-7.644200 
-73.000000	-0.333944 	1.264714  	-7.644200 
-72.000000	-0.355320 	1.249733  	-7.644200 
-71.000000	-0.376903 	1.233456  	-7.644200 
-70.000000	-0.398485 	1.217180  	-7.644200 
-69.000000	-0.420068 	1.200903  	-7.644200 
-68.000000	-0.441715 	1.184055  	-7.644200 
-67.000000	-0.463600 	1.165117  	-7.644200 
-66.000000	-0.485484 	1.146178  	-7.644200 
-65.000000	-0.507369 	1.127239  	-7.644200 
-64.000000	-0.529253 	1.108300  	-7.644200 
-63.000000	-0.551323 	1.087442  	-7.644200 
-62.000000	-0.573423 	1.066264  	-7.644200 
-61.000000	-0.595524 	1.045086  	-7.644200 
-60.000000	-0.617624 	1.023908  	-7.644200 
-59.000000	-0.639849 	1.001848  	-7.644200 
-58.000000	-0.662199 	0.978907  	-7.644200 
-57.000000	-0.684549 	0.955965  	-7.644200 
-56.000000	-0.706899 	0.933024  	-7.644200 
-55.000000	-0.729312 	0.909904  	-7.644200 
-54.000000	-0.752101 	0.885715  	-7.644200 
-53.000000	-0.774890 	0.861527  	-7.644200 
-52.000000	-0.797679 	0.837338  	-7.644200 
-51.000000	-0.820469 	0.813149  	-7.644200 
-50.000000	-0.843915 	0.788410  	-7.644200 
-49.000000	-0.867541 	0.763520  	-7.644200 
-48.000000	-0.891168 	0.738631  	-7.644200 
-47.000000	-0.914794 	0.713741  	-7.644200 
-46.000000	-0.939074 	0.688792  	-7.644200 
-45.000000	-0.964226 	0.663765  	-7.644200 
-44.000000	-0.989377 	0.638737  	-7.644200 
-43.000000	-1.014529 	0.613710  	-7.644200 
-42.000000	-1.039870 	0.588713  	-7.644200 
-41.000000	-1.067663 	0.564114  	-7.644200 
-40.000000	-1.095456 	0.539516  	-7.644200 
-39.000000	-1.123249 	0.514917  	-7.644200 
-38.000000	-1.151042 	0.490319  	-7.644200 
-37.000000	-1.181995 	0.466425  	-7.644200 
-36.000000	-1.214212 	0.442814  	-7.644200 
-35.000000	-1.246430 	0.419202  	-7.644200 
-34.000000	-1.278647 	0.395591  	-7.644200 
-33.000000	-1.313483 	0.372523  	-7.644200 
-32.000000	-1.353032 	0.350435  	-7.644200 
-31.000000	-1.392581 	0.328347  	-7.644200 
-30.000000	-1.432131 	0.306258  	-7.644200 
-29.000000	-1.471680 	0.284170  	-7.644200 
-28.000000	-1.427644 	0.270791  	-7.644200 
-27.000000	-1.383608 	0.257411  	-7.644200 
-26.000000	-1.339573 	0.244032  	-7.644200 
-25.000000	-1.295537 	0.230652  	-7.644200 
-24.000000	-1.251501 	0.217273  	-7.644200 
-23.000000	-1.207465 	0.203893  	-7.644200 
-22.000000	-1.163429 	0.190514  	-7.644200 
-21.000000	-1.119394 	0.177134  	-7.644200 
-20.000000	-1.075358 	0.163755  	-7.644200 
-19.000000	-1.031322 	0.150375  	-7.644200 
-18.000000	-0.987286 	0.136996  	-7.644200 
-17.000000	-0.943251 	0.123616  	-7.644200 
-16.000000	-0.899215 	0.110237  	-7.644200 
-15.000000	-0.855179 	0.096857  	-7.644200 
-14.000000	-0.811143 	0.083478  	-7.644200 
-13.000000	-0.767107 	0.070098  	-7.644200 
-12.000000	-0.723072 	0.056719  	-6.161884 
-11.000000	-0.679036 	0.043339  	-4.086642 
-10.000000	-0.635000 	0.029960  	-2.011400 
-9.000000 	-0.474700 	0.029180  	-1.854000 
-8.000000 	-0.337800 	0.029420  	-1.720000 
-7.000000 	-0.199700 	0.029630  	-1.587300 
-6.000000 	-0.060900 	0.029860  	-1.460700 
-5.000000 	0.077000  	0.030100  	-1.337400 
-4.000000 	0.214900  	0.030340  	-1.219300 
-3.000000 	0.352300  	0.030600  	-1.104400 
-2.000000 	0.488700  	0.030900  	-1.201500 
-1.000000 	0.624500  	0.031210  	-1.315500 
0.000000  	0.759100  	0.031560  	-1.433900 
1.000000  	0.891900  	0.031980  	-1.556000 
2.000000  	1.024200  	0.032400  	-1.684200 
3.000000  	1.154900  	0.032870  	-1.819800 
4.000000  	1.283900  	0.033410  	-1.964100 
5.000000  	1.410900  	0.034050  	-2.122000 
6.000000  	1.536200  	0.034730  	-2.299400 
7.000000  	1.660500  	0.035410  	-2.500000 
8.000000  	1.781800  	0.036250  	-2.726600 
9.000000  	1.899400  	0.037250  	-2.984000 
10.000000 	2.012700  	0.038500  	-3.274400 
11.000000 	2.116400  	0.040350  	-3.589800 
12.000000 	2.206600  	0.042970  	-3.917100 
13.000000 	2.219200  	0.050570  	-4.167500 
14.000000 	2.203500  	0.062720  	-4.379000 
15.000000 	2.181100  	0.077990  	-4.574200 
16.000000 	2.152700  	0.095170  	-4.758700 
17.000000 	2.116400  	0.113940  	-4.917200 
18.000000 	2.099500  	0.130620  	-5.107300 
19.000000 	2.079800  	0.147940  	-5.286300 
20.000000 	2.070600  	0.163790  	-5.488200 
21.000000 	2.068900  	0.178530  	-5.718600 
22.000000 	2.069700  	0.192830  	-5.951300 
23.000000 	2.072900  	0.206680  	-6.204400 
24.000000 	2.078400  	0.220020  	-6.450000 
25.000000 	2.082800  	0.233410  	-6.700500 
26.000000 	2.089100  	0.246240  	-6.953800 
27.000000 	2.094500  	0.258990  	-7.195300 
28.000000 	2.098300  	0.271800  	-7.413900 
29.000000 	2.102400  	0.284170  	-7.644200 
30.000000 	2.045901  	0.306258  	-7.644200 
31.000000 	1.989402  	0.328347  	-7.644200 
32.000000 	1.932903  	0.350435  	-7.644200 
33.000000 	1.876404  	0.372523  	-7.644200 
34.000000 	1.826639  	0.395591  	-7.644200 
35.000000 	1.780614  	0.419202  	-7.644200 
36.000000 	1.734589  	0.442814  	-7.644200 
37.000000 	1.688564  	0.466425  	-7.644200 
38.000000 	1.644345  	0.490319  	-7.644200 
39.000000 	1.604641  	0.514917  	-7.644200 
40.000000 	1.564937  	0.539516  	-7.644200 
41.000000 	1.525232  	0.564114  	-7.644200 
42.000000 	1.485528  	0.588713  	-7.644200 
43.000000 	1.449327  	0.613710  	-7.644200 
44.000000 	1.413396  	0.638737  	-7.644200 
45.000000 	1.377465  	0.663765  	-7.644200 
46.000000 	1.341534  	0.688792  	-7.644200 
47.000000 	1.306848  	0.713741  	-7.644200 
48.000000 	1.273097  	0.738631  	-7.644200 
49.000000 	1.239345  	0.763520  	-7.644200 
50.000000 	1.205593  	0.788410  	-7.644200 
51.000000 	1.172098  	0.813149  	-7.644200 
52.000000 	1.139542  	0.837338  	-7.644200 
53.000000 	1.106986  	0.861527  	-7.644200 
54.000000 	1.074430  	0.885715  	-7.644200 
55.000000 	1.041875  	0.909904  	-7.644200 
56.000000 	1.009856  	0.933024  	-7.644200 
57.000000 	0.977928  	0.955965  	-7.644200 
58.000000 	0.945999  	0.978907  	-7.644200 
59.000000 	0.914070  	1.001848  	-7.644200 
60.000000 	0.882320  	1.023908  	-7.644200 
61.000000 	0.850748  	1.045086  	-7.644200 
62.000000 	0.819176  	1.066264  	-7.644200 
63.000000 	0.787604  	1.087442  	-7.644200 
64.000000 	0.756076  	1.108300  	-7.644200 
65.000000 	0.724812  	1.127239  	-7.644200 
66.000000 	0.693549  	1.146178  	-7.644200 
67.000000 	0.662285  	1.165117  	-7.644200 
68.000000 	0.631022  	1.184055  	-7.644200 
69.000000 	0.600097  	1.200903  	-7.644200 
70.000000 	0.569265  	1.217180  	-7.644200 
71.000000 	0.538433  	1.233456  	-7.644200 
72.000000 	0.507601  	1.249733  	-7.644200 
73.000000 	0.477063  	1.264714  	-7.644200 
74.000000 	0.446919  	1.277968  	-7.644200 
75.000000 	0.416775  	1.291221  	-7.644200 
76.000000 	0.386631  	1.304475  	-7.644200 
77.000000 	0.356561  	1.317492  	-7.644200 
78.000000 	0.327466  	1.327431  	-7.644200 
79.000000 	0.298371  	1.337370  	-7.644200 
80.000000 	0.269276  	1.347309  	-7.644200 
81.000000 	0.240180  	1.357248  	-7.644200 
82.000000 	0.212150  	1.364667  	-7.644200 
83.000000 	0.184545  	1.371078  	-7.644200 
84.000000 	0.156941  	1.377489  	-7.644200 
85.000000 	0.129336  	1.383899  	-7.644200 
86.000000 	0.102444  	1.389002  	-7.644200 
87.000000 	0.076833  	1.391752  	-7.644200 
88.000000 	0.051222  	1.394501  	-7.644200 
89.000000 	0.025611  	1.397251  	-7.644200 
90.000000 	0.000000  	1.400000  	-7.644200 
91.000000 	-0.017928 	1.397251  	-7.644200 
92.000000 	-0.035855 	1.394501  	-7.644200 
93.000000 	-0.053783 	1.391752  	-7.644200 
94.000000 	-0.071710 	1.389002  	-7.644200 
95.000000 	-0.090535 	1.383899  	-7.644200 
96.000000 	-0.109858 	1.377489  	-7.644200 
97.000000 	-0.129182 	1.371078  	-7.644200 
98.000000 	-0.148505 	1.364667  	-7.644200 
99.000000 	-0.168126 	1.357248  	-7.644200 
100.000000	-0.188493 	1.347309  	-7.644200 
101.000000	-0.208860 	1.337370  	-7.644200 
102.000000	-0.229226 	1.327431  	-7.644200 
103.000000	-0.249593 	1.317492  	-7.644200 
104.000000	-0.270642 	1.304475  	-7.644200 
105.000000	-0.291742 	1.291221  	-7.644200 
106.000000	-0.312843 	1.277968  	-7.644200 
107.000000	-0.333944 	1.264714  	-7.644200 
108.000000	-0.355320 	1.249733  	-7.644200 
109.000000	-0.376903 	1.233456  	-7.644200 
110.000000	-0.398485 	1.217180  	-7.644200 
111.000000	-0.420068 	1.200903  	-7.644200 
112.000000	-0.441715 	1.184055  	-7.644200 
113.000000	-0.463600 	1.165117  	-7.644200 
114.000000	-0.485484 	1.146178  	-7.644200 
115.000000	-0.507369 	1.127239  	-7.644200 
116.000000	-0.529253 	1.108300  	-7.644200 
117.000000	-0.551323 	1.087442  	-7.644200 
118.000000	-0.573423 	1.066264  	-7.644200 
119.000000	-0.595524 	1.045086  	-7.644200 
120.000000	-0.617624 	1.023908  	-7.644200 
121.000000	-0.639849 	1.001848  	-7.644200 
122.000000	-0.662199 	0.978907  	-7.644200 
123.000000	-0.684549 	0.955965  	-7.644200 
124.000000	-0.706899 	0.933024  	-7.644200 
125.000000	-0.729312 	0.909904  	-7.644200 
126.000000	-0.752101 	0.885715  	-7.644200 
127.000000	-0.774890 	0.861527  	-7.644200 
128.000000	-0.797679 	0.837338  	-7.644200 
129.000000	-0.820469 	0.813149  	-7.644200 
130.000000	-0.843915 	0.788410  	-7.644200 
131.000000	-0.867541 	0.763520  	-7.644200 
132.000000	-0.891168 	0.738631  	-7.644200 
133.000000	-0.914794 	0.713741  	-7.644200 
134.000000	-0.939074 	0.688792  	-7.644200 
135.000000	-0.964226 	0.663765  	-7.644200 
136.000000	-0.989377 	0.638737  	-7.644200 
137.000000	-1.014529 	0.613710  	-7.644200 
138.000000	-1.039870 	0.588713  	-7.644200 
139.000000	-1.067663 	0.564114  	-7.644200 
140.000000	-1.095456 	0.539516  	-7.644200 
141.000000	-1.123249 	0.514917  	-7.644200 
142.000000	-1.151042 	0.490319  	-7.644200 
143.000000	-1.181995 	0.466425  	-7.644200 
144.000000	-1.214212 	0.442814  	-7.644200 
145.000000	-1.246430 	0.419202  	-7.644200 
146.000000	-1.278647 	0.395591  	-7.644200 
147.000000	-1.313483 	0.372523  	-7.644200 
148.000000	-1.353032 	0.350435  	-7.644200 
149.000000	-1.392581 	0.328347  	-7.644200 
150.000000	-1.432131 	0.306258  	-7.644200 
151.000000	-1.471680 	0.284170  	-7.644200 
152.000000	-1.420932 	0.263514  	-7.644200 
153.000000	-1.370185 	0.242858  	-7.644200 
154.000000	-1.319437 	0.223197  	-7.644200 
155.000000	-1.268690 	0.203611  	-7.644200 
156.000000	-1.217942 	0.185030  	-7.644200 
157.000000	-1.167194 	0.166616  	-7.644200 
158.000000	-1.116447 	0.149197  	-7.644200 
159.000000	-1.065699 	0.132049  	-7.644200 
160.000000	-1.014952 	0.115869  	-7.644200 
161.000000	-0.964204 	0.100075  	-7.644200 
162.000000	-0.913457 	0.085205  	-7.644200 
163.000000	-0.862709 	0.070847  	-7.644200 
164.000000	-0.811961 	0.057352  	-7.644200 
165.000000	-0.761214 	0.044504  	-7.644200 
166.000000	-0.710466 	0.032444  	-7.644200 
167.000000	-0.659719 	0.021172  	-7.644200 
168.000000	-0.608971 	0.011890  	-7.644200 
169.000000	-0.558223 	0.005261  	-7.644200 
170.000000	-0.507476 	0.001000  	-7.644200 
171.000000	-0.456728 	0.001000  	-7.644200 
172.000000	-0.405981 	0.001000  	-7.644200 
173.000000	-0.355233 	0.001000  	-7.644200 
174.000000	-0.304486 	0.001000  	-7.644200 
175.000000	-0.253738 	0.001000  	-7.644200 
176.000000	-0.202990 	0.001000  	-7.644200 
177.000000	-0.152243 	0.001000  	-7.644200 
178.000000	-0.101495 	0.001000  	-7.644200 
179.000000	-0.050748 	0.001000  	-7.644200 
180.000000	0.000000  	0.001000  	-7.644200 
! ------------------------------------------------------------------------------
! data for table	7         
! ------------------------------------------------------------------------------
  0.800000  	Re           ! Reynolds number in millions
  0.000000  	UserProp     ! User property (control) setting
Flase           InclUAdata   ! Is unsteady aerodynamics data included in this table? If TRUE, then include UA coefficients below this line. Any missing coefficients will be calculated internally.
! Table of aerodynamics coefficients
  361       	NumAlf       ! Number of data lines in the following table
!Alpha      Cl          Cd          Cm/Cp
!(deg)      (-)         (-)         (-)
-180.000000	0.000000  	0.001000  	-7.449300 
-179.000000	0.052598  	0.001000  	-7.449300 
-178.000000	0.105195  	0.001000  	-7.449300 
-177.000000	0.157793  	0.001000  	-7.449300 
-176.000000	0.210390  	0.001000  	-7.449300 
-175.000000	0.262988  	0.001000  	-7.449300 
-174.000000	0.315585  	0.001000  	-7.449300 
-173.000000	0.368182  	0.001000  	-7.449300 
-172.000000	0.420780  	0.001000  	-7.449300 
-171.000000	0.473377  	0.001000  	-7.449300 
-170.000000	0.525975  	0.001000  	-7.449300 
-169.000000	0.578572  	0.010018  	-7.449300 
-168.000000	0.631170  	0.019036  	-7.449300 
-167.000000	0.683767  	0.029912  	-7.449300 
-166.000000	0.736365  	0.040787  	-7.449300 
-165.000000	0.788962  	0.053194  	-7.449300 
-164.000000	0.841560  	0.065600  	-7.449300 
-163.000000	0.894157  	0.079477  	-7.449300 
-162.000000	0.946755  	0.093355  	-7.449300 
-161.000000	0.999352  	0.108636  	-7.449300 
-160.000000	1.051950  	0.123917  	-7.449300 
-159.000000	1.104548  	0.140529  	-7.449300 
-158.000000	1.157145  	0.157141  	-7.449300 
-157.000000	1.209743  	0.175004  	-7.449300 
-156.000000	1.262340  	0.192866  	-7.449300 
-155.000000	1.314937  	0.211893  	-7.449300 
-154.000000	1.367535  	0.230920  	-7.449300 
-153.000000	1.420132  	0.251020  	-7.449300 
-152.000000	1.472730  	0.271120  	-7.449300 
-151.000000	1.433012  	0.292723  	-7.449300 
-150.000000	1.393294  	0.314326  	-7.449300 
-149.000000	1.353576  	0.335929  	-7.449300 
-148.000000	1.313858  	0.357532  	-7.449300 
-147.000000	1.278642  	0.380078  	-7.449300 
-146.000000	1.246802  	0.403331  	-7.449300 
-145.000000	1.214963  	0.426584  	-7.449300 
-144.000000	1.183124  	0.449837  	-7.449300 
-143.000000	1.151951  	0.473247  	-7.449300 
-142.000000	1.124778  	0.497603  	-7.449300 
-141.000000	1.097606  	0.521959  	-7.449300 
-140.000000	1.070434  	0.546315  	-7.449300 
-139.000000	1.043261  	0.570671  	-7.449300 
-138.000000	1.018037  	0.595405  	-7.449300 
-137.000000	0.993593  	0.620292  	-7.449300 
-136.000000	0.969148  	0.645178  	-7.449300 
-135.000000	0.944703  	0.670064  	-7.449300 
-134.000000	0.920695  	0.694935  	-7.449300 
-133.000000	0.897778  	0.719767  	-7.449300 
-132.000000	0.874861  	0.744599  	-7.449300 
-131.000000	0.851944  	0.769431  	-7.449300 
-130.000000	0.829027  	0.794263  	-7.449300 
-129.000000	0.806788  	0.818550  	-7.449300 
-128.000000	0.784662  	0.842746  	-7.449300 
-127.000000	0.762535  	0.866941  	-7.449300 
-126.000000	0.740409  	0.891137  	-7.449300 
-125.000000	0.718439  	0.914817  	-7.449300 
-124.000000	0.696679  	0.937810  	-7.449300 
-123.000000	0.674918  	0.960803  	-7.449300 
-122.000000	0.653158  	0.983795  	-7.449300 
-121.000000	0.631397  	1.006788  	-7.449300 
-120.000000	0.609799  	1.028040  	-7.449300 
-119.000000	0.588201  	1.049292  	-7.449300 
-118.000000	0.566603  	1.070545  	-7.449300 
-117.000000	0.545004  	1.091797  	-7.449300 
-116.000000	0.523476  	1.111772  	-7.449300 
-115.000000	0.502001  	1.130789  	-7.449300 
-114.000000	0.480526  	1.149805  	-7.449300 
-113.000000	0.459050  	1.168822  	-7.449300 
-112.000000	0.437605  	1.187456  	-7.449300 
-111.000000	0.416339  	1.203796  	-7.449300 
-110.000000	0.395073  	1.220136  	-7.449300 
-109.000000	0.373808  	1.236475  	-7.449300 
-108.000000	0.352542  	1.252815  	-7.449300 
-107.000000	0.331558  	1.266973  	-7.449300 
-106.000000	0.310686  	1.280258  	-7.449300 
-105.000000	0.289814  	1.293543  	-7.449300 
-104.000000	0.268942  	1.306829  	-7.449300 
-103.000000	0.248258  	1.319155  	-7.449300 
-102.000000	0.228041  	1.329081  	-7.449300 
-101.000000	0.207824  	1.339008  	-7.449300 
-100.000000	0.187607  	1.348935  	-7.449300 
-99.000000	0.167390  	1.358862  	-7.449300 
-98.000000	0.148009  	1.365718  	-7.449300 
-97.000000	0.128767  	1.372063  	-7.449300 
-96.000000	0.109524  	1.378408  	-7.449300 
-95.000000	0.090282  	1.384753  	-7.449300 
-94.000000	0.071614  	1.389503  	-7.449300 
-93.000000	0.053710  	1.392127  	-7.449300 
-92.000000	0.035807  	1.394751  	-7.449300 
-91.000000	0.017903  	1.397376  	-7.449300 
-90.000000	0.000000  	1.400000  	-7.449300 
-89.000000	-0.017903 	1.397376  	-7.449300 
-88.000000	-0.035807 	1.394751  	-7.449300 
-87.000000	-0.053710 	1.392127  	-7.449300 
-86.000000	-0.071614 	1.389503  	-7.449300 
-85.000000	-0.090282 	1.384753  	-7.449300 
-84.000000	-0.109524 	1.378408  	-7.449300 
-83.000000	-0.128767 	1.372063  	-7.449300 
-82.000000	-0.148009 	1.365718  	-7.449300 
-81.000000	-0.167390 	1.358862  	-7.449300 
-80.000000	-0.187607 	1.348935  	-7.449300 
-79.000000	-0.207824 	1.339008  	-7.449300 
-78.000000	-0.228041 	1.329081  	-7.449300 
-77.000000	-0.248258 	1.319155  	-7.449300 
-76.000000	-0.268942 	1.306829  	-7.449300 
-75.000000	-0.289814 	1.293543  	-7.449300 
-74.000000	-0.310686 	1.280258  	-7.449300 
-73.000000	-0.331558 	1.266973  	-7.449300 
-72.000000	-0.352542 	1.252815  	-7.449300 
-71.000000	-0.373808 	1.236475  	-7.449300 
-70.000000	-0.395073 	1.220136  	-7.449300 
-69.000000	-0.416339 	1.203796  	-7.449300 
-68.000000	-0.437605 	1.187456  	-7.449300 
-67.000000	-0.459050 	1.168822  	-7.449300 
-66.000000	-0.480526 	1.149805  	-7.449300 
-65.000000	-0.502001 	1.130789  	-7.449300 
-64.000000	-0.523476 	1.111772  	-7.449300 
-63.000000	-0.545004 	1.091797  	-7.449300 
-62.000000	-0.566603 	1.070545  	-7.449300 
-61.000000	-0.588201 	1.049292  	-7.449300 
-60.000000	-0.609799 	1.028040  	-7.449300 
-59.000000	-0.631397 	1.006788  	-7.449300 
-58.000000	-0.653158 	0.983795  	-7.449300 
-57.000000	-0.674918 	0.960803  	-7.449300 
-56.000000	-0.696679 	0.937810  	-7.449300 
-55.000000	-0.718439 	0.914817  	-7.449300 
-54.000000	-0.740409 	0.891137  	-7.449300 
-53.000000	-0.762535 	0.866941  	-7.449300 
-52.000000	-0.784662 	0.842746  	-7.449300 
-51.000000	-0.806788 	0.818550  	-7.449300 
-50.000000	-0.829027 	0.794263  	-7.449300 
-49.000000	-0.851944 	0.769431  	-7.449300 
-48.000000	-0.874861 	0.744599  	-7.449300 
-47.000000	-0.897778 	0.719767  	-7.449300 
-46.000000	-0.920695 	0.694935  	-7.449300 
-45.000000	-0.944703 	0.670064  	-7.449300 
-44.000000	-0.969148 	0.645178  	-7.449300 
-43.000000	-0.993593 	0.620292  	-7.449300 
-42.000000	-1.018037 	0.595405  	-7.449300 
-41.000000	-1.043261 	0.570671  	-7.449300 
-40.000000	-1.070434 	0.546315  	-7.449300 
-39.000000	-1.097606 	0.521959  	-7.449300 
-38.000000	-1.124778 	0.497603  	-7.449300 
-37.000000	-1.151951 	0.473247  	-7.449300 
-36.000000	-1.183124 	0.449837  	-7.449300 
-35.000000	-1.214963 	0.426584  	-7.449300 
-34.000000	-1.246802 	0.403331  	-7.449300 
-33.000000	-1.278642 	0.380078  	-7.449300 
-32.000000	-1.313858 	0.357532  	-7.449300 
-31.000000	-1.353576 	0.335929  	-7.449300 
-30.000000	-1.393294 	0.314326  	-7.449300 
-29.000000	-1.433012 	0.292723  	-7.449300 
-28.000000	-1.472730 	0.271120  	-7.449300 
-27.000000	-1.425078 	0.257665  	-7.449300 
-26.000000	-1.377427 	0.244210  	-7.449300 
-25.000000	-1.329775 	0.230755  	-7.449300 
-24.000000	-1.282123 	0.217300  	-7.449300 
-23.000000	-1.234472 	0.203845  	-7.449300 
-22.000000	-1.186820 	0.190390  	-7.449300 
-21.000000	-1.139168 	0.176935  	-7.449300 
-20.000000	-1.091517 	0.163480  	-7.449300 
-19.000000	-1.043865 	0.150025  	-7.449300 
-18.000000	-0.996213 	0.136570  	-7.449300 
-17.000000	-0.948562 	0.123115  	-7.449300 
-16.000000	-0.900910 	0.109660  	-7.449300 
-15.000000	-0.853258 	0.096205  	-7.449300 
-14.000000	-0.805607 	0.082750  	-7.449300 
-13.000000	-0.757955 	0.069295  	-7.449300 
-12.000000	-0.710303 	0.055840  	-6.238700 
-11.000000	-0.662652 	0.042385  	-4.120150 
-10.000000	-0.615000 	0.028930  	-2.001600 
-9.000000 	-0.473300 	0.028940  	-1.856400 
-8.000000 	-0.335400 	0.029220  	-1.721100 
-7.000000 	-0.196600 	0.029420  	-1.588500 
-6.000000 	-0.058100 	0.029670  	-1.461900 
-5.000000 	0.080300  	0.029900  	-1.338000 
-4.000000 	0.218400  	0.030160  	-1.219800 
-3.000000 	0.355500  	0.030440  	-1.104700 
-2.000000 	0.492100  	0.030740  	-1.204200 
-1.000000 	0.627800  	0.031070  	-1.318300 
0.000000  	0.762200  	0.031400  	-1.436700 
1.000000  	0.896100  	0.031740  	-1.559600 
2.000000  	1.028400  	0.032140  	-1.688000 
3.000000  	1.159200  	0.032590  	-1.823800 
4.000000  	1.288400  	0.033080  	-1.968500 
5.000000  	1.416200  	0.033620  	-2.127200 
6.000000  	1.542100  	0.034250  	-2.305400 
7.000000  	1.665600  	0.035000  	-2.505500 
8.000000  	1.786700  	0.035830  	-2.732500 
9.000000  	1.906000  	0.036710  	-2.992500 
10.000000 	2.019700  	0.037940  	-3.284300 
11.000000 	2.127900  	0.039420  	-3.607400 
12.000000 	2.218100  	0.042130  	-3.936100 
13.000000 	2.237400  	0.049220  	-4.201400 
14.000000 	2.225500  	0.060660  	-4.422000 
15.000000 	2.202600  	0.075710  	-4.620500 
16.000000 	2.168400  	0.093510  	-4.794900 
17.000000 	2.142000  	0.110910  	-4.980800 
18.000000 	2.120600  	0.128230  	-5.161450 
19.000000 	2.099200  	0.145550  	-5.342100 
20.000000 	2.089200  	0.161450  	-5.545300 
21.000000 	2.082100  	0.176940  	-5.762900 
22.000000 	2.080300  	0.191570  	-5.990700 
23.000000 	2.083400  	0.205400  	-6.245800 
24.000000 	2.090000  	0.218450  	-6.500000 
25.000000 	2.093700  	0.231940  	-6.750900 
26.000000 	2.098800  	0.244920  	-7.002000 
27.000000 	2.102000  	0.258030  	-7.236700 
28.000000 	2.103900  	0.271120  	-7.449300 
29.000000 	2.047160  	0.292723  	-7.449300 
30.000000 	1.990420  	0.314326  	-7.449300 
31.000000 	1.933680  	0.335929  	-7.449300 
32.000000 	1.876940  	0.357532  	-7.449300 
33.000000 	1.826631  	0.380078  	-7.449300 
34.000000 	1.781146  	0.403331  	-7.449300 
35.000000 	1.735661  	0.426584  	-7.449300 
36.000000 	1.690177  	0.449837  	-7.449300 
37.000000 	1.645644  	0.473247  	-7.449300 
38.000000 	1.606826  	0.497603  	-7.449300 
39.000000 	1.568009  	0.521959  	-7.449300 
40.000000 	1.529191  	0.546315  	-7.449300 
41.000000 	1.490373  	0.570671  	-7.449300 
42.000000 	1.454339  	0.595405  	-7.449300 
43.000000 	1.419418  	0.620292  	-7.449300 
44.000000 	1.384497  	0.645178  	-7.449300 
45.000000 	1.349576  	0.670064  	-7.449300 
46.000000 	1.315279  	0.694935  	-7.449300 
47.000000 	1.282540  	0.719767  	-7.449300 
48.000000 	1.249802  	0.744599  	-7.449300 
49.000000 	1.217063  	0.769431  	-7.449300 
50.000000 	1.184324  	0.794263  	-7.449300 
51.000000 	1.152554  	0.818550  	-7.449300 
52.000000 	1.120945  	0.842746  	-7.449300 
53.000000 	1.089336  	0.866941  	-7.449300 
54.000000 	1.057727  	0.891137  	-7.449300 
55.000000 	1.026342  	0.914817  	-7.449300 
56.000000 	0.995256  	0.937810  	-7.449300 
57.000000 	0.964169  	0.960803  	-7.449300 
58.000000 	0.933083  	0.983795  	-7.449300 
59.000000 	0.901996  	1.006788  	-7.449300 
60.000000 	0.871142  	1.028040  	-7.449300 
61.000000 	0.840287  	1.049292  	-7.449300 
62.000000 	0.809432  	1.070545  	-7.449300 
63.000000 	0.778577  	1.091797  	-7.449300 
64.000000 	0.747823  	1.111772  	-7.449300 
65.000000 	0.717144  	1.130789  	-7.449300 
66.000000 	0.686465  	1.149805  	-7.449300 
67.000000 	0.655786  	1.168822  	-7.449300 
68.000000 	0.625150  	1.187456  	-7.449300 
69.000000 	0.594770  	1.203796  	-7.449300 
70.000000 	0.564390  	1.220136  	-7.449300 
71.000000 	0.534011  	1.236475  	-7.449300 
72.000000 	0.503631  	1.252815  	-7.449300 
73.000000 	0.473654  	1.266973  	-7.449300 
74.000000 	0.443837  	1.280258  	-7.449300 
75.000000 	0.414020  	1.293543  	-7.449300 
76.000000 	0.384203  	1.306829  	-7.449300 
77.000000 	0.354654  	1.319155  	-7.449300 
78.000000 	0.325773  	1.329081  	-7.449300 
79.000000 	0.296891  	1.339008  	-7.449300 
80.000000 	0.268010  	1.348935  	-7.449300 
81.000000 	0.239129  	1.358862  	-7.449300 
82.000000 	0.211441  	1.365718  	-7.449300 
83.000000 	0.183952  	1.372063  	-7.449300 
84.000000 	0.156464  	1.378408  	-7.449300 
85.000000 	0.128975  	1.384753  	-7.449300 
86.000000 	0.102305  	1.389503  	-7.449300 
87.000000 	0.076729  	1.392127  	-7.449300 
88.000000 	0.051153  	1.394751  	-7.449300 
89.000000 	0.025576  	1.397376  	-7.449300 
90.000000 	0.000000  	1.400000  	-7.449300 
91.000000 	-0.017903 	1.397376  	-7.449300 
92.000000 	-0.035807 	1.394751  	-7.449300 
93.000000 	-0.053710 	1.392127  	-7.449300 
94.000000 	-0.071614 	1.389503  	-7.449300 
95.000000 	-0.090282 	1.384753  	-7.449300 
96.000000 	-0.109524 	1.378408  	-7.449300 
97.000000 	-0.128767 	1.372063  	-7.449300 
98.000000 	-0.148009 	1.365718  	-7.449300 
99.000000 	-0.167390 	1.358862  	-7.449300 
100.000000	-0.187607 	1.348935  	-7.449300 
101.000000	-0.207824 	1.339008  	-7.449300 
102.000000	-0.228041 	1.329081  	-7.449300 
103.000000	-0.248258 	1.319155  	-7.449300 
104.000000	-0.268942 	1.306829  	-7.449300 
105.000000	-0.289814 	1.293543  	-7.449300 
106.000000	-0.310686 	1.280258  	-7.449300 
107.000000	-0.331558 	1.266973  	-7.449300 
108.000000	-0.352542 	1.252815  	-7.449300 
109.000000	-0.373808 	1.236475  	-7.449300 
110.000000	-0.395073 	1.220136  	-7.449300 
111.000000	-0.416339 	1.203796  	-7.449300 
112.000000	-0.437605 	1.187456  	-7.449300 
113.000000	-0.459050 	1.168822  	-7.449300 
114.000000	-0.480526 	1.149805  	-7.449300 
115.000000	-0.502001 	1.130789  	-7.449300 
116.000000	-0.523476 	1.111772  	-7.449300 
117.000000	-0.545004 	1.091797  	-7.449300 
118.000000	-0.566603 	1.070545  	-7.449300 
119.000000	-0.588201 	1.049292  	-7.449300 
120.000000	-0.609799 	1.028040  	-7.449300 
121.000000	-0.631397 	1.006788  	-7.449300 
122.000000	-0.653158 	0.983795  	-7.449300 
123.000000	-0.674918 	0.960803  	-7.449300 
124.000000	-0.696679 	0.937810  	-7.449300 
125.000000	-0.718439 	0.914817  	-7.449300 
126.000000	-0.740409 	0.891137  	-7.449300 
127.000000	-0.762535 	0.866941  	-7.449300 
128.000000	-0.784662 	0.842746  	-7.449300 
129.000000	-0.806788 	0.818550  	-7.449300 
130.000000	-0.829027 	0.794263  	-7.449300 
131.000000	-0.851944 	0.769431  	-7.449300 
132.000000	-0.874861 	0.744599  	-7.449300 
133.000000	-0.897778 	0.719767  	-7.449300 
134.000000	-0.920695 	0.694935  	-7.449300 
135.000000	-0.944703 	0.670064  	-7.449300 
136.000000	-0.969148 	0.645178  	-7.449300 
137.000000	-0.993593 	0.620292  	-7.449300 
138.000000	-1.018037 	0.595405  	-7.449300 
139.000000	-1.043261 	0.570671  	-7.449300 
140.000000	-1.070434 	0.546315  	-7.449300 
141.000000	-1.097606 	0.521959  	-7.449300 
142.000000	-1.124778 	0.497603  	-7.449300 
143.000000	-1.151951 	0.473247  	-7.449300 
144.000000	-1.183124 	0.449837  	-7.449300 
145.000000	-1.214963 	0.426584  	-7.449300 
146.000000	-1.246802 	0.403331  	-7.449300 
147.000000	-1.278642 	0.380078  	-7.449300 
148.000000	-1.313858 	0.357532  	-7.449300 
149.000000	-1.353576 	0.335929  	-7.449300 
150.000000	-1.393294 	0.314326  	-7.449300 
151.000000	-1.433012 	0.292723  	-7.449300 
152.000000	-1.472730 	0.271120  	-7.449300 
153.000000	-1.420132 	0.251020  	-7.449300 
154.000000	-1.367535 	0.230920  	-7.449300 
155.000000	-1.314937 	0.211893  	-7.449300 
156.000000	-1.262340 	0.192866  	-7.449300 
157.000000	-1.209743 	0.175004  	-7.449300 
158.000000	-1.157145 	0.157141  	-7.449300 
159.000000	-1.104548 	0.140529  	-7.449300 
160.000000	-1.051950 	0.123917  	-7.449300 
161.000000	-0.999352 	0.108636  	-7.449300 
162.000000	-0.946755 	0.093355  	-7.449300 
163.000000	-0.894157 	0.079477  	-7.449300 
164.000000	-0.841560 	0.065600  	-7.449300 
165.000000	-0.788962 	0.053194  	-7.449300 
166.000000	-0.736365 	0.040787  	-7.449300 
167.000000	-0.683767 	0.029912  	-7.449300 
168.000000	-0.631170 	0.019036  	-7.449300 
169.000000	-0.578572 	0.010018  	-7.449300 
170.000000	-0.525975 	0.001000  	-7.449300 
171.000000	-0.473377 	0.001000  	-7.449300 
172.000000	-0.420780 	0.001000  	-7.449300 
173.000000	-0.368182 	0.001000  	-7.449300 
174.000000	-0.315585 	0.001000  	-7.449300 
175.000000	-0.262988 	0.001000  	-7.449300 
176.000000	-0.210390 	0.001000  	-7.449300 
177.000000	-0.157793 	0.001000  	-7.449300 
178.000000	-0.105195 	0.001000  	-7.449300 
179.000000	-0.052598 	0.001000  	-7.449300 
180.000000	0.000000  	0.001000  	-7.449300 
! ------------------------------------------------------------------------------
! data for table	8         
! ------------------------------------------------------------------------------
  0.900000  	Re           ! Reynolds number in millions
  0.000000  	UserProp     ! User property (control) setting
Flase           InclUAdata   ! Is unsteady aerodynamics data included in this table? If TRUE, then include UA coefficients below this line. Any missing coefficients will be calculated internally.
! Table of aerodynamics coefficients
  361       	NumAlf       ! Number of data lines in the following table
!Alpha      Cl          Cd          Cm/Cp
!(deg)      (-)         (-)         (-)
-180.000000	0.000000  	0.001000  	-7.727000 
-179.000000	0.051054  	0.001000  	-7.727000 
-178.000000	0.102108  	0.001000  	-7.727000 
-177.000000	0.153162  	0.001000  	-7.727000 
-176.000000	0.204217  	0.001000  	-7.727000 
-175.000000	0.255271  	0.001000  	-7.727000 
-174.000000	0.306325  	0.001000  	-7.727000 
-173.000000	0.357379  	0.001000  	-7.727000 
-172.000000	0.408433  	0.001000  	-7.727000 
-171.000000	0.459487  	0.001000  	-7.727000 
-170.000000	0.510541  	0.001000  	-7.727000 
-169.000000	0.561596  	0.004669  	-7.727000 
-168.000000	0.612650  	0.010375  	-7.727000 
-167.000000	0.663704  	0.019267  	-7.727000 
-166.000000	0.714758  	0.030547  	-7.727000 
-165.000000	0.765812  	0.042615  	-7.727000 
-164.000000	0.816866  	0.055473  	-7.727000 
-163.000000	0.867920  	0.068977  	-7.727000 
-162.000000	0.918974  	0.083345  	-7.727000 
-161.000000	0.970029  	0.098227  	-7.727000 
-160.000000	1.021083  	0.114032  	-7.727000 
-159.000000	1.072137  	0.130224  	-7.727000 
-158.000000	1.123191  	0.147384  	-7.727000 
-157.000000	1.174245  	0.164817  	-7.727000 
-156.000000	1.225299  	0.183244  	-7.727000 
-155.000000	1.276353  	0.201840  	-7.727000 
-154.000000	1.327408  	0.221440  	-7.727000 
-153.000000	1.378462  	0.241116  	-7.727000 
-152.000000	1.429516  	0.261788  	-7.727000 
-151.000000	1.480570  	0.282460  	-7.727000 
-150.000000	1.440621  	0.304566  	-7.727000 
-149.000000	1.400672  	0.326672  	-7.727000 
-148.000000	1.360723  	0.348778  	-7.727000 
-147.000000	1.320774  	0.370884  	-7.727000 
-146.000000	1.285591  	0.393970  	-7.727000 
-145.000000	1.253056  	0.417602  	-7.727000 
-144.000000	1.220521  	0.441233  	-7.727000 
-143.000000	1.187986  	0.464864  	-7.727000 
-142.000000	1.156731  	0.488778  	-7.727000 
-141.000000	1.128679  	0.513399  	-7.727000 
-140.000000	1.100626  	0.538019  	-7.727000 
-139.000000	1.072574  	0.562640  	-7.727000 
-138.000000	1.044522  	0.587260  	-7.727000 
-137.000000	1.018962  	0.612281  	-7.727000 
-136.000000	0.993595  	0.637332  	-7.727000 
-135.000000	0.968228  	0.662383  	-7.727000 
-134.000000	0.942861  	0.687435  	-7.727000 
-133.000000	0.918385  	0.712408  	-7.727000 
-132.000000	0.894578  	0.737323  	-7.727000 
-131.000000	0.870771  	0.762239  	-7.727000 
-130.000000	0.846964  	0.787154  	-7.727000 
-129.000000	0.823343  	0.811919  	-7.727000 
-128.000000	0.800401  	0.836135  	-7.727000 
-127.000000	0.777460  	0.860351  	-7.727000 
-126.000000	0.754518  	0.884567  	-7.727000 
-125.000000	0.731577  	0.908783  	-7.727000 
-124.000000	0.709032  	0.931931  	-7.727000 
-123.000000	0.686554  	0.954901  	-7.727000 
-122.000000	0.664076  	0.977872  	-7.727000 
-121.000000	0.641598  	1.000842  	-7.727000 
-120.000000	0.619255  	1.022931  	-7.727000 
-119.000000	0.597048  	1.044139  	-7.727000 
-118.000000	0.574840  	1.065347  	-7.727000 
-117.000000	0.552633  	1.086555  	-7.727000 
-116.000000	0.530459  	1.107443  	-7.727000 
-115.000000	0.508487  	1.126413  	-7.727000 
-114.000000	0.486514  	1.145383  	-7.727000 
-113.000000	0.464542  	1.164353  	-7.727000 
-112.000000	0.442570  	1.183323  	-7.727000 
-111.000000	0.420848  	1.200202  	-7.727000 
-110.000000	0.399196  	1.216511  	-7.727000 
-109.000000	0.377543  	1.232820  	-7.727000 
-108.000000	0.355890  	1.249129  	-7.727000 
-107.000000	0.334451  	1.264143  	-7.727000 
-106.000000	0.313296  	1.277429  	-7.727000 
-105.000000	0.292142  	1.290716  	-7.727000 
-104.000000	0.270987  	1.304002  	-7.727000 
-103.000000	0.249886  	1.317052  	-7.727000 
-102.000000	0.229482  	1.327025  	-7.727000 
-101.000000	0.209077  	1.336997  	-7.727000 
-100.000000	0.188672  	1.346970  	-7.727000 
-99.000000	0.168268  	1.356943  	-7.727000 
-98.000000	0.148620  	1.364395  	-7.727000 
-97.000000	0.129274  	1.370840  	-7.727000 
-96.000000	0.109928  	1.377284  	-7.727000 
-95.000000	0.090582  	1.383729  	-7.727000 
-94.000000	0.071740  	1.388866  	-7.727000 
-93.000000	0.053805  	1.391649  	-7.727000 
-92.000000	0.035870  	1.394433  	-7.727000 
-91.000000	0.017935  	1.397216  	-7.727000 
-90.000000	0.000000  	1.400000  	-7.727000 
-89.000000	-0.017935 	1.397216  	-7.727000 
-88.000000	-0.035870 	1.394433  	-7.727000 
-87.000000	-0.053805 	1.391649  	-7.727000 
-86.000000	-0.071740 	1.388866  	-7.727000 
-85.000000	-0.090582 	1.383729  	-7.727000 
-84.000000	-0.109928 	1.377284  	-7.727000 
-83.000000	-0.129274 	1.370840  	-7.727000 
-82.000000	-0.148620 	1.364395  	-7.727000 
-81.000000	-0.168268 	1.356943  	-7.727000 
-80.000000	-0.188672 	1.346970  	-7.727000 
-79.000000	-0.209077 	1.336997  	-7.727000 
-78.000000	-0.229482 	1.327025  	-7.727000 
-77.000000	-0.249886 	1.317052  	-7.727000 
-76.000000	-0.270987 	1.304002  	-7.727000 
-75.000000	-0.292142 	1.290716  	-7.727000 
-74.000000	-0.313296 	1.277429  	-7.727000 
-73.000000	-0.334451 	1.264143  	-7.727000 
-72.000000	-0.355890 	1.249129  	-7.727000 
-71.000000	-0.377543 	1.232820  	-7.727000 
-70.000000	-0.399196 	1.216511  	-7.727000 
-69.000000	-0.420848 	1.200202  	-7.727000 
-68.000000	-0.442570 	1.183323  	-7.727000 
-67.000000	-0.464542 	1.164353  	-7.727000 
-66.000000	-0.486514 	1.145383  	-7.727000 
-65.000000	-0.508487 	1.126413  	-7.727000 
-64.000000	-0.530459 	1.107443  	-7.727000 
-63.000000	-0.552633 	1.086555  	-7.727000 
-62.000000	-0.574840 	1.065347  	-7.727000 
-61.000000	-0.597048 	1.044139  	-7.727000 
-60.000000	-0.619255 	1.022931  	-7.727000 
-59.000000	-0.641598 	1.000842  	-7.727000 
-58.000000	-0.664076 	0.977872  	-7.727000 
-57.000000	-0.686554 	0.954901  	-7.727000 
-56.000000	-0.709032 	0.931931  	-7.727000 
-55.000000	-0.731577 	0.908783  	-7.727000 
-54.000000	-0.754518 	0.884567  	-7.727000 
-53.000000	-0.777460 	0.860351  	-7.727000 
-52.000000	-0.800401 	0.836135  	-7.727000 
-51.000000	-0.823343 	0.811919  	-7.727000 
-50.000000	-0.846964 	0.787154  	-7.727000 
-49.000000	-0.870771 	0.762239  	-7.727000 
-48.000000	-0.894578 	0.737323  	-7.727000 
-47.000000	-0.918385 	0.712408  	-7.727000 
-46.000000	-0.942861 	0.687435  	-7.727000 
-45.000000	-0.968228 	0.662383  	-7.727000 
-44.000000	-0.993595 	0.637332  	-7.727000 
-43.000000	-1.018962 	0.612281  	-7.727000 
-42.000000	-1.044522 	0.587260  	-7.727000 
-41.000000	-1.072574 	0.562640  	-7.727000 
-40.000000	-1.100626 	0.538019  	-7.727000 
-39.000000	-1.128679 	0.513399  	-7.727000 
-38.000000	-1.156731 	0.488778  	-7.727000 
-37.000000	-1.187986 	0.464864  	-7.727000 
-36.000000	-1.220521 	0.441233  	-7.727000 
-35.000000	-1.253056 	0.417602  	-7.727000 
-34.000000	-1.285591 	0.393970  	-7.727000 
-33.000000	-1.320774 	0.370884  	-7.727000 
-32.000000	-1.360723 	0.348778  	-7.727000 
-31.000000	-1.400672 	0.326672  	-7.727000 
-30.000000	-1.440621 	0.304566  	-7.727000 
-29.000000	-1.480570 	0.282460  	-7.727000 
-28.000000	-1.434598 	0.269093  	-7.727000 
-27.000000	-1.388626 	0.255725  	-7.727000 
-26.000000	-1.342654 	0.242358  	-7.727000 
-25.000000	-1.296682 	0.228991  	-7.727000 
-24.000000	-1.250709 	0.215623  	-7.727000 
-23.000000	-1.204737 	0.202256  	-7.727000 
-22.000000	-1.158765 	0.188888  	-7.727000 
-21.000000	-1.112793 	0.175521  	-7.727000 
-20.000000	-1.066821 	0.162154  	-7.727000 
-19.000000	-1.020849 	0.148786  	-7.727000 
-18.000000	-0.974877 	0.135419  	-7.727000 
-17.000000	-0.928905 	0.122052  	-7.727000 
-16.000000	-0.882933 	0.108684  	-7.727000 
-15.000000	-0.836961 	0.095317  	-7.727000 
-14.000000	-0.790988 	0.081949  	-7.727000 
-13.000000	-0.745016 	0.068582  	-7.727000 
-12.000000	-0.699044 	0.055215  	-6.219421 
-11.000000	-0.653072 	0.041847  	-4.108811 
-10.000000	-0.607100 	0.028480  	-1.998200 
-9.000000 	-0.471600 	0.028790  	-1.857900 
-8.000000 	-0.333200 	0.029060  	-1.722300 
-7.000000 	-0.194500 	0.029300  	-1.589100 
-6.000000 	-0.055100 	0.029520  	-1.462500 
-5.000000 	0.082900  	0.029780  	-1.337900 
-4.000000 	0.221200  	0.030060  	-1.220300 
-3.000000 	0.358000  	0.030350  	-1.104700 
-2.000000 	0.495100  	0.030630  	-1.206300 
-1.000000 	0.630500  	0.030920  	-1.320500 
0.000000  	0.765700  	0.031240  	-1.439500 
1.000000  	0.899300  	0.031590  	-1.562300 
2.000000  	1.031400  	0.031990  	-1.690600 
3.000000  	1.161900  	0.032420  	-1.826300 
4.000000  	1.291500  	0.032870  	-1.971500 
5.000000  	1.420100  	0.033350  	-2.130900 
6.000000  	1.546700  	0.033890  	-2.310100 
7.000000  	1.671000  	0.034530  	-2.511400 
8.000000  	1.792900  	0.035300  	-2.739600 
9.000000  	1.912400  	0.036180  	-3.000600 
10.000000 	2.027900  	0.037230  	-3.295800 
11.000000 	2.135400  	0.038830  	-3.618900 
12.000000 	2.228600  	0.041340  	-3.953300 
13.000000 	2.260000  	0.047590  	-4.242700 
14.000000 	2.241400  	0.059150  	-4.453700 
15.000000 	2.214900  	0.074470  	-4.647100 
16.000000 	2.190000  	0.091020  	-4.844100 
17.000000 	2.155200  	0.109450  	-5.013900 
18.000000 	2.133900  	0.126540  	-5.198900 
19.000000 	2.115700  	0.143410  	-5.389700 
20.000000 	2.099700  	0.160230  	-5.578300 
21.000000 	2.097300  	0.174870  	-5.813700 
22.000000 	2.097900  	0.189090  	-6.053800 
23.000000 	2.098900  	0.203170  	-6.305400 
24.000000 	2.104200  	0.216410  	-6.559400 
25.000000 	2.108800  	0.229630  	-6.818800 
26.000000 	2.111800  	0.242900  	-7.064800 
27.000000 	2.115800  	0.255780  	-7.307800 
28.000000 	2.116200  	0.269130  	-7.517500 
29.000000 	2.115100  	0.282460  	-7.727000 
30.000000 	2.058030  	0.304566  	-7.727000 
31.000000 	2.000960  	0.326672  	-7.727000 
32.000000 	1.943890  	0.348778  	-7.727000 
33.000000 	1.886821  	0.370884  	-7.727000 
34.000000 	1.836559  	0.393970  	-7.727000 
35.000000 	1.790080  	0.417602  	-7.727000 
36.000000 	1.743602  	0.441233  	-7.727000 
37.000000 	1.697123  	0.464864  	-7.727000 
38.000000 	1.652473  	0.488778  	-7.727000 
39.000000 	1.612399  	0.513399  	-7.727000 
40.000000 	1.572324  	0.538019  	-7.727000 
41.000000 	1.532249  	0.562640  	-7.727000 
42.000000 	1.492174  	0.587260  	-7.727000 
43.000000 	1.455661  	0.612281  	-7.727000 
44.000000 	1.419422  	0.637332  	-7.727000 
45.000000 	1.383183  	0.662383  	-7.727000 
46.000000 	1.346944  	0.687435  	-7.727000 
47.000000 	1.311978  	0.712408  	-7.727000 
48.000000 	1.277968  	0.737323  	-7.727000 
49.000000 	1.243959  	0.762239  	-7.727000 
50.000000 	1.209949  	0.787154  	-7.727000 
51.000000 	1.176204  	0.811919  	-7.727000 
52.000000 	1.143430  	0.836135  	-7.727000 
53.000000 	1.110657  	0.860351  	-7.727000 
54.000000 	1.077883  	0.884567  	-7.727000 
55.000000 	1.045110  	0.908783  	-7.727000 
56.000000 	1.012903  	0.931931  	-7.727000 
57.000000 	0.980792  	0.954901  	-7.727000 
58.000000 	0.948680  	0.977872  	-7.727000 
59.000000 	0.916568  	1.000842  	-7.727000 
60.000000 	0.884650  	1.022931  	-7.727000 
61.000000 	0.852925  	1.044139  	-7.727000 
62.000000 	0.821200  	1.065347  	-7.727000 
63.000000 	0.789475  	1.086555  	-7.727000 
64.000000 	0.757799  	1.107443  	-7.727000 
65.000000 	0.726410  	1.126413  	-7.727000 
66.000000 	0.695021  	1.145383  	-7.727000 
67.000000 	0.663631  	1.164353  	-7.727000 
68.000000 	0.632242  	1.183323  	-7.727000 
69.000000 	0.601212  	1.200202  	-7.727000 
70.000000 	0.570280  	1.216511  	-7.727000 
71.000000 	0.539347  	1.232820  	-7.727000 
72.000000 	0.508415  	1.249129  	-7.727000 
73.000000 	0.477787  	1.264143  	-7.727000 
74.000000 	0.447566  	1.277429  	-7.727000 
75.000000 	0.417346  	1.290716  	-7.727000 
76.000000 	0.387125  	1.304002  	-7.727000 
77.000000 	0.356980  	1.317052  	-7.727000 
78.000000 	0.327831  	1.327025  	-7.727000 
79.000000 	0.298681  	1.336997  	-7.727000 
80.000000 	0.269532  	1.346970  	-7.727000 
81.000000 	0.240383  	1.356943  	-7.727000 
82.000000 	0.212314  	1.364395  	-7.727000 
83.000000 	0.184677  	1.370840  	-7.727000 
84.000000 	0.157040  	1.377284  	-7.727000 
85.000000 	0.129403  	1.383729  	-7.727000 
86.000000 	0.102486  	1.388866  	-7.727000 
87.000000 	0.076865  	1.391649  	-7.727000 
88.000000 	0.051243  	1.394433  	-7.727000 
89.000000 	0.025622  	1.397216  	-7.727000 
90.000000 	0.000000  	1.400000  	-7.727000 
91.000000 	-0.017935 	1.397216  	-7.727000 
92.000000 	-0.035870 	1.394433  	-7.727000 
93.000000 	-0.053805 	1.391649  	-7.727000 
94.000000 	-0.071740 	1.388866  	-7.727000 
95.000000 	-0.090582 	1.383729  	-7.727000 
96.000000 	-0.109928 	1.377284  	-7.727000 
97.000000 	-0.129274 	1.370840  	-7.727000 
98.000000 	-0.148620 	1.364395  	-7.727000 
99.000000 	-0.168268 	1.356943  	-7.727000 
100.000000	-0.188672 	1.346970  	-7.727000 
101.000000	-0.209077 	1.336997  	-7.727000 
102.000000	-0.229482 	1.327025  	-7.727000 
103.000000	-0.249886 	1.317052  	-7.727000 
104.000000	-0.270987 	1.304002  	-7.727000 
105.000000	-0.292142 	1.290716  	-7.727000 
106.000000	-0.313296 	1.277429  	-7.727000 
107.000000	-0.334451 	1.264143  	-7.727000 
108.000000	-0.355890 	1.249129  	-7.727000 
109.000000	-0.377543 	1.232820  	-7.727000 
110.000000	-0.399196 	1.216511  	-7.727000 
111.000000	-0.420848 	1.200202  	-7.727000 
112.000000	-0.442570 	1.183323  	-7.727000 
113.000000	-0.464542 	1.164353  	-7.727000 
114.000000	-0.486514 	1.145383  	-7.727000 
115.000000	-0.508487 	1.126413  	-7.727000 
116.000000	-0.530459 	1.107443  	-7.727000 
117.000000	-0.552633 	1.086555  	-7.727000 
118.000000	-0.574840 	1.065347  	-7.727000 
119.000000	-0.597048 	1.044139  	-7.727000 
120.000000	-0.619255 	1.022931  	-7.727000 
121.000000	-0.641598 	1.000842  	-7.727000 
122.000000	-0.664076 	0.977872  	-7.727000 
123.000000	-0.686554 	0.954901  	-7.727000 
124.000000	-0.709032 	0.931931  	-7.727000 
125.000000	-0.731577 	0.908783  	-7.727000 
126.000000	-0.754518 	0.884567  	-7.727000 
127.000000	-0.777460 	0.860351  	-7.727000 
128.000000	-0.800401 	0.836135  	-7.727000 
129.000000	-0.823343 	0.811919  	-7.727000 
130.000000	-0.846964 	0.787154  	-7.727000 
131.000000	-0.870771 	0.762239  	-7.727000 
132.000000	-0.894578 	0.737323  	-7.727000 
133.000000	-0.918385 	0.712408  	-7.727000 
134.000000	-0.942861 	0.687435  	-7.727000 
135.000000	-0.968228 	0.662383  	-7.727000 
136.000000	-0.993595 	0.637332  	-7.727000 
137.000000	-1.018962 	0.612281  	-7.727000 
138.000000	-1.044522 	0.587260  	-7.727000 
139.000000	-1.072574 	0.562640  	-7.727000 
140.000000	-1.100626 	0.538019  	-7.727000 
141.000000	-1.128679 	0.513399  	-7.727000 
142.000000	-1.156731 	0.488778  	-7.727000 
143.000000	-1.187986 	0.464864  	-7.727000 
144.000000	-1.220521 	0.441233  	-7.727000 
145.000000	-1.253056 	0.417602  	-7.727000 
146.000000	-1.285591 	0.393970  	-7.727000 
147.000000	-1.320774 	0.370884  	-7.727000 
148.000000	-1.360723 	0.348778  	-7.727000 
149.000000	-1.400672 	0.326672  	-7.727000 
150.000000	-1.440621 	0.304566  	-7.727000 
151.000000	-1.480570 	0.282460  	-7.727000 
152.000000	-1.429516 	0.261788  	-7.727000 
153.000000	-1.378462 	0.241116  	-7.727000 
154.000000	-1.327408 	0.221440  	-7.727000 
155.000000	-1.276353 	0.201840  	-7.727000 
156.000000	-1.225299 	0.183244  	-7.727000 
157.000000	-1.174245 	0.164817  	-7.727000 
158.000000	-1.123191 	0.147384  	-7.727000 
159.000000	-1.072137 	0.130224  	-7.727000 
160.000000	-1.021083 	0.114032  	-7.727000 
161.000000	-0.970029 	0.098227  	-7.727000 
162.000000	-0.918974 	0.083345  	-7.727000 
163.000000	-0.867920 	0.068977  	-7.727000 
164.000000	-0.816866 	0.055473  	-7.727000 
165.000000	-0.765812 	0.042615  	-7.727000 
166.000000	-0.714758 	0.030547  	-7.727000 
167.000000	-0.663704 	0.019267  	-7.727000 
168.000000	-0.612650 	0.010375  	-7.727000 
169.000000	-0.561596 	0.004669  	-7.727000 
170.000000	-0.510541 	0.001000  	-7.727000 
171.000000	-0.459487 	0.001000  	-7.727000 
172.000000	-0.408433 	0.001000  	-7.727000 
173.000000	-0.357379 	0.001000  	-7.727000 
174.000000	-0.306325 	0.001000  	-7.727000 
175.000000	-0.255271 	0.001000  	-7.727000 
176.000000	-0.204217 	0.001000  	-7.727000 
177.000000	-0.153162 	0.001000  	-7.727000 
178.000000	-0.102108 	0.001000  	-7.727000 
179.000000	-0.051054 	0.001000  	-7.727000 
180.000000	0.000000  	0.001000  	-7.727000 
! ------------------------------------------------------------------------------
! data for table	9         
! ------------------------------------------------------------------------------
  1.000000  	Re           ! Reynolds number in millions
  0.000000  	UserProp     ! User property (control) setting
Flase           InclUAdata   ! Is unsteady aerodynamics data included in this table? If TRUE, then include UA coefficients below this line. Any missing coefficients will be calculated internally.
! Table of aerodynamics coefficients
  361       	NumAlf       ! Number of data lines in the following table
!Alpha      Cl          Cd          Cm/Cp
!(deg)      (-)         (-)         (-)
-180.000000	0.000000  	0.001000  	-7.814200 
-179.000000	0.051419  	0.001000  	-7.814200 
-178.000000	0.102837  	0.001000  	-7.814200 
-177.000000	0.154256  	0.001000  	-7.814200 
-176.000000	0.205674  	0.001000  	-7.814200 
-175.000000	0.257093  	0.001000  	-7.814200 
-174.000000	0.308512  	0.001000  	-7.814200 
-173.000000	0.359930  	0.001000  	-7.814200 
-172.000000	0.411349  	0.001000  	-7.814200 
-171.000000	0.462768  	0.001000  	-7.814200 
-170.000000	0.514186  	0.001000  	-7.814200 
-169.000000	0.565605  	0.003546  	-7.814200 
-168.000000	0.617023  	0.007506  	-7.814200 
-167.000000	0.668442  	0.015658  	-7.814200 
-166.000000	0.719861  	0.026953  	-7.814200 
-165.000000	0.771279  	0.039038  	-7.814200 
-164.000000	0.822698  	0.051912  	-7.814200 
-163.000000	0.874117  	0.065435  	-7.814200 
-162.000000	0.925535  	0.079823  	-7.814200 
-161.000000	0.976954  	0.094724  	-7.814200 
-160.000000	1.028372  	0.110551  	-7.814200 
-159.000000	1.079791  	0.126766  	-7.814200 
-158.000000	1.131210  	0.143950  	-7.814200 
-157.000000	1.182628  	0.161407  	-7.814200 
-156.000000	1.234047  	0.179861  	-7.814200 
-155.000000	1.285466  	0.198482  	-7.814200 
-154.000000	1.336884  	0.218111  	-7.814200 
-153.000000	1.388303  	0.237816  	-7.814200 
-152.000000	1.439721  	0.258518  	-7.814200 
-151.000000	1.491140  	0.279220  	-7.814200 
-150.000000	1.450716  	0.301359  	-7.814200 
-149.000000	1.410292  	0.323499  	-7.814200 
-148.000000	1.369868  	0.345638  	-7.814200 
-147.000000	1.329444  	0.367778  	-7.814200 
-146.000000	1.293848  	0.390900  	-7.814200 
-145.000000	1.260935  	0.414569  	-7.814200 
-144.000000	1.228022  	0.438238  	-7.814200 
-143.000000	1.195109  	0.461907  	-7.814200 
-142.000000	1.163496  	0.485860  	-7.814200 
-141.000000	1.135135  	0.510522  	-7.814200 
-140.000000	1.106774  	0.535183  	-7.814200 
-139.000000	1.078413  	0.559845  	-7.814200 
-138.000000	1.050053  	0.584507  	-7.814200 
-137.000000	1.024233  	0.609573  	-7.814200 
-136.000000	0.998610  	0.634669  	-7.814200 
-135.000000	0.972986  	0.659766  	-7.814200 
-134.000000	0.947363  	0.684862  	-7.814200 
-133.000000	0.922655  	0.709883  	-7.814200 
-132.000000	0.898633  	0.734846  	-7.814200 
-131.000000	0.874611  	0.759810  	-7.814200 
-130.000000	0.850589  	0.784774  	-7.814200 
-129.000000	0.826760  	0.809588  	-7.814200 
-128.000000	0.803637  	0.833856  	-7.814200 
-127.000000	0.780514  	0.858123  	-7.814200 
-126.000000	0.757392  	0.882391  	-7.814200 
-125.000000	0.734269  	0.906658  	-7.814200 
-124.000000	0.711568  	0.929860  	-7.814200 
-123.000000	0.688938  	0.952885  	-7.814200 
-122.000000	0.666307  	0.975910  	-7.814200 
-121.000000	0.643677  	0.998934  	-7.814200 
-120.000000	0.621194  	1.021079  	-7.814200 
-119.000000	0.598860  	1.042344  	-7.814200 
-118.000000	0.576525  	1.063609  	-7.814200 
-117.000000	0.554191  	1.084874  	-7.814200 
-116.000000	0.531893  	1.105819  	-7.814200 
-115.000000	0.509816  	1.124848  	-7.814200 
-114.000000	0.487739  	1.143877  	-7.814200 
-113.000000	0.465663  	1.162907  	-7.814200 
-112.000000	0.443586  	1.181936  	-7.814200 
-111.000000	0.421777  	1.198875  	-7.814200 
-110.000000	0.400040  	1.215245  	-7.814200 
-109.000000	0.378304  	1.231615  	-7.814200 
-108.000000	0.356568  	1.247985  	-7.814200 
-107.000000	0.335054  	1.263060  	-7.814200 
-106.000000	0.313835  	1.276409  	-7.814200 
-105.000000	0.292617  	1.289758  	-7.814200 
-104.000000	0.271398  	1.303106  	-7.814200 
-103.000000	0.250235  	1.316219  	-7.814200 
-102.000000	0.229785  	1.326255  	-7.814200 
-101.000000	0.209336  	1.336291  	-7.814200 
-100.000000	0.188886  	1.346327  	-7.814200 
-99.000000	0.168436  	1.356363  	-7.814200 
-98.000000	0.148756  	1.363880  	-7.814200 
-97.000000	0.129383  	1.370389  	-7.814200 
-96.000000	0.110011  	1.376897  	-7.814200 
-95.000000	0.090638  	1.383406  	-7.814200 
-94.000000	0.071776  	1.388607  	-7.814200 
-93.000000	0.053832  	1.391456  	-7.814200 
-92.000000	0.035888  	1.394304  	-7.814200 
-91.000000	0.017944  	1.397152  	-7.814200 
-90.000000	0.000000  	1.400000  	-7.814200 
-89.000000	-0.017944 	1.397152  	-7.814200 
-88.000000	-0.035888 	1.394304  	-7.814200 
-87.000000	-0.053832 	1.391456  	-7.814200 
-86.000000	-0.071776 	1.388607  	-7.814200 
-85.000000	-0.090638 	1.383406  	-7.814200 
-84.000000	-0.110011 	1.376897  	-7.814200 
-83.000000	-0.129383 	1.370389  	-7.814200 
-82.000000	-0.148756 	1.363880  	-7.814200 
-81.000000	-0.168436 	1.356363  	-7.814200 
-80.000000	-0.188886 	1.346327  	-7.814200 
-79.000000	-0.209336 	1.336291  	-7.814200 
-78.000000	-0.229785 	1.326255  	-7.814200 
-77.000000	-0.250235 	1.316219  	-7.814200 
-76.000000	-0.271398 	1.303106  	-7.814200 
-75.000000	-0.292617 	1.289758  	-7.814200 
-74.000000	-0.313835 	1.276409  	-7.814200 
-73.000000	-0.335054 	1.263060  	-7.814200 
-72.000000	-0.356568 	1.247985  	-7.814200 
-71.000000	-0.378304 	1.231615  	-7.814200 
-70.000000	-0.400040 	1.215245  	-7.814200 
-69.000000	-0.421777 	1.198875  	-7.814200 
-68.000000	-0.443586 	1.181936  	-7.814200 
-67.000000	-0.465663 	1.162907  	-7.814200 
-66.000000	-0.487739 	1.143877  	-7.814200 
-65.000000	-0.509816 	1.124848  	-7.814200 
-64.000000	-0.531893 	1.105819  	-7.814200 
-63.000000	-0.554191 	1.084874  	-7.814200 
-62.000000	-0.576525 	1.063609  	-7.814200 
-61.000000	-0.598860 	1.042344  	-7.814200 
-60.000000	-0.621194 	1.021079  	-7.814200 
-59.000000	-0.643677 	0.998934  	-7.814200 
-58.000000	-0.666307 	0.975910  	-7.814200 
-57.000000	-0.688938 	0.952885  	-7.814200 
-56.000000	-0.711568 	0.929860  	-7.814200 
-55.000000	-0.734269 	0.906658  	-7.814200 
-54.000000	-0.757392 	0.882391  	-7.814200 
-53.000000	-0.780514 	0.858123  	-7.814200 
-52.000000	-0.803637 	0.833856  	-7.814200 
-51.000000	-0.826760 	0.809588  	-7.814200 
-50.000000	-0.850589 	0.784774  	-7.814200 
-49.000000	-0.874611 	0.759810  	-7.814200 
-48.000000	-0.898633 	0.734846  	-7.814200 
-47.000000	-0.922655 	0.709883  	-7.814200 
-46.000000	-0.947363 	0.684862  	-7.814200 
-45.000000	-0.972986 	0.659766  	-7.814200 
-44.000000	-0.998610 	0.634669  	-7.814200 
-43.000000	-1.024233 	0.609573  	-7.814200 
-42.000000	-1.050053 	0.584507  	-7.814200 
-41.000000	-1.078413 	0.559845  	-7.814200 
-40.000000	-1.106774 	0.535183  	-7.814200 
-39.000000	-1.135135 	0.510522  	-7.814200 
-38.000000	-1.163496 	0.485860  	-7.814200 
-37.000000	-1.195109 	0.461907  	-7.814200 
-36.000000	-1.228022 	0.438238  	-7.814200 
-35.000000	-1.260935 	0.414569  	-7.814200 
-34.000000	-1.293848 	0.390900  	-7.814200 
-33.000000	-1.329444 	0.367778  	-7.814200 
-32.000000	-1.369868 	0.345638  	-7.814200 
-31.000000	-1.410292 	0.323499  	-7.814200 
-30.000000	-1.450716 	0.301359  	-7.814200 
-29.000000	-1.491140 	0.279220  	-7.814200 
-28.000000	-1.444580 	0.266016  	-7.814200 
-27.000000	-1.398020 	0.252812  	-7.814200 
-26.000000	-1.351460 	0.239607  	-7.814200 
-25.000000	-1.304900 	0.226403  	-7.814200 
-24.000000	-1.258340 	0.213199  	-7.814200 
-23.000000	-1.211780 	0.199995  	-7.814200 
-22.000000	-1.165220 	0.186791  	-7.814200 
-21.000000	-1.118660 	0.173586  	-7.814200 
-20.000000	-1.072100 	0.160382  	-7.814200 
-19.000000	-1.025540 	0.147178  	-7.814200 
-18.000000	-0.978980 	0.133974  	-7.814200 
-17.000000	-0.932420 	0.120769  	-7.814200 
-16.000000	-0.885860 	0.107565  	-7.814200 
-15.000000	-0.839300 	0.094361  	-7.814200 
-14.000000	-0.792740 	0.081157  	-7.814200 
-13.000000	-0.746180 	0.067953  	-7.814200 
-12.000000	-0.699620 	0.054748  	-6.283911 
-11.000000	-0.653060 	0.041544  	-4.141505 
-10.000000	-0.606500 	0.028340  	-1.999100 
-9.000000 	-0.470100 	0.028700  	-1.859300 
-8.000000 	-0.330900 	0.028920  	-1.722900 
-7.000000 	-0.191800 	0.029170  	-1.590200 
-6.000000 	-0.053400 	0.029440  	-1.462900 
-5.000000 	0.085700  	0.029690  	-1.339300 
-4.000000 	0.223200  	0.029950  	-1.219400 
-3.000000 	0.361200  	0.030220  	-1.104900 
-2.000000 	0.497300  	0.030500  	-1.208400 
-1.000000 	0.633400  	0.030800  	-1.322800 
0.000000  	0.768100  	0.031140  	-1.441000 
1.000000  	0.901600  	0.031480  	-1.564300 
2.000000  	1.034000  	0.031840  	-1.693200 
3.000000  	1.165300  	0.032240  	-1.828900 
4.000000  	1.295200  	0.032680  	-1.974800 
5.000000  	1.423400  	0.033150  	-2.134300 
6.000000  	1.549600  	0.033700  	-2.312200 
7.000000  	1.674100  	0.034320  	-2.514500 
8.000000  	1.797700  	0.034930  	-2.746000 
9.000000  	1.917700  	0.035730  	-3.007600 
10.000000 	2.032600  	0.036850  	-3.303400 
11.000000 	2.142100  	0.038280  	-3.627700 
12.000000 	2.235800  	0.040770  	-3.964200 
13.000000 	2.278300  	0.046360  	-4.273700 
14.000000 	2.255000  	0.057910  	-4.486000 
15.000000 	2.229900  	0.072850  	-4.685500 
16.000000 	2.205400  	0.089290  	-4.879500 
17.000000 	2.171000  	0.107600  	-5.045800 
18.000000 	2.150200  	0.124510  	-5.238800 
19.000000 	2.132600  	0.141220  	-5.434000 
20.000000 	2.117500  	0.157800  	-5.637700 
21.000000 	2.110600  	0.173080  	-5.857500 
22.000000 	2.112000  	0.187040  	-6.108200 
23.000000 	2.112500  	0.201070  	-6.347800 
24.000000 	2.118000  	0.214160  	-6.615300 
25.000000 	2.120300  	0.227650  	-6.858900 
26.000000 	2.124400  	0.240600  	-7.118200 
27.000000 	2.125400  	0.253950  	-7.340000 
28.000000 	2.125400  	0.267190  	-7.565900 
29.000000 	2.130200  	0.279220  	-7.814200 
30.000000 	2.072451  	0.301359  	-7.814200 
31.000000 	2.014703  	0.323499  	-7.814200 
32.000000 	1.956954  	0.345638  	-7.814200 
33.000000 	1.899205  	0.367778  	-7.814200 
34.000000 	1.848355  	0.390900  	-7.814200 
35.000000 	1.801336  	0.414569  	-7.814200 
36.000000 	1.754317  	0.438238  	-7.814200 
37.000000 	1.707298  	0.461907  	-7.814200 
38.000000 	1.662138  	0.485860  	-7.814200 
39.000000 	1.621622  	0.510522  	-7.814200 
40.000000 	1.581106  	0.535183  	-7.814200 
41.000000 	1.540591  	0.559845  	-7.814200 
42.000000 	1.500075  	0.584507  	-7.814200 
43.000000 	1.463191  	0.609573  	-7.814200 
44.000000 	1.426586  	0.634669  	-7.814200 
45.000000 	1.389981  	0.659766  	-7.814200 
46.000000 	1.353376  	0.684862  	-7.814200 
47.000000 	1.318078  	0.709883  	-7.814200 
48.000000 	1.283761  	0.734846  	-7.814200 
49.000000 	1.249444  	0.759810  	-7.814200 
50.000000 	1.215127  	0.784774  	-7.814200 
51.000000 	1.181085  	0.809588  	-7.814200 
52.000000 	1.148053  	0.833856  	-7.814200 
53.000000 	1.115021  	0.858123  	-7.814200 
54.000000 	1.081988  	0.882391  	-7.814200 
55.000000 	1.048956  	0.906658  	-7.814200 
56.000000 	1.016526  	0.929860  	-7.814200 
57.000000 	0.984197  	0.952885  	-7.814200 
58.000000 	0.951868  	0.975910  	-7.814200 
59.000000 	0.919538  	0.998934  	-7.814200 
60.000000 	0.887420  	1.021079  	-7.814200 
61.000000 	0.855514  	1.042344  	-7.814200 
62.000000 	0.823607  	1.063609  	-7.814200 
63.000000 	0.791701  	1.084874  	-7.814200 
64.000000 	0.759847  	1.105819  	-7.814200 
65.000000 	0.728309  	1.124848  	-7.814200 
66.000000 	0.696770  	1.143877  	-7.814200 
67.000000 	0.665232  	1.162907  	-7.814200 
68.000000 	0.633694  	1.181936  	-7.814200 
69.000000 	0.602538  	1.198875  	-7.814200 
70.000000 	0.571486  	1.215245  	-7.814200 
71.000000 	0.540435  	1.231615  	-7.814200 
72.000000 	0.509383  	1.247985  	-7.814200 
73.000000 	0.478648  	1.263060  	-7.814200 
74.000000 	0.448336  	1.276409  	-7.814200 
75.000000 	0.418024  	1.289758  	-7.814200 
76.000000 	0.387712  	1.303106  	-7.814200 
77.000000 	0.357478  	1.316219  	-7.814200 
78.000000 	0.328264  	1.326255  	-7.814200 
79.000000 	0.299051  	1.336291  	-7.814200 
80.000000 	0.269837  	1.346327  	-7.814200 
81.000000 	0.240623  	1.356363  	-7.814200 
82.000000 	0.212509  	1.363880  	-7.814200 
83.000000 	0.184834  	1.370389  	-7.814200 
84.000000 	0.157158  	1.376897  	-7.814200 
85.000000 	0.129483  	1.383406  	-7.814200 
86.000000 	0.102537  	1.388607  	-7.814200 
87.000000 	0.076903  	1.391456  	-7.814200 
88.000000 	0.051269  	1.394304  	-7.814200 
89.000000 	0.025634  	1.397152  	-7.814200 
90.000000 	0.000000  	1.400000  	-7.814200 
91.000000 	-0.017944 	1.397152  	-7.814200 
92.000000 	-0.035888 	1.394304  	-7.814200 
93.000000 	-0.053832 	1.391456  	-7.814200 
94.000000 	-0.071776 	1.388607  	-7.814200 
95.000000 	-0.090638 	1.383406  	-7.814200 
96.000000 	-0.110011 	1.376897  	-7.814200 
97.000000 	-0.129383 	1.370389  	-7.814200 
98.000000 	-0.148756 	1.363880  	-7.814200 
99.000000 	-0.168436 	1.356363  	-7.814200 
100.000000	-0.188886 	1.346327  	-7.814200 
101.000000	-0.209336 	1.336291  	-7.814200 
102.000000	-0.229785 	1.326255  	-7.814200 
103.000000	-0.250235 	1.316219  	-7.814200 
104.000000	-0.271398 	1.303106  	-7.814200 
105.000000	-0.292617 	1.289758  	-7.814200 
106.000000	-0.313835 	1.276409  	-7.814200 
107.000000	-0.335054 	1.263060  	-7.814200 
108.000000	-0.356568 	1.247985  	-7.814200 
109.000000	-0.378304 	1.231615  	-7.814200 
110.000000	-0.400040 	1.215245  	-7.814200 
111.000000	-0.421777 	1.198875  	-7.814200 
112.000000	-0.443586 	1.181936  	-7.814200 
113.000000	-0.465663 	1.162907  	-7.814200 
114.000000	-0.487739 	1.143877  	-7.814200 
115.000000	-0.509816 	1.124848  	-7.814200 
116.000000	-0.531893 	1.105819  	-7.814200 
117.000000	-0.554191 	1.084874  	-7.814200 
118.000000	-0.576525 	1.063609  	-7.814200 
119.000000	-0.598860 	1.042344  	-7.814200 
120.000000	-0.621194 	1.021079  	-7.814200 
121.000000	-0.643677 	0.998934  	-7.814200 
122.000000	-0.666307 	0.975910  	-7.814200 
123.000000	-0.688938 	0.952885  	-7.814200 
124.000000	-0.711568 	0.929860  	-7.814200 
125.000000	-0.734269 	0.906658  	-7.814200 
126.000000	-0.757392 	0.882391  	-7.814200 
127.000000	-0.780514 	0.858123  	-7.814200 
128.000000	-0.803637 	0.833856  	-7.814200 
129.000000	-0.826760 	0.809588  	-7.814200 
130.000000	-0.850589 	0.784774  	-7.814200 
131.000000	-0.874611 	0.759810  	-7.814200 
132.000000	-0.898633 	0.734846  	-7.814200 
133.000000	-0.922655 	0.709883  	-7.814200 
134.000000	-0.947363 	0.684862  	-7.814200 
135.000000	-0.972986 	0.659766  	-7.814200 
136.000000	-0.998610 	0.634669  	-7.814200 
137.000000	-1.024233 	0.609573  	-7.814200 
138.000000	-1.050053 	0.584507  	-7.814200 
139.000000	-1.078413 	0.559845  	-7.814200 
140.000000	-1.106774 	0.535183  	-7.814200 
141.000000	-1.135135 	0.510522  	-7.814200 
142.000000	-1.163496 	0.485860  	-7.814200 
143.000000	-1.195109 	0.461907  	-7.814200 
144.000000	-1.228022 	0.438238  	-7.814200 
145.000000	-1.260935 	0.414569  	-7.814200 
146.000000	-1.293848 	0.390900  	-7.814200 
147.000000	-1.329444 	0.367778  	-7.814200 
148.000000	-1.369868 	0.345638  	-7.814200 
149.000000	-1.410292 	0.323499  	-7.814200 
150.000000	-1.450716 	0.301359  	-7.814200 
151.000000	-1.491140 	0.279220  	-7.814200 
152.000000	-1.439721 	0.258518  	-7.814200 
153.000000	-1.388303 	0.237816  	-7.814200 
154.000000	-1.336884 	0.218111  	-7.814200 
155.000000	-1.285466 	0.198482  	-7.814200 
156.000000	-1.234047 	0.179861  	-7.814200 
157.000000	-1.182628 	0.161407  	-7.814200 
158.000000	-1.131210 	0.143950  	-7.814200 
159.000000	-1.079791 	0.126766  	-7.814200 
160.000000	-1.028372 	0.110551  	-7.814200 
161.000000	-0.976954 	0.094724  	-7.814200 
162.000000	-0.925535 	0.079823  	-7.814200 
163.000000	-0.874117 	0.065435  	-7.814200 
164.000000	-0.822698 	0.051912  	-7.814200 
165.000000	-0.771279 	0.039038  	-7.814200 
166.000000	-0.719861 	0.026953  	-7.814200 
167.000000	-0.668442 	0.015658  	-7.814200 
168.000000	-0.617023 	0.007506  	-7.814200 
169.000000	-0.565605 	0.003546  	-7.814200 
170.000000	-0.514186 	0.001000  	-7.814200 
171.000000	-0.462768 	0.001000  	-7.814200 
172.000000	-0.411349 	0.001000  	-7.814200 
173.000000	-0.359930 	0.001000  	-7.814200 
174.000000	-0.308512 	0.001000  	-7.814200 
175.000000	-0.257093 	0.001000  	-7.814200 
176.000000	-0.205674 	0.001000  	-7.814200 
177.000000	-0.154256 	0.001000  	-7.814200 
178.000000	-0.102837 	0.001000  	-7.814200 
179.000000	-0.051419 	0.001000  	-7.814200 
180.000000	0.000000  	0.001000  	-7.814200 
! ------------------------------------------------------------------------------
! data for table	10        
! ------------------------------------------------------------------------------
  1.100000  	Re           ! Reynolds number in millions
  0.000000  	UserProp     ! User property (control) setting
Flase           InclUAdata   ! Is unsteady aerodynamics data included in this table? If TRUE, then include UA coefficients below this line. Any missing coefficients will be calculated internally.
! Table of aerodynamics coefficients
  361       	NumAlf       ! Number of data lines in the following table
!Alpha      Cl          Cd          Cm/Cp
!(deg)      (-)         (-)         (-)
-180.000000	0.000000  	0.001000  	-7.628100 
-179.000000	0.053420  	0.001000  	-7.628100 
-178.000000	0.106840  	0.001000  	-7.628100 
-177.000000	0.160260  	0.001000  	-7.628100 
-176.000000	0.213680  	0.001000  	-7.628100 
-175.000000	0.267100  	0.001000  	-7.628100 
-174.000000	0.320520  	0.001000  	-7.628100 
-173.000000	0.373940  	0.001000  	-7.628100 
-172.000000	0.427360  	0.001000  	-7.628100 
-171.000000	0.480780  	0.001000  	-7.628100 
-170.000000	0.534200  	0.001000  	-7.628100 
-169.000000	0.587620  	0.006766  	-7.628100 
-168.000000	0.641040  	0.012533  	-7.628100 
-167.000000	0.694460  	0.023435  	-7.628100 
-166.000000	0.747880  	0.034337  	-7.628100 
-165.000000	0.801300  	0.046773  	-7.628100 
-164.000000	0.854720  	0.059209  	-7.628100 
-163.000000	0.908140  	0.073121  	-7.628100 
-162.000000	0.961560  	0.087032  	-7.628100 
-161.000000	1.014980  	0.102351  	-7.628100 
-160.000000	1.068400  	0.117670  	-7.628100 
-159.000000	1.121820  	0.134324  	-7.628100 
-158.000000	1.175240  	0.150977  	-7.628100 
-157.000000	1.228660  	0.168885  	-7.628100 
-156.000000	1.282080  	0.186793  	-7.628100 
-155.000000	1.335500  	0.205869  	-7.628100 
-154.000000	1.388920  	0.224945  	-7.628100 
-153.000000	1.442340  	0.245097  	-7.628100 
-152.000000	1.495760  	0.265250  	-7.628100 
-151.000000	1.455002  	0.286911  	-7.628100 
-150.000000	1.414244  	0.308573  	-7.628100 
-149.000000	1.373487  	0.330234  	-7.628100 
-148.000000	1.332729  	0.351896  	-7.628100 
-147.000000	1.296600  	0.374504  	-7.628100 
-146.000000	1.263942  	0.397823  	-7.628100 
-145.000000	1.231285  	0.421142  	-7.628100 
-144.000000	1.198627  	0.444461  	-7.628100 
-143.000000	1.166659  	0.467938  	-7.628100 
-142.000000	1.138824  	0.492367  	-7.628100 
-141.000000	1.110989  	0.516796  	-7.628100 
-140.000000	1.083154  	0.541225  	-7.628100 
-139.000000	1.055319  	0.565654  	-7.628100 
-138.000000	1.029515  	0.590467  	-7.628100 
-137.000000	1.004523  	0.615433  	-7.628100 
-136.000000	0.979531  	0.640399  	-7.628100 
-135.000000	0.954539  	0.665365  	-7.628100 
-134.000000	0.930010  	0.690317  	-7.628100 
-133.000000	0.906636  	0.715236  	-7.628100 
-132.000000	0.883261  	0.740154  	-7.628100 
-131.000000	0.859887  	0.765072  	-7.628100 
-130.000000	0.836513  	0.789990  	-7.628100 
-129.000000	0.813879  	0.814368  	-7.628100 
-128.000000	0.791369  	0.838656  	-7.628100 
-127.000000	0.768858  	0.862943  	-7.628100 
-126.000000	0.746348  	0.887231  	-7.628100 
-125.000000	0.724021  	0.911005  	-7.628100 
-124.000000	0.701938  	0.934095  	-7.628100 
-123.000000	0.679855  	0.957184  	-7.628100 
-122.000000	0.657772  	0.980274  	-7.628100 
-121.000000	0.635689  	1.003364  	-7.628100 
-120.000000	0.613822  	1.024718  	-7.628100 
-119.000000	0.591956  	1.046072  	-7.628100 
-118.000000	0.570089  	1.067426  	-7.628100 
-117.000000	0.548222  	1.088780  	-7.628100 
-116.000000	0.526453  	1.108858  	-7.628100 
-115.000000	0.504757  	1.127981  	-7.628100 
-114.000000	0.483062  	1.147103  	-7.628100 
-113.000000	0.461366  	1.166226  	-7.628100 
-112.000000	0.439707  	1.184966  	-7.628100 
-111.000000	0.418265  	1.201415  	-7.628100 
-110.000000	0.396823  	1.217863  	-7.628100 
-109.000000	0.375382  	1.234312  	-7.628100 
-108.000000	0.353940  	1.250761  	-7.628100 
-107.000000	0.332809  	1.265030  	-7.628100 
-106.000000	0.311803  	1.278427  	-7.628100 
-105.000000	0.290797  	1.291824  	-7.628100 
-104.000000	0.269791  	1.305221  	-7.628100 
-103.000000	0.248983  	1.317659  	-7.628100 
-102.000000	0.228672  	1.327700  	-7.628100 
-101.000000	0.208360  	1.337741  	-7.628100 
-100.000000	0.188048  	1.347781  	-7.628100 
-99.000000	0.167737  	1.357822  	-7.628100 
-98.000000	0.148293  	1.364794  	-7.628100 
-97.000000	0.128995  	1.371254  	-7.628100 
-96.000000	0.109696  	1.377713  	-7.628100 
-95.000000	0.090397  	1.384173  	-7.628100 
-94.000000	0.071689  	1.389039  	-7.628100 
-93.000000	0.053767  	1.391779  	-7.628100 
-92.000000	0.035844  	1.394520  	-7.628100 
-91.000000	0.017922  	1.397260  	-7.628100 
-90.000000	0.000000  	1.400000  	-7.628100 
-89.000000	-0.017922 	1.397260  	-7.628100 
-88.000000	-0.035844 	1.394520  	-7.628100 
-87.000000	-0.053767 	1.391779  	-7.628100 
-86.000000	-0.071689 	1.389039  	-7.628100 
-85.000000	-0.090397 	1.384173  	-7.628100 
-84.000000	-0.109696 	1.377713  	-7.628100 
-83.000000	-0.128995 	1.371254  	-7.628100 
-82.000000	-0.148293 	1.364794  	-7.628100 
-81.000000	-0.167737 	1.357822  	-7.628100 
-80.000000	-0.188048 	1.347781  	-7.628100 
-79.000000	-0.208360 	1.337741  	-7.628100 
-78.000000	-0.228672 	1.327700  	-7.628100 
-77.000000	-0.248983 	1.317659  	-7.628100 
-76.000000	-0.269791 	1.305221  	-7.628100 
-75.000000	-0.290797 	1.291824  	-7.628100 
-74.000000	-0.311803 	1.278427  	-7.628100 
-73.000000	-0.332809 	1.265030  	-7.628100 
-72.000000	-0.353940 	1.250761  	-7.628100 
-71.000000	-0.375382 	1.234312  	-7.628100 
-70.000000	-0.396823 	1.217863  	-7.628100 
-69.000000	-0.418265 	1.201415  	-7.628100 
-68.000000	-0.439707 	1.184966  	-7.628100 
-67.000000	-0.461366 	1.166226  	-7.628100 
-66.000000	-0.483062 	1.147103  	-7.628100 
-65.000000	-0.504757 	1.127981  	-7.628100 
-64.000000	-0.526453 	1.108858  	-7.628100 
-63.000000	-0.548222 	1.088780  	-7.628100 
-62.000000	-0.570089 	1.067426  	-7.628100 
-61.000000	-0.591956 	1.046072  	-7.628100 
-60.000000	-0.613822 	1.024718  	-7.628100 
-59.000000	-0.635689 	1.003364  	-7.628100 
-58.000000	-0.657772 	0.980274  	-7.628100 
-57.000000	-0.679855 	0.957184  	-7.628100 
-56.000000	-0.701938 	0.934095  	-7.628100 
-55.000000	-0.724021 	0.911005  	-7.628100 
-54.000000	-0.746348 	0.887231  	-7.628100 
-53.000000	-0.768858 	0.862943  	-7.628100 
-52.000000	-0.791369 	0.838656  	-7.628100 
-51.000000	-0.813879 	0.814368  	-7.628100 
-50.000000	-0.836513 	0.789990  	-7.628100 
-49.000000	-0.859887 	0.765072  	-7.628100 
-48.000000	-0.883261 	0.740154  	-7.628100 
-47.000000	-0.906636 	0.715236  	-7.628100 
-46.000000	-0.930010 	0.690317  	-7.628100 
-45.000000	-0.954539 	0.665365  	-7.628100 
-44.000000	-0.979531 	0.640399  	-7.628100 
-43.000000	-1.004523 	0.615433  	-7.628100 
-42.000000	-1.029515 	0.590467  	-7.628100 
-41.000000	-1.055319 	0.565654  	-7.628100 
-40.000000	-1.083154 	0.541225  	-7.628100 
-39.000000	-1.110989 	0.516796  	-7.628100 
-38.000000	-1.138824 	0.492367  	-7.628100 
-37.000000	-1.166659 	0.467938  	-7.628100 
-36.000000	-1.198627 	0.444461  	-7.628100 
-35.000000	-1.231285 	0.421142  	-7.628100 
-34.000000	-1.263942 	0.397823  	-7.628100 
-33.000000	-1.296600 	0.374504  	-7.628100 
-32.000000	-1.332729 	0.351896  	-7.628100 
-31.000000	-1.373487 	0.330234  	-7.628100 
-30.000000	-1.414244 	0.308573  	-7.628100 
-29.000000	-1.455002 	0.286911  	-7.628100 
-28.000000	-1.495760 	0.265250  	-7.628100 
-27.000000	-1.446307 	0.252084  	-7.628100 
-26.000000	-1.396853 	0.238918  	-7.628100 
-25.000000	-1.347400 	0.225752  	-7.628100 
-24.000000	-1.297947 	0.212586  	-7.628100 
-23.000000	-1.248493 	0.199419  	-7.628100 
-22.000000	-1.199040 	0.186253  	-7.628100 
-21.000000	-1.149587 	0.173087  	-7.628100 
-20.000000	-1.100133 	0.159921  	-7.628100 
-19.000000	-1.050680 	0.146755  	-7.628100 
-18.000000	-1.001227 	0.133589  	-7.628100 
-17.000000	-0.951773 	0.120423  	-7.628100 
-16.000000	-0.902320 	0.107257  	-7.628100 
-15.000000	-0.852867 	0.094091  	-7.628100 
-14.000000	-0.803413 	0.080924  	-7.628100 
-13.000000	-0.753960 	0.067758  	-7.628100 
-12.000000	-0.704507 	0.054592  	-6.377522 
-11.000000	-0.655053 	0.041426  	-4.189011 
-10.000000	-0.605600 	0.028260  	-2.000500 
-9.000000 	-0.468200 	0.028590  	-1.859700 
-8.000000 	-0.329400 	0.028850  	-1.723400 
-7.000000 	-0.189300 	0.029090  	-1.590300 
-6.000000 	-0.051000 	0.029350  	-1.462800 
-5.000000 	0.088200  	0.029600  	-1.339200 
-4.000000 	0.225800  	0.029870  	-1.219300 
-3.000000 	0.363500  	0.030140  	-1.104800 
-2.000000 	0.499500  	0.030420  	-1.210000 
-1.000000 	0.635600  	0.030730  	-1.324500 
0.000000  	0.770300  	0.031030  	-1.442800 
1.000000  	0.903800  	0.031350  	-1.566200 
2.000000  	1.036500  	0.031720  	-1.695300 
3.000000  	1.167700  	0.032110  	-1.831100 
4.000000  	1.297800  	0.032510  	-1.977200 
5.000000  	1.426400  	0.032940  	-2.137000 
6.000000  	1.553200  	0.033430  	-2.315700 
7.000000  	1.678100  	0.034010  	-2.518800 
8.000000  	1.800800  	0.034680  	-2.749600 
9.000000  	1.921200  	0.035440  	-3.012200 
10.000000 	2.038300  	0.036370  	-3.311700 
11.000000 	2.146100  	0.037970  	-3.633800 
12.000000 	2.240200  	0.040440  	-3.971400 
13.000000 	2.292500  	0.045440  	-4.299300 
14.000000 	2.263800  	0.057120  	-4.503700 
15.000000 	2.245300  	0.071180  	-4.718100 
16.000000 	2.215700  	0.088140  	-4.903500 
17.000000 	2.190700  	0.105150  	-5.093900 
18.000000 	2.164200  	0.122750  	-5.276200 
19.000000 	2.141400  	0.140160  	-5.459700 
20.000000 	2.133300  	0.155630  	-5.686300 
21.000000 	2.127700  	0.170670  	-5.913300 
22.000000 	2.124500  	0.185280  	-6.152800 
23.000000 	2.124100  	0.199410  	-6.391700 
24.000000 	2.128800  	0.212590  	-6.659900 
25.000000 	2.132600  	0.225750  	-6.912900 
26.000000 	2.135400  	0.238890  	-7.169900 
27.000000 	2.139100  	0.251630  	-7.408400 
28.000000 	2.136800  	0.265250  	-7.628100 
29.000000 	2.078575  	0.286911  	-7.628100 
30.000000 	2.020349  	0.308573  	-7.628100 
31.000000 	1.962124  	0.330234  	-7.628100 
32.000000 	1.903898  	0.351896  	-7.628100 
33.000000 	1.852285  	0.374504  	-7.628100 
34.000000 	1.805632  	0.397823  	-7.628100 
35.000000 	1.758978  	0.421142  	-7.628100 
36.000000 	1.712325  	0.444461  	-7.628100 
37.000000 	1.666656  	0.467938  	-7.628100 
38.000000 	1.626891  	0.492367  	-7.628100 
39.000000 	1.587127  	0.516796  	-7.628100 
40.000000 	1.547362  	0.541225  	-7.628100 
41.000000 	1.507598  	0.565654  	-7.628100 
42.000000 	1.470735  	0.590467  	-7.628100 
43.000000 	1.435033  	0.615433  	-7.628100 
44.000000 	1.399330  	0.640399  	-7.628100 
45.000000 	1.363628  	0.665365  	-7.628100 
46.000000 	1.328585  	0.690317  	-7.628100 
47.000000 	1.295194  	0.715236  	-7.628100 
48.000000 	1.261802  	0.740154  	-7.628100 
49.000000 	1.228410  	0.765072  	-7.628100 
50.000000 	1.195018  	0.789990  	-7.628100 
51.000000 	1.162684  	0.814368  	-7.628100 
52.000000 	1.130527  	0.838656  	-7.628100 
53.000000 	1.098369  	0.862943  	-7.628100 
54.000000 	1.066211  	0.887231  	-7.628100 
55.000000 	1.034315  	0.911005  	-7.628100 
56.000000 	1.002768  	0.934095  	-7.628100 
57.000000 	0.971221  	0.957184  	-7.628100 
58.000000 	0.939675  	0.980274  	-7.628100 
59.000000 	0.908128  	1.003364  	-7.628100 
60.000000 	0.876889  	1.024718  	-7.628100 
61.000000 	0.845651  	1.046072  	-7.628100 
62.000000 	0.814413  	1.067426  	-7.628100 
63.000000 	0.783174  	1.088780  	-7.628100 
64.000000 	0.752076  	1.108858  	-7.628100 
65.000000 	0.721082  	1.127981  	-7.628100 
66.000000 	0.690088  	1.147103  	-7.628100 
67.000000 	0.659095  	1.166226  	-7.628100 
68.000000 	0.628153  	1.184966  	-7.628100 
69.000000 	0.597522  	1.201415  	-7.628100 
70.000000 	0.566891  	1.217863  	-7.628100 
71.000000 	0.536260  	1.234312  	-7.628100 
72.000000 	0.505629  	1.250761  	-7.628100 
73.000000 	0.475442  	1.265030  	-7.628100 
74.000000 	0.445433  	1.278427  	-7.628100 
75.000000 	0.415424  	1.291824  	-7.628100 
76.000000 	0.385416  	1.305221  	-7.628100 
77.000000 	0.355690  	1.317659  	-7.628100 
78.000000 	0.326674  	1.327700  	-7.628100 
79.000000 	0.297657  	1.337741  	-7.628100 
80.000000 	0.268640  	1.347781  	-7.628100 
81.000000 	0.239624  	1.357822  	-7.628100 
82.000000 	0.211848  	1.364794  	-7.628100 
83.000000 	0.184278  	1.371254  	-7.628100 
84.000000 	0.156709  	1.377713  	-7.628100 
85.000000 	0.129139  	1.384173  	-7.628100 
86.000000 	0.102412  	1.389039  	-7.628100 
87.000000 	0.076809  	1.391779  	-7.628100 
88.000000 	0.051206  	1.394520  	-7.628100 
89.000000 	0.025603  	1.397260  	-7.628100 
90.000000 	0.000000  	1.400000  	-7.628100 
91.000000 	-0.017922 	1.397260  	-7.628100 
92.000000 	-0.035844 	1.394520  	-7.628100 
93.000000 	-0.053767 	1.391779  	-7.628100 
94.000000 	-0.071689 	1.389039  	-7.628100 
95.000000 	-0.090397 	1.384173  	-7.628100 
96.000000 	-0.109696 	1.377713  	-7.628100 
97.000000 	-0.128995 	1.371254  	-7.628100 
98.000000 	-0.148293 	1.364794  	-7.628100 
99.000000 	-0.167737 	1.357822  	-7.628100 
100.000000	-0.188048 	1.347781  	-7.628100 
101.000000	-0.208360 	1.337741  	-7.628100 
102.000000	-0.228672 	1.327700  	-7.628100 
103.000000	-0.248983 	1.317659  	-7.628100 
104.000000	-0.269791 	1.305221  	-7.628100 
105.000000	-0.290797 	1.291824  	-7.628100 
106.000000	-0.311803 	1.278427  	-7.628100 
107.000000	-0.332809 	1.265030  	-7.628100 
108.000000	-0.353940 	1.250761  	-7.628100 
109.000000	-0.375382 	1.234312  	-7.628100 
110.000000	-0.396823 	1.217863  	-7.628100 
111.000000	-0.418265 	1.201415  	-7.628100 
112.000000	-0.439707 	1.184966  	-7.628100 
113.000000	-0.461366 	1.166226  	-7.628100 
114.000000	-0.483062 	1.147103  	-7.628100 
115.000000	-0.504757 	1.127981  	-7.628100 
116.000000	-0.526453 	1.108858  	-7.628100 
117.000000	-0.548222 	1.088780  	-7.628100 
118.000000	-0.570089 	1.067426  	-7.628100 
119.000000	-0.591956 	1.046072  	-7.628100 
120.000000	-0.613822 	1.024718  	-7.628100 
121.000000	-0.635689 	1.003364  	-7.628100 
122.000000	-0.657772 	0.980274  	-7.628100 
123.000000	-0.679855 	0.957184  	-7.628100 
124.000000	-0.701938 	0.934095  	-7.628100 
125.000000	-0.724021 	0.911005  	-7.628100 
126.000000	-0.746348 	0.887231  	-7.628100 
127.000000	-0.768858 	0.862943  	-7.628100 
128.000000	-0.791369 	0.838656  	-7.628100 
129.000000	-0.813879 	0.814368  	-7.628100 
130.000000	-0.836513 	0.789990  	-7.628100 
131.000000	-0.859887 	0.765072  	-7.628100 
132.000000	-0.883261 	0.740154  	-7.628100 
133.000000	-0.906636 	0.715236  	-7.628100 
134.000000	-0.930010 	0.690317  	-7.628100 
135.000000	-0.954539 	0.665365  	-7.628100 
136.000000	-0.979531 	0.640399  	-7.628100 
137.000000	-1.004523 	0.615433  	-7.628100 
138.000000	-1.029515 	0.590467  	-7.628100 
139.000000	-1.055319 	0.565654  	-7.628100 
140.000000	-1.083154 	0.541225  	-7.628100 
141.000000	-1.110989 	0.516796  	-7.628100 
142.000000	-1.138824 	0.492367  	-7.628100 
143.000000	-1.166659 	0.467938  	-7.628100 
144.000000	-1.198627 	0.444461  	-7.628100 
145.000000	-1.231285 	0.421142  	-7.628100 
146.000000	-1.263942 	0.397823  	-7.628100 
147.000000	-1.296600 	0.374504  	-7.628100 
148.000000	-1.332729 	0.351896  	-7.628100 
149.000000	-1.373487 	0.330234  	-7.628100 
150.000000	-1.414244 	0.308573  	-7.628100 
151.000000	-1.455002 	0.286911  	-7.628100 
152.000000	-1.495760 	0.265250  	-7.628100 
153.000000	-1.442340 	0.245097  	-7.628100 
154.000000	-1.388920 	0.224945  	-7.628100 
155.000000	-1.335500 	0.205869  	-7.628100 
156.000000	-1.282080 	0.186793  	-7.628100 
157.000000	-1.228660 	0.168885  	-7.628100 
158.000000	-1.175240 	0.150977  	-7.628100 
159.000000	-1.121820 	0.134324  	-7.628100 
160.000000	-1.068400 	0.117670  	-7.628100 
161.000000	-1.014980 	0.102351  	-7.628100 
162.000000	-0.961560 	0.087032  	-7.628100 
163.000000	-0.908140 	0.073121  	-7.628100 
164.000000	-0.854720 	0.059209  	-7.628100 
165.000000	-0.801300 	0.046773  	-7.628100 
166.000000	-0.747880 	0.034337  	-7.628100 
167.000000	-0.694460 	0.023435  	-7.628100 
168.000000	-0.641040 	0.012533  	-7.628100 
169.000000	-0.587620 	0.006766  	-7.628100 
170.000000	-0.534200 	0.001000  	-7.628100 
171.000000	-0.480780 	0.001000  	-7.628100 
172.000000	-0.427360 	0.001000  	-7.628100 
173.000000	-0.373940 	0.001000  	-7.628100 
174.000000	-0.320520 	0.001000  	-7.628100 
175.000000	-0.267100 	0.001000  	-7.628100 
176.000000	-0.213680 	0.001000  	-7.628100 
177.000000	-0.160260 	0.001000  	-7.628100 
178.000000	-0.106840 	0.001000  	-7.628100 
179.000000	-0.053420 	0.001000  	-7.628100 
180.000000	0.000000  	0.001000  	-7.628100 
! ------------------------------------------------------------------------------
! data for table	11        
! ------------------------------------------------------------------------------
  1.200000  	Re           ! Reynolds number in millions
  0.000000  	UserProp     ! User property (control) setting
Flase           InclUAdata   ! Is unsteady aerodynamics data included in this table? If TRUE, then include UA coefficients below this line. Any missing coefficients will be calculated internally.
! Table of aerodynamics coefficients
  361       	NumAlf       ! Number of data lines in the following table
!Alpha      Cl          Cd          Cm/Cp
!(deg)      (-)         (-)         (-)
-180.000000	0.000000  	0.001000  	-7.907900 
-179.000000	0.051800  	0.001000  	-7.907900 
-178.000000	0.103600  	0.001000  	-7.907900 
-177.000000	0.155400  	0.001000  	-7.907900 
-176.000000	0.207200  	0.001000  	-7.907900 
-175.000000	0.259000  	0.001000  	-7.907900 
-174.000000	0.310800  	0.001000  	-7.907900 
-173.000000	0.362600  	0.001000  	-7.907900 
-172.000000	0.414400  	0.001000  	-7.907900 
-171.000000	0.466200  	0.001000  	-7.907900 
-170.000000	0.518000  	0.001000  	-7.907900 
-169.000000	0.569800  	0.002635  	-7.907900 
-168.000000	0.621600  	0.005177  	-7.907900 
-167.000000	0.673400  	0.012728  	-7.907900 
-166.000000	0.725200  	0.024036  	-7.907900 
-165.000000	0.777000  	0.036133  	-7.907900 
-164.000000	0.828800  	0.049022  	-7.907900 
-163.000000	0.880600  	0.062560  	-7.907900 
-162.000000	0.932400  	0.076963  	-7.907900 
-161.000000	0.984200  	0.091881  	-7.907900 
-160.000000	1.036000  	0.107726  	-7.907900 
-159.000000	1.087800  	0.123959  	-7.907900 
-158.000000	1.139600  	0.141163  	-7.907900 
-157.000000	1.191400  	0.158639  	-7.907900 
-156.000000	1.243200  	0.177114  	-7.907900 
-155.000000	1.295000  	0.195757  	-7.907900 
-154.000000	1.346800  	0.215408  	-7.907900 
-153.000000	1.398600  	0.235137  	-7.907900 
-152.000000	1.450400  	0.255863  	-7.907900 
-151.000000	1.502200  	0.276590  	-7.907900 
-150.000000	1.461279  	0.298757  	-7.907900 
-149.000000	1.420358  	0.320923  	-7.907900 
-148.000000	1.379436  	0.343090  	-7.907900 
-147.000000	1.338515  	0.365256  	-7.907900 
-146.000000	1.302488  	0.388408  	-7.907900 
-145.000000	1.269179  	0.412108  	-7.907900 
-144.000000	1.235871  	0.435807  	-7.907900 
-143.000000	1.202562  	0.459507  	-7.907900 
-142.000000	1.170575  	0.483491  	-7.907900 
-141.000000	1.141891  	0.508186  	-7.907900 
-140.000000	1.113207  	0.532882  	-7.907900 
-139.000000	1.084524  	0.557577  	-7.907900 
-138.000000	1.055840  	0.582273  	-7.907900 
-137.000000	1.029749  	0.607374  	-7.907900 
-136.000000	1.003857  	0.632507  	-7.907900 
-135.000000	0.977966  	0.657641  	-7.907900 
-134.000000	0.952074  	0.682774  	-7.907900 
-133.000000	0.927122  	0.707832  	-7.907900 
-132.000000	0.902875  	0.732836  	-7.907900 
-131.000000	0.878629  	0.757839  	-7.907900 
-130.000000	0.854382  	0.782842  	-7.907900 
-129.000000	0.830335  	0.807696  	-7.907900 
-128.000000	0.807023  	0.832005  	-7.907900 
-127.000000	0.783711  	0.856315  	-7.907900 
-126.000000	0.760399  	0.880624  	-7.907900 
-125.000000	0.737087  	0.904934  	-7.907900 
-124.000000	0.714222  	0.928180  	-7.907900 
-123.000000	0.691432  	0.951248  	-7.907900 
-122.000000	0.668642  	0.974317  	-7.907900 
-121.000000	0.645852  	0.997386  	-7.907900 
-120.000000	0.623223  	1.019576  	-7.907900 
-119.000000	0.600756  	1.040887  	-7.907900 
-118.000000	0.578288  	1.062198  	-7.907900 
-117.000000	0.555820  	1.083509  	-7.907900 
-116.000000	0.533393  	1.104501  	-7.907900 
-115.000000	0.511207  	1.123578  	-7.907900 
-114.000000	0.489021  	1.142655  	-7.907900 
-113.000000	0.466835  	1.161732  	-7.907900 
-112.000000	0.444649  	1.180809  	-7.907900 
-111.000000	0.422748  	1.197798  	-7.907900 
-110.000000	0.400924  	1.214217  	-7.907900 
-109.000000	0.379101  	1.230637  	-7.907900 
-108.000000	0.357277  	1.247056  	-7.907900 
-107.000000	0.335684  	1.262181  	-7.907900 
-106.000000	0.314399  	1.275580  	-7.907900 
-105.000000	0.293114  	1.288980  	-7.907900 
-104.000000	0.271828  	1.302379  	-7.907900 
-103.000000	0.250599  	1.315542  	-7.907900 
-102.000000	0.230103  	1.325630  	-7.907900 
-101.000000	0.209606  	1.335718  	-7.907900 
-100.000000	0.189109  	1.345805  	-7.907900 
-99.000000	0.168613  	1.355893  	-7.907900 
-98.000000	0.148899  	1.363462  	-7.907900 
-97.000000	0.129498  	1.370022  	-7.907900 
-96.000000	0.110098  	1.376583  	-7.907900 
-95.000000	0.090697  	1.383144  	-7.907900 
-94.000000	0.071813  	1.388398  	-7.907900 
-93.000000	0.053860  	1.391298  	-7.907900 
-92.000000	0.035907  	1.394199  	-7.907900 
-91.000000	0.017953  	1.397099  	-7.907900 
-90.000000	0.000000  	1.400000  	-7.907900 
-89.000000	-0.017953 	1.397099  	-7.907900 
-88.000000	-0.035907 	1.394199  	-7.907900 
-87.000000	-0.053860 	1.391298  	-7.907900 
-86.000000	-0.071813 	1.388398  	-7.907900 
-85.000000	-0.090697 	1.383144  	-7.907900 
-84.000000	-0.110098 	1.376583  	-7.907900 
-83.000000	-0.129498 	1.370022  	-7.907900 
-82.000000	-0.148899 	1.363462  	-7.907900 
-81.000000	-0.168613 	1.355893  	-7.907900 
-80.000000	-0.189109 	1.345805  	-7.907900 
-79.000000	-0.209606 	1.335718  	-7.907900 
-78.000000	-0.230103 	1.325630  	-7.907900 
-77.000000	-0.250599 	1.315542  	-7.907900 
-76.000000	-0.271828 	1.302379  	-7.907900 
-75.000000	-0.293114 	1.288980  	-7.907900 
-74.000000	-0.314399 	1.275580  	-7.907900 
-73.000000	-0.335684 	1.262181  	-7.907900 
-72.000000	-0.357277 	1.247056  	-7.907900 
-71.000000	-0.379101 	1.230637  	-7.907900 
-70.000000	-0.400924 	1.214217  	-7.907900 
-69.000000	-0.422748 	1.197798  	-7.907900 
-68.000000	-0.444649 	1.180809  	-7.907900 
-67.000000	-0.466835 	1.161732  	-7.907900 
-66.000000	-0.489021 	1.142655  	-7.907900 
-65.000000	-0.511207 	1.123578  	-7.907900 
-64.000000	-0.533393 	1.104501  	-7.907900 
-63.000000	-0.555820 	1.083509  	-7.907900 
-62.000000	-0.578288 	1.062198  	-7.907900 
-61.000000	-0.600756 	1.040887  	-7.907900 
-60.000000	-0.623223 	1.019576  	-7.907900 
-59.000000	-0.645852 	0.997386  	-7.907900 
-58.000000	-0.668642 	0.974317  	-7.907900 
-57.000000	-0.691432 	0.951248  	-7.907900 
-56.000000	-0.714222 	0.928180  	-7.907900 
-55.000000	-0.737087 	0.904934  	-7.907900 
-54.000000	-0.760399 	0.880624  	-7.907900 
-53.000000	-0.783711 	0.856315  	-7.907900 
-52.000000	-0.807023 	0.832005  	-7.907900 
-51.000000	-0.830335 	0.807696  	-7.907900 
-50.000000	-0.854382 	0.782842  	-7.907900 
-49.000000	-0.878629 	0.757839  	-7.907900 
-48.000000	-0.902875 	0.732836  	-7.907900 
-47.000000	-0.927122 	0.707832  	-7.907900 
-46.000000	-0.952074 	0.682774  	-7.907900 
-45.000000	-0.977966 	0.657641  	-7.907900 
-44.000000	-1.003857 	0.632507  	-7.907900 
-43.000000	-1.029749 	0.607374  	-7.907900 
-42.000000	-1.055840 	0.582273  	-7.907900 
-41.000000	-1.084524 	0.557577  	-7.907900 
-40.000000	-1.113207 	0.532882  	-7.907900 
-39.000000	-1.141891 	0.508186  	-7.907900 
-38.000000	-1.170575 	0.483491  	-7.907900 
-37.000000	-1.202562 	0.459507  	-7.907900 
-36.000000	-1.235871 	0.435807  	-7.907900 
-35.000000	-1.269179 	0.412108  	-7.907900 
-34.000000	-1.302488 	0.388408  	-7.907900 
-33.000000	-1.338515 	0.365256  	-7.907900 
-32.000000	-1.379436 	0.343090  	-7.907900 
-31.000000	-1.420358 	0.320923  	-7.907900 
-30.000000	-1.461279 	0.298757  	-7.907900 
-29.000000	-1.502200 	0.276590  	-7.907900 
-28.000000	-1.454963 	0.263517  	-7.907900 
-27.000000	-1.407726 	0.250445  	-7.907900 
-26.000000	-1.360489 	0.237372  	-7.907900 
-25.000000	-1.313253 	0.224299  	-7.907900 
-24.000000	-1.266016 	0.211227  	-7.907900 
-23.000000	-1.218779 	0.198154  	-7.907900 
-22.000000	-1.171542 	0.185082  	-7.907900 
-21.000000	-1.124305 	0.172009  	-7.907900 
-20.000000	-1.077068 	0.158936  	-7.907900 
-19.000000	-1.029832 	0.145864  	-7.907900 
-18.000000	-0.982595 	0.132791  	-7.907900 
-17.000000	-0.935358 	0.119718  	-7.907900 
-16.000000	-0.888121 	0.106646  	-7.907900 
-15.000000	-0.840884 	0.093573  	-7.907900 
-14.000000	-0.793647 	0.080501  	-7.907900 
-13.000000	-0.746411 	0.067428  	-7.907900 
-12.000000	-0.699174 	0.054355  	-6.353584 
-11.000000	-0.651937 	0.041283  	-4.177542 
-10.000000	-0.604700 	0.028210  	-2.001500 
-9.000000 	-0.466300 	0.028510  	-1.859900 
-8.000000 	-0.327500 	0.028780  	-1.723100 
-7.000000 	-0.187300 	0.029030  	-1.590300 
-6.000000 	-0.048600 	0.029280  	-1.462600 
-5.000000 	0.090000  	0.029540  	-1.339200 
-4.000000 	0.228000  	0.029810  	-1.219200 
-3.000000 	0.365000  	0.030080  	-1.104800 
-2.000000 	0.501600  	0.030370  	-1.211400 
-1.000000 	0.637600  	0.030650  	-1.326000 
0.000000  	0.772000  	0.030940  	-1.444200 
1.000000  	0.905900  	0.031260  	-1.567900 
2.000000  	1.038300  	0.031630  	-1.696900 
3.000000  	1.169500  	0.032010  	-1.832700 
4.000000  	1.299600  	0.032400  	-1.978900 
5.000000  	1.428500  	0.032790  	-2.139100 
6.000000  	1.556100  	0.033220  	-2.318600 
7.000000  	1.681700  	0.033740  	-2.522700 
8.000000  	1.804900  	0.034350  	-2.754400 
9.000000  	1.925800  	0.035060  	-3.017900 
10.000000 	2.042600  	0.036020  	-3.317800 
11.000000 	2.151100  	0.037550  	-3.641300 
12.000000 	2.246600  	0.039940  	-3.981700 
13.000000 	2.310600  	0.044300  	-4.331500 
14.000000 	2.276200  	0.056000  	-4.528200 
15.000000 	2.252200  	0.070430  	-4.732800 
16.000000 	2.232200  	0.086200  	-4.941500 
17.000000 	2.200600  	0.104010  	-5.118200 
18.000000 	2.174700  	0.121470  	-5.303900 
19.000000 	2.156900  	0.138120  	-5.504200 
20.000000 	2.145500  	0.153980  	-5.723700 
21.000000 	2.137700  	0.169340  	-5.946000 
22.000000 	2.133100  	0.184100  	-6.183600 
23.000000 	2.132900  	0.198180  	-6.424700 
24.000000 	2.136400  	0.211500  	-6.691300 
25.000000 	2.142200  	0.224280  	-6.954600 
26.000000 	2.143800  	0.237620  	-7.209200 
27.000000 	2.146150  	0.250440  	-7.450000 
28.000000 	2.148500  	0.263260  	-7.690800 
29.000000 	2.146000  	0.276590  	-7.907900 
30.000000 	2.087541  	0.298757  	-7.907900 
31.000000 	2.029082  	0.320923  	-7.907900 
32.000000 	1.970623  	0.343090  	-7.907900 
33.000000 	1.912164  	0.365256  	-7.907900 
34.000000 	1.860697  	0.388408  	-7.907900 
35.000000 	1.813113  	0.412108  	-7.907900 
36.000000 	1.765529  	0.435807  	-7.907900 
37.000000 	1.717946  	0.459507  	-7.907900 
38.000000 	1.672250  	0.483491  	-7.907900 
39.000000 	1.631273  	0.508186  	-7.907900 
40.000000 	1.590296  	0.532882  	-7.907900 
41.000000 	1.549319  	0.557577  	-7.907900 
42.000000 	1.508343  	0.582273  	-7.907900 
43.000000 	1.471070  	0.607374  	-7.907900 
44.000000 	1.434082  	0.632507  	-7.907900 
45.000000 	1.397094  	0.657641  	-7.907900 
46.000000 	1.360106  	0.682774  	-7.907900 
47.000000 	1.324460  	0.707832  	-7.907900 
48.000000 	1.289822  	0.732836  	-7.907900 
49.000000 	1.255184  	0.757839  	-7.907900 
50.000000 	1.220545  	0.782842  	-7.907900 
51.000000 	1.186193  	0.807696  	-7.907900 
52.000000 	1.152890  	0.832005  	-7.907900 
53.000000 	1.119587  	0.856315  	-7.907900 
54.000000 	1.086284  	0.880624  	-7.907900 
55.000000 	1.052981  	0.904934  	-7.907900 
56.000000 	1.020317  	0.928180  	-7.907900 
57.000000 	0.987760  	0.951248  	-7.907900 
58.000000 	0.955203  	0.974317  	-7.907900 
59.000000 	0.922646  	0.997386  	-7.907900 
60.000000 	0.890319  	1.019576  	-7.907900 
61.000000 	0.858222  	1.040887  	-7.907900 
62.000000 	0.826126  	1.062198  	-7.907900 
63.000000 	0.794029  	1.083509  	-7.907900 
64.000000 	0.761990  	1.104501  	-7.907900 
65.000000 	0.730296  	1.123578  	-7.907900 
66.000000 	0.698601  	1.142655  	-7.907900 
67.000000 	0.666907  	1.161732  	-7.907900 
68.000000 	0.635213  	1.180809  	-7.907900 
69.000000 	0.603925  	1.197798  	-7.907900 
70.000000 	0.572749  	1.214217  	-7.907900 
71.000000 	0.541572  	1.230637  	-7.907900 
72.000000 	0.510396  	1.247056  	-7.907900 
73.000000 	0.479549  	1.262181  	-7.907900 
74.000000 	0.449141  	1.275580  	-7.907900 
75.000000 	0.418734  	1.288980  	-7.907900 
76.000000 	0.388326  	1.302379  	-7.907900 
77.000000 	0.357999  	1.315542  	-7.907900 
78.000000 	0.328718  	1.325630  	-7.907900 
79.000000 	0.299437  	1.335718  	-7.907900 
80.000000 	0.270156  	1.345805  	-7.907900 
81.000000 	0.240875  	1.355893  	-7.907900 
82.000000 	0.212712  	1.363462  	-7.907900 
83.000000 	0.184997  	1.370022  	-7.907900 
84.000000 	0.157282  	1.376583  	-7.907900 
85.000000 	0.129567  	1.383144  	-7.907900 
86.000000 	0.102590  	1.388398  	-7.907900 
87.000000 	0.076943  	1.391298  	-7.907900 
88.000000 	0.051295  	1.394199  	-7.907900 
89.000000 	0.025648  	1.397099  	-7.907900 
90.000000 	0.000000  	1.400000  	-7.907900 
91.000000 	-0.017953 	1.397099  	-7.907900 
92.000000 	-0.035907 	1.394199  	-7.907900 
93.000000 	-0.053860 	1.391298  	-7.907900 
94.000000 	-0.071813 	1.388398  	-7.907900 
95.000000 	-0.090697 	1.383144  	-7.907900 
96.000000 	-0.110098 	1.376583  	-7.907900 
97.000000 	-0.129498 	1.370022  	-7.907900 
98.000000 	-0.148899 	1.363462  	-7.907900 
99.000000 	-0.168613 	1.355893  	-7.907900 
100.000000	-0.189109 	1.345805  	-7.907900 
101.000000	-0.209606 	1.335718  	-7.907900 
102.000000	-0.230103 	1.325630  	-7.907900 
103.000000	-0.250599 	1.315542  	-7.907900 
104.000000	-0.271828 	1.302379  	-7.907900 
105.000000	-0.293114 	1.288980  	-7.907900 
106.000000	-0.314399 	1.275580  	-7.907900 
107.000000	-0.335684 	1.262181  	-7.907900 
108.000000	-0.357277 	1.247056  	-7.907900 
109.000000	-0.379101 	1.230637  	-7.907900 
110.000000	-0.400924 	1.214217  	-7.907900 
111.000000	-0.422748 	1.197798  	-7.907900 
112.000000	-0.444649 	1.180809  	-7.907900 
113.000000	-0.466835 	1.161732  	-7.907900 
114.000000	-0.489021 	1.142655  	-7.907900 
115.000000	-0.511207 	1.123578  	-7.907900 
116.000000	-0.533393 	1.104501  	-7.907900 
117.000000	-0.555820 	1.083509  	-7.907900 
118.000000	-0.578288 	1.062198  	-7.907900 
119.000000	-0.600756 	1.040887  	-7.907900 
120.000000	-0.623223 	1.019576  	-7.907900 
121.000000	-0.645852 	0.997386  	-7.907900 
122.000000	-0.668642 	0.974317  	-7.907900 
123.000000	-0.691432 	0.951248  	-7.907900 
124.000000	-0.714222 	0.928180  	-7.907900 
125.000000	-0.737087 	0.904934  	-7.907900 
126.000000	-0.760399 	0.880624  	-7.907900 
127.000000	-0.783711 	0.856315  	-7.907900 
128.000000	-0.807023 	0.832005  	-7.907900 
129.000000	-0.830335 	0.807696  	-7.907900 
130.000000	-0.854382 	0.782842  	-7.907900 
131.000000	-0.878629 	0.757839  	-7.907900 
132.000000	-0.902875 	0.732836  	-7.907900 
133.000000	-0.927122 	0.707832  	-7.907900 
134.000000	-0.952074 	0.682774  	-7.907900 
135.000000	-0.977966 	0.657641  	-7.907900 
136.000000	-1.003857 	0.632507  	-7.907900 
137.000000	-1.029749 	0.607374  	-7.907900 
138.000000	-1.055840 	0.582273  	-7.907900 
139.000000	-1.084524 	0.557577  	-7.907900 
140.000000	-1.113207 	0.532882  	-7.907900 
141.000000	-1.141891 	0.508186  	-7.907900 
142.000000	-1.170575 	0.483491  	-7.907900 
143.000000	-1.202562 	0.459507  	-7.907900 
144.000000	-1.235871 	0.435807  	-7.907900 
145.000000	-1.269179 	0.412108  	-7.907900 
146.000000	-1.302488 	0.388408  	-7.907900 
147.000000	-1.338515 	0.365256  	-7.907900 
148.000000	-1.379436 	0.343090  	-7.907900 
149.000000	-1.420358 	0.320923  	-7.907900 
150.000000	-1.461279 	0.298757  	-7.907900 
151.000000	-1.502200 	0.276590  	-7.907900 
152.000000	-1.450400 	0.255863  	-7.907900 
153.000000	-1.398600 	0.235137  	-7.907900 
154.000000	-1.346800 	0.215408  	-7.907900 
155.000000	-1.295000 	0.195757  	-7.907900 
156.000000	-1.243200 	0.177114  	-7.907900 
157.000000	-1.191400 	0.158639  	-7.907900 
158.000000	-1.139600 	0.141163  	-7.907900 
159.000000	-1.087800 	0.123959  	-7.907900 
160.000000	-1.036000 	0.107726  	-7.907900 
161.000000	-0.984200 	0.091881  	-7.907900 
162.000000	-0.932400 	0.076963  	-7.907900 
163.000000	-0.880600 	0.062560  	-7.907900 
164.000000	-0.828800 	0.049022  	-7.907900 
165.000000	-0.777000 	0.036133  	-7.907900 
166.000000	-0.725200 	0.024036  	-7.907900 
167.000000	-0.673400 	0.012728  	-7.907900 
168.000000	-0.621600 	0.005177  	-7.907900 
169.000000	-0.569800 	0.002635  	-7.907900 
170.000000	-0.518000 	0.001000  	-7.907900 
171.000000	-0.466200 	0.001000  	-7.907900 
172.000000	-0.414400 	0.001000  	-7.907900 
173.000000	-0.362600 	0.001000  	-7.907900 
174.000000	-0.310800 	0.001000  	-7.907900 
175.000000	-0.259000 	0.001000  	-7.907900 
176.000000	-0.207200 	0.001000  	-7.907900 
177.000000	-0.155400 	0.001000  	-7.907900 
178.000000	-0.103600 	0.001000  	-7.907900 
179.000000	-0.051800 	0.001000  	-7.907900 
180.000000	0.000000  	0.001000  	-7.907900 
