! AeroDyn v15 airfoil data file
! Generated from airfoilprep.py modified by D. Kim (Mar 14th, 2022) 
! start all comment lines with ! 
! ------------------------------------------------------------------------------
"DEFAULT"       InterpOrd    ! Interpolation order to use for quasi-steady table lookup {1=linear; 3=cubic spline; "default"} [default=1]
! ------------------------------------------------------------------------------
! 0.20          RelThickness ! The non-dimensional thickness of the airfoil (thickness/chord) [only used if UAMod=7] [default=0.2] (-)
  1             NonDimArea   ! The non-dimensional area of the airfoil (area/chord^2) (set to 1.0 if unsure or unneeded)
  103           NumCoords    ! The number of coordinates in the airfoil shape file (including an extra coordinate for airfoil reference).
! ......... x-y coordinates are next if NumCoords > 0 .............
! x-y coordinate of airfoil reference
!  x/c        y/c
  0.25       0
! Airfoil: 
!  x/c        y/c
1.0012623 -0.0608128
0.9806494 -0.0563296
0.9600560 -0.0517435
0.9393884 -0.0475253
0.9185793 -0.0440657
0.8976167 -0.0417414
0.8765448 -0.0408283
0.8554569 -0.0412140
0.8344104 -0.0425954
0.8134293 -0.0448110
0.7925436 -0.0477771
0.7717641 -0.0514046
0.7510908 -0.0556082
0.7305237 -0.0602999
0.7100562 -0.0653924
0.6896693 -0.0708007
0.6693439 -0.0764478
0.6490592 -0.0822511
0.6287969 -0.0881361
0.6085412 -0.0940366
0.5882699 -0.0998835
0.5679645 -0.1056156
0.5476122 -0.1111734
0.5272014 -0.1165016
0.5067225 -0.1215519
0.4861654 -0.1262743
0.4655231 -0.1306310
0.4447957 -0.1345788
0.4239897 -0.1380814
0.4031125 -0.1411049
0.3821711 -0.1436160
0.3611722 -0.1455787
0.3401220 -0.1469446
0.3190360 -0.1476243
0.2979432 -0.1475142
0.2768749 -0.1464998
0.2558722 -0.1445380
0.2349825 -0.1416109
0.2142509 -0.1377195
0.1937194 -0.1328812
0.1734288 -0.1271151
0.1534190 -0.1204393
0.1337322 -0.1128592
0.1144252 -0.1043622
0.0955682 -0.0949145
0.0772475 -0.0844439
0.0596176 -0.0728550
0.0429102 -0.0600054
0.0274582 -0.0456537
0.0139101 -0.0295144
0.0034481 -0.0112410
-0.0012633 0.0091847
0.0032952 0.0296234
0.0138621 0.0478135
0.0276001 0.0638148
0.0432829 0.0779095
0.0602774 0.0903959
0.0782059 0.1015069
0.0968248 0.1114052
0.1159810 0.1202381
0.1355600 0.1281012
0.1554660 0.1350755
0.1756428 0.1412285
0.1960412 0.1466105
0.2166182 0.1512533
0.2373431 0.1551847
0.2581889 0.1584203
0.2791280 0.1609740
0.3001377 0.1628609
0.3211966 0.1641123
0.3422806 0.1647957
0.3633726 0.1649715
0.3844644 0.1647371
0.4055488 0.1640619
0.4266182 0.1629765
0.4476641 0.1614944
0.4686779 0.1596303
0.4896542 0.1574108
0.5105937 0.1548690
0.5314979 0.1520393
0.5523686 0.1489573
0.5732074 0.1456599
0.5940159 0.1421808
0.6147960 0.1385471
0.6355523 0.1347802
0.6562876 0.1308987
0.6770040 0.1269156
0.6977036 0.1228445
0.7183878 0.1186959
0.7390580 0.1144797
0.7597163 0.1102067
0.7803646 0.1058848
0.8010043 0.1015220
0.8216381 0.0971313
0.8422669 0.0927170
0.8628929 0.0882895
0.8835175 0.0838560
0.9041419 0.0794215
0.9247654 0.0749829
0.9453836 0.0705196
0.9659549 0.0658483
0.9855935 0.0583784
! ------------------------------------------------------------------------------
"unused"        BL_file      ! The file name including the boundary layer characteristics of the profile. Unused if the aeroacoustic module is not called.
  11        	NumTabs      ! Number of airfoil tables in this file.
! ------------------------------------------------------------------------------
! data for table	1         
! ------------------------------------------------------------------------------
  0.200000  	Re           ! Reynolds number in millions
  0.000000  	UserProp     ! User property (control) setting
Flase           InclUAdata   ! Is unsteady aerodynamics data included in this table? If TRUE, then include UA coefficients below this line. Any missing coefficients will be calculated internally.
! Table of aerodynamics coefficients
  361       	NumAlf       ! Number of data lines in the following table
!Alpha      Cl          Cd          Cm/Cp
!(deg)      (-)         (-)         (-)
-180.000000	0.000000  	0.001000  	0.000000  
-179.000000	0.052319  	0.001000  	0.040000  
-178.000000	0.104637  	0.001000  	0.080000  
-177.000000	0.156956  	0.001000  	0.120000  
-176.000000	0.209274  	0.001000  	0.160000  
-175.000000	0.261593  	0.001000  	0.200000  
-174.000000	0.313911  	0.001000  	0.240000  
-173.000000	0.366230  	0.001000  	0.280000  
-172.000000	0.418548  	0.001144  	0.320000  
-171.000000	0.470867  	0.001647  	0.360000  
-170.000000	0.523185  	0.005172  	0.394615  
-169.000000	0.575504  	0.014134  	0.419538  
-168.000000	0.627822  	0.023753  	0.442992  
-167.000000	0.680141  	0.034248  	0.464489  
-166.000000	0.732459  	0.045487  	0.485985  
-165.000000	0.784778  	0.057469  	0.507481  
-164.000000	0.837096  	0.070270  	0.528977  
-163.000000	0.889415  	0.083686  	0.550473  
-162.000000	0.941733  	0.097983  	0.571970  
-161.000000	0.994052  	0.112771  	0.593466  
-160.000000	1.046370  	0.128493  	0.605781  
-159.000000	1.098689  	0.144587  	0.614424  
-158.000000	1.151007  	0.161652  	0.617127  
-157.000000	1.203326  	0.178981  	0.618209  
-156.000000	1.255644  	0.197301  	0.619291  
-155.000000	1.307963  	0.215787  	0.620374  
-154.000000	1.360281  	0.235270  	0.621456  
-153.000000	1.412600  	0.254830  	0.622538  
-152.000000	1.375386  	0.275965  	0.619307  
-151.000000	1.338171  	0.297100  	0.616075  
-150.000000	1.300957  	0.318236  	0.612844  
-149.000000	1.263743  	0.339371  	0.609613  
-148.000000	1.230464  	0.361397  	0.602068  
-147.000000	1.201121  	0.384316  	0.590209  
-146.000000	1.171777  	0.407234  	0.578351  
-145.000000	1.142434  	0.430152  	0.566492  
-144.000000	1.113090  	0.453071  	0.554633  
-143.000000	1.088257  	0.477215  	0.543665  
-142.000000	1.063423  	0.501358  	0.532696  
-141.000000	1.038590  	0.525502  	0.521727  
-140.000000	1.013756  	0.549646  	0.510758  
-139.000000	0.990180  	0.574109  	0.503348  
-138.000000	0.967861  	0.598892  	0.499497  
-137.000000	0.945542  	0.623674  	0.495646  
-136.000000	0.923224  	0.648457  	0.491795  
-135.000000	0.900905  	0.673239  	0.487945  
-134.000000	0.879881  	0.698059  	0.484094  
-133.000000	0.858857  	0.722878  	0.480243  
-132.000000	0.837833  	0.747697  	0.476392  
-131.000000	0.816809  	0.772516  	0.472541  
-130.000000	0.796061  	0.797052  	0.470105  
-129.000000	0.775591  	0.821306  	0.469085  
-128.000000	0.755121  	0.845560  	0.468065  
-127.000000	0.734650  	0.869813  	0.467045  
-126.000000	0.714180  	0.894067  	0.466025  
-125.000000	0.693842  	0.917168  	0.465359  
-124.000000	0.673503  	0.940268  	0.464692  
-123.000000	0.653164  	0.963369  	0.464026  
-122.000000	0.632826  	0.986469  	0.463360  
-121.000000	0.612455  	1.008714  	0.463023  
-120.000000	0.592051  	1.030102  	0.463014  
-119.000000	0.571647  	1.051491  	0.463006  
-118.000000	0.551244  	1.072880  	0.462998  
-117.000000	0.530840  	1.094268  	0.462989  
-116.000000	0.510341  	1.113429  	0.463310  
-115.000000	0.489842  	1.132590  	0.463630  
-114.000000	0.469343  	1.151751  	0.463951  
-113.000000	0.448845  	1.170912  	0.464272  
-112.000000	0.428347  	1.188728  	0.464517  
-111.000000	0.407851  	1.205200  	0.464688  
-110.000000	0.387354  	1.221673  	0.464859  
-109.000000	0.366858  	1.238145  	0.465030  
-108.000000	0.346361  	1.254617  	0.465201  
-107.000000	0.326064  	1.268007  	0.465185  
-106.000000	0.305767  	1.281396  	0.465168  
-105.000000	0.285470  	1.294786  	0.465152  
-104.000000	0.265172  	1.308175  	0.465136  
-103.000000	0.245112  	1.319864  	0.464987  
-102.000000	0.225288  	1.329853  	0.464706  
-101.000000	0.205464  	1.339842  	0.464424  
-100.000000	0.185640  	1.349830  	0.464143  
-99.000000	0.165816  	1.359819  	0.463861  
-98.000000	0.146800  	1.366173  	0.462651  
-97.000000	0.127783  	1.372527  	0.461442  
-96.000000	0.108766  	1.378881  	0.460232  
-95.000000	0.089749  	1.385236  	0.459022  
-94.000000	0.071325  	1.389700  	0.457812  
-93.000000	0.053494  	1.392275  	0.456602  
-92.000000	0.035663  	1.394850  	0.455393  
-91.000000	0.017831  	1.397425  	0.454183  
-90.000000	0.000000  	1.400000  	0.452973  
-89.000000	-0.017831 	1.397425  	0.449841  
-88.000000	-0.035663 	1.394850  	0.446710  
-87.000000	-0.053494 	1.392275  	0.443578  
-86.000000	-0.071325 	1.389700  	0.440446  
-85.000000	-0.089749 	1.385236  	0.437314  
-84.000000	-0.108766 	1.378881  	0.434182  
-83.000000	-0.127783 	1.372527  	0.431051  
-82.000000	-0.146800 	1.366173  	0.427919  
-81.000000	-0.165816 	1.359819  	0.424787  
-80.000000	-0.185640 	1.349830  	0.420925  
-79.000000	-0.205464 	1.339842  	0.417064  
-78.000000	-0.225288 	1.329853  	0.413202  
-77.000000	-0.245112 	1.319864  	0.409340  
-76.000000	-0.265172 	1.308175  	0.405374  
-75.000000	-0.285470 	1.294786  	0.401304  
-74.000000	-0.305767 	1.281396  	0.397234  
-73.000000	-0.326064 	1.268007  	0.393163  
-72.000000	-0.346361 	1.254617  	0.389093  
-71.000000	-0.366858 	1.238145  	0.384897  
-70.000000	-0.387354 	1.221673  	0.380700  
-69.000000	-0.407851 	1.205200  	0.376504  
-68.000000	-0.428347 	1.188728  	0.372307  
-67.000000	-0.448845 	1.170912  	0.368060  
-66.000000	-0.469343 	1.151751  	0.363763  
-65.000000	-0.489842 	1.132590  	0.359466  
-64.000000	-0.510341 	1.113429  	0.355168  
-63.000000	-0.530840 	1.094268  	0.350871  
-62.000000	-0.551244 	1.072880  	0.346687  
-61.000000	-0.571647 	1.051491  	0.342502  
-60.000000	-0.592051 	1.030102  	0.338318  
-59.000000	-0.612455 	1.008714  	0.334133  
-58.000000	-0.632826 	0.986469  	0.330062  
-57.000000	-0.653164 	0.963369  	0.326104  
-56.000000	-0.673503 	0.940268  	0.322145  
-55.000000	-0.693842 	0.917168  	0.318187  
-54.000000	-0.714180 	0.894067  	0.314228  
-53.000000	-0.734650 	0.869813  	0.310324  
-52.000000	-0.755121 	0.845560  	0.306420  
-51.000000	-0.775591 	0.821306  	0.302515  
-50.000000	-0.796061 	0.797052  	0.298611  
-49.000000	-0.816809 	0.772516  	0.294924  
-48.000000	-0.837833 	0.747697  	0.291454  
-47.000000	-0.858857 	0.722878  	0.287983  
-46.000000	-0.879881 	0.698059  	0.284513  
-45.000000	-0.900905 	0.673239  	0.281043  
-44.000000	-0.923224 	0.648457  	0.277572  
-43.000000	-0.945542 	0.623674  	0.274102  
-42.000000	-0.967861 	0.598892  	0.270632  
-41.000000	-0.990180 	0.574109  	0.267161  
-40.000000	-1.013756 	0.549646  	0.263427  
-39.000000	-1.038590 	0.525502  	0.259429  
-38.000000	-1.063423 	0.501358  	0.255431  
-37.000000	-1.088257 	0.477215  	0.251433  
-36.000000	-1.113090 	0.453071  	0.247435  
-35.000000	-1.142434 	0.430152  	0.243371  
-34.000000	-1.171777 	0.407234  	0.239307  
-33.000000	-1.201121 	0.384316  	0.235243  
-32.000000	-1.230464 	0.361397  	0.231179  
-31.000000	-1.263743 	0.339371  	0.224521  
-30.000000	-1.300957 	0.318236  	0.215268  
-29.000000	-1.338171 	0.297100  	0.206016  
-28.000000	-1.375386 	0.275965  	0.196763  
-27.000000	-1.412600 	0.254830  	0.187510  
-26.000000	-1.356565 	0.244760  	0.175664  
-25.000000	-1.300530 	0.234690  	0.163817  
-24.000000	-1.244495 	0.224620  	0.151970  
-23.000000	-1.188460 	0.214550  	0.140123  
-22.000000	-1.132425 	0.204480  	0.128276  
-21.000000	-1.076390 	0.194410  	0.116412  
-20.000000	-1.020355 	0.184340  	0.104505  
-19.000000	-0.964320 	0.174270  	0.092135  
-18.000000	-0.908285 	0.164200  	0.079687  
-17.000000	-0.852250 	0.154130  	0.067240  
-16.000000	-0.796215 	0.144060  	0.054792  
-15.000000	-0.740180 	0.133990  	0.042345  
-14.000000	-0.684145 	0.123920  	0.029897  
-13.000000	-0.628110 	0.113850  	0.017449  
-12.000000	-0.572075 	0.103780  	0.005002  
-11.000000	-0.516040 	0.093710  	-0.007550 
-10.000000	-0.460005 	0.083640  	-0.020363 
-9.000000 	-0.403970 	0.073570  	-0.035996 
-8.000000 	-0.347935 	0.063500  	-0.052098 
-7.000000 	-0.291900 	0.053430  	-0.068200 
-6.000000 	-0.177600 	0.052180  	-0.072100 
-5.000000 	-0.016800 	0.043170  	-0.100500 
-4.000000 	0.160500  	0.038120  	-0.126600 
-3.000000 	0.322600  	0.036160  	-0.144300 
-2.000000 	0.443400  	0.036790  	-0.147000 
-1.000000 	0.591200  	0.036170  	-0.158900 
0.000000  	0.725500  	0.036420  	-0.166000 
1.000000  	0.852900  	0.036970  	-0.171000 
2.000000  	0.991300  	0.037150  	-0.179700 
3.000000  	1.112400  	0.038020  	-0.182800 
4.000000  	1.237100  	0.038770  	-0.187400 
5.000000  	1.365500  	0.039530  	-0.193100 
6.000000  	1.492200  	0.040470  	-0.198500 
7.000000  	1.597700  	0.041630  	-0.198000 
8.000000  	1.714500  	0.042750  	-0.201200 
9.000000  	1.826200  	0.044090  	-0.203400 
10.000000 	1.924200  	0.045780  	-0.202400 
11.000000 	1.995800  	0.048540  	-0.196600 
12.000000 	2.016500  	0.054210  	-0.182100 
13.000000 	2.004400  	0.063460  	-0.165700 
14.000000 	1.986100  	0.076380  	-0.155400 
15.000000 	1.962900  	0.091660  	-0.149700 
16.000000 	1.945300  	0.107340  	-0.148200 
17.000000 	1.937900  	0.122710  	-0.150100 
18.000000 	1.936700  	0.136850  	-0.153200 
19.000000 	1.935000  	0.152190  	-0.159400 
20.000000 	1.948000  	0.164890  	-0.166000 
21.000000 	1.956700  	0.178210  	-0.173800 
22.000000 	1.966200  	0.191630  	-0.183100 
23.000000 	1.979600  	0.204130  	-0.192800 
24.000000 	1.993900  	0.216200  	-0.203200 
25.000000 	2.007000  	0.228220  	-0.214500 
26.000000 	2.015900  	0.240860  	-0.227100 
27.000000 	2.018000  	0.254830  	-0.241800 
28.000000 	1.964837  	0.275965  	-0.249084 
29.000000 	1.911673  	0.297100  	-0.256368 
30.000000 	1.858510  	0.318236  	-0.263652 
31.000000 	1.805347  	0.339371  	-0.270936 
32.000000 	1.757806  	0.361397  	-0.276722 
33.000000 	1.715886  	0.384316  	-0.281011 
34.000000 	1.673967  	0.407234  	-0.285300 
35.000000 	1.632048  	0.430152  	-0.289588 
36.000000 	1.590129  	0.453071  	-0.293877 
37.000000 	1.554652  	0.477215  	-0.297973 
38.000000 	1.519176  	0.501358  	-0.302070 
39.000000 	1.483699  	0.525502  	-0.306166 
40.000000 	1.448223  	0.549646  	-0.310262 
41.000000 	1.414543  	0.574109  	-0.313587 
42.000000 	1.382659  	0.598892  	-0.316142 
43.000000 	1.350775  	0.623674  	-0.318697 
44.000000 	1.318891  	0.648457  	-0.321252 
45.000000 	1.287007  	0.673239  	-0.323806 
46.000000 	1.256973  	0.698059  	-0.326361 
47.000000 	1.226938  	0.722878  	-0.328916 
48.000000 	1.196904  	0.747697  	-0.331471 
49.000000 	1.166869  	0.772516  	-0.334026 
50.000000 	1.137231  	0.797052  	-0.336623 
51.000000 	1.107987  	0.821306  	-0.339261 
52.000000 	1.078744  	0.845560  	-0.341900 
53.000000 	1.049501  	0.869813  	-0.344539 
54.000000 	1.020257  	0.894067  	-0.347178 
55.000000 	0.991202  	0.917168  	-0.349827 
56.000000 	0.962147  	0.940268  	-0.352476 
57.000000 	0.933092  	0.963369  	-0.355125 
58.000000 	0.904037  	0.986469  	-0.357775 
59.000000 	0.874935  	1.008714  	-0.360548 
60.000000 	0.845787  	1.030102  	-0.363444 
61.000000 	0.816639  	1.051491  	-0.366341 
62.000000 	0.787491  	1.072880  	-0.369238 
63.000000 	0.758343  	1.094268  	-0.372135 
64.000000 	0.729059  	1.113429  	-0.375155 
65.000000 	0.699775  	1.132590  	-0.378176 
66.000000 	0.670491  	1.151751  	-0.381196 
67.000000 	0.641207  	1.170912  	-0.384217 
68.000000 	0.611924  	1.188728  	-0.387269 
69.000000 	0.582644  	1.205200  	-0.390352 
70.000000 	0.553363  	1.221673  	-0.393435 
71.000000 	0.524082  	1.238145  	-0.396518 
72.000000 	0.494802  	1.254617  	-0.399601 
73.000000 	0.465806  	1.268007  	-0.402762 
74.000000 	0.436810  	1.281396  	-0.405923 
75.000000 	0.407814  	1.294786  	-0.409084 
76.000000 	0.378818  	1.308175  	-0.412245 
77.000000 	0.350160  	1.319864  	-0.415367 
78.000000 	0.321840  	1.329853  	-0.418449 
79.000000 	0.293520  	1.339842  	-0.421532 
80.000000 	0.265200  	1.349830  	-0.424615 
81.000000 	0.236880  	1.359819  	-0.427697 
82.000000 	0.209714  	1.366173  	-0.430506 
83.000000 	0.182547  	1.372527  	-0.433314 
84.000000 	0.155380  	1.378881  	-0.436122 
85.000000 	0.128214  	1.385236  	-0.438931 
86.000000 	0.101894  	1.389700  	-0.441739 
87.000000 	0.076420  	1.392275  	-0.444548 
88.000000 	0.050947  	1.394850  	-0.447356 
89.000000 	0.025473  	1.397425  	-0.450165 
90.000000 	0.000000  	1.400000  	-0.452973 
91.000000 	-0.017831 	1.397425  	-0.454183 
92.000000 	-0.035663 	1.394850  	-0.455393 
93.000000 	-0.053494 	1.392275  	-0.456602 
94.000000 	-0.071325 	1.389700  	-0.457812 
95.000000 	-0.089749 	1.385236  	-0.459022 
96.000000 	-0.108766 	1.378881  	-0.460232 
97.000000 	-0.127783 	1.372527  	-0.461442 
98.000000 	-0.146800 	1.366173  	-0.462651 
99.000000 	-0.165816 	1.359819  	-0.463861 
100.000000	-0.185640 	1.349830  	-0.464143 
101.000000	-0.205464 	1.339842  	-0.464424 
102.000000	-0.225288 	1.329853  	-0.464706 
103.000000	-0.245112 	1.319864  	-0.464987 
104.000000	-0.265172 	1.308175  	-0.465136 
105.000000	-0.285470 	1.294786  	-0.465152 
106.000000	-0.305767 	1.281396  	-0.465168 
107.000000	-0.326064 	1.268007  	-0.465185 
108.000000	-0.346361 	1.254617  	-0.465201 
109.000000	-0.366858 	1.238145  	-0.465030 
110.000000	-0.387354 	1.221673  	-0.464859 
111.000000	-0.407851 	1.205200  	-0.464688 
112.000000	-0.428347 	1.188728  	-0.464517 
113.000000	-0.448845 	1.170912  	-0.464272 
114.000000	-0.469343 	1.151751  	-0.463951 
115.000000	-0.489842 	1.132590  	-0.463630 
116.000000	-0.510341 	1.113429  	-0.463310 
117.000000	-0.530840 	1.094268  	-0.462989 
118.000000	-0.551244 	1.072880  	-0.462998 
119.000000	-0.571647 	1.051491  	-0.463006 
120.000000	-0.592051 	1.030102  	-0.463014 
121.000000	-0.612455 	1.008714  	-0.463023 
122.000000	-0.632826 	0.986469  	-0.463360 
123.000000	-0.653164 	0.963369  	-0.464026 
124.000000	-0.673503 	0.940268  	-0.464692 
125.000000	-0.693842 	0.917168  	-0.465359 
126.000000	-0.714180 	0.894067  	-0.466025 
127.000000	-0.734650 	0.869813  	-0.467045 
128.000000	-0.755121 	0.845560  	-0.468065 
129.000000	-0.775591 	0.821306  	-0.469085 
130.000000	-0.796061 	0.797052  	-0.470105 
131.000000	-0.816809 	0.772516  	-0.472541 
132.000000	-0.837833 	0.747697  	-0.476392 
133.000000	-0.858857 	0.722878  	-0.480243 
134.000000	-0.879881 	0.698059  	-0.484094 
135.000000	-0.900905 	0.673239  	-0.487945 
136.000000	-0.923224 	0.648457  	-0.491795 
137.000000	-0.945542 	0.623674  	-0.495646 
138.000000	-0.967861 	0.598892  	-0.499497 
139.000000	-0.990180 	0.574109  	-0.503348 
140.000000	-1.013756 	0.549646  	-0.510758 
141.000000	-1.038590 	0.525502  	-0.521727 
142.000000	-1.063423 	0.501358  	-0.532696 
143.000000	-1.088257 	0.477215  	-0.543665 
144.000000	-1.113090 	0.453071  	-0.554633 
145.000000	-1.142434 	0.430152  	-0.566492 
146.000000	-1.171777 	0.407234  	-0.578351 
147.000000	-1.201121 	0.384316  	-0.590209 
148.000000	-1.230464 	0.361397  	-0.602068 
149.000000	-1.263743 	0.339371  	-0.609613 
150.000000	-1.300957 	0.318236  	-0.612844 
151.000000	-1.338171 	0.297100  	-0.616075 
152.000000	-1.375386 	0.275965  	-0.619307 
153.000000	-1.412600 	0.254830  	-0.622538 
154.000000	-1.360281 	0.235270  	-0.621456 
155.000000	-1.307963 	0.215787  	-0.620374 
156.000000	-1.255644 	0.197301  	-0.619291 
157.000000	-1.203326 	0.178981  	-0.618209 
158.000000	-1.151007 	0.161652  	-0.617127 
159.000000	-1.098689 	0.144587  	-0.615218 
160.000000	-1.046370 	0.128493  	-0.610279 
161.000000	-0.994052 	0.112771  	-0.603466 
162.000000	-0.941733 	0.097983  	-0.591970 
163.000000	-0.889415 	0.083686  	-0.580473 
164.000000	-0.837096 	0.070270  	-0.568977 
165.000000	-0.784778 	0.057469  	-0.557481 
166.000000	-0.732459 	0.045487  	-0.545985 
167.000000	-0.680141 	0.034248  	-0.534489 
168.000000	-0.627822 	0.023753  	-0.522992 
169.000000	-0.575504 	0.014134  	-0.507422 
170.000000	-0.523185 	0.005172  	-0.488795 
171.000000	-0.470867 	0.001647  	-0.450000 
172.000000	-0.418548 	0.001144  	-0.400000 
173.000000	-0.366230 	0.001000  	-0.350000 
174.000000	-0.313911 	0.001000  	-0.300000 
175.000000	-0.261593 	0.001000  	-0.250000 
176.000000	-0.209274 	0.001000  	-0.200000 
177.000000	-0.156956 	0.001000  	-0.150000 
178.000000	-0.104637 	0.001000  	-0.100000 
179.000000	-0.052319 	0.001000  	-0.050000 
180.000000	0.000000  	0.001000  	0.000000  
! ------------------------------------------------------------------------------
! data for table	2         
! ------------------------------------------------------------------------------
  0.300000  	Re           ! Reynolds number in millions
  0.000000  	UserProp     ! User property (control) setting
Flase           InclUAdata   ! Is unsteady aerodynamics data included in this table? If TRUE, then include UA coefficients below this line. Any missing coefficients will be calculated internally.
! Table of aerodynamics coefficients
  361       	NumAlf       ! Number of data lines in the following table
!Alpha      Cl          Cd          Cm/Cp
!(deg)      (-)         (-)         (-)
-180.000000	0.000000  	0.001000  	0.000000  
-179.000000	0.049340  	0.001000  	0.040000  
-178.000000	0.098681  	0.001000  	0.080000  
-177.000000	0.148021  	0.001000  	0.120000  
-176.000000	0.197361  	0.001000  	0.160000  
-175.000000	0.246702  	0.001000  	0.200000  
-174.000000	0.296042  	0.001000  	0.240000  
-173.000000	0.345382  	0.001000  	0.280000  
-172.000000	0.394723  	0.001000  	0.320000  
-171.000000	0.444063  	0.001000  	0.358143  
-170.000000	0.493403  	0.001000  	0.395542  
-169.000000	0.542744  	0.004689  	0.424918  
-168.000000	0.592084  	0.010429  	0.449837  
-167.000000	0.641424  	0.019334  	0.474755  
-166.000000	0.690765  	0.030613  	0.499673  
-165.000000	0.740105  	0.042682  	0.524592  
-164.000000	0.789446  	0.055539  	0.549510  
-163.000000	0.838786  	0.069043  	0.574428  
-162.000000	0.888126  	0.083411  	0.599347  
-161.000000	0.937467  	0.098291  	0.622032  
-160.000000	0.986807  	0.114096  	0.640697  
-159.000000	1.036147  	0.130288  	0.655968  
-158.000000	1.085488  	0.147448  	0.662753  
-157.000000	1.134828  	0.164880  	0.669538  
-156.000000	1.184168  	0.183307  	0.676323  
-155.000000	1.233509  	0.201902  	0.683108  
-154.000000	1.282849  	0.221501  	0.689894  
-153.000000	1.332189  	0.241178  	0.696679  
-152.000000	1.381530  	0.261849  	0.703464  
-151.000000	1.430870  	0.282520  	0.710249  
-150.000000	1.393155  	0.304625  	0.700655  
-149.000000	1.355441  	0.326731  	0.691062  
-148.000000	1.317726  	0.348836  	0.681468  
-147.000000	1.280011  	0.370941  	0.671875  
-146.000000	1.246769  	0.394027  	0.659145  
-145.000000	1.216010  	0.417658  	0.644673  
-144.000000	1.185252  	0.441289  	0.630200  
-143.000000	1.154494  	0.464919  	0.615728  
-142.000000	1.124923  	0.488832  	0.602523  
-141.000000	1.098321  	0.513452  	0.592483  
-140.000000	1.071719  	0.538072  	0.582443  
-139.000000	1.045117  	0.562691  	0.572404  
-138.000000	1.018515  	0.587311  	0.562364  
-137.000000	0.994178  	0.612331  	0.556866  
-136.000000	0.970015  	0.637381  	0.551718  
-135.000000	0.945853  	0.662432  	0.546570  
-134.000000	0.921690  	0.687482  	0.541421  
-133.000000	0.898308  	0.712455  	0.536668  
-132.000000	0.875512  	0.737369  	0.532212  
-131.000000	0.852716  	0.762284  	0.527756  
-130.000000	0.829920  	0.787198  	0.523300  
-129.000000	0.807275  	0.811962  	0.519518  
-128.000000	0.785186  	0.836177  	0.518208  
-127.000000	0.763096  	0.860392  	0.516898  
-126.000000	0.741006  	0.884607  	0.515588  
-125.000000	0.718916  	0.908822  	0.514278  
-124.000000	0.697108  	0.931969  	0.512969  
-123.000000	0.675346  	0.954939  	0.511659  
-122.000000	0.653584  	0.977908  	0.510349  
-121.000000	0.631823  	1.000877  	0.509039  
-120.000000	0.610137  	1.022965  	0.508287  
-119.000000	0.588528  	1.044172  	0.508093  
-118.000000	0.566918  	1.065379  	0.507899  
-117.000000	0.545308  	1.086586  	0.507705  
-116.000000	0.523717  	1.107473  	0.507532  
-115.000000	0.502236  	1.126442  	0.507482  
-114.000000	0.480755  	1.145411  	0.507433  
-113.000000	0.459273  	1.164380  	0.507384  
-112.000000	0.437792  	1.183349  	0.507334  
-111.000000	0.416485  	1.200227  	0.507193  
-110.000000	0.395224  	1.216535  	0.507027  
-109.000000	0.373964  	1.232843  	0.506860  
-108.000000	0.352704  	1.249150  	0.506694  
-107.000000	0.331618  	1.264163  	0.506493  
-106.000000	0.310764  	1.277448  	0.506246  
-105.000000	0.289909  	1.290733  	0.505998  
-104.000000	0.269055  	1.304019  	0.505751  
-103.000000	0.248247  	1.317067  	0.505480  
-102.000000	0.228054  	1.327039  	0.504896  
-101.000000	0.207862  	1.337010  	0.504313  
-100.000000	0.187669  	1.346982  	0.503730  
-99.000000	0.167476  	1.356953  	0.503147  
-98.000000	0.147978  	1.364405  	0.501991  
-97.000000	0.128758  	1.370848  	0.500606  
-96.000000	0.109539  	1.377291  	0.499221  
-95.000000	0.090319  	1.383735  	0.497836  
-94.000000	0.071573  	1.388871  	0.496452  
-93.000000	0.053680  	1.391653  	0.495067  
-92.000000	0.035787  	1.394435  	0.493682  
-91.000000	0.017893  	1.397218  	0.492297  
-90.000000	0.000000  	1.400000  	0.490912  
-89.000000	-0.017893 	1.397218  	0.487482  
-88.000000	-0.035787 	1.394435  	0.484052  
-87.000000	-0.053680 	1.391653  	0.480623  
-86.000000	-0.071573 	1.388871  	0.477193  
-85.000000	-0.090319 	1.383735  	0.473764  
-84.000000	-0.109539 	1.377291  	0.470334  
-83.000000	-0.128758 	1.370848  	0.466904  
-82.000000	-0.147978 	1.364405  	0.463475  
-81.000000	-0.167476 	1.356953  	0.459873  
-80.000000	-0.187669 	1.346982  	0.455840  
-79.000000	-0.207862 	1.337010  	0.451807  
-78.000000	-0.228054 	1.327039  	0.447774  
-77.000000	-0.248247 	1.317067  	0.443741  
-76.000000	-0.269055 	1.304019  	0.439473  
-75.000000	-0.289909 	1.290733  	0.435188  
-74.000000	-0.310764 	1.277448  	0.430902  
-73.000000	-0.331618 	1.264163  	0.426616  
-72.000000	-0.352704 	1.249150  	0.422300  
-71.000000	-0.373964 	1.232843  	0.417960  
-70.000000	-0.395224 	1.216535  	0.413621  
-69.000000	-0.416485 	1.200227  	0.409281  
-68.000000	-0.437792 	1.183349  	0.404925  
-67.000000	-0.459273 	1.164380  	0.400507  
-66.000000	-0.480755 	1.145411  	0.396090  
-65.000000	-0.502236 	1.126442  	0.391673  
-64.000000	-0.523717 	1.107473  	0.387255  
-63.000000	-0.545308 	1.086586  	0.382875  
-62.000000	-0.566918 	1.065379  	0.378502  
-61.000000	-0.588528 	1.044172  	0.374129  
-60.000000	-0.610137 	1.022965  	0.369755  
-59.000000	-0.631823 	1.000877  	0.365551  
-58.000000	-0.653584 	0.977908  	0.361517  
-57.000000	-0.675346 	0.954939  	0.357482  
-56.000000	-0.697108 	0.931969  	0.353448  
-55.000000	-0.718916 	0.908822  	0.349413  
-54.000000	-0.741006 	0.884607  	0.345379  
-53.000000	-0.763096 	0.860392  	0.341344  
-52.000000	-0.785186 	0.836177  	0.337310  
-51.000000	-0.807275 	0.811962  	0.333276  
-50.000000	-0.829920 	0.787198  	0.329501  
-49.000000	-0.852716 	0.762284  	0.325798  
-48.000000	-0.875512 	0.737369  	0.322095  
-47.000000	-0.898308 	0.712455  	0.318392  
-46.000000	-0.921690 	0.687482  	0.314719  
-45.000000	-0.945853 	0.662432  	0.311089  
-44.000000	-0.970015 	0.637381  	0.307459  
-43.000000	-0.994178 	0.612331  	0.303828  
-42.000000	-1.018515 	0.587311  	0.300151  
-41.000000	-1.045117 	0.562691  	0.295869  
-40.000000	-1.071719 	0.538072  	0.291586  
-39.000000	-1.098321 	0.513452  	0.287303  
-38.000000	-1.124923 	0.488832  	0.283021  
-37.000000	-1.154494 	0.464919  	0.278316  
-36.000000	-1.185252 	0.441289  	0.273442  
-35.000000	-1.216010 	0.417658  	0.268568  
-34.000000	-1.246769 	0.394027  	0.263695  
-33.000000	-1.280011 	0.370941  	0.258147  
-32.000000	-1.317726 	0.348836  	0.251385  
-31.000000	-1.355441 	0.326731  	0.244623  
-30.000000	-1.393155 	0.304625  	0.237861  
-29.000000	-1.430870 	0.282520  	0.231099  
-28.000000	-1.391308 	0.269505  	0.217999  
-27.000000	-1.351747 	0.256491  	0.204898  
-26.000000	-1.312185 	0.243476  	0.191798  
-25.000000	-1.272624 	0.230461  	0.178697  
-24.000000	-1.233062 	0.217446  	0.165597  
-23.000000	-1.193501 	0.204432  	0.152496  
-22.000000	-1.153939 	0.191417  	0.139395  
-21.000000	-1.114377 	0.178402  	0.126295  
-20.000000	-1.074816 	0.165387  	0.113757  
-19.000000	-1.035254 	0.152373  	0.101875  
-18.000000	-0.995693 	0.139358  	0.090555  
-17.000000	-0.956131 	0.126343  	0.079236  
-16.000000	-0.916569 	0.113328  	0.067917  
-15.000000	-0.877008 	0.100314  	0.056597  
-14.000000	-0.837446 	0.087299  	0.045278  
-13.000000	-0.797885 	0.074284  	0.033958  
-12.000000	-0.758323 	0.061269  	0.000823  
-11.000000	-0.718762 	0.048255  	-0.041038 
-10.000000	-0.679200 	0.035240  	-0.082900 
-9.000000 	-0.498700 	0.032400  	-0.101100 
-8.000000 	-0.305800 	0.030410  	-0.123500 
-7.000000 	-0.172600 	0.030160  	-0.130400 
-6.000000 	-0.034100 	0.030060  	-0.138900 
-5.000000 	0.103200  	0.029840  	-0.147000 
-4.000000 	0.240100  	0.029970  	-0.154700 
-3.000000 	0.375700  	0.030080  	-0.162000 
-2.000000 	0.513100  	0.030310  	-0.169700 
-1.000000 	0.643700  	0.030610  	-0.175400 
0.000000  	0.778600  	0.030930  	-0.182400 
1.000000  	0.908200  	0.031460  	-0.187700 
2.000000  	1.036100  	0.032000  	-0.192700 
3.000000  	1.164700  	0.032650  	-0.197900 
4.000000  	1.290500  	0.033460  	-0.202400 
5.000000  	1.411000  	0.034340  	-0.205600 
6.000000  	1.533000  	0.035310  	-0.209400 
7.000000  	1.650400  	0.036490  	-0.212100 
8.000000  	1.760800  	0.037790  	-0.213200 
9.000000  	1.868300  	0.039370  	-0.214100 
10.000000 	1.961400  	0.041450  	-0.211900 
11.000000 	2.032700  	0.044630  	-0.205600 
12.000000 	2.039800  	0.051920  	-0.188300 
13.000000 	2.037200  	0.062160  	-0.174500 
14.000000 	2.022700  	0.076000  	-0.165100 
15.000000 	1.997400  	0.092210  	-0.159300 
16.000000 	1.972700  	0.109220  	-0.157200 
17.000000 	1.955200  	0.125970  	-0.158500 
18.000000 	1.949000  	0.141520  	-0.162100 
19.000000 	1.946400  	0.156590  	-0.167400 
20.000000 	1.951700  	0.170640  	-0.174100 
21.000000 	1.958300  	0.184350  	-0.181900 
22.000000 	1.969000  	0.197360  	-0.190600 
23.000000 	1.981600  	0.209750  	-0.199900 
24.000000 	1.993500  	0.222190  	-0.210200 
25.000000 	2.006600  	0.234230  	-0.221200 
26.000000 	2.019600  	0.245900  	-0.232700 
27.000000 	2.032500  	0.257360  	-0.244800 
28.000000 	2.037500  	0.270320  	-0.259000 
29.000000 	2.044100  	0.282520  	-0.273300 
30.000000 	1.990222  	0.304625  	-0.279901 
31.000000 	1.936344  	0.326731  	-0.286502 
32.000000 	1.882466  	0.348836  	-0.293103 
33.000000 	1.828587  	0.370941  	-0.299703 
34.000000 	1.781098  	0.394027  	-0.305614 
35.000000 	1.737158  	0.417658  	-0.311141 
36.000000 	1.693217  	0.441289  	-0.316669 
37.000000 	1.649277  	0.464919  	-0.322196 
38.000000 	1.607033  	0.488832  	-0.327358 
39.000000 	1.569030  	0.513452  	-0.331605 
40.000000 	1.531027  	0.538072  	-0.335853 
41.000000 	1.493024  	0.562691  	-0.340100 
42.000000 	1.455021  	0.587311  	-0.344347 
43.000000 	1.420254  	0.612331  	-0.347283 
44.000000 	1.385736  	0.637381  	-0.350118 
45.000000 	1.351218  	0.662432  	-0.352953 
46.000000 	1.316700  	0.687482  	-0.355788 
47.000000 	1.283298  	0.712455  	-0.358614 
48.000000 	1.250732  	0.737369  	-0.361435 
49.000000 	1.218166  	0.762284  	-0.364256 
50.000000 	1.185600  	0.787198  	-0.367077 
51.000000 	1.153250  	0.811962  	-0.369883 
52.000000 	1.121694  	0.836177  	-0.372640 
53.000000 	1.090137  	0.860392  	-0.375396 
54.000000 	1.058580  	0.884607  	-0.378152 
55.000000 	1.027023  	0.908822  	-0.380908 
56.000000 	0.995868  	0.931969  	-0.383664 
57.000000 	0.964780  	0.954939  	-0.386420 
58.000000 	0.933692  	0.977908  	-0.389177 
59.000000 	0.902604  	1.000877  	-0.391933 
60.000000 	0.871624  	1.022965  	-0.394860 
61.000000 	0.840754  	1.044172  	-0.397960 
62.000000 	0.809883  	1.065379  	-0.401059 
63.000000 	0.779012  	1.086586  	-0.404158 
64.000000 	0.748168  	1.107473  	-0.407263 
65.000000 	0.717480  	1.126442  	-0.410407 
66.000000 	0.686792  	1.145411  	-0.413550 
67.000000 	0.656105  	1.164380  	-0.416694 
68.000000 	0.625417  	1.183349  	-0.419838 
69.000000 	0.594978  	1.200227  	-0.423088 
70.000000 	0.564606  	1.216535  	-0.426367 
71.000000 	0.534235  	1.232843  	-0.429646 
72.000000 	0.503863  	1.249150  	-0.432926 
73.000000 	0.473740  	1.264163  	-0.436245 
74.000000 	0.443948  	1.277448  	-0.439619 
75.000000 	0.414156  	1.290733  	-0.442992 
76.000000 	0.384364  	1.304019  	-0.446366 
77.000000 	0.354639  	1.317067  	-0.449734 
78.000000 	0.325792  	1.327039  	-0.453028 
79.000000 	0.296945  	1.337010  	-0.456322 
80.000000 	0.268098  	1.346982  	-0.459617 
81.000000 	0.239251  	1.356953  	-0.462911 
82.000000 	0.211397  	1.364405  	-0.466070 
83.000000 	0.183941  	1.370848  	-0.469175 
84.000000 	0.156484  	1.377291  	-0.472281 
85.000000 	0.129027  	1.383735  	-0.475386 
86.000000 	0.102247  	1.388871  	-0.478491 
87.000000 	0.076685  	1.391653  	-0.481596 
88.000000 	0.051124  	1.394435  	-0.484701 
89.000000 	0.025562  	1.397218  	-0.487807 
90.000000 	0.000000  	1.400000  	-0.490912 
91.000000 	-0.017893 	1.397218  	-0.492297 
92.000000 	-0.035787 	1.394435  	-0.493682 
93.000000 	-0.053680 	1.391653  	-0.495067 
94.000000 	-0.071573 	1.388871  	-0.496452 
95.000000 	-0.090319 	1.383735  	-0.497836 
96.000000 	-0.109539 	1.377291  	-0.499221 
97.000000 	-0.128758 	1.370848  	-0.500606 
98.000000 	-0.147978 	1.364405  	-0.501991 
99.000000 	-0.167476 	1.356953  	-0.503147 
100.000000	-0.187669 	1.346982  	-0.503730 
101.000000	-0.207862 	1.337010  	-0.504313 
102.000000	-0.228054 	1.327039  	-0.504896 
103.000000	-0.248247 	1.317067  	-0.505480 
104.000000	-0.269055 	1.304019  	-0.505751 
105.000000	-0.289909 	1.290733  	-0.505998 
106.000000	-0.310764 	1.277448  	-0.506246 
107.000000	-0.331618 	1.264163  	-0.506493 
108.000000	-0.352704 	1.249150  	-0.506694 
109.000000	-0.373964 	1.232843  	-0.506860 
110.000000	-0.395224 	1.216535  	-0.507027 
111.000000	-0.416485 	1.200227  	-0.507193 
112.000000	-0.437792 	1.183349  	-0.507334 
113.000000	-0.459273 	1.164380  	-0.507384 
114.000000	-0.480755 	1.145411  	-0.507433 
115.000000	-0.502236 	1.126442  	-0.507482 
116.000000	-0.523717 	1.107473  	-0.507532 
117.000000	-0.545308 	1.086586  	-0.507705 
118.000000	-0.566918 	1.065379  	-0.507899 
119.000000	-0.588528 	1.044172  	-0.508093 
120.000000	-0.610137 	1.022965  	-0.508287 
121.000000	-0.631823 	1.000877  	-0.509039 
122.000000	-0.653584 	0.977908  	-0.510349 
123.000000	-0.675346 	0.954939  	-0.511659 
124.000000	-0.697108 	0.931969  	-0.512969 
125.000000	-0.718916 	0.908822  	-0.514278 
126.000000	-0.741006 	0.884607  	-0.515588 
127.000000	-0.763096 	0.860392  	-0.516898 
128.000000	-0.785186 	0.836177  	-0.518208 
129.000000	-0.807275 	0.811962  	-0.519518 
130.000000	-0.829920 	0.787198  	-0.523300 
131.000000	-0.852716 	0.762284  	-0.527756 
132.000000	-0.875512 	0.737369  	-0.532212 
133.000000	-0.898308 	0.712455  	-0.536668 
134.000000	-0.921690 	0.687482  	-0.541421 
135.000000	-0.945853 	0.662432  	-0.546570 
136.000000	-0.970015 	0.637381  	-0.551718 
137.000000	-0.994178 	0.612331  	-0.556866 
138.000000	-1.018515 	0.587311  	-0.562364 
139.000000	-1.045117 	0.562691  	-0.572404 
140.000000	-1.071719 	0.538072  	-0.582443 
141.000000	-1.098321 	0.513452  	-0.592483 
142.000000	-1.124923 	0.488832  	-0.602523 
143.000000	-1.154494 	0.464919  	-0.615728 
144.000000	-1.185252 	0.441289  	-0.630200 
145.000000	-1.216010 	0.417658  	-0.644673 
146.000000	-1.246769 	0.394027  	-0.659145 
147.000000	-1.280011 	0.370941  	-0.671875 
148.000000	-1.317726 	0.348836  	-0.681468 
149.000000	-1.355441 	0.326731  	-0.691062 
150.000000	-1.393155 	0.304625  	-0.700655 
151.000000	-1.430870 	0.282520  	-0.710249 
152.000000	-1.381530 	0.261849  	-0.703464 
153.000000	-1.332189 	0.241178  	-0.696679 
154.000000	-1.282849 	0.221501  	-0.689894 
155.000000	-1.233509 	0.201902  	-0.683108 
156.000000	-1.184168 	0.183307  	-0.676323 
157.000000	-1.134828 	0.164880  	-0.669538 
158.000000	-1.085488 	0.147448  	-0.662753 
159.000000	-1.036147 	0.130288  	-0.655968 
160.000000	-0.986807 	0.114096  	-0.645377 
161.000000	-0.937467 	0.098291  	-0.633263 
162.000000	-0.888126 	0.083411  	-0.619347 
163.000000	-0.838786 	0.069043  	-0.604428 
164.000000	-0.789446 	0.055539  	-0.589510 
165.000000	-0.740105 	0.042682  	-0.574592 
166.000000	-0.690765 	0.030613  	-0.559673 
167.000000	-0.641424 	0.019334  	-0.544755 
168.000000	-0.592084 	0.010429  	-0.529837 
169.000000	-0.542744 	0.004689  	-0.514918 
170.000000	-0.493403 	0.001000  	-0.489631 
171.000000	-0.444063 	0.001000  	-0.445680 
172.000000	-0.394723 	0.001000  	-0.400000 
173.000000	-0.345382 	0.001000  	-0.350000 
174.000000	-0.296042 	0.001000  	-0.300000 
175.000000	-0.246702 	0.001000  	-0.250000 
176.000000	-0.197361 	0.001000  	-0.200000 
177.000000	-0.148021 	0.001000  	-0.150000 
178.000000	-0.098681 	0.001000  	-0.100000 
179.000000	-0.049340 	0.001000  	-0.050000 
180.000000	0.000000  	0.001000  	0.000000  
! ------------------------------------------------------------------------------
! data for table	3         
! ------------------------------------------------------------------------------
  0.400000  	Re           ! Reynolds number in millions
  0.000000  	UserProp     ! User property (control) setting
Flase           InclUAdata   ! Is unsteady aerodynamics data included in this table? If TRUE, then include UA coefficients below this line. Any missing coefficients will be calculated internally.
! Table of aerodynamics coefficients
  361       	NumAlf       ! Number of data lines in the following table
!Alpha      Cl          Cd          Cm/Cp
!(deg)      (-)         (-)         (-)
-180.000000	0.000000  	0.001000  	0.000000  
-179.000000	0.049311  	0.001000  	0.040000  
-178.000000	0.098623  	0.001000  	0.080000  
-177.000000	0.147934  	0.001000  	0.120000  
-176.000000	0.197246  	0.001000  	0.160000  
-175.000000	0.246557  	0.001000  	0.200000  
-174.000000	0.295868  	0.001000  	0.240000  
-173.000000	0.345180  	0.001000  	0.280000  
-172.000000	0.394491  	0.001000  	0.320000  
-171.000000	0.443802  	0.001000  	0.358223  
-170.000000	0.493114  	0.001000  	0.395736  
-169.000000	0.542425  	0.005795  	0.425574  
-168.000000	0.591737  	0.013253  	0.451148  
-167.000000	0.641048  	0.022887  	0.476721  
-166.000000	0.690359  	0.034152  	0.502295  
-165.000000	0.739671  	0.046204  	0.527869  
-164.000000	0.788982  	0.059044  	0.553443  
-163.000000	0.838293  	0.072530  	0.579016  
-162.000000	0.887605  	0.086879  	0.604590  
-161.000000	0.936916  	0.101740  	0.627849  
-160.000000	0.986228  	0.117523  	0.646940  
-159.000000	1.035539  	0.133693  	0.662512  
-158.000000	1.084850  	0.150829  	0.669286  
-157.000000	1.134162  	0.168237  	0.676060  
-156.000000	1.183473  	0.186638  	0.682833  
-155.000000	1.232784  	0.205207  	0.689607  
-154.000000	1.282096  	0.224779  	0.696381  
-153.000000	1.331407  	0.244427  	0.703155  
-152.000000	1.380719  	0.265069  	0.709929  
-151.000000	1.430030  	0.285710  	0.716703  
-150.000000	1.392353  	0.307782  	0.707081  
-149.000000	1.354676  	0.329855  	0.697458  
-148.000000	1.316999  	0.351927  	0.687835  
-147.000000	1.279322  	0.374000  	0.678213  
-146.000000	1.246112  	0.397050  	0.665450  
-145.000000	1.215384  	0.420644  	0.650943  
-144.000000	1.184656  	0.444237  	0.636437  
-143.000000	1.153928  	0.467831  	0.621930  
-142.000000	1.124385  	0.491706  	0.608691  
-141.000000	1.097808  	0.516285  	0.598624  
-140.000000	1.071230  	0.540864  	0.588556  
-139.000000	1.044653  	0.565442  	0.578488  
-138.000000	1.018075  	0.590021  	0.568420  
-137.000000	0.993759  	0.614997  	0.562901  
-136.000000	0.969617  	0.640003  	0.557731  
-135.000000	0.945475  	0.665009  	0.552561  
-134.000000	0.921332  	0.690015  	0.547392  
-133.000000	0.897969  	0.714942  	0.542618  
-132.000000	0.875190  	0.739808  	0.538140  
-131.000000	0.852411  	0.764675  	0.533663  
-130.000000	0.829632  	0.789541  	0.529185  
-129.000000	0.807004  	0.814257  	0.525382  
-128.000000	0.784928  	0.838422  	0.524051  
-127.000000	0.762853  	0.862586  	0.522720  
-126.000000	0.740778  	0.886750  	0.521389  
-125.000000	0.718702  	0.910914  	0.520058  
-124.000000	0.696906  	0.934008  	0.518726  
-123.000000	0.675157  	0.956924  	0.517395  
-122.000000	0.653407  	0.979839  	0.516064  
-121.000000	0.631657  	1.002755  	0.514733  
-120.000000	0.609983  	1.024788  	0.513958  
-119.000000	0.588384  	1.045939  	0.513740  
-118.000000	0.566784  	1.067090  	0.513521  
-117.000000	0.545185  	1.088241  	0.513303  
-116.000000	0.523603  	1.109072  	0.513105  
-115.000000	0.502130  	1.127983  	0.513031  
-114.000000	0.480657  	1.146893  	0.512957  
-113.000000	0.459184  	1.165804  	0.512882  
-112.000000	0.437711  	1.184715  	0.512808  
-111.000000	0.416411  	1.201533  	0.512641  
-110.000000	0.395157  	1.217781  	0.512448  
-109.000000	0.373904  	1.234029  	0.512255  
-108.000000	0.352650  	1.250277  	0.512062  
-107.000000	0.331570  	1.265229  	0.511834  
-106.000000	0.310721  	1.278453  	0.511558  
-105.000000	0.289871  	1.291677  	0.511283  
-104.000000	0.269022  	1.304901  	0.511008  
-103.000000	0.248220  	1.317888  	0.510708  
-102.000000	0.228030  	1.327797  	0.510097  
-101.000000	0.207841  	1.337706  	0.509486  
-100.000000	0.187652  	1.347615  	0.508874  
-99.000000	0.167462  	1.357524  	0.508263  
-98.000000	0.147967  	1.364912  	0.507078  
-97.000000	0.128750  	1.371292  	0.505665  
-96.000000	0.109532  	1.377672  	0.504251  
-95.000000	0.090315  	1.384053  	0.502837  
-94.000000	0.071570  	1.389125  	0.501423  
-93.000000	0.053678  	1.391844  	0.500009  
-92.000000	0.035785  	1.394563  	0.498595  
-91.000000	0.017893  	1.397281  	0.497181  
-90.000000	0.000000  	1.400000  	0.495767  
-89.000000	-0.017893 	1.397281  	0.492340  
-88.000000	-0.035785 	1.394563  	0.488912  
-87.000000	-0.053678 	1.391844  	0.485484  
-86.000000	-0.071570 	1.389125  	0.482057  
-85.000000	-0.090315 	1.384053  	0.478629  
-84.000000	-0.109532 	1.377672  	0.475202  
-83.000000	-0.128750 	1.371292  	0.471774  
-82.000000	-0.147967 	1.364912  	0.468347  
-81.000000	-0.167462 	1.357524  	0.464746  
-80.000000	-0.187652 	1.347615  	0.460712  
-79.000000	-0.207841 	1.337706  	0.456679  
-78.000000	-0.228030 	1.327797  	0.452645  
-77.000000	-0.248220 	1.317888  	0.448612  
-76.000000	-0.269022 	1.304901  	0.444343  
-75.000000	-0.289871 	1.291677  	0.440056  
-74.000000	-0.310721 	1.278453  	0.435769  
-73.000000	-0.331570 	1.265229  	0.431482  
-72.000000	-0.352650 	1.250277  	0.427162  
-71.000000	-0.373904 	1.234029  	0.422819  
-70.000000	-0.395157 	1.217781  	0.418475  
-69.000000	-0.416411 	1.201533  	0.414132  
-68.000000	-0.437711 	1.184715  	0.409771  
-67.000000	-0.459184 	1.165804  	0.405347  
-66.000000	-0.480657 	1.146893  	0.400922  
-65.000000	-0.502130 	1.127983  	0.396497  
-64.000000	-0.523603 	1.109072  	0.392073  
-63.000000	-0.545185 	1.088241  	0.387685  
-62.000000	-0.566784 	1.067090  	0.383304  
-61.000000	-0.588384 	1.045939  	0.378922  
-60.000000	-0.609983 	1.024788  	0.374540  
-59.000000	-0.631657 	1.002755  	0.370324  
-58.000000	-0.653407 	0.979839  	0.366274  
-57.000000	-0.675157 	0.956924  	0.362224  
-56.000000	-0.696906 	0.934008  	0.358173  
-55.000000	-0.718702 	0.910914  	0.354123  
-54.000000	-0.740778 	0.886750  	0.350073  
-53.000000	-0.762853 	0.862586  	0.346022  
-52.000000	-0.784928 	0.838422  	0.341972  
-51.000000	-0.807004 	0.814257  	0.337922  
-50.000000	-0.829632 	0.789541  	0.334122  
-49.000000	-0.852411 	0.764675  	0.330391  
-48.000000	-0.875190 	0.739808  	0.326659  
-47.000000	-0.897969 	0.714942  	0.322928  
-46.000000	-0.921332 	0.690015  	0.319227  
-45.000000	-0.945475 	0.665009  	0.315566  
-44.000000	-0.969617 	0.640003  	0.311905  
-43.000000	-0.993759 	0.614997  	0.308243  
-42.000000	-1.018075 	0.590021  	0.304535  
-41.000000	-1.044653 	0.565442  	0.300205  
-40.000000	-1.071230 	0.540864  	0.295876  
-39.000000	-1.097808 	0.516285  	0.291546  
-38.000000	-1.124385 	0.491706  	0.287217  
-37.000000	-1.153928 	0.467831  	0.282455  
-36.000000	-1.184656 	0.444237  	0.277520  
-35.000000	-1.215384 	0.420644  	0.272585  
-34.000000	-1.246112 	0.397050  	0.267650  
-33.000000	-1.279322 	0.374000  	0.262070  
-32.000000	-1.316999 	0.351927  	0.255329  
-31.000000	-1.354676 	0.329855  	0.248588  
-30.000000	-1.392353 	0.307782  	0.241847  
-29.000000	-1.430030 	0.285710  	0.235106  
-28.000000	-1.375752 	0.273420  	0.222304  
-27.000000	-1.321475 	0.261129  	0.209501  
-26.000000	-1.267197 	0.248839  	0.196698  
-25.000000	-1.212920 	0.236548  	0.183895  
-24.000000	-1.158642 	0.224258  	0.171092  
-23.000000	-1.104364 	0.211967  	0.158289  
-22.000000	-1.050087 	0.199677  	0.145487  
-21.000000	-0.995809 	0.187386  	0.132684  
-20.000000	-0.941531 	0.175096  	0.119881  
-19.000000	-0.887254 	0.162805  	0.109508  
-18.000000	-0.832976 	0.150515  	0.099136  
-17.000000	-0.778699 	0.138224  	0.088763  
-16.000000	-0.724421 	0.125934  	0.078391  
-15.000000	-0.670143 	0.113643  	0.068018  
-14.000000	-0.615866 	0.101353  	0.057646  
-13.000000	-0.561588 	0.089062  	0.047273  
-12.000000	-0.507310 	0.076772  	0.036901  
-11.000000	-0.453033 	0.064481  	0.026528  
-10.000000	-0.398755 	0.052191  	-0.025415 
-9.000000 	-0.344478 	0.039900  	-0.077357 
-8.000000 	-0.290200 	0.027610  	-0.129300 
-7.000000 	-0.155400 	0.027690  	-0.136500 
-6.000000 	-0.016500 	0.027620  	-0.144900 
-5.000000 	0.118600  	0.027760  	-0.152000 
-4.000000 	0.256600  	0.027890  	-0.159900 
-3.000000 	0.391000  	0.028160  	-0.166700 
-2.000000 	0.526700  	0.028400  	-0.173800 
-1.000000 	0.660700  	0.028760  	-0.180300 
0.000000  	0.792700  	0.029130  	-0.186300 
1.000000  	0.924400  	0.029580  	-0.192300 
2.000000  	1.054100  	0.030130  	-0.197600 
3.000000  	1.180800  	0.030750  	-0.202300 
4.000000  	1.306900  	0.031470  	-0.206800 
5.000000  	1.431000  	0.032330  	-0.210900 
6.000000  	1.550600  	0.033250  	-0.213900 
7.000000  	1.668500  	0.034330  	-0.216700 
8.000000  	1.782100  	0.035640  	-0.218600 
9.000000  	1.887500  	0.037240  	-0.218800 
10.000000 	1.986500  	0.039190  	-0.217800 
11.000000 	2.062300  	0.042280  	-0.212200 
12.000000 	2.073000  	0.049540  	-0.195000 
13.000000 	2.070200  	0.060170  	-0.180800 
14.000000 	2.055300  	0.074350  	-0.171000 
15.000000 	2.027600  	0.090960  	-0.164500 
16.000000 	2.000000  	0.108540  	-0.162100 
17.000000 	1.975600  	0.126060  	-0.162600 
18.000000 	1.969200  	0.141600  	-0.165700 
19.000000 	1.961700  	0.157380  	-0.170900 
20.000000 	1.965100  	0.171540  	-0.177200 
21.000000 	1.971000  	0.185320  	-0.184700 
22.000000 	1.977000  	0.199070  	-0.193500 
23.000000 	1.985300  	0.212270  	-0.203100 
24.000000 	1.993900  	0.225320  	-0.213800 
25.000000 	2.004300  	0.237860  	-0.225000 
26.000000 	2.014400  	0.250260  	-0.236900 
27.000000 	2.024000  	0.262460  	-0.249600 
28.000000 	2.032100  	0.274640  	-0.263100 
29.000000 	2.042900  	0.285710  	-0.276400 
30.000000 	1.989076  	0.307782  	-0.283096 
31.000000 	1.935252  	0.329855  	-0.289792 
32.000000 	1.881427  	0.351927  	-0.296488 
33.000000 	1.827603  	0.374000  	-0.303184 
34.000000 	1.780161  	0.397050  	-0.309184 
35.000000 	1.736263  	0.420644  	-0.314797 
36.000000 	1.692366  	0.444237  	-0.320411 
37.000000 	1.648468  	0.467831  	-0.326024 
38.000000 	1.606265  	0.491706  	-0.331266 
39.000000 	1.568297  	0.516285  	-0.335579 
40.000000 	1.530329  	0.540864  	-0.339892 
41.000000 	1.492361  	0.565442  	-0.344205 
42.000000 	1.454394  	0.590021  	-0.348518 
43.000000 	1.419656  	0.614997  	-0.351499 
44.000000 	1.385167  	0.640003  	-0.354377 
45.000000 	1.350678  	0.665009  	-0.357255 
46.000000 	1.316189  	0.690015  	-0.360133 
47.000000 	1.282813  	0.714942  	-0.363001 
48.000000 	1.250272  	0.739808  	-0.365861 
49.000000 	1.217730  	0.764675  	-0.368721 
50.000000 	1.185189  	0.789541  	-0.371581 
51.000000 	1.152862  	0.814257  	-0.374424 
52.000000 	1.121326  	0.838422  	-0.377203 
53.000000 	1.089790  	0.862586  	-0.379982 
54.000000 	1.058254  	0.886750  	-0.382760 
55.000000 	1.026718  	0.910914  	-0.385539 
56.000000 	0.995580  	0.934008  	-0.388318 
57.000000 	0.964510  	0.956924  	-0.391097 
58.000000 	0.933439  	0.979839  	-0.393875 
59.000000 	0.902368  	1.002755  	-0.396654 
60.000000 	0.871404  	1.024788  	-0.399599 
61.000000 	0.840548  	1.045939  	-0.402710 
62.000000 	0.809692  	1.067090  	-0.405821 
63.000000 	0.778835  	1.088241  	-0.408932 
64.000000 	0.748005  	1.109072  	-0.412049 
65.000000 	0.717329  	1.127983  	-0.415203 
66.000000 	0.686653  	1.146893  	-0.418356 
67.000000 	0.655978  	1.165804  	-0.421510 
68.000000 	0.625302  	1.184715  	-0.424664 
69.000000 	0.594873  	1.201533  	-0.427921 
70.000000 	0.564511  	1.217781  	-0.431206 
71.000000 	0.534148  	1.234029  	-0.434492 
72.000000 	0.503786  	1.250277  	-0.437777 
73.000000 	0.473672  	1.265229  	-0.441101 
74.000000 	0.443887  	1.278453  	-0.444477 
75.000000 	0.414102  	1.291677  	-0.447853 
76.000000 	0.384317  	1.304901  	-0.451229 
77.000000 	0.354599  	1.317888  	-0.454600 
78.000000 	0.325758  	1.327797  	-0.457895 
79.000000 	0.296916  	1.337706  	-0.461191 
80.000000 	0.268074  	1.347615  	-0.464487 
81.000000 	0.239232  	1.357524  	-0.467782 
82.000000 	0.211382  	1.364912  	-0.470941 
83.000000 	0.183928  	1.371292  	-0.474044 
84.000000 	0.156474  	1.377672  	-0.477147 
85.000000 	0.129021  	1.384053  	-0.480251 
86.000000 	0.102243  	1.389125  	-0.483354 
87.000000 	0.076682  	1.391844  	-0.486457 
88.000000 	0.051122  	1.394563  	-0.489561 
89.000000 	0.025561  	1.397281  	-0.492664 
90.000000 	0.000000  	1.400000  	-0.495767 
91.000000 	-0.017893 	1.397281  	-0.497181 
92.000000 	-0.035785 	1.394563  	-0.498595 
93.000000 	-0.053678 	1.391844  	-0.500009 
94.000000 	-0.071570 	1.389125  	-0.501423 
95.000000 	-0.090315 	1.384053  	-0.502837 
96.000000 	-0.109532 	1.377672  	-0.504251 
97.000000 	-0.128750 	1.371292  	-0.505665 
98.000000 	-0.147967 	1.364912  	-0.507078 
99.000000 	-0.167462 	1.357524  	-0.508263 
100.000000	-0.187652 	1.347615  	-0.508874 
101.000000	-0.207841 	1.337706  	-0.509486 
102.000000	-0.228030 	1.327797  	-0.510097 
103.000000	-0.248220 	1.317888  	-0.510708 
104.000000	-0.269022 	1.304901  	-0.511008 
105.000000	-0.289871 	1.291677  	-0.511283 
106.000000	-0.310721 	1.278453  	-0.511558 
107.000000	-0.331570 	1.265229  	-0.511834 
108.000000	-0.352650 	1.250277  	-0.512062 
109.000000	-0.373904 	1.234029  	-0.512255 
110.000000	-0.395157 	1.217781  	-0.512448 
111.000000	-0.416411 	1.201533  	-0.512641 
112.000000	-0.437711 	1.184715  	-0.512808 
113.000000	-0.459184 	1.165804  	-0.512882 
114.000000	-0.480657 	1.146893  	-0.512957 
115.000000	-0.502130 	1.127983  	-0.513031 
116.000000	-0.523603 	1.109072  	-0.513105 
117.000000	-0.545185 	1.088241  	-0.513303 
118.000000	-0.566784 	1.067090  	-0.513521 
119.000000	-0.588384 	1.045939  	-0.513740 
120.000000	-0.609983 	1.024788  	-0.513958 
121.000000	-0.631657 	1.002755  	-0.514733 
122.000000	-0.653407 	0.979839  	-0.516064 
123.000000	-0.675157 	0.956924  	-0.517395 
124.000000	-0.696906 	0.934008  	-0.518726 
125.000000	-0.718702 	0.910914  	-0.520058 
126.000000	-0.740778 	0.886750  	-0.521389 
127.000000	-0.762853 	0.862586  	-0.522720 
128.000000	-0.784928 	0.838422  	-0.524051 
129.000000	-0.807004 	0.814257  	-0.525382 
130.000000	-0.829632 	0.789541  	-0.529185 
131.000000	-0.852411 	0.764675  	-0.533663 
132.000000	-0.875190 	0.739808  	-0.538140 
133.000000	-0.897969 	0.714942  	-0.542618 
134.000000	-0.921332 	0.690015  	-0.547392 
135.000000	-0.945475 	0.665009  	-0.552561 
136.000000	-0.969617 	0.640003  	-0.557731 
137.000000	-0.993759 	0.614997  	-0.562901 
138.000000	-1.018075 	0.590021  	-0.568420 
139.000000	-1.044653 	0.565442  	-0.578488 
140.000000	-1.071230 	0.540864  	-0.588556 
141.000000	-1.097808 	0.516285  	-0.598624 
142.000000	-1.124385 	0.491706  	-0.608691 
143.000000	-1.153928 	0.467831  	-0.621930 
144.000000	-1.184656 	0.444237  	-0.636437 
145.000000	-1.215384 	0.420644  	-0.650943 
146.000000	-1.246112 	0.397050  	-0.665450 
147.000000	-1.279322 	0.374000  	-0.678213 
148.000000	-1.316999 	0.351927  	-0.687835 
149.000000	-1.354676 	0.329855  	-0.697458 
150.000000	-1.392353 	0.307782  	-0.707081 
151.000000	-1.430030 	0.285710  	-0.716703 
152.000000	-1.380719 	0.265069  	-0.709929 
153.000000	-1.331407 	0.244427  	-0.703155 
154.000000	-1.282096 	0.224779  	-0.696381 
155.000000	-1.232784 	0.205207  	-0.689607 
156.000000	-1.183473 	0.186638  	-0.682833 
157.000000	-1.134162 	0.168237  	-0.676060 
158.000000	-1.084850 	0.150829  	-0.669286 
159.000000	-1.035539 	0.133693  	-0.662512 
160.000000	-0.986228 	0.117523  	-0.651620 
161.000000	-0.936916 	0.101740  	-0.639080 
162.000000	-0.887605 	0.086879  	-0.624590 
163.000000	-0.838293 	0.072530  	-0.609016 
164.000000	-0.788982 	0.059044  	-0.593443 
165.000000	-0.739671 	0.046204  	-0.577869 
166.000000	-0.690359 	0.034152  	-0.562295 
167.000000	-0.641048 	0.022887  	-0.546721 
168.000000	-0.591737 	0.013253  	-0.531148 
169.000000	-0.542425 	0.005795  	-0.515574 
170.000000	-0.493114 	0.001000  	-0.489825 
171.000000	-0.443802 	0.001000  	-0.445760 
172.000000	-0.394491 	0.001000  	-0.400000 
173.000000	-0.345180 	0.001000  	-0.350000 
174.000000	-0.295868 	0.001000  	-0.300000 
175.000000	-0.246557 	0.001000  	-0.250000 
176.000000	-0.197246 	0.001000  	-0.200000 
177.000000	-0.147934 	0.001000  	-0.150000 
178.000000	-0.098623 	0.001000  	-0.100000 
179.000000	-0.049311 	0.001000  	-0.050000 
180.000000	0.000000  	0.001000  	0.000000  
! ------------------------------------------------------------------------------
! data for table	4         
! ------------------------------------------------------------------------------
  0.500000  	Re           ! Reynolds number in millions
  0.000000  	UserProp     ! User property (control) setting
Flase           InclUAdata   ! Is unsteady aerodynamics data included in this table? If TRUE, then include UA coefficients below this line. Any missing coefficients will be calculated internally.
! Table of aerodynamics coefficients
  361       	NumAlf       ! Number of data lines in the following table
!Alpha      Cl          Cd          Cm/Cp
!(deg)      (-)         (-)         (-)
-180.000000	0.000000  	0.001000  	0.000000  
-179.000000	0.049326  	0.001000  	0.040000  
-178.000000	0.098652  	0.001000  	0.080000  
-177.000000	0.147978  	0.001000  	0.120000  
-176.000000	0.197303  	0.001000  	0.160000  
-175.000000	0.246629  	0.001000  	0.200000  
-174.000000	0.295955  	0.001000  	0.240000  
-173.000000	0.345281  	0.001000  	0.280000  
-172.000000	0.394607  	0.001000  	0.320000  
-171.000000	0.443933  	0.001000  	0.358251  
-170.000000	0.493259  	0.001000  	0.395803  
-169.000000	0.542584  	0.006349  	0.425801  
-168.000000	0.591910  	0.014670  	0.451602  
-167.000000	0.641236  	0.024669  	0.477402  
-166.000000	0.690562  	0.035927  	0.503203  
-165.000000	0.739888  	0.047971  	0.529004  
-164.000000	0.789214  	0.060802  	0.554805  
-163.000000	0.838540  	0.074280  	0.580605  
-162.000000	0.887866  	0.088618  	0.606406  
-161.000000	0.937191  	0.103469  	0.629864  
-160.000000	0.986517  	0.119242  	0.649104  
-159.000000	1.035843  	0.135400  	0.664783  
-158.000000	1.085169  	0.152525  	0.671558  
-157.000000	1.134495  	0.169921  	0.678333  
-156.000000	1.183821  	0.188309  	0.685108  
-155.000000	1.233147  	0.206865  	0.691883  
-154.000000	1.282472  	0.226423  	0.698658  
-153.000000	1.331798  	0.246057  	0.705433  
-152.000000	1.381124  	0.266684  	0.712208  
-151.000000	1.430450  	0.287310  	0.718983  
-150.000000	1.392754  	0.309366  	0.709349  
-149.000000	1.355058  	0.331422  	0.699716  
-148.000000	1.317363  	0.353478  	0.690082  
-147.000000	1.279667  	0.375534  	0.680448  
-146.000000	1.246440  	0.398566  	0.667673  
-145.000000	1.215697  	0.422141  	0.653152  
-144.000000	1.184954  	0.445716  	0.638630  
-143.000000	1.154211  	0.469291  	0.624109  
-142.000000	1.124654  	0.493147  	0.610857  
-141.000000	1.098064  	0.517706  	0.600777  
-140.000000	1.071475  	0.542264  	0.590696  
-139.000000	1.044885  	0.566822  	0.580616  
-138.000000	1.018295  	0.591381  	0.570536  
-137.000000	0.993969  	0.616334  	0.565007  
-136.000000	0.969816  	0.641318  	0.559827  
-135.000000	0.945664  	0.666302  	0.554648  
-134.000000	0.921511  	0.691286  	0.549468  
-133.000000	0.898139  	0.716189  	0.544684  
-132.000000	0.875351  	0.741032  	0.540197  
-131.000000	0.852564  	0.765874  	0.535710  
-130.000000	0.829776  	0.790717  	0.531222  
-129.000000	0.807140  	0.815409  	0.527409  
-128.000000	0.785057  	0.839547  	0.526069  
-127.000000	0.762974  	0.863686  	0.524728  
-126.000000	0.740892  	0.887824  	0.523388  
-125.000000	0.718809  	0.911963  	0.522047  
-124.000000	0.697007  	0.935030  	0.520707  
-123.000000	0.675251  	0.957919  	0.519366  
-122.000000	0.653496  	0.980808  	0.518025  
-121.000000	0.631740  	1.003697  	0.516685  
-120.000000	0.610060  	1.025703  	0.515900  
-119.000000	0.588456  	1.046826  	0.515672  
-118.000000	0.566851  	1.067948  	0.515444  
-117.000000	0.545247  	1.089071  	0.515216  
-116.000000	0.523660  	1.109874  	0.515008  
-115.000000	0.502183  	1.128755  	0.514924  
-114.000000	0.480706  	1.147637  	0.514840  
-113.000000	0.459229  	1.166519  	0.514756  
-112.000000	0.437752  	1.185400  	0.514672  
-111.000000	0.416448  	1.202189  	0.514494  
-110.000000	0.395191  	1.218407  	0.514291  
-109.000000	0.373934  	1.234624  	0.514088  
-108.000000	0.352677  	1.250842  	0.513885  
-107.000000	0.331594  	1.265764  	0.513647  
-106.000000	0.310742  	1.278957  	0.513361  
-105.000000	0.289890  	1.292150  	0.513075  
-104.000000	0.269038  	1.305343  	0.512790  
-103.000000	0.248233  	1.318299  	0.512480  
-102.000000	0.228042  	1.328177  	0.511859  
-101.000000	0.207851  	1.338055  	0.511237  
-100.000000	0.187660  	1.347932  	0.510616  
-99.000000	0.167469  	1.357810  	0.509994  
-98.000000	0.147973  	1.365167  	0.508799  
-97.000000	0.128754  	1.371515  	0.507376  
-96.000000	0.109535  	1.377864  	0.505952  
-95.000000	0.090317  	1.384212  	0.504528  
-94.000000	0.071572  	1.389253  	0.503104  
-93.000000	0.053679  	1.391939  	0.501680  
-92.000000	0.035786  	1.394626  	0.500256  
-91.000000	0.017893  	1.397313  	0.498832  
-90.000000	0.000000  	1.400000  	0.497408  
-89.000000	-0.017893 	1.397313  	0.493986  
-88.000000	-0.035786 	1.394626  	0.490565  
-87.000000	-0.053679 	1.391939  	0.487143  
-86.000000	-0.071572 	1.389253  	0.483721  
-85.000000	-0.090317 	1.384212  	0.480299  
-84.000000	-0.109535 	1.377864  	0.476877  
-83.000000	-0.128754 	1.371515  	0.473455  
-82.000000	-0.147973 	1.365167  	0.470033  
-81.000000	-0.167469 	1.357810  	0.466438  
-80.000000	-0.187660 	1.347932  	0.462409  
-79.000000	-0.207851 	1.338055  	0.458380  
-78.000000	-0.228042 	1.328177  	0.454351  
-77.000000	-0.248233 	1.318299  	0.450322  
-76.000000	-0.269038 	1.305343  	0.446057  
-75.000000	-0.289890 	1.292150  	0.441774  
-74.000000	-0.310742 	1.278957  	0.437491  
-73.000000	-0.331594 	1.265764  	0.433208  
-72.000000	-0.352677 	1.250842  	0.428892  
-71.000000	-0.373934 	1.234624  	0.424552  
-70.000000	-0.395191 	1.218407  	0.420211  
-69.000000	-0.416448 	1.202189  	0.415871  
-68.000000	-0.437752 	1.185400  	0.411513  
-67.000000	-0.459229 	1.166519  	0.407090  
-66.000000	-0.480706 	1.147637  	0.402667  
-65.000000	-0.502183 	1.128755  	0.398244  
-64.000000	-0.523660 	1.109874  	0.393821  
-63.000000	-0.545247 	1.089071  	0.389435  
-62.000000	-0.566851 	1.067948  	0.385054  
-61.000000	-0.588456 	1.046826  	0.380674  
-60.000000	-0.610060 	1.025703  	0.376294  
-59.000000	-0.631740 	1.003697  	0.372078  
-58.000000	-0.653496 	0.980808  	0.368026  
-57.000000	-0.675251 	0.957919  	0.363975  
-56.000000	-0.697007 	0.935030  	0.359923  
-55.000000	-0.718809 	0.911963  	0.355871  
-54.000000	-0.740892 	0.887824  	0.351820  
-53.000000	-0.762974 	0.863686  	0.347768  
-52.000000	-0.785057 	0.839547  	0.343717  
-51.000000	-0.807140 	0.815409  	0.339665  
-50.000000	-0.829776 	0.790717  	0.335862  
-49.000000	-0.852564 	0.765874  	0.332126  
-48.000000	-0.875351 	0.741032  	0.328390  
-47.000000	-0.898139 	0.716189  	0.324654  
-46.000000	-0.921511 	0.691286  	0.320948  
-45.000000	-0.945664 	0.666302  	0.317282  
-44.000000	-0.969816 	0.641318  	0.313615  
-43.000000	-0.993969 	0.616334  	0.309949  
-42.000000	-1.018295 	0.591381  	0.306235  
-41.000000	-1.044885 	0.566822  	0.301897  
-40.000000	-1.071475 	0.542264  	0.297559  
-39.000000	-1.098064 	0.517706  	0.293220  
-38.000000	-1.124654 	0.493147  	0.288882  
-37.000000	-1.154211 	0.469291  	0.284109  
-36.000000	-1.184954 	0.445716  	0.279162  
-35.000000	-1.215697 	0.422141  	0.274215  
-34.000000	-1.246440 	0.398566  	0.269268  
-33.000000	-1.279667 	0.375534  	0.263654  
-32.000000	-1.317363 	0.353478  	0.256840  
-31.000000	-1.355058 	0.331422  	0.250026  
-30.000000	-1.392754 	0.309366  	0.243211  
-29.000000	-1.430450 	0.287310  	0.236397  
-28.000000	-1.388121 	0.273709  	0.223314  
-27.000000	-1.345792 	0.260109  	0.210231  
-26.000000	-1.303463 	0.246508  	0.197148  
-25.000000	-1.261134 	0.232908  	0.184064  
-24.000000	-1.218805 	0.219307  	0.170981  
-23.000000	-1.176476 	0.205707  	0.157898  
-22.000000	-1.134147 	0.192106  	0.144815  
-21.000000	-1.091818 	0.178506  	0.131732  
-20.000000	-1.049489 	0.164905  	0.119033  
-19.000000	-1.007161 	0.151305  	0.106784  
-18.000000	-0.964832 	0.137704  	0.094919  
-17.000000	-0.922503 	0.124104  	0.083054  
-16.000000	-0.880174 	0.110503  	0.071189  
-15.000000	-0.837845 	0.096903  	0.059324  
-14.000000	-0.795516 	0.083302  	0.047459  
-13.000000	-0.753187 	0.069702  	0.035595  
-12.000000	-0.710858 	0.056101  	-0.002402 
-11.000000	-0.668529 	0.042501  	-0.050851 
-10.000000	-0.626200 	0.028900  	-0.099300 
-9.000000 	-0.419800 	0.026330  	-0.124100 
-8.000000 	-0.284000 	0.026490  	-0.131500 
-7.000000 	-0.146500 	0.026480  	-0.139500 
-6.000000 	-0.010400 	0.026650  	-0.146800 
-5.000000 	0.128100  	0.026760  	-0.154900 
-4.000000 	0.263800  	0.026970  	-0.162000 
-3.000000 	0.400300  	0.027190  	-0.169300 
-2.000000 	0.534900  	0.027500  	-0.176100 
-1.000000 	0.668900  	0.027830  	-0.182600 
0.000000  	0.802100  	0.028250  	-0.188900 
1.000000  	0.932900  	0.028690  	-0.194600 
2.000000  	1.063000  	0.029170  	-0.200000 
3.000000  	1.191600  	0.029750  	-0.205100 
4.000000  	1.317600  	0.030440  	-0.209600 
5.000000  	1.441500  	0.031190  	-0.213600 
6.000000  	1.563400  	0.032070  	-0.217200 
7.000000  	1.681900  	0.033090  	-0.220000 
8.000000  	1.796400  	0.034260  	-0.222000 
9.000000  	1.906100  	0.035700  	-0.223100 
10.000000 	2.004300  	0.037690  	-0.221800 
11.000000 	2.089700  	0.040350  	-0.218100 
12.000000 	2.103200  	0.047350  	-0.200800 
13.000000 	2.101300  	0.057840  	-0.185900 
14.000000 	2.084000  	0.072040  	-0.175000 
15.000000 	2.055100  	0.088950  	-0.168100 
16.000000 	2.026200  	0.106550  	-0.164800 
17.000000 	2.000900  	0.124110  	-0.164800 
18.000000 	1.991000  	0.140050  	-0.167500 
19.000000 	1.983800  	0.155660  	-0.172000 
20.000000 	1.979100  	0.171050  	-0.178500 
21.000000 	1.984800  	0.184720  	-0.185700 
22.000000 	1.991500  	0.198270  	-0.194100 
23.000000 	1.998100  	0.211730  	-0.203600 
24.000000 	2.005000  	0.225060  	-0.214200 
25.000000 	2.013000  	0.238040  	-0.225500 
26.000000 	2.019500  	0.251060  	-0.237900 
27.000000 	2.026100  	0.263830  	-0.251000 
28.000000 	2.033700  	0.276020  	-0.264400 
29.000000 	2.043500  	0.287310  	-0.277900 
30.000000 	1.989649  	0.309366  	-0.284613 
31.000000 	1.935798  	0.331422  	-0.291326 
32.000000 	1.881947  	0.353478  	-0.298038 
33.000000 	1.828095  	0.375534  	-0.304751 
34.000000 	1.780629  	0.398566  	-0.310767 
35.000000 	1.736710  	0.422141  	-0.316395 
36.000000 	1.692791  	0.445716  	-0.322024 
37.000000 	1.648872  	0.469291  	-0.327652 
38.000000 	1.606649  	0.493147  	-0.332908 
39.000000 	1.568663  	0.517706  	-0.337232 
40.000000 	1.530678  	0.542264  	-0.341556 
41.000000 	1.492693  	0.566822  	-0.345880 
42.000000 	1.454708  	0.591381  	-0.350203 
43.000000 	1.419955  	0.616334  	-0.353191 
44.000000 	1.385452  	0.641318  	-0.356075 
45.000000 	1.350948  	0.666302  	-0.358959 
46.000000 	1.316445  	0.691286  	-0.361844 
47.000000 	1.283055  	0.716189  	-0.364718 
48.000000 	1.250502  	0.741032  	-0.367583 
49.000000 	1.217948  	0.765874  	-0.370449 
50.000000 	1.185394  	0.790717  	-0.373314 
51.000000 	1.153056  	0.815409  	-0.376162 
52.000000 	1.121510  	0.839547  	-0.378942 
53.000000 	1.089964  	0.863686  	-0.381723 
54.000000 	1.058417  	0.887824  	-0.384503 
55.000000 	1.026871  	0.911963  	-0.387284 
56.000000 	0.995724  	0.935030  	-0.390064 
57.000000 	0.964645  	0.957919  	-0.392844 
58.000000 	0.933565  	0.980808  	-0.395625 
59.000000 	0.902486  	1.003697  	-0.398405 
60.000000 	0.871514  	1.025703  	-0.401350 
61.000000 	0.840651  	1.046826  	-0.404460 
62.000000 	0.809787  	1.067948  	-0.407570 
63.000000 	0.778924  	1.089071  	-0.410680 
64.000000 	0.748086  	1.109874  	-0.413795 
65.000000 	0.717405  	1.128755  	-0.416948 
66.000000 	0.686723  	1.147637  	-0.420100 
67.000000 	0.656041  	1.166519  	-0.423253 
68.000000 	0.625360  	1.185400  	-0.426405 
69.000000 	0.594925  	1.202189  	-0.429660 
70.000000 	0.564558  	1.218407  	-0.432942 
71.000000 	0.534192  	1.234624  	-0.436224 
72.000000 	0.503825  	1.250842  	-0.439506 
73.000000 	0.473706  	1.265764  	-0.442827 
74.000000 	0.443917  	1.278957  	-0.446199 
75.000000 	0.414129  	1.292150  	-0.449571 
76.000000 	0.384340  	1.305343  	-0.452943 
77.000000 	0.354619  	1.318299  	-0.456310 
78.000000 	0.325775  	1.328177  	-0.459601 
79.000000 	0.296930  	1.338055  	-0.462892 
80.000000 	0.268086  	1.347932  	-0.466183 
81.000000 	0.239242  	1.357810  	-0.469475 
82.000000 	0.211390  	1.365167  	-0.472628 
83.000000 	0.183934  	1.371515  	-0.475725 
84.000000 	0.156479  	1.377864  	-0.478823 
85.000000 	0.129024  	1.384212  	-0.481920 
86.000000 	0.102245  	1.389253  	-0.485018 
87.000000 	0.076684  	1.391939  	-0.488115 
88.000000 	0.051123  	1.394626  	-0.491213 
89.000000 	0.025561  	1.397313  	-0.494311 
90.000000 	0.000000  	1.400000  	-0.497408 
91.000000 	-0.017893 	1.397313  	-0.498832 
92.000000 	-0.035786 	1.394626  	-0.500256 
93.000000 	-0.053679 	1.391939  	-0.501680 
94.000000 	-0.071572 	1.389253  	-0.503104 
95.000000 	-0.090317 	1.384212  	-0.504528 
96.000000 	-0.109535 	1.377864  	-0.505952 
97.000000 	-0.128754 	1.371515  	-0.507376 
98.000000 	-0.147973 	1.365167  	-0.508799 
99.000000 	-0.167469 	1.357810  	-0.509994 
100.000000	-0.187660 	1.347932  	-0.510616 
101.000000	-0.207851 	1.338055  	-0.511237 
102.000000	-0.228042 	1.328177  	-0.511859 
103.000000	-0.248233 	1.318299  	-0.512480 
104.000000	-0.269038 	1.305343  	-0.512790 
105.000000	-0.289890 	1.292150  	-0.513075 
106.000000	-0.310742 	1.278957  	-0.513361 
107.000000	-0.331594 	1.265764  	-0.513647 
108.000000	-0.352677 	1.250842  	-0.513885 
109.000000	-0.373934 	1.234624  	-0.514088 
110.000000	-0.395191 	1.218407  	-0.514291 
111.000000	-0.416448 	1.202189  	-0.514494 
112.000000	-0.437752 	1.185400  	-0.514672 
113.000000	-0.459229 	1.166519  	-0.514756 
114.000000	-0.480706 	1.147637  	-0.514840 
115.000000	-0.502183 	1.128755  	-0.514924 
116.000000	-0.523660 	1.109874  	-0.515008 
117.000000	-0.545247 	1.089071  	-0.515216 
118.000000	-0.566851 	1.067948  	-0.515444 
119.000000	-0.588456 	1.046826  	-0.515672 
120.000000	-0.610060 	1.025703  	-0.515900 
121.000000	-0.631740 	1.003697  	-0.516685 
122.000000	-0.653496 	0.980808  	-0.518025 
123.000000	-0.675251 	0.957919  	-0.519366 
124.000000	-0.697007 	0.935030  	-0.520707 
125.000000	-0.718809 	0.911963  	-0.522047 
126.000000	-0.740892 	0.887824  	-0.523388 
127.000000	-0.762974 	0.863686  	-0.524728 
128.000000	-0.785057 	0.839547  	-0.526069 
129.000000	-0.807140 	0.815409  	-0.527409 
130.000000	-0.829776 	0.790717  	-0.531222 
131.000000	-0.852564 	0.765874  	-0.535710 
132.000000	-0.875351 	0.741032  	-0.540197 
133.000000	-0.898139 	0.716189  	-0.544684 
134.000000	-0.921511 	0.691286  	-0.549468 
135.000000	-0.945664 	0.666302  	-0.554648 
136.000000	-0.969816 	0.641318  	-0.559827 
137.000000	-0.993969 	0.616334  	-0.565007 
138.000000	-1.018295 	0.591381  	-0.570536 
139.000000	-1.044885 	0.566822  	-0.580616 
140.000000	-1.071475 	0.542264  	-0.590696 
141.000000	-1.098064 	0.517706  	-0.600777 
142.000000	-1.124654 	0.493147  	-0.610857 
143.000000	-1.154211 	0.469291  	-0.624109 
144.000000	-1.184954 	0.445716  	-0.638630 
145.000000	-1.215697 	0.422141  	-0.653152 
146.000000	-1.246440 	0.398566  	-0.667673 
147.000000	-1.279667 	0.375534  	-0.680448 
148.000000	-1.317363 	0.353478  	-0.690082 
149.000000	-1.355058 	0.331422  	-0.699716 
150.000000	-1.392754 	0.309366  	-0.709349 
151.000000	-1.430450 	0.287310  	-0.718983 
152.000000	-1.381124 	0.266684  	-0.712208 
153.000000	-1.331798 	0.246057  	-0.705433 
154.000000	-1.282472 	0.226423  	-0.698658 
155.000000	-1.233147 	0.206865  	-0.691883 
156.000000	-1.183821 	0.188309  	-0.685108 
157.000000	-1.134495 	0.169921  	-0.678333 
158.000000	-1.085169 	0.152525  	-0.671558 
159.000000	-1.035843 	0.135400  	-0.664783 
160.000000	-0.986517 	0.119242  	-0.653784 
161.000000	-0.937191 	0.103469  	-0.641095 
162.000000	-0.887866 	0.088618  	-0.626406 
163.000000	-0.838540 	0.074280  	-0.610605 
164.000000	-0.789214 	0.060802  	-0.594805 
165.000000	-0.739888 	0.047971  	-0.579004 
166.000000	-0.690562 	0.035927  	-0.563203 
167.000000	-0.641236 	0.024669  	-0.547402 
168.000000	-0.591910 	0.014670  	-0.531602 
169.000000	-0.542584 	0.006349  	-0.515801 
170.000000	-0.493259 	0.001000  	-0.489892 
171.000000	-0.443933 	0.001000  	-0.445788 
172.000000	-0.394607 	0.001000  	-0.400000 
173.000000	-0.345281 	0.001000  	-0.350000 
174.000000	-0.295955 	0.001000  	-0.300000 
175.000000	-0.246629 	0.001000  	-0.250000 
176.000000	-0.197303 	0.001000  	-0.200000 
177.000000	-0.147978 	0.001000  	-0.150000 
178.000000	-0.098652 	0.001000  	-0.100000 
179.000000	-0.049326 	0.001000  	-0.050000 
180.000000	0.000000  	0.001000  	0.000000  
! ------------------------------------------------------------------------------
! data for table	5         
! ------------------------------------------------------------------------------
  0.600000  	Re           ! Reynolds number in millions
  0.000000  	UserProp     ! User property (control) setting
Flase           InclUAdata   ! Is unsteady aerodynamics data included in this table? If TRUE, then include UA coefficients below this line. Any missing coefficients will be calculated internally.
! Table of aerodynamics coefficients
  361       	NumAlf       ! Number of data lines in the following table
!Alpha      Cl          Cd          Cm/Cp
!(deg)      (-)         (-)         (-)
-180.000000	0.000000  	0.001000  	0.000000  
-179.000000	0.049350  	0.001000  	0.040000  
-178.000000	0.098700  	0.001000  	0.080000  
-177.000000	0.148050  	0.001000  	0.120000  
-176.000000	0.197400  	0.001000  	0.160000  
-175.000000	0.246750  	0.001000  	0.200000  
-174.000000	0.296100  	0.001000  	0.240000  
-173.000000	0.345450  	0.001000  	0.280000  
-172.000000	0.394800  	0.001000  	0.320000  
-171.000000	0.444150  	0.001000  	0.358282  
-170.000000	0.493500  	0.001000  	0.395876  
-169.000000	0.542850  	0.006720  	0.426047  
-168.000000	0.592200  	0.015618  	0.452094  
-167.000000	0.641550  	0.025861  	0.478142  
-166.000000	0.690900  	0.037114  	0.504189  
-165.000000	0.740250  	0.049153  	0.530236  
-164.000000	0.789600  	0.061978  	0.556283  
-163.000000	0.838950  	0.075449  	0.582331  
-162.000000	0.888300  	0.089782  	0.608378  
-161.000000	0.937650  	0.104626  	0.632051  
-160.000000	0.987000  	0.120391  	0.651452  
-159.000000	1.036350  	0.136542  	0.667243  
-158.000000	1.085700  	0.153659  	0.674014  
-157.000000	1.135050  	0.171047  	0.680785  
-156.000000	1.184400  	0.189427  	0.687556  
-155.000000	1.233750  	0.207974  	0.694327  
-154.000000	1.283100  	0.227522  	0.701098  
-153.000000	1.332450  	0.247147  	0.707869  
-152.000000	1.381800  	0.267764  	0.714640  
-151.000000	1.431150  	0.288380  	0.721411  
-150.000000	1.393423  	0.310425  	0.711751  
-149.000000	1.355695  	0.332470  	0.702090  
-148.000000	1.317968  	0.354515  	0.692429  
-147.000000	1.280241  	0.376559  	0.682769  
-146.000000	1.246987  	0.399580  	0.669962  
-145.000000	1.216219  	0.423143  	0.655407  
-144.000000	1.185451  	0.446705  	0.640851  
-143.000000	1.154682  	0.470268  	0.626296  
-142.000000	1.125102  	0.494111  	0.613012  
-141.000000	1.098492  	0.518656  	0.602906  
-140.000000	1.071882  	0.543200  	0.592799  
-139.000000	1.045272  	0.567745  	0.582693  
-138.000000	1.018662  	0.592290  	0.572587  
-137.000000	0.994318  	0.617228  	0.567039  
-136.000000	0.970148  	0.642197  	0.561841  
-135.000000	0.945979  	0.667166  	0.556644  
-134.000000	0.921809  	0.692135  	0.551446  
-133.000000	0.898422  	0.717023  	0.546645  
-132.000000	0.875620  	0.741850  	0.542141  
-131.000000	0.852818  	0.766676  	0.537637  
-130.000000	0.830016  	0.791503  	0.533132  
-129.000000	0.807366  	0.816178  	0.529303  
-128.000000	0.785271  	0.840300  	0.527950  
-127.000000	0.763177  	0.864422  	0.526597  
-126.000000	0.741082  	0.888543  	0.525244  
-125.000000	0.718988  	0.912665  	0.523890  
-124.000000	0.697175  	0.935714  	0.522537  
-123.000000	0.675409  	0.958585  	0.521184  
-122.000000	0.653644  	0.981456  	0.519830  
-121.000000	0.631878  	1.004327  	0.518477  
-120.000000	0.610188  	1.026314  	0.517681  
-119.000000	0.588576  	1.047418  	0.517441  
-118.000000	0.566963  	1.068522  	0.517201  
-117.000000	0.545350  	1.089626  	0.516962  
-116.000000	0.523755  	1.110410  	0.516742  
-115.000000	0.502271  	1.129272  	0.516647  
-114.000000	0.480787  	1.148134  	0.516552  
-113.000000	0.459303  	1.166996  	0.516456  
-112.000000	0.437819  	1.185858  	0.516361  
-111.000000	0.416509  	1.202627  	0.516172  
-110.000000	0.395247  	1.218825  	0.515958  
-109.000000	0.373985  	1.235022  	0.515744  
-108.000000	0.352722  	1.251220  	0.515530  
-107.000000	0.331634  	1.266121  	0.515281  
-106.000000	0.310778  	1.279294  	0.514984  
-105.000000	0.289922  	1.292466  	0.514687  
-104.000000	0.269065  	1.305639  	0.514391  
-103.000000	0.248257  	1.318574  	0.514070  
-102.000000	0.228062  	1.328431  	0.513438  
-101.000000	0.207868  	1.338288  	0.512805  
-100.000000	0.187674  	1.348145  	0.512173  
-99.000000	0.167480  	1.358001  	0.511540  
-98.000000	0.147982  	1.365337  	0.510335  
-97.000000	0.128761  	1.371664  	0.508900  
-96.000000	0.109541  	1.377991  	0.507465  
-95.000000	0.090320  	1.384318  	0.506031  
-94.000000	0.071574  	1.389338  	0.504596  
-93.000000	0.053680  	1.392003  	0.503161  
-92.000000	0.035787  	1.394669  	0.501727  
-91.000000	0.017893  	1.397334  	0.500292  
-90.000000	0.000000  	1.400000  	0.498857  
-89.000000	-0.017893 	1.397334  	0.495435  
-88.000000	-0.035787 	1.394669  	0.492013  
-87.000000	-0.053680 	1.392003  	0.488591  
-86.000000	-0.071574 	1.389338  	0.485169  
-85.000000	-0.090320 	1.384318  	0.481747  
-84.000000	-0.109541 	1.377991  	0.478325  
-83.000000	-0.128761 	1.371664  	0.474903  
-82.000000	-0.147982 	1.365337  	0.471481  
-81.000000	-0.167480 	1.358001  	0.467885  
-80.000000	-0.187674 	1.348145  	0.463855  
-79.000000	-0.207868 	1.338288  	0.459826  
-78.000000	-0.228062 	1.328431  	0.455796  
-77.000000	-0.248257 	1.318574  	0.451766  
-76.000000	-0.269065 	1.305639  	0.447500  
-75.000000	-0.289922 	1.292466  	0.443216  
-74.000000	-0.310778 	1.279294  	0.438932  
-73.000000	-0.331634 	1.266121  	0.434648  
-72.000000	-0.352722 	1.251220  	0.430331  
-71.000000	-0.373985 	1.235022  	0.425989  
-70.000000	-0.395247 	1.218825  	0.421647  
-69.000000	-0.416509 	1.202627  	0.417305  
-68.000000	-0.437819 	1.185858  	0.412946  
-67.000000	-0.459303 	1.166996  	0.408520  
-66.000000	-0.480787 	1.148134  	0.404095  
-65.000000	-0.502271 	1.129272  	0.399670  
-64.000000	-0.523755 	1.110410  	0.395245  
-63.000000	-0.545350 	1.089626  	0.390856  
-62.000000	-0.566963 	1.068522  	0.386474  
-61.000000	-0.588576 	1.047418  	0.382091  
-60.000000	-0.610188 	1.026314  	0.377708  
-59.000000	-0.631878 	1.004327  	0.373489  
-58.000000	-0.653644 	0.981456  	0.369433  
-57.000000	-0.675409 	0.958585  	0.365376  
-56.000000	-0.697175 	0.935714  	0.361320  
-55.000000	-0.718988 	0.912665  	0.357264  
-54.000000	-0.741082 	0.888543  	0.353208  
-53.000000	-0.763177 	0.864422  	0.349152  
-52.000000	-0.785271 	0.840300  	0.345095  
-51.000000	-0.807366 	0.816178  	0.341039  
-50.000000	-0.830016 	0.791503  	0.337228  
-49.000000	-0.852818 	0.766676  	0.333483  
-48.000000	-0.875620 	0.741850  	0.329738  
-47.000000	-0.898422 	0.717023  	0.325993  
-46.000000	-0.921809 	0.692135  	0.322278  
-45.000000	-0.945979 	0.667166  	0.318601  
-44.000000	-0.970148 	0.642197  	0.314925  
-43.000000	-0.994318 	0.617228  	0.311249  
-42.000000	-1.018662 	0.592290  	0.307524  
-41.000000	-1.045272 	0.567745  	0.303168  
-40.000000	-1.071882 	0.543200  	0.298813  
-39.000000	-1.098492 	0.518656  	0.294457  
-38.000000	-1.125102 	0.494111  	0.290101  
-37.000000	-1.154682 	0.470268  	0.285306  
-36.000000	-1.185451 	0.446705  	0.280335  
-35.000000	-1.216219 	0.423143  	0.275364  
-34.000000	-1.246987 	0.399580  	0.270393  
-33.000000	-1.280241 	0.376559  	0.264757  
-32.000000	-1.317968 	0.354515  	0.257926  
-31.000000	-1.355695 	0.332470  	0.251094  
-30.000000	-1.393423 	0.310425  	0.244262  
-29.000000	-1.431150 	0.288380  	0.237431  
-28.000000	-1.387716 	0.274647  	0.224353  
-27.000000	-1.344282 	0.260915  	0.211275  
-26.000000	-1.300847 	0.247182  	0.198198  
-25.000000	-1.257413 	0.233449  	0.185120  
-24.000000	-1.213979 	0.219717  	0.172042  
-23.000000	-1.170545 	0.205984  	0.158964  
-22.000000	-1.127111 	0.192252  	0.145887  
-21.000000	-1.083676 	0.178519  	0.132809  
-20.000000	-1.040242 	0.164786  	0.120080  
-19.000000	-0.996808 	0.151054  	0.107758  
-18.000000	-0.953374 	0.137321  	0.095785  
-17.000000	-0.909939 	0.123588  	0.083812  
-16.000000	-0.866505 	0.109856  	0.071839  
-15.000000	-0.823071 	0.096123  	0.059866  
-14.000000	-0.779637 	0.082391  	0.047893  
-13.000000	-0.736203 	0.068658  	0.035919  
-12.000000	-0.692768 	0.054925  	-0.003554 
-11.000000	-0.649334 	0.041193  	-0.054027 
-10.000000	-0.605900 	0.027460  	-0.104500 
-9.000000 	-0.413800 	0.025670  	-0.125900 
-8.000000 	-0.278050 	0.025805  	-0.133350 
-7.000000 	-0.142300 	0.025940  	-0.140800 
-6.000000 	-0.004700 	0.026040  	-0.148600 
-5.000000 	0.132300  	0.026250  	-0.156100 
-4.000000 	0.269700  	0.026430  	-0.163700 
-3.000000 	0.405700  	0.026690  	-0.170800 
-2.000000 	0.541100  	0.026970  	-0.177800 
-1.000000 	0.675500  	0.027300  	-0.184400 
0.000000  	0.808500  	0.027660  	-0.190600 
1.000000  	0.940300  	0.028070  	-0.196500 
2.000000  	1.070500  	0.028570  	-0.202000 
3.000000  	1.198500  	0.029150  	-0.206900 
4.000000  	1.324600  	0.029810  	-0.211400 
5.000000  	1.449100  	0.030560  	-0.215600 
6.000000  	1.569600  	0.031455  	-0.218800 
7.000000  	1.690100  	0.032350  	-0.222000 
8.000000  	1.806200  	0.033450  	-0.224400 
9.000000  	1.917700  	0.034720  	-0.225700 
10.000000 	2.022500  	0.036340  	-0.225800 
11.000000 	2.108600  	0.039040  	-0.222200 
12.000000 	2.130900  	0.045410  	-0.206100 
13.000000 	2.128100  	0.055560  	-0.190000 
14.000000 	2.110800  	0.069650  	-0.178400 
15.000000 	2.081500  	0.086430  	-0.170700 
16.000000 	2.048900  	0.104420  	-0.166700 
17.000000 	2.029000  	0.121200  	-0.166200 
18.000000 	2.007800  	0.138530  	-0.168400 
19.000000 	2.004700  	0.153560  	-0.172600 
20.000000 	2.001500  	0.168540  	-0.178400 
21.000000 	2.000500  	0.183230  	-0.185700 
22.000000 	2.004550  	0.197080  	-0.194650 
23.000000 	2.008600  	0.210930  	-0.203600 
24.000000 	2.014900  	0.224260  	-0.214000 
25.000000 	2.021700  	0.237390  	-0.225300 
26.000000 	2.025300  	0.250950  	-0.237900 
27.000000 	2.031800  	0.263570  	-0.251200 
28.000000 	2.038300  	0.276190  	-0.264500 
29.000000 	2.044500  	0.288380  	-0.278700 
30.000000 	1.990604  	0.310425  	-0.285452 
31.000000 	1.936708  	0.332470  	-0.292204 
32.000000 	1.882812  	0.354515  	-0.298955 
33.000000 	1.828916  	0.376559  	-0.305707 
34.000000 	1.781410  	0.399580  	-0.311759 
35.000000 	1.737456  	0.423143  	-0.317421 
36.000000 	1.693501  	0.446705  	-0.323084 
37.000000 	1.649546  	0.470268  	-0.328747 
38.000000 	1.607289  	0.494111  	-0.334034 
39.000000 	1.569274  	0.518656  	-0.338382 
40.000000 	1.531260  	0.543200  	-0.342731 
41.000000 	1.493245  	0.567745  	-0.347080 
42.000000 	1.455231  	0.592290  	-0.351428 
43.000000 	1.420454  	0.617228  	-0.354430 
44.000000 	1.385926  	0.642197  	-0.357329 
45.000000 	1.351398  	0.667166  	-0.360228 
46.000000 	1.316871  	0.692135  	-0.363126 
47.000000 	1.283459  	0.717023  	-0.366014 
48.000000 	1.250885  	0.741850  	-0.368892 
49.000000 	1.218311  	0.766676  	-0.371771 
50.000000 	1.185737  	0.791503  	-0.374649 
51.000000 	1.153380  	0.816178  	-0.377508 
52.000000 	1.121816  	0.840300  	-0.380295 
53.000000 	1.090253  	0.864422  	-0.383082 
54.000000 	1.058689  	0.888543  	-0.385869 
55.000000 	1.027125  	0.912665  	-0.388656 
56.000000 	0.995964  	0.935714  	-0.391443 
57.000000 	0.964870  	0.958585  	-0.394230 
58.000000 	0.933776  	0.981456  	-0.397017 
59.000000 	0.902683  	1.004327  	-0.399804 
60.000000 	0.871698  	1.026314  	-0.402754 
61.000000 	0.840822  	1.047418  	-0.405867 
62.000000 	0.809947  	1.068522  	-0.408980 
63.000000 	0.779071  	1.089626  	-0.412093 
64.000000 	0.748222  	1.110410  	-0.415212 
65.000000 	0.717530  	1.129272  	-0.418368 
66.000000 	0.686839  	1.148134  	-0.421523 
67.000000 	0.656147  	1.166996  	-0.424678 
68.000000 	0.625456  	1.185858  	-0.427834 
69.000000 	0.595013  	1.202627  	-0.431090 
70.000000 	0.564638  	1.218825  	-0.434374 
71.000000 	0.534264  	1.235022  	-0.437658 
72.000000 	0.503889  	1.251220  	-0.440943 
73.000000 	0.473763  	1.266121  	-0.444265 
74.000000 	0.443968  	1.279294  	-0.447638 
75.000000 	0.414174  	1.292466  	-0.451012 
76.000000 	0.384379  	1.305639  	-0.454385 
77.000000 	0.354652  	1.318574  	-0.457753 
78.000000 	0.325804  	1.328431  	-0.461045 
79.000000 	0.296955  	1.338288  	-0.464337 
80.000000 	0.268106  	1.348145  	-0.467629 
81.000000 	0.239258  	1.358001  	-0.470921 
82.000000 	0.211402  	1.365337  	-0.474075 
83.000000 	0.183945  	1.371664  	-0.477172 
84.000000 	0.156487  	1.377991  	-0.480270 
85.000000 	0.129029  	1.384318  	-0.483368 
86.000000 	0.102249  	1.389338  	-0.486466 
87.000000 	0.076686  	1.392003  	-0.489564 
88.000000 	0.051124  	1.394669  	-0.492662 
89.000000 	0.025562  	1.397334  	-0.495759 
90.000000 	0.000000  	1.400000  	-0.498857 
91.000000 	-0.017893 	1.397334  	-0.500292 
92.000000 	-0.035787 	1.394669  	-0.501727 
93.000000 	-0.053680 	1.392003  	-0.503161 
94.000000 	-0.071574 	1.389338  	-0.504596 
95.000000 	-0.090320 	1.384318  	-0.506031 
96.000000 	-0.109541 	1.377991  	-0.507465 
97.000000 	-0.128761 	1.371664  	-0.508900 
98.000000 	-0.147982 	1.365337  	-0.510335 
99.000000 	-0.167480 	1.358001  	-0.511540 
100.000000	-0.187674 	1.348145  	-0.512173 
101.000000	-0.207868 	1.338288  	-0.512805 
102.000000	-0.228062 	1.328431  	-0.513438 
103.000000	-0.248257 	1.318574  	-0.514070 
104.000000	-0.269065 	1.305639  	-0.514391 
105.000000	-0.289922 	1.292466  	-0.514687 
106.000000	-0.310778 	1.279294  	-0.514984 
107.000000	-0.331634 	1.266121  	-0.515281 
108.000000	-0.352722 	1.251220  	-0.515530 
109.000000	-0.373985 	1.235022  	-0.515744 
110.000000	-0.395247 	1.218825  	-0.515958 
111.000000	-0.416509 	1.202627  	-0.516172 
112.000000	-0.437819 	1.185858  	-0.516361 
113.000000	-0.459303 	1.166996  	-0.516456 
114.000000	-0.480787 	1.148134  	-0.516552 
115.000000	-0.502271 	1.129272  	-0.516647 
116.000000	-0.523755 	1.110410  	-0.516742 
117.000000	-0.545350 	1.089626  	-0.516962 
118.000000	-0.566963 	1.068522  	-0.517201 
119.000000	-0.588576 	1.047418  	-0.517441 
120.000000	-0.610188 	1.026314  	-0.517681 
121.000000	-0.631878 	1.004327  	-0.518477 
122.000000	-0.653644 	0.981456  	-0.519830 
123.000000	-0.675409 	0.958585  	-0.521184 
124.000000	-0.697175 	0.935714  	-0.522537 
125.000000	-0.718988 	0.912665  	-0.523890 
126.000000	-0.741082 	0.888543  	-0.525244 
127.000000	-0.763177 	0.864422  	-0.526597 
128.000000	-0.785271 	0.840300  	-0.527950 
129.000000	-0.807366 	0.816178  	-0.529303 
130.000000	-0.830016 	0.791503  	-0.533132 
131.000000	-0.852818 	0.766676  	-0.537637 
132.000000	-0.875620 	0.741850  	-0.542141 
133.000000	-0.898422 	0.717023  	-0.546645 
134.000000	-0.921809 	0.692135  	-0.551446 
135.000000	-0.945979 	0.667166  	-0.556644 
136.000000	-0.970148 	0.642197  	-0.561841 
137.000000	-0.994318 	0.617228  	-0.567039 
138.000000	-1.018662 	0.592290  	-0.572587 
139.000000	-1.045272 	0.567745  	-0.582693 
140.000000	-1.071882 	0.543200  	-0.592799 
141.000000	-1.098492 	0.518656  	-0.602906 
142.000000	-1.125102 	0.494111  	-0.613012 
143.000000	-1.154682 	0.470268  	-0.626296 
144.000000	-1.185451 	0.446705  	-0.640851 
145.000000	-1.216219 	0.423143  	-0.655407 
146.000000	-1.246987 	0.399580  	-0.669962 
147.000000	-1.280241 	0.376559  	-0.682769 
148.000000	-1.317968 	0.354515  	-0.692429 
149.000000	-1.355695 	0.332470  	-0.702090 
150.000000	-1.393423 	0.310425  	-0.711751 
151.000000	-1.431150 	0.288380  	-0.721411 
152.000000	-1.381800 	0.267764  	-0.714640 
153.000000	-1.332450 	0.247147  	-0.707869 
154.000000	-1.283100 	0.227522  	-0.701098 
155.000000	-1.233750 	0.207974  	-0.694327 
156.000000	-1.184400 	0.189427  	-0.687556 
157.000000	-1.135050 	0.171047  	-0.680785 
158.000000	-1.085700 	0.153659  	-0.674014 
159.000000	-1.036350 	0.136542  	-0.667243 
160.000000	-0.987000 	0.120391  	-0.656131 
161.000000	-0.937650 	0.104626  	-0.643283 
162.000000	-0.888300 	0.089782  	-0.628378 
163.000000	-0.838950 	0.075449  	-0.612331 
164.000000	-0.789600 	0.061978  	-0.596283 
165.000000	-0.740250 	0.049153  	-0.580236 
166.000000	-0.690900 	0.037114  	-0.564189 
167.000000	-0.641550 	0.025861  	-0.548142 
168.000000	-0.592200 	0.015618  	-0.532094 
169.000000	-0.542850 	0.006720  	-0.516047 
170.000000	-0.493500 	0.001000  	-0.489965 
171.000000	-0.444150 	0.001000  	-0.445819 
172.000000	-0.394800 	0.001000  	-0.400000 
173.000000	-0.345450 	0.001000  	-0.350000 
174.000000	-0.296100 	0.001000  	-0.300000 
175.000000	-0.246750 	0.001000  	-0.250000 
176.000000	-0.197400 	0.001000  	-0.200000 
177.000000	-0.148050 	0.001000  	-0.150000 
178.000000	-0.098700 	0.001000  	-0.100000 
179.000000	-0.049350 	0.001000  	-0.050000 
180.000000	0.000000  	0.001000  	0.000000  
! ------------------------------------------------------------------------------
! data for table	6         
! ------------------------------------------------------------------------------
  0.700000  	Re           ! Reynolds number in millions
  0.000000  	UserProp     ! User property (control) setting
Flase           InclUAdata   ! Is unsteady aerodynamics data included in this table? If TRUE, then include UA coefficients below this line. Any missing coefficients will be calculated internally.
! Table of aerodynamics coefficients
  361       	NumAlf       ! Number of data lines in the following table
!Alpha      Cl          Cd          Cm/Cp
!(deg)      (-)         (-)         (-)
-180.000000	0.000000  	0.001000  	0.000000  
-179.000000	0.049408  	0.001000  	0.040000  
-178.000000	0.098816  	0.001000  	0.080000  
-177.000000	0.148224  	0.001000  	0.120000  
-176.000000	0.197632  	0.001000  	0.160000  
-175.000000	0.247040  	0.001000  	0.200000  
-174.000000	0.296448  	0.001000  	0.240000  
-173.000000	0.345856  	0.001000  	0.280000  
-172.000000	0.395263  	0.001000  	0.320000  
-171.000000	0.444671  	0.001000  	0.358311  
-170.000000	0.494079  	0.001000  	0.395946  
-169.000000	0.543487  	0.006786  	0.426282  
-168.000000	0.592895  	0.015786  	0.452565  
-167.000000	0.642303  	0.026073  	0.478847  
-166.000000	0.691711  	0.037324  	0.505130  
-165.000000	0.741119  	0.049362  	0.531412  
-164.000000	0.790527  	0.062187  	0.557695  
-163.000000	0.839935  	0.075657  	0.583977  
-162.000000	0.889343  	0.089988  	0.610260  
-161.000000	0.938751  	0.104831  	0.634138  
-160.000000	0.988159  	0.120595  	0.653690  
-159.000000	1.037567  	0.136745  	0.669588  
-158.000000	1.086974  	0.153861  	0.676353  
-157.000000	1.136382  	0.171247  	0.683117  
-156.000000	1.185790  	0.189625  	0.689881  
-155.000000	1.235198  	0.208171  	0.696645  
-154.000000	1.284606  	0.227718  	0.703409  
-153.000000	1.334014  	0.247341  	0.710173  
-152.000000	1.383422  	0.267955  	0.716937  
-151.000000	1.432830  	0.288570  	0.723701  
-150.000000	1.395027  	0.310613  	0.713993  
-149.000000	1.357224  	0.332656  	0.704285  
-148.000000	1.319422  	0.354699  	0.694577  
-147.000000	1.281619  	0.376741  	0.684869  
-146.000000	1.248300  	0.399760  	0.672007  
-145.000000	1.217471  	0.423320  	0.657392  
-144.000000	1.186643  	0.446881  	0.642777  
-143.000000	1.155815  	0.470441  	0.628163  
-142.000000	1.126177  	0.494282  	0.614824  
-141.000000	1.099518  	0.518825  	0.604672  
-140.000000	1.072859  	0.543367  	0.594521  
-139.000000	1.046200  	0.567909  	0.584370  
-138.000000	1.019541  	0.592451  	0.574219  
-137.000000	0.995156  	0.617387  	0.568641  
-136.000000	0.970945  	0.642354  	0.563415  
-135.000000	0.946735  	0.667320  	0.558189  
-134.000000	0.922525  	0.692286  	0.552964  
-133.000000	0.899100  	0.717171  	0.548135  
-132.000000	0.876264  	0.741995  	0.543605  
-131.000000	0.853428  	0.766819  	0.539074  
-130.000000	0.830592  	0.791642  	0.534544  
-129.000000	0.807909  	0.816315  	0.530691  
-128.000000	0.785786  	0.840434  	0.529321  
-127.000000	0.763662  	0.864552  	0.527952  
-126.000000	0.741539  	0.888671  	0.526582  
-125.000000	0.719416  	0.912789  	0.525213  
-124.000000	0.697578  	0.935836  	0.523844  
-123.000000	0.675788  	0.958703  	0.522474  
-122.000000	0.653998  	0.981571  	0.521105  
-121.000000	0.632208  	1.004439  	0.519735  
-120.000000	0.610497  	1.026423  	0.518925  
-119.000000	0.588864  	1.047523  	0.518674  
-118.000000	0.567230  	1.068624  	0.518423  
-117.000000	0.545597  	1.089725  	0.518172  
-116.000000	0.523983  	1.110505  	0.517941  
-115.000000	0.502482  	1.129364  	0.517835  
-114.000000	0.480982  	1.148222  	0.517729  
-113.000000	0.459481  	1.167081  	0.517623  
-112.000000	0.437981  	1.185940  	0.517517  
-111.000000	0.416657  	1.202705  	0.517318  
-110.000000	0.395381  	1.218899  	0.517094  
-109.000000	0.374106  	1.235093  	0.516871  
-108.000000	0.352830  	1.251287  	0.516647  
-107.000000	0.331730  	1.266185  	0.516388  
-106.000000	0.310863  	1.279354  	0.516083  
-105.000000	0.289997  	1.292522  	0.515777  
-104.000000	0.269131  	1.305691  	0.515472  
-103.000000	0.248312  	1.318623  	0.515143  
-102.000000	0.228111  	1.328476  	0.514502  
-101.000000	0.207910  	1.338329  	0.513861  
-100.000000	0.187708  	1.348182  	0.513220  
-99.000000	0.167507  	1.358035  	0.512579  
-98.000000	0.148003  	1.365367  	0.511365  
-97.000000	0.128779  	1.371691  	0.509922  
-96.000000	0.109554  	1.378014  	0.508479  
-95.000000	0.090329  	1.384337  	0.507037  
-94.000000	0.071580  	1.389353  	0.505594  
-93.000000	0.053685  	1.392015  	0.504151  
-92.000000	0.035790  	1.394677  	0.502708  
-91.000000	0.017895  	1.397338  	0.501265  
-90.000000	0.000000  	1.400000  	0.499822  
-89.000000	-0.017895 	1.397338  	0.496394  
-88.000000	-0.035790 	1.394677  	0.492966  
-87.000000	-0.053685 	1.392015  	0.489538  
-86.000000	-0.071580 	1.389353  	0.486110  
-85.000000	-0.090329 	1.384337  	0.482682  
-84.000000	-0.109554 	1.378014  	0.479254  
-83.000000	-0.128779 	1.371691  	0.475826  
-82.000000	-0.148003 	1.365367  	0.472398  
-81.000000	-0.167507 	1.358035  	0.468797  
-80.000000	-0.187708 	1.348182  	0.464761  
-79.000000	-0.207910 	1.338329  	0.460726  
-78.000000	-0.228111 	1.328476  	0.456691  
-77.000000	-0.248312 	1.318623  	0.452656  
-76.000000	-0.269131 	1.305691  	0.448385  
-75.000000	-0.289997 	1.292522  	0.444096  
-74.000000	-0.310863 	1.279354  	0.439807  
-73.000000	-0.331730 	1.266185  	0.435518  
-72.000000	-0.352830 	1.251287  	0.431196  
-71.000000	-0.374106 	1.235093  	0.426849  
-70.000000	-0.395381 	1.218899  	0.422502  
-69.000000	-0.416657 	1.202705  	0.418156  
-68.000000	-0.437981 	1.185940  	0.413791  
-67.000000	-0.459481 	1.167081  	0.409362  
-66.000000	-0.480982 	1.148222  	0.404933  
-65.000000	-0.502482 	1.129364  	0.400504  
-64.000000	-0.523983 	1.110505  	0.396074  
-63.000000	-0.545597 	1.089725  	0.391681  
-62.000000	-0.567230 	1.068624  	0.387294  
-61.000000	-0.588864 	1.047523  	0.382907  
-60.000000	-0.610497 	1.026423  	0.378520  
-59.000000	-0.632208 	1.004439  	0.374296  
-58.000000	-0.653998 	0.981571  	0.370235  
-57.000000	-0.675788 	0.958703  	0.366175  
-56.000000	-0.697578 	0.935836  	0.362114  
-55.000000	-0.719416 	0.912789  	0.358053  
-54.000000	-0.741539 	0.888671  	0.353992  
-53.000000	-0.763662 	0.864552  	0.349931  
-52.000000	-0.785786 	0.840434  	0.345870  
-51.000000	-0.807909 	0.816315  	0.341810  
-50.000000	-0.830592 	0.791642  	0.337990  
-49.000000	-0.853428 	0.766819  	0.334237  
-48.000000	-0.876264 	0.741995  	0.330483  
-47.000000	-0.899100 	0.717171  	0.326730  
-46.000000	-0.922525 	0.692286  	0.323005  
-45.000000	-0.946735 	0.667320  	0.319319  
-44.000000	-0.970945 	0.642354  	0.315633  
-43.000000	-0.995156 	0.617387  	0.311947  
-42.000000	-1.019541 	0.592451  	0.308212  
-41.000000	-1.046200 	0.567909  	0.303837  
-40.000000	-1.072859 	0.543367  	0.299462  
-39.000000	-1.099518 	0.518825  	0.295087  
-38.000000	-1.126177 	0.494282  	0.290713  
-37.000000	-1.155815 	0.470441  	0.285892  
-36.000000	-1.186643 	0.446881  	0.280893  
-35.000000	-1.217471 	0.423320  	0.275893  
-34.000000	-1.248300 	0.399760  	0.270894  
-33.000000	-1.281619 	0.376741  	0.265233  
-32.000000	-1.319422 	0.354699  	0.258382  
-31.000000	-1.357224 	0.332656  	0.251530  
-30.000000	-1.395027 	0.310613  	0.244678  
-29.000000	-1.432830 	0.288570  	0.237826  
-28.000000	-1.387939 	0.274756  	0.224755  
-27.000000	-1.343048 	0.260942  	0.211684  
-26.000000	-1.298157 	0.247127  	0.198613  
-25.000000	-1.253266 	0.233313  	0.185542  
-24.000000	-1.208375 	0.219499  	0.172471  
-23.000000	-1.163484 	0.205685  	0.159400  
-22.000000	-1.118593 	0.191871  	0.146329  
-21.000000	-1.073702 	0.178056  	0.133258  
-20.000000	-1.028811 	0.164242  	0.120519  
-19.000000	-0.983919 	0.150428  	0.108168  
-18.000000	-0.939028 	0.136614  	0.096150  
-17.000000	-0.894137 	0.122799  	0.084131  
-16.000000	-0.849246 	0.108985  	0.072112  
-15.000000	-0.804355 	0.095171  	0.060093  
-14.000000	-0.759464 	0.081357  	0.048075  
-13.000000	-0.714573 	0.067543  	0.036056  
-12.000000	-0.669682 	0.053728  	-0.005199 
-11.000000	-0.624791 	0.039914  	-0.058150 
-10.000000	-0.579900 	0.026100  	-0.111100 
-9.000000 	-0.413600 	0.025240  	-0.126100 
-8.000000 	-0.275700 	0.025410  	-0.134200 
-7.000000 	-0.138900 	0.025540  	-0.141800 
-6.000000 	-0.000400 	0.025700  	-0.149800 
-5.000000 	0.137100  	0.025870  	-0.157500 
-4.000000 	0.274000  	0.026100  	-0.164900 
-3.000000 	0.410400  	0.026340  	-0.172100 
-2.000000 	0.545700  	0.026640  	-0.179000 
-1.000000 	0.680200  	0.026950  	-0.185600 
0.000000  	0.813400  	0.027310  	-0.191900 
1.000000  	0.944900  	0.027740  	-0.197700 
2.000000  	1.075500  	0.028180  	-0.203300 
3.000000  	1.204600  	0.028680  	-0.208400 
4.000000  	1.331700  	0.029270  	-0.213200 
5.000000  	1.456500  	0.029950  	-0.217300 
6.000000  	1.579300  	0.030710  	-0.221100 
7.000000  	1.699800  	0.031580  	-0.224300 
8.000000  	1.816500  	0.032600  	-0.226700 
9.000000  	1.924750  	0.034085  	-0.227450 
10.000000 	2.033000  	0.035570  	-0.228200 
11.000000 	2.124600  	0.037930  	-0.225600 
12.000000 	2.155900  	0.043720  	-0.211100 
13.000000 	2.150600  	0.053640  	-0.193600 
14.000000 	2.132500  	0.067520  	-0.180900 
15.000000 	2.103800  	0.084200  	-0.172800 
16.000000 	2.073300  	0.101790  	-0.168300 
17.000000 	2.048600  	0.119130  	-0.167200 
18.000000 	2.034100  	0.135380  	-0.168800 
19.000000 	2.020400  	0.151810  	-0.172800 
20.000000 	2.017600  	0.166740  	-0.178300 
21.000000 	2.019700  	0.180760  	-0.185100 
22.000000 	2.021600  	0.194930  	-0.193300 
23.000000 	2.027100  	0.208380  	-0.202300 
24.000000 	2.030300  	0.222230  	-0.212800 
25.000000 	2.036000  	0.235430  	-0.223900 
26.000000 	2.039200  	0.249000  	-0.236300 
27.000000 	2.042900  	0.262250  	-0.249600 
28.000000 	2.044900  	0.275410  	-0.264200 
29.000000 	2.046900  	0.288570  	-0.278800 
30.000000 	1.992896  	0.310613  	-0.285601 
31.000000 	1.938892  	0.332656  	-0.292401 
32.000000 	1.884888  	0.354699  	-0.299202 
33.000000 	1.830884  	0.376741  	-0.306002 
34.000000 	1.783285  	0.399760  	-0.312098 
35.000000 	1.739245  	0.423320  	-0.317802 
36.000000 	1.695204  	0.446881  	-0.323507 
37.000000 	1.651164  	0.470441  	-0.329211 
38.000000 	1.608825  	0.494282  	-0.334536 
39.000000 	1.570740  	0.518825  	-0.338914 
40.000000 	1.532656  	0.543367  	-0.343291 
41.000000 	1.494571  	0.567909  	-0.347668 
42.000000 	1.456487  	0.592451  	-0.352046 
43.000000 	1.421651  	0.617387  	-0.355064 
44.000000 	1.387065  	0.642354  	-0.357977 
45.000000 	1.352479  	0.667320  	-0.360890 
46.000000 	1.317893  	0.692286  	-0.363804 
47.000000 	1.284429  	0.717171  	-0.366705 
48.000000 	1.251806  	0.741995  	-0.369596 
49.000000 	1.219183  	0.766819  	-0.372488 
50.000000 	1.186560  	0.791642  	-0.375380 
51.000000 	1.154156  	0.816315  	-0.378251 
52.000000 	1.122551  	0.840434  	-0.381044 
53.000000 	1.090946  	0.864552  	-0.383838 
54.000000 	1.059341  	0.888671  	-0.386631 
55.000000 	1.027737  	0.912789  	-0.389425 
56.000000 	0.996540  	0.935836  	-0.392219 
57.000000 	0.965412  	0.958703  	-0.395012 
58.000000 	0.934283  	0.981571  	-0.397806 
59.000000 	0.903155  	1.004439  	-0.400600 
60.000000 	0.872138  	1.026423  	-0.403556 
61.000000 	0.841234  	1.047523  	-0.406674 
62.000000 	0.810329  	1.068624  	-0.409792 
63.000000 	0.779425  	1.089725  	-0.412910 
64.000000 	0.748547  	1.110505  	-0.416035 
65.000000 	0.717832  	1.129364  	-0.419195 
66.000000 	0.687117  	1.148222  	-0.422355 
67.000000 	0.656402  	1.167081  	-0.425516 
68.000000 	0.625686  	1.185940  	-0.428676 
69.000000 	0.595224  	1.202705  	-0.431938 
70.000000 	0.564830  	1.218899  	-0.435227 
71.000000 	0.534436  	1.235093  	-0.438516 
72.000000 	0.504043  	1.251287  	-0.441805 
73.000000 	0.473900  	1.266185  	-0.445133 
74.000000 	0.444091  	1.279354  	-0.448512 
75.000000 	0.414282  	1.292522  	-0.451891 
76.000000 	0.384473  	1.305691  	-0.455269 
77.000000 	0.354731  	1.318623  	-0.458642 
78.000000 	0.325872  	1.328476  	-0.461940 
79.000000 	0.297014  	1.338329  	-0.465237 
80.000000 	0.268155  	1.348182  	-0.468535 
81.000000 	0.239296  	1.358035  	-0.471833 
82.000000 	0.211433  	1.365367  	-0.474992 
83.000000 	0.183970  	1.371691  	-0.478096 
84.000000 	0.156506  	1.378014  	-0.481199 
85.000000 	0.129042  	1.384337  	-0.484303 
86.000000 	0.102257  	1.389353  	-0.487407 
87.000000 	0.076692  	1.392015  	-0.490511 
88.000000 	0.051128  	1.394677  	-0.493615 
89.000000 	0.025564  	1.397338  	-0.496719 
90.000000 	0.000000  	1.400000  	-0.499822 
91.000000 	-0.017895 	1.397338  	-0.501265 
92.000000 	-0.035790 	1.394677  	-0.502708 
93.000000 	-0.053685 	1.392015  	-0.504151 
94.000000 	-0.071580 	1.389353  	-0.505594 
95.000000 	-0.090329 	1.384337  	-0.507037 
96.000000 	-0.109554 	1.378014  	-0.508479 
97.000000 	-0.128779 	1.371691  	-0.509922 
98.000000 	-0.148003 	1.365367  	-0.511365 
99.000000 	-0.167507 	1.358035  	-0.512579 
100.000000	-0.187708 	1.348182  	-0.513220 
101.000000	-0.207910 	1.338329  	-0.513861 
102.000000	-0.228111 	1.328476  	-0.514502 
103.000000	-0.248312 	1.318623  	-0.515143 
104.000000	-0.269131 	1.305691  	-0.515472 
105.000000	-0.289997 	1.292522  	-0.515777 
106.000000	-0.310863 	1.279354  	-0.516083 
107.000000	-0.331730 	1.266185  	-0.516388 
108.000000	-0.352830 	1.251287  	-0.516647 
109.000000	-0.374106 	1.235093  	-0.516871 
110.000000	-0.395381 	1.218899  	-0.517094 
111.000000	-0.416657 	1.202705  	-0.517318 
112.000000	-0.437981 	1.185940  	-0.517517 
113.000000	-0.459481 	1.167081  	-0.517623 
114.000000	-0.480982 	1.148222  	-0.517729 
115.000000	-0.502482 	1.129364  	-0.517835 
116.000000	-0.523983 	1.110505  	-0.517941 
117.000000	-0.545597 	1.089725  	-0.518172 
118.000000	-0.567230 	1.068624  	-0.518423 
119.000000	-0.588864 	1.047523  	-0.518674 
120.000000	-0.610497 	1.026423  	-0.518925 
121.000000	-0.632208 	1.004439  	-0.519735 
122.000000	-0.653998 	0.981571  	-0.521105 
123.000000	-0.675788 	0.958703  	-0.522474 
124.000000	-0.697578 	0.935836  	-0.523844 
125.000000	-0.719416 	0.912789  	-0.525213 
126.000000	-0.741539 	0.888671  	-0.526582 
127.000000	-0.763662 	0.864552  	-0.527952 
128.000000	-0.785786 	0.840434  	-0.529321 
129.000000	-0.807909 	0.816315  	-0.530691 
130.000000	-0.830592 	0.791642  	-0.534544 
131.000000	-0.853428 	0.766819  	-0.539074 
132.000000	-0.876264 	0.741995  	-0.543605 
133.000000	-0.899100 	0.717171  	-0.548135 
134.000000	-0.922525 	0.692286  	-0.552964 
135.000000	-0.946735 	0.667320  	-0.558189 
136.000000	-0.970945 	0.642354  	-0.563415 
137.000000	-0.995156 	0.617387  	-0.568641 
138.000000	-1.019541 	0.592451  	-0.574219 
139.000000	-1.046200 	0.567909  	-0.584370 
140.000000	-1.072859 	0.543367  	-0.594521 
141.000000	-1.099518 	0.518825  	-0.604672 
142.000000	-1.126177 	0.494282  	-0.614824 
143.000000	-1.155815 	0.470441  	-0.628163 
144.000000	-1.186643 	0.446881  	-0.642777 
145.000000	-1.217471 	0.423320  	-0.657392 
146.000000	-1.248300 	0.399760  	-0.672007 
147.000000	-1.281619 	0.376741  	-0.684869 
148.000000	-1.319422 	0.354699  	-0.694577 
149.000000	-1.357224 	0.332656  	-0.704285 
150.000000	-1.395027 	0.310613  	-0.713993 
151.000000	-1.432830 	0.288570  	-0.723701 
152.000000	-1.383422 	0.267955  	-0.716937 
153.000000	-1.334014 	0.247341  	-0.710173 
154.000000	-1.284606 	0.227718  	-0.703409 
155.000000	-1.235198 	0.208171  	-0.696645 
156.000000	-1.185790 	0.189625  	-0.689881 
157.000000	-1.136382 	0.171247  	-0.683117 
158.000000	-1.086974 	0.153861  	-0.676353 
159.000000	-1.037567 	0.136745  	-0.669588 
160.000000	-0.988159 	0.120595  	-0.658370 
161.000000	-0.938751 	0.104831  	-0.645370 
162.000000	-0.889343 	0.089988  	-0.630260 
163.000000	-0.839935 	0.075657  	-0.613977 
164.000000	-0.790527 	0.062187  	-0.597695 
165.000000	-0.741119 	0.049362  	-0.581412 
166.000000	-0.691711 	0.037324  	-0.565130 
167.000000	-0.642303 	0.026073  	-0.548847 
168.000000	-0.592895 	0.015786  	-0.532565 
169.000000	-0.543487 	0.006786  	-0.516282 
170.000000	-0.494079 	0.001000  	-0.490034 
171.000000	-0.444671 	0.001000  	-0.445848 
172.000000	-0.395263 	0.001000  	-0.400000 
173.000000	-0.345856 	0.001000  	-0.350000 
174.000000	-0.296448 	0.001000  	-0.300000 
175.000000	-0.247040 	0.001000  	-0.250000 
176.000000	-0.197632 	0.001000  	-0.200000 
177.000000	-0.148224 	0.001000  	-0.150000 
178.000000	-0.098816 	0.001000  	-0.100000 
179.000000	-0.049408 	0.001000  	-0.050000 
180.000000	0.000000  	0.001000  	0.000000  
! ------------------------------------------------------------------------------
! data for table	7         
! ------------------------------------------------------------------------------
  0.800000  	Re           ! Reynolds number in millions
  0.000000  	UserProp     ! User property (control) setting
Flase           InclUAdata   ! Is unsteady aerodynamics data included in this table? If TRUE, then include UA coefficients below this line. Any missing coefficients will be calculated internally.
! Table of aerodynamics coefficients
  361       	NumAlf       ! Number of data lines in the following table
!Alpha      Cl          Cd          Cm/Cp
!(deg)      (-)         (-)         (-)
-180.000000	0.000000  	0.001000  	0.000000  
-179.000000	0.049625  	0.001000  	0.040000  
-178.000000	0.099250  	0.001000  	0.080000  
-177.000000	0.148876  	0.001000  	0.120000  
-176.000000	0.198501  	0.001000  	0.160000  
-175.000000	0.248126  	0.001000  	0.200000  
-174.000000	0.297751  	0.001000  	0.240000  
-173.000000	0.347376  	0.001000  	0.280000  
-172.000000	0.397001  	0.001000  	0.320000  
-171.000000	0.446627  	0.001000  	0.358370  
-170.000000	0.496252  	0.001000  	0.396089  
-169.000000	0.545877  	0.006325  	0.426768  
-168.000000	0.595502  	0.014608  	0.453536  
-167.000000	0.645127  	0.024591  	0.480305  
-166.000000	0.694752  	0.035849  	0.507073  
-165.000000	0.744378  	0.047894  	0.533841  
-164.000000	0.794003  	0.060725  	0.560609  
-163.000000	0.843628  	0.074203  	0.587378  
-162.000000	0.893253  	0.088542  	0.614146  
-161.000000	0.942878  	0.103394  	0.638448  
-160.000000	0.992503  	0.119166  	0.658311  
-159.000000	1.042129  	0.135326  	0.674426  
-158.000000	1.091754  	0.152451  	0.681169  
-157.000000	1.141379  	0.169847  	0.687913  
-156.000000	1.191004  	0.188236  	0.694656  
-155.000000	1.240629  	0.206793  	0.701399  
-154.000000	1.290254  	0.226351  	0.708143  
-153.000000	1.339880  	0.245986  	0.714886  
-152.000000	1.389505  	0.266613  	0.721630  
-151.000000	1.439130  	0.287240  	0.728373  
-150.000000	1.401044  	0.309297  	0.718510  
-149.000000	1.362958  	0.331353  	0.708647  
-148.000000	1.324872  	0.353410  	0.698783  
-147.000000	1.286786  	0.375466  	0.688920  
-146.000000	1.253221  	0.398500  	0.675877  
-145.000000	1.222167  	0.422076  	0.661067  
-144.000000	1.191114  	0.445651  	0.646257  
-143.000000	1.160060  	0.469227  	0.631447  
-142.000000	1.130209  	0.493084  	0.617927  
-141.000000	1.103366  	0.517643  	0.607631  
-140.000000	1.076523  	0.542203  	0.597334  
-139.000000	1.049680  	0.566762  	0.587038  
-138.000000	1.022837  	0.591321  	0.576741  
-137.000000	0.998297  	0.616276  	0.571069  
-136.000000	0.973934  	0.641260  	0.565753  
-135.000000	0.949571  	0.666245  	0.560437  
-134.000000	0.925209  	0.691230  	0.555121  
-133.000000	0.901645  	0.716134  	0.550207  
-132.000000	0.878681  	0.740978  	0.545594  
-131.000000	0.855717  	0.765822  	0.540982  
-130.000000	0.832753  	0.790665  	0.536369  
-129.000000	0.809946  	0.815358  	0.532442  
-128.000000	0.787714  	0.839498  	0.531027  
-127.000000	0.765483  	0.863638  	0.529612  
-126.000000	0.743252  	0.887777  	0.528197  
-125.000000	0.721021  	0.911917  	0.526783  
-124.000000	0.699090  	0.934986  	0.525368  
-123.000000	0.677209  	0.957876  	0.523953  
-122.000000	0.655328  	0.980766  	0.522538  
-121.000000	0.633447  	1.003656  	0.521123  
-120.000000	0.611652  	1.025663  	0.520277  
-119.000000	0.589944  	1.046787  	0.519999  
-118.000000	0.568235  	1.067911  	0.519721  
-117.000000	0.546526  	1.089035  	0.519443  
-116.000000	0.524838  	1.109838  	0.519186  
-115.000000	0.503275  	1.128721  	0.519055  
-114.000000	0.481712  	1.147604  	0.518925  
-113.000000	0.460149  	1.166487  	0.518794  
-112.000000	0.438586  	1.185370  	0.518663  
-111.000000	0.417210  	1.202160  	0.518445  
-110.000000	0.395885  	1.218379  	0.518202  
-109.000000	0.374559  	1.234598  	0.517959  
-108.000000	0.353234  	1.250817  	0.517716  
-107.000000	0.332089  	1.265740  	0.517440  
-106.000000	0.311185  	1.278935  	0.517119  
-105.000000	0.290280  	1.292129  	0.516798  
-104.000000	0.269376  	1.305324  	0.516478  
-103.000000	0.248520  	1.318281  	0.516133  
-102.000000	0.228292  	1.328160  	0.515477  
-101.000000	0.208064  	1.338039  	0.514822  
-100.000000	0.187836  	1.347918  	0.514166  
-99.000000	0.167607  	1.357797  	0.513510  
-98.000000	0.148085  	1.365156  	0.512283  
-97.000000	0.128844  	1.371505  	0.510828  
-96.000000	0.109603  	1.377855  	0.509372  
-95.000000	0.090363  	1.384205  	0.507916  
-94.000000	0.071601  	1.389247  	0.506461  
-93.000000	0.053701  	1.391935  	0.505005  
-92.000000	0.035800  	1.394624  	0.503549  
-91.000000	0.017900  	1.397312  	0.502094  
-90.000000	0.000000  	1.400000  	0.500638  
-89.000000	-0.017900 	1.397312  	0.497185  
-88.000000	-0.035800 	1.394624  	0.493732  
-87.000000	-0.053701 	1.391935  	0.490280  
-86.000000	-0.071601 	1.389247  	0.486827  
-85.000000	-0.090363 	1.384205  	0.483374  
-84.000000	-0.109603 	1.377855  	0.479921  
-83.000000	-0.128844 	1.371505  	0.476469  
-82.000000	-0.148085 	1.365156  	0.473016  
-81.000000	-0.167607 	1.357797  	0.469391  
-80.000000	-0.187836 	1.347918  	0.465335  
-79.000000	-0.208064 	1.338039  	0.461279  
-78.000000	-0.228292 	1.328160  	0.457223  
-77.000000	-0.248520 	1.318281  	0.453167  
-76.000000	-0.269376 	1.305324  	0.448876  
-75.000000	-0.290280 	1.292129  	0.444568  
-74.000000	-0.311185 	1.278935  	0.440259  
-73.000000	-0.332089 	1.265740  	0.435951  
-72.000000	-0.353234 	1.250817  	0.431611  
-71.000000	-0.374559 	1.234598  	0.427248  
-70.000000	-0.395885 	1.218379  	0.422884  
-69.000000	-0.417210 	1.202160  	0.418521  
-68.000000	-0.438586 	1.185370  	0.414141  
-67.000000	-0.460149 	1.166487  	0.409699  
-66.000000	-0.481712 	1.147604  	0.405257  
-65.000000	-0.503275 	1.128721  	0.400815  
-64.000000	-0.524838 	1.109838  	0.396373  
-63.000000	-0.546526 	1.089035  	0.391968  
-62.000000	-0.568235 	1.067911  	0.387568  
-61.000000	-0.589944 	1.046787  	0.383169  
-60.000000	-0.611652 	1.025663  	0.378770  
-59.000000	-0.633447 	1.003656  	0.374535  
-58.000000	-0.655328 	0.980766  	0.370465  
-57.000000	-0.677209 	0.957876  	0.366395  
-56.000000	-0.699090 	0.934986  	0.362324  
-55.000000	-0.721021 	0.911917  	0.358254  
-54.000000	-0.743252 	0.887777  	0.354184  
-53.000000	-0.765483 	0.863638  	0.350114  
-52.000000	-0.787714 	0.839498  	0.346044  
-51.000000	-0.809946 	0.815358  	0.341973  
-50.000000	-0.832753 	0.790665  	0.338138  
-49.000000	-0.855717 	0.765822  	0.334367  
-48.000000	-0.878681 	0.740978  	0.330596  
-47.000000	-0.901645 	0.716134  	0.326825  
-46.000000	-0.925209 	0.691230  	0.323082  
-45.000000	-0.949571 	0.666245  	0.319377  
-44.000000	-0.973934 	0.641260  	0.315672  
-43.000000	-0.998297 	0.616276  	0.311967  
-42.000000	-1.022837 	0.591321  	0.308210  
-41.000000	-1.049680 	0.566762  	0.303789  
-40.000000	-1.076523 	0.542203  	0.299368  
-39.000000	-1.103366 	0.517643  	0.294947  
-38.000000	-1.130209 	0.493084  	0.290526  
-37.000000	-1.160060 	0.469227  	0.285642  
-36.000000	-1.191114 	0.445651  	0.280572  
-35.000000	-1.222167 	0.422076  	0.275502  
-34.000000	-1.253221 	0.398500  	0.270432  
-33.000000	-1.286786 	0.375466  	0.264703  
-32.000000	-1.324872 	0.353410  	0.257788  
-31.000000	-1.362958 	0.331353  	0.250873  
-30.000000	-1.401044 	0.309297  	0.243958  
-29.000000	-1.439130 	0.287240  	0.237043  
-28.000000	-1.392476 	0.273436  	0.223932  
-27.000000	-1.345822 	0.259632  	0.210821  
-26.000000	-1.299167 	0.245827  	0.197710  
-25.000000	-1.252513 	0.232023  	0.184599  
-24.000000	-1.205859 	0.218219  	0.171489  
-23.000000	-1.159205 	0.204415  	0.158378  
-22.000000	-1.112551 	0.190611  	0.145267  
-21.000000	-1.065896 	0.176806  	0.132156  
-20.000000	-1.019242 	0.163002  	0.119427  
-19.000000	-0.972588 	0.149198  	0.107141  
-18.000000	-0.925934 	0.135394  	0.095237  
-17.000000	-0.879279 	0.121589  	0.083332  
-16.000000	-0.832625 	0.107785  	0.071427  
-15.000000	-0.785971 	0.093981  	0.059523  
-14.000000	-0.739317 	0.080177  	0.047618  
-13.000000	-0.692663 	0.066373  	0.035714  
-12.000000	-0.646008 	0.052568  	-0.007244 
-11.000000	-0.599354 	0.038764  	-0.062622 
-10.000000	-0.552700 	0.024960  	-0.118000 
-9.000000 	-0.411600 	0.024950  	-0.126800 
-8.000000 	-0.273700 	0.025130  	-0.134800 
-7.000000 	-0.135400 	0.025270  	-0.142800 
-6.000000 	0.002800  	0.025450  	-0.150800 
-5.000000 	0.140300  	0.025670  	-0.158400 
-4.000000 	0.277600  	0.025890  	-0.165900 
-3.000000 	0.413900  	0.026130  	-0.173100 
-2.000000 	0.549500  	0.026400  	-0.180000 
-1.000000 	0.684200  	0.026700  	-0.186700 
0.000000  	0.817500  	0.027030  	-0.192900 
1.000000  	0.949800  	0.027400  	-0.198900 
2.000000  	1.080500  	0.027830  	-0.204500 
3.000000  	1.209400  	0.028340  	-0.209700 
4.000000  	1.336200  	0.028930  	-0.214300 
5.000000  	1.461600  	0.029560  	-0.218600 
6.000000  	1.585000  	0.030270  	-0.222500 
7.000000  	1.705600  	0.031100  	-0.225700 
8.000000  	1.823400  	0.032060  	-0.228300 
9.000000  	1.936200  	0.033300  	-0.230000 
10.000000 	2.044200  	0.034710  	-0.230600 
11.000000 	2.136800  	0.037090  	-0.228300 
12.000000 	2.176200  	0.042370  	-0.215200 
13.000000 	2.167200  	0.052250  	-0.196300 
14.000000 	2.148900  	0.065920  	-0.182900 
15.000000 	2.121800  	0.082290  	-0.174400 
16.000000 	2.095700  	0.099280  	-0.169700 
17.000000 	2.068200  	0.116860  	-0.168000 
18.000000 	2.049500  	0.133650  	-0.169300 
19.000000 	2.042000  	0.149030  	-0.172600 
20.000000 	2.036900  	0.164200  	-0.177900 
21.000000 	2.033600  	0.179050  	-0.184700 
22.000000 	2.033300  	0.193450  	-0.192800 
23.000000 	2.037100  	0.207160  	-0.201800 
24.000000 	2.039100  	0.221120  	-0.212200 
25.000000 	2.044200  	0.234420  	-0.223200 
26.000000 	2.048300  	0.247770  	-0.235400 
27.000000 	2.052200  	0.260910  	-0.248400 
28.000000 	2.055900  	0.273830  	-0.262100 
29.000000 	2.055900  	0.287240  	-0.277300 
30.000000 	2.001491  	0.309297  	-0.284230 
31.000000 	1.947083  	0.331353  	-0.291159 
32.000000 	1.892674  	0.353410  	-0.298089 
33.000000 	1.838266  	0.375466  	-0.305019 
34.000000 	1.790315  	0.398500  	-0.311230 
35.000000 	1.745953  	0.422076  	-0.317042 
36.000000 	1.701591  	0.445651  	-0.322855 
37.000000 	1.657229  	0.469227  	-0.328667 
38.000000 	1.614585  	0.493084  	-0.334090 
39.000000 	1.576238  	0.517643  	-0.338539 
40.000000 	1.537890  	0.542203  	-0.342988 
41.000000 	1.499543  	0.566762  	-0.347437 
42.000000 	1.461196  	0.591321  	-0.351886 
43.000000 	1.426139  	0.616276  	-0.354939 
44.000000 	1.391335  	0.641260  	-0.357884 
45.000000 	1.356531  	0.666245  	-0.360829 
46.000000 	1.321727  	0.691230  	-0.363775 
47.000000 	1.288064  	0.716134  	-0.366706 
48.000000 	1.255258  	0.740978  	-0.369626 
49.000000 	1.222453  	0.765822  	-0.372546 
50.000000 	1.189647  	0.790665  	-0.375467 
51.000000 	1.157065  	0.815358  	-0.378363 
52.000000 	1.125306  	0.839498  	-0.381170 
53.000000 	1.093547  	0.863638  	-0.383977 
54.000000 	1.061788  	0.887777  	-0.386785 
55.000000 	1.030029  	0.911917  	-0.389592 
56.000000 	0.998700  	0.934986  	-0.392399 
57.000000 	0.967441  	0.957876  	-0.395206 
58.000000 	0.936183  	0.980766  	-0.398014 
59.000000 	0.904925  	1.003656  	-0.400821 
60.000000 	0.873789  	1.025663  	-0.403791 
61.000000 	0.842776  	1.046787  	-0.406923 
62.000000 	0.811764  	1.067911  	-0.410055 
63.000000 	0.780751  	1.089035  	-0.413187 
64.000000 	0.749768  	1.109838  	-0.416325 
65.000000 	0.718964  	1.128721  	-0.419499 
66.000000 	0.688160  	1.147604  	-0.422674 
67.000000 	0.657356  	1.166487  	-0.425848 
68.000000 	0.626552  	1.185370  	-0.429022 
69.000000 	0.596014  	1.202160  	-0.432300 
70.000000 	0.565549  	1.218379  	-0.435607 
71.000000 	0.535085  	1.234598  	-0.438913 
72.000000 	0.504620  	1.250817  	-0.442220 
73.000000 	0.474413  	1.265740  	-0.445565 
74.000000 	0.444549  	1.278935  	-0.448963 
75.000000 	0.414686  	1.292129  	-0.452362 
76.000000 	0.384822  	1.305324  	-0.455760 
77.000000 	0.355028  	1.318281  	-0.459152 
78.000000 	0.326131  	1.328160  	-0.462471 
79.000000 	0.297234  	1.338039  	-0.465790 
80.000000 	0.268336  	1.347918  	-0.469108 
81.000000 	0.239439  	1.357797  	-0.472427 
82.000000 	0.211550  	1.365156  	-0.475610 
83.000000 	0.184063  	1.371505  	-0.478738 
84.000000 	0.156576  	1.377855  	-0.481867 
85.000000 	0.129090  	1.384205  	-0.484995 
86.000000 	0.102287  	1.389247  	-0.488124 
87.000000 	0.076715  	1.391935  	-0.491252 
88.000000 	0.051143  	1.394624  	-0.494381 
89.000000 	0.025572  	1.397312  	-0.497509 
90.000000 	0.000000  	1.400000  	-0.500638 
91.000000 	-0.017900 	1.397312  	-0.502094 
92.000000 	-0.035800 	1.394624  	-0.503549 
93.000000 	-0.053701 	1.391935  	-0.505005 
94.000000 	-0.071601 	1.389247  	-0.506461 
95.000000 	-0.090363 	1.384205  	-0.507916 
96.000000 	-0.109603 	1.377855  	-0.509372 
97.000000 	-0.128844 	1.371505  	-0.510828 
98.000000 	-0.148085 	1.365156  	-0.512283 
99.000000 	-0.167607 	1.357797  	-0.513510 
100.000000	-0.187836 	1.347918  	-0.514166 
101.000000	-0.208064 	1.338039  	-0.514822 
102.000000	-0.228292 	1.328160  	-0.515477 
103.000000	-0.248520 	1.318281  	-0.516133 
104.000000	-0.269376 	1.305324  	-0.516478 
105.000000	-0.290280 	1.292129  	-0.516798 
106.000000	-0.311185 	1.278935  	-0.517119 
107.000000	-0.332089 	1.265740  	-0.517440 
108.000000	-0.353234 	1.250817  	-0.517716 
109.000000	-0.374559 	1.234598  	-0.517959 
110.000000	-0.395885 	1.218379  	-0.518202 
111.000000	-0.417210 	1.202160  	-0.518445 
112.000000	-0.438586 	1.185370  	-0.518663 
113.000000	-0.460149 	1.166487  	-0.518794 
114.000000	-0.481712 	1.147604  	-0.518925 
115.000000	-0.503275 	1.128721  	-0.519055 
116.000000	-0.524838 	1.109838  	-0.519186 
117.000000	-0.546526 	1.089035  	-0.519443 
118.000000	-0.568235 	1.067911  	-0.519721 
119.000000	-0.589944 	1.046787  	-0.519999 
120.000000	-0.611652 	1.025663  	-0.520277 
121.000000	-0.633447 	1.003656  	-0.521123 
122.000000	-0.655328 	0.980766  	-0.522538 
123.000000	-0.677209 	0.957876  	-0.523953 
124.000000	-0.699090 	0.934986  	-0.525368 
125.000000	-0.721021 	0.911917  	-0.526783 
126.000000	-0.743252 	0.887777  	-0.528197 
127.000000	-0.765483 	0.863638  	-0.529612 
128.000000	-0.787714 	0.839498  	-0.531027 
129.000000	-0.809946 	0.815358  	-0.532442 
130.000000	-0.832753 	0.790665  	-0.536369 
131.000000	-0.855717 	0.765822  	-0.540982 
132.000000	-0.878681 	0.740978  	-0.545594 
133.000000	-0.901645 	0.716134  	-0.550207 
134.000000	-0.925209 	0.691230  	-0.555121 
135.000000	-0.949571 	0.666245  	-0.560437 
136.000000	-0.973934 	0.641260  	-0.565753 
137.000000	-0.998297 	0.616276  	-0.571069 
138.000000	-1.022837 	0.591321  	-0.576741 
139.000000	-1.049680 	0.566762  	-0.587038 
140.000000	-1.076523 	0.542203  	-0.597334 
141.000000	-1.103366 	0.517643  	-0.607631 
142.000000	-1.130209 	0.493084  	-0.617927 
143.000000	-1.160060 	0.469227  	-0.631447 
144.000000	-1.191114 	0.445651  	-0.646257 
145.000000	-1.222167 	0.422076  	-0.661067 
146.000000	-1.253221 	0.398500  	-0.675877 
147.000000	-1.286786 	0.375466  	-0.688920 
148.000000	-1.324872 	0.353410  	-0.698783 
149.000000	-1.362958 	0.331353  	-0.708647 
150.000000	-1.401044 	0.309297  	-0.718510 
151.000000	-1.439130 	0.287240  	-0.728373 
152.000000	-1.389505 	0.266613  	-0.721630 
153.000000	-1.339880 	0.245986  	-0.714886 
154.000000	-1.290254 	0.226351  	-0.708143 
155.000000	-1.240629 	0.206793  	-0.701399 
156.000000	-1.191004 	0.188236  	-0.694656 
157.000000	-1.141379 	0.169847  	-0.687913 
158.000000	-1.091754 	0.152451  	-0.681169 
159.000000	-1.042129 	0.135326  	-0.674426 
160.000000	-0.992503 	0.119166  	-0.662991 
161.000000	-0.942878 	0.103394  	-0.649680 
162.000000	-0.893253 	0.088542  	-0.634146 
163.000000	-0.843628 	0.074203  	-0.617378 
164.000000	-0.794003 	0.060725  	-0.600609 
165.000000	-0.744378 	0.047894  	-0.583841 
166.000000	-0.694752 	0.035849  	-0.567073 
167.000000	-0.645127 	0.024591  	-0.550305 
168.000000	-0.595502 	0.014608  	-0.533536 
169.000000	-0.545877 	0.006325  	-0.516768 
170.000000	-0.496252 	0.001000  	-0.490178 
171.000000	-0.446627 	0.001000  	-0.445907 
172.000000	-0.397001 	0.001000  	-0.400000 
173.000000	-0.347376 	0.001000  	-0.350000 
174.000000	-0.297751 	0.001000  	-0.300000 
175.000000	-0.248126 	0.001000  	-0.250000 
176.000000	-0.198501 	0.001000  	-0.200000 
177.000000	-0.148876 	0.001000  	-0.150000 
178.000000	-0.099250 	0.001000  	-0.100000 
179.000000	-0.049625 	0.001000  	-0.050000 
180.000000	0.000000  	0.001000  	0.000000  
! ------------------------------------------------------------------------------
! data for table	8         
! ------------------------------------------------------------------------------
  0.900000  	Re           ! Reynolds number in millions
  0.000000  	UserProp     ! User property (control) setting
Flase           InclUAdata   ! Is unsteady aerodynamics data included in this table? If TRUE, then include UA coefficients below this line. Any missing coefficients will be calculated internally.
! Table of aerodynamics coefficients
  361       	NumAlf       ! Number of data lines in the following table
!Alpha      Cl          Cd          Cm/Cp
!(deg)      (-)         (-)         (-)
-180.000000	0.000000  	0.001000  	0.000000  
-179.000000	0.049859  	0.001000  	0.040000  
-178.000000	0.099719  	0.001000  	0.080000  
-177.000000	0.149578  	0.001000  	0.120000  
-176.000000	0.199437  	0.001000  	0.160000  
-175.000000	0.249297  	0.001000  	0.200000  
-174.000000	0.299156  	0.001000  	0.240000  
-173.000000	0.349015  	0.001000  	0.280000  
-172.000000	0.398874  	0.001000  	0.320000  
-171.000000	0.448734  	0.001000  	0.358432  
-170.000000	0.498593  	0.001000  	0.396236  
-169.000000	0.548452  	0.005757  	0.427264  
-168.000000	0.598312  	0.013156  	0.454528  
-167.000000	0.648171  	0.022765  	0.481792  
-166.000000	0.698030  	0.034030  	0.509056  
-165.000000	0.747890  	0.046083  	0.536320  
-164.000000	0.797749  	0.058923  	0.563584  
-163.000000	0.847608  	0.072410  	0.590849  
-162.000000	0.897468  	0.086759  	0.618113  
-161.000000	0.947327  	0.101621  	0.642847  
-160.000000	0.997186  	0.117405  	0.663027  
-159.000000	1.047046  	0.133575  	0.679362  
-158.000000	1.096905  	0.150713  	0.686084  
-157.000000	1.146764  	0.168121  	0.692805  
-156.000000	1.196623  	0.186524  	0.699527  
-155.000000	1.246483  	0.205093  	0.706248  
-154.000000	1.296342  	0.224666  	0.712970  
-153.000000	1.346201  	0.244315  	0.719691  
-152.000000	1.396061  	0.264958  	0.726412  
-151.000000	1.445920  	0.285600  	0.733134  
-150.000000	1.407529  	0.307674  	0.723105  
-149.000000	1.369138  	0.329747  	0.713077  
-148.000000	1.330746  	0.351821  	0.703048  
-147.000000	1.292355  	0.373894  	0.693019  
-146.000000	1.258525  	0.396946  	0.679783  
-145.000000	1.227228  	0.420541  	0.664765  
-144.000000	1.195932  	0.444136  	0.649747  
-143.000000	1.164636  	0.467730  	0.634729  
-142.000000	1.134555  	0.491607  	0.621016  
-141.000000	1.107514  	0.516187  	0.610564  
-140.000000	1.080473  	0.540767  	0.600113  
-139.000000	1.053431  	0.565348  	0.589662  
-138.000000	1.026390  	0.589928  	0.579211  
-137.000000	1.001683  	0.614905  	0.573439  
-136.000000	0.977156  	0.639913  	0.568027  
-135.000000	0.952628  	0.664920  	0.562615  
-134.000000	0.928101  	0.689928  	0.557204  
-133.000000	0.904388  	0.714856  	0.552199  
-132.000000	0.881286  	0.739724  	0.547499  
-131.000000	0.858183  	0.764592  	0.542800  
-130.000000	0.835081  	0.789461  	0.538100  
-129.000000	0.812141  	0.814178  	0.534094  
-128.000000	0.789793  	0.838344  	0.532632  
-127.000000	0.767445  	0.862510  	0.531170  
-126.000000	0.745098  	0.886676  	0.529707  
-125.000000	0.722750  	0.910842  	0.528245  
-124.000000	0.700719  	0.933938  	0.526783  
-123.000000	0.678740  	0.956855  	0.525321  
-122.000000	0.656761  	0.979773  	0.523859  
-121.000000	0.634783  	1.002690  	0.522396  
-120.000000	0.612898  	1.024725  	0.521513  
-119.000000	0.591108  	1.045878  	0.521207  
-118.000000	0.569317  	1.067031  	0.520902  
-117.000000	0.547526  	1.088184  	0.520597  
-116.000000	0.525759  	1.109017  	0.520313  
-115.000000	0.504129  	1.127929  	0.520157  
-114.000000	0.482499  	1.146842  	0.520002  
-113.000000	0.460869  	1.165755  	0.519847  
-112.000000	0.439239  	1.184668  	0.519691  
-111.000000	0.417806  	1.201488  	0.519453  
-110.000000	0.396427  	1.217738  	0.519191  
-109.000000	0.375048  	1.233988  	0.518929  
-108.000000	0.353669  	1.250238  	0.518667  
-107.000000	0.332476  	1.265192  	0.518374  
-106.000000	0.311531  	1.278418  	0.518039  
-105.000000	0.290585  	1.291644  	0.517703  
-104.000000	0.269640  	1.304870  	0.517368  
-103.000000	0.248744  	1.317859  	0.517008  
-102.000000	0.228487  	1.327771  	0.516339  
-101.000000	0.208230  	1.337682  	0.515669  
-100.000000	0.187973  	1.347593  	0.514999  
-99.000000	0.167716  	1.357504  	0.514330  
-98.000000	0.148172  	1.364895  	0.513090  
-97.000000	0.128914  	1.371277  	0.511623  
-96.000000	0.109657  	1.377659  	0.510155  
-95.000000	0.090399  	1.384042  	0.508687  
-94.000000	0.071624  	1.389116  	0.507220  
-93.000000	0.053718  	1.391837  	0.505752  
-92.000000	0.035812  	1.394558  	0.504285  
-91.000000	0.017906  	1.397279  	0.502817  
-90.000000	0.000000  	1.400000  	0.501349  
-89.000000	-0.017906 	1.397279  	0.497870  
-88.000000	-0.035812 	1.394558  	0.494390  
-87.000000	-0.053718 	1.391837  	0.490911  
-86.000000	-0.071624 	1.389116  	0.487431  
-85.000000	-0.090399 	1.384042  	0.483952  
-84.000000	-0.109657 	1.377659  	0.480472  
-83.000000	-0.128914 	1.371277  	0.476992  
-82.000000	-0.148172 	1.364895  	0.473513  
-81.000000	-0.167716 	1.357504  	0.469862  
-80.000000	-0.187973 	1.347593  	0.465784  
-79.000000	-0.208230 	1.337682  	0.461705  
-78.000000	-0.228487 	1.327771  	0.457627  
-77.000000	-0.248744 	1.317859  	0.453548  
-76.000000	-0.269640 	1.304870  	0.449237  
-75.000000	-0.290585 	1.291644  	0.444907  
-74.000000	-0.311531 	1.278418  	0.440578  
-73.000000	-0.332476 	1.265192  	0.436249  
-72.000000	-0.353669 	1.250238  	0.431890  
-71.000000	-0.375048 	1.233988  	0.427509  
-70.000000	-0.396427 	1.217738  	0.423128  
-69.000000	-0.417806 	1.201488  	0.418747  
-68.000000	-0.439239 	1.184668  	0.414350  
-67.000000	-0.460869 	1.165755  	0.409895  
-66.000000	-0.482499 	1.146842  	0.405440  
-65.000000	-0.504129 	1.127929  	0.400985  
-64.000000	-0.525759 	1.109017  	0.396529  
-63.000000	-0.547526 	1.088184  	0.392111  
-62.000000	-0.569317 	1.067031  	0.387699  
-61.000000	-0.591108 	1.045878  	0.383287  
-60.000000	-0.612898 	1.024725  	0.378875  
-59.000000	-0.634783 	1.002690  	0.374629  
-58.000000	-0.656761 	0.979773  	0.370549  
-57.000000	-0.678740 	0.956855  	0.366470  
-56.000000	-0.700719 	0.933938  	0.362390  
-55.000000	-0.722750 	0.910842  	0.358311  
-54.000000	-0.745098 	0.886676  	0.354231  
-53.000000	-0.767445 	0.862510  	0.350152  
-52.000000	-0.789793 	0.838344  	0.346072  
-51.000000	-0.812141 	0.814178  	0.341993  
-50.000000	-0.835081 	0.789461  	0.338142  
-49.000000	-0.858183 	0.764592  	0.334353  
-48.000000	-0.881286 	0.739724  	0.330565  
-47.000000	-0.904388 	0.714856  	0.326776  
-46.000000	-0.928101 	0.689928  	0.323015  
-45.000000	-0.952628 	0.664920  	0.319291  
-44.000000	-0.977156 	0.639913  	0.315566  
-43.000000	-1.001683 	0.614905  	0.311842  
-42.000000	-1.026390 	0.589928  	0.308064  
-41.000000	-1.053431 	0.565348  	0.303596  
-40.000000	-1.080473 	0.540767  	0.299127  
-39.000000	-1.107514 	0.516187  	0.294659  
-38.000000	-1.134555 	0.491607  	0.290190  
-37.000000	-1.164636 	0.467730  	0.285240  
-36.000000	-1.195932 	0.444136  	0.280097  
-35.000000	-1.227228 	0.420541  	0.274954  
-34.000000	-1.258525 	0.396946  	0.269811  
-33.000000	-1.292355 	0.373894  	0.264010  
-32.000000	-1.330746 	0.351821  	0.257022  
-31.000000	-1.369138 	0.329747  	0.250035  
-30.000000	-1.407529 	0.307674  	0.243048  
-29.000000	-1.445920 	0.285600  	0.236060  
-28.000000	-1.398551 	0.271860  	0.222881  
-27.000000	-1.351181 	0.258120  	0.209701  
-26.000000	-1.303812 	0.244380  	0.196522  
-25.000000	-1.256442 	0.230640  	0.183343  
-24.000000	-1.209073 	0.216900  	0.170163  
-23.000000	-1.161703 	0.203160  	0.156984  
-22.000000	-1.114334 	0.189420  	0.143804  
-21.000000	-1.066964 	0.175680  	0.130625  
-20.000000	-1.019595 	0.161940  	0.117899  
-19.000000	-0.972225 	0.148200  	0.105701  
-18.000000	-0.924856 	0.134460  	0.093956  
-17.000000	-0.877486 	0.120720  	0.082212  
-16.000000	-0.830117 	0.106980  	0.070467  
-15.000000	-0.782747 	0.093240  	0.058723  
-14.000000	-0.735378 	0.079500  	0.046978  
-13.000000	-0.688008 	0.065760  	0.035234  
-12.000000	-0.640639 	0.052020  	-0.008011 
-11.000000	-0.593269 	0.038280  	-0.063855 
-10.000000	-0.545900 	0.024540  	-0.119700 
-9.000000 	-0.409700 	0.024760  	-0.127400 
-8.000000 	-0.271300 	0.024930  	-0.135600 
-7.000000 	-0.132600 	0.025110  	-0.143600 
-6.000000 	0.006000  	0.025280  	-0.151700 
-5.000000 	0.143700  	0.025480  	-0.159300 
-4.000000 	0.281400  	0.025690  	-0.166900 
-3.000000 	0.417400  	0.025930  	-0.174000 
-2.000000 	0.553400  	0.026200  	-0.181000 
-1.000000 	0.687800  	0.026490  	-0.187600 
0.000000  	0.821300  	0.026820  	-0.193900 
1.000000  	0.953600  	0.027190  	-0.199900 
2.000000  	1.084000  	0.027620  	-0.205400 
3.000000  	1.212400  	0.028130  	-0.210400 
4.000000  	1.340100  	0.028660  	-0.215300 
5.000000  	1.465900  	0.029260  	-0.219700 
6.000000  	1.589400  	0.029950  	-0.223500 
7.000000  	1.710400  	0.030740  	-0.226900 
8.000000  	1.829200  	0.031620  	-0.229700 
9.000000  	1.944300  	0.032660  	-0.231800 
10.000000 	2.050800  	0.034230  	-0.232200 
11.000000 	2.144500  	0.036570  	-0.230000 
12.000000 	2.190800  	0.041480  	-0.218300 
13.000000 	2.176900  	0.051430  	-0.197900 
14.000000 	2.163900  	0.064420  	-0.184700 
15.000000 	2.143300  	0.079900  	-0.176100 
16.000000 	2.111500  	0.097520  	-0.170700 
17.000000 	2.087000  	0.114620  	-0.168700 
18.000000 	2.068600  	0.131220  	-0.169500 
19.000000 	2.055700  	0.147370  	-0.172700 
20.000000 	2.047800  	0.162880  	-0.177800 
21.000000 	2.047500  	0.177240  	-0.184200 
22.000000 	2.050100  	0.191060  	-0.191700 
23.000000 	2.052900  	0.204880  	-0.200600 
24.000000 	2.057300  	0.218300  	-0.210300 
25.000000 	2.059200  	0.232090  	-0.221500 
26.000000 	2.062100  	0.245500  	-0.233500 
27.000000 	2.059600  	0.259850  	-0.247400 
28.000000 	2.062600  	0.272850  	-0.261200 
29.000000 	2.065600  	0.285600  	-0.275600 
30.000000 	2.010755  	0.307674  	-0.282664 
31.000000 	1.955911  	0.329747  	-0.289729 
32.000000 	1.901066  	0.351821  	-0.296793 
33.000000 	1.846221  	0.373894  	-0.303857 
34.000000 	1.797893  	0.396946  	-0.310189 
35.000000 	1.753183  	0.420541  	-0.316114 
36.000000 	1.708474  	0.444136  	-0.322038 
37.000000 	1.663765  	0.467730  	-0.327962 
38.000000 	1.620793  	0.491607  	-0.333487 
39.000000 	1.582163  	0.516187  	-0.338010 
40.000000 	1.543532  	0.540767  	-0.342533 
41.000000 	1.504902  	0.565348  	-0.347057 
42.000000 	1.466272  	0.589928  	-0.351580 
43.000000 	1.430976  	0.614905  	-0.354668 
44.000000 	1.395937  	0.639913  	-0.357646 
45.000000 	1.360898  	0.664920  	-0.360623 
46.000000 	1.325858  	0.689928  	-0.363601 
47.000000 	1.291983  	0.714856  	-0.366562 
48.000000 	1.258980  	0.739724  	-0.369511 
49.000000 	1.225976  	0.764592  	-0.372460 
50.000000 	1.192973  	0.789461  	-0.375410 
51.000000 	1.160201  	0.814178  	-0.378331 
52.000000 	1.128276  	0.838344  	-0.381152 
53.000000 	1.096351  	0.862510  	-0.383973 
54.000000 	1.064425  	0.886676  	-0.386794 
55.000000 	1.032500  	0.910842  	-0.389615 
56.000000 	1.001027  	0.933938  	-0.392436 
57.000000 	0.969629  	0.956855  	-0.395257 
58.000000 	0.938231  	0.979773  	-0.398077 
59.000000 	0.906832  	1.002690  	-0.400898 
60.000000 	0.875569  	1.024725  	-0.403882 
61.000000 	0.844439  	1.045878  	-0.407028 
62.000000 	0.813310  	1.067031  	-0.410175 
63.000000 	0.782181  	1.088184  	-0.413321 
64.000000 	0.751084  	1.109017  	-0.416474 
65.000000 	0.720184  	1.127929  	-0.419663 
66.000000 	0.689284  	1.146842  	-0.422851 
67.000000 	0.658384  	1.165755  	-0.426040 
68.000000 	0.627484  	1.184668  	-0.429229 
69.000000 	0.596866  	1.201488  	-0.432524 
70.000000 	0.566324  	1.217738  	-0.435849 
71.000000 	0.535783  	1.233988  	-0.439173 
72.000000 	0.505242  	1.250238  	-0.442498 
73.000000 	0.474966  	1.265192  	-0.445863 
74.000000 	0.445044  	1.278418  	-0.449282 
75.000000 	0.415122  	1.291644  	-0.452701 
76.000000 	0.385200  	1.304870  	-0.456120 
77.000000 	0.355348  	1.317859  	-0.459534 
78.000000 	0.326409  	1.327771  	-0.462875 
79.000000 	0.297471  	1.337682  	-0.466216 
80.000000 	0.268532  	1.347593  	-0.469557 
81.000000 	0.239594  	1.357504  	-0.472899 
82.000000 	0.211675  	1.364895  	-0.476107 
83.000000 	0.184164  	1.371277  	-0.479262 
84.000000 	0.156652  	1.377659  	-0.482418 
85.000000 	0.129141  	1.384042  	-0.485573 
86.000000 	0.102320  	1.389116  	-0.488728 
87.000000 	0.076740  	1.391837  	-0.491884 
88.000000 	0.051160  	1.394558  	-0.495039 
89.000000 	0.025580  	1.397279  	-0.498194 
90.000000 	0.000000  	1.400000  	-0.501349 
91.000000 	-0.017906 	1.397279  	-0.502817 
92.000000 	-0.035812 	1.394558  	-0.504285 
93.000000 	-0.053718 	1.391837  	-0.505752 
94.000000 	-0.071624 	1.389116  	-0.507220 
95.000000 	-0.090399 	1.384042  	-0.508687 
96.000000 	-0.109657 	1.377659  	-0.510155 
97.000000 	-0.128914 	1.371277  	-0.511623 
98.000000 	-0.148172 	1.364895  	-0.513090 
99.000000 	-0.167716 	1.357504  	-0.514330 
100.000000	-0.187973 	1.347593  	-0.514999 
101.000000	-0.208230 	1.337682  	-0.515669 
102.000000	-0.228487 	1.327771  	-0.516339 
103.000000	-0.248744 	1.317859  	-0.517008 
104.000000	-0.269640 	1.304870  	-0.517368 
105.000000	-0.290585 	1.291644  	-0.517703 
106.000000	-0.311531 	1.278418  	-0.518039 
107.000000	-0.332476 	1.265192  	-0.518374 
108.000000	-0.353669 	1.250238  	-0.518667 
109.000000	-0.375048 	1.233988  	-0.518929 
110.000000	-0.396427 	1.217738  	-0.519191 
111.000000	-0.417806 	1.201488  	-0.519453 
112.000000	-0.439239 	1.184668  	-0.519691 
113.000000	-0.460869 	1.165755  	-0.519847 
114.000000	-0.482499 	1.146842  	-0.520002 
115.000000	-0.504129 	1.127929  	-0.520157 
116.000000	-0.525759 	1.109017  	-0.520313 
117.000000	-0.547526 	1.088184  	-0.520597 
118.000000	-0.569317 	1.067031  	-0.520902 
119.000000	-0.591108 	1.045878  	-0.521207 
120.000000	-0.612898 	1.024725  	-0.521513 
121.000000	-0.634783 	1.002690  	-0.522396 
122.000000	-0.656761 	0.979773  	-0.523859 
123.000000	-0.678740 	0.956855  	-0.525321 
124.000000	-0.700719 	0.933938  	-0.526783 
125.000000	-0.722750 	0.910842  	-0.528245 
126.000000	-0.745098 	0.886676  	-0.529707 
127.000000	-0.767445 	0.862510  	-0.531170 
128.000000	-0.789793 	0.838344  	-0.532632 
129.000000	-0.812141 	0.814178  	-0.534094 
130.000000	-0.835081 	0.789461  	-0.538100 
131.000000	-0.858183 	0.764592  	-0.542800 
132.000000	-0.881286 	0.739724  	-0.547499 
133.000000	-0.904388 	0.714856  	-0.552199 
134.000000	-0.928101 	0.689928  	-0.557204 
135.000000	-0.952628 	0.664920  	-0.562615 
136.000000	-0.977156 	0.639913  	-0.568027 
137.000000	-1.001683 	0.614905  	-0.573439 
138.000000	-1.026390 	0.589928  	-0.579211 
139.000000	-1.053431 	0.565348  	-0.589662 
140.000000	-1.080473 	0.540767  	-0.600113 
141.000000	-1.107514 	0.516187  	-0.610564 
142.000000	-1.134555 	0.491607  	-0.621016 
143.000000	-1.164636 	0.467730  	-0.634729 
144.000000	-1.195932 	0.444136  	-0.649747 
145.000000	-1.227228 	0.420541  	-0.664765 
146.000000	-1.258525 	0.396946  	-0.679783 
147.000000	-1.292355 	0.373894  	-0.693019 
148.000000	-1.330746 	0.351821  	-0.703048 
149.000000	-1.369138 	0.329747  	-0.713077 
150.000000	-1.407529 	0.307674  	-0.723105 
151.000000	-1.445920 	0.285600  	-0.733134 
152.000000	-1.396061 	0.264958  	-0.726412 
153.000000	-1.346201 	0.244315  	-0.719691 
154.000000	-1.296342 	0.224666  	-0.712970 
155.000000	-1.246483 	0.205093  	-0.706248 
156.000000	-1.196623 	0.186524  	-0.699527 
157.000000	-1.146764 	0.168121  	-0.692805 
158.000000	-1.096905 	0.150713  	-0.686084 
159.000000	-1.047046 	0.133575  	-0.679362 
160.000000	-0.997186 	0.117405  	-0.667707 
161.000000	-0.947327 	0.101621  	-0.654078 
162.000000	-0.897468 	0.086759  	-0.638113 
163.000000	-0.847608 	0.072410  	-0.620849 
164.000000	-0.797749 	0.058923  	-0.603584 
165.000000	-0.747890 	0.046083  	-0.586320 
166.000000	-0.698030 	0.034030  	-0.569056 
167.000000	-0.648171 	0.022765  	-0.551792 
168.000000	-0.598312 	0.013156  	-0.534528 
169.000000	-0.548452 	0.005757  	-0.517264 
170.000000	-0.498593 	0.001000  	-0.490324 
171.000000	-0.448734 	0.001000  	-0.445968 
172.000000	-0.398874 	0.001000  	-0.400000 
173.000000	-0.349015 	0.001000  	-0.350000 
174.000000	-0.299156 	0.001000  	-0.300000 
175.000000	-0.249297 	0.001000  	-0.250000 
176.000000	-0.199437 	0.001000  	-0.200000 
177.000000	-0.149578 	0.001000  	-0.150000 
178.000000	-0.099719 	0.001000  	-0.100000 
179.000000	-0.049859 	0.001000  	-0.050000 
180.000000	0.000000  	0.001000  	0.000000  
! ------------------------------------------------------------------------------
! data for table	9         
! ------------------------------------------------------------------------------
  1.000000  	Re           ! Reynolds number in millions
  0.000000  	UserProp     ! User property (control) setting
Flase           InclUAdata   ! Is unsteady aerodynamics data included in this table? If TRUE, then include UA coefficients below this line. Any missing coefficients will be calculated internally.
! Table of aerodynamics coefficients
  361       	NumAlf       ! Number of data lines in the following table
!Alpha      Cl          Cd          Cm/Cp
!(deg)      (-)         (-)         (-)
-180.000000	0.000000  	0.001000  	0.000000  
-179.000000	0.050064  	0.001000  	0.040000  
-178.000000	0.100129  	0.001000  	0.080000  
-177.000000	0.150193  	0.001000  	0.120000  
-176.000000	0.200258  	0.001000  	0.160000  
-175.000000	0.250322  	0.001000  	0.200000  
-174.000000	0.300387  	0.001000  	0.240000  
-173.000000	0.350451  	0.001000  	0.280000  
-172.000000	0.400516  	0.001000  	0.320000  
-171.000000	0.450580  	0.001000  	0.358477  
-170.000000	0.500645  	0.001000  	0.396344  
-169.000000	0.550709  	0.005067  	0.427631  
-168.000000	0.600774  	0.011394  	0.455261  
-167.000000	0.650838  	0.020548  	0.482892  
-166.000000	0.700903  	0.031823  	0.510523  
-165.000000	0.750967  	0.043885  	0.538153  
-164.000000	0.801032  	0.056736  	0.565784  
-163.000000	0.851096  	0.070235  	0.593415  
-162.000000	0.901161  	0.084596  	0.621045  
-161.000000	0.951225  	0.099470  	0.646099  
-160.000000	1.001290  	0.115267  	0.666514  
-159.000000	1.051354  	0.131451  	0.683013  
-158.000000	1.101419  	0.148603  	0.689719  
-157.000000	1.151483  	0.166027  	0.696425  
-156.000000	1.201548  	0.184445  	0.703131  
-155.000000	1.251612  	0.203031  	0.709837  
-154.000000	1.301677  	0.222621  	0.716543  
-153.000000	1.351741  	0.242288  	0.723249  
-152.000000	1.401806  	0.262949  	0.729955  
-151.000000	1.451870  	0.283610  	0.736661  
-150.000000	1.413211  	0.305704  	0.726500  
-149.000000	1.374553  	0.327798  	0.716339  
-148.000000	1.335894  	0.349892  	0.706178  
-147.000000	1.297235  	0.371986  	0.696017  
-146.000000	1.263173  	0.395060  	0.682626  
-145.000000	1.231664  	0.418678  	0.667441  
-144.000000	1.200154  	0.442296  	0.652256  
-143.000000	1.168645  	0.465914  	0.637071  
-142.000000	1.138363  	0.489814  	0.623203  
-141.000000	1.111148  	0.514420  	0.612628  
-140.000000	1.083933  	0.539026  	0.602053  
-139.000000	1.056719  	0.563631  	0.591478  
-138.000000	1.029504  	0.588237  	0.580903  
-137.000000	1.004650  	0.613242  	0.575052  
-136.000000	0.979979  	0.638277  	0.569564  
-135.000000	0.955307  	0.663312  	0.564077  
-134.000000	0.930635  	0.688348  	0.558589  
-133.000000	0.906791  	0.713305  	0.553513  
-132.000000	0.883568  	0.738203  	0.548745  
-131.000000	0.860345  	0.763101  	0.543977  
-130.000000	0.837122  	0.787999  	0.539209  
-129.000000	0.814064  	0.812747  	0.535141  
-128.000000	0.791615  	0.836944  	0.533644  
-127.000000	0.769165  	0.861142  	0.532146  
-126.000000	0.746715  	0.885339  	0.530649  
-125.000000	0.724266  	0.909537  	0.529151  
-124.000000	0.702146  	0.932666  	0.527654  
-123.000000	0.680082  	0.955617  	0.526157  
-122.000000	0.658017  	0.978568  	0.524659  
-121.000000	0.635953  	1.001519  	0.523162  
-120.000000	0.613990  	1.023588  	0.522251  
-119.000000	0.592128  	1.044776  	0.521928  
-118.000000	0.570265  	1.065964  	0.521606  
-117.000000	0.548403  	1.087151  	0.521283  
-116.000000	0.526566  	1.108019  	0.520981  
-115.000000	0.504877  	1.126968  	0.520811  
-114.000000	0.483188  	1.145917  	0.520640  
-113.000000	0.461500  	1.164867  	0.520469  
-112.000000	0.439811  	1.183816  	0.520298  
-111.000000	0.418328  	1.200673  	0.520048  
-110.000000	0.396903  	1.216961  	0.519777  
-109.000000	0.375477  	1.233248  	0.519505  
-108.000000	0.354051  	1.249535  	0.519233  
-107.000000	0.332815  	1.264527  	0.518932  
-106.000000	0.311834  	1.277791  	0.518590  
-105.000000	0.290852  	1.291056  	0.518248  
-104.000000	0.269871  	1.304320  	0.517906  
-103.000000	0.248940  	1.317348  	0.517541  
-102.000000	0.228657  	1.327298  	0.516865  
-101.000000	0.208375  	1.337248  	0.516190  
-100.000000	0.188093  	1.347198  	0.515515  
-99.000000	0.167811  	1.357148  	0.514840  
-98.000000	0.148249  	1.364578  	0.513596  
-97.000000	0.128976  	1.371000  	0.512125  
-96.000000	0.109703  	1.377422  	0.510654  
-95.000000	0.090430  	1.383843  	0.509182  
-94.000000	0.071644  	1.388958  	0.507711  
-93.000000	0.053733  	1.391718  	0.506240  
-92.000000	0.035822  	1.394479  	0.504768  
-91.000000	0.017911  	1.397239  	0.503297  
-90.000000	0.000000  	1.400000  	0.501826  
-89.000000	-0.017911 	1.397239  	0.498324  
-88.000000	-0.035822 	1.394479  	0.494823  
-87.000000	-0.053733 	1.391718  	0.491321  
-86.000000	-0.071644 	1.388958  	0.487819  
-85.000000	-0.090430 	1.383843  	0.484318  
-84.000000	-0.109703 	1.377422  	0.480816  
-83.000000	-0.128976 	1.371000  	0.477314  
-82.000000	-0.148249 	1.364578  	0.473813  
-81.000000	-0.167811 	1.357148  	0.470141  
-80.000000	-0.188093 	1.347198  	0.466045  
-79.000000	-0.208375 	1.337248  	0.461948  
-78.000000	-0.228657 	1.327298  	0.457852  
-77.000000	-0.248940 	1.317348  	0.453755  
-76.000000	-0.269871 	1.304320  	0.449427  
-75.000000	-0.290852 	1.291056  	0.445082  
-74.000000	-0.311834 	1.277791  	0.440736  
-73.000000	-0.332815 	1.264527  	0.436390  
-72.000000	-0.354051 	1.249535  	0.432017  
-71.000000	-0.375477 	1.233248  	0.427623  
-70.000000	-0.396903 	1.216961  	0.423229  
-69.000000	-0.418328 	1.200673  	0.418834  
-68.000000	-0.439811 	1.183816  	0.414425  
-67.000000	-0.461500 	1.164867  	0.409961  
-66.000000	-0.483188 	1.145917  	0.405497  
-65.000000	-0.504877 	1.126968  	0.401033  
-64.000000	-0.526566 	1.108019  	0.396568  
-63.000000	-0.548403 	1.087151  	0.392142  
-62.000000	-0.570265 	1.065964  	0.387721  
-61.000000	-0.592128 	1.044776  	0.383301  
-60.000000	-0.613990 	1.023588  	0.378880  
-59.000000	-0.635953 	1.001519  	0.374629  
-58.000000	-0.658017 	0.978568  	0.370545  
-57.000000	-0.680082 	0.955617  	0.366462  
-56.000000	-0.702146 	0.932666  	0.362379  
-55.000000	-0.724266 	0.909537  	0.358296  
-54.000000	-0.746715 	0.885339  	0.354213  
-53.000000	-0.769165 	0.861142  	0.350129  
-52.000000	-0.791615 	0.836944  	0.346046  
-51.000000	-0.814064 	0.812747  	0.341963  
-50.000000	-0.837122 	0.787999  	0.338105  
-49.000000	-0.860345 	0.763101  	0.334309  
-48.000000	-0.883568 	0.738203  	0.330512  
-47.000000	-0.906791 	0.713305  	0.326716  
-46.000000	-0.930635 	0.688348  	0.322947  
-45.000000	-0.955307 	0.663312  	0.319213  
-44.000000	-0.979979 	0.638277  	0.315480  
-43.000000	-1.004650 	0.613242  	0.311747  
-42.000000	-1.029504 	0.588237  	0.307959  
-41.000000	-1.056719 	0.563631  	0.303462  
-40.000000	-1.083933 	0.539026  	0.298964  
-39.000000	-1.111148 	0.514420  	0.294467  
-38.000000	-1.138363 	0.489814  	0.289970  
-37.000000	-1.168645 	0.465914  	0.284978  
-36.000000	-1.200154 	0.442296  	0.279788  
-35.000000	-1.231664 	0.418678  	0.274598  
-34.000000	-1.263173 	0.395060  	0.269408  
-33.000000	-1.297235 	0.371986  	0.263559  
-32.000000	-1.335894 	0.349892  	0.256522  
-31.000000	-1.374553 	0.327798  	0.249485  
-30.000000	-1.413211 	0.305704  	0.242449  
-29.000000	-1.451870 	0.283610  	0.235412  
-28.000000	-1.404129 	0.269966  	0.222174  
-27.000000	-1.356389 	0.256323  	0.208937  
-26.000000	-1.308648 	0.242679  	0.195700  
-25.000000	-1.260908 	0.229035  	0.182463  
-24.000000	-1.213167 	0.215392  	0.169225  
-23.000000	-1.165427 	0.201748  	0.155988  
-22.000000	-1.117686 	0.188104  	0.142751  
-21.000000	-1.069946 	0.174461  	0.129513  
-20.000000	-1.022205 	0.160817  	0.116784  
-19.000000	-0.974465 	0.147173  	0.104648  
-18.000000	-0.926724 	0.133529  	0.093021  
-17.000000	-0.878984 	0.119886  	0.081393  
-16.000000	-0.831243 	0.106242  	0.069766  
-15.000000	-0.783503 	0.092598  	0.058138  
-14.000000	-0.735762 	0.078955  	0.046510  
-13.000000	-0.688022 	0.065311  	0.034883  
-12.000000	-0.640281 	0.051667  	-0.008350 
-11.000000	-0.592541 	0.038024  	-0.064225 
-10.000000	-0.544800 	0.024380  	-0.120100 
-9.000000 	-0.407700 	0.024600  	-0.128000 
-8.000000 	-0.268900 	0.024770  	-0.136300 
-7.000000 	-0.129800 	0.024950  	-0.144500 
-6.000000 	0.008400  	0.025140  	-0.152300 
-5.000000 	0.147000  	0.025340  	-0.160300 
-4.000000 	0.283600  	0.025580  	-0.167500 
-3.000000 	0.420700  	0.025830  	-0.174900 
-2.000000 	0.556000  	0.026100  	-0.181700 
-1.000000 	0.690600  	0.026390  	-0.188300 
0.000000  	0.824100  	0.026730  	-0.194700 
1.000000  	0.956400  	0.027070  	-0.200600 
2.000000  	1.087100  	0.027440  	-0.206200 
3.000000  	1.216600  	0.027880  	-0.211500 
4.000000  	1.344200  	0.028390  	-0.216300 
5.000000  	1.470100  	0.028950  	-0.220700 
6.000000  	1.594000  	0.029580  	-0.224600 
7.000000  	1.715800  	0.030300  	-0.228100 
8.000000  	1.834900  	0.031160  	-0.231000 
9.000000  	1.948800  	0.032310  	-0.232800 
10.000000 	2.057800  	0.033700  	-0.233700 
11.000000 	2.151600  	0.036050  	-0.231500 
12.000000 	2.210000  	0.040380  	-0.222400 
13.000000 	2.189200  	0.050370  	-0.199900 
14.000000 	2.178100  	0.062950  	-0.186400 
15.000000 	2.158400  	0.078260  	-0.177400 
16.000000 	2.127600  	0.095630  	-0.171600 
17.000000 	2.103000  	0.112740  	-0.169300 
18.000000 	2.085600  	0.129090  	-0.169800 
19.000000 	2.073200  	0.145060  	-0.172700 
20.000000 	2.064500  	0.160570  	-0.177500 
21.000000 	2.063600  	0.174915  	-0.184400 
22.000000 	2.062700  	0.189260  	-0.191300 
23.000000 	2.066500  	0.202720  	-0.199800 
24.000000 	2.068200  	0.216510  	-0.209700 
25.000000 	2.071300  	0.229950  	-0.220600 
26.000000 	2.072900  	0.243520  	-0.232600 
27.000000 	2.076100  	0.256570  	-0.245300 
28.000000 	2.077700  	0.269700  	-0.259100 
29.000000 	2.074100  	0.283610  	-0.274500 
30.000000 	2.018873  	0.305704  	-0.281655 
31.000000 	1.963647  	0.327798  	-0.288810 
32.000000 	1.908420  	0.349892  	-0.295964 
33.000000 	1.853193  	0.371986  	-0.303119 
34.000000 	1.804532  	0.395060  	-0.309530 
35.000000 	1.759519  	0.418678  	-0.315528 
36.000000 	1.714506  	0.442296  	-0.321526 
37.000000 	1.669493  	0.465914  	-0.327525 
38.000000 	1.626233  	0.489814  	-0.333115 
39.000000 	1.587355  	0.514420  	-0.337685 
40.000000 	1.548476  	0.539026  	-0.342255 
41.000000 	1.509598  	0.563631  	-0.346825 
42.000000 	1.470720  	0.588237  	-0.351394 
43.000000 	1.435215  	0.613242  	-0.354501 
44.000000 	1.399970  	0.638277  	-0.357495 
45.000000 	1.364724  	0.663312  	-0.360489 
46.000000 	1.329479  	0.688348  	-0.363483 
47.000000 	1.295416  	0.713305  	-0.366460 
48.000000 	1.262240  	0.738203  	-0.369424 
49.000000 	1.229064  	0.763101  	-0.372388 
50.000000 	1.195888  	0.787999  	-0.375352 
51.000000 	1.162949  	0.812747  	-0.378286 
52.000000 	1.130878  	0.836944  	-0.381112 
53.000000 	1.098807  	0.861142  	-0.383939 
54.000000 	1.066736  	0.885339  	-0.386765 
55.000000 	1.034666  	0.909537  	-0.389592 
56.000000 	1.003066  	0.932666  	-0.392418 
57.000000 	0.971546  	0.955617  	-0.395245 
58.000000 	0.940025  	0.978568  	-0.398071 
59.000000 	0.908504  	1.001519  	-0.400898 
60.000000 	0.877128  	1.023588  	-0.403889 
61.000000 	0.845897  	1.044776  	-0.407044 
62.000000 	0.814665  	1.065964  	-0.410199 
63.000000 	0.783433  	1.087151  	-0.413354 
64.000000 	0.752237  	1.108019  	-0.416515 
65.000000 	0.721253  	1.126968  	-0.419713 
66.000000 	0.690269  	1.145917  	-0.422911 
67.000000 	0.659285  	1.164867  	-0.426108 
68.000000 	0.628301  	1.183816  	-0.429306 
69.000000 	0.597612  	1.200673  	-0.432614 
70.000000 	0.567004  	1.216961  	-0.435952 
71.000000 	0.536395  	1.233248  	-0.439290 
72.000000 	0.505786  	1.249535  	-0.442627 
73.000000 	0.475450  	1.264527  	-0.446007 
74.000000 	0.445477  	1.277791  	-0.449442 
75.000000 	0.415504  	1.291056  	-0.452877 
76.000000 	0.385530  	1.304320  	-0.456312 
77.000000 	0.355628  	1.317348  	-0.459742 
78.000000 	0.326654  	1.327298  	-0.463101 
79.000000 	0.297679  	1.337248  	-0.466460 
80.000000 	0.268704  	1.347198  	-0.469819 
81.000000 	0.239729  	1.357148  	-0.473178 
82.000000 	0.211785  	1.364578  	-0.476408 
83.000000 	0.184252  	1.371000  	-0.479585 
84.000000 	0.156719  	1.377422  	-0.482762 
85.000000 	0.129186  	1.383843  	-0.485939 
86.000000 	0.102348  	1.388958  	-0.489117 
87.000000 	0.076761  	1.391718  	-0.492294 
88.000000 	0.051174  	1.394479  	-0.495471 
89.000000 	0.025587  	1.397239  	-0.498649 
90.000000 	0.000000  	1.400000  	-0.501826 
91.000000 	-0.017911 	1.397239  	-0.503297 
92.000000 	-0.035822 	1.394479  	-0.504768 
93.000000 	-0.053733 	1.391718  	-0.506240 
94.000000 	-0.071644 	1.388958  	-0.507711 
95.000000 	-0.090430 	1.383843  	-0.509182 
96.000000 	-0.109703 	1.377422  	-0.510654 
97.000000 	-0.128976 	1.371000  	-0.512125 
98.000000 	-0.148249 	1.364578  	-0.513596 
99.000000 	-0.167811 	1.357148  	-0.514840 
100.000000	-0.188093 	1.347198  	-0.515515 
101.000000	-0.208375 	1.337248  	-0.516190 
102.000000	-0.228657 	1.327298  	-0.516865 
103.000000	-0.248940 	1.317348  	-0.517541 
104.000000	-0.269871 	1.304320  	-0.517906 
105.000000	-0.290852 	1.291056  	-0.518248 
106.000000	-0.311834 	1.277791  	-0.518590 
107.000000	-0.332815 	1.264527  	-0.518932 
108.000000	-0.354051 	1.249535  	-0.519233 
109.000000	-0.375477 	1.233248  	-0.519505 
110.000000	-0.396903 	1.216961  	-0.519777 
111.000000	-0.418328 	1.200673  	-0.520048 
112.000000	-0.439811 	1.183816  	-0.520298 
113.000000	-0.461500 	1.164867  	-0.520469 
114.000000	-0.483188 	1.145917  	-0.520640 
115.000000	-0.504877 	1.126968  	-0.520811 
116.000000	-0.526566 	1.108019  	-0.520981 
117.000000	-0.548403 	1.087151  	-0.521283 
118.000000	-0.570265 	1.065964  	-0.521606 
119.000000	-0.592128 	1.044776  	-0.521928 
120.000000	-0.613990 	1.023588  	-0.522251 
121.000000	-0.635953 	1.001519  	-0.523162 
122.000000	-0.658017 	0.978568  	-0.524659 
123.000000	-0.680082 	0.955617  	-0.526157 
124.000000	-0.702146 	0.932666  	-0.527654 
125.000000	-0.724266 	0.909537  	-0.529151 
126.000000	-0.746715 	0.885339  	-0.530649 
127.000000	-0.769165 	0.861142  	-0.532146 
128.000000	-0.791615 	0.836944  	-0.533644 
129.000000	-0.814064 	0.812747  	-0.535141 
130.000000	-0.837122 	0.787999  	-0.539209 
131.000000	-0.860345 	0.763101  	-0.543977 
132.000000	-0.883568 	0.738203  	-0.548745 
133.000000	-0.906791 	0.713305  	-0.553513 
134.000000	-0.930635 	0.688348  	-0.558589 
135.000000	-0.955307 	0.663312  	-0.564077 
136.000000	-0.979979 	0.638277  	-0.569564 
137.000000	-1.004650 	0.613242  	-0.575052 
138.000000	-1.029504 	0.588237  	-0.580903 
139.000000	-1.056719 	0.563631  	-0.591478 
140.000000	-1.083933 	0.539026  	-0.602053 
141.000000	-1.111148 	0.514420  	-0.612628 
142.000000	-1.138363 	0.489814  	-0.623203 
143.000000	-1.168645 	0.465914  	-0.637071 
144.000000	-1.200154 	0.442296  	-0.652256 
145.000000	-1.231664 	0.418678  	-0.667441 
146.000000	-1.263173 	0.395060  	-0.682626 
147.000000	-1.297235 	0.371986  	-0.696017 
148.000000	-1.335894 	0.349892  	-0.706178 
149.000000	-1.374553 	0.327798  	-0.716339 
150.000000	-1.413211 	0.305704  	-0.726500 
151.000000	-1.451870 	0.283610  	-0.736661 
152.000000	-1.401806 	0.262949  	-0.729955 
153.000000	-1.351741 	0.242288  	-0.723249 
154.000000	-1.301677 	0.222621  	-0.716543 
155.000000	-1.251612 	0.203031  	-0.709837 
156.000000	-1.201548 	0.184445  	-0.703131 
157.000000	-1.151483 	0.166027  	-0.696425 
158.000000	-1.101419 	0.148603  	-0.689719 
159.000000	-1.051354 	0.131451  	-0.683013 
160.000000	-1.001290 	0.115267  	-0.671194 
161.000000	-0.951225 	0.099470  	-0.657331 
162.000000	-0.901161 	0.084596  	-0.641045 
163.000000	-0.851096 	0.070235  	-0.623415 
164.000000	-0.801032 	0.056736  	-0.605784 
165.000000	-0.750967 	0.043885  	-0.588153 
166.000000	-0.700903 	0.031823  	-0.570523 
167.000000	-0.650838 	0.020548  	-0.552892 
168.000000	-0.600774 	0.011394  	-0.535261 
169.000000	-0.550709 	0.005067  	-0.517631 
170.000000	-0.500645 	0.001000  	-0.490433 
171.000000	-0.450580 	0.001000  	-0.446014 
172.000000	-0.400516 	0.001000  	-0.400000 
173.000000	-0.350451 	0.001000  	-0.350000 
174.000000	-0.300387 	0.001000  	-0.300000 
175.000000	-0.250322 	0.001000  	-0.250000 
176.000000	-0.200258 	0.001000  	-0.200000 
177.000000	-0.150193 	0.001000  	-0.150000 
178.000000	-0.100129 	0.001000  	-0.100000 
179.000000	-0.050064 	0.001000  	-0.050000 
180.000000	0.000000  	0.001000  	0.000000  
! ------------------------------------------------------------------------------
! data for table	10        
! ------------------------------------------------------------------------------
  1.100000  	Re           ! Reynolds number in millions
  0.000000  	UserProp     ! User property (control) setting
Flase           InclUAdata   ! Is unsteady aerodynamics data included in this table? If TRUE, then include UA coefficients below this line. Any missing coefficients will be calculated internally.
! Table of aerodynamics coefficients
  361       	NumAlf       ! Number of data lines in the following table
!Alpha      Cl          Cd          Cm/Cp
!(deg)      (-)         (-)         (-)
-180.000000	0.000000  	0.001000  	0.000000  
-179.000000	0.050323  	0.001000  	0.040000  
-178.000000	0.100646  	0.001000  	0.080000  
-177.000000	0.150968  	0.001000  	0.120000  
-176.000000	0.201291  	0.001000  	0.160000  
-175.000000	0.251614  	0.001000  	0.200000  
-174.000000	0.301937  	0.001000  	0.240000  
-173.000000	0.352259  	0.001000  	0.280000  
-172.000000	0.402582  	0.001000  	0.320000  
-171.000000	0.452905  	0.001000  	0.358541  
-170.000000	0.503228  	0.001000  	0.396499  
-169.000000	0.553550  	0.004405  	0.428154  
-168.000000	0.603873  	0.009702  	0.456308  
-167.000000	0.654196  	0.018420  	0.484463  
-166.000000	0.704519  	0.029704  	0.512617  
-165.000000	0.754841  	0.041776  	0.540771  
-164.000000	0.805164  	0.054637  	0.568925  
-163.000000	0.855487  	0.068146  	0.597079  
-162.000000	0.905810  	0.082519  	0.625233  
-161.000000	0.956132  	0.097405  	0.650743  
-160.000000	1.006455  	0.113215  	0.671493  
-159.000000	1.056778  	0.129413  	0.688224  
-158.000000	1.107101  	0.146579  	0.694906  
-157.000000	1.157423  	0.164017  	0.701589  
-156.000000	1.207746  	0.182451  	0.708271  
-155.000000	1.258069  	0.201052  	0.714953  
-154.000000	1.308392  	0.220659  	0.721636  
-153.000000	1.358714  	0.240342  	0.728318  
-152.000000	1.409037  	0.261021  	0.735000  
-151.000000	1.459360  	0.281700  	0.741683  
-150.000000	1.420365  	0.303814  	0.731341  
-149.000000	1.381369  	0.325928  	0.721000  
-148.000000	1.342374  	0.348041  	0.710658  
-147.000000	1.303378  	0.370155  	0.700317  
-146.000000	1.269023  	0.393250  	0.686715  
-145.000000	1.237246  	0.416890  	0.671303  
-144.000000	1.205470  	0.440531  	0.655890  
-143.000000	1.173693  	0.464171  	0.640478  
-142.000000	1.143157  	0.488094  	0.626399  
-141.000000	1.115723  	0.512724  	0.615656  
-140.000000	1.088290  	0.537354  	0.604912  
-139.000000	1.060856  	0.561984  	0.594169  
-138.000000	1.033423  	0.586614  	0.583425  
-137.000000	1.008385  	0.611645  	0.577465  
-136.000000	0.983532  	0.636707  	0.571874  
-135.000000	0.958679  	0.661769  	0.566282  
-134.000000	0.933826  	0.686831  	0.560690  
-133.000000	0.909817  	0.711816  	0.555515  
-132.000000	0.886441  	0.736742  	0.550653  
-131.000000	0.863066  	0.761669  	0.545790  
-130.000000	0.839690  	0.786596  	0.540927  
-129.000000	0.816486  	0.811372  	0.536775  
-128.000000	0.793908  	0.835600  	0.535227  
-127.000000	0.771330  	0.859828  	0.533678  
-126.000000	0.748752  	0.884056  	0.532130  
-125.000000	0.726174  	0.908284  	0.530581  
-124.000000	0.703943  	0.931445  	0.529033  
-123.000000	0.681771  	0.954428  	0.527485  
-122.000000	0.659599  	0.977411  	0.525936  
-121.000000	0.637426  	1.000394  	0.524388  
-120.000000	0.615364  	1.022497  	0.523438  
-119.000000	0.593412  	1.043718  	0.523086  
-118.000000	0.571459  	1.064939  	0.522734  
-117.000000	0.549507  	1.086160  	0.522383  
-116.000000	0.527582  	1.107062  	0.522053  
-115.000000	0.505819  	1.126046  	0.521857  
-114.000000	0.484056  	1.145030  	0.521660  
-113.000000	0.462294  	1.164014  	0.521464  
-112.000000	0.440531  	1.182998  	0.521267  
-111.000000	0.418986  	1.199891  	0.520997  
-110.000000	0.397501  	1.216214  	0.520706  
-109.000000	0.376016  	1.232538  	0.520415  
-108.000000	0.354531  	1.248861  	0.520124  
-107.000000	0.333242  	1.263889  	0.519805  
-106.000000	0.312216  	1.277190  	0.519448  
-105.000000	0.291189  	1.290491  	0.519092  
-104.000000	0.270162  	1.303792  	0.518735  
-103.000000	0.249187  	1.316856  	0.518355  
-102.000000	0.228873  	1.326844  	0.517666  
-101.000000	0.208558  	1.336832  	0.516977  
-100.000000	0.188244  	1.346819  	0.516288  
-99.000000	0.167930  	1.356807  	0.515599  
-98.000000	0.148346  	1.364274  	0.514343  
-97.000000	0.129054  	1.370734  	0.512860  
-96.000000	0.109762  	1.377194  	0.511378  
-95.000000	0.090470  	1.383653  	0.509895  
-94.000000	0.071669  	1.388805  	0.508412  
-93.000000	0.053752  	1.391604  	0.506929  
-92.000000	0.035834  	1.394403  	0.505446  
-91.000000	0.017917  	1.397201  	0.503963  
-90.000000	0.000000  	1.400000  	0.502480  
-89.000000	-0.017917 	1.397201  	0.498950  
-88.000000	-0.035834 	1.394403  	0.495419  
-87.000000	-0.053752 	1.391604  	0.491888  
-86.000000	-0.071669 	1.388805  	0.488358  
-85.000000	-0.090470 	1.383653  	0.484827  
-84.000000	-0.109762 	1.377194  	0.481297  
-83.000000	-0.129054 	1.370734  	0.477766  
-82.000000	-0.148346 	1.364274  	0.474236  
-81.000000	-0.167930 	1.356807  	0.470536  
-80.000000	-0.188244 	1.346819  	0.466416  
-79.000000	-0.208558 	1.336832  	0.462295  
-78.000000	-0.228873 	1.326844  	0.458174  
-77.000000	-0.249187 	1.316856  	0.454053  
-76.000000	-0.270162 	1.303792  	0.449703  
-75.000000	-0.291189 	1.290491  	0.445335  
-74.000000	-0.312216 	1.277190  	0.440968  
-73.000000	-0.333242 	1.263889  	0.436600  
-72.000000	-0.354531 	1.248861  	0.432206  
-71.000000	-0.376016 	1.232538  	0.427793  
-70.000000	-0.397501 	1.216214  	0.423380  
-69.000000	-0.418986 	1.199891  	0.418967  
-68.000000	-0.440531 	1.182998  	0.414540  
-67.000000	-0.462294 	1.164014  	0.410062  
-66.000000	-0.484056 	1.145030  	0.405584  
-65.000000	-0.505819 	1.126046  	0.401106  
-64.000000	-0.527582 	1.107062  	0.396628  
-63.000000	-0.549507 	1.086160  	0.392188  
-62.000000	-0.571459 	1.064939  	0.387754  
-61.000000	-0.593412 	1.043718  	0.383320  
-60.000000	-0.615364 	1.022497  	0.378887  
-59.000000	-0.637426 	1.000394  	0.374624  
-58.000000	-0.659599 	0.977411  	0.370531  
-57.000000	-0.681771 	0.954428  	0.366439  
-56.000000	-0.703943 	0.931445  	0.362346  
-55.000000	-0.726174 	0.908284  	0.358254  
-54.000000	-0.748752 	0.884056  	0.354162  
-53.000000	-0.771330 	0.859828  	0.350069  
-52.000000	-0.793908 	0.835600  	0.345977  
-51.000000	-0.816486 	0.811372  	0.341884  
-50.000000	-0.839690 	0.786596  	0.338010  
-49.000000	-0.863066 	0.761669  	0.334196  
-48.000000	-0.886441 	0.736742  	0.330382  
-47.000000	-0.909817 	0.711816  	0.326568  
-46.000000	-0.933826 	0.686831  	0.322780  
-45.000000	-0.958679 	0.661769  	0.319027  
-44.000000	-0.983532 	0.636707  	0.315274  
-43.000000	-1.008385 	0.611645  	0.311521  
-42.000000	-1.033423 	0.586614  	0.307711  
-41.000000	-1.060856 	0.561984  	0.303163  
-40.000000	-1.088290 	0.537354  	0.298616  
-39.000000	-1.115723 	0.512724  	0.294068  
-38.000000	-1.143157 	0.488094  	0.289520  
-37.000000	-1.173693 	0.464171  	0.284458  
-36.000000	-1.205470 	0.440531  	0.279191  
-35.000000	-1.237246 	0.416890  	0.273923  
-34.000000	-1.269023 	0.393250  	0.268655  
-33.000000	-1.303378 	0.370155  	0.262728  
-32.000000	-1.342374 	0.348041  	0.255612  
-31.000000	-1.381369 	0.325928  	0.248496  
-30.000000	-1.420365 	0.303814  	0.241381  
-29.000000	-1.459360 	0.281700  	0.234265  
-28.000000	-1.411178 	0.268152  	0.220945  
-27.000000	-1.362996 	0.254603  	0.207625  
-26.000000	-1.314814 	0.241055  	0.194305  
-25.000000	-1.266632 	0.227506  	0.180985  
-24.000000	-1.218449 	0.213958  	0.167666  
-23.000000	-1.170267 	0.200409  	0.154346  
-22.000000	-1.122085 	0.186861  	0.141026  
-21.000000	-1.073903 	0.173313  	0.127706  
-20.000000	-1.025721 	0.159764  	0.114980  
-19.000000	-0.977539 	0.146216  	0.102948  
-18.000000	-0.929357 	0.132667  	0.091509  
-17.000000	-0.881175 	0.119119  	0.080070  
-16.000000	-0.832993 	0.105571  	0.068632  
-15.000000	-0.784811 	0.092022  	0.057193  
-14.000000	-0.736628 	0.078474  	0.045754  
-13.000000	-0.688446 	0.064925  	0.034316  
-12.000000	-0.640264 	0.051377  	-0.008807 
-11.000000	-0.592082 	0.037828  	-0.064603 
-10.000000	-0.543900 	0.024280  	-0.120400 
-9.000000 	-0.405500 	0.024470  	-0.128700 
-8.000000 	-0.266900 	0.024670  	-0.136800 
-7.000000 	-0.126800 	0.024810  	-0.145400 
-6.000000 	0.011100  	0.025020  	-0.153100 
-5.000000 	0.149500  	0.025240  	-0.161000 
-4.000000 	0.286300  	0.025480  	-0.168200 
-3.000000 	0.422150  	0.025740  	-0.175250 
-2.000000 	0.558000  	0.026000  	-0.182300 
-1.000000 	0.693300  	0.026280  	-0.189100 
0.000000  	0.827000  	0.026580  	-0.195400 
1.000000  	0.959000  	0.026910  	-0.201300 
2.000000  	1.090100  	0.027290  	-0.207000 
3.000000  	1.219300  	0.027730  	-0.212200 
4.000000  	1.346800  	0.028230  	-0.217000 
5.000000  	1.472600  	0.028770  	-0.221300 
6.000000  	1.597000  	0.029370  	-0.225400 
7.000000  	1.719200  	0.030070  	-0.228900 
8.000000  	1.838200  	0.030900  	-0.231800 
9.000000  	1.954600  	0.031860  	-0.234100 
10.000000 	2.062200  	0.033380  	-0.234700 
11.000000 	2.157400  	0.035640  	-0.232800 
12.000000 	2.222800  	0.039620  	-0.225100 
13.000000 	2.202500  	0.049260  	-0.202100 
14.000000 	2.192000  	0.061530  	-0.188000 
15.000000 	2.169500  	0.077040  	-0.178400 
16.000000 	2.144000  	0.093650  	-0.172500 
17.000000 	2.119000  	0.110790  	-0.169900 
18.000000 	2.097900  	0.127550  	-0.170000 
19.000000 	2.083100  	0.143810  	-0.172700 
20.000000 	2.078300  	0.158710  	-0.177100 
21.000000 	2.076900  	0.173100  	-0.183000 
22.000000 	2.078800  	0.186870  	-0.190200 
23.000000 	2.079100  	0.200850  	-0.198800 
24.000000 	2.083600  	0.214090  	-0.208200 
25.000000 	2.084400  	0.227850  	-0.219100 
26.000000 	2.086700  	0.241200  	-0.230800 
27.000000 	2.082600  	0.255590  	-0.244500 
28.000000 	2.086400  	0.268210  	-0.257700 
29.000000 	2.084800  	0.281700  	-0.272600 
30.000000 	2.029092  	0.303814  	-0.279899 
31.000000 	1.973385  	0.325928  	-0.287198 
32.000000 	1.917677  	0.348041  	-0.294497 
33.000000 	1.861969  	0.370155  	-0.301795 
34.000000 	1.812891  	0.393250  	-0.308335 
35.000000 	1.767495  	0.416890  	-0.314453 
36.000000 	1.722099  	0.440531  	-0.320571 
37.000000 	1.676704  	0.464171  	-0.326689 
38.000000 	1.633081  	0.488094  	-0.332387 
39.000000 	1.593891  	0.512724  	-0.337036 
40.000000 	1.554700  	0.537354  	-0.341685 
41.000000 	1.515509  	0.561984  	-0.346333 
42.000000 	1.476319  	0.586614  	-0.350982 
43.000000 	1.440551  	0.611645  	-0.354125 
44.000000 	1.405046  	0.636707  	-0.357153 
45.000000 	1.369542  	0.661769  	-0.360180 
46.000000 	1.334037  	0.686831  	-0.363208 
47.000000 	1.299739  	0.711816  	-0.366216 
48.000000 	1.266345  	0.736742  	-0.369209 
49.000000 	1.232951  	0.761669  	-0.372203 
50.000000 	1.199558  	0.786596  	-0.375197 
51.000000 	1.166408  	0.811372  	-0.378158 
52.000000 	1.134154  	0.835600  	-0.380998 
53.000000 	1.101900  	0.859828  	-0.383838 
54.000000 	1.069645  	0.884056  	-0.386678 
55.000000 	1.037391  	0.908284  	-0.389518 
56.000000 	1.005634  	0.931445  	-0.392358 
57.000000 	0.973959  	0.954428  	-0.395198 
58.000000 	0.942284  	0.977411  	-0.398038 
59.000000 	0.910609  	1.000394  	-0.400878 
60.000000 	0.879091  	1.022497  	-0.403883 
61.000000 	0.847731  	1.043718  	-0.407053 
62.000000 	0.816370  	1.064939  	-0.410223 
63.000000 	0.785010  	1.086160  	-0.413393 
64.000000 	0.753688  	1.107062  	-0.416569 
65.000000 	0.722599  	1.126046  	-0.419781 
66.000000 	0.691509  	1.145030  	-0.422994 
67.000000 	0.660419  	1.164014  	-0.426207 
68.000000 	0.629330  	1.182998  	-0.429419 
69.000000 	0.598552  	1.199891  	-0.432745 
70.000000 	0.567859  	1.216214  	-0.436102 
71.000000 	0.537165  	1.232538  	-0.439459 
72.000000 	0.506472  	1.248861  	-0.442817 
73.000000 	0.476060  	1.263889  	-0.446217 
74.000000 	0.446022  	1.277190  	-0.449674 
75.000000 	0.415984  	1.290491  	-0.453131 
76.000000 	0.385946  	1.303792  	-0.456589 
77.000000 	0.355981  	1.316856  	-0.460041 
78.000000 	0.326961  	1.326844  	-0.463424 
79.000000 	0.297940  	1.336832  	-0.466807 
80.000000 	0.268920  	1.346819  	-0.470191 
81.000000 	0.239900  	1.356807  	-0.473574 
82.000000 	0.211923  	1.364274  	-0.476831 
83.000000 	0.184363  	1.370734  	-0.480037 
84.000000 	0.156803  	1.377194  	-0.483243 
85.000000 	0.129243  	1.383653  	-0.486449 
86.000000 	0.102384  	1.388805  	-0.489655 
87.000000 	0.076788  	1.391604  	-0.492862 
88.000000 	0.051192  	1.394403  	-0.496068 
89.000000 	0.025596  	1.397201  	-0.499274 
90.000000 	0.000000  	1.400000  	-0.502480 
91.000000 	-0.017917 	1.397201  	-0.503963 
92.000000 	-0.035834 	1.394403  	-0.505446 
93.000000 	-0.053752 	1.391604  	-0.506929 
94.000000 	-0.071669 	1.388805  	-0.508412 
95.000000 	-0.090470 	1.383653  	-0.509895 
96.000000 	-0.109762 	1.377194  	-0.511378 
97.000000 	-0.129054 	1.370734  	-0.512860 
98.000000 	-0.148346 	1.364274  	-0.514343 
99.000000 	-0.167930 	1.356807  	-0.515599 
100.000000	-0.188244 	1.346819  	-0.516288 
101.000000	-0.208558 	1.336832  	-0.516977 
102.000000	-0.228873 	1.326844  	-0.517666 
103.000000	-0.249187 	1.316856  	-0.518355 
104.000000	-0.270162 	1.303792  	-0.518735 
105.000000	-0.291189 	1.290491  	-0.519092 
106.000000	-0.312216 	1.277190  	-0.519448 
107.000000	-0.333242 	1.263889  	-0.519805 
108.000000	-0.354531 	1.248861  	-0.520124 
109.000000	-0.376016 	1.232538  	-0.520415 
110.000000	-0.397501 	1.216214  	-0.520706 
111.000000	-0.418986 	1.199891  	-0.520997 
112.000000	-0.440531 	1.182998  	-0.521267 
113.000000	-0.462294 	1.164014  	-0.521464 
114.000000	-0.484056 	1.145030  	-0.521660 
115.000000	-0.505819 	1.126046  	-0.521857 
116.000000	-0.527582 	1.107062  	-0.522053 
117.000000	-0.549507 	1.086160  	-0.522383 
118.000000	-0.571459 	1.064939  	-0.522734 
119.000000	-0.593412 	1.043718  	-0.523086 
120.000000	-0.615364 	1.022497  	-0.523438 
121.000000	-0.637426 	1.000394  	-0.524388 
122.000000	-0.659599 	0.977411  	-0.525936 
123.000000	-0.681771 	0.954428  	-0.527485 
124.000000	-0.703943 	0.931445  	-0.529033 
125.000000	-0.726174 	0.908284  	-0.530581 
126.000000	-0.748752 	0.884056  	-0.532130 
127.000000	-0.771330 	0.859828  	-0.533678 
128.000000	-0.793908 	0.835600  	-0.535227 
129.000000	-0.816486 	0.811372  	-0.536775 
130.000000	-0.839690 	0.786596  	-0.540927 
131.000000	-0.863066 	0.761669  	-0.545790 
132.000000	-0.886441 	0.736742  	-0.550653 
133.000000	-0.909817 	0.711816  	-0.555515 
134.000000	-0.933826 	0.686831  	-0.560690 
135.000000	-0.958679 	0.661769  	-0.566282 
136.000000	-0.983532 	0.636707  	-0.571874 
137.000000	-1.008385 	0.611645  	-0.577465 
138.000000	-1.033423 	0.586614  	-0.583425 
139.000000	-1.060856 	0.561984  	-0.594169 
140.000000	-1.088290 	0.537354  	-0.604912 
141.000000	-1.115723 	0.512724  	-0.615656 
142.000000	-1.143157 	0.488094  	-0.626399 
143.000000	-1.173693 	0.464171  	-0.640478 
144.000000	-1.205470 	0.440531  	-0.655890 
145.000000	-1.237246 	0.416890  	-0.671303 
146.000000	-1.269023 	0.393250  	-0.686715 
147.000000	-1.303378 	0.370155  	-0.700317 
148.000000	-1.342374 	0.348041  	-0.710658 
149.000000	-1.381369 	0.325928  	-0.721000 
150.000000	-1.420365 	0.303814  	-0.731341 
151.000000	-1.459360 	0.281700  	-0.741683 
152.000000	-1.409037 	0.261021  	-0.735000 
153.000000	-1.358714 	0.240342  	-0.728318 
154.000000	-1.308392 	0.220659  	-0.721636 
155.000000	-1.258069 	0.201052  	-0.714953 
156.000000	-1.207746 	0.182451  	-0.708271 
157.000000	-1.157423 	0.164017  	-0.701589 
158.000000	-1.107101 	0.146579  	-0.694906 
159.000000	-1.056778 	0.129413  	-0.688224 
160.000000	-1.006455 	0.113215  	-0.676173 
161.000000	-0.956132 	0.097405  	-0.661975 
162.000000	-0.905810 	0.082519  	-0.645233 
163.000000	-0.855487 	0.068146  	-0.627079 
164.000000	-0.805164 	0.054637  	-0.608925 
165.000000	-0.754841 	0.041776  	-0.590771 
166.000000	-0.704519 	0.029704  	-0.572617 
167.000000	-0.654196 	0.018420  	-0.554463 
168.000000	-0.603873 	0.009702  	-0.536308 
169.000000	-0.553550 	0.004405  	-0.518154 
170.000000	-0.503228 	0.001000  	-0.490587 
171.000000	-0.452905 	0.001000  	-0.446078 
172.000000	-0.402582 	0.001000  	-0.400000 
173.000000	-0.352259 	0.001000  	-0.350000 
174.000000	-0.301937 	0.001000  	-0.300000 
175.000000	-0.251614 	0.001000  	-0.250000 
176.000000	-0.201291 	0.001000  	-0.200000 
177.000000	-0.150968 	0.001000  	-0.150000 
178.000000	-0.100646 	0.001000  	-0.100000 
179.000000	-0.050323 	0.001000  	-0.050000 
180.000000	0.000000  	0.001000  	0.000000  
! ------------------------------------------------------------------------------
! data for table	11        
! ------------------------------------------------------------------------------
  1.200000  	Re           ! Reynolds number in millions
  0.000000  	UserProp     ! User property (control) setting
Flase           InclUAdata   ! Is unsteady aerodynamics data included in this table? If TRUE, then include UA coefficients below this line. Any missing coefficients will be calculated internally.
! Table of aerodynamics coefficients
  361       	NumAlf       ! Number of data lines in the following table
!Alpha      Cl          Cd          Cm/Cp
!(deg)      (-)         (-)         (-)
-180.000000	0.000000  	0.001000  	0.000000  
-179.000000	0.050557  	0.001000  	0.040000  
-178.000000	0.101114  	0.001000  	0.080000  
-177.000000	0.151671  	0.001000  	0.120000  
-176.000000	0.202228  	0.001000  	0.160000  
-175.000000	0.252784  	0.001000  	0.200000  
-174.000000	0.303341  	0.001000  	0.240000  
-173.000000	0.353898  	0.001000  	0.280000  
-172.000000	0.404455  	0.001000  	0.320000  
-171.000000	0.455012  	0.001000  	0.358598  
-170.000000	0.505569  	0.001000  	0.396636  
-169.000000	0.556126  	0.003802  	0.428620  
-168.000000	0.606683  	0.008162  	0.457239  
-167.000000	0.657240  	0.016482  	0.485859  
-166.000000	0.707797  	0.027774  	0.514478  
-165.000000	0.758353  	0.039855  	0.543098  
-164.000000	0.808910  	0.052725  	0.571717  
-163.000000	0.859467  	0.066244  	0.600337  
-162.000000	0.910024  	0.080627  	0.628956  
-161.000000	0.960581  	0.095524  	0.654871  
-160.000000	1.011138  	0.111346  	0.675919  
-159.000000	1.061695  	0.127556  	0.692856  
-158.000000	1.112252  	0.144735  	0.699518  
-157.000000	1.162809  	0.162186  	0.706179  
-156.000000	1.213366  	0.180633  	0.712840  
-155.000000	1.263922  	0.199249  	0.719501  
-154.000000	1.314479  	0.218871  	0.726163  
-153.000000	1.365036  	0.238570  	0.732824  
-152.000000	1.415593  	0.259265  	0.739485  
-151.000000	1.466150  	0.279960  	0.746146  
-150.000000	1.426849  	0.302092  	0.735642  
-149.000000	1.387549  	0.324224  	0.725138  
-148.000000	1.348248  	0.346355  	0.714634  
-147.000000	1.308947  	0.368487  	0.704130  
-146.000000	1.274327  	0.391602  	0.690339  
-145.000000	1.242308  	0.415262  	0.674722  
-144.000000	1.210288  	0.438922  	0.659105  
-143.000000	1.178268  	0.462583  	0.643488  
-142.000000	1.147502  	0.486526  	0.629220  
-141.000000	1.119871  	0.511179  	0.618325  
-140.000000	1.092239  	0.535831  	0.607430  
-139.000000	1.064608  	0.560483  	0.596534  
-138.000000	1.036976  	0.585136  	0.585639  
-137.000000	1.011772  	0.610191  	0.579582  
-136.000000	0.986754  	0.635277  	0.573896  
-135.000000	0.961736  	0.660363  	0.568211  
-134.000000	0.936718  	0.685450  	0.562526  
-133.000000	0.912560  	0.710459  	0.557262  
-132.000000	0.889046  	0.735412  	0.552315  
-131.000000	0.865533  	0.760365  	0.547367  
-130.000000	0.842019  	0.785317  	0.542420  
-129.000000	0.818681  	0.810121  	0.538191  
-128.000000	0.795986  	0.834376  	0.536597  
-127.000000	0.773292  	0.858632  	0.535003  
-126.000000	0.750598  	0.882888  	0.533409  
-125.000000	0.727903  	0.907143  	0.531815  
-124.000000	0.705573  	0.930333  	0.530221  
-123.000000	0.683302  	0.953346  	0.528627  
-122.000000	0.661032  	0.976358  	0.527033  
-121.000000	0.638762  	0.999370  	0.525439  
-120.000000	0.616610  	1.021502  	0.524453  
-119.000000	0.594576  	1.042754  	0.524076  
-118.000000	0.572542  	1.064006  	0.523699  
-117.000000	0.550508  	1.085258  	0.523322  
-116.000000	0.528503  	1.106190  	0.522968  
-115.000000	0.506673  	1.125206  	0.522748  
-114.000000	0.484843  	1.144221  	0.522529  
-113.000000	0.463013  	1.163237  	0.522310  
-112.000000	0.441184  	1.182253  	0.522091  
-111.000000	0.419582  	1.199178  	0.521802  
-110.000000	0.398044  	1.215534  	0.521494  
-109.000000	0.376505  	1.231890  	0.521186  
-108.000000	0.354966  	1.248246  	0.520878  
-107.000000	0.333629  	1.263307  	0.520544  
-106.000000	0.312562  	1.276642  	0.520175  
-105.000000	0.291494  	1.289976  	0.519806  
-104.000000	0.270426  	1.303311  	0.519436  
-103.000000	0.249411  	1.316409  	0.519044  
-102.000000	0.229068  	1.326431  	0.518343  
-101.000000	0.208724  	1.336452  	0.517642  
-100.000000	0.188381  	1.346474  	0.516941  
-99.000000	0.168038  	1.356496  	0.516240  
-98.000000	0.148433  	1.363998  	0.514974  
-97.000000	0.129124  	1.370492  	0.513481  
-96.000000	0.109815  	1.376986  	0.511988  
-95.000000	0.090506  	1.383480  	0.510496  
-94.000000	0.071692  	1.388666  	0.509003  
-93.000000	0.053769  	1.391500  	0.507510  
-92.000000	0.035846  	1.394333  	0.506017  
-91.000000	0.017923  	1.397167  	0.504525  
-90.000000	0.000000  	1.400000  	0.503032  
-89.000000	-0.017923 	1.397167  	0.499476  
-88.000000	-0.035846 	1.394333  	0.495919  
-87.000000	-0.053769 	1.391500  	0.492363  
-86.000000	-0.071692 	1.388666  	0.488807  
-85.000000	-0.090506 	1.383480  	0.485251  
-84.000000	-0.109815 	1.376986  	0.481694  
-83.000000	-0.129124 	1.370492  	0.478138  
-82.000000	-0.148433 	1.363998  	0.474582  
-81.000000	-0.168038 	1.356496  	0.470858  
-80.000000	-0.188381 	1.346474  	0.466716  
-79.000000	-0.208724 	1.336452  	0.462574  
-78.000000	-0.229068 	1.326431  	0.458432  
-77.000000	-0.249411 	1.316409  	0.454290  
-76.000000	-0.270426 	1.303311  	0.449920  
-75.000000	-0.291494 	1.289976  	0.445532  
-74.000000	-0.312562 	1.276642  	0.441145  
-73.000000	-0.333629 	1.263307  	0.436758  
-72.000000	-0.354966 	1.248246  	0.432346  
-71.000000	-0.376505 	1.231890  	0.427917  
-70.000000	-0.398044 	1.215534  	0.423487  
-69.000000	-0.419582 	1.199178  	0.419058  
-68.000000	-0.441184 	1.182253  	0.414615  
-67.000000	-0.463013 	1.163237  	0.410125  
-66.000000	-0.484843 	1.144221  	0.405635  
-65.000000	-0.506673 	1.125206  	0.401145  
-64.000000	-0.528503 	1.106190  	0.396655  
-63.000000	-0.550508 	1.085258  	0.392203  
-62.000000	-0.572542 	1.064006  	0.387758  
-61.000000	-0.594576 	1.042754  	0.383313  
-60.000000	-0.616610 	1.021502  	0.378867  
-59.000000	-0.638762 	0.999370  	0.374595  
-58.000000	-0.661032 	0.976358  	0.370494  
-57.000000	-0.683302 	0.953346  	0.366394  
-56.000000	-0.705573 	0.930333  	0.362294  
-55.000000	-0.727903 	0.907143  	0.358194  
-54.000000	-0.750598 	0.882888  	0.354093  
-53.000000	-0.773292 	0.858632  	0.349993  
-52.000000	-0.795986 	0.834376  	0.345893  
-51.000000	-0.818681 	0.810121  	0.341793  
-50.000000	-0.842019 	0.785317  	0.337905  
-49.000000	-0.865533 	0.760365  	0.334076  
-48.000000	-0.889046 	0.735412  	0.330246  
-47.000000	-0.912560 	0.710459  	0.326416  
-46.000000	-0.936718 	0.685450  	0.322612  
-45.000000	-0.961736 	0.660363  	0.318842  
-44.000000	-0.986754 	0.635277  	0.315072  
-43.000000	-1.011772 	0.610191  	0.311302  
-42.000000	-1.036976 	0.585136  	0.307473  
-41.000000	-1.064608 	0.560483  	0.302881  
-40.000000	-1.092239 	0.535831  	0.298289  
-39.000000	-1.119871 	0.511179  	0.293697  
-38.000000	-1.147502 	0.486526  	0.289105  
-37.000000	-1.178268 	0.462583  	0.283981  
-36.000000	-1.210288 	0.438922  	0.278644  
-35.000000	-1.242308 	0.415262  	0.273307  
-34.000000	-1.274327 	0.391602  	0.267970  
-33.000000	-1.308947 	0.368487  	0.261973  
-32.000000	-1.348248 	0.346355  	0.254787  
-31.000000	-1.387549 	0.324224  	0.247601  
-30.000000	-1.426849 	0.302092  	0.240416  
-29.000000	-1.466150 	0.279960  	0.233230  
-28.000000	-1.417563 	0.266499  	0.219836  
-27.000000	-1.368976 	0.253039  	0.206443  
-26.000000	-1.320389 	0.239578  	0.193050  
-25.000000	-1.271803 	0.226118  	0.179656  
-24.000000	-1.223216 	0.212657  	0.166263  
-23.000000	-1.174629 	0.199197  	0.152870  
-22.000000	-1.126042 	0.185736  	0.139476  
-21.000000	-1.077455 	0.172276  	0.126083  
-20.000000	-1.028868 	0.158815  	0.113361  
-19.000000	-0.980282 	0.145355  	0.101421  
-18.000000	-0.931695 	0.131894  	0.090152  
-17.000000	-0.883108 	0.118434  	0.078883  
-16.000000	-0.834521 	0.104973  	0.067614  
-15.000000	-0.785934 	0.091513  	0.056345  
-14.000000	-0.737347 	0.078052  	0.045076  
-13.000000	-0.688761 	0.064592  	0.033807  
-12.000000	-0.640174 	0.051131  	-0.009225 
-11.000000	-0.591587 	0.037671  	-0.064963 
-10.000000	-0.543000 	0.024210  	-0.120700 
-9.000000 	-0.403100 	0.024360  	-0.129400 
-8.000000 	-0.264500 	0.024570  	-0.137600 
-7.000000 	-0.124500 	0.024710  	-0.146000 
-6.000000 	0.013600  	0.024940  	-0.153800 
-5.000000 	0.151600  	0.025150  	-0.161500 
-4.000000 	0.289100  	0.025380  	-0.169000 
-3.000000 	0.425500  	0.025620  	-0.176200 
-2.000000 	0.561000  	0.025880  	-0.183000 
-1.000000 	0.696000  	0.026160  	-0.189800 
0.000000  	0.829300  	0.026450  	-0.196000 
1.000000  	0.961500  	0.026790  	-0.201900 
2.000000  	1.092400  	0.027180  	-0.207600 
3.000000  	1.221600  	0.027610  	-0.212800 
4.000000  	1.349500  	0.028050  	-0.217600 
5.000000  	1.475700  	0.028560  	-0.222100 
6.000000  	1.600300  	0.029150  	-0.226200 
7.000000  	1.722700  	0.029810  	-0.229800 
8.000000  	1.842700  	0.030560  	-0.232800 
9.000000  	1.958800  	0.031540  	-0.235100 
10.000000 	2.067100  	0.033010  	-0.235800 
11.000000 	2.161800  	0.035330  	-0.233900 
12.000000 	2.228600  	0.039250  	-0.226400 
13.000000 	2.209400  	0.048710  	-0.203400 
14.000000 	2.202100  	0.060490  	-0.189200 
15.000000 	2.183700  	0.075470  	-0.179600 
16.000000 	2.157300  	0.092110  	-0.173300 
17.000000 	2.128400  	0.109660  	-0.170300 
18.000000 	2.110500  	0.125990  	-0.170200 
19.000000 	2.099600  	0.141530  	-0.172400 
20.000000 	2.092100  	0.156820  	-0.176700 
21.000000 	2.089900  	0.171270  	-0.182400 
22.000000 	2.088600  	0.185500  	-0.189700 
23.000000 	2.088600  	0.199480  	-0.198100 
24.000000 	2.093400  	0.212620  	-0.207300 
25.000000 	2.094900  	0.226210  	-0.217900 
26.000000 	2.097800  	0.239400  	-0.229400 
27.000000 	2.095400  	0.253370  	-0.242500 
28.000000 	2.091700  	0.267420  	-0.256900 
29.000000 	2.094500  	0.279960  	-0.270900 
30.000000 	2.038356  	0.302092  	-0.278327 
31.000000 	1.982212  	0.324224  	-0.285754 
32.000000 	1.926069  	0.346355  	-0.293181 
33.000000 	1.869925  	0.368487  	-0.300608 
34.000000 	1.820468  	0.391602  	-0.307262 
35.000000 	1.774725  	0.415262  	-0.313486 
36.000000 	1.728983  	0.438922  	-0.319710 
37.000000 	1.683241  	0.462583  	-0.325935 
38.000000 	1.639289  	0.486526  	-0.331729 
39.000000 	1.599816  	0.511179  	-0.336447 
40.000000 	1.560342  	0.535831  	-0.341165 
41.000000 	1.520868  	0.560483  	-0.345884 
42.000000 	1.481394  	0.585136  	-0.350602 
43.000000 	1.445388  	0.610191  	-0.353777 
44.000000 	1.409648  	0.635277  	-0.356834 
45.000000 	1.373908  	0.660363  	-0.359890 
46.000000 	1.338169  	0.685450  	-0.362947 
47.000000 	1.303657  	0.710459  	-0.365982 
48.000000 	1.270066  	0.735412  	-0.369002 
49.000000 	1.236475  	0.760365  	-0.372022 
50.000000 	1.202884  	0.785317  	-0.375041 
51.000000 	1.169544  	0.810121  	-0.378025 
52.000000 	1.137124  	0.834376  	-0.380876 
53.000000 	1.104703  	0.858632  	-0.383728 
54.000000 	1.072283  	0.882888  	-0.386580 
55.000000 	1.039862  	0.907143  	-0.389431 
56.000000 	1.007961  	0.930333  	-0.392283 
57.000000 	0.976146  	0.953346  	-0.395134 
58.000000 	0.944331  	0.976358  	-0.397986 
59.000000 	0.912517  	0.999370  	-0.400837 
60.000000 	0.880871  	1.021502  	-0.403855 
61.000000 	0.849394  	1.042754  	-0.407037 
62.000000 	0.817917  	1.064006  	-0.410220 
63.000000 	0.786440  	1.085258  	-0.413402 
64.000000 	0.755004  	1.106190  	-0.416591 
65.000000 	0.723819  	1.125206  	-0.419817 
66.000000 	0.692633  	1.144221  	-0.423042 
67.000000 	0.661448  	1.163237  	-0.426268 
68.000000 	0.630262  	1.182253  	-0.429493 
69.000000 	0.599403  	1.199178  	-0.432835 
70.000000 	0.568634  	1.215534  	-0.436209 
71.000000 	0.537864  	1.231890  	-0.439583 
72.000000 	0.507094  	1.248246  	-0.442957 
73.000000 	0.476613  	1.263307  	-0.446375 
74.000000 	0.446517  	1.276642  	-0.449852 
75.000000 	0.416420  	1.289976  	-0.453329 
76.000000 	0.386324  	1.303311  	-0.456806 
77.000000 	0.356301  	1.316409  	-0.460278 
78.000000 	0.327239  	1.326431  	-0.463682 
79.000000 	0.298178  	1.336452  	-0.467087 
80.000000 	0.269116  	1.346474  	-0.470491 
81.000000 	0.240054  	1.356496  	-0.473896 
82.000000 	0.212048  	1.363998  	-0.477177 
83.000000 	0.184463  	1.370492  	-0.480409 
84.000000 	0.156879  	1.376986  	-0.483641 
85.000000 	0.129294  	1.383480  	-0.486873 
86.000000 	0.102417  	1.388666  	-0.490105 
87.000000 	0.076813  	1.391500  	-0.493336 
88.000000 	0.051208  	1.394333  	-0.496568 
89.000000 	0.025604  	1.397167  	-0.499800 
90.000000 	0.000000  	1.400000  	-0.503032 
91.000000 	-0.017923 	1.397167  	-0.504525 
92.000000 	-0.035846 	1.394333  	-0.506017 
93.000000 	-0.053769 	1.391500  	-0.507510 
94.000000 	-0.071692 	1.388666  	-0.509003 
95.000000 	-0.090506 	1.383480  	-0.510496 
96.000000 	-0.109815 	1.376986  	-0.511988 
97.000000 	-0.129124 	1.370492  	-0.513481 
98.000000 	-0.148433 	1.363998  	-0.514974 
99.000000 	-0.168038 	1.356496  	-0.516240 
100.000000	-0.188381 	1.346474  	-0.516941 
101.000000	-0.208724 	1.336452  	-0.517642 
102.000000	-0.229068 	1.326431  	-0.518343 
103.000000	-0.249411 	1.316409  	-0.519044 
104.000000	-0.270426 	1.303311  	-0.519436 
105.000000	-0.291494 	1.289976  	-0.519806 
106.000000	-0.312562 	1.276642  	-0.520175 
107.000000	-0.333629 	1.263307  	-0.520544 
108.000000	-0.354966 	1.248246  	-0.520878 
109.000000	-0.376505 	1.231890  	-0.521186 
110.000000	-0.398044 	1.215534  	-0.521494 
111.000000	-0.419582 	1.199178  	-0.521802 
112.000000	-0.441184 	1.182253  	-0.522091 
113.000000	-0.463013 	1.163237  	-0.522310 
114.000000	-0.484843 	1.144221  	-0.522529 
115.000000	-0.506673 	1.125206  	-0.522748 
116.000000	-0.528503 	1.106190  	-0.522968 
117.000000	-0.550508 	1.085258  	-0.523322 
118.000000	-0.572542 	1.064006  	-0.523699 
119.000000	-0.594576 	1.042754  	-0.524076 
120.000000	-0.616610 	1.021502  	-0.524453 
121.000000	-0.638762 	0.999370  	-0.525439 
122.000000	-0.661032 	0.976358  	-0.527033 
123.000000	-0.683302 	0.953346  	-0.528627 
124.000000	-0.705573 	0.930333  	-0.530221 
125.000000	-0.727903 	0.907143  	-0.531815 
126.000000	-0.750598 	0.882888  	-0.533409 
127.000000	-0.773292 	0.858632  	-0.535003 
128.000000	-0.795986 	0.834376  	-0.536597 
129.000000	-0.818681 	0.810121  	-0.538191 
130.000000	-0.842019 	0.785317  	-0.542420 
131.000000	-0.865533 	0.760365  	-0.547367 
132.000000	-0.889046 	0.735412  	-0.552315 
133.000000	-0.912560 	0.710459  	-0.557262 
134.000000	-0.936718 	0.685450  	-0.562526 
135.000000	-0.961736 	0.660363  	-0.568211 
136.000000	-0.986754 	0.635277  	-0.573896 
137.000000	-1.011772 	0.610191  	-0.579582 
138.000000	-1.036976 	0.585136  	-0.585639 
139.000000	-1.064608 	0.560483  	-0.596534 
140.000000	-1.092239 	0.535831  	-0.607430 
141.000000	-1.119871 	0.511179  	-0.618325 
142.000000	-1.147502 	0.486526  	-0.629220 
143.000000	-1.178268 	0.462583  	-0.643488 
144.000000	-1.210288 	0.438922  	-0.659105 
145.000000	-1.242308 	0.415262  	-0.674722 
146.000000	-1.274327 	0.391602  	-0.690339 
147.000000	-1.308947 	0.368487  	-0.704130 
148.000000	-1.348248 	0.346355  	-0.714634 
149.000000	-1.387549 	0.324224  	-0.725138 
150.000000	-1.426849 	0.302092  	-0.735642 
151.000000	-1.466150 	0.279960  	-0.746146 
152.000000	-1.415593 	0.259265  	-0.739485 
153.000000	-1.365036 	0.238570  	-0.732824 
154.000000	-1.314479 	0.218871  	-0.726163 
155.000000	-1.263922 	0.199249  	-0.719501 
156.000000	-1.213366 	0.180633  	-0.712840 
157.000000	-1.162809 	0.162186  	-0.706179 
158.000000	-1.112252 	0.144735  	-0.699518 
159.000000	-1.061695 	0.127556  	-0.692856 
160.000000	-1.011138 	0.111346  	-0.680599 
161.000000	-0.960581 	0.095524  	-0.666103 
162.000000	-0.910024 	0.080627  	-0.648956 
163.000000	-0.859467 	0.066244  	-0.630337 
164.000000	-0.808910 	0.052725  	-0.611717 
165.000000	-0.758353 	0.039855  	-0.593098 
166.000000	-0.707797 	0.027774  	-0.574478 
167.000000	-0.657240 	0.016482  	-0.555859 
168.000000	-0.606683 	0.008162  	-0.537239 
169.000000	-0.556126 	0.003802  	-0.518620 
170.000000	-0.505569 	0.001000  	-0.490725 
171.000000	-0.455012 	0.001000  	-0.446135 
172.000000	-0.404455 	0.001000  	-0.400000 
173.000000	-0.353898 	0.001000  	-0.350000 
174.000000	-0.303341 	0.001000  	-0.300000 
175.000000	-0.252784 	0.001000  	-0.250000 
176.000000	-0.202228 	0.001000  	-0.200000 
177.000000	-0.151671 	0.001000  	-0.150000 
178.000000	-0.101114 	0.001000  	-0.100000 
179.000000	-0.050557 	0.001000  	-0.050000 
180.000000	0.000000  	0.001000  	0.000000  
