! AeroDyn v15 airfoil data file
! Generated from airfoilprep.py modified by D. Kim (Mar 14th, 2022) 
! start all comment lines with ! 
! ------------------------------------------------------------------------------
"DEFAULT"       InterpOrd    ! Interpolation order to use for quasi-steady table lookup {1=linear; 3=cubic spline; "default"} [default=1]
! ------------------------------------------------------------------------------
! 0.20          RelThickness ! The non-dimensional thickness of the airfoil (thickness/chord) [only used if UAMod=7] [default=0.2] (-)
  1             NonDimArea   ! The non-dimensional area of the airfoil (area/chord^2) (set to 1.0 if unsure or unneeded)
  103           NumCoords    ! The number of coordinates in the airfoil shape file (including an extra coordinate for airfoil reference).
! ......... x-y coordinates are next if NumCoords > 0 .............
! x-y coordinate of airfoil reference
!  x/c        y/c
  0.25       0
! Airfoil: 
!  x/c        y/c
1.0013118 -0.0458323
0.9807764 -0.0411442
0.9602629 -0.0363462
0.9396695 -0.0319257
0.9189225 -0.0282871
0.8980068 -0.0258275
0.8769697 -0.0248405
0.8559130 -0.0252191
0.8349010 -0.0266475
0.8139599 -0.0289468
0.7931226 -0.0320298
0.7724013 -0.0358059
0.7517960 -0.0401844
0.7313065 -0.0450728
0.7109265 -0.0503813
0.6906347 -0.0560199
0.6704097 -0.0619066
0.6502309 -0.0679621
0.6300783 -0.0741086
0.6099335 -0.0802727
0.5897735 -0.0863876
0.5695781 -0.0923889
0.5493334 -0.0982163
0.5290264 -0.1038118
0.5086456 -0.1091217
0.4881811 -0.1141000
0.4676237 -0.1187011
0.4469734 -0.1228816
0.4262370 -0.1266035
0.4054214 -0.1298287
0.3845341 -0.1325226
0.3635827 -0.1346516
0.3425740 -0.1361704
0.3215243 -0.1369963
0.3004623 -0.1370545
0.2794166 -0.1362273
0.2584253 -0.1344803
0.2375354 -0.1317877
0.2167889 -0.1281543
0.1962267 -0.1235890
0.1758873 -0.1181154
0.1558091 -0.1117495
0.1360319 -0.1044979
0.1166082 -0.0963506
0.0976039 -0.0872740
0.0791005 -0.0771938
0.0612434 -0.0660159
0.0442570 -0.0535895
0.0284644 -0.0396591
0.0145153 -0.0239068
0.0036327 -0.0059183
-0.0013154 0.0144043
0.0035344 0.0347246
0.0145716 0.0525932
0.0287465 0.0681689
0.0447978 0.0817949
0.0620941 0.0938066
0.0802689 0.1044489
0.0990844 0.1139022
0.1183965 0.1223112
0.1380959 0.1297786
0.1580939 0.1363885
0.1783367 0.1422108
0.1987789 0.1472954
0.2193799 0.1516753
0.2401102 0.1553819
0.2609495 0.1584309
0.2818768 0.1608366
0.3028700 0.1626133
0.3239054 0.1637882
0.3449602 0.1644222
0.3660218 0.1645429
0.3870817 0.1642343
0.4081323 0.1634751
0.4291649 0.1622849
0.4501706 0.1606799
0.4711406 0.1586780
0.4920690 0.1563076
0.5129572 0.1536072
0.5338065 0.1506082
0.5546194 0.1473518
0.5753979 0.1438754
0.5961437 0.1402142
0.6168591 0.1363950
0.6375491 0.1324413
0.6582165 0.1283701
0.6788633 0.1241944
0.6994918 0.1199275
0.7201040 0.1155828
0.7407009 0.1111681
0.7612851 0.1066947
0.7818588 0.1021730
0.8024233 0.0976092
0.8229812 0.0930160
0.8435339 0.0883989
0.8640836 0.0837691
0.8846316 0.0791317
0.9051796 0.0744942
0.9257266 0.0698525
0.9462671 0.0651823
0.9667366 0.0602172
0.9856430 0.0512934
! ------------------------------------------------------------------------------
"unused"        BL_file      ! The file name including the boundary layer characteristics of the profile. Unused if the aeroacoustic module is not called.
  11        	NumTabs      ! Number of airfoil tables in this file.
! ------------------------------------------------------------------------------
! data for table	1         
! ------------------------------------------------------------------------------
  0.200000  	Re           ! Reynolds number in millions
  0.000000  	UserProp     ! User property (control) setting
Flase           InclUAdata   ! Is unsteady aerodynamics data included in this table? If TRUE, then include UA coefficients below this line. Any missing coefficients will be calculated internally.
! Table of aerodynamics coefficients
  361       	NumAlf       ! Number of data lines in the following table
!Alpha      Cl          Cd          Cm/Cp
!(deg)      (-)         (-)         (-)
-180.000000	0.000000  	0.001000  	0.000000  
-179.000000	0.051253  	0.001000  	0.040000  
-178.000000	0.102506  	0.001000  	0.080000  
-177.000000	0.153759  	0.001000  	0.120000  
-176.000000	0.205012  	0.001000  	0.160000  
-175.000000	0.256265  	0.001000  	0.200000  
-174.000000	0.307518  	0.001000  	0.240000  
-173.000000	0.358771  	0.001000  	0.280000  
-172.000000	0.410024  	0.001000  	0.320000  
-171.000000	0.461277  	0.001000  	0.360000  
-170.000000	0.512530  	0.003012  	0.393625  
-169.000000	0.563783  	0.008646  	0.415774  
-168.000000	0.615036  	0.016376  	0.436185  
-167.000000	0.666289  	0.026900  	0.454278  
-166.000000	0.717541  	0.038170  	0.472370  
-165.000000	0.768794  	0.050185  	0.490463  
-164.000000	0.820047  	0.063021  	0.508556  
-163.000000	0.871300  	0.076474  	0.526648  
-162.000000	0.922553  	0.090811  	0.544741  
-161.000000	0.973806  	0.105641  	0.562833  
-160.000000	1.025059  	0.121406  	0.573425  
-159.000000	1.076312  	0.137547  	0.581017  
-158.000000	1.127565  	0.154660  	0.583756  
-157.000000	1.178818  	0.172039  	0.585170  
-156.000000	1.230071  	0.190412  	0.586585  
-155.000000	1.281324  	0.208952  	0.588000  
-154.000000	1.332577  	0.228492  	0.589415  
-153.000000	1.383830  	0.248110  	0.590830  
-152.000000	1.347922  	0.269309  	0.588084  
-151.000000	1.312014  	0.290509  	0.585338  
-150.000000	1.276106  	0.311708  	0.582592  
-149.000000	1.240198  	0.332908  	0.579846  
-148.000000	1.208081  	0.355003  	0.572939  
-147.000000	1.179753  	0.377995  	0.561871  
-146.000000	1.151425  	0.400986  	0.550804  
-145.000000	1.123098  	0.423978  	0.539736  
-144.000000	1.094770  	0.446969  	0.528668  
-143.000000	1.070753  	0.471194  	0.518446  
-142.000000	1.046735  	0.495420  	0.508223  
-141.000000	1.022718  	0.519645  	0.498001  
-140.000000	0.998700  	0.543870  	0.487778  
-139.000000	0.975867  	0.568419  	0.480937  
-138.000000	0.954218  	0.593291  	0.477475  
-137.000000	0.932569  	0.618163  	0.474014  
-136.000000	0.910920  	0.643035  	0.470553  
-135.000000	0.889271  	0.667906  	0.467092  
-134.000000	0.868805  	0.692822  	0.463631  
-133.000000	0.848338  	0.717738  	0.460169  
-132.000000	0.827871  	0.742654  	0.456708  
-131.000000	0.807404  	0.767570  	0.453247  
-130.000000	0.787169  	0.792206  	0.451131  
-129.000000	0.767165  	0.816563  	0.450362  
-128.000000	0.747162  	0.840920  	0.449592  
-127.000000	0.727158  	0.865277  	0.448822  
-126.000000	0.707154  	0.889634  	0.448052  
-125.000000	0.687206  	0.912844  	0.447619  
-124.000000	0.667258  	0.936054  	0.447185  
-123.000000	0.647311  	0.959264  	0.446752  
-122.000000	0.627363  	0.982474  	0.446318  
-121.000000	0.607349  	1.004830  	0.446191  
-120.000000	0.587271  	1.026334  	0.446371  
-119.000000	0.567192  	1.047837  	0.446551  
-118.000000	0.547113  	1.069341  	0.446731  
-117.000000	0.527034  	1.090844  	0.446911  
-116.000000	0.506802  	1.110125  	0.447397  
-115.000000	0.486569  	1.129405  	0.447884  
-114.000000	0.466336  	1.148685  	0.448370  
-113.000000	0.446104  	1.167966  	0.448857  
-112.000000	0.425845  	1.185904  	0.449262  
-111.000000	0.405561  	1.202499  	0.449587  
-110.000000	0.385277  	1.219095  	0.449911  
-109.000000	0.364993  	1.235691  	0.450236  
-108.000000	0.344709  	1.252286  	0.450560  
-107.000000	0.324574  	1.265803  	0.450682  
-106.000000	0.304439  	1.279319  	0.450804  
-105.000000	0.284304  	1.292835  	0.450927  
-104.000000	0.264169  	1.306351  	0.451049  
-103.000000	0.244247  	1.318168  	0.451037  
-102.000000	0.224537  	1.328286  	0.450892  
-101.000000	0.204828  	1.338404  	0.450747  
-100.000000	0.185118  	1.348522  	0.450601  
-99.000000	0.165409  	1.358639  	0.450456  
-98.000000	0.146460  	1.365124  	0.449375  
-97.000000	0.127511  	1.371609  	0.448294  
-96.000000	0.108563  	1.378094  	0.447213  
-95.000000	0.089614  	1.384578  	0.446132  
-94.000000	0.071235  	1.389174  	0.445051  
-93.000000	0.053426  	1.391881  	0.443970  
-92.000000	0.035618  	1.394587  	0.442889  
-91.000000	0.017809  	1.397294  	0.441808  
-90.000000	0.000000  	1.400000  	0.440727  
-89.000000	-0.017809 	1.397294  	0.437655  
-88.000000	-0.035618 	1.394587  	0.434583  
-87.000000	-0.053426 	1.391881  	0.431511  
-86.000000	-0.071235 	1.389174  	0.428439  
-85.000000	-0.089614 	1.384578  	0.425367  
-84.000000	-0.108563 	1.378094  	0.422295  
-83.000000	-0.127511 	1.371609  	0.419223  
-82.000000	-0.146460 	1.365124  	0.416151  
-81.000000	-0.165409 	1.358639  	0.413079  
-80.000000	-0.185118 	1.348522  	0.409270  
-79.000000	-0.204828 	1.338404  	0.405461  
-78.000000	-0.224537 	1.328286  	0.401652  
-77.000000	-0.244247 	1.318168  	0.397843  
-76.000000	-0.264169 	1.306351  	0.393929  
-75.000000	-0.284304 	1.292835  	0.389910  
-74.000000	-0.304439 	1.279319  	0.385890  
-73.000000	-0.324574 	1.265803  	0.381870  
-72.000000	-0.344709 	1.252286  	0.377851  
-71.000000	-0.364993 	1.235691  	0.373699  
-70.000000	-0.385277 	1.219095  	0.369547  
-69.000000	-0.405561 	1.202499  	0.365396  
-68.000000	-0.425845 	1.185904  	0.361244  
-67.000000	-0.446104 	1.167966  	0.357039  
-66.000000	-0.466336 	1.148685  	0.352782  
-65.000000	-0.486569 	1.129405  	0.348524  
-64.000000	-0.506802 	1.110125  	0.344266  
-63.000000	-0.527034 	1.090844  	0.340009  
-62.000000	-0.547113 	1.069341  	0.335866  
-61.000000	-0.567192 	1.047837  	0.331723  
-60.000000	-0.587271 	1.026334  	0.327579  
-59.000000	-0.607349 	1.004830  	0.323436  
-58.000000	-0.627363 	0.982474  	0.319407  
-57.000000	-0.647311 	0.959264  	0.315493  
-56.000000	-0.667258 	0.936054  	0.311579  
-55.000000	-0.687206 	0.912844  	0.307664  
-54.000000	-0.707154 	0.889634  	0.303750  
-53.000000	-0.727158 	0.865277  	0.299896  
-52.000000	-0.747162 	0.840920  	0.296042  
-51.000000	-0.767165 	0.816563  	0.292188  
-50.000000	-0.787169 	0.792206  	0.288333  
-49.000000	-0.807404 	0.767570  	0.284721  
-48.000000	-0.827871 	0.742654  	0.281349  
-47.000000	-0.848338 	0.717738  	0.277978  
-46.000000	-0.868805 	0.692822  	0.274606  
-45.000000	-0.889271 	0.667906  	0.271235  
-44.000000	-0.910920 	0.643035  	0.267863  
-43.000000	-0.932569 	0.618163  	0.264492  
-42.000000	-0.954218 	0.593291  	0.261120  
-41.000000	-0.975867 	0.568419  	0.257749  
-40.000000	-0.998700 	0.543870  	0.254209  
-39.000000	-1.022718 	0.519645  	0.250501  
-38.000000	-1.046735 	0.495420  	0.246793  
-37.000000	-1.070753 	0.471194  	0.243085  
-36.000000	-1.094770 	0.446969  	0.239377  
-35.000000	-1.123098 	0.423978  	0.235627  
-34.000000	-1.151425 	0.400986  	0.231877  
-33.000000	-1.179753 	0.377995  	0.228127  
-32.000000	-1.208081 	0.355003  	0.224377  
-31.000000	-1.240198 	0.332908  	0.218066  
-30.000000	-1.276106 	0.311708  	0.209193  
-29.000000	-1.312014 	0.290509  	0.200321  
-28.000000	-1.347922 	0.269309  	0.191448  
-27.000000	-1.383830 	0.248110  	0.182575  
-26.000000	-1.324688 	0.238806  	0.171141  
-25.000000	-1.265547 	0.229502  	0.159707  
-24.000000	-1.206405 	0.220198  	0.148273  
-23.000000	-1.147264 	0.210894  	0.136839  
-22.000000	-1.088122 	0.201590  	0.125405  
-21.000000	-1.028981 	0.192286  	0.113996  
-20.000000	-0.969839 	0.182982  	0.102651  
-19.000000	-0.910698 	0.173678  	0.091997  
-18.000000	-0.851556 	0.164374  	0.081458  
-17.000000	-0.792415 	0.155070  	0.070918  
-16.000000	-0.733273 	0.145766  	0.060379  
-15.000000	-0.674132 	0.136462  	0.049839  
-14.000000	-0.614990 	0.127158  	0.039300  
-13.000000	-0.555849 	0.117854  	0.028761  
-12.000000	-0.496707 	0.108550  	0.018221  
-11.000000	-0.437566 	0.099246  	0.007390  
-10.000000	-0.378424 	0.089942  	-0.004170 
-9.000000 	-0.319283 	0.080638  	-0.023605 
-8.000000 	-0.260141 	0.071334  	-0.044353 
-7.000000 	-0.201000 	0.062030  	-0.065100 
-6.000000 	-0.125400 	0.053770  	-0.074400 
-5.000000 	-0.007200 	0.047090  	-0.089800 
-4.000000 	0.138800  	0.041950  	-0.108600 
-3.000000 	0.298900  	0.037960  	-0.128400 
-2.000000 	0.459200  	0.035590  	-0.145800 
-1.000000 	0.608700  	0.034530  	-0.158500 
0.000000  	0.754100  	0.034070  	-0.169200 
1.000000  	0.893900  	0.034030  	-0.178200 
2.000000  	1.005200  	0.035050  	-0.178300 
3.000000  	1.136100  	0.035360  	-0.184400 
4.000000  	1.262600  	0.035900  	-0.189600 
5.000000  	1.387800  	0.036420  	-0.194400 
6.000000  	1.511900  	0.037050  	-0.198900 
7.000000  	1.626100  	0.037900  	-0.201400 
8.000000  	1.736600  	0.038960  	-0.202900 
9.000000  	1.826900  	0.040350  	-0.199700 
10.000000 	1.902200  	0.042540  	-0.194400 
11.000000 	1.930600  	0.046900  	-0.180700 
12.000000 	1.930200  	0.054860  	-0.165500 
13.000000 	1.912100  	0.066280  	-0.153000 
14.000000 	1.891900  	0.080550  	-0.146300 
15.000000 	1.878000  	0.095670  	-0.144200 
16.000000 	1.864500  	0.110640  	-0.143900 
17.000000 	1.863300  	0.124980  	-0.146800 
18.000000 	1.869700  	0.138740  	-0.152000 
19.000000 	1.879500  	0.151580  	-0.157700 
20.000000 	1.894300  	0.163460  	-0.164300 
21.000000 	1.907600  	0.175940  	-0.172600 
22.000000 	1.923600  	0.187640  	-0.181400 
23.000000 	1.938100  	0.199610  	-0.191400 
24.000000 	1.965500  	0.208280  	-0.199700 
25.000000 	1.968900  	0.221960  	-0.212800 
26.000000 	1.974300  	0.234900  	-0.226200 
27.000000 	1.976900  	0.248110  	-0.240800 
28.000000 	1.925603  	0.269309  	-0.247288 
29.000000 	1.874306  	0.290509  	-0.253777 
30.000000 	1.823009  	0.311708  	-0.260265 
31.000000 	1.771712  	0.332908  	-0.266754 
32.000000 	1.725829  	0.355003  	-0.271911 
33.000000 	1.685361  	0.377995  	-0.275737 
34.000000 	1.644894  	0.400986  	-0.279562 
35.000000 	1.604426  	0.423978  	-0.283388 
36.000000 	1.563958  	0.446969  	-0.287214 
37.000000 	1.529647  	0.471194  	-0.290881 
38.000000 	1.495336  	0.495420  	-0.294549 
39.000000 	1.461025  	0.519645  	-0.298216 
40.000000 	1.426715  	0.543870  	-0.301884 
41.000000 	1.394096  	0.568419  	-0.304920 
42.000000 	1.363169  	0.593291  	-0.307323 
43.000000 	1.332242  	0.618163  	-0.309727 
44.000000 	1.301315  	0.643035  	-0.312130 
45.000000 	1.270388  	0.667906  	-0.314533 
46.000000 	1.241149  	0.692822  	-0.316937 
47.000000 	1.211911  	0.717738  	-0.319340 
48.000000 	1.182673  	0.742654  	-0.321744 
49.000000 	1.153435  	0.767570  	-0.324147 
50.000000 	1.124527  	0.792206  	-0.326632 
51.000000 	1.095950  	0.816563  	-0.329197 
52.000000 	1.067374  	0.840920  	-0.331762 
53.000000 	1.038797  	0.865277  	-0.334328 
54.000000 	1.010220  	0.889634  	-0.336893 
55.000000 	0.981723  	0.912844  	-0.339479 
56.000000 	0.953226  	0.936054  	-0.342064 
57.000000 	0.924729  	0.959264  	-0.344650 
58.000000 	0.896232  	0.982474  	-0.347236 
59.000000 	0.867642  	1.004830  	-0.349951 
60.000000 	0.838958  	1.026334  	-0.352796 
61.000000 	0.810274  	1.047837  	-0.355640 
62.000000 	0.781590  	1.069341  	-0.358485 
63.000000 	0.752906  	1.090844  	-0.361330 
64.000000 	0.724002  	1.110125  	-0.364304 
65.000000 	0.695098  	1.129405  	-0.367279 
66.000000 	0.666195  	1.148685  	-0.370253 
67.000000 	0.637291  	1.167966  	-0.373227 
68.000000 	0.608350  	1.185904  	-0.376232 
69.000000 	0.579373  	1.202499  	-0.379266 
70.000000 	0.550396  	1.219095  	-0.382300 
71.000000 	0.521419  	1.235691  	-0.385335 
72.000000 	0.492442  	1.252286  	-0.388369 
73.000000 	0.463678  	1.265803  	-0.391478 
74.000000 	0.434913  	1.279319  	-0.394587 
75.000000 	0.406149  	1.292835  	-0.397696 
76.000000 	0.377384  	1.306351  	-0.400805 
77.000000 	0.348924  	1.318168  	-0.403874 
78.000000 	0.320768  	1.328286  	-0.406903 
79.000000 	0.292611  	1.338404  	-0.409932 
80.000000 	0.264455  	1.348522  	-0.412961 
81.000000 	0.236298  	1.358639  	-0.415990 
82.000000 	0.209229  	1.365124  	-0.418738 
83.000000 	0.182159  	1.371609  	-0.421487 
84.000000 	0.155089  	1.378094  	-0.424235 
85.000000 	0.128020  	1.384578  	-0.426984 
86.000000 	0.101765  	1.389174  	-0.429733 
87.000000 	0.076323  	1.391881  	-0.432481 
88.000000 	0.050882  	1.394587  	-0.435230 
89.000000 	0.025441  	1.397294  	-0.437979 
90.000000 	0.000000  	1.400000  	-0.440727 
91.000000 	-0.017809 	1.397294  	-0.441808 
92.000000 	-0.035618 	1.394587  	-0.442889 
93.000000 	-0.053426 	1.391881  	-0.443970 
94.000000 	-0.071235 	1.389174  	-0.445051 
95.000000 	-0.089614 	1.384578  	-0.446132 
96.000000 	-0.108563 	1.378094  	-0.447213 
97.000000 	-0.127511 	1.371609  	-0.448294 
98.000000 	-0.146460 	1.365124  	-0.449375 
99.000000 	-0.165409 	1.358639  	-0.450456 
100.000000	-0.185118 	1.348522  	-0.450601 
101.000000	-0.204828 	1.338404  	-0.450747 
102.000000	-0.224537 	1.328286  	-0.450892 
103.000000	-0.244247 	1.318168  	-0.451037 
104.000000	-0.264169 	1.306351  	-0.451049 
105.000000	-0.284304 	1.292835  	-0.450927 
106.000000	-0.304439 	1.279319  	-0.450804 
107.000000	-0.324574 	1.265803  	-0.450682 
108.000000	-0.344709 	1.252286  	-0.450560 
109.000000	-0.364993 	1.235691  	-0.450236 
110.000000	-0.385277 	1.219095  	-0.449911 
111.000000	-0.405561 	1.202499  	-0.449587 
112.000000	-0.425845 	1.185904  	-0.449262 
113.000000	-0.446104 	1.167966  	-0.448857 
114.000000	-0.466336 	1.148685  	-0.448370 
115.000000	-0.486569 	1.129405  	-0.447884 
116.000000	-0.506802 	1.110125  	-0.447397 
117.000000	-0.527034 	1.090844  	-0.446911 
118.000000	-0.547113 	1.069341  	-0.446731 
119.000000	-0.567192 	1.047837  	-0.446551 
120.000000	-0.587271 	1.026334  	-0.446371 
121.000000	-0.607349 	1.004830  	-0.446191 
122.000000	-0.627363 	0.982474  	-0.446318 
123.000000	-0.647311 	0.959264  	-0.446752 
124.000000	-0.667258 	0.936054  	-0.447185 
125.000000	-0.687206 	0.912844  	-0.447619 
126.000000	-0.707154 	0.889634  	-0.448052 
127.000000	-0.727158 	0.865277  	-0.448822 
128.000000	-0.747162 	0.840920  	-0.449592 
129.000000	-0.767165 	0.816563  	-0.450362 
130.000000	-0.787169 	0.792206  	-0.451131 
131.000000	-0.807404 	0.767570  	-0.453247 
132.000000	-0.827871 	0.742654  	-0.456708 
133.000000	-0.848338 	0.717738  	-0.460169 
134.000000	-0.868805 	0.692822  	-0.463631 
135.000000	-0.889271 	0.667906  	-0.467092 
136.000000	-0.910920 	0.643035  	-0.470553 
137.000000	-0.932569 	0.618163  	-0.474014 
138.000000	-0.954218 	0.593291  	-0.477475 
139.000000	-0.975867 	0.568419  	-0.480937 
140.000000	-0.998700 	0.543870  	-0.487778 
141.000000	-1.022718 	0.519645  	-0.498001 
142.000000	-1.046735 	0.495420  	-0.508223 
143.000000	-1.070753 	0.471194  	-0.518446 
144.000000	-1.094770 	0.446969  	-0.528668 
145.000000	-1.123098 	0.423978  	-0.539736 
146.000000	-1.151425 	0.400986  	-0.550804 
147.000000	-1.179753 	0.377995  	-0.561871 
148.000000	-1.208081 	0.355003  	-0.572939 
149.000000	-1.240198 	0.332908  	-0.579846 
150.000000	-1.276106 	0.311708  	-0.582592 
151.000000	-1.312014 	0.290509  	-0.585338 
152.000000	-1.347922 	0.269309  	-0.588084 
153.000000	-1.383830 	0.248110  	-0.590830 
154.000000	-1.332577 	0.228492  	-0.589415 
155.000000	-1.281324 	0.208952  	-0.588000 
156.000000	-1.230071 	0.190412  	-0.586585 
157.000000	-1.178818 	0.172039  	-0.585170 
158.000000	-1.127565 	0.154660  	-0.583756 
159.000000	-1.076312 	0.137547  	-0.581811 
160.000000	-1.025059 	0.121406  	-0.577923 
161.000000	-0.973806 	0.105641  	-0.572833 
162.000000	-0.922553 	0.090811  	-0.564741 
163.000000	-0.871300 	0.076474  	-0.556648 
164.000000	-0.820047 	0.063021  	-0.548556 
165.000000	-0.768794 	0.050185  	-0.540463 
166.000000	-0.717541 	0.038170  	-0.532370 
167.000000	-0.666289 	0.026900  	-0.524278 
168.000000	-0.615036 	0.016376  	-0.516185 
169.000000	-0.563783 	0.008646  	-0.503658 
170.000000	-0.512530 	0.003012  	-0.487805 
171.000000	-0.461277 	0.001000  	-0.450000 
172.000000	-0.410024 	0.001000  	-0.400000 
173.000000	-0.358771 	0.001000  	-0.350000 
174.000000	-0.307518 	0.001000  	-0.300000 
175.000000	-0.256265 	0.001000  	-0.250000 
176.000000	-0.205012 	0.001000  	-0.200000 
177.000000	-0.153759 	0.001000  	-0.150000 
178.000000	-0.102506 	0.001000  	-0.100000 
179.000000	-0.051253 	0.001000  	-0.050000 
180.000000	0.000000  	0.001000  	0.000000  
! ------------------------------------------------------------------------------
! data for table	2         
! ------------------------------------------------------------------------------
  0.300000  	Re           ! Reynolds number in millions
  0.000000  	UserProp     ! User property (control) setting
Flase           InclUAdata   ! Is unsteady aerodynamics data included in this table? If TRUE, then include UA coefficients below this line. Any missing coefficients will be calculated internally.
! Table of aerodynamics coefficients
  361       	NumAlf       ! Number of data lines in the following table
!Alpha      Cl          Cd          Cm/Cp
!(deg)      (-)         (-)         (-)
-180.000000	0.000000  	0.001000  	0.000000  
-179.000000	0.048025  	0.001000  	0.040000  
-178.000000	0.096050  	0.001000  	0.080000  
-177.000000	0.144074  	0.001000  	0.120000  
-176.000000	0.192099  	0.001000  	0.160000  
-175.000000	0.240124  	0.001000  	0.200000  
-174.000000	0.288149  	0.001000  	0.240000  
-173.000000	0.336174  	0.001000  	0.280000  
-172.000000	0.384199  	0.001000  	0.320000  
-171.000000	0.432223  	0.001000  	0.357926  
-170.000000	0.480248  	0.001000  	0.395023  
-169.000000	0.528273  	0.004229  	0.423161  
-168.000000	0.576298  	0.009251  	0.446322  
-167.000000	0.624323  	0.017852  	0.469483  
-166.000000	0.672348  	0.029138  	0.492645  
-165.000000	0.720372  	0.041213  	0.515806  
-164.000000	0.768397  	0.054077  	0.538967  
-163.000000	0.816422  	0.067589  	0.562128  
-162.000000	0.864447  	0.081965  	0.585289  
-161.000000	0.912472  	0.096854  	0.606432  
-160.000000	0.960497  	0.112667  	0.623942  
-159.000000	1.008521  	0.128868  	0.638384  
-158.000000	1.056546  	0.146038  	0.645156  
-157.000000	1.104571  	0.163480  	0.651928  
-156.000000	1.152596  	0.181918  	0.658700  
-155.000000	1.200621  	0.200524  	0.665472  
-154.000000	1.248646  	0.220135  	0.672244  
-153.000000	1.296670  	0.239823  	0.679016  
-152.000000	1.344695  	0.260506  	0.685788  
-151.000000	1.392720  	0.281190  	0.692561  
-150.000000	1.356720  	0.303309  	0.683577  
-149.000000	1.320721  	0.325428  	0.674594  
-148.000000	1.284721  	0.347547  	0.665610  
-147.000000	1.248721  	0.369666  	0.656627  
-146.000000	1.216968  	0.392767  	0.644627  
-145.000000	1.187574  	0.416413  	0.630950  
-144.000000	1.158179  	0.440059  	0.617273  
-143.000000	1.128785  	0.463705  	0.603597  
-142.000000	1.100507  	0.487634  	0.591132  
-141.000000	1.075018  	0.512271  	0.581694  
-140.000000	1.049529  	0.536908  	0.572257  
-139.000000	1.024041  	0.561544  	0.562820  
-138.000000	0.998552  	0.586181  	0.553383  
-137.000000	0.975154  	0.611219  	0.548290  
-136.000000	0.951916  	0.636288  	0.543531  
-135.000000	0.928678  	0.661357  	0.538771  
-134.000000	0.905440  	0.686426  	0.534012  
-133.000000	0.882898  	0.711418  	0.529629  
-132.000000	0.860877  	0.736352  	0.525529  
-131.000000	0.838857  	0.761287  	0.521428  
-130.000000	0.816837  	0.786221  	0.517327  
-129.000000	0.794942  	0.811006  	0.513868  
-128.000000	0.773506  	0.835242  	0.512760  
-127.000000	0.752070  	0.859478  	0.511653  
-126.000000	0.730634  	0.883714  	0.510545  
-125.000000	0.709198  	0.907950  	0.509437  
-124.000000	0.687955  	0.931119  	0.508330  
-123.000000	0.666743  	0.954111  	0.507222  
-122.000000	0.645531  	0.977103  	0.506115  
-121.000000	0.624319  	1.000094  	0.505007  
-120.000000	0.603138  	1.022205  	0.504414  
-119.000000	0.581987  	1.043435  	0.504336  
-118.000000	0.560837  	1.064666  	0.504258  
-117.000000	0.539686  	1.085896  	0.504179  
-116.000000	0.518542  	1.106806  	0.504120  
-115.000000	0.497438  	1.125800  	0.504176  
-114.000000	0.476334  	1.144793  	0.504231  
-113.000000	0.455229  	1.163786  	0.504286  
-112.000000	0.434125  	1.182779  	0.504341  
-111.000000	0.413135  	1.199682  	0.504281  
-110.000000	0.392176  	1.216015  	0.504190  
-109.000000	0.371217  	1.232348  	0.504099  
-108.000000	0.350259  	1.248681  	0.504007  
-107.000000	0.329443  	1.263718  	0.503872  
-106.000000	0.308819  	1.277029  	0.503679  
-105.000000	0.288195  	1.290340  	0.503486  
-104.000000	0.267571  	1.303651  	0.503293  
-103.000000	0.246989  	1.316725  	0.503075  
-102.000000	0.226959  	1.326723  	0.502540  
-101.000000	0.206929  	1.336720  	0.502004  
-100.000000	0.186898  	1.346718  	0.501469  
-99.000000	0.166868  	1.356716  	0.500934  
-98.000000	0.147486  	1.364193  	0.499815  
-97.000000	0.128363  	1.370663  	0.498463  
-96.000000	0.109240  	1.377133  	0.497111  
-95.000000	0.090117  	1.383602  	0.495759  
-94.000000	0.071445  	1.388765  	0.494406  
-93.000000	0.053583  	1.391573  	0.493054  
-92.000000	0.035722  	1.394382  	0.491702  
-91.000000	0.017861  	1.397191  	0.490350  
-90.000000	0.000000  	1.400000  	0.488998  
-89.000000	-0.017861 	1.397191  	0.485581  
-88.000000	-0.035722 	1.394382  	0.482164  
-87.000000	-0.053583 	1.391573  	0.478748  
-86.000000	-0.071445 	1.388765  	0.475331  
-85.000000	-0.090117 	1.383602  	0.471915  
-84.000000	-0.109240 	1.377133  	0.468498  
-83.000000	-0.128363 	1.370663  	0.465082  
-82.000000	-0.147486 	1.364193  	0.461665  
-81.000000	-0.166868 	1.356716  	0.458073  
-80.000000	-0.186898 	1.346718  	0.454042  
-79.000000	-0.206929 	1.336720  	0.450011  
-78.000000	-0.226959 	1.326723  	0.445980  
-77.000000	-0.246989 	1.316725  	0.441949  
-76.000000	-0.267571 	1.303651  	0.437679  
-75.000000	-0.288195 	1.290340  	0.433391  
-74.000000	-0.308819 	1.277029  	0.429102  
-73.000000	-0.329443 	1.263718  	0.424814  
-72.000000	-0.350259 	1.248681  	0.420489  
-71.000000	-0.371217 	1.232348  	0.416137  
-70.000000	-0.392176 	1.216015  	0.411785  
-69.000000	-0.413135 	1.199682  	0.407433  
-68.000000	-0.434125 	1.182779  	0.403061  
-67.000000	-0.455229 	1.163786  	0.398617  
-66.000000	-0.476334 	1.144793  	0.394173  
-65.000000	-0.497438 	1.125800  	0.389729  
-64.000000	-0.518542 	1.106806  	0.385285  
-63.000000	-0.539686 	1.085896  	0.380876  
-62.000000	-0.560837 	1.064666  	0.376473  
-61.000000	-0.581987 	1.043435  	0.372071  
-60.000000	-0.603138 	1.022205  	0.367668  
-59.000000	-0.624319 	1.000094  	0.363426  
-58.000000	-0.645531 	0.977103  	0.359344  
-57.000000	-0.666743 	0.954111  	0.355261  
-56.000000	-0.687955 	0.931119  	0.351179  
-55.000000	-0.709198 	0.907950  	0.347097  
-54.000000	-0.730634 	0.883714  	0.343015  
-53.000000	-0.752070 	0.859478  	0.338933  
-52.000000	-0.773506 	0.835242  	0.334850  
-51.000000	-0.794942 	0.811006  	0.330768  
-50.000000	-0.816837 	0.786221  	0.326951  
-49.000000	-0.838857 	0.761287  	0.323206  
-48.000000	-0.860877 	0.736352  	0.319461  
-47.000000	-0.882898 	0.711418  	0.315716  
-46.000000	-0.905440 	0.686426  	0.312003  
-45.000000	-0.928678 	0.661357  	0.308333  
-44.000000	-0.951916 	0.636288  	0.304662  
-43.000000	-0.975154 	0.611219  	0.300992  
-42.000000	-0.998552 	0.586181  	0.297279  
-41.000000	-1.024041 	0.561544  	0.293015  
-40.000000	-1.049529 	0.536908  	0.288751  
-39.000000	-1.075018 	0.512271  	0.284487  
-38.000000	-1.100507 	0.487634  	0.280223  
-37.000000	-1.128785 	0.463705  	0.275576  
-36.000000	-1.158179 	0.440059  	0.270774  
-35.000000	-1.187574 	0.416413  	0.265973  
-34.000000	-1.216968 	0.392767  	0.261172  
-33.000000	-1.248721 	0.369666  	0.255724  
-32.000000	-1.284721 	0.347547  	0.249113  
-31.000000	-1.320721 	0.325428  	0.242501  
-30.000000	-1.356720 	0.303309  	0.235890  
-29.000000	-1.392720 	0.281190  	0.229279  
-28.000000	-1.352193 	0.267507  	0.216591  
-27.000000	-1.311665 	0.253824  	0.203903  
-26.000000	-1.271138 	0.240141  	0.191215  
-25.000000	-1.230611 	0.226457  	0.178527  
-24.000000	-1.190083 	0.212774  	0.165838  
-23.000000	-1.149556 	0.199091  	0.153150  
-22.000000	-1.109028 	0.185408  	0.140462  
-21.000000	-1.068501 	0.171725  	0.127774  
-20.000000	-1.027974 	0.158042  	0.115459  
-19.000000	-0.987446 	0.144358  	0.103578  
-18.000000	-0.946919 	0.130675  	0.092069  
-17.000000	-0.906392 	0.116992  	0.080560  
-16.000000	-0.865864 	0.103309  	0.069052  
-15.000000	-0.825337 	0.089626  	0.057543  
-14.000000	-0.784809 	0.075943  	0.046035  
-13.000000	-0.744282 	0.062259  	0.034526  
-12.000000	-0.703755 	0.048576  	0.001280  
-11.000000	-0.663227 	0.034893  	-0.040660 
-10.000000	-0.622700 	0.021210  	-0.082600 
-9.000000 	-0.402600 	0.017210  	-0.116200 
-8.000000 	-0.277300 	0.017480  	-0.120700 
-7.000000 	-0.127100 	0.016400  	-0.134400 
-6.000000 	-0.002600 	0.016500  	-0.138800 
-5.000000 	0.142200  	0.016000  	-0.149800 
-4.000000 	0.267600  	0.016240  	-0.154300 
-3.000000 	0.406000  	0.016180  	-0.163000 
-2.000000 	0.562300  	0.026670  	-0.179500 
-1.000000 	0.692600  	0.026980  	-0.184900 
0.000000  	0.829000  	0.027270  	-0.192100 
1.000000  	0.952900  	0.027860  	-0.195700 
2.000000  	1.081900  	0.028330  	-0.200800 
3.000000  	1.210200  	0.028970  	-0.205800 
4.000000  	1.327800  	0.029710  	-0.207900 
5.000000  	1.450000  	0.030500  	-0.211600 
6.000000  	1.565600  	0.031510  	-0.213600 
7.000000  	1.674900  	0.032610  	-0.214200 
8.000000  	1.783000  	0.033970  	-0.215100 
9.000000  	1.872500  	0.035870  	-0.211700 
10.000000 	1.946800  	0.038590  	-0.206000 
11.000000 	1.958900  	0.044450  	-0.188600 
12.000000 	1.965900  	0.053180  	-0.175200 
13.000000 	1.951900  	0.065810  	-0.164100 
14.000000 	1.928700  	0.081530  	-0.157600 
15.000000 	1.901700  	0.098030  	-0.153700 
16.000000 	1.885200  	0.114250  	-0.153500 
17.000000 	1.874400  	0.129850  	-0.155600 
18.000000 	1.874800  	0.144340  	-0.159600 
19.000000 	1.880050  	0.158170  	-0.165850 
20.000000 	1.885300  	0.172000  	-0.172100 
21.000000 	1.895100  	0.185110  	-0.179900 
22.000000 	1.905300  	0.198250  	-0.189000 
23.000000 	1.917000  	0.210770  	-0.198600 
24.000000 	1.929600  	0.223170  	-0.209200 
25.000000 	1.941800  	0.235430  	-0.220600 
26.000000 	1.952800  	0.247620  	-0.232700 
27.000000 	1.964000  	0.259480  	-0.245300 
28.000000 	1.977400  	0.270300  	-0.257900 
29.000000 	1.989600  	0.281190  	-0.271200 
30.000000 	1.938172  	0.303309  	-0.277637 
31.000000 	1.886744  	0.325428  	-0.284074 
32.000000 	1.835316  	0.347547  	-0.290511 
33.000000 	1.783887  	0.369666  	-0.296949 
34.000000 	1.738525  	0.392767  	-0.302732 
35.000000 	1.696534  	0.416413  	-0.308152 
36.000000 	1.654542  	0.440059  	-0.313572 
37.000000 	1.612550  	0.463705  	-0.318992 
38.000000 	1.572152  	0.487634  	-0.324069 
39.000000 	1.535740  	0.512271  	-0.328286 
40.000000 	1.499328  	0.536908  	-0.332503 
41.000000 	1.462916  	0.561544  	-0.336720 
42.000000 	1.426503  	0.586181  	-0.340937 
43.000000 	1.393077  	0.611219  	-0.343922 
44.000000 	1.359879  	0.636288  	-0.346811 
45.000000 	1.326682  	0.661357  	-0.349701 
46.000000 	1.293485  	0.686426  	-0.352591 
47.000000 	1.261282  	0.711418  	-0.355474 
48.000000 	1.229825  	0.736352  	-0.358352 
49.000000 	1.198367  	0.761287  	-0.361230 
50.000000 	1.166910  	0.786221  	-0.364108 
51.000000 	1.135631  	0.811006  	-0.366974 
52.000000 	1.105009  	0.835242  	-0.369798 
53.000000 	1.074386  	0.859478  	-0.372623 
54.000000 	1.043763  	0.883714  	-0.375447 
55.000000 	1.013140  	0.907950  	-0.378271 
56.000000 	0.982792  	0.931119  	-0.381095 
57.000000 	0.952490  	0.954111  	-0.383920 
58.000000 	0.922187  	0.977103  	-0.386744 
59.000000 	0.891885  	1.000094  	-0.389568 
60.000000 	0.861626  	1.022205  	-0.392552 
61.000000 	0.831411  	1.043435  	-0.395695 
62.000000 	0.801196  	1.064666  	-0.398839 
63.000000 	0.770980  	1.085896  	-0.401982 
64.000000 	0.740775  	1.106806  	-0.405131 
65.000000 	0.710626  	1.125800  	-0.408315 
66.000000 	0.680476  	1.144793  	-0.411500 
67.000000 	0.650327  	1.163786  	-0.414685 
68.000000 	0.620178  	1.182779  	-0.417869 
69.000000 	0.590193  	1.199682  	-0.421146 
70.000000 	0.560252  	1.216015  	-0.424447 
71.000000 	0.530311  	1.232348  	-0.427749 
72.000000 	0.500370  	1.248681  	-0.431050 
73.000000 	0.470633  	1.263718  	-0.434386 
74.000000 	0.441170  	1.277029  	-0.437769 
75.000000 	0.411707  	1.290340  	-0.441152 
76.000000 	0.382244  	1.303651  	-0.444534 
77.000000 	0.352842  	1.316725  	-0.447911 
78.000000 	0.324227  	1.326723  	-0.451208 
79.000000 	0.295612  	1.336720  	-0.454505 
80.000000 	0.266998  	1.346718  	-0.457803 
81.000000 	0.238383  	1.356716  	-0.461100 
82.000000 	0.210694  	1.364193  	-0.464252 
83.000000 	0.183375  	1.370663  	-0.467345 
84.000000 	0.156057  	1.377133  	-0.470438 
85.000000 	0.128738  	1.383602  	-0.473531 
86.000000 	0.102064  	1.388765  	-0.476625 
87.000000 	0.076548  	1.391573  	-0.479718 
88.000000 	0.051032  	1.394382  	-0.482811 
89.000000 	0.025516  	1.397191  	-0.485904 
90.000000 	0.000000  	1.400000  	-0.488998 
91.000000 	-0.017861 	1.397191  	-0.490350 
92.000000 	-0.035722 	1.394382  	-0.491702 
93.000000 	-0.053583 	1.391573  	-0.493054 
94.000000 	-0.071445 	1.388765  	-0.494406 
95.000000 	-0.090117 	1.383602  	-0.495759 
96.000000 	-0.109240 	1.377133  	-0.497111 
97.000000 	-0.128363 	1.370663  	-0.498463 
98.000000 	-0.147486 	1.364193  	-0.499815 
99.000000 	-0.166868 	1.356716  	-0.500934 
100.000000	-0.186898 	1.346718  	-0.501469 
101.000000	-0.206929 	1.336720  	-0.502004 
102.000000	-0.226959 	1.326723  	-0.502540 
103.000000	-0.246989 	1.316725  	-0.503075 
104.000000	-0.267571 	1.303651  	-0.503293 
105.000000	-0.288195 	1.290340  	-0.503486 
106.000000	-0.308819 	1.277029  	-0.503679 
107.000000	-0.329443 	1.263718  	-0.503872 
108.000000	-0.350259 	1.248681  	-0.504007 
109.000000	-0.371217 	1.232348  	-0.504099 
110.000000	-0.392176 	1.216015  	-0.504190 
111.000000	-0.413135 	1.199682  	-0.504281 
112.000000	-0.434125 	1.182779  	-0.504341 
113.000000	-0.455229 	1.163786  	-0.504286 
114.000000	-0.476334 	1.144793  	-0.504231 
115.000000	-0.497438 	1.125800  	-0.504176 
116.000000	-0.518542 	1.106806  	-0.504120 
117.000000	-0.539686 	1.085896  	-0.504179 
118.000000	-0.560837 	1.064666  	-0.504258 
119.000000	-0.581987 	1.043435  	-0.504336 
120.000000	-0.603138 	1.022205  	-0.504414 
121.000000	-0.624319 	1.000094  	-0.505007 
122.000000	-0.645531 	0.977103  	-0.506115 
123.000000	-0.666743 	0.954111  	-0.507222 
124.000000	-0.687955 	0.931119  	-0.508330 
125.000000	-0.709198 	0.907950  	-0.509437 
126.000000	-0.730634 	0.883714  	-0.510545 
127.000000	-0.752070 	0.859478  	-0.511653 
128.000000	-0.773506 	0.835242  	-0.512760 
129.000000	-0.794942 	0.811006  	-0.513868 
130.000000	-0.816837 	0.786221  	-0.517327 
131.000000	-0.838857 	0.761287  	-0.521428 
132.000000	-0.860877 	0.736352  	-0.525529 
133.000000	-0.882898 	0.711418  	-0.529629 
134.000000	-0.905440 	0.686426  	-0.534012 
135.000000	-0.928678 	0.661357  	-0.538771 
136.000000	-0.951916 	0.636288  	-0.543531 
137.000000	-0.975154 	0.611219  	-0.548290 
138.000000	-0.998552 	0.586181  	-0.553383 
139.000000	-1.024041 	0.561544  	-0.562820 
140.000000	-1.049529 	0.536908  	-0.572257 
141.000000	-1.075018 	0.512271  	-0.581694 
142.000000	-1.100507 	0.487634  	-0.591132 
143.000000	-1.128785 	0.463705  	-0.603597 
144.000000	-1.158179 	0.440059  	-0.617273 
145.000000	-1.187574 	0.416413  	-0.630950 
146.000000	-1.216968 	0.392767  	-0.644627 
147.000000	-1.248721 	0.369666  	-0.656627 
148.000000	-1.284721 	0.347547  	-0.665610 
149.000000	-1.320721 	0.325428  	-0.674594 
150.000000	-1.356720 	0.303309  	-0.683577 
151.000000	-1.392720 	0.281190  	-0.692561 
152.000000	-1.344695 	0.260506  	-0.685788 
153.000000	-1.296670 	0.239823  	-0.679016 
154.000000	-1.248646 	0.220135  	-0.672244 
155.000000	-1.200621 	0.200524  	-0.665472 
156.000000	-1.152596 	0.181918  	-0.658700 
157.000000	-1.104571 	0.163480  	-0.651928 
158.000000	-1.056546 	0.146038  	-0.645156 
159.000000	-1.008521 	0.128868  	-0.638384 
160.000000	-0.960497 	0.112667  	-0.628622 
161.000000	-0.912472 	0.096854  	-0.617664 
162.000000	-0.864447 	0.081965  	-0.605289 
163.000000	-0.816422 	0.067589  	-0.592128 
164.000000	-0.768397 	0.054077  	-0.578967 
165.000000	-0.720372 	0.041213  	-0.565806 
166.000000	-0.672348 	0.029138  	-0.552645 
167.000000	-0.624323 	0.017852  	-0.539483 
168.000000	-0.576298 	0.009251  	-0.526322 
169.000000	-0.528273 	0.004229  	-0.513161 
170.000000	-0.480248 	0.001000  	-0.489112 
171.000000	-0.432223 	0.001000  	-0.445463 
172.000000	-0.384199 	0.001000  	-0.400000 
173.000000	-0.336174 	0.001000  	-0.350000 
174.000000	-0.288149 	0.001000  	-0.300000 
175.000000	-0.240124 	0.001000  	-0.250000 
176.000000	-0.192099 	0.001000  	-0.200000 
177.000000	-0.144074 	0.001000  	-0.150000 
178.000000	-0.096050 	0.001000  	-0.100000 
179.000000	-0.048025 	0.001000  	-0.050000 
180.000000	0.000000  	0.001000  	0.000000  
! ------------------------------------------------------------------------------
! data for table	3         
! ------------------------------------------------------------------------------
  0.400000  	Re           ! Reynolds number in millions
  0.000000  	UserProp     ! User property (control) setting
Flase           InclUAdata   ! Is unsteady aerodynamics data included in this table? If TRUE, then include UA coefficients below this line. Any missing coefficients will be calculated internally.
! Table of aerodynamics coefficients
  361       	NumAlf       ! Number of data lines in the following table
!Alpha      Cl          Cd          Cm/Cp
!(deg)      (-)         (-)         (-)
-180.000000	0.000000  	0.001000  	0.000000  
-179.000000	0.047866  	0.001000  	0.040000  
-178.000000	0.095731  	0.001000  	0.080000  
-177.000000	0.143597  	0.001000  	0.120000  
-176.000000	0.191462  	0.001000  	0.160000  
-175.000000	0.239328  	0.001000  	0.200000  
-174.000000	0.287193  	0.001000  	0.240000  
-173.000000	0.335059  	0.001000  	0.280000  
-172.000000	0.382924  	0.001000  	0.320000  
-171.000000	0.430790  	0.001000  	0.358239  
-170.000000	0.478655  	0.001000  	0.395774  
-169.000000	0.526521  	0.006006  	0.425704  
-168.000000	0.574386  	0.013794  	0.451407  
-167.000000	0.622252  	0.023567  	0.477111  
-166.000000	0.670117  	0.034829  	0.502814  
-165.000000	0.717983  	0.046878  	0.528518  
-164.000000	0.765848  	0.059714  	0.554222  
-163.000000	0.813714  	0.073197  	0.579925  
-162.000000	0.861579  	0.087542  	0.605629  
-161.000000	0.909445  	0.102399  	0.628989  
-160.000000	0.957310  	0.118178  	0.648131  
-159.000000	1.005176  	0.134344  	0.663711  
-158.000000	1.053041  	0.151476  	0.670386  
-157.000000	1.100907  	0.168879  	0.677061  
-156.000000	1.148772  	0.187275  	0.683736  
-155.000000	1.196638  	0.205839  	0.690411  
-154.000000	1.244503  	0.225406  	0.697086  
-153.000000	1.292369  	0.245049  	0.703761  
-152.000000	1.340234  	0.265684  	0.710436  
-151.000000	1.388100  	0.286320  	0.717111  
-150.000000	1.352308  	0.308386  	0.707920  
-149.000000	1.316516  	0.330452  	0.698729  
-148.000000	1.280724  	0.352518  	0.689538  
-147.000000	1.244932  	0.374584  	0.680346  
-146.000000	1.213359  	0.397628  	0.668117  
-145.000000	1.184130  	0.421215  	0.654200  
-144.000000	1.154901  	0.444801  	0.640282  
-143.000000	1.125672  	0.468388  	0.626365  
-142.000000	1.097550  	0.492255  	0.613676  
-141.000000	1.072196  	0.516826  	0.604057  
-140.000000	1.046842  	0.541397  	0.594438  
-139.000000	1.021489  	0.565969  	0.584819  
-138.000000	0.996135  	0.590540  	0.575200  
-137.000000	0.972850  	0.615507  	0.569985  
-136.000000	0.949724  	0.640504  	0.565109  
-135.000000	0.926598  	0.665502  	0.560232  
-134.000000	0.903472  	0.690500  	0.555356  
-133.000000	0.881031  	0.715417  	0.550859  
-132.000000	0.859105  	0.740275  	0.546647  
-131.000000	0.837179  	0.765132  	0.542434  
-130.000000	0.815253  	0.789989  	0.538221  
-129.000000	0.793448  	0.814696  	0.534655  
-128.000000	0.772092  	0.838851  	0.533458  
-127.000000	0.750735  	0.863005  	0.532261  
-126.000000	0.729378  	0.887159  	0.531065  
-125.000000	0.708021  	0.911314  	0.529868  
-124.000000	0.686846  	0.934398  	0.528671  
-123.000000	0.665701  	0.957303  	0.527474  
-122.000000	0.644556  	0.980209  	0.526278  
-121.000000	0.623411  	1.003114  	0.525081  
-120.000000	0.602290  	1.025137  	0.524397  
-119.000000	0.581195  	1.046277  	0.524227  
-118.000000	0.560100  	1.067417  	0.524057  
-117.000000	0.539005  	1.088557  	0.523887  
-116.000000	0.517916  	1.109377  	0.523735  
-115.000000	0.496857  	1.128277  	0.523698  
-114.000000	0.475798  	1.147177  	0.523661  
-113.000000	0.454739  	1.166077  	0.523624  
-112.000000	0.433681  	1.184976  	0.523586  
-111.000000	0.412729  	1.201783  	0.523429  
-110.000000	0.391807  	1.218020  	0.523239  
-109.000000	0.370885  	1.234256  	0.523048  
-108.000000	0.349963  	1.250493  	0.522858  
-107.000000	0.329180  	1.265433  	0.522622  
-106.000000	0.308584  	1.278645  	0.522326  
-105.000000	0.287988  	1.291857  	0.522029  
-104.000000	0.267391  	1.305069  	0.521733  
-103.000000	0.246837  	1.318045  	0.521412  
-102.000000	0.226826  	1.327942  	0.520771  
-101.000000	0.206816  	1.337839  	0.520130  
-100.000000	0.186805  	1.347736  	0.519489  
-99.000000	0.166794  	1.357633  	0.518849  
-98.000000	0.147426  	1.365009  	0.517621  
-97.000000	0.128315  	1.371377  	0.516158  
-96.000000	0.109204  	1.377745  	0.514695  
-95.000000	0.090092  	1.384113  	0.513232  
-94.000000	0.071429  	1.389174  	0.511769  
-93.000000	0.053572  	1.391880  	0.510306  
-92.000000	0.035714  	1.394587  	0.508843  
-91.000000	0.017857  	1.397293  	0.507380  
-90.000000	0.000000  	1.400000  	0.505917  
-89.000000	-0.017857 	1.397293  	0.502439  
-88.000000	-0.035714 	1.394587  	0.498961  
-87.000000	-0.053572 	1.391880  	0.495483  
-86.000000	-0.071429 	1.389174  	0.492005  
-85.000000	-0.090092 	1.384113  	0.488527  
-84.000000	-0.109204 	1.377745  	0.485049  
-83.000000	-0.128315 	1.371377  	0.481571  
-82.000000	-0.147426 	1.365009  	0.478093  
-81.000000	-0.166794 	1.357633  	0.474439  
-80.000000	-0.186805 	1.347736  	0.470344  
-79.000000	-0.206816 	1.337839  	0.466250  
-78.000000	-0.226826 	1.327942  	0.462155  
-77.000000	-0.246837 	1.318045  	0.458060  
-76.000000	-0.267391 	1.305069  	0.453726  
-75.000000	-0.287988 	1.291857  	0.449373  
-74.000000	-0.308584 	1.278645  	0.445020  
-73.000000	-0.329180 	1.265433  	0.440667  
-72.000000	-0.349963 	1.250493  	0.436275  
-71.000000	-0.370885 	1.234256  	0.431854  
-70.000000	-0.391807 	1.218020  	0.427433  
-69.000000	-0.412729 	1.201783  	0.423012  
-68.000000	-0.433681 	1.184976  	0.418570  
-67.000000	-0.454739 	1.166077  	0.414051  
-66.000000	-0.475798 	1.147177  	0.409533  
-65.000000	-0.496857 	1.128277  	0.405014  
-64.000000	-0.517916 	1.109377  	0.400495  
-63.000000	-0.539005 	1.088557  	0.396009  
-62.000000	-0.560100 	1.067417  	0.391529  
-61.000000	-0.581195 	1.046277  	0.387049  
-60.000000	-0.602290 	1.025137  	0.382569  
-59.000000	-0.623411 	1.003114  	0.378237  
-58.000000	-0.644556 	0.980209  	0.374053  
-57.000000	-0.665701 	0.957303  	0.369869  
-56.000000	-0.686846 	0.934398  	0.365686  
-55.000000	-0.708021 	0.911314  	0.361502  
-54.000000	-0.729378 	0.887159  	0.357318  
-53.000000	-0.750735 	0.863005  	0.353135  
-52.000000	-0.772092 	0.838851  	0.348951  
-51.000000	-0.793448 	0.814696  	0.344767  
-50.000000	-0.815253 	0.789989  	0.340805  
-49.000000	-0.837179 	0.765132  	0.336903  
-48.000000	-0.859105 	0.740275  	0.333002  
-47.000000	-0.881031 	0.715417  	0.329100  
-46.000000	-0.903472 	0.690500  	0.325225  
-45.000000	-0.926598 	0.665502  	0.321385  
-44.000000	-0.949724 	0.640504  	0.317546  
-43.000000	-0.972850 	0.615507  	0.313706  
-42.000000	-0.996135 	0.590540  	0.309817  
-41.000000	-1.021489 	0.565969  	0.305291  
-40.000000	-1.046842 	0.541397  	0.300766  
-39.000000	-1.072196 	0.516826  	0.296240  
-38.000000	-1.097550 	0.492255  	0.291714  
-37.000000	-1.125672 	0.468388  	0.286744  
-36.000000	-1.154901 	0.444801  	0.281597  
-35.000000	-1.184130 	0.421215  	0.276449  
-34.000000	-1.213359 	0.397628  	0.271302  
-33.000000	-1.244932 	0.374584  	0.265525  
-32.000000	-1.280724 	0.352518  	0.258616  
-31.000000	-1.316516 	0.330452  	0.251708  
-30.000000	-1.352308 	0.308386  	0.244799  
-29.000000	-1.388100 	0.286320  	0.237890  
-28.000000	-1.346611 	0.272641  	0.225069  
-27.000000	-1.305121 	0.258961  	0.212248  
-26.000000	-1.263632 	0.245282  	0.199427  
-25.000000	-1.222142 	0.231602  	0.186606  
-24.000000	-1.180653 	0.217923  	0.173785  
-23.000000	-1.139163 	0.204243  	0.160964  
-22.000000	-1.097674 	0.190564  	0.148144  
-21.000000	-1.056184 	0.176884  	0.135323  
-20.000000	-1.014695 	0.163205  	0.122682  
-19.000000	-0.973205 	0.149525  	0.110251  
-18.000000	-0.931716 	0.135846  	0.098001  
-17.000000	-0.890226 	0.122166  	0.085751  
-16.000000	-0.848737 	0.108487  	0.073501  
-15.000000	-0.807247 	0.094807  	0.061251  
-14.000000	-0.765758 	0.081128  	0.049001  
-13.000000	-0.724268 	0.067448  	0.036750  
-12.000000	-0.682779 	0.053769  	-0.003421 
-11.000000	-0.641289 	0.040089  	-0.054760 
-10.000000	-0.599800 	0.026410  	-0.106100 
-9.000000 	-0.378400 	0.024150  	-0.133400 
-8.000000 	-0.232800 	0.023810  	-0.143500 
-7.000000 	-0.099900 	0.023890  	-0.149700 
-6.000000 	0.041500  	0.023760  	-0.158500 
-5.000000 	0.174800  	0.023840  	-0.164700 
-4.000000 	0.313800  	0.023860  	-0.172600 
-3.000000 	0.446400  	0.024090  	-0.178600 
-2.000000 	0.581800  	0.024280  	-0.185300 
-1.000000 	0.714100  	0.024660  	-0.191100 
0.000000  	0.844700  	0.025010  	-0.196500 
1.000000  	0.975400  	0.025450  	-0.202000 
2.000000  	1.101800  	0.026000  	-0.206300 
3.000000  	1.227300  	0.026580  	-0.210400 
4.000000  	1.351500  	0.027300  	-0.214300 
5.000000  	1.469700  	0.028160  	-0.216700 
6.000000  	1.586800  	0.029160  	-0.219100 
7.000000  	1.699700  	0.030310  	-0.220600 
8.000000  	1.804700  	0.031680  	-0.220500 
9.000000  	1.900100  	0.033690  	-0.218600 
10.000000 	1.975900  	0.036330  	-0.212600 
11.000000 	1.997200  	0.042170  	-0.196800 
12.000000 	2.001400  	0.051000  	-0.182100 
13.000000 	1.990300  	0.063920  	-0.171300 
14.000000 	1.962000  	0.080040  	-0.163600 
15.000000 	1.928400  	0.097610  	-0.159200 
16.000000 	1.914200  	0.113570  	-0.158600 
17.000000 	1.899700  	0.129540  	-0.159900 
18.000000 	1.896900  	0.144460  	-0.163600 
19.000000 	1.893900  	0.159340  	-0.168900 
20.000000 	1.901600  	0.172800  	-0.175400 
21.000000 	1.908000  	0.186370  	-0.183200 
22.000000 	1.916200  	0.199660  	-0.192000 
23.000000 	1.923900  	0.212990  	-0.201900 
24.000000 	1.932300  	0.226130  	-0.212800 
25.000000 	1.941900  	0.238820  	-0.224300 
26.000000 	1.951300  	0.251410  	-0.236700 
27.000000 	1.962300  	0.263290  	-0.249300 
28.000000 	1.976600  	0.273950  	-0.261500 
29.000000 	1.983000  	0.286320  	-0.276000 
30.000000 	1.931869  	0.308386  	-0.283004 
31.000000 	1.880737  	0.330452  	-0.290007 
32.000000 	1.829606  	0.352518  	-0.297011 
33.000000 	1.778474  	0.374584  	-0.304015 
34.000000 	1.733370  	0.397628  	-0.310328 
35.000000 	1.691614  	0.421215  	-0.316257 
36.000000 	1.649858  	0.444801  	-0.322186 
37.000000 	1.608102  	0.468388  	-0.328115 
38.000000 	1.567928  	0.492255  	-0.333666 
39.000000 	1.531709  	0.516826  	-0.338269 
40.000000 	1.495489  	0.541397  	-0.342873 
41.000000 	1.459269  	0.565969  	-0.347477 
42.000000 	1.423050  	0.590540  	-0.352080 
43.000000 	1.389785  	0.615507  	-0.355326 
44.000000 	1.356748  	0.640504  	-0.358466 
45.000000 	1.323711  	0.665502  	-0.361607 
46.000000 	1.290674  	0.690500  	-0.364748 
47.000000 	1.258616  	0.715417  	-0.367871 
48.000000 	1.227293  	0.740275  	-0.370981 
49.000000 	1.195970  	0.765132  	-0.374091 
50.000000 	1.164647  	0.789989  	-0.377201 
51.000000 	1.133498  	0.814696  	-0.380281 
52.000000 	1.102988  	0.838851  	-0.383251 
53.000000 	1.072478  	0.863005  	-0.386220 
54.000000 	1.041969  	0.887159  	-0.389190 
55.000000 	1.011459  	0.911314  	-0.392160 
56.000000 	0.981209  	0.934398  	-0.395129 
57.000000 	0.951001  	0.957303  	-0.398099 
58.000000 	0.920794  	0.980209  	-0.401068 
59.000000 	0.890587  	1.003114  	-0.404038 
60.000000 	0.860415  	1.025137  	-0.407145 
61.000000 	0.830279  	1.046277  	-0.410390 
62.000000 	0.800143  	1.067417  	-0.413635 
63.000000 	0.770008  	1.088557  	-0.416879 
64.000000 	0.739879  	1.109377  	-0.420129 
65.000000 	0.709795  	1.128277  	-0.423410 
66.000000 	0.679712  	1.147177  	-0.426690 
67.000000 	0.649628  	1.166077  	-0.429970 
68.000000 	0.619544  	1.184976  	-0.433251 
69.000000 	0.589613  	1.201783  	-0.436612 
70.000000 	0.559724  	1.218020  	-0.439995 
71.000000 	0.529835  	1.234256  	-0.443379 
72.000000 	0.499946  	1.250493  	-0.446762 
73.000000 	0.470257  	1.265433  	-0.450176 
74.000000 	0.440834  	1.278645  	-0.453631 
75.000000 	0.411411  	1.291857  	-0.457086 
76.000000 	0.381988  	1.305069  	-0.460541 
77.000000 	0.352624  	1.318045  	-0.463989 
78.000000 	0.324038  	1.327942  	-0.467356 
79.000000 	0.295451  	1.337839  	-0.470723 
80.000000 	0.266864  	1.347736  	-0.474089 
81.000000 	0.238278  	1.357633  	-0.477456 
82.000000 	0.210609  	1.365009  	-0.480672 
83.000000 	0.183307  	1.371377  	-0.483827 
84.000000 	0.156005  	1.377745  	-0.486983 
85.000000 	0.128703  	1.384113  	-0.490139 
86.000000 	0.102041  	1.389174  	-0.493294 
87.000000 	0.076531  	1.391880  	-0.496450 
88.000000 	0.051021  	1.394587  	-0.499606 
89.000000 	0.025510  	1.397293  	-0.502762 
90.000000 	0.000000  	1.400000  	-0.505917 
91.000000 	-0.017857 	1.397293  	-0.507380 
92.000000 	-0.035714 	1.394587  	-0.508843 
93.000000 	-0.053572 	1.391880  	-0.510306 
94.000000 	-0.071429 	1.389174  	-0.511769 
95.000000 	-0.090092 	1.384113  	-0.513232 
96.000000 	-0.109204 	1.377745  	-0.514695 
97.000000 	-0.128315 	1.371377  	-0.516158 
98.000000 	-0.147426 	1.365009  	-0.517621 
99.000000 	-0.166794 	1.357633  	-0.518849 
100.000000	-0.186805 	1.347736  	-0.519489 
101.000000	-0.206816 	1.337839  	-0.520130 
102.000000	-0.226826 	1.327942  	-0.520771 
103.000000	-0.246837 	1.318045  	-0.521412 
104.000000	-0.267391 	1.305069  	-0.521733 
105.000000	-0.287988 	1.291857  	-0.522029 
106.000000	-0.308584 	1.278645  	-0.522326 
107.000000	-0.329180 	1.265433  	-0.522622 
108.000000	-0.349963 	1.250493  	-0.522858 
109.000000	-0.370885 	1.234256  	-0.523048 
110.000000	-0.391807 	1.218020  	-0.523239 
111.000000	-0.412729 	1.201783  	-0.523429 
112.000000	-0.433681 	1.184976  	-0.523586 
113.000000	-0.454739 	1.166077  	-0.523624 
114.000000	-0.475798 	1.147177  	-0.523661 
115.000000	-0.496857 	1.128277  	-0.523698 
116.000000	-0.517916 	1.109377  	-0.523735 
117.000000	-0.539005 	1.088557  	-0.523887 
118.000000	-0.560100 	1.067417  	-0.524057 
119.000000	-0.581195 	1.046277  	-0.524227 
120.000000	-0.602290 	1.025137  	-0.524397 
121.000000	-0.623411 	1.003114  	-0.525081 
122.000000	-0.644556 	0.980209  	-0.526278 
123.000000	-0.665701 	0.957303  	-0.527474 
124.000000	-0.686846 	0.934398  	-0.528671 
125.000000	-0.708021 	0.911314  	-0.529868 
126.000000	-0.729378 	0.887159  	-0.531065 
127.000000	-0.750735 	0.863005  	-0.532261 
128.000000	-0.772092 	0.838851  	-0.533458 
129.000000	-0.793448 	0.814696  	-0.534655 
130.000000	-0.815253 	0.789989  	-0.538221 
131.000000	-0.837179 	0.765132  	-0.542434 
132.000000	-0.859105 	0.740275  	-0.546647 
133.000000	-0.881031 	0.715417  	-0.550859 
134.000000	-0.903472 	0.690500  	-0.555356 
135.000000	-0.926598 	0.665502  	-0.560232 
136.000000	-0.949724 	0.640504  	-0.565109 
137.000000	-0.972850 	0.615507  	-0.569985 
138.000000	-0.996135 	0.590540  	-0.575200 
139.000000	-1.021489 	0.565969  	-0.584819 
140.000000	-1.046842 	0.541397  	-0.594438 
141.000000	-1.072196 	0.516826  	-0.604057 
142.000000	-1.097550 	0.492255  	-0.613676 
143.000000	-1.125672 	0.468388  	-0.626365 
144.000000	-1.154901 	0.444801  	-0.640282 
145.000000	-1.184130 	0.421215  	-0.654200 
146.000000	-1.213359 	0.397628  	-0.668117 
147.000000	-1.244932 	0.374584  	-0.680346 
148.000000	-1.280724 	0.352518  	-0.689538 
149.000000	-1.316516 	0.330452  	-0.698729 
150.000000	-1.352308 	0.308386  	-0.707920 
151.000000	-1.388100 	0.286320  	-0.717111 
152.000000	-1.340234 	0.265684  	-0.710436 
153.000000	-1.292369 	0.245049  	-0.703761 
154.000000	-1.244503 	0.225406  	-0.697086 
155.000000	-1.196638 	0.205839  	-0.690411 
156.000000	-1.148772 	0.187275  	-0.683736 
157.000000	-1.100907 	0.168879  	-0.677061 
158.000000	-1.053041 	0.151476  	-0.670386 
159.000000	-1.005176 	0.134344  	-0.663711 
160.000000	-0.957310 	0.118178  	-0.652811 
161.000000	-0.909445 	0.102399  	-0.640221 
162.000000	-0.861579 	0.087542  	-0.625629 
163.000000	-0.813714 	0.073197  	-0.609925 
164.000000	-0.765848 	0.059714  	-0.594222 
165.000000	-0.717983 	0.046878  	-0.578518 
166.000000	-0.670117 	0.034829  	-0.562814 
167.000000	-0.622252 	0.023567  	-0.547111 
168.000000	-0.574386 	0.013794  	-0.531407 
169.000000	-0.526521 	0.006006  	-0.515704 
170.000000	-0.478655 	0.001000  	-0.489863 
171.000000	-0.430790 	0.001000  	-0.445776 
172.000000	-0.382924 	0.001000  	-0.400000 
173.000000	-0.335059 	0.001000  	-0.350000 
174.000000	-0.287193 	0.001000  	-0.300000 
175.000000	-0.239328 	0.001000  	-0.250000 
176.000000	-0.191462 	0.001000  	-0.200000 
177.000000	-0.143597 	0.001000  	-0.150000 
178.000000	-0.095731 	0.001000  	-0.100000 
179.000000	-0.047866 	0.001000  	-0.050000 
180.000000	0.000000  	0.001000  	0.000000  
! ------------------------------------------------------------------------------
! data for table	4         
! ------------------------------------------------------------------------------
  0.500000  	Re           ! Reynolds number in millions
  0.000000  	UserProp     ! User property (control) setting
Flase           InclUAdata   ! Is unsteady aerodynamics data included in this table? If TRUE, then include UA coefficients below this line. Any missing coefficients will be calculated internally.
! Table of aerodynamics coefficients
  361       	NumAlf       ! Number of data lines in the following table
!Alpha      Cl          Cd          Cm/Cp
!(deg)      (-)         (-)         (-)
-180.000000	0.000000  	0.001000  	0.000000  
-179.000000	0.047841  	0.001000  	0.040000  
-178.000000	0.095683  	0.001000  	0.080000  
-177.000000	0.143524  	0.001000  	0.120000  
-176.000000	0.191366  	0.001000  	0.160000  
-175.000000	0.239207  	0.001000  	0.200000  
-174.000000	0.287048  	0.001000  	0.240000  
-173.000000	0.334890  	0.001000  	0.280000  
-172.000000	0.382731  	0.001000  	0.320000  
-171.000000	0.430572  	0.001000  	0.358271  
-170.000000	0.478414  	0.001000  	0.395850  
-169.000000	0.526255  	0.006762  	0.425961  
-168.000000	0.574097  	0.015724  	0.451921  
-167.000000	0.621938  	0.025995  	0.477882  
-166.000000	0.669779  	0.037247  	0.503843  
-165.000000	0.717621  	0.049285  	0.529804  
-164.000000	0.765462  	0.062110  	0.555764  
-163.000000	0.813303  	0.075581  	0.581725  
-162.000000	0.861145  	0.089912  	0.607686  
-161.000000	0.908986  	0.104756  	0.631272  
-160.000000	0.956828  	0.120520  	0.650582  
-159.000000	1.004669  	0.136671  	0.666283  
-158.000000	1.052510  	0.153786  	0.672959  
-157.000000	1.100352  	0.171173  	0.679635  
-156.000000	1.148193  	0.189552  	0.686311  
-155.000000	1.196034  	0.208098  	0.692987  
-154.000000	1.243876  	0.227646  	0.699663  
-153.000000	1.291717  	0.247270  	0.706339  
-152.000000	1.339559  	0.267885  	0.713015  
-151.000000	1.387400  	0.288500  	0.719691  
-150.000000	1.351639  	0.310544  	0.710505  
-149.000000	1.315879  	0.332587  	0.701319  
-148.000000	1.280118  	0.354631  	0.692133  
-147.000000	1.244358  	0.376674  	0.682947  
-146.000000	1.212812  	0.399694  	0.670724  
-145.000000	1.183608  	0.423255  	0.656813  
-144.000000	1.154404  	0.446816  	0.642902  
-143.000000	1.125200  	0.470377  	0.628992  
-142.000000	1.097102  	0.494219  	0.616308  
-141.000000	1.071768  	0.518762  	0.606692  
-140.000000	1.046435  	0.543305  	0.597076  
-139.000000	1.021102  	0.567849  	0.587460  
-138.000000	0.995769  	0.592392  	0.577844  
-137.000000	0.972501  	0.617329  	0.572628  
-136.000000	0.949392  	0.642296  	0.567751  
-135.000000	0.926283  	0.667263  	0.562874  
-134.000000	0.903174  	0.692231  	0.557997  
-133.000000	0.880749  	0.717117  	0.553499  
-132.000000	0.858837  	0.741941  	0.549284  
-131.000000	0.836925  	0.766766  	0.545070  
-130.000000	0.815013  	0.791591  	0.540855  
-129.000000	0.793222  	0.816265  	0.537286  
-128.000000	0.771877  	0.840384  	0.536083  
-127.000000	0.750533  	0.864504  	0.534880  
-126.000000	0.729188  	0.888624  	0.533677  
-125.000000	0.707843  	0.912743  	0.532474  
-124.000000	0.686678  	0.935791  	0.531270  
-123.000000	0.665543  	0.958660  	0.530067  
-122.000000	0.644408  	0.981529  	0.528864  
-121.000000	0.623273  	1.004398  	0.527661  
-120.000000	0.602162  	1.026383  	0.526969  
-119.000000	0.581075  	1.047485  	0.526789  
-118.000000	0.559989  	1.068587  	0.526609  
-117.000000	0.538902  	1.089688  	0.526428  
-116.000000	0.517821  	1.110470  	0.526267  
-115.000000	0.496769  	1.129330  	0.526219  
-114.000000	0.475717  	1.148190  	0.526172  
-113.000000	0.454665  	1.167050  	0.526124  
-112.000000	0.433613  	1.185910  	0.526076  
-111.000000	0.412668  	1.202676  	0.525908  
-110.000000	0.391751  	1.218872  	0.525706  
-109.000000	0.370834  	1.235067  	0.525504  
-108.000000	0.349918  	1.251262  	0.525302  
-107.000000	0.329140  	1.266161  	0.525054  
-106.000000	0.308548  	1.279332  	0.524745  
-105.000000	0.287956  	1.292502  	0.524436  
-104.000000	0.267364  	1.305672  	0.524126  
-103.000000	0.246814  	1.318605  	0.523793  
-102.000000	0.226806  	1.328460  	0.523139  
-101.000000	0.206799  	1.338314  	0.522486  
-100.000000	0.186791  	1.348168  	0.521832  
-99.000000	0.166783  	1.358023  	0.521179  
-98.000000	0.147417  	1.365356  	0.519938  
-97.000000	0.128308  	1.371681  	0.518462  
-96.000000	0.109198  	1.378006  	0.516986  
-95.000000	0.090089  	1.384330  	0.515510  
-94.000000	0.071427  	1.389348  	0.514034  
-93.000000	0.053570  	1.392011  	0.512559  
-92.000000	0.035713  	1.394674  	0.511083  
-91.000000	0.017857  	1.397337  	0.509607  
-90.000000	0.000000  	1.400000  	0.508131  
-89.000000	-0.017857 	1.397337  	0.504661  
-88.000000	-0.035713 	1.394674  	0.501191  
-87.000000	-0.053570 	1.392011  	0.497722  
-86.000000	-0.071427 	1.389348  	0.494252  
-85.000000	-0.090089 	1.384330  	0.490782  
-84.000000	-0.109198 	1.378006  	0.487312  
-83.000000	-0.128308 	1.371681  	0.483843  
-82.000000	-0.147417 	1.365356  	0.480373  
-81.000000	-0.166783 	1.358023  	0.476726  
-80.000000	-0.186791 	1.348168  	0.472638  
-79.000000	-0.206799 	1.338314  	0.468549  
-78.000000	-0.226806 	1.328460  	0.464460  
-77.000000	-0.246814 	1.318605  	0.460372  
-76.000000	-0.267364 	1.305672  	0.456042  
-75.000000	-0.287956 	1.292502  	0.451695  
-74.000000	-0.308548 	1.279332  	0.447347  
-73.000000	-0.329140 	1.266161  	0.442999  
-72.000000	-0.349918 	1.251262  	0.438612  
-71.000000	-0.370834 	1.235067  	0.434195  
-70.000000	-0.391751 	1.218872  	0.429777  
-69.000000	-0.412668 	1.202676  	0.425360  
-68.000000	-0.433613 	1.185910  	0.420921  
-67.000000	-0.454665 	1.167050  	0.416404  
-66.000000	-0.475717 	1.148190  	0.411886  
-65.000000	-0.496769 	1.129330  	0.407369  
-64.000000	-0.517821 	1.110470  	0.402851  
-63.000000	-0.538902 	1.089688  	0.398366  
-62.000000	-0.559989 	1.068587  	0.393887  
-61.000000	-0.581075 	1.047485  	0.389407  
-60.000000	-0.602162 	1.026383  	0.384928  
-59.000000	-0.623273 	1.004398  	0.380594  
-58.000000	-0.644408 	0.981529  	0.376407  
-57.000000	-0.665543 	0.958660  	0.372220  
-56.000000	-0.686678 	0.935791  	0.368033  
-55.000000	-0.707843 	0.912743  	0.363845  
-54.000000	-0.729188 	0.888624  	0.359658  
-53.000000	-0.750533 	0.864504  	0.355471  
-52.000000	-0.771877 	0.840384  	0.351284  
-51.000000	-0.793222 	0.816265  	0.347097  
-50.000000	-0.815013 	0.791591  	0.343128  
-49.000000	-0.836925 	0.766766  	0.339218  
-48.000000	-0.858837 	0.741941  	0.335309  
-47.000000	-0.880749 	0.717117  	0.331399  
-46.000000	-0.903174 	0.692231  	0.327516  
-45.000000	-0.926283 	0.667263  	0.323667  
-44.000000	-0.949392 	0.642296  	0.319819  
-43.000000	-0.972501 	0.617329  	0.315971  
-42.000000	-0.995769 	0.592392  	0.312073  
-41.000000	-1.021102 	0.567849  	0.307536  
-40.000000	-1.046435 	0.543305  	0.302998  
-39.000000	-1.071768 	0.518762  	0.298461  
-38.000000	-1.097102 	0.494219  	0.293924  
-37.000000	-1.125200 	0.470377  	0.288940  
-36.000000	-1.154404 	0.446816  	0.283778  
-35.000000	-1.183608 	0.423255  	0.278617  
-34.000000	-1.212812 	0.399694  	0.273455  
-33.000000	-1.244358 	0.376674  	0.267669  
-32.000000	-1.280118 	0.354631  	0.260758  
-31.000000	-1.315879 	0.332587  	0.253848  
-30.000000	-1.351639 	0.310544  	0.246938  
-29.000000	-1.387400 	0.288500  	0.240028  
-28.000000	-1.344274 	0.274591  	0.227248  
-27.000000	-1.301147 	0.260682  	0.214469  
-26.000000	-1.258021 	0.246773  	0.201689  
-25.000000	-1.214895 	0.232864  	0.188910  
-24.000000	-1.171768 	0.218955  	0.176130  
-23.000000	-1.128642 	0.205046  	0.163351  
-22.000000	-1.085516 	0.191137  	0.150571  
-21.000000	-1.042389 	0.177228  	0.137791  
-20.000000	-0.999263 	0.163319  	0.125100  
-19.000000	-0.956137 	0.149411  	0.112511  
-18.000000	-0.913011 	0.135502  	0.100009  
-17.000000	-0.869884 	0.121593  	0.087508  
-16.000000	-0.826758 	0.107684  	0.075007  
-15.000000	-0.783632 	0.093775  	0.062506  
-14.000000	-0.740505 	0.079866  	0.050005  
-13.000000	-0.697379 	0.065957  	0.037504  
-12.000000	-0.654253 	0.052048  	-0.005077 
-11.000000	-0.611126 	0.038139  	-0.059688 
-10.000000	-0.568000 	0.024230  	-0.114300 
-9.000000 	-0.362400 	0.022460  	-0.138500 
-8.000000 	-0.227000 	0.022540  	-0.145500 
-7.000000 	-0.087200 	0.022440  	-0.153800 
-6.000000 	0.047700  	0.022540  	-0.160500 
-5.000000 	0.186800  	0.022570  	-0.168400 
-4.000000 	0.321300  	0.022710  	-0.174800 
-3.000000 	0.457500  	0.022880  	-0.181800 
-2.000000 	0.590900  	0.023160  	-0.187900 
-1.000000 	0.723800  	0.023470  	-0.193800 
0.000000  	0.855900  	0.023880  	-0.199600 
1.000000  	0.984700  	0.024300  	-0.204500 
2.000000  	1.113000  	0.024780  	-0.209300 
3.000000  	1.239400  	0.025380  	-0.213600 
4.000000  	1.362300  	0.026040  	-0.217100 
5.000000  	1.483700  	0.026820  	-0.220400 
6.000000  	1.600800  	0.027810  	-0.222600 
7.000000  	1.712700  	0.029020  	-0.223900 
8.000000  	1.822300  	0.030320  	-0.224700 
9.000000  	1.920100  	0.032090  	-0.223100 
10.000000 	2.002400  	0.034660  	-0.218500 
11.000000 	2.025700  	0.040250  	-0.202500 
12.000000 	2.033300  	0.048860  	-0.187800 
13.000000 	2.020200  	0.061650  	-0.175800 
14.000000 	1.992700  	0.077740  	-0.167600 
15.000000 	1.967450  	0.094530  	-0.164350 
16.000000 	1.942200  	0.111320  	-0.161100 
17.000000 	1.922600  	0.128090  	-0.162200 
18.000000 	1.920400  	0.142690  	-0.165300 
19.000000 	1.917300  	0.157550  	-0.170200 
20.000000 	1.920150  	0.171600  	-0.177150 
21.000000 	1.923000  	0.185650  	-0.184100 
22.000000 	1.930300  	0.199050  	-0.192800 
23.000000 	1.936400  	0.212540  	-0.202500 
24.000000 	1.943400  	0.225880  	-0.213400 
25.000000 	1.948500  	0.239420  	-0.225300 
26.000000 	1.955700  	0.252360  	-0.237800 
27.000000 	1.964500  	0.264620  	-0.250700 
28.000000 	1.972000  	0.277120  	-0.264500 
29.000000 	1.982000  	0.288500  	-0.278000 
30.000000 	1.930913  	0.310544  	-0.285022 
31.000000 	1.879827  	0.332587  	-0.292044 
32.000000 	1.828740  	0.354631  	-0.299065 
33.000000 	1.777654  	0.376674  	-0.306087 
34.000000 	1.732589  	0.399694  	-0.312418 
35.000000 	1.690869  	0.423255  	-0.318364 
36.000000 	1.649149  	0.446816  	-0.324311 
37.000000 	1.607428  	0.470377  	-0.330257 
38.000000 	1.567288  	0.494219  	-0.335824 
39.000000 	1.531098  	0.518762  	-0.340442 
40.000000 	1.494907  	0.543305  	-0.345060 
41.000000 	1.458717  	0.567849  	-0.349678 
42.000000 	1.422526  	0.592392  	-0.354296 
43.000000 	1.389287  	0.617329  	-0.357552 
44.000000 	1.356274  	0.642296  	-0.360704 
45.000000 	1.323261  	0.667263  	-0.363856 
46.000000 	1.290248  	0.692231  	-0.367007 
47.000000 	1.258212  	0.717117  	-0.370141 
48.000000 	1.226909  	0.741941  	-0.373260 
49.000000 	1.195607  	0.766766  	-0.376380 
50.000000 	1.164304  	0.791591  	-0.379500 
51.000000 	1.133174  	0.816265  	-0.382589 
52.000000 	1.102682  	0.840384  	-0.385563 
53.000000 	1.072189  	0.864504  	-0.388537 
54.000000 	1.041697  	0.888624  	-0.391512 
55.000000 	1.011204  	0.912743  	-0.394486 
56.000000 	0.980969  	0.935791  	-0.397461 
57.000000 	0.950776  	0.958660  	-0.400435 
58.000000 	0.920583  	0.981529  	-0.403410 
59.000000 	0.890390  	1.004398  	-0.406384 
60.000000 	0.860232  	1.026383  	-0.409494 
61.000000 	0.830108  	1.047485  	-0.412739 
62.000000 	0.799984  	1.068587  	-0.415983 
63.000000 	0.769860  	1.089688  	-0.419228 
64.000000 	0.739744  	1.110470  	-0.422478 
65.000000 	0.709670  	1.129330  	-0.425758 
66.000000 	0.679596  	1.148190  	-0.429038 
67.000000 	0.649522  	1.167050  	-0.432318 
68.000000 	0.619448  	1.185910  	-0.435597 
69.000000 	0.589525  	1.202676  	-0.438956 
70.000000 	0.559644  	1.218872  	-0.442336 
71.000000 	0.529763  	1.235067  	-0.445716 
72.000000 	0.499882  	1.251262  	-0.449097 
73.000000 	0.470200  	1.266161  	-0.452507 
74.000000 	0.440783  	1.279332  	-0.455957 
75.000000 	0.411366  	1.292502  	-0.459406 
76.000000 	0.381949  	1.305672  	-0.462856 
77.000000 	0.352591  	1.318605  	-0.466300 
78.000000 	0.324009  	1.328460  	-0.469660 
79.000000 	0.295426  	1.338314  	-0.473021 
80.000000 	0.266844  	1.348168  	-0.476382 
81.000000 	0.238262  	1.358023  	-0.479742 
82.000000 	0.210596  	1.365356  	-0.482951 
83.000000 	0.183297  	1.371681  	-0.486098 
84.000000 	0.155997  	1.378006  	-0.489246 
85.000000 	0.128698  	1.384330  	-0.492393 
86.000000 	0.102038  	1.389348  	-0.495541 
87.000000 	0.076529  	1.392011  	-0.498688 
88.000000 	0.051019  	1.394674  	-0.501836 
89.000000 	0.025510  	1.397337  	-0.504983 
90.000000 	0.000000  	1.400000  	-0.508131 
91.000000 	-0.017857 	1.397337  	-0.509607 
92.000000 	-0.035713 	1.394674  	-0.511083 
93.000000 	-0.053570 	1.392011  	-0.512559 
94.000000 	-0.071427 	1.389348  	-0.514034 
95.000000 	-0.090089 	1.384330  	-0.515510 
96.000000 	-0.109198 	1.378006  	-0.516986 
97.000000 	-0.128308 	1.371681  	-0.518462 
98.000000 	-0.147417 	1.365356  	-0.519938 
99.000000 	-0.166783 	1.358023  	-0.521179 
100.000000	-0.186791 	1.348168  	-0.521832 
101.000000	-0.206799 	1.338314  	-0.522486 
102.000000	-0.226806 	1.328460  	-0.523139 
103.000000	-0.246814 	1.318605  	-0.523793 
104.000000	-0.267364 	1.305672  	-0.524126 
105.000000	-0.287956 	1.292502  	-0.524436 
106.000000	-0.308548 	1.279332  	-0.524745 
107.000000	-0.329140 	1.266161  	-0.525054 
108.000000	-0.349918 	1.251262  	-0.525302 
109.000000	-0.370834 	1.235067  	-0.525504 
110.000000	-0.391751 	1.218872  	-0.525706 
111.000000	-0.412668 	1.202676  	-0.525908 
112.000000	-0.433613 	1.185910  	-0.526076 
113.000000	-0.454665 	1.167050  	-0.526124 
114.000000	-0.475717 	1.148190  	-0.526172 
115.000000	-0.496769 	1.129330  	-0.526219 
116.000000	-0.517821 	1.110470  	-0.526267 
117.000000	-0.538902 	1.089688  	-0.526428 
118.000000	-0.559989 	1.068587  	-0.526609 
119.000000	-0.581075 	1.047485  	-0.526789 
120.000000	-0.602162 	1.026383  	-0.526969 
121.000000	-0.623273 	1.004398  	-0.527661 
122.000000	-0.644408 	0.981529  	-0.528864 
123.000000	-0.665543 	0.958660  	-0.530067 
124.000000	-0.686678 	0.935791  	-0.531270 
125.000000	-0.707843 	0.912743  	-0.532474 
126.000000	-0.729188 	0.888624  	-0.533677 
127.000000	-0.750533 	0.864504  	-0.534880 
128.000000	-0.771877 	0.840384  	-0.536083 
129.000000	-0.793222 	0.816265  	-0.537286 
130.000000	-0.815013 	0.791591  	-0.540855 
131.000000	-0.836925 	0.766766  	-0.545070 
132.000000	-0.858837 	0.741941  	-0.549284 
133.000000	-0.880749 	0.717117  	-0.553499 
134.000000	-0.903174 	0.692231  	-0.557997 
135.000000	-0.926283 	0.667263  	-0.562874 
136.000000	-0.949392 	0.642296  	-0.567751 
137.000000	-0.972501 	0.617329  	-0.572628 
138.000000	-0.995769 	0.592392  	-0.577844 
139.000000	-1.021102 	0.567849  	-0.587460 
140.000000	-1.046435 	0.543305  	-0.597076 
141.000000	-1.071768 	0.518762  	-0.606692 
142.000000	-1.097102 	0.494219  	-0.616308 
143.000000	-1.125200 	0.470377  	-0.628992 
144.000000	-1.154404 	0.446816  	-0.642902 
145.000000	-1.183608 	0.423255  	-0.656813 
146.000000	-1.212812 	0.399694  	-0.670724 
147.000000	-1.244358 	0.376674  	-0.682947 
148.000000	-1.280118 	0.354631  	-0.692133 
149.000000	-1.315879 	0.332587  	-0.701319 
150.000000	-1.351639 	0.310544  	-0.710505 
151.000000	-1.387400 	0.288500  	-0.719691 
152.000000	-1.339559 	0.267885  	-0.713015 
153.000000	-1.291717 	0.247270  	-0.706339 
154.000000	-1.243876 	0.227646  	-0.699663 
155.000000	-1.196034 	0.208098  	-0.692987 
156.000000	-1.148193 	0.189552  	-0.686311 
157.000000	-1.100352 	0.171173  	-0.679635 
158.000000	-1.052510 	0.153786  	-0.672959 
159.000000	-1.004669 	0.136671  	-0.666283 
160.000000	-0.956828 	0.120520  	-0.655262 
161.000000	-0.908986 	0.104756  	-0.642503 
162.000000	-0.861145 	0.089912  	-0.627686 
163.000000	-0.813303 	0.075581  	-0.611725 
164.000000	-0.765462 	0.062110  	-0.595764 
165.000000	-0.717621 	0.049285  	-0.579804 
166.000000	-0.669779 	0.037247  	-0.563843 
167.000000	-0.621938 	0.025995  	-0.547882 
168.000000	-0.574097 	0.015724  	-0.531921 
169.000000	-0.526255 	0.006762  	-0.515961 
170.000000	-0.478414 	0.001000  	-0.489939 
171.000000	-0.430572 	0.001000  	-0.445808 
172.000000	-0.382731 	0.001000  	-0.400000 
173.000000	-0.334890 	0.001000  	-0.350000 
174.000000	-0.287048 	0.001000  	-0.300000 
175.000000	-0.239207 	0.001000  	-0.250000 
176.000000	-0.191366 	0.001000  	-0.200000 
177.000000	-0.143524 	0.001000  	-0.150000 
178.000000	-0.095683 	0.001000  	-0.100000 
179.000000	-0.047841 	0.001000  	-0.050000 
180.000000	0.000000  	0.001000  	0.000000  
! ------------------------------------------------------------------------------
! data for table	5         
! ------------------------------------------------------------------------------
  0.600000  	Re           ! Reynolds number in millions
  0.000000  	UserProp     ! User property (control) setting
Flase           InclUAdata   ! Is unsteady aerodynamics data included in this table? If TRUE, then include UA coefficients below this line. Any missing coefficients will be calculated internally.
! Table of aerodynamics coefficients
  361       	NumAlf       ! Number of data lines in the following table
!Alpha      Cl          Cd          Cm/Cp
!(deg)      (-)         (-)         (-)
-180.000000	0.000000  	0.001000  	0.000000  
-179.000000	0.047858  	0.001000  	0.040000  
-178.000000	0.095717  	0.001000  	0.080000  
-177.000000	0.143575  	0.001000  	0.120000  
-176.000000	0.191433  	0.001000  	0.160000  
-175.000000	0.239291  	0.001000  	0.200000  
-174.000000	0.287150  	0.001000  	0.240000  
-173.000000	0.335008  	0.001000  	0.280000  
-172.000000	0.382866  	0.001000  	0.320000  
-171.000000	0.430724  	0.001000  	0.358301  
-170.000000	0.478583  	0.001000  	0.395922  
-169.000000	0.526441  	0.007143  	0.426202  
-168.000000	0.574299  	0.016698  	0.452403  
-167.000000	0.622158  	0.027220  	0.478605  
-166.000000	0.670016  	0.038467  	0.504806  
-165.000000	0.717874  	0.050500  	0.531008  
-164.000000	0.765732  	0.063319  	0.557209  
-163.000000	0.813591  	0.076783  	0.583411  
-162.000000	0.861449  	0.091108  	0.609612  
-161.000000	0.909307  	0.105945  	0.633409  
-160.000000	0.957166  	0.121702  	0.652876  
-159.000000	1.005024  	0.137845  	0.668688  
-158.000000	1.052882  	0.154952  	0.675360  
-157.000000	1.100740  	0.172331  	0.682033  
-156.000000	1.148599  	0.190701  	0.688705  
-155.000000	1.196457  	0.209238  	0.695377  
-154.000000	1.244315  	0.228776  	0.702050  
-153.000000	1.292173  	0.248390  	0.708722  
-152.000000	1.340032  	0.268995  	0.715395  
-151.000000	1.387890  	0.289600  	0.722067  
-150.000000	1.352107  	0.311632  	0.712859  
-149.000000	1.316325  	0.333664  	0.703650  
-148.000000	1.280542  	0.355697  	0.694442  
-147.000000	1.244760  	0.377729  	0.685234  
-146.000000	1.213195  	0.400736  	0.672984  
-145.000000	1.183973  	0.424284  	0.659045  
-144.000000	1.154752  	0.447833  	0.645107  
-143.000000	1.125530  	0.471381  	0.631168  
-142.000000	1.097415  	0.495210  	0.618458  
-141.000000	1.072068  	0.519739  	0.608820  
-140.000000	1.046720  	0.544268  	0.599182  
-139.000000	1.021373  	0.568797  	0.589544  
-138.000000	0.996025  	0.593326  	0.579906  
-137.000000	0.972745  	0.618248  	0.574675  
-136.000000	0.949624  	0.643200  	0.569782  
-135.000000	0.926503  	0.668152  	0.564890  
-134.000000	0.903382  	0.693104  	0.559998  
-133.000000	0.880947  	0.717974  	0.555485  
-132.000000	0.859025  	0.742782  	0.551256  
-131.000000	0.837103  	0.767591  	0.547027  
-130.000000	0.815181  	0.792399  	0.542798  
-129.000000	0.793381  	0.817056  	0.539214  
-128.000000	0.772027  	0.841158  	0.538000  
-127.000000	0.750674  	0.865260  	0.536785  
-126.000000	0.729321  	0.889363  	0.535571  
-125.000000	0.707968  	0.913465  	0.534356  
-124.000000	0.686796  	0.936494  	0.533141  
-123.000000	0.665654  	0.959344  	0.531927  
-122.000000	0.644511  	0.982195  	0.530712  
-121.000000	0.623369  	1.005045  	0.529497  
-120.000000	0.602252  	1.027012  	0.528794  
-119.000000	0.581159  	1.048094  	0.528603  
-118.000000	0.560067  	1.069177  	0.528412  
-117.000000	0.538974  	1.090259  	0.528221  
-116.000000	0.517887  	1.111021  	0.528049  
-115.000000	0.496830  	1.129861  	0.527991  
-114.000000	0.475774  	1.148701  	0.527933  
-113.000000	0.454717  	1.167541  	0.527874  
-112.000000	0.433660  	1.186381  	0.527816  
-111.000000	0.412711  	1.203127  	0.527636  
-110.000000	0.391790  	1.219301  	0.527424  
-109.000000	0.370870  	1.235476  	0.527211  
-108.000000	0.349949  	1.251651  	0.526998  
-107.000000	0.329168  	1.266529  	0.526740  
-106.000000	0.308573  	1.279678  	0.526420  
-105.000000	0.287978  	1.292827  	0.526100  
-104.000000	0.267383  	1.305976  	0.525780  
-103.000000	0.246830  	1.318888  	0.525436  
-102.000000	0.226820  	1.328721  	0.524772  
-101.000000	0.206810  	1.338554  	0.524107  
-100.000000	0.186801  	1.348387  	0.523443  
-99.000000	0.166791  	1.358219  	0.522779  
-98.000000	0.147423  	1.365531  	0.521528  
-97.000000	0.128313  	1.371834  	0.520041  
-96.000000	0.109202  	1.378137  	0.518555  
-95.000000	0.090091  	1.384440  	0.517068  
-94.000000	0.071428  	1.389435  	0.515582  
-93.000000	0.053571  	1.392076  	0.514095  
-92.000000	0.035714  	1.394718  	0.512609  
-91.000000	0.017857  	1.397359  	0.511122  
-90.000000	0.000000  	1.400000  	0.509636  
-89.000000	-0.017857 	1.397359  	0.506166  
-88.000000	-0.035714 	1.394718  	0.502696  
-87.000000	-0.053571 	1.392076  	0.499227  
-86.000000	-0.071428 	1.389435  	0.495757  
-85.000000	-0.090091 	1.384440  	0.492288  
-84.000000	-0.109202 	1.378137  	0.488818  
-83.000000	-0.128313 	1.371834  	0.485349  
-82.000000	-0.147423 	1.365531  	0.481879  
-81.000000	-0.166791 	1.358219  	0.478233  
-80.000000	-0.186801 	1.348387  	0.474144  
-79.000000	-0.206810 	1.338554  	0.470055  
-78.000000	-0.226820 	1.328721  	0.465965  
-77.000000	-0.246830 	1.318888  	0.461876  
-76.000000	-0.267383 	1.305976  	0.457547  
-75.000000	-0.287978 	1.292827  	0.453198  
-74.000000	-0.308573 	1.279678  	0.448850  
-73.000000	-0.329168 	1.266529  	0.444501  
-72.000000	-0.349949 	1.251651  	0.440113  
-71.000000	-0.370870 	1.235476  	0.435694  
-70.000000	-0.391790 	1.219301  	0.431276  
-69.000000	-0.412711 	1.203127  	0.426857  
-68.000000	-0.433660 	1.186381  	0.422417  
-67.000000	-0.454717 	1.167541  	0.417898  
-66.000000	-0.475774 	1.148701  	0.413378  
-65.000000	-0.496830 	1.129861  	0.408858  
-64.000000	-0.517887 	1.111021  	0.404339  
-63.000000	-0.538974 	1.090259  	0.399852  
-62.000000	-0.560067 	1.069177  	0.395370  
-61.000000	-0.581159 	1.048094  	0.390888  
-60.000000	-0.602252 	1.027012  	0.386406  
-59.000000	-0.623369 	1.005045  	0.382069  
-58.000000	-0.644511 	0.982195  	0.377877  
-57.000000	-0.665654 	0.959344  	0.373685  
-56.000000	-0.686796 	0.936494  	0.369493  
-55.000000	-0.707968 	0.913465  	0.365302  
-54.000000	-0.729321 	0.889363  	0.361110  
-53.000000	-0.750674 	0.865260  	0.356918  
-52.000000	-0.772027 	0.841158  	0.352726  
-51.000000	-0.793381 	0.817056  	0.348534  
-50.000000	-0.815181 	0.792399  	0.344557  
-49.000000	-0.837103 	0.767591  	0.340639  
-48.000000	-0.859025 	0.742782  	0.336721  
-47.000000	-0.880947 	0.717974  	0.332803  
-46.000000	-0.903382 	0.693104  	0.328910  
-45.000000	-0.926503 	0.668152  	0.325052  
-44.000000	-0.949624 	0.643200  	0.321194  
-43.000000	-0.972745 	0.618248  	0.317336  
-42.000000	-0.996025 	0.593326  	0.313428  
-41.000000	-1.021373 	0.568797  	0.308874  
-40.000000	-1.046720 	0.544268  	0.304320  
-39.000000	-1.072068 	0.519739  	0.299767  
-38.000000	-1.097415 	0.495210  	0.295213  
-37.000000	-1.125530 	0.471381  	0.290209  
-36.000000	-1.154752 	0.447833  	0.285025  
-35.000000	-1.183973 	0.424284  	0.279840  
-34.000000	-1.213195 	0.400736  	0.274656  
-33.000000	-1.244760 	0.377729  	0.268853  
-32.000000	-1.280542 	0.355697  	0.261934  
-31.000000	-1.316325 	0.333664  	0.255016  
-30.000000	-1.352107 	0.311632  	0.248098  
-29.000000	-1.387890 	0.289600  	0.241180  
-28.000000	-1.342785 	0.275538  	0.228440  
-27.000000	-1.297681 	0.261477  	0.215700  
-26.000000	-1.252576 	0.247415  	0.202961  
-25.000000	-1.207471 	0.233354  	0.190221  
-24.000000	-1.162366 	0.219292  	0.177481  
-23.000000	-1.117262 	0.205231  	0.164741  
-22.000000	-1.072157 	0.191169  	0.152002  
-21.000000	-1.027052 	0.177107  	0.139262  
-20.000000	-0.981947 	0.163046  	0.126550  
-19.000000	-0.936843 	0.148984  	0.113870  
-18.000000	-0.891738 	0.134923  	0.101218  
-17.000000	-0.846633 	0.120861  	0.088566  
-16.000000	-0.801528 	0.106799  	0.075913  
-15.000000	-0.756424 	0.092738  	0.063261  
-14.000000	-0.711319 	0.078676  	0.050609  
-13.000000	-0.666214 	0.064615  	0.037957  
-12.000000	-0.621109 	0.050553  	-0.007248 
-11.000000	-0.576005 	0.036492  	-0.065474 
-10.000000	-0.530900 	0.022430  	-0.123700 
-9.000000 	-0.357400 	0.021720  	-0.140100 
-8.000000 	-0.221200 	0.021680  	-0.147400 
-7.000000 	-0.083200 	0.021740  	-0.155000 
-6.000000 	0.055000  	0.021730  	-0.162700 
-5.000000 	0.191700  	0.021860  	-0.169800 
-4.000000 	0.328300  	0.021990  	-0.176800 
-3.000000 	0.463600  	0.022210  	-0.183400 
-2.000000 	0.598000  	0.022440  	-0.189800 
-1.000000 	0.731400  	0.022760  	-0.195800 
0.000000  	0.862700  	0.023100  	-0.201400 
1.000000  	0.993000  	0.023510  	-0.206600 
2.000000  	1.121300  	0.024010  	-0.211400 
3.000000  	1.247200  	0.024570  	-0.215600 
4.000000  	1.370800  	0.025280  	-0.219300 
5.000000  	1.492400  	0.026060  	-0.222500 
6.000000  	1.611000  	0.026920  	-0.225100 
7.000000  	1.726200  	0.027980  	-0.227100 
8.000000  	1.833900  	0.029370  	-0.227400 
9.000000  	1.936400  	0.030980  	-0.226900 
10.000000 	2.020100  	0.033510  	-0.222500 
11.000000 	2.048700  	0.038830  	-0.207300 
12.000000 	2.055700  	0.047160  	-0.191600 
13.000000 	2.044000  	0.059720  	-0.179200 
14.000000 	2.018400  	0.075460  	-0.170500 
15.000000 	1.989200  	0.092380  	-0.165200 
16.000000 	1.967000  	0.109050  	-0.163100 
17.000000 	1.951100  	0.125080  	-0.163400 
18.000000 	1.939700  	0.140880  	-0.166200 
19.000000 	1.940000  	0.155160  	-0.170500 
20.000000 	1.940500  	0.169500  	-0.176500 
21.000000 	1.941400  	0.183810  	-0.184100 
22.000000 	1.944300  	0.197700  	-0.192600 
23.000000 	1.948400  	0.211570  	-0.202500 
24.000000 	1.952200  	0.225300  	-0.213400 
25.000000 	1.957000  	0.238930  	-0.225300 
26.000000 	1.964000  	0.251860  	-0.237600 
27.000000 	1.969400  	0.264980  	-0.251000 
28.000000 	1.974900  	0.277670  	-0.264900 
29.000000 	1.982700  	0.289600  	-0.278900 
30.000000 	1.931582  	0.311632  	-0.285958 
31.000000 	1.880464  	0.333664  	-0.293015 
32.000000 	1.829346  	0.355697  	-0.300073 
33.000000 	1.778228  	0.377729  	-0.307130 
34.000000 	1.733136  	0.400736  	-0.313494 
35.000000 	1.691390  	0.424284  	-0.319472 
36.000000 	1.649645  	0.447833  	-0.325450 
37.000000 	1.607900  	0.471381  	-0.331428 
38.000000 	1.567736  	0.495210  	-0.337025 
39.000000 	1.531525  	0.519739  	-0.341666 
40.000000 	1.495314  	0.544268  	-0.346307 
41.000000 	1.459104  	0.568797  	-0.350947 
42.000000 	1.422893  	0.593326  	-0.355588 
43.000000 	1.389636  	0.618248  	-0.358859 
44.000000 	1.356606  	0.643200  	-0.362025 
45.000000 	1.323576  	0.668152  	-0.365190 
46.000000 	1.290546  	0.693104  	-0.368355 
47.000000 	1.258495  	0.717974  	-0.371502 
48.000000 	1.227178  	0.742782  	-0.374634 
49.000000 	1.195861  	0.767591  	-0.377766 
50.000000 	1.164544  	0.792399  	-0.380898 
51.000000 	1.133401  	0.817056  	-0.383998 
52.000000 	1.102896  	0.841158  	-0.386979 
53.000000 	1.072392  	0.865260  	-0.389960 
54.000000 	1.041887  	0.889363  	-0.392941 
55.000000 	1.011383  	0.913465  	-0.395922 
56.000000 	0.981137  	0.936494  	-0.398903 
57.000000 	0.950934  	0.959344  	-0.401884 
58.000000 	0.920731  	0.982195  	-0.404865 
59.000000 	0.890528  	1.005045  	-0.407846 
60.000000 	0.860360  	1.027012  	-0.410960 
61.000000 	0.830228  	1.048094  	-0.414208 
62.000000 	0.800096  	1.069177  	-0.417456 
63.000000 	0.769964  	1.090259  	-0.420704 
64.000000 	0.739839  	1.111021  	-0.423958 
65.000000 	0.709758  	1.129861  	-0.427240 
66.000000 	0.679677  	1.148701  	-0.430523 
67.000000 	0.649596  	1.167541  	-0.433806 
68.000000 	0.619515  	1.186381  	-0.437089 
69.000000 	0.589587  	1.203127  	-0.440449 
70.000000 	0.559700  	1.219301  	-0.443831 
71.000000 	0.529814  	1.235476  	-0.447213 
72.000000 	0.499927  	1.251651  	-0.450595 
73.000000 	0.470240  	1.266529  	-0.454007 
74.000000 	0.440819  	1.279678  	-0.457457 
75.000000 	0.411397  	1.292827  	-0.460908 
76.000000 	0.381976  	1.305976  	-0.464359 
77.000000 	0.352614  	1.318888  	-0.467803 
78.000000 	0.324029  	1.328721  	-0.471165 
79.000000 	0.295444  	1.338554  	-0.474526 
80.000000 	0.266858  	1.348387  	-0.477887 
81.000000 	0.238273  	1.358219  	-0.481248 
82.000000 	0.210605  	1.365531  	-0.484457 
83.000000 	0.183304  	1.371834  	-0.487604 
84.000000 	0.156003  	1.378137  	-0.490752 
85.000000 	0.128702  	1.384440  	-0.493899 
86.000000 	0.102040  	1.389435  	-0.497046 
87.000000 	0.076530  	1.392076  	-0.500194 
88.000000 	0.051020  	1.394718  	-0.503341 
89.000000 	0.025510  	1.397359  	-0.506488 
90.000000 	0.000000  	1.400000  	-0.509636 
91.000000 	-0.017857 	1.397359  	-0.511122 
92.000000 	-0.035714 	1.394718  	-0.512609 
93.000000 	-0.053571 	1.392076  	-0.514095 
94.000000 	-0.071428 	1.389435  	-0.515582 
95.000000 	-0.090091 	1.384440  	-0.517068 
96.000000 	-0.109202 	1.378137  	-0.518555 
97.000000 	-0.128313 	1.371834  	-0.520041 
98.000000 	-0.147423 	1.365531  	-0.521528 
99.000000 	-0.166791 	1.358219  	-0.522779 
100.000000	-0.186801 	1.348387  	-0.523443 
101.000000	-0.206810 	1.338554  	-0.524107 
102.000000	-0.226820 	1.328721  	-0.524772 
103.000000	-0.246830 	1.318888  	-0.525436 
104.000000	-0.267383 	1.305976  	-0.525780 
105.000000	-0.287978 	1.292827  	-0.526100 
106.000000	-0.308573 	1.279678  	-0.526420 
107.000000	-0.329168 	1.266529  	-0.526740 
108.000000	-0.349949 	1.251651  	-0.526998 
109.000000	-0.370870 	1.235476  	-0.527211 
110.000000	-0.391790 	1.219301  	-0.527424 
111.000000	-0.412711 	1.203127  	-0.527636 
112.000000	-0.433660 	1.186381  	-0.527816 
113.000000	-0.454717 	1.167541  	-0.527874 
114.000000	-0.475774 	1.148701  	-0.527933 
115.000000	-0.496830 	1.129861  	-0.527991 
116.000000	-0.517887 	1.111021  	-0.528049 
117.000000	-0.538974 	1.090259  	-0.528221 
118.000000	-0.560067 	1.069177  	-0.528412 
119.000000	-0.581159 	1.048094  	-0.528603 
120.000000	-0.602252 	1.027012  	-0.528794 
121.000000	-0.623369 	1.005045  	-0.529497 
122.000000	-0.644511 	0.982195  	-0.530712 
123.000000	-0.665654 	0.959344  	-0.531927 
124.000000	-0.686796 	0.936494  	-0.533141 
125.000000	-0.707968 	0.913465  	-0.534356 
126.000000	-0.729321 	0.889363  	-0.535571 
127.000000	-0.750674 	0.865260  	-0.536785 
128.000000	-0.772027 	0.841158  	-0.538000 
129.000000	-0.793381 	0.817056  	-0.539214 
130.000000	-0.815181 	0.792399  	-0.542798 
131.000000	-0.837103 	0.767591  	-0.547027 
132.000000	-0.859025 	0.742782  	-0.551256 
133.000000	-0.880947 	0.717974  	-0.555485 
134.000000	-0.903382 	0.693104  	-0.559998 
135.000000	-0.926503 	0.668152  	-0.564890 
136.000000	-0.949624 	0.643200  	-0.569782 
137.000000	-0.972745 	0.618248  	-0.574675 
138.000000	-0.996025 	0.593326  	-0.579906 
139.000000	-1.021373 	0.568797  	-0.589544 
140.000000	-1.046720 	0.544268  	-0.599182 
141.000000	-1.072068 	0.519739  	-0.608820 
142.000000	-1.097415 	0.495210  	-0.618458 
143.000000	-1.125530 	0.471381  	-0.631168 
144.000000	-1.154752 	0.447833  	-0.645107 
145.000000	-1.183973 	0.424284  	-0.659045 
146.000000	-1.213195 	0.400736  	-0.672984 
147.000000	-1.244760 	0.377729  	-0.685234 
148.000000	-1.280542 	0.355697  	-0.694442 
149.000000	-1.316325 	0.333664  	-0.703650 
150.000000	-1.352107 	0.311632  	-0.712859 
151.000000	-1.387890 	0.289600  	-0.722067 
152.000000	-1.340032 	0.268995  	-0.715395 
153.000000	-1.292173 	0.248390  	-0.708722 
154.000000	-1.244315 	0.228776  	-0.702050 
155.000000	-1.196457 	0.209238  	-0.695377 
156.000000	-1.148599 	0.190701  	-0.688705 
157.000000	-1.100740 	0.172331  	-0.682033 
158.000000	-1.052882 	0.154952  	-0.675360 
159.000000	-1.005024 	0.137845  	-0.668688 
160.000000	-0.957166 	0.121702  	-0.657556 
161.000000	-0.909307 	0.105945  	-0.644640 
162.000000	-0.861449 	0.091108  	-0.629612 
163.000000	-0.813591 	0.076783  	-0.613411 
164.000000	-0.765732 	0.063319  	-0.597209 
165.000000	-0.717874 	0.050500  	-0.581008 
166.000000	-0.670016 	0.038467  	-0.564806 
167.000000	-0.622158 	0.027220  	-0.548605 
168.000000	-0.574299 	0.016698  	-0.532403 
169.000000	-0.526441 	0.007143  	-0.516202 
170.000000	-0.478583 	0.001000  	-0.490010 
171.000000	-0.430724 	0.001000  	-0.445838 
172.000000	-0.382866 	0.001000  	-0.400000 
173.000000	-0.335008 	0.001000  	-0.350000 
174.000000	-0.287150 	0.001000  	-0.300000 
175.000000	-0.239291 	0.001000  	-0.250000 
176.000000	-0.191433 	0.001000  	-0.200000 
177.000000	-0.143575 	0.001000  	-0.150000 
178.000000	-0.095717 	0.001000  	-0.100000 
179.000000	-0.047858 	0.001000  	-0.050000 
180.000000	0.000000  	0.001000  	0.000000  
! ------------------------------------------------------------------------------
! data for table	6         
! ------------------------------------------------------------------------------
  0.700000  	Re           ! Reynolds number in millions
  0.000000  	UserProp     ! User property (control) setting
Flase           InclUAdata   ! Is unsteady aerodynamics data included in this table? If TRUE, then include UA coefficients below this line. Any missing coefficients will be calculated internally.
! Table of aerodynamics coefficients
  361       	NumAlf       ! Number of data lines in the following table
!Alpha      Cl          Cd          Cm/Cp
!(deg)      (-)         (-)         (-)
-180.000000	0.000000  	0.001000  	0.000000  
-179.000000	0.047964  	0.001000  	0.040000  
-178.000000	0.095929  	0.001000  	0.080000  
-177.000000	0.143893  	0.001000  	0.120000  
-176.000000	0.191858  	0.001000  	0.160000  
-175.000000	0.239822  	0.001000  	0.200000  
-174.000000	0.287787  	0.001000  	0.240000  
-173.000000	0.335751  	0.001000  	0.280000  
-172.000000	0.383716  	0.001000  	0.320000  
-171.000000	0.431680  	0.001000  	0.358339  
-170.000000	0.479645  	0.001000  	0.396015  
-169.000000	0.527609  	0.007098  	0.426516  
-168.000000	0.575574  	0.016583  	0.453032  
-167.000000	0.623538  	0.027075  	0.479548  
-166.000000	0.671503  	0.038323  	0.506065  
-165.000000	0.719467  	0.050356  	0.532581  
-164.000000	0.767432  	0.063176  	0.559097  
-163.000000	0.815396  	0.076641  	0.585613  
-162.000000	0.863361  	0.090967  	0.612129  
-161.000000	0.911325  	0.105804  	0.636200  
-160.000000	0.959290  	0.121562  	0.655870  
-159.000000	1.007254  	0.137706  	0.671824  
-158.000000	1.055219  	0.154815  	0.678487  
-157.000000	1.103183  	0.172194  	0.685149  
-156.000000	1.151148  	0.190565  	0.691812  
-155.000000	1.199112  	0.209103  	0.698475  
-154.000000	1.247077  	0.228642  	0.705137  
-153.000000	1.295041  	0.248258  	0.711800  
-152.000000	1.343006  	0.268864  	0.718463  
-151.000000	1.390970  	0.289470  	0.725125  
-150.000000	1.355049  	0.311504  	0.715840  
-149.000000	1.319128  	0.333537  	0.706554  
-148.000000	1.283207  	0.355571  	0.697268  
-147.000000	1.247286  	0.377604  	0.687982  
-146.000000	1.215601  	0.400613  	0.675642  
-145.000000	1.186269  	0.424163  	0.661606  
-144.000000	1.156937  	0.447713  	0.647570  
-143.000000	1.127606  	0.471263  	0.633533  
-142.000000	1.099387  	0.495093  	0.620732  
-141.000000	1.073949  	0.519624  	0.611021  
-140.000000	1.048512  	0.544154  	0.601310  
-139.000000	1.023074  	0.568685  	0.591599  
-138.000000	0.997637  	0.593216  	0.581888  
-137.000000	0.974281  	0.618139  	0.576609  
-136.000000	0.951085  	0.643093  	0.571670  
-135.000000	0.927890  	0.668047  	0.566732  
-134.000000	0.904694  	0.693001  	0.561794  
-133.000000	0.882191  	0.717873  	0.557236  
-132.000000	0.860206  	0.742683  	0.552965  
-131.000000	0.838221  	0.767493  	0.548694  
-130.000000	0.816237  	0.792304  	0.544422  
-129.000000	0.794376  	0.816963  	0.540801  
-128.000000	0.772970  	0.841067  	0.539561  
-127.000000	0.751564  	0.865171  	0.538322  
-126.000000	0.730158  	0.889275  	0.537082  
-125.000000	0.708753  	0.913379  	0.535843  
-124.000000	0.687535  	0.936411  	0.534603  
-123.000000	0.666348  	0.959263  	0.533364  
-122.000000	0.645162  	0.982116  	0.532125  
-121.000000	0.623975  	1.004969  	0.530885  
-120.000000	0.602817  	1.026937  	0.530162  
-119.000000	0.581687  	1.048022  	0.529954  
-118.000000	0.560558  	1.069107  	0.529747  
-117.000000	0.539428  	1.090192  	0.529540  
-116.000000	0.518305  	1.110956  	0.529352  
-115.000000	0.497218  	1.129798  	0.529278  
-114.000000	0.476131  	1.148641  	0.529205  
-113.000000	0.455044  	1.167483  	0.529131  
-112.000000	0.433957  	1.186325  	0.529058  
-111.000000	0.412981  	1.203073  	0.528865  
-110.000000	0.392036  	1.219251  	0.528639  
-109.000000	0.371091  	1.235428  	0.528414  
-108.000000	0.350146  	1.251605  	0.528189  
-107.000000	0.329344  	1.266486  	0.527918  
-106.000000	0.308730  	1.279637  	0.527587  
-105.000000	0.288116  	1.292789  	0.527256  
-104.000000	0.267503  	1.305940  	0.526925  
-103.000000	0.246932  	1.318855  	0.526570  
-102.000000	0.226909  	1.328690  	0.525895  
-101.000000	0.206886  	1.338525  	0.525220  
-100.000000	0.186863  	1.348361  	0.524545  
-99.000000	0.166840  	1.358196  	0.523870  
-98.000000	0.147463  	1.365510  	0.522609  
-97.000000	0.128345  	1.371816  	0.521113  
-96.000000	0.109226  	1.378121  	0.519616  
-95.000000	0.090108  	1.384427  	0.518120  
-94.000000	0.071439  	1.389425  	0.516624  
-93.000000	0.053579  	1.392069  	0.515127  
-92.000000	0.035719  	1.394712  	0.513631  
-91.000000	0.017860  	1.397356  	0.512134  
-90.000000	0.000000  	1.400000  	0.510638  
-89.000000	-0.017860 	1.397356  	0.507158  
-88.000000	-0.035719 	1.394712  	0.503678  
-87.000000	-0.053579 	1.392069  	0.500198  
-86.000000	-0.071439 	1.389425  	0.496718  
-85.000000	-0.090108 	1.384427  	0.493238  
-84.000000	-0.109226 	1.378121  	0.489757  
-83.000000	-0.128345 	1.371816  	0.486277  
-82.000000	-0.147463 	1.365510  	0.482797  
-81.000000	-0.166840 	1.358196  	0.479141  
-80.000000	-0.186863 	1.348361  	0.475042  
-79.000000	-0.206886 	1.338525  	0.470944  
-78.000000	-0.226909 	1.328690  	0.466846  
-77.000000	-0.246932 	1.318855  	0.462748  
-76.000000	-0.267503 	1.305940  	0.458410  
-75.000000	-0.288116 	1.292789  	0.454053  
-74.000000	-0.308730 	1.279637  	0.449696  
-73.000000	-0.329344 	1.266486  	0.445339  
-72.000000	-0.350146 	1.251605  	0.440942  
-71.000000	-0.371091 	1.235428  	0.436516  
-70.000000	-0.392036 	1.219251  	0.432090  
-69.000000	-0.412981 	1.203073  	0.427664  
-68.000000	-0.433957 	1.186325  	0.423217  
-67.000000	-0.455044 	1.167483  	0.418691  
-66.000000	-0.476131 	1.148641  	0.414166  
-65.000000	-0.497218 	1.129798  	0.409640  
-64.000000	-0.518305 	1.110956  	0.405114  
-63.000000	-0.539428 	1.090192  	0.400621  
-62.000000	-0.560558 	1.069107  	0.396133  
-61.000000	-0.581687 	1.048022  	0.391645  
-60.000000	-0.602817 	1.026937  	0.387157  
-59.000000	-0.623975 	1.004969  	0.382815  
-58.000000	-0.645162 	0.982116  	0.378617  
-57.000000	-0.666348 	0.959263  	0.374420  
-56.000000	-0.687535 	0.936411  	0.370223  
-55.000000	-0.708753 	0.913379  	0.366026  
-54.000000	-0.730158 	0.889275  	0.361828  
-53.000000	-0.751564 	0.865171  	0.357631  
-52.000000	-0.772970 	0.841067  	0.353434  
-51.000000	-0.794376 	0.816963  	0.349237  
-50.000000	-0.816237 	0.792304  	0.345251  
-49.000000	-0.838221 	0.767493  	0.341322  
-48.000000	-0.860206 	0.742683  	0.337393  
-47.000000	-0.882191 	0.717873  	0.333465  
-46.000000	-0.904694 	0.693001  	0.329561  
-45.000000	-0.927890 	0.668047  	0.325692  
-44.000000	-0.951085 	0.643093  	0.321822  
-43.000000	-0.974281 	0.618139  	0.317952  
-42.000000	-0.997637 	0.593216  	0.314032  
-41.000000	-1.023074 	0.568685  	0.309453  
-40.000000	-1.048512 	0.544154  	0.304873  
-39.000000	-1.073949 	0.519624  	0.300294  
-38.000000	-1.099387 	0.495093  	0.295715  
-37.000000	-1.127606 	0.471263  	0.290676  
-36.000000	-1.156937 	0.447713  	0.285453  
-35.000000	-1.186269 	0.424163  	0.280231  
-34.000000	-1.215601 	0.400613  	0.275008  
-33.000000	-1.247286 	0.377604  	0.269170  
-32.000000	-1.283207 	0.355571  	0.262225  
-31.000000	-1.319128 	0.333537  	0.255280  
-30.000000	-1.355049 	0.311504  	0.248335  
-29.000000	-1.390970 	0.289470  	0.241391  
-28.000000	-1.343972 	0.275350  	0.228663  
-27.000000	-1.296973 	0.261230  	0.215936  
-26.000000	-1.249975 	0.247110  	0.203209  
-25.000000	-1.202976 	0.232990  	0.190482  
-24.000000	-1.155978 	0.218870  	0.177755  
-23.000000	-1.108979 	0.204750  	0.165028  
-22.000000	-1.061981 	0.190630  	0.152301  
-21.000000	-1.014983 	0.176510  	0.139574  
-20.000000	-0.967984 	0.162390  	0.126860  
-19.000000	-0.920986 	0.148270  	0.114162  
-18.000000	-0.873987 	0.134150  	0.101478  
-17.000000	-0.826989 	0.120030  	0.088793  
-16.000000	-0.779991 	0.105910  	0.076108  
-15.000000	-0.732992 	0.091790  	0.063423  
-14.000000	-0.685994 	0.077670  	0.050739  
-13.000000	-0.638995 	0.063550  	0.038054  
-12.000000	-0.591997 	0.049430  	-0.009367 
-11.000000	-0.544998 	0.035310  	-0.070684 
-10.000000	-0.498000 	0.021190  	-0.132000 
-9.000000 	-0.356100 	0.021200  	-0.140600 
-8.000000 	-0.216200 	0.021220  	-0.148900 
-7.000000 	-0.079000 	0.021200  	-0.156300 
-6.000000 	0.059400  	0.021290  	-0.163900 
-5.000000 	0.196800  	0.021370  	-0.171200 
-4.000000 	0.333500  	0.021550  	-0.178200 
-3.000000 	0.468900  	0.021750  	-0.184900 
-2.000000 	0.603400  	0.022020  	-0.191200 
-1.000000 	0.736300  	0.022320  	-0.197200 
0.000000  	0.868200  	0.022670  	-0.202800 
1.000000  	0.998400  	0.023080  	-0.208000 
2.000000  	1.127000  	0.023520  	-0.212800 
3.000000  	1.254100  	0.024030  	-0.217300 
4.000000  	1.378600  	0.024670  	-0.221200 
5.000000  	1.500500  	0.025390  	-0.224500 
6.000000  	1.619300  	0.026290  	-0.227200 
7.000000  	1.733500  	0.027400  	-0.228900 
8.000000  	1.845400  	0.028540  	-0.230100 
9.000000  	1.947200  	0.030240  	-0.229300 
10.000000 	2.035600  	0.032540  	-0.225900 
11.000000 	2.067200  	0.037680  	-0.211100 
12.000000 	2.072400  	0.045920  	-0.194500 
13.000000 	2.061700  	0.058110  	-0.181500 
14.000000 	2.041300  	0.073280  	-0.172900 
15.000000 	2.016100  	0.089580  	-0.167200 
16.000000 	1.986800  	0.106980  	-0.164300 
17.000000 	1.973400  	0.122720  	-0.164400 
18.000000 	1.962800  	0.138190  	-0.166500 
19.000000 	1.956300  	0.153370  	-0.170800 
20.000000 	1.955700  	0.167840  	-0.176500 
21.000000 	1.958800  	0.181660  	-0.183500 
22.000000 	1.963300  	0.195240  	-0.191700 
23.000000 	1.966100  	0.209130  	-0.201200 
24.000000 	1.970300  	0.222760  	-0.211800 
25.000000 	1.971500  	0.236890  	-0.223900 
26.000000 	1.973800  	0.250710  	-0.236800 
27.000000 	1.974000  	0.264750  	-0.250900 
28.000000 	1.981700  	0.277080  	-0.264300 
29.000000 	1.987100  	0.289470  	-0.278700 
30.000000 	1.935784  	0.311504  	-0.285826 
31.000000 	1.884468  	0.333537  	-0.292952 
32.000000 	1.833153  	0.355571  	-0.300078 
33.000000 	1.781837  	0.377604  	-0.307204 
34.000000 	1.736573  	0.400613  	-0.313630 
35.000000 	1.694670  	0.424163  	-0.319666 
36.000000 	1.652768  	0.447713  	-0.325701 
37.000000 	1.610865  	0.471263  	-0.331737 
38.000000 	1.570552  	0.495093  	-0.337386 
39.000000 	1.534213  	0.519624  	-0.342066 
40.000000 	1.497874  	0.544154  	-0.346746 
41.000000 	1.461534  	0.568685  	-0.351425 
42.000000 	1.425195  	0.593216  	-0.356105 
43.000000 	1.391830  	0.618139  	-0.359396 
44.000000 	1.358693  	0.643093  	-0.362579 
45.000000 	1.325557  	0.668047  	-0.365763 
46.000000 	1.292420  	0.693001  	-0.368947 
47.000000 	1.260272  	0.717873  	-0.372110 
48.000000 	1.228866  	0.742683  	-0.375259 
49.000000 	1.197459  	0.767493  	-0.378407 
50.000000 	1.166053  	0.792304  	-0.381556 
51.000000 	1.134823  	0.816963  	-0.384670 
52.000000 	1.104243  	0.841067  	-0.387659 
53.000000 	1.073663  	0.865171  	-0.390648 
54.000000 	1.043084  	0.889275  	-0.393636 
55.000000 	1.012504  	0.913379  	-0.396625 
56.000000 	0.982192  	0.936411  	-0.399614 
57.000000 	0.951926  	0.959263  	-0.402603 
58.000000 	0.921659  	0.982116  	-0.405591 
59.000000 	0.891393  	1.004969  	-0.408580 
60.000000 	0.861167  	1.026937  	-0.411702 
61.000000 	0.830982  	1.048022  	-0.414957 
62.000000 	0.800797  	1.069107  	-0.418212 
63.000000 	0.770612  	1.090192  	-0.421467 
64.000000 	0.740436  	1.110956  	-0.424727 
65.000000 	0.710311  	1.129798  	-0.428017 
66.000000 	0.680187  	1.148641  	-0.431306 
67.000000 	0.650062  	1.167483  	-0.434596 
68.000000 	0.619938  	1.186325  	-0.437886 
69.000000 	0.589973  	1.203073  	-0.441254 
70.000000 	0.560052  	1.219251  	-0.444644 
71.000000 	0.530131  	1.235428  	-0.448034 
72.000000 	0.500209  	1.251605  	-0.451423 
73.000000 	0.470491  	1.266486  	-0.454843 
74.000000 	0.441043  	1.279637  	-0.458303 
75.000000 	0.411595  	1.292789  	-0.461762 
76.000000 	0.382147  	1.305940  	-0.465221 
77.000000 	0.352759  	1.318855  	-0.468675 
78.000000 	0.324155  	1.328690  	-0.472045 
79.000000 	0.295551  	1.338525  	-0.475416 
80.000000 	0.266947  	1.348361  	-0.478786 
81.000000 	0.238343  	1.358196  	-0.482156 
82.000000 	0.210662  	1.365510  	-0.485375 
83.000000 	0.183349  	1.371816  	-0.488533 
84.000000 	0.156037  	1.378121  	-0.491691 
85.000000 	0.128725  	1.384427  	-0.494849 
86.000000 	0.102055  	1.389425  	-0.498007 
87.000000 	0.076541  	1.392069  	-0.501164 
88.000000 	0.051028  	1.394712  	-0.504322 
89.000000 	0.025514  	1.397356  	-0.507480 
90.000000 	0.000000  	1.400000  	-0.510638 
91.000000 	-0.017860 	1.397356  	-0.512134 
92.000000 	-0.035719 	1.394712  	-0.513631 
93.000000 	-0.053579 	1.392069  	-0.515127 
94.000000 	-0.071439 	1.389425  	-0.516624 
95.000000 	-0.090108 	1.384427  	-0.518120 
96.000000 	-0.109226 	1.378121  	-0.519616 
97.000000 	-0.128345 	1.371816  	-0.521113 
98.000000 	-0.147463 	1.365510  	-0.522609 
99.000000 	-0.166840 	1.358196  	-0.523870 
100.000000	-0.186863 	1.348361  	-0.524545 
101.000000	-0.206886 	1.338525  	-0.525220 
102.000000	-0.226909 	1.328690  	-0.525895 
103.000000	-0.246932 	1.318855  	-0.526570 
104.000000	-0.267503 	1.305940  	-0.526925 
105.000000	-0.288116 	1.292789  	-0.527256 
106.000000	-0.308730 	1.279637  	-0.527587 
107.000000	-0.329344 	1.266486  	-0.527918 
108.000000	-0.350146 	1.251605  	-0.528189 
109.000000	-0.371091 	1.235428  	-0.528414 
110.000000	-0.392036 	1.219251  	-0.528639 
111.000000	-0.412981 	1.203073  	-0.528865 
112.000000	-0.433957 	1.186325  	-0.529058 
113.000000	-0.455044 	1.167483  	-0.529131 
114.000000	-0.476131 	1.148641  	-0.529205 
115.000000	-0.497218 	1.129798  	-0.529278 
116.000000	-0.518305 	1.110956  	-0.529352 
117.000000	-0.539428 	1.090192  	-0.529540 
118.000000	-0.560558 	1.069107  	-0.529747 
119.000000	-0.581687 	1.048022  	-0.529954 
120.000000	-0.602817 	1.026937  	-0.530162 
121.000000	-0.623975 	1.004969  	-0.530885 
122.000000	-0.645162 	0.982116  	-0.532125 
123.000000	-0.666348 	0.959263  	-0.533364 
124.000000	-0.687535 	0.936411  	-0.534603 
125.000000	-0.708753 	0.913379  	-0.535843 
126.000000	-0.730158 	0.889275  	-0.537082 
127.000000	-0.751564 	0.865171  	-0.538322 
128.000000	-0.772970 	0.841067  	-0.539561 
129.000000	-0.794376 	0.816963  	-0.540801 
130.000000	-0.816237 	0.792304  	-0.544422 
131.000000	-0.838221 	0.767493  	-0.548694 
132.000000	-0.860206 	0.742683  	-0.552965 
133.000000	-0.882191 	0.717873  	-0.557236 
134.000000	-0.904694 	0.693001  	-0.561794 
135.000000	-0.927890 	0.668047  	-0.566732 
136.000000	-0.951085 	0.643093  	-0.571670 
137.000000	-0.974281 	0.618139  	-0.576609 
138.000000	-0.997637 	0.593216  	-0.581888 
139.000000	-1.023074 	0.568685  	-0.591599 
140.000000	-1.048512 	0.544154  	-0.601310 
141.000000	-1.073949 	0.519624  	-0.611021 
142.000000	-1.099387 	0.495093  	-0.620732 
143.000000	-1.127606 	0.471263  	-0.633533 
144.000000	-1.156937 	0.447713  	-0.647570 
145.000000	-1.186269 	0.424163  	-0.661606 
146.000000	-1.215601 	0.400613  	-0.675642 
147.000000	-1.247286 	0.377604  	-0.687982 
148.000000	-1.283207 	0.355571  	-0.697268 
149.000000	-1.319128 	0.333537  	-0.706554 
150.000000	-1.355049 	0.311504  	-0.715840 
151.000000	-1.390970 	0.289470  	-0.725125 
152.000000	-1.343006 	0.268864  	-0.718463 
153.000000	-1.295041 	0.248258  	-0.711800 
154.000000	-1.247077 	0.228642  	-0.705137 
155.000000	-1.199112 	0.209103  	-0.698475 
156.000000	-1.151148 	0.190565  	-0.691812 
157.000000	-1.103183 	0.172194  	-0.685149 
158.000000	-1.055219 	0.154815  	-0.678487 
159.000000	-1.007254 	0.137706  	-0.671824 
160.000000	-0.959290 	0.121562  	-0.660550 
161.000000	-0.911325 	0.105804  	-0.647432 
162.000000	-0.863361 	0.090967  	-0.632129 
163.000000	-0.815396 	0.076641  	-0.615613 
164.000000	-0.767432 	0.063176  	-0.599097 
165.000000	-0.719467 	0.050356  	-0.582581 
166.000000	-0.671503 	0.038323  	-0.566065 
167.000000	-0.623538 	0.027075  	-0.549548 
168.000000	-0.575574 	0.016583  	-0.533032 
169.000000	-0.527609 	0.007098  	-0.516516 
170.000000	-0.479645 	0.001000  	-0.490103 
171.000000	-0.431680 	0.001000  	-0.445876 
172.000000	-0.383716 	0.001000  	-0.400000 
173.000000	-0.335751 	0.001000  	-0.350000 
174.000000	-0.287787 	0.001000  	-0.300000 
175.000000	-0.239822 	0.001000  	-0.250000 
176.000000	-0.191858 	0.001000  	-0.200000 
177.000000	-0.143893 	0.001000  	-0.150000 
178.000000	-0.095929 	0.001000  	-0.100000 
179.000000	-0.047964 	0.001000  	-0.050000 
180.000000	0.000000  	0.001000  	0.000000  
! ------------------------------------------------------------------------------
! data for table	7         
! ------------------------------------------------------------------------------
  0.800000  	Re           ! Reynolds number in millions
  0.000000  	UserProp     ! User property (control) setting
Flase           InclUAdata   ! Is unsteady aerodynamics data included in this table? If TRUE, then include UA coefficients below this line. Any missing coefficients will be calculated internally.
! Table of aerodynamics coefficients
  361       	NumAlf       ! Number of data lines in the following table
!Alpha      Cl          Cd          Cm/Cp
!(deg)      (-)         (-)         (-)
-180.000000	0.000000  	0.001000  	0.000000  
-179.000000	0.048129  	0.001000  	0.040000  
-178.000000	0.096257  	0.001000  	0.080000  
-177.000000	0.144386  	0.001000  	0.120000  
-176.000000	0.192514  	0.001000  	0.160000  
-175.000000	0.240643  	0.001000  	0.200000  
-174.000000	0.288772  	0.001000  	0.240000  
-173.000000	0.336900  	0.001000  	0.280000  
-172.000000	0.385029  	0.001000  	0.320000  
-171.000000	0.433158  	0.001000  	0.358389  
-170.000000	0.481286  	0.001000  	0.396135  
-169.000000	0.529415  	0.006793  	0.426923  
-168.000000	0.577543  	0.015804  	0.453845  
-167.000000	0.625672  	0.026095  	0.480768  
-166.000000	0.673801  	0.037347  	0.507691  
-165.000000	0.721929  	0.049385  	0.534613  
-164.000000	0.770058  	0.062209  	0.561536  
-163.000000	0.818187  	0.075679  	0.588459  
-162.000000	0.866315  	0.090010  	0.615381  
-161.000000	0.914444  	0.104853  	0.639807  
-160.000000	0.962572  	0.120617  	0.659738  
-159.000000	1.010701  	0.136767  	0.675873  
-158.000000	1.058830  	0.153882  	0.682519  
-157.000000	1.106958  	0.171268  	0.689166  
-156.000000	1.155087  	0.189646  	0.695812  
-155.000000	1.203216  	0.208191  	0.702458  
-154.000000	1.251344  	0.227738  	0.709105  
-153.000000	1.299473  	0.247361  	0.715751  
-152.000000	1.347601  	0.267976  	0.722397  
-151.000000	1.395730  	0.288590  	0.729044  
-150.000000	1.359595  	0.310633  	0.719638  
-149.000000	1.323460  	0.332675  	0.710232  
-148.000000	1.287325  	0.354718  	0.700826  
-147.000000	1.251190  	0.376761  	0.691420  
-146.000000	1.219319  	0.399779  	0.678941  
-145.000000	1.189817  	0.423339  	0.664754  
-144.000000	1.160315  	0.446899  	0.650566  
-143.000000	1.130813  	0.470460  	0.636379  
-142.000000	1.102433  	0.494300  	0.623438  
-141.000000	1.076857  	0.518842  	0.613615  
-140.000000	1.051280  	0.543384  	0.603791  
-139.000000	1.025704  	0.567926  	0.593968  
-138.000000	1.000127  	0.592468  	0.584144  
-137.000000	0.976655  	0.617404  	0.578792  
-136.000000	0.953344  	0.642370  	0.573783  
-135.000000	0.930033  	0.667336  	0.568775  
-134.000000	0.906722  	0.692302  	0.563767  
-133.000000	0.884114  	0.717187  	0.559143  
-132.000000	0.862032  	0.742010  	0.554808  
-131.000000	0.839951  	0.766834  	0.550472  
-130.000000	0.817869  	0.791657  	0.546137  
-129.000000	0.795915  	0.816329  	0.542458  
-128.000000	0.774428  	0.840448  	0.541182  
-127.000000	0.752940  	0.864566  	0.539907  
-126.000000	0.731453  	0.888684  	0.538632  
-125.000000	0.709965  	0.912802  	0.537356  
-124.000000	0.688677  	0.935848  	0.536081  
-123.000000	0.667422  	0.958716  	0.534806  
-122.000000	0.646166  	0.981583  	0.533531  
-121.000000	0.624911  	1.004450  	0.532255  
-120.000000	0.603690  	1.026434  	0.531503  
-119.000000	0.582503  	1.047535  	0.531274  
-118.000000	0.561317  	1.068635  	0.531044  
-117.000000	0.540130  	1.089735  	0.530815  
-116.000000	0.518951  	1.110515  	0.530605  
-115.000000	0.497816  	1.129373  	0.530512  
-114.000000	0.476682  	1.148232  	0.530418  
-113.000000	0.455548  	1.167090  	0.530324  
-112.000000	0.434414  	1.185948  	0.530231  
-111.000000	0.413399  	1.202713  	0.530021  
-110.000000	0.392417  	1.218907  	0.529779  
-109.000000	0.371434  	1.235101  	0.529538  
-108.000000	0.350452  	1.251294  	0.529296  
-107.000000	0.329615  	1.266191  	0.529011  
-106.000000	0.308973  	1.279360  	0.528666  
-105.000000	0.288330  	1.292528  	0.528322  
-104.000000	0.267688  	1.305697  	0.527977  
-103.000000	0.247089  	1.318628  	0.527609  
-102.000000	0.227045  	1.328481  	0.526921  
-101.000000	0.207002  	1.338334  	0.526233  
-100.000000	0.186959  	1.348186  	0.525546  
-99.000000	0.166916  	1.358039  	0.524858  
-98.000000	0.147525  	1.365370  	0.523584  
-97.000000	0.128394  	1.371693  	0.522076  
-96.000000	0.109263  	1.378016  	0.520568  
-95.000000	0.090133  	1.384339  	0.519061  
-94.000000	0.071455  	1.389355  	0.517553  
-93.000000	0.053591  	1.392016  	0.516045  
-92.000000	0.035727  	1.394677  	0.514537  
-91.000000	0.017864  	1.397339  	0.513029  
-90.000000	0.000000  	1.400000  	0.511521  
-89.000000	-0.017864 	1.397339  	0.508022  
-88.000000	-0.035727 	1.394677  	0.504522  
-87.000000	-0.053591 	1.392016  	0.501023  
-86.000000	-0.071455 	1.389355  	0.497523  
-85.000000	-0.090133 	1.384339  	0.494024  
-84.000000	-0.109263 	1.378016  	0.490524  
-83.000000	-0.128394 	1.371693  	0.487025  
-82.000000	-0.147525 	1.365370  	0.483525  
-81.000000	-0.166916 	1.358039  	0.479850  
-80.000000	-0.186959 	1.348186  	0.475736  
-79.000000	-0.207002 	1.338334  	0.471621  
-78.000000	-0.227045 	1.328481  	0.467506  
-77.000000	-0.247089 	1.318628  	0.463392  
-76.000000	-0.267688 	1.305697  	0.459038  
-75.000000	-0.288330 	1.292528  	0.454666  
-74.000000	-0.308973 	1.279360  	0.450293  
-73.000000	-0.329615 	1.266191  	0.445921  
-72.000000	-0.350452 	1.251294  	0.441511  
-71.000000	-0.371434 	1.235101  	0.437071  
-70.000000	-0.392417 	1.218907  	0.432632  
-69.000000	-0.413399 	1.202713  	0.428192  
-68.000000	-0.434414 	1.185948  	0.423732  
-67.000000	-0.455548 	1.167090  	0.419196  
-66.000000	-0.476682 	1.148232  	0.414660  
-65.000000	-0.497816 	1.129373  	0.410124  
-64.000000	-0.518951 	1.110515  	0.405588  
-63.000000	-0.540130 	1.089735  	0.401085  
-62.000000	-0.561317 	1.068635  	0.396586  
-61.000000	-0.582503 	1.047535  	0.392088  
-60.000000	-0.603690 	1.026434  	0.387590  
-59.000000	-0.624911 	1.004450  	0.383238  
-58.000000	-0.646166 	0.981583  	0.379033  
-57.000000	-0.667422 	0.958716  	0.374827  
-56.000000	-0.688677 	0.935848  	0.370622  
-55.000000	-0.709965 	0.912802  	0.366417  
-54.000000	-0.731453 	0.888684  	0.362211  
-53.000000	-0.752940 	0.864566  	0.358006  
-52.000000	-0.774428 	0.840448  	0.353800  
-51.000000	-0.795915 	0.816329  	0.349595  
-50.000000	-0.817869 	0.791657  	0.345595  
-49.000000	-0.839951 	0.766834  	0.341651  
-48.000000	-0.862032 	0.742010  	0.337708  
-47.000000	-0.884114 	0.717187  	0.333764  
-46.000000	-0.906722 	0.692302  	0.329845  
-45.000000	-0.930033 	0.667336  	0.325959  
-44.000000	-0.953344 	0.642370  	0.322073  
-43.000000	-0.976655 	0.617404  	0.318187  
-42.000000	-1.000127 	0.592468  	0.314249  
-41.000000	-1.025704 	0.567926  	0.309632  
-40.000000	-1.051280 	0.543384  	0.305015  
-39.000000	-1.076857 	0.518842  	0.300397  
-38.000000	-1.102433 	0.494300  	0.295780  
-37.000000	-1.130813 	0.470460  	0.290690  
-36.000000	-1.160315 	0.446899  	0.285410  
-35.000000	-1.189817 	0.423339  	0.280131  
-34.000000	-1.219319 	0.399779  	0.274851  
-33.000000	-1.251190 	0.376761  	0.268957  
-32.000000	-1.287325 	0.354718  	0.261958  
-31.000000	-1.323460 	0.332675  	0.254959  
-30.000000	-1.359595 	0.310633  	0.247960  
-29.000000	-1.395730 	0.288590  	0.240961  
-28.000000	-1.348123 	0.274496  	0.228190  
-27.000000	-1.300516 	0.260402  	0.215419  
-26.000000	-1.252909 	0.246307  	0.202648  
-25.000000	-1.205303 	0.232213  	0.189877  
-24.000000	-1.157696 	0.218119  	0.177107  
-23.000000	-1.110089 	0.204025  	0.164336  
-22.000000	-1.062482 	0.189931  	0.151565  
-21.000000	-1.014875 	0.175836  	0.138794  
-20.000000	-0.967268 	0.161742  	0.126076  
-19.000000	-0.919662 	0.147648  	0.113421  
-18.000000	-0.872055 	0.133554  	0.100818  
-17.000000	-0.824448 	0.119459  	0.088216  
-16.000000	-0.776841 	0.105365  	0.075614  
-15.000000	-0.729234 	0.091271  	0.063011  
-14.000000	-0.681627 	0.077177  	0.050409  
-13.000000	-0.634021 	0.063083  	0.037807  
-12.000000	-0.586414 	0.048988  	-0.009980 
-11.000000	-0.538807 	0.034894  	-0.071840 
-10.000000	-0.491200 	0.020800  	-0.133700 
-9.000000 	-0.353800 	0.020830  	-0.141400 
-8.000000 	-0.214200 	0.020830  	-0.149500 
-7.000000 	-0.075100 	0.020850  	-0.157400 
-6.000000 	0.063400  	0.020920  	-0.165000 
-5.000000 	0.201100  	0.021050  	-0.172400 
-4.000000 	0.337800  	0.021210  	-0.179400 
-3.000000 	0.473700  	0.021410  	-0.186100 
-2.000000 	0.608200  	0.021660  	-0.192500 
-1.000000 	0.741700  	0.021930  	-0.198600 
0.000000  	0.873500  	0.022270  	-0.204100 
1.000000  	1.004100  	0.022650  	-0.209400 
2.000000  	1.133000  	0.023080  	-0.214300 
3.000000  	1.259800  	0.023610  	-0.218700 
4.000000  	1.384100  	0.024240  	-0.222600 
5.000000  	1.505700  	0.025020  	-0.225900 
6.000000  	1.625700  	0.025810  	-0.228700 
7.000000  	1.742400  	0.026750  	-0.230900 
8.000000  	1.853900  	0.027960  	-0.232100 
9.000000  	1.958100  	0.029500  	-0.231800 
10.000000 	2.048000  	0.031790  	-0.228700 
11.000000 	2.086900  	0.036500  	-0.215200 
12.000000 	2.086800  	0.044850  	-0.197100 
13.000000 	2.078700  	0.056550  	-0.183700 
14.000000 	2.064400  	0.070830  	-0.174900 
15.000000 	2.034100  	0.087770  	-0.168700 
16.000000 	2.012100  	0.104080  	-0.165500 
17.000000 	1.990900  	0.120720  	-0.165000 
18.000000 	1.979500  	0.136290  	-0.166900 
19.000000 	1.976000  	0.150890  	-0.170600 
20.000000 	1.975200  	0.165310  	-0.176000 
21.000000 	1.976800  	0.179260  	-0.182700 
22.000000 	1.976900  	0.193460  	-0.191000 
23.000000 	1.979700  	0.207310  	-0.200300 
24.000000 	1.982100  	0.221140  	-0.210900 
25.000000 	1.984700  	0.234940  	-0.222500 
26.000000 	1.986900  	0.248650  	-0.235100 
27.000000 	1.987100  	0.262660  	-0.249000 
28.000000 	1.985800  	0.276740  	-0.264000 
29.000000 	1.993900  	0.288590  	-0.277700 
30.000000 	1.942279  	0.310633  	-0.284930 
31.000000 	1.890657  	0.332675  	-0.292160 
32.000000 	1.839036  	0.354718  	-0.299389 
33.000000 	1.787414  	0.376761  	-0.306619 
34.000000 	1.741884  	0.399779  	-0.313138 
35.000000 	1.699739  	0.423339  	-0.319261 
36.000000 	1.657593  	0.446899  	-0.325384 
37.000000 	1.615448  	0.470460  	-0.331506 
38.000000 	1.574904  	0.494300  	-0.337234 
39.000000 	1.538367  	0.518842  	-0.341972 
40.000000 	1.501829  	0.543384  	-0.346711 
41.000000 	1.465291  	0.567926  	-0.351449 
42.000000 	1.428753  	0.592468  	-0.356187 
43.000000 	1.395221  	0.617404  	-0.359507 
44.000000 	1.361920  	0.642370  	-0.362717 
45.000000 	1.328618  	0.667336  	-0.365928 
46.000000 	1.295317  	0.692302  	-0.369138 
47.000000 	1.263019  	0.717187  	-0.372327 
48.000000 	1.231474  	0.742010  	-0.375500 
49.000000 	1.199930  	0.766834  	-0.378673 
50.000000 	1.168385  	0.791657  	-0.381845 
51.000000 	1.137022  	0.816329  	-0.384981 
52.000000 	1.106325  	0.840448  	-0.387982 
53.000000 	1.075629  	0.864566  	-0.390983 
54.000000 	1.044932  	0.888684  	-0.393983 
55.000000 	1.014236  	0.912802  	-0.396984 
56.000000 	0.983824  	0.935848  	-0.399985 
57.000000 	0.953459  	0.958716  	-0.402985 
58.000000 	0.923095  	0.981583  	-0.405986 
59.000000 	0.892730  	1.004450  	-0.408987 
60.000000 	0.862415  	1.026434  	-0.412121 
61.000000 	0.832148  	1.047535  	-0.415387 
62.000000 	0.801881  	1.068635  	-0.418654 
63.000000 	0.771614  	1.089735  	-0.421921 
64.000000 	0.741358  	1.110515  	-0.425192 
65.000000 	0.711166  	1.129373  	-0.428493 
66.000000 	0.680975  	1.148232  	-0.431794 
67.000000 	0.650783  	1.167090  	-0.435096 
68.000000 	0.620592  	1.185948  	-0.438397 
69.000000 	0.590570  	1.202713  	-0.441779 
70.000000 	0.560595  	1.218907  	-0.445182 
71.000000 	0.530620  	1.235101  	-0.448586 
72.000000 	0.500645  	1.251294  	-0.451990 
73.000000 	0.470878  	1.266191  	-0.455424 
74.000000 	0.441389  	1.279360  	-0.458899 
75.000000 	0.411900  	1.292528  	-0.462374 
76.000000 	0.382411  	1.305697  	-0.465849 
77.000000 	0.352984  	1.318628  	-0.469318 
78.000000 	0.324351  	1.328481  	-0.472705 
79.000000 	0.295717  	1.338334  	-0.476092 
80.000000 	0.267084  	1.348186  	-0.479479 
81.000000 	0.238451  	1.358039  	-0.482866 
82.000000 	0.210749  	1.365370  	-0.486103 
83.000000 	0.183420  	1.371693  	-0.489281 
84.000000 	0.156091  	1.378016  	-0.492458 
85.000000 	0.128761  	1.384339  	-0.495635 
86.000000 	0.102078  	1.389355  	-0.498812 
87.000000 	0.076559  	1.392016  	-0.501989 
88.000000 	0.051039  	1.394677  	-0.505167 
89.000000 	0.025520  	1.397339  	-0.508344 
90.000000 	0.000000  	1.400000  	-0.511521 
91.000000 	-0.017864 	1.397339  	-0.513029 
92.000000 	-0.035727 	1.394677  	-0.514537 
93.000000 	-0.053591 	1.392016  	-0.516045 
94.000000 	-0.071455 	1.389355  	-0.517553 
95.000000 	-0.090133 	1.384339  	-0.519061 
96.000000 	-0.109263 	1.378016  	-0.520568 
97.000000 	-0.128394 	1.371693  	-0.522076 
98.000000 	-0.147525 	1.365370  	-0.523584 
99.000000 	-0.166916 	1.358039  	-0.524858 
100.000000	-0.186959 	1.348186  	-0.525546 
101.000000	-0.207002 	1.338334  	-0.526233 
102.000000	-0.227045 	1.328481  	-0.526921 
103.000000	-0.247089 	1.318628  	-0.527609 
104.000000	-0.267688 	1.305697  	-0.527977 
105.000000	-0.288330 	1.292528  	-0.528322 
106.000000	-0.308973 	1.279360  	-0.528666 
107.000000	-0.329615 	1.266191  	-0.529011 
108.000000	-0.350452 	1.251294  	-0.529296 
109.000000	-0.371434 	1.235101  	-0.529538 
110.000000	-0.392417 	1.218907  	-0.529779 
111.000000	-0.413399 	1.202713  	-0.530021 
112.000000	-0.434414 	1.185948  	-0.530231 
113.000000	-0.455548 	1.167090  	-0.530324 
114.000000	-0.476682 	1.148232  	-0.530418 
115.000000	-0.497816 	1.129373  	-0.530512 
116.000000	-0.518951 	1.110515  	-0.530605 
117.000000	-0.540130 	1.089735  	-0.530815 
118.000000	-0.561317 	1.068635  	-0.531044 
119.000000	-0.582503 	1.047535  	-0.531274 
120.000000	-0.603690 	1.026434  	-0.531503 
121.000000	-0.624911 	1.004450  	-0.532255 
122.000000	-0.646166 	0.981583  	-0.533531 
123.000000	-0.667422 	0.958716  	-0.534806 
124.000000	-0.688677 	0.935848  	-0.536081 
125.000000	-0.709965 	0.912802  	-0.537356 
126.000000	-0.731453 	0.888684  	-0.538632 
127.000000	-0.752940 	0.864566  	-0.539907 
128.000000	-0.774428 	0.840448  	-0.541182 
129.000000	-0.795915 	0.816329  	-0.542458 
130.000000	-0.817869 	0.791657  	-0.546137 
131.000000	-0.839951 	0.766834  	-0.550472 
132.000000	-0.862032 	0.742010  	-0.554808 
133.000000	-0.884114 	0.717187  	-0.559143 
134.000000	-0.906722 	0.692302  	-0.563767 
135.000000	-0.930033 	0.667336  	-0.568775 
136.000000	-0.953344 	0.642370  	-0.573783 
137.000000	-0.976655 	0.617404  	-0.578792 
138.000000	-1.000127 	0.592468  	-0.584144 
139.000000	-1.025704 	0.567926  	-0.593968 
140.000000	-1.051280 	0.543384  	-0.603791 
141.000000	-1.076857 	0.518842  	-0.613615 
142.000000	-1.102433 	0.494300  	-0.623438 
143.000000	-1.130813 	0.470460  	-0.636379 
144.000000	-1.160315 	0.446899  	-0.650566 
145.000000	-1.189817 	0.423339  	-0.664754 
146.000000	-1.219319 	0.399779  	-0.678941 
147.000000	-1.251190 	0.376761  	-0.691420 
148.000000	-1.287325 	0.354718  	-0.700826 
149.000000	-1.323460 	0.332675  	-0.710232 
150.000000	-1.359595 	0.310633  	-0.719638 
151.000000	-1.395730 	0.288590  	-0.729044 
152.000000	-1.347601 	0.267976  	-0.722397 
153.000000	-1.299473 	0.247361  	-0.715751 
154.000000	-1.251344 	0.227738  	-0.709105 
155.000000	-1.203216 	0.208191  	-0.702458 
156.000000	-1.155087 	0.189646  	-0.695812 
157.000000	-1.106958 	0.171268  	-0.689166 
158.000000	-1.058830 	0.153882  	-0.682519 
159.000000	-1.010701 	0.136767  	-0.675873 
160.000000	-0.962572 	0.120617  	-0.664418 
161.000000	-0.914444 	0.104853  	-0.651038 
162.000000	-0.866315 	0.090010  	-0.635381 
163.000000	-0.818187 	0.075679  	-0.618459 
164.000000	-0.770058 	0.062209  	-0.601536 
165.000000	-0.721929 	0.049385  	-0.584613 
166.000000	-0.673801 	0.037347  	-0.567691 
167.000000	-0.625672 	0.026095  	-0.550768 
168.000000	-0.577543 	0.015804  	-0.533845 
169.000000	-0.529415 	0.006793  	-0.516923 
170.000000	-0.481286 	0.001000  	-0.490223 
171.000000	-0.433158 	0.001000  	-0.445926 
172.000000	-0.385029 	0.001000  	-0.400000 
173.000000	-0.336900 	0.001000  	-0.350000 
174.000000	-0.288772 	0.001000  	-0.300000 
175.000000	-0.240643 	0.001000  	-0.250000 
176.000000	-0.192514 	0.001000  	-0.200000 
177.000000	-0.144386 	0.001000  	-0.150000 
178.000000	-0.096257 	0.001000  	-0.100000 
179.000000	-0.048129 	0.001000  	-0.050000 
180.000000	0.000000  	0.001000  	0.000000  
! ------------------------------------------------------------------------------
! data for table	8         
! ------------------------------------------------------------------------------
  0.900000  	Re           ! Reynolds number in millions
  0.000000  	UserProp     ! User property (control) setting
Flase           InclUAdata   ! Is unsteady aerodynamics data included in this table? If TRUE, then include UA coefficients below this line. Any missing coefficients will be calculated internally.
! Table of aerodynamics coefficients
  361       	NumAlf       ! Number of data lines in the following table
!Alpha      Cl          Cd          Cm/Cp
!(deg)      (-)         (-)         (-)
-180.000000	0.000000  	0.001000  	0.000000  
-179.000000	0.048261  	0.001000  	0.040000  
-178.000000	0.096523  	0.001000  	0.080000  
-177.000000	0.144784  	0.001000  	0.120000  
-176.000000	0.193046  	0.001000  	0.160000  
-175.000000	0.241307  	0.001000  	0.200000  
-174.000000	0.289568  	0.001000  	0.240000  
-173.000000	0.337830  	0.001000  	0.280000  
-172.000000	0.386091  	0.001000  	0.320000  
-171.000000	0.434352  	0.001000  	0.358432  
-170.000000	0.482614  	0.001000  	0.396236  
-169.000000	0.530875  	0.006529  	0.427266  
-168.000000	0.579137  	0.015131  	0.454533  
-167.000000	0.627398  	0.025249  	0.481799  
-166.000000	0.675659  	0.036504  	0.509065  
-165.000000	0.723921  	0.048545  	0.536332  
-164.000000	0.772182  	0.061374  	0.563598  
-163.000000	0.820443  	0.074848  	0.590864  
-162.000000	0.868705  	0.089184  	0.618130  
-161.000000	0.916966  	0.104031  	0.642856  
-160.000000	0.965228  	0.119800  	0.663007  
-159.000000	1.013489  	0.135955  	0.679295  
-158.000000	1.061750  	0.153076  	0.685928  
-157.000000	1.110012  	0.170468  	0.692560  
-156.000000	1.158273  	0.188852  	0.699192  
-155.000000	1.206534  	0.207404  	0.705824  
-154.000000	1.254796  	0.226957  	0.712457  
-153.000000	1.303057  	0.246587  	0.719089  
-152.000000	1.351319  	0.267208  	0.725721  
-151.000000	1.399580  	0.287830  	0.732353  
-150.000000	1.363272  	0.309881  	0.722848  
-149.000000	1.326964  	0.331931  	0.713344  
-148.000000	1.290656  	0.353982  	0.703839  
-147.000000	1.254348  	0.376032  	0.694334  
-146.000000	1.222326  	0.399059  	0.681739  
-145.000000	1.192687  	0.422628  	0.667427  
-144.000000	1.163047  	0.446197  	0.653115  
-143.000000	1.133408  	0.469766  	0.638803  
-142.000000	1.104897  	0.493616  	0.625748  
-141.000000	1.079208  	0.518167  	0.615831  
-140.000000	1.053520  	0.542719  	0.605915  
-139.000000	1.027831  	0.567271  	0.595999  
-138.000000	1.002142  	0.591822  	0.586083  
-137.000000	0.978575  	0.616769  	0.580670  
-136.000000	0.955170  	0.641745  	0.575604  
-135.000000	0.931766  	0.666722  	0.570538  
-134.000000	0.908362  	0.691699  	0.565472  
-133.000000	0.885669  	0.716594  	0.560794  
-132.000000	0.863509  	0.741429  	0.556406  
-131.000000	0.841349  	0.766264  	0.552018  
-130.000000	0.819190  	0.791099  	0.547630  
-129.000000	0.797160  	0.815783  	0.543903  
-128.000000	0.775606  	0.839913  	0.542599  
-127.000000	0.754053  	0.864043  	0.541294  
-126.000000	0.732499  	0.888174  	0.539989  
-125.000000	0.710946  	0.912304  	0.538684  
-124.000000	0.689600  	0.935363  	0.537380  
-123.000000	0.668290  	0.958243  	0.536075  
-122.000000	0.646979  	0.981123  	0.534770  
-121.000000	0.625668  	1.004003  	0.533465  
-120.000000	0.604397  	1.026000  	0.532689  
-119.000000	0.583163  	1.047114  	0.532442  
-118.000000	0.561930  	1.068227  	0.532195  
-117.000000	0.540697  	1.089341  	0.531947  
-116.000000	0.519473  	1.110134  	0.531720  
-115.000000	0.498301  	1.129006  	0.531610  
-114.000000	0.477129  	1.147879  	0.531499  
-113.000000	0.455956  	1.166751  	0.531389  
-112.000000	0.434784  	1.185623  	0.531279  
-111.000000	0.413737  	1.202402  	0.531055  
-110.000000	0.392724  	1.218610  	0.530800  
-109.000000	0.371711  	1.234818  	0.530545  
-108.000000	0.350698  	1.251026  	0.530290  
-107.000000	0.329834  	1.265937  	0.529992  
-106.000000	0.309169  	1.279121  	0.529637  
-105.000000	0.288503  	1.292304  	0.529281  
-104.000000	0.267838  	1.305487  	0.528926  
-103.000000	0.247215  	1.318433  	0.528546  
-102.000000	0.227156  	1.328300  	0.527848  
-101.000000	0.207096  	1.338168  	0.527149  
-100.000000	0.187037  	1.348035  	0.526451  
-99.000000	0.166977  	1.357903  	0.525753  
-98.000000	0.147574  	1.365249  	0.524469  
-97.000000	0.128434  	1.371588  	0.522952  
-96.000000	0.109294  	1.377926  	0.521434  
-95.000000	0.090153  	1.384264  	0.519917  
-94.000000	0.071468  	1.389294  	0.518399  
-93.000000	0.053601  	1.391971  	0.516882  
-92.000000	0.035734  	1.394647  	0.515364  
-91.000000	0.017867  	1.397324  	0.513846  
-90.000000	0.000000  	1.400000  	0.512329  
-89.000000	-0.017867 	1.397324  	0.508813  
-88.000000	-0.035734 	1.394647  	0.505297  
-87.000000	-0.053601 	1.391971  	0.501782  
-86.000000	-0.071468 	1.389294  	0.498266  
-85.000000	-0.090153 	1.384264  	0.494750  
-84.000000	-0.109294 	1.377926  	0.491234  
-83.000000	-0.128434 	1.371588  	0.487718  
-82.000000	-0.147574 	1.365249  	0.484202  
-81.000000	-0.166977 	1.357903  	0.480511  
-80.000000	-0.187037 	1.348035  	0.476383  
-79.000000	-0.207096 	1.338168  	0.472254  
-78.000000	-0.227156 	1.328300  	0.468125  
-77.000000	-0.247215 	1.318433  	0.463997  
-76.000000	-0.267838 	1.305487  	0.459630  
-75.000000	-0.288503 	1.292304  	0.455245  
-74.000000	-0.309169 	1.279121  	0.450859  
-73.000000	-0.329834 	1.265937  	0.446474  
-72.000000	-0.350698 	1.251026  	0.442051  
-71.000000	-0.371711 	1.234818  	0.437601  
-70.000000	-0.392724 	1.218610  	0.433150  
-69.000000	-0.413737 	1.202402  	0.428699  
-68.000000	-0.434784 	1.185623  	0.424228  
-67.000000	-0.455956 	1.166751  	0.419683  
-66.000000	-0.477129 	1.147879  	0.415138  
-65.000000	-0.498301 	1.129006  	0.410593  
-64.000000	-0.519473 	1.110134  	0.406048  
-63.000000	-0.540697 	1.089341  	0.401535  
-62.000000	-0.561930 	1.068227  	0.397029  
-61.000000	-0.583163 	1.047114  	0.392522  
-60.000000	-0.604397 	1.026000  	0.388015  
-59.000000	-0.625668 	1.004003  	0.383655  
-58.000000	-0.646979 	0.981123  	0.379442  
-57.000000	-0.668290 	0.958243  	0.375230  
-56.000000	-0.689600 	0.935363  	0.371017  
-55.000000	-0.710946 	0.912304  	0.366804  
-54.000000	-0.732499 	0.888174  	0.362591  
-53.000000	-0.754053 	0.864043  	0.358379  
-52.000000	-0.775606 	0.839913  	0.354166  
-51.000000	-0.797160 	0.815783  	0.349953  
-50.000000	-0.819190 	0.791099  	0.345942  
-49.000000	-0.841349 	0.766264  	0.341985  
-48.000000	-0.863509 	0.741429  	0.338029  
-47.000000	-0.885669 	0.716594  	0.334072  
-46.000000	-0.908362 	0.691699  	0.330140  
-45.000000	-0.931766 	0.666722  	0.326239  
-44.000000	-0.955170 	0.641745  	0.322339  
-43.000000	-0.978575 	0.616769  	0.318439  
-42.000000	-1.002142 	0.591822  	0.314485  
-41.000000	-1.027831 	0.567271  	0.309835  
-40.000000	-1.053520 	0.542719  	0.305186  
-39.000000	-1.079208 	0.518167  	0.300537  
-38.000000	-1.104897 	0.493616  	0.295887  
-37.000000	-1.133408 	0.469766  	0.290753  
-36.000000	-1.163047 	0.446197  	0.285425  
-35.000000	-1.192687 	0.422628  	0.280097  
-34.000000	-1.222326 	0.399059  	0.274769  
-33.000000	-1.254348 	0.376032  	0.268827  
-32.000000	-1.290656 	0.353982  	0.261780  
-31.000000	-1.326964 	0.331931  	0.254734  
-30.000000	-1.363272 	0.309881  	0.247687  
-29.000000	-1.399580 	0.287830  	0.240640  
-28.000000	-1.351792 	0.273766  	0.227824  
-27.000000	-1.304003 	0.259703  	0.215008  
-26.000000	-1.256215 	0.245639  	0.202191  
-25.000000	-1.208426 	0.231575  	0.189375  
-24.000000	-1.160638 	0.217512  	0.176559  
-23.000000	-1.112849 	0.203448  	0.163743  
-22.000000	-1.065061 	0.189384  	0.150926  
-21.000000	-1.017273 	0.175321  	0.138110  
-20.000000	-0.969484 	0.161257  	0.125384  
-19.000000	-0.921696 	0.147193  	0.112764  
-18.000000	-0.873907 	0.133129  	0.100235  
-17.000000	-0.826119 	0.119066  	0.087706  
-16.000000	-0.778331 	0.105002  	0.075176  
-15.000000	-0.730542 	0.090938  	0.062647  
-14.000000	-0.682754 	0.076875  	0.050117  
-13.000000	-0.634965 	0.062811  	0.037588  
-12.000000	-0.587177 	0.048747  	-0.010099 
-11.000000	-0.539388 	0.034684  	-0.071850 
-10.000000	-0.491600 	0.020620  	-0.133600 
-9.000000 	-0.350600 	0.020580  	-0.142300 
-8.000000 	-0.211100 	0.020590  	-0.150350 
-7.000000 	-0.071600 	0.020600  	-0.158400 
-6.000000 	0.066900  	0.020670  	-0.166000 
-5.000000 	0.204300  	0.020840  	-0.173300 
-4.000000 	0.341400  	0.020990  	-0.180400 
-3.000000 	0.476900  	0.021200  	-0.187000 
-2.000000 	0.612200  	0.021410  	-0.193500 
-1.000000 	0.745600  	0.021680  	-0.199600 
0.000000  	0.877700  	0.021990  	-0.205200 
1.000000  	1.008500  	0.022350  	-0.210600 
2.000000  	1.137300  	0.022790  	-0.215400 
3.000000  	1.263800  	0.023330  	-0.219800 
4.000000  	1.389000  	0.023910  	-0.223800 
5.000000  	1.512000  	0.024570  	-0.227300 
6.000000  	1.631900  	0.025370  	-0.230200 
7.000000  	1.748300  	0.026340  	-0.232400 
8.000000  	1.860200  	0.027510  	-0.233600 
9.000000  	1.965200  	0.029030  	-0.233500 
10.000000 	2.055100  	0.031360  	-0.230300 
11.000000 	2.100500  	0.035730  	-0.218100 
12.000000 	2.100600  	0.043770  	-0.199400 
13.000000 	2.096800  	0.054840  	-0.186000 
14.000000 	2.079000  	0.069340  	-0.176400 
15.000000 	2.056000  	0.085320  	-0.170100 
16.000000 	2.033600  	0.101800  	-0.167850 
17.000000 	2.011200  	0.118280  	-0.165600 
18.000000 	1.998800  	0.133900  	-0.167100 
19.000000 	1.990700  	0.149070  	-0.170600 
20.000000 	1.987700  	0.163670  	-0.175700 
21.000000 	1.989000  	0.177710  	-0.182300 
22.000000 	1.990200  	0.191640  	-0.190200 
23.000000 	1.994500  	0.205110  	-0.199200 
24.000000 	1.994200  	0.219380  	-0.209800 
25.000000 	1.994300  	0.233560  	-0.221500 
26.000000 	1.995600  	0.247400  	-0.234100 
27.000000 	1.999700  	0.260540  	-0.247100 
28.000000 	1.997000  	0.274830  	-0.262100 
29.000000 	1.999400  	0.287830  	-0.276900 
30.000000 	1.947531  	0.309881  	-0.284218 
31.000000 	1.895663  	0.331931  	-0.291535 
32.000000 	1.843794  	0.353982  	-0.298853 
33.000000 	1.791925  	0.376032  	-0.306171 
34.000000 	1.746181  	0.399059  	-0.312768 
35.000000 	1.703838  	0.422628  	-0.318964 
36.000000 	1.661496  	0.446197  	-0.325161 
37.000000 	1.619154  	0.469766  	-0.331358 
38.000000 	1.578424  	0.493616  	-0.337153 
39.000000 	1.541726  	0.518167  	-0.341941 
40.000000 	1.505028  	0.542719  	-0.346729 
41.000000 	1.468330  	0.567271  	-0.351517 
42.000000 	1.431631  	0.591822  	-0.356305 
43.000000 	1.397964  	0.616769  	-0.359650 
44.000000 	1.364529  	0.641745  	-0.362884 
45.000000 	1.331094  	0.666722  	-0.366117 
46.000000 	1.297660  	0.691699  	-0.369351 
47.000000 	1.265241  	0.716594  	-0.372562 
48.000000 	1.233584  	0.741429  	-0.375756 
49.000000 	1.201928  	0.766264  	-0.378949 
50.000000 	1.170271  	0.791099  	-0.382143 
51.000000 	1.138800  	0.815783  	-0.385297 
52.000000 	1.108009  	0.839913  	-0.388309 
53.000000 	1.077218  	0.864043  	-0.391320 
54.000000 	1.046428  	0.888174  	-0.394331 
55.000000 	1.015637  	0.912304  	-0.397342 
56.000000 	0.985144  	0.935363  	-0.400354 
57.000000 	0.954700  	0.958243  	-0.403365 
58.000000 	0.924256  	0.981123  	-0.406376 
59.000000 	0.893812  	1.004003  	-0.409388 
60.000000 	0.863424  	1.026000  	-0.412532 
61.000000 	0.833091  	1.047114  	-0.415808 
62.000000 	0.802758  	1.068227  	-0.419085 
63.000000 	0.772425  	1.089341  	-0.422362 
64.000000 	0.742104  	1.110134  	-0.425644 
65.000000 	0.711858  	1.129006  	-0.428955 
66.000000 	0.681612  	1.147879  	-0.432266 
67.000000 	0.651366  	1.166751  	-0.435577 
68.000000 	0.621120  	1.185623  	-0.438888 
69.000000 	0.591053  	1.202402  	-0.442282 
70.000000 	0.561035  	1.218610  	-0.445697 
71.000000 	0.531016  	1.234818  	-0.449113 
72.000000 	0.500998  	1.251026  	-0.452529 
73.000000 	0.471192  	1.265937  	-0.455976 
74.000000 	0.441670  	1.279121  	-0.459464 
75.000000 	0.412148  	1.292304  	-0.462952 
76.000000 	0.382625  	1.305487  	-0.466440 
77.000000 	0.353165  	1.318433  	-0.469922 
78.000000 	0.324508  	1.328300  	-0.473323 
79.000000 	0.295852  	1.338168  	-0.476725 
80.000000 	0.267195  	1.348035  	-0.480126 
81.000000 	0.238539  	1.357903  	-0.483527 
82.000000 	0.210820  	1.365249  	-0.486780 
83.000000 	0.183477  	1.371588  	-0.489974 
84.000000 	0.156134  	1.377926  	-0.493167 
85.000000 	0.128790  	1.384264  	-0.496361 
86.000000 	0.102097  	1.389294  	-0.499555 
87.000000 	0.076572  	1.391971  	-0.502748 
88.000000 	0.051048  	1.394647  	-0.505942 
89.000000 	0.025524  	1.397324  	-0.509135 
90.000000 	0.000000  	1.400000  	-0.512329 
91.000000 	-0.017867 	1.397324  	-0.513846 
92.000000 	-0.035734 	1.394647  	-0.515364 
93.000000 	-0.053601 	1.391971  	-0.516882 
94.000000 	-0.071468 	1.389294  	-0.518399 
95.000000 	-0.090153 	1.384264  	-0.519917 
96.000000 	-0.109294 	1.377926  	-0.521434 
97.000000 	-0.128434 	1.371588  	-0.522952 
98.000000 	-0.147574 	1.365249  	-0.524469 
99.000000 	-0.166977 	1.357903  	-0.525753 
100.000000	-0.187037 	1.348035  	-0.526451 
101.000000	-0.207096 	1.338168  	-0.527149 
102.000000	-0.227156 	1.328300  	-0.527848 
103.000000	-0.247215 	1.318433  	-0.528546 
104.000000	-0.267838 	1.305487  	-0.528926 
105.000000	-0.288503 	1.292304  	-0.529281 
106.000000	-0.309169 	1.279121  	-0.529637 
107.000000	-0.329834 	1.265937  	-0.529992 
108.000000	-0.350698 	1.251026  	-0.530290 
109.000000	-0.371711 	1.234818  	-0.530545 
110.000000	-0.392724 	1.218610  	-0.530800 
111.000000	-0.413737 	1.202402  	-0.531055 
112.000000	-0.434784 	1.185623  	-0.531279 
113.000000	-0.455956 	1.166751  	-0.531389 
114.000000	-0.477129 	1.147879  	-0.531499 
115.000000	-0.498301 	1.129006  	-0.531610 
116.000000	-0.519473 	1.110134  	-0.531720 
117.000000	-0.540697 	1.089341  	-0.531947 
118.000000	-0.561930 	1.068227  	-0.532195 
119.000000	-0.583163 	1.047114  	-0.532442 
120.000000	-0.604397 	1.026000  	-0.532689 
121.000000	-0.625668 	1.004003  	-0.533465 
122.000000	-0.646979 	0.981123  	-0.534770 
123.000000	-0.668290 	0.958243  	-0.536075 
124.000000	-0.689600 	0.935363  	-0.537380 
125.000000	-0.710946 	0.912304  	-0.538684 
126.000000	-0.732499 	0.888174  	-0.539989 
127.000000	-0.754053 	0.864043  	-0.541294 
128.000000	-0.775606 	0.839913  	-0.542599 
129.000000	-0.797160 	0.815783  	-0.543903 
130.000000	-0.819190 	0.791099  	-0.547630 
131.000000	-0.841349 	0.766264  	-0.552018 
132.000000	-0.863509 	0.741429  	-0.556406 
133.000000	-0.885669 	0.716594  	-0.560794 
134.000000	-0.908362 	0.691699  	-0.565472 
135.000000	-0.931766 	0.666722  	-0.570538 
136.000000	-0.955170 	0.641745  	-0.575604 
137.000000	-0.978575 	0.616769  	-0.580670 
138.000000	-1.002142 	0.591822  	-0.586083 
139.000000	-1.027831 	0.567271  	-0.595999 
140.000000	-1.053520 	0.542719  	-0.605915 
141.000000	-1.079208 	0.518167  	-0.615831 
142.000000	-1.104897 	0.493616  	-0.625748 
143.000000	-1.133408 	0.469766  	-0.638803 
144.000000	-1.163047 	0.446197  	-0.653115 
145.000000	-1.192687 	0.422628  	-0.667427 
146.000000	-1.222326 	0.399059  	-0.681739 
147.000000	-1.254348 	0.376032  	-0.694334 
148.000000	-1.290656 	0.353982  	-0.703839 
149.000000	-1.326964 	0.331931  	-0.713344 
150.000000	-1.363272 	0.309881  	-0.722848 
151.000000	-1.399580 	0.287830  	-0.732353 
152.000000	-1.351319 	0.267208  	-0.725721 
153.000000	-1.303057 	0.246587  	-0.719089 
154.000000	-1.254796 	0.226957  	-0.712457 
155.000000	-1.206534 	0.207404  	-0.705824 
156.000000	-1.158273 	0.188852  	-0.699192 
157.000000	-1.110012 	0.170468  	-0.692560 
158.000000	-1.061750 	0.153076  	-0.685928 
159.000000	-1.013489 	0.135955  	-0.679295 
160.000000	-0.965228 	0.119800  	-0.667686 
161.000000	-0.916966 	0.104031  	-0.654087 
162.000000	-0.868705 	0.089184  	-0.638130 
163.000000	-0.820443 	0.074848  	-0.620864 
164.000000	-0.772182 	0.061374  	-0.603598 
165.000000	-0.723921 	0.048545  	-0.586332 
166.000000	-0.675659 	0.036504  	-0.569065 
167.000000	-0.627398 	0.025249  	-0.551799 
168.000000	-0.579137 	0.015131  	-0.534533 
169.000000	-0.530875 	0.006529  	-0.517266 
170.000000	-0.482614 	0.001000  	-0.490325 
171.000000	-0.434352 	0.001000  	-0.445969 
172.000000	-0.386091 	0.001000  	-0.400000 
173.000000	-0.337830 	0.001000  	-0.350000 
174.000000	-0.289568 	0.001000  	-0.300000 
175.000000	-0.241307 	0.001000  	-0.250000 
176.000000	-0.193046 	0.001000  	-0.200000 
177.000000	-0.144784 	0.001000  	-0.150000 
178.000000	-0.096523 	0.001000  	-0.100000 
179.000000	-0.048261 	0.001000  	-0.050000 
180.000000	0.000000  	0.001000  	0.000000  
! ------------------------------------------------------------------------------
! data for table	9         
! ------------------------------------------------------------------------------
  1.000000  	Re           ! Reynolds number in millions
  0.000000  	UserProp     ! User property (control) setting
Flase           InclUAdata   ! Is unsteady aerodynamics data included in this table? If TRUE, then include UA coefficients below this line. Any missing coefficients will be calculated internally.
! Table of aerodynamics coefficients
  361       	NumAlf       ! Number of data lines in the following table
!Alpha      Cl          Cd          Cm/Cp
!(deg)      (-)         (-)         (-)
-180.000000	0.000000  	0.001000  	0.000000  
-179.000000	0.050095  	0.001000  	0.040000  
-178.000000	0.100190  	0.001000  	0.080000  
-177.000000	0.150285  	0.001000  	0.120000  
-176.000000	0.200380  	0.001000  	0.160000  
-175.000000	0.250475  	0.001000  	0.200000  
-174.000000	0.300570  	0.001000  	0.240000  
-173.000000	0.350665  	0.001000  	0.280000  
-172.000000	0.400760  	0.001000  	0.320000  
-171.000000	0.450855  	0.002203  	0.360000  
-170.000000	0.500950  	0.003406  	0.400000  
-169.000000	0.551045  	0.012689  	0.429452  
-168.000000	0.601140  	0.021972  	0.458905  
-167.000000	0.651235  	0.032836  	0.488357  
-166.000000	0.701330  	0.043700  	0.517809  
-165.000000	0.751425  	0.056092  	0.547262  
-164.000000	0.801520  	0.068485  	0.576714  
-163.000000	0.851615  	0.082347  	0.606166  
-162.000000	0.901710  	0.096209  	0.635619  
-161.000000	0.951805  	0.111473  	0.665071  
-160.000000	1.001900  	0.126738  	0.694523  
-159.000000	1.051995  	0.143331  	0.698043  
-158.000000	1.102090  	0.159924  	0.701562  
-157.000000	1.152185  	0.177766  	0.705082  
-156.000000	1.202280  	0.195608  	0.708601  
-155.000000	1.252375  	0.214613  	0.712120  
-154.000000	1.302470  	0.233618  	0.715640  
-153.000000	1.352565  	0.253694  	0.719159  
-152.000000	1.402660  	0.273770  	0.722679  
-151.000000	1.366105  	0.295347  	0.716738  
-150.000000	1.329551  	0.316923  	0.710798  
-149.000000	1.292996  	0.338500  	0.704857  
-148.000000	1.256442  	0.360077  	0.698917  
-147.000000	1.224004  	0.382594  	0.688525  
-146.000000	1.194654  	0.405817  	0.674794  
-145.000000	1.165303  	0.429041  	0.661064  
-144.000000	1.135953  	0.452264  	0.647333  
-143.000000	1.107201  	0.475644  	0.633975  
-142.000000	1.082045  	0.499967  	0.622851  
-141.000000	1.056888  	0.524290  	0.611727  
-140.000000	1.031732  	0.548613  	0.600603  
-139.000000	1.006575  	0.572935  	0.589479  
-138.000000	0.983116  	0.597635  	0.582907  
-137.000000	0.960337  	0.622485  	0.578156  
-136.000000	0.937557  	0.647335  	0.573404  
-135.000000	0.914777  	0.672185  	0.568653  
-134.000000	0.892356  	0.697019  	0.563935  
-133.000000	0.870830  	0.721813  	0.559298  
-132.000000	0.849304  	0.746606  	0.554662  
-131.000000	0.827778  	0.771399  	0.550026  
-130.000000	0.806252  	0.796192  	0.545390  
-129.000000	0.785213  	0.820438  	0.543717  
-128.000000	0.764255  	0.844592  	0.542538  
-127.000000	0.743297  	0.868746  	0.541359  
-126.000000	0.722340  	0.892901  	0.540180  
-125.000000	0.701458  	0.916538  	0.539001  
-124.000000	0.680679  	0.939487  	0.537821  
-123.000000	0.659899  	0.962436  	0.536642  
-122.000000	0.639119  	0.985385  	0.535463  
-121.000000	0.618339  	1.008334  	0.534284  
-120.000000	0.597558  	1.029540  	0.533964  
-119.000000	0.576777  	1.050746  	0.533643  
-118.000000	0.555995  	1.071953  	0.533323  
-117.000000	0.535214  	1.093159  	0.533002  
-116.000000	0.514419  	1.113087  	0.532825  
-115.000000	0.493614  	1.132056  	0.532755  
-114.000000	0.472809  	1.151025  	0.532684  
-113.000000	0.452004  	1.169994  	0.532614  
-112.000000	0.431209  	1.188581  	0.532522  
-111.000000	0.410479  	1.204871  	0.532296  
-110.000000	0.389749  	1.221161  	0.532070  
-109.000000	0.369018  	1.237452  	0.531844  
-108.000000	0.348288  	1.253742  	0.531618  
-107.000000	0.327749  	1.267850  	0.531287  
-106.000000	0.307286  	1.281085  	0.530915  
-105.000000	0.286823  	1.294320  	0.530543  
-104.000000	0.266361  	1.307555  	0.530171  
-103.000000	0.246050  	1.319830  	0.529711  
-102.000000	0.226122  	1.329705  	0.529031  
-101.000000	0.206194  	1.339581  	0.528352  
-100.000000	0.186265  	1.349456  	0.527672  
-99.000000	0.166337  	1.359332  	0.526993  
-98.000000	0.147144  	1.366136  	0.525556  
-97.000000	0.128073  	1.372429  	0.523993  
-96.000000	0.109002  	1.378721  	0.522429  
-95.000000	0.089932  	1.385014  	0.520866  
-94.000000	0.071386  	1.389712  	0.519303  
-93.000000	0.053539  	1.392284  	0.517740  
-92.000000	0.035693  	1.394856  	0.516177  
-91.000000	0.017846  	1.397428  	0.514614  
-90.000000	0.000000  	1.400000  	0.513051  
-89.000000	-0.017846 	1.397428  	0.509553  
-88.000000	-0.035693 	1.394856  	0.506054  
-87.000000	-0.053539 	1.392284  	0.502556  
-86.000000	-0.071386 	1.389712  	0.499058  
-85.000000	-0.089932 	1.385014  	0.495560  
-84.000000	-0.109002 	1.378721  	0.492062  
-83.000000	-0.128073 	1.372429  	0.488564  
-82.000000	-0.147144 	1.366136  	0.485065  
-81.000000	-0.166337 	1.359332  	0.481472  
-80.000000	-0.186265 	1.349456  	0.477308  
-79.000000	-0.206194 	1.339581  	0.473143  
-78.000000	-0.226122 	1.329705  	0.468979  
-77.000000	-0.246050 	1.319830  	0.464814  
-76.000000	-0.266361 	1.307555  	0.460484  
-75.000000	-0.286823 	1.294320  	0.456088  
-74.000000	-0.307286 	1.281085  	0.451692  
-73.000000	-0.327749 	1.267850  	0.447295  
-72.000000	-0.348288 	1.253742  	0.442872  
-71.000000	-0.369018 	1.237452  	0.438381  
-70.000000	-0.389749 	1.221161  	0.433891  
-69.000000	-0.410479 	1.204871  	0.429400  
-68.000000	-0.431209 	1.188581  	0.424909  
-67.000000	-0.452004 	1.169994  	0.420332  
-66.000000	-0.472809 	1.151025  	0.415740  
-65.000000	-0.493614 	1.132056  	0.411148  
-64.000000	-0.514419 	1.113087  	0.406556  
-63.000000	-0.535214 	1.093159  	0.401994  
-62.000000	-0.555995 	1.071953  	0.397470  
-61.000000	-0.576777 	1.050746  	0.392947  
-60.000000	-0.597558 	1.029540  	0.388423  
-59.000000	-0.618339 	1.008334  	0.383900  
-58.000000	-0.639119 	0.985385  	0.379610  
-57.000000	-0.659899 	0.962436  	0.375320  
-56.000000	-0.680679 	0.939487  	0.371030  
-55.000000	-0.701458 	0.916538  	0.366739  
-54.000000	-0.722340 	0.892901  	0.362449  
-53.000000	-0.743297 	0.868746  	0.358159  
-52.000000	-0.764255 	0.844592  	0.353869  
-51.000000	-0.785213 	0.820438  	0.349579  
-50.000000	-0.806252 	0.796192  	0.345328  
-49.000000	-0.827778 	0.771399  	0.341309  
-48.000000	-0.849304 	0.746606  	0.337290  
-47.000000	-0.870830 	0.721813  	0.333271  
-46.000000	-0.892356 	0.697019  	0.329251  
-45.000000	-0.914777 	0.672185  	0.325239  
-44.000000	-0.937557 	0.647335  	0.321229  
-43.000000	-0.960337 	0.622485  	0.317218  
-42.000000	-0.983116 	0.597635  	0.313208  
-41.000000	-1.006575 	0.572935  	0.308919  
-40.000000	-1.031732 	0.548613  	0.303933  
-39.000000	-1.056888 	0.524290  	0.298946  
-38.000000	-1.082045 	0.499967  	0.293959  
-37.000000	-1.107201 	0.475644  	0.288973  
-36.000000	-1.135953 	0.452264  	0.283644  
-35.000000	-1.165303 	0.429041  	0.278258  
-34.000000	-1.194654 	0.405817  	0.272872  
-33.000000	-1.224004 	0.382594  	0.267486  
-32.000000	-1.256442 	0.360077  	0.260672  
-31.000000	-1.292996 	0.338500  	0.251956  
-30.000000	-1.329551 	0.316923  	0.243239  
-29.000000	-1.366105 	0.295347  	0.234522  
-28.000000	-1.402660 	0.273770  	0.225806  
-27.000000	-1.351907 	0.259696  	0.213045  
-26.000000	-1.301153 	0.245622  	0.200284  
-25.000000	-1.250400 	0.231548  	0.187523  
-24.000000	-1.199647 	0.217474  	0.174763  
-23.000000	-1.148893 	0.203401  	0.162002  
-22.000000	-1.098140 	0.189327  	0.149241  
-21.000000	-1.047387 	0.175253  	0.136480  
-20.000000	-0.996633 	0.161179  	0.123806  
-19.000000	-0.945880 	0.147105  	0.111348  
-18.000000	-0.895127 	0.133031  	0.098976  
-17.000000	-0.844373 	0.118957  	0.086604  
-16.000000	-0.793620 	0.104883  	0.074232  
-15.000000	-0.742867 	0.090809  	0.061860  
-14.000000	-0.692113 	0.076736  	0.049488  
-13.000000	-0.641360 	0.062662  	0.037116  
-12.000000	-0.590607 	0.048588  	-0.005101 
-11.000000	-0.539853 	0.034514  	-0.069700 
-10.000000	-0.489100 	0.020440  	-0.134300 
-9.000000 	-0.349000 	0.020360  	-0.142800 
-8.000000 	-0.208200 	0.020350  	-0.151200 
-7.000000 	-0.068500 	0.020370  	-0.159300 
-6.000000 	0.070300  	0.020470  	-0.166900 
-5.000000 	0.208400  	0.020590  	-0.174400 
-4.000000 	0.345100  	0.020770  	-0.181300 
-3.000000 	0.481300  	0.020960  	-0.188100 
-2.000000 	0.615400  	0.021210  	-0.194300 
-1.000000 	0.749300  	0.021480  	-0.200500 
0.000000  	0.881500  	0.021780  	-0.206200 
1.000000  	1.011900  	0.022130  	-0.211400 
2.000000  	1.141300  	0.022540  	-0.216400 
3.000000  	1.268500  	0.023020  	-0.220900 
4.000000  	1.392700  	0.023650  	-0.224700 
5.000000  	1.515900  	0.024300  	-0.228300 
6.000000  	1.636800  	0.025040  	-0.231400 
7.000000  	1.753700  	0.025950  	-0.233600 
8.000000  	1.865900  	0.027130  	-0.234900 
9.000000  	1.971800  	0.028590  	-0.235000 
10.000000 	2.062600  	0.030890  	-0.232000 
11.000000 	2.111700  	0.035130  	-0.220500 
12.000000 	2.110100  	0.043080  	-0.201100 
13.000000 	2.107400  	0.053830  	-0.187400 
14.000000 	2.096100  	0.067550  	-0.178000 
15.000000 	2.071600  	0.083580  	-0.171200 
16.000000 	2.043200  	0.100580  	-0.167200 
17.000000 	2.027400  	0.116360  	-0.166100 
18.000000 	2.013100  	0.132120  	-0.167200 
19.000000 	2.005500  	0.147200  	-0.170500 
20.000000 	2.001000  	0.161950  	-0.175400 
21.000000 	2.001800  	0.175950  	-0.181800 
22.000000 	2.004100  	0.189660  	-0.189400 
23.000000 	2.004200  	0.203730  	-0.198500 
24.000000 	2.006800  	0.217420  	-0.208600 
25.000000 	2.008100  	0.231250  	-0.219900 
26.000000 	2.011500  	0.244610  	-0.231900 
27.000000 	2.009100  	0.258960  	-0.245800 
28.000000 	2.003800  	0.273770  	-0.261200 
29.000000 	1.951579  	0.295347  	-0.269920 
30.000000 	1.899359  	0.316923  	-0.278640 
31.000000 	1.847138  	0.338500  	-0.287360 
32.000000 	1.794917  	0.360077  	-0.296080 
33.000000 	1.748577  	0.382594  	-0.303401 
34.000000 	1.706648  	0.405817  	-0.309674 
35.000000 	1.664719  	0.429041  	-0.315947 
36.000000 	1.622790  	0.452264  	-0.322219 
37.000000 	1.581716  	0.475644  	-0.328372 
38.000000 	1.545778  	0.499967  	-0.333807 
39.000000 	1.509841  	0.524290  	-0.339241 
40.000000 	1.473903  	0.548613  	-0.344676 
41.000000 	1.437965  	0.572935  	-0.350110 
42.000000 	1.404452  	0.597635  	-0.354081 
43.000000 	1.371909  	0.622485  	-0.357467 
44.000000 	1.339367  	0.647335  	-0.360853 
45.000000 	1.306824  	0.672185  	-0.364239 
46.000000 	1.274794  	0.697019  	-0.367622 
47.000000 	1.244042  	0.721813  	-0.370999 
48.000000 	1.213291  	0.746606  	-0.374377 
49.000000 	1.182540  	0.771399  	-0.377754 
50.000000 	1.151788  	0.796192  	-0.381131 
51.000000 	1.121733  	0.820438  	-0.384291 
52.000000 	1.091793  	0.844592  	-0.387415 
53.000000 	1.061853  	0.868746  	-0.390539 
54.000000 	1.031914  	0.892901  	-0.393663 
55.000000 	1.002083  	0.916538  	-0.396787 
56.000000 	0.972398  	0.939487  	-0.399911 
57.000000 	0.942712  	0.962436  	-0.403035 
58.000000 	0.913027  	0.985385  	-0.406159 
59.000000 	0.883342  	1.008334  	-0.409283 
60.000000 	0.853654  	1.029540  	-0.412605 
61.000000 	0.823967  	1.050746  	-0.415926 
62.000000 	0.794279  	1.071953  	-0.419248 
63.000000 	0.764591  	1.093159  	-0.422569 
64.000000 	0.734884  	1.113087  	-0.425923 
65.000000 	0.705163  	1.132056  	-0.429302 
66.000000 	0.675441  	1.151025  	-0.432681 
67.000000 	0.645720  	1.169994  	-0.436060 
68.000000 	0.616013  	1.188581  	-0.439448 
69.000000 	0.586399  	1.204871  	-0.442894 
70.000000 	0.556784  	1.221161  	-0.446340 
71.000000 	0.527169  	1.237452  	-0.449785 
72.000000 	0.497554  	1.253742  	-0.453231 
73.000000 	0.468212  	1.267850  	-0.456721 
74.000000 	0.438980  	1.281085  	-0.460229 
75.000000 	0.409747  	1.294320  	-0.463737 
76.000000 	0.380515  	1.307555  	-0.467245 
77.000000 	0.351501  	1.319830  	-0.470729 
78.000000 	0.323031  	1.329705  	-0.474151 
79.000000 	0.294562  	1.339581  	-0.477574 
80.000000 	0.266093  	1.349456  	-0.480997 
81.000000 	0.237624  	1.359332  	-0.484419 
82.000000 	0.210205  	1.366136  	-0.487632 
83.000000 	0.182961  	1.372429  	-0.490809 
84.000000 	0.155718  	1.378721  	-0.493986 
85.000000 	0.128474  	1.385014  	-0.497164 
86.000000 	0.101980  	1.389712  	-0.500341 
87.000000 	0.076485  	1.392284  	-0.503519 
88.000000 	0.050990  	1.394856  	-0.506696 
89.000000 	0.025495  	1.397428  	-0.509873 
90.000000 	0.000000  	1.400000  	-0.513051 
91.000000 	-0.017846 	1.397428  	-0.514614 
92.000000 	-0.035693 	1.394856  	-0.516177 
93.000000 	-0.053539 	1.392284  	-0.517740 
94.000000 	-0.071386 	1.389712  	-0.519303 
95.000000 	-0.089932 	1.385014  	-0.520866 
96.000000 	-0.109002 	1.378721  	-0.522429 
97.000000 	-0.128073 	1.372429  	-0.523993 
98.000000 	-0.147144 	1.366136  	-0.525556 
99.000000 	-0.166337 	1.359332  	-0.526993 
100.000000	-0.186265 	1.349456  	-0.527672 
101.000000	-0.206194 	1.339581  	-0.528352 
102.000000	-0.226122 	1.329705  	-0.529031 
103.000000	-0.246050 	1.319830  	-0.529711 
104.000000	-0.266361 	1.307555  	-0.530171 
105.000000	-0.286823 	1.294320  	-0.530543 
106.000000	-0.307286 	1.281085  	-0.530915 
107.000000	-0.327749 	1.267850  	-0.531287 
108.000000	-0.348288 	1.253742  	-0.531618 
109.000000	-0.369018 	1.237452  	-0.531844 
110.000000	-0.389749 	1.221161  	-0.532070 
111.000000	-0.410479 	1.204871  	-0.532296 
112.000000	-0.431209 	1.188581  	-0.532522 
113.000000	-0.452004 	1.169994  	-0.532614 
114.000000	-0.472809 	1.151025  	-0.532684 
115.000000	-0.493614 	1.132056  	-0.532755 
116.000000	-0.514419 	1.113087  	-0.532825 
117.000000	-0.535214 	1.093159  	-0.533002 
118.000000	-0.555995 	1.071953  	-0.533323 
119.000000	-0.576777 	1.050746  	-0.533643 
120.000000	-0.597558 	1.029540  	-0.533964 
121.000000	-0.618339 	1.008334  	-0.534284 
122.000000	-0.639119 	0.985385  	-0.535463 
123.000000	-0.659899 	0.962436  	-0.536642 
124.000000	-0.680679 	0.939487  	-0.537821 
125.000000	-0.701458 	0.916538  	-0.539001 
126.000000	-0.722340 	0.892901  	-0.540180 
127.000000	-0.743297 	0.868746  	-0.541359 
128.000000	-0.764255 	0.844592  	-0.542538 
129.000000	-0.785213 	0.820438  	-0.543717 
130.000000	-0.806252 	0.796192  	-0.545390 
131.000000	-0.827778 	0.771399  	-0.550026 
132.000000	-0.849304 	0.746606  	-0.554662 
133.000000	-0.870830 	0.721813  	-0.559298 
134.000000	-0.892356 	0.697019  	-0.563935 
135.000000	-0.914777 	0.672185  	-0.568653 
136.000000	-0.937557 	0.647335  	-0.573404 
137.000000	-0.960337 	0.622485  	-0.578156 
138.000000	-0.983116 	0.597635  	-0.582907 
139.000000	-1.006575 	0.572935  	-0.589479 
140.000000	-1.031732 	0.548613  	-0.600603 
141.000000	-1.056888 	0.524290  	-0.611727 
142.000000	-1.082045 	0.499967  	-0.622851 
143.000000	-1.107201 	0.475644  	-0.633975 
144.000000	-1.135953 	0.452264  	-0.647333 
145.000000	-1.165303 	0.429041  	-0.661064 
146.000000	-1.194654 	0.405817  	-0.674794 
147.000000	-1.224004 	0.382594  	-0.688525 
148.000000	-1.256442 	0.360077  	-0.698917 
149.000000	-1.292996 	0.338500  	-0.704857 
150.000000	-1.329551 	0.316923  	-0.710798 
151.000000	-1.366105 	0.295347  	-0.716738 
152.000000	-1.402660 	0.273770  	-0.722679 
153.000000	-1.352565 	0.253694  	-0.719159 
154.000000	-1.302470 	0.233618  	-0.715640 
155.000000	-1.252375 	0.214613  	-0.712120 
156.000000	-1.202280 	0.195608  	-0.708601 
157.000000	-1.152185 	0.177766  	-0.705082 
158.000000	-1.102090 	0.159924  	-0.701562 
159.000000	-1.051995 	0.143331  	-0.698043 
160.000000	-1.001900 	0.126738  	-0.694523 
161.000000	-0.951805 	0.111473  	-0.675071 
162.000000	-0.901710 	0.096209  	-0.655619 
163.000000	-0.851615 	0.082347  	-0.636166 
164.000000	-0.801520 	0.068485  	-0.616714 
165.000000	-0.751425 	0.056092  	-0.597262 
166.000000	-0.701330 	0.043700  	-0.577809 
167.000000	-0.651235 	0.032836  	-0.558357 
168.000000	-0.601140 	0.021972  	-0.538905 
169.000000	-0.551045 	0.012689  	-0.519452 
170.000000	-0.500950 	0.003406  	-0.500000 
171.000000	-0.450855 	0.002203  	-0.450000 
172.000000	-0.400760 	0.001000  	-0.400000 
173.000000	-0.350665 	0.001000  	-0.350000 
174.000000	-0.300570 	0.001000  	-0.300000 
175.000000	-0.250475 	0.001000  	-0.250000 
176.000000	-0.200380 	0.001000  	-0.200000 
177.000000	-0.150285 	0.001000  	-0.150000 
178.000000	-0.100190 	0.001000  	-0.100000 
179.000000	-0.050095 	0.001000  	-0.050000 
180.000000	0.000000  	0.001000  	0.000000  
! ------------------------------------------------------------------------------
! data for table	10        
! ------------------------------------------------------------------------------
  1.100000  	Re           ! Reynolds number in millions
  0.000000  	UserProp     ! User property (control) setting
Flase           InclUAdata   ! Is unsteady aerodynamics data included in this table? If TRUE, then include UA coefficients below this line. Any missing coefficients will be calculated internally.
! Table of aerodynamics coefficients
  361       	NumAlf       ! Number of data lines in the following table
!Alpha      Cl          Cd          Cm/Cp
!(deg)      (-)         (-)         (-)
-180.000000	0.000000  	0.001000  	0.000000  
-179.000000	0.048643  	0.001000  	0.040000  
-178.000000	0.097286  	0.001000  	0.080000  
-177.000000	0.145928  	0.001000  	0.120000  
-176.000000	0.194571  	0.001000  	0.160000  
-175.000000	0.243214  	0.001000  	0.200000  
-174.000000	0.291857  	0.001000  	0.240000  
-173.000000	0.340499  	0.001000  	0.280000  
-172.000000	0.389142  	0.001000  	0.320000  
-171.000000	0.437785  	0.001000  	0.358537  
-170.000000	0.486428  	0.001000  	0.396488  
-169.000000	0.535070  	0.005566  	0.428117  
-168.000000	0.583713  	0.012669  	0.456234  
-167.000000	0.632356  	0.022152  	0.484351  
-166.000000	0.680999  	0.033420  	0.512468  
-165.000000	0.729641  	0.045475  	0.540586  
-164.000000	0.778284  	0.058319  	0.568703  
-163.000000	0.826927  	0.071809  	0.596820  
-162.000000	0.875570  	0.086161  	0.624937  
-161.000000	0.924212  	0.101026  	0.650403  
-160.000000	0.972855  	0.116814  	0.671099  
-159.000000	1.021498  	0.132988  	0.687765  
-158.000000	1.070141  	0.150130  	0.694360  
-157.000000	1.118783  	0.167542  	0.700954  
-156.000000	1.167426  	0.185949  	0.707548  
-155.000000	1.216069  	0.204523  	0.714143  
-154.000000	1.264712  	0.224101  	0.720737  
-153.000000	1.313354  	0.243755  	0.727331  
-152.000000	1.361997  	0.264402  	0.733926  
-151.000000	1.410640  	0.285050  	0.740520  
-150.000000	1.373835  	0.307129  	0.730740  
-149.000000	1.337029  	0.329208  	0.720959  
-148.000000	1.300224  	0.351288  	0.711179  
-147.000000	1.263419  	0.373367  	0.701398  
-146.000000	1.230966  	0.396425  	0.688483  
-145.000000	1.200931  	0.420026  	0.673825  
-144.000000	1.170896  	0.443627  	0.659167  
-143.000000	1.140861  	0.467228  	0.644509  
-142.000000	1.111976  	0.491111  	0.631132  
-141.000000	1.085964  	0.515699  	0.620959  
-140.000000	1.059952  	0.540286  	0.610785  
-139.000000	1.033941  	0.564873  	0.600612  
-138.000000	1.007929  	0.589460  	0.590438  
-137.000000	0.984090  	0.614445  	0.584860  
-136.000000	0.960418  	0.639461  	0.579635  
-135.000000	0.936745  	0.664476  	0.574410  
-134.000000	0.913073  	0.689491  	0.569185  
-133.000000	0.890136  	0.714427  	0.564356  
-132.000000	0.867752  	0.739304  	0.559824  
-131.000000	0.845367  	0.764180  	0.555292  
-130.000000	0.822982  	0.789057  	0.550759  
-129.000000	0.800735  	0.813783  	0.546902  
-128.000000	0.778992  	0.837957  	0.545518  
-127.000000	0.757249  	0.862132  	0.544134  
-126.000000	0.735506  	0.886306  	0.542751  
-125.000000	0.713763  	0.910481  	0.541367  
-124.000000	0.692254  	0.933586  	0.539983  
-123.000000	0.670784  	0.956513  	0.538600  
-122.000000	0.649314  	0.979440  	0.537216  
-121.000000	0.627844  	1.002367  	0.535832  
-120.000000	0.606426  	1.024411  	0.534994  
-119.000000	0.585059  	1.045574  	0.534701  
-118.000000	0.563693  	1.066736  	0.534408  
-117.000000	0.542327  	1.087898  	0.534114  
-116.000000	0.520973  	1.108741  	0.533841  
-115.000000	0.499692  	1.127664  	0.533690  
-114.000000	0.478410  	1.146587  	0.533538  
-113.000000	0.457129  	1.165509  	0.533386  
-112.000000	0.435847  	1.184432  	0.533234  
-111.000000	0.414708  	1.201263  	0.532976  
-110.000000	0.393608  	1.217523  	0.532689  
-109.000000	0.372508  	1.233784  	0.532402  
-108.000000	0.351407  	1.250044  	0.532115  
-107.000000	0.330465  	1.265008  	0.531788  
-106.000000	0.309733  	1.278245  	0.531407  
-105.000000	0.289000  	1.291482  	0.531026  
-104.000000	0.268268  	1.304718  	0.530645  
-103.000000	0.247580  	1.317718  	0.530240  
-102.000000	0.227474  	1.327640  	0.529517  
-101.000000	0.207367  	1.337562  	0.528795  
-100.000000	0.187260  	1.347484  	0.528072  
-99.000000	0.167154  	1.357406  	0.527350  
-98.000000	0.147717  	1.364807  	0.526044  
-97.000000	0.128549  	1.371200  	0.524505  
-96.000000	0.109380  	1.377594  	0.522967  
-95.000000	0.090212  	1.383987  	0.521428  
-94.000000	0.071505  	1.389072  	0.519889  
-93.000000	0.053629  	1.391804  	0.518351  
-92.000000	0.035752  	1.394536  	0.516812  
-91.000000	0.017876  	1.397268  	0.515273  
-90.000000	0.000000  	1.400000  	0.513735  
-89.000000	-0.017876 	1.397268  	0.510172  
-88.000000	-0.035752 	1.394536  	0.506610  
-87.000000	-0.053629 	1.391804  	0.503048  
-86.000000	-0.071505 	1.389072  	0.499486  
-85.000000	-0.090212 	1.383987  	0.495924  
-84.000000	-0.109380 	1.377594  	0.492362  
-83.000000	-0.128549 	1.371200  	0.488799  
-82.000000	-0.147717 	1.364807  	0.485237  
-81.000000	-0.167154 	1.357406  	0.481502  
-80.000000	-0.187260 	1.347484  	0.477334  
-79.000000	-0.207367 	1.337562  	0.473166  
-78.000000	-0.227474 	1.327640  	0.468998  
-77.000000	-0.247580 	1.317718  	0.464830  
-76.000000	-0.268268 	1.304718  	0.460427  
-75.000000	-0.289000 	1.291482  	0.456006  
-74.000000	-0.309733 	1.278245  	0.451584  
-73.000000	-0.330465 	1.265008  	0.447163  
-72.000000	-0.351407 	1.250044  	0.442707  
-71.000000	-0.372508 	1.233784  	0.438225  
-70.000000	-0.393608 	1.217523  	0.433743  
-69.000000	-0.414708 	1.201263  	0.429261  
-68.000000	-0.435847 	1.184432  	0.424761  
-67.000000	-0.457129 	1.165509  	0.420192  
-66.000000	-0.478410 	1.146587  	0.415623  
-65.000000	-0.499692 	1.127664  	0.411054  
-64.000000	-0.520973 	1.108741  	0.406485  
-63.000000	-0.542327 	1.087898  	0.401950  
-62.000000	-0.563693 	1.066736  	0.397420  
-61.000000	-0.585059 	1.045574  	0.392890  
-60.000000	-0.606426 	1.024411  	0.388360  
-59.000000	-0.627844 	1.002367  	0.383980  
-58.000000	-0.649314 	0.979440  	0.379750  
-57.000000	-0.670784 	0.956513  	0.375521  
-56.000000	-0.692254 	0.933586  	0.371291  
-55.000000	-0.713763 	0.910481  	0.367061  
-54.000000	-0.735506 	0.886306  	0.362831  
-53.000000	-0.757249 	0.862132  	0.358601  
-52.000000	-0.778992 	0.837957  	0.354371  
-51.000000	-0.800735 	0.813783  	0.350141  
-50.000000	-0.822982 	0.789057  	0.346102  
-49.000000	-0.845367 	0.764180  	0.342114  
-48.000000	-0.867752 	0.739304  	0.338126  
-47.000000	-0.890136 	0.714427  	0.334138  
-46.000000	-0.913073 	0.689491  	0.330173  
-45.000000	-0.936745 	0.664476  	0.326238  
-44.000000	-0.960418 	0.639461  	0.322303  
-43.000000	-0.984090 	0.614445  	0.318368  
-42.000000	-1.007929 	0.589460  	0.314377  
-41.000000	-1.033941 	0.564873  	0.309645  
-40.000000	-1.059952 	0.540286  	0.304913  
-39.000000	-1.085964 	0.515699  	0.300182  
-38.000000	-1.111976 	0.491111  	0.295450  
-37.000000	-1.140861 	0.467228  	0.290203  
-36.000000	-1.170896 	0.443627  	0.284749  
-35.000000	-1.200931 	0.420026  	0.279295  
-34.000000	-1.230966 	0.396425  	0.273841  
-33.000000	-1.263419 	0.373367  	0.267774  
-32.000000	-1.300224 	0.351288  	0.260603  
-31.000000	-1.337029 	0.329208  	0.253433  
-30.000000	-1.373835 	0.307129  	0.246262  
-29.000000	-1.410640 	0.285050  	0.239092  
-28.000000	-1.362148 	0.271117  	0.226159  
-27.000000	-1.313657 	0.257185  	0.213225  
-26.000000	-1.265165 	0.243252  	0.200292  
-25.000000	-1.216674 	0.229319  	0.187359  
-24.000000	-1.168182 	0.215387  	0.174426  
-23.000000	-1.119691 	0.201454  	0.161493  
-22.000000	-1.071199 	0.187522  	0.148559  
-21.000000	-1.022707 	0.173589  	0.135626  
-20.000000	-0.974216 	0.159656  	0.122903  
-19.000000	-0.925724 	0.145724  	0.110424  
-18.000000	-0.877233 	0.131791  	0.098154  
-17.000000	-0.828741 	0.117858  	0.085885  
-16.000000	-0.780249 	0.103926  	0.073616  
-15.000000	-0.731758 	0.089993  	0.061346  
-14.000000	-0.683266 	0.076061  	0.049077  
-13.000000	-0.634775 	0.062128  	0.036808  
-12.000000	-0.586283 	0.048195  	-0.010804 
-11.000000	-0.537792 	0.034263  	-0.072552 
-10.000000	-0.489300 	0.020330  	-0.134300 
-9.000000 	-0.348167 	0.020290  	-0.142867 
-8.000000 	-0.207033 	0.020250  	-0.151433 
-7.000000 	-0.065900 	0.020210  	-0.160000 
-6.000000 	0.073500  	0.020300  	-0.167900 
-5.000000 	0.210800  	0.020450  	-0.175000 
-4.000000 	0.348300  	0.020610  	-0.182200 
-3.000000 	0.484100  	0.020810  	-0.188900 
-2.000000 	0.618800  	0.021040  	-0.195200 
-1.000000 	0.752700  	0.021300  	-0.201400 
0.000000  	0.884600  	0.021600  	-0.207000 
1.000000  	1.015500  	0.021940  	-0.212300 
2.000000  	1.144700  	0.022350  	-0.217300 
3.000000  	1.271300  	0.022850  	-0.221700 
4.000000  	1.396800  	0.023390  	-0.225700 
5.000000  	1.520300  	0.024000  	-0.229400 
6.000000  	1.640800  	0.024760  	-0.232400 
7.000000  	1.757600  	0.025690  	-0.234600 
8.000000  	1.871900  	0.026720  	-0.236300 
9.000000  	1.977200  	0.028230  	-0.236200 
10.000000 	2.068500  	0.030520  	-0.233400 
11.000000 	2.121100  	0.034630  	-0.222600 
12.000000 	2.121400  	0.042250  	-0.203100 
13.000000 	2.117800  	0.052870  	-0.188800 
14.000000 	2.109000  	0.066190  	-0.179300 
15.000000 	2.085200  	0.082090  	-0.172200 
16.000000 	2.061700  	0.098350  	-0.168000 
17.000000 	2.040100  	0.114870  	-0.166500 
18.000000 	2.029300  	0.130170  	-0.168400 
19.000000 	2.018500  	0.145470  	-0.170300 
20.000000 	2.017500  	0.159660  	-0.174900 
21.000000 	2.017700  	0.173670  	-0.181000 
22.000000 	2.018000  	0.187670  	-0.188500 
23.000000 	2.020900  	0.201160  	-0.197000 
24.000000 	2.021100  	0.215160  	-0.207100 
25.000000 	2.019800  	0.229410  	-0.218600 
26.000000 	2.019400  	0.243380  	-0.231000 
27.000000 	2.020200  	0.257040  	-0.244200 
28.000000 	2.017400  	0.271210  	-0.258800 
29.000000 	2.015200  	0.285050  	-0.274100 
30.000000 	1.962621  	0.307129  	-0.281649 
31.000000 	1.910042  	0.329208  	-0.289197 
32.000000 	1.857463  	0.351288  	-0.296746 
33.000000 	1.804884  	0.373367  	-0.304295 
34.000000 	1.758523  	0.396425  	-0.311099 
35.000000 	1.715616  	0.420026  	-0.317489 
36.000000 	1.672709  	0.443627  	-0.323879 
37.000000 	1.629801  	0.467228  	-0.330269 
38.000000 	1.588537  	0.491111  	-0.336238 
39.000000 	1.551377  	0.515699  	-0.341155 
40.000000 	1.514218  	0.540286  	-0.346072 
41.000000 	1.477058  	0.564873  	-0.350988 
42.000000 	1.439899  	0.589460  	-0.355905 
43.000000 	1.405843  	0.614445  	-0.359313 
44.000000 	1.372025  	0.639461  	-0.362604 
45.000000 	1.338208  	0.664476  	-0.365895 
46.000000 	1.304390  	0.689491  	-0.369186 
47.000000 	1.271623  	0.714427  	-0.372451 
48.000000 	1.239645  	0.739304  	-0.375696 
49.000000 	1.207667  	0.764180  	-0.378941 
50.000000 	1.175689  	0.789057  	-0.382187 
51.000000 	1.143908  	0.813783  	-0.385387 
52.000000 	1.112846  	0.837957  	-0.388424 
53.000000 	1.081785  	0.862132  	-0.391460 
54.000000 	1.050723  	0.886306  	-0.394497 
55.000000 	1.019662  	0.910481  	-0.397533 
56.000000 	0.988934  	0.933586  	-0.400569 
57.000000 	0.958263  	0.956513  	-0.403606 
58.000000 	0.927591  	0.979440  	-0.406642 
59.000000 	0.896920  	1.002367  	-0.409679 
60.000000 	0.866322  	1.024411  	-0.412848 
61.000000 	0.835799  	1.045574  	-0.416151 
62.000000 	0.805276  	1.066736  	-0.419454 
63.000000 	0.774753  	1.087898  	-0.422757 
64.000000 	0.744247  	1.108741  	-0.426064 
65.000000 	0.713845  	1.127664  	-0.429402 
66.000000 	0.683443  	1.146587  	-0.432739 
67.000000 	0.653041  	1.165509  	-0.436076 
68.000000 	0.622639  	1.184432  	-0.439413 
69.000000 	0.592440  	1.201263  	-0.442838 
70.000000 	0.562297  	1.217523  	-0.446285 
71.000000 	0.532154  	1.233784  	-0.449733 
72.000000 	0.502011  	1.250044  	-0.453181 
73.000000 	0.472093  	1.265008  	-0.456662 
74.000000 	0.442475  	1.278245  	-0.460187 
75.000000 	0.412857  	1.291482  	-0.463712 
76.000000 	0.383240  	1.304718  	-0.467236 
77.000000 	0.353686  	1.317718  	-0.470755 
78.000000 	0.324962  	1.327640  	-0.474196 
79.000000 	0.296238  	1.337562  	-0.477637 
80.000000 	0.267515  	1.347484  	-0.481077 
81.000000 	0.238791  	1.357406  	-0.484518 
82.000000 	0.211024  	1.364807  	-0.487815 
83.000000 	0.183641  	1.371200  	-0.491055 
84.000000 	0.156257  	1.377594  	-0.494295 
85.000000 	0.128874  	1.383987  	-0.497535 
86.000000 	0.102150  	1.389072  	-0.500775 
87.000000 	0.076612  	1.391804  	-0.504015 
88.000000 	0.051075  	1.394536  	-0.507255 
89.000000 	0.025537  	1.397268  	-0.510495 
90.000000 	0.000000  	1.400000  	-0.513735 
91.000000 	-0.017876 	1.397268  	-0.515273 
92.000000 	-0.035752 	1.394536  	-0.516812 
93.000000 	-0.053629 	1.391804  	-0.518351 
94.000000 	-0.071505 	1.389072  	-0.519889 
95.000000 	-0.090212 	1.383987  	-0.521428 
96.000000 	-0.109380 	1.377594  	-0.522967 
97.000000 	-0.128549 	1.371200  	-0.524505 
98.000000 	-0.147717 	1.364807  	-0.526044 
99.000000 	-0.167154 	1.357406  	-0.527350 
100.000000	-0.187260 	1.347484  	-0.528072 
101.000000	-0.207367 	1.337562  	-0.528795 
102.000000	-0.227474 	1.327640  	-0.529517 
103.000000	-0.247580 	1.317718  	-0.530240 
104.000000	-0.268268 	1.304718  	-0.530645 
105.000000	-0.289000 	1.291482  	-0.531026 
106.000000	-0.309733 	1.278245  	-0.531407 
107.000000	-0.330465 	1.265008  	-0.531788 
108.000000	-0.351407 	1.250044  	-0.532115 
109.000000	-0.372508 	1.233784  	-0.532402 
110.000000	-0.393608 	1.217523  	-0.532689 
111.000000	-0.414708 	1.201263  	-0.532976 
112.000000	-0.435847 	1.184432  	-0.533234 
113.000000	-0.457129 	1.165509  	-0.533386 
114.000000	-0.478410 	1.146587  	-0.533538 
115.000000	-0.499692 	1.127664  	-0.533690 
116.000000	-0.520973 	1.108741  	-0.533841 
117.000000	-0.542327 	1.087898  	-0.534114 
118.000000	-0.563693 	1.066736  	-0.534408 
119.000000	-0.585059 	1.045574  	-0.534701 
120.000000	-0.606426 	1.024411  	-0.534994 
121.000000	-0.627844 	1.002367  	-0.535832 
122.000000	-0.649314 	0.979440  	-0.537216 
123.000000	-0.670784 	0.956513  	-0.538600 
124.000000	-0.692254 	0.933586  	-0.539983 
125.000000	-0.713763 	0.910481  	-0.541367 
126.000000	-0.735506 	0.886306  	-0.542751 
127.000000	-0.757249 	0.862132  	-0.544134 
128.000000	-0.778992 	0.837957  	-0.545518 
129.000000	-0.800735 	0.813783  	-0.546902 
130.000000	-0.822982 	0.789057  	-0.550759 
131.000000	-0.845367 	0.764180  	-0.555292 
132.000000	-0.867752 	0.739304  	-0.559824 
133.000000	-0.890136 	0.714427  	-0.564356 
134.000000	-0.913073 	0.689491  	-0.569185 
135.000000	-0.936745 	0.664476  	-0.574410 
136.000000	-0.960418 	0.639461  	-0.579635 
137.000000	-0.984090 	0.614445  	-0.584860 
138.000000	-1.007929 	0.589460  	-0.590438 
139.000000	-1.033941 	0.564873  	-0.600612 
140.000000	-1.059952 	0.540286  	-0.610785 
141.000000	-1.085964 	0.515699  	-0.620959 
142.000000	-1.111976 	0.491111  	-0.631132 
143.000000	-1.140861 	0.467228  	-0.644509 
144.000000	-1.170896 	0.443627  	-0.659167 
145.000000	-1.200931 	0.420026  	-0.673825 
146.000000	-1.230966 	0.396425  	-0.688483 
147.000000	-1.263419 	0.373367  	-0.701398 
148.000000	-1.300224 	0.351288  	-0.711179 
149.000000	-1.337029 	0.329208  	-0.720959 
150.000000	-1.373835 	0.307129  	-0.730740 
151.000000	-1.410640 	0.285050  	-0.740520 
152.000000	-1.361997 	0.264402  	-0.733926 
153.000000	-1.313354 	0.243755  	-0.727331 
154.000000	-1.264712 	0.224101  	-0.720737 
155.000000	-1.216069 	0.204523  	-0.714143 
156.000000	-1.167426 	0.185949  	-0.707548 
157.000000	-1.118783 	0.167542  	-0.700954 
158.000000	-1.070141 	0.150130  	-0.694360 
159.000000	-1.021498 	0.132988  	-0.687765 
160.000000	-0.972855 	0.116814  	-0.675779 
161.000000	-0.924212 	0.101026  	-0.661635 
162.000000	-0.875570 	0.086161  	-0.644937 
163.000000	-0.826927 	0.071809  	-0.626820 
164.000000	-0.778284 	0.058319  	-0.608703 
165.000000	-0.729641 	0.045475  	-0.590586 
166.000000	-0.680999 	0.033420  	-0.572468 
167.000000	-0.632356 	0.022152  	-0.554351 
168.000000	-0.583713 	0.012669  	-0.536234 
169.000000	-0.535070 	0.005566  	-0.518117 
170.000000	-0.486428 	0.001000  	-0.490576 
171.000000	-0.437785 	0.001000  	-0.446074 
172.000000	-0.389142 	0.001000  	-0.400000 
173.000000	-0.340499 	0.001000  	-0.350000 
174.000000	-0.291857 	0.001000  	-0.300000 
175.000000	-0.243214 	0.001000  	-0.250000 
176.000000	-0.194571 	0.001000  	-0.200000 
177.000000	-0.145928 	0.001000  	-0.150000 
178.000000	-0.097286 	0.001000  	-0.100000 
179.000000	-0.048643 	0.001000  	-0.050000 
180.000000	0.000000  	0.001000  	0.000000  
! ------------------------------------------------------------------------------
! data for table	11        
! ------------------------------------------------------------------------------
  1.200000  	Re           ! Reynolds number in millions
  0.000000  	UserProp     ! User property (control) setting
Flase           InclUAdata   ! Is unsteady aerodynamics data included in this table? If TRUE, then include UA coefficients below this line. Any missing coefficients will be calculated internally.
! Table of aerodynamics coefficients
  361       	NumAlf       ! Number of data lines in the following table
!Alpha      Cl          Cd          Cm/Cp
!(deg)      (-)         (-)         (-)
-180.000000	0.000000  	0.001000  	0.000000  
-179.000000	0.048756  	0.001000  	0.040000  
-178.000000	0.097512  	0.001000  	0.080000  
-177.000000	0.146269  	0.001000  	0.120000  
-176.000000	0.195025  	0.001000  	0.160000  
-175.000000	0.243781  	0.001000  	0.200000  
-174.000000	0.292537  	0.001000  	0.240000  
-173.000000	0.341293  	0.001000  	0.280000  
-172.000000	0.390050  	0.001000  	0.320000  
-171.000000	0.438806  	0.001000  	0.358569  
-170.000000	0.487562  	0.001000  	0.396567  
-169.000000	0.536318  	0.005306  	0.428384  
-168.000000	0.585074  	0.012005  	0.456767  
-167.000000	0.633831  	0.021316  	0.485151  
-166.000000	0.682587  	0.032588  	0.513535  
-165.000000	0.731343  	0.044647  	0.541918  
-164.000000	0.780099  	0.057495  	0.570302  
-163.000000	0.828856  	0.070989  	0.598686  
-162.000000	0.877612  	0.085346  	0.627069  
-161.000000	0.926368  	0.100216  	0.652768  
-160.000000	0.975124  	0.116008  	0.673634  
-159.000000	1.023880  	0.132188  	0.690420  
-158.000000	1.072637  	0.149335  	0.697003  
-157.000000	1.121393  	0.166753  	0.703586  
-156.000000	1.170149  	0.185166  	0.710169  
-155.000000	1.218905  	0.203746  	0.716752  
-154.000000	1.267661  	0.223330  	0.723335  
-153.000000	1.316418  	0.242991  	0.729918  
-152.000000	1.365174  	0.263645  	0.736502  
-151.000000	1.413930  	0.284300  	0.743085  
-150.000000	1.376977  	0.306387  	0.733222  
-149.000000	1.340024  	0.328474  	0.723360  
-148.000000	1.303070  	0.350561  	0.713498  
-147.000000	1.266117  	0.372648  	0.703635  
-146.000000	1.233536  	0.395714  	0.690624  
-145.000000	1.203383  	0.419324  	0.675863  
-144.000000	1.173231  	0.442934  	0.661102  
-143.000000	1.143078  	0.466544  	0.646341  
-142.000000	1.114081  	0.490436  	0.632869  
-141.000000	1.087974  	0.515033  	0.622619  
-140.000000	1.061866  	0.539630  	0.612369  
-139.000000	1.035758  	0.564226  	0.602119  
-138.000000	1.009651  	0.588823  	0.591869  
-137.000000	0.985731  	0.613818  	0.586241  
-136.000000	0.961978  	0.638844  	0.580969  
-135.000000	0.938226  	0.663870  	0.575697  
-134.000000	0.914474  	0.688896  	0.570424  
-133.000000	0.891465  	0.713843  	0.565550  
-132.000000	0.869014  	0.738730  	0.560975  
-131.000000	0.846562  	0.763618  	0.556400  
-130.000000	0.824111  	0.788506  	0.551824  
-129.000000	0.801799  	0.813243  	0.547928  
-128.000000	0.779999  	0.837430  	0.546520  
-127.000000	0.758200  	0.861616  	0.545113  
-126.000000	0.736401  	0.885803  	0.543706  
-125.000000	0.714601  	0.909989  	0.542298  
-124.000000	0.693043  	0.933107  	0.540891  
-123.000000	0.671526  	0.956046  	0.539483  
-122.000000	0.650008  	0.978986  	0.538076  
-121.000000	0.628491  	1.001925  	0.536669  
-120.000000	0.607029  	1.023983  	0.535812  
-119.000000	0.585624  	1.045158  	0.535505  
-118.000000	0.564218  	1.066334  	0.535198  
-117.000000	0.542812  	1.087509  	0.534890  
-116.000000	0.521419  	1.108365  	0.534604  
-115.000000	0.500105  	1.127302  	0.534439  
-114.000000	0.478792  	1.146238  	0.534275  
-113.000000	0.457478  	1.165175  	0.534111  
-112.000000	0.436164  	1.184111  	0.533946  
-111.000000	0.414997  	1.200956  	0.533678  
-110.000000	0.393871  	1.217230  	0.533381  
-109.000000	0.372745  	1.233505  	0.533084  
-108.000000	0.351618  	1.249779  	0.532787  
-107.000000	0.330652  	1.264758  	0.532451  
-106.000000	0.309900  	1.278009  	0.532062  
-105.000000	0.289148  	1.291260  	0.531673  
-104.000000	0.268396  	1.304511  	0.531285  
-103.000000	0.247689  	1.317525  	0.530872  
-102.000000	0.227568  	1.327462  	0.530141  
-101.000000	0.207447  	1.337398  	0.529411  
-100.000000	0.187327  	1.347335  	0.528681  
-99.000000	0.167206  	1.357272  	0.527951  
-98.000000	0.147759  	1.364688  	0.526639  
-97.000000	0.128583  	1.371096  	0.525094  
-96.000000	0.109406  	1.377504  	0.523549  
-95.000000	0.090229  	1.383912  	0.522003  
-94.000000	0.071516  	1.389013  	0.520458  
-93.000000	0.053637  	1.391759  	0.518913  
-92.000000	0.035758  	1.394506  	0.517368  
-91.000000	0.017879  	1.397253  	0.515822  
-90.000000	0.000000  	1.400000  	0.514277  
-89.000000	-0.017879 	1.397253  	0.510702  
-88.000000	-0.035758 	1.394506  	0.507126  
-87.000000	-0.053637 	1.391759  	0.503551  
-86.000000	-0.071516 	1.389013  	0.499975  
-85.000000	-0.090229 	1.383912  	0.496400  
-84.000000	-0.109406 	1.377504  	0.492824  
-83.000000	-0.128583 	1.371096  	0.489249  
-82.000000	-0.147759 	1.364688  	0.485673  
-81.000000	-0.167206 	1.357272  	0.481925  
-80.000000	-0.187327 	1.347335  	0.477746  
-79.000000	-0.207447 	1.337398  	0.473567  
-78.000000	-0.227568 	1.327462  	0.469388  
-77.000000	-0.247689 	1.317525  	0.465209  
-76.000000	-0.268396 	1.304511  	0.460795  
-75.000000	-0.289148 	1.291260  	0.456363  
-74.000000	-0.309900 	1.278009  	0.451931  
-73.000000	-0.330652 	1.264758  	0.447499  
-72.000000	-0.351618 	1.249779  	0.443034  
-71.000000	-0.372745 	1.233505  	0.438543  
-70.000000	-0.393871 	1.217230  	0.434052  
-69.000000	-0.414997 	1.200956  	0.429561  
-68.000000	-0.436164 	1.184111  	0.425053  
-67.000000	-0.457478 	1.165175  	0.420477  
-66.000000	-0.478792 	1.146238  	0.415901  
-65.000000	-0.500105 	1.127302  	0.411326  
-64.000000	-0.521419 	1.108365  	0.406750  
-63.000000	-0.542812 	1.087509  	0.402208  
-62.000000	-0.564218 	1.066334  	0.397671  
-61.000000	-0.585624 	1.045158  	0.393135  
-60.000000	-0.607029 	1.023983  	0.388598  
-59.000000	-0.628491 	1.001925  	0.384213  
-58.000000	-0.650008 	0.978986  	0.379978  
-57.000000	-0.671526 	0.956046  	0.375743  
-56.000000	-0.693043 	0.933107  	0.371508  
-55.000000	-0.714601 	0.909989  	0.367273  
-54.000000	-0.736401 	0.885803  	0.363038  
-53.000000	-0.758200 	0.861616  	0.358803  
-52.000000	-0.779999 	0.837430  	0.354568  
-51.000000	-0.801799 	0.813243  	0.350333  
-50.000000	-0.824111 	0.788506  	0.346285  
-49.000000	-0.846562 	0.763618  	0.342288  
-48.000000	-0.869014 	0.738730  	0.338290  
-47.000000	-0.891465 	0.713843  	0.334293  
-46.000000	-0.914474 	0.688896  	0.330318  
-45.000000	-0.938226 	0.663870  	0.326373  
-44.000000	-0.961978 	0.638844  	0.322428  
-43.000000	-0.985731 	0.613818  	0.318483  
-42.000000	-1.009651 	0.588823  	0.314480  
-41.000000	-1.035758 	0.564226  	0.309724  
-40.000000	-1.061866 	0.539630  	0.304967  
-39.000000	-1.087974 	0.515033  	0.300211  
-38.000000	-1.114081 	0.490436  	0.295454  
-37.000000	-1.143078 	0.466544  	0.290173  
-36.000000	-1.173231 	0.442934  	0.284681  
-35.000000	-1.203383 	0.419324  	0.279190  
-34.000000	-1.233536 	0.395714  	0.273698  
-33.000000	-1.266117 	0.372648  	0.267594  
-32.000000	-1.303070 	0.350561  	0.260387  
-31.000000	-1.340024 	0.328474  	0.253180  
-30.000000	-1.376977 	0.306387  	0.245973  
-29.000000	-1.413930 	0.284300  	0.238765  
-28.000000	-1.365181 	0.270400  	0.225799  
-27.000000	-1.316432 	0.256500  	0.212833  
-26.000000	-1.267683 	0.242600  	0.199867  
-25.000000	-1.218934 	0.228700  	0.186901  
-24.000000	-1.170185 	0.214800  	0.173934  
-23.000000	-1.121436 	0.200900  	0.160968  
-22.000000	-1.072687 	0.187000  	0.148002  
-21.000000	-1.023938 	0.173100  	0.135036  
-20.000000	-0.975189 	0.159200  	0.122310  
-19.000000	-0.926441 	0.145300  	0.109863  
-18.000000	-0.877692 	0.131400  	0.097656  
-17.000000	-0.828943 	0.117500  	0.085449  
-16.000000	-0.780194 	0.103600  	0.073242  
-15.000000	-0.731445 	0.089700  	0.061035  
-14.000000	-0.682696 	0.075800  	0.048828  
-13.000000	-0.633947 	0.061900  	0.036621  
-12.000000	-0.585198 	0.048000  	-0.011060 
-11.000000	-0.536449 	0.034100  	-0.072930 
-10.000000	-0.487700 	0.020200  	-0.134800 
-9.000000 	-0.345100 	0.020070  	-0.143900 
-8.000000 	-0.202500 	0.020000  	-0.152900 
-7.000000 	-0.063600 	0.020090  	-0.160600 
-6.000000 	0.076500  	0.020170  	-0.168700 
-5.000000 	0.213500  	0.020320  	-0.175700 
-4.000000 	0.351200  	0.020480  	-0.183000 
-3.000000 	0.486450  	0.020695  	-0.189500 
-2.000000 	0.621700  	0.020910  	-0.196000 
-1.000000 	0.755400  	0.021170  	-0.202100 
0.000000  	0.887200  	0.021460  	-0.207700 
1.000000  	1.018300  	0.021800  	-0.213100 
2.000000  	1.147200  	0.022210  	-0.218000 
3.000000  	1.274500  	0.022650  	-0.222400 
4.000000  	1.400400  	0.023160  	-0.226600 
5.000000  	1.523700  	0.023790  	-0.230200 
6.000000  	1.643700  	0.024560  	-0.233100 
7.000000  	1.762000  	0.025400  	-0.235600 
8.000000  	1.875900  	0.026440  	-0.237300 
9.000000  	1.981700  	0.027930  	-0.237300 
10.000000 	2.072700  	0.030270  	-0.234400 
11.000000 	2.130300  	0.034180  	-0.224700 
12.000000 	2.128700  	0.041720  	-0.204500 
13.000000 	2.130600  	0.051670  	-0.190400 
14.000000 	2.119100  	0.065100  	-0.180200 
15.000000 	2.100000  	0.080430  	-0.173300 
16.000000 	2.071900  	0.097200  	-0.168600 
17.000000 	2.051200  	0.113540  	-0.166900 
18.000000 	2.040300  	0.128720  	-0.167500 
19.000000 	2.033300  	0.143490  	-0.170100 
20.000000 	2.029600  	0.158020  	-0.174600 
21.000000 	2.028200  	0.172250  	-0.180500 
22.000000 	2.028500  	0.186130  	-0.187800 
23.000000 	2.032000  	0.199470  	-0.196100 
24.000000 	2.031600  	0.213510  	-0.206100 
25.000000 	2.034000  	0.227000  	-0.216800 
26.000000 	2.029100  	0.241750  	-0.229700 
27.000000 	2.030200  	0.255310  	-0.242700 
28.000000 	2.027900  	0.269270  	-0.257000 
29.000000 	2.019900  	0.284300  	-0.273400 
30.000000 	1.967110  	0.306387  	-0.281018 
31.000000 	1.914319  	0.328474  	-0.288635 
32.000000 	1.861529  	0.350561  	-0.296253 
33.000000 	1.808739  	0.372648  	-0.303871 
34.000000 	1.762194  	0.395714  	-0.310737 
35.000000 	1.719119  	0.419324  	-0.317184 
36.000000 	1.676044  	0.442934  	-0.323632 
37.000000 	1.632969  	0.466544  	-0.330080 
38.000000 	1.591545  	0.490436  	-0.336101 
39.000000 	1.554248  	0.515033  	-0.341057 
40.000000 	1.516951  	0.539630  	-0.346012 
41.000000 	1.479655  	0.564226  	-0.350967 
42.000000 	1.442358  	0.588823  	-0.355922 
43.000000 	1.408186  	0.613818  	-0.359348 
44.000000 	1.374255  	0.638844  	-0.362657 
45.000000 	1.340323  	0.663870  	-0.365965 
46.000000 	1.306392  	0.688896  	-0.369273 
47.000000 	1.273522  	0.713843  	-0.372554 
48.000000 	1.241448  	0.738730  	-0.375815 
49.000000 	1.209375  	0.763618  	-0.379076 
50.000000 	1.177301  	0.788506  	-0.382336 
51.000000 	1.145427  	0.813243  	-0.385551 
52.000000 	1.114285  	0.837430  	-0.388594 
53.000000 	1.083143  	0.861616  	-0.391638 
54.000000 	1.052001  	0.885803  	-0.394682 
55.000000 	1.020859  	0.909989  	-0.397726 
56.000000 	0.990062  	0.933107  	-0.400770 
57.000000 	0.959323  	0.956046  	-0.403814 
58.000000 	0.928583  	0.978986  	-0.406857 
59.000000 	0.897844  	1.001925  	-0.409901 
60.000000 	0.867185  	1.023983  	-0.413078 
61.000000 	0.836605  	1.045158  	-0.416388 
62.000000 	0.806025  	1.066334  	-0.419699 
63.000000 	0.775446  	1.087509  	-0.423009 
64.000000 	0.744885  	1.108365  	-0.426324 
65.000000 	0.714436  	1.127302  	-0.429669 
66.000000 	0.683988  	1.146238  	-0.433014 
67.000000 	0.653539  	1.165175  	-0.436358 
68.000000 	0.623091  	1.184111  	-0.439703 
69.000000 	0.592853  	1.200956  	-0.443136 
70.000000 	0.562673  	1.217230  	-0.446593 
71.000000 	0.532492  	1.233505  	-0.450051 
72.000000 	0.502312  	1.249779  	-0.453508 
73.000000 	0.472361  	1.264758  	-0.456998 
74.000000 	0.442715  	1.278009  	-0.460534 
75.000000 	0.413069  	1.291260  	-0.464069 
76.000000 	0.383423  	1.304511  	-0.467604 
77.000000 	0.353841  	1.317525  	-0.471133 
78.000000 	0.325097  	1.327462  	-0.474585 
79.000000 	0.296353  	1.337398  	-0.478037 
80.000000 	0.267609  	1.347335  	-0.481489 
81.000000 	0.238866  	1.357272  	-0.484941 
82.000000 	0.211085  	1.364688  	-0.488251 
83.000000 	0.183690  	1.371096  	-0.491504 
84.000000 	0.156294  	1.377504  	-0.494758 
85.000000 	0.128899  	1.383912  	-0.498011 
86.000000 	0.102166  	1.389013  	-0.501264 
87.000000 	0.076624  	1.391759  	-0.504517 
88.000000 	0.051083  	1.394506  	-0.507771 
89.000000 	0.025541  	1.397253  	-0.511024 
90.000000 	0.000000  	1.400000  	-0.514277 
91.000000 	-0.017879 	1.397253  	-0.515822 
92.000000 	-0.035758 	1.394506  	-0.517368 
93.000000 	-0.053637 	1.391759  	-0.518913 
94.000000 	-0.071516 	1.389013  	-0.520458 
95.000000 	-0.090229 	1.383912  	-0.522003 
96.000000 	-0.109406 	1.377504  	-0.523549 
97.000000 	-0.128583 	1.371096  	-0.525094 
98.000000 	-0.147759 	1.364688  	-0.526639 
99.000000 	-0.167206 	1.357272  	-0.527951 
100.000000	-0.187327 	1.347335  	-0.528681 
101.000000	-0.207447 	1.337398  	-0.529411 
102.000000	-0.227568 	1.327462  	-0.530141 
103.000000	-0.247689 	1.317525  	-0.530872 
104.000000	-0.268396 	1.304511  	-0.531285 
105.000000	-0.289148 	1.291260  	-0.531673 
106.000000	-0.309900 	1.278009  	-0.532062 
107.000000	-0.330652 	1.264758  	-0.532451 
108.000000	-0.351618 	1.249779  	-0.532787 
109.000000	-0.372745 	1.233505  	-0.533084 
110.000000	-0.393871 	1.217230  	-0.533381 
111.000000	-0.414997 	1.200956  	-0.533678 
112.000000	-0.436164 	1.184111  	-0.533946 
113.000000	-0.457478 	1.165175  	-0.534111 
114.000000	-0.478792 	1.146238  	-0.534275 
115.000000	-0.500105 	1.127302  	-0.534439 
116.000000	-0.521419 	1.108365  	-0.534604 
117.000000	-0.542812 	1.087509  	-0.534890 
118.000000	-0.564218 	1.066334  	-0.535198 
119.000000	-0.585624 	1.045158  	-0.535505 
120.000000	-0.607029 	1.023983  	-0.535812 
121.000000	-0.628491 	1.001925  	-0.536669 
122.000000	-0.650008 	0.978986  	-0.538076 
123.000000	-0.671526 	0.956046  	-0.539483 
124.000000	-0.693043 	0.933107  	-0.540891 
125.000000	-0.714601 	0.909989  	-0.542298 
126.000000	-0.736401 	0.885803  	-0.543706 
127.000000	-0.758200 	0.861616  	-0.545113 
128.000000	-0.779999 	0.837430  	-0.546520 
129.000000	-0.801799 	0.813243  	-0.547928 
130.000000	-0.824111 	0.788506  	-0.551824 
131.000000	-0.846562 	0.763618  	-0.556400 
132.000000	-0.869014 	0.738730  	-0.560975 
133.000000	-0.891465 	0.713843  	-0.565550 
134.000000	-0.914474 	0.688896  	-0.570424 
135.000000	-0.938226 	0.663870  	-0.575697 
136.000000	-0.961978 	0.638844  	-0.580969 
137.000000	-0.985731 	0.613818  	-0.586241 
138.000000	-1.009651 	0.588823  	-0.591869 
139.000000	-1.035758 	0.564226  	-0.602119 
140.000000	-1.061866 	0.539630  	-0.612369 
141.000000	-1.087974 	0.515033  	-0.622619 
142.000000	-1.114081 	0.490436  	-0.632869 
143.000000	-1.143078 	0.466544  	-0.646341 
144.000000	-1.173231 	0.442934  	-0.661102 
145.000000	-1.203383 	0.419324  	-0.675863 
146.000000	-1.233536 	0.395714  	-0.690624 
147.000000	-1.266117 	0.372648  	-0.703635 
148.000000	-1.303070 	0.350561  	-0.713498 
149.000000	-1.340024 	0.328474  	-0.723360 
150.000000	-1.376977 	0.306387  	-0.733222 
151.000000	-1.413930 	0.284300  	-0.743085 
152.000000	-1.365174 	0.263645  	-0.736502 
153.000000	-1.316418 	0.242991  	-0.729918 
154.000000	-1.267661 	0.223330  	-0.723335 
155.000000	-1.218905 	0.203746  	-0.716752 
156.000000	-1.170149 	0.185166  	-0.710169 
157.000000	-1.121393 	0.166753  	-0.703586 
158.000000	-1.072637 	0.149335  	-0.697003 
159.000000	-1.023880 	0.132188  	-0.690420 
160.000000	-0.975124 	0.116008  	-0.678314 
161.000000	-0.926368 	0.100216  	-0.664000 
162.000000	-0.877612 	0.085346  	-0.647069 
163.000000	-0.828856 	0.070989  	-0.628686 
164.000000	-0.780099 	0.057495  	-0.610302 
165.000000	-0.731343 	0.044647  	-0.591918 
166.000000	-0.682587 	0.032588  	-0.573535 
167.000000	-0.633831 	0.021316  	-0.555151 
168.000000	-0.585074 	0.012005  	-0.536767 
169.000000	-0.536318 	0.005306  	-0.518384 
170.000000	-0.487562 	0.001000  	-0.490655 
171.000000	-0.438806 	0.001000  	-0.446106 
172.000000	-0.390050 	0.001000  	-0.400000 
173.000000	-0.341293 	0.001000  	-0.350000 
174.000000	-0.292537 	0.001000  	-0.300000 
175.000000	-0.243781 	0.001000  	-0.250000 
176.000000	-0.195025 	0.001000  	-0.200000 
177.000000	-0.146269 	0.001000  	-0.150000 
178.000000	-0.097512 	0.001000  	-0.100000 
179.000000	-0.048756 	0.001000  	-0.050000 
180.000000	0.000000  	0.001000  	0.000000  
