! AeroDyn v15 airfoil data file
! Generated from airfoilprep.py modified by D. Kim (Mar 14th, 2022) 
! start all comment lines with ! 
! ------------------------------------------------------------------------------
"DEFAULT"       InterpOrd    ! Interpolation order to use for quasi-steady table lookup {1=linear; 3=cubic spline; "default"} [default=1]
! ------------------------------------------------------------------------------
! 0.20          RelThickness ! The non-dimensional thickness of the airfoil (thickness/chord) [only used if UAMod=7] [default=0.2] (-)
  1             NonDimArea   ! The non-dimensional area of the airfoil (area/chord^2) (set to 1.0 if unsure or unneeded)
  103           NumCoords    ! The number of coordinates in the airfoil shape file (including an extra coordinate for airfoil reference).
! ......... x-y coordinates are next if NumCoords > 0 .............
! x-y coordinate of airfoil reference
!  x/c        y/c
  0.25       0
! Airfoil: 
!  x/c        y/c
1.0013118 -0.0458323
0.9807764 -0.0411442
0.9602629 -0.0363462
0.9396695 -0.0319257
0.9189225 -0.0282871
0.8980068 -0.0258275
0.8769697 -0.0248405
0.8559130 -0.0252191
0.8349010 -0.0266475
0.8139599 -0.0289468
0.7931226 -0.0320298
0.7724013 -0.0358059
0.7517960 -0.0401844
0.7313065 -0.0450728
0.7109265 -0.0503813
0.6906347 -0.0560199
0.6704097 -0.0619066
0.6502309 -0.0679621
0.6300783 -0.0741086
0.6099335 -0.0802727
0.5897735 -0.0863876
0.5695781 -0.0923889
0.5493334 -0.0982163
0.5290264 -0.1038118
0.5086456 -0.1091217
0.4881811 -0.1141000
0.4676237 -0.1187011
0.4469734 -0.1228816
0.4262370 -0.1266035
0.4054214 -0.1298287
0.3845341 -0.1325226
0.3635827 -0.1346516
0.3425740 -0.1361704
0.3215243 -0.1369963
0.3004623 -0.1370545
0.2794166 -0.1362273
0.2584253 -0.1344803
0.2375354 -0.1317877
0.2167889 -0.1281543
0.1962267 -0.1235890
0.1758873 -0.1181154
0.1558091 -0.1117495
0.1360319 -0.1044979
0.1166082 -0.0963506
0.0976039 -0.0872740
0.0791005 -0.0771938
0.0612434 -0.0660159
0.0442570 -0.0535895
0.0284644 -0.0396591
0.0145153 -0.0239068
0.0036327 -0.0059183
-0.0013154 0.0144043
0.0035344 0.0347246
0.0145716 0.0525932
0.0287465 0.0681689
0.0447978 0.0817949
0.0620941 0.0938066
0.0802689 0.1044489
0.0990844 0.1139022
0.1183965 0.1223112
0.1380959 0.1297786
0.1580939 0.1363885
0.1783367 0.1422108
0.1987789 0.1472954
0.2193799 0.1516753
0.2401102 0.1553819
0.2609495 0.1584309
0.2818768 0.1608366
0.3028700 0.1626133
0.3239054 0.1637882
0.3449602 0.1644222
0.3660218 0.1645429
0.3870817 0.1642343
0.4081323 0.1634751
0.4291649 0.1622849
0.4501706 0.1606799
0.4711406 0.1586780
0.4920690 0.1563076
0.5129572 0.1536072
0.5338065 0.1506082
0.5546194 0.1473518
0.5753979 0.1438754
0.5961437 0.1402142
0.6168591 0.1363950
0.6375491 0.1324413
0.6582165 0.1283701
0.6788633 0.1241944
0.6994918 0.1199275
0.7201040 0.1155828
0.7407009 0.1111681
0.7612851 0.1066947
0.7818588 0.1021730
0.8024233 0.0976092
0.8229812 0.0930160
0.8435339 0.0883989
0.8640836 0.0837691
0.8846316 0.0791317
0.9051796 0.0744942
0.9257266 0.0698525
0.9462671 0.0651823
0.9667366 0.0602172
0.9856430 0.0512934
! ------------------------------------------------------------------------------
"unused"        BL_file      ! The file name including the boundary layer characteristics of the profile. Unused if the aeroacoustic module is not called.
  11        	NumTabs      ! Number of airfoil tables in this file.
! ------------------------------------------------------------------------------
! data for table	1         
! ------------------------------------------------------------------------------
  0.200000  	Re           ! Reynolds number in millions
  0.000000  	UserProp     ! User property (control) setting
Flase           InclUAdata   ! Is unsteady aerodynamics data included in this table? If TRUE, then include UA coefficients below this line. Any missing coefficients will be calculated internally.
! Table of aerodynamics coefficients
  361       	NumAlf       ! Number of data lines in the following table
!Alpha      Cl          Cd          Cm/Cp
!(deg)      (-)         (-)         (-)
-180.000000	0.000000  	0.001000  	-7.324900 
-179.000000	0.051253  	0.001000  	-7.324900 
-178.000000	0.102506  	0.001000  	-7.324900 
-177.000000	0.153759  	0.001000  	-7.324900 
-176.000000	0.205012  	0.001000  	-7.324900 
-175.000000	0.256265  	0.001000  	-7.324900 
-174.000000	0.307518  	0.001000  	-7.324900 
-173.000000	0.358771  	0.001000  	-7.324900 
-172.000000	0.410024  	0.001000  	-7.324900 
-171.000000	0.461277  	0.001000  	-7.324900 
-170.000000	0.512530  	0.003012  	-7.324900 
-169.000000	0.563783  	0.008646  	-7.324900 
-168.000000	0.615036  	0.016376  	-7.324900 
-167.000000	0.666289  	0.026900  	-7.324900 
-166.000000	0.717541  	0.038170  	-7.324900 
-165.000000	0.768794  	0.050185  	-7.324900 
-164.000000	0.820047  	0.063021  	-7.324900 
-163.000000	0.871300  	0.076474  	-7.324900 
-162.000000	0.922553  	0.090811  	-7.324900 
-161.000000	0.973806  	0.105641  	-7.324900 
-160.000000	1.025059  	0.121406  	-7.324900 
-159.000000	1.076312  	0.137547  	-7.324900 
-158.000000	1.127565  	0.154660  	-7.324900 
-157.000000	1.178818  	0.172039  	-7.324900 
-156.000000	1.230071  	0.190412  	-7.324900 
-155.000000	1.281324  	0.208952  	-7.324900 
-154.000000	1.332577  	0.228492  	-7.324900 
-153.000000	1.383830  	0.248110  	-7.324900 
-152.000000	1.347922  	0.269309  	-7.324900 
-151.000000	1.312014  	0.290509  	-7.324900 
-150.000000	1.276106  	0.311708  	-7.324900 
-149.000000	1.240198  	0.332908  	-7.324900 
-148.000000	1.208081  	0.355003  	-7.324900 
-147.000000	1.179753  	0.377995  	-7.324900 
-146.000000	1.151425  	0.400986  	-7.324900 
-145.000000	1.123098  	0.423978  	-7.324900 
-144.000000	1.094770  	0.446969  	-7.324900 
-143.000000	1.070753  	0.471194  	-7.324900 
-142.000000	1.046735  	0.495420  	-7.324900 
-141.000000	1.022718  	0.519645  	-7.324900 
-140.000000	0.998700  	0.543870  	-7.324900 
-139.000000	0.975867  	0.568419  	-7.324900 
-138.000000	0.954218  	0.593291  	-7.324900 
-137.000000	0.932569  	0.618163  	-7.324900 
-136.000000	0.910920  	0.643035  	-7.324900 
-135.000000	0.889271  	0.667906  	-7.324900 
-134.000000	0.868805  	0.692822  	-7.324900 
-133.000000	0.848338  	0.717738  	-7.324900 
-132.000000	0.827871  	0.742654  	-7.324900 
-131.000000	0.807404  	0.767570  	-7.324900 
-130.000000	0.787169  	0.792206  	-7.324900 
-129.000000	0.767165  	0.816563  	-7.324900 
-128.000000	0.747162  	0.840920  	-7.324900 
-127.000000	0.727158  	0.865277  	-7.324900 
-126.000000	0.707154  	0.889634  	-7.324900 
-125.000000	0.687206  	0.912844  	-7.324900 
-124.000000	0.667258  	0.936054  	-7.324900 
-123.000000	0.647311  	0.959264  	-7.324900 
-122.000000	0.627363  	0.982474  	-7.324900 
-121.000000	0.607349  	1.004830  	-7.324900 
-120.000000	0.587271  	1.026334  	-7.324900 
-119.000000	0.567192  	1.047837  	-7.324900 
-118.000000	0.547113  	1.069341  	-7.324900 
-117.000000	0.527034  	1.090844  	-7.324900 
-116.000000	0.506802  	1.110125  	-7.324900 
-115.000000	0.486569  	1.129405  	-7.324900 
-114.000000	0.466336  	1.148685  	-7.324900 
-113.000000	0.446104  	1.167966  	-7.324900 
-112.000000	0.425845  	1.185904  	-7.324900 
-111.000000	0.405561  	1.202499  	-7.324900 
-110.000000	0.385277  	1.219095  	-7.324900 
-109.000000	0.364993  	1.235691  	-7.324900 
-108.000000	0.344709  	1.252286  	-7.324900 
-107.000000	0.324574  	1.265803  	-7.324900 
-106.000000	0.304439  	1.279319  	-7.324900 
-105.000000	0.284304  	1.292835  	-7.324900 
-104.000000	0.264169  	1.306351  	-7.324900 
-103.000000	0.244247  	1.318168  	-7.324900 
-102.000000	0.224537  	1.328286  	-7.324900 
-101.000000	0.204828  	1.338404  	-7.324900 
-100.000000	0.185118  	1.348522  	-7.324900 
-99.000000	0.165409  	1.358639  	-7.324900 
-98.000000	0.146460  	1.365124  	-7.324900 
-97.000000	0.127511  	1.371609  	-7.324900 
-96.000000	0.108563  	1.378094  	-7.324900 
-95.000000	0.089614  	1.384578  	-7.324900 
-94.000000	0.071235  	1.389174  	-7.324900 
-93.000000	0.053426  	1.391881  	-7.324900 
-92.000000	0.035618  	1.394587  	-7.324900 
-91.000000	0.017809  	1.397294  	-7.324900 
-90.000000	0.000000  	1.400000  	-7.324900 
-89.000000	-0.017809 	1.397294  	-7.324900 
-88.000000	-0.035618 	1.394587  	-7.324900 
-87.000000	-0.053426 	1.391881  	-7.324900 
-86.000000	-0.071235 	1.389174  	-7.324900 
-85.000000	-0.089614 	1.384578  	-7.324900 
-84.000000	-0.108563 	1.378094  	-7.324900 
-83.000000	-0.127511 	1.371609  	-7.324900 
-82.000000	-0.146460 	1.365124  	-7.324900 
-81.000000	-0.165409 	1.358639  	-7.324900 
-80.000000	-0.185118 	1.348522  	-7.324900 
-79.000000	-0.204828 	1.338404  	-7.324900 
-78.000000	-0.224537 	1.328286  	-7.324900 
-77.000000	-0.244247 	1.318168  	-7.324900 
-76.000000	-0.264169 	1.306351  	-7.324900 
-75.000000	-0.284304 	1.292835  	-7.324900 
-74.000000	-0.304439 	1.279319  	-7.324900 
-73.000000	-0.324574 	1.265803  	-7.324900 
-72.000000	-0.344709 	1.252286  	-7.324900 
-71.000000	-0.364993 	1.235691  	-7.324900 
-70.000000	-0.385277 	1.219095  	-7.324900 
-69.000000	-0.405561 	1.202499  	-7.324900 
-68.000000	-0.425845 	1.185904  	-7.324900 
-67.000000	-0.446104 	1.167966  	-7.324900 
-66.000000	-0.466336 	1.148685  	-7.324900 
-65.000000	-0.486569 	1.129405  	-7.324900 
-64.000000	-0.506802 	1.110125  	-7.324900 
-63.000000	-0.527034 	1.090844  	-7.324900 
-62.000000	-0.547113 	1.069341  	-7.324900 
-61.000000	-0.567192 	1.047837  	-7.324900 
-60.000000	-0.587271 	1.026334  	-7.324900 
-59.000000	-0.607349 	1.004830  	-7.324900 
-58.000000	-0.627363 	0.982474  	-7.324900 
-57.000000	-0.647311 	0.959264  	-7.324900 
-56.000000	-0.667258 	0.936054  	-7.324900 
-55.000000	-0.687206 	0.912844  	-7.324900 
-54.000000	-0.707154 	0.889634  	-7.324900 
-53.000000	-0.727158 	0.865277  	-7.324900 
-52.000000	-0.747162 	0.840920  	-7.324900 
-51.000000	-0.767165 	0.816563  	-7.324900 
-50.000000	-0.787169 	0.792206  	-7.324900 
-49.000000	-0.807404 	0.767570  	-7.324900 
-48.000000	-0.827871 	0.742654  	-7.324900 
-47.000000	-0.848338 	0.717738  	-7.324900 
-46.000000	-0.868805 	0.692822  	-7.324900 
-45.000000	-0.889271 	0.667906  	-7.324900 
-44.000000	-0.910920 	0.643035  	-7.324900 
-43.000000	-0.932569 	0.618163  	-7.324900 
-42.000000	-0.954218 	0.593291  	-7.324900 
-41.000000	-0.975867 	0.568419  	-7.324900 
-40.000000	-0.998700 	0.543870  	-7.324900 
-39.000000	-1.022718 	0.519645  	-7.324900 
-38.000000	-1.046735 	0.495420  	-7.324900 
-37.000000	-1.070753 	0.471194  	-7.324900 
-36.000000	-1.094770 	0.446969  	-7.324900 
-35.000000	-1.123098 	0.423978  	-7.324900 
-34.000000	-1.151425 	0.400986  	-7.324900 
-33.000000	-1.179753 	0.377995  	-7.324900 
-32.000000	-1.208081 	0.355003  	-7.324900 
-31.000000	-1.240198 	0.332908  	-7.324900 
-30.000000	-1.276106 	0.311708  	-7.324900 
-29.000000	-1.312014 	0.290509  	-7.324900 
-28.000000	-1.347922 	0.269309  	-7.324900 
-27.000000	-1.383830 	0.248110  	-7.324900 
-26.000000	-1.324688 	0.238806  	-7.324900 
-25.000000	-1.265547 	0.229502  	-7.324900 
-24.000000	-1.206405 	0.220198  	-7.324900 
-23.000000	-1.147264 	0.210894  	-7.324900 
-22.000000	-1.088122 	0.201590  	-7.324900 
-21.000000	-1.028981 	0.192286  	-7.324900 
-20.000000	-0.969839 	0.182982  	-7.324900 
-19.000000	-0.910698 	0.173678  	-7.324900 
-18.000000	-0.851556 	0.164374  	-7.324900 
-17.000000	-0.792415 	0.155070  	-7.324900 
-16.000000	-0.733273 	0.145766  	-7.324900 
-15.000000	-0.674132 	0.136462  	-7.324900 
-14.000000	-0.614990 	0.127158  	-7.324900 
-13.000000	-0.555849 	0.117854  	-7.324900 
-12.000000	-0.496707 	0.108550  	-7.324900 
-11.000000	-0.437566 	0.099246  	-7.324900 
-10.000000	-0.378424 	0.089942  	-7.324900 
-9.000000 	-0.319283 	0.080638  	-5.496700 
-8.000000 	-0.260141 	0.071334  	-3.363800 
-7.000000 	-0.201000 	0.062030  	-1.230900 
-6.000000 	-0.125400 	0.053770  	-1.206400 
-5.000000 	-0.007200 	0.047090  	-1.147100 
-4.000000 	0.138800  	0.041950  	-1.065700 
-3.000000 	0.298900  	0.037960  	-1.003500 
-2.000000 	0.459200  	0.035590  	-1.117400 
-1.000000 	0.608700  	0.034530  	-1.231200 
0.000000  	0.754100  	0.034070  	-1.348800 
1.000000  	0.893900  	0.034030  	-1.470000 
2.000000  	1.005200  	0.035050  	-1.584000 
3.000000  	1.136100  	0.035360  	-1.721800 
4.000000  	1.262600  	0.035900  	-1.873700 
5.000000  	1.387800  	0.036420  	-2.049600 
6.000000  	1.511900  	0.037050  	-2.251600 
7.000000  	1.626100  	0.037900  	-2.478700 
8.000000  	1.736600  	0.038960  	-2.738400 
9.000000  	1.826900  	0.040350  	-3.013500 
10.000000 	1.902200  	0.042540  	-3.294600 
11.000000 	1.930600  	0.046900  	-3.551400 
12.000000 	1.930200  	0.054860  	-3.780900 
13.000000 	1.912100  	0.066280  	-3.978500 
14.000000 	1.891900  	0.080550  	-4.160900 
15.000000 	1.878000  	0.095670  	-4.364500 
16.000000 	1.864500  	0.110640  	-4.554700 
17.000000 	1.863300  	0.124980  	-4.768000 
18.000000 	1.869700  	0.138740  	-5.006400 
19.000000 	1.879500  	0.151580  	-5.275200 
20.000000 	1.894300  	0.163460  	-5.543100 
21.000000 	1.907600  	0.175940  	-5.816300 
22.000000 	1.923600  	0.187640  	-6.081500 
23.000000 	1.938100  	0.199610  	-6.364900 
24.000000 	1.965500  	0.208280  	-6.698800 
25.000000 	1.968900  	0.221960  	-6.918000 
26.000000 	1.974300  	0.234900  	-7.121200 
27.000000 	1.976900  	0.248110  	-7.324900 
28.000000 	1.925603  	0.269309  	-7.324900 
29.000000 	1.874306  	0.290509  	-7.324900 
30.000000 	1.823009  	0.311708  	-7.324900 
31.000000 	1.771712  	0.332908  	-7.324900 
32.000000 	1.725829  	0.355003  	-7.324900 
33.000000 	1.685361  	0.377995  	-7.324900 
34.000000 	1.644894  	0.400986  	-7.324900 
35.000000 	1.604426  	0.423978  	-7.324900 
36.000000 	1.563958  	0.446969  	-7.324900 
37.000000 	1.529647  	0.471194  	-7.324900 
38.000000 	1.495336  	0.495420  	-7.324900 
39.000000 	1.461025  	0.519645  	-7.324900 
40.000000 	1.426715  	0.543870  	-7.324900 
41.000000 	1.394096  	0.568419  	-7.324900 
42.000000 	1.363169  	0.593291  	-7.324900 
43.000000 	1.332242  	0.618163  	-7.324900 
44.000000 	1.301315  	0.643035  	-7.324900 
45.000000 	1.270388  	0.667906  	-7.324900 
46.000000 	1.241149  	0.692822  	-7.324900 
47.000000 	1.211911  	0.717738  	-7.324900 
48.000000 	1.182673  	0.742654  	-7.324900 
49.000000 	1.153435  	0.767570  	-7.324900 
50.000000 	1.124527  	0.792206  	-7.324900 
51.000000 	1.095950  	0.816563  	-7.324900 
52.000000 	1.067374  	0.840920  	-7.324900 
53.000000 	1.038797  	0.865277  	-7.324900 
54.000000 	1.010220  	0.889634  	-7.324900 
55.000000 	0.981723  	0.912844  	-7.324900 
56.000000 	0.953226  	0.936054  	-7.324900 
57.000000 	0.924729  	0.959264  	-7.324900 
58.000000 	0.896232  	0.982474  	-7.324900 
59.000000 	0.867642  	1.004830  	-7.324900 
60.000000 	0.838958  	1.026334  	-7.324900 
61.000000 	0.810274  	1.047837  	-7.324900 
62.000000 	0.781590  	1.069341  	-7.324900 
63.000000 	0.752906  	1.090844  	-7.324900 
64.000000 	0.724002  	1.110125  	-7.324900 
65.000000 	0.695098  	1.129405  	-7.324900 
66.000000 	0.666195  	1.148685  	-7.324900 
67.000000 	0.637291  	1.167966  	-7.324900 
68.000000 	0.608350  	1.185904  	-7.324900 
69.000000 	0.579373  	1.202499  	-7.324900 
70.000000 	0.550396  	1.219095  	-7.324900 
71.000000 	0.521419  	1.235691  	-7.324900 
72.000000 	0.492442  	1.252286  	-7.324900 
73.000000 	0.463678  	1.265803  	-7.324900 
74.000000 	0.434913  	1.279319  	-7.324900 
75.000000 	0.406149  	1.292835  	-7.324900 
76.000000 	0.377384  	1.306351  	-7.324900 
77.000000 	0.348924  	1.318168  	-7.324900 
78.000000 	0.320768  	1.328286  	-7.324900 
79.000000 	0.292611  	1.338404  	-7.324900 
80.000000 	0.264455  	1.348522  	-7.324900 
81.000000 	0.236298  	1.358639  	-7.324900 
82.000000 	0.209229  	1.365124  	-7.324900 
83.000000 	0.182159  	1.371609  	-7.324900 
84.000000 	0.155089  	1.378094  	-7.324900 
85.000000 	0.128020  	1.384578  	-7.324900 
86.000000 	0.101765  	1.389174  	-7.324900 
87.000000 	0.076323  	1.391881  	-7.324900 
88.000000 	0.050882  	1.394587  	-7.324900 
89.000000 	0.025441  	1.397294  	-7.324900 
90.000000 	0.000000  	1.400000  	-7.324900 
91.000000 	-0.017809 	1.397294  	-7.324900 
92.000000 	-0.035618 	1.394587  	-7.324900 
93.000000 	-0.053426 	1.391881  	-7.324900 
94.000000 	-0.071235 	1.389174  	-7.324900 
95.000000 	-0.089614 	1.384578  	-7.324900 
96.000000 	-0.108563 	1.378094  	-7.324900 
97.000000 	-0.127511 	1.371609  	-7.324900 
98.000000 	-0.146460 	1.365124  	-7.324900 
99.000000 	-0.165409 	1.358639  	-7.324900 
100.000000	-0.185118 	1.348522  	-7.324900 
101.000000	-0.204828 	1.338404  	-7.324900 
102.000000	-0.224537 	1.328286  	-7.324900 
103.000000	-0.244247 	1.318168  	-7.324900 
104.000000	-0.264169 	1.306351  	-7.324900 
105.000000	-0.284304 	1.292835  	-7.324900 
106.000000	-0.304439 	1.279319  	-7.324900 
107.000000	-0.324574 	1.265803  	-7.324900 
108.000000	-0.344709 	1.252286  	-7.324900 
109.000000	-0.364993 	1.235691  	-7.324900 
110.000000	-0.385277 	1.219095  	-7.324900 
111.000000	-0.405561 	1.202499  	-7.324900 
112.000000	-0.425845 	1.185904  	-7.324900 
113.000000	-0.446104 	1.167966  	-7.324900 
114.000000	-0.466336 	1.148685  	-7.324900 
115.000000	-0.486569 	1.129405  	-7.324900 
116.000000	-0.506802 	1.110125  	-7.324900 
117.000000	-0.527034 	1.090844  	-7.324900 
118.000000	-0.547113 	1.069341  	-7.324900 
119.000000	-0.567192 	1.047837  	-7.324900 
120.000000	-0.587271 	1.026334  	-7.324900 
121.000000	-0.607349 	1.004830  	-7.324900 
122.000000	-0.627363 	0.982474  	-7.324900 
123.000000	-0.647311 	0.959264  	-7.324900 
124.000000	-0.667258 	0.936054  	-7.324900 
125.000000	-0.687206 	0.912844  	-7.324900 
126.000000	-0.707154 	0.889634  	-7.324900 
127.000000	-0.727158 	0.865277  	-7.324900 
128.000000	-0.747162 	0.840920  	-7.324900 
129.000000	-0.767165 	0.816563  	-7.324900 
130.000000	-0.787169 	0.792206  	-7.324900 
131.000000	-0.807404 	0.767570  	-7.324900 
132.000000	-0.827871 	0.742654  	-7.324900 
133.000000	-0.848338 	0.717738  	-7.324900 
134.000000	-0.868805 	0.692822  	-7.324900 
135.000000	-0.889271 	0.667906  	-7.324900 
136.000000	-0.910920 	0.643035  	-7.324900 
137.000000	-0.932569 	0.618163  	-7.324900 
138.000000	-0.954218 	0.593291  	-7.324900 
139.000000	-0.975867 	0.568419  	-7.324900 
140.000000	-0.998700 	0.543870  	-7.324900 
141.000000	-1.022718 	0.519645  	-7.324900 
142.000000	-1.046735 	0.495420  	-7.324900 
143.000000	-1.070753 	0.471194  	-7.324900 
144.000000	-1.094770 	0.446969  	-7.324900 
145.000000	-1.123098 	0.423978  	-7.324900 
146.000000	-1.151425 	0.400986  	-7.324900 
147.000000	-1.179753 	0.377995  	-7.324900 
148.000000	-1.208081 	0.355003  	-7.324900 
149.000000	-1.240198 	0.332908  	-7.324900 
150.000000	-1.276106 	0.311708  	-7.324900 
151.000000	-1.312014 	0.290509  	-7.324900 
152.000000	-1.347922 	0.269309  	-7.324900 
153.000000	-1.383830 	0.248110  	-7.324900 
154.000000	-1.332577 	0.228492  	-7.324900 
155.000000	-1.281324 	0.208952  	-7.324900 
156.000000	-1.230071 	0.190412  	-7.324900 
157.000000	-1.178818 	0.172039  	-7.324900 
158.000000	-1.127565 	0.154660  	-7.324900 
159.000000	-1.076312 	0.137547  	-7.324900 
160.000000	-1.025059 	0.121406  	-7.324900 
161.000000	-0.973806 	0.105641  	-7.324900 
162.000000	-0.922553 	0.090811  	-7.324900 
163.000000	-0.871300 	0.076474  	-7.324900 
164.000000	-0.820047 	0.063021  	-7.324900 
165.000000	-0.768794 	0.050185  	-7.324900 
166.000000	-0.717541 	0.038170  	-7.324900 
167.000000	-0.666289 	0.026900  	-7.324900 
168.000000	-0.615036 	0.016376  	-7.324900 
169.000000	-0.563783 	0.008646  	-7.324900 
170.000000	-0.512530 	0.003012  	-7.324900 
171.000000	-0.461277 	0.001000  	-7.324900 
172.000000	-0.410024 	0.001000  	-7.324900 
173.000000	-0.358771 	0.001000  	-7.324900 
174.000000	-0.307518 	0.001000  	-7.324900 
175.000000	-0.256265 	0.001000  	-7.324900 
176.000000	-0.205012 	0.001000  	-7.324900 
177.000000	-0.153759 	0.001000  	-7.324900 
178.000000	-0.102506 	0.001000  	-7.324900 
179.000000	-0.051253 	0.001000  	-7.324900 
180.000000	0.000000  	0.001000  	-7.324900 
! ------------------------------------------------------------------------------
! data for table	2         
! ------------------------------------------------------------------------------
  0.300000  	Re           ! Reynolds number in millions
  0.000000  	UserProp     ! User property (control) setting
Flase           InclUAdata   ! Is unsteady aerodynamics data included in this table? If TRUE, then include UA coefficients below this line. Any missing coefficients will be calculated internally.
! Table of aerodynamics coefficients
  361       	NumAlf       ! Number of data lines in the following table
!Alpha      Cl          Cd          Cm/Cp
!(deg)      (-)         (-)         (-)
-180.000000	0.000000  	0.001000  	-7.856900 
-179.000000	0.048025  	0.001000  	-7.856900 
-178.000000	0.096050  	0.001000  	-7.856900 
-177.000000	0.144074  	0.001000  	-7.856900 
-176.000000	0.192099  	0.001000  	-7.856900 
-175.000000	0.240124  	0.001000  	-7.856900 
-174.000000	0.288149  	0.001000  	-7.856900 
-173.000000	0.336174  	0.001000  	-7.856900 
-172.000000	0.384199  	0.001000  	-7.856900 
-171.000000	0.432223  	0.001000  	-7.856900 
-170.000000	0.480248  	0.001000  	-7.856900 
-169.000000	0.528273  	0.004229  	-7.856900 
-168.000000	0.576298  	0.009251  	-7.856900 
-167.000000	0.624323  	0.017852  	-7.856900 
-166.000000	0.672348  	0.029138  	-7.856900 
-165.000000	0.720372  	0.041213  	-7.856900 
-164.000000	0.768397  	0.054077  	-7.856900 
-163.000000	0.816422  	0.067589  	-7.856900 
-162.000000	0.864447  	0.081965  	-7.856900 
-161.000000	0.912472  	0.096854  	-7.856900 
-160.000000	0.960497  	0.112667  	-7.856900 
-159.000000	1.008521  	0.128868  	-7.856900 
-158.000000	1.056546  	0.146038  	-7.856900 
-157.000000	1.104571  	0.163480  	-7.856900 
-156.000000	1.152596  	0.181918  	-7.856900 
-155.000000	1.200621  	0.200524  	-7.856900 
-154.000000	1.248646  	0.220135  	-7.856900 
-153.000000	1.296670  	0.239823  	-7.856900 
-152.000000	1.344695  	0.260506  	-7.856900 
-151.000000	1.392720  	0.281190  	-7.856900 
-150.000000	1.356720  	0.303309  	-7.856900 
-149.000000	1.320721  	0.325428  	-7.856900 
-148.000000	1.284721  	0.347547  	-7.856900 
-147.000000	1.248721  	0.369666  	-7.856900 
-146.000000	1.216968  	0.392767  	-7.856900 
-145.000000	1.187574  	0.416413  	-7.856900 
-144.000000	1.158179  	0.440059  	-7.856900 
-143.000000	1.128785  	0.463705  	-7.856900 
-142.000000	1.100507  	0.487634  	-7.856900 
-141.000000	1.075018  	0.512271  	-7.856900 
-140.000000	1.049529  	0.536908  	-7.856900 
-139.000000	1.024041  	0.561544  	-7.856900 
-138.000000	0.998552  	0.586181  	-7.856900 
-137.000000	0.975154  	0.611219  	-7.856900 
-136.000000	0.951916  	0.636288  	-7.856900 
-135.000000	0.928678  	0.661357  	-7.856900 
-134.000000	0.905440  	0.686426  	-7.856900 
-133.000000	0.882898  	0.711418  	-7.856900 
-132.000000	0.860877  	0.736352  	-7.856900 
-131.000000	0.838857  	0.761287  	-7.856900 
-130.000000	0.816837  	0.786221  	-7.856900 
-129.000000	0.794942  	0.811006  	-7.856900 
-128.000000	0.773506  	0.835242  	-7.856900 
-127.000000	0.752070  	0.859478  	-7.856900 
-126.000000	0.730634  	0.883714  	-7.856900 
-125.000000	0.709198  	0.907950  	-7.856900 
-124.000000	0.687955  	0.931119  	-7.856900 
-123.000000	0.666743  	0.954111  	-7.856900 
-122.000000	0.645531  	0.977103  	-7.856900 
-121.000000	0.624319  	1.000094  	-7.856900 
-120.000000	0.603138  	1.022205  	-7.856900 
-119.000000	0.581987  	1.043435  	-7.856900 
-118.000000	0.560837  	1.064666  	-7.856900 
-117.000000	0.539686  	1.085896  	-7.856900 
-116.000000	0.518542  	1.106806  	-7.856900 
-115.000000	0.497438  	1.125800  	-7.856900 
-114.000000	0.476334  	1.144793  	-7.856900 
-113.000000	0.455229  	1.163786  	-7.856900 
-112.000000	0.434125  	1.182779  	-7.856900 
-111.000000	0.413135  	1.199682  	-7.856900 
-110.000000	0.392176  	1.216015  	-7.856900 
-109.000000	0.371217  	1.232348  	-7.856900 
-108.000000	0.350259  	1.248681  	-7.856900 
-107.000000	0.329443  	1.263718  	-7.856900 
-106.000000	0.308819  	1.277029  	-7.856900 
-105.000000	0.288195  	1.290340  	-7.856900 
-104.000000	0.267571  	1.303651  	-7.856900 
-103.000000	0.246989  	1.316725  	-7.856900 
-102.000000	0.226959  	1.326723  	-7.856900 
-101.000000	0.206929  	1.336720  	-7.856900 
-100.000000	0.186898  	1.346718  	-7.856900 
-99.000000	0.166868  	1.356716  	-7.856900 
-98.000000	0.147486  	1.364193  	-7.856900 
-97.000000	0.128363  	1.370663  	-7.856900 
-96.000000	0.109240  	1.377133  	-7.856900 
-95.000000	0.090117  	1.383602  	-7.856900 
-94.000000	0.071445  	1.388765  	-7.856900 
-93.000000	0.053583  	1.391573  	-7.856900 
-92.000000	0.035722  	1.394382  	-7.856900 
-91.000000	0.017861  	1.397191  	-7.856900 
-90.000000	0.000000  	1.400000  	-7.856900 
-89.000000	-0.017861 	1.397191  	-7.856900 
-88.000000	-0.035722 	1.394382  	-7.856900 
-87.000000	-0.053583 	1.391573  	-7.856900 
-86.000000	-0.071445 	1.388765  	-7.856900 
-85.000000	-0.090117 	1.383602  	-7.856900 
-84.000000	-0.109240 	1.377133  	-7.856900 
-83.000000	-0.128363 	1.370663  	-7.856900 
-82.000000	-0.147486 	1.364193  	-7.856900 
-81.000000	-0.166868 	1.356716  	-7.856900 
-80.000000	-0.186898 	1.346718  	-7.856900 
-79.000000	-0.206929 	1.336720  	-7.856900 
-78.000000	-0.226959 	1.326723  	-7.856900 
-77.000000	-0.246989 	1.316725  	-7.856900 
-76.000000	-0.267571 	1.303651  	-7.856900 
-75.000000	-0.288195 	1.290340  	-7.856900 
-74.000000	-0.308819 	1.277029  	-7.856900 
-73.000000	-0.329443 	1.263718  	-7.856900 
-72.000000	-0.350259 	1.248681  	-7.856900 
-71.000000	-0.371217 	1.232348  	-7.856900 
-70.000000	-0.392176 	1.216015  	-7.856900 
-69.000000	-0.413135 	1.199682  	-7.856900 
-68.000000	-0.434125 	1.182779  	-7.856900 
-67.000000	-0.455229 	1.163786  	-7.856900 
-66.000000	-0.476334 	1.144793  	-7.856900 
-65.000000	-0.497438 	1.125800  	-7.856900 
-64.000000	-0.518542 	1.106806  	-7.856900 
-63.000000	-0.539686 	1.085896  	-7.856900 
-62.000000	-0.560837 	1.064666  	-7.856900 
-61.000000	-0.581987 	1.043435  	-7.856900 
-60.000000	-0.603138 	1.022205  	-7.856900 
-59.000000	-0.624319 	1.000094  	-7.856900 
-58.000000	-0.645531 	0.977103  	-7.856900 
-57.000000	-0.666743 	0.954111  	-7.856900 
-56.000000	-0.687955 	0.931119  	-7.856900 
-55.000000	-0.709198 	0.907950  	-7.856900 
-54.000000	-0.730634 	0.883714  	-7.856900 
-53.000000	-0.752070 	0.859478  	-7.856900 
-52.000000	-0.773506 	0.835242  	-7.856900 
-51.000000	-0.794942 	0.811006  	-7.856900 
-50.000000	-0.816837 	0.786221  	-7.856900 
-49.000000	-0.838857 	0.761287  	-7.856900 
-48.000000	-0.860877 	0.736352  	-7.856900 
-47.000000	-0.882898 	0.711418  	-7.856900 
-46.000000	-0.905440 	0.686426  	-7.856900 
-45.000000	-0.928678 	0.661357  	-7.856900 
-44.000000	-0.951916 	0.636288  	-7.856900 
-43.000000	-0.975154 	0.611219  	-7.856900 
-42.000000	-0.998552 	0.586181  	-7.856900 
-41.000000	-1.024041 	0.561544  	-7.856900 
-40.000000	-1.049529 	0.536908  	-7.856900 
-39.000000	-1.075018 	0.512271  	-7.856900 
-38.000000	-1.100507 	0.487634  	-7.856900 
-37.000000	-1.128785 	0.463705  	-7.856900 
-36.000000	-1.158179 	0.440059  	-7.856900 
-35.000000	-1.187574 	0.416413  	-7.856900 
-34.000000	-1.216968 	0.392767  	-7.856900 
-33.000000	-1.248721 	0.369666  	-7.856900 
-32.000000	-1.284721 	0.347547  	-7.856900 
-31.000000	-1.320721 	0.325428  	-7.856900 
-30.000000	-1.356720 	0.303309  	-7.856900 
-29.000000	-1.392720 	0.281190  	-7.856900 
-28.000000	-1.352193 	0.267507  	-7.856900 
-27.000000	-1.311665 	0.253824  	-7.856900 
-26.000000	-1.271138 	0.240141  	-7.856900 
-25.000000	-1.230611 	0.226457  	-7.856900 
-24.000000	-1.190083 	0.212774  	-7.856900 
-23.000000	-1.149556 	0.199091  	-7.856900 
-22.000000	-1.109028 	0.185408  	-7.856900 
-21.000000	-1.068501 	0.171725  	-7.856900 
-20.000000	-1.027974 	0.158042  	-7.856900 
-19.000000	-0.987446 	0.144358  	-7.856900 
-18.000000	-0.946919 	0.130675  	-7.856900 
-17.000000	-0.906392 	0.116992  	-7.856900 
-16.000000	-0.865864 	0.103309  	-7.856900 
-15.000000	-0.825337 	0.089626  	-7.856900 
-14.000000	-0.784809 	0.075943  	-7.856900 
-13.000000	-0.744282 	0.062259  	-7.856900 
-12.000000	-0.703755 	0.048576  	-6.262032 
-11.000000	-0.663227 	0.034893  	-4.029216 
-10.000000	-0.622700 	0.021210  	-1.796400 
-9.000000 	-0.402600 	0.017210  	-1.620900 
-8.000000 	-0.277300 	0.017480  	-1.494400 
-7.000000 	-0.127100 	0.016400  	-1.370700 
-6.000000 	-0.002600 	0.016500  	-1.256300 
-5.000000 	0.142200  	0.016000  	-1.140000 
-4.000000 	0.267600  	0.016240  	-1.034000 
-3.000000 	0.406000  	0.016180  	-1.012100 
-2.000000 	0.562300  	0.026670  	-1.178000 
-1.000000 	0.692600  	0.026980  	-1.284300 
0.000000  	0.829000  	0.027270  	-1.400200 
1.000000  	0.952900  	0.027860  	-1.515000 
2.000000  	1.081900  	0.028330  	-1.641700 
3.000000  	1.210200  	0.028970  	-1.780700 
4.000000  	1.327800  	0.029710  	-1.932100 
5.000000  	1.450000  	0.030500  	-2.109700 
6.000000  	1.565600  	0.031510  	-2.310600 
7.000000  	1.674900  	0.032610  	-2.539000 
8.000000  	1.783000  	0.033970  	-2.802200 
9.000000  	1.872500  	0.035870  	-3.083600 
10.000000 	1.946800  	0.038590  	-3.372100 
11.000000 	1.958900  	0.044450  	-3.615500 
12.000000 	1.965900  	0.053180  	-3.858300 
13.000000 	1.951900  	0.065810  	-4.067300 
14.000000 	1.928700  	0.081530  	-4.248200 
15.000000 	1.901700  	0.098030  	-4.421000 
16.000000 	1.885200  	0.114250  	-4.606200 
17.000000 	1.874400  	0.129850  	-4.804800 
18.000000 	1.874800  	0.144340  	-5.039900 
19.000000 	1.880050  	0.158170  	-5.288150 
20.000000 	1.885300  	0.172000  	-5.536400 
21.000000 	1.895100  	0.185110  	-5.791600 
22.000000 	1.905300  	0.198250  	-6.048800 
23.000000 	1.917000  	0.210770  	-6.327800 
24.000000 	1.929600  	0.223170  	-6.593600 
25.000000 	1.941800  	0.235430  	-6.841600 
26.000000 	1.952800  	0.247620  	-7.106100 
27.000000 	1.964000  	0.259480  	-7.348200 
28.000000 	1.977400  	0.270300  	-7.604100 
29.000000 	1.989600  	0.281190  	-7.856900 
30.000000 	1.938172  	0.303309  	-7.856900 
31.000000 	1.886744  	0.325428  	-7.856900 
32.000000 	1.835316  	0.347547  	-7.856900 
33.000000 	1.783887  	0.369666  	-7.856900 
34.000000 	1.738525  	0.392767  	-7.856900 
35.000000 	1.696534  	0.416413  	-7.856900 
36.000000 	1.654542  	0.440059  	-7.856900 
37.000000 	1.612550  	0.463705  	-7.856900 
38.000000 	1.572152  	0.487634  	-7.856900 
39.000000 	1.535740  	0.512271  	-7.856900 
40.000000 	1.499328  	0.536908  	-7.856900 
41.000000 	1.462916  	0.561544  	-7.856900 
42.000000 	1.426503  	0.586181  	-7.856900 
43.000000 	1.393077  	0.611219  	-7.856900 
44.000000 	1.359879  	0.636288  	-7.856900 
45.000000 	1.326682  	0.661357  	-7.856900 
46.000000 	1.293485  	0.686426  	-7.856900 
47.000000 	1.261282  	0.711418  	-7.856900 
48.000000 	1.229825  	0.736352  	-7.856900 
49.000000 	1.198367  	0.761287  	-7.856900 
50.000000 	1.166910  	0.786221  	-7.856900 
51.000000 	1.135631  	0.811006  	-7.856900 
52.000000 	1.105009  	0.835242  	-7.856900 
53.000000 	1.074386  	0.859478  	-7.856900 
54.000000 	1.043763  	0.883714  	-7.856900 
55.000000 	1.013140  	0.907950  	-7.856900 
56.000000 	0.982792  	0.931119  	-7.856900 
57.000000 	0.952490  	0.954111  	-7.856900 
58.000000 	0.922187  	0.977103  	-7.856900 
59.000000 	0.891885  	1.000094  	-7.856900 
60.000000 	0.861626  	1.022205  	-7.856900 
61.000000 	0.831411  	1.043435  	-7.856900 
62.000000 	0.801196  	1.064666  	-7.856900 
63.000000 	0.770980  	1.085896  	-7.856900 
64.000000 	0.740775  	1.106806  	-7.856900 
65.000000 	0.710626  	1.125800  	-7.856900 
66.000000 	0.680476  	1.144793  	-7.856900 
67.000000 	0.650327  	1.163786  	-7.856900 
68.000000 	0.620178  	1.182779  	-7.856900 
69.000000 	0.590193  	1.199682  	-7.856900 
70.000000 	0.560252  	1.216015  	-7.856900 
71.000000 	0.530311  	1.232348  	-7.856900 
72.000000 	0.500370  	1.248681  	-7.856900 
73.000000 	0.470633  	1.263718  	-7.856900 
74.000000 	0.441170  	1.277029  	-7.856900 
75.000000 	0.411707  	1.290340  	-7.856900 
76.000000 	0.382244  	1.303651  	-7.856900 
77.000000 	0.352842  	1.316725  	-7.856900 
78.000000 	0.324227  	1.326723  	-7.856900 
79.000000 	0.295612  	1.336720  	-7.856900 
80.000000 	0.266998  	1.346718  	-7.856900 
81.000000 	0.238383  	1.356716  	-7.856900 
82.000000 	0.210694  	1.364193  	-7.856900 
83.000000 	0.183375  	1.370663  	-7.856900 
84.000000 	0.156057  	1.377133  	-7.856900 
85.000000 	0.128738  	1.383602  	-7.856900 
86.000000 	0.102064  	1.388765  	-7.856900 
87.000000 	0.076548  	1.391573  	-7.856900 
88.000000 	0.051032  	1.394382  	-7.856900 
89.000000 	0.025516  	1.397191  	-7.856900 
90.000000 	0.000000  	1.400000  	-7.856900 
91.000000 	-0.017861 	1.397191  	-7.856900 
92.000000 	-0.035722 	1.394382  	-7.856900 
93.000000 	-0.053583 	1.391573  	-7.856900 
94.000000 	-0.071445 	1.388765  	-7.856900 
95.000000 	-0.090117 	1.383602  	-7.856900 
96.000000 	-0.109240 	1.377133  	-7.856900 
97.000000 	-0.128363 	1.370663  	-7.856900 
98.000000 	-0.147486 	1.364193  	-7.856900 
99.000000 	-0.166868 	1.356716  	-7.856900 
100.000000	-0.186898 	1.346718  	-7.856900 
101.000000	-0.206929 	1.336720  	-7.856900 
102.000000	-0.226959 	1.326723  	-7.856900 
103.000000	-0.246989 	1.316725  	-7.856900 
104.000000	-0.267571 	1.303651  	-7.856900 
105.000000	-0.288195 	1.290340  	-7.856900 
106.000000	-0.308819 	1.277029  	-7.856900 
107.000000	-0.329443 	1.263718  	-7.856900 
108.000000	-0.350259 	1.248681  	-7.856900 
109.000000	-0.371217 	1.232348  	-7.856900 
110.000000	-0.392176 	1.216015  	-7.856900 
111.000000	-0.413135 	1.199682  	-7.856900 
112.000000	-0.434125 	1.182779  	-7.856900 
113.000000	-0.455229 	1.163786  	-7.856900 
114.000000	-0.476334 	1.144793  	-7.856900 
115.000000	-0.497438 	1.125800  	-7.856900 
116.000000	-0.518542 	1.106806  	-7.856900 
117.000000	-0.539686 	1.085896  	-7.856900 
118.000000	-0.560837 	1.064666  	-7.856900 
119.000000	-0.581987 	1.043435  	-7.856900 
120.000000	-0.603138 	1.022205  	-7.856900 
121.000000	-0.624319 	1.000094  	-7.856900 
122.000000	-0.645531 	0.977103  	-7.856900 
123.000000	-0.666743 	0.954111  	-7.856900 
124.000000	-0.687955 	0.931119  	-7.856900 
125.000000	-0.709198 	0.907950  	-7.856900 
126.000000	-0.730634 	0.883714  	-7.856900 
127.000000	-0.752070 	0.859478  	-7.856900 
128.000000	-0.773506 	0.835242  	-7.856900 
129.000000	-0.794942 	0.811006  	-7.856900 
130.000000	-0.816837 	0.786221  	-7.856900 
131.000000	-0.838857 	0.761287  	-7.856900 
132.000000	-0.860877 	0.736352  	-7.856900 
133.000000	-0.882898 	0.711418  	-7.856900 
134.000000	-0.905440 	0.686426  	-7.856900 
135.000000	-0.928678 	0.661357  	-7.856900 
136.000000	-0.951916 	0.636288  	-7.856900 
137.000000	-0.975154 	0.611219  	-7.856900 
138.000000	-0.998552 	0.586181  	-7.856900 
139.000000	-1.024041 	0.561544  	-7.856900 
140.000000	-1.049529 	0.536908  	-7.856900 
141.000000	-1.075018 	0.512271  	-7.856900 
142.000000	-1.100507 	0.487634  	-7.856900 
143.000000	-1.128785 	0.463705  	-7.856900 
144.000000	-1.158179 	0.440059  	-7.856900 
145.000000	-1.187574 	0.416413  	-7.856900 
146.000000	-1.216968 	0.392767  	-7.856900 
147.000000	-1.248721 	0.369666  	-7.856900 
148.000000	-1.284721 	0.347547  	-7.856900 
149.000000	-1.320721 	0.325428  	-7.856900 
150.000000	-1.356720 	0.303309  	-7.856900 
151.000000	-1.392720 	0.281190  	-7.856900 
152.000000	-1.344695 	0.260506  	-7.856900 
153.000000	-1.296670 	0.239823  	-7.856900 
154.000000	-1.248646 	0.220135  	-7.856900 
155.000000	-1.200621 	0.200524  	-7.856900 
156.000000	-1.152596 	0.181918  	-7.856900 
157.000000	-1.104571 	0.163480  	-7.856900 
158.000000	-1.056546 	0.146038  	-7.856900 
159.000000	-1.008521 	0.128868  	-7.856900 
160.000000	-0.960497 	0.112667  	-7.856900 
161.000000	-0.912472 	0.096854  	-7.856900 
162.000000	-0.864447 	0.081965  	-7.856900 
163.000000	-0.816422 	0.067589  	-7.856900 
164.000000	-0.768397 	0.054077  	-7.856900 
165.000000	-0.720372 	0.041213  	-7.856900 
166.000000	-0.672348 	0.029138  	-7.856900 
167.000000	-0.624323 	0.017852  	-7.856900 
168.000000	-0.576298 	0.009251  	-7.856900 
169.000000	-0.528273 	0.004229  	-7.856900 
170.000000	-0.480248 	0.001000  	-7.856900 
171.000000	-0.432223 	0.001000  	-7.856900 
172.000000	-0.384199 	0.001000  	-7.856900 
173.000000	-0.336174 	0.001000  	-7.856900 
174.000000	-0.288149 	0.001000  	-7.856900 
175.000000	-0.240124 	0.001000  	-7.856900 
176.000000	-0.192099 	0.001000  	-7.856900 
177.000000	-0.144074 	0.001000  	-7.856900 
178.000000	-0.096050 	0.001000  	-7.856900 
179.000000	-0.048025 	0.001000  	-7.856900 
180.000000	0.000000  	0.001000  	-7.856900 
! ------------------------------------------------------------------------------
! data for table	3         
! ------------------------------------------------------------------------------
  0.400000  	Re           ! Reynolds number in millions
  0.000000  	UserProp     ! User property (control) setting
Flase           InclUAdata   ! Is unsteady aerodynamics data included in this table? If TRUE, then include UA coefficients below this line. Any missing coefficients will be calculated internally.
! Table of aerodynamics coefficients
  361       	NumAlf       ! Number of data lines in the following table
!Alpha      Cl          Cd          Cm/Cp
!(deg)      (-)         (-)         (-)
-180.000000	0.000000  	0.001000  	-7.849300 
-179.000000	0.047866  	0.001000  	-7.849300 
-178.000000	0.095731  	0.001000  	-7.849300 
-177.000000	0.143597  	0.001000  	-7.849300 
-176.000000	0.191462  	0.001000  	-7.849300 
-175.000000	0.239328  	0.001000  	-7.849300 
-174.000000	0.287193  	0.001000  	-7.849300 
-173.000000	0.335059  	0.001000  	-7.849300 
-172.000000	0.382924  	0.001000  	-7.849300 
-171.000000	0.430790  	0.001000  	-7.849300 
-170.000000	0.478655  	0.001000  	-7.849300 
-169.000000	0.526521  	0.006006  	-7.849300 
-168.000000	0.574386  	0.013794  	-7.849300 
-167.000000	0.622252  	0.023567  	-7.849300 
-166.000000	0.670117  	0.034829  	-7.849300 
-165.000000	0.717983  	0.046878  	-7.849300 
-164.000000	0.765848  	0.059714  	-7.849300 
-163.000000	0.813714  	0.073197  	-7.849300 
-162.000000	0.861579  	0.087542  	-7.849300 
-161.000000	0.909445  	0.102399  	-7.849300 
-160.000000	0.957310  	0.118178  	-7.849300 
-159.000000	1.005176  	0.134344  	-7.849300 
-158.000000	1.053041  	0.151476  	-7.849300 
-157.000000	1.100907  	0.168879  	-7.849300 
-156.000000	1.148772  	0.187275  	-7.849300 
-155.000000	1.196638  	0.205839  	-7.849300 
-154.000000	1.244503  	0.225406  	-7.849300 
-153.000000	1.292369  	0.245049  	-7.849300 
-152.000000	1.340234  	0.265684  	-7.849300 
-151.000000	1.388100  	0.286320  	-7.849300 
-150.000000	1.352308  	0.308386  	-7.849300 
-149.000000	1.316516  	0.330452  	-7.849300 
-148.000000	1.280724  	0.352518  	-7.849300 
-147.000000	1.244932  	0.374584  	-7.849300 
-146.000000	1.213359  	0.397628  	-7.849300 
-145.000000	1.184130  	0.421215  	-7.849300 
-144.000000	1.154901  	0.444801  	-7.849300 
-143.000000	1.125672  	0.468388  	-7.849300 
-142.000000	1.097550  	0.492255  	-7.849300 
-141.000000	1.072196  	0.516826  	-7.849300 
-140.000000	1.046842  	0.541397  	-7.849300 
-139.000000	1.021489  	0.565969  	-7.849300 
-138.000000	0.996135  	0.590540  	-7.849300 
-137.000000	0.972850  	0.615507  	-7.849300 
-136.000000	0.949724  	0.640504  	-7.849300 
-135.000000	0.926598  	0.665502  	-7.849300 
-134.000000	0.903472  	0.690500  	-7.849300 
-133.000000	0.881031  	0.715417  	-7.849300 
-132.000000	0.859105  	0.740275  	-7.849300 
-131.000000	0.837179  	0.765132  	-7.849300 
-130.000000	0.815253  	0.789989  	-7.849300 
-129.000000	0.793448  	0.814696  	-7.849300 
-128.000000	0.772092  	0.838851  	-7.849300 
-127.000000	0.750735  	0.863005  	-7.849300 
-126.000000	0.729378  	0.887159  	-7.849300 
-125.000000	0.708021  	0.911314  	-7.849300 
-124.000000	0.686846  	0.934398  	-7.849300 
-123.000000	0.665701  	0.957303  	-7.849300 
-122.000000	0.644556  	0.980209  	-7.849300 
-121.000000	0.623411  	1.003114  	-7.849300 
-120.000000	0.602290  	1.025137  	-7.849300 
-119.000000	0.581195  	1.046277  	-7.849300 
-118.000000	0.560100  	1.067417  	-7.849300 
-117.000000	0.539005  	1.088557  	-7.849300 
-116.000000	0.517916  	1.109377  	-7.849300 
-115.000000	0.496857  	1.128277  	-7.849300 
-114.000000	0.475798  	1.147177  	-7.849300 
-113.000000	0.454739  	1.166077  	-7.849300 
-112.000000	0.433681  	1.184976  	-7.849300 
-111.000000	0.412729  	1.201783  	-7.849300 
-110.000000	0.391807  	1.218020  	-7.849300 
-109.000000	0.370885  	1.234256  	-7.849300 
-108.000000	0.349963  	1.250493  	-7.849300 
-107.000000	0.329180  	1.265433  	-7.849300 
-106.000000	0.308584  	1.278645  	-7.849300 
-105.000000	0.287988  	1.291857  	-7.849300 
-104.000000	0.267391  	1.305069  	-7.849300 
-103.000000	0.246837  	1.318045  	-7.849300 
-102.000000	0.226826  	1.327942  	-7.849300 
-101.000000	0.206816  	1.337839  	-7.849300 
-100.000000	0.186805  	1.347736  	-7.849300 
-99.000000	0.166794  	1.357633  	-7.849300 
-98.000000	0.147426  	1.365009  	-7.849300 
-97.000000	0.128315  	1.371377  	-7.849300 
-96.000000	0.109204  	1.377745  	-7.849300 
-95.000000	0.090092  	1.384113  	-7.849300 
-94.000000	0.071429  	1.389174  	-7.849300 
-93.000000	0.053572  	1.391880  	-7.849300 
-92.000000	0.035714  	1.394587  	-7.849300 
-91.000000	0.017857  	1.397293  	-7.849300 
-90.000000	0.000000  	1.400000  	-7.849300 
-89.000000	-0.017857 	1.397293  	-7.849300 
-88.000000	-0.035714 	1.394587  	-7.849300 
-87.000000	-0.053572 	1.391880  	-7.849300 
-86.000000	-0.071429 	1.389174  	-7.849300 
-85.000000	-0.090092 	1.384113  	-7.849300 
-84.000000	-0.109204 	1.377745  	-7.849300 
-83.000000	-0.128315 	1.371377  	-7.849300 
-82.000000	-0.147426 	1.365009  	-7.849300 
-81.000000	-0.166794 	1.357633  	-7.849300 
-80.000000	-0.186805 	1.347736  	-7.849300 
-79.000000	-0.206816 	1.337839  	-7.849300 
-78.000000	-0.226826 	1.327942  	-7.849300 
-77.000000	-0.246837 	1.318045  	-7.849300 
-76.000000	-0.267391 	1.305069  	-7.849300 
-75.000000	-0.287988 	1.291857  	-7.849300 
-74.000000	-0.308584 	1.278645  	-7.849300 
-73.000000	-0.329180 	1.265433  	-7.849300 
-72.000000	-0.349963 	1.250493  	-7.849300 
-71.000000	-0.370885 	1.234256  	-7.849300 
-70.000000	-0.391807 	1.218020  	-7.849300 
-69.000000	-0.412729 	1.201783  	-7.849300 
-68.000000	-0.433681 	1.184976  	-7.849300 
-67.000000	-0.454739 	1.166077  	-7.849300 
-66.000000	-0.475798 	1.147177  	-7.849300 
-65.000000	-0.496857 	1.128277  	-7.849300 
-64.000000	-0.517916 	1.109377  	-7.849300 
-63.000000	-0.539005 	1.088557  	-7.849300 
-62.000000	-0.560100 	1.067417  	-7.849300 
-61.000000	-0.581195 	1.046277  	-7.849300 
-60.000000	-0.602290 	1.025137  	-7.849300 
-59.000000	-0.623411 	1.003114  	-7.849300 
-58.000000	-0.644556 	0.980209  	-7.849300 
-57.000000	-0.665701 	0.957303  	-7.849300 
-56.000000	-0.686846 	0.934398  	-7.849300 
-55.000000	-0.708021 	0.911314  	-7.849300 
-54.000000	-0.729378 	0.887159  	-7.849300 
-53.000000	-0.750735 	0.863005  	-7.849300 
-52.000000	-0.772092 	0.838851  	-7.849300 
-51.000000	-0.793448 	0.814696  	-7.849300 
-50.000000	-0.815253 	0.789989  	-7.849300 
-49.000000	-0.837179 	0.765132  	-7.849300 
-48.000000	-0.859105 	0.740275  	-7.849300 
-47.000000	-0.881031 	0.715417  	-7.849300 
-46.000000	-0.903472 	0.690500  	-7.849300 
-45.000000	-0.926598 	0.665502  	-7.849300 
-44.000000	-0.949724 	0.640504  	-7.849300 
-43.000000	-0.972850 	0.615507  	-7.849300 
-42.000000	-0.996135 	0.590540  	-7.849300 
-41.000000	-1.021489 	0.565969  	-7.849300 
-40.000000	-1.046842 	0.541397  	-7.849300 
-39.000000	-1.072196 	0.516826  	-7.849300 
-38.000000	-1.097550 	0.492255  	-7.849300 
-37.000000	-1.125672 	0.468388  	-7.849300 
-36.000000	-1.154901 	0.444801  	-7.849300 
-35.000000	-1.184130 	0.421215  	-7.849300 
-34.000000	-1.213359 	0.397628  	-7.849300 
-33.000000	-1.244932 	0.374584  	-7.849300 
-32.000000	-1.280724 	0.352518  	-7.849300 
-31.000000	-1.316516 	0.330452  	-7.849300 
-30.000000	-1.352308 	0.308386  	-7.849300 
-29.000000	-1.388100 	0.286320  	-7.849300 
-28.000000	-1.346611 	0.272641  	-7.849300 
-27.000000	-1.305121 	0.258961  	-7.849300 
-26.000000	-1.263632 	0.245282  	-7.849300 
-25.000000	-1.222142 	0.231602  	-7.849300 
-24.000000	-1.180653 	0.217923  	-7.849300 
-23.000000	-1.139163 	0.204243  	-7.849300 
-22.000000	-1.097674 	0.190564  	-7.849300 
-21.000000	-1.056184 	0.176884  	-7.849300 
-20.000000	-1.014695 	0.163205  	-7.849300 
-19.000000	-0.973205 	0.149525  	-7.849300 
-18.000000	-0.931716 	0.135846  	-7.849300 
-17.000000	-0.890226 	0.122166  	-7.849300 
-16.000000	-0.848737 	0.108487  	-7.849300 
-15.000000	-0.807247 	0.094807  	-7.849300 
-14.000000	-0.765758 	0.081128  	-7.849300 
-13.000000	-0.724268 	0.067448  	-7.849300 
-12.000000	-0.682779 	0.053769  	-6.283721 
-11.000000	-0.641289 	0.040089  	-4.091911 
-10.000000	-0.599800 	0.026410  	-1.900100 
-9.000000 	-0.378400 	0.024150  	-1.703600 
-8.000000 	-0.232800 	0.023810  	-1.570900 
-7.000000 	-0.099900 	0.023890  	-1.446700 
-6.000000 	0.041500  	0.023760  	-1.325000 
-5.000000 	0.174800  	0.023840  	-1.209800 
-4.000000 	0.313800  	0.023860  	-1.096900 
-3.000000 	0.446400  	0.024090  	-1.087200 
-2.000000 	0.581800  	0.024280  	-1.192100 
-1.000000 	0.714100  	0.024660  	-1.300300 
0.000000  	0.844700  	0.025010  	-1.413800 
1.000000  	0.975400  	0.025450  	-1.533200 
2.000000  	1.101800  	0.026000  	-1.658900 
3.000000  	1.227300  	0.026580  	-1.796600 
4.000000  	1.351500  	0.027300  	-1.954100 
5.000000  	1.469700  	0.028160  	-2.130300 
6.000000  	1.586800  	0.029160  	-2.334300 
7.000000  	1.699700  	0.030310  	-2.569600 
8.000000  	1.804700  	0.031680  	-2.833900 
9.000000  	1.900100  	0.033690  	-3.125500 
10.000000 	1.975900  	0.036330  	-3.420800 
11.000000 	1.997200  	0.042170  	-3.688700 
12.000000 	2.001400  	0.051000  	-3.932400 
13.000000 	1.990300  	0.063920  	-4.152400 
14.000000 	1.962000  	0.080040  	-4.327100 
15.000000 	1.928400  	0.097610  	-4.487900 
16.000000 	1.914200  	0.113570  	-4.683600 
17.000000 	1.899700  	0.129540  	-4.878000 
18.000000 	1.896900  	0.144460  	-5.109700 
19.000000 	1.893900  	0.159340  	-5.331800 
20.000000 	1.901600  	0.172800  	-5.599000 
21.000000 	1.908000  	0.186370  	-5.846300 
22.000000 	1.916200  	0.199660  	-6.102400 
23.000000 	1.923900  	0.212990  	-6.368100 
24.000000 	1.932300  	0.226130  	-6.618300 
25.000000 	1.941900  	0.238820  	-6.857600 
26.000000 	1.951300  	0.251410  	-7.117900 
27.000000 	1.962300  	0.263290  	-7.365000 
28.000000 	1.976600  	0.273950  	-7.633900 
29.000000 	1.983000  	0.286320  	-7.849300 
30.000000 	1.931869  	0.308386  	-7.849300 
31.000000 	1.880737  	0.330452  	-7.849300 
32.000000 	1.829606  	0.352518  	-7.849300 
33.000000 	1.778474  	0.374584  	-7.849300 
34.000000 	1.733370  	0.397628  	-7.849300 
35.000000 	1.691614  	0.421215  	-7.849300 
36.000000 	1.649858  	0.444801  	-7.849300 
37.000000 	1.608102  	0.468388  	-7.849300 
38.000000 	1.567928  	0.492255  	-7.849300 
39.000000 	1.531709  	0.516826  	-7.849300 
40.000000 	1.495489  	0.541397  	-7.849300 
41.000000 	1.459269  	0.565969  	-7.849300 
42.000000 	1.423050  	0.590540  	-7.849300 
43.000000 	1.389785  	0.615507  	-7.849300 
44.000000 	1.356748  	0.640504  	-7.849300 
45.000000 	1.323711  	0.665502  	-7.849300 
46.000000 	1.290674  	0.690500  	-7.849300 
47.000000 	1.258616  	0.715417  	-7.849300 
48.000000 	1.227293  	0.740275  	-7.849300 
49.000000 	1.195970  	0.765132  	-7.849300 
50.000000 	1.164647  	0.789989  	-7.849300 
51.000000 	1.133498  	0.814696  	-7.849300 
52.000000 	1.102988  	0.838851  	-7.849300 
53.000000 	1.072478  	0.863005  	-7.849300 
54.000000 	1.041969  	0.887159  	-7.849300 
55.000000 	1.011459  	0.911314  	-7.849300 
56.000000 	0.981209  	0.934398  	-7.849300 
57.000000 	0.951001  	0.957303  	-7.849300 
58.000000 	0.920794  	0.980209  	-7.849300 
59.000000 	0.890587  	1.003114  	-7.849300 
60.000000 	0.860415  	1.025137  	-7.849300 
61.000000 	0.830279  	1.046277  	-7.849300 
62.000000 	0.800143  	1.067417  	-7.849300 
63.000000 	0.770008  	1.088557  	-7.849300 
64.000000 	0.739879  	1.109377  	-7.849300 
65.000000 	0.709795  	1.128277  	-7.849300 
66.000000 	0.679712  	1.147177  	-7.849300 
67.000000 	0.649628  	1.166077  	-7.849300 
68.000000 	0.619544  	1.184976  	-7.849300 
69.000000 	0.589613  	1.201783  	-7.849300 
70.000000 	0.559724  	1.218020  	-7.849300 
71.000000 	0.529835  	1.234256  	-7.849300 
72.000000 	0.499946  	1.250493  	-7.849300 
73.000000 	0.470257  	1.265433  	-7.849300 
74.000000 	0.440834  	1.278645  	-7.849300 
75.000000 	0.411411  	1.291857  	-7.849300 
76.000000 	0.381988  	1.305069  	-7.849300 
77.000000 	0.352624  	1.318045  	-7.849300 
78.000000 	0.324038  	1.327942  	-7.849300 
79.000000 	0.295451  	1.337839  	-7.849300 
80.000000 	0.266864  	1.347736  	-7.849300 
81.000000 	0.238278  	1.357633  	-7.849300 
82.000000 	0.210609  	1.365009  	-7.849300 
83.000000 	0.183307  	1.371377  	-7.849300 
84.000000 	0.156005  	1.377745  	-7.849300 
85.000000 	0.128703  	1.384113  	-7.849300 
86.000000 	0.102041  	1.389174  	-7.849300 
87.000000 	0.076531  	1.391880  	-7.849300 
88.000000 	0.051021  	1.394587  	-7.849300 
89.000000 	0.025510  	1.397293  	-7.849300 
90.000000 	0.000000  	1.400000  	-7.849300 
91.000000 	-0.017857 	1.397293  	-7.849300 
92.000000 	-0.035714 	1.394587  	-7.849300 
93.000000 	-0.053572 	1.391880  	-7.849300 
94.000000 	-0.071429 	1.389174  	-7.849300 
95.000000 	-0.090092 	1.384113  	-7.849300 
96.000000 	-0.109204 	1.377745  	-7.849300 
97.000000 	-0.128315 	1.371377  	-7.849300 
98.000000 	-0.147426 	1.365009  	-7.849300 
99.000000 	-0.166794 	1.357633  	-7.849300 
100.000000	-0.186805 	1.347736  	-7.849300 
101.000000	-0.206816 	1.337839  	-7.849300 
102.000000	-0.226826 	1.327942  	-7.849300 
103.000000	-0.246837 	1.318045  	-7.849300 
104.000000	-0.267391 	1.305069  	-7.849300 
105.000000	-0.287988 	1.291857  	-7.849300 
106.000000	-0.308584 	1.278645  	-7.849300 
107.000000	-0.329180 	1.265433  	-7.849300 
108.000000	-0.349963 	1.250493  	-7.849300 
109.000000	-0.370885 	1.234256  	-7.849300 
110.000000	-0.391807 	1.218020  	-7.849300 
111.000000	-0.412729 	1.201783  	-7.849300 
112.000000	-0.433681 	1.184976  	-7.849300 
113.000000	-0.454739 	1.166077  	-7.849300 
114.000000	-0.475798 	1.147177  	-7.849300 
115.000000	-0.496857 	1.128277  	-7.849300 
116.000000	-0.517916 	1.109377  	-7.849300 
117.000000	-0.539005 	1.088557  	-7.849300 
118.000000	-0.560100 	1.067417  	-7.849300 
119.000000	-0.581195 	1.046277  	-7.849300 
120.000000	-0.602290 	1.025137  	-7.849300 
121.000000	-0.623411 	1.003114  	-7.849300 
122.000000	-0.644556 	0.980209  	-7.849300 
123.000000	-0.665701 	0.957303  	-7.849300 
124.000000	-0.686846 	0.934398  	-7.849300 
125.000000	-0.708021 	0.911314  	-7.849300 
126.000000	-0.729378 	0.887159  	-7.849300 
127.000000	-0.750735 	0.863005  	-7.849300 
128.000000	-0.772092 	0.838851  	-7.849300 
129.000000	-0.793448 	0.814696  	-7.849300 
130.000000	-0.815253 	0.789989  	-7.849300 
131.000000	-0.837179 	0.765132  	-7.849300 
132.000000	-0.859105 	0.740275  	-7.849300 
133.000000	-0.881031 	0.715417  	-7.849300 
134.000000	-0.903472 	0.690500  	-7.849300 
135.000000	-0.926598 	0.665502  	-7.849300 
136.000000	-0.949724 	0.640504  	-7.849300 
137.000000	-0.972850 	0.615507  	-7.849300 
138.000000	-0.996135 	0.590540  	-7.849300 
139.000000	-1.021489 	0.565969  	-7.849300 
140.000000	-1.046842 	0.541397  	-7.849300 
141.000000	-1.072196 	0.516826  	-7.849300 
142.000000	-1.097550 	0.492255  	-7.849300 
143.000000	-1.125672 	0.468388  	-7.849300 
144.000000	-1.154901 	0.444801  	-7.849300 
145.000000	-1.184130 	0.421215  	-7.849300 
146.000000	-1.213359 	0.397628  	-7.849300 
147.000000	-1.244932 	0.374584  	-7.849300 
148.000000	-1.280724 	0.352518  	-7.849300 
149.000000	-1.316516 	0.330452  	-7.849300 
150.000000	-1.352308 	0.308386  	-7.849300 
151.000000	-1.388100 	0.286320  	-7.849300 
152.000000	-1.340234 	0.265684  	-7.849300 
153.000000	-1.292369 	0.245049  	-7.849300 
154.000000	-1.244503 	0.225406  	-7.849300 
155.000000	-1.196638 	0.205839  	-7.849300 
156.000000	-1.148772 	0.187275  	-7.849300 
157.000000	-1.100907 	0.168879  	-7.849300 
158.000000	-1.053041 	0.151476  	-7.849300 
159.000000	-1.005176 	0.134344  	-7.849300 
160.000000	-0.957310 	0.118178  	-7.849300 
161.000000	-0.909445 	0.102399  	-7.849300 
162.000000	-0.861579 	0.087542  	-7.849300 
163.000000	-0.813714 	0.073197  	-7.849300 
164.000000	-0.765848 	0.059714  	-7.849300 
165.000000	-0.717983 	0.046878  	-7.849300 
166.000000	-0.670117 	0.034829  	-7.849300 
167.000000	-0.622252 	0.023567  	-7.849300 
168.000000	-0.574386 	0.013794  	-7.849300 
169.000000	-0.526521 	0.006006  	-7.849300 
170.000000	-0.478655 	0.001000  	-7.849300 
171.000000	-0.430790 	0.001000  	-7.849300 
172.000000	-0.382924 	0.001000  	-7.849300 
173.000000	-0.335059 	0.001000  	-7.849300 
174.000000	-0.287193 	0.001000  	-7.849300 
175.000000	-0.239328 	0.001000  	-7.849300 
176.000000	-0.191462 	0.001000  	-7.849300 
177.000000	-0.143597 	0.001000  	-7.849300 
178.000000	-0.095731 	0.001000  	-7.849300 
179.000000	-0.047866 	0.001000  	-7.849300 
180.000000	0.000000  	0.001000  	-7.849300 
! ------------------------------------------------------------------------------
! data for table	4         
! ------------------------------------------------------------------------------
  0.500000  	Re           ! Reynolds number in millions
  0.000000  	UserProp     ! User property (control) setting
Flase           InclUAdata   ! Is unsteady aerodynamics data included in this table? If TRUE, then include UA coefficients below this line. Any missing coefficients will be calculated internally.
! Table of aerodynamics coefficients
  361       	NumAlf       ! Number of data lines in the following table
!Alpha      Cl          Cd          Cm/Cp
!(deg)      (-)         (-)         (-)
-180.000000	0.000000  	0.001000  	-7.861200 
-179.000000	0.047841  	0.001000  	-7.861200 
-178.000000	0.095683  	0.001000  	-7.861200 
-177.000000	0.143524  	0.001000  	-7.861200 
-176.000000	0.191366  	0.001000  	-7.861200 
-175.000000	0.239207  	0.001000  	-7.861200 
-174.000000	0.287048  	0.001000  	-7.861200 
-173.000000	0.334890  	0.001000  	-7.861200 
-172.000000	0.382731  	0.001000  	-7.861200 
-171.000000	0.430572  	0.001000  	-7.861200 
-170.000000	0.478414  	0.001000  	-7.861200 
-169.000000	0.526255  	0.006762  	-7.861200 
-168.000000	0.574097  	0.015724  	-7.861200 
-167.000000	0.621938  	0.025995  	-7.861200 
-166.000000	0.669779  	0.037247  	-7.861200 
-165.000000	0.717621  	0.049285  	-7.861200 
-164.000000	0.765462  	0.062110  	-7.861200 
-163.000000	0.813303  	0.075581  	-7.861200 
-162.000000	0.861145  	0.089912  	-7.861200 
-161.000000	0.908986  	0.104756  	-7.861200 
-160.000000	0.956828  	0.120520  	-7.861200 
-159.000000	1.004669  	0.136671  	-7.861200 
-158.000000	1.052510  	0.153786  	-7.861200 
-157.000000	1.100352  	0.171173  	-7.861200 
-156.000000	1.148193  	0.189552  	-7.861200 
-155.000000	1.196034  	0.208098  	-7.861200 
-154.000000	1.243876  	0.227646  	-7.861200 
-153.000000	1.291717  	0.247270  	-7.861200 
-152.000000	1.339559  	0.267885  	-7.861200 
-151.000000	1.387400  	0.288500  	-7.861200 
-150.000000	1.351639  	0.310544  	-7.861200 
-149.000000	1.315879  	0.332587  	-7.861200 
-148.000000	1.280118  	0.354631  	-7.861200 
-147.000000	1.244358  	0.376674  	-7.861200 
-146.000000	1.212812  	0.399694  	-7.861200 
-145.000000	1.183608  	0.423255  	-7.861200 
-144.000000	1.154404  	0.446816  	-7.861200 
-143.000000	1.125200  	0.470377  	-7.861200 
-142.000000	1.097102  	0.494219  	-7.861200 
-141.000000	1.071768  	0.518762  	-7.861200 
-140.000000	1.046435  	0.543305  	-7.861200 
-139.000000	1.021102  	0.567849  	-7.861200 
-138.000000	0.995769  	0.592392  	-7.861200 
-137.000000	0.972501  	0.617329  	-7.861200 
-136.000000	0.949392  	0.642296  	-7.861200 
-135.000000	0.926283  	0.667263  	-7.861200 
-134.000000	0.903174  	0.692231  	-7.861200 
-133.000000	0.880749  	0.717117  	-7.861200 
-132.000000	0.858837  	0.741941  	-7.861200 
-131.000000	0.836925  	0.766766  	-7.861200 
-130.000000	0.815013  	0.791591  	-7.861200 
-129.000000	0.793222  	0.816265  	-7.861200 
-128.000000	0.771877  	0.840384  	-7.861200 
-127.000000	0.750533  	0.864504  	-7.861200 
-126.000000	0.729188  	0.888624  	-7.861200 
-125.000000	0.707843  	0.912743  	-7.861200 
-124.000000	0.686678  	0.935791  	-7.861200 
-123.000000	0.665543  	0.958660  	-7.861200 
-122.000000	0.644408  	0.981529  	-7.861200 
-121.000000	0.623273  	1.004398  	-7.861200 
-120.000000	0.602162  	1.026383  	-7.861200 
-119.000000	0.581075  	1.047485  	-7.861200 
-118.000000	0.559989  	1.068587  	-7.861200 
-117.000000	0.538902  	1.089688  	-7.861200 
-116.000000	0.517821  	1.110470  	-7.861200 
-115.000000	0.496769  	1.129330  	-7.861200 
-114.000000	0.475717  	1.148190  	-7.861200 
-113.000000	0.454665  	1.167050  	-7.861200 
-112.000000	0.433613  	1.185910  	-7.861200 
-111.000000	0.412668  	1.202676  	-7.861200 
-110.000000	0.391751  	1.218872  	-7.861200 
-109.000000	0.370834  	1.235067  	-7.861200 
-108.000000	0.349918  	1.251262  	-7.861200 
-107.000000	0.329140  	1.266161  	-7.861200 
-106.000000	0.308548  	1.279332  	-7.861200 
-105.000000	0.287956  	1.292502  	-7.861200 
-104.000000	0.267364  	1.305672  	-7.861200 
-103.000000	0.246814  	1.318605  	-7.861200 
-102.000000	0.226806  	1.328460  	-7.861200 
-101.000000	0.206799  	1.338314  	-7.861200 
-100.000000	0.186791  	1.348168  	-7.861200 
-99.000000	0.166783  	1.358023  	-7.861200 
-98.000000	0.147417  	1.365356  	-7.861200 
-97.000000	0.128308  	1.371681  	-7.861200 
-96.000000	0.109198  	1.378006  	-7.861200 
-95.000000	0.090089  	1.384330  	-7.861200 
-94.000000	0.071427  	1.389348  	-7.861200 
-93.000000	0.053570  	1.392011  	-7.861200 
-92.000000	0.035713  	1.394674  	-7.861200 
-91.000000	0.017857  	1.397337  	-7.861200 
-90.000000	0.000000  	1.400000  	-7.861200 
-89.000000	-0.017857 	1.397337  	-7.861200 
-88.000000	-0.035713 	1.394674  	-7.861200 
-87.000000	-0.053570 	1.392011  	-7.861200 
-86.000000	-0.071427 	1.389348  	-7.861200 
-85.000000	-0.090089 	1.384330  	-7.861200 
-84.000000	-0.109198 	1.378006  	-7.861200 
-83.000000	-0.128308 	1.371681  	-7.861200 
-82.000000	-0.147417 	1.365356  	-7.861200 
-81.000000	-0.166783 	1.358023  	-7.861200 
-80.000000	-0.186791 	1.348168  	-7.861200 
-79.000000	-0.206799 	1.338314  	-7.861200 
-78.000000	-0.226806 	1.328460  	-7.861200 
-77.000000	-0.246814 	1.318605  	-7.861200 
-76.000000	-0.267364 	1.305672  	-7.861200 
-75.000000	-0.287956 	1.292502  	-7.861200 
-74.000000	-0.308548 	1.279332  	-7.861200 
-73.000000	-0.329140 	1.266161  	-7.861200 
-72.000000	-0.349918 	1.251262  	-7.861200 
-71.000000	-0.370834 	1.235067  	-7.861200 
-70.000000	-0.391751 	1.218872  	-7.861200 
-69.000000	-0.412668 	1.202676  	-7.861200 
-68.000000	-0.433613 	1.185910  	-7.861200 
-67.000000	-0.454665 	1.167050  	-7.861200 
-66.000000	-0.475717 	1.148190  	-7.861200 
-65.000000	-0.496769 	1.129330  	-7.861200 
-64.000000	-0.517821 	1.110470  	-7.861200 
-63.000000	-0.538902 	1.089688  	-7.861200 
-62.000000	-0.559989 	1.068587  	-7.861200 
-61.000000	-0.581075 	1.047485  	-7.861200 
-60.000000	-0.602162 	1.026383  	-7.861200 
-59.000000	-0.623273 	1.004398  	-7.861200 
-58.000000	-0.644408 	0.981529  	-7.861200 
-57.000000	-0.665543 	0.958660  	-7.861200 
-56.000000	-0.686678 	0.935791  	-7.861200 
-55.000000	-0.707843 	0.912743  	-7.861200 
-54.000000	-0.729188 	0.888624  	-7.861200 
-53.000000	-0.750533 	0.864504  	-7.861200 
-52.000000	-0.771877 	0.840384  	-7.861200 
-51.000000	-0.793222 	0.816265  	-7.861200 
-50.000000	-0.815013 	0.791591  	-7.861200 
-49.000000	-0.836925 	0.766766  	-7.861200 
-48.000000	-0.858837 	0.741941  	-7.861200 
-47.000000	-0.880749 	0.717117  	-7.861200 
-46.000000	-0.903174 	0.692231  	-7.861200 
-45.000000	-0.926283 	0.667263  	-7.861200 
-44.000000	-0.949392 	0.642296  	-7.861200 
-43.000000	-0.972501 	0.617329  	-7.861200 
-42.000000	-0.995769 	0.592392  	-7.861200 
-41.000000	-1.021102 	0.567849  	-7.861200 
-40.000000	-1.046435 	0.543305  	-7.861200 
-39.000000	-1.071768 	0.518762  	-7.861200 
-38.000000	-1.097102 	0.494219  	-7.861200 
-37.000000	-1.125200 	0.470377  	-7.861200 
-36.000000	-1.154404 	0.446816  	-7.861200 
-35.000000	-1.183608 	0.423255  	-7.861200 
-34.000000	-1.212812 	0.399694  	-7.861200 
-33.000000	-1.244358 	0.376674  	-7.861200 
-32.000000	-1.280118 	0.354631  	-7.861200 
-31.000000	-1.315879 	0.332587  	-7.861200 
-30.000000	-1.351639 	0.310544  	-7.861200 
-29.000000	-1.387400 	0.288500  	-7.861200 
-28.000000	-1.344274 	0.274591  	-7.861200 
-27.000000	-1.301147 	0.260682  	-7.861200 
-26.000000	-1.258021 	0.246773  	-7.861200 
-25.000000	-1.214895 	0.232864  	-7.861200 
-24.000000	-1.171768 	0.218955  	-7.861200 
-23.000000	-1.128642 	0.205046  	-7.861200 
-22.000000	-1.085516 	0.191137  	-7.861200 
-21.000000	-1.042389 	0.177228  	-7.861200 
-20.000000	-0.999263 	0.163319  	-7.861200 
-19.000000	-0.956137 	0.149411  	-7.861200 
-18.000000	-0.913011 	0.135502  	-7.861200 
-17.000000	-0.869884 	0.121593  	-7.861200 
-16.000000	-0.826758 	0.107684  	-7.861200 
-15.000000	-0.783632 	0.093775  	-7.861200 
-14.000000	-0.740505 	0.079866  	-7.861200 
-13.000000	-0.697379 	0.065957  	-7.861200 
-12.000000	-0.654253 	0.052048  	-6.289305 
-11.000000	-0.611126 	0.038139  	-4.088653 
-10.000000	-0.568000 	0.024230  	-1.888000 
-9.000000 	-0.362400 	0.022460  	-1.706000 
-8.000000 	-0.227000 	0.022540  	-1.575400 
-7.000000 	-0.087200 	0.022440  	-1.449900 
-6.000000 	0.047700  	0.022540  	-1.328400 
-5.000000 	0.186800  	0.022570  	-1.212100 
-4.000000 	0.321300  	0.022710  	-1.098800 
-3.000000 	0.457500  	0.022880  	-1.094800 
-2.000000 	0.590900  	0.023160  	-1.199100 
-1.000000 	0.723800  	0.023470  	-1.308100 
0.000000  	0.855900  	0.023880  	-1.422900 
1.000000  	0.984700  	0.024300  	-1.541500 
2.000000  	1.113000  	0.024780  	-1.668700 
3.000000  	1.239400  	0.025380  	-1.807300 
4.000000  	1.362300  	0.026040  	-1.964600 
5.000000  	1.483700  	0.026820  	-2.144600 
6.000000  	1.600800  	0.027810  	-2.349800 
7.000000  	1.712700  	0.029020  	-2.585800 
8.000000  	1.822300  	0.030320  	-2.858700 
9.000000  	1.920100  	0.032090  	-3.156000 
10.000000 	2.002400  	0.034660  	-3.464300 
11.000000 	2.025700  	0.040250  	-3.742700 
12.000000 	2.033300  	0.048860  	-3.997800 
13.000000 	2.020200  	0.061650  	-4.219700 
14.000000 	1.992700  	0.077740  	-4.399800 
15.000000 	1.967450  	0.094530  	-4.579650 
16.000000 	1.942200  	0.111320  	-4.759500 
17.000000 	1.922600  	0.128090  	-4.945900 
18.000000 	1.920400  	0.142690  	-5.184500 
19.000000 	1.917300  	0.157550  	-5.413100 
20.000000 	1.920150  	0.171600  	-5.660600 
21.000000 	1.923000  	0.185650  	-5.908100 
22.000000 	1.930300  	0.199050  	-6.166800 
23.000000 	1.936400  	0.212540  	-6.430800 
24.000000 	1.943400  	0.225880  	-6.679500 
25.000000 	1.948500  	0.239420  	-6.900300 
26.000000 	1.955700  	0.252360  	-7.154500 
27.000000 	1.964500  	0.264620  	-7.394800 
28.000000 	1.972000  	0.277120  	-7.619000 
29.000000 	1.982000  	0.288500  	-7.861200 
30.000000 	1.930913  	0.310544  	-7.861200 
31.000000 	1.879827  	0.332587  	-7.861200 
32.000000 	1.828740  	0.354631  	-7.861200 
33.000000 	1.777654  	0.376674  	-7.861200 
34.000000 	1.732589  	0.399694  	-7.861200 
35.000000 	1.690869  	0.423255  	-7.861200 
36.000000 	1.649149  	0.446816  	-7.861200 
37.000000 	1.607428  	0.470377  	-7.861200 
38.000000 	1.567288  	0.494219  	-7.861200 
39.000000 	1.531098  	0.518762  	-7.861200 
40.000000 	1.494907  	0.543305  	-7.861200 
41.000000 	1.458717  	0.567849  	-7.861200 
42.000000 	1.422526  	0.592392  	-7.861200 
43.000000 	1.389287  	0.617329  	-7.861200 
44.000000 	1.356274  	0.642296  	-7.861200 
45.000000 	1.323261  	0.667263  	-7.861200 
46.000000 	1.290248  	0.692231  	-7.861200 
47.000000 	1.258212  	0.717117  	-7.861200 
48.000000 	1.226909  	0.741941  	-7.861200 
49.000000 	1.195607  	0.766766  	-7.861200 
50.000000 	1.164304  	0.791591  	-7.861200 
51.000000 	1.133174  	0.816265  	-7.861200 
52.000000 	1.102682  	0.840384  	-7.861200 
53.000000 	1.072189  	0.864504  	-7.861200 
54.000000 	1.041697  	0.888624  	-7.861200 
55.000000 	1.011204  	0.912743  	-7.861200 
56.000000 	0.980969  	0.935791  	-7.861200 
57.000000 	0.950776  	0.958660  	-7.861200 
58.000000 	0.920583  	0.981529  	-7.861200 
59.000000 	0.890390  	1.004398  	-7.861200 
60.000000 	0.860232  	1.026383  	-7.861200 
61.000000 	0.830108  	1.047485  	-7.861200 
62.000000 	0.799984  	1.068587  	-7.861200 
63.000000 	0.769860  	1.089688  	-7.861200 
64.000000 	0.739744  	1.110470  	-7.861200 
65.000000 	0.709670  	1.129330  	-7.861200 
66.000000 	0.679596  	1.148190  	-7.861200 
67.000000 	0.649522  	1.167050  	-7.861200 
68.000000 	0.619448  	1.185910  	-7.861200 
69.000000 	0.589525  	1.202676  	-7.861200 
70.000000 	0.559644  	1.218872  	-7.861200 
71.000000 	0.529763  	1.235067  	-7.861200 
72.000000 	0.499882  	1.251262  	-7.861200 
73.000000 	0.470200  	1.266161  	-7.861200 
74.000000 	0.440783  	1.279332  	-7.861200 
75.000000 	0.411366  	1.292502  	-7.861200 
76.000000 	0.381949  	1.305672  	-7.861200 
77.000000 	0.352591  	1.318605  	-7.861200 
78.000000 	0.324009  	1.328460  	-7.861200 
79.000000 	0.295426  	1.338314  	-7.861200 
80.000000 	0.266844  	1.348168  	-7.861200 
81.000000 	0.238262  	1.358023  	-7.861200 
82.000000 	0.210596  	1.365356  	-7.861200 
83.000000 	0.183297  	1.371681  	-7.861200 
84.000000 	0.155997  	1.378006  	-7.861200 
85.000000 	0.128698  	1.384330  	-7.861200 
86.000000 	0.102038  	1.389348  	-7.861200 
87.000000 	0.076529  	1.392011  	-7.861200 
88.000000 	0.051019  	1.394674  	-7.861200 
89.000000 	0.025510  	1.397337  	-7.861200 
90.000000 	0.000000  	1.400000  	-7.861200 
91.000000 	-0.017857 	1.397337  	-7.861200 
92.000000 	-0.035713 	1.394674  	-7.861200 
93.000000 	-0.053570 	1.392011  	-7.861200 
94.000000 	-0.071427 	1.389348  	-7.861200 
95.000000 	-0.090089 	1.384330  	-7.861200 
96.000000 	-0.109198 	1.378006  	-7.861200 
97.000000 	-0.128308 	1.371681  	-7.861200 
98.000000 	-0.147417 	1.365356  	-7.861200 
99.000000 	-0.166783 	1.358023  	-7.861200 
100.000000	-0.186791 	1.348168  	-7.861200 
101.000000	-0.206799 	1.338314  	-7.861200 
102.000000	-0.226806 	1.328460  	-7.861200 
103.000000	-0.246814 	1.318605  	-7.861200 
104.000000	-0.267364 	1.305672  	-7.861200 
105.000000	-0.287956 	1.292502  	-7.861200 
106.000000	-0.308548 	1.279332  	-7.861200 
107.000000	-0.329140 	1.266161  	-7.861200 
108.000000	-0.349918 	1.251262  	-7.861200 
109.000000	-0.370834 	1.235067  	-7.861200 
110.000000	-0.391751 	1.218872  	-7.861200 
111.000000	-0.412668 	1.202676  	-7.861200 
112.000000	-0.433613 	1.185910  	-7.861200 
113.000000	-0.454665 	1.167050  	-7.861200 
114.000000	-0.475717 	1.148190  	-7.861200 
115.000000	-0.496769 	1.129330  	-7.861200 
116.000000	-0.517821 	1.110470  	-7.861200 
117.000000	-0.538902 	1.089688  	-7.861200 
118.000000	-0.559989 	1.068587  	-7.861200 
119.000000	-0.581075 	1.047485  	-7.861200 
120.000000	-0.602162 	1.026383  	-7.861200 
121.000000	-0.623273 	1.004398  	-7.861200 
122.000000	-0.644408 	0.981529  	-7.861200 
123.000000	-0.665543 	0.958660  	-7.861200 
124.000000	-0.686678 	0.935791  	-7.861200 
125.000000	-0.707843 	0.912743  	-7.861200 
126.000000	-0.729188 	0.888624  	-7.861200 
127.000000	-0.750533 	0.864504  	-7.861200 
128.000000	-0.771877 	0.840384  	-7.861200 
129.000000	-0.793222 	0.816265  	-7.861200 
130.000000	-0.815013 	0.791591  	-7.861200 
131.000000	-0.836925 	0.766766  	-7.861200 
132.000000	-0.858837 	0.741941  	-7.861200 
133.000000	-0.880749 	0.717117  	-7.861200 
134.000000	-0.903174 	0.692231  	-7.861200 
135.000000	-0.926283 	0.667263  	-7.861200 
136.000000	-0.949392 	0.642296  	-7.861200 
137.000000	-0.972501 	0.617329  	-7.861200 
138.000000	-0.995769 	0.592392  	-7.861200 
139.000000	-1.021102 	0.567849  	-7.861200 
140.000000	-1.046435 	0.543305  	-7.861200 
141.000000	-1.071768 	0.518762  	-7.861200 
142.000000	-1.097102 	0.494219  	-7.861200 
143.000000	-1.125200 	0.470377  	-7.861200 
144.000000	-1.154404 	0.446816  	-7.861200 
145.000000	-1.183608 	0.423255  	-7.861200 
146.000000	-1.212812 	0.399694  	-7.861200 
147.000000	-1.244358 	0.376674  	-7.861200 
148.000000	-1.280118 	0.354631  	-7.861200 
149.000000	-1.315879 	0.332587  	-7.861200 
150.000000	-1.351639 	0.310544  	-7.861200 
151.000000	-1.387400 	0.288500  	-7.861200 
152.000000	-1.339559 	0.267885  	-7.861200 
153.000000	-1.291717 	0.247270  	-7.861200 
154.000000	-1.243876 	0.227646  	-7.861200 
155.000000	-1.196034 	0.208098  	-7.861200 
156.000000	-1.148193 	0.189552  	-7.861200 
157.000000	-1.100352 	0.171173  	-7.861200 
158.000000	-1.052510 	0.153786  	-7.861200 
159.000000	-1.004669 	0.136671  	-7.861200 
160.000000	-0.956828 	0.120520  	-7.861200 
161.000000	-0.908986 	0.104756  	-7.861200 
162.000000	-0.861145 	0.089912  	-7.861200 
163.000000	-0.813303 	0.075581  	-7.861200 
164.000000	-0.765462 	0.062110  	-7.861200 
165.000000	-0.717621 	0.049285  	-7.861200 
166.000000	-0.669779 	0.037247  	-7.861200 
167.000000	-0.621938 	0.025995  	-7.861200 
168.000000	-0.574097 	0.015724  	-7.861200 
169.000000	-0.526255 	0.006762  	-7.861200 
170.000000	-0.478414 	0.001000  	-7.861200 
171.000000	-0.430572 	0.001000  	-7.861200 
172.000000	-0.382731 	0.001000  	-7.861200 
173.000000	-0.334890 	0.001000  	-7.861200 
174.000000	-0.287048 	0.001000  	-7.861200 
175.000000	-0.239207 	0.001000  	-7.861200 
176.000000	-0.191366 	0.001000  	-7.861200 
177.000000	-0.143524 	0.001000  	-7.861200 
178.000000	-0.095683 	0.001000  	-7.861200 
179.000000	-0.047841 	0.001000  	-7.861200 
180.000000	0.000000  	0.001000  	-7.861200 
! ------------------------------------------------------------------------------
! data for table	5         
! ------------------------------------------------------------------------------
  0.600000  	Re           ! Reynolds number in millions
  0.000000  	UserProp     ! User property (control) setting
Flase           InclUAdata   ! Is unsteady aerodynamics data included in this table? If TRUE, then include UA coefficients below this line. Any missing coefficients will be calculated internally.
! Table of aerodynamics coefficients
  361       	NumAlf       ! Number of data lines in the following table
!Alpha      Cl          Cd          Cm/Cp
!(deg)      (-)         (-)         (-)
-180.000000	0.000000  	0.001000  	-7.880400 
-179.000000	0.047858  	0.001000  	-7.880400 
-178.000000	0.095717  	0.001000  	-7.880400 
-177.000000	0.143575  	0.001000  	-7.880400 
-176.000000	0.191433  	0.001000  	-7.880400 
-175.000000	0.239291  	0.001000  	-7.880400 
-174.000000	0.287150  	0.001000  	-7.880400 
-173.000000	0.335008  	0.001000  	-7.880400 
-172.000000	0.382866  	0.001000  	-7.880400 
-171.000000	0.430724  	0.001000  	-7.880400 
-170.000000	0.478583  	0.001000  	-7.880400 
-169.000000	0.526441  	0.007143  	-7.880400 
-168.000000	0.574299  	0.016698  	-7.880400 
-167.000000	0.622158  	0.027220  	-7.880400 
-166.000000	0.670016  	0.038467  	-7.880400 
-165.000000	0.717874  	0.050500  	-7.880400 
-164.000000	0.765732  	0.063319  	-7.880400 
-163.000000	0.813591  	0.076783  	-7.880400 
-162.000000	0.861449  	0.091108  	-7.880400 
-161.000000	0.909307  	0.105945  	-7.880400 
-160.000000	0.957166  	0.121702  	-7.880400 
-159.000000	1.005024  	0.137845  	-7.880400 
-158.000000	1.052882  	0.154952  	-7.880400 
-157.000000	1.100740  	0.172331  	-7.880400 
-156.000000	1.148599  	0.190701  	-7.880400 
-155.000000	1.196457  	0.209238  	-7.880400 
-154.000000	1.244315  	0.228776  	-7.880400 
-153.000000	1.292173  	0.248390  	-7.880400 
-152.000000	1.340032  	0.268995  	-7.880400 
-151.000000	1.387890  	0.289600  	-7.880400 
-150.000000	1.352107  	0.311632  	-7.880400 
-149.000000	1.316325  	0.333664  	-7.880400 
-148.000000	1.280542  	0.355697  	-7.880400 
-147.000000	1.244760  	0.377729  	-7.880400 
-146.000000	1.213195  	0.400736  	-7.880400 
-145.000000	1.183973  	0.424284  	-7.880400 
-144.000000	1.154752  	0.447833  	-7.880400 
-143.000000	1.125530  	0.471381  	-7.880400 
-142.000000	1.097415  	0.495210  	-7.880400 
-141.000000	1.072068  	0.519739  	-7.880400 
-140.000000	1.046720  	0.544268  	-7.880400 
-139.000000	1.021373  	0.568797  	-7.880400 
-138.000000	0.996025  	0.593326  	-7.880400 
-137.000000	0.972745  	0.618248  	-7.880400 
-136.000000	0.949624  	0.643200  	-7.880400 
-135.000000	0.926503  	0.668152  	-7.880400 
-134.000000	0.903382  	0.693104  	-7.880400 
-133.000000	0.880947  	0.717974  	-7.880400 
-132.000000	0.859025  	0.742782  	-7.880400 
-131.000000	0.837103  	0.767591  	-7.880400 
-130.000000	0.815181  	0.792399  	-7.880400 
-129.000000	0.793381  	0.817056  	-7.880400 
-128.000000	0.772027  	0.841158  	-7.880400 
-127.000000	0.750674  	0.865260  	-7.880400 
-126.000000	0.729321  	0.889363  	-7.880400 
-125.000000	0.707968  	0.913465  	-7.880400 
-124.000000	0.686796  	0.936494  	-7.880400 
-123.000000	0.665654  	0.959344  	-7.880400 
-122.000000	0.644511  	0.982195  	-7.880400 
-121.000000	0.623369  	1.005045  	-7.880400 
-120.000000	0.602252  	1.027012  	-7.880400 
-119.000000	0.581159  	1.048094  	-7.880400 
-118.000000	0.560067  	1.069177  	-7.880400 
-117.000000	0.538974  	1.090259  	-7.880400 
-116.000000	0.517887  	1.111021  	-7.880400 
-115.000000	0.496830  	1.129861  	-7.880400 
-114.000000	0.475774  	1.148701  	-7.880400 
-113.000000	0.454717  	1.167541  	-7.880400 
-112.000000	0.433660  	1.186381  	-7.880400 
-111.000000	0.412711  	1.203127  	-7.880400 
-110.000000	0.391790  	1.219301  	-7.880400 
-109.000000	0.370870  	1.235476  	-7.880400 
-108.000000	0.349949  	1.251651  	-7.880400 
-107.000000	0.329168  	1.266529  	-7.880400 
-106.000000	0.308573  	1.279678  	-7.880400 
-105.000000	0.287978  	1.292827  	-7.880400 
-104.000000	0.267383  	1.305976  	-7.880400 
-103.000000	0.246830  	1.318888  	-7.880400 
-102.000000	0.226820  	1.328721  	-7.880400 
-101.000000	0.206810  	1.338554  	-7.880400 
-100.000000	0.186801  	1.348387  	-7.880400 
-99.000000	0.166791  	1.358219  	-7.880400 
-98.000000	0.147423  	1.365531  	-7.880400 
-97.000000	0.128313  	1.371834  	-7.880400 
-96.000000	0.109202  	1.378137  	-7.880400 
-95.000000	0.090091  	1.384440  	-7.880400 
-94.000000	0.071428  	1.389435  	-7.880400 
-93.000000	0.053571  	1.392076  	-7.880400 
-92.000000	0.035714  	1.394718  	-7.880400 
-91.000000	0.017857  	1.397359  	-7.880400 
-90.000000	0.000000  	1.400000  	-7.880400 
-89.000000	-0.017857 	1.397359  	-7.880400 
-88.000000	-0.035714 	1.394718  	-7.880400 
-87.000000	-0.053571 	1.392076  	-7.880400 
-86.000000	-0.071428 	1.389435  	-7.880400 
-85.000000	-0.090091 	1.384440  	-7.880400 
-84.000000	-0.109202 	1.378137  	-7.880400 
-83.000000	-0.128313 	1.371834  	-7.880400 
-82.000000	-0.147423 	1.365531  	-7.880400 
-81.000000	-0.166791 	1.358219  	-7.880400 
-80.000000	-0.186801 	1.348387  	-7.880400 
-79.000000	-0.206810 	1.338554  	-7.880400 
-78.000000	-0.226820 	1.328721  	-7.880400 
-77.000000	-0.246830 	1.318888  	-7.880400 
-76.000000	-0.267383 	1.305976  	-7.880400 
-75.000000	-0.287978 	1.292827  	-7.880400 
-74.000000	-0.308573 	1.279678  	-7.880400 
-73.000000	-0.329168 	1.266529  	-7.880400 
-72.000000	-0.349949 	1.251651  	-7.880400 
-71.000000	-0.370870 	1.235476  	-7.880400 
-70.000000	-0.391790 	1.219301  	-7.880400 
-69.000000	-0.412711 	1.203127  	-7.880400 
-68.000000	-0.433660 	1.186381  	-7.880400 
-67.000000	-0.454717 	1.167541  	-7.880400 
-66.000000	-0.475774 	1.148701  	-7.880400 
-65.000000	-0.496830 	1.129861  	-7.880400 
-64.000000	-0.517887 	1.111021  	-7.880400 
-63.000000	-0.538974 	1.090259  	-7.880400 
-62.000000	-0.560067 	1.069177  	-7.880400 
-61.000000	-0.581159 	1.048094  	-7.880400 
-60.000000	-0.602252 	1.027012  	-7.880400 
-59.000000	-0.623369 	1.005045  	-7.880400 
-58.000000	-0.644511 	0.982195  	-7.880400 
-57.000000	-0.665654 	0.959344  	-7.880400 
-56.000000	-0.686796 	0.936494  	-7.880400 
-55.000000	-0.707968 	0.913465  	-7.880400 
-54.000000	-0.729321 	0.889363  	-7.880400 
-53.000000	-0.750674 	0.865260  	-7.880400 
-52.000000	-0.772027 	0.841158  	-7.880400 
-51.000000	-0.793381 	0.817056  	-7.880400 
-50.000000	-0.815181 	0.792399  	-7.880400 
-49.000000	-0.837103 	0.767591  	-7.880400 
-48.000000	-0.859025 	0.742782  	-7.880400 
-47.000000	-0.880947 	0.717974  	-7.880400 
-46.000000	-0.903382 	0.693104  	-7.880400 
-45.000000	-0.926503 	0.668152  	-7.880400 
-44.000000	-0.949624 	0.643200  	-7.880400 
-43.000000	-0.972745 	0.618248  	-7.880400 
-42.000000	-0.996025 	0.593326  	-7.880400 
-41.000000	-1.021373 	0.568797  	-7.880400 
-40.000000	-1.046720 	0.544268  	-7.880400 
-39.000000	-1.072068 	0.519739  	-7.880400 
-38.000000	-1.097415 	0.495210  	-7.880400 
-37.000000	-1.125530 	0.471381  	-7.880400 
-36.000000	-1.154752 	0.447833  	-7.880400 
-35.000000	-1.183973 	0.424284  	-7.880400 
-34.000000	-1.213195 	0.400736  	-7.880400 
-33.000000	-1.244760 	0.377729  	-7.880400 
-32.000000	-1.280542 	0.355697  	-7.880400 
-31.000000	-1.316325 	0.333664  	-7.880400 
-30.000000	-1.352107 	0.311632  	-7.880400 
-29.000000	-1.387890 	0.289600  	-7.880400 
-28.000000	-1.342785 	0.275538  	-7.880400 
-27.000000	-1.297681 	0.261477  	-7.880400 
-26.000000	-1.252576 	0.247415  	-7.880400 
-25.000000	-1.207471 	0.233354  	-7.880400 
-24.000000	-1.162366 	0.219292  	-7.880400 
-23.000000	-1.117262 	0.205231  	-7.880400 
-22.000000	-1.072157 	0.191169  	-7.880400 
-21.000000	-1.027052 	0.177107  	-7.880400 
-20.000000	-0.981947 	0.163046  	-7.880400 
-19.000000	-0.936843 	0.148984  	-7.880400 
-18.000000	-0.891738 	0.134923  	-7.880400 
-17.000000	-0.846633 	0.120861  	-7.880400 
-16.000000	-0.801528 	0.106799  	-7.880400 
-15.000000	-0.756424 	0.092738  	-7.880400 
-14.000000	-0.711319 	0.078676  	-7.880400 
-13.000000	-0.666214 	0.064615  	-7.880400 
-12.000000	-0.621109 	0.050553  	-6.298558 
-11.000000	-0.576005 	0.036492  	-4.083979 
-10.000000	-0.530900 	0.022430  	-1.869400 
-9.000000 	-0.357400 	0.021720  	-1.708600 
-8.000000 	-0.221200 	0.021680  	-1.578000 
-7.000000 	-0.083200 	0.021740  	-1.452200 
-6.000000 	0.055000  	0.021730  	-1.329700 
-5.000000 	0.191700  	0.021860  	-1.213500 
-4.000000 	0.328300  	0.021990  	-1.099800 
-3.000000 	0.463600  	0.022210  	-1.099300 
-2.000000 	0.598000  	0.022440  	-1.204300 
-1.000000 	0.731400  	0.022760  	-1.314000 
0.000000  	0.862700  	0.023100  	-1.428600 
1.000000  	0.993000  	0.023510  	-1.548400 
2.000000  	1.121300  	0.024010  	-1.675700 
3.000000  	1.247200  	0.024570  	-1.814300 
4.000000  	1.370800  	0.025280  	-1.972600 
5.000000  	1.492400  	0.026060  	-2.153400 
6.000000  	1.611000  	0.026920  	-2.361100 
7.000000  	1.726200  	0.027980  	-2.601900 
8.000000  	1.833900  	0.029370  	-2.875000 
9.000000  	1.936400  	0.030980  	-3.180800 
10.000000 	2.020100  	0.033510  	-3.495300 
11.000000 	2.048700  	0.038830  	-3.787100 
12.000000 	2.055700  	0.047160  	-4.043500 
13.000000 	2.044000  	0.059720  	-4.272900 
14.000000 	2.018400  	0.075460  	-4.460300 
15.000000 	1.989200  	0.092380  	-4.638700 
16.000000 	1.967000  	0.109050  	-4.826400 
17.000000 	1.951100  	0.125080  	-5.029800 
18.000000 	1.939700  	0.140880  	-5.245900 
19.000000 	1.940000  	0.155160  	-5.491500 
20.000000 	1.940500  	0.169500  	-5.745500 
21.000000 	1.941400  	0.183810  	-5.981400 
22.000000 	1.944300  	0.197700  	-6.229800 
23.000000 	1.948400  	0.211570  	-6.489500 
24.000000 	1.952200  	0.225300  	-6.728800 
25.000000 	1.957000  	0.238930  	-6.952000 
26.000000 	1.964000  	0.251860  	-7.210400 
27.000000 	1.969400  	0.264980  	-7.431100 
28.000000 	1.974900  	0.277670  	-7.648300 
29.000000 	1.982700  	0.289600  	-7.880400 
30.000000 	1.931582  	0.311632  	-7.880400 
31.000000 	1.880464  	0.333664  	-7.880400 
32.000000 	1.829346  	0.355697  	-7.880400 
33.000000 	1.778228  	0.377729  	-7.880400 
34.000000 	1.733136  	0.400736  	-7.880400 
35.000000 	1.691390  	0.424284  	-7.880400 
36.000000 	1.649645  	0.447833  	-7.880400 
37.000000 	1.607900  	0.471381  	-7.880400 
38.000000 	1.567736  	0.495210  	-7.880400 
39.000000 	1.531525  	0.519739  	-7.880400 
40.000000 	1.495314  	0.544268  	-7.880400 
41.000000 	1.459104  	0.568797  	-7.880400 
42.000000 	1.422893  	0.593326  	-7.880400 
43.000000 	1.389636  	0.618248  	-7.880400 
44.000000 	1.356606  	0.643200  	-7.880400 
45.000000 	1.323576  	0.668152  	-7.880400 
46.000000 	1.290546  	0.693104  	-7.880400 
47.000000 	1.258495  	0.717974  	-7.880400 
48.000000 	1.227178  	0.742782  	-7.880400 
49.000000 	1.195861  	0.767591  	-7.880400 
50.000000 	1.164544  	0.792399  	-7.880400 
51.000000 	1.133401  	0.817056  	-7.880400 
52.000000 	1.102896  	0.841158  	-7.880400 
53.000000 	1.072392  	0.865260  	-7.880400 
54.000000 	1.041887  	0.889363  	-7.880400 
55.000000 	1.011383  	0.913465  	-7.880400 
56.000000 	0.981137  	0.936494  	-7.880400 
57.000000 	0.950934  	0.959344  	-7.880400 
58.000000 	0.920731  	0.982195  	-7.880400 
59.000000 	0.890528  	1.005045  	-7.880400 
60.000000 	0.860360  	1.027012  	-7.880400 
61.000000 	0.830228  	1.048094  	-7.880400 
62.000000 	0.800096  	1.069177  	-7.880400 
63.000000 	0.769964  	1.090259  	-7.880400 
64.000000 	0.739839  	1.111021  	-7.880400 
65.000000 	0.709758  	1.129861  	-7.880400 
66.000000 	0.679677  	1.148701  	-7.880400 
67.000000 	0.649596  	1.167541  	-7.880400 
68.000000 	0.619515  	1.186381  	-7.880400 
69.000000 	0.589587  	1.203127  	-7.880400 
70.000000 	0.559700  	1.219301  	-7.880400 
71.000000 	0.529814  	1.235476  	-7.880400 
72.000000 	0.499927  	1.251651  	-7.880400 
73.000000 	0.470240  	1.266529  	-7.880400 
74.000000 	0.440819  	1.279678  	-7.880400 
75.000000 	0.411397  	1.292827  	-7.880400 
76.000000 	0.381976  	1.305976  	-7.880400 
77.000000 	0.352614  	1.318888  	-7.880400 
78.000000 	0.324029  	1.328721  	-7.880400 
79.000000 	0.295444  	1.338554  	-7.880400 
80.000000 	0.266858  	1.348387  	-7.880400 
81.000000 	0.238273  	1.358219  	-7.880400 
82.000000 	0.210605  	1.365531  	-7.880400 
83.000000 	0.183304  	1.371834  	-7.880400 
84.000000 	0.156003  	1.378137  	-7.880400 
85.000000 	0.128702  	1.384440  	-7.880400 
86.000000 	0.102040  	1.389435  	-7.880400 
87.000000 	0.076530  	1.392076  	-7.880400 
88.000000 	0.051020  	1.394718  	-7.880400 
89.000000 	0.025510  	1.397359  	-7.880400 
90.000000 	0.000000  	1.400000  	-7.880400 
91.000000 	-0.017857 	1.397359  	-7.880400 
92.000000 	-0.035714 	1.394718  	-7.880400 
93.000000 	-0.053571 	1.392076  	-7.880400 
94.000000 	-0.071428 	1.389435  	-7.880400 
95.000000 	-0.090091 	1.384440  	-7.880400 
96.000000 	-0.109202 	1.378137  	-7.880400 
97.000000 	-0.128313 	1.371834  	-7.880400 
98.000000 	-0.147423 	1.365531  	-7.880400 
99.000000 	-0.166791 	1.358219  	-7.880400 
100.000000	-0.186801 	1.348387  	-7.880400 
101.000000	-0.206810 	1.338554  	-7.880400 
102.000000	-0.226820 	1.328721  	-7.880400 
103.000000	-0.246830 	1.318888  	-7.880400 
104.000000	-0.267383 	1.305976  	-7.880400 
105.000000	-0.287978 	1.292827  	-7.880400 
106.000000	-0.308573 	1.279678  	-7.880400 
107.000000	-0.329168 	1.266529  	-7.880400 
108.000000	-0.349949 	1.251651  	-7.880400 
109.000000	-0.370870 	1.235476  	-7.880400 
110.000000	-0.391790 	1.219301  	-7.880400 
111.000000	-0.412711 	1.203127  	-7.880400 
112.000000	-0.433660 	1.186381  	-7.880400 
113.000000	-0.454717 	1.167541  	-7.880400 
114.000000	-0.475774 	1.148701  	-7.880400 
115.000000	-0.496830 	1.129861  	-7.880400 
116.000000	-0.517887 	1.111021  	-7.880400 
117.000000	-0.538974 	1.090259  	-7.880400 
118.000000	-0.560067 	1.069177  	-7.880400 
119.000000	-0.581159 	1.048094  	-7.880400 
120.000000	-0.602252 	1.027012  	-7.880400 
121.000000	-0.623369 	1.005045  	-7.880400 
122.000000	-0.644511 	0.982195  	-7.880400 
123.000000	-0.665654 	0.959344  	-7.880400 
124.000000	-0.686796 	0.936494  	-7.880400 
125.000000	-0.707968 	0.913465  	-7.880400 
126.000000	-0.729321 	0.889363  	-7.880400 
127.000000	-0.750674 	0.865260  	-7.880400 
128.000000	-0.772027 	0.841158  	-7.880400 
129.000000	-0.793381 	0.817056  	-7.880400 
130.000000	-0.815181 	0.792399  	-7.880400 
131.000000	-0.837103 	0.767591  	-7.880400 
132.000000	-0.859025 	0.742782  	-7.880400 
133.000000	-0.880947 	0.717974  	-7.880400 
134.000000	-0.903382 	0.693104  	-7.880400 
135.000000	-0.926503 	0.668152  	-7.880400 
136.000000	-0.949624 	0.643200  	-7.880400 
137.000000	-0.972745 	0.618248  	-7.880400 
138.000000	-0.996025 	0.593326  	-7.880400 
139.000000	-1.021373 	0.568797  	-7.880400 
140.000000	-1.046720 	0.544268  	-7.880400 
141.000000	-1.072068 	0.519739  	-7.880400 
142.000000	-1.097415 	0.495210  	-7.880400 
143.000000	-1.125530 	0.471381  	-7.880400 
144.000000	-1.154752 	0.447833  	-7.880400 
145.000000	-1.183973 	0.424284  	-7.880400 
146.000000	-1.213195 	0.400736  	-7.880400 
147.000000	-1.244760 	0.377729  	-7.880400 
148.000000	-1.280542 	0.355697  	-7.880400 
149.000000	-1.316325 	0.333664  	-7.880400 
150.000000	-1.352107 	0.311632  	-7.880400 
151.000000	-1.387890 	0.289600  	-7.880400 
152.000000	-1.340032 	0.268995  	-7.880400 
153.000000	-1.292173 	0.248390  	-7.880400 
154.000000	-1.244315 	0.228776  	-7.880400 
155.000000	-1.196457 	0.209238  	-7.880400 
156.000000	-1.148599 	0.190701  	-7.880400 
157.000000	-1.100740 	0.172331  	-7.880400 
158.000000	-1.052882 	0.154952  	-7.880400 
159.000000	-1.005024 	0.137845  	-7.880400 
160.000000	-0.957166 	0.121702  	-7.880400 
161.000000	-0.909307 	0.105945  	-7.880400 
162.000000	-0.861449 	0.091108  	-7.880400 
163.000000	-0.813591 	0.076783  	-7.880400 
164.000000	-0.765732 	0.063319  	-7.880400 
165.000000	-0.717874 	0.050500  	-7.880400 
166.000000	-0.670016 	0.038467  	-7.880400 
167.000000	-0.622158 	0.027220  	-7.880400 
168.000000	-0.574299 	0.016698  	-7.880400 
169.000000	-0.526441 	0.007143  	-7.880400 
170.000000	-0.478583 	0.001000  	-7.880400 
171.000000	-0.430724 	0.001000  	-7.880400 
172.000000	-0.382866 	0.001000  	-7.880400 
173.000000	-0.335008 	0.001000  	-7.880400 
174.000000	-0.287150 	0.001000  	-7.880400 
175.000000	-0.239291 	0.001000  	-7.880400 
176.000000	-0.191433 	0.001000  	-7.880400 
177.000000	-0.143575 	0.001000  	-7.880400 
178.000000	-0.095717 	0.001000  	-7.880400 
179.000000	-0.047858 	0.001000  	-7.880400 
180.000000	0.000000  	0.001000  	-7.880400 
! ------------------------------------------------------------------------------
! data for table	6         
! ------------------------------------------------------------------------------
  0.700000  	Re           ! Reynolds number in millions
  0.000000  	UserProp     ! User property (control) setting
Flase           InclUAdata   ! Is unsteady aerodynamics data included in this table? If TRUE, then include UA coefficients below this line. Any missing coefficients will be calculated internally.
! Table of aerodynamics coefficients
  361       	NumAlf       ! Number of data lines in the following table
!Alpha      Cl          Cd          Cm/Cp
!(deg)      (-)         (-)         (-)
-180.000000	0.000000  	0.001000  	-7.918500 
-179.000000	0.047964  	0.001000  	-7.918500 
-178.000000	0.095929  	0.001000  	-7.918500 
-177.000000	0.143893  	0.001000  	-7.918500 
-176.000000	0.191858  	0.001000  	-7.918500 
-175.000000	0.239822  	0.001000  	-7.918500 
-174.000000	0.287787  	0.001000  	-7.918500 
-173.000000	0.335751  	0.001000  	-7.918500 
-172.000000	0.383716  	0.001000  	-7.918500 
-171.000000	0.431680  	0.001000  	-7.918500 
-170.000000	0.479645  	0.001000  	-7.918500 
-169.000000	0.527609  	0.007098  	-7.918500 
-168.000000	0.575574  	0.016583  	-7.918500 
-167.000000	0.623538  	0.027075  	-7.918500 
-166.000000	0.671503  	0.038323  	-7.918500 
-165.000000	0.719467  	0.050356  	-7.918500 
-164.000000	0.767432  	0.063176  	-7.918500 
-163.000000	0.815396  	0.076641  	-7.918500 
-162.000000	0.863361  	0.090967  	-7.918500 
-161.000000	0.911325  	0.105804  	-7.918500 
-160.000000	0.959290  	0.121562  	-7.918500 
-159.000000	1.007254  	0.137706  	-7.918500 
-158.000000	1.055219  	0.154815  	-7.918500 
-157.000000	1.103183  	0.172194  	-7.918500 
-156.000000	1.151148  	0.190565  	-7.918500 
-155.000000	1.199112  	0.209103  	-7.918500 
-154.000000	1.247077  	0.228642  	-7.918500 
-153.000000	1.295041  	0.248258  	-7.918500 
-152.000000	1.343006  	0.268864  	-7.918500 
-151.000000	1.390970  	0.289470  	-7.918500 
-150.000000	1.355049  	0.311504  	-7.918500 
-149.000000	1.319128  	0.333537  	-7.918500 
-148.000000	1.283207  	0.355571  	-7.918500 
-147.000000	1.247286  	0.377604  	-7.918500 
-146.000000	1.215601  	0.400613  	-7.918500 
-145.000000	1.186269  	0.424163  	-7.918500 
-144.000000	1.156937  	0.447713  	-7.918500 
-143.000000	1.127606  	0.471263  	-7.918500 
-142.000000	1.099387  	0.495093  	-7.918500 
-141.000000	1.073949  	0.519624  	-7.918500 
-140.000000	1.048512  	0.544154  	-7.918500 
-139.000000	1.023074  	0.568685  	-7.918500 
-138.000000	0.997637  	0.593216  	-7.918500 
-137.000000	0.974281  	0.618139  	-7.918500 
-136.000000	0.951085  	0.643093  	-7.918500 
-135.000000	0.927890  	0.668047  	-7.918500 
-134.000000	0.904694  	0.693001  	-7.918500 
-133.000000	0.882191  	0.717873  	-7.918500 
-132.000000	0.860206  	0.742683  	-7.918500 
-131.000000	0.838221  	0.767493  	-7.918500 
-130.000000	0.816237  	0.792304  	-7.918500 
-129.000000	0.794376  	0.816963  	-7.918500 
-128.000000	0.772970  	0.841067  	-7.918500 
-127.000000	0.751564  	0.865171  	-7.918500 
-126.000000	0.730158  	0.889275  	-7.918500 
-125.000000	0.708753  	0.913379  	-7.918500 
-124.000000	0.687535  	0.936411  	-7.918500 
-123.000000	0.666348  	0.959263  	-7.918500 
-122.000000	0.645162  	0.982116  	-7.918500 
-121.000000	0.623975  	1.004969  	-7.918500 
-120.000000	0.602817  	1.026937  	-7.918500 
-119.000000	0.581687  	1.048022  	-7.918500 
-118.000000	0.560558  	1.069107  	-7.918500 
-117.000000	0.539428  	1.090192  	-7.918500 
-116.000000	0.518305  	1.110956  	-7.918500 
-115.000000	0.497218  	1.129798  	-7.918500 
-114.000000	0.476131  	1.148641  	-7.918500 
-113.000000	0.455044  	1.167483  	-7.918500 
-112.000000	0.433957  	1.186325  	-7.918500 
-111.000000	0.412981  	1.203073  	-7.918500 
-110.000000	0.392036  	1.219251  	-7.918500 
-109.000000	0.371091  	1.235428  	-7.918500 
-108.000000	0.350146  	1.251605  	-7.918500 
-107.000000	0.329344  	1.266486  	-7.918500 
-106.000000	0.308730  	1.279637  	-7.918500 
-105.000000	0.288116  	1.292789  	-7.918500 
-104.000000	0.267503  	1.305940  	-7.918500 
-103.000000	0.246932  	1.318855  	-7.918500 
-102.000000	0.226909  	1.328690  	-7.918500 
-101.000000	0.206886  	1.338525  	-7.918500 
-100.000000	0.186863  	1.348361  	-7.918500 
-99.000000	0.166840  	1.358196  	-7.918500 
-98.000000	0.147463  	1.365510  	-7.918500 
-97.000000	0.128345  	1.371816  	-7.918500 
-96.000000	0.109226  	1.378121  	-7.918500 
-95.000000	0.090108  	1.384427  	-7.918500 
-94.000000	0.071439  	1.389425  	-7.918500 
-93.000000	0.053579  	1.392069  	-7.918500 
-92.000000	0.035719  	1.394712  	-7.918500 
-91.000000	0.017860  	1.397356  	-7.918500 
-90.000000	0.000000  	1.400000  	-7.918500 
-89.000000	-0.017860 	1.397356  	-7.918500 
-88.000000	-0.035719 	1.394712  	-7.918500 
-87.000000	-0.053579 	1.392069  	-7.918500 
-86.000000	-0.071439 	1.389425  	-7.918500 
-85.000000	-0.090108 	1.384427  	-7.918500 
-84.000000	-0.109226 	1.378121  	-7.918500 
-83.000000	-0.128345 	1.371816  	-7.918500 
-82.000000	-0.147463 	1.365510  	-7.918500 
-81.000000	-0.166840 	1.358196  	-7.918500 
-80.000000	-0.186863 	1.348361  	-7.918500 
-79.000000	-0.206886 	1.338525  	-7.918500 
-78.000000	-0.226909 	1.328690  	-7.918500 
-77.000000	-0.246932 	1.318855  	-7.918500 
-76.000000	-0.267503 	1.305940  	-7.918500 
-75.000000	-0.288116 	1.292789  	-7.918500 
-74.000000	-0.308730 	1.279637  	-7.918500 
-73.000000	-0.329344 	1.266486  	-7.918500 
-72.000000	-0.350146 	1.251605  	-7.918500 
-71.000000	-0.371091 	1.235428  	-7.918500 
-70.000000	-0.392036 	1.219251  	-7.918500 
-69.000000	-0.412981 	1.203073  	-7.918500 
-68.000000	-0.433957 	1.186325  	-7.918500 
-67.000000	-0.455044 	1.167483  	-7.918500 
-66.000000	-0.476131 	1.148641  	-7.918500 
-65.000000	-0.497218 	1.129798  	-7.918500 
-64.000000	-0.518305 	1.110956  	-7.918500 
-63.000000	-0.539428 	1.090192  	-7.918500 
-62.000000	-0.560558 	1.069107  	-7.918500 
-61.000000	-0.581687 	1.048022  	-7.918500 
-60.000000	-0.602817 	1.026937  	-7.918500 
-59.000000	-0.623975 	1.004969  	-7.918500 
-58.000000	-0.645162 	0.982116  	-7.918500 
-57.000000	-0.666348 	0.959263  	-7.918500 
-56.000000	-0.687535 	0.936411  	-7.918500 
-55.000000	-0.708753 	0.913379  	-7.918500 
-54.000000	-0.730158 	0.889275  	-7.918500 
-53.000000	-0.751564 	0.865171  	-7.918500 
-52.000000	-0.772970 	0.841067  	-7.918500 
-51.000000	-0.794376 	0.816963  	-7.918500 
-50.000000	-0.816237 	0.792304  	-7.918500 
-49.000000	-0.838221 	0.767493  	-7.918500 
-48.000000	-0.860206 	0.742683  	-7.918500 
-47.000000	-0.882191 	0.717873  	-7.918500 
-46.000000	-0.904694 	0.693001  	-7.918500 
-45.000000	-0.927890 	0.668047  	-7.918500 
-44.000000	-0.951085 	0.643093  	-7.918500 
-43.000000	-0.974281 	0.618139  	-7.918500 
-42.000000	-0.997637 	0.593216  	-7.918500 
-41.000000	-1.023074 	0.568685  	-7.918500 
-40.000000	-1.048512 	0.544154  	-7.918500 
-39.000000	-1.073949 	0.519624  	-7.918500 
-38.000000	-1.099387 	0.495093  	-7.918500 
-37.000000	-1.127606 	0.471263  	-7.918500 
-36.000000	-1.156937 	0.447713  	-7.918500 
-35.000000	-1.186269 	0.424163  	-7.918500 
-34.000000	-1.215601 	0.400613  	-7.918500 
-33.000000	-1.247286 	0.377604  	-7.918500 
-32.000000	-1.283207 	0.355571  	-7.918500 
-31.000000	-1.319128 	0.333537  	-7.918500 
-30.000000	-1.355049 	0.311504  	-7.918500 
-29.000000	-1.390970 	0.289470  	-7.918500 
-28.000000	-1.343972 	0.275350  	-7.918500 
-27.000000	-1.296973 	0.261230  	-7.918500 
-26.000000	-1.249975 	0.247110  	-7.918500 
-25.000000	-1.202976 	0.232990  	-7.918500 
-24.000000	-1.155978 	0.218870  	-7.918500 
-23.000000	-1.108979 	0.204750  	-7.918500 
-22.000000	-1.061981 	0.190630  	-7.918500 
-21.000000	-1.014983 	0.176510  	-7.918500 
-20.000000	-0.967984 	0.162390  	-7.918500 
-19.000000	-0.920986 	0.148270  	-7.918500 
-18.000000	-0.873987 	0.134150  	-7.918500 
-17.000000	-0.826989 	0.120030  	-7.918500 
-16.000000	-0.779991 	0.105910  	-7.918500 
-15.000000	-0.732992 	0.091790  	-7.918500 
-14.000000	-0.685994 	0.077670  	-7.918500 
-13.000000	-0.638995 	0.063550  	-7.918500 
-12.000000	-0.591997 	0.049430  	-6.321868 
-11.000000	-0.544998 	0.035310  	-4.086584 
-10.000000	-0.498000 	0.021190  	-1.851300 
-9.000000 	-0.356100 	0.021200  	-1.711900 
-8.000000 	-0.216200 	0.021220  	-1.578400 
-7.000000 	-0.079000 	0.021200  	-1.453600 
-6.000000 	0.059400  	0.021290  	-1.330400 
-5.000000 	0.196800  	0.021370  	-1.214100 
-4.000000 	0.333500  	0.021550  	-1.099800 
-3.000000 	0.468900  	0.021750  	-1.103000 
-2.000000 	0.603400  	0.022020  	-1.208200 
-1.000000 	0.736300  	0.022320  	-1.317900 
0.000000  	0.868200  	0.022670  	-1.433000 
1.000000  	0.998400  	0.023080  	-1.552800 
2.000000  	1.127000  	0.023520  	-1.680500 
3.000000  	1.254100  	0.024030  	-1.820100 
4.000000  	1.378600  	0.024670  	-1.979600 
5.000000  	1.500500  	0.025390  	-2.161400 
6.000000  	1.619300  	0.026290  	-2.370100 
7.000000  	1.733500  	0.027400  	-2.610700 
8.000000  	1.845400  	0.028540  	-2.890700 
9.000000  	1.947200  	0.030240  	-3.197300 
10.000000 	2.035600  	0.032540  	-3.523100 
11.000000 	2.067200  	0.037680  	-3.822900 
12.000000 	2.072400  	0.045920  	-4.078900 
13.000000 	2.061700  	0.058110  	-4.313000 
14.000000 	2.041300  	0.073280  	-4.513800 
15.000000 	2.016100  	0.089580  	-4.705100 
16.000000 	1.986800  	0.106980  	-4.881100 
17.000000 	1.973400  	0.122720  	-5.094900 
18.000000 	1.962800  	0.138190  	-5.318500 
19.000000 	1.956300  	0.153370  	-5.548300 
20.000000 	1.955700  	0.167840  	-5.802300 
21.000000 	1.958800  	0.181660  	-6.050500 
22.000000 	1.963300  	0.195240  	-6.311800 
23.000000 	1.966100  	0.209130  	-6.572600 
24.000000 	1.970300  	0.222760  	-6.819100 
25.000000 	1.971500  	0.236890  	-7.031900 
26.000000 	1.973800  	0.250710  	-7.271000 
27.000000 	1.974000  	0.264750  	-7.467000 
28.000000 	1.981700  	0.277080  	-7.701000 
29.000000 	1.987100  	0.289470  	-7.918500 
30.000000 	1.935784  	0.311504  	-7.918500 
31.000000 	1.884468  	0.333537  	-7.918500 
32.000000 	1.833153  	0.355571  	-7.918500 
33.000000 	1.781837  	0.377604  	-7.918500 
34.000000 	1.736573  	0.400613  	-7.918500 
35.000000 	1.694670  	0.424163  	-7.918500 
36.000000 	1.652768  	0.447713  	-7.918500 
37.000000 	1.610865  	0.471263  	-7.918500 
38.000000 	1.570552  	0.495093  	-7.918500 
39.000000 	1.534213  	0.519624  	-7.918500 
40.000000 	1.497874  	0.544154  	-7.918500 
41.000000 	1.461534  	0.568685  	-7.918500 
42.000000 	1.425195  	0.593216  	-7.918500 
43.000000 	1.391830  	0.618139  	-7.918500 
44.000000 	1.358693  	0.643093  	-7.918500 
45.000000 	1.325557  	0.668047  	-7.918500 
46.000000 	1.292420  	0.693001  	-7.918500 
47.000000 	1.260272  	0.717873  	-7.918500 
48.000000 	1.228866  	0.742683  	-7.918500 
49.000000 	1.197459  	0.767493  	-7.918500 
50.000000 	1.166053  	0.792304  	-7.918500 
51.000000 	1.134823  	0.816963  	-7.918500 
52.000000 	1.104243  	0.841067  	-7.918500 
53.000000 	1.073663  	0.865171  	-7.918500 
54.000000 	1.043084  	0.889275  	-7.918500 
55.000000 	1.012504  	0.913379  	-7.918500 
56.000000 	0.982192  	0.936411  	-7.918500 
57.000000 	0.951926  	0.959263  	-7.918500 
58.000000 	0.921659  	0.982116  	-7.918500 
59.000000 	0.891393  	1.004969  	-7.918500 
60.000000 	0.861167  	1.026937  	-7.918500 
61.000000 	0.830982  	1.048022  	-7.918500 
62.000000 	0.800797  	1.069107  	-7.918500 
63.000000 	0.770612  	1.090192  	-7.918500 
64.000000 	0.740436  	1.110956  	-7.918500 
65.000000 	0.710311  	1.129798  	-7.918500 
66.000000 	0.680187  	1.148641  	-7.918500 
67.000000 	0.650062  	1.167483  	-7.918500 
68.000000 	0.619938  	1.186325  	-7.918500 
69.000000 	0.589973  	1.203073  	-7.918500 
70.000000 	0.560052  	1.219251  	-7.918500 
71.000000 	0.530131  	1.235428  	-7.918500 
72.000000 	0.500209  	1.251605  	-7.918500 
73.000000 	0.470491  	1.266486  	-7.918500 
74.000000 	0.441043  	1.279637  	-7.918500 
75.000000 	0.411595  	1.292789  	-7.918500 
76.000000 	0.382147  	1.305940  	-7.918500 
77.000000 	0.352759  	1.318855  	-7.918500 
78.000000 	0.324155  	1.328690  	-7.918500 
79.000000 	0.295551  	1.338525  	-7.918500 
80.000000 	0.266947  	1.348361  	-7.918500 
81.000000 	0.238343  	1.358196  	-7.918500 
82.000000 	0.210662  	1.365510  	-7.918500 
83.000000 	0.183349  	1.371816  	-7.918500 
84.000000 	0.156037  	1.378121  	-7.918500 
85.000000 	0.128725  	1.384427  	-7.918500 
86.000000 	0.102055  	1.389425  	-7.918500 
87.000000 	0.076541  	1.392069  	-7.918500 
88.000000 	0.051028  	1.394712  	-7.918500 
89.000000 	0.025514  	1.397356  	-7.918500 
90.000000 	0.000000  	1.400000  	-7.918500 
91.000000 	-0.017860 	1.397356  	-7.918500 
92.000000 	-0.035719 	1.394712  	-7.918500 
93.000000 	-0.053579 	1.392069  	-7.918500 
94.000000 	-0.071439 	1.389425  	-7.918500 
95.000000 	-0.090108 	1.384427  	-7.918500 
96.000000 	-0.109226 	1.378121  	-7.918500 
97.000000 	-0.128345 	1.371816  	-7.918500 
98.000000 	-0.147463 	1.365510  	-7.918500 
99.000000 	-0.166840 	1.358196  	-7.918500 
100.000000	-0.186863 	1.348361  	-7.918500 
101.000000	-0.206886 	1.338525  	-7.918500 
102.000000	-0.226909 	1.328690  	-7.918500 
103.000000	-0.246932 	1.318855  	-7.918500 
104.000000	-0.267503 	1.305940  	-7.918500 
105.000000	-0.288116 	1.292789  	-7.918500 
106.000000	-0.308730 	1.279637  	-7.918500 
107.000000	-0.329344 	1.266486  	-7.918500 
108.000000	-0.350146 	1.251605  	-7.918500 
109.000000	-0.371091 	1.235428  	-7.918500 
110.000000	-0.392036 	1.219251  	-7.918500 
111.000000	-0.412981 	1.203073  	-7.918500 
112.000000	-0.433957 	1.186325  	-7.918500 
113.000000	-0.455044 	1.167483  	-7.918500 
114.000000	-0.476131 	1.148641  	-7.918500 
115.000000	-0.497218 	1.129798  	-7.918500 
116.000000	-0.518305 	1.110956  	-7.918500 
117.000000	-0.539428 	1.090192  	-7.918500 
118.000000	-0.560558 	1.069107  	-7.918500 
119.000000	-0.581687 	1.048022  	-7.918500 
120.000000	-0.602817 	1.026937  	-7.918500 
121.000000	-0.623975 	1.004969  	-7.918500 
122.000000	-0.645162 	0.982116  	-7.918500 
123.000000	-0.666348 	0.959263  	-7.918500 
124.000000	-0.687535 	0.936411  	-7.918500 
125.000000	-0.708753 	0.913379  	-7.918500 
126.000000	-0.730158 	0.889275  	-7.918500 
127.000000	-0.751564 	0.865171  	-7.918500 
128.000000	-0.772970 	0.841067  	-7.918500 
129.000000	-0.794376 	0.816963  	-7.918500 
130.000000	-0.816237 	0.792304  	-7.918500 
131.000000	-0.838221 	0.767493  	-7.918500 
132.000000	-0.860206 	0.742683  	-7.918500 
133.000000	-0.882191 	0.717873  	-7.918500 
134.000000	-0.904694 	0.693001  	-7.918500 
135.000000	-0.927890 	0.668047  	-7.918500 
136.000000	-0.951085 	0.643093  	-7.918500 
137.000000	-0.974281 	0.618139  	-7.918500 
138.000000	-0.997637 	0.593216  	-7.918500 
139.000000	-1.023074 	0.568685  	-7.918500 
140.000000	-1.048512 	0.544154  	-7.918500 
141.000000	-1.073949 	0.519624  	-7.918500 
142.000000	-1.099387 	0.495093  	-7.918500 
143.000000	-1.127606 	0.471263  	-7.918500 
144.000000	-1.156937 	0.447713  	-7.918500 
145.000000	-1.186269 	0.424163  	-7.918500 
146.000000	-1.215601 	0.400613  	-7.918500 
147.000000	-1.247286 	0.377604  	-7.918500 
148.000000	-1.283207 	0.355571  	-7.918500 
149.000000	-1.319128 	0.333537  	-7.918500 
150.000000	-1.355049 	0.311504  	-7.918500 
151.000000	-1.390970 	0.289470  	-7.918500 
152.000000	-1.343006 	0.268864  	-7.918500 
153.000000	-1.295041 	0.248258  	-7.918500 
154.000000	-1.247077 	0.228642  	-7.918500 
155.000000	-1.199112 	0.209103  	-7.918500 
156.000000	-1.151148 	0.190565  	-7.918500 
157.000000	-1.103183 	0.172194  	-7.918500 
158.000000	-1.055219 	0.154815  	-7.918500 
159.000000	-1.007254 	0.137706  	-7.918500 
160.000000	-0.959290 	0.121562  	-7.918500 
161.000000	-0.911325 	0.105804  	-7.918500 
162.000000	-0.863361 	0.090967  	-7.918500 
163.000000	-0.815396 	0.076641  	-7.918500 
164.000000	-0.767432 	0.063176  	-7.918500 
165.000000	-0.719467 	0.050356  	-7.918500 
166.000000	-0.671503 	0.038323  	-7.918500 
167.000000	-0.623538 	0.027075  	-7.918500 
168.000000	-0.575574 	0.016583  	-7.918500 
169.000000	-0.527609 	0.007098  	-7.918500 
170.000000	-0.479645 	0.001000  	-7.918500 
171.000000	-0.431680 	0.001000  	-7.918500 
172.000000	-0.383716 	0.001000  	-7.918500 
173.000000	-0.335751 	0.001000  	-7.918500 
174.000000	-0.287787 	0.001000  	-7.918500 
175.000000	-0.239822 	0.001000  	-7.918500 
176.000000	-0.191858 	0.001000  	-7.918500 
177.000000	-0.143893 	0.001000  	-7.918500 
178.000000	-0.095929 	0.001000  	-7.918500 
179.000000	-0.047964 	0.001000  	-7.918500 
180.000000	0.000000  	0.001000  	-7.918500 
! ------------------------------------------------------------------------------
! data for table	7         
! ------------------------------------------------------------------------------
  0.800000  	Re           ! Reynolds number in millions
  0.000000  	UserProp     ! User property (control) setting
Flase           InclUAdata   ! Is unsteady aerodynamics data included in this table? If TRUE, then include UA coefficients below this line. Any missing coefficients will be calculated internally.
! Table of aerodynamics coefficients
  361       	NumAlf       ! Number of data lines in the following table
!Alpha      Cl          Cd          Cm/Cp
!(deg)      (-)         (-)         (-)
-180.000000	0.000000  	0.001000  	-7.973800 
-179.000000	0.048129  	0.001000  	-7.973800 
-178.000000	0.096257  	0.001000  	-7.973800 
-177.000000	0.144386  	0.001000  	-7.973800 
-176.000000	0.192514  	0.001000  	-7.973800 
-175.000000	0.240643  	0.001000  	-7.973800 
-174.000000	0.288772  	0.001000  	-7.973800 
-173.000000	0.336900  	0.001000  	-7.973800 
-172.000000	0.385029  	0.001000  	-7.973800 
-171.000000	0.433158  	0.001000  	-7.973800 
-170.000000	0.481286  	0.001000  	-7.973800 
-169.000000	0.529415  	0.006793  	-7.973800 
-168.000000	0.577543  	0.015804  	-7.973800 
-167.000000	0.625672  	0.026095  	-7.973800 
-166.000000	0.673801  	0.037347  	-7.973800 
-165.000000	0.721929  	0.049385  	-7.973800 
-164.000000	0.770058  	0.062209  	-7.973800 
-163.000000	0.818187  	0.075679  	-7.973800 
-162.000000	0.866315  	0.090010  	-7.973800 
-161.000000	0.914444  	0.104853  	-7.973800 
-160.000000	0.962572  	0.120617  	-7.973800 
-159.000000	1.010701  	0.136767  	-7.973800 
-158.000000	1.058830  	0.153882  	-7.973800 
-157.000000	1.106958  	0.171268  	-7.973800 
-156.000000	1.155087  	0.189646  	-7.973800 
-155.000000	1.203216  	0.208191  	-7.973800 
-154.000000	1.251344  	0.227738  	-7.973800 
-153.000000	1.299473  	0.247361  	-7.973800 
-152.000000	1.347601  	0.267976  	-7.973800 
-151.000000	1.395730  	0.288590  	-7.973800 
-150.000000	1.359595  	0.310633  	-7.973800 
-149.000000	1.323460  	0.332675  	-7.973800 
-148.000000	1.287325  	0.354718  	-7.973800 
-147.000000	1.251190  	0.376761  	-7.973800 
-146.000000	1.219319  	0.399779  	-7.973800 
-145.000000	1.189817  	0.423339  	-7.973800 
-144.000000	1.160315  	0.446899  	-7.973800 
-143.000000	1.130813  	0.470460  	-7.973800 
-142.000000	1.102433  	0.494300  	-7.973800 
-141.000000	1.076857  	0.518842  	-7.973800 
-140.000000	1.051280  	0.543384  	-7.973800 
-139.000000	1.025704  	0.567926  	-7.973800 
-138.000000	1.000127  	0.592468  	-7.973800 
-137.000000	0.976655  	0.617404  	-7.973800 
-136.000000	0.953344  	0.642370  	-7.973800 
-135.000000	0.930033  	0.667336  	-7.973800 
-134.000000	0.906722  	0.692302  	-7.973800 
-133.000000	0.884114  	0.717187  	-7.973800 
-132.000000	0.862032  	0.742010  	-7.973800 
-131.000000	0.839951  	0.766834  	-7.973800 
-130.000000	0.817869  	0.791657  	-7.973800 
-129.000000	0.795915  	0.816329  	-7.973800 
-128.000000	0.774428  	0.840448  	-7.973800 
-127.000000	0.752940  	0.864566  	-7.973800 
-126.000000	0.731453  	0.888684  	-7.973800 
-125.000000	0.709965  	0.912802  	-7.973800 
-124.000000	0.688677  	0.935848  	-7.973800 
-123.000000	0.667422  	0.958716  	-7.973800 
-122.000000	0.646166  	0.981583  	-7.973800 
-121.000000	0.624911  	1.004450  	-7.973800 
-120.000000	0.603690  	1.026434  	-7.973800 
-119.000000	0.582503  	1.047535  	-7.973800 
-118.000000	0.561317  	1.068635  	-7.973800 
-117.000000	0.540130  	1.089735  	-7.973800 
-116.000000	0.518951  	1.110515  	-7.973800 
-115.000000	0.497816  	1.129373  	-7.973800 
-114.000000	0.476682  	1.148232  	-7.973800 
-113.000000	0.455548  	1.167090  	-7.973800 
-112.000000	0.434414  	1.185948  	-7.973800 
-111.000000	0.413399  	1.202713  	-7.973800 
-110.000000	0.392417  	1.218907  	-7.973800 
-109.000000	0.371434  	1.235101  	-7.973800 
-108.000000	0.350452  	1.251294  	-7.973800 
-107.000000	0.329615  	1.266191  	-7.973800 
-106.000000	0.308973  	1.279360  	-7.973800 
-105.000000	0.288330  	1.292528  	-7.973800 
-104.000000	0.267688  	1.305697  	-7.973800 
-103.000000	0.247089  	1.318628  	-7.973800 
-102.000000	0.227045  	1.328481  	-7.973800 
-101.000000	0.207002  	1.338334  	-7.973800 
-100.000000	0.186959  	1.348186  	-7.973800 
-99.000000	0.166916  	1.358039  	-7.973800 
-98.000000	0.147525  	1.365370  	-7.973800 
-97.000000	0.128394  	1.371693  	-7.973800 
-96.000000	0.109263  	1.378016  	-7.973800 
-95.000000	0.090133  	1.384339  	-7.973800 
-94.000000	0.071455  	1.389355  	-7.973800 
-93.000000	0.053591  	1.392016  	-7.973800 
-92.000000	0.035727  	1.394677  	-7.973800 
-91.000000	0.017864  	1.397339  	-7.973800 
-90.000000	0.000000  	1.400000  	-7.973800 
-89.000000	-0.017864 	1.397339  	-7.973800 
-88.000000	-0.035727 	1.394677  	-7.973800 
-87.000000	-0.053591 	1.392016  	-7.973800 
-86.000000	-0.071455 	1.389355  	-7.973800 
-85.000000	-0.090133 	1.384339  	-7.973800 
-84.000000	-0.109263 	1.378016  	-7.973800 
-83.000000	-0.128394 	1.371693  	-7.973800 
-82.000000	-0.147525 	1.365370  	-7.973800 
-81.000000	-0.166916 	1.358039  	-7.973800 
-80.000000	-0.186959 	1.348186  	-7.973800 
-79.000000	-0.207002 	1.338334  	-7.973800 
-78.000000	-0.227045 	1.328481  	-7.973800 
-77.000000	-0.247089 	1.318628  	-7.973800 
-76.000000	-0.267688 	1.305697  	-7.973800 
-75.000000	-0.288330 	1.292528  	-7.973800 
-74.000000	-0.308973 	1.279360  	-7.973800 
-73.000000	-0.329615 	1.266191  	-7.973800 
-72.000000	-0.350452 	1.251294  	-7.973800 
-71.000000	-0.371434 	1.235101  	-7.973800 
-70.000000	-0.392417 	1.218907  	-7.973800 
-69.000000	-0.413399 	1.202713  	-7.973800 
-68.000000	-0.434414 	1.185948  	-7.973800 
-67.000000	-0.455548 	1.167090  	-7.973800 
-66.000000	-0.476682 	1.148232  	-7.973800 
-65.000000	-0.497816 	1.129373  	-7.973800 
-64.000000	-0.518951 	1.110515  	-7.973800 
-63.000000	-0.540130 	1.089735  	-7.973800 
-62.000000	-0.561317 	1.068635  	-7.973800 
-61.000000	-0.582503 	1.047535  	-7.973800 
-60.000000	-0.603690 	1.026434  	-7.973800 
-59.000000	-0.624911 	1.004450  	-7.973800 
-58.000000	-0.646166 	0.981583  	-7.973800 
-57.000000	-0.667422 	0.958716  	-7.973800 
-56.000000	-0.688677 	0.935848  	-7.973800 
-55.000000	-0.709965 	0.912802  	-7.973800 
-54.000000	-0.731453 	0.888684  	-7.973800 
-53.000000	-0.752940 	0.864566  	-7.973800 
-52.000000	-0.774428 	0.840448  	-7.973800 
-51.000000	-0.795915 	0.816329  	-7.973800 
-50.000000	-0.817869 	0.791657  	-7.973800 
-49.000000	-0.839951 	0.766834  	-7.973800 
-48.000000	-0.862032 	0.742010  	-7.973800 
-47.000000	-0.884114 	0.717187  	-7.973800 
-46.000000	-0.906722 	0.692302  	-7.973800 
-45.000000	-0.930033 	0.667336  	-7.973800 
-44.000000	-0.953344 	0.642370  	-7.973800 
-43.000000	-0.976655 	0.617404  	-7.973800 
-42.000000	-1.000127 	0.592468  	-7.973800 
-41.000000	-1.025704 	0.567926  	-7.973800 
-40.000000	-1.051280 	0.543384  	-7.973800 
-39.000000	-1.076857 	0.518842  	-7.973800 
-38.000000	-1.102433 	0.494300  	-7.973800 
-37.000000	-1.130813 	0.470460  	-7.973800 
-36.000000	-1.160315 	0.446899  	-7.973800 
-35.000000	-1.189817 	0.423339  	-7.973800 
-34.000000	-1.219319 	0.399779  	-7.973800 
-33.000000	-1.251190 	0.376761  	-7.973800 
-32.000000	-1.287325 	0.354718  	-7.973800 
-31.000000	-1.323460 	0.332675  	-7.973800 
-30.000000	-1.359595 	0.310633  	-7.973800 
-29.000000	-1.395730 	0.288590  	-7.973800 
-28.000000	-1.348123 	0.274496  	-7.973800 
-27.000000	-1.300516 	0.260402  	-7.973800 
-26.000000	-1.252909 	0.246307  	-7.973800 
-25.000000	-1.205303 	0.232213  	-7.973800 
-24.000000	-1.157696 	0.218119  	-7.973800 
-23.000000	-1.110089 	0.204025  	-7.973800 
-22.000000	-1.062482 	0.189931  	-7.973800 
-21.000000	-1.014875 	0.175836  	-7.973800 
-20.000000	-0.967268 	0.161742  	-7.973800 
-19.000000	-0.919662 	0.147648  	-7.973800 
-18.000000	-0.872055 	0.133554  	-7.973800 
-17.000000	-0.824448 	0.119459  	-7.973800 
-16.000000	-0.776841 	0.105365  	-7.973800 
-15.000000	-0.729234 	0.091271  	-7.973800 
-14.000000	-0.681627 	0.077177  	-7.973800 
-13.000000	-0.634021 	0.063083  	-7.973800 
-12.000000	-0.586414 	0.048988  	-6.361984 
-11.000000	-0.538807 	0.034894  	-4.105442 
-10.000000	-0.491200 	0.020800  	-1.848900 
-9.000000 	-0.353800 	0.020830  	-1.713800 
-8.000000 	-0.214200 	0.020830  	-1.580100 
-7.000000 	-0.075100 	0.020850  	-1.454100 
-6.000000 	0.063400  	0.020920  	-1.330800 
-5.000000 	0.201100  	0.021050  	-1.214000 
-4.000000 	0.337800  	0.021210  	-1.099800 
-3.000000 	0.473700  	0.021410  	-1.106200 
-2.000000 	0.608200  	0.021660  	-1.211600 
-1.000000 	0.741700  	0.021930  	-1.321800 
0.000000  	0.873500  	0.022270  	-1.437000 
1.000000  	1.004100  	0.022650  	-1.557300 
2.000000  	1.133000  	0.023080  	-1.685200 
3.000000  	1.259800  	0.023610  	-1.824800 
4.000000  	1.384100  	0.024240  	-1.984500 
5.000000  	1.505700  	0.025020  	-2.166600 
6.000000  	1.625700  	0.025810  	-2.377100 
7.000000  	1.742400  	0.026750  	-2.621200 
8.000000  	1.853900  	0.027960  	-2.902300 
9.000000  	1.958100  	0.029500  	-3.213700 
10.000000 	2.048000  	0.031790  	-3.545300 
11.000000 	2.086900  	0.036500  	-3.860500 
12.000000 	2.086800  	0.044850  	-4.109400 
13.000000 	2.078700  	0.056550  	-4.350800 
14.000000 	2.064400  	0.070830  	-4.567900 
15.000000 	2.034100  	0.087770  	-4.749500 
16.000000 	2.012100  	0.104080  	-4.950500 
17.000000 	1.990900  	0.120720  	-5.146600 
18.000000 	1.979500  	0.136290  	-5.370900 
19.000000 	1.976000  	0.150890  	-5.615600 
20.000000 	1.975200  	0.165310  	-5.873800 
21.000000 	1.976800  	0.179260  	-6.121200 
22.000000 	1.976900  	0.193460  	-6.370800 
23.000000 	1.979700  	0.207310  	-6.636000 
24.000000 	1.982100  	0.221140  	-6.879200 
25.000000 	1.984700  	0.234940  	-7.104500 
26.000000 	1.986900  	0.248650  	-7.349800 
27.000000 	1.987100  	0.262660  	-7.550900 
28.000000 	1.985800  	0.276740  	-7.735200 
29.000000 	1.993900  	0.288590  	-7.973800 
30.000000 	1.942279  	0.310633  	-7.973800 
31.000000 	1.890657  	0.332675  	-7.973800 
32.000000 	1.839036  	0.354718  	-7.973800 
33.000000 	1.787414  	0.376761  	-7.973800 
34.000000 	1.741884  	0.399779  	-7.973800 
35.000000 	1.699739  	0.423339  	-7.973800 
36.000000 	1.657593  	0.446899  	-7.973800 
37.000000 	1.615448  	0.470460  	-7.973800 
38.000000 	1.574904  	0.494300  	-7.973800 
39.000000 	1.538367  	0.518842  	-7.973800 
40.000000 	1.501829  	0.543384  	-7.973800 
41.000000 	1.465291  	0.567926  	-7.973800 
42.000000 	1.428753  	0.592468  	-7.973800 
43.000000 	1.395221  	0.617404  	-7.973800 
44.000000 	1.361920  	0.642370  	-7.973800 
45.000000 	1.328618  	0.667336  	-7.973800 
46.000000 	1.295317  	0.692302  	-7.973800 
47.000000 	1.263019  	0.717187  	-7.973800 
48.000000 	1.231474  	0.742010  	-7.973800 
49.000000 	1.199930  	0.766834  	-7.973800 
50.000000 	1.168385  	0.791657  	-7.973800 
51.000000 	1.137022  	0.816329  	-7.973800 
52.000000 	1.106325  	0.840448  	-7.973800 
53.000000 	1.075629  	0.864566  	-7.973800 
54.000000 	1.044932  	0.888684  	-7.973800 
55.000000 	1.014236  	0.912802  	-7.973800 
56.000000 	0.983824  	0.935848  	-7.973800 
57.000000 	0.953459  	0.958716  	-7.973800 
58.000000 	0.923095  	0.981583  	-7.973800 
59.000000 	0.892730  	1.004450  	-7.973800 
60.000000 	0.862415  	1.026434  	-7.973800 
61.000000 	0.832148  	1.047535  	-7.973800 
62.000000 	0.801881  	1.068635  	-7.973800 
63.000000 	0.771614  	1.089735  	-7.973800 
64.000000 	0.741358  	1.110515  	-7.973800 
65.000000 	0.711166  	1.129373  	-7.973800 
66.000000 	0.680975  	1.148232  	-7.973800 
67.000000 	0.650783  	1.167090  	-7.973800 
68.000000 	0.620592  	1.185948  	-7.973800 
69.000000 	0.590570  	1.202713  	-7.973800 
70.000000 	0.560595  	1.218907  	-7.973800 
71.000000 	0.530620  	1.235101  	-7.973800 
72.000000 	0.500645  	1.251294  	-7.973800 
73.000000 	0.470878  	1.266191  	-7.973800 
74.000000 	0.441389  	1.279360  	-7.973800 
75.000000 	0.411900  	1.292528  	-7.973800 
76.000000 	0.382411  	1.305697  	-7.973800 
77.000000 	0.352984  	1.318628  	-7.973800 
78.000000 	0.324351  	1.328481  	-7.973800 
79.000000 	0.295717  	1.338334  	-7.973800 
80.000000 	0.267084  	1.348186  	-7.973800 
81.000000 	0.238451  	1.358039  	-7.973800 
82.000000 	0.210749  	1.365370  	-7.973800 
83.000000 	0.183420  	1.371693  	-7.973800 
84.000000 	0.156091  	1.378016  	-7.973800 
85.000000 	0.128761  	1.384339  	-7.973800 
86.000000 	0.102078  	1.389355  	-7.973800 
87.000000 	0.076559  	1.392016  	-7.973800 
88.000000 	0.051039  	1.394677  	-7.973800 
89.000000 	0.025520  	1.397339  	-7.973800 
90.000000 	0.000000  	1.400000  	-7.973800 
91.000000 	-0.017864 	1.397339  	-7.973800 
92.000000 	-0.035727 	1.394677  	-7.973800 
93.000000 	-0.053591 	1.392016  	-7.973800 
94.000000 	-0.071455 	1.389355  	-7.973800 
95.000000 	-0.090133 	1.384339  	-7.973800 
96.000000 	-0.109263 	1.378016  	-7.973800 
97.000000 	-0.128394 	1.371693  	-7.973800 
98.000000 	-0.147525 	1.365370  	-7.973800 
99.000000 	-0.166916 	1.358039  	-7.973800 
100.000000	-0.186959 	1.348186  	-7.973800 
101.000000	-0.207002 	1.338334  	-7.973800 
102.000000	-0.227045 	1.328481  	-7.973800 
103.000000	-0.247089 	1.318628  	-7.973800 
104.000000	-0.267688 	1.305697  	-7.973800 
105.000000	-0.288330 	1.292528  	-7.973800 
106.000000	-0.308973 	1.279360  	-7.973800 
107.000000	-0.329615 	1.266191  	-7.973800 
108.000000	-0.350452 	1.251294  	-7.973800 
109.000000	-0.371434 	1.235101  	-7.973800 
110.000000	-0.392417 	1.218907  	-7.973800 
111.000000	-0.413399 	1.202713  	-7.973800 
112.000000	-0.434414 	1.185948  	-7.973800 
113.000000	-0.455548 	1.167090  	-7.973800 
114.000000	-0.476682 	1.148232  	-7.973800 
115.000000	-0.497816 	1.129373  	-7.973800 
116.000000	-0.518951 	1.110515  	-7.973800 
117.000000	-0.540130 	1.089735  	-7.973800 
118.000000	-0.561317 	1.068635  	-7.973800 
119.000000	-0.582503 	1.047535  	-7.973800 
120.000000	-0.603690 	1.026434  	-7.973800 
121.000000	-0.624911 	1.004450  	-7.973800 
122.000000	-0.646166 	0.981583  	-7.973800 
123.000000	-0.667422 	0.958716  	-7.973800 
124.000000	-0.688677 	0.935848  	-7.973800 
125.000000	-0.709965 	0.912802  	-7.973800 
126.000000	-0.731453 	0.888684  	-7.973800 
127.000000	-0.752940 	0.864566  	-7.973800 
128.000000	-0.774428 	0.840448  	-7.973800 
129.000000	-0.795915 	0.816329  	-7.973800 
130.000000	-0.817869 	0.791657  	-7.973800 
131.000000	-0.839951 	0.766834  	-7.973800 
132.000000	-0.862032 	0.742010  	-7.973800 
133.000000	-0.884114 	0.717187  	-7.973800 
134.000000	-0.906722 	0.692302  	-7.973800 
135.000000	-0.930033 	0.667336  	-7.973800 
136.000000	-0.953344 	0.642370  	-7.973800 
137.000000	-0.976655 	0.617404  	-7.973800 
138.000000	-1.000127 	0.592468  	-7.973800 
139.000000	-1.025704 	0.567926  	-7.973800 
140.000000	-1.051280 	0.543384  	-7.973800 
141.000000	-1.076857 	0.518842  	-7.973800 
142.000000	-1.102433 	0.494300  	-7.973800 
143.000000	-1.130813 	0.470460  	-7.973800 
144.000000	-1.160315 	0.446899  	-7.973800 
145.000000	-1.189817 	0.423339  	-7.973800 
146.000000	-1.219319 	0.399779  	-7.973800 
147.000000	-1.251190 	0.376761  	-7.973800 
148.000000	-1.287325 	0.354718  	-7.973800 
149.000000	-1.323460 	0.332675  	-7.973800 
150.000000	-1.359595 	0.310633  	-7.973800 
151.000000	-1.395730 	0.288590  	-7.973800 
152.000000	-1.347601 	0.267976  	-7.973800 
153.000000	-1.299473 	0.247361  	-7.973800 
154.000000	-1.251344 	0.227738  	-7.973800 
155.000000	-1.203216 	0.208191  	-7.973800 
156.000000	-1.155087 	0.189646  	-7.973800 
157.000000	-1.106958 	0.171268  	-7.973800 
158.000000	-1.058830 	0.153882  	-7.973800 
159.000000	-1.010701 	0.136767  	-7.973800 
160.000000	-0.962572 	0.120617  	-7.973800 
161.000000	-0.914444 	0.104853  	-7.973800 
162.000000	-0.866315 	0.090010  	-7.973800 
163.000000	-0.818187 	0.075679  	-7.973800 
164.000000	-0.770058 	0.062209  	-7.973800 
165.000000	-0.721929 	0.049385  	-7.973800 
166.000000	-0.673801 	0.037347  	-7.973800 
167.000000	-0.625672 	0.026095  	-7.973800 
168.000000	-0.577543 	0.015804  	-7.973800 
169.000000	-0.529415 	0.006793  	-7.973800 
170.000000	-0.481286 	0.001000  	-7.973800 
171.000000	-0.433158 	0.001000  	-7.973800 
172.000000	-0.385029 	0.001000  	-7.973800 
173.000000	-0.336900 	0.001000  	-7.973800 
174.000000	-0.288772 	0.001000  	-7.973800 
175.000000	-0.240643 	0.001000  	-7.973800 
176.000000	-0.192514 	0.001000  	-7.973800 
177.000000	-0.144386 	0.001000  	-7.973800 
178.000000	-0.096257 	0.001000  	-7.973800 
179.000000	-0.048129 	0.001000  	-7.973800 
180.000000	0.000000  	0.001000  	-7.973800 
! ------------------------------------------------------------------------------
! data for table	8         
! ------------------------------------------------------------------------------
  0.900000  	Re           ! Reynolds number in millions
  0.000000  	UserProp     ! User property (control) setting
Flase           InclUAdata   ! Is unsteady aerodynamics data included in this table? If TRUE, then include UA coefficients below this line. Any missing coefficients will be calculated internally.
! Table of aerodynamics coefficients
  361       	NumAlf       ! Number of data lines in the following table
!Alpha      Cl          Cd          Cm/Cp
!(deg)      (-)         (-)         (-)
-180.000000	0.000000  	0.001000  	-8.018800 
-179.000000	0.048261  	0.001000  	-8.018800 
-178.000000	0.096523  	0.001000  	-8.018800 
-177.000000	0.144784  	0.001000  	-8.018800 
-176.000000	0.193046  	0.001000  	-8.018800 
-175.000000	0.241307  	0.001000  	-8.018800 
-174.000000	0.289568  	0.001000  	-8.018800 
-173.000000	0.337830  	0.001000  	-8.018800 
-172.000000	0.386091  	0.001000  	-8.018800 
-171.000000	0.434352  	0.001000  	-8.018800 
-170.000000	0.482614  	0.001000  	-8.018800 
-169.000000	0.530875  	0.006529  	-8.018800 
-168.000000	0.579137  	0.015131  	-8.018800 
-167.000000	0.627398  	0.025249  	-8.018800 
-166.000000	0.675659  	0.036504  	-8.018800 
-165.000000	0.723921  	0.048545  	-8.018800 
-164.000000	0.772182  	0.061374  	-8.018800 
-163.000000	0.820443  	0.074848  	-8.018800 
-162.000000	0.868705  	0.089184  	-8.018800 
-161.000000	0.916966  	0.104031  	-8.018800 
-160.000000	0.965228  	0.119800  	-8.018800 
-159.000000	1.013489  	0.135955  	-8.018800 
-158.000000	1.061750  	0.153076  	-8.018800 
-157.000000	1.110012  	0.170468  	-8.018800 
-156.000000	1.158273  	0.188852  	-8.018800 
-155.000000	1.206534  	0.207404  	-8.018800 
-154.000000	1.254796  	0.226957  	-8.018800 
-153.000000	1.303057  	0.246587  	-8.018800 
-152.000000	1.351319  	0.267208  	-8.018800 
-151.000000	1.399580  	0.287830  	-8.018800 
-150.000000	1.363272  	0.309881  	-8.018800 
-149.000000	1.326964  	0.331931  	-8.018800 
-148.000000	1.290656  	0.353982  	-8.018800 
-147.000000	1.254348  	0.376032  	-8.018800 
-146.000000	1.222326  	0.399059  	-8.018800 
-145.000000	1.192687  	0.422628  	-8.018800 
-144.000000	1.163047  	0.446197  	-8.018800 
-143.000000	1.133408  	0.469766  	-8.018800 
-142.000000	1.104897  	0.493616  	-8.018800 
-141.000000	1.079208  	0.518167  	-8.018800 
-140.000000	1.053520  	0.542719  	-8.018800 
-139.000000	1.027831  	0.567271  	-8.018800 
-138.000000	1.002142  	0.591822  	-8.018800 
-137.000000	0.978575  	0.616769  	-8.018800 
-136.000000	0.955170  	0.641745  	-8.018800 
-135.000000	0.931766  	0.666722  	-8.018800 
-134.000000	0.908362  	0.691699  	-8.018800 
-133.000000	0.885669  	0.716594  	-8.018800 
-132.000000	0.863509  	0.741429  	-8.018800 
-131.000000	0.841349  	0.766264  	-8.018800 
-130.000000	0.819190  	0.791099  	-8.018800 
-129.000000	0.797160  	0.815783  	-8.018800 
-128.000000	0.775606  	0.839913  	-8.018800 
-127.000000	0.754053  	0.864043  	-8.018800 
-126.000000	0.732499  	0.888174  	-8.018800 
-125.000000	0.710946  	0.912304  	-8.018800 
-124.000000	0.689600  	0.935363  	-8.018800 
-123.000000	0.668290  	0.958243  	-8.018800 
-122.000000	0.646979  	0.981123  	-8.018800 
-121.000000	0.625668  	1.004003  	-8.018800 
-120.000000	0.604397  	1.026000  	-8.018800 
-119.000000	0.583163  	1.047114  	-8.018800 
-118.000000	0.561930  	1.068227  	-8.018800 
-117.000000	0.540697  	1.089341  	-8.018800 
-116.000000	0.519473  	1.110134  	-8.018800 
-115.000000	0.498301  	1.129006  	-8.018800 
-114.000000	0.477129  	1.147879  	-8.018800 
-113.000000	0.455956  	1.166751  	-8.018800 
-112.000000	0.434784  	1.185623  	-8.018800 
-111.000000	0.413737  	1.202402  	-8.018800 
-110.000000	0.392724  	1.218610  	-8.018800 
-109.000000	0.371711  	1.234818  	-8.018800 
-108.000000	0.350698  	1.251026  	-8.018800 
-107.000000	0.329834  	1.265937  	-8.018800 
-106.000000	0.309169  	1.279121  	-8.018800 
-105.000000	0.288503  	1.292304  	-8.018800 
-104.000000	0.267838  	1.305487  	-8.018800 
-103.000000	0.247215  	1.318433  	-8.018800 
-102.000000	0.227156  	1.328300  	-8.018800 
-101.000000	0.207096  	1.338168  	-8.018800 
-100.000000	0.187037  	1.348035  	-8.018800 
-99.000000	0.166977  	1.357903  	-8.018800 
-98.000000	0.147574  	1.365249  	-8.018800 
-97.000000	0.128434  	1.371588  	-8.018800 
-96.000000	0.109294  	1.377926  	-8.018800 
-95.000000	0.090153  	1.384264  	-8.018800 
-94.000000	0.071468  	1.389294  	-8.018800 
-93.000000	0.053601  	1.391971  	-8.018800 
-92.000000	0.035734  	1.394647  	-8.018800 
-91.000000	0.017867  	1.397324  	-8.018800 
-90.000000	0.000000  	1.400000  	-8.018800 
-89.000000	-0.017867 	1.397324  	-8.018800 
-88.000000	-0.035734 	1.394647  	-8.018800 
-87.000000	-0.053601 	1.391971  	-8.018800 
-86.000000	-0.071468 	1.389294  	-8.018800 
-85.000000	-0.090153 	1.384264  	-8.018800 
-84.000000	-0.109294 	1.377926  	-8.018800 
-83.000000	-0.128434 	1.371588  	-8.018800 
-82.000000	-0.147574 	1.365249  	-8.018800 
-81.000000	-0.166977 	1.357903  	-8.018800 
-80.000000	-0.187037 	1.348035  	-8.018800 
-79.000000	-0.207096 	1.338168  	-8.018800 
-78.000000	-0.227156 	1.328300  	-8.018800 
-77.000000	-0.247215 	1.318433  	-8.018800 
-76.000000	-0.267838 	1.305487  	-8.018800 
-75.000000	-0.288503 	1.292304  	-8.018800 
-74.000000	-0.309169 	1.279121  	-8.018800 
-73.000000	-0.329834 	1.265937  	-8.018800 
-72.000000	-0.350698 	1.251026  	-8.018800 
-71.000000	-0.371711 	1.234818  	-8.018800 
-70.000000	-0.392724 	1.218610  	-8.018800 
-69.000000	-0.413737 	1.202402  	-8.018800 
-68.000000	-0.434784 	1.185623  	-8.018800 
-67.000000	-0.455956 	1.166751  	-8.018800 
-66.000000	-0.477129 	1.147879  	-8.018800 
-65.000000	-0.498301 	1.129006  	-8.018800 
-64.000000	-0.519473 	1.110134  	-8.018800 
-63.000000	-0.540697 	1.089341  	-8.018800 
-62.000000	-0.561930 	1.068227  	-8.018800 
-61.000000	-0.583163 	1.047114  	-8.018800 
-60.000000	-0.604397 	1.026000  	-8.018800 
-59.000000	-0.625668 	1.004003  	-8.018800 
-58.000000	-0.646979 	0.981123  	-8.018800 
-57.000000	-0.668290 	0.958243  	-8.018800 
-56.000000	-0.689600 	0.935363  	-8.018800 
-55.000000	-0.710946 	0.912304  	-8.018800 
-54.000000	-0.732499 	0.888174  	-8.018800 
-53.000000	-0.754053 	0.864043  	-8.018800 
-52.000000	-0.775606 	0.839913  	-8.018800 
-51.000000	-0.797160 	0.815783  	-8.018800 
-50.000000	-0.819190 	0.791099  	-8.018800 
-49.000000	-0.841349 	0.766264  	-8.018800 
-48.000000	-0.863509 	0.741429  	-8.018800 
-47.000000	-0.885669 	0.716594  	-8.018800 
-46.000000	-0.908362 	0.691699  	-8.018800 
-45.000000	-0.931766 	0.666722  	-8.018800 
-44.000000	-0.955170 	0.641745  	-8.018800 
-43.000000	-0.978575 	0.616769  	-8.018800 
-42.000000	-1.002142 	0.591822  	-8.018800 
-41.000000	-1.027831 	0.567271  	-8.018800 
-40.000000	-1.053520 	0.542719  	-8.018800 
-39.000000	-1.079208 	0.518167  	-8.018800 
-38.000000	-1.104897 	0.493616  	-8.018800 
-37.000000	-1.133408 	0.469766  	-8.018800 
-36.000000	-1.163047 	0.446197  	-8.018800 
-35.000000	-1.192687 	0.422628  	-8.018800 
-34.000000	-1.222326 	0.399059  	-8.018800 
-33.000000	-1.254348 	0.376032  	-8.018800 
-32.000000	-1.290656 	0.353982  	-8.018800 
-31.000000	-1.326964 	0.331931  	-8.018800 
-30.000000	-1.363272 	0.309881  	-8.018800 
-29.000000	-1.399580 	0.287830  	-8.018800 
-28.000000	-1.351792 	0.273766  	-8.018800 
-27.000000	-1.304003 	0.259703  	-8.018800 
-26.000000	-1.256215 	0.245639  	-8.018800 
-25.000000	-1.208426 	0.231575  	-8.018800 
-24.000000	-1.160638 	0.217512  	-8.018800 
-23.000000	-1.112849 	0.203448  	-8.018800 
-22.000000	-1.065061 	0.189384  	-8.018800 
-21.000000	-1.017273 	0.175321  	-8.018800 
-20.000000	-0.969484 	0.161257  	-8.018800 
-19.000000	-0.921696 	0.147193  	-8.018800 
-18.000000	-0.873907 	0.133129  	-8.018800 
-17.000000	-0.826119 	0.119066  	-8.018800 
-16.000000	-0.778331 	0.105002  	-8.018800 
-15.000000	-0.730542 	0.090938  	-8.018800 
-14.000000	-0.682754 	0.076875  	-8.018800 
-13.000000	-0.634965 	0.062811  	-8.018800 
-12.000000	-0.587177 	0.048747  	-6.395721 
-11.000000	-0.539388 	0.034684  	-4.123411 
-10.000000	-0.491600 	0.020620  	-1.851100 
-9.000000 	-0.350600 	0.020580  	-1.713800 
-8.000000 	-0.211100 	0.020590  	-1.583650 
-7.000000 	-0.071600 	0.020600  	-1.453500 
-6.000000 	0.066900  	0.020670  	-1.330900 
-5.000000 	0.204300  	0.020840  	-1.213500 
-4.000000 	0.341400  	0.020990  	-1.099700 
-3.000000 	0.476900  	0.021200  	-1.108400 
-2.000000 	0.612200  	0.021410  	-1.214400 
-1.000000 	0.745600  	0.021680  	-1.324600 
0.000000  	0.877700  	0.021990  	-1.440200 
1.000000  	1.008500  	0.022350  	-1.560700 
2.000000  	1.137300  	0.022790  	-1.688700 
3.000000  	1.263800  	0.023330  	-1.828200 
4.000000  	1.389000  	0.023910  	-1.988700 
5.000000  	1.512000  	0.024570  	-2.172600 
6.000000  	1.631900  	0.025370  	-2.383700 
7.000000  	1.748300  	0.026340  	-2.628200 
8.000000  	1.860200  	0.027510  	-2.911100 
9.000000  	1.965200  	0.029030  	-3.224500 
10.000000 	2.055100  	0.031360  	-3.558200 
11.000000 	2.100500  	0.035730  	-3.886400 
12.000000 	2.100600  	0.043770  	-4.138500 
13.000000 	2.096800  	0.054840  	-4.390800 
14.000000 	2.079000  	0.069340  	-4.602100 
15.000000 	2.056000  	0.085320  	-4.803500 
16.000000 	2.033600  	0.101800  	-5.004500 
17.000000 	2.011200  	0.118280  	-5.205500 
18.000000 	1.998800  	0.133900  	-5.430600 
19.000000 	1.990700  	0.149070  	-5.665900 
20.000000 	1.987700  	0.163670  	-5.920400 
21.000000 	1.989000  	0.177710  	-6.168800 
22.000000 	1.990200  	0.191640  	-6.427200 
23.000000 	1.994500  	0.205110  	-6.703900 
24.000000 	1.994200  	0.219380  	-6.939000 
25.000000 	1.994300  	0.233560  	-7.156700 
26.000000 	1.995600  	0.247400  	-7.401800 
27.000000 	1.999700  	0.260540  	-7.630800 
28.000000 	1.997000  	0.274830  	-7.813000 
29.000000 	1.999400  	0.287830  	-8.018800 
30.000000 	1.947531  	0.309881  	-8.018800 
31.000000 	1.895663  	0.331931  	-8.018800 
32.000000 	1.843794  	0.353982  	-8.018800 
33.000000 	1.791925  	0.376032  	-8.018800 
34.000000 	1.746181  	0.399059  	-8.018800 
35.000000 	1.703838  	0.422628  	-8.018800 
36.000000 	1.661496  	0.446197  	-8.018800 
37.000000 	1.619154  	0.469766  	-8.018800 
38.000000 	1.578424  	0.493616  	-8.018800 
39.000000 	1.541726  	0.518167  	-8.018800 
40.000000 	1.505028  	0.542719  	-8.018800 
41.000000 	1.468330  	0.567271  	-8.018800 
42.000000 	1.431631  	0.591822  	-8.018800 
43.000000 	1.397964  	0.616769  	-8.018800 
44.000000 	1.364529  	0.641745  	-8.018800 
45.000000 	1.331094  	0.666722  	-8.018800 
46.000000 	1.297660  	0.691699  	-8.018800 
47.000000 	1.265241  	0.716594  	-8.018800 
48.000000 	1.233584  	0.741429  	-8.018800 
49.000000 	1.201928  	0.766264  	-8.018800 
50.000000 	1.170271  	0.791099  	-8.018800 
51.000000 	1.138800  	0.815783  	-8.018800 
52.000000 	1.108009  	0.839913  	-8.018800 
53.000000 	1.077218  	0.864043  	-8.018800 
54.000000 	1.046428  	0.888174  	-8.018800 
55.000000 	1.015637  	0.912304  	-8.018800 
56.000000 	0.985144  	0.935363  	-8.018800 
57.000000 	0.954700  	0.958243  	-8.018800 
58.000000 	0.924256  	0.981123  	-8.018800 
59.000000 	0.893812  	1.004003  	-8.018800 
60.000000 	0.863424  	1.026000  	-8.018800 
61.000000 	0.833091  	1.047114  	-8.018800 
62.000000 	0.802758  	1.068227  	-8.018800 
63.000000 	0.772425  	1.089341  	-8.018800 
64.000000 	0.742104  	1.110134  	-8.018800 
65.000000 	0.711858  	1.129006  	-8.018800 
66.000000 	0.681612  	1.147879  	-8.018800 
67.000000 	0.651366  	1.166751  	-8.018800 
68.000000 	0.621120  	1.185623  	-8.018800 
69.000000 	0.591053  	1.202402  	-8.018800 
70.000000 	0.561035  	1.218610  	-8.018800 
71.000000 	0.531016  	1.234818  	-8.018800 
72.000000 	0.500998  	1.251026  	-8.018800 
73.000000 	0.471192  	1.265937  	-8.018800 
74.000000 	0.441670  	1.279121  	-8.018800 
75.000000 	0.412148  	1.292304  	-8.018800 
76.000000 	0.382625  	1.305487  	-8.018800 
77.000000 	0.353165  	1.318433  	-8.018800 
78.000000 	0.324508  	1.328300  	-8.018800 
79.000000 	0.295852  	1.338168  	-8.018800 
80.000000 	0.267195  	1.348035  	-8.018800 
81.000000 	0.238539  	1.357903  	-8.018800 
82.000000 	0.210820  	1.365249  	-8.018800 
83.000000 	0.183477  	1.371588  	-8.018800 
84.000000 	0.156134  	1.377926  	-8.018800 
85.000000 	0.128790  	1.384264  	-8.018800 
86.000000 	0.102097  	1.389294  	-8.018800 
87.000000 	0.076572  	1.391971  	-8.018800 
88.000000 	0.051048  	1.394647  	-8.018800 
89.000000 	0.025524  	1.397324  	-8.018800 
90.000000 	0.000000  	1.400000  	-8.018800 
91.000000 	-0.017867 	1.397324  	-8.018800 
92.000000 	-0.035734 	1.394647  	-8.018800 
93.000000 	-0.053601 	1.391971  	-8.018800 
94.000000 	-0.071468 	1.389294  	-8.018800 
95.000000 	-0.090153 	1.384264  	-8.018800 
96.000000 	-0.109294 	1.377926  	-8.018800 
97.000000 	-0.128434 	1.371588  	-8.018800 
98.000000 	-0.147574 	1.365249  	-8.018800 
99.000000 	-0.166977 	1.357903  	-8.018800 
100.000000	-0.187037 	1.348035  	-8.018800 
101.000000	-0.207096 	1.338168  	-8.018800 
102.000000	-0.227156 	1.328300  	-8.018800 
103.000000	-0.247215 	1.318433  	-8.018800 
104.000000	-0.267838 	1.305487  	-8.018800 
105.000000	-0.288503 	1.292304  	-8.018800 
106.000000	-0.309169 	1.279121  	-8.018800 
107.000000	-0.329834 	1.265937  	-8.018800 
108.000000	-0.350698 	1.251026  	-8.018800 
109.000000	-0.371711 	1.234818  	-8.018800 
110.000000	-0.392724 	1.218610  	-8.018800 
111.000000	-0.413737 	1.202402  	-8.018800 
112.000000	-0.434784 	1.185623  	-8.018800 
113.000000	-0.455956 	1.166751  	-8.018800 
114.000000	-0.477129 	1.147879  	-8.018800 
115.000000	-0.498301 	1.129006  	-8.018800 
116.000000	-0.519473 	1.110134  	-8.018800 
117.000000	-0.540697 	1.089341  	-8.018800 
118.000000	-0.561930 	1.068227  	-8.018800 
119.000000	-0.583163 	1.047114  	-8.018800 
120.000000	-0.604397 	1.026000  	-8.018800 
121.000000	-0.625668 	1.004003  	-8.018800 
122.000000	-0.646979 	0.981123  	-8.018800 
123.000000	-0.668290 	0.958243  	-8.018800 
124.000000	-0.689600 	0.935363  	-8.018800 
125.000000	-0.710946 	0.912304  	-8.018800 
126.000000	-0.732499 	0.888174  	-8.018800 
127.000000	-0.754053 	0.864043  	-8.018800 
128.000000	-0.775606 	0.839913  	-8.018800 
129.000000	-0.797160 	0.815783  	-8.018800 
130.000000	-0.819190 	0.791099  	-8.018800 
131.000000	-0.841349 	0.766264  	-8.018800 
132.000000	-0.863509 	0.741429  	-8.018800 
133.000000	-0.885669 	0.716594  	-8.018800 
134.000000	-0.908362 	0.691699  	-8.018800 
135.000000	-0.931766 	0.666722  	-8.018800 
136.000000	-0.955170 	0.641745  	-8.018800 
137.000000	-0.978575 	0.616769  	-8.018800 
138.000000	-1.002142 	0.591822  	-8.018800 
139.000000	-1.027831 	0.567271  	-8.018800 
140.000000	-1.053520 	0.542719  	-8.018800 
141.000000	-1.079208 	0.518167  	-8.018800 
142.000000	-1.104897 	0.493616  	-8.018800 
143.000000	-1.133408 	0.469766  	-8.018800 
144.000000	-1.163047 	0.446197  	-8.018800 
145.000000	-1.192687 	0.422628  	-8.018800 
146.000000	-1.222326 	0.399059  	-8.018800 
147.000000	-1.254348 	0.376032  	-8.018800 
148.000000	-1.290656 	0.353982  	-8.018800 
149.000000	-1.326964 	0.331931  	-8.018800 
150.000000	-1.363272 	0.309881  	-8.018800 
151.000000	-1.399580 	0.287830  	-8.018800 
152.000000	-1.351319 	0.267208  	-8.018800 
153.000000	-1.303057 	0.246587  	-8.018800 
154.000000	-1.254796 	0.226957  	-8.018800 
155.000000	-1.206534 	0.207404  	-8.018800 
156.000000	-1.158273 	0.188852  	-8.018800 
157.000000	-1.110012 	0.170468  	-8.018800 
158.000000	-1.061750 	0.153076  	-8.018800 
159.000000	-1.013489 	0.135955  	-8.018800 
160.000000	-0.965228 	0.119800  	-8.018800 
161.000000	-0.916966 	0.104031  	-8.018800 
162.000000	-0.868705 	0.089184  	-8.018800 
163.000000	-0.820443 	0.074848  	-8.018800 
164.000000	-0.772182 	0.061374  	-8.018800 
165.000000	-0.723921 	0.048545  	-8.018800 
166.000000	-0.675659 	0.036504  	-8.018800 
167.000000	-0.627398 	0.025249  	-8.018800 
168.000000	-0.579137 	0.015131  	-8.018800 
169.000000	-0.530875 	0.006529  	-8.018800 
170.000000	-0.482614 	0.001000  	-8.018800 
171.000000	-0.434352 	0.001000  	-8.018800 
172.000000	-0.386091 	0.001000  	-8.018800 
173.000000	-0.337830 	0.001000  	-8.018800 
174.000000	-0.289568 	0.001000  	-8.018800 
175.000000	-0.241307 	0.001000  	-8.018800 
176.000000	-0.193046 	0.001000  	-8.018800 
177.000000	-0.144784 	0.001000  	-8.018800 
178.000000	-0.096523 	0.001000  	-8.018800 
179.000000	-0.048261 	0.001000  	-8.018800 
180.000000	0.000000  	0.001000  	-8.018800 
! ------------------------------------------------------------------------------
! data for table	9         
! ------------------------------------------------------------------------------
  1.000000  	Re           ! Reynolds number in millions
  0.000000  	UserProp     ! User property (control) setting
Flase           InclUAdata   ! Is unsteady aerodynamics data included in this table? If TRUE, then include UA coefficients below this line. Any missing coefficients will be calculated internally.
! Table of aerodynamics coefficients
  361       	NumAlf       ! Number of data lines in the following table
!Alpha      Cl          Cd          Cm/Cp
!(deg)      (-)         (-)         (-)
-180.000000	0.000000  	0.001000  	-7.875000 
-179.000000	0.050095  	0.001000  	-7.875000 
-178.000000	0.100190  	0.001000  	-7.875000 
-177.000000	0.150285  	0.001000  	-7.875000 
-176.000000	0.200380  	0.001000  	-7.875000 
-175.000000	0.250475  	0.001000  	-7.875000 
-174.000000	0.300570  	0.001000  	-7.875000 
-173.000000	0.350665  	0.001000  	-7.875000 
-172.000000	0.400760  	0.001000  	-7.875000 
-171.000000	0.450855  	0.002203  	-7.875000 
-170.000000	0.500950  	0.003406  	-7.875000 
-169.000000	0.551045  	0.012689  	-7.875000 
-168.000000	0.601140  	0.021972  	-7.875000 
-167.000000	0.651235  	0.032836  	-7.875000 
-166.000000	0.701330  	0.043700  	-7.875000 
-165.000000	0.751425  	0.056092  	-7.875000 
-164.000000	0.801520  	0.068485  	-7.875000 
-163.000000	0.851615  	0.082347  	-7.875000 
-162.000000	0.901710  	0.096209  	-7.875000 
-161.000000	0.951805  	0.111473  	-7.875000 
-160.000000	1.001900  	0.126738  	-7.875000 
-159.000000	1.051995  	0.143331  	-7.875000 
-158.000000	1.102090  	0.159924  	-7.875000 
-157.000000	1.152185  	0.177766  	-7.875000 
-156.000000	1.202280  	0.195608  	-7.875000 
-155.000000	1.252375  	0.214613  	-7.875000 
-154.000000	1.302470  	0.233618  	-7.875000 
-153.000000	1.352565  	0.253694  	-7.875000 
-152.000000	1.402660  	0.273770  	-7.875000 
-151.000000	1.366105  	0.295347  	-7.875000 
-150.000000	1.329551  	0.316923  	-7.875000 
-149.000000	1.292996  	0.338500  	-7.875000 
-148.000000	1.256442  	0.360077  	-7.875000 
-147.000000	1.224004  	0.382594  	-7.875000 
-146.000000	1.194654  	0.405817  	-7.875000 
-145.000000	1.165303  	0.429041  	-7.875000 
-144.000000	1.135953  	0.452264  	-7.875000 
-143.000000	1.107201  	0.475644  	-7.875000 
-142.000000	1.082045  	0.499967  	-7.875000 
-141.000000	1.056888  	0.524290  	-7.875000 
-140.000000	1.031732  	0.548613  	-7.875000 
-139.000000	1.006575  	0.572935  	-7.875000 
-138.000000	0.983116  	0.597635  	-7.875000 
-137.000000	0.960337  	0.622485  	-7.875000 
-136.000000	0.937557  	0.647335  	-7.875000 
-135.000000	0.914777  	0.672185  	-7.875000 
-134.000000	0.892356  	0.697019  	-7.875000 
-133.000000	0.870830  	0.721813  	-7.875000 
-132.000000	0.849304  	0.746606  	-7.875000 
-131.000000	0.827778  	0.771399  	-7.875000 
-130.000000	0.806252  	0.796192  	-7.875000 
-129.000000	0.785213  	0.820438  	-7.875000 
-128.000000	0.764255  	0.844592  	-7.875000 
-127.000000	0.743297  	0.868746  	-7.875000 
-126.000000	0.722340  	0.892901  	-7.875000 
-125.000000	0.701458  	0.916538  	-7.875000 
-124.000000	0.680679  	0.939487  	-7.875000 
-123.000000	0.659899  	0.962436  	-7.875000 
-122.000000	0.639119  	0.985385  	-7.875000 
-121.000000	0.618339  	1.008334  	-7.875000 
-120.000000	0.597558  	1.029540  	-7.875000 
-119.000000	0.576777  	1.050746  	-7.875000 
-118.000000	0.555995  	1.071953  	-7.875000 
-117.000000	0.535214  	1.093159  	-7.875000 
-116.000000	0.514419  	1.113087  	-7.875000 
-115.000000	0.493614  	1.132056  	-7.875000 
-114.000000	0.472809  	1.151025  	-7.875000 
-113.000000	0.452004  	1.169994  	-7.875000 
-112.000000	0.431209  	1.188581  	-7.875000 
-111.000000	0.410479  	1.204871  	-7.875000 
-110.000000	0.389749  	1.221161  	-7.875000 
-109.000000	0.369018  	1.237452  	-7.875000 
-108.000000	0.348288  	1.253742  	-7.875000 
-107.000000	0.327749  	1.267850  	-7.875000 
-106.000000	0.307286  	1.281085  	-7.875000 
-105.000000	0.286823  	1.294320  	-7.875000 
-104.000000	0.266361  	1.307555  	-7.875000 
-103.000000	0.246050  	1.319830  	-7.875000 
-102.000000	0.226122  	1.329705  	-7.875000 
-101.000000	0.206194  	1.339581  	-7.875000 
-100.000000	0.186265  	1.349456  	-7.875000 
-99.000000	0.166337  	1.359332  	-7.875000 
-98.000000	0.147144  	1.366136  	-7.875000 
-97.000000	0.128073  	1.372429  	-7.875000 
-96.000000	0.109002  	1.378721  	-7.875000 
-95.000000	0.089932  	1.385014  	-7.875000 
-94.000000	0.071386  	1.389712  	-7.875000 
-93.000000	0.053539  	1.392284  	-7.875000 
-92.000000	0.035693  	1.394856  	-7.875000 
-91.000000	0.017846  	1.397428  	-7.875000 
-90.000000	0.000000  	1.400000  	-7.875000 
-89.000000	-0.017846 	1.397428  	-7.875000 
-88.000000	-0.035693 	1.394856  	-7.875000 
-87.000000	-0.053539 	1.392284  	-7.875000 
-86.000000	-0.071386 	1.389712  	-7.875000 
-85.000000	-0.089932 	1.385014  	-7.875000 
-84.000000	-0.109002 	1.378721  	-7.875000 
-83.000000	-0.128073 	1.372429  	-7.875000 
-82.000000	-0.147144 	1.366136  	-7.875000 
-81.000000	-0.166337 	1.359332  	-7.875000 
-80.000000	-0.186265 	1.349456  	-7.875000 
-79.000000	-0.206194 	1.339581  	-7.875000 
-78.000000	-0.226122 	1.329705  	-7.875000 
-77.000000	-0.246050 	1.319830  	-7.875000 
-76.000000	-0.266361 	1.307555  	-7.875000 
-75.000000	-0.286823 	1.294320  	-7.875000 
-74.000000	-0.307286 	1.281085  	-7.875000 
-73.000000	-0.327749 	1.267850  	-7.875000 
-72.000000	-0.348288 	1.253742  	-7.875000 
-71.000000	-0.369018 	1.237452  	-7.875000 
-70.000000	-0.389749 	1.221161  	-7.875000 
-69.000000	-0.410479 	1.204871  	-7.875000 
-68.000000	-0.431209 	1.188581  	-7.875000 
-67.000000	-0.452004 	1.169994  	-7.875000 
-66.000000	-0.472809 	1.151025  	-7.875000 
-65.000000	-0.493614 	1.132056  	-7.875000 
-64.000000	-0.514419 	1.113087  	-7.875000 
-63.000000	-0.535214 	1.093159  	-7.875000 
-62.000000	-0.555995 	1.071953  	-7.875000 
-61.000000	-0.576777 	1.050746  	-7.875000 
-60.000000	-0.597558 	1.029540  	-7.875000 
-59.000000	-0.618339 	1.008334  	-7.875000 
-58.000000	-0.639119 	0.985385  	-7.875000 
-57.000000	-0.659899 	0.962436  	-7.875000 
-56.000000	-0.680679 	0.939487  	-7.875000 
-55.000000	-0.701458 	0.916538  	-7.875000 
-54.000000	-0.722340 	0.892901  	-7.875000 
-53.000000	-0.743297 	0.868746  	-7.875000 
-52.000000	-0.764255 	0.844592  	-7.875000 
-51.000000	-0.785213 	0.820438  	-7.875000 
-50.000000	-0.806252 	0.796192  	-7.875000 
-49.000000	-0.827778 	0.771399  	-7.875000 
-48.000000	-0.849304 	0.746606  	-7.875000 
-47.000000	-0.870830 	0.721813  	-7.875000 
-46.000000	-0.892356 	0.697019  	-7.875000 
-45.000000	-0.914777 	0.672185  	-7.875000 
-44.000000	-0.937557 	0.647335  	-7.875000 
-43.000000	-0.960337 	0.622485  	-7.875000 
-42.000000	-0.983116 	0.597635  	-7.875000 
-41.000000	-1.006575 	0.572935  	-7.875000 
-40.000000	-1.031732 	0.548613  	-7.875000 
-39.000000	-1.056888 	0.524290  	-7.875000 
-38.000000	-1.082045 	0.499967  	-7.875000 
-37.000000	-1.107201 	0.475644  	-7.875000 
-36.000000	-1.135953 	0.452264  	-7.875000 
-35.000000	-1.165303 	0.429041  	-7.875000 
-34.000000	-1.194654 	0.405817  	-7.875000 
-33.000000	-1.224004 	0.382594  	-7.875000 
-32.000000	-1.256442 	0.360077  	-7.875000 
-31.000000	-1.292996 	0.338500  	-7.875000 
-30.000000	-1.329551 	0.316923  	-7.875000 
-29.000000	-1.366105 	0.295347  	-7.875000 
-28.000000	-1.402660 	0.273770  	-7.875000 
-27.000000	-1.351907 	0.259696  	-7.875000 
-26.000000	-1.301153 	0.245622  	-7.875000 
-25.000000	-1.250400 	0.231548  	-7.875000 
-24.000000	-1.199647 	0.217474  	-7.875000 
-23.000000	-1.148893 	0.203401  	-7.875000 
-22.000000	-1.098140 	0.189327  	-7.875000 
-21.000000	-1.047387 	0.175253  	-7.875000 
-20.000000	-0.996633 	0.161179  	-7.875000 
-19.000000	-0.945880 	0.147105  	-7.875000 
-18.000000	-0.895127 	0.133031  	-7.875000 
-17.000000	-0.844373 	0.118957  	-7.875000 
-16.000000	-0.793620 	0.104883  	-7.875000 
-15.000000	-0.742867 	0.090809  	-7.875000 
-14.000000	-0.692113 	0.076736  	-7.875000 
-13.000000	-0.641360 	0.062662  	-7.875000 
-12.000000	-0.590607 	0.048588  	-6.536489 
-11.000000	-0.539853 	0.034514  	-4.194094 
-10.000000	-0.489100 	0.020440  	-1.851700 
-9.000000 	-0.349000 	0.020360  	-1.713600 
-8.000000 	-0.208200 	0.020350  	-1.581300 
-7.000000 	-0.068500 	0.020370  	-1.452900 
-6.000000 	0.070300  	0.020470  	-1.329900 
-5.000000 	0.208400  	0.020590  	-1.212700 
-4.000000 	0.345100  	0.020770  	-1.099500 
-3.000000 	0.481300  	0.020960  	-1.110000 
-2.000000 	0.615400  	0.021210  	-1.216800 
-1.000000 	0.749300  	0.021480  	-1.328100 
0.000000  	0.881500  	0.021780  	-1.443000 
1.000000  	1.011900  	0.022130  	-1.563300 
2.000000  	1.141300  	0.022540  	-1.691500 
3.000000  	1.268500  	0.023020  	-1.832000 
4.000000  	1.392700  	0.023650  	-1.990900 
5.000000  	1.515900  	0.024300  	-2.175100 
6.000000  	1.636800  	0.025040  	-2.389000 
7.000000  	1.753700  	0.025950  	-2.635300 
8.000000  	1.865900  	0.027130  	-2.920200 
9.000000  	1.971800  	0.028590  	-3.234700 
10.000000 	2.062600  	0.030890  	-3.571900 
11.000000 	2.111700  	0.035130  	-3.904200 
12.000000 	2.110100  	0.043080  	-4.157000 
13.000000 	2.107400  	0.053830  	-4.413300 
14.000000 	2.096100  	0.067550  	-4.643700 
15.000000 	2.071600  	0.083580  	-4.849800 
16.000000 	2.043200  	0.100580  	-5.034600 
17.000000 	2.027400  	0.116360  	-5.254300 
18.000000 	2.013100  	0.132120  	-5.477200 
19.000000 	2.005500  	0.147200  	-5.710300 
20.000000 	2.001000  	0.161950  	-5.958000 
21.000000 	2.001800  	0.175950  	-6.221900 
22.000000 	2.004100  	0.189660  	-6.486900 
23.000000 	2.004200  	0.203730  	-6.736800 
24.000000 	2.006800  	0.217420  	-7.006600 
25.000000 	2.008100  	0.231250  	-7.236300 
26.000000 	2.011500  	0.244610  	-7.490100 
27.000000 	2.009100  	0.258960  	-7.689100 
28.000000 	2.003800  	0.273770  	-7.875000 
29.000000 	1.951579  	0.295347  	-7.875000 
30.000000 	1.899359  	0.316923  	-7.875000 
31.000000 	1.847138  	0.338500  	-7.875000 
32.000000 	1.794917  	0.360077  	-7.875000 
33.000000 	1.748577  	0.382594  	-7.875000 
34.000000 	1.706648  	0.405817  	-7.875000 
35.000000 	1.664719  	0.429041  	-7.875000 
36.000000 	1.622790  	0.452264  	-7.875000 
37.000000 	1.581716  	0.475644  	-7.875000 
38.000000 	1.545778  	0.499967  	-7.875000 
39.000000 	1.509841  	0.524290  	-7.875000 
40.000000 	1.473903  	0.548613  	-7.875000 
41.000000 	1.437965  	0.572935  	-7.875000 
42.000000 	1.404452  	0.597635  	-7.875000 
43.000000 	1.371909  	0.622485  	-7.875000 
44.000000 	1.339367  	0.647335  	-7.875000 
45.000000 	1.306824  	0.672185  	-7.875000 
46.000000 	1.274794  	0.697019  	-7.875000 
47.000000 	1.244042  	0.721813  	-7.875000 
48.000000 	1.213291  	0.746606  	-7.875000 
49.000000 	1.182540  	0.771399  	-7.875000 
50.000000 	1.151788  	0.796192  	-7.875000 
51.000000 	1.121733  	0.820438  	-7.875000 
52.000000 	1.091793  	0.844592  	-7.875000 
53.000000 	1.061853  	0.868746  	-7.875000 
54.000000 	1.031914  	0.892901  	-7.875000 
55.000000 	1.002083  	0.916538  	-7.875000 
56.000000 	0.972398  	0.939487  	-7.875000 
57.000000 	0.942712  	0.962436  	-7.875000 
58.000000 	0.913027  	0.985385  	-7.875000 
59.000000 	0.883342  	1.008334  	-7.875000 
60.000000 	0.853654  	1.029540  	-7.875000 
61.000000 	0.823967  	1.050746  	-7.875000 
62.000000 	0.794279  	1.071953  	-7.875000 
63.000000 	0.764591  	1.093159  	-7.875000 
64.000000 	0.734884  	1.113087  	-7.875000 
65.000000 	0.705163  	1.132056  	-7.875000 
66.000000 	0.675441  	1.151025  	-7.875000 
67.000000 	0.645720  	1.169994  	-7.875000 
68.000000 	0.616013  	1.188581  	-7.875000 
69.000000 	0.586399  	1.204871  	-7.875000 
70.000000 	0.556784  	1.221161  	-7.875000 
71.000000 	0.527169  	1.237452  	-7.875000 
72.000000 	0.497554  	1.253742  	-7.875000 
73.000000 	0.468212  	1.267850  	-7.875000 
74.000000 	0.438980  	1.281085  	-7.875000 
75.000000 	0.409747  	1.294320  	-7.875000 
76.000000 	0.380515  	1.307555  	-7.875000 
77.000000 	0.351501  	1.319830  	-7.875000 
78.000000 	0.323031  	1.329705  	-7.875000 
79.000000 	0.294562  	1.339581  	-7.875000 
80.000000 	0.266093  	1.349456  	-7.875000 
81.000000 	0.237624  	1.359332  	-7.875000 
82.000000 	0.210205  	1.366136  	-7.875000 
83.000000 	0.182961  	1.372429  	-7.875000 
84.000000 	0.155718  	1.378721  	-7.875000 
85.000000 	0.128474  	1.385014  	-7.875000 
86.000000 	0.101980  	1.389712  	-7.875000 
87.000000 	0.076485  	1.392284  	-7.875000 
88.000000 	0.050990  	1.394856  	-7.875000 
89.000000 	0.025495  	1.397428  	-7.875000 
90.000000 	0.000000  	1.400000  	-7.875000 
91.000000 	-0.017846 	1.397428  	-7.875000 
92.000000 	-0.035693 	1.394856  	-7.875000 
93.000000 	-0.053539 	1.392284  	-7.875000 
94.000000 	-0.071386 	1.389712  	-7.875000 
95.000000 	-0.089932 	1.385014  	-7.875000 
96.000000 	-0.109002 	1.378721  	-7.875000 
97.000000 	-0.128073 	1.372429  	-7.875000 
98.000000 	-0.147144 	1.366136  	-7.875000 
99.000000 	-0.166337 	1.359332  	-7.875000 
100.000000	-0.186265 	1.349456  	-7.875000 
101.000000	-0.206194 	1.339581  	-7.875000 
102.000000	-0.226122 	1.329705  	-7.875000 
103.000000	-0.246050 	1.319830  	-7.875000 
104.000000	-0.266361 	1.307555  	-7.875000 
105.000000	-0.286823 	1.294320  	-7.875000 
106.000000	-0.307286 	1.281085  	-7.875000 
107.000000	-0.327749 	1.267850  	-7.875000 
108.000000	-0.348288 	1.253742  	-7.875000 
109.000000	-0.369018 	1.237452  	-7.875000 
110.000000	-0.389749 	1.221161  	-7.875000 
111.000000	-0.410479 	1.204871  	-7.875000 
112.000000	-0.431209 	1.188581  	-7.875000 
113.000000	-0.452004 	1.169994  	-7.875000 
114.000000	-0.472809 	1.151025  	-7.875000 
115.000000	-0.493614 	1.132056  	-7.875000 
116.000000	-0.514419 	1.113087  	-7.875000 
117.000000	-0.535214 	1.093159  	-7.875000 
118.000000	-0.555995 	1.071953  	-7.875000 
119.000000	-0.576777 	1.050746  	-7.875000 
120.000000	-0.597558 	1.029540  	-7.875000 
121.000000	-0.618339 	1.008334  	-7.875000 
122.000000	-0.639119 	0.985385  	-7.875000 
123.000000	-0.659899 	0.962436  	-7.875000 
124.000000	-0.680679 	0.939487  	-7.875000 
125.000000	-0.701458 	0.916538  	-7.875000 
126.000000	-0.722340 	0.892901  	-7.875000 
127.000000	-0.743297 	0.868746  	-7.875000 
128.000000	-0.764255 	0.844592  	-7.875000 
129.000000	-0.785213 	0.820438  	-7.875000 
130.000000	-0.806252 	0.796192  	-7.875000 
131.000000	-0.827778 	0.771399  	-7.875000 
132.000000	-0.849304 	0.746606  	-7.875000 
133.000000	-0.870830 	0.721813  	-7.875000 
134.000000	-0.892356 	0.697019  	-7.875000 
135.000000	-0.914777 	0.672185  	-7.875000 
136.000000	-0.937557 	0.647335  	-7.875000 
137.000000	-0.960337 	0.622485  	-7.875000 
138.000000	-0.983116 	0.597635  	-7.875000 
139.000000	-1.006575 	0.572935  	-7.875000 
140.000000	-1.031732 	0.548613  	-7.875000 
141.000000	-1.056888 	0.524290  	-7.875000 
142.000000	-1.082045 	0.499967  	-7.875000 
143.000000	-1.107201 	0.475644  	-7.875000 
144.000000	-1.135953 	0.452264  	-7.875000 
145.000000	-1.165303 	0.429041  	-7.875000 
146.000000	-1.194654 	0.405817  	-7.875000 
147.000000	-1.224004 	0.382594  	-7.875000 
148.000000	-1.256442 	0.360077  	-7.875000 
149.000000	-1.292996 	0.338500  	-7.875000 
150.000000	-1.329551 	0.316923  	-7.875000 
151.000000	-1.366105 	0.295347  	-7.875000 
152.000000	-1.402660 	0.273770  	-7.875000 
153.000000	-1.352565 	0.253694  	-7.875000 
154.000000	-1.302470 	0.233618  	-7.875000 
155.000000	-1.252375 	0.214613  	-7.875000 
156.000000	-1.202280 	0.195608  	-7.875000 
157.000000	-1.152185 	0.177766  	-7.875000 
158.000000	-1.102090 	0.159924  	-7.875000 
159.000000	-1.051995 	0.143331  	-7.875000 
160.000000	-1.001900 	0.126738  	-7.875000 
161.000000	-0.951805 	0.111473  	-7.875000 
162.000000	-0.901710 	0.096209  	-7.875000 
163.000000	-0.851615 	0.082347  	-7.875000 
164.000000	-0.801520 	0.068485  	-7.875000 
165.000000	-0.751425 	0.056092  	-7.875000 
166.000000	-0.701330 	0.043700  	-7.875000 
167.000000	-0.651235 	0.032836  	-7.875000 
168.000000	-0.601140 	0.021972  	-7.875000 
169.000000	-0.551045 	0.012689  	-7.875000 
170.000000	-0.500950 	0.003406  	-7.875000 
171.000000	-0.450855 	0.002203  	-7.875000 
172.000000	-0.400760 	0.001000  	-7.875000 
173.000000	-0.350665 	0.001000  	-7.875000 
174.000000	-0.300570 	0.001000  	-7.875000 
175.000000	-0.250475 	0.001000  	-7.875000 
176.000000	-0.200380 	0.001000  	-7.875000 
177.000000	-0.150285 	0.001000  	-7.875000 
178.000000	-0.100190 	0.001000  	-7.875000 
179.000000	-0.050095 	0.001000  	-7.875000 
180.000000	0.000000  	0.001000  	-7.875000 
! ------------------------------------------------------------------------------
! data for table	10        
! ------------------------------------------------------------------------------
  1.100000  	Re           ! Reynolds number in millions
  0.000000  	UserProp     ! User property (control) setting
Flase           InclUAdata   ! Is unsteady aerodynamics data included in this table? If TRUE, then include UA coefficients below this line. Any missing coefficients will be calculated internally.
! Table of aerodynamics coefficients
  361       	NumAlf       ! Number of data lines in the following table
!Alpha      Cl          Cd          Cm/Cp
!(deg)      (-)         (-)         (-)
-180.000000	0.000000  	0.001000  	-8.148300 
-179.000000	0.048643  	0.001000  	-8.148300 
-178.000000	0.097286  	0.001000  	-8.148300 
-177.000000	0.145928  	0.001000  	-8.148300 
-176.000000	0.194571  	0.001000  	-8.148300 
-175.000000	0.243214  	0.001000  	-8.148300 
-174.000000	0.291857  	0.001000  	-8.148300 
-173.000000	0.340499  	0.001000  	-8.148300 
-172.000000	0.389142  	0.001000  	-8.148300 
-171.000000	0.437785  	0.001000  	-8.148300 
-170.000000	0.486428  	0.001000  	-8.148300 
-169.000000	0.535070  	0.005566  	-8.148300 
-168.000000	0.583713  	0.012669  	-8.148300 
-167.000000	0.632356  	0.022152  	-8.148300 
-166.000000	0.680999  	0.033420  	-8.148300 
-165.000000	0.729641  	0.045475  	-8.148300 
-164.000000	0.778284  	0.058319  	-8.148300 
-163.000000	0.826927  	0.071809  	-8.148300 
-162.000000	0.875570  	0.086161  	-8.148300 
-161.000000	0.924212  	0.101026  	-8.148300 
-160.000000	0.972855  	0.116814  	-8.148300 
-159.000000	1.021498  	0.132988  	-8.148300 
-158.000000	1.070141  	0.150130  	-8.148300 
-157.000000	1.118783  	0.167542  	-8.148300 
-156.000000	1.167426  	0.185949  	-8.148300 
-155.000000	1.216069  	0.204523  	-8.148300 
-154.000000	1.264712  	0.224101  	-8.148300 
-153.000000	1.313354  	0.243755  	-8.148300 
-152.000000	1.361997  	0.264402  	-8.148300 
-151.000000	1.410640  	0.285050  	-8.148300 
-150.000000	1.373835  	0.307129  	-8.148300 
-149.000000	1.337029  	0.329208  	-8.148300 
-148.000000	1.300224  	0.351288  	-8.148300 
-147.000000	1.263419  	0.373367  	-8.148300 
-146.000000	1.230966  	0.396425  	-8.148300 
-145.000000	1.200931  	0.420026  	-8.148300 
-144.000000	1.170896  	0.443627  	-8.148300 
-143.000000	1.140861  	0.467228  	-8.148300 
-142.000000	1.111976  	0.491111  	-8.148300 
-141.000000	1.085964  	0.515699  	-8.148300 
-140.000000	1.059952  	0.540286  	-8.148300 
-139.000000	1.033941  	0.564873  	-8.148300 
-138.000000	1.007929  	0.589460  	-8.148300 
-137.000000	0.984090  	0.614445  	-8.148300 
-136.000000	0.960418  	0.639461  	-8.148300 
-135.000000	0.936745  	0.664476  	-8.148300 
-134.000000	0.913073  	0.689491  	-8.148300 
-133.000000	0.890136  	0.714427  	-8.148300 
-132.000000	0.867752  	0.739304  	-8.148300 
-131.000000	0.845367  	0.764180  	-8.148300 
-130.000000	0.822982  	0.789057  	-8.148300 
-129.000000	0.800735  	0.813783  	-8.148300 
-128.000000	0.778992  	0.837957  	-8.148300 
-127.000000	0.757249  	0.862132  	-8.148300 
-126.000000	0.735506  	0.886306  	-8.148300 
-125.000000	0.713763  	0.910481  	-8.148300 
-124.000000	0.692254  	0.933586  	-8.148300 
-123.000000	0.670784  	0.956513  	-8.148300 
-122.000000	0.649314  	0.979440  	-8.148300 
-121.000000	0.627844  	1.002367  	-8.148300 
-120.000000	0.606426  	1.024411  	-8.148300 
-119.000000	0.585059  	1.045574  	-8.148300 
-118.000000	0.563693  	1.066736  	-8.148300 
-117.000000	0.542327  	1.087898  	-8.148300 
-116.000000	0.520973  	1.108741  	-8.148300 
-115.000000	0.499692  	1.127664  	-8.148300 
-114.000000	0.478410  	1.146587  	-8.148300 
-113.000000	0.457129  	1.165509  	-8.148300 
-112.000000	0.435847  	1.184432  	-8.148300 
-111.000000	0.414708  	1.201263  	-8.148300 
-110.000000	0.393608  	1.217523  	-8.148300 
-109.000000	0.372508  	1.233784  	-8.148300 
-108.000000	0.351407  	1.250044  	-8.148300 
-107.000000	0.330465  	1.265008  	-8.148300 
-106.000000	0.309733  	1.278245  	-8.148300 
-105.000000	0.289000  	1.291482  	-8.148300 
-104.000000	0.268268  	1.304718  	-8.148300 
-103.000000	0.247580  	1.317718  	-8.148300 
-102.000000	0.227474  	1.327640  	-8.148300 
-101.000000	0.207367  	1.337562  	-8.148300 
-100.000000	0.187260  	1.347484  	-8.148300 
-99.000000	0.167154  	1.357406  	-8.148300 
-98.000000	0.147717  	1.364807  	-8.148300 
-97.000000	0.128549  	1.371200  	-8.148300 
-96.000000	0.109380  	1.377594  	-8.148300 
-95.000000	0.090212  	1.383987  	-8.148300 
-94.000000	0.071505  	1.389072  	-8.148300 
-93.000000	0.053629  	1.391804  	-8.148300 
-92.000000	0.035752  	1.394536  	-8.148300 
-91.000000	0.017876  	1.397268  	-8.148300 
-90.000000	0.000000  	1.400000  	-8.148300 
-89.000000	-0.017876 	1.397268  	-8.148300 
-88.000000	-0.035752 	1.394536  	-8.148300 
-87.000000	-0.053629 	1.391804  	-8.148300 
-86.000000	-0.071505 	1.389072  	-8.148300 
-85.000000	-0.090212 	1.383987  	-8.148300 
-84.000000	-0.109380 	1.377594  	-8.148300 
-83.000000	-0.128549 	1.371200  	-8.148300 
-82.000000	-0.147717 	1.364807  	-8.148300 
-81.000000	-0.167154 	1.357406  	-8.148300 
-80.000000	-0.187260 	1.347484  	-8.148300 
-79.000000	-0.207367 	1.337562  	-8.148300 
-78.000000	-0.227474 	1.327640  	-8.148300 
-77.000000	-0.247580 	1.317718  	-8.148300 
-76.000000	-0.268268 	1.304718  	-8.148300 
-75.000000	-0.289000 	1.291482  	-8.148300 
-74.000000	-0.309733 	1.278245  	-8.148300 
-73.000000	-0.330465 	1.265008  	-8.148300 
-72.000000	-0.351407 	1.250044  	-8.148300 
-71.000000	-0.372508 	1.233784  	-8.148300 
-70.000000	-0.393608 	1.217523  	-8.148300 
-69.000000	-0.414708 	1.201263  	-8.148300 
-68.000000	-0.435847 	1.184432  	-8.148300 
-67.000000	-0.457129 	1.165509  	-8.148300 
-66.000000	-0.478410 	1.146587  	-8.148300 
-65.000000	-0.499692 	1.127664  	-8.148300 
-64.000000	-0.520973 	1.108741  	-8.148300 
-63.000000	-0.542327 	1.087898  	-8.148300 
-62.000000	-0.563693 	1.066736  	-8.148300 
-61.000000	-0.585059 	1.045574  	-8.148300 
-60.000000	-0.606426 	1.024411  	-8.148300 
-59.000000	-0.627844 	1.002367  	-8.148300 
-58.000000	-0.649314 	0.979440  	-8.148300 
-57.000000	-0.670784 	0.956513  	-8.148300 
-56.000000	-0.692254 	0.933586  	-8.148300 
-55.000000	-0.713763 	0.910481  	-8.148300 
-54.000000	-0.735506 	0.886306  	-8.148300 
-53.000000	-0.757249 	0.862132  	-8.148300 
-52.000000	-0.778992 	0.837957  	-8.148300 
-51.000000	-0.800735 	0.813783  	-8.148300 
-50.000000	-0.822982 	0.789057  	-8.148300 
-49.000000	-0.845367 	0.764180  	-8.148300 
-48.000000	-0.867752 	0.739304  	-8.148300 
-47.000000	-0.890136 	0.714427  	-8.148300 
-46.000000	-0.913073 	0.689491  	-8.148300 
-45.000000	-0.936745 	0.664476  	-8.148300 
-44.000000	-0.960418 	0.639461  	-8.148300 
-43.000000	-0.984090 	0.614445  	-8.148300 
-42.000000	-1.007929 	0.589460  	-8.148300 
-41.000000	-1.033941 	0.564873  	-8.148300 
-40.000000	-1.059952 	0.540286  	-8.148300 
-39.000000	-1.085964 	0.515699  	-8.148300 
-38.000000	-1.111976 	0.491111  	-8.148300 
-37.000000	-1.140861 	0.467228  	-8.148300 
-36.000000	-1.170896 	0.443627  	-8.148300 
-35.000000	-1.200931 	0.420026  	-8.148300 
-34.000000	-1.230966 	0.396425  	-8.148300 
-33.000000	-1.263419 	0.373367  	-8.148300 
-32.000000	-1.300224 	0.351288  	-8.148300 
-31.000000	-1.337029 	0.329208  	-8.148300 
-30.000000	-1.373835 	0.307129  	-8.148300 
-29.000000	-1.410640 	0.285050  	-8.148300 
-28.000000	-1.362148 	0.271117  	-8.148300 
-27.000000	-1.313657 	0.257185  	-8.148300 
-26.000000	-1.265165 	0.243252  	-8.148300 
-25.000000	-1.216674 	0.229319  	-8.148300 
-24.000000	-1.168182 	0.215387  	-8.148300 
-23.000000	-1.119691 	0.201454  	-8.148300 
-22.000000	-1.071199 	0.187522  	-8.148300 
-21.000000	-1.022707 	0.173589  	-8.148300 
-20.000000	-0.974216 	0.159656  	-8.148300 
-19.000000	-0.925724 	0.145724  	-8.148300 
-18.000000	-0.877233 	0.131791  	-8.148300 
-17.000000	-0.828741 	0.117858  	-8.148300 
-16.000000	-0.780249 	0.103926  	-8.148300 
-15.000000	-0.731758 	0.089993  	-8.148300 
-14.000000	-0.683266 	0.076061  	-8.148300 
-13.000000	-0.634775 	0.062128  	-8.148300 
-12.000000	-0.586283 	0.048195  	-6.491695 
-11.000000	-0.537792 	0.034263  	-4.172447 
-10.000000	-0.489300 	0.020330  	-1.853200 
-9.000000 	-0.348167 	0.020290  	-1.719667 
-8.000000 	-0.207033 	0.020250  	-1.586133 
-7.000000 	-0.065900 	0.020210  	-1.452600 
-6.000000 	0.073500  	0.020300  	-1.329200 
-5.000000 	0.210800  	0.020450  	-1.212400 
-4.000000 	0.348300  	0.020610  	-1.098800 
-3.000000 	0.484100  	0.020810  	-1.111800 
-2.000000 	0.618800  	0.021040  	-1.219100 
-1.000000 	0.752700  	0.021300  	-1.330500 
0.000000  	0.884600  	0.021600  	-1.445300 
1.000000  	1.015500  	0.021940  	-1.566000 
2.000000  	1.144700  	0.022350  	-1.694100 
3.000000  	1.271300  	0.022850  	-1.834300 
4.000000  	1.396800  	0.023390  	-1.994300 
5.000000  	1.520300  	0.024000  	-2.179400 
6.000000  	1.640800  	0.024760  	-2.393300 
7.000000  	1.757600  	0.025690  	-2.639800 
8.000000  	1.871900  	0.026720  	-2.928100 
9.000000  	1.977200  	0.028230  	-3.242900 
10.000000 	2.068500  	0.030520  	-3.582900 
11.000000 	2.121100  	0.034630  	-3.922000 
12.000000 	2.121400  	0.042250  	-4.179300 
13.000000 	2.117800  	0.052870  	-4.435900 
14.000000 	2.109000  	0.066190  	-4.673500 
15.000000 	2.085200  	0.082090  	-4.883800 
16.000000 	2.061700  	0.098350  	-5.083600 
17.000000 	2.040100  	0.114870  	-5.290800 
18.000000 	2.029300  	0.130170  	-5.522400 
19.000000 	2.018500  	0.145470  	-5.754000 
20.000000 	2.017500  	0.159660  	-6.018100 
21.000000 	2.017700  	0.173670  	-6.283700 
22.000000 	2.018000  	0.187670  	-6.544700 
23.000000 	2.020900  	0.201160  	-6.810600 
24.000000 	2.021100  	0.215160  	-7.076200 
25.000000 	2.019800  	0.229410  	-7.297300 
26.000000 	2.019400  	0.243380  	-7.535400 
27.000000 	2.020200  	0.257040  	-7.757300 
28.000000 	2.017400  	0.271210  	-7.965500 
29.000000 	2.015200  	0.285050  	-8.148300 
30.000000 	1.962621  	0.307129  	-8.148300 
31.000000 	1.910042  	0.329208  	-8.148300 
32.000000 	1.857463  	0.351288  	-8.148300 
33.000000 	1.804884  	0.373367  	-8.148300 
34.000000 	1.758523  	0.396425  	-8.148300 
35.000000 	1.715616  	0.420026  	-8.148300 
36.000000 	1.672709  	0.443627  	-8.148300 
37.000000 	1.629801  	0.467228  	-8.148300 
38.000000 	1.588537  	0.491111  	-8.148300 
39.000000 	1.551377  	0.515699  	-8.148300 
40.000000 	1.514218  	0.540286  	-8.148300 
41.000000 	1.477058  	0.564873  	-8.148300 
42.000000 	1.439899  	0.589460  	-8.148300 
43.000000 	1.405843  	0.614445  	-8.148300 
44.000000 	1.372025  	0.639461  	-8.148300 
45.000000 	1.338208  	0.664476  	-8.148300 
46.000000 	1.304390  	0.689491  	-8.148300 
47.000000 	1.271623  	0.714427  	-8.148300 
48.000000 	1.239645  	0.739304  	-8.148300 
49.000000 	1.207667  	0.764180  	-8.148300 
50.000000 	1.175689  	0.789057  	-8.148300 
51.000000 	1.143908  	0.813783  	-8.148300 
52.000000 	1.112846  	0.837957  	-8.148300 
53.000000 	1.081785  	0.862132  	-8.148300 
54.000000 	1.050723  	0.886306  	-8.148300 
55.000000 	1.019662  	0.910481  	-8.148300 
56.000000 	0.988934  	0.933586  	-8.148300 
57.000000 	0.958263  	0.956513  	-8.148300 
58.000000 	0.927591  	0.979440  	-8.148300 
59.000000 	0.896920  	1.002367  	-8.148300 
60.000000 	0.866322  	1.024411  	-8.148300 
61.000000 	0.835799  	1.045574  	-8.148300 
62.000000 	0.805276  	1.066736  	-8.148300 
63.000000 	0.774753  	1.087898  	-8.148300 
64.000000 	0.744247  	1.108741  	-8.148300 
65.000000 	0.713845  	1.127664  	-8.148300 
66.000000 	0.683443  	1.146587  	-8.148300 
67.000000 	0.653041  	1.165509  	-8.148300 
68.000000 	0.622639  	1.184432  	-8.148300 
69.000000 	0.592440  	1.201263  	-8.148300 
70.000000 	0.562297  	1.217523  	-8.148300 
71.000000 	0.532154  	1.233784  	-8.148300 
72.000000 	0.502011  	1.250044  	-8.148300 
73.000000 	0.472093  	1.265008  	-8.148300 
74.000000 	0.442475  	1.278245  	-8.148300 
75.000000 	0.412857  	1.291482  	-8.148300 
76.000000 	0.383240  	1.304718  	-8.148300 
77.000000 	0.353686  	1.317718  	-8.148300 
78.000000 	0.324962  	1.327640  	-8.148300 
79.000000 	0.296238  	1.337562  	-8.148300 
80.000000 	0.267515  	1.347484  	-8.148300 
81.000000 	0.238791  	1.357406  	-8.148300 
82.000000 	0.211024  	1.364807  	-8.148300 
83.000000 	0.183641  	1.371200  	-8.148300 
84.000000 	0.156257  	1.377594  	-8.148300 
85.000000 	0.128874  	1.383987  	-8.148300 
86.000000 	0.102150  	1.389072  	-8.148300 
87.000000 	0.076612  	1.391804  	-8.148300 
88.000000 	0.051075  	1.394536  	-8.148300 
89.000000 	0.025537  	1.397268  	-8.148300 
90.000000 	0.000000  	1.400000  	-8.148300 
91.000000 	-0.017876 	1.397268  	-8.148300 
92.000000 	-0.035752 	1.394536  	-8.148300 
93.000000 	-0.053629 	1.391804  	-8.148300 
94.000000 	-0.071505 	1.389072  	-8.148300 
95.000000 	-0.090212 	1.383987  	-8.148300 
96.000000 	-0.109380 	1.377594  	-8.148300 
97.000000 	-0.128549 	1.371200  	-8.148300 
98.000000 	-0.147717 	1.364807  	-8.148300 
99.000000 	-0.167154 	1.357406  	-8.148300 
100.000000	-0.187260 	1.347484  	-8.148300 
101.000000	-0.207367 	1.337562  	-8.148300 
102.000000	-0.227474 	1.327640  	-8.148300 
103.000000	-0.247580 	1.317718  	-8.148300 
104.000000	-0.268268 	1.304718  	-8.148300 
105.000000	-0.289000 	1.291482  	-8.148300 
106.000000	-0.309733 	1.278245  	-8.148300 
107.000000	-0.330465 	1.265008  	-8.148300 
108.000000	-0.351407 	1.250044  	-8.148300 
109.000000	-0.372508 	1.233784  	-8.148300 
110.000000	-0.393608 	1.217523  	-8.148300 
111.000000	-0.414708 	1.201263  	-8.148300 
112.000000	-0.435847 	1.184432  	-8.148300 
113.000000	-0.457129 	1.165509  	-8.148300 
114.000000	-0.478410 	1.146587  	-8.148300 
115.000000	-0.499692 	1.127664  	-8.148300 
116.000000	-0.520973 	1.108741  	-8.148300 
117.000000	-0.542327 	1.087898  	-8.148300 
118.000000	-0.563693 	1.066736  	-8.148300 
119.000000	-0.585059 	1.045574  	-8.148300 
120.000000	-0.606426 	1.024411  	-8.148300 
121.000000	-0.627844 	1.002367  	-8.148300 
122.000000	-0.649314 	0.979440  	-8.148300 
123.000000	-0.670784 	0.956513  	-8.148300 
124.000000	-0.692254 	0.933586  	-8.148300 
125.000000	-0.713763 	0.910481  	-8.148300 
126.000000	-0.735506 	0.886306  	-8.148300 
127.000000	-0.757249 	0.862132  	-8.148300 
128.000000	-0.778992 	0.837957  	-8.148300 
129.000000	-0.800735 	0.813783  	-8.148300 
130.000000	-0.822982 	0.789057  	-8.148300 
131.000000	-0.845367 	0.764180  	-8.148300 
132.000000	-0.867752 	0.739304  	-8.148300 
133.000000	-0.890136 	0.714427  	-8.148300 
134.000000	-0.913073 	0.689491  	-8.148300 
135.000000	-0.936745 	0.664476  	-8.148300 
136.000000	-0.960418 	0.639461  	-8.148300 
137.000000	-0.984090 	0.614445  	-8.148300 
138.000000	-1.007929 	0.589460  	-8.148300 
139.000000	-1.033941 	0.564873  	-8.148300 
140.000000	-1.059952 	0.540286  	-8.148300 
141.000000	-1.085964 	0.515699  	-8.148300 
142.000000	-1.111976 	0.491111  	-8.148300 
143.000000	-1.140861 	0.467228  	-8.148300 
144.000000	-1.170896 	0.443627  	-8.148300 
145.000000	-1.200931 	0.420026  	-8.148300 
146.000000	-1.230966 	0.396425  	-8.148300 
147.000000	-1.263419 	0.373367  	-8.148300 
148.000000	-1.300224 	0.351288  	-8.148300 
149.000000	-1.337029 	0.329208  	-8.148300 
150.000000	-1.373835 	0.307129  	-8.148300 
151.000000	-1.410640 	0.285050  	-8.148300 
152.000000	-1.361997 	0.264402  	-8.148300 
153.000000	-1.313354 	0.243755  	-8.148300 
154.000000	-1.264712 	0.224101  	-8.148300 
155.000000	-1.216069 	0.204523  	-8.148300 
156.000000	-1.167426 	0.185949  	-8.148300 
157.000000	-1.118783 	0.167542  	-8.148300 
158.000000	-1.070141 	0.150130  	-8.148300 
159.000000	-1.021498 	0.132988  	-8.148300 
160.000000	-0.972855 	0.116814  	-8.148300 
161.000000	-0.924212 	0.101026  	-8.148300 
162.000000	-0.875570 	0.086161  	-8.148300 
163.000000	-0.826927 	0.071809  	-8.148300 
164.000000	-0.778284 	0.058319  	-8.148300 
165.000000	-0.729641 	0.045475  	-8.148300 
166.000000	-0.680999 	0.033420  	-8.148300 
167.000000	-0.632356 	0.022152  	-8.148300 
168.000000	-0.583713 	0.012669  	-8.148300 
169.000000	-0.535070 	0.005566  	-8.148300 
170.000000	-0.486428 	0.001000  	-8.148300 
171.000000	-0.437785 	0.001000  	-8.148300 
172.000000	-0.389142 	0.001000  	-8.148300 
173.000000	-0.340499 	0.001000  	-8.148300 
174.000000	-0.291857 	0.001000  	-8.148300 
175.000000	-0.243214 	0.001000  	-8.148300 
176.000000	-0.194571 	0.001000  	-8.148300 
177.000000	-0.145928 	0.001000  	-8.148300 
178.000000	-0.097286 	0.001000  	-8.148300 
179.000000	-0.048643 	0.001000  	-8.148300 
180.000000	0.000000  	0.001000  	-8.148300 
! ------------------------------------------------------------------------------
! data for table	11        
! ------------------------------------------------------------------------------
  1.200000  	Re           ! Reynolds number in millions
  0.000000  	UserProp     ! User property (control) setting
Flase           InclUAdata   ! Is unsteady aerodynamics data included in this table? If TRUE, then include UA coefficients below this line. Any missing coefficients will be calculated internally.
! Table of aerodynamics coefficients
  361       	NumAlf       ! Number of data lines in the following table
!Alpha      Cl          Cd          Cm/Cp
!(deg)      (-)         (-)         (-)
-180.000000	0.000000  	0.001000  	-8.184400 
-179.000000	0.048756  	0.001000  	-8.184400 
-178.000000	0.097512  	0.001000  	-8.184400 
-177.000000	0.146269  	0.001000  	-8.184400 
-176.000000	0.195025  	0.001000  	-8.184400 
-175.000000	0.243781  	0.001000  	-8.184400 
-174.000000	0.292537  	0.001000  	-8.184400 
-173.000000	0.341293  	0.001000  	-8.184400 
-172.000000	0.390050  	0.001000  	-8.184400 
-171.000000	0.438806  	0.001000  	-8.184400 
-170.000000	0.487562  	0.001000  	-8.184400 
-169.000000	0.536318  	0.005306  	-8.184400 
-168.000000	0.585074  	0.012005  	-8.184400 
-167.000000	0.633831  	0.021316  	-8.184400 
-166.000000	0.682587  	0.032588  	-8.184400 
-165.000000	0.731343  	0.044647  	-8.184400 
-164.000000	0.780099  	0.057495  	-8.184400 
-163.000000	0.828856  	0.070989  	-8.184400 
-162.000000	0.877612  	0.085346  	-8.184400 
-161.000000	0.926368  	0.100216  	-8.184400 
-160.000000	0.975124  	0.116008  	-8.184400 
-159.000000	1.023880  	0.132188  	-8.184400 
-158.000000	1.072637  	0.149335  	-8.184400 
-157.000000	1.121393  	0.166753  	-8.184400 
-156.000000	1.170149  	0.185166  	-8.184400 
-155.000000	1.218905  	0.203746  	-8.184400 
-154.000000	1.267661  	0.223330  	-8.184400 
-153.000000	1.316418  	0.242991  	-8.184400 
-152.000000	1.365174  	0.263645  	-8.184400 
-151.000000	1.413930  	0.284300  	-8.184400 
-150.000000	1.376977  	0.306387  	-8.184400 
-149.000000	1.340024  	0.328474  	-8.184400 
-148.000000	1.303070  	0.350561  	-8.184400 
-147.000000	1.266117  	0.372648  	-8.184400 
-146.000000	1.233536  	0.395714  	-8.184400 
-145.000000	1.203383  	0.419324  	-8.184400 
-144.000000	1.173231  	0.442934  	-8.184400 
-143.000000	1.143078  	0.466544  	-8.184400 
-142.000000	1.114081  	0.490436  	-8.184400 
-141.000000	1.087974  	0.515033  	-8.184400 
-140.000000	1.061866  	0.539630  	-8.184400 
-139.000000	1.035758  	0.564226  	-8.184400 
-138.000000	1.009651  	0.588823  	-8.184400 
-137.000000	0.985731  	0.613818  	-8.184400 
-136.000000	0.961978  	0.638844  	-8.184400 
-135.000000	0.938226  	0.663870  	-8.184400 
-134.000000	0.914474  	0.688896  	-8.184400 
-133.000000	0.891465  	0.713843  	-8.184400 
-132.000000	0.869014  	0.738730  	-8.184400 
-131.000000	0.846562  	0.763618  	-8.184400 
-130.000000	0.824111  	0.788506  	-8.184400 
-129.000000	0.801799  	0.813243  	-8.184400 
-128.000000	0.779999  	0.837430  	-8.184400 
-127.000000	0.758200  	0.861616  	-8.184400 
-126.000000	0.736401  	0.885803  	-8.184400 
-125.000000	0.714601  	0.909989  	-8.184400 
-124.000000	0.693043  	0.933107  	-8.184400 
-123.000000	0.671526  	0.956046  	-8.184400 
-122.000000	0.650008  	0.978986  	-8.184400 
-121.000000	0.628491  	1.001925  	-8.184400 
-120.000000	0.607029  	1.023983  	-8.184400 
-119.000000	0.585624  	1.045158  	-8.184400 
-118.000000	0.564218  	1.066334  	-8.184400 
-117.000000	0.542812  	1.087509  	-8.184400 
-116.000000	0.521419  	1.108365  	-8.184400 
-115.000000	0.500105  	1.127302  	-8.184400 
-114.000000	0.478792  	1.146238  	-8.184400 
-113.000000	0.457478  	1.165175  	-8.184400 
-112.000000	0.436164  	1.184111  	-8.184400 
-111.000000	0.414997  	1.200956  	-8.184400 
-110.000000	0.393871  	1.217230  	-8.184400 
-109.000000	0.372745  	1.233505  	-8.184400 
-108.000000	0.351618  	1.249779  	-8.184400 
-107.000000	0.330652  	1.264758  	-8.184400 
-106.000000	0.309900  	1.278009  	-8.184400 
-105.000000	0.289148  	1.291260  	-8.184400 
-104.000000	0.268396  	1.304511  	-8.184400 
-103.000000	0.247689  	1.317525  	-8.184400 
-102.000000	0.227568  	1.327462  	-8.184400 
-101.000000	0.207447  	1.337398  	-8.184400 
-100.000000	0.187327  	1.347335  	-8.184400 
-99.000000	0.167206  	1.357272  	-8.184400 
-98.000000	0.147759  	1.364688  	-8.184400 
-97.000000	0.128583  	1.371096  	-8.184400 
-96.000000	0.109406  	1.377504  	-8.184400 
-95.000000	0.090229  	1.383912  	-8.184400 
-94.000000	0.071516  	1.389013  	-8.184400 
-93.000000	0.053637  	1.391759  	-8.184400 
-92.000000	0.035758  	1.394506  	-8.184400 
-91.000000	0.017879  	1.397253  	-8.184400 
-90.000000	0.000000  	1.400000  	-8.184400 
-89.000000	-0.017879 	1.397253  	-8.184400 
-88.000000	-0.035758 	1.394506  	-8.184400 
-87.000000	-0.053637 	1.391759  	-8.184400 
-86.000000	-0.071516 	1.389013  	-8.184400 
-85.000000	-0.090229 	1.383912  	-8.184400 
-84.000000	-0.109406 	1.377504  	-8.184400 
-83.000000	-0.128583 	1.371096  	-8.184400 
-82.000000	-0.147759 	1.364688  	-8.184400 
-81.000000	-0.167206 	1.357272  	-8.184400 
-80.000000	-0.187327 	1.347335  	-8.184400 
-79.000000	-0.207447 	1.337398  	-8.184400 
-78.000000	-0.227568 	1.327462  	-8.184400 
-77.000000	-0.247689 	1.317525  	-8.184400 
-76.000000	-0.268396 	1.304511  	-8.184400 
-75.000000	-0.289148 	1.291260  	-8.184400 
-74.000000	-0.309900 	1.278009  	-8.184400 
-73.000000	-0.330652 	1.264758  	-8.184400 
-72.000000	-0.351618 	1.249779  	-8.184400 
-71.000000	-0.372745 	1.233505  	-8.184400 
-70.000000	-0.393871 	1.217230  	-8.184400 
-69.000000	-0.414997 	1.200956  	-8.184400 
-68.000000	-0.436164 	1.184111  	-8.184400 
-67.000000	-0.457478 	1.165175  	-8.184400 
-66.000000	-0.478792 	1.146238  	-8.184400 
-65.000000	-0.500105 	1.127302  	-8.184400 
-64.000000	-0.521419 	1.108365  	-8.184400 
-63.000000	-0.542812 	1.087509  	-8.184400 
-62.000000	-0.564218 	1.066334  	-8.184400 
-61.000000	-0.585624 	1.045158  	-8.184400 
-60.000000	-0.607029 	1.023983  	-8.184400 
-59.000000	-0.628491 	1.001925  	-8.184400 
-58.000000	-0.650008 	0.978986  	-8.184400 
-57.000000	-0.671526 	0.956046  	-8.184400 
-56.000000	-0.693043 	0.933107  	-8.184400 
-55.000000	-0.714601 	0.909989  	-8.184400 
-54.000000	-0.736401 	0.885803  	-8.184400 
-53.000000	-0.758200 	0.861616  	-8.184400 
-52.000000	-0.779999 	0.837430  	-8.184400 
-51.000000	-0.801799 	0.813243  	-8.184400 
-50.000000	-0.824111 	0.788506  	-8.184400 
-49.000000	-0.846562 	0.763618  	-8.184400 
-48.000000	-0.869014 	0.738730  	-8.184400 
-47.000000	-0.891465 	0.713843  	-8.184400 
-46.000000	-0.914474 	0.688896  	-8.184400 
-45.000000	-0.938226 	0.663870  	-8.184400 
-44.000000	-0.961978 	0.638844  	-8.184400 
-43.000000	-0.985731 	0.613818  	-8.184400 
-42.000000	-1.009651 	0.588823  	-8.184400 
-41.000000	-1.035758 	0.564226  	-8.184400 
-40.000000	-1.061866 	0.539630  	-8.184400 
-39.000000	-1.087974 	0.515033  	-8.184400 
-38.000000	-1.114081 	0.490436  	-8.184400 
-37.000000	-1.143078 	0.466544  	-8.184400 
-36.000000	-1.173231 	0.442934  	-8.184400 
-35.000000	-1.203383 	0.419324  	-8.184400 
-34.000000	-1.233536 	0.395714  	-8.184400 
-33.000000	-1.266117 	0.372648  	-8.184400 
-32.000000	-1.303070 	0.350561  	-8.184400 
-31.000000	-1.340024 	0.328474  	-8.184400 
-30.000000	-1.376977 	0.306387  	-8.184400 
-29.000000	-1.413930 	0.284300  	-8.184400 
-28.000000	-1.365181 	0.270400  	-8.184400 
-27.000000	-1.316432 	0.256500  	-8.184400 
-26.000000	-1.267683 	0.242600  	-8.184400 
-25.000000	-1.218934 	0.228700  	-8.184400 
-24.000000	-1.170185 	0.214800  	-8.184400 
-23.000000	-1.121436 	0.200900  	-8.184400 
-22.000000	-1.072687 	0.187000  	-8.184400 
-21.000000	-1.023938 	0.173100  	-8.184400 
-20.000000	-0.975189 	0.159200  	-8.184400 
-19.000000	-0.926441 	0.145300  	-8.184400 
-18.000000	-0.877692 	0.131400  	-8.184400 
-17.000000	-0.828943 	0.117500  	-8.184400 
-16.000000	-0.780194 	0.103600  	-8.184400 
-15.000000	-0.731445 	0.089700  	-8.184400 
-14.000000	-0.682696 	0.075800  	-8.184400 
-13.000000	-0.633947 	0.061900  	-8.184400 
-12.000000	-0.585198 	0.048000  	-6.518321 
-11.000000	-0.536449 	0.034100  	-4.185811 
-10.000000	-0.487700 	0.020200  	-1.853300 
-9.000000 	-0.345100 	0.020070  	-1.714000 
-8.000000 	-0.202500 	0.020000  	-1.580300 
-7.000000 	-0.063600 	0.020090  	-1.451900 
-6.000000 	0.076500  	0.020170  	-1.328500 
-5.000000 	0.213500  	0.020320  	-1.211700 
-4.000000 	0.351200  	0.020480  	-1.098200 
-3.000000 	0.486450  	0.020695  	-1.159600 
-2.000000 	0.621700  	0.020910  	-1.221000 
-1.000000 	0.755400  	0.021170  	-1.332300 
0.000000  	0.887200  	0.021460  	-1.447200 
1.000000  	1.018300  	0.021800  	-1.568100 
2.000000  	1.147200  	0.022210  	-1.696100 
3.000000  	1.274500  	0.022650  	-1.836800 
4.000000  	1.400400  	0.023160  	-1.997300 
5.000000  	1.523700  	0.023790  	-2.182600 
6.000000  	1.643700  	0.024560  	-2.396300 
7.000000  	1.762000  	0.025400  	-2.644900 
8.000000  	1.875900  	0.026440  	-2.933600 
9.000000  	1.981700  	0.027930  	-3.249900 
10.000000 	2.072700  	0.030270  	-3.590800 
11.000000 	2.130300  	0.034180  	-3.939800 
12.000000 	2.128700  	0.041720  	-4.194000 
13.000000 	2.130600  	0.051670  	-4.463500 
14.000000 	2.119100  	0.065100  	-4.696800 
15.000000 	2.100000  	0.080430  	-4.920700 
16.000000 	2.071900  	0.097200  	-5.110700 
17.000000 	2.051200  	0.113540  	-5.322800 
18.000000 	2.040300  	0.128720  	-5.562400 
19.000000 	2.033300  	0.143490  	-5.803100 
20.000000 	2.029600  	0.158020  	-6.062400 
21.000000 	2.028200  	0.172250  	-6.324400 
22.000000 	2.028500  	0.186130  	-6.588500 
23.000000 	2.032000  	0.199470  	-6.860100 
24.000000 	2.031600  	0.213510  	-7.127500 
25.000000 	2.034000  	0.227000  	-7.370800 
26.000000 	2.029100  	0.241750  	-7.589800 
27.000000 	2.030200  	0.255310  	-7.818200 
28.000000 	2.027900  	0.269270  	-8.035500 
29.000000 	2.019900  	0.284300  	-8.184400 
30.000000 	1.967110  	0.306387  	-8.184400 
31.000000 	1.914319  	0.328474  	-8.184400 
32.000000 	1.861529  	0.350561  	-8.184400 
33.000000 	1.808739  	0.372648  	-8.184400 
34.000000 	1.762194  	0.395714  	-8.184400 
35.000000 	1.719119  	0.419324  	-8.184400 
36.000000 	1.676044  	0.442934  	-8.184400 
37.000000 	1.632969  	0.466544  	-8.184400 
38.000000 	1.591545  	0.490436  	-8.184400 
39.000000 	1.554248  	0.515033  	-8.184400 
40.000000 	1.516951  	0.539630  	-8.184400 
41.000000 	1.479655  	0.564226  	-8.184400 
42.000000 	1.442358  	0.588823  	-8.184400 
43.000000 	1.408186  	0.613818  	-8.184400 
44.000000 	1.374255  	0.638844  	-8.184400 
45.000000 	1.340323  	0.663870  	-8.184400 
46.000000 	1.306392  	0.688896  	-8.184400 
47.000000 	1.273522  	0.713843  	-8.184400 
48.000000 	1.241448  	0.738730  	-8.184400 
49.000000 	1.209375  	0.763618  	-8.184400 
50.000000 	1.177301  	0.788506  	-8.184400 
51.000000 	1.145427  	0.813243  	-8.184400 
52.000000 	1.114285  	0.837430  	-8.184400 
53.000000 	1.083143  	0.861616  	-8.184400 
54.000000 	1.052001  	0.885803  	-8.184400 
55.000000 	1.020859  	0.909989  	-8.184400 
56.000000 	0.990062  	0.933107  	-8.184400 
57.000000 	0.959323  	0.956046  	-8.184400 
58.000000 	0.928583  	0.978986  	-8.184400 
59.000000 	0.897844  	1.001925  	-8.184400 
60.000000 	0.867185  	1.023983  	-8.184400 
61.000000 	0.836605  	1.045158  	-8.184400 
62.000000 	0.806025  	1.066334  	-8.184400 
63.000000 	0.775446  	1.087509  	-8.184400 
64.000000 	0.744885  	1.108365  	-8.184400 
65.000000 	0.714436  	1.127302  	-8.184400 
66.000000 	0.683988  	1.146238  	-8.184400 
67.000000 	0.653539  	1.165175  	-8.184400 
68.000000 	0.623091  	1.184111  	-8.184400 
69.000000 	0.592853  	1.200956  	-8.184400 
70.000000 	0.562673  	1.217230  	-8.184400 
71.000000 	0.532492  	1.233505  	-8.184400 
72.000000 	0.502312  	1.249779  	-8.184400 
73.000000 	0.472361  	1.264758  	-8.184400 
74.000000 	0.442715  	1.278009  	-8.184400 
75.000000 	0.413069  	1.291260  	-8.184400 
76.000000 	0.383423  	1.304511  	-8.184400 
77.000000 	0.353841  	1.317525  	-8.184400 
78.000000 	0.325097  	1.327462  	-8.184400 
79.000000 	0.296353  	1.337398  	-8.184400 
80.000000 	0.267609  	1.347335  	-8.184400 
81.000000 	0.238866  	1.357272  	-8.184400 
82.000000 	0.211085  	1.364688  	-8.184400 
83.000000 	0.183690  	1.371096  	-8.184400 
84.000000 	0.156294  	1.377504  	-8.184400 
85.000000 	0.128899  	1.383912  	-8.184400 
86.000000 	0.102166  	1.389013  	-8.184400 
87.000000 	0.076624  	1.391759  	-8.184400 
88.000000 	0.051083  	1.394506  	-8.184400 
89.000000 	0.025541  	1.397253  	-8.184400 
90.000000 	0.000000  	1.400000  	-8.184400 
91.000000 	-0.017879 	1.397253  	-8.184400 
92.000000 	-0.035758 	1.394506  	-8.184400 
93.000000 	-0.053637 	1.391759  	-8.184400 
94.000000 	-0.071516 	1.389013  	-8.184400 
95.000000 	-0.090229 	1.383912  	-8.184400 
96.000000 	-0.109406 	1.377504  	-8.184400 
97.000000 	-0.128583 	1.371096  	-8.184400 
98.000000 	-0.147759 	1.364688  	-8.184400 
99.000000 	-0.167206 	1.357272  	-8.184400 
100.000000	-0.187327 	1.347335  	-8.184400 
101.000000	-0.207447 	1.337398  	-8.184400 
102.000000	-0.227568 	1.327462  	-8.184400 
103.000000	-0.247689 	1.317525  	-8.184400 
104.000000	-0.268396 	1.304511  	-8.184400 
105.000000	-0.289148 	1.291260  	-8.184400 
106.000000	-0.309900 	1.278009  	-8.184400 
107.000000	-0.330652 	1.264758  	-8.184400 
108.000000	-0.351618 	1.249779  	-8.184400 
109.000000	-0.372745 	1.233505  	-8.184400 
110.000000	-0.393871 	1.217230  	-8.184400 
111.000000	-0.414997 	1.200956  	-8.184400 
112.000000	-0.436164 	1.184111  	-8.184400 
113.000000	-0.457478 	1.165175  	-8.184400 
114.000000	-0.478792 	1.146238  	-8.184400 
115.000000	-0.500105 	1.127302  	-8.184400 
116.000000	-0.521419 	1.108365  	-8.184400 
117.000000	-0.542812 	1.087509  	-8.184400 
118.000000	-0.564218 	1.066334  	-8.184400 
119.000000	-0.585624 	1.045158  	-8.184400 
120.000000	-0.607029 	1.023983  	-8.184400 
121.000000	-0.628491 	1.001925  	-8.184400 
122.000000	-0.650008 	0.978986  	-8.184400 
123.000000	-0.671526 	0.956046  	-8.184400 
124.000000	-0.693043 	0.933107  	-8.184400 
125.000000	-0.714601 	0.909989  	-8.184400 
126.000000	-0.736401 	0.885803  	-8.184400 
127.000000	-0.758200 	0.861616  	-8.184400 
128.000000	-0.779999 	0.837430  	-8.184400 
129.000000	-0.801799 	0.813243  	-8.184400 
130.000000	-0.824111 	0.788506  	-8.184400 
131.000000	-0.846562 	0.763618  	-8.184400 
132.000000	-0.869014 	0.738730  	-8.184400 
133.000000	-0.891465 	0.713843  	-8.184400 
134.000000	-0.914474 	0.688896  	-8.184400 
135.000000	-0.938226 	0.663870  	-8.184400 
136.000000	-0.961978 	0.638844  	-8.184400 
137.000000	-0.985731 	0.613818  	-8.184400 
138.000000	-1.009651 	0.588823  	-8.184400 
139.000000	-1.035758 	0.564226  	-8.184400 
140.000000	-1.061866 	0.539630  	-8.184400 
141.000000	-1.087974 	0.515033  	-8.184400 
142.000000	-1.114081 	0.490436  	-8.184400 
143.000000	-1.143078 	0.466544  	-8.184400 
144.000000	-1.173231 	0.442934  	-8.184400 
145.000000	-1.203383 	0.419324  	-8.184400 
146.000000	-1.233536 	0.395714  	-8.184400 
147.000000	-1.266117 	0.372648  	-8.184400 
148.000000	-1.303070 	0.350561  	-8.184400 
149.000000	-1.340024 	0.328474  	-8.184400 
150.000000	-1.376977 	0.306387  	-8.184400 
151.000000	-1.413930 	0.284300  	-8.184400 
152.000000	-1.365174 	0.263645  	-8.184400 
153.000000	-1.316418 	0.242991  	-8.184400 
154.000000	-1.267661 	0.223330  	-8.184400 
155.000000	-1.218905 	0.203746  	-8.184400 
156.000000	-1.170149 	0.185166  	-8.184400 
157.000000	-1.121393 	0.166753  	-8.184400 
158.000000	-1.072637 	0.149335  	-8.184400 
159.000000	-1.023880 	0.132188  	-8.184400 
160.000000	-0.975124 	0.116008  	-8.184400 
161.000000	-0.926368 	0.100216  	-8.184400 
162.000000	-0.877612 	0.085346  	-8.184400 
163.000000	-0.828856 	0.070989  	-8.184400 
164.000000	-0.780099 	0.057495  	-8.184400 
165.000000	-0.731343 	0.044647  	-8.184400 
166.000000	-0.682587 	0.032588  	-8.184400 
167.000000	-0.633831 	0.021316  	-8.184400 
168.000000	-0.585074 	0.012005  	-8.184400 
169.000000	-0.536318 	0.005306  	-8.184400 
170.000000	-0.487562 	0.001000  	-8.184400 
171.000000	-0.438806 	0.001000  	-8.184400 
172.000000	-0.390050 	0.001000  	-8.184400 
173.000000	-0.341293 	0.001000  	-8.184400 
174.000000	-0.292537 	0.001000  	-8.184400 
175.000000	-0.243781 	0.001000  	-8.184400 
176.000000	-0.195025 	0.001000  	-8.184400 
177.000000	-0.146269 	0.001000  	-8.184400 
178.000000	-0.097512 	0.001000  	-8.184400 
179.000000	-0.048756 	0.001000  	-8.184400 
180.000000	0.000000  	0.001000  	-8.184400 
